time,in_time,out_time,inference_time
1785289805.730768,0.0,0.0,0.004848384065553546
1785289805.7364144,0.0,0.0,0.005427455995231867
1785289805.7428682,0.0,0.0,0.006189279956743121
1785289805.7481241,0.0,0.0,0.004986688029021025
1785289805.7531312,0.0,0.0,0.004782272037118673
1785289805.7581725,0.0,0.0,0.004825311945751309
1785289805.7631557,0.0,0.0,0.004764159908518195
1785289805.7681558,0.0,0.0,0.004780991934239864
1785289805.7730734,0.0,0.0,0.004708543885499239
1785289805.7782712,0.0,0.0,0.004979071905836463
1785289805.783286,0.0,0.0,0.0047944639809429646
1785289805.7882965,0.0,0.0,0.00479337596334517
1785289805.7943969,0.0,0.0,0.0058830720372498035
1785289805.800367,0.0,0.0,0.005718559958040714
1785289805.8051894,0.0,0.0,0.004590304102748632
1785289805.8100588,0.0,0.0,0.004654943943023682
1785289805.814892,0.0,0.0,0.0046219839714467525
1785289805.819881,0.0,0.0,0.0047612800262868404
1785289805.8248484,0.0,0.0,0.0047529281582683325
1785289805.8296986,0.0,0.0,0.00462985597550869
1785289805.83449,0.0,0.0,0.004571232013404369
1785289805.8393054,0.0,0.0,0.004600063897669315
1785289805.8442054,0.0,0.0,0.004686943953856826
1785289805.8500142,0.0,0.0,0.0055947520304471254
1785289805.8558009,0.0,0.0,0.0048494720831513405
1785289805.8607502,0.0,0.0,0.004728096071630716
1785289805.8657064,0.0,0.0,0.004743328085169196
1785289805.870652,0.0,0.0,0.004735775990411639
1785289805.8756897,0.0,0.0,0.004821535898372531
1785289805.880574,0.0,0.0,0.004668127978220582
1785289805.8855257,0.0,0.0,0.004739072173833847
1785289805.890534,0.0,0.0,0.004802943905815482
1785289805.8955932,0.0,0.0,0.004846304189413786
1785289805.9009066,0.0,0.0,0.005097696091979742
1785289805.9073563,0.0,0.0,0.006196639966219664
1785289805.9123666,0.0,0.0,0.0047785600181669
1785289805.9173973,0.0,0.0,0.0048124161548912525
1785289805.9222374,0.0,0.0,0.004624192137271166
1785289805.9271455,0.0,0.0,0.004694208037108183
1785289805.9320757,0.0,0.0,0.0047136638313531876
1785289805.9369862,0.0,0.0,0.004694656003266573
1785289805.9419644,0.0,0.0,0.004732576198875904
1785289805.9469132,0.0,0.0,0.004710207926109433
1785289805.951912,0.0,0.0,0.0047594241332262754
1785289805.9574416,0.0,0.0,0.0053121920209378
1785289805.9639351,0.0,0.0,0.006226335885003209
1785289805.9690373,0.0,0.0,0.004864095943048596
1785289805.973945,0.0,0.0,0.004692352144047618
1785289805.9787977,0.0,0.0,0.004638751968741417
1785289805.983802,0.0,0.0,0.00479398388415575
1785289805.9886787,0.0,0.0,0.004661599872633815
1785289805.9936824,0.0,0.0,0.0047959680669009686
1785289805.9987605,0.0,0.0,0.004866240080446005
1785289806.0037484,0.0,0.0,0.004774527857080102
1785289806.0087287,0.0,0.0,0.004768543876707554
1785289806.0144167,0.0,0.0,0.005474240053445101
1785289806.020376,0.0,0.0,0.005692351842299104
1785289806.0255756,0.0,0.0,0.004966304171830416
1785289806.030675,0.0,0.0,0.0048785279504954815
1785289806.0358367,0.0,0.0,0.004948959918692708
1785289806.0407898,0.0,0.0,0.00473551987670362
1785289806.0459208,0.0,0.0,0.004916768055409193
1785289806.05086,0.0,0.0,0.004730432061478496
1785289806.0558186,0.0,0.0,0.004745343932881951
1785289806.0607748,0.0,0.0,0.004742559976875782
1785289806.0657556,0.0,0.0,0.0047674879897385836
1785289806.0722437,0.0,0.0,0.006276416126638651
1785289806.0773315,0.0,0.0,0.0048460159450769424
1785289806.0822961,0.0,0.0,0.004744448000565171
1785289806.0874898,0.0,0.0,0.004983807913959026
1785289806.092381,0.0,0.0,0.004681919934228063
1785289806.097417,0.0,0.0,0.004824192030355334
1785289806.1024184,0.0,0.0,0.004788607824593782
1785289806.1073186,0.0,0.0,0.00468640006147325
1785289806.1124468,0.0,0.0,0.004913311917334795
1785289806.1174269,0.0,0.0,0.004763839999213815
1785289806.1227617,0.0,0.0,0.0051223358605057
1785289806.1291587,0.0,0.0,0.006136415991932154
1785289806.134347,0.0,0.0,0.004950911970809102
1785289806.1393878,0.0,0.0,0.004818111890926957
1785289806.1445513,0.0,0.0,0.004945599939674139
1785289806.1494212,0.0,0.0,0.004652640083804727
1785289806.1545558,0.0,0.0,0.004925600020214915
1785289806.159666,0.0,0.0,0.004896479891613126
1785289806.1650624,0.0,0.0,0.005079359980300069
1785289806.1700797,0.0,0.0,0.004804991884157062
1785289806.1753058,0.0,0.0,0.005007935920730233
1785289806.1810765,0.0,0.0,0.0055595519952476025
1785289806.1870034,0.0,0.0,0.005653952015563846
1785289806.1921556,0.0,0.0,0.004894112003967166
1785289806.1971,0.0,0.0,0.004727327963337302
1785289806.2020864,0.0,0.0,0.0047768959775567055
1785289806.207069,0.0,0.0,0.004769055871292949
1785289806.2120273,0.0,0.0,0.004729311913251877
1785289806.2169168,0.0,0.0,0.004676576005294919
1785289806.2219121,0.0,0.0,0.004780224058777094
1785289806.2268214,0.0,0.0,0.004702880047261715
1785289806.2317212,0.0,0.0,0.0046913279220461845
1785289806.238237,0.0,0.0,0.006304256152361631
1785289806.2432404,0.0,0.0,0.004757823888212442
1785289806.2481558,0.0,0.0,0.004693151917308569
1785289806.253109,0.0,0.0,0.004736640024930239
1785289806.2581694,0.0,0.0,0.004846816183999181
1785289806.2632668,0.0,0.0,0.004888959927484393
1785289806.2681503,0.0,0.0,0.004668256035074592
1785289806.2731462,0.0,0.0,0.004786528181284666
1785289806.278138,0.0,0.0,0.004782752133905888
1785289806.2830167,0.0,0.0,0.004671775968745351
1785289806.2881415,0.0,0.0,0.0048903359565883875
1785289806.294426,0.0,0.0,0.006062079919502139
1785289806.2994893,0.0,0.0,0.004826399963349104
1785289806.3045237,0.0,0.0,0.004814912099391222
1785289806.3093908,0.0,0.0,0.0046470079105347395
1785289806.3143106,0.0,0.0,0.004708352033048868
1785289806.3192568,0.0,0.0,0.004734656075015664
1785289806.3241372,0.0,0.0,0.004672735929489136
1785289806.3291824,0.0,0.0,0.004825247917324305
1785289806.3340435,0.0,0.0,0.00464716786518693
1785289806.3389559,0.0,0.0,0.004690015921369195
1785289806.344387,0.0,0.0,0.0052018240094184875
1785289806.3507788,0.0,0.0,0.006164864171296358
1785289806.356019,0.0,0.0,0.0050057279877364635
1785289806.361005,0.0,0.0,0.004755648085847497
1785289806.3659523,0.0,0.0,0.004730175947770476
1785289806.3709664,0.0,0.0,0.0047978239599615335
1785289806.375986,0.0,0.0,0.004786367993801832
1785289806.380863,0.0,0.0,0.004662720020860434
1785289806.3858511,0.0,0.0,0.004779424052685499
1785289806.3909113,0.0,0.0,0.004850688157603145
1785289806.3959596,0.0,0.0,0.004818175919353962
1785289806.401408,0.0,0.0,0.005232831928879023
1785289806.407431,0.0,0.0,0.005761248059570789
1785289806.4124224,0.0,0.0,0.0047496960032731295
1785289806.417425,0.0,0.0,0.004783967975527048
1785289806.4223106,0.0,0.0,0.004676320124417543
1785289806.427283,0.0,0.0,0.0047600960824638605
1785289806.43228,0.0,0.0,0.0047735359985381365
1785289806.4373372,0.0,0.0,0.004845632007345557
1785289806.4422657,0.0,0.0,0.004694400122389197
1785289806.447118,0.0,0.0,0.004658911842852831
1785289806.452033,0.0,0.0,0.004702880047261715
1785289806.4578724,0.0,0.0,0.005623455857858062
1785289806.46368,0.0,0.0,0.005538047989830375
1785289806.4687772,0.0,0.0,0.004868287825956941
1785289806.4737136,0.0,0.0,0.004715519957244396
1785289806.4786384,0.0,0.0,0.0047133120242506266
1785289806.4837039,0.0,0.0,0.004852383863180876
1785289806.4886584,0.0,0.0,0.00474659213796258
1785289806.4937208,0.0,0.0,0.0048481919802725315
1785289806.498681,0.0,0.0,0.00474736001342535
1785289806.503645,0.0,0.0,0.004748640116304159
1785289806.5087073,0.0,0.0,0.004851168021559715
1785289806.5154366,0.0,0.0,0.006515040062367916
1785289806.520461,0.0,0.0,0.0047838399186730385
1785289806.5253322,0.0,0.0,0.004654431948438287
1785289806.5302398,0.0,0.0,0.004694144008681178
1785289806.5351946,0.0,0.0,0.004744864068925381
1785289806.5401478,0.0,0.0,0.00474528013728559
1785289806.5450916,0.0,0.0,0.004734687972813845
1785289806.550058,0.0,0.0,0.0047560641542077065
1785289806.5551176,0.0,0.0,0.004850687924772501
1785289806.55993,0.0,0.0,0.004599263891577721
1785289806.565289,0.0,0.0,0.005147840129211545
1785289806.571477,0.0,0.0,0.005934016080573201
1785289806.576394,0.0,0.0,0.004679968114942312
1785289806.5812113,0.0,0.0,0.0045998720452189445
1785289806.586039,0.0,0.0,0.004615455865859985
1785289806.590944,0.0,0.0,0.004693760070949793
1785289806.5958974,0.0,0.0,0.0047248960472643375
1785289806.6007917,0.0,0.0,0.004684960003942251
1785289806.6057918,0.0,0.0,0.004789087921380997
1785289806.6108103,0.0,0.0,0.004808095982298255
1785289806.6157825,0.0,0.0,0.004760991781949997
1785289806.6211298,0.0,0.0,0.005139904096722603
1785289806.6273162,0.0,0.0,0.005964735988527536
1785289806.6323946,0.0,0.0,0.004844767972826958
1785289806.6374364,0.0,0.0,0.004820127971470356
1785289806.6424446,0.0,0.0,0.004794783890247345
1785289806.6473243,0.0,0.0,0.004671360133215785
1785289806.652228,0.0,0.0,0.004685087827965617
1785289806.6572523,0.0,0.0,0.004814176121726632
1785289806.6621768,0.0,0.0,0.004708703840151429
1785289806.6671524,0.0,0.0,0.00476511986926198
1785289806.6721132,0.0,0.0,0.004749311832711101
1785289806.6775086,0.0,0.0,0.005185791989788413
1785289806.683518,0.0,0.0,0.005751008167862892
1785289806.6884122,0.0,0.0,0.004655487835407257
1785289806.6932693,0.0,0.0,0.004639296093955636
1785289806.6981685,0.0,0.0,0.004689216148108244
1785289806.703205,0.0,0.0,0.004828320117667317
1785289806.7081645,0.0,0.0,0.004723199876025319
1785289806.7129962,0.0,0.0,0.004644608125090599
1785289806.7179518,0.0,0.0,0.004743968136608601
1785289806.7228217,0.0,0.0,0.004663039930164814
1785289806.7277517,0.0,0.0,0.004714591894298792
1785289806.7334135,0.0,0.0,0.005442271940410137
1785289806.7395132,0.0,0.0,0.005841056117787957
1785289806.7446125,0.0,0.0,0.004864480113610625
1785289806.749707,0.0,0.0,0.0048738878685981035
1785289806.7548203,0.0,0.0,0.004896447993814945
1785289806.759748,0.0,0.0,0.004710495937615633
1785289806.7646964,0.0,0.0,0.004734816029667854
1785289806.7697604,0.0,0.0,0.004853792022913694
1785289806.774826,0.0,0.0,0.004852672107517719
1785289806.7798638,0.0,0.0,0.004825280047953129
1785289806.784895,0.0,0.0,0.00482089607976377
1785289806.7914732,0.0,0.0,0.0063665921334177256
1785289806.7965615,0.0,0.0,0.004847359843552113
1785289806.8014667,0.0,0.0,0.004690624075010419
1785289806.8064451,0.0,0.0,0.004761792020872235
1785289806.811389,0.0,0.0,0.004732287954539061
1785289806.8165407,0.0,0.0,0.004940287908539176
1785289806.8214595,0.0,0.0,0.004705983912572265
1785289806.8263035,0.0,0.0,0.004634911892935634
1785289806.83136,0.0,0.0,0.004843583796173334
1785289806.8362012,0.0,0.0,0.004630943993106484
1785289806.8410027,0.0,0.0,0.004595104139298201
1785289806.847834,0.0,0.0,0.006326495902612805
1785289806.853,0.0,0.0,0.004925183951854706
1785289806.8580337,0.0,0.0,0.004812031984329224
1785289806.8629327,0.0,0.0,0.004684864077717066
1785289806.8680043,0.0,0.0,0.004840255947783589
1785289806.8729236,0.0,0.0,0.0046900799497962
1785289806.8779893,0.0,0.0,0.004869983997195959
1785289806.8828893,0.0,0.0,0.004688672022894025
1785289806.8880687,0.0,0.0,0.004945759894326329
1785289806.8930888,0.0,0.0,0.00480892788618803
1785289806.8987658,0.0,0.0,0.005462207831442356
1785289806.905003,0.0,0.0,0.005976928165182471
1785289806.9100094,0.0,0.0,0.004765984136611223
1785289806.914903,0.0,0.0,0.004666751949116588
1785289806.920095,0.0,0.0,0.004956831922754645
1785289806.9252095,0.0,0.0,0.0048987839836627245
1785289806.930163,0.0,0.0,0.004735583905130625
1785289806.9350505,0.0,0.0,0.004678656114265323
1785289806.940024,0.0,0.0,0.00473446398973465
1785289806.944939,0.0,0.0,0.00470323208719492
1785289806.949929,0.0,0.0,0.004771455889567733
1785289806.9558403,0.0,0.0,0.005696095991879702
1785289806.9617674,0.0,0.0,0.0056664959993213415
1785289806.9667592,0.0,0.0,0.004739583935588598
1785289806.9719572,0.0,0.0,0.0049676799681037664
1785289806.9768999,0.0,0.0,0.0047243519220501184
1785289806.9818623,0.0,0.0,0.00474691204726696
1785289806.9869378,0.0,0.0,0.004862528061494231
1785289806.991957,0.0,0.0,0.004782496020197868
1785289806.996906,0.0,0.0,0.004732511937618256
1785289807.0018554,0.0,0.0,0.004738720133900642
1785289807.0068731,0.0,0.0,0.004800448194146156
1785289807.0135162,0.0,0.0,0.006234592059627175
1785289807.0186062,0.0,0.0,0.004848480224609375
1785289807.0236795,0.0,0.0,0.004855616018176079
1785289807.0287647,0.0,0.0,0.0048686719965189695
1785289807.0337517,0.0,0.0,0.0047734081745147705
1785289807.0385737,0.0,0.0,0.004610080039128661
1785289807.0435472,0.0,0.0,0.0047616001684218645
1785289807.0485942,0.0,0.0,0.004834047984331846
1785289807.0534787,0.0,0.0,0.004672287963330746
1785289807.0583909,0.0,0.0,0.004701823927462101
1785289807.0638685,0.0,0.0,0.005268191918730736
1785289807.070214,0.0,0.0,0.006095200078561902
1785289807.075283,0.0,0.0,0.004832192091271281
1785289807.0802114,0.0,0.0,0.0047121921088546515
1785289807.0850635,0.0,0.0,0.004640159895643592
1785289807.0899863,0.0,0.0,0.004711551824584603
1785289807.094919,0.0,0.0,0.004724544007331133
1785289807.1001637,0.0,0.0,0.005018176045268774
1785289807.1052163,0.0,0.0,0.004836319945752621
1785289807.1101983,0.0,0.0,0.0047715839464217424
1785289807.1152422,0.0,0.0,0.004821600159630179
1785289807.1207817,0.0,0.0,0.005321727832779288
1785289807.1270726,0.0,0.0,0.006031231954693794
1785289807.131992,0.0,0.0,0.004661855986341834
1785289807.1369355,0.0,0.0,0.004726944025605917
1785289807.1419487,0.0,0.0,0.004798655863851309
1785289807.1469586,0.0,0.0,0.004795487970113754
1785289807.1520057,0.0,0.0,0.004813343985006213
1785289807.1568227,0.0,0.0,0.0046064641792327166
1785289807.1617723,0.0,0.0,0.004739456111565232
1785289807.1667325,0.0,0.0,0.004749664105474949
1785289807.1717844,0.0,0.0,0.004842176102101803
1785289807.17783,0.0,0.0,0.005832447903230786
1785289807.1836646,0.0,0.0,0.0049534079153090715
1785289807.1884959,0.0,0.0,0.004603520035743713
1785289807.19342,0.0,0.0,0.004706080071628094
1785289807.1985977,0.0,0.0,0.004964384017512202
1785289807.2035813,0.0,0.0,0.004769567865878344
1785289807.2085316,0.0,0.0,0.004739040043205023
1785289807.2134902,0.0,0.0,0.004744640085846186
1785289807.2183871,0.0,0.0,0.004688640125095844
1785289807.2233024,0.0,0.0,0.004700831836089492
1785289807.228378,0.0,0.0,0.004862751811742783
1785289807.2348998,0.0,0.0,0.0060752639546990395
1785289807.2399943,0.0,0.0,0.004837983986362815
1785289807.2449834,0.0,0.0,0.0047701760195195675
1785289807.2499995,0.0,0.0,0.004801120143383741
1785289807.254962,0.0,0.0,0.004746751859784126
1785289807.2599437,0.0,0.0,0.004753215936943889
1785289807.2648807,0.0,0.0,0.004726048093289137
1785289807.2698228,0.0,0.0,0.004729920066893101
1785289807.2747097,0.0,0.0,0.004674911964684725
1785289807.2796814,0.0,0.0,0.004762080032378435
1785289807.2850192,0.0,0.0,0.005126112140715122
1785289807.2912998,0.0,0.0,0.00605590408667922
1785289807.29628,0.0,0.0,0.004739776020869613
1785289807.3013232,0.0,0.0,0.004825056064873934
1785289807.3062527,0.0,0.0,0.004717119969427586
1785289807.3112419,0.0,0.0,0.0047792959958314896
1785289807.3162422,0.0,0.0,0.004783104173839092
1785289807.321219,0.0,0.0,0.004761664196848869
1785289807.326126,0.0,0.0,0.004695103969424963
1785289807.3311963,0.0,0.0,0.004859295906499028
1785289807.3361537,0.0,0.0,0.0047328961081802845
1785289807.3416238,0.0,0.0,0.005255135940387845
1785289807.347881,0.0,0.0,0.005993983941152692
1785289807.3529024,0.0,0.0,0.00478153582662344
1785289807.3580477,0.0,0.0,0.004911232041195035
1785289807.3629491,0.0,0.0,0.004680799786001444
1785289807.3678455,0.0,0.0,0.004660415928810835
1785289807.3728046,0.0,0.0,0.004748767940327525
1785289807.3776608,0.0,0.0,0.004651007940992713
1785289807.3824952,0.0,0.0,0.004624191904440522
1785289807.387323,0.0,0.0,0.004618688020855188
1785289807.3922336,0.0,0.0,0.004695807816460729
1785289807.397899,0.0,0.0,0.005459103966131806
1785289807.403909,0.0,0.0,0.00574515201151371
1785289807.4089088,0.0,0.0,0.00476495991460979
1785289807.4138842,0.0,0.0,0.004759199917316437
1785289807.418894,0.0,0.0,0.004795616026967764
1785289807.424087,0.0,0.0,0.004961279919371009
1785289807.4291523,0.0,0.0,0.00485228793695569
1785289807.4341826,0.0,0.0,0.004823712166398764
1785289807.4393063,0.0,0.0,0.004913280019536614
1785289807.4442677,0.0,0.0,0.00474911998026073
1785289807.4491916,0.0,0.0,0.004710752051323652
1785289807.4558392,0.0,0.0,0.006434879964217544
1785289807.4609182,0.0,0.0,0.00483747199177742
1785289807.466034,0.0,0.0,0.004892480093985796
1785289807.4710903,0.0,0.0,0.004839455941691995
1785289807.47623,0.0,0.0,0.004895807942375541
1785289807.4811413,0.0,0.0,0.004699968034401536
1785289807.4863474,0.0,0.0,0.004994527902454138
1785289807.4914556,0.0,0.0,0.004876800114288926
1785289807.4964025,0.0,0.0,0.004753087880089879
1785289807.5013826,0.0,0.0,0.004765056073665619
1785289807.5068421,0.0,0.0,0.0052456960547715425
1785289807.5131009,0.0,0.0,0.0059840320609509945
1785289807.5180233,0.0,0.0,0.0046915519051253796
1785289807.5229614,0.0,0.0,0.004722624085843563
1785289807.5279155,0.0,0.0,0.004713280126452446
1785289807.5328963,0.0,0.0,0.004766560159623623
1785289807.537965,0.0,0.0,0.004853535909205675
1785289807.542934,0.0,0.0,0.004758528200909495
1785289807.547838,0.0,0.0,0.004677856108173728
1785289807.5526276,0.0,0.0,0.0045772159937769175
1785289807.557552,0.0,0.0,0.00471776002086699
1785289807.5631282,0.0,0.0,0.005368384066969156
1785289807.5692134,0.0,0.0,0.005825760075822473
1785289807.5742443,0.0,0.0,0.004790399922057986
1785289807.5791225,0.0,0.0,0.004663647850975394
1785289807.5839977,0.0,0.0,0.004659648053348064
1785289807.5889895,0.0,0.0,0.004785439930856228
1785289807.593862,0.0,0.0,0.004664159845560789
1785289807.5987246,0.0,0.0,0.0046516479924321175
1785289807.6037383,0.0,0.0,0.004804959986358881
1785289807.6087267,0.0,0.0,0.004781919997185469
1785289807.6137776,0.0,0.0,0.004841663874685764
1785289807.619794,0.0,0.0,0.005802207859233022
1785289807.6257148,0.0,0.0,0.005658559966832399
1785289807.6307044,0.0,0.0,0.0047589438036084175
1785289807.635626,0.0,0.0,0.0047115839552134275
1785289807.6405642,0.0,0.0,0.004724608035758138
1785289807.6456351,0.0,0.0,0.004860543878749013
1785289807.650639,0.0,0.0,0.00479439995251596
1785289807.6555817,0.0,0.0,0.004728384083136916
1785289807.6605754,0.0,0.0,0.004780415911227465
1785289807.6653633,0.0,0.0,0.0045830721501261
1785289807.670387,0.0,0.0,0.004814303945749998
1785289807.6771026,0.0,0.0,0.006499456008896232
1785289807.6821382,0.0,0.0,0.004794751992449164
1785289807.6871352,0.0,0.0,0.004778207978233695
1785289807.6921005,0.0,0.0,0.00474704010412097
1785289807.6970425,0.0,0.0,0.004728544037789106
1785289807.7021902,0.0,0.0,0.004933951888233423
1785289807.7072105,0.0,0.0,0.00480771204456687
1785289807.712225,0.0,0.0,0.004802847979590297
1785289807.7172642,0.0,0.0,0.004823456052690744
1785289807.72209,0.0,0.0,0.00461404793895781
1785289807.7274745,0.0,0.0,0.0051709439139813185
1785289807.733651,0.0,0.0,0.005914176115766168
1785289807.7386339,0.0,0.0,0.004728063941001892
1785289807.74348,0.0,0.0,0.004646399989724159
1785289807.7483068,0.0,0.0,0.004609311930835247
1785289807.7533703,0.0,0.0,0.0048501440323889256
1785289807.7583718,0.0,0.0,0.004789632046595216
1785289807.763371,0.0,0.0,0.004784928169101477
1785289807.7684045,0.0,0.0,0.004819903988391161
1785289807.7733936,0.0,0.0,0.004774304106831551
1785289807.7783911,0.0,0.0,0.004786815959960222
1785289807.7839355,0.0,0.0,0.005331039894372225
1785289807.7900023,0.0,0.0,0.005806623958051205
1785289807.7951941,0.0,0.0,0.00495555205270648
1785289807.800143,0.0,0.0,0.004725279984995723
1785289807.805052,0.0,0.0,0.004696607822552323
1785289807.8099585,0.0,0.0,0.004692448070272803
1785289807.8148885,0.0,0.0,0.004712607944384217
1785289807.8197248,0.0,0.0,0.0046095040161162615
1785289807.82452,0.0,0.0,0.004583871923387051
1785289807.8293884,0.0,0.0,0.004655199823901057
1785289807.8342452,0.0,0.0,0.004637184087187052
1785289807.8397121,0.0,0.0,0.005255456082522869
1785289807.8457046,0.0,0.0,0.005723936017602682
1785289807.8506632,0.0,0.0,0.0047209919430315495
1785289807.8557777,0.0,0.0,0.004893056116998196
1785289807.8607872,0.0,0.0,0.004788351943716407
1785289807.8656912,0.0,0.0,0.004691231995820999
1785289807.8706505,0.0,0.0,0.004747583996504545
1785289807.8755364,0.0,0.0,0.004684064071625471
1785289807.8804152,0.0,0.0,0.004662560066208243
1785289807.8852894,0.0,0.0,0.0046668159775435925
1785289807.8902624,0.0,0.0,0.004765728022903204
1785289807.896073,0.0,0.0,0.005599776050075889
1785289807.9019718,0.0,0.0,0.005631007952615619
1785289807.9069552,0.0,0.0,0.0047465600073337555
1785289807.91193,0.0,0.0,0.004739711992442608
1785289807.9169168,0.0,0.0,0.004777055932208896
1785289807.921898,0.0,0.0,0.004767135949805379
1785289807.9268372,0.0,0.0,0.004726015962660313
1785289807.93182,0.0,0.0,0.004767584148794413
1785289807.9367127,0.0,0.0,0.0046812479849904776
1785289807.9415598,0.0,0.0,0.004635935882106423
1785289807.9465942,0.0,0.0,0.004832256119698286
1785289807.9525216,0.0,0.0,0.005713984137400985
1785289807.9581811,0.0,0.0,0.004773344146087766
1785289807.963177,0.0,0.0,0.004777823807671666
1785289807.9681375,0.0,0.0,0.004741343902423978
1785289807.9730504,0.0,0.0,0.00470179202966392
1785289807.9781432,0.0,0.0,0.0048838399816304445
1785289807.9829874,0.0,0.0,0.004632863914594054
1785289807.9881544,0.0,0.0,0.004924607928842306
1785289807.9930954,0.0,0.0,0.004696640186011791
1785289807.9980447,0.0,0.0,0.004733216017484665
1785289808.003132,0.0,0.0,0.004875199869275093
1785289808.0098712,0.0,0.0,0.006336703896522522
1785289808.0147889,0.0,0.0,0.004680288024246693
1785289808.0197518,0.0,0.0,0.004745312035083771
1785289808.0249186,0.0,0.0,0.004931807983666658
1785289808.0299704,0.0,0.0,0.004855551989749074
1785289808.0349593,0.0,0.0,0.0047802559565752745
1785289808.0400147,0.0,0.0,0.004815392196178436
1785289808.0449762,0.0,0.0,0.0047512000892311335
1785289808.0501192,0.0,0.0,0.004930879920721054
1785289808.0551915,0.0,0.0,0.004855455830693245
1785289808.0606806,0.0,0.0,0.0052747519221156836
1785289808.066976,0.0,0.0,0.006038560066372156
1785289808.0721087,0.0,0.0,0.004875424085184932
1785289808.0770652,0.0,0.0,0.0047401918563991785
1785289808.0820203,0.0,0.0,0.004744128091260791
1785289808.0870616,0.0,0.0,0.004828640026971698
1785289808.0921226,0.0,0.0,0.004823360126465559
1785289808.0972254,0.0,0.0,0.004891264019533992
1785289808.1021628,0.0,0.0,0.004729472100734711
1785289808.107229,0.0,0.0,0.004848736105486751
1785289808.1121264,0.0,0.0,0.004683871986344457
1785289808.1179616,0.0,0.0,0.005622368073090911
1785289808.1239233,0.0,0.0,0.005689792102202773
1785289808.1288586,0.0,0.0,0.004700863966718316
1785289808.1336973,0.0,0.0,0.004624543944373727
1785289808.138624,0.0,0.0,0.004714879905804992
1785289808.143612,0.0,0.0,0.004768511978909373
1785289808.1484733,0.0,0.0,0.004648992093279958
1785289808.1534324,0.0,0.0,0.004751008003950119
1785289808.1584175,0.0,0.0,0.004766975995153189
1785289808.1634197,0.0,0.0,0.0047911680303514
1785289808.168285,0.0,0.0,0.004657567944377661
1785289808.1748505,0.0,0.0,0.006358111975714564
1785289808.179888,0.0,0.0,0.004795904038473964
1785289808.1847506,0.0,0.0,0.0046428800560534
1785289808.189692,0.0,0.0,0.004728544037789106
1785289808.1946168,0.0,0.0,0.004713280126452446
1785289808.199712,0.0,0.0,0.004885984119027853
1785289808.2046504,0.0,0.0,0.004728959873318672
1785289808.209642,0.0,0.0,0.004785056225955486
1785289808.2146127,0.0,0.0,0.004762367811053991
1785289808.219583,0.0,0.0,0.004759711911901832
1785289808.2246876,0.0,0.0,0.004843615926802158
1785289808.2313027,0.0,0.0,0.006276831962168217
1785289808.2364085,0.0,0.0,0.0048658880405128
1785289808.2415686,0.0,0.0,0.004942015977576375
1785289808.246485,0.0,0.0,0.00470147212035954
1785289808.2515264,0.0,0.0,0.004833152052015066
1785289808.256476,0.0,0.0,0.004739968106150627
1785289808.261361,0.0,0.0,0.004673119867220521
1785289808.2662988,0.0,0.0,0.004724736092612147
1785289808.2713108,0.0,0.0,0.004799295915290713
1785289808.2762232,0.0,0.0,0.004699680022895336
1785289808.2818642,0.0,0.0,0.005425664130598307
1785289808.2880511,0.0,0.0,0.005920703988522291
1785289808.2932644,0.0,0.0,0.004975807853043079
1785289808.2982466,0.0,0.0,0.0047621759586036205
1785289808.3031917,0.0,0.0,0.004733184119686484
1785289808.3081298,0.0,0.0,0.004727840190753341
1785289808.3130512,0.0,0.0,0.004712896188721061
1785289808.3179986,0.0,0.0,0.00473609589971602
1785289808.322831,0.0,0.0,0.0046181760262697935
1785289808.327841,0.0,0.0,0.004803007934242487
1785289808.3328364,0.0,0.0,0.004780704155564308
1785289808.3386123,0.0,0.0,0.005557599943131208
1785289808.3447175,0.0,0.0,0.005835935939103365
1785289808.34965,0.0,0.0,0.004699296085163951
1785289808.3546388,0.0,0.0,0.004755775909870863
1785289808.3596175,0.0,0.0,0.004763167817145586
1785289808.3646019,0.0,0.0,0.004765023943036795
1785289808.3696153,0.0,0.0,0.004799359943717718
1785289808.3745985,0.0,0.0,0.004776576068252325
1785289808.3796663,0.0,0.0,0.004859456093981862
1785289808.3845682,0.0,0.0,0.004684800049290061
1785289808.3894398,0.0,0.0,0.0046624960377812386
1785289808.3952942,0.0,0.0,0.005649760132655501
1785289808.4010296,0.0,0.0,0.005470239790156484
1785289808.406059,0.0,0.0,0.004795040003955364
1785289808.4110568,0.0,0.0,0.004785727942362428
1785289808.4161158,0.0,0.0,0.00482223997823894
1785289808.4210248,0.0,0.0,0.004697311902418733
1785289808.426111,0.0,0.0,0.004876736085861921
1785289808.4313352,0.0,0.0,0.005011904053390026
1785289808.4363763,0.0,0.0,0.004828480072319508
1785289808.4412615,0.0,0.0,0.004673183895647526
1785289808.446542,0.0,0.0,0.005071456078439951
1785289808.452779,0.0,0.0,0.006012351950630546
1785289808.4577818,0.0,0.0,0.004757344024255872
1785289808.4630592,0.0,0.0,0.005049312021583319
1785289808.4680765,0.0,0.0,0.0047634560614824295
1785289808.4730966,0.0,0.0,0.004803776042535901
1785289808.4781575,0.0,0.0,0.004849663935601711
1785289808.483148,0.0,0.0,0.0047768959775567055
1785289808.4880886,0.0,0.0,0.004724096041172743
1785289808.4930897,0.0,0.0,0.004791199928149581
1785289808.4979956,0.0,0.0,0.0046946879010647535
1785289808.5037043,0.0,0.0,0.005477472208440304
1785289808.509792,0.0,0.0,0.005817791912704706
1785289808.514871,0.0,0.0,0.004847808042541146
1785289808.5198503,0.0,0.0,0.004757760092616081
1785289808.5249217,0.0,0.0,0.004856128012761474
1785289808.5299067,0.0,0.0,0.004769535968080163
1785289808.534945,0.0,0.0,0.004824928008019924
1785289808.539904,0.0,0.0,0.00473180809058249
1785289808.5448732,0.0,0.0,0.004757152171805501
1785289808.5498104,0.0,0.0,0.004722815938293934
1785289808.5546732,0.0,0.0,0.004655583994463086
1785289808.5605257,0.0,0.0,0.00564140803180635
1785289808.5664508,0.0,0.0,0.00567455985583365
1785289808.571521,0.0,0.0,0.00483897584490478
1785289808.5765953,0.0,0.0,0.004854432074353099
1785289808.5815575,0.0,0.0,0.00474883196875453
1785289808.586398,0.0,0.0,0.004630848066881299
1785289808.5915685,0.0,0.0,0.004956928081810474
1785289808.5965908,0.0,0.0,0.004809439880773425
1785289808.6014526,0.0,0.0,0.004649663809686899
1785289808.6064742,0.0,0.0,0.0048074559308588505
1785289808.611434,0.0,0.0,0.004750239895656705
1785289808.618237,0.0,0.0,0.006588512100279331
1785289808.6233935,0.0,0.0,0.0049155838787555695
1785289808.6283703,0.0,0.0,0.004757503978908062
1785289808.633447,0.0,0.0,0.004864192102104425
1785289808.6383433,0.0,0.0,0.00468697608448565
1785289808.6433206,0.0,0.0,0.004762335913255811
1785289808.6481602,0.0,0.0,0.0046253439504653215
1785289808.6530547,0.0,0.0,0.004684352083131671
1785289808.658023,0.0,0.0,0.004754751920700073
1785289808.6629028,0.0,0.0,0.004669760121032596
1785289808.6683624,0.0,0.0,0.005227775778621435
1785289808.6747775,0.0,0.0,0.0061472319066524506
1785289808.6798475,0.0,0.0,0.004837248008698225
1785289808.6847112,0.0,0.0,0.004642335930839181
1785289808.6896648,0.0,0.0,0.004740447970107198
1785289808.6946688,0.0,0.0,0.004790239967405796
1785289808.6996686,0.0,0.0,0.00479056010954082
1785289808.7046611,0.0,0.0,0.004784096032381058
1785289808.7096012,0.0,0.0,0.0047312958631664515
1785289808.7145133,0.0,0.0,0.004697408061474562
1785289808.7195082,0.0,0.0,0.004784384043887258
1785289808.7251577,0.0,0.0,0.005411871941760182
1785289808.7311954,0.0,0.0,0.005792128155007958
1785289808.7361524,0.0,0.0,0.004719039890915155
1785289808.741134,0.0,0.0,0.0047639040276408195
1785289808.7460716,0.0,0.0,0.004723999882116914
1785289808.751046,0.0,0.0,0.00476227211765945
1785289808.7560592,0.0,0.0,0.004782240139320493
1785289808.7611248,0.0,0.0,0.004849887918680906
1785289808.76619,0.0,0.0,0.00485375989228487
1785289808.7711232,0.0,0.0,0.004726656014099717
1785289808.776034,0.0,0.0,0.004695743788033724
1785289808.7818618,0.0,0.0,0.005614624125882983
1785289808.7877269,0.0,0.0,0.005586783867329359
1785289808.7928967,0.0,0.0,0.004934719996526837
1785289808.7978184,0.0,0.0,0.004704736173152924
1785289808.8026793,0.0,0.0,0.004651616094633937
1785289808.8077428,0.0,0.0,0.00485180807299912
1785289808.812635,0.0,0.0,0.004675999982282519
1785289808.8177564,0.0,0.0,0.00491206394508481
1785289808.822677,0.0,0.0,0.004708735970780253
1785289808.82759,0.0,0.0,0.004700607853010297
1785289808.8325047,0.0,0.0,0.004710367880761623
1785289808.839273,0.0,0.0,0.006560575915500522
1785289808.844297,0.0,0.0,0.004783552139997482
1785289808.8492463,0.0,0.0,0.004729727981612086
1785289808.854178,0.0,0.0,0.00471939193084836
1785289808.8592532,0.0,0.0,0.004865376045927405
1785289808.8641798,0.0,0.0,0.004708255873993039
1785289808.869199,0.0,0.0,0.004807200049981475
1785289808.8743322,0.0,0.0,0.0049223999958485365
1785289808.8794465,0.0,0.0,0.004901023814454675
1785289808.8844037,0.0,0.0,0.004744319943711162
1785289808.8898633,0.0,0.0,0.0052193282172083855
1785289808.8962352,0.0,0.0,0.006132768001407385
1785289808.9013417,0.0,0.0,0.004873055964708328
1785289808.9063091,0.0,0.0,0.004750752123072743
1785289808.9112644,0.0,0.0,0.004730688175186515
1785289808.91627,0.0,0.0,0.004790815990418196
1785289808.921333,0.0,0.0,0.004845791961997747
1785289808.9262745,0.0,0.0,0.004728000145405531
1785289808.9313397,0.0,0.0,0.004851488163694739
1785289808.9363008,0.0,0.0,0.00474736001342535
1785289808.9413888,0.0,0.0,0.004876863909885287
1785289808.94715,0.0,0.0,0.005549120018258691
1785289808.95318,0.0,0.0,0.005768992006778717
1785289808.9581778,0.0,0.0,0.00476377597078681
1785289808.963227,0.0,0.0,0.004834912018850446
1785289808.9681456,0.0,0.0,0.004709600005298853
1785289808.9731548,0.0,0.0,0.004798528039827943
1785289808.978115,0.0,0.0,0.00474809599108994
1785289808.983423,0.0,0.0,0.005052543943747878
1785289808.9882784,0.0,0.0,0.004638911923393607
1785289808.9931574,0.0,0.0,0.004666720051318407
1785289808.9980638,0.0,0.0,0.004697312135249376
1785289809.0040376,0.0,0.0,0.0057631360832601786
1785289809.0099192,0.0,0.0,0.005039424169808626
1785289809.0149252,0.0,0.0,0.004753248067572713
1785289809.0198967,0.0,0.0,0.004729087930172682
1785289809.024942,0.0,0.0,0.004826687974855304
1785289809.0298743,0.0,0.0,0.004719648044556379
1785289809.034723,0.0,0.0,0.004633888136595488
1785289809.039635,0.0,0.0,0.004694656003266573
1785289809.0446048,0.0,0.0,0.004754655994474888
1785289809.0495317,0.0,0.0,0.004713376052677631
1785289809.0546951,0.0,0.0,0.004949855851009488
1785289809.061369,0.0,0.0,0.006278976099565625
1785289809.0662963,0.0,0.0,0.0046900478191673756
1785289809.0714092,0.0,0.0,0.004892640048637986
1785289809.0763574,0.0,0.0,0.004738047951832414
1785289809.0812566,0.0,0.0,0.004686943953856826
1785289809.086164,0.0,0.0,0.004694976145401597
1785289809.0911067,0.0,0.0,0.00471747200936079
1785289809.09615,0.0,0.0,0.0048195521812886
1785289809.1011117,0.0,0.0,0.004747712053358555
1785289809.106037,0.0,0.0,0.004719840129837394
1785289809.111595,0.0,0.0,0.005347487982362509
1785289809.1179295,0.0,0.0,0.006063264096155763
1785289809.1231444,0.0,0.0,0.004978848155587912
1785289809.1281755,0.0,0.0,0.004808672005310655
1785289809.1331737,0.0,0.0,0.004778688075020909
1785289809.1381707,0.0,0.0,0.00476316804997623
1785289809.1431189,0.0,0.0,0.004755391972139478
1785289809.148222,0.0,0.0,0.004888927796855569
1785289809.1532538,0.0,0.0,0.004819615976884961
1785289809.1582348,0.0,0.0,0.004770015832036734
1785289809.1631963,0.0,0.0,0.00474956794641912
1785289809.169027,0.0,0.0,0.005621568066999316
1785289809.175019,0.0,0.0,0.005760448053479195
1785289809.1802003,0.0,0.0,0.004917567828670144
1785289809.185195,0.0,0.0,0.0047748161014169455
1785289809.190293,0.0,0.0,0.004884127993136644
1785289809.1952713,0.0,0.0,0.00476540788076818
1785289809.2001889,0.0,0.0,0.004700607853010297
1785289809.2051866,0.0,0.0,0.004786271834746003
1785289809.2103508,0.0,0.0,0.004959136014804244
1785289809.2155988,0.0,0.0,0.00503129605203867
1785289809.2208915,0.0,0.0,0.0050817918963730335
1785289809.2274642,0.0,0.0,0.006283360067754984
1785289809.2325253,0.0,0.0,0.0048216639552265406
1785289809.2376332,0.0,0.0,0.004887935938313603
1785289809.2425303,0.0,0.0,0.004680095938965678
1785289809.247484,0.0,0.0,0.004742463817819953
1785289809.252418,0.0,0.0,0.004721984034404159
1785289809.257371,0.0,0.0,0.0047446079552173615
1785289809.2623851,0.0,0.0,0.004796799970790744
1785289809.267387,0.0,0.0,0.004790144041180611
1785289809.2722673,0.0,0.0,0.004670495865866542
1785289809.2776597,0.0,0.0,0.005183487897738814
1785289809.283965,0.0,0.0,0.006040320033207536
1785289809.288945,0.0,0.0,0.004740927834063768
1785289809.2939491,0.0,0.0,0.004784960066899657
1785289809.299003,0.0,0.0,0.004833535989746451
1785289809.3040502,0.0,0.0,0.004810303915292025
1785289809.3091025,0.0,0.0,0.0048411202151328325
1785289809.3140512,0.0,0.0,0.004742624005302787
1785289809.3191078,0.0,0.0,0.004843648057430983
1785289809.3240163,0.0,0.0,0.004686624044552445
1785289809.3289363,0.0,0.0,0.004701535915955901
1785289809.3345644,0.0,0.0,0.00541545613668859
1785289809.3406847,0.0,0.0,0.005840703845024109
1785289809.34569,0.0,0.0,0.0047689920756965876
1785289809.350862,0.0,0.0,0.004953503841534257
1785289809.3557506,0.0,0.0,0.0046743040438741446
1785289809.3607998,0.0,0.0,0.0048396161291748285
1785289809.3658884,0.0,0.0,0.0048546879552304745
1785289809.3709555,0.0,0.0,0.004851168021559715
1785289809.3759778,0.0,0.0,0.004792607855051756
1785289809.3810017,0.0,0.0,0.004809727892279625
1785289809.3859906,0.0,0.0,0.004774656146764755
1785289809.3926291,0.0,0.0,0.006426912033930421
1785289809.3977025,0.0,0.0,0.004827999975532293
1785289809.4028015,0.0,0.0,0.004884384106844664
1785289809.407833,0.0,0.0,0.004817536100745201
1785289809.4128048,0.0,0.0,0.004755391972139478
1785289809.4177465,0.0,0.0,0.0047307200729846954
1785289809.4227397,0.0,0.0,0.00477945595048368
1785289809.4277515,0.0,0.0,0.004799999995157123
1785289809.4327374,0.0,0.0,0.0047742079477757215
1785289809.437683,0.0,0.0,0.004733920097351074
1785289809.4430487,0.0,0.0,0.005154815968126059
1785289809.4494112,0.0,0.0,0.006077087949961424
1785289809.4544182,0.0,0.0,0.0047590399626642466
1785289809.4594927,0.0,0.0,0.00485286395996809
1785289809.4644363,0.0,0.0,0.0047244480811059475
1785289809.4694185,0.0,0.0,0.004764000186696649
1785289809.474301,0.0,0.0,0.004670783877372742
1785289809.4793897,0.0,0.0,0.004873279947787523
1785289809.484388,0.0,0.0,0.004785823868587613
1785289809.4892507,0.0,0.0,0.0046491839457303286
1785289809.4941032,0.0,0.0,0.004641407867893577
1785289809.4996576,0.0,0.0,0.00534236803650856
1785289809.5058768,0.0,0.0,0.005955936154350638
1785289809.510915,0.0,0.0,0.004792736144736409
1785289809.5159757,0.0,0.0,0.0048208958469331264
1785289809.5212004,0.0,0.0,0.005011711968109012
1785289809.5262182,0.0,0.0,0.004806367913261056
1785289809.5312543,0.0,0.0,0.0048227200750261545
1785289809.5362885,0.0,0.0,0.004820959875360131
1785289809.5414736,0.0,0.0,0.00497004808858037
1785289809.5466034,0.0,0.0,0.0049170879647135735
1785289809.5517254,0.0,0.0,0.004906943999230862
1785289809.5585415,0.0,0.0,0.006603647954761982
1785289809.563568,0.0,0.0,0.004784576129168272
1785289809.5686285,0.0,0.0,0.004844672046601772
1785289809.5736642,0.0,0.0,0.00482265604659915
1785289809.5787358,0.0,0.0,0.004860896151512861
1785289809.5838451,0.0,0.0,0.004894879879429936
1785289809.5888448,0.0,0.0,0.004785248078405857
1785289809.5938184,0.0,0.0,0.004754111869260669
1785289809.5987337,0.0,0.0,0.00470265606418252
1785289809.6035788,0.0,0.0,0.004639104008674622
1785289809.608954,0.0,0.0,0.00516524794511497
1785289809.615171,0.0,0.0,0.005956320092082024
1785289809.6202161,0.0,0.0,0.004810303915292025
1785289809.6251853,0.0,0.0,0.0047509761061519384
1785289809.630128,0.0,0.0,0.004729183856397867
1785289809.6351442,0.0,0.0,0.004802623996511102
1785289809.6400492,0.0,0.0,0.004694944014772773
1785289809.6449583,0.0,0.0,0.004696544026955962
1785289809.649961,0.0,0.0,0.004791679792106152
1785289809.6547759,0.0,0.0,0.004600767977535725
1785289809.6598315,0.0,0.0,0.004843679955229163
1785289809.6654885,0.0,0.0,0.005441760178655386
1785289809.6713762,0.0,0.0,0.005628640064969659
1785289809.6762912,0.0,0.0,0.004681952064856887
1785289809.6811705,0.0,0.0,0.004662815947085619
1785289809.6860096,0.0,0.0,0.00462691206485033
1785289809.690908,0.0,0.0,0.004683520179241896
1785289809.6959603,0.0,0.0,0.004817120032384992
1785289809.7008996,0.0,0.0,0.004726623883470893
1785289809.7059784,0.0,0.0,0.0048663681373000145
1785289809.7111363,0.0,0.0,0.004942592000588775
1785289809.7162933,0.0,0.0,0.004943615989759564
1785289809.7220173,0.0,0.0,0.005508607951924205
1785289809.7281346,0.0,0.0,0.005854911869391799
1785289809.7333262,0.0,0.0,0.004948895890265703
1785289809.738307,0.0,0.0,0.0047632320784032345
1785289809.7434263,0.0,0.0,0.004907136084511876
1785289809.748312,0.0,0.0,0.004676416050642729
1785289809.753376,0.0,0.0,0.004851872101426125
1785289809.758537,0.0,0.0,0.004940287908539176
1785289809.7634554,0.0,0.0,0.004705152008682489
1785289809.7685235,0.0,0.0,0.0048479679971933365
1785289809.7735178,0.0,0.0,0.004777727881446481
1785289809.7803338,0.0,0.0,0.0064276158809661865
1785289809.7855322,0.0,0.0,0.004951999988406897
1785289809.7906218,0.0,0.0,0.004869376076385379
1785289809.7955534,0.0,0.0,0.0047125439159572124
1785289809.8004518,0.0,0.0,0.00468624010682106
1785289809.8052921,0.0,0.0,0.004625727888196707
1785289809.8103251,0.0,0.0,0.004818975925445557
1785289809.8152332,0.0,0.0,0.004699648125097156
1785289809.8202865,0.0,0.0,0.004841407993808389
1785289809.8251874,0.0,0.0,0.0046903679613024
1785289809.8307884,0.0,0.0,0.005379744106903672
1785289809.8373249,0.0,0.0,0.0062056640163064
1785289809.8426232,0.0,0.0,0.00502806412987411
1785289809.8476012,0.0,0.0,0.004722752142697573
1785289809.8525262,0.0,0.0,0.00470342393964529
1785289809.8575644,0.0,0.0,0.004823935916647315
1785289809.8627095,0.0,0.0,0.004929664079099894
1785289809.867863,0.0,0.0,0.004941568011417985
1785289809.8729403,0.0,0.0,0.004860991844907403
1785289809.8779593,0.0,0.0,0.004805311793461442
1785289809.883065,0.0,0.0,0.00489427219145
1785289809.8890405,0.0,0.0,0.0057202239986509085
1785289809.8949306,0.0,0.0,0.00562604796141386
1785289809.9000893,0.0,0.0,0.00489711994305253
1785289809.9050217,0.0,0.0,0.004711040062829852
1785289809.9099505,0.0,0.0,0.004712383961305022
1785289809.9149578,0.0,0.0,0.004794592037796974
1785289809.9199293,0.0,0.0,0.004730560118332505
1785289809.9250617,0.0,0.0,0.004915263969451189
1785289809.930106,0.0,0.0,0.004829856101423502
1785289809.9350502,0.0,0.0,0.00473328004591167
1785289809.9404457,0.0,0.0,0.005156127968803048
1785289809.9469168,0.0,0.0,0.006214880151674151
1785289809.9520109,0.0,0.0,0.00483555207028985
1785289809.9569967,0.0,0.0,0.00476230401545763
1785289809.9619563,0.0,0.0,0.00474704010412097
1785289809.9671233,0.0,0.0,0.004951008129864931
1785289809.9721768,0.0,0.0,0.004839136032387614
1785289809.9771886,0.0,0.0,0.0047984321136027575
1785289809.9822438,0.0,0.0,0.004841119982302189
1785289809.9872687,0.0,0.0,0.0048169600777328014
1785289809.9924402,0.0,0.0,0.004961695987731218
1785289809.9979982,0.0,0.0,0.005345119861885905
1785289810.0040712,0.0,0.0,0.005810080096125603
1785289810.0090156,0.0,0.0,0.00470694387331605
1785289810.014014,0.0,0.0,0.004782143980264664
1785289810.019015,0.0,0.0,0.004784543998539448
1785289810.0240977,0.0,0.0,0.00484057585708797
1785289810.0292337,0.0,0.0,0.004921568091958761
1785289810.034182,0.0,0.0,0.004732959903776646
1785289810.0392115,0.0,0.0,0.004785408033058047
1785289810.0442386,0.0,0.0,0.004803071962669492
1785289810.0492938,0.0,0.0,0.004841312067583203
1785289810.0554032,0.0,0.0,0.005893823923543096
1785289810.061152,0.0,0.0,0.0055056961718946695
1785289810.0662065,0.0,0.0,0.004825056064873934
1785289810.0712953,0.0,0.0,0.00486780796200037
1785289810.0763118,0.0,0.0,0.004801023984327912
1785289810.08125,0.0,0.0,0.004722784040495753
1785289810.0861962,0.0,0.0,0.004735999973490834
1785289810.0911129,0.0,0.0,0.004703904036432505
1785289810.0962253,0.0,0.0,0.004894719924777746
1785289810.1012213,0.0,0.0,0.004784639924764633
1785289810.1064758,0.0,0.0,0.005045727826654911
1785289810.1128569,0.0,0.0,0.006156767951324582
1785289810.1178672,0.0,0.0,0.004771328065544367
1785289810.1229453,0.0,0.0,0.004858656087890267
1785289810.128008,0.0,0.0,0.004828735953196883
1785289810.1329172,0.0,0.0,0.004703647922724485
1785289810.1379132,0.0,0.0,0.0047884800005704165
1785289810.1429985,0.0,0.0,0.004872415913268924
1785289810.14798,0.0,0.0,0.00474691204726696
1785289810.1528661,0.0,0.0,0.004674751777201891
1785289810.157846,0.0,0.0,0.004771007923409343
1785289810.163287,0.0,0.0,0.005234271986410022
1785289810.169604,0.0,0.0,0.0060485119465738535
1785289810.1746922,0.0,0.0,0.004836512031033635
1785289810.1796708,0.0,0.0,0.004763712175190449
1785289810.1847434,0.0,0.0,0.004856287967413664
1785289810.1897247,0.0,0.0,0.004770271945744753
1785289810.1947262,0.0,0.0,0.0047884800005704165
1785289810.1996412,0.0,0.0,0.0047015040181577206
1785289810.2045836,0.0,0.0,0.004730527987703681
1785289810.20974,0.0,0.0,0.004940639948472381
1785289810.2147546,0.0,0.0,0.004806303884834051
1785289810.2204428,0.0,0.0,0.0054788480047136545
1785289810.2262836,0.0,0.0,0.0056103679817169905
1785289810.2312999,0.0,0.0,0.004782912088558078
1785289810.2361906,0.0,0.0,0.00467439997009933
1785289810.241189,0.0,0.0,0.004782303934916854
1785289810.246074,0.0,0.0,0.00467219203710556
1785289810.251049,0.0,0.0,0.00476275198161602
1785289810.2560968,0.0,0.0,0.004812703933566809
1785289810.2611828,0.0,0.0,0.004872351884841919
1785289810.2662265,0.0,0.0,0.0048323520459234715
1785289810.2712905,0.0,0.0,0.004849856020882726
1785289810.2780416,0.0,0.0,0.006538880057632923
1785289810.2830732,0.0,0.0,0.004789215978235006
1785289810.288026,0.0,0.0,0.00471670413389802
1785289810.2930233,0.0,0.0,0.004787039943039417
1785289810.2978072,0.0,0.0,0.004573215963318944
1785289810.302763,0.0,0.0,0.004745471989735961
1785289810.3078756,0.0,0.0,0.004903231980279088
1785289810.3128085,0.0,0.0,0.004719648044556379
1785289810.3176441,0.0,0.0,0.004625951871275902
1785289810.322604,0.0,0.0,0.004753248067572713
1785289810.3278751,0.0,0.0,0.0050614080391824245
1785289810.3342268,0.0,0.0,0.006096384022384882
1785289810.3393106,0.0,0.0,0.004850751953199506
1785289810.3442023,0.0,0.0,0.004666111897677183
1785289810.3490095,0.0,0.0,0.004592192126438022
1785289810.353927,0.0,0.0,0.004706656094640493
1785289810.358969,0.0,0.0,0.004829311976209283
1785289810.3639824,0.0,0.0,0.004754687892273068
1785289810.3690016,0.0,0.0,0.004800352035090327
1785289810.3740761,0.0,0.0,0.004859967855736613
1785289810.378988,0.0,0.0,0.004698848119005561
1785289810.3843756,0.0,0.0,0.005152032012119889
1785289810.39045,0.0,0.0,0.005813888041302562
1785289810.3955517,0.0,0.0,0.004869440104812384
1785289810.4006195,0.0,0.0,0.0048497922252863646
1785289810.4055905,0.0,0.0,0.004762239987030625
1785289810.4106717,0.0,0.0,0.004868128104135394
1785289810.415711,0.0,0.0,0.004830592079088092
1785289810.4206257,0.0,0.0,0.004706080071628094
1785289810.4255695,0.0,0.0,0.00473299203440547
1785289810.4305158,0.0,0.0,0.004736735951155424
1785289810.4353986,0.0,0.0,0.0046752640046179295
1785289810.4409454,0.0,0.0,0.00533142383210361
1785289810.4468794,0.0,0.0,0.005678688175976276
1785289810.4519513,0.0,0.0,0.004818175919353962
1785289810.4569445,0.0,0.0,0.004774143919348717
1785289810.4619627,0.0,0.0,0.004805183969438076
1785289810.4667623,0.0,0.0,0.004587935982272029
1785289810.4716094,0.0,0.0,0.0046373759396374226
1785289810.476467,0.0,0.0,0.004648800007998943
1785289810.4812815,0.0,0.0,0.004604479996487498
1785289810.4861033,0.0,0.0,0.004605632042512298
1785289810.490951,0.0,0.0,0.0046377601101994514
1785289810.4968135,0.0,0.0,0.00563001586124301
1785289810.5027356,0.0,0.0,0.005654431879520416
1785289810.507818,0.0,0.0,0.0048500478733330965
1785289810.5127203,0.0,0.0,0.004693375900387764
1785289810.5176864,0.0,0.0,0.004757568007335067
1785289810.5227067,0.0,0.0,0.004809536039829254
1785289810.5277908,0.0,0.0,0.004869152093306184
1785289810.532799,0.0,0.0,0.004795999964699149
1785289810.537732,0.0,0.0,0.004720639903098345
1785289810.5426593,0.0,0.0,0.00471862405538559
1785289810.5475426,0.0,0.0,0.004673728020861745
1785289810.5535119,0.0,0.0,0.005754783982411027
1785289810.5594175,0.0,0.0,0.005008160136640072
1785289810.564422,0.0,0.0,0.004778912058100104
1785289810.5694368,0.0,0.0,0.004796128021553159
1785289810.5744822,0.0,0.0,0.00483971182256937
1785289810.5794628,0.0,0.0,0.004776128102093935
1785289810.5845006,0.0,0.0,0.004825599957257509
1785289810.5894506,0.0,0.0,0.004738784162327647
1785289810.594452,0.0,0.0,0.004796575987711549
1785289810.5995557,0.0,0.0,0.004895199788734317
1785289810.604929,0.0,0.0,0.005156576167792082
1785289810.6112108,0.0,0.0,0.006028320174664259
1785289810.6161716,0.0,0.0,0.004728992003947496
1785289810.6210587,0.0,0.0,0.004672288196161389
1785289810.6259818,0.0,0.0,0.0047127678990364075
1785289810.6309726,0.0,0.0,0.004782016156241298
1785289810.636045,0.0,0.0,0.0048260800540447235
1785289810.6411517,0.0,0.0,0.004890272160992026
1785289810.6461742,0.0,0.0,0.00480758398771286
1785289810.6510787,0.0,0.0,0.004695679992437363
1785289810.6560435,0.0,0.0,0.004727872088551521
1785289810.6614485,0.0,0.0,0.005187968024984002
1785289810.6677194,0.0,0.0,0.006010239943861961
1785289810.672752,0.0,0.0,0.004788896068930626
1785289810.6777093,0.0,0.0,0.004737855866551399
1785289810.6825662,0.0,0.0,0.004644191823899746
1785289810.6874266,0.0,0.0,0.004649600014090538
1785289810.6923354,0.0,0.0,0.0046991039998829365
1785289810.6972756,0.0,0.0,0.004730880027636886
1785289810.7023304,0.0,0.0,0.004852032056078315
1785289810.7072322,0.0,0.0,0.004693311871960759
1785289810.7120972,0.0,0.0,0.0046521921176463366
1785289810.717692,0.0,0.0,0.005377408117055893
1785289810.723862,0.0,0.0,0.005906207952648401
1785289810.7288811,0.0,0.0,0.004782784031704068
1785289810.7339387,0.0,0.0,0.004840288078412414
1785289810.7388813,0.0,0.0,0.004721055971458554
1785289810.7439322,0.0,0.0,0.004818495828658342
1785289810.7489183,0.0,0.0,0.004773152060806751
1785289810.7540576,0.0,0.0,0.004929600050672889
1785289810.758872,0.0,0.0,0.004601440159603953
1785289810.7637804,0.0,0.0,0.004699711920693517
1785289810.768908,0.0,0.0,0.004914624150842428
1785289810.7758121,0.0,0.0,0.006676543969660997
1785289810.7810175,0.0,0.0,0.004734944086521864
1785289810.7859073,0.0,0.0,0.004663039930164814
1785289810.7908566,0.0,0.0,0.0047284800093621016
1785289810.7958887,0.0,0.0,0.004815488122403622
1785289810.8009136,0.0,0.0,0.004809247795492411
1785289810.8058891,0.0,0.0,0.0047584958374500275
1785289810.810828,0.0,0.0,0.004727168008685112
1785289810.815773,0.0,0.0,0.004732192028313875
1785289810.8207335,0.0,0.0,0.0047494720201939344
1785289810.8259416,0.0,0.0,0.004992000060155988
1785289810.83224,0.0,0.0,0.006036159815266728
1785289810.8372054,0.0,0.0,0.004726879997178912
1785289810.8421457,0.0,0.0,0.004726047860458493
1785289810.8470333,0.0,0.0,0.004675104049965739
1785289810.8520699,0.0,0.0,0.004807904129847884
1785289810.8569531,0.0,0.0,0.004667359869927168
1785289810.8618636,0.0,0.0,0.0046979200560599566
1785289810.8669276,0.0,0.0,0.004852736135944724
1785289810.8718677,0.0,0.0,0.004708288004621863
1785289810.8767774,0.0,0.0,0.004697120049968362
1785289810.882142,0.0,0.0,0.005155263934284449
1785289810.888398,0.0,0.0,0.005997216096147895
1785289810.8935142,0.0,0.0,0.004873184021562338
1785289810.8984275,0.0,0.0,0.004696672083809972
1785289810.903508,0.0,0.0,0.004869248019531369
1785289810.9086106,0.0,0.0,0.004888416035100818
1785289810.913683,0.0,0.0,0.004858623957261443
1785289810.9186583,0.0,0.0,0.004763007862493396
1785289810.9234867,0.0,0.0,0.00461609591729939
1785289810.9283535,0.0,0.0,0.004652064060792327
1785289810.933374,0.0,0.0,0.00480729597620666
1785289810.9390209,0.0,0.0,0.005432063946500421
1785289810.9448297,0.0,0.0,0.005565695930272341
1785289810.949801,0.0,0.0,0.0047327999491244555
1785289810.9547813,0.0,0.0,0.004765663994476199
1785289810.9597363,0.0,0.0,0.004742783959954977
1785289810.9647474,0.0,0.0,0.004804128082469106
1785289810.9697132,0.0,0.0,0.004753632005304098
1785289810.9745476,0.0,0.0,0.004622303880751133
1785289810.9793792,0.0,0.0,0.004621152067556977
1785289810.9843287,0.0,0.0,0.004735104041174054
1785289810.9893413,0.0,0.0,0.004800352035090327
1785289810.9952645,0.0,0.0,0.005715327803045511
1785289811.0012074,0.0,0.0,0.005686303833499551
1785289811.0062315,0.0,0.0,0.004786336096003652
1785289811.011298,0.0,0.0,0.004844896029680967
1785289811.016342,0.0,0.0,0.004826335934922099
1785289811.0212588,0.0,0.0,0.004706111969426274
1785289811.0260818,0.0,0.0,0.004613344091922045
1785289811.03107,0.0,0.0,0.00477724801748991
1785289811.0361915,0.0,0.0,0.004885056056082249
1785289811.0411856,0.0,0.0,0.004779872018843889
1785289811.046272,0.0,0.0,0.004873759811744094
1785289811.0530689,0.0,0.0,0.006528832018375397
1785289811.0582635,0.0,0.0,0.004953919909894466
1785289811.0635452,0.0,0.0,0.005028127925470471
1785289811.0686648,0.0,0.0,0.004884320078417659
1785289811.07369,0.0,0.0,0.004809472011402249
1785289811.0787146,0.0,0.0,0.004812031984329224
1785289811.0836961,0.0,0.0,0.004764735931530595
1785289811.0887358,0.0,0.0,0.004825696116313338
1785289811.0937917,0.0,0.0,0.004837439861148596
1785289811.098724,0.0,0.0,0.004717503907158971
1785289811.104452,0.0,0.0,0.005508256144821644
1785289811.1106334,0.0,0.0,0.005944991949945688
1785289811.1155992,0.0,0.0,0.0047273600939661264
1785289811.1205983,0.0,0.0,0.004779231967404485
1785289811.1255527,0.0,0.0,0.00474822404794395
1785289811.1306725,0.0,0.0,0.004908032016828656
1785289811.1355808,0.0,0.0,0.0046943360939621925
1785289811.1406882,0.0,0.0,0.0048934719525277615
1785289811.1456206,0.0,0.0,0.004720191936939955
1785289811.1505964,0.0,0.0,0.004764287965372205
1785289811.1554308,0.0,0.0,0.004622271982952952
1785289811.1612184,0.0,0.0,0.005574399838224053
1785289811.1672354,0.0,0.0,0.005724800052121282
1785289811.1724072,0.0,0.0,0.0049344319850206375
1785289811.177428,0.0,0.0,0.004802880110219121
1785289811.1825356,0.0,0.0,0.004896703874692321
1785289811.1874998,0.0,0.0,0.004751264117658138
1785289811.1924245,0.0,0.0,0.004711680114269257
1785289811.1973765,0.0,0.0,0.004736864008009434
1785289811.202421,0.0,0.0,0.004830111982300878
1785289811.2074325,0.0,0.0,0.004798560170456767
1785289811.2125041,0.0,0.0,0.00485417596064508
1785289811.219152,0.0,0.0,0.006149056134745479
1785289811.2241898,0.0,0.0,0.004797343863174319
1785289811.2292292,0.0,0.0,0.00482252798974514
1785289811.2342346,0.0,0.0,0.004788895836099982
1785289811.2392569,0.0,0.0,0.004809599835425615
1785289811.2443244,0.0,0.0,0.004850432043895125
1785289811.2493696,0.0,0.0,0.004831808153539896
1785289811.2543385,0.0,0.0,0.004749984014779329
1785289811.2593093,0.0,0.0,0.004758911905810237
1785289811.2642639,0.0,0.0,0.004740640055388212
1785289811.2696686,0.0,0.0,0.00519571197219193
1785289811.275849,0.0,0.0,0.005927552003413439
1785289811.2812676,0.0,0.0,0.005182048073038459
1785289811.2864685,0.0,0.0,0.004980800207704306
1785289811.2914786,0.0,0.0,0.004793023923411965
1785289811.296556,0.0,0.0,0.004860095912590623
1785289811.301711,0.0,0.0,0.004940096056088805
1785289811.306672,0.0,0.0,0.004753760062158108
1785289811.311771,0.0,0.0,0.0048867519944906235
1785289811.3168283,0.0,0.0,0.004842207999899983
1785289811.3218253,0.0,0.0,0.0047874238807708025
1785289811.327905,0.0,0.0,0.005863744067028165
1785289811.3337326,0.0,0.0,0.0049630398862063885
1785289811.3386862,0.0,0.0,0.004725503968074918
1785289811.3436687,0.0,0.0,0.004761632066220045
1785289811.3486912,0.0,0.0,0.004809792153537273
1785289811.3536642,0.0,0.0,0.004758080001920462
1785289811.3587594,0.0,0.0,0.00488259200938046
1785289811.3639874,0.0,0.0,0.0050170880276709795
1785289811.3689797,0.0,0.0,0.004763648146763444
1785289811.3738904,0.0,0.0,0.004693632014095783
1785289811.3790345,0.0,0.0,0.004931936040520668
1785289811.3854284,0.0,0.0,0.006121280137449503
1785289811.3906674,0.0,0.0,0.005000607809051871
1785289811.3955965,0.0,0.0,0.004710719920694828
1785289811.400664,0.0,0.0,0.004854080034419894
1785289811.4055479,0.0,0.0,0.004671839997172356
1785289811.4105418,0.0,0.0,0.004785215947777033
1785289811.4155085,0.0,0.0,0.004761439980939031
1785289811.4203064,0.0,0.0,0.004588095936924219
1785289811.4252453,0.0,0.0,0.004729280015453696
1785289811.4302235,0.0,0.0,0.004767104052007198
1785289811.435835,0.0,0.0,0.005396447842940688
1785289811.4419289,0.0,0.0,0.005844352068379521
1785289811.4468918,0.0,0.0,0.004728672094643116
1785289811.451967,0.0,0.0,0.004838656168431044
1785289811.457059,0.0,0.0,0.004875647835433483
1785289811.4620662,0.0,0.0,0.004794208100065589
1785289811.467076,0.0,0.0,0.004787872079759836
1785289811.4720087,0.0,0.0,0.004697087919339538
1785289811.4769883,0.0,0.0,0.004768031882122159
1785289811.481898,0.0,0.0,0.004699135897681117
1785289811.4867947,0.0,0.0,0.0046856640838086605
1785289811.492488,0.0,0.0,0.005480095976963639
1785289811.4984996,0.0,0.0,0.005748640047386289
1785289811.5036645,0.0,0.0,0.004923616070300341
1785289811.5087233,0.0,0.0,0.004841984016820788
1785289811.5137212,0.0,0.0,0.004782752133905888
1785289811.51906,0.0,0.0,0.005125120049342513
1785289811.5242162,0.0,0.0,0.00492489617317915
1785289811.5292673,0.0,0.0,0.004836191888898611
1785289811.5342577,0.0,0.0,0.004775359993800521
1785289811.5391567,0.0,0.0,0.00468652811832726
1785289811.5440905,0.0,0.0,0.004723263904452324
1785289811.5507967,0.0,0.0,0.00649183988571167
1785289811.5559244,0.0,0.0,0.004886463982984424
1785289811.5609155,0.0,0.0,0.004767295904457569
1785289811.565938,0.0,0.0,0.0048051520716398954
1785289811.5708678,0.0,0.0,0.004715328104794025
1785289811.5758636,0.0,0.0,0.004778655944392085
1785289811.5809064,0.0,0.0,0.004828223958611488
1785289811.5859358,0.0,0.0,0.004824320087209344
1785289811.5909994,0.0,0.0,0.004854240221902728
1785289811.5960813,0.0,0.0,0.004849087912589312
1785289811.60154,0.0,0.0,0.005240319995209575
1785289811.6078966,0.0,0.0,0.006103552179411054
1785289811.6128843,0.0,0.0,0.0047490878496319056
1785289811.617973,0.0,0.0,0.004873055964708328
1785289811.6231937,0.0,0.0,0.0050055040046572685
1785289811.628104,0.0,0.0,0.0046991039998829365
1785289811.6330874,0.0,0.0,0.004773727850988507
1785289811.6380303,0.0,0.0,0.004727615974843502
1785289811.6429799,0.0,0.0,0.004736511968076229
1785289811.6478648,0.0,0.0,0.004648352041840553
1785289811.6528523,0.0,0.0,0.004776959773153067
1785289811.6586597,0.0,0.0,0.0055936959106475115
1785289811.6646483,0.0,0.0,0.005730847828090191
1785289811.6697352,0.0,0.0,0.0048499200493097305
1785289811.6749222,0.0,0.0,0.004966655978932977
1785289811.6799355,0.0,0.0,0.00477724801748991
1785289811.6848412,0.0,0.0,0.004696928197517991
1785289811.6899137,0.0,0.0,0.004860511980950832
1785289811.6950212,0.0,0.0,0.004891519900411367
1785289811.7000964,0.0,0.0,0.0048361599911004305
1785289811.7050295,0.0,0.0,0.004721631994470954
1785289811.7099373,0.0,0.0,0.004695936106145382
1785289811.7164447,0.0,0.0,0.006294623948633671
1785289811.7215264,0.0,0.0,0.0048363839741796255
1785289811.7263734,0.0,0.0,0.00462822406552732
1785289811.7314186,0.0,0.0,0.004832000005990267
1785289811.7364082,0.0,0.0,0.004766432102769613
1785289811.7414577,0.0,0.0,0.004836959997192025
1785289811.7464545,0.0,0.0,0.0047857919707894325
1785289811.7513952,0.0,0.0,0.004723712103441358
1785289811.7564178,0.0,0.0,0.004810976097360253
1785289811.7613819,0.0,0.0,0.004750431980937719
1785289811.7666194,0.0,0.0,0.005025024060159922
1785289811.7729034,0.0,0.0,0.006037440150976181
1785289811.777902,0.0,0.0,0.004751711850985885
1785289811.7828598,0.0,0.0,0.004740416072309017
1785289811.7878761,0.0,0.0,0.004801759961992502
1785289811.7927632,0.0,0.0,0.0046750400215387344
1785289811.7975852,0.0,0.0,0.0046181760262697935
1785289811.80259,0.0,0.0,0.004795935936272144
1785289811.8077545,0.0,0.0,0.004956448217853904
1785289811.8126469,0.0,0.0,0.004679680103436112
1785289811.8176138,0.0,0.0,0.004753248067572713
1785289811.8230023,0.0,0.0,0.005175424041226506
1785289811.829189,0.0,0.0,0.005939104128628969
1785289811.83427,0.0,0.0,0.004836415871977806
1785289811.839317,0.0,0.0,0.004827552009373903
1785289811.844266,0.0,0.0,0.004737152019515634
1785289811.849226,0.0,0.0,0.0047427520621567965
1785289811.8542922,0.0,0.0,0.004848384065553546
1785289811.8592825,0.0,0.0,0.004779648035764694
1785289811.8642795,0.0,0.0,0.004783775890246034
1785289811.8693366,0.0,0.0,0.004840736044570804
1785289811.874172,0.0,0.0,0.004624031949788332
1785289811.8800218,0.0,0.0,0.005636896006762981
1785289811.8859813,0.0,0.0,0.005694688064977527
1785289811.8910434,0.0,0.0,0.004821759881451726
1785289811.8960264,0.0,0.0,0.004744800040498376
1785289811.9008346,0.0,0.0,0.004596671788021922
1785289811.9059098,0.0,0.0,0.004867424024268985
1785289811.9107969,0.0,0.0,0.004674752010032535
1785289811.9156957,0.0,0.0,0.004685824038460851
1785289811.920602,0.0,0.0,0.004696576157584786
1785289811.9254296,0.0,0.0,0.004616352031007409
1785289811.9303417,0.0,0.0,0.004702592035755515
1785289811.936365,0.0,0.0,0.0058062400203198195
1785289811.9421222,0.0,0.0,0.005508479895070195
1785289811.9472985,0.0,0.0,0.004951616050675511
1785289811.9523635,0.0,0.0,0.004843008005991578
1785289811.95727,0.0,0.0,0.004694079980254173
1785289811.9624786,0.0,0.0,0.004997600102797151
1785289811.9673865,0.0,0.0,0.0046930559910833836
1785289811.9724362,0.0,0.0,0.004837728105485439
1785289811.9774323,0.0,0.0,0.004774783970788121
1785289811.982205,0.0,0.0,0.00455705588683486
1785289811.9875672,0.0,0.0,0.005153952166438103
1785289811.9939368,0.0,0.0,0.006114272167906165
1785289811.9989398,0.0,0.0,0.004768191836774349
1785289812.003877,0.0,0.0,0.004695935873314738
1785289812.0088024,0.0,0.0,0.004710176028311253
1785289812.0136926,0.0,0.0,0.004678464028984308
1785289812.0186942,0.0,0.0,0.004787776153534651
1785289812.0237486,0.0,0.0,0.004845408024266362
1785289812.0287147,0.0,0.0,0.004756256006658077
1785289812.0336325,0.0,0.0,0.004707392072305083
1785289812.0386431,0.0,0.0,0.004797887988388538
1785289812.044314,0.0,0.0,0.005458847852423787
1785289812.0504847,0.0,0.0,0.005933120148256421
1785289812.0556617,0.0,0.0,0.004938591970130801
1785289812.0606718,0.0,0.0,0.00479113613255322
1785289812.0656686,0.0,0.0,0.004782943986356258
1785289812.0704277,0.0,0.0,0.004543263930827379
1785289812.0753992,0.0,0.0,0.004763520089909434
1785289812.0802994,0.0,0.0,0.0046871681697666645
1785289812.0852857,0.0,0.0,0.004740864038467407
1785289812.0903218,0.0,0.0,0.00477766408585012
1785289812.0953908,0.0,0.0,0.004873696016147733
1785289812.1011562,0.0,0.0,0.005549632012844086
1785289812.1072512,0.0,0.0,0.005831904010847211
1785289812.11223,0.0,0.0,0.004740768112242222
1785289812.1174154,0.0,0.0,0.00495481607504189
1785289812.1223328,0.0,0.0,0.004699263954535127
1785289812.1273403,0.0,0.0,0.00479324790649116
1785289812.1321812,0.0,0.0,0.004627872025594115
1785289812.1370814,0.0,0.0,0.0046908799558877945
1785289812.1420171,0.0,0.0,0.004720512079074979
1785289812.1469877,0.0,0.0,0.00475062383338809
1785289812.1520586,0.0,0.0,0.004836319945752621
1785289812.1580243,0.0,0.0,0.005751776043325663
1785289812.163851,0.0,0.0,0.0048889280296862125
1785289812.1689348,0.0,0.0,0.004858687985688448
1785289812.1739082,0.0,0.0,0.004757279995828867
1785289812.1790369,0.0,0.0,0.004916704026982188
1785289812.1838777,0.0,0.0,0.0046040641609579325
1785289812.1887424,0.0,0.0,0.004654495976865292
1785289812.1936302,0.0,0.0,0.004676640033721924
1785289812.198629,0.0,0.0,0.00479276804253459
1785289812.2036283,0.0,0.0,0.004790687933564186
1785289812.2090697,0.0,0.0,0.005231200018897653
1785289812.215652,0.0,0.0,0.006327104056254029
1785289812.2206979,0.0,0.0,0.0048045439179986715
1785289812.225698,0.0,0.0,0.004782016156241298
1785289812.2307127,0.0,0.0,0.004800800001248717
1785289812.2356238,0.0,0.0,0.004699999932199717
1785289812.2405672,0.0,0.0,0.004740992095321417
1785289812.245533,0.0,0.0,0.00476467190310359
1785289812.2504187,0.0,0.0,0.004677792079746723
1785289812.2554452,0.0,0.0,0.0048126401379704475
1785289812.2603385,0.0,0.0,0.004675456089898944
1785289812.2659106,0.0,0.0,0.005362752126529813
1785289812.2722583,0.0,0.0,0.006086592096835375
1785289812.2773538,0.0,0.0,0.004856095882132649
1785289812.282223,0.0,0.0,0.0046519681345671415
1785289812.287198,0.0,0.0,0.00476454384624958
1785289812.2922204,0.0,0.0,0.004811103921383619
1785289812.2971919,0.0,0.0,0.004760127980262041
1785289812.3021214,0.0,0.0,0.004719296004623175
1785289812.3070488,0.0,0.0,0.00471552019007504
1785289812.3120368,0.0,0.0,0.004744352074339986
1785289812.3170278,0.0,0.0,0.004777600057423115
1785289812.3228347,0.0,0.0,0.00559408008120954
1785289812.3287573,0.0,0.0,0.005666016135364771
1785289812.333752,0.0,0.0,0.004767135949805379
1785289812.338802,0.0,0.0,0.004830495920032263
1785289812.3437216,0.0,0.0,0.004695263924077153
1785289812.3486443,0.0,0.0,0.004708256106823683
1785289812.3535576,0.0,0.0,0.004700064193457365
1785289812.3586557,0.0,0.0,0.004885504022240639
1785289812.3638413,0.0,0.0,0.004973568022251129
1785289812.3688638,0.0,0.0,0.004793408093973994
1785289812.3738022,0.0,0.0,0.004723200108855963
1785289812.380515,0.0,0.0,0.006501280004158616
1785289812.3856783,0.0,0.0,0.004923327825963497
1785289812.3908148,0.0,0.0,0.004918304039165378
1785289812.3956995,0.0,0.0,0.004665599903091788
1785289812.4006994,0.0,0.0,0.004785920027643442
1785289812.40572,0.0,0.0,0.00480995187535882
1785289812.4107301,0.0,0.0,0.004793984116986394
1785289812.4157343,0.0,0.0,0.004787903977558017
1785289812.4207952,0.0,0.0,0.004842335823923349
1785289812.4258945,0.0,0.0,0.004884768044576049
1785289812.4313245,0.0,0.0,0.005217120051383972
1785289812.437327,0.0,0.0,0.005742528010159731
1785289812.4424374,0.0,0.0,0.0048698559403419495
1785289812.4473853,0.0,0.0,0.004731807857751846
1785289812.452355,0.0,0.0,0.004761920077726245
1785289812.4573135,0.0,0.0,0.004742368124425411
1785289812.4621823,0.0,0.0,0.00465753604657948
1785289812.4673622,0.0,0.0,0.0049669439904391766
1785289812.4722433,0.0,0.0,0.004670592024922371
1785289812.47724,0.0,0.0,0.004779551876708865
1785289812.48225,0.0,0.0,0.004799295915290713
1785289812.4880936,0.0,0.0,0.005631167907267809
1785289812.4940135,0.0,0.0,0.005649920087307692
1785289812.4989183,0.0,0.0,0.0046710718888789415
1785289812.5039728,0.0,0.0,0.004818591987714171
1785289812.5088565,0.0,0.0,0.004670816008001566
1785289812.5138092,0.0,0.0,0.004742240067571402
1785289812.5187373,0.0,0.0,0.004719904158264399
1785289812.5238464,0.0,0.0,0.004899936029687524
1785289812.5288925,0.0,0.0,0.004827840020880103
1785289812.5338793,0.0,0.0,0.004771392093971372
1785289812.538761,0.0,0.0,0.004670751979574561
1785289812.5446038,0.0,0.0,0.0056323520839214325
1785289812.5505176,0.0,0.0,0.005654528038576245
1785289812.5555165,0.0,0.0,0.00476435199379921
1785289812.5604565,0.0,0.0,0.004721440142020583
1785289812.5654006,0.0,0.0,0.004727039951831102
1785289812.5703337,0.0,0.0,0.0047173120547086
1785289812.5754213,0.0,0.0,0.004873567959293723
1785289812.5803049,0.0,0.0,0.004670751979574561
1785289812.5851502,0.0,0.0,0.0046358718536794186
1785289812.590122,0.0,0.0,0.00476361601613462
1785289812.5950327,0.0,0.0,0.004696224117651582
1785289812.6018345,0.0,0.0,0.006568575976416469
1785289812.606821,0.0,0.0,0.004745855927467346
1785289812.6117842,0.0,0.0,0.004742720164358616
1785289812.6166687,0.0,0.0,0.004669504007324576
1785289812.6216419,0.0,0.0,0.004758463939651847
1785289812.6266387,0.0,0.0,0.004788896068930626
1785289812.6318326,0.0,0.0,0.004985983949154615
1785289812.6369214,0.0,0.0,0.004876959836110473
1785289812.641917,0.0,0.0,0.0047848960384726524
1785289812.6469164,0.0,0.0,0.004787808051332831
1785289812.6524167,0.0,0.0,0.005272960057482123
1785289812.658543,0.0,0.0,0.005869888002052903
1785289812.6635585,0.0,0.0,0.004776383982971311
1785289812.6686027,0.0,0.0,0.004824608098715544
1785289812.6735291,0.0,0.0,0.004712800029665232
1785289812.6785116,0.0,0.0,0.004771423991769552
1785289812.6835327,0.0,0.0,0.00480831996537745
1785289812.6885257,0.0,0.0,0.0047791998367756605
1785289812.6933765,0.0,0.0,0.004635840188711882
1785289812.6982317,0.0,0.0,0.004644864005967975
1785289812.7031643,0.0,0.0,0.00471967994235456
1785289812.7086864,0.0,0.0,0.005306432023644447
1785289812.714501,0.0,0.0,0.005555999930948019
1785289812.7195096,0.0,0.0,0.004774655913934112
1785289812.724604,0.0,0.0,0.00488038407638669
1785289812.7296185,0.0,0.0,0.004798080073669553
1785289812.7346473,0.0,0.0,0.004816255997866392
1785289812.7397609,0.0,0.0,0.0048993278760463
1785289812.7449093,0.0,0.0,0.004935040138661861
1785289812.7497694,0.0,0.0,0.0046487359795719385
1785289812.7546952,0.0,0.0,0.0047155520878732204
1785289812.7596102,0.0,0.0,0.004705344093963504
1785289812.7653763,0.0,0.0,0.005553887924179435
1785289812.771234,0.0,0.0,0.00560102378949523
1785289812.776256,0.0,0.0,0.004783328156918287
1785289812.7812362,0.0,0.0,0.004763136152178049
1785289812.7860885,0.0,0.0,0.004637792007997632
1785289812.7911537,0.0,0.0,0.004854528000578284
1785289812.7961712,0.0,0.0,0.004801471950486302
1785289812.8010752,0.0,0.0,0.004693024093285203
1785289812.8062649,0.0,0.0,0.004976192023605108
1785289812.8113043,0.0,0.0,0.004819008056074381
1785289812.8163898,0.0,0.0,0.004873984027653933
1785289812.822954,0.0,0.0,0.0063513279892504215
1785289812.8281941,0.0,0.0,0.004974048119038343
1785289812.8331897,0.0,0.0,0.004779135808348656
1785289812.838123,0.0,0.0,0.004716543946415186
1785289812.8430002,0.0,0.0,0.004664288135245442
1785289812.8480768,0.0,0.0,0.004848000127822161
1785289812.8530254,0.0,0.0,0.004735136171802878
1785289812.8578734,0.0,0.0,0.004639359889551997
1785289812.8628066,0.0,0.0,0.004719039890915155
1785289812.8677342,0.0,0.0,0.004718464100733399
1785289812.8730178,0.0,0.0,0.00507465610280633
1785289812.8796496,0.0,0.0,0.006377120036631823
1785289812.8846164,0.0,0.0,0.004728544037789106
1785289812.889536,0.0,0.0,0.004702976206317544
1785289812.8942895,0.0,0.0,0.004543808056041598
1785289812.8992004,0.0,0.0,0.004702047910541296
1785289812.904076,0.0,0.0,0.004661311861127615
1785289812.9089193,0.0,0.0,0.004630560055375099
1785289812.913735,0.0,0.0,0.004584928043186665
1785289812.9187932,0.0,0.0,0.0048635839484632015
1785289812.9237347,0.0,0.0,0.004730431828647852
1785289812.9292178,0.0,0.0,0.005269024055451155
1785289812.9354434,0.0,0.0,0.005965695949271321
1785289812.9404287,0.0,0.0,0.0047432000283151865
1785289812.945422,0.0,0.0,0.004775200039148331
1785289812.950385,0.0,0.0,0.0047549118753522635
1785289812.9554074,0.0,0.0,0.0048113600350916386
1785289812.9604087,0.0,0.0,0.004789888160303235
1785289812.9653358,0.0,0.0,0.004721375880762935
1785289812.9704027,0.0,0.0,0.004844863899052143
1785289812.9755564,0.0,0.0,0.00494121597148478
1785289812.9805217,0.0,0.0,0.00474736001342535
1785289812.986351,0.0,0.0,0.005615615984424949
1785289812.992349,0.0,0.0,0.0057505599688738585
1785289812.9974904,0.0,0.0,0.004909344017505646
1785289813.0025625,0.0,0.0,0.004858079832047224
1785289813.0075188,0.0,0.0,0.004737023962661624
1785289813.0124388,0.0,0.0,0.004707007901743054
1785289813.0172837,0.0,0.0,0.004634656012058258
1785289813.0222087,0.0,0.0,0.00471747200936079
1785289813.0272827,0.0,0.0,0.004862080095335841
1785289813.0321326,0.0,0.0,0.004640607861801982
1785289813.0370758,0.0,0.0,0.0047332479152828455
1785289813.0436447,0.0,0.0,0.00635763187892735
1785289813.0487244,0.0,0.0,0.0048259838949888945
1785289813.0536544,0.0,0.0,0.004716095980256796
1785289813.0587451,0.0,0.0,0.004874431993812323
1785289813.0637188,0.0,0.0,0.004760704003274441
1785289813.0687256,0.0,0.0,0.0047955201007425785
1785289813.0736854,0.0,0.0,0.004748640116304159
1785289813.0786986,0.0,0.0,0.004798687994480133
1785289813.0838027,0.0,0.0,0.004893088014796376
1785289813.0887887,0.0,0.0,0.004770528059452772
1785289813.0942059,0.0,0.0,0.005200959974899888
1785289813.1006126,0.0,0.0,0.006153024034574628
1785289813.1057894,0.0,0.0,0.004936832003295422
1785289813.1109138,0.0,0.0,0.0048747200053185225
1785289813.116055,0.0,0.0,0.004899040097370744
1785289813.1210442,0.0,0.0,0.004777631955221295
1785289813.1259787,0.0,0.0,0.0047213120851665735
1785289813.1310167,0.0,0.0,0.004826560150831938
1785289813.136098,0.0,0.0,0.004844767972826958
1785289813.140966,0.0,0.0,0.00465603219345212
1785289813.1460009,0.0,0.0,0.004822144052013755
1785289813.1517193,0.0,0.0,0.005508607951924205
1785289813.157806,0.0,0.0,0.005820192163810134
1785289813.162974,0.0,0.0,0.004930656170472503
1785289813.1681757,0.0,0.0,0.004965664120391011
1785289813.1731188,0.0,0.0,0.004730015993118286
1785289813.1779916,0.0,0.0,0.00465990393422544
1785289813.18293,0.0,0.0,0.0047296639531850815
1785289813.187916,0.0,0.0,0.004756672075018287
1785289813.1929514,0.0,0.0,0.004820191999897361
1785289813.1978178,0.0,0.0,0.004651552066206932
1785289813.2026567,0.0,0.0,0.004625183995813131
1785289813.2084837,0.0,0.0,0.005614144029095769
1785289813.2143288,0.0,0.0,0.00559600000269711
1785289813.219371,0.0,0.0,0.004809984005987644
1785289813.22421,0.0,0.0,0.004621696192771196
1785289813.2291877,0.0,0.0,0.004765663994476199
1785289813.234211,0.0,0.0,0.004810400074347854
1785289813.2393095,0.0,0.0,0.00487920013256371
1785289813.244246,0.0,0.0,0.004727391991764307
1785289813.2492948,0.0,0.0,0.004837280139327049
1785289813.2543926,0.0,0.0,0.004885151982307434
1785289813.2594228,0.0,0.0,0.004813631996512413
1785289813.2658818,0.0,0.0,0.00601343996822834
1785289813.2708287,0.0,0.0,0.004704671911895275
1785289813.2758512,0.0,0.0,0.004801247967407107
1785289813.2808075,0.0,0.0,0.004742528079077601
1785289813.2858355,0.0,0.0,0.004811167949810624
1785289813.2907162,0.0,0.0,0.004668447887524962
1785289813.2956388,0.0,0.0,0.004709088010713458
1785289813.3006892,0.0,0.0,0.004837407963350415
1785289813.3055565,0.0,0.0,0.004653055919334292
1785289813.3104916,0.0,0.0,0.004726495826616883
1785289813.315879,0.0,0.0,0.005170335993170738
1785289813.3222315,0.0,0.0,0.006090143928304315
1785289813.3271437,0.0,0.0,0.004677247954532504
1785289813.3321054,0.0,0.0,0.0047476161271333694
1785289813.337187,0.0,0.0,0.004867999814450741
1785289813.3422184,0.0,0.0,0.004819135880097747
1785289813.3471787,0.0,0.0,0.004739295924082398
1785289813.352117,0.0,0.0,0.0047257281839847565
1785289813.3570526,0.0,0.0,0.004726944025605917
1785289813.3620133,0.0,0.0,0.0047486398834735155
1785289813.3671613,0.0,0.0,0.004938431782647967
1785289813.372733,0.0,0.0,0.00534415990114212
1785289813.3787856,0.0,0.0,0.005788415903225541
1785289813.3838363,0.0,0.0,0.004815872060135007
1785289813.3886664,0.0,0.0,0.0046035838313400745
1785289813.3935409,0.0,0.0,0.004659679951146245
1785289813.3986802,0.0,0.0,0.004928383976221085
1785289813.4038756,0.0,0.0,0.004975647898390889
1785289813.4089158,0.0,0.0,0.00482476782053709
1785289813.4140089,0.0,0.0,0.004882815992459655
1785289813.4190083,0.0,0.0,0.0047880958300083876
1785289813.4239516,0.0,0.0,0.004715712042525411
1785289813.4297824,0.0,0.0,0.005618944065645337
1785289813.4357147,0.0,0.0,0.005676320055499673
1785289813.4406703,0.0,0.0,0.0047192322090268135
1785289813.4455721,0.0,0.0,0.004680671961978078
1785289813.4506943,0.0,0.0,0.004905408015474677
1785289813.4557931,0.0,0.0,0.004887295886874199
1785289813.4606678,0.0,0.0,0.004657856188714504
1785289813.4656126,0.0,0.0,0.0047269759234040976
1785289813.47054,0.0,0.0,0.004712159978225827
1785289813.4755406,0.0,0.0,0.004789408063516021
1785289813.4805102,0.0,0.0,0.004760704003274441
1785289813.4870763,0.0,0.0,0.006289504002779722
1785289813.492041,0.0,0.0,0.004707199987024069
1785289813.4969308,0.0,0.0,0.004672287963330746
1785289813.5020804,0.0,0.0,0.004934112075716257
1785289813.5071385,0.0,0.0,0.004841631976887584
1785289813.5122647,0.0,0.0,0.004909983836114407
1785289813.5171406,0.0,0.0,0.004656575853005052
1785289813.5220578,0.0,0.0,0.004705728031694889
1785289813.5269058,0.0,0.0,0.004634111886844039
1785289813.531839,0.0,0.0,0.004704511957243085
1785289813.5371704,0.0,0.0,0.005129983881488442
1785289813.5434875,0.0,0.0,0.006054335972294211
1785289813.5485282,0.0,0.0,0.004804000025615096
1785289813.5535305,0.0,0.0,0.004781439900398254
1785289813.5585988,0.0,0.0,0.004850432043895125
1785289813.5637767,0.0,0.0,0.004961440106853843
1785289813.5687628,0.0,0.0,0.004767903825268149
1785289813.573666,0.0,0.0,0.004691775888204575
1785289813.5786428,0.0,0.0,0.0047635838855057955
1785289813.5836296,0.0,0.0,0.00477782404050231
1785289813.5885248,0.0,0.0,0.004684191895648837
1785289813.5941136,0.0,0.0,0.005373663967475295
1785289813.6001906,0.0,0.0,0.005814528092741966
1785289813.605359,0.0,0.0,0.004931615898385644
1785289813.6103132,0.0,0.0,0.004735232098028064
1785289813.6156268,0.0,0.0,0.005099679809063673
1785289813.620807,0.0,0.0,0.004964800085872412
1785289813.6259875,0.0,0.0,0.004968672059476376
1785289813.6310647,0.0,0.0,0.004866079892963171
1785289813.6360507,0.0,0.0,0.00474736001342535
1785289813.6409547,0.0,0.0,0.004696799907833338
1785289813.645976,0.0,0.0,0.004812288098037243
1785289813.6526768,0.0,0.0,0.006489536026492715
1785289813.657707,0.0,0.0,0.004791487939655781
1785289813.6627345,0.0,0.0,0.004810303915292025
1785289813.6677577,0.0,0.0,0.004814719781279564
1785289813.672678,0.0,0.0,0.004704191815108061
1785289813.6776822,0.0,0.0,0.004788608057424426
1785289813.682734,0.0,0.0,0.00483747199177742
1785289813.6876926,0.0,0.0,0.004748031962662935
1785289813.692739,0.0,0.0,0.004829631885513663
1785289813.6976907,0.0,0.0,0.004737280076369643
1785289813.7031307,0.0,0.0,0.005224767839536071
1785289813.7094212,0.0,0.0,0.006035103928297758
1785289813.71445,0.0,0.0,0.004788127960637212
1785289813.7196856,0.0,0.0,0.005012895911931992
1785289813.7247066,0.0,0.0,0.00480668805539608
1785289813.7297935,0.0,0.0,0.004875712096691132
1785289813.7346358,0.0,0.0,0.0046293120831251144
1785289813.7396028,0.0,0.0,0.004752672044560313
1785289813.7446275,0.0,0.0,0.004809727892279625
1785289813.749551,0.0,0.0,0.004713152069598436
1785289813.7545538,0.0,0.0,0.0047856641467660666
1785289813.7604241,0.0,0.0,0.00565679999999702
1785289813.7665615,0.0,0.0,0.0059068158734589815
1785289813.771771,0.0,0.0,0.004968960070982575
1785289813.776824,0.0,0.0,0.004832895938307047
1785289813.7818148,0.0,0.0,0.004768864018842578
1785289813.7868629,0.0,0.0,0.004841760033741593
1785289813.7917979,0.0,0.0,0.004715743940323591
1785289813.7967155,0.0,0.0,0.004704832099378109
1785289813.801613,0.0,0.0,0.004686464089900255
1785289813.8066938,0.0,0.0,0.004870975855737925
1785289813.8117213,0.0,0.0,0.004814624087885022
1785289813.81833,0.0,0.0,0.006392768118530512
1785289813.8234277,0.0,0.0,0.004860511980950832
1785289813.8283203,0.0,0.0,0.004670304013416171
1785289813.8333483,0.0,0.0,0.004807168152183294
1785289813.8382802,0.0,0.0,0.00471776002086699
1785289813.8433254,0.0,0.0,0.004815263906493783
1785289813.8483632,0.0,0.0,0.004842496011406183
1785289813.8533428,0.0,0.0,0.0047691198997199535
1785289813.8582182,0.0,0.0,0.004656575853005052
1785289813.8632574,0.0,0.0,0.004829695913940668
1785289813.868783,0.0,0.0,0.005312063964083791
1785289813.8750846,0.0,0.0,0.0060487359296530485
1785289813.880085,0.0,0.0,0.004736959934234619
1785289813.8850257,0.0,0.0,0.0047204161528497934
1785289813.8900352,0.0,0.0,0.004793120082467794
1785289813.894968,0.0,0.0,0.004717695992439985
1785289813.8998866,0.0,0.0,0.004671711940318346
1785289813.9048295,0.0,0.0,0.004734560148790479
1785289813.9097505,0.0,0.0,0.004714304115623236
1785289813.9146385,0.0,0.0,0.004682175815105438
1785289813.9198322,0.0,0.0,0.004982080077752471
1785289813.925305,0.0,0.0,0.005259296158328652
1785289813.9315205,0.0,0.0,0.005961568094789982
1785289813.9367018,0.0,0.0,0.004943360108882189
1785289813.9416528,0.0,0.0,0.004737344104796648
1785289813.9466584,0.0,0.0,0.004792863968759775
1785289813.951609,0.0,0.0,0.004739647964015603
1785289813.9564998,0.0,0.0,0.0046803520526736975
1785289813.961355,0.0,0.0,0.004647456109523773
1785289813.966388,0.0,0.0,0.004825280047953129
1785289813.9713063,0.0,0.0,0.004708991851657629
1785289813.9762063,0.0,0.0,0.004694431787356734
1785289813.9818788,0.0,0.0,0.005456896033138037
1785289813.987963,0.0,0.0,0.0058188161347061396
1785289813.992887,0.0,0.0,0.0046834880486130714
1785289813.9979484,0.0,0.0,0.004843039903789759
1785289814.0032346,0.0,0.0,0.005074848188087344
1785289814.0083156,0.0,0.0,0.004860319895669818
1785289814.0133452,0.0,0.0,0.004815615946426988
1785289814.018364,0.0,0.0,0.004806431941688061
1785289814.0233996,0.0,0.0,0.00482428795658052
1785289814.0284111,0.0,0.0,0.004800095921382308
1785289814.0333354,0.0,0.0,0.004710783949121833
1785289814.0398934,0.0,0.0,0.006345120025798678
1785289814.044891,0.0,0.0,0.004758911905810237
1785289814.0499086,0.0,0.0,0.00479321600869298
1785289814.0548172,0.0,0.0,0.004693600116297603
1785289814.0597281,0.0,0.0,0.004695648094639182
1785289814.0645235,0.0,0.0,0.004581759916618466
1785289814.0694995,0.0,0.0,0.0047687680926173925
1785289814.0744345,0.0,0.0,0.004724512109532952
1785289814.079381,0.0,0.0,0.004735775990411639
1785289814.0843337,0.0,0.0,0.004740511998534203
1785289814.0894365,0.0,0.0,0.004845343995839357
1785289814.0959556,0.0,0.0,0.006247007986530662
1785289814.1009638,0.0,0.0,0.004772288026288152
1785289814.1059396,0.0,0.0,0.004754624096676707
1785289814.1108344,0.0,0.0,0.004687040112912655
1785289814.1157467,0.0,0.0,0.004703231854364276
1785289814.120915,0.0,0.0,0.004958431934937835
1785289814.1259792,0.0,0.0,0.0048507521860301495
1785289814.131167,0.0,0.0,0.004977760137990117
1785289814.1361916,0.0,0.0,0.004772000014781952
1785289814.1411815,0.0,0.0,0.004767392063513398
1785289814.1467218,0.0,0.0,0.005322879878804088
1785289814.1530404,0.0,0.0,0.006061503896489739
1785289814.1580267,0.0,0.0,0.004751743981614709
1785289814.1629798,0.0,0.0,0.004730272106826305
1785289814.1680906,0.0,0.0,0.0048668161034584045
1785289814.17316,0.0,0.0,0.004856384126469493
1785289814.1781862,0.0,0.0,0.004813984036445618
1785289814.1832068,0.0,0.0,0.0048055041115731
1785289814.1881256,0.0,0.0,0.004708992084488273
1785289814.1931083,0.0,0.0,0.004775200039148331
1785289814.1980155,0.0,0.0,0.004699199926108122
1785289814.20401,0.0,0.0,0.005779200000688434
1785289814.2097213,0.0,0.0,0.0054395198822021484
1785289814.2149284,0.0,0.0,0.004978944081813097
1785289814.2197652,0.0,0.0,0.004604479996487498
1785289814.2247643,0.0,0.0,0.004786687903106213
1785289814.2297575,0.0,0.0,0.00478182383812964
1785289814.23493,0.0,0.0,0.0049614079762250185
1785289814.2398794,0.0,0.0,0.004721600096672773
1785289814.2448535,0.0,0.0,0.0047590399626642466
1785289814.2497644,0.0,0.0,0.004698559874668717
1785289814.254776,0.0,0.0,0.00480742403306067
1785289814.261457,0.0,0.0,0.006471744040027261
1785289814.26668,0.0,0.0,0.004977919859811664
1785289814.2717886,0.0,0.0,0.004886016016826034
1785289814.27673,0.0,0.0,0.004727231804281473
1785289814.2817745,0.0,0.0,0.004831968108192086
1785289814.2866316,0.0,0.0,0.004647968104109168
1785289814.2917461,0.0,0.0,0.004898655926808715
1785289814.2967045,0.0,0.0,0.0047453760635107756
1785289814.3016064,0.0,0.0,0.004691040143370628
1785289814.3065236,0.0,0.0,0.004706304054707289
1785289814.3119805,0.0,0.0,0.005244415951892734
1785289814.3182347,0.0,0.0,0.005994015838950872
1785289814.3234713,0.0,0.0,0.004997536074370146
1785289814.328467,0.0,0.0,0.004776095971465111
1785289814.3333972,0.0,0.0,0.004711072193458676
1785289814.338301,0.0,0.0,0.00469171185977757
1785289814.3433785,0.0,0.0,0.004868576070293784
1785289814.3482497,0.0,0.0,0.004649600014090538
1785289814.3531904,0.0,0.0,0.004727391991764307
1785289814.3581388,0.0,0.0,0.004739807918667793
1785289814.3630676,0.0,0.0,0.00471833604387939
1785289814.368763,0.0,0.0,0.00546252797357738
1785289814.3748817,0.0,0.0,0.005845408188179135
1785289814.3798032,0.0,0.0,0.004663839936256409
1785289814.3848665,0.0,0.0,0.004844703944399953
1785289814.3897948,0.0,0.0,0.0047128640580922365
1785289814.3947995,0.0,0.0,0.0047936958726495504
1785289814.3998013,0.0,0.0,0.004789471859112382
1785289814.4047458,0.0,0.0,0.004733823938295245
1785289814.409762,0.0,0.0,0.00480505614541471
1785289814.414682,0.0,0.0,0.0047073280438780785
1785289814.4195962,0.0,0.0,0.0047025601379573345
1785289814.4255466,0.0,0.0,0.005735744023695588
1785289814.4315553,0.0,0.0,0.005745247937738895
1785289814.4365592,0.0,0.0,0.004769471939653158
1785289814.4415298,0.0,0.0,0.004753248067572713
1785289814.4465835,0.0,0.0,0.0048380158841609955
1785289814.4517426,0.0,0.0,0.0049474239349365234
1785289814.4568403,0.0,0.0,0.0048817601054906845
1785289814.4618628,0.0,0.0,0.004806720186024904
1785289814.466878,0.0,0.0,0.004803679883480072
1785289814.4718158,0.0,0.0,0.0047265279572457075
1785289814.4770608,0.0,0.0,0.005029151914641261
1785289814.4836903,0.0,0.0,0.0063649918884038925
1785289814.4887414,0.0,0.0,0.004805919947102666
1785289814.493797,0.0,0.0,0.004838719964027405
1785289814.4987364,0.0,0.0,0.004727680003270507
1785289814.503971,0.0,0.0,0.005022976081818342
1785289814.5090616,0.0,0.0,0.004874048056080937
1785289814.5140839,0.0,0.0,0.004807263845577836
1785289814.5190132,0.0,0.0,0.004716512048617005
1785289814.523932,0.0,0.0,0.0046877439599484205
1785289814.5288525,0.0,0.0,0.0047074558679014444
1785289814.5344865,0.0,0.0,0.005420543951913714
1785289814.5405047,0.0,0.0,0.005761952139437199
1785289814.5456479,0.0,0.0,0.004908415954560041
1785289814.5506735,0.0,0.0,0.004811040125787258
1785289814.555607,0.0,0.0,0.00472102384082973
1785289814.5607214,0.0,0.0,0.004901951877400279
1785289814.5657847,0.0,0.0,0.00485449586994946
1785289814.5707335,0.0,0.0,0.0047358081210404634
1785289814.5756712,0.0,0.0,0.004725791979581118
1785289814.580713,0.0,0.0,0.004831008147448301
1785289814.5855584,0.0,0.0,0.004634240176528692
1785289814.5916796,0.0,0.0,0.00590896001085639
1785289814.5972824,0.0,0.0,0.005351104075089097
1785289814.602409,0.0,0.0,0.004892800003290176
1785289814.6074631,0.0,0.0,0.00483747199177742
1785289814.612531,0.0,0.0,0.004857407882809639
1785289814.6175458,0.0,0.0,0.0048056961968541145
1785289814.622704,0.0,0.0,0.004949120106175542
1785289814.6277478,0.0,0.0,0.0048328000120818615
1785289814.6326065,0.0,0.0,0.004643583903089166
1785289814.6376681,0.0,0.0,0.004854080034419894
1785289814.6429543,0.0,0.0,0.005072543863207102
1785289814.6493149,0.0,0.0,0.006089792121201754
1785289814.6544504,0.0,0.0,0.004892767872661352
1785289814.6594596,0.0,0.0,0.004795807879418135
1785289814.664411,0.0,0.0,0.004740544129163027
1785289814.6694632,0.0,0.0,0.004841631976887584
1785289814.6745088,0.0,0.0,0.00483494414947927
1785289814.6794052,0.0,0.0,0.004686943953856826
1785289814.684371,0.0,0.0,0.004754688125103712
1785289814.6894324,0.0,0.0,0.00485046417452395
1785289814.6944294,0.0,0.0,0.004783520009368658
1785289814.7000144,0.0,0.0,0.0053754879627376795
1785289814.706093,0.0,0.0,0.0058208960108459
1785289814.7111888,0.0,0.0,0.004862432135269046
1785289814.7162836,0.0,0.0,0.004874176112934947
1785289814.7213726,0.0,0.0,0.004872319987043738
1785289814.7264597,0.0,0.0,0.004876832012087107
1785289814.7314816,0.0,0.0,0.004810784012079239
1785289814.736496,0.0,0.0,0.004800223978236318
1785289814.7414792,0.0,0.0,0.004772576037794352
1785289814.7464356,0.0,0.0,0.004738591844215989
1785289814.7515771,0.0,0.0,0.004926687804982066
1785289814.7575788,0.0,0.0,0.005798559868708253
1785289814.7632525,0.0,0.0,0.005422528134658933
1785289814.7681236,0.0,0.0,0.004648831905797124
1785289814.773132,0.0,0.0,0.004790815990418196
1785289814.7781522,0.0,0.0,0.004808352096006274
1785289814.783087,0.0,0.0,0.004726080223917961
1785289814.7881021,0.0,0.0,0.0047808000817894936
1785289814.7930737,0.0,0.0,0.004756832029670477
1785289814.7980654,0.0,0.0,0.004780960036441684
1785289814.8031964,0.0,0.0,0.0049179838970303535
1785289814.8082201,0.0,0.0,0.004807648016139865
1785289814.8148894,0.0,0.0,0.006163776153698564
1785289814.8199477,0.0,0.0,0.004790912149474025
1785289814.8248692,0.0,0.0,0.0046991039998829365
1785289814.8298454,0.0,0.0,0.004761695861816406
1785289814.8349972,0.0,0.0,0.00493958406150341
1785289814.8400354,0.0,0.0,0.004801216069608927
1785289814.844973,0.0,0.0,0.004722336074337363
1785289814.8499243,0.0,0.0,0.004742559976875782
1785289814.854921,0.0,0.0,0.004786112112924457
1785289814.860066,0.0,0.0,0.004920287989079952
1785289814.8656948,0.0,0.0,0.00541811203584075
1785289814.8719518,0.0,0.0,0.0059953921008855104
1785289814.8769667,0.0,0.0,0.004777952097356319
1785289814.8819165,0.0,0.0,0.004735456081107259
1785289814.8871505,0.0,0.0,0.005024960031732917
1785289814.8922513,0.0,0.0,0.004883008077740669
1785289814.8973315,0.0,0.0,0.004847872070968151
1785289814.9023974,0.0,0.0,0.004870367934927344
1785289814.9073627,0.0,0.0,0.004754592198878527
1785289814.9123814,0.0,0.0,0.004799327813088894
1785289814.9173536,0.0,0.0,0.004761472111567855
1785289814.923292,0.0,0.0,0.005725216120481491
1785289814.9290307,0.0,0.0,0.005484127905219793
1785289814.9341388,0.0,0.0,0.004876096034422517
1785289814.9392374,0.0,0.0,0.004879071842879057
1785289814.9443893,0.0,0.0,0.004939360078424215
1785289814.9494667,0.0,0.0,0.004856992047280073
1785289814.9544952,0.0,0.0,0.004815967986360192
1785289814.9595897,0.0,0.0,0.004880768014118075
1785289814.9646206,0.0,0.0,0.004773247987031937
1785289814.9697864,0.0,0.0,0.004958559991791844
1785289814.9751065,0.0,0.0,0.005100735928863287
1785289814.981423,0.0,0.0,0.0060434238985180855
1785289814.9865427,0.0,0.0,0.004882047884166241
1785289814.9916,0.0,0.0,0.004834783961996436
1785289814.9965384,0.0,0.0,0.004720800090581179
1785289815.001414,0.0,0.0,0.004664544016122818
1785289815.0062869,0.0,0.0,0.004657344194129109
1785289815.011277,0.0,0.0,0.004777760012075305
1785289815.0161633,0.0,0.0,0.004676640033721924
1785289815.0210748,0.0,0.0,0.004701120080426335
1785289815.0260277,0.0,0.0,0.004737759940326214
1785289815.0315528,0.0,0.0,0.005309120053425431
1785289815.0376012,0.0,0.0,0.005817183991894126
1785289815.0425794,0.0,0.0,0.004744415869936347
1785289815.0476508,0.0,0.0,0.00485139200463891
1785289815.0525658,0.0,0.0,0.004697120049968362
1785289815.057384,0.0,0.0,0.004609248135238886
1785289815.0624573,0.0,0.0,0.004857695894315839
1785289815.0676458,0.0,0.0,0.004970400128513575
1785289815.0726955,0.0,0.0,0.004834912018850446
1785289815.077746,0.0,0.0,0.004830047953873873
1785289815.082726,0.0,0.0,0.0047673918306827545
1785289815.088581,0.0,0.0,0.00564262387342751
1785289815.0942512,0.0,0.0,0.005440256092697382
1785289815.099389,0.0,0.0,0.004903743974864483
1785289815.1043963,0.0,0.0,0.004791072104126215
1785289815.1094024,0.0,0.0,0.0047954239416867495
1785289815.1144552,0.0,0.0,0.004842719994485378
1785289815.1193407,0.0,0.0,0.004675168078392744
1785289815.1242542,0.0,0.0,0.004701856058090925
1785289815.129024,0.0,0.0,0.00455737579613924
1785289815.1338897,0.0,0.0,0.004655263852328062
1785289815.1389055,0.0,0.0,0.004806239856407046
1785289815.1449819,0.0,0.0,0.0058456959668546915
1785289815.1505747,0.0,0.0,0.004774624016135931
1785289815.1554558,0.0,0.0,0.004652000032365322
1785289815.1604512,0.0,0.0,0.0047470079734921455
1785289815.1654713,0.0,0.0,0.004799168091267347
1785289815.1704788,0.0,0.0,0.0047823358327150345
1785289815.1754506,0.0,0.0,0.004754111869260669
1785289815.1805255,0.0,0.0,0.004859807901084423
1785289815.1854627,0.0,0.0,0.00472073582932353
1785289815.1902933,0.0,0.0,0.004624736029654741
1785289815.19548,0.0,0.0,0.004922208143398166
1785289815.2021663,0.0,0.0,0.006225120043382049
1785289815.207148,0.0,0.0,0.004739584168419242
1785289815.212012,0.0,0.0,0.004645184148102999
1785289815.2168891,0.0,0.0,0.004671999951824546
1785289815.221684,0.0,0.0,0.004587808158248663
1785289815.2266521,0.0,0.0,0.004762368043884635
1785289815.2316976,0.0,0.0,0.004832415841519833
1785289815.2367098,0.0,0.0,0.004803040064871311
1785289815.2417219,0.0,0.0,0.004802144132554531
1785289815.2466156,0.0,0.0,0.004681376041844487
1785289815.2519107,0.0,0.0,0.005082399817183614
1785289815.258319,0.0,0.0,0.0061442560981959105
1785289815.2632875,0.0,0.0,0.004730560118332505
1785289815.2682097,0.0,0.0,0.004700639983639121
1785289815.2730532,0.0,0.0,0.004627136047929525
1785289815.2779117,0.0,0.0,0.004649920156225562
1785289815.2827742,0.0,0.0,0.004653664072975516
1785289815.287964,0.0,0.0,0.00497155194170773
1785289815.2927887,0.0,0.0,0.004613504046574235
1785289815.2976382,0.0,0.0,0.004639168037101626
1785289815.3026843,0.0,0.0,0.004836415871977806
1785289815.3081825,0.0,0.0,0.005287776002660394
1785289815.314345,0.0,0.0,0.005933600012212992
1785289815.3193378,0.0,0.0,0.004757279995828867
1785289815.3243132,0.0,0.0,0.0047549118753522635
1785289815.329328,0.0,0.0,0.004797631874680519
1785289815.3342159,0.0,0.0,0.00467619183473289
1785289815.339198,0.0,0.0,0.004772576037794352
1785289815.3441634,0.0,0.0,0.004754592198878527
1785289815.3493502,0.0,0.0,0.004962560022249818
1785289815.354456,0.0,0.0,0.0048889280296862125
1785289815.3594253,0.0,0.0,0.004757312126457691
1785289815.3650703,0.0,0.0,0.005429023876786232
1785289815.3710504,0.0,0.0,0.005722528090700507
1785289815.376168,0.0,0.0,0.004842848051339388
1785289815.381129,0.0,0.0,0.004741055890917778
1785289815.3860338,0.0,0.0,0.0046888000797480345
1785289815.3909314,0.0,0.0,0.004684640094637871
1785289815.395948,0.0,0.0,0.004790975945070386
1785289815.400904,0.0,0.0,0.004742655903100967
1785289815.4058635,0.0,0.0,0.004747295984998345
1785289815.4109592,0.0,0.0,0.004885504022240639
1785289815.4159665,0.0,0.0,0.004773247987031937
1785289815.4218407,0.0,0.0,0.0056582719553261995
1785289815.427504,0.0,0.0,0.00474896002560854
1785289815.4323862,0.0,0.0,0.0046600960195064545
1785289815.4374084,0.0,0.0,0.00480726407840848
1785289815.4423637,0.0,0.0,0.004742688033729792
1785289815.4472952,0.0,0.0,0.004725887905806303
1785289815.4521203,0.0,0.0,0.004620895953848958
1785289815.456959,0.0,0.0,0.0046319360844790936
1785289815.4619277,0.0,0.0,0.004759392002597451
1785289815.4668353,0.0,0.0,0.004698784090578556
1785289815.4717228,0.0,0.0,0.0046775678638368845
1785289815.4784238,0.0,0.0,0.0064881599973887205
1785289815.4834936,0.0,0.0,0.004826720105484128
1785289815.4884949,0.0,0.0,0.00477651203982532
1785289815.4935105,0.0,0.0,0.004796063993126154
1785289815.4984362,0.0,0.0,0.004711360204964876
1785289815.50335,0.0,0.0,0.004705632105469704
1785289815.508216,0.0,0.0,0.004654688062146306
1785289815.513177,0.0,0.0,0.004751616157591343
1785289815.5181623,0.0,0.0,0.004770719911903143
1785289815.5232594,0.0,0.0,0.004889087984338403
1785289815.5285113,0.0,0.0,0.005033568013459444
1785289815.534829,0.0,0.0,0.006093183998018503
1785289815.539976,0.0,0.0,0.004909600131213665
1785289815.5449774,0.0,0.0,0.004776896210387349
1785289815.5500276,0.0,0.0,0.0048381120432168245
1785289815.5551388,0.0,0.0,0.004898239858448505
1785289815.5600648,0.0,0.0,0.004704255843535066
1785289815.5651197,0.0,0.0,0.00483910390175879
1785289815.5699763,0.0,0.0,0.004638175945729017
1785289815.5749836,0.0,0.0,0.004797408124431968
1785289815.5799515,0.0,0.0,0.00473478389903903
1785289815.585439,0.0,0.0,0.005274239927530289
1785289815.5915604,0.0,0.0,0.005867007886990905
1785289815.5966206,0.0,0.0,0.00482179201208055
1785289815.601683,0.0,0.0,0.004843488102778792
1785289815.6067104,0.0,0.0,0.004814688116312027
1785289815.6118035,0.0,0.0,0.004881600150838494
1785289815.6167998,0.0,0.0,0.004781343974173069
1785289815.621946,0.0,0.0,0.004929760005325079
1785289815.6267862,0.0,0.0,0.004632352152839303
1785289815.6318727,0.0,0.0,0.004875648068264127
1785289815.6368618,0.0,0.0,0.004775999812409282
1785289815.6427608,0.0,0.0,0.005688543897122145
1785289815.648561,0.0,0.0,0.005543455947190523
1785289815.6536891,0.0,0.0,0.004886271897703409
1785289815.6587095,0.0,0.0,0.004803295945748687
1785289815.6639326,0.0,0.0,0.005006400169804692
1785289815.6690178,0.0,0.0,0.004871968179941177
1785289815.6739872,0.0,0.0,0.0047596481163054705
1785289815.6790433,0.0,0.0,0.004848991986364126
1785289815.6841345,0.0,0.0,0.0048623038455843925
1785289815.6890464,0.0,0.0,0.004695712123066187
1785289815.6943188,0.0,0.0,0.005058623850345612
1785289815.7007728,0.0,0.0,0.006187007995322347
1785289815.705832,0.0,0.0,0.004819808062165976
1785289815.7107825,0.0,0.0,0.004731071880087256
1785289815.715653,0.0,0.0,0.004656319972127676
1785289815.7206268,0.0,0.0,0.004765344085171819
1785289815.725693,0.0,0.0,0.004853951977565885
1785289815.730743,0.0,0.0,0.004839455941691995
1785289815.7357407,0.0,0.0,0.004783487878739834
1785289815.7408254,0.0,0.0,0.004875136073678732
1785289815.74584,0.0,0.0,0.004803776042535901
1785289815.7515259,0.0,0.0,0.005475679878145456
1785289815.7576985,0.0,0.0,0.005942272022366524
1785289815.762738,0.0,0.0,0.004805312026292086
1785289815.767692,0.0,0.0,0.004739103838801384
1785289815.7728143,0.0,0.0,0.004905184032395482
1785289815.777838,0.0,0.0,0.00480742403306067
1785289815.7827709,0.0,0.0,0.004720831988379359
1785289815.7877622,0.0,0.0,0.004780288087204099
1785289815.792814,0.0,0.0,0.004837504122406244
1785289815.7977872,0.0,0.0,0.004762431839480996
1785289815.8028154,0.0,0.0,0.004816512111574411
1785289815.8086421,0.0,0.0,0.005606431979686022
1785289815.8143783,0.0,0.0,0.005471295909956098
1785289815.8196058,0.0,0.0,0.004994912073016167
1785289815.824615,0.0,0.0,0.004787103971466422
1785289815.8294508,0.0,0.0,0.004616576014086604
1785289815.834467,0.0,0.0,0.004803071962669492
1785289815.839509,0.0,0.0,0.004829152021557093
1785289815.8444312,0.0,0.0,0.004708895925432444
1785289815.8492663,0.0,0.0,0.004627359798178077
1785289815.8543246,0.0,0.0,0.004848512122407556
1785289815.8595088,0.0,0.0,0.0049749440513551235
1785289815.8661976,0.0,0.0,0.006303359987214208
1785289815.8711746,0.0,0.0,0.004728863947093487
1785289815.876109,0.0,0.0,0.004711360204964876
1785289815.8810058,0.0,0.0,0.004683264065533876
1785289815.8859568,0.0,0.0,0.004740959964692593
1785289815.890907,0.0,0.0,0.004740832140669227
1785289815.895994,0.0,0.0,0.004855104023590684
1785289815.9008548,0.0,0.0,0.0046505918726325035
1785289815.9058616,0.0,0.0,0.004798431880772114
1785289815.9108946,0.0,0.0,0.004821856040507555
1785289815.9163775,0.0,0.0,0.005254240008071065
1785289815.9225907,0.0,0.0,0.005981375928968191
1785289815.9277546,0.0,0.0,0.004928448004648089
1785289815.9326901,0.0,0.0,0.004711871966719627
1785289815.9376783,0.0,0.0,0.004771423991769552
1785289815.9426043,0.0,0.0,0.0047142719849944115
1785289815.9475408,0.0,0.0,0.004726815968751907
1785289815.9526317,0.0,0.0,0.004870495991781354
1785289815.9576118,0.0,0.0,0.004765088204294443
1785289815.9625459,0.0,0.0,0.004723328165709972
1785289815.9674983,0.0,0.0,0.0047414719592779875
1785289815.9732559,0.0,0.0,0.0055399679113179445
1785289815.9793015,0.0,0.0,0.005786240100860596
1785289815.9843957,0.0,0.0,0.004859231878072023
1785289815.989372,0.0,0.0,0.004761663964018226
1785289815.9943871,0.0,0.0,0.004806367913261056
1785289815.999553,0.0,0.0,0.004953280091285706
1785289816.004418,0.0,0.0,0.004649120150133967
1785289816.0094419,0.0,0.0,0.0048110398929566145
1785289816.0142643,0.0,0.0,0.004611423937603831
1785289816.0193055,0.0,0.0,0.004828640026971698
1785289816.0242925,0.0,0.0,0.004775648005306721
1785289816.030219,0.0,0.0,0.005713856080546975
1785289816.035768,0.0,0.0,0.005291904089972377
1785289816.040681,0.0,0.0,0.004681887803599238
1785289816.045647,0.0,0.0,0.00474675209261477
1785289816.050671,0.0,0.0,0.004819103982299566
1785289816.055668,0.0,0.0,0.004783136071637273
1785289816.060529,0.0,0.0,0.0046499199233949184
1785289816.0656083,0.0,0.0,0.0048620798625051975
1785289816.0705814,0.0,0.0,0.0047616001684218645
1785289816.0755236,0.0,0.0,0.004727775929495692
1785289816.0804284,0.0,0.0,0.004693120019510388
1785289816.087185,0.0,0.0,0.006550464080646634
1785289816.092081,0.0,0.0,0.004660800099372864
1785289816.0970955,0.0,0.0,0.004797535948455334
1785289816.101999,0.0,0.0,0.004684543935582042
1785289816.1068838,0.0,0.0,0.004670111928135157
1785289816.1119545,0.0,0.0,0.004844800103455782
1785289816.1169977,0.0,0.0,0.004825888201594353
1785289816.1220725,0.0,0.0,0.004863231908529997
1785289816.1271257,0.0,0.0,0.004835455911234021
1785289816.1322713,0.0,0.0,0.004916480043902993
1785289816.137856,0.0,0.0,0.005370911909267306
1785289816.144047,0.0,0.0,0.005927775986492634
1785289816.1490257,0.0,0.0,0.004738176008686423
1785289816.1540792,0.0,0.0,0.0048330239951610565
1785289816.1592162,0.0,0.0,0.004925600020214915
1785289816.1641092,0.0,0.0,0.004677792079746723
1785289816.1689181,0.0,0.0,0.004597536055371165
1785289816.1737967,0.0,0.0,0.004662079969421029
1785289816.1786528,0.0,0.0,0.004646111978217959
1785289816.1836302,0.0,0.0,0.00473388796672225
1785289816.1885502,0.0,0.0,0.004693663911893964
1785289816.1942017,0.0,0.0,0.005438528023660183
1785289816.2003598,0.0,0.0,0.005927199963480234
1785289816.2053745,0.0,0.0,0.004778367932885885
1785289816.2103643,0.0,0.0,0.004769664024934173
1785289816.2153263,0.0,0.0,0.004749311832711101
1785289816.220251,0.0,0.0,0.004714016104117036
1785289816.2252262,0.0,0.0,0.00476406398229301
1785289816.2300403,0.0,0.0,0.004602496046572924
1785289816.234814,0.0,0.0,0.004561376059427857
1785289816.2397697,0.0,0.0,0.004743743920698762
1785289816.2445927,0.0,0.0,0.004616608144715428
1785289816.2504368,0.0,0.0,0.0056356159038841724
1785289816.256486,0.0,0.0,0.00578911998309195
1785289816.26152,0.0,0.0,0.004799615824595094
1785289816.2664022,0.0,0.0,0.0046649600844830275
1785289816.2713559,0.0,0.0,0.0047395199071615934
1785289816.276263,0.0,0.0,0.004696447867900133
1785289816.281231,0.0,0.0,0.004754527937620878
1785289816.2862535,0.0,0.0,0.004808864090591669
1785289816.2911088,0.0,0.0,0.004642943851649761
1785289816.2960153,0.0,0.0,0.004683679901063442
1785289816.3007867,0.0,0.0,0.004559264052659273
1785289816.30671,0.0,0.0,0.005711744073778391
1785289816.3124337,0.0,0.0,0.005462015978991985
1785289816.3173215,0.0,0.0,0.004647040041163564
1785289816.3223028,0.0,0.0,0.00476243207231164
1785289816.327342,0.0,0.0,0.004825248150154948
1785289816.332256,0.0,0.0,0.004700607853010297
1785289816.3371255,0.0,0.0,0.004659231984987855
1785289816.342051,0.0,0.0,0.004715007962659001
1785289816.346992,0.0,0.0,0.004728384083136916
1785289816.3518891,0.0,0.0,0.00465929601341486
1785289816.3569431,0.0,0.0,0.0048426559660583735
1785289816.363854,0.0,0.0,0.006700992118567228
1785289816.368963,0.0,0.0,0.0048658880405128
1785289816.373905,0.0,0.0,0.004708511987701058
1785289816.378981,0.0,0.0,0.004851711913943291
1785289816.3840106,0.0,0.0,0.004794304026290774
1785289816.3890326,0.0,0.0,0.004804064054042101
1785289816.3939266,0.0,0.0,0.004681216087192297
1785289816.3989592,0.0,0.0,0.004817472072318196
1785289816.40455,0.0,0.0,0.005327808205038309
1785289816.4095104,0.0,0.0,0.004738464020192623
1785289816.4153323,0.0,0.0,0.005602271994575858
1785289816.4215188,0.0,0.0,0.005913920002058148
1785289816.4267068,0.0,0.0,0.004945599939674139
1785289816.431816,0.0,0.0,0.004891680087894201
1785289816.4367204,0.0,0.0,0.004690303932875395
1785289816.4416125,0.0,0.0,0.00467379204928875
1785289816.4465344,0.0,0.0,0.004710144130513072
1785289816.4513922,0.0,0.0,0.004647135967388749
1785289816.4563265,0.0,0.0,0.004720736062154174
1785289816.4613938,0.0,0.0,0.004852896090596914
1785289816.466462,0.0,0.0,0.004861535970121622
1785289816.472406,0.0,0.0,0.005738015985116363
1785289816.4782195,0.0,0.0,0.005553408060222864
1785289816.4832847,0.0,0.0,0.004835200030356646
1785289816.4882984,0.0,0.0,0.004791328217834234
1785289816.4933038,0.0,0.0,0.0047851200215518475
1785289816.4983227,0.0,0.0,0.004806719953194261
1785289816.5033739,0.0,0.0,0.004841184010729194
1785289816.5083883,0.0,0.0,0.0047986560966819525
1785289816.5133536,0.0,0.0,0.004757568007335067
1785289816.5183415,0.0,0.0,0.004773055901750922
1785289816.5233846,0.0,0.0,0.004830144112929702
1785289816.5299435,0.0,0.0,0.006289568031206727
1785289816.5352206,0.0,0.0,0.00503369583748281
1785289816.5400398,0.0,0.0,0.004596095997840166
1785289816.5449722,0.0,0.0,0.004716319963335991
1785289816.5497935,0.0,0.0,0.004608799936249852
1785289816.5546951,0.0,0.0,0.004687039880082011
1785289816.5595443,0.0,0.0,0.004635712131857872
1785289816.564466,0.0,0.0,0.00470252800732851
1785289816.5693288,0.0,0.0,0.004647168098017573
1785289816.5743062,0.0,0.0,0.004763423930853605
1785289816.579508,0.0,0.0,0.0049897918943315744
1785289816.5857685,0.0,0.0,0.006002016132697463
1785289816.5906396,0.0,0.0,0.0046368318144232035
1785289816.59565,0.0,0.0,0.0047936958726495504
1785289816.6007507,0.0,0.0,0.004887904040515423
1785289816.6057024,0.0,0.0,0.0047380158212035894
1785289816.6106331,0.0,0.0,0.004721503937616944
1785289816.6156769,0.0,0.0,0.0048342079389840364
1785289816.6207478,0.0,0.0,0.004859232110902667
1785289816.625885,0.0,0.0,0.004920192062854767
1785289816.6309593,0.0,0.0,0.004862623987719417
1785289816.6367958,0.0,0.0,0.005604479927569628
1785289816.6428053,0.0,0.0,0.005766208050772548
1785289816.6480105,0.0,0.0,0.004971295827999711
1785289816.6529915,0.0,0.0,0.004761056043207645
1785289816.6580825,0.0,0.0,0.004876383813098073
1785289816.6632092,0.0,0.0,0.004906496033072472
1785289816.6682398,0.0,0.0,0.004812863888218999
1785289816.6731803,0.0,0.0,0.004726943792775273
1785289816.67817,0.0,0.0,0.004780096001923084
1785289816.6831105,0.0,0.0,0.004728096071630716
1785289816.6880872,0.0,0.0,0.004760799929499626
1785289816.6940918,0.0,0.0,0.005793312098830938
1785289816.6997726,0.0,0.0,0.00541798397898674
1785289816.7049067,0.0,0.0,0.004897280130535364
1785289816.7099369,0.0,0.0,0.0048066237941384315
1785289816.7148516,0.0,0.0,0.00470265606418252
1785289816.7197962,0.0,0.0,0.004728511907160282
1785289816.724702,0.0,0.0,0.004688415909186006
1785289816.7295678,0.0,0.0,0.004651423776522279
1785289816.7344503,0.0,0.0,0.004671808099374175
1785289816.7395136,0.0,0.0,0.004845791961997747
1785289816.7444928,0.0,0.0,0.004762847907841206
1785289816.7510004,0.0,0.0,0.006297056097537279
1785289816.756032,0.0,0.0,0.004762335913255811
1785289816.7610343,0.0,0.0,0.004784543998539448
1785289816.7660606,0.0,0.0,0.004810080165043473
1785289816.7708805,0.0,0.0,0.004612928023561835
1785289816.7759385,0.0,0.0,0.004849536111578345
1785289816.7808816,0.0,0.0,0.004728191997855902
1785289816.7858567,0.0,0.0,0.0047616001684218645
1785289816.7908576,0.0,0.0,0.004787327954545617
1785289816.7957647,0.0,0.0,0.004697535885497928
1785289816.8010662,0.0,0.0,0.0050888960249722
1785289816.8074179,0.0,0.0,0.00612204778008163
1785289816.8123407,0.0,0.0,0.004684800049290061
1785289816.8173301,0.0,0.0,0.004774559987708926
1785289816.8223956,0.0,0.0,0.004849663935601711
1785289816.8275144,0.0,0.0,0.004902848042547703
1785289816.8325882,0.0,0.0,0.004855328006669879
1785289816.8374887,0.0,0.0,0.00468876794911921
1785289816.8424578,0.0,0.0,0.004756576148793101
1785289816.847653,0.0,0.0,0.004976096097379923
1785289816.8525987,0.0,0.0,0.004729983862489462
1785289816.8580222,0.0,0.0,0.005210431991145015
1785289816.8642554,0.0,0.0,0.005974368192255497
1785289816.8692303,0.0,0.0,0.00473388796672225
1785289816.874263,0.0,0.0,0.004813536070287228
1785289816.8793118,0.0,0.0,0.00483760004863143
1785289816.8842766,0.0,0.0,0.004749055951833725
1785289816.8892264,0.0,0.0,0.004734432091936469
1785289816.8941755,0.0,0.0,0.0047419199254363775
1785289816.8991508,0.0,0.0,0.004768160171806812
1785289816.904255,0.0,0.0,0.004884256049990654
1785289816.9091525,0.0,0.0,0.004680447978898883
1785289816.9151154,0.0,0.0,0.005748511990532279
1785289816.9209468,0.0,0.0,0.005559296114370227
1785289816.9259682,0.0,0.0,0.004783328156918287
1785289816.931086,0.0,0.0,0.0049071358516812325
1785289816.9361632,0.0,0.0,0.00483731203712523
1785289816.940979,0.0,0.0,0.004604127956554294
1785289816.9461765,0.0,0.0,0.004982752026990056
1785289816.951071,0.0,0.0,0.004678335972130299
1785289816.955955,0.0,0.0,0.0046520959585905075
1785289816.960923,0.0,0.0,0.004759520059451461
1785289816.9658918,0.0,0.0,0.004755775909870863
1785289816.9724274,0.0,0.0,0.0063180162105709314
1785289816.9775925,0.0,0.0,0.0049225278198719025
1785289816.9826136,0.0,0.0,0.004800927825272083
1785289816.9877312,0.0,0.0,0.004903360037133098
1785289816.992678,0.0,0.0,0.004725119797512889
1785289816.99776,0.0,0.0,0.004861856112256646
1785289817.0026984,0.0,0.0,0.004725151928141713
1785289817.0078392,0.0,0.0,0.004926047986373305
1785289817.0129602,0.0,0.0,0.004904576111584902
1785289817.0180326,0.0,0.0,0.004858975997194648
1785289817.0236533,0.0,0.0,0.005402975948527455
1785289817.0299585,0.0,0.0,0.006034431979060173
1785289817.0350754,0.0,0.0,0.004871391924098134
1785289817.040158,0.0,0.0,0.00483552017249167
1785289817.044952,0.0,0.0,0.0045824318658560514
1785289817.0498974,0.0,0.0,0.004729568026959896
1785289817.0547633,0.0,0.0,0.004650559974834323
1785289817.0596957,0.0,0.0,0.004719167947769165
1785289817.0645258,0.0,0.0,0.0046164479572325945
1785289817.0694313,0.0,0.0,0.004689536057412624
1785289817.0744588,0.0,0.0,0.004812127910554409
1785289817.0802128,0.0,0.0,0.005537024000659585
1785289817.086104,0.0,0.0,0.005620735930278897
1785289817.0911524,0.0,0.0,0.004804256139323115
1785289817.0961108,0.0,0.0,0.004732479806989431
1785289817.1009195,0.0,0.0,0.004593471996486187
1785289817.1059363,0.0,0.0,0.004800416063517332
1785289817.1110196,0.0,0.0,0.004871615907177329
1785289817.1160824,0.0,0.0,0.004826559918001294
1785289817.1209831,0.0,0.0,0.004688191926106811
1785289817.1258643,0.0,0.0,0.00467145605944097
1785289817.1307707,0.0,0.0,0.0046928320080041885
1785289817.1366847,0.0,0.0,0.005699808010831475
1785289817.1424544,0.0,0.0,0.005511807976290584
1785289817.1475987,0.0,0.0,0.004912735894322395
1785289817.1525528,0.0,0.0,0.00473344000056386
1785289817.157491,0.0,0.0,0.004723808029666543
1785289817.16243,0.0,0.0,0.004721632227301598
1785289817.1674352,0.0,0.0,0.004793856060132384
1785289817.172435,0.0,0.0,0.004787808051332831
1785289817.1774323,0.0,0.0,0.004784192191436887
1785289817.1825037,0.0,0.0,0.004857952008023858
1785289817.1879303,0.0,0.0,0.005212608026340604
1785289817.1942902,0.0,0.0,0.006133248098194599
1785289817.1994224,0.0,0.0,0.00488262390717864
1785289817.2045603,0.0,0.0,0.0049133761785924435
1785289817.2097602,0.0,0.0,0.004955808166414499
1785289817.2146676,0.0,0.0,0.004687775857746601
1785289817.219829,0.0,0.0,0.00494505581445992
1785289817.2247434,0.0,0.0,0.004702432081103325
1785289817.2296371,0.0,0.0,0.004680064041167498
1785289817.2345672,0.0,0.0,0.004717567935585976
1785289817.2394402,0.0,0.0,0.004660288104787469
1785289817.2447155,0.0,0.0,0.005061088129878044
1785289817.251178,0.0,0.0,0.006198496092110872
1785289817.256143,0.0,0.0,0.004722272045910358
1785289817.2610974,0.0,0.0,0.004734847927466035
1785289817.2659154,0.0,0.0,0.004607871873304248
1785289817.2709134,0.0,0.0,0.004786591976881027
1785289817.275954,0.0,0.0,0.004810719983652234
1785289817.280872,0.0,0.0,0.00470179202966392
1785289817.2858279,0.0,0.0,0.004744416102766991
1785289817.2908113,0.0,0.0,0.004774624016135931
1785289817.2957065,0.0,0.0,0.00468742405064404
1785289817.301546,0.0,0.0,0.00562441605143249
1785289817.3075454,0.0,0.0,0.005729536060243845
1785289817.3126695,0.0,0.0,0.004882656037807465
1785289817.31765,0.0,0.0,0.00476275198161602
1785289817.3224533,0.0,0.0,0.004591391887515783
1785289817.3273816,0.0,0.0,0.004717888077721
1785289817.332417,0.0,0.0,0.004823648137971759
1785289817.3374097,0.0,0.0,0.004780960036441684
1785289817.3423793,0.0,0.0,0.004755935864523053
1785289817.3472848,0.0,0.0,0.004695424111559987
1785289817.3524184,0.0,0.0,0.004905663896352053
1785289817.3584118,0.0,0.0,0.005775232100859284
1785289817.3641605,0.0,0.0,0.004833280108869076
1785289817.3690834,0.0,0.0,0.004692191956564784
1785289817.3740835,0.0,0.0,0.004784575896337628
1785289817.379167,0.0,0.0,0.004857120104134083
1785289817.384335,0.0,0.0,0.0049189438577741385
1785289817.3892686,0.0,0.0,0.004694016184657812
1785289817.394277,0.0,0.0,0.004812224069610238
1785289817.3993304,0.0,0.0,0.00483763194642961
1785289817.4042575,0.0,0.0,0.004712383961305022
1785289817.4094942,0.0,0.0,0.005021343939006329
1785289817.41595,0.0,0.0,0.006203552009537816
1785289817.420955,0.0,0.0,0.004767359932884574
1785289817.4259312,0.0,0.0,0.004760127980262041
1785289817.4309256,0.0,0.0,0.004774080123752356
1785289817.436168,0.0,0.0,0.005012576002627611
1785289817.4412758,0.0,0.0,0.0048916160594671965
1785289817.4463754,0.0,0.0,0.0048771200235933065
1785289817.4511867,0.0,0.0,0.004601120017468929
1785289817.4562423,0.0,0.0,0.004840000066906214
1785289817.4611712,0.0,0.0,0.00471744011156261
1785289817.466666,0.0,0.0,0.005283615784719586
1785289817.4726796,0.0,0.0,0.005751904100179672
1785289817.4777112,0.0,0.0,0.004793599946424365
1785289817.4827468,0.0,0.0,0.004815039923414588
1785289817.4877112,0.0,0.0,0.004753536079078913
1785289817.4926448,0.0,0.0,0.004721440142020583
1785289817.4975328,0.0,0.0,0.004677856108173728
1785289817.5024774,0.0,0.0,0.004741983953863382
1785289817.5073786,0.0,0.0,0.004692224087193608
1785289817.5121827,0.0,0.0,0.00459846411831677
1785289817.517044,0.0,0.0,0.004648992093279958
1785289817.5229075,0.0,0.0,0.005655552027747035
1785289817.5290236,0.0,0.0,0.005840255878865719
1785289817.5339437,0.0,0.0,0.004681824008002877
1785289817.5391488,0.0,0.0,0.004987104097381234
1785289817.54407,0.0,0.0,0.004712736001238227
1785289817.5489295,0.0,0.0,0.004644608125090599
1785289817.5539227,0.0,0.0,0.004777760012075305
1785289817.558866,0.0,0.0,0.004729247884824872
1785289817.5637355,0.0,0.0,0.0046555520966649055
1785289817.568635,0.0,0.0,0.004688799846917391
1785289817.5735111,0.0,0.0,0.004667936125770211
1785289817.5794823,0.0,0.0,0.005759424064308405
1785289817.5850723,0.0,0.0,0.005340415984392166
1785289817.5900257,0.0,0.0,0.004721567966043949
1785289817.5949738,0.0,0.0,0.0047331200912594795
1785289817.600098,0.0,0.0,0.00489267217926681
1785289817.6050127,0.0,0.0,0.004701663972809911
1785289817.6102576,0.0,0.0,0.005034720059484243
1785289817.615389,0.0,0.0,0.0049110399559140205
1785289817.62033,0.0,0.0,0.004730687942355871
1785289817.625396,0.0,0.0,0.004852351965382695
1785289817.6303353,0.0,0.0,0.004724607802927494
1785289817.637011,0.0,0.0,0.00622073607519269
1785289817.6420858,0.0,0.0,0.004832383943721652
1785289817.647128,0.0,0.0,0.00482313591055572
1785289817.6522775,0.0,0.0,0.004928352078422904
1785289817.6572244,0.0,0.0,0.0047318399883806705
1785289817.6620727,0.0,0.0,0.004636575933545828
1785289817.6669748,0.0,0.0,0.004691008012741804
1785289817.6719673,0.0,0.0,0.004756384063512087
1785289817.6769574,0.0,0.0,0.004771071951836348
1785289817.6819906,0.0,0.0,0.004818048095330596
1785289817.6873765,0.0,0.0,0.0051748480182141066
1785289817.693556,0.0,0.0,0.005915360059589148
1785289817.6985257,0.0,0.0,0.004728064173832536
1785289817.7035143,0.0,0.0,0.004767359932884574
1785289817.7084544,0.0,0.0,0.004725183825939894
1785289817.7134926,0.0,0.0,0.0048274879809468985
1785289817.7185478,0.0,0.0,0.00483731203712523
1785289817.7235692,0.0,0.0,0.004809760022908449
1785289817.72845,0.0,0.0,0.004666079999879003
1785289817.7333806,0.0,0.0,0.004716607974842191
1785289817.7383578,0.0,0.0,0.004764128010720015
1785289817.744159,0.0,0.0,0.005591328023001552
1785289817.750206,0.0,0.0,0.0057916161604225636
1785289817.7550452,0.0,0.0,0.004604160087183118
1785289817.7600935,0.0,0.0,0.0048052161000669
1785289817.7649097,0.0,0.0,0.004604671848937869
1785289817.770013,0.0,0.0,0.004893183941021562
1785289817.7748435,0.0,0.0,0.004613632103428245
1785289817.7797277,0.0,0.0,0.004673472139984369
1785289817.7845633,0.0,0.0,0.004625440109521151
1785289817.7895994,0.0,0.0,0.0048246078658849
1785289817.7946463,0.0,0.0,0.004832895938307047
1785289817.800493,0.0,0.0,0.005634848028421402
1785289817.8061757,0.0,0.0,0.005428415955975652
1785289817.8112748,0.0,0.0,0.004857760155573487
1785289817.8163266,0.0,0.0,0.004828799981623888
1785289817.8212984,0.0,0.0,0.004757632035762072
1785289817.8262775,0.0,0.0,0.004763903794810176
1785289817.8311908,0.0,0.0,0.004699583863839507
1785289817.8361027,0.0,0.0,0.004693663911893964
1785289817.8411167,0.0,0.0,0.004798943875357509
1785289817.8461568,0.0,0.0,0.004828640026971698
1785289817.8511286,0.0,0.0,0.00476246397010982
1785289817.857834,0.0,0.0,0.006487136008217931
1785289817.8627965,0.0,0.0,0.004717663861811161
1785289817.8679411,0.0,0.0,0.0049226239789277315
1785289817.872907,0.0,0.0,0.004747744183987379
1785289817.8778532,0.0,0.0,0.004735968075692654
1785289817.8827405,0.0,0.0,0.004676799988374114
1785289817.8876517,0.0,0.0,0.0047022399958223104
1785289817.8925645,0.0,0.0,0.004699615994468331
1785289817.8974867,0.0,0.0,0.004710751818493009
1785289817.9024029,0.0,0.0,0.004707232117652893
1785289817.9077332,0.0,0.0,0.0051199039444327354
1785289817.9141278,0.0,0.0,0.006172416033223271
1785289817.919082,0.0,0.0,0.004721280187368393
1785289817.9241126,0.0,0.0,0.004790143808349967
1785289817.9290917,0.0,0.0,0.004766271915286779
1785289817.9339387,0.0,0.0,0.004636448109522462
1785289817.9388282,0.0,0.0,0.00467292801477015
1785289817.9437528,0.0,0.0,0.004714848008006811
1785289817.9486785,0.0,0.0,0.004714783979579806
1785289817.953554,0.0,0.0,0.004663520026952028
1785289817.9585001,0.0,0.0,0.004730656044557691
1785289817.9642096,0.0,0.0,0.005495327990502119
1785289817.970259,0.0,0.0,0.005817600060254335
1785289817.9753702,0.0,0.0,0.0048720319755375385
1785289817.9802997,0.0,0.0,0.004707647953182459
1785289817.9851475,0.0,0.0,0.004632224095985293
1785289817.9900851,0.0,0.0,0.004725759848952293
1785289817.9949613,0.0,0.0,0.004662751918658614
1785289818.0000556,0.0,0.0,0.004858464002609253
1785289818.005028,0.0,0.0,0.0047570879105478525
1785289818.0100365,0.0,0.0,0.004799840040504932
1785289818.0149176,0.0,0.0,0.004669920075684786
1785289818.02075,0.0,0.0,0.0056016959715634584
1785289818.026857,0.0,0.0,0.005852831993252039
1785289818.0321176,0.0,0.0,0.005025791935622692
1785289818.0371318,0.0,0.0,0.004789663944393396
1785289818.0419443,0.0,0.0,0.004605471855029464
