time,in_time,out_time,inference_time
1742233881.3114383,0.0,0.0,0.00047888001427054405
1742233881.3121426,0.0,0.0,0.00048089586198329926
1742233881.3128486,0.0,0.0,0.0004956801421940327
1742233881.3135478,0.0,0.0,0.00047487998381257057
1742233881.3142421,0.0,0.0,0.00046700797975063324
1742233881.3149257,0.0,0.0,0.0004626242443919182
1742233881.3156025,0.0,0.0,0.00047244830057024956
1742233881.3163242,0.0,0.0,0.0004750080406665802
1742233881.31703,0.0,0.0,0.0004834560677409172
1742233881.3177354,0.0,0.0,0.00047808000817894936
1742233881.3184054,0.0,0.0,0.00046118395403027534
1742233881.3190763,0.0,0.0,0.00045788800343871117
1742233881.3197598,0.0,0.0,0.0004649600014090538
1742233881.320418,0.0,0.0,0.000453311949968338
1742233881.321141,0.0,0.0,0.0005096001550555229
1742233881.3218412,0.0,0.0,0.0004860479384660721
1742233881.32252,0.0,0.0,0.0004623676650226116
1742233881.3231847,0.0,0.0,0.00045839976519346237
1742233881.323886,0.0,0.0,0.00047004781663417816
1742233881.32456,0.0,0.0,0.00045647984370589256
1742233881.3252547,0.0,0.0,0.0004565119743347168
1742233881.3259244,0.0,0.0,0.00045737624168395996
1742233881.326589,0.0,0.0,0.00045103998854756355
1742233881.3272302,0.0,0.0,0.0004421439953148365
1742233881.3278859,0.0,0.0,0.00045699160546064377
1742233881.328613,0.0,0.0,0.0005258559249341488
1742233881.3293452,0.0,0.0,0.0004893760196864605
1742233881.3300145,0.0,0.0,0.0004637758247554302
1742233881.3306959,0.0,0.0,0.0004700799472630024
1742233881.3313847,0.0,0.0,0.0004648319445550442
1742233881.3320487,0.0,0.0,0.00046025635674595833
1742233881.3327477,0.0,0.0,0.00048550404608249664
1742233881.3334222,0.0,0.0,0.00046198442578315735
1742233881.3341012,0.0,0.0,0.00046460796147584915
1742233881.3347752,0.0,0.0,0.0004626237787306309
1742233881.3354414,0.0,0.0,0.00045232009142637253
1742233881.336087,0.0,0.0,0.00044841598719358444
1742233881.3367798,0.0,0.0,0.00047536008059978485
1742233881.3374472,0.0,0.0,0.0004541762173175812
1742233881.3381073,0.0,0.0,0.000458303838968277
1742233881.3387878,0.0,0.0,0.0004816637374460697
1742233881.3394737,0.0,0.0,0.0004609278403222561
1742233881.3401303,0.0,0.0,0.00045155175030231476
1742233881.3408148,0.0,0.0,0.0004750080406665802
1742233881.3414733,0.0,0.0,0.0004468481056392193
1742233881.3421125,0.0,0.0,0.0004395521245896816
1742233881.3427706,0.0,0.0,0.0004496639594435692
1742233881.3434389,0.0,0.0,0.00045705586671829224
1742233881.3440988,0.0,0.0,0.00045475224032998085
1742233881.3447618,0.0,0.0,0.00045475224032998085
1742233881.3454728,0.0,0.0,0.0005055996589362621
1742233881.346137,0.0,0.0,0.00045094406232237816
1742233881.3468356,0.0,0.0,0.00047174422070384026
1742233881.3475008,0.0,0.0,0.0004522879607975483
1742233881.3481662,0.0,0.0,0.0004529920406639576
1742233881.34885,0.0,0.0,0.00047747232019901276
1742233881.3495128,0.0,0.0,0.00045356806367635727
1742233881.350172,0.0,0.0,0.00044863997027277946
1742233881.3508189,0.0,0.0,0.0004424639046192169
1742233881.3514655,0.0,0.0,0.0004455358721315861
1742233881.352116,0.0,0.0,0.0004498879425227642
1742233881.3528018,0.0,0.0,0.0004930240102112293
1742233881.3534856,0.0,0.0,0.000468255952000618
1742233881.3541615,0.0,0.0,0.000457247719168663
1742233881.3548043,0.0,0.0,0.00044006435200572014
1742233881.3555,0.0,0.0,0.00047635193914175034
1742233881.3561618,0.0,0.0,0.000447648111730814
1742233881.3568347,0.0,0.0,0.00046108802780508995
1742233881.357486,0.0,0.0,0.0004431679844856262
1742233881.3581316,0.0,0.0,0.0004390077665448189
1742233881.3587785,0.0,0.0,0.00043785572052001953
1742233881.359445,0.0,0.0,0.0004566400311887264
1742233881.3600955,0.0,0.0,0.000441855750977993
1742233881.3607464,0.0,0.0,0.0004534721374511719
1742233881.361447,0.0,0.0,0.0004947520792484283
1742233881.3620915,0.0,0.0,0.00043728016316890717
1742233881.3627331,0.0,0.0,0.00043756794184446335
1742233881.3633862,0.0,0.0,0.00044147204607725143
1742233881.3640695,0.0,0.0,0.00044771190732717514
1742233881.3647482,0.0,0.0,0.0004717758856713772
1742233881.3654265,0.0,0.0,0.00045625586062669754
1742233881.3660936,0.0,0.0,0.0004584961570799351
1742233881.3667572,0.0,0.0,0.0004586242139339447
1742233881.3674421,0.0,0.0,0.00047465600073337555
1742233881.3680835,0.0,0.0,0.0004423358477652073
1742233881.3687916,0.0,0.0,0.0004833601415157318
1742233881.3694494,0.0,0.0,0.00044681597501039505
1742233881.3700936,0.0,0.0,0.0004334081895649433
1742233881.3707442,0.0,0.0,0.00044489605352282524
1742233881.3713942,0.0,0.0,0.0004431363195180893
1742233881.3735437,0.0,0.0,0.0019396482966840267
1742233881.374313,0.0,0.0,0.0005095358937978745
1742233881.375018,0.0,0.0,0.0004752320237457752
1742233881.3757112,0.0,0.0,0.000470208004117012
1742233881.376389,0.0,0.0,0.000460031908005476
1742233881.3770785,0.0,0.0,0.0004774401895701885
1742233881.3777354,0.0,0.0,0.00044700829312205315
1742233881.3784018,0.0,0.0,0.00045526400208473206
1742233881.3790603,0.0,0.0,0.00044720014557242393
1742233881.3797116,0.0,0.0,0.00044710375368595123
1742233881.3803432,0.0,0.0,0.0004313918761909008
1742233881.3810294,0.0,0.0,0.00048057641834020615
1742233881.3816726,0.0,0.0,0.00043936027213931084
1742233881.3823192,0.0,0.0,0.00043977610766887665
1742233881.3829684,0.0,0.0,0.0004450557753443718
1742233881.3836129,0.0,0.0,0.00043967971578240395
1742233881.3842669,0.0,0.0,0.00044662412256002426
1742233881.3849611,0.0,0.0,0.0004732799716293812
1742233881.3856122,0.0,0.0,0.00044227205216884613
1742233881.3862617,0.0,0.0,0.0004396159201860428
1742233881.38697,0.0,0.0,0.0005128961056470871
1742233881.3876414,0.0,0.0,0.00045878393575549126
1742233881.388279,0.0,0.0,0.000439648050814867
1742233881.3889546,0.0,0.0,0.00047235190868377686
1742233881.3896098,0.0,0.0,0.00044633587822318077
1742233881.3902557,0.0,0.0,0.0004388159140944481
1742233881.3909109,0.0,0.0,0.00044934405013918877
1742233881.3915367,0.0,0.0,0.0004322878085076809
1742233881.3921943,0.0,0.0,0.0004468481056392193
1742233881.392881,0.0,0.0,0.00047635193914175034
1742233881.39354,0.0,0.0,0.00043919961899518967
1742233881.3941863,0.0,0.0,0.00044211186468601227
1742233881.3948352,0.0,0.0,0.0004447679966688156
1742233881.3954775,0.0,0.0,0.00043756794184446335
1742233881.396121,0.0,0.0,0.00043849600479006767
1742233881.3967896,0.0,0.0,0.0004597119987010956
1742233881.3974469,0.0,0.0,0.00044921599328517914
1742233881.3980925,0.0,0.0,0.0004384322091937065
1742233881.3987248,0.0,0.0,0.0004288642667233944
1742233881.3993502,0.0,0.0,0.0004283841699361801
1742233881.399993,0.0,0.0,0.0004398077726364136
1742233881.4006362,0.0,0.0,0.0004407358355820179
1742233881.4013116,0.0,0.0,0.0004452802240848541
1742233881.4019842,0.0,0.0,0.0004566079005599022
1742233881.4026284,0.0,0.0,0.0004395199939608574
1742233881.403261,0.0,0.0,0.00042639998719096184
1742233881.4039102,0.0,0.0,0.0004440322518348694
1742233881.4045403,0.0,0.0,0.00043756794184446335
1742233881.4052615,0.0,0.0,0.0004956480115652084
1742233881.405935,0.0,0.0,0.0004586242139339447
1742233881.4065979,0.0,0.0,0.0004505920223891735
1742233881.407265,0.0,0.0,0.0004606400616466999
1742233881.407916,0.0,0.0,0.00044380780309438705
1742233881.4085548,0.0,0.0,0.0004370883107185364
1742233881.4092743,0.0,0.0,0.000461312010884285
1742233881.409923,0.0,0.0,0.0004454399459064007
1742233881.4106154,0.0,0.0,0.0004629758186638355
1742233881.4112625,0.0,0.0,0.0004408317618072033
1742233881.411907,0.0,0.0,0.00044281594455242157
1742233881.4125886,0.0,0.0,0.00047161616384983063
1742233881.413294,0.0,0.0,0.00046643195673823357
1742233881.4139552,0.0,0.0,0.0004509119316935539
1742233881.4145977,0.0,0.0,0.0004494721069931984
1742233881.4152439,0.0,0.0,0.00044742366299033165
1742233881.4158869,0.0,0.0,0.0004431679844856262
1742233881.416531,0.0,0.0,0.00043967971578240395
1742233881.4172218,0.0,0.0,0.00046329572796821594
1742233881.4178848,0.0,0.0,0.00044921599328517914
1742233881.4185472,0.0,0.0,0.00045635178685188293
1742233881.4192007,0.0,0.0,0.0004505598917603493
1742233881.419855,0.0,0.0,0.0004480639472603798
1742233881.4205363,0.0,0.0,0.00045385584235191345
1742233881.421235,0.0,0.0,0.00046953605487942696
1742233881.4218962,0.0,0.0,0.0004525762051343918
1742233881.4225523,0.0,0.0,0.00044912006705999374
1742233881.4232101,0.0,0.0,0.00044851237908005714
1742233881.423888,0.0,0.0,0.00046972790732979774
1742233881.4245427,0.0,0.0,0.00044428836554288864
1742233881.4252436,0.0,0.0,0.0004773121327161789
1742233881.4259143,0.0,0.0,0.00045715179294347763
1742233881.4266453,0.0,0.0,0.0005223359912633896
1742233881.4273133,0.0,0.0,0.0004561282694339752
1742233881.4292061,0.0,0.0,0.0005897278897464275
1742233881.4299183,0.0,0.0,0.00047484785318374634
1742233881.4306002,0.0,0.0,0.00046371202915906906
1742233881.4312687,0.0,0.0,0.00045705586671829224
1742233881.4319263,0.0,0.0,0.00045705586671829224
1742233881.4325821,0.0,0.0,0.0004505598917603493
1742233881.4332974,0.0,0.0,0.00047254422679543495
1742233881.4340012,0.0,0.0,0.00047273607924580574
1742233881.4346507,0.0,0.0,0.0004384322091937065
1742233881.4353013,0.0,0.0,0.0004562879912555218
1742233881.4359555,0.0,0.0,0.0004496960900723934
1742233881.4366126,0.0,0.0,0.0004467838443815708
1742233881.4373012,0.0,0.0,0.00045795226469635963
1742233881.4379585,0.0,0.0,0.00045084813609719276
1742233881.4386275,0.0,0.0,0.00045865587890148163
1742233881.4392664,0.0,0.0,0.0004397439770400524
1742233881.4399068,0.0,0.0,0.00043849600479006767
1742233881.4405591,0.0,0.0,0.0004483843222260475
1742233881.4412346,0.0,0.0,0.0004433281719684601
1742233881.4418752,0.0,0.0,0.00043747201561927795
1742233881.4425385,0.0,0.0,0.0004648640751838684
1742233881.4431915,0.0,0.0,0.0004474562592804432
1742233881.443835,0.0,0.0,0.0004376000724732876
1742233881.4444888,0.0,0.0,0.0004459838382899761
1742233881.4451933,0.0,0.0,0.00045807985588908195
1742233881.4458454,0.0,0.0,0.0004423679783940315
1742233881.4465034,0.0,0.0,0.00044502364471554756
1742233881.447159,0.0,0.0,0.0004500802606344223
1742233881.447808,0.0,0.0,0.0004444480873644352
1742233881.4484682,0.0,0.0,0.00044572772458195686
1742233881.4491854,0.0,0.0,0.0005080956034362316
1742233881.4498389,0.0,0.0,0.0004480639472603798
1742233881.4504836,0.0,0.0,0.0004339837469160557
1742233881.4511273,0.0,0.0,0.00043888017535209656
1742233881.4517708,0.0,0.0,0.0004331199452280998
1742233881.452413,0.0,0.0,0.0004345276392996311
1742233881.453096,0.0,0.0,0.0004788478836417198
1742233881.4537706,0.0,0.0,0.00044761598110198975
1742233881.4544299,0.0,0.0,0.00045296037569642067
1742233881.4550748,0.0,0.0,0.0004386240616440773
1742233881.455719,0.0,0.0,0.0004452802240848541
1742233881.4563754,0.0,0.0,0.0004474879242479801
1742233881.4570367,0.0,0.0,0.00046761613339185715
1742233881.457698,0.0,0.0,0.00044783996418118477
1742233881.4583514,0.0,0.0,0.0004488639533519745
1742233881.4589915,0.0,0.0,0.00044169602915644646
1742233881.4596639,0.0,0.0,0.00046659214422106743
1742233881.4603193,0.0,0.0,0.00044863997027277946
1742233881.4609978,0.0,0.0,0.0004748157225549221
1742233881.4616458,0.0,0.0,0.0004417602904140949
1742233881.4622903,0.0,0.0,0.00043737608939409256
1742233881.4629686,0.0,0.0,0.0004832316190004349
1742233881.4636369,0.0,0.0,0.00046639982610940933
1742233881.4642882,0.0,0.0,0.00044652773067355156
1742233881.4649882,0.0,0.0,0.0004943679086863995
1742233881.4656663,0.0,0.0,0.00045363185927271843
1742233881.4663162,0.0,0.0,0.00044982414692640305
1742233881.46697,0.0,0.0,0.0004427200183272362
1742233881.4676626,0.0,0.0,0.0004900800995528698
1742233881.468304,0.0,0.0,0.00043644802644848824
1742233881.4689727,0.0,0.0,0.0004626237787306309
1742233881.4696238,0.0,0.0,0.00043785618618130684
1742233881.470266,0.0,0.0,0.0004388480447232723
1742233881.4709022,0.0,0.0,0.00044227205216884613
1742233881.4715443,0.0,0.0,0.0004456322640180588
1742233881.4721913,0.0,0.0,0.0004430399276316166
1742233881.4728725,0.0,0.0,0.0004765121266245842
1742233881.473526,0.0,0.0,0.00044598430395126343
1742233881.4741898,0.0,0.0,0.0004490879364311695
1742233881.4748447,0.0,0.0,0.00044921599328517914
1742233881.475496,0.0,0.0,0.00044348789379000664
1742233881.476169,0.0,0.0,0.0004670717753469944
1742233881.4768422,0.0,0.0,0.00046841613948345184
1742233881.4775174,0.0,0.0,0.0004504639655351639
1742233881.4781773,0.0,0.0,0.000453087966889143
1742233881.4788396,0.0,0.0,0.0004503680393099785
1742233881.4795027,0.0,0.0,0.00045353593304753304
1742233881.480157,0.0,0.0,0.0004459521733224392
1742233881.4808452,0.0,0.0,0.0004793279804289341
1742233881.4814935,0.0,0.0,0.0004456639289855957
1742233881.4821467,0.0,0.0,0.0004469756968319416
1742233881.482792,0.0,0.0,0.0004390077665448189
1742233881.4844184,0.0,0.0,0.00054175965487957
1742233881.4851785,0.0,0.0,0.0005285437218844891
1742233881.485866,0.0,0.0,0.0004707840271294117
1742233881.4865377,0.0,0.0,0.00045817624777555466
1742233881.4871993,0.0,0.0,0.00044419197365641594
1742233881.4878578,0.0,0.0,0.0004566400311887264
1742233881.4885302,0.0,0.0,0.00045699160546064377
1742233881.4892263,0.0,0.0,0.0004581436514854431
1742233881.4898748,0.0,0.0,0.000440928153693676
1742233881.4905539,0.0,0.0,0.0004477757029235363
1742233881.4912164,0.0,0.0,0.00045142369344830513
1742233881.4918785,0.0,0.0,0.0004499838687479496
1742233881.4925349,0.0,0.0,0.00044659199193120003
1742233881.4932096,0.0,0.0,0.00044672004878520966
1742233881.4938865,0.0,0.0,0.00046540796756744385
1742233881.4945502,0.0,0.0,0.00045145582407712936
1742233881.4952128,0.0,0.0,0.0004527680575847626
1742233881.4958608,0.0,0.0,0.0004403521306812763
1742233881.4965107,0.0,0.0,0.0004396159201860428
1742233881.4972026,0.0,0.0,0.000456320121884346
1742233881.4978645,0.0,0.0,0.0004479680210351944
1742233881.4985116,0.0,0.0,0.0004397439770400524
1742233881.4991572,0.0,0.0,0.000434687826782465
1742233881.4998093,0.0,0.0,0.00044239964336156845
1742233881.5004478,0.0,0.0,0.0004334719851613045
1742233881.5011518,0.0,0.0,0.00048559997230768204
1742233881.5017962,0.0,0.0,0.00044038426131010056
1742233881.5024347,0.0,0.0,0.0004432639107108116
1742233881.5030878,0.0,0.0,0.0004527680575847626
1742233881.5037415,0.0,0.0,0.0004521920345723629
1742233881.5043907,0.0,0.0,0.00044572819024324417
1742233881.5051296,0.0,0.0,0.0005409279838204384
1742233881.5058033,0.0,0.0,0.00046470388770103455
1742233881.5064633,0.0,0.0,0.000450656283646822
1742233881.507124,0.0,0.0,0.0004573436453938484
1742233881.507774,0.0,0.0,0.0004550078883767128
1742233881.508466,0.0,0.0,0.000490367878228426
1742233881.5091825,0.0,0.0,0.0005125119350850582
1742233881.5098326,0.0,0.0,0.00045494409278035164
1742233881.5105062,0.0,0.0,0.0004683518782258034
1742233881.5111613,0.0,0.0,0.00044672004878520966
1742233881.511804,0.0,0.0,0.0004472639411687851
1742233881.5124457,0.0,0.0,0.0004434240981936455
1742233881.5131161,0.0,0.0,0.0004767356440424919
1742233881.5137851,0.0,0.0,0.0004575359635055065
1742233881.5144737,0.0,0.0,0.000460031908005476
1742233881.5151217,0.0,0.0,0.0004399358294904232
1742233881.5157733,0.0,0.0,0.0004448317922651768
1742233881.5164378,0.0,0.0,0.0004572160542011261
1742233881.5171306,0.0,0.0,0.0004859836772084236
1742233881.5178156,0.0,0.0,0.0004666880704462528
1742233881.518484,0.0,0.0,0.0004614400677382946
1742233881.519176,0.0,0.0,0.00047555193305015564
1742233881.5198414,0.0,0.0,0.0004605120047926903
1742233881.5205076,0.0,0.0,0.00045487983152270317
1742233881.5212817,0.0,0.0,0.0005280640907585621
1742233881.5219553,0.0,0.0,0.00045292824506759644
1742233881.522599,0.0,0.0,0.00044761598110198975
1742233881.5232499,0.0,0.0,0.00045225629583001137
1742233881.523922,0.0,0.0,0.00045807985588908195
1742233881.5245755,0.0,0.0,0.00044719967991113663
1742233881.5252635,0.0,0.0,0.00045273639261722565
1742233881.5259223,0.0,0.0,0.0004538879729807377
1742233881.5266032,0.0,0.0,0.0004521920345723629
1742233881.5272484,0.0,0.0,0.0004482557997107506
1742233881.527927,0.0,0.0,0.0004691840149462223
1742233881.5285938,0.0,0.0,0.0004502721130847931
1742233881.5292802,0.0,0.0,0.00045584002509713173
1742233881.52994,0.0,0.0,0.00045292777940630913
1742233881.5305905,0.0,0.0,0.000443359836935997
1742233881.5312593,0.0,0.0,0.0004565119743347168
1742233881.5319135,0.0,0.0,0.0004449598491191864
1742233881.5325649,0.0,0.0,0.00044400012120604515
1742233881.5332644,0.0,0.0,0.00046428805217146873
1742233881.5339417,0.0,0.0,0.00045916810631752014
1742233881.53461,0.0,0.0,0.00045855995267629623
1742233881.5352638,0.0,0.0,0.0004461761564016342
1742233881.5359402,0.0,0.0,0.0004633278585970402
1742233881.536618,0.0,0.0,0.0004650559276342392
1742233881.537327,0.0,0.0,0.0004693763330578804
1742233881.5379996,0.0,0.0,0.00046307221055030823
1742233881.539685,0.0,0.0,0.0014647683128714561
1742233881.5404127,0.0,0.0,0.00048470403999090195
1742233881.541174,0.0,0.0,0.0005419519729912281
1742233881.541859,0.0,0.0,0.0004629758186638355
1742233881.542536,0.0,0.0,0.00046633603051304817
1742233881.543198,0.0,0.0,0.0004575359635055065
1742233881.5438647,0.0,0.0,0.0004566400311887264
1742233881.5445335,0.0,0.0,0.000453087966889143
1742233881.545213,0.0,0.0,0.00046339211985468864
1742233881.5458653,0.0,0.0,0.00045193592086434364
1742233881.5465453,0.0,0.0,0.0004768320359289646
1742233881.5472045,0.0,0.0,0.00045244814828038216
1742233881.5478597,0.0,0.0,0.0004474562592804432
1742233881.5485148,0.0,0.0,0.000451583880931139
1742233881.5491946,0.0,0.0,0.000452384352684021
1742233881.5498936,0.0,0.0,0.0004936959594488144
1742233881.5505743,0.0,0.0,0.00048278365284204483
1742233881.5512354,0.0,0.0,0.0004506879486143589
1742233881.5518894,0.0,0.0,0.00044207973405718803
1742233881.5525572,0.0,0.0,0.00045504001900553703
1742233881.5532568,0.0,0.0,0.0004609599709510803
1742233881.5539148,0.0,0.0,0.0004514879547059536
1742233881.5545762,0.0,0.0,0.0004498879425227642
1742233881.5552263,0.0,0.0,0.0004479996860027313
1742233881.5558786,0.0,0.0,0.00045001599937677383
1742233881.556536,0.0,0.0,0.0004500802606344223
1742233881.5572371,0.0,0.0,0.0004777279682457447
1742233881.5579078,0.0,0.0,0.0004576318897306919
1742233881.5585701,0.0,0.0,0.0004559997469186783
1742233881.5592186,0.0,0.0,0.0004512639716267586
1742233881.5598702,0.0,0.0,0.0004465598613023758
1742233881.5605247,0.0,0.0,0.0004460797645151615
1742233881.5612261,0.0,0.0,0.0004720957949757576
1742233881.5618863,0.0,0.0,0.00045011192560195923
1742233881.5625782,0.0,0.0,0.00048588821664452553
1742233881.5632582,0.0,0.0,0.0004716799594461918
1742233881.5639267,0.0,0.0,0.0004569920711219311
1742233881.5646026,0.0,0.0,0.0004515843465924263
1742233881.56531,0.0,0.0,0.0004709758795797825
1742233881.5659833,0.0,0.0,0.00045849569141864777
1742233881.5666416,0.0,0.0,0.00044752005487680435
1742233881.567299,0.0,0.0,0.00045235175639390945
1742233881.5679512,0.0,0.0,0.000451807864010334
1742233881.5686235,0.0,0.0,0.00045996811240911484
1742233881.5693257,0.0,0.0,0.00046649621799588203
1742233881.5700185,0.0,0.0,0.0004936959594488144
1742233881.5706985,0.0,0.0,0.00046640029177069664
1742233881.571356,0.0,0.0,0.0004511037841439247
1742233881.5720203,0.0,0.0,0.0004579201340675354
1742233881.5726774,0.0,0.0,0.0004512639716267586
1742233881.5733817,0.0,0.0,0.0004666559398174286
1742233881.5740366,0.0,0.0,0.00044700782746076584
1742233881.5746922,0.0,0.0,0.00045424001291394234
1742233881.5753593,0.0,0.0,0.00045766402035951614
1742233881.5760067,0.0,0.0,0.0004489598795771599
1742233881.5766532,0.0,0.0,0.0004488960839807987
1742233881.5773907,0.0,0.0,0.00047699175775051117
1742233881.5780725,0.0,0.0,0.00045305583626031876
1742233881.5787401,0.0,0.0,0.0004613441415131092
1742233881.5793946,0.0,0.0,0.0004481598734855652
1742233881.580093,0.0,0.0,0.0005031037144362926
1742233881.5807993,0.0,0.0,0.0004945918917655945
1742233881.5814693,0.0,0.0,0.00046147219836711884
1742233881.582163,0.0,0.0,0.00049603171646595
1742233881.5828555,0.0,0.0,0.00048339180648326874
1742233881.5835288,0.0,0.0,0.000457247719168663
1742233881.5841894,0.0,0.0,0.0004502716474235058
1742233881.5848808,0.0,0.0,0.00048278365284204483
1742233881.5855315,0.0,0.0,0.00045014405623078346
1742233881.5861804,0.0,0.0,0.00045324768871068954
1742233881.5868254,0.0,0.0,0.00044873636215925217
1742233881.587478,0.0,0.0,0.00044892821460962296
1742233881.5881333,0.0,0.0,0.00045030377805233
1742233881.5888207,0.0,0.0,0.0004830718971788883
1742233881.5895045,0.0,0.0,0.0004648319445550442
1742233881.5902166,0.0,0.0,0.0005008638836443424
1742233881.5908856,0.0,0.0,0.00045897625386714935
1742233881.5915563,0.0,0.0,0.00045939208939671516
1742233881.5922108,0.0,0.0,0.00045935995876789093
1742233881.592961,0.0,0.0,0.000514431856572628
1742233881.5936387,0.0,0.0,0.00046975957229733467
1742233881.5952504,0.0,0.0,0.0005494719371199608
1742233881.5959606,0.0,0.0,0.0004846719093620777
1742233881.5966506,0.0,0.0,0.00047347182407975197
1742233881.5973744,0.0,0.0,0.0004806402139365673
1742233881.5980582,0.0,0.0,0.00047126365825533867
1742233881.5987735,0.0,0.0,0.000503776129335165
1742233881.599462,0.0,0.0,0.0004826239310204983
1742233881.6001375,0.0,0.0,0.0004654400981962681
1742233881.6008308,0.0,0.0,0.0004897280596196651
1742233881.6015046,0.0,0.0,0.0004666559398174286
1742233881.6022263,0.0,0.0,0.0005162879824638367
1742233881.6029003,0.0,0.0,0.0004661758430302143
1742233881.603544,0.0,0.0,0.000445664394646883
1742233881.6041899,0.0,0.0,0.00045052776113152504
1742233881.6048732,0.0,0.0,0.00047865603119134903
1742233881.6055372,0.0,0.0,0.00045315222814679146
1742233881.6062038,0.0,0.0,0.0004518721252679825
1742233881.6068606,0.0,0.0,0.00045347167178988457
1742233881.6075351,0.0,0.0,0.00045433593913912773
1742233881.608196,0.0,0.0,0.0004635518416762352
1742233881.6088798,0.0,0.0,0.0004816637374460697
1742233881.6095326,0.0,0.0,0.0004529920406639576
1742233881.6101942,0.0,0.0,0.0004585282877087593
1742233881.6108394,0.0,0.0,0.0004465598613023758
1742233881.6115005,0.0,0.0,0.00045584002509713173
1742233881.6121595,0.0,0.0,0.0004510078579187393
1742233881.6128397,0.0,0.0,0.00047142384573817253
1742233881.613504,0.0,0.0,0.00045878393575549126
1742233881.614161,0.0,0.0,0.0004488960839807987
1742233881.6148129,0.0,0.0,0.00044963182881474495
1742233881.6154702,0.0,0.0,0.00045062368735671043
1742233881.6161554,0.0,0.0,0.0004811198450624943
1742233881.616837,0.0,0.0,0.00047587184235453606
1742233881.6174893,0.0,0.0,0.0004522879607975483
1742233881.6181326,0.0,0.0,0.00044883182272315025
1742233881.6187947,0.0,0.0,0.0004557119682431221
1742233881.6195092,0.0,0.0,0.0005074241198599339
1742233881.6202047,0.0,0.0,0.0004883520305156708
1742233881.6209245,0.0,0.0,0.0005109123885631561
1742233881.621612,0.0,0.0,0.00046880031004548073
1742233881.6222756,0.0,0.0,0.000456799753010273
1742233881.6229408,0.0,0.0,0.00045724818482995033
1742233881.6235843,0.0,0.0,0.0004412159323692322
1742233881.6242304,0.0,0.0,0.00044358382001519203
1742233881.624926,0.0,0.0,0.0004928000271320343
1742233881.6256516,0.0,0.0,0.0005104639567434788
1742233881.6263223,0.0,0.0,0.00046287989243865013
1742233881.6269803,0.0,0.0,0.0004538879729807377
1742233881.6276457,0.0,0.0,0.0004618242383003235
1742233881.6283033,0.0,0.0,0.00045897578820586205
1742233881.628984,0.0,0.0,0.00048550404608249664
1742233881.6296563,0.0,0.0,0.0004612160846590996
1742233881.6303215,0.0,0.0,0.00045779207721352577
1742233881.6309688,0.0,0.0,0.0004533757455646992
1742233881.631669,0.0,0.0,0.0004970240406692028
1742233881.632326,0.0,0.0,0.0004525762051343918
1742233881.633064,0.0,0.0,0.0005434239283204079
1742233881.6337512,0.0,0.0,0.0004724799655377865
1742233881.6344283,0.0,0.0,0.00046630389988422394
1742233881.6351094,0.0,0.0,0.0004680636338889599
1742233881.6357882,0.0,0.0,0.0004626559093594551
1742233881.6364453,0.0,0.0,0.0004640640690922737
1742233881.6371381,0.0,0.0,0.00048719998449087143
1742233881.6377912,0.0,0.0,0.0004598400555551052
1742233881.6384568,0.0,0.0,0.0004599359817802906
1742233881.6391485,0.0,0.0,0.0004760962910950184
1742233881.6397924,0.0,0.0,0.00044924812391400337
1742233881.6404576,0.0,0.0,0.000459328293800354
1742233881.6411479,0.0,0.0,0.00048531219363212585
1742233881.6418157,0.0,0.0,0.0004618242383003235
1742233881.642478,0.0,0.0,0.00046150386333465576
1742233881.6431255,0.0,0.0,0.0004518721252679825
1742233881.6437886,0.0,0.0,0.00046371202915906906
1742233881.6444669,0.0,0.0,0.00047065597027540207
1742233881.6451812,0.0,0.0,0.0005034878849983215
1742233881.6458635,0.0,0.0,0.00047043198719620705
1742233881.6465285,0.0,0.0,0.0004627523012459278
1742233881.6471875,0.0,0.0,0.00045647984370589256
1742233881.6478562,0.0,0.0,0.00046099210157990456
1742233881.64853,0.0,0.0,0.0004689600318670273
1742233881.6492755,0.0,0.0,0.0004935041069984436
1742233881.6509333,0.0,0.0,0.0005472642369568348
1742233881.6516411,0.0,0.0,0.0004885117523372173
1742233881.6523454,0.0,0.0,0.0004904638044536114
1742233881.6530735,0.0,0.0,0.0005249278619885445
1742233881.6537704,0.0,0.0,0.0004767361097037792
1742233881.6544588,0.0,0.0,0.00047215959057211876
1742233881.6551373,0.0,0.0,0.0004741121083498001
1742233881.6558194,0.0,0.0,0.00046963198110461235
1742233881.65649,0.0,0.0,0.0004695998504757881
1742233881.6571972,0.0,0.0,0.0004775039851665497
1742233881.6578767,0.0,0.0,0.000469760037958622
1742233881.6585522,0.0,0.0,0.0004651839844882488
1742233881.6592162,0.0,0.0,0.0004592319019138813
1742233881.659882,0.0,0.0,0.0004574079066514969
1742233881.660551,0.0,0.0,0.0004607359878718853
1742233881.6612568,0.0,0.0,0.00047161616384983063
1742233881.661956,0.0,0.0,0.0004912959411740303
1742233881.6626244,0.0,0.0,0.00046259211376309395
1742233881.6633065,0.0,0.0,0.00045545585453510284
1742233881.6639755,0.0,0.0,0.00045897578820586205
1742233881.6646357,0.0,0.0,0.0004537920467555523
1742233881.6653287,0.0,0.0,0.000466048251837492
1742233881.6659927,0.0,0.0,0.0004573441110551357
1742233881.6666553,0.0,0.0,0.00046432018280029297
1742233881.6673307,0.0,0.0,0.0004675518721342087
1742233881.6680436,0.0,0.0,0.0005033276975154877
1742233881.6687813,0.0,0.0,0.0005274876020848751
1742233881.6694622,0.0,0.0,0.0004637758247554302
1742233881.6701324,0.0,0.0,0.0004605436697602272
1742233881.6707942,0.0,0.0,0.00045484770089387894
1742233881.6714664,0.0,0.0,0.00046422379091382027
1742233881.6721385,0.0,0.0,0.00046191969886422157
1742233881.6728318,0.0,0.0,0.0004873923026025295
1742233881.673559,0.0,0.0,0.0005270079709589481
1742233881.674223,0.0,0.0,0.0004583359695971012
1742233881.6748881,0.0,0.0,0.0004597441293299198
1742233881.6755455,0.0,0.0,0.00045535992830991745
1742233881.6762183,0.0,0.0,0.00046268803998827934
1742233881.6769066,0.0,0.0,0.00048281624913215637
1742233881.677596,0.0,0.0,0.000464544165879488
1742233881.678259,0.0,0.0,0.0004549119621515274
1742233881.6789165,0.0,0.0,0.00044873589649796486
1742233881.6795776,0.0,0.0,0.00044940831139683723
1742233881.6802342,0.0,0.0,0.0004638717509806156
1742233881.6809175,0.0,0.0,0.0004802239127457142
1742233881.6815908,0.0,0.0,0.0004631676711142063
1742233881.6822526,0.0,0.0,0.0004581441171467304
1742233881.6829002,0.0,0.0,0.0004501761868596077
1742233881.683548,0.0,0.0,0.0004488960839807987
1742233881.6841984,0.0,0.0,0.00045635225251317024
1742233881.6848922,0.0,0.0,0.0004895678721368313
1742233881.6855757,0.0,0.0,0.00048291217535734177
1742233881.6862314,0.0,0.0,0.00044921599328517914
1742233881.686883,0.0,0.0,0.00045174406841397285
1742233881.6875393,0.0,0.0,0.0004527042619884014
1742233881.6882274,0.0,0.0,0.00046713603660464287
1742233881.688928,0.0,0.0,0.0004972480237483978
1742233881.6896079,0.0,0.0,0.0004696641117334366
1742233881.690261,0.0,0.0,0.00045644771307706833
1742233881.6909292,0.0,0.0,0.0004595196805894375
1742233881.6915877,0.0,0.0,0.0004540160298347473
1742233881.6922586,0.0,0.0,0.00046047987416386604
1742233881.6929426,0.0,0.0,0.0004825280047953129
1742233881.6936154,0.0,0.0,0.0004612160846590996
1742233881.6942732,0.0,0.0,0.00045747170224785805
1742233881.6949418,0.0,0.0,0.00046127988025546074
1742233881.6956003,0.0,0.0,0.0004509761929512024
1742233881.6962647,0.0,0.0,0.00045907218009233475
1742233881.6969695,0.0,0.0,0.0005034240894019604
1742233881.6976361,0.0,0.0,0.00046240026131272316
1742233881.6983063,0.0,0.0,0.00047132791951298714
1742233881.6990225,0.0,0.0,0.0005112956278026104
1742233881.6997397,0.0,0.0,0.0004820479080080986
1742233881.7004316,0.0,0.0,0.00047859176993370056
1742233881.7011886,0.0,0.0,0.0005458882078528404
1742233881.701923,0.0,0.0,0.000509215984493494
1742233881.7026303,0.0,0.0,0.0004943679086863995
1742233881.7033126,0.0,0.0,0.00047305598855018616
1742233881.7039914,0.0,0.0,0.0004696636460721493
1742233881.7046623,0.0,0.0,0.00047206413000822067
1742233881.7062976,0.0,0.0,0.0005592643283307552
1742233881.7070296,0.0,0.0,0.0005064317956566811
1742233881.7077281,0.0,0.0,0.0004881923086941242
1742233881.708423,0.0,0.0,0.0004826560616493225
1742233881.7091439,0.0,0.0,0.0005111363716423512
1742233881.7098322,0.0,0.0,0.00047638406977057457
1742233881.7105198,0.0,0.0,0.00047779176384210587
1742233881.711188,0.0,0.0,0.0004598400555551052
1742233881.7118742,0.0,0.0,0.00047798408195376396
1742233881.7125766,0.0,0.0,0.00047859176993370056
1742233881.7133121,0.0,0.0,0.0004789121448993683
1742233881.713993,0.0,0.0,0.00046729622408747673
1742233881.7146683,0.0,0.0,0.00047161616384983063
1742233881.7153943,0.0,0.0,0.0005175680853426456
1742233881.716074,0.0,0.0,0.00047244830057024956
1742233881.7167609,0.0,0.0,0.00048780813813209534
1742233881.717467,0.0,0.0,0.00048681581392884254
1742233881.718147,0.0,0.0,0.0004724799655377865
1742233881.7188213,0.0,0.0,0.00046854419633746147
1742233881.7195005,0.0,0.0,0.0004728958010673523
1742233881.7202115,0.0,0.0,0.0005034557543694973
1742233881.7209208,0.0,0.0,0.0005094083026051521
1742233881.721629,0.0,0.0,0.0005087042227387428
1742233881.7223716,0.0,0.0,0.0005277763120830059
1742233881.7230706,0.0,0.0,0.0004931841976940632
1742233881.7237542,0.0,0.0,0.000470208004117012
1742233881.7244291,0.0,0.0,0.00046751974150538445
1742233881.725142,0.0,0.0,0.0005038399249315262
1742233881.7258246,0.0,0.0,0.00047638406977057457
1742233881.7265491,0.0,0.0,0.0005196481943130493
1742233881.7272341,0.0,0.0,0.00047232024371623993
1742233881.7279134,0.0,0.0,0.00046803196892142296
1742233881.7285938,0.0,0.0,0.00047292793169617653
1742233881.7293072,0.0,0.0,0.00047996779903769493
1742233881.7299902,0.0,0.0,0.00047427183017134666
1742233881.7306733,0.0,0.0,0.0004768958315253258
1742233881.7313588,0.0,0.0,0.00047775963321328163
1742233881.732041,0.0,0.0,0.0004736962728202343
1742233881.7327473,0.0,0.0,0.0005098879337310791
1742233881.733475,0.0,0.0,0.0004907520487904549
1742233881.7342007,0.0,0.0,0.0005181441083550453
1742233881.7348702,0.0,0.0,0.0004711044020950794
1742233881.7355914,0.0,0.0,0.0005181119777262211
1742233881.7362704,0.0,0.0,0.0004710080102086067
1742233881.736989,0.0,0.0,0.0005130236968398094
1742233881.737678,0.0,0.0,0.00047555193305015564
1742233881.7383587,0.0,0.0,0.0004711039364337921
1742233881.7390296,0.0,0.0,0.0004661437124013901
1742233881.739718,0.0,0.0,0.0004929918795824051
1742233881.7403975,0.0,0.0,0.00047212792560458183
1742233881.741094,0.0,0.0,0.0004911357536911964
1742233881.7418075,0.0,0.0,0.0005085757002234459
1742233881.7425203,0.0,0.0,0.0005009276792407036
1742233881.7432227,0.0,0.0,0.0004726722836494446
1742233881.7439528,0.0,0.0,0.00051523232832551
1742233881.7446387,0.0,0.0,0.00047606416046619415
1742233881.7453926,0.0,0.0,0.0004868479445576668
1742233881.7460685,0.0,0.0,0.00046934420242905617
1742233881.7467492,0.0,0.0,0.0004747197963297367
1742233881.7474325,0.0,0.0,0.00047296006232500076
1742233881.7481067,0.0,0.0,0.0004690559580922127
1742233881.7488074,0.0,0.0,0.000502975657582283
1742233881.749488,0.0,0.0,0.0004755840636789799
1742233881.7501633,0.0,0.0,0.00046723196282982826
1742233881.750832,0.0,0.0,0.00046611204743385315
1742233881.7515166,0.0,0.0,0.0004761922173202038
1742233881.7521896,0.0,0.0,0.00046662380918860435
1742233881.7528992,0.0,0.0,0.0005044164136052132
1742233881.753601,0.0,0.0,0.0004897601902484894
1742233881.7543347,0.0,0.0,0.0005232961848378181
1742233881.7550957,0.0,0.0,0.0005453117191791534
1742233881.7558553,0.0,0.0,0.0005225278437137604
1742233881.7565572,0.0,0.0,0.0004906561225652695
1742233881.7573729,0.0,0.0,0.0005712001584470272
1742233881.7581067,0.0,0.0,0.0005162241868674755
1742233881.758811,0.0,0.0,0.0004941443912684917
1742233881.7595232,0.0,0.0,0.0004904000088572502
1742233881.7610998,0.0,0.0,0.0013641598634421825
1742233881.761921,0.0,0.0,0.0005589439533650875
1742233881.7626698,0.0,0.0,0.0005180803127586842
1742233881.7633853,0.0,0.0,0.000497664324939251
1742233881.7640889,0.0,0.0,0.0004896321333944798
1742233881.764829,0.0,0.0,0.0005257278680801392
1742233881.7655299,0.0,0.0,0.0004969597794115543
1742233881.7662272,0.0,0.0,0.00048751989379525185
1742233881.766928,0.0,0.0,0.0004861438646912575
1742233881.767621,0.0,0.0,0.000491616316139698
1742233881.768314,0.0,0.0,0.0004890239797532558
1742233881.769027,0.0,0.0,0.0005041602998971939
1742233881.769716,0.0,0.0,0.00047817593440413475
1742233881.7704084,0.0,0.0,0.0004829759709537029
1742233881.7711294,0.0,0.0,0.0004808320663869381
1742233881.7718198,0.0,0.0,0.0004805438220500946
1742233881.7725105,0.0,0.0,0.0004810239188373089
1742233881.7732189,0.0,0.0,0.00047977594658732414
1742233881.7739043,0.0,0.0,0.0004750080406665802
1742233881.774635,0.0,0.0,0.0004863361828029156
1742233881.7753098,0.0,0.0,0.0004673921503126621
1742233881.7760494,0.0,0.0,0.0005301120691001415
1742233881.7767878,0.0,0.0,0.0005180160515010357
1742233881.7774742,0.0,0.0,0.00048188772052526474
1742233881.7781491,0.0,0.0,0.00048057595267891884
1742233881.7788258,0.0,0.0,0.00047225598245859146
1742233881.7794986,0.0,0.0,0.0004760958254337311
1742233881.7801828,0.0,0.0,0.00047926371917128563
1742233881.7809002,0.0,0.0,0.000515263993293047
1742233881.781604,0.0,0.0,0.0004951362498104572
1742233881.7823422,0.0,0.0,0.0005335039459168911
1742233881.7830448,0.0,0.0,0.0004937918856739998
1742233881.783746,0.0,0.0,0.00047846371307969093
1742233881.7844253,0.0,0.0,0.0004724799655377865
1742233881.7851365,0.0,0.0,0.0005066241137683392
1742233881.7858284,0.0,0.0,0.0004866877570748329
1742233881.7865252,0.0,0.0,0.0004884158261120319
1742233881.787218,0.0,0.0,0.00048508821055293083
1742233881.787903,0.0,0.0,0.00048319995403289795
1742233881.788601,0.0,0.0,0.0004881918430328369
1742233881.789322,0.0,0.0,0.0004897923208773136
1742233881.790011,0.0,0.0,0.0004785279743373394
1742233881.7906995,0.0,0.0,0.0004844800569117069
1742233881.7913728,0.0,0.0,0.0004718718118965626
1742233881.7920527,0.0,0.0,0.0004719039425253868
1742233881.7927961,0.0,0.0,0.0005389763973653316
1742233881.7935193,0.0,0.0,0.0005160639993846416
1742233881.7942333,0.0,0.0,0.0005021123215556145
1742233881.7949317,0.0,0.0,0.0004901443608105183
1742233881.7956598,0.0,0.0,0.0005211839452385902
1742233881.796352,0.0,0.0,0.00048220762982964516
1742233881.7970905,0.0,0.0,0.0005171517841517925
1742233881.797825,0.0,0.0,0.0005243201740086079
1742233881.798518,0.0,0.0,0.00048492802307009697
1742233881.7992046,0.0,0.0,0.0004787519574165344
1742233881.7998838,0.0,0.0,0.00048310402780771255
1742233881.8006115,0.0,0.0,0.0005246717482805252
1742233881.8014112,0.0,0.0,0.000537375919520855
1742233881.8021228,0.0,0.0,0.000490336213260889
1742233881.802808,0.0,0.0,0.00048652803525328636
1742233881.8034914,0.0,0.0,0.00048502394929528236
1742233881.8041923,0.0,0.0,0.0004886719398200512
1742233881.804931,0.0,0.0,0.0005328962579369545
1742233881.8056204,0.0,0.0,0.0004914877936244011
1742233881.806313,0.0,0.0,0.00048713618889451027
1742233881.8070068,0.0,0.0,0.0004886719398200512
1742233881.8077042,0.0,0.0,0.000496255699545145
1742233881.8084128,0.0,0.0,0.0004971516318619251
1742233881.8091292,0.0,0.0,0.0005084481090307236
1742233881.8098295,0.0,0.0,0.0004929280839860439
1742233881.8105197,0.0,0.0,0.0004957439377903938
1742233881.8112633,0.0,0.0,0.0005044476129114628
1742233881.8119624,0.0,0.0,0.0004892484284937382
1742233881.8126767,0.0,0.0,0.0005110399797558784
1742233881.8134246,0.0,0.0,0.0005072960630059242
1742233881.8141189,0.0,0.0,0.00048390403389930725
1742233881.814818,0.0,0.0,0.000490112230181694
1742233881.8155262,0.0,0.0,0.0004959683865308762
1742233881.8171608,0.0,0.0,0.0006087035872042179
1742233881.8179195,0.0,0.0,0.0005266559310257435
1742233881.8186717,0.0,0.0,0.0005243523046374321
1742233881.8193884,0.0,0.0,0.0005110716447234154
1742233881.820093,0.0,0.0,0.000491647981107235
1742233881.8208256,0.0,0.0,0.0005226880311965942
1742233881.821536,0.0,0.0,0.0004964480176568031
1742233881.8222356,0.0,0.0,0.0004893122240900993
1742233881.8229227,0.0,0.0,0.00047817593440413475
1742233881.8236125,0.0,0.0,0.00048441626131534576
1742233881.8243017,0.0,0.0,0.0004889280535280704
1742233881.8250225,0.0,0.0,0.0005138879641890526
1742233881.8257158,0.0,0.0,0.0004867841489613056
1742233881.826432,0.0,0.0,0.0004917439073324203
1742233881.8271236,0.0,0.0,0.00048620766028761864
1742233881.8278086,0.0,0.0,0.000482143834233284
1742233881.8284984,0.0,0.0,0.0004821442998945713
1742233881.829288,0.0,0.0,0.0005560638383030891
1742233881.8300016,0.0,0.0,0.0004995837807655334
1742233881.830701,0.0,0.0,0.0004910719580948353
1742233881.8314202,0.0,0.0,0.0005108481273055077
1742233881.832111,0.0,0.0,0.0004891837015748024
1742233881.8328347,0.0,0.0,0.0005168323405086994
1742233881.833532,0.0,0.0,0.0004896637983620167
1742233881.834226,0.0,0.0,0.0004883198998868465
1742233881.8349087,0.0,0.0,0.0004810243844985962
1742233881.8355942,0.0,0.0,0.00048006419092416763
1742233881.8362818,0.0,0.0,0.0004819519817829132
1742233881.8370068,0.0,0.0,0.0005214400589466095
1742233881.8377151,0.0,0.0,0.0004945280961692333
1742233881.838419,0.0,0.0,0.000496608205139637
1742233881.8391566,0.0,0.0,0.0005089598707854748
1742233881.8398507,0.0,0.0,0.0004860800690948963
1742233881.8405519,0.0,0.0,0.0004945918917655945
1742233881.8412726,0.0,0.0,0.0004884800873696804
1742233881.8419726,0.0,0.0,0.000497759785503149
1742233881.8426664,0.0,0.0,0.0004877760075032711
1742233881.8433604,0.0,0.0,0.00048723211511969566
1742233881.8440971,0.0,0.0,0.0005307518877089024
1742233881.8448305,0.0,0.0,0.0005207676440477371
1742233881.8455467,0.0,0.0,0.0005057277157902718
1742233881.84624,0.0,0.0,0.00048803212121129036
1742233881.8469572,0.0,0.0,0.0005010240711271763
1742233881.8476515,0.0,0.0,0.00048783980309963226
1742233881.8483548,0.0,0.0,0.0004875841550529003
1742233881.8490982,0.0,0.0,0.0005395198240876198
1742233881.8498037,0.0,0.0,0.0004933117888867855
1742233881.8504994,0.0,0.0,0.0004955199547111988
1742233881.851197,0.0,0.0,0.0004966720007359982
1742233881.851902,0.0,0.0,0.000489664264023304
1742233881.8526285,0.0,0.0,0.0004964163526892662
1742233881.853347,0.0,0.0,0.0004842560738325119
1742233881.8540473,0.0,0.0,0.0004905601963400841
1742233881.8547182,0.0,0.0,0.0004693758673965931
1742233881.8554077,0.0,0.0,0.0004839361645281315
1742233881.8561006,0.0,0.0,0.0004885443486273289
1742233881.8568377,0.0,0.0,0.0005341116338968277
1742233881.857564,0.0,0.0,0.0005091200582683086
1742233881.8582728,0.0,0.0,0.0004974398761987686
1742233881.8589613,0.0,0.0,0.0004831361584365368
1742233881.8596454,0.0,0.0,0.0004839361645281315
1742233881.8603294,0.0,0.0,0.0004816320724785328
1742233881.86105,0.0,0.0,0.0005209599621593952
1742233881.8617456,0.0,0.0,0.0004909760318696499
1742233881.8624427,0.0,0.0,0.0004952000454068184
1742233881.8631325,0.0,0.0,0.0004863678477704525
1742233881.863831,0.0,0.0,0.0004935357719659805
1742233881.8645267,0.0,0.0,0.0004900158382952213
1742233881.8652446,0.0,0.0,0.000496832188218832
1742233881.865938,0.0,0.0,0.0004870723932981491
1742233881.8666797,0.0,0.0,0.0005116797983646393
1742233881.8674092,0.0,0.0,0.0005163839086890221
1742233881.8681223,0.0,0.0,0.0005004159174859524
1742233881.8688602,0.0,0.0,0.0005281600169837475
1742233881.8695674,0.0,0.0,0.0004941439256072044
1742233881.8702655,0.0,0.0,0.0004876479506492615
1742233881.8709743,0.0,0.0,0.0004904959350824356
1742233881.8725727,0.0,0.0,0.0005859839729964733
1742233881.8733582,0.0,0.0,0.0005292799323797226
1742233881.8740964,0.0,0.0,0.0005191359668970108
1742233881.874811,0.0,0.0,0.0005104318261146545
1742233881.875573,0.0,0.0,0.00054972805082798
1742233881.8763218,0.0,0.0,0.0005369917489588261
1742233881.8770711,0.0,0.0,0.0005381442606449127
1742233881.8777807,0.0,0.0,0.0004976317286491394
1742233881.8784823,0.0,0.0,0.0004951357841491699
1742233881.8791852,0.0,0.0,0.0004985281266272068
1742233881.8798866,0.0,0.0,0.0004928642883896828
1742233881.8805842,0.0,0.0,0.0004944000393152237
1742233881.8813312,0.0,0.0,0.0005063358694314957
1742233881.8820305,0.0,0.0,0.0004903357475996017
1742233881.8827302,0.0,0.0,0.0004950398579239845
1742233881.8834493,0.0,0.0,0.0004918077029287815
1742233881.8841531,0.0,0.0,0.0004917443729937077
1742233881.8848917,0.0,0.0,0.0005335998721420765
1742233881.8855958,0.0,0.0,0.0004937923513352871
1742233881.8862965,0.0,0.0,0.0004968638531863689
1742233881.88701,0.0,0.0,0.0005182079039514065
1742233881.8877661,0.0,0.0,0.0005482560954988003
1742233881.8884728,0.0,0.0,0.0004987199790775776
1742233881.889188,0.0,0.0,0.0005156798288226128
1742233881.8899,0.0,0.0,0.0005006082355976105
1742233881.8906262,0.0,0.0,0.000527647789567709
1742233881.8913019,0.0,0.0,0.0004788478836417198
1742233881.8919985,0.0,0.0,0.0004909760318696499
1742233881.8926895,0.0,0.0,0.0004880959168076515
1742233881.8934283,0.0,0.0,0.0005093757063150406
1742233881.8941298,0.0,0.0,0.0004951362498104572
1742233881.894832,0.0,0.0,0.0005031358450651169
1742233881.8955297,0.0,0.0,0.0004958719946444035
1742233881.8962307,0.0,0.0,0.0004949439316987991
1742233881.897043,0.0,0.0,0.0005877763032913208
1742233881.8977747,0.0,0.0,0.0005101757124066353
1742233881.8984718,0.0,0.0,0.0004922556690871716
1742233881.8991766,0.0,0.0,0.0004967041313648224
1742233881.8998764,0.0,0.0,0.0004928000271320343
1742233881.9005747,0.0,0.0,0.0004926719702780247
1742233881.9012933,0.0,0.0,0.0004894076846539974
1742233881.9019976,0.0,0.0,0.0004914239980280399
1742233881.9026954,0.0,0.0,0.0004894719459116459
1742233881.9034026,0.0,0.0,0.0004992000758647919
1742233881.9041,0.0,0.0,0.0004914877936244011
1742233881.9048557,0.0,0.0,0.0005454081110656261
1742233881.9055622,0.0,0.0,0.0004918077029287815
1742233881.906266,0.0,0.0,0.0004956158809363842
1742233881.9069612,0.0,0.0,0.0004902081564068794
1742233881.9076748,0.0,0.0,0.0004980480298399925
1742233881.908378,0.0,0.0,0.0004958398640155792
1742233881.9091256,0.0,0.0,0.0005383039824664593
1742233881.9098182,0.0,0.0,0.0004851836711168289
1742233881.9105518,0.0,0.0,0.0005087358877062798
1742233881.911252,0.0,0.0,0.0004914882592856884
1742233881.9119537,0.0,0.0,0.0004937918856739998
1742233881.912661,0.0,0.0,0.0004989118315279484
1742233881.9134483,0.0,0.0,0.0005187839269638062
1742233881.9141574,0.0,0.0,0.0004970240406692028
1742233881.9149158,0.0,0.0,0.0005510719493031502
1742233881.9156454,0.0,0.0,0.0005263676866889
1742233881.9163485,0.0,0.0,0.0004942719824612141
1742233881.9170928,0.0,0.0,0.0005366080440580845
1742233881.9177928,0.0,0.0,0.0004898556508123875
1742233881.9184937,0.0,0.0,0.0004927036352455616
1742233881.9191937,0.0,0.0,0.0004941439256072044
1742233881.9198878,0.0,0.0,0.0004952000454068184
1742233881.920582,0.0,0.0,0.0004961597733199596
1742233881.9213295,0.0,0.0,0.0005117440596222878
1742233881.9220557,0.0,0.0,0.0005134399980306625
1742233881.922791,0.0,0.0,0.0005232640542089939
1742233881.9234984,0.0,0.0,0.0004997118376195431
1742233881.9242299,0.0,0.0,0.0005023996345698833
1742233881.9249518,0.0,0.0,0.0005210880190134048
1742233881.9256608,0.0,0.0,0.0004969276487827301
1742233881.926375,0.0,0.0,0.0005043200217187405
1742233881.9279544,0.0,0.0,0.0013602557592093945
1742233881.9287682,0.0,0.0,0.000568159855902195
1742233881.929516,0.0,0.0,0.0005144639872014523
1742233881.9302344,0.0,0.0,0.0005112639628350735
1742233881.9309535,0.0,0.0,0.000507487915456295
1742233881.9317086,0.0,0.0,0.0005461121909320354
1742233881.9324236,0.0,0.0,0.0005062716081738472
1742233881.9331627,0.0,0.0,0.0005306880921125412
1742233881.9338853,0.0,0.0,0.0005087358877062798
1742233881.934635,0.0,0.0,0.0005367361009120941
1742233881.935349,0.0,0.0,0.00050310418009758
1742233881.936046,0.0,0.0,0.0004948158748447895
1742233881.9368615,0.0,0.0,0.0006025917828083038
1742233881.9375846,0.0,0.0,0.000508544035255909
1742233881.9382944,0.0,0.0,0.0004975041374564171
1742233881.939,0.0,0.0,0.0004930556751787663
1742233881.9396944,0.0,0.0,0.0004900796338915825
1742233881.9403934,0.0,0.0,0.0004943362437188625
1742233881.9411192,0.0,0.0,0.0005175359547138214
1742233881.941817,0.0,0.0,0.0004884800873696804
1742233881.9425435,0.0,0.0,0.0005190079100430012
1742233881.9432425,0.0,0.0,0.0004936642944812775
1742233881.9439442,0.0,0.0,0.0004933117888867855
1742233881.9446366,0.0,0.0,0.0004894719459116459
1742233881.9453664,0.0,0.0,0.000495104119181633
1742233881.9460588,0.0,0.0,0.00048630405217409134
1742233881.9467456,0.0,0.0,0.0004872959107160568
1742233881.9474359,0.0,0.0,0.0004822397604584694
1742233881.9481275,0.0,0.0,0.00048793572932481766
1742233881.948842,0.0,0.0,0.0005198721773922443
1742233881.9495542,0.0,0.0,0.0005020475946366787
1742233881.9502578,0.0,0.0,0.0004952643066644669
1742233881.9509444,0.0,0.0,0.0004900479689240456
1742233881.9516554,0.0,0.0,0.0005079680122435093
1742233881.95236,0.0,0.0,0.0004950403235852718
1742233881.9530892,0.0,0.0,0.0005217599682509899
1742233881.953827,0.0,0.0,0.0005114884115755558
1742233881.9545321,0.0,0.0,0.0004929602146148682
1742233881.9552245,0.0,0.0,0.00048502394929528236
1742233881.9559255,0.0,0.0,0.0004954882897436619
1742233881.9566238,0.0,0.0,0.0004905923269689083
1742233881.957356,0.0,0.0,0.0005009281449019909
1742233881.9580626,0.0,0.0,0.0004976000636816025
1742233881.9587631,0.0,0.0,0.0004912000149488449
1742233881.9594662,0.0,0.0,0.0004934719763696194
1742233881.9601645,0.0,0.0,0.0005032639019191265
1742233881.960915,0.0,0.0,0.0005428800359368324
1742233881.9616137,0.0,0.0,0.0004996480420231819
1742233881.962326,0.0,0.0,0.0005055679939687252
1742233881.963034,0.0,0.0,0.0004973439499735832
1742233881.9637358,0.0,0.0,0.0004944317042827606
1742233881.964441,0.0,0.0,0.0004964480176568031
1742233881.9651704,0.0,0.0,0.0005242559127509594
1742233881.9658782,0.0,0.0,0.0005012801848351955
1742233881.9666252,0.0,0.0,0.0005073919892311096
1742233881.9673393,0.0,0.0,0.0004977602511644363
1742233881.9680412,0.0,0.0,0.0004970240406692028
1742233881.9688067,0.0,0.0,0.0005548163317143917
1742233881.9695227,0.0,0.0,0.0005033276975154877
1742233881.970241,0.0,0.0,0.0005080001428723335
1742233881.9709542,0.0,0.0,0.0005063680000603199
1742233881.97167,0.0,0.0,0.0005020159296691418
1742233881.9723718,0.0,0.0,0.0004954561591148376
1742233881.9730995,0.0,0.0,0.0005275201983749866
1742233881.973797,0.0,0.0,0.0004871683195233345
1742233881.9745355,0.0,0.0,0.0005407040007412434
1742233881.97527,0.0,0.0,0.0005259518511593342
1742233881.9759736,0.0,0.0,0.0004979521036148071
1742233881.9766672,0.0,0.0,0.0004969602450728416
1742233881.9774299,0.0,0.0,0.0005189762450754642
1742233881.9781506,0.0,0.0,0.0005051838234066963
1742233881.978891,0.0,0.0,0.0005300478078424931
1742233881.97962,0.0,0.0,0.0005157757550477982
1742233881.9803524,0.0,0.0,0.0005147838965058327
1742233881.9810963,0.0,0.0,0.0005426560528576374
1742233881.9818094,0.0,0.0,0.0005021118558943272
1742233881.9833329,0.0,0.0,0.0013072001747786999
1742233881.984118,0.0,0.0,0.0005382080562412739
1742233881.984894,0.0,0.0,0.0005512000061571598
1742233881.9856284,0.0,0.0,0.0005163517780601978
1742233881.9863603,0.0,0.0,0.0005132798105478287
1742233881.9870827,0.0,0.0,0.0005157440900802612
1742233881.9877994,0.0,0.0,0.0005051200278103352
1742233881.9885135,0.0,0.0,0.0004977919161319733
1742233881.9892623,0.0,0.0,0.0005124160088598728
1742233881.9899645,0.0,0.0,0.0005023679696023464
1742233881.9907167,0.0,0.0,0.0005474239587783813
1742233881.9914505,0.0,0.0,0.0005232961848378181
1742233881.992216,0.0,0.0,0.0005171843804419041
1742233881.9932437,0.0,0.0,0.0008204476907849312
1742233881.9939814,0.0,0.0,0.0005169599317014217
1742233881.994696,0.0,0.0,0.0005017919465899467
1742233881.995457,0.0,0.0,0.0005479040555655956
1742233881.9961994,0.0,0.0,0.0005255360156297684
1742233881.9969497,0.0,0.0,0.000534367747604847
1742233881.997673,0.0,0.0,0.0005074241198599339
1742233881.9984405,0.0,0.0,0.0005349121056497097
1742233881.9991648,0.0,0.0,0.0005034240894019604
1742233881.9998946,0.0,0.0,0.0005122236907482147
1742233882.000604,0.0,0.0,0.0004910719580948353
1742233882.001366,0.0,0.0,0.0005214717239141464
1742233882.0020866,0.0,0.0,0.0005039679817855358
1742233882.002794,0.0,0.0,0.0005016960203647614
1742233882.0035179,0.0,0.0,0.0005099521949887276
1742233882.0042226,0.0,0.0,0.0005069761537015438
1742233882.0049663,0.0,0.0,0.0005334396846592426
1742233882.0056863,0.0,0.0,0.0005058879032731056
1742233882.0064194,0.0,0.0,0.0005116481333971024
1742233882.0071368,0.0,0.0,0.0005068159662187099
1742233882.007831,0.0,0.0,0.0004965439438819885
1742233882.0085323,0.0,0.0,0.0004952643066644669
1742233882.009331,0.0,0.0,0.0005546878091990948
1742233882.0100393,0.0,0.0,0.0005025281570851803
1742233882.0107536,0.0,0.0,0.0005039358511567116
1742233882.0115035,0.0,0.0,0.0005171839147806168
1742233882.0122218,0.0,0.0,0.0005030399188399315
1742233882.012953,0.0,0.0,0.0005249283276498318
1742233882.0136716,0.0,0.0,0.0005048960447311401
1742233882.0143816,0.0,0.0,0.0005095363594591618
1742233882.0150878,0.0,0.0,0.0005074241198599339
1742233882.0158234,0.0,0.0,0.0005250559188425541
1742233882.0165417,0.0,0.0,0.0005090557970106602
1742233882.0172842,0.0,0.0,0.000519423745572567
1742233882.0179954,0.0,0.0,0.0004980480298399925
1742233882.0187042,0.0,0.0,0.0005023679696023464
1742233882.0194468,0.0,0.0,0.0005364799872040749
1742233882.0201533,0.0,0.0,0.000503776129335165
1742233882.0208838,0.0,0.0,0.0005261762998998165
1742233882.0215974,0.0,0.0,0.0005056960508227348
1742233882.0223215,0.0,0.0,0.0005118721164762974
1742233882.023029,0.0,0.0,0.0005031358450651169
1742233882.023736,0.0,0.0,0.0005032639019191265
1742233882.0244462,0.0,0.0,0.000508288387209177
1742233882.0252173,0.0,0.0,0.0005565118044614792
1742233882.025936,0.0,0.0,0.000508512370288372
1742233882.0266712,0.0,0.0,0.0005050557665526867
1742233882.0274048,0.0,0.0,0.000524415634572506
1742233882.0281034,0.0,0.0,0.0004955842159688473
1742233882.0288348,0.0,0.0,0.0005270396359264851
1742233882.0295737,0.0,0.0,0.0005207681097090244
1742233882.0302818,0.0,0.0,0.0005011521279811859
1742233882.0309901,0.0,0.0,0.0005064643919467926
1742233882.0317097,0.0,0.0,0.0005090879276394844
1742233882.0324214,0.0,0.0,0.0005052159540355206
1742233882.0331745,0.0,0.0,0.0005535040982067585
1742233882.0339167,0.0,0.0,0.0005237762816250324
1742233882.0346606,0.0,0.0,0.0005305600352585316
1742233882.0353801,0.0,0.0,0.0005111042410135269
1742233882.0361435,0.0,0.0,0.0005500800907611847
1742233882.0369332,0.0,0.0,0.0005773757584393024
1742233882.038483,0.0,0.0,0.0013279682025313377
1742233882.0393093,0.0,0.0,0.0005719680339097977
1742233882.040053,0.0,0.0,0.000530655961483717
1742233882.0408316,0.0,0.0,0.0005591358058154583
1742233882.0415685,0.0,0.0,0.0005238400772213936
1742233882.0422978,0.0,0.0,0.0005256957374513149
1742233882.0430427,0.0,0.0,0.0005128318443894386
1742233882.0437756,0.0,0.0,0.0005180160515010357
1742233882.0445092,0.0,0.0,0.0005208002403378487
1742233882.0452573,0.0,0.0,0.0005222721956670284
1742233882.0459847,0.0,0.0,0.0005127680487930775
1742233882.046705,0.0,0.0,0.0005145282484591007
1742233882.0474207,0.0,0.0,0.0005046399310231209
1742233882.0481272,0.0,0.0,0.0005026240833103657
1742233882.0488708,0.0,0.0,0.0005329917185008526
1742233882.049584,0.0,0.0,0.0005088639445602894
1742233882.0503066,0.0,0.0,0.0005153599195182323
1742233882.0510213,0.0,0.0,0.0005106879398226738
1742233882.0517814,0.0,0.0,0.0005550081841647625
1742233882.0524974,0.0,0.0,0.0005056960508227348
1742233882.0532393,0.0,0.0,0.0005137915723025799
1742233882.053973,0.0,0.0,0.0005256319418549538
1742233882.0546958,0.0,0.0,0.000509247649461031
1742233882.0554004,0.0,0.0,0.0004989118315279484
1742233882.0560994,0.0,0.0,0.0004916796460747719
1742233882.0568655,0.0,0.0,0.0005728318355977535
1742233882.0575857,0.0,0.0,0.000512479804456234
1742233882.0583272,0.0,0.0,0.0005118078552186489
1742233882.0590374,0.0,0.0,0.000502048060297966
1742233882.0597587,0.0,0.0,0.0005134083330631256
1742233882.0604553,0.0,0.0,0.0005024322308599949
1742233882.0611978,0.0,0.0,0.0005509117618203163
1742233882.0619698,0.0,0.0,0.0005590077489614487
1742233882.062677,0.0,0.0,0.0005012159235775471
1742233882.0633848,0.0,0.0,0.000500064343214035
1742233882.0641418,0.0,0.0,0.0005493438802659512
1742233882.064917,0.0,0.0,0.0005659838207066059
1742233882.0656474,0.0,0.0,0.0005126721225678921
1742233882.066345,0.0,0.0,0.0005045440047979355
1742233882.0670512,0.0,0.0,0.0004998720251023769
1742233882.0677671,0.0,0.0,0.0005077761597931385
1742233882.0684636,0.0,0.0,0.0005011199973523617
1742233882.069223,0.0,0.0,0.0005500162951648235
1742233882.0699418,0.0,0.0,0.0005083517171442509
1742233882.0706468,0.0,0.0,0.0004963837563991547
1742233882.071348,0.0,0.0,0.000495807733386755
1742233882.072077,0.0,0.0,0.0005255360156297684
1742233882.0728135,0.0,0.0,0.0005293763242661953
1742233882.0735419,0.0,0.0,0.0004976638592779636
1742233882.0742466,0.0,0.0,0.0004968317225575447
1742233882.0749562,0.0,0.0,0.0005014403723180294
1742233882.0756626,0.0,0.0,0.0005009598098695278
1742233882.0763717,0.0,0.0,0.000495328102260828
1742233882.077111,0.0,0.0,0.0005430723540484905
1742233882.07783,0.0,0.0,0.0005050236359238625
1742233882.0785582,0.0,0.0,0.0005103042349219322
1742233882.0792942,0.0,0.0,0.0005196481943130493
1742233882.0800052,0.0,0.0,0.0005038399249315262
1742233882.0807526,0.0,0.0,0.0005511683411896229
1742233882.0814962,0.0,0.0,0.0005219201557338238
1742233882.0822093,0.0,0.0,0.0005051200278103352
1742233882.0829165,0.0,0.0,0.0004986240528523922
1742233882.0836337,0.0,0.0,0.000510944053530693
1742233882.0843403,0.0,0.0,0.0005021761171519756
1742233882.085093,0.0,0.0,0.0005438718944787979
1742233882.085803,0.0,0.0,0.0004969597794115543
1742233882.0866222,0.0,0.0,0.0005993596278131008
1742233882.0873458,0.0,0.0,0.0005097920075058937
1742233882.088062,0.0,0.0,0.0005108797922730446
1742233882.0888467,0.0,0.0,0.0005548158660531044
1742233882.0895796,0.0,0.0,0.0005240002647042274
1742233882.0903242,0.0,0.0,0.0005332799628376961
1742233882.0910742,0.0,0.0,0.0005373121239244938
1742233882.0918057,0.0,0.0,0.0005204160697758198
1742233882.0925207,0.0,0.0,0.0005085119046270847
1742233882.094179,0.0,0.0,0.0014158720150589943
1742233882.0949783,0.0,0.0,0.0005526081658899784
1742233882.0957146,0.0,0.0,0.0005179517902433872
1742233882.096445,0.0,0.0,0.000517919659614563
1742233882.0972283,0.0,0.0,0.000571136362850666
1742233882.0979578,0.0,0.0,0.0005155201070010662
1742233882.098683,0.0,0.0,0.0005125119350850582
1742233882.0993965,0.0,0.0,0.000508544035255909
1742233882.1001127,0.0,0.0,0.000508992001414299
1742233882.1008446,0.0,0.0,0.000532831996679306
1742233882.101617,0.0,0.0,0.000564927700906992
1742233882.1023307,0.0,0.0,0.0005131838843226433
1742233882.1030364,0.0,0.0,0.0004984643310308456
1742233882.1037447,0.0,0.0,0.0005092797800898552
1742233882.1044867,0.0,0.0,0.0005163839086890221
1742233882.1052618,0.0,0.0,0.0005397438071668148
1742233882.105987,0.0,0.0,0.0005091521888971329
1742233882.1066978,0.0,0.0,0.0005121603608131409
1742233882.1074202,0.0,0.0,0.0005097277462482452
1742233882.108138,0.0,0.0,0.000510496087372303
1742233882.108942,0.0,0.0,0.0005938238464295864
1742233882.1097116,0.0,0.0,0.0005505597218871117
1742233882.1104412,0.0,0.0,0.0005265600048005581
1742233882.1111817,0.0,0.0,0.0005198721773922443
1742233882.1119359,0.0,0.0,0.000538271851837635
1742233882.1126661,0.0,0.0,0.0005179517902433872
1742233882.1134148,0.0,0.0,0.0005189757794141769
1742233882.1141338,0.0,0.0,0.0005144961178302765
1742233882.1148522,0.0,0.0,0.0005153277888894081
1742233882.115578,0.0,0.0,0.0005228160880506039
1742233882.1163049,0.0,0.0,0.0005168318748474121
1742233882.1170578,0.0,0.0,0.0005466877482831478
1742233882.1177647,0.0,0.0,0.0005094078369438648
1742233882.1185398,0.0,0.0,0.0005640317685902119
1742233882.1192913,0.0,0.0,0.0005468158051371574
1742233882.1200576,0.0,0.0,0.0005569919012486935
1742233882.1208322,0.0,0.0,0.0005573118105530739
1742233882.1215758,0.0,0.0,0.0005296319723129272
1742233882.1223006,0.0,0.0,0.000516768079251051
1742233882.1230319,0.0,0.0,0.0005181119777262211
1742233882.1237652,0.0,0.0,0.000525440089404583
1742233882.1244848,0.0,0.0,0.0005136639811098576
1742233882.1252332,0.0,0.0,0.000545823946595192
1742233882.1259582,0.0,0.0,0.0005144639872014523
1742233882.1266627,0.0,0.0,0.0005095996893942356
1742233882.1273754,0.0,0.0,0.0005069440230727196
1742233882.1280842,0.0,0.0,0.0005098241381347179
1742233882.128829,0.0,0.0,0.0005446081049740314
1742233882.1296065,0.0,0.0,0.0005691517144441605
1742233882.1303318,0.0,0.0,0.0005244798958301544
1742233882.1310568,0.0,0.0,0.0005189757794141769
1742233882.1317902,0.0,0.0,0.0005250880494713783
1742233882.1325123,0.0,0.0,0.0005110078491270542
1742233882.133359,0.0,0.0,0.0005971202626824379
1742233882.134099,0.0,0.0,0.0005212482064962387
1742233882.1348248,0.0,0.0,0.0005164803005754948
1742233882.1355605,0.0,0.0,0.0005218880251049995
1742233882.1363122,0.0,0.0,0.0005533760413527489
1742233882.1371007,0.0,0.0,0.0005879360251128674
1742233882.1378367,0.0,0.0,0.0005164803005754948
1742233882.1385686,0.0,0.0,0.0005218558944761753
1742233882.1392958,0.0,0.0,0.0005179201252758503
1742233882.1400118,0.0,0.0,0.0005095680244266987
1742233882.1407723,0.0,0.0,0.0005561280995607376
1742233882.141527,0.0,0.0,0.0005404478870332241
1742233882.14224,0.0,0.0,0.000510272104293108
1742233882.1429644,0.0,0.0,0.0005171839147806168
1742233882.1437023,0.0,0.0,0.0005328957922756672
1742233882.1444325,0.0,0.0,0.0005228482186794281
1742233882.1452208,0.0,0.0,0.0005699517205357552
1742233882.145974,0.0,0.0,0.000534815713763237
1742233882.1467097,0.0,0.0,0.0005250237882137299
1742233882.14748,0.0,0.0,0.000529375858604908
1742233882.1482434,0.0,0.0,0.0005504963919520378
1742233882.1498177,0.0,0.0,0.0013525760732591152
1742233882.150629,0.0,0.0,0.0005634878762066364
1742233882.1513803,0.0,0.0,0.0005387519486248493
1742233882.152124,0.0,0.0,0.0005333763547241688
1742233882.1528962,0.0,0.0,0.0005639041773974895
1742233882.1536436,0.0,0.0,0.000536543782800436
1742233882.154449,0.0,0.0,0.0006076162680983543
1742233882.1552,0.0,0.0,0.0005478402599692345
1742233882.1559317,0.0,0.0,0.0005219839513301849
1742233882.1566753,0.0,0.0,0.000528095755726099
1742233882.1574554,0.0,0.0,0.0005391999147832394
1742233882.1581933,0.0,0.0,0.0005283518694341183
1742233882.158934,0.0,0.0,0.0005342080257833004
1742233882.1596708,0.0,0.0,0.0005320957861840725
1742233882.1603925,0.0,0.0,0.0005235522985458374
1742233882.1611698,0.0,0.0,0.000562720000743866
1742233882.1618898,0.0,0.0,0.0005162237212061882
1742233882.1626153,0.0,0.0,0.0005264319479465485
1742233882.1633446,0.0,0.0,0.000518720131367445
1742233882.1640582,0.0,0.0,0.0005174721591174603
1742233882.164844,0.0,0.0,0.0005528642795979977
1742233882.1655807,0.0,0.0,0.0005213120020925999
1742233882.166314,0.0,0.0,0.0005219201557338238
1742233882.167032,0.0,0.0,0.0005171839147806168
1742233882.1677628,0.0,0.0,0.0005198400467634201
1742233882.1685066,0.0,0.0,0.0005374718457460403
1742233882.1693354,0.0,0.0,0.0006059198640286922
1742233882.1700778,0.0,0.0,0.0005266563966870308
1742233882.1708324,0.0,0.0,0.0005366401746869087
1742233882.1715624,0.0,0.0,0.0005315202288329601
1742233882.1723032,0.0,0.0,0.000530400313436985
1742233882.1730618,0.0,0.0,0.000548223964869976
1742233882.1737988,0.0,0.0,0.0005291840061545372
1742233882.174525,0.0,0.0,0.0005201599560678005
1742233882.1752534,0.0,0.0,0.0005144639872014523
1742233882.1759665,0.0,0.0,0.0005113915540277958
1742233882.1766837,0.0,0.0,0.0005134078674018383
1742233882.177448,0.0,0.0,0.000531232450157404
1742233882.178184,0.0,0.0,0.0005208961665630341
1742233882.1789424,0.0,0.0,0.000527168158441782
1742233882.179676,0.0,0.0,0.0005273278802633286
1742233882.1803992,0.0,0.0,0.0005248319357633591
1742233882.18117,0.0,0.0,0.0005574398674070835
1742233882.181908,0.0,0.0,0.0005282564088702202
1742233882.1826391,0.0,0.0,0.0005212798714637756
1742233882.1833804,0.0,0.0,0.000527616124600172
1742233882.184095,0.0,0.0,0.0005181757733225822
1742233882.184834,0.0,0.0,0.0005412157624959946
1742233882.1855552,0.0,0.0,0.0005182400345802307
1742233882.1862676,0.0,0.0,0.0005064001306891441
1742233882.187032,0.0,0.0,0.0005422080866992474
1742233882.1877878,0.0,0.0,0.0005327682010829449
1742233882.1885242,0.0,0.0,0.0005230400711297989
1742233882.189303,0.0,0.0,0.0005410239100456238
1742233882.1900344,0.0,0.0,0.0005245441570878029
1742233882.190772,0.0,0.0,0.000525440089404583
1742233882.1914947,0.0,0.0,0.0005183359608054161
1742233882.1922235,0.0,0.0,0.0005178241990506649
1742233882.1930346,0.0,0.0,0.0005812481977045536
1742233882.193768,0.0,0.0,0.0005247038789093494
1742233882.1945052,0.0,0.0,0.000525888055562973
1742233882.195266,0.0,0.0,0.00051894411444664
1742233882.1960003,0.0,0.0,0.0005241278558969498
1742233882.1967432,0.0,0.0,0.0005363523960113525
1742233882.1974983,0.0,0.0,0.0005399361252784729
1742233882.1982203,0.0,0.0,0.0005173119716346264
1742233882.1990023,0.0,0.0,0.0005723517388105392
1742233882.1997623,0.0,0.0,0.0005389759317040443
1742233882.2005029,0.0,0.0,0.0005248002707958221
1742233882.2012691,0.0,0.0,0.0005369922146201134
1742233882.2020116,0.0,0.0,0.0005256957374513149
1742233882.2027617,0.0,0.0,0.000537568237632513
1742233882.2034998,0.0,0.0,0.000523712020367384
1742233882.2050657,0.0,0.0,0.0013643521815538406
1742233882.205923,0.0,0.0,0.0006031999364495277
1742233882.2067063,0.0,0.0,0.000550431665033102
1742233882.207452,0.0,0.0,0.0005327044054865837
1742233882.2081933,0.0,0.0,0.0005305917002260685
1742233882.208986,0.0,0.0,0.000577055849134922
1742233882.2097282,0.0,0.0,0.0005325120873749256
1742233882.210507,0.0,0.0,0.0005415040068328381
1742233882.2112393,0.0,0.0,0.0005155522376298904
1742233882.2119668,0.0,0.0,0.0005257283337414265
1742233882.2127335,0.0,0.0,0.0005516801029443741
1742233882.2135036,0.0,0.0,0.0005499841645359993
1742233882.2142434,0.0,0.0,0.0005294722504913807
1742233882.214968,0.0,0.0,0.0005263676866889
1742233882.215698,0.0,0.0,0.0005245762877166271
1742233882.2164214,0.0,0.0,0.0005195518024265766
1742233882.2171996,0.0,0.0,0.0005707838572561741
1742233882.217938,0.0,0.0,0.000530879944562912
1742233882.218664,0.0,0.0,0.0005276482552289963
1742233882.2193975,0.0,0.0,0.0005235201679170132
1742233882.2201176,0.0,0.0,0.0005170558579266071
1742233882.220882,0.0,0.0,0.0005576321855187416
1742233882.2216206,0.0,0.0,0.000532384030520916
1742233882.2223473,0.0,0.0,0.0005185920745134354
1742233882.2230577,0.0,0.0,0.0005144639872014523
1742233882.2237756,0.0,0.0,0.0005172803066670895
1742233882.2244885,0.0,0.0,0.0005079037509858608
1742233882.225296,0.0,0.0,0.0005496642552316189
1742233882.226056,0.0,0.0,0.0005439361557364464
1742233882.2267947,0.0,0.0,0.0005245758220553398
1742233882.2275326,0.0,0.0,0.0005273278802633286
1742233882.2282603,0.0,0.0,0.0005160961300134659
1742233882.2290258,0.0,0.0,0.0005586240440607071
1742233882.2297614,0.0,0.0,0.000526944175362587
1742233882.230543,0.0,0.0,0.0005734399892389774
1742233882.2312763,0.0,0.0,0.0005306880921125412
1742233882.2320948,0.0,0.0,0.0006085122004151344
1742233882.2328937,0.0,0.0,0.0005871038883924484
1742233882.2336447,0.0,0.0,0.0005336636677384377
1742233882.234433,0.0,0.0,0.0005775042809545994
1742233882.2351713,0.0,0.0,0.0005241921171545982
1742233882.2358992,0.0,0.0,0.0005177282728254795
1742233882.2366173,0.0,0.0,0.000520095694810152
1742233882.2374082,0.0,0.0,0.0005410881713032722
1742233882.2381506,0.0,0.0,0.0005301758646965027
1742233882.2389004,0.0,0.0,0.0005321921780705452
1742233882.2396405,0.0,0.0,0.0005330243147909641
1742233882.2403896,0.0,0.0,0.0005249283276498318
1742233882.2411485,0.0,0.0,0.0005543362349271774
1742233882.241883,0.0,0.0,0.0005211844108998775
1742233882.2426002,0.0,0.0,0.0005071680061519146
1742233882.2433167,0.0,0.0,0.0005192640237510204
1742233882.2440386,0.0,0.0,0.0005240319296717644
1742233882.2448437,0.0,0.0,0.0005961279384791851
1742233882.2456288,0.0,0.0,0.0005690236575901508
1742233882.2463737,0.0,0.0,0.0005317120812833309
1742233882.2471178,0.0,0.0,0.000531103927642107
1742233882.2478604,0.0,0.0,0.0005327682010829449
1742233882.2486076,0.0,0.0,0.000535263679921627
1742233882.2494385,0.0,0.0,0.0005523837171494961
1742233882.2501814,0.0,0.0,0.0005333120934665203
1742233882.2509248,0.0,0.0,0.0005343039520084858
1742233882.251662,0.0,0.0,0.0005319360643625259
1742233882.2524068,0.0,0.0,0.0005326396785676479
1742233882.2531664,0.0,0.0,0.000559008214622736
1742233882.253908,0.0,0.0,0.0005336957983672619
1742233882.2546654,0.0,0.0,0.0005433280020952225
1742233882.2554693,0.0,0.0,0.0005841921083629131
1742233882.2562873,0.0,0.0,0.0005725757218897343
1742233882.2573943,0.0,0.0,0.0008857278153300285
1742233882.2581553,0.0,0.0,0.0005413121543824673
1742233882.25891,0.0,0.0,0.0005381759256124496
1742233882.2605217,0.0,0.0,0.0013947198167443275
1742233882.2613945,0.0,0.0,0.0005921600386500359
1742233882.2621775,0.0,0.0,0.0005552959628403187
1742233882.2629392,0.0,0.0,0.000539775937795639
1742233882.2636812,0.0,0.0,0.0005359039641916752
1742233882.2644358,0.0,0.0,0.000543263740837574
1742233882.265226,0.0,0.0,0.0005796798504889011
1742233882.2660117,0.0,0.0,0.000570143572986126
1742233882.2667542,0.0,0.0,0.0005335677415132523
1742233882.2675035,0.0,0.0,0.0005409601144492626
1742233882.2682333,0.0,0.0,0.0005348799750208855
1742233882.2689924,0.0,0.0,0.0005565122701227665
1742233882.2697263,0.0,0.0,0.0005263998173177242
1742233882.2704666,0.0,0.0,0.0005280640907585621
1742233882.2712116,0.0,0.0,0.0005361600778996944
1742233882.2719598,0.0,0.0,0.0005367361009120941
1742233882.272725,0.0,0.0,0.0005511040799319744
1742233882.273525,0.0,0.0,0.0005559357814490795
1742233882.274271,0.0,0.0,0.000532608013600111
1742233882.2750142,0.0,0.0,0.0005325442180037498
1742233882.2757566,0.0,0.0,0.000532608013600111
1742233882.2765036,0.0,0.0,0.000542560126632452
1742233882.2773,0.0,0.0,0.0005526081658899784
1742233882.2780492,0.0,0.0,0.0005327360704541206
1742233882.2787936,0.0,0.0,0.0005337279289960861
1742233882.2795322,0.0,0.0,0.0005325763486325741
1742233882.2802634,0.0,0.0,0.0005186563357710838
1742233882.281034,0.0,0.0,0.0005608638748526573
1742233882.2817745,0.0,0.0,0.0005253441631793976
1742233882.282513,0.0,0.0,0.0005263360217213631
1742233882.28325,0.0,0.0,0.0005280319601297379
1742233882.283979,0.0,0.0,0.000520672183483839
1742233882.2847307,0.0,0.0,0.0005461438558995724
1742233882.2854745,0.0,0.0,0.0005389121361076832
1742233882.2862062,0.0,0.0,0.0005265921354293823
1742233882.2869854,0.0,0.0,0.0005700476467609406
1742233882.2877684,0.0,0.0,0.0005670399405062199
1742233882.2885804,0.0,0.0,0.0005812803283333778
1742233882.2893717,0.0,0.0,0.0005468479357659817
1742233882.290109,0.0,0.0,0.0005350722931325436
1742233882.2908423,0.0,0.0,0.0005341437645256519
1742233882.2916493,0.0,0.0,0.0005918079987168312
1742233882.2924025,0.0,0.0,0.0005357121117413044
1742233882.2931755,0.0,0.0,0.0005614077672362328
1742233882.2939289,0.0,0.0,0.0005429764278233051
1742233882.2946632,0.0,0.0,0.0005250237882137299
1742233882.2954175,0.0,0.0,0.0005438718944787979
1742233882.2961726,0.0,0.0,0.0005450239405035973
1742233882.2969615,0.0,0.0,0.0005782400257885456
1742233882.2977135,0.0,0.0,0.000538880005478859
1742233882.2984622,0.0,0.0,0.0005397442728281021
1742233882.2992024,0.0,0.0,0.0005313921719789505
1742233882.2999442,0.0,0.0,0.0005351677536964417
1742233882.300686,0.0,0.0,0.00053388811647892
1742233882.3014576,0.0,0.0,0.0005353600718080997
1742233882.302193,0.0,0.0,0.0005218558944761753
1742233882.3029342,0.0,0.0,0.0005378560163080692
1742233882.30369,0.0,0.0,0.0005415678024291992
1742233882.304487,0.0,0.0,0.0005563199520111084
1742233882.3053727,0.0,0.0,0.0006215362809598446
1742233882.30615,0.0,0.0,0.0005513280630111694
1742233882.3068902,0.0,0.0,0.0005344958044588566
1742233882.3076322,0.0,0.0,0.000535616185516119
1742233882.3083818,0.0,0.0,0.0005377279594540596
1742233882.3091595,0.0,0.0,0.0005773440934717655
1742233882.3099403,0.0,0.0,0.0005443836562335491
1742233882.310731,0.0,0.0,0.0005601281300187111
1742233882.311491,0.0,0.0,0.000545215792953968
1742233882.312243,0.0,0.0,0.0005368003621697426
1742233882.313046,0.0,0.0,0.0005857599899172783
1742233882.3138192,0.0,0.0,0.0005480959080159664
1742233882.3145807,0.0,0.0,0.0005438718944787979
1742233882.3162048,0.0,0.0,0.0014055357314646244
1742233882.3170485,0.0,0.0,0.0005977279506623745
1742233882.3178809,0.0,0.0,0.0006066560745239258
1742233882.3186738,0.0,0.0,0.0005753920413553715
1742233882.3194442,0.0,0.0,0.0005472959019243717
1742233882.3202102,0.0,0.0,0.0005481922999024391
1742233882.3210053,0.0,0.0,0.0005814721807837486
1742233882.3217814,0.0,0.0,0.0005415678024291992
1742233882.322526,0.0,0.0,0.0005418239161372185
1742233882.3232608,0.0,0.0,0.0005349759012460709
1742233882.3240118,0.0,0.0,0.0005351044237613678
1742233882.3247736,0.0,0.0,0.0005589756183326244
1742233882.3255634,0.0,0.0,0.0005706879310309887
1742233882.326311,0.0,0.0,0.0005422397516667843
1742233882.3270583,0.0,0.0,0.0005357116460800171
1742233882.327779,0.0,0.0,0.0005254722200334072
1742233882.3285124,0.0,0.0,0.0005377284251153469
1742233882.3293083,0.0,0.0,0.0005619837902486324
1742233882.3300536,0.0,0.0,0.0005362881347537041
1742233882.3307984,0.0,0.0,0.0005447361618280411
1742233882.3315585,0.0,0.0,0.0005484800785779953
1742233882.3323078,0.0,0.0,0.0005419519729912281
1742233882.3330827,0.0,0.0,0.0005772481672465801
1742233882.3338344,0.0,0.0,0.0005389759317040443
1742233882.3345885,0.0,0.0,0.0005448963493108749
1742233882.3353508,0.0,0.0,0.0005449922755360603
1742233882.3360996,0.0,0.0,0.0005413759499788284
1742233882.336893,0.0,0.0,0.0005842880345880985
1742233882.3376718,0.0,0.0,0.0005434881895780563
1742233882.338488,0.0,0.0,0.000607167836278677
1742233882.3392467,0.0,0.0,0.0005573439411818981
1742233882.340001,0.0,0.0,0.0005455040372908115
1742233882.3407652,0.0,0.0,0.0005568000487983227
1742233882.3415234,0.0,0.0,0.0005414718762040138
1742233882.3422687,0.0,0.0,0.0005442239344120026
1742233882.3429961,0.0,0.0,0.0005282880738377571
1742233882.3437366,0.0,0.0,0.0005322881042957306
1742233882.3445165,0.0,0.0,0.000566400121897459
1742233882.3453035,0.0,0.0,0.0005488959141075611
1742233882.3460495,0.0,0.0,0.0005335682071745396
1742233882.3467963,0.0,0.0,0.0005368958227336407
1742233882.3475323,0.0,0.0,0.0005276482552289963
1742233882.3482666,0.0,0.0,0.0005329600535333157
1742233882.349048,0.0,0.0,0.0005732798017561436
1742233882.3497808,0.0,0.0,0.0005318080075085163
1742233882.3505275,0.0,0.0,0.0005351998843252659
1742233882.3512728,0.0,0.0,0.0005378881469368935
1742233882.3520093,0.0,0.0,0.0005346559919416904
1742233882.3527715,0.0,0.0,0.0005573118105530739
1742233882.353577,0.0,0.0,0.0005661440081894398
1742233882.3543358,0.0,0.0,0.0005459841340780258
1742233882.3550737,0.0,0.0,0.0005373763851821423
1742233882.355813,0.0,0.0,0.00053388811647892
1742233882.3565822,0.0,0.0,0.0005541117861866951
1742233882.3573728,0.0,0.0,0.0005515837110579014
1742233882.3581202,0.0,0.0,0.0005405438132584095
1742233882.358919,0.0,0.0,0.0005927360616624355
1742233882.3596902,0.0,0.0,0.0005515199154615402
1742233882.3604314,0.0,0.0,0.0005418877117335796
1742233882.361245,0.0,0.0,0.0006055999547243118
1742233882.3620048,0.0,0.0,0.0005394560284912586
1742233882.3627627,0.0,0.0,0.0005458877421915531
1742233882.3635144,0.0,0.0,0.0005378560163080692
1742233882.36426,0.0,0.0,0.0005353279411792755
1742233882.3650544,0.0,0.0,0.0005830079317092896
1742233882.365814,0.0,0.0,0.0005506877787411213
1742233882.3665786,0.0,0.0,0.0005470081232488155
1742233882.3673608,0.0,0.0,0.0005684159696102142
1742233882.368115,0.0,0.0,0.0005439040251076221
1742233882.3689132,0.0,0.0,0.0005772477015852928
1742233882.369721,0.0,0.0,0.0005620159208774567
1742233882.370492,0.0,0.0,0.000554016325622797
1742233882.3721802,0.0,0.0,0.000629279762506485
1742233882.3730292,0.0,0.0,0.000615391880273819
1742233882.373804,0.0,0.0,0.0005548801273107529
1742233882.3745697,0.0,0.0,0.0005479678511619568
1742233882.375309,0.0,0.0,0.0005371198058128357
1742233882.3760495,0.0,0.0,0.0005337279289960861
1742233882.376845,0.0,0.0,0.0005828798748552799
1742233882.3776038,0.0,0.0,0.0005444800481200218
1742233882.3783472,0.0,0.0,0.0005444800481200218
1742233882.379095,0.0,0.0,0.0005387198179960251
1742233882.3798537,0.0,0.0,0.000544319860637188
1742233882.3805988,0.0,0.0,0.0005316161550581455
1742233882.381381,0.0,0.0,0.0005454081110656261
1742233882.3821146,0.0,0.0,0.000529120210558176
1742233882.3828697,0.0,0.0,0.0005381759256124496
1742233882.383594,0.0,0.0,0.0005257278680801392
1742233882.384412,0.0,0.0,0.0006106561049818993
1742233882.385265,0.0,0.0,0.0006505600176751614
1742233882.3860366,0.0,0.0,0.0005442877300083637
1742233882.3867788,0.0,0.0,0.0005323197692632675
1742233882.3875139,0.0,0.0,0.0005340161733329296
1742233882.3882673,0.0,0.0,0.0005445117130875587
1742233882.3890634,0.0,0.0,0.0005843518301844597
1742233882.3898149,0.0,0.0,0.0005399682559072971
1742233882.3905566,0.0,0.0,0.0005349442362785339
1742233882.3912935,0.0,0.0,0.0005262079648673534
1742233882.3920283,0.0,0.0,0.0005253441631793976
1742233882.392814,0.0,0.0,0.000576128251850605
1742233882.3935761,0.0,0.0,0.0005457275547087193
1742233882.3943255,0.0,0.0,0.0005371198058128357
1742233882.3950748,0.0,0.0,0.0005399677902460098
1742233882.3958158,0.0,0.0,0.0005321921780705452
1742233882.3965573,0.0,0.0,0.0005384641699492931
1742233882.3973446,0.0,0.0,0.0005502724088728428
1742233882.3981378,0.0,0.0,0.0005874242633581161
1742233882.398903,0.0,0.0,0.0005548479966819286
1742233882.3996499,0.0,0.0,0.0005450239405035973
1742233882.400396,0.0,0.0,0.000541535671800375
1742233882.4011676,0.0,0.0,0.0005742399953305721
1742233882.4019468,0.0,0.0,0.000547775998711586
1742233882.402696,0.0,0.0,0.0005424958653748035
1742233882.4034605,0.0,0.0,0.0005521280691027641
1742233882.4043498,0.0,0.0,0.0006779837422072887
1742233882.4051743,0.0,0.0,0.0006065601482987404
1742233882.4059381,0.0,0.0,0.0005488642491400242
1742233882.4066923,0.0,0.0,0.0005426560528576374
1742233882.4074466,0.0,0.0,0.0005407361313700676
1742233882.4082687,0.0,0.0,0.0006117122247815132
1742233882.409063,0.0,0.0,0.0005805762484669685
1742233882.4098344,0.0,0.0,0.0005530882626771927
1742233882.4105868,0.0,0.0,0.0005493122152984142
1742233882.4113395,0.0,0.0,0.0005463040433824062
1742233882.412097,0.0,0.0,0.0005451519973576069
1742233882.412885,0.0,0.0,0.0005777277983725071
1742233882.4136589,0.0,0.0,0.0005590720102190971
1742233882.4144065,0.0,0.0,0.0005463040433824062
1742233882.415156,0.0,0.0,0.0005400320515036583
1742233882.415893,0.0,0.0,0.0005371840670704842
1742233882.416633,0.0,0.0,0.0005389438010752201
1742233882.4174569,0.0,0.0,0.0005548796616494656
1742233882.4182348,0.0,0.0,0.0005462081171572208
1742233882.4189816,0.0,0.0,0.0005349442362785339
1742233882.4197612,0.0,0.0,0.0005642562173306942
1742233882.4205122,0.0,0.0,0.0005418560467660427
1742233882.4213202,0.0,0.0,0.0005681919865310192
1742233882.4220994,0.0,0.0,0.0005551357753574848
1742233882.4228473,0.0,0.0,0.0005425279960036278
1742233882.4236257,0.0,0.0,0.0005682879127562046
1742233882.4243941,0.0,0.0,0.0005480321124196053
1742233882.4251957,0.0,0.0,0.0005864319391548634
1742233882.4259665,0.0,0.0,0.0005517760291695595
1742233882.42762,0.0,0.0,0.0006400961428880692
1742233882.428416,0.0,0.0,0.0005637439899146557
1742233882.429245,0.0,0.0,0.0006087040528655052
1742233882.4300168,0.0,0.0,0.0005519362166523933
1742233882.4307806,0.0,0.0,0.0005467841401696205
1742233882.43154,0.0,0.0,0.0005459198728203773
1742233882.4323537,0.0,0.0,0.000599744264036417
1742233882.43315,0.0,0.0,0.0005820156075060368
1742233882.4338984,0.0,0.0,0.0005410239100456238
1742233882.4346647,0.0,0.0,0.0005485438741743565
1742233882.4354203,0.0,0.0,0.0005441596731543541
1742233882.436171,0.0,0.0,0.0005419519729912281
1742233882.4369402,0.0,0.0,0.0005620797164738178
1742233882.4376967,0.0,0.0,0.0005448963493108749
1742233882.43846,0.0,0.0,0.0005494719371199608
1742233882.439215,0.0,0.0,0.0005430723540484905
1742233882.4399815,0.0,0.0,0.0005528000183403492
1742233882.440772,0.0,0.0,0.0005788160488009453
1742233882.441539,0.0,0.0,0.0005485760048031807
1742233882.4422848,0.0,0.0,0.0005349121056497097
1742233882.4430351,0.0,0.0,0.0005334718152880669
1742233882.4437878,0.0,0.0,0.0005411519668996334
1742233882.4445784,0.0,0.0,0.0005795522592961788
1742233882.4453824,0.0,0.0,0.0005575679242610931
1742233882.4461489,0.0,0.0,0.0005489918403327465
1742233882.4469109,0.0,0.0,0.0005515841767191887
1742233882.4476655,0.0,0.0,0.0005439361557364464
1742233882.4484746,0.0,0.0,0.0006031361408531666
1742233882.4493139,0.0,0.0,0.0006262720562517643
1742233882.4501169,0.0,0.0,0.0005639041773974895
1742233882.4509156,0.0,0.0,0.0005557122640311718
1742233882.451692,0.0,0.0,0.0005525439046323299
1742233882.452453,0.0,0.0,0.0005469759926199913
1742233882.453276,0.0,0.0,0.0006094081327319145
1742233882.454044,0.0,0.0,0.0005588801577687263
1742233882.4548142,0.0,0.0,0.0005539520643651485
1742233882.455564,0.0,0.0,0.000550784170627594
1742233882.45632,0.0,0.0,0.0005475841462612152
1742233882.457104,0.0,0.0,0.0005705920048058033
1742233882.4578853,0.0,0.0,0.0005609281361103058
1742233882.458654,0.0,0.0,0.0005552321672439575
1742233882.4594882,0.0,0.0,0.0005655037239193916
1742233882.4602563,0.0,0.0,0.0005524479784071445
1742233882.4610362,0.0,0.0,0.0005832640454173088
1742233882.4617817,0.0,0.0,0.0005477117374539375
1742233882.4625473,0.0,0.0,0.0005509760230779648
1742233882.463318,0.0,0.0,0.0005607679486274719
1742233882.4641018,0.0,0.0,0.0005712318234145641
1742233882.4648983,0.0,0.0,0.0005852156318724155
1742233882.465656,0.0,0.0,0.0005487999878823757
1742233882.466425,0.0,0.0,0.0005498561076819897
1742233882.4671893,0.0,0.0,0.0005531203933060169
1742233882.4679475,0.0,0.0,0.0005509122274816036
1742233882.4687142,0.0,0.0,0.0005626240745186806
1742233882.4694674,0.0,0.0,0.0005468479357659817
1742233882.4702299,0.0,0.0,0.0005530882626771927
1742233882.4709783,0.0,0.0,0.0005423999391496181
1742233882.4717138,0.0,0.0,0.0005355197936296463
1742233882.4724512,0.0,0.0,0.0005400320515036583
1742233882.4732804,0.0,0.0,0.0006194561719894409
1742233882.4740367,0.0,0.0,0.0005498877726495266
1742233882.4747949,0.0,0.0,0.0005453121848404408
1742233882.475567,0.0,0.0,0.0005617919377982616
1742233882.4763317,0.0,0.0,0.000547552015632391
1742233882.4771848,0.0,0.0,0.0006425920873880386
1742233882.47797,0.0,0.0,0.0005624960176646709
1742233882.4787774,0.0,0.0,0.0006030718795955181
1742233882.4795516,0.0,0.0,0.0005597760900855064
1742233882.4803245,0.0,0.0,0.0005580158904194832
1742233882.481168,0.0,0.0,0.0006101443432271481
1742233882.482842,0.0,0.0,0.0014547519385814667
1742233882.4836848,0.0,0.0,0.000590495765209198
1742233882.4844704,0.0,0.0,0.0005650557577610016
1742233882.485312,0.0,0.0,0.0006245761178433895
1742233882.4860907,0.0,0.0,0.0005547516047954559
1742233882.4868674,0.0,0.0,0.0005601281300187111
1742233882.487639,0.0,0.0,0.0005587837658822536
1742233882.4884214,0.0,0.0,0.0005636159330606461
1742233882.4892137,0.0,0.0,0.0005895677022635937
1742233882.489977,0.0,0.0,0.0005491520278155804
1742233882.4907224,0.0,0.0,0.0005362560041248798
1742233882.4914768,0.0,0.0,0.0005451841279864311
1742233882.49223,0.0,0.0,0.0005415040068328381
1742233882.4930162,0.0,0.0,0.0005815038457512856
1742233882.4937932,0.0,0.0,0.0005604480393230915
1742233882.4945645,0.0,0.0,0.0005569919012486935
1742233882.4953318,0.0,0.0,0.0005505280569195747
1742233882.4960952,0.0,0.0,0.000552064273506403
1742233882.4969022,0.0,0.0,0.0005884799174964428
1742233882.4976714,0.0,0.0,0.0005519678816199303
1742233882.498479,0.0,0.0,0.0006014718674123287
1742233882.499269,0.0,0.0,0.0005731522105634212
1742233882.500034,0.0,0.0,0.0005552321672439575
1742233882.5008128,0.0,0.0,0.0005697277374565601
1742233882.5015738,0.0,0.0,0.0005487361922860146
1742233882.5023332,0.0,0.0,0.0005444800481200218
1742233882.503086,0.0,0.0,0.0005438718944787979
1742233882.5038507,0.0,0.0,0.0005556158721446991
1742233882.504632,0.0,0.0,0.0005758721381425858
1742233882.5054464,0.0,0.0,0.0005666562356054783
1742233882.5062015,0.0,0.0,0.0005456637591123581
1742233882.5069547,0.0,0.0,0.0005443203262984753
1742233882.5077064,0.0,0.0,0.000540608074516058
1742233882.5084672,0.0,0.0,0.0005485122092068195
1742233882.509259,0.0,0.0,0.000588288065046072
1742233882.5100043,0.0,0.0,0.000545344315469265
1742233882.5107536,0.0,0.0,0.0005454719066619873
1742233882.511512,0.0,0.0,0.0005504642613232136
1742233882.5122628,0.0,0.0,0.0005435519851744175
1742233882.5130491,0.0,0.0,0.0005737598985433578
1742233882.513835,0.0,0.0,0.0005526402965188026
1742233882.5146046,0.0,0.0,0.0005559041164815426
1742233882.51537,0.0,0.0,0.0005536321550607681
1742233882.5161273,0.0,0.0,0.0005574403330683708
1742233882.5169113,0.0,0.0,0.0005730562843382359
1742233882.5176723,0.0,0.0,0.0005513918586075306
1742233882.5184228,0.0,0.0,0.0005436483770608902
1742233882.5191782,0.0,0.0,0.0005451841279864311
1742233882.51992,0.0,0.0,0.0005447682924568653
1742233882.5207417,0.0,0.0,0.0006131199188530445
1742233882.5215547,0.0,0.0,0.0005784640088677406
1742233882.5223484,0.0,0.0,0.000569439958781004
1742233882.5231273,0.0,0.0,0.0005616317503154278
1742233882.5238943,0.0,0.0,0.0005528642795979977
1742233882.5247226,0.0,0.0,0.000617119949311018
1742233882.5255158,0.0,0.0,0.0005668802186846733
1742233882.5263329,0.0,0.0,0.000602175947278738
1742233882.5271056,0.0,0.0,0.0005565122701227665
1742233882.527864,0.0,0.0,0.0005536321550607681
1742233882.5286345,0.0,0.0,0.0005558081902563572
1742233882.5295126,0.0,0.0,0.0005833599716424942
1742233882.5302935,0.0,0.0,0.0005609276704490185
1742233882.5310607,0.0,0.0,0.0005643842741847038
1742233882.5318377,0.0,0.0,0.0005654077976942062
1742233882.5326293,0.0,0.0,0.0005742716602981091
1742233882.5334492,0.0,0.0,0.0005665603093802929
1742233882.5342247,0.0,0.0,0.000561184249818325
1742233882.5350027,0.0,0.0,0.0005685440264642239
1742233882.5357783,0.0,0.0,0.0005613439716398716
1742233882.5365362,0.0,0.0,0.0005461438558995724
1742233882.5383334,0.0,0.0,0.0015534395352005959
1742233882.5391695,0.0,0.0,0.0005889921449124813
1742233882.5399532,0.0,0.0,0.0005603521130979061
1742233882.5407703,0.0,0.0,0.0005959998816251755
1742233882.5415611,0.0,0.0,0.0005667521618306637
1742233882.5423703,0.0,0.0,0.0006049280054867268
1742233882.5431316,0.0,0.0,0.0005534081719815731
1742233882.5438862,0.0,0.0,0.0005498877726495266
1742233882.5446494,0.0,0.0,0.0005533439107239246
1742233882.5454683,0.0,0.0,0.0005840640515089035
1742233882.54623,0.0,0.0,0.0005508479662239552
1742233882.5469823,0.0,0.0,0.0005479040555655956
1742233882.5477524,0.0,0.0,0.0005543362349271774
1742233882.5485408,0.0,0.0,0.0005547842010855675
1742233882.5493686,0.0,0.0,0.0005858880467712879
1742233882.5501359,0.0,0.0,0.0005576643161475658
1742233882.5508904,0.0,0.0,0.0005454719066619873
1742233882.5516639,0.0,0.0,0.0005607041530311108
1742233882.552435,0.0,0.0,0.0005593919195234776
1742233882.5532513,0.0,0.0,0.000604736153036356
1742233882.5540037,0.0,0.0,0.000547328032553196
1742233882.5547652,0.0,0.0,0.0005582082085311413
1742233882.5555303,0.0,0.0,0.0005544000305235386
1742233882.556294,0.0,0.0,0.0005528321489691734
1742233882.557115,0.0,0.0,0.0006183357909321785
1742233882.5578897,0.0,0.0,0.0005523199215531349
1742233882.5586567,0.0,0.0,0.0005546556785702705
1742233882.5594137,0.0,0.0,0.000545823946595192
1742233882.5601785,0.0,0.0,0.0005504637956619263
1742233882.5609763,0.0,0.0,0.0005874880589544773
1742233882.561737,0.0,0.0,0.0005524801090359688
1742233882.562506,0.0,0.0,0.0005578878335654736
1742233882.563265,0.0,0.0,0.0005485760048031807
1742233882.564016,0.0,0.0,0.0005490882322192192
1742233882.564794,0.0,0.0,0.0005729598924517632
1742233882.5655868,0.0,0.0,0.0005767680704593658
1742233882.5663497,0.0,0.0,0.0005504959262907505
1742233882.5671248,0.0,0.0,0.0005569281056523323
1742233882.5678816,0.0,0.0,0.0005472959019243717
1742233882.568647,0.0,0.0,0.0005545597523450851
1742233882.569472,0.0,0.0,0.0005728001706302166
1742233882.5702407,0.0,0.0,0.0005580158904194832
1742233882.5710049,0.0,0.0,0.0005544642917811871
1742233882.5717711,0.0,0.0,0.0005552321672439575
1742233882.5725453,0.0,0.0,0.0005611199885606766
1742233882.5733383,0.0,0.0,0.0005657277069985867
1742233882.5741577,0.0,0.0,0.0006010881625115871
1742233882.5749707,0.0,0.0,0.0005980478599667549
1742233882.5757363,0.0,0.0,0.0005626240745186806
1742233882.576499,0.0,0.0,0.0005567679181694984
1742233882.577311,0.0,0.0,0.0005646399222314358
1742233882.5781007,0.0,0.0,0.0005720960907638073
1742233882.5789177,0.0,0.0,0.0005727359093725681
1742233882.5796912,0.0,0.0,0.0005534719675779343
1742233882.5804539,0.0,0.0,0.000552512239664793
1742233882.5813048,0.0,0.0,0.0006383359432220459
1742233882.5820882,0.0,0.0,0.0005613123066723347
1742233882.5828545,0.0,0.0,0.0005544000305235386
1742233882.583624,0.0,0.0,0.0005576959811151028
1742233882.5843868,0.0,0.0,0.0005531520582735538
1742233882.5852375,0.0,0.0,0.0006515523418784142
1742233882.5860105,0.0,0.0,0.0005534403026103973
1742233882.5867908,0.0,0.0,0.000559711828827858
1742233882.5875857,0.0,0.0,0.0005748802796006203
1742233882.588372,0.0,0.0,0.0005592959932982922
1742233882.5892045,0.0,0.0,0.0006040320731699467
1742233882.58998,0.0,0.0,0.0005634557455778122
1742233882.5907617,0.0,0.0,0.0005585602484643459
1742233882.591523,0.0,0.0,0.0005525439046323299
1742233882.5923,0.0,0.0,0.0005585919134318829
1742233882.5939047,0.0,0.0,0.0013999361544847488
1742233882.5947669,0.0,0.0,0.0006056320853531361
1742233882.5955727,0.0,0.0,0.0005742399953305721
1742233882.5963693,0.0,0.0,0.0005695675499737263
1742233882.597203,0.0,0.0,0.000617343932390213
1742233882.5979817,0.0,0.0,0.0005629756487905979
1742233882.5987928,0.0,0.0,0.0005989759229123592
1742233882.5995667,0.0,0.0,0.0005596480332314968
1742233882.6003218,0.0,0.0,0.0005528321489691734
1742233882.601133,0.0,0.0,0.0006007039919495583
1742233882.601911,0.0,0.0,0.0005656322464346886
1742233882.602668,0.0,0.0,0.0005517438985407352
1742233882.6034355,0.0,0.0,0.0005528642795979977
1742233882.6041944,0.0,0.0,0.0005520959384739399
1742233882.6050131,0.0,0.0,0.0006007999181747437
1742233882.6057813,0.0,0.0,0.0005541439168155193
1742233882.6065404,0.0,0.0,0.0005570235662162304
1742233882.6073072,0.0,0.0,0.0005546878091990948
1742233882.608067,0.0,0.0,0.0005508800968527794
1742233882.608864,0.0,0.0,0.0005873921327292919
1742233882.6096475,0.0,0.0,0.0005659838207066059
1742233882.610419,0.0,0.0,0.0005583041347563267
1742233882.6111887,0.0,0.0,0.0005571199581027031
1742233882.6119487,0.0,0.0,0.000559487845748663
1742233882.6127608,0.0,0.0,0.000592447817325592
1742233882.6135619,0.0,0.0,0.0005670720711350441
1742233882.6143367,0.0,0.0,0.000557504128664732
1742233882.6151145,0.0,0.0,0.0005556158721446991
1742233882.6158867,0.0,0.0,0.0005580801516771317
1742233882.616661,0.0,0.0,0.000561215914785862
1742233882.617477,0.0,0.0,0.0005671996623277664
1742233882.6183083,0.0,0.0,0.0006154878064990044
1742233882.6191115,0.0,0.0,0.0005888962186872959
1742233882.6198986,0.0,0.0,0.0005688960663974285
1742233882.6206763,0.0,0.0,0.0005650240927934647
1742233882.6215394,0.0,0.0,0.0005858242511749268
1742233882.6223679,0.0,0.0,0.0006126398220658302
1742233882.6231613,0.0,0.0,0.0005747517570853233
1742233882.6239328,0.0,0.0,0.0005574719980359077
1742233882.6247418,0.0,0.0,0.0005926080048084259
1742233882.6255205,0.0,0.0,0.000563167966902256
1742233882.6263173,0.0,0.0,0.000585503876209259
1742233882.6270783,0.0,0.0,0.0005606403574347496
1742233882.627845,0.0,0.0,0.0005653761327266693
1742233882.6286414,0.0,0.0,0.0005687680095434189
1742233882.6294553,0.0,0.0,0.0005726399831473827
1742233882.6302426,0.0,0.0,0.0005754563026130199
1742233882.6310146,0.0,0.0,0.0005643521435558796
1742233882.6317897,0.0,0.0,0.0005637761205434799
1742233882.6325555,0.0,0.0,0.0005662078037858009
1742233882.633378,0.0,0.0,0.000576831866055727
1742233882.6341565,0.0,0.0,0.0005611199885606766
1742233882.6349337,0.0,0.0,0.0005590720102190971
1742233882.6356914,0.0,0.0,0.0005492158234119415
1742233882.6364615,0.0,0.0,0.0005575679242610931
1742233882.6372473,0.0,0.0,0.0005865278653800488
1742233882.6380117,0.0,0.0,0.0005611199885606766
1742233882.6387908,0.0,0.0,0.0005647041834890842
1742233882.6395583,0.0,0.0,0.0005527040921151638
1742233882.6403697,0.0,0.0,0.0005954881198704243
1742233882.641225,0.0,0.0,0.0006428160704672337
1742233882.6420262,0.0,0.0,0.000576831866055727
1742233882.642823,0.0,0.0,0.0005774400196969509
1742233882.6436713,0.0,0.0,0.0006047678180038929
1742233882.6444798,0.0,0.0,0.0005816002376377583
1742233882.6452916,0.0,0.0,0.0005754879675805569
1742233882.6460974,0.0,0.0,0.0005807681009173393
1742233882.646977,0.0,0.0,0.0006576958112418652
1742233882.6478076,0.0,0.0,0.0006077121943235397
1742233882.649484,0.0,0.0,0.0014448640868067741
1742233882.6503437,0.0,0.0,0.0006041601300239563
1742233882.6511383,0.0,0.0,0.000575775746256113
1742233882.6519725,0.0,0.0,0.0006209919229149818
1742233882.652794,0.0,0.0,0.0006009279750287533
1742233882.6535928,0.0,0.0,0.0005827201530337334
1742233882.6543725,0.0,0.0,0.0005755196325480938
1742233882.6551552,0.0,0.0,0.000570111908018589
1742233882.655929,0.0,0.0,0.0005721920169889927
1742233882.656744,0.0,0.0,0.0005992958322167397
1742233882.6575334,0.0,0.0,0.0005661440081894398
1742233882.6583238,0.0,0.0,0.000574848148971796
1742233882.6591015,0.0,0.0,0.0005692159757018089
1742233882.6598804,0.0,0.0,0.0005668480880558491
1742233882.6606529,0.0,0.0,0.0005738879553973675
1742233882.6615129,0.0,0.0,0.0006020800210535526
1742233882.662299,0.0,0.0,0.000575680285692215
1742233882.663111,0.0,0.0,0.0005712639540433884
1742233882.6639042,0.0,0.0,0.0005750078707933426
1742233882.6646824,0.0,0.0,0.0005644802004098892
1742233882.6655037,0.0,0.0,0.0005744323134422302
1742233882.6662836,0.0,0.0,0.0005771839059889317
1742233882.6670613,0.0,0.0,0.0005617281422019005
1742233882.6678565,0.0,0.0,0.0005916799418628216
1742233882.6686454,0.0,0.0,0.0005710399709641933
1742233882.6694605,0.0,0.0,0.0005759359337389469
1742233882.6702304,0.0,0.0,0.0005573439411818981
1742233882.671052,0.0,0.0,0.000608192291110754
1742233882.671835,0.0,0.0,0.0005667838267982006
1742233882.672613,0.0,0.0,0.0005644797347486019
1742233882.6734655,0.0,0.0,0.0005943677388131618
1742233882.6742563,0.0,0.0,0.0005730879493057728
1742233882.6750407,0.0,0.0,0.0005695363506674767
1742233882.6758215,0.0,0.0,0.0005686399526894093
1742233882.676592,0.0,0.0,0.0005551362410187721
1742233882.677414,0.0,0.0,0.0005788798443973064
1742233882.6781921,0.0,0.0,0.0005689281970262527
1742233882.6790109,0.0,0.0,0.0006094081327319145
1742233882.6798506,0.0,0.0,0.0006061438471078873
1742233882.680647,0.0,0.0,0.0005804481916129589
1742233882.6814811,0.0,0.0,0.0005847038701176643
1742233882.682257,0.0,0.0,0.0005683200433850288
1742233882.6830456,0.0,0.0,0.0005722241476178169
1742233882.6838202,0.0,0.0,0.000567935872823
1742233882.6846051,0.0,0.0,0.0005685761570930481
1742233882.6854088,0.0,0.0,0.0005739838816225529
1742233882.6861813,0.0,0.0,0.0005606720224022865
1742233882.6869495,0.0,0.0,0.0005619521252810955
1742233882.6877224,0.0,0.0,0.0005599679425358772
1742233882.6884985,0.0,0.0,0.0005658557638525963
1742233882.6893098,0.0,0.0,0.0005755522288382053
1742233882.6900995,0.0,0.0,0.0005709761753678322
1742233882.6908796,0.0,0.0,0.000559456180781126
1742233882.6916666,0.0,0.0,0.0005721920169889927
1742233882.6924503,0.0,0.0,0.0005712322890758514
1742233882.6932619,0.0,0.0,0.0006012162193655968
1742233882.694051,0.0,0.0,0.0005720318295061588
1742233882.6948383,0.0,0.0,0.0005678078159689903
1742233882.6956613,0.0,0.0,0.0005804477259516716
1742233882.6964443,0.0,0.0,0.0005688322708010674
1742233882.6973207,0.0,0.0,0.0006547840312123299
1742233882.6981187,0.0,0.0,0.000576607882976532
1742233882.698932,0.0,0.0,0.0005938881076872349
1742233882.6997602,0.0,0.0,0.0005940161645412445
1742233882.7005599,0.0,0.0,0.0005928957834839821
1742233882.7014194,0.0,0.0,0.0006033601239323616
1742233882.702211,0.0,0.0,0.0005806400440633297
1742233882.7030065,0.0,0.0,0.0005857599899172783
1742233882.7046428,0.0,0.0,0.0014226562343537807
1742233882.7055562,0.0,0.0,0.0006165122613310814
1742233882.70637,0.0,0.0,0.0005865278653800488
1742233882.7071664,0.0,0.0,0.000578111968934536
1742233882.7079937,0.0,0.0,0.0006173118017613888
1742233882.7088153,0.0,0.0,0.0006093760021030903
1742233882.7096345,0.0,0.0,0.000598495826125145
1742233882.7104278,0.0,0.0,0.0005750716663897038
1742233882.7112112,0.0,0.0,0.0005699843168258667
1742233882.7119975,0.0,0.0,0.0005719037726521492
1742233882.7128081,0.0,0.0,0.0006030723452568054
1742233882.713615,0.0,0.0,0.0005821119993925095
1742233882.7144618,0.0,0.0,0.0006247358396649361
1742233882.7152781,0.0,0.0,0.0005891518667340279
1742233882.716058,0.0,0.0,0.0005768956616520882
1742233882.7168717,0.0,0.0,0.0005992958322167397
1742233882.7176611,0.0,0.0,0.0005719042383134365
1742233882.718442,0.0,0.0,0.0005654720589518547
1742233882.7192261,0.0,0.0,0.0005708481185138226
1742233882.720057,0.0,0.0,0.0006122556515038013
1742233882.7209044,0.0,0.0,0.0006408640183508396
1742233882.7217028,0.0,0.0,0.0005886079743504524
1742233882.7224836,0.0,0.0,0.0005734078586101532
1742233882.723281,0.0,0.0,0.000582271721214056
1742233882.7240543,0.0,0.0,0.0005686720833182335
1742233882.7248907,0.0,0.0,0.0006218557246029377
1742233882.7256873,0.0,0.0,0.000571839977055788
1742233882.7264664,0.0,0.0,0.0005655679851770401
1742233882.727258,0.0,0.0,0.0005758721381425858
1742233882.7280462,0.0,0.0,0.0005749119445681572
1742233882.7288654,0.0,0.0,0.0005983998998999596
1742233882.729664,0.0,0.0,0.000580543652176857
1742233882.7304685,0.0,0.0,0.0005979840643703938
1742233882.7312603,0.0,0.0,0.0005751680582761765
1742233882.7320588,0.0,0.0,0.0005836156196892262
1742233882.7328885,0.0,0.0,0.0006097280420362949
1742233882.7336688,0.0,0.0,0.0005749762058258057
1742233882.7344506,0.0,0.0,0.0005782400257885456
1742233882.7352395,0.0,0.0,0.0005752001889050007
1742233882.7360158,0.0,0.0,0.0005746558308601379
1742233882.7368252,0.0,0.0,0.000596991740167141
1742233882.7376163,0.0,0.0,0.0005749757401645184
1742233882.7384198,0.0,0.0,0.0005717119202017784
1742233882.7392106,0.0,0.0,0.0005765119567513466
1742233882.7400045,0.0,0.0,0.0005778558552265167
1742233882.740822,0.0,0.0,0.0006010881625115871
1742233882.7416267,0.0,0.0,0.0005872640758752823
1742233882.7424195,0.0,0.0,0.0005792002193629742
1742233882.743207,0.0,0.0,0.0005747522227466106
1742233882.7439964,0.0,0.0,0.0005763517692685127
1742233882.7448123,0.0,0.0,0.0006021438166499138
1742233882.745609,0.0,0.0,0.0005763517692685127
1742233882.746399,0.0,0.0,0.0005748476833105087
1742233882.7471888,0.0,0.0,0.000577887985855341
1742233882.7479758,0.0,0.0,0.0005709757097065449
1742233882.748772,0.0,0.0,0.000593279954046011
1742233882.7495604,0.0,0.0,0.0005741119384765625
1742233882.7504106,0.0,0.0,0.0006354562938213348
1742233882.7512171,0.0,0.0,0.0005894717760384083
1742233882.7519972,0.0,0.0,0.0005769599229097366
1742233882.7528381,0.0,0.0,0.0006289919838309288
1742233882.753664,0.0,0.0,0.0005928319878876209
1742233882.7544937,0.0,0.0,0.0006051198579370975
1742233882.7553,0.0,0.0,0.0005859839729964733
1742233882.7560964,0.0,0.0,0.0005767680704593658
1742233882.7569277,0.0,0.0,0.0006158077158033848
1742233882.7577271,0.0,0.0,0.0005778558552265167
1742233882.7585328,0.0,0.0,0.0005866237916052341
1742233882.7602801,0.0,0.0,0.0015323520638048649
1742233882.7611947,0.0,0.0,0.000666528008878231
1742233882.762009,0.0,0.0,0.0005841599777340889
1742233882.7628107,0.0,0.0,0.0005798717029392719
1742233882.7636125,0.0,0.0,0.0005816956982016563
1742233882.7644045,0.0,0.0,0.0005699843168258667
1742233882.765258,0.0,0.0,0.000632511917501688
1742233882.76608,0.0,0.0,0.000577887985855341
1742233882.766865,0.0,0.0,0.0005766721442341805
1742233882.7676523,0.0,0.0,0.0005770879797637463
1742233882.7684402,0.0,0.0,0.0005792002193629742
1742233882.769322,0.0,0.0,0.0006699841469526291
1742233882.770108,0.0,0.0,0.0005787522532045841
1742233882.7708972,0.0,0.0,0.0005702082999050617
1742233882.771679,0.0,0.0,0.0005711042322218418
1742233882.7724743,0.0,0.0,0.0005836482159793377
1742233882.7733104,0.0,0.0,0.0006224960088729858
1742233882.7741036,0.0,0.0,0.0005816640332341194
1742233882.774938,0.0,0.0,0.0006237439811229706
1742233882.7757595,0.0,0.0,0.0006081280298531055
1742233882.7765558,0.0,0.0,0.000577887985855341
1742233882.777383,0.0,0.0,0.000582047738134861
1742233882.7781708,0.0,0.0,0.0005762241780757904
1742233882.7789547,0.0,0.0,0.000580288004130125
1742233882.779738,0.0,0.0,0.000563391949981451
1742233882.7805266,0.0,0.0,0.0005758078768849373
1742233882.7813647,0.0,0.0,0.0005988483317196369
1742233882.782172,0.0,0.0,0.0005814083851873875
1742233882.782957,0.0,0.0,0.0005741440691053867
1742233882.7837522,0.0,0.0,0.0005807997658848763
1742233882.785792,0.0,0.0,0.0018237121403217316
1742233882.7868066,0.0,0.0,0.0007146564312279224
1742233882.7876859,0.0,0.0,0.0006281598471105099
1742233882.7885284,0.0,0.0,0.0006120321340858936
1742233882.789395,0.0,0.0,0.0006177602335810661
1742233882.7902284,0.0,0.0,0.0006060157902538776
1742233882.7910483,0.0,0.0,0.0006007677875459194
1742233882.791864,0.0,0.0,0.000595232006162405
1742233882.7927427,0.0,0.0,0.0006334721110761166
1742233882.79356,0.0,0.0,0.0005988162010908127
1742233882.794393,0.0,0.0,0.000616063829511404
1742233882.7952802,0.0,0.0,0.0006592958234250546
1742233882.7961073,0.0,0.0,0.0006072642281651497
1742233882.7969687,0.0,0.0,0.0006384961307048798
1742233882.7977824,0.0,0.0,0.0005952641367912292
1742233882.7985873,0.0,0.0,0.0005909120664000511
1742233882.7993867,0.0,0.0,0.0005886401049792767
1742233882.800193,0.0,0.0,0.0005887039005756378
1742233882.8010526,0.0,0.0,0.0006381762214004993
1742233882.8018754,0.0,0.0,0.0005941442213952541
1742233882.8026876,0.0,0.0,0.0005954559892416
1742233882.8034976,0.0,0.0,0.0005907518789172173
1742233882.8042972,0.0,0.0,0.0005883839912712574
1742233882.8051543,0.0,0.0,0.0006347522139549255
1742233882.8059714,0.0,0.0,0.0005911360494792461
1742233882.8067818,0.0,0.0,0.0005847681313753128
1742233882.8075938,0.0,0.0,0.0005889600142836571
1742233882.8083901,0.0,0.0,0.000577856320887804
1742233882.809334,0.0,0.0,0.0006669759750366211
1742233882.8101816,0.0,0.0,0.0006159679032862186
1742233882.8109992,0.0,0.0,0.0005911360494792461
1742233882.8118088,0.0,0.0,0.0005853441543877125
1742233882.812621,0.0,0.0,0.0005887681618332863
1742233882.813469,0.0,0.0,0.000593727920204401
1742233882.8142788,0.0,0.0,0.0005844477564096451
1742233882.8159978,0.0,0.0,0.0014975997619330883
1742233882.8169148,0.0,0.0,0.0006592641584575176
1742233882.8177402,0.0,0.0,0.0005887681618332863
1742233882.8185651,0.0,0.0,0.0005918722599744797
1742233882.8193653,0.0,0.0,0.0005811844021081924
1742233882.8201828,0.0,0.0,0.0005919360555708408
1742233882.8210752,0.0,0.0,0.0006800321862101555
1742233882.8218782,0.0,0.0,0.0005915523506700993
1742233882.822678,0.0,0.0,0.0005858880467712879
1742233882.8234768,0.0,0.0,0.0005833604373037815
1742233882.8242643,0.0,0.0,0.0005788481794297695
1742233882.8251042,0.0,0.0,0.0006251842714846134
1742233882.8259103,0.0,0.0,0.0005856319330632687
1742233882.8267066,0.0,0.0,0.0005776640027761459
1742233882.8275056,0.0,0.0,0.000587231945246458
1742233882.8283033,0.0,0.0,0.0005797762423753738
1742233882.829147,0.0,0.0,0.0006261439993977547
1742233882.829954,0.0,0.0,0.00058332784101367
1742233882.8307607,0.0,0.0,0.000588736031204462
1742233882.8315725,0.0,0.0,0.0005880319513380527
1742233882.832379,0.0,0.0,0.0005885758437216282
1742233882.8332162,0.0,0.0,0.00061836838722229
1742233882.8340266,0.0,0.0,0.0005878079682588577
1742233882.8348162,0.0,0.0,0.0005831359885632992
1742233882.83562,0.0,0.0,0.0005866242572665215
1742233882.8364081,0.0,0.0,0.0005756160244345665
1742233882.8372748,0.0,0.0,0.000654623843729496
1742233882.8380938,0.0,0.0,0.0005907840095460415
1742233882.8388984,0.0,0.0,0.0005894722416996956
1742233882.839698,0.0,0.0,0.0005851201713085175
1742233882.840496,0.0,0.0,0.0005803522653877735
1742233882.8413403,0.0,0.0,0.0006055682897567749
1742233882.8421485,0.0,0.0,0.0005883518606424332
1742233882.8429515,0.0,0.0,0.0005839359946548939
1742233882.8437593,0.0,0.0,0.0005875839851796627
1742233882.8445787,0.0,0.0,0.0006008320488035679
1742233882.8454406,0.0,0.0,0.0006018881686031818
1742233882.8462422,0.0,0.0,0.0005897916853427887
1742233882.847032,0.0,0.0,0.0005808640271425247
1742233882.8478398,0.0,0.0,0.0005842880345880985
1742233882.8486571,0.0,0.0,0.0005876799114048481
1742233882.84949,0.0,0.0,0.0005858242511749268
1742233882.8502812,0.0,0.0,0.0005773762241005898
1742233882.851081,0.0,0.0,0.00058006402105093
1742233882.8518846,0.0,0.0,0.0005872324109077454
1742233882.852688,0.0,0.0,0.0005870722234249115
1742233882.8535123,0.0,0.0,0.00058006402105093
1742233882.854305,0.0,0.0,0.0005768961273133755
1742233882.8550928,0.0,0.0,0.0005836798809468746
1742233882.8558877,0.0,0.0,0.0005818880163133144
1742233882.8566825,0.0,0.0,0.0005830079317092896
1742233882.8575253,0.0,0.0,0.000596512109041214
1742233882.8583863,0.0,0.0,0.0006425599567592144
1742233882.8592167,0.0,0.0,0.0006123199127614498
1742233882.8600237,0.0,0.0,0.0005895998328924179
1742233882.8608506,0.0,0.0,0.0006143678911030293
1742233882.8616662,0.0,0.0,0.0006011836230754852
1742233882.8624744,0.0,0.0,0.0005913600325584412
1742233882.8632615,0.0,0.0,0.0005788160488009453
1742233882.8640492,0.0,0.0,0.0005818558856844902
1742233882.8649135,0.0,0.0,0.0006516161374747753
1742233882.865748,0.0,0.0,0.000613887794315815
1742233882.8665564,0.0,0.0,0.0005908799357712269
1742233882.86736,0.0,0.0,0.0005863681435585022
1742233882.8681679,0.0,0.0,0.0005889600142836571
1742233882.869037,0.0,0.0,0.000647455919533968
1742233882.8699017,0.0,0.0,0.0006432961672544479
1742233882.8718371,0.0,0.0,0.0016686082817614079
1742233882.872683,0.0,0.0,0.0006120000034570694
1742233882.8735373,0.0,0.0,0.0005960320122539997
1742233882.8743415,0.0,0.0,0.0005890559405088425
1742233882.8751438,0.0,0.0,0.0005910079926252365
1742233882.8759458,0.0,0.0,0.0005855998024344444
1742233882.8767698,0.0,0.0,0.0006037121638655663
1742233882.8775966,0.0,0.0,0.0006046397611498833
1742233882.8784206,0.0,0.0,0.0006008637137711048
1742233882.8792303,0.0,0.0,0.0005888319574296474
1742233882.8800716,0.0,0.0,0.0006186882965266705
1742233882.8809247,0.0,0.0,0.0006329282186925411
1742233882.8817327,0.0,0.0,0.0005928641185164452
1742233882.8825295,0.0,0.0,0.000588064081966877
1742233882.8833282,0.0,0.0,0.0005804803222417831
1742233882.8841295,0.0,0.0,0.0005875839851796627
1742233882.8849561,0.0,0.0,0.000613632146269083
1742233882.885765,0.0,0.0,0.0005881283432245255
1742233882.8865693,0.0,0.0,0.0005840002559125423
1742233882.8873754,0.0,0.0,0.0005862079560756683
1742233882.888167,0.0,0.0,0.0005737282335758209
1742233882.8889866,0.0,0.0,0.0006140801124274731
1742233882.8897803,0.0,0.0,0.0005785282701253891
1742233882.8905516,0.0,0.0,0.0005680960603058338
1742233882.8913403,0.0,0.0,0.0005846079438924789
1742233882.8921328,0.0,0.0,0.0005871998146176338
1742233882.8929596,0.0,0.0,0.0006113601848483086
1742233882.893764,0.0,0.0,0.0005873278714716434
1742233882.894565,0.0,0.0,0.0005869120359420776
1742233882.8953695,0.0,0.0,0.0005835522897541523
1742233882.896154,0.0,0.0,0.0005751680582761765
1742233882.8970027,0.0,0.0,0.0006316476501524448
1742233882.8978174,0.0,0.0,0.000591520220041275
1742233882.8986063,0.0,0.0,0.0005817599594593048
1742233882.8994033,0.0,0.0,0.0005825920961797237
1742233882.9001951,0.0,0.0,0.0005817599594593048
1742233882.9010553,0.0,0.0,0.000643520150333643
1742233882.9018712,0.0,0.0,0.000591999851167202
1742233882.902686,0.0,0.0,0.000590271782130003
1742233882.9034884,0.0,0.0,0.0005848961882293224
1742233882.9042914,0.0,0.0,0.0005877437070012093
1742233882.9051068,0.0,0.0,0.0006105918437242508
1742233882.9059007,0.0,0.0,0.0005797441117465496
1742233882.9066942,0.0,0.0,0.0005769282579421997
1742233882.9074922,0.0,0.0,0.0005840961821377277
1742233882.9082806,0.0,0.0,0.0005787201225757599
1742233882.90912,0.0,0.0,0.0006248322315514088
1742233882.9099245,0.0,0.0,0.0005887998268008232
1742233882.91071,0.0,0.0,0.0005772160366177559
1742233882.9115021,0.0,0.0,0.0005894079804420471
1742233882.9122992,0.0,0.0,0.0005815359763801098
1742233882.9131398,0.0,0.0,0.0006222720257937908
1742233882.9139426,0.0,0.0,0.0005844482220709324
1742233882.914727,0.0,0.0,0.000582495704293251
1742233882.915529,0.0,0.0,0.0005874559283256531
1742233882.916322,0.0,0.0,0.0005811839364469051
1742233882.9171557,0.0,0.0,0.0006221123039722443
1742233882.9179678,0.0,0.0,0.0005941442213952541
1742233882.9187665,0.0,0.0,0.0005854722112417221
1742233882.9196064,0.0,0.0,0.0006314879283308983
1742233882.9204545,0.0,0.0,0.0006343997083604336
1742233882.9214203,0.0,0.0,0.0007528639398515224
1742233882.9222825,0.0,0.0,0.0006142077036201954
1742233882.9231324,0.0,0.0,0.0006195199675858021
1742233882.923947,0.0,0.0,0.0005967998877167702
1742233882.9248044,0.0,0.0,0.0006378879770636559
1742233882.925631,0.0,0.0,0.0006087361834943295
1742233882.9273849,0.0,0.0,0.0006561917252838612
1742233882.9282222,0.0,0.0,0.0006159041076898575
1742233882.9290664,0.0,0.0,0.0006372802890837193
1742233882.929875,0.0,0.0,0.0005929921753704548
1742233882.93069,0.0,0.0,0.000593503937125206
1742233882.9315164,0.0,0.0,0.0006020800210535526
1742233882.9323204,0.0,0.0,0.0005891839973628521
1742233882.933163,0.0,0.0,0.0006258236244320869
1742233882.9339743,0.0,0.0,0.0005888640880584717
1742233882.9347835,0.0,0.0,0.0005923840217292309
1742233882.9355822,0.0,0.0,0.0005835839547216892
1742233882.936385,0.0,0.0,0.0005904003046452999
1742233882.9372237,0.0,0.0,0.0006177602335810661
1742233882.9380221,0.0,0.0,0.0005847043357789516
1742233882.9388194,0.0,0.0,0.0005892799235880375
1742233882.9396071,0.0,0.0,0.0005846400745213032
1742233882.9404287,0.0,0.0,0.0005996157415211201
1742233882.94128,0.0,0.0,0.0006467201747000217
1742233882.9421434,0.0,0.0,0.0006408961489796638
1742233882.9429562,0.0,0.0,0.000599296297878027
1742233882.9437926,0.0,0.0,0.0006079040467739105
1742233882.9446177,0.0,0.0,0.0006046080961823463
1742233882.9454837,0.0,0.0,0.0006133439019322395
1742233882.946282,0.0,0.0,0.0005895360372960567
1742233882.9470727,0.0,0.0,0.0005755200982093811
1742233882.947877,0.0,0.0,0.000588288065046072
1742233882.9486854,0.0,0.0,0.0005845441482961178
1742233882.949516,0.0,0.0,0.0005969279445707798
1742233882.9503078,0.0,0.0,0.0005869437009096146
1742233882.951131,0.0,0.0,0.0005944003351032734
1742233882.9519491,0.0,0.0,0.0006007682532072067
1742233882.952777,0.0,0.0,0.0006143040955066681
1742233882.9535944,0.0,0.0,0.0006077121943235397
1742233882.9544015,0.0,0.0,0.0005903681740164757
1742233882.955202,0.0,0.0,0.0005910401232540607
1742233882.9560301,0.0,0.0,0.0006035836413502693
1742233882.956859,0.0,0.0,0.0006212801672518253
1742233882.957684,0.0,0.0,0.0006035519763827324
1742233882.9584808,0.0,0.0,0.0005881283432245255
1742233882.9592762,0.0,0.0,0.0005842880345880985
1742233882.9600794,0.0,0.0,0.0005897278897464275
1742233882.9610014,0.0,0.0,0.0007141116075217724
1742233882.961831,0.0,0.0,0.0006080321036279202
1742233882.962646,0.0,0.0,0.0005887681618332863
1742233882.9634507,0.0,0.0,0.0005889921449124813
1742233882.9642844,0.0,0.0,0.000612128060311079
1742233882.9651272,0.0,0.0,0.0006302078254520893
1742233882.9659436,0.0,0.0,0.0005994881503283978
1742233882.9667711,0.0,0.0,0.0006079357117414474
1742233882.9675915,0.0,0.0,0.0005991682410240173
1742233882.9683955,0.0,0.0,0.0005905921570956707
1742233882.9692593,0.0,0.0,0.0006470717489719391
1742233882.970133,0.0,0.0,0.0006490242667496204
1742233882.9709735,0.0,0.0,0.0006184959784150124
1742233882.9717798,0.0,0.0,0.0005921279080212116
1742233882.972607,0.0,0.0,0.0006080637685954571
1742233882.9734397,0.0,0.0,0.0005932156927883625
1742233882.974254,0.0,0.0,0.0005928319878876209
1742233882.975041,0.0,0.0,0.0005824319086968899
1742233882.9758303,0.0,0.0,0.0005855360068380833
1742233882.9766476,0.0,0.0,0.0005979519337415695
1742233882.977564,0.0,0.0,0.0006174077279865742
1742233882.9783778,0.0,0.0,0.0005977600812911987
1742233882.9791918,0.0,0.0,0.0005971835926175117
1742233882.9800003,0.0,0.0,0.0005920319817960262
1742233882.9808483,0.0,0.0,0.00062995171174407
1742233882.9824445,0.0,0.0,0.0013660481199622154
1742233882.9833245,0.0,0.0,0.000625120010226965
1742233882.9841356,0.0,0.0,0.0005961917340755463
1742233882.9849985,0.0,0.0,0.0006439359858632088
1742233882.9858127,0.0,0.0,0.0005921279080212116
1742233882.9866452,0.0,0.0,0.0006119357421994209
1742233882.9874446,0.0,0.0,0.000590047799050808
1742233882.9882572,0.0,0.0,0.0005914559587836266
1742233882.9891052,0.0,0.0,0.0006319680251181126
1742233882.9899132,0.0,0.0,0.0005942722782492638
1742233882.9907298,0.0,0.0,0.000593727920204401
1742233882.9915578,0.0,0.0,0.0006050560623407364
1742233882.9923556,0.0,0.0,0.0005811839364469051
1742233882.9932005,0.0,0.0,0.0006273277103900909
1742233882.994015,0.0,0.0,0.0005913283675909042
1742233882.994811,0.0,0.0,0.0005911039188504219
1742233882.9956956,0.0,0.0,0.0006629116833209991
1742233882.9965067,0.0,0.0,0.0005977279506623745
1742233882.9973545,0.0,0.0,0.0006169280968606472
1742233882.998172,0.0,0.0,0.000594784040004015
1742233882.9989727,0.0,0.0,0.0005864957347512245
1742233882.9997728,0.0,0.0,0.0005839038640260696
1742233883.0005732,0.0,0.0,0.0005881283432245255
1742233883.0014186,0.0,0.0,0.000593503937125206
1742233883.0022318,0.0,0.0,0.000592223834246397
1742233883.0030377,0.0,0.0,0.0005895039066672325
1742233883.0038338,0.0,0.0,0.0005822395905852318
1742233883.0046284,0.0,0.0,0.000578559935092926
1742233883.0054684,0.0,0.0,0.0005943360738456249
1742233883.006279,0.0,0.0,0.0005924799479544163
1742233883.0070968,0.0,0.0,0.0006089918315410614
1742233883.0078943,0.0,0.0,0.0005840640515089035
1742233883.0087237,0.0,0.0,0.0006162878125905991
1742233883.0095406,0.0,0.0,0.000601951964199543
1742233883.0103521,0.0,0.0,0.0005985600873827934
1742233883.0111449,0.0,0.0,0.0005895677022635937
1742233883.011947,0.0,0.0,0.0005883518606424332
1742233883.0127714,0.0,0.0,0.0006108162924647331
1742233883.0136094,0.0,0.0,0.000594784040004015
1742233883.014409,0.0,0.0,0.0005927998572587967
1742233883.015201,0.0,0.0,0.0005885115824639797
1742233883.0160093,0.0,0.0,0.0005956483073532581
1742233883.0168352,0.0,0.0,0.0006166077218949795
1742233883.0176418,0.0,0.0,0.0005922880955040455
1742233883.0184407,0.0,0.0,0.0005890559405088425
1742233883.0192413,0.0,0.0,0.000587231945246458
1742233883.0200903,0.0,0.0,0.0006352323107421398
1742233883.0209773,0.0,0.0,0.0006567360833287239
1742233883.0218213,0.0,0.0,0.0006180158816277981
1742233883.0226872,0.0,0.0,0.000604512169957161
1742233883.0235066,0.0,0.0,0.0005995836108922958
1742233883.0243282,0.0,0.0,0.0006080321036279202
1742233883.0251756,0.0,0.0,0.0006308159790933132
1742233883.0259852,0.0,0.0,0.000589439645409584
1742233883.0267863,0.0,0.0,0.0005913921631872654
1742233883.027602,0.0,0.0,0.0005960320122539997
1742233883.0284445,0.0,0.0,0.0006232317537069321
1742233883.029331,0.0,0.0,0.0006537917070090771
1742233883.0301497,0.0,0.0,0.0006008320488035679
1742233883.0309665,0.0,0.0,0.0006024963222444057
1742233883.0318167,0.0,0.0,0.0006292802281677723
1742233883.0326605,0.0,0.0,0.0006144638173282146
1742233883.0335805,0.0,0.0,0.0006293118931353092
1742233883.0344176,0.0,0.0,0.0006136642768979073
1742233883.0352407,0.0,0.0,0.0006097918376326561
1742233883.0361135,0.0,0.0,0.0006543039344251156
1742233883.0379052,0.0,0.0,0.001576799899339676
1742233883.0387926,0.0,0.0,0.000633568037301302
1742233883.0396328,0.0,0.0,0.0006114239804446697
1742233883.0404582,0.0,0.0,0.0006033279933035374
1742233883.0413232,0.0,0.0,0.0006498238071799278
1742233883.0421503,0.0,0.0,0.0005985279567539692
1742233883.0429568,0.0,0.0,0.0005892477929592133
1742233883.0437717,0.0,0.0,0.0005916161462664604
1742233883.044569,0.0,0.0,0.0005825283005833626
1742233883.0454423,0.0,0.0,0.0006185276433825493
1742233883.0462642,0.0,0.0,0.0006005116738379002
1742233883.0470767,0.0,0.0,0.0005974080413579941
1742233883.047887,0.0,0.0,0.0005928319878876209
1742233883.0486765,0.0,0.0,0.0005808318965137005
1742233883.04952,0.0,0.0,0.0006021764129400253
1742233883.0503616,0.0,0.0,0.0006225602701306343
1742233883.0511837,0.0,0.0,0.0006006723269820213
1742233883.0520012,0.0,0.0,0.0006001279689371586
1742233883.0528543,0.0,0.0,0.0006468477658927441
1742233883.0536745,0.0,0.0,0.0006018243730068207
1742233883.0545018,0.0,0.0,0.0006048637442290783
1742233883.055318,0.0,0.0,0.000601727981120348
1742233883.056124,0.0,0.0,0.0005991361103951931
1742233883.0569823,0.0,0.0,0.0006404481828212738
1742233883.0578396,0.0,0.0,0.0006147199310362339
1742233883.0586503,0.0,0.0,0.0005965437740087509
1742233883.0594678,0.0,0.0,0.0006025917828083038
1742233883.0602794,0.0,0.0,0.0005942401476204395
1742233883.06112,0.0,0.0,0.0006273919716477394
1742233883.061991,0.0,0.0,0.0006498564034700394
1742233883.0628135,0.0,0.0,0.0006018239073455334
1742233883.0636196,0.0,0.0,0.0005934080109000206
1742233883.064425,0.0,0.0,0.0005951356142759323
1742233883.065273,0.0,0.0,0.0006341123953461647
1742233883.0661018,0.0,0.0,0.0006059198640286922
1742233883.0669248,0.0,0.0,0.0006104959174990654
1742233883.0678406,0.0,0.0,0.0006960961036384106
1742233883.06868,0.0,0.0,0.0006141760386526585
1742233883.0695453,0.0,0.0,0.0006106882356107235
1742233883.070375,0.0,0.0,0.0006170561537146568
1742233883.071249,0.0,0.0,0.0006505600176751614
1742233883.072111,0.0,0.0,0.0006512319669127464
1742233883.0729895,0.0,0.0,0.0006559360772371292
1742233883.0738287,0.0,0.0,0.0006146561354398727
1742233883.0746505,0.0,0.0,0.0006033922545611858
1742233883.0754554,0.0,0.0,0.0005966397002339363
1742233883.0762677,0.0,0.0,0.0005958722904324532
1742233883.077131,0.0,0.0,0.0006423681043088436
1742233883.0779517,0.0,0.0,0.0006012478843331337
1742233883.0787675,0.0,0.0,0.0005988162010908127
1742233883.0795915,0.0,0.0,0.0006080321036279202
1742233883.0804582,0.0,0.0,0.0006450237706303596
1742233883.0813925,0.0,0.0,0.0007225284352898598
1742233883.0822377,0.0,0.0,0.0006107199005782604
1742233883.0830605,0.0,0.0,0.0006008637137711048
1742233883.0838954,0.0,0.0,0.000611680094152689
1742233883.0847683,0.0,0.0,0.0006334404461085796
1742233883.0856254,0.0,0.0,0.0006272001191973686
1742233883.086453,0.0,0.0,0.0006052800454199314
1742233883.0872893,0.0,0.0,0.0006213122978806496
1742233883.0881498,0.0,0.0,0.000627296045422554
1742233883.0890343,0.0,0.0,0.0006636162288486958
1742233883.0898795,0.0,0.0,0.0006141439080238342
1742233883.0907068,0.0,0.0,0.0006088321097195148
1742233883.0915327,0.0,0.0,0.0006065601482987404
1742233883.0932217,0.0,0.0,0.0014715841971337795
1742233883.094158,0.0,0.0,0.0006723520345985889
1742233883.0950024,0.0,0.0,0.0006152321584522724
1742233883.0958295,0.0,0.0,0.0006070719100534916
1742233883.0966516,0.0,0.0,0.0006007999181747437
1742233883.0975325,0.0,0.0,0.0006314879283308983
1742233883.0983648,0.0,0.0,0.000610623974353075
1742233883.0991964,0.0,0.0,0.0006116158328950405
1742233883.1000288,0.0,0.0,0.000615839846432209
1742233883.1008863,0.0,0.0,0.0006442558951675892
1742233883.1017196,0.0,0.0,0.0006112959235906601
1742233883.1025393,0.0,0.0,0.000604512169957161
1742233883.1033537,0.0,0.0,0.0005994238890707493
1742233883.104173,0.0,0.0,0.0006059203296899796
1742233883.1050127,0.0,0.0,0.0006265603005886078
1742233883.105849,0.0,0.0,0.0006152316927909851
1742233883.1066768,0.0,0.0,0.0006039682775735855
1742233883.107497,0.0,0.0,0.0006011840887367725
1742233883.1083121,0.0,0.0,0.0005972799845039845
1742233883.1091673,0.0,0.0,0.0006320960819721222
1742233883.1099873,0.0,0.0,0.0006008320488035679
1742233883.1108787,0.0,0.0,0.0006630402058362961
1742233883.1117358,0.0,0.0,0.000640511978417635
1742233883.1125658,0.0,0.0,0.0006072958931326866
1742233883.1134703,0.0,0.0,0.0006516482681035995
1742233883.11429,0.0,0.0,0.0005975356325507164
1742233883.115103,0.0,0.0,0.0005949120968580246
1742233883.1159503,0.0,0.0,0.0006254077889025211
1742233883.1168454,0.0,0.0,0.0006758719682693481
1742233883.1176827,0.0,0.0,0.0006106882356107235
1742233883.1184895,0.0,0.0,0.0005929600447416306
1742233883.1193066,0.0,0.0,0.0006042239256203175
1742233883.1201131,0.0,0.0,0.0005942080169916153
1742233883.1209564,0.0,0.0,0.0006298241205513477
1742233883.1217678,0.0,0.0,0.0005935360677540302
