time,in_time,out_time,inference_time
1785290827.6446393,0.0,0.0,0.0016172159910202027
1785290827.6465845,0.0,0.0,0.0015459200143814087
1785290827.648528,0.0,0.0,0.0015553280115127564
1785290827.6504755,0.0,0.0,0.0015463039875030517
1785290827.65246,0.0,0.0,0.0015989439487457276
1785290827.6544063,0.0,0.0,0.0015555200576782226
1785290827.6563568,0.0,0.0,0.0015640000104904174
1785290827.6582527,0.0,0.0,0.0015148160457611084
1785290827.66023,0.0,0.0,0.0015848000049591064
1785290827.6621938,0.0,0.0,0.0015637439489364624
1785290827.6641312,0.0,0.0,0.0015542720556259155
1785290827.6660278,0.0,0.0,0.0015172159671783447
1785290827.6678982,0.0,0.0,0.0015010559558868409
1785290827.669755,0.0,0.0,0.0014757119417190552
1785290827.6716483,0.0,0.0,0.0014901759624481202
1785290827.673489,0.0,0.0,0.0014627840518951416
1785290827.6753423,0.0,0.0,0.0014839680194854736
1785290827.677203,0.0,0.0,0.0014848320484161378
1785290827.6790485,0.0,0.0,0.0014650880098342897
1785290827.6809015,0.0,0.0,0.001457792043685913
1785290827.682725,0.0,0.0,0.0014452799558639527
1785290827.6845787,0.0,0.0,0.0014858880043029784
1785290827.686441,0.0,0.0,0.0014854079484939574
1785290827.6883347,0.0,0.0,0.0014964799880981445
1785290827.690166,0.0,0.0,0.0014496320486068726
1785290827.69328,0.0,0.0,0.002732192039489746
1785290827.6952474,0.0,0.0,0.0015460159778594971
1785290827.697109,0.0,0.0,0.0014629759788513184
1785290827.6989615,0.0,0.0,0.0014670079946517945
1785290827.700821,0.0,0.0,0.0014625920057296754
1785290827.7026727,0.0,0.0,0.0014749439954757691
1785290827.7045171,0.0,0.0,0.0014721920490264892
1785290827.7063246,0.0,0.0,0.0014326080083847045
1785290827.7081704,0.0,0.0,0.0014737919569015503
1785290827.7100244,0.0,0.0,0.001474015951156616
1785290827.7118638,0.0,0.0,0.0014655359983444215
1785290827.7136657,0.0,0.0,0.0014282879829406738
1785290827.7155035,0.0,0.0,0.0014686720371246337
1785290827.7173553,0.0,0.0,0.001454848051071167
1785290827.7192311,0.0,0.0,0.0014894720315933227
1785290827.7210696,0.0,0.0,0.001458783984184265
1785290827.7228785,0.0,0.0,0.0014364800453186034
1785290827.7247117,0.0,0.0,0.0014500800371170044
1785290827.726552,0.0,0.0,0.0014504640102386474
1785290827.7283838,0.0,0.0,0.0014630080461502076
1785290827.730192,0.0,0.0,0.0014338560104370118
1785290827.7320378,0.0,0.0,0.001478111982345581
1785290827.7338588,0.0,0.0,0.0014489920139312744
1785290827.7357252,0.0,0.0,0.001493343949317932
1785290827.7375586,0.0,0.0,0.0014564160108566284
1785290827.7395744,0.0,0.0,0.0016285760402679444
1785290827.7414136,0.0,0.0,0.0014593600034713745
1785290827.7432988,0.0,0.0,0.001496351957321167
1785290827.7451801,0.0,0.0,0.0014901119470596314
1785290827.7480714,0.0,0.0,0.002507904052734375
1785290827.7499819,0.0,0.0,0.0014928640127182006
1785290827.7518682,0.0,0.0,0.0015017919540405273
1785290827.7537062,0.0,0.0,0.0014574079513549804
1785290827.755564,0.0,0.0,0.0014787520170211792
1785290827.7573981,0.0,0.0,0.0014585280418395997
1785290827.7592554,0.0,0.0,0.0014854079484939574
1785290827.7611053,0.0,0.0,0.0014718400239944458
1785290827.7629218,0.0,0.0,0.001437343955039978
1785290827.7648091,0.0,0.0,0.0014691840410232544
1785290827.7666469,0.0,0.0,0.0014366400241851806
1785290827.768515,0.0,0.0,0.0014959039688110351
1785290827.7703476,0.0,0.0,0.0014482239484786988
1785290827.7721982,0.0,0.0,0.0014779200553894042
1785290827.7740335,0.0,0.0,0.0014581120014190675
1785290827.775893,0.0,0.0,0.0014825600385665893
1785290827.7777023,0.0,0.0,0.0014359040260314942
1785290827.7795696,0.0,0.0,0.0014969600439071655
1785290827.781397,0.0,0.0,0.0014508479833602904
1785290827.7832692,0.0,0.0,0.001501248002052307
1785290827.7851024,0.0,0.0,0.0014597760438919067
1785290827.7869518,0.0,0.0,0.0014622399806976318
1785290827.7887866,0.0,0.0,0.001436735987663269
1785290827.7905858,0.0,0.0,0.0014258559942245484
1785290827.792434,0.0,0.0,0.0014785599708557128
1785290827.7942615,0.0,0.0,0.0014553600549697876
1785290827.7960985,0.0,0.0,0.0014646719694137572
1785290827.7979248,0.0,0.0,0.001424191951751709
1785290827.7997696,0.0,0.0,0.001462399959564209
1785290827.8015816,0.0,0.0,0.001438464045524597
1785290827.8044791,0.0,0.0,0.0015127999782562256
1785290827.806343,0.0,0.0,0.001469599962234497
1785290827.808196,0.0,0.0,0.0014736000299453735
1785290827.8100314,0.0,0.0,0.0014524799585342407
1785290827.8118885,0.0,0.0,0.0014782079458236694
1785290827.8137343,0.0,0.0,0.0014543999433517456
1785290827.8155673,0.0,0.0,0.0014633920192718506
1785290827.817417,0.0,0.0,0.0014592959880828857
1785290827.8192563,0.0,0.0,0.0014657599925994873
1785290827.8210657,0.0,0.0,0.0014278719425201416
1785290827.822861,0.0,0.0,0.0014233280420303345
1785290827.8247135,0.0,0.0,0.0014462080001831055
1785290827.8265374,0.0,0.0,0.001452448010444641
1785290827.8284059,0.0,0.0,0.001492192029953003
1785290827.830256,0.0,0.0,0.0014560960531234742
1785290827.8320932,0.0,0.0,0.001464735984802246
1785290827.8339376,0.0,0.0,0.0014701119661331176
1785290827.8358061,0.0,0.0,0.001493664026260376
1785290827.8375914,0.0,0.0,0.0014137920141220092
1785290827.8394203,0.0,0.0,0.001457792043685913
1785290827.8412585,0.0,0.0,0.001458400011062622
1785290827.8431282,0.0,0.0,0.0014493119716644286
1785290827.8449547,0.0,0.0,0.0014478399753570556
1785290827.8467796,0.0,0.0,0.0014531519412994385
1785290827.8486207,0.0,0.0,0.0014508479833602904
1785290827.8504434,0.0,0.0,0.0014437439441680909
1785290827.852436,0.0,0.0,0.00162009596824646
1785290827.8543117,0.0,0.0,0.0014763519763946534
1785290827.8561585,0.0,0.0,0.0014644479751586914
1785290827.858763,0.0,0.0,0.002223711967468262
1785290827.860673,0.0,0.0,0.001480191946029663
1785290827.8625278,0.0,0.0,0.001473471999168396
1785290827.8643835,0.0,0.0,0.001478816032409668
1785290827.8662126,0.0,0.0,0.0014490879774093628
1785290827.8680484,0.0,0.0,0.0014493759870529174
1785290827.869876,0.0,0.0,0.0014336320161819458
1785290827.871725,0.0,0.0,0.001473855972290039
1785290827.873538,0.0,0.0,0.001438688039779663
1785290827.8753781,0.0,0.0,0.001468575954437256
1785290827.877203,0.0,0.0,0.0014500479698181152
1785290827.879024,0.0,0.0,0.0014482239484786988
1785290827.880863,0.0,0.0,0.0014323519468307495
1785290827.882692,0.0,0.0,0.0014546560049057008
1785290827.8845453,0.0,0.0,0.0014816319942474365
1785290827.8863657,0.0,0.0,0.0014460480213165283
1785290827.8882048,0.0,0.0,0.0014608639478683471
1785290827.890018,0.0,0.0,0.0014445760250091553
1785290827.8918972,0.0,0.0,0.0014924160242080688
1785290827.8938205,0.0,0.0,0.0015162880420684815
1785290827.8957255,0.0,0.0,0.0014968960285186767
1785290827.897571,0.0,0.0,0.0014556159973144532
1785290827.8994086,0.0,0.0,0.0014563519954681396
1785290827.9012465,0.0,0.0,0.0014556159973144532
1785290827.9030454,0.0,0.0,0.001429792046546936
1785290827.9049082,0.0,0.0,0.0014516799449920655
1785290827.9067233,0.0,0.0,0.001444416046142578
1785290827.9085715,0.0,0.0,0.0014756159782409667
1785290827.9104412,0.0,0.0,0.0014589120149612427
1785290827.9123135,0.0,0.0,0.0014879360198974609
1785290827.9149866,0.0,0.0,0.002285439968109131
1785290827.9168766,0.0,0.0,0.001459872007369995
1785290827.918709,0.0,0.0,0.001446176052093506
1785290827.9205742,0.0,0.0,0.0014960960149765015
1785290827.9223762,0.0,0.0,0.0014255360364913941
1785290827.9242287,0.0,0.0,0.0014790400266647338
1785290827.9260473,0.0,0.0,0.0014352320432662964
1785290827.927878,0.0,0.0,0.0014583679437637329
1785290827.9297056,0.0,0.0,0.0014534399509429931
1785290827.9315557,0.0,0.0,0.0014775359630584716
1785290827.9333646,0.0,0.0,0.0014355520009994506
1785290827.935219,0.0,0.0,0.0014781440496444702
1785290827.9370513,0.0,0.0,0.0014622399806976318
1785290827.9388623,0.0,0.0,0.001440224051475525
1785290827.9407008,0.0,0.0,0.0014490560293197632
1785290827.9425273,0.0,0.0,0.0014419840574264526
1785290827.9443784,0.0,0.0,0.0014771840572357178
1785290827.9461932,0.0,0.0,0.0014385600090026855
1785290827.9480212,0.0,0.0,0.001462175965309143
1785290827.9498436,0.0,0.0,0.001441215991973877
1785290827.951675,0.0,0.0,0.0014582400321960448
1785290827.953492,0.0,0.0,0.0014433280229568482
1785290827.9553409,0.0,0.0,0.0014764159917831422
1785290827.9571795,0.0,0.0,0.001452255964279175
1785290827.958996,0.0,0.0,0.0014489599466323852
1785290827.9608135,0.0,0.0,0.0014204800128936768
1785290827.9626515,0.0,0.0,0.0014655040502548219
1785290827.964508,0.0,0.0,0.0014559999704360962
1785290827.9663563,0.0,0.0,0.0014595199823379517
1785290827.9682364,0.0,0.0,0.0014847040176391602
1785290827.970881,0.0,0.0,0.0014574719667434692
1785290827.9727592,0.0,0.0,0.0014591360092163087
1785290827.974622,0.0,0.0,0.0014842239618301392
1785290827.9764805,0.0,0.0,0.0014835200309753418
1785290827.978307,0.0,0.0,0.0014472960233688356
1785290827.9801521,0.0,0.0,0.0014712320566177368
1785290827.9819658,0.0,0.0,0.0014325439929962157
1785290827.9838123,0.0,0.0,0.0014728959798812867
1785290827.9856355,0.0,0.0,0.0014486720561981202
1785290827.9874742,0.0,0.0,0.0014640320539474488
1785290827.9892948,0.0,0.0,0.0014455039501190185
1785290827.9911585,0.0,0.0,0.0014871679544448853
1785290827.9929948,0.0,0.0,0.0014608639478683471
1785290827.9948087,0.0,0.0,0.001445215940475464
1785290827.996651,0.0,0.0,0.0014408639669418336
1785290827.9984865,0.0,0.0,0.0014563519954681396
1785290828.0003333,0.0,0.0,0.0014763200283050538
1785290828.0021875,0.0,0.0,0.0014554879665374756
1785290828.004056,0.0,0.0,0.0014731520414352417
1785290828.0058768,0.0,0.0,0.0014491519927978516
1785290828.0077999,0.0,0.0,0.0015378559827804565
1785290828.0096552,0.0,0.0,0.0014625279903411866
1785290828.0114834,0.0,0.0,0.0014576640129089356
1785290828.0132964,0.0,0.0,0.0014457919597625733
1785290828.015143,0.0,0.0,0.0014650880098342897
1785290828.016958,0.0,0.0,0.0014379199743270875
1785290828.0187724,0.0,0.0,0.0014414080381393432
1785290828.0206487,0.0,0.0,0.00146668803691864
1785290828.0224862,0.0,0.0,0.001455456018447876
1785290828.0250363,0.0,0.0,0.0021699841022491456
1785290828.0269148,0.0,0.0,0.0014725760221481322
1785290828.0287793,0.0,0.0,0.001460319995880127
1785290828.0306025,0.0,0.0,0.0014421440362930298
1785290828.0324712,0.0,0.0,0.001496224045753479
1785290828.034298,0.0,0.0,0.001449120044708252
1785290828.036139,0.0,0.0,0.001465824007987976
1785290828.0379562,0.0,0.0,0.0014485759735107422
1785290828.039805,0.0,0.0,0.0014772800207138062
1785290828.0416389,0.0,0.0,0.0014576959609985353
1785290828.0434964,0.0,0.0,0.0014782400131225586
1785290828.0453262,0.0,0.0,0.001457152009010315
1785290828.0471683,0.0,0.0,0.001470080018043518
1785290828.0489914,0.0,0.0,0.0014485119581222534
1785290828.0508044,0.0,0.0,0.0014410560131072998
1785290828.052668,0.0,0.0,0.001449887990951538
1785290828.0544713,0.0,0.0,0.0014308160543441773
1785290828.056299,0.0,0.0,0.0014595839977264405
1785290828.0581164,0.0,0.0,0.001431839942932129
1785290828.0599456,0.0,0.0,0.0014569920301437378
1785290828.0617745,0.0,0.0,0.0014456000328063965
1785290828.0636258,0.0,0.0,0.0014786560535430908
1785290828.065435,0.0,0.0,0.0014333120584487916
1785290828.0672805,0.0,0.0,0.0014721599817276
1785290828.069089,0.0,0.0,0.0014360959529876708
1785290828.0709023,0.0,0.0,0.0014417599439620972
1785290828.0727396,0.0,0.0,0.0014434239864349364
1785290828.0745769,0.0,0.0,0.0014621440172195434
1785290828.0764477,0.0,0.0,0.0014880640506744385
1785290828.0782797,0.0,0.0,0.001449504017829895
1785290828.0808306,0.0,0.0,0.0021773440837860106
1785290828.0826924,0.0,0.0,0.001452895998954773
1785290828.0845423,0.0,0.0,0.0014691519737243652
1785290828.08639,0.0,0.0,0.001467967987060547
1785290828.0882537,0.0,0.0,0.0014834879636764526
1785290828.0900645,0.0,0.0,0.0014376959800720215
1785290828.091914,0.0,0.0,0.0014797120094299317
1785290828.0937483,0.0,0.0,0.0014575999975204468
1785290828.0956113,0.0,0.0,0.0014892159700393677
1785290828.0974393,0.0,0.0,0.001460543990135193
1785290828.0993023,0.0,0.0,0.0014715839624404906
1785290828.1011567,0.0,0.0,0.0014756159782409667
1785290828.1029842,0.0,0.0,0.001450368046760559
1785290828.104826,0.0,0.0,0.001445855975151062
1785290828.1066558,0.0,0.0,0.0014563519954681396
1785290828.108494,0.0,0.0,0.0014676799774169921
1785290828.1103132,0.0,0.0,0.001448415994644165
1785290828.1121502,0.0,0.0,0.0014639040231704712
1785290828.113976,0.0,0.0,0.001456704020500183
1785290828.1158144,0.0,0.0,0.0014686399698257446
1785290828.1176484,0.0,0.0,0.0014450880289077759
1785290828.1195018,0.0,0.0,0.0014764159917831422
1785290828.1212976,0.0,0.0,0.001428096055984497
1785290828.1231518,0.0,0.0,0.0014805120229721069
1785290828.1249592,0.0,0.0,0.0014320319890975951
1785290828.126788,0.0,0.0,0.0014631680250167846
1785290828.1286552,0.0,0.0,0.0014583359956741333
1785290828.1305046,0.0,0.0,0.0014724479913711549
1785290828.1323795,0.0,0.0,0.0014888960123062133
1785290828.1349132,0.0,0.0,0.0021508800983428954
1785290828.1368587,0.0,0.0,0.0015164159536361695
1785290828.1387074,0.0,0.0,0.0014645119905471802
1785290828.140578,0.0,0.0,0.0014977600574493407
1785290828.1424203,0.0,0.0,0.0014695680141448974
1785290828.144277,0.0,0.0,0.0014843839406967164
1785290828.1461263,0.0,0.0,0.0014527679681777953
1785290828.1479764,0.0,0.0,0.0014784320592880248
1785290828.1498184,0.0,0.0,0.00145196795463562
1785290828.151659,0.0,0.0,0.001472000002861023
1785290828.1535242,0.0,0.0,0.0014731839895248413
1785290828.1553562,0.0,0.0,0.001458400011062622
1785290828.1571934,0.0,0.0,0.0014576959609985353
1785290828.159001,0.0,0.0,0.0014346239566802978
1785290828.1608562,0.0,0.0,0.0014601919651031493
1785290828.1626716,0.0,0.0,0.0014452799558639527
1785290828.1645255,0.0,0.0,0.0014759680032730101
1785290828.166336,0.0,0.0,0.001435647964477539
1785290828.1681888,0.0,0.0,0.001478592038154602
1785290828.1699932,0.0,0.0,0.0014325759410858153
1785290828.1718123,0.0,0.0,0.0014510079622268677
1785290828.1736307,0.0,0.0,0.001445312023162842
1785290828.1754491,0.0,0.0,0.0014458240270614623
1785290828.1772597,0.0,0.0,0.0014425920248031616
1785290828.1791081,0.0,0.0,0.0014588160514831543
1785290828.1809356,0.0,0.0,0.0014528640508651733
1785290828.1827736,0.0,0.0,0.0014481920003890992
1785290828.1846023,0.0,0.0,0.001435647964477539
1785290828.1864204,0.0,0.0,0.0014415680170059204
1785290828.1882598,0.0,0.0,0.0014604799747467041
1785290828.19078,0.0,0.0,0.002140703916549683
1785290828.192657,0.0,0.0,0.001461024045944214
1785290828.1944633,0.0,0.0,0.0014267200231552124
1785290828.196292,0.0,0.0,0.0014539200067520141
1785290828.198106,0.0,0.0,0.0014416639804840088
1785290828.1999328,0.0,0.0,0.0014580479860305787
1785290828.2017508,0.0,0.0,0.001442080020904541
1785290828.203609,0.0,0.0,0.0014778879880905152
1785290828.205443,0.0,0.0,0.0014600319862365723
1785290828.2072728,0.0,0.0,0.001459936022758484
1785290828.2091029,0.0,0.0,0.0014600000381469727
1785290828.2109065,0.0,0.0,0.0014327360391616821
1785290828.2127533,0.0,0.0,0.001454367995262146
1785290828.214611,0.0,0.0,0.0014704320430755616
1785290828.2164652,0.0,0.0,0.0014852160215377808
1785290828.2182922,0.0,0.0,0.0014534080028533935
1785290828.2201447,0.0,0.0,0.0014831360578536987
1785290828.2219505,0.0,0.0,0.0014366400241851806
1785290828.2237976,0.0,0.0,0.0014615999460220338
1785290828.2256193,0.0,0.0,0.0014457919597625733
1785290828.227463,0.0,0.0,0.0014755200147628783
1785290828.2292867,0.0,0.0,0.0014510400295257569
1785290828.2311335,0.0,0.0,0.0014702399969100952
1785290828.2329426,0.0,0.0,0.0014345920085906982
1785290828.2347417,0.0,0.0,0.001431007981300354
1785290828.2365954,0.0,0.0,0.0014889919757843017
1785290828.238429,0.0,0.0,0.0014572160243988036
1785290828.2403026,0.0,0.0,0.0014882559776306153
1785290828.2421377,0.0,0.0,0.0014538880586624145
1785290828.2440028,0.0,0.0,0.0014767040014266968
1785290828.2464826,0.0,0.0,0.002091487884521484
1785290828.248362,0.0,0.0,0.0014858880043029784
1785290828.25022,0.0,0.0,0.0014771840572357178
1785290828.2520676,0.0,0.0,0.0014672640562057495
1785290828.2539065,0.0,0.0,0.0014576959609985353
1785290828.2557378,0.0,0.0,0.00145632004737854
1785290828.2575502,0.0,0.0,0.0014402559995651246
1785290828.2594013,0.0,0.0,0.001477471947669983
1785290828.2612348,0.0,0.0,0.001459455966949463
1785290828.2630384,0.0,0.0,0.0014279999732971192
1785290828.2648754,0.0,0.0,0.00143887996673584
1785290828.2666945,0.0,0.0,0.0014472320079803468
1785290828.2685497,0.0,0.0,0.0014792319536209107
1785290828.2703907,0.0,0.0,0.0014648640155792236
1785290828.2722416,0.0,0.0,0.0014803520441055299
1785290828.2740552,0.0,0.0,0.0014396480321884155
1785290828.2759116,0.0,0.0,0.0014777599573135376
1785290828.2777562,0.0,0.0,0.0014485759735107422
1785290828.2796016,0.0,0.0,0.0014735679626464843
1785290828.2814367,0.0,0.0,0.0014593600034713745
1785290828.2832737,0.0,0.0,0.0014671679735183715
1785290828.285111,0.0,0.0,0.001450976014137268
1785290828.2869382,0.0,0.0,0.0014517760276794433
1785290828.2887986,0.0,0.0,0.0014531840085983277
1785290828.2906265,0.0,0.0,0.0014546560049057008
1785290828.2924628,0.0,0.0,0.0014648000001907348
1785290828.2942784,0.0,0.0,0.0014401600360870361
1785290828.2961504,0.0,0.0,0.0015031039714813233
1785290828.2980096,0.0,0.0,0.0014683840274810791
1785290828.299859,0.0,0.0,0.0014686720371246337
1785290828.3024683,0.0,0.0,0.0015255039930343627
1785290828.304343,0.0,0.0,0.00149510395526886
1785290828.306189,0.0,0.0,0.0014550399780273438
1785290828.3080742,0.0,0.0,0.0015113919973373414
1785290828.309885,0.0,0.0,0.0014332480430603027
1785290828.311752,0.0,0.0,0.0014832639694213868
1785290828.3135793,0.0,0.0,0.0014549119472503662
1785290828.3154166,0.0,0.0,0.0014691840410232544
1785290828.3172367,0.0,0.0,0.00144595205783844
1785290828.319054,0.0,0.0,0.0014433599710464479
1785290828.3209212,0.0,0.0,0.0014627840518951416
1785290828.3227522,0.0,0.0,0.0014557440280914306
1785290828.3246067,0.0,0.0,0.0014679360389709473
1785290828.326402,0.0,0.0,0.0014216320514678954
1785290828.3282375,0.0,0.0,0.0014670079946517945
1785290828.3300576,0.0,0.0,0.0014440640211105347
1785290828.3319125,0.0,0.0,0.0014809600114822387
1785290828.3337104,0.0,0.0,0.0014251199960708617
1785290828.335551,0.0,0.0,0.0014504640102386474
1785290828.3373814,0.0,0.0,0.001459007978439331
1785290828.339225,0.0,0.0,0.0014740480184555053
1785290828.3410544,0.0,0.0,0.001454975962638855
1785290828.3429048,0.0,0.0,0.0014804160594940185
1785290828.3447301,0.0,0.0,0.0014351999759674072
1785290828.3465602,0.0,0.0,0.0014414399862289428
1785290828.34842,0.0,0.0,0.001483296036720276
1785290828.3502228,0.0,0.0,0.0014276800155639648
1785290828.35209,0.0,0.0,0.0014900799989700318
1785290828.3539183,0.0,0.0,0.0014543039798736571
1785290828.3565028,0.0,0.0,0.0022074880599975586
1785290828.3583958,0.0,0.0,0.001494719982147217
1785290828.360248,0.0,0.0,0.0014773119688034058
1785290828.362084,0.0,0.0,0.0014608960151672363
1785290828.3639357,0.0,0.0,0.0014783040285110474
1785290828.3657494,0.0,0.0,0.0014362239837646484
1785290828.3676007,0.0,0.0,0.0014824320077896117
1785290828.3694293,0.0,0.0,0.0014507520198822023
1785290828.3712678,0.0,0.0,0.001464735984802246
1785290828.3731048,0.0,0.0,0.001454751968383789
1785290828.3749483,0.0,0.0,0.001454591989517212
1785290828.3767946,0.0,0.0,0.0014476799964904786
1785290828.3786104,0.0,0.0,0.0014422719478607178
1785290828.3804646,0.0,0.0,0.0014796479940414429
1785290828.382302,0.0,0.0,0.0014396159648895263
1785290828.384162,0.0,0.0,0.0014708800315856934
1785290828.3859646,0.0,0.0,0.0014299839735031129
1785290828.3878102,0.0,0.0,0.0014804160594940185
1785290828.3896167,0.0,0.0,0.0014366400241851806
1785290828.3914711,0.0,0.0,0.0014825600385665893
1785290828.393273,0.0,0.0,0.0014287359714508056
1785290828.3950899,0.0,0.0,0.0014393279552459717
1785290828.396937,0.0,0.0,0.001450368046760559
1785290828.3987615,0.0,0.0,0.0014503040313720702
1785290828.4006085,0.0,0.0,0.0014580479860305787
1785290828.4024258,0.0,0.0,0.0014447040557861329
1785290828.404296,0.0,0.0,0.0014936319589614869
1785290828.4061317,0.0,0.0,0.0014622399806976318
1785290828.407997,0.0,0.0,0.001481152057647705
1785290828.4098501,0.0,0.0,0.001471295952796936
1785290828.4123926,0.0,0.0,0.0021665918827056883
1785290828.4142702,0.0,0.0,0.0014756159782409667
1785290828.416137,0.0,0.0,0.0014844800233840942
1785290828.4179611,0.0,0.0,0.0014478399753570556
1785290828.4198077,0.0,0.0,0.001467072010040283
1785290828.4216537,0.0,0.0,0.0014694080352783204
1785290828.4234974,0.0,0.0,0.0014683200120925903
1785290828.4253328,0.0,0.0,0.001457792043685913
1785290828.4271698,0.0,0.0,0.0014625920057296754
1785290828.4290073,0.0,0.0,0.0014559680223464966
1785290828.430848,0.0,0.0,0.0014555519819259644
1785290828.4327102,0.0,0.0,0.0014679039716720581
1785290828.4345267,0.0,0.0,0.001443552017211914
1785290828.4364002,0.0,0.0,0.0015037440061569213
1785290828.4381945,0.0,0.0,0.0014213119745254516
1785290828.4400172,0.0,0.0,0.001456063985824585
1785290828.4418228,0.0,0.0,0.0014365760087966918
1785290828.443667,0.0,0.0,0.0014689919948577882
1785290828.4454918,0.0,0.0,0.0014514880180358887
1785290828.4473362,0.0,0.0,0.0014736000299453735
1785290828.4491613,0.0,0.0,0.0014527039527893067
1785290828.4509864,0.0,0.0,0.0014511359930038453
1785290828.452869,0.0,0.0,0.0014682559967041015
1785290828.454689,0.0,0.0,0.0014424959421157836
1785290828.4565325,0.0,0.0,0.001469920039176941
1785290828.4583523,0.0,0.0,0.0014442880153656007
1785290828.4601958,0.0,0.0,0.0014658880233764649
1785290828.4620092,0.0,0.0,0.0014398080110549927
1785290828.4638653,0.0,0.0,0.0014783999919891358
1785290828.4663544,0.0,0.0,0.0014756159782409667
1785290828.4683433,0.0,0.0,0.001569375991821289
1785290828.470194,0.0,0.0,0.0014682559967041015
1785290828.4720457,0.0,0.0,0.0014797439575195313
1785290828.4738503,0.0,0.0,0.0014343680143356324
1785290828.4757032,0.0,0.0,0.0014832320213317872
1785290828.477545,0.0,0.0,0.0014564800262451172
1785290828.479412,0.0,0.0,0.0014734079837799073
1785290828.4812405,0.0,0.0,0.001450368046760559
1785290828.4830666,0.0,0.0,0.001456928014755249
1785290828.4849057,0.0,0.0,0.0014472639560699464
1785290828.4867182,0.0,0.0,0.001437119960784912
1785290828.4885752,0.0,0.0,0.0014867839813232423
1785290828.490417,0.0,0.0,0.001445215940475464
1785290828.4922652,0.0,0.0,0.0014792640209197998
1785290828.4940808,0.0,0.0,0.0014428479671478272
1785290828.495925,0.0,0.0,0.0014696639776229858
1785290828.497716,0.0,0.0,0.0014154239892959595
1785290828.4995487,0.0,0.0,0.0014599039554595947
1785290828.5013642,0.0,0.0,0.0014428800344467162
1785290828.5031946,0.0,0.0,0.0014557759761810302
1785290828.505014,0.0,0.0,0.0014455039501190185
1785290828.5068257,0.0,0.0,0.0014427520036697388
1785290828.5086405,0.0,0.0,0.0014318079948425293
1785290828.5104482,0.0,0.0,0.001437343955039978
1785290828.5122974,0.0,0.0,0.001482591986656189
1785290828.5141008,0.0,0.0,0.0014261120557785033
1785290828.5159488,0.0,0.0,0.0014785599708557128
1785290828.5178041,0.0,0.0,0.0014704960584640504
1785290828.519659,0.0,0.0,0.0014794559478759765
1785290828.5222096,0.0,0.0,0.002158400058746338
1785290828.5241272,0.0,0.0,0.0015241600275039673
1785290828.5259743,0.0,0.0,0.0014670399427413941
1785290828.5278065,0.0,0.0,0.0014570879936218262
1785290828.5296302,0.0,0.0,0.0014512319564819337
1785290828.5314605,0.0,0.0,0.0014585920572280885
1785290828.533273,0.0,0.0,0.0014382400512695313
1785290828.535079,0.0,0.0,0.0014409600496292114
1785290828.5369782,0.0,0.0,0.0014983359575271606
1785290828.5387912,0.0,0.0,0.0014400960206985473
1785290828.5406444,0.0,0.0,0.001463104009628296
1785290828.5424445,0.0,0.0,0.0014290239810943605
1785290828.5443404,0.0,0.0,0.0014730559587478637
1785290828.5461643,0.0,0.0,0.0014507839679718019
1785290828.547993,0.0,0.0,0.0014489599466323852
1785290828.5498064,0.0,0.0,0.0014455039501190185
1785290828.5516431,0.0,0.0,0.0014684799909591676
1785290828.5534682,0.0,0.0,0.0014505599737167359
1785290828.5553045,0.0,0.0,0.001463647961616516
1785290828.5570965,0.0,0.0,0.0014263999462127686
1785290828.5588994,0.0,0.0,0.001431328058242798
1785290828.560725,0.0,0.0,0.0014402559995651246
1785290828.5625365,0.0,0.0,0.001439136028289795
1785290828.5643945,0.0,0.0,0.0014753279685974121
1785290828.5662022,0.0,0.0,0.0014395840167999267
1785290828.5680227,0.0,0.0,0.0014534399509429931
1785290828.5698555,0.0,0.0,0.0014492160081863404
1785290828.5716906,0.0,0.0,0.0014662400484085083
1785290828.5735328,0.0,0.0,0.0014654719829559327
1785290828.5754023,0.0,0.0,0.001494815945625305
1785290828.5779266,0.0,0.0,0.0021461760997772217
1785290828.579855,0.0,0.0,0.001522752046585083
1785290828.5817142,0.0,0.0,0.0014735039472579957
1785290828.5835822,0.0,0.0,0.0014838720560073852
1785290828.5854242,0.0,0.0,0.0014636160135269164
1785290828.5872755,0.0,0.0,0.0014737919569015503
1785290828.589099,0.0,0.0,0.0014483840465545654
1785290828.5908988,0.0,0.0,0.0014318079948425293
1785290828.5927591,0.0,0.0,0.0014561599493026734
1785290828.5945697,0.0,0.0,0.001439039945602417
1785290828.5964115,0.0,0.0,0.001476032018661499
1785290828.5982225,0.0,0.0,0.0014411519765853882
1785290828.6000814,0.0,0.0,0.0014658880233764649
1785290828.6018965,0.0,0.0,0.0014408960342407226
1785290828.6037521,0.0,0.0,0.0014833279848098756
1785290828.6055741,0.0,0.0,0.0014521600008010865
1785290828.6074321,0.0,0.0,0.0014867520332336427
1785290828.609256,0.0,0.0,0.0014543360471725463
1785290828.6110585,0.0,0.0,0.0014308160543441773
1785290828.6128945,0.0,0.0,0.001445695996284485
1785290828.6147647,0.0,0.0,0.0014784320592880248
1785290828.6166148,0.0,0.0,0.0014629759788513184
1785290828.618447,0.0,0.0,0.0014528000354766845
1785290828.6202815,0.0,0.0,0.0014593280553817749
1785290828.6221163,0.0,0.0,0.0014616960287094115
1785290828.6239567,0.0,0.0,0.0014674880504608155
1785290828.6257753,0.0,0.0,0.0014418560266494752
1785290828.6276288,0.0,0.0,0.0014818559885025025
1785290828.6294622,0.0,0.0,0.0014555519819259644
1785290828.6319816,0.0,0.0,0.002136703968048096
1785290828.6338902,0.0,0.0,0.0014995520114898682
1785290828.6357443,0.0,0.0,0.001474560022354126
1785290828.6375635,0.0,0.0,0.0014417279958724976
1785290828.6394155,0.0,0.0,0.0014806079864501953
1785290828.6412282,0.0,0.0,0.0014372800588607789
1785290828.6430464,0.0,0.0,0.0014460480213165283
1785290828.644906,0.0,0.0,0.001454591989517212
1785290828.6467197,0.0,0.0,0.0014440319538116455
1785290828.6485627,0.0,0.0,0.0014703999757766724
1785290828.650385,0.0,0.0,0.001447551965713501
1785290828.6522133,0.0,0.0,0.0014572160243988036
1785290828.6540115,0.0,0.0,0.0014257919788360596
1785290828.6558444,0.0,0.0,0.0014703680276870728
1785290828.6576557,0.0,0.0,0.0014387840032577515
1785290828.6594796,0.0,0.0,0.0014545600414276123
1785290828.6612952,0.0,0.0,0.001440351963043213
1785290828.6631486,0.0,0.0,0.0014685120582580567
1785290828.6650007,0.0,0.0,0.0014632320404052734
1785290828.6668084,0.0,0.0,0.0014400320053100585
1785290828.6686487,0.0,0.0,0.0014541120529174805
1785290828.6704583,0.0,0.0,0.0014368959665298463
1785290828.672287,0.0,0.0,0.0014573760032653808
1785290828.674116,0.0,0.0,0.0014501760005950928
1785290828.6759627,0.0,0.0,0.0014731839895248413
1785290828.6777735,0.0,0.0,0.0014399039745330812
1785290828.6796181,0.0,0.0,0.0014802559614181519
1785290828.681464,0.0,0.0,0.0014699840545654298
1785290828.6833408,0.0,0.0,0.0015062719583511352
1785290828.6851828,0.0,0.0,0.0014598400592803955
1785290828.687686,0.0,0.0,0.002126240015029907
1785290828.6895525,0.0,0.0,0.001471295952796936
1785290828.6914055,0.0,0.0,0.0014776320457458496
1785290828.6932344,0.0,0.0,0.0014546240568161012
1785290828.6950603,0.0,0.0,0.0014591679573059083
1785290828.6968982,0.0,0.0,0.0014470720291137695
1785290828.6987221,0.0,0.0,0.001439360022544861
1785290828.7005796,0.0,0.0,0.0014864319562911987
1785290828.7024035,0.0,0.0,0.001456704020500183
1785290828.7042537,0.0,0.0,0.0014767999649047852
1785290828.7060578,0.0,0.0,0.00143123197555542
1785290828.7078905,0.0,0.0,0.0014622080326080322
1785290828.7097285,0.0,0.0,0.0014486080408096314
1785290828.7116039,0.0,0.0,0.0015039360523223877
1785290828.713424,0.0,0.0,0.0014519040584564209
1785290828.7152727,0.0,0.0,0.0014838080406188966
1785290828.7170749,0.0,0.0,0.0014313919544219971
1785290828.7188797,0.0,0.0,0.0014398080110549927
1785290828.7207062,0.0,0.0,0.0014353920221328736
1785290828.7225368,0.0,0.0,0.0014580479860305787
1785290828.724356,0.0,0.0,0.0014494719505310058
1785290828.726175,0.0,0.0,0.001444159984588623
1785290828.7280478,0.0,0.0,0.0014820480346679687
1785290828.729863,0.0,0.0,0.0014413119554519654
1785290828.7316988,0.0,0.0,0.0014703999757766724
1785290828.7335112,0.0,0.0,0.0014395519495010375
1785290828.7353384,0.0,0.0,0.0014584959745407105
1785290828.7371724,0.0,0.0,0.0014583679437637329
1785290828.7389934,0.0,0.0,0.0014453760385513305
1785290828.7408528,0.0,0.0,0.0014548159837722778
1785290828.743372,0.0,0.0,0.002141184091567993
1785290828.7452166,0.0,0.0,0.00145360004901886
1785290828.7470427,0.0,0.0,0.001447424054145813
1785290828.7488763,0.0,0.0,0.0014347840547561646
1785290828.7507045,0.0,0.0,0.0014539200067520141
1785290828.752547,0.0,0.0,0.0014717439413070678
1785290828.7543657,0.0,0.0,0.001439520001411438
1785290828.7561994,0.0,0.0,0.0014640320539474488
1785290828.7580464,0.0,0.0,0.0014569920301437378
1785290828.759881,0.0,0.0,0.0014710079431533814
1785290828.7617066,0.0,0.0,0.0014559359550476074
1785290828.7635767,0.0,0.0,0.0014780160188674926
1785290828.7653787,0.0,0.0,0.0014351359605789184
1785290828.767218,0.0,0.0,0.0014767040014266968
1785290828.7690353,0.0,0.0,0.0014457279443740845
1785290828.770855,0.0,0.0,0.0014523199796676635
1785290828.7727058,0.0,0.0,0.0014603519439697265
1785290828.7745094,0.0,0.0,0.001429919958114624
1785290828.7763467,0.0,0.0,0.001468832015991211
1785290828.7781572,0.0,0.0,0.0014363199472427369
1785290828.7799914,0.0,0.0,0.0014721280336380004
1785290828.7817872,0.0,0.0,0.001420896053314209
1785290828.7836149,0.0,0.0,0.0014651839733123779
1785290828.7854426,0.0,0.0,0.0014549440145492554
1785290828.7872741,0.0,0.0,0.0014645440578460694
1785290828.789079,0.0,0.0,0.0014338239431381226
1785290828.7908967,0.0,0.0,0.0014530880451202393
1785290828.792716,0.0,0.0,0.0014269440174102784
1785290828.794524,0.0,0.0,0.0014356160163879394
1785290828.796396,0.0,0.0,0.0014804160594940185
1785290828.7989511,0.0,0.0,0.0021741440296173097
1785290828.800816,0.0,0.0,0.0014492160081863404
1785290828.802638,0.0,0.0,0.001445855975151062
1785290828.8045034,0.0,0.0,0.0014791680574417114
1785290828.8063154,0.0,0.0,0.0014358079433441162
1785290828.8081338,0.0,0.0,0.0014521600008010865
1785290828.80993,0.0,0.0,0.0014298880100250245
1785290828.8117788,0.0,0.0,0.0014753279685974121
1785290828.813605,0.0,0.0,0.0014580479860305787
1785290828.8154354,0.0,0.0,0.0014648000001907348
1785290828.8172414,0.0,0.0,0.0014321279525756835
1785290828.8190386,0.0,0.0,0.0014278719425201416
1785290828.8208683,0.0,0.0,0.001435520052909851
1785290828.8226712,0.0,0.0,0.001435744047164917
1785290828.8245087,0.0,0.0,0.0014711999893188476
1785290828.8263319,0.0,0.0,0.0014573760032653808
1785290828.82817,0.0,0.0,0.001463744044303894
1785290828.8299773,0.0,0.0,0.0014324480295181275
1785290828.8318152,0.0,0.0,0.0014597760438919067
1785290828.8336258,0.0,0.0,0.0014309120178222657
1785290828.835474,0.0,0.0,0.0014776639938354492
1785290828.837285,0.0,0.0,0.0014422719478607178
1785290828.839117,0.0,0.0,0.0014435199499130249
1785290828.840955,0.0,0.0,0.0014635200500488282
1785290828.8427644,0.0,0.0,0.001445248007774353
1785290828.844594,0.0,0.0,0.0014482879638671876
1785290828.8464,0.0,0.0,0.0014382400512695313
1785290828.8482568,0.0,0.0,0.0014867839813232423
1785290828.850109,0.0,0.0,0.001464095950126648
1785290828.8519728,0.0,0.0,0.0014765440225601196
1785290828.8544228,0.0,0.0,0.0014832320213317872
1785290828.8562915,0.0,0.0,0.0014849599599838256
1785290828.858123,0.0,0.0,0.0014540480375289917
1785290828.8599565,0.0,0.0,0.001462015986442566
1785290828.8617778,0.0,0.0,0.0014538559913635253
1785290828.863637,0.0,0.0,0.0014851200580596924
1785290828.8654487,0.0,0.0,0.001439039945602417
1785290828.867284,0.0,0.0,0.0014723199605941773
1785290828.8691227,0.0,0.0,0.0014474879503250122
1785290828.8709438,0.0,0.0,0.0014568320512771606
1785290828.8727872,0.0,0.0,0.0014453760385513305
1785290828.8745978,0.0,0.0,0.0014433920383453368
1785290828.8764293,0.0,0.0,0.0014612480401992797
1785290828.8782458,0.0,0.0,0.0014433599710464479
1785290828.880125,0.0,0.0,0.0014606720209121703
1785290828.8819551,0.0,0.0,0.0014578239917755126
1785290828.8838096,0.0,0.0,0.0014830399751663208
1785290828.885628,0.0,0.0,0.0014454400539398193
1785290828.8874745,0.0,0.0,0.0014801599979400635
1785290828.8892987,0.0,0.0,0.0014516479969024659
1785290828.8911283,0.0,0.0,0.0014455679655075073
1785290828.8929565,0.0,0.0,0.0014586880207061767
1785290828.8947499,0.0,0.0,0.0014239679574966431
1785290828.8966124,0.0,0.0,0.0014746559858322143
1785290828.8984501,0.0,0.0,0.0014498560428619384
1785290828.9003289,0.0,0.0,0.0014883519411087035
1785290828.9021428,0.0,0.0,0.0014413759708404542
1785290828.9040186,0.0,0.0,0.0014966080188751221
1785290828.9058566,0.0,0.0,0.001460927963256836
1785290828.908374,0.0,0.0,0.0021395840644836427
1785290828.9102433,0.0,0.0,0.001469920039176941
1785290828.912145,0.0,0.0,0.0015217920541763306
1785290828.9140868,0.0,0.0,0.0015237120389938355
1785290828.9159963,0.0,0.0,0.0015070079565048218
1785290828.9178624,0.0,0.0,0.0014872640371322633
1785290828.9197109,0.0,0.0,0.0014718079566955566
1785290828.9215329,0.0,0.0,0.00144540798664093
1785290828.9233618,0.0,0.0,0.0014588479995727539
1785290828.9251814,0.0,0.0,0.0014425920248031616
1785290828.9269924,0.0,0.0,0.001443168044090271
1785290828.9288473,0.0,0.0,0.0014553920030593872
1785290828.9306645,0.0,0.0,0.0014478720426559448
1785290828.9325016,0.0,0.0,0.0014718719720840455
1785290828.9343226,0.0,0.0,0.0014496959447860718
1785290828.936164,0.0,0.0,0.0014764159917831422
1785290828.9379826,0.0,0.0,0.0014489920139312744
1785290828.939831,0.0,0.0,0.0014664640426635743
1785290828.9416668,0.0,0.0,0.0014693759679794312
1785290828.9434884,0.0,0.0,0.0014525760412216187
1785290828.9453201,0.0,0.0,0.00145360004901886
1785290828.9471827,0.0,0.0,0.001478976011276245
1785290828.9489973,0.0,0.0,0.0014459199905395507
1785290828.950864,0.0,0.0,0.0014440319538116455
1785290828.9526834,0.0,0.0,0.0014279359579086304
1785290828.9544983,0.0,0.0,0.0014471360445022583
1785290828.95633,0.0,0.0,0.001466879963874817
1785290828.958161,0.0,0.0,0.0014561920166015626
1785290828.9600065,0.0,0.0,0.0014583359956741333
1785290828.9618433,0.0,0.0,0.0014551680088043214
1785290828.9645414,0.0,0.0,0.002325023889541626
1785290828.9664185,0.0,0.0,0.0014761919975280762
1785290828.9682941,0.0,0.0,0.001490880012512207
1785290828.970119,0.0,0.0,0.0014493440389633178
1785290828.971965,0.0,0.0,0.0014767680168151856
1785290828.9737895,0.0,0.0,0.0014510719776153565
1785290828.9756222,0.0,0.0,0.001460319995880127
1785290828.977479,0.0,0.0,0.00147052800655365
1785290828.9793415,0.0,0.0,0.001488095998764038
1785290828.9811625,0.0,0.0,0.0014483840465545654
1785290828.9829717,0.0,0.0,0.0014372800588607789
1785290828.984807,0.0,0.0,0.0014472960233688356
1785290828.9866123,0.0,0.0,0.0014431999921798706
1785290828.9884539,0.0,0.0,0.0014692480564117432
1785290828.9902833,0.0,0.0,0.0014587520360946655
1785290828.9921443,0.0,0.0,0.0014899200201034545
1785290828.9939868,0.0,0.0,0.001453119993209839
1785290828.995854,0.0,0.0,0.0014943039417266845
1785290828.9976757,0.0,0.0,0.0014478720426559448
1785290828.9995236,0.0,0.0,0.0014770560264587402
1785290829.0013423,0.0,0.0,0.0014472320079803468
1785290829.0031796,0.0,0.0,0.0014663039445877075
1785290829.00501,0.0,0.0,0.0014570239782333374
1785290829.0068023,0.0,0.0,0.0014240959882736207
1785290829.0087068,0.0,0.0,0.001496672034263611
1785290829.0105655,0.0,0.0,0.0014609919786453247
1785290829.0124302,0.0,0.0,0.0014854400157928466
1785290829.0142674,0.0,0.0,0.0014597760438919067
1785290829.0161383,0.0,0.0,0.0014854400157928466
1785290829.018712,0.0,0.0,0.002192255973815918
1785290829.0206306,0.0,0.0,0.0014972159862518312
1785290829.0224617,0.0,0.0,0.0014541759490966798
1785290829.0242968,0.0,0.0,0.0014644160270690918
1785290829.0261304,0.0,0.0,0.0014594240188598633
1785290829.0279696,0.0,0.0,0.0014653120040893555
1785290829.0297596,0.0,0.0,0.0014194560050964356
1785290829.0316124,0.0,0.0,0.0014821439981460571
1785290829.033434,0.0,0.0,0.0014508160352706908
1785290829.0352733,0.0,0.0,0.0014673919677734375
1785290829.0370872,0.0,0.0,0.0014419840574264526
1785290829.0389059,0.0,0.0,0.0014420160055160522
1785290829.040747,0.0,0.0,0.0014468480348587035
1785290829.0426247,0.0,0.0,0.0014742079973220825
1785290829.0444896,0.0,0.0,0.0014608639478683471
1785290829.0463047,0.0,0.0,0.001440127968788147
1785290829.04813,0.0,0.0,0.0014564160108566284
1785290829.0499382,0.0,0.0,0.0014367040395736694
1785290829.051791,0.0,0.0,0.001480448007583618
1785290829.0536072,0.0,0.0,0.0014425280094146728
1785290829.0554132,0.0,0.0,0.0014449599981307983
1785290829.0572214,0.0,0.0,0.001440384030342102
1785290829.0590327,0.0,0.0,0.0014485119581222534
1785290829.0608637,0.0,0.0,0.0014410239458084106
1785290829.0626683,0.0,0.0,0.0014333120584487916
1785290829.0645168,0.0,0.0,0.00146835196018219
1785290829.066324,0.0,0.0,0.001438688039779663
1785290829.0681686,0.0,0.0,0.0014766080379486084
1785290829.0700054,0.0,0.0,0.0014583359956741333
1785290829.0718644,0.0,0.0,0.0014827840328216553
1785290829.0744612,0.0,0.0,0.002220191955566406
1785290829.076378,0.0,0.0,0.0015176000595092773
1785290829.0782,0.0,0.0,0.0014498239755630492
1785290829.0800407,0.0,0.0,0.0014594240188598633
1785290829.081864,0.0,0.0,0.0014524799585342407
1785290829.083697,0.0,0.0,0.0014687039852142334
1785290829.0855253,0.0,0.0,0.0014557759761810302
1785290829.0873876,0.0,0.0,0.0014901759624481202
1785290829.0892239,0.0,0.0,0.0014480960369110108
1785290829.0910485,0.0,0.0,0.0014466559886932373
1785290829.092885,0.0,0.0,0.0014362239837646484
1785290829.0946884,0.0,0.0,0.0014347519874572754
1785290829.0965145,0.0,0.0,0.0014560320377349854
1785290829.098328,0.0,0.0,0.0014415040016174316
1785290829.1001449,0.0,0.0,0.0014514880180358887
1785290829.1019447,0.0,0.0,0.001431328058242798
1785290829.1038082,0.0,0.0,0.0014922879934310912
1785290829.1056046,0.0,0.0,0.0014225599765777589
1785290829.1074426,0.0,0.0,0.0014709759950637818
1785290829.1092558,0.0,0.0,0.0014471039772033692
1785290829.1110775,0.0,0.0,0.0014549119472503662
1785290829.1129174,0.0,0.0,0.0014462080001831055
1785290829.1147332,0.0,0.0,0.0014428800344467162
1785290829.1165977,0.0,0.0,0.0014609600305557251
1785290829.1184137,0.0,0.0,0.001440832018852234
1785290829.1202369,0.0,0.0,0.0014552960395812988
1785290829.1220543,0.0,0.0,0.0014466240406036377
1785290829.1239035,0.0,0.0,0.0014858880043029784
1785290829.1257436,0.0,0.0,0.0014583040475845336
1785290829.1276155,0.0,0.0,0.0014921599626541138
1785290829.1301463,0.0,0.0,0.002149375915527344
1785290829.132027,0.0,0.0,0.0014932160377502442
1785290829.1338575,0.0,0.0,0.0014538240432739257
1785290829.1357021,0.0,0.0,0.0014673919677734375
1785290829.1375449,0.0,0.0,0.0014501440525054932
1785290829.139399,0.0,0.0,0.0014812480211257935
1785290829.1412146,0.0,0.0,0.001446560025215149
1785290829.1430302,0.0,0.0,0.001445888042449951
1785290829.1448789,0.0,0.0,0.001453727960586548
1785290829.1466987,0.0,0.0,0.001451840043067932
1785290829.148548,0.0,0.0,0.0014821120500564575
1785290829.1503427,0.0,0.0,0.0014228479862213135
1785290829.1521857,0.0,0.0,0.0014779839515686034
1785290829.1540236,0.0,0.0,0.0014497599601745606
1785290829.1558516,0.0,0.0,0.0014569920301437378
1785290829.1576679,0.0,0.0,0.001450368046760559
1785290829.1594977,0.0,0.0,0.001460319995880127
1785290829.161309,0.0,0.0,0.001440000057220459
1785290829.1631305,0.0,0.0,0.0014520000219345093
1785290829.1649542,0.0,0.0,0.001449887990951538
1785290829.1667817,0.0,0.0,0.0014539200067520141
1785290829.168624,0.0,0.0,0.0014518719911575317
1785290829.1704392,0.0,0.0,0.0014411519765853882
1785290829.1722956,0.0,0.0,0.0014837440252304078
1785290829.174123,0.0,0.0,0.0014529919624328613
1785290829.1759505,0.0,0.0,0.0014561599493026734
1785290829.1777518,0.0,0.0,0.0014318720102310181
1785290829.1796198,0.0,0.0,0.0014960319995880127
1785290829.1814532,0.0,0.0,0.0014500479698181152
1785290829.1833344,0.0,0.0,0.001487231969833374
1785290829.1858428,0.0,0.0,0.0014752320051193237
1785290829.1877058,0.0,0.0,0.001483456015586853
1785290829.189518,0.0,0.0,0.0014390079975128173
1785290829.1913428,0.0,0.0,0.0014570239782333374
1785290829.1931474,0.0,0.0,0.0014332159757614136
1785290829.1949387,0.0,0.0,0.001420799970626831
1785290829.196775,0.0,0.0,0.0014416639804840088
1785290829.1985853,0.0,0.0,0.0014383360147476197
1785290829.2004209,0.0,0.0,0.0014683840274810791
1785290829.2022195,0.0,0.0,0.0014216320514678954
1785290829.2040563,0.0,0.0,0.0014661120176315307
1785290829.2058935,0.0,0.0,0.001466528058052063
1785290829.207736,0.0,0.0,0.0014716800451278686
1785290829.2095962,0.0,0.0,0.0014807360172271729
1785290829.2114415,0.0,0.0,0.0014767040014266968
1785290829.2132506,0.0,0.0,0.0014355520009994506
1785290829.215048,0.0,0.0,0.0014367680549621582
1785290829.216897,0.0,0.0,0.0014589120149612427
1785290829.2186956,0.0,0.0,0.00143231999874115
1785290829.2205312,0.0,0.0,0.0014633280038833618
1785290829.222363,0.0,0.0,0.001459488034248352
1785290829.224189,0.0,0.0,0.001459391951560974
1785290829.226041,0.0,0.0,0.001465567946434021
1785290829.2278621,0.0,0.0,0.001446176052093506
1785290829.2297451,0.0,0.0,0.0014810240268707275
1785290829.2315943,0.0,0.0,0.0014642560482025146
1785290829.2333999,0.0,0.0,0.00143612802028656
1785290829.2352688,0.0,0.0,0.0014965440034866333
1785290829.2370906,0.0,0.0,0.0014384959936141967
1785290829.2395935,0.0,0.0,0.0021163840293884277
1785290829.2414787,0.0,0.0,0.0014814399480819701
1785290829.2433457,0.0,0.0,0.0014916160106658936
1785290829.2451637,0.0,0.0,0.0014425920248031616
1785290829.2469578,0.0,0.0,0.0014300160408020019
1785290829.2488084,0.0,0.0,0.0014479680061340332
1785290829.2506127,0.0,0.0,0.0014252159595489501
1785290829.252457,0.0,0.0,0.0014753279685974121
1785290829.2542856,0.0,0.0,0.0014531519412994385
1785290829.25613,0.0,0.0,0.0014780160188674926
1785290829.2579434,0.0,0.0,0.0014449599981307983
1785290829.2597816,0.0,0.0,0.0014686399698257446
1785290829.2616029,0.0,0.0,0.0014503999948501586
1785290829.2634575,0.0,0.0,0.0014720959663391112
1785290829.2652655,0.0,0.0,0.001436735987663269
1785290829.2670765,0.0,0.0,0.0014416320323944092
1785290829.2689078,0.0,0.0,0.001437600016593933
1785290829.2707324,0.0,0.0,0.001453727960586548
1785290829.2725823,0.0,0.0,0.001475872039794922
1785290829.274393,0.0,0.0,0.001440384030342102
1785290829.2762496,0.0,0.0,0.001488095998764038
1785290829.278073,0.0,0.0,0.0014368319511413575
1785290829.2799313,0.0,0.0,0.0014852479696273804
1785290829.2817569,0.0,0.0,0.0014511040449142457
1785290829.2835948,0.0,0.0,0.001470687985420227
1785290829.2854047,0.0,0.0,0.0014433599710464479
1785290829.2872272,0.0,0.0,0.0014548799991607666
1785290829.2890477,0.0,0.0,0.0014494719505310058
1785290829.2908757,0.0,0.0,0.0014493119716644286
1785290829.2927206,0.0,0.0,0.0014513920545578003
1785290829.295247,0.0,0.0,0.0021432640552520752
1785290829.2971215,0.0,0.0,0.0014840320348739624
1785290829.298939,0.0,0.0,0.0014405759572982788
1785290829.3007889,0.0,0.0,0.0014499839544296264
1785290829.3026032,0.0,0.0,0.0014444799423217773
1785290829.3044686,0.0,0.0,0.001492959976196289
1785290829.3062868,0.0,0.0,0.0014364479780197145
1785290829.308116,0.0,0.0,0.0014626879692077636
1785290829.3099277,0.0,0.0,0.0014368959665298463
1785290829.3117595,0.0,0.0,0.0014624639749526978
1785290829.3135867,0.0,0.0,0.0014550080299377442
1785290829.3154256,0.0,0.0,0.001469823956489563
1785290829.31726,0.0,0.0,0.0014635839462280274
1785290829.3190837,0.0,0.0,0.0014574400186538696
1785290829.3209252,0.0,0.0,0.0014549440145492554
1785290829.3227482,0.0,0.0,0.0014582079648971557
1785290829.324595,0.0,0.0,0.0014591039419174195
1785290829.326435,0.0,0.0,0.0014464960098266601
1785290829.3282802,0.0,0.0,0.001473855972290039
1785290829.3301017,0.0,0.0,0.0014496959447860718
1785290829.3319578,0.0,0.0,0.0014807039499282837
1785290829.333774,0.0,0.0,0.0014454400539398193
1785290829.3356133,0.0,0.0,0.0014698879718780518
1785290829.337432,0.0,0.0,0.0014490879774093628
1785290829.3392737,0.0,0.0,0.001474560022354126
1785290829.3410923,0.0,0.0,0.0014281280040740966
1785290829.3429074,0.0,0.0,0.0014394240379333495
1785290829.344733,0.0,0.0,0.001438464045524597
1785290829.3465748,0.0,0.0,0.0014610879421234132
1785290829.3484323,0.0,0.0,0.001481600046157837
1785290829.3510103,0.0,0.0,0.00219651198387146
1785290829.3529003,0.0,0.0,0.0014667199850082397
1785290829.3547204,0.0,0.0,0.0014407039880752564
1785290829.3565724,0.0,0.0,0.0014767999649047852
1785290829.35843,0.0,0.0,0.0014820480346679687
1785290829.3602796,0.0,0.0,0.0014757119417190552
1785290829.362095,0.0,0.0,0.0014411519765853882
1785290829.3639472,0.0,0.0,0.0014799040555953978
1785290829.3657577,0.0,0.0,0.0014389760494232177
1785290829.367585,0.0,0.0,0.0014582719802856445
1785290829.3694026,0.0,0.0,0.0014510079622268677
1785290829.3712335,0.0,0.0,0.0014593600034713745
1785290829.3730903,0.0,0.0,0.0014678720235824585
1785290829.3749068,0.0,0.0,0.0014497599601745606
1785290829.3767743,0.0,0.0,0.0014567680358886718
1785290829.378583,0.0,0.0,0.0014494400024414062
1785290829.380419,0.0,0.0,0.001472480058670044
1785290829.3822315,0.0,0.0,0.0014388480186462403
1785290829.3840675,0.0,0.0,0.0014664000272750855
1785290829.385874,0.0,0.0,0.001431615948677063
1785290829.3877206,0.0,0.0,0.0014805120229721069
1785290829.3895435,0.0,0.0,0.001453760027885437
1785290829.3913846,0.0,0.0,0.0014651839733123779
1785290829.3931873,0.0,0.0,0.001433184027671814
1785290829.3950121,0.0,0.0,0.0014553920030593872
1785290829.3968465,0.0,0.0,0.0014399039745330812
1785290829.3986566,0.0,0.0,0.001438271999359131
1785290829.4005172,0.0,0.0,0.0014821759462356567
1785290829.402354,0.0,0.0,0.0014570239782333374
1785290829.404203,0.0,0.0,0.0014805760383605957
1785290829.4066885,0.0,0.0,0.0014856959581375122
1785290829.4085534,0.0,0.0,0.0014848320484161378
1785290829.4103687,0.0,0.0,0.0014428800344467162
1785290829.4122012,0.0,0.0,0.0014658559560775757
1785290829.4140406,0.0,0.0,0.001466879963874817
1785290829.4158695,0.0,0.0,0.0014490560293197632
1785290829.4176958,0.0,0.0,0.0014463679790496825
1785290829.4195602,0.0,0.0,0.0014928640127182006
1785290829.4214094,0.0,0.0,0.0014657599925994873
1785290829.4232786,0.0,0.0,0.0014967999458312987
1785290829.425081,0.0,0.0,0.0014362239837646484
1785290829.4268968,0.0,0.0,0.0014416639804840088
1785290829.428732,0.0,0.0,0.001444767951965332
1785290829.4305563,0.0,0.0,0.0014555519819259644
1785290829.4324005,0.0,0.0,0.0014733120203018189
1785290829.4342165,0.0,0.0,0.001446303963661194
1785290829.4360647,0.0,0.0,0.0014808319807052613
1785290829.4379165,0.0,0.0,0.0014488320350646972
1785290829.439767,0.0,0.0,0.0014760960340499877
1785290829.4415994,0.0,0.0,0.0014613120555877685
1785290829.4434476,0.0,0.0,0.0014780479669570922
1785290829.4452364,0.0,0.0,0.0014229120016098023
1785290829.4470296,0.0,0.0,0.001426144003868103
1785290829.4488435,0.0,0.0,0.0014190399646759034
1785290829.4506383,0.0,0.0,0.0014272960424423218
1785290829.4524658,0.0,0.0,0.0014592319726943969
1785290829.4543242,0.0,0.0,0.0014684159755706788
1785290829.456208,0.0,0.0,0.001513535976409912
1785290829.458046,0.0,0.0,0.0014575680494308472
1785290829.460571,0.0,0.0,0.0021508479118347167
1785290829.462446,0.0,0.0,0.0014814399480819701
1785290829.4642963,0.0,0.0,0.0014744640588760375
1785290829.4660988,0.0,0.0,0.00143231999874115
1785290829.4679484,0.0,0.0,0.001458016037940979
1785290829.4697583,0.0,0.0,0.0014411840438842774
1785290829.471595,0.0,0.0,0.0014668480157852173
1785290829.4734225,0.0,0.0,0.0014553920030593872
1785290829.4752674,0.0,0.0,0.0014740480184555053
1785290829.4770973,0.0,0.0,0.0014639040231704712
1785290829.478892,0.0,0.0,0.0014284800291061402
1785290829.4807525,0.0,0.0,0.0014662719964981079
1785290829.4825683,0.0,0.0,0.0014440319538116455
1785290829.4844365,0.0,0.0,0.0015004160404205322
1785290829.486259,0.0,0.0,0.0014517439603805543
1785290829.4881158,0.0,0.0,0.001487391948699951
1785290829.4899178,0.0,0.0,0.0014355520009994506
1785290829.4917724,0.0,0.0,0.0014661439657211303
1785290829.4936008,0.0,0.0,0.0014451520442962647
1785290829.495484,0.0,0.0,0.001507904052734375
1785290829.497311,0.0,0.0,0.0014530880451202393
1785290829.4991517,0.0,0.0,0.0014694080352783204
1785290829.500976,0.0,0.0,0.001459679961204529
1785290829.5027695,0.0,0.0,0.0014268159866333008
1785290829.5045903,0.0,0.0,0.001440224051475525
1785290829.5063984,0.0,0.0,0.0014376319646835327
1785290829.5082338,0.0,0.0,0.0014689600467681886
1785290829.5100358,0.0,0.0,0.0014324480295181275
1785290829.5119011,0.0,0.0,0.0014731839895248413
1785290829.5137393,0.0,0.0,0.0014605760574340821
1785290829.5162623,0.0,0.0,0.0021527040004730223
1785290829.5181365,0.0,0.0,0.0014804799556732177
1785290829.5200167,0.0,0.0,0.0015041600465774535
1785290829.5218601,0.0,0.0,0.001462272047996521
1785290829.5237308,0.0,0.0,0.0014808000326156617
1785290829.5255432,0.0,0.0,0.0014378559589385987
1785290829.527365,0.0,0.0,0.0014558080434799194
1785290829.5291746,0.0,0.0,0.0014425280094146728
1785290829.5309758,0.0,0.0,0.0014400639533996582
1785290829.5328007,0.0,0.0,0.0014341119527816772
1785290829.534597,0.0,0.0,0.0014329919815063478
1785290829.5364144,0.0,0.0,0.001453279972076416
1785290829.5382254,0.0,0.0,0.0014481920003890992
1785290829.5400577,0.0,0.0,0.001467967987060547
1785290829.5418901,0.0,0.0,0.0014615360498428345
1785290829.5437322,0.0,0.0,0.00147433602809906
1785290829.5455365,0.0,0.0,0.0014424959421157836
1785290829.5473585,0.0,0.0,0.0014589760303497315
1785290829.5491595,0.0,0.0,0.00143779194355011
1785290829.5509422,0.0,0.0,0.0014234240055084229
1785290829.5527909,0.0,0.0,0.0014600000381469727
1785290829.5545974,0.0,0.0,0.0014431359767913818
1785290829.5564406,0.0,0.0,0.0014805120229721069
1785290829.5582538,0.0,0.0,0.0014313600063323975
1785290829.5601048,0.0,0.0,0.001464352011680603
1785290829.561894,0.0,0.0,0.0014237760305404663
1785290829.5637045,0.0,0.0,0.0014465919733047485
1785290829.565527,0.0,0.0,0.00145523202419281
1785290829.5673766,0.0,0.0,0.0014762879610061646
1785290829.5691702,0.0,0.0,0.0014186880588531493
1785290829.5717435,0.0,0.0,0.0022001919746398924
1785290829.5735867,0.0,0.0,0.0014468159675598146
1785290829.575456,0.0,0.0,0.0014960960149765015
1785290829.577251,0.0,0.0,0.0014289920330047608
1785290829.5790572,0.0,0.0,0.001441472053527832
1785290829.5809205,0.0,0.0,0.0014631999731063842
1785290829.582714,0.0,0.0,0.0014296640157699585
1785290829.5845537,0.0,0.0,0.0014736640453338623
1785290829.5863624,0.0,0.0,0.001443071961402893
1785290829.5881872,0.0,0.0,0.001452831983566284
1785290829.590012,0.0,0.0,0.0014538559913635253
1785290829.591836,0.0,0.0,0.0014551039934158326
1785290829.5936437,0.0,0.0,0.0014381439685821533
1785290829.5954745,0.0,0.0,0.0014650880098342897
1785290829.5972762,0.0,0.0,0.0014351680278778076
1785290829.5991209,0.0,0.0,0.0014513280391693115
1785290829.600975,0.0,0.0,0.0014616639614105224
1785290829.6027966,0.0,0.0,0.0014521600008010865
1785290829.6046398,0.0,0.0,0.0014553600549697876
1785290829.606452,0.0,0.0,0.0014421759843826294
1785290829.6082816,0.0,0.0,0.001461408019065857
1785290829.6101055,0.0,0.0,0.0014553920030593872
1785290829.6119335,0.0,0.0,0.0014557119607925416
1785290829.6137278,0.0,0.0,0.0014295040369033815
1785290829.6155756,0.0,0.0,0.0014690560102462768
1785290829.6173875,0.0,0.0,0.0014445760250091553
1785290829.6192245,0.0,0.0,0.0014706239700317382
1785290829.6210632,0.0,0.0,0.001464128017425537
1785290829.6228936,0.0,0.0,0.0014518719911575317
1785290829.6247563,0.0,0.0,0.001464735984802246
1785290829.6273544,0.0,0.0,0.0015303679704666137
1785290829.629201,0.0,0.0,0.0014582719802856445
1785290829.6310332,0.0,0.0,0.0014676159620285033
1785290829.632869,0.0,0.0,0.0014456640481948853
1785290829.634679,0.0,0.0,0.0014415680170059204
1785290829.6365342,0.0,0.0,0.0014836159944534302
1785290829.6383538,0.0,0.0,0.0014502719640731813
1785290829.6402042,0.0,0.0,0.0014895999431610108
1785290829.6420324,0.0,0.0,0.0014530880451202393
1785290829.6438615,0.0,0.0,0.0014614720344543457
1785290829.6456752,0.0,0.0,0.0014407360553741456
1785290829.6475215,0.0,0.0,0.0014830080270767211
1785290829.6493435,0.0,0.0,0.0014519360065460205
1785290829.6511898,0.0,0.0,0.0014779200553894042
1785290829.6530375,0.0,0.0,0.0014697920083999634
1785290829.6548722,0.0,0.0,0.0014712640047073364
1785290829.6567183,0.0,0.0,0.0014616960287094115
1785290829.658543,0.0,0.0,0.0014505280256271362
1785290829.6604042,0.0,0.0,0.00149344003200531
1785290829.6622195,0.0,0.0,0.0014462080001831055
1785290829.6640441,0.0,0.0,0.0014620480537414552
1785290829.6658528,0.0,0.0,0.0014461120367050171
1785290829.6676764,0.0,0.0,0.0014603840112686157
1785290829.6695051,0.0,0.0,0.0014600960016250611
1785290829.6713324,0.0,0.0,0.0014636800289154052
1785290829.6731377,0.0,0.0,0.0014393919706344605
1785290829.6750054,0.0,0.0,0.001450368046760559
1785290829.6768935,0.0,0.0,0.001484544038772583
1785290829.6787171,0.0,0.0,0.001449023962020874
1785290829.6812682,0.0,0.0,0.0021751039028167726
1785290829.6831663,0.0,0.0,0.0014975359439849854
1785290829.6849952,0.0,0.0,0.0014515199661254883
1785290829.6867926,0.0,0.0,0.001430400013923645
1785290829.6886322,0.0,0.0,0.001448639988899231
1785290829.690462,0.0,0.0,0.0014572800397872924
1785290829.6923258,0.0,0.0,0.0014917440414428712
1785290829.694141,0.0,0.0,0.0014477119445800782
1785290829.6959937,0.0,0.0,0.0014835200309753418
1785290829.6978054,0.0,0.0,0.00143887996673584
1785290829.699687,0.0,0.0,0.0014939199686050415
1785290829.7014992,0.0,0.0,0.0014427520036697388
1785290829.703336,0.0,0.0,0.0014704320430755616
1785290829.7051513,0.0,0.0,0.0014398720264434815
1785290829.7069654,0.0,0.0,0.0014496320486068726
1785290829.7087946,0.0,0.0,0.0014410879611968994
1785290829.7105854,0.0,0.0,0.00142249596118927
1785290829.712394,0.0,0.0,0.0014461439847946167
1785290829.714211,0.0,0.0,0.0014367680549621582
1785290829.7160358,0.0,0.0,0.0014602880477905273
1785290829.7178283,0.0,0.0,0.0014229439496994019
1785290829.7196507,0.0,0.0,0.0014642239809036254
1785290829.7214687,0.0,0.0,0.0014488639831542968
1785290829.7232926,0.0,0.0,0.0014583040475845336
1785290829.725112,0.0,0.0,0.0014519360065460205
1785290829.7269182,0.0,0.0,0.0014407680034637452
1785290829.7287452,0.0,0.0,0.0014364800453186034
1785290829.7305532,0.0,0.0,0.0014397120475769043
1785290829.732424,0.0,0.0,0.0014982080459594726
1785290829.7342517,0.0,0.0,0.0014533439874649047
1785290829.7367764,0.0,0.0,0.0021488640308380126
1785290829.7386436,0.0,0.0,0.0014689600467681886
1785290829.7405097,0.0,0.0,0.0014922560453414916
1785290829.7423227,0.0,0.0,0.0014380160570144653
1785290829.7441788,0.0,0.0,0.001484287977218628
1785290829.7460089,0.0,0.0,0.0014536319971084595
1785290829.7478836,0.0,0.0,0.0014758399724960328
1785290829.7497134,0.0,0.0,0.0014583040475845336
1785290829.7516007,0.0,0.0,0.0014954559803009033
1785290829.7534206,0.0,0.0,0.0014496639966964722
1785290829.7552419,0.0,0.0,0.0014572479724884032
1785290829.7570555,0.0,0.0,0.0014455039501190185
1785290829.7589135,0.0,0.0,0.0014459199905395507
1785290829.76074,0.0,0.0,0.0014347200393676758
1785290829.7625353,0.0,0.0,0.001432096004486084
1785290829.764367,0.0,0.0,0.0014671679735183715
1785290829.7661858,0.0,0.0,0.0014502719640731813
1785290829.7680075,0.0,0.0,0.0014535360336303711
1785290829.7698238,0.0,0.0,0.0014494400024414062
1785290829.7716632,0.0,0.0,0.0014746559858322143
1785290829.7734916,0.0,0.0,0.0014597120285034179
1785290829.7753139,0.0,0.0,0.0014590719938278199
1785290829.7771258,0.0,0.0,0.0014440959692001343
1785290829.7789214,0.0,0.0,0.0014338239431381226
1785290829.7807372,0.0,0.0,0.0014262080192565918
1785290829.7825387,0.0,0.0,0.0014307199716567993
1785290829.7843697,0.0,0.0,0.0014629759788513184
1785290829.786189,0.0,0.0,0.0014502400159835816
1785290829.7880628,0.0,0.0,0.0014973440170288085
1785290829.7899044,0.0,0.0,0.0014613759517669678
1785290829.7924542,0.0,0.0,0.0021733119487762453
1785290829.7943141,0.0,0.0,0.0014625920057296754
1785290829.7962005,0.0,0.0,0.0015055040121078492
1785290829.7980325,0.0,0.0,0.0014522240161895753
1785290829.799864,0.0,0.0,0.0014598079919815063
1785290829.8016837,0.0,0.0,0.001447775959968567
1785290829.803525,0.0,0.0,0.0014762879610061646
1785290829.8053496,0.0,0.0,0.0014582400321960448
1785290829.8072069,0.0,0.0,0.0014883519411087035
1785290829.8090193,0.0,0.0,0.0014403200149536134
1785290829.8108344,0.0,0.0,0.0014499520063400268
1785290829.812672,0.0,0.0,0.0014517439603805543
1785290829.8144643,0.0,0.0,0.0014195840358734132
1785290829.8162994,0.0,0.0,0.0014687360525131225
1785290829.8181183,0.0,0.0,0.0014530880451202393
1785290829.8199346,0.0,0.0,0.001446463942527771
1785290829.8217442,0.0,0.0,0.001440127968788147
1785290829.8235743,0.0,0.0,0.0014582400321960448
1785290829.825382,0.0,0.0,0.001441696047782898
1785290829.8272696,0.0,0.0,0.0015115519762039183
1785290829.8291802,0.0,0.0,0.001498047947883606
1785290829.831057,0.0,0.0,0.0014861119985580444
1785290829.832992,0.0,0.0,0.0015057920217514038
1785290829.8348672,0.0,0.0,0.001480064034461975
1785290829.836795,0.0,0.0,0.001511039972305298
1785290829.8386483,0.0,0.0,0.0014557119607925416
1785290829.8406053,0.0,0.0,0.0015624639987945556
1785290829.8425603,0.0,0.0,0.0015183039903640747
1785290829.8444731,0.0,0.0,0.001514847993850708
1785290829.846314,0.0,0.0,0.001457919955253601
1785290829.8492699,0.0,0.0,0.0015301120281219483
1785290829.8511362,0.0,0.0,0.001481376051902771
1785290829.8529544,0.0,0.0,0.0014449280500411987
1785290829.8547902,0.0,0.0,0.0014667840003967285
1785290829.856646,0.0,0.0,0.0014633920192718506
1785290829.8584633,0.0,0.0,0.001452831983566284
1785290829.8603048,0.0,0.0,0.0014718400239944458
1785290829.8621478,0.0,0.0,0.0014734079837799073
1785290829.863984,0.0,0.0,0.0014687680006027222
1785290829.8657894,0.0,0.0,0.0014359040260314942
1785290829.8676429,0.0,0.0,0.0014691519737243652
1785290829.8694315,0.0,0.0,0.0014203840494155884
1785290829.8712957,0.0,0.0,0.0014980159997940064
1785290829.8731189,0.0,0.0,0.0014477440118789674
1785290829.8749511,0.0,0.0,0.0014563519954681396
1785290829.8767767,0.0,0.0,0.0014426560401916504
1785290829.8786075,0.0,0.0,0.0014630719423294068
1785290829.8804455,0.0,0.0,0.0014700160026550294
1785290829.8822658,0.0,0.0,0.0014534399509429931
1785290829.8840976,0.0,0.0,0.0014691519737243652
1785290829.8859046,0.0,0.0,0.0014380799531936645
1785290829.887771,0.0,0.0,0.0014978879690170288
1785290829.88964,0.0,0.0,0.0014663360118865967
1785290829.8914607,0.0,0.0,0.0014468159675598146
1785290829.8932855,0.0,0.0,0.0014541440010070801
1785290829.8951437,0.0,0.0,0.0014837440252304078
1785290829.8969786,0.0,0.0,0.0014611200094223023
1785290829.8988085,0.0,0.0,0.0014482879638671876
1785290829.9006686,0.0,0.0,0.0014720319509506227
1785290829.9033585,0.0,0.0,0.0023158719539642333
1785290829.9052444,0.0,0.0,0.0014835519790649414
1785290829.9070735,0.0,0.0,0.0014494080543518066
1785290829.9089074,0.0,0.0,0.001442944049835205
1785290829.910722,0.0,0.0,0.0014444479942321777
1785290829.9126053,0.0,0.0,0.0015174720287322997
1785290829.9144351,0.0,0.0,0.0014546560049057008
1785290829.916295,0.0,0.0,0.0014838080406188966
1785290829.9181142,0.0,0.0,0.001452895998954773
1785290829.919948,0.0,0.0,0.0014683200120925903
1785290829.921788,0.0,0.0,0.0014715839624404906
1785290829.9236321,0.0,0.0,0.0014730880260467529
1785290829.925441,0.0,0.0,0.0014404159784317016
1785290829.9272697,0.0,0.0,0.0014645440578460694
1785290829.929109,0.0,0.0,0.0014702399969100952
1785290829.9308963,0.0,0.0,0.0014225599765777589
1785290829.9327462,0.0,0.0,0.0014622080326080322
1785290829.9345477,0.0,0.0,0.0014358079433441162
1785290829.9364321,0.0,0.0,0.0015151679515838623
1785290829.9383845,0.0,0.0,0.0015232000350952149
1785290829.9402695,0.0,0.0,0.0014929920434951782
1785290829.9420962,0.0,0.0,0.001444767951965332
1785290829.9440136,0.0,0.0,0.0014816639423370361
1785290829.945847,0.0,0.0,0.0014568320512771606
1785290829.947703,0.0,0.0,0.00148854398727417
1785290829.9495382,0.0,0.0,0.0014576640129089356
1785290829.9513733,0.0,0.0,0.0014627200365066528
1785290829.9532428,0.0,0.0,0.0014889600276947021
1785290829.9551237,0.0,0.0,0.0014694720506668092
1785290829.9569752,0.0,0.0,0.0014707839488983154
1785290829.9597118,0.0,0.0,0.0015522559881210327
1785290829.9615595,0.0,0.0,0.001464576005935669
1785290829.9634266,0.0,0.0,0.0014902720451354982
1785290829.9652596,0.0,0.0,0.0014534720182418823
1785290829.9670882,0.0,0.0,0.0014608319997787475
1785290829.968919,0.0,0.0,0.0014315520524978637
1785290829.97073,0.0,0.0,0.0014351999759674072
1785290829.9725726,0.0,0.0,0.001476639986038208
1785290829.9743695,0.0,0.0,0.0014309760332107545
1785290829.9762073,0.0,0.0,0.00146835196018219
1785290829.9780338,0.0,0.0,0.001457311987876892
1785290829.9798746,0.0,0.0,0.001471168041229248
1785290829.9817045,0.0,0.0,0.0014553279876708984
1785290829.983562,0.0,0.0,0.0014759999513626098
1785290829.9853702,0.0,0.0,0.0014399360418319701
1785290829.9872205,0.0,0.0,0.0014774080514907838
1785290829.9890354,0.0,0.0,0.0014440000057220459
1785290829.990852,0.0,0.0,0.001450368046760559
1785290829.992699,0.0,0.0,0.0014609919786453247
1785290829.9945056,0.0,0.0,0.0014360640048980712
1785290829.9963372,0.0,0.0,0.0014607679843902587
1785290829.9981394,0.0,0.0,0.001434559941291809
1785290829.9999893,0.0,0.0,0.0014833279848098756
1785290830.0018005,0.0,0.0,0.0014360959529876708
1785290830.0036335,0.0,0.0,0.0014583040475845336
1785290830.005443,0.0,0.0,0.0014394880533218383
1785290830.007263,0.0,0.0,0.0014540159702301025
1785290830.009089,0.0,0.0,0.0014600960016250611
1785290830.010961,0.0,0.0,0.0014837119579315186
1785290830.013644,0.0,0.0,0.002278592109680176
1785290830.0155466,0.0,0.0,0.0015035840272903443
1785290830.0173826,0.0,0.0,0.0014574719667434692
1785290830.0192082,0.0,0.0,0.0014573440551757812
1785290830.0210385,0.0,0.0,0.0014566400051116944
1785290830.0228817,0.0,0.0,0.0014607679843902587
1785290830.02472,0.0,0.0,0.0014504319429397582
1785290830.0265343,0.0,0.0,0.001445312023162842
1785290830.0283875,0.0,0.0,0.0014884480237960815
1785290830.0301912,0.0,0.0,0.0014327360391616821
1785290830.0320206,0.0,0.0,0.0014644479751586914
1785290830.0338469,0.0,0.0,0.001440384030342102
1785290830.0356677,0.0,0.0,0.0014526400566101075
1785290830.0374894,0.0,0.0,0.001448896050453186
1785290830.0393472,0.0,0.0,0.001483456015586853
1785290830.0411725,0.0,0.0,0.0014534080028533935
1785290830.042973,0.0,0.0,0.0014353920221328736
1785290830.0447943,0.0,0.0,0.0014318720102310181
1785290830.046606,0.0,0.0,0.001448032021522522
1785290830.0484383,0.0,0.0,0.001468575954437256
1785290830.050251,0.0,0.0,0.0014442880153656007
1785290830.052079,0.0,0.0,0.0014644800424575806
1785290830.053901,0.0,0.0,0.0014517439603805543
1785290830.055743,0.0,0.0,0.0014730559587478637
1785290830.0575356,0.0,0.0,0.0014282560348510742
1785290830.0593987,0.0,0.0,0.0014827519655227662
1785290830.0612164,0.0,0.0,0.0014474560022354126
1785290830.0630221,0.0,0.0,0.001434880018234253
1785290830.0648904,0.0,0.0,0.0014664000272750855
1785290830.066714,0.0,0.0,0.0014556159973144532
1785290830.0692852,0.0,0.0,0.0021967039108276368
1785290830.071185,0.0,0.0,0.0015041279792785646
1785290830.0730233,0.0,0.0,0.0014545279741287232
1785290830.074836,0.0,0.0,0.0014438400268554689
1785290830.0766828,0.0,0.0,0.0014561920166015626
1785290830.0784934,0.0,0.0,0.0014401600360870361
1785290830.0803404,0.0,0.0,0.001462399959564209
1785290830.0821524,0.0,0.0,0.0014440319538116455
1785290830.0839918,0.0,0.0,0.0014716479778289794
1785290830.085816,0.0,0.0,0.0014561280012130738
1785290830.087633,0.0,0.0,0.0014527679681777953
1785290830.08943,0.0,0.0,0.0014312000274658203
1785290830.0912714,0.0,0.0,0.0014708800315856934
1785290830.093099,0.0,0.0,0.0014569920301437378
1785290830.09491,0.0,0.0,0.0014397759437561036
1785290830.0967731,0.0,0.0,0.0014587199687957763
1785290830.0985847,0.0,0.0,0.0014420479536056518
1785290830.1004255,0.0,0.0,0.001473952054977417
1785290830.1022496,0.0,0.0,0.0014529600143432617
1785290830.1040664,0.0,0.0,0.0014495359659194946
1785290830.1058877,0.0,0.0,0.0014517120122909547
1785290830.1077356,0.0,0.0,0.0014774399995803834
1785290830.109546,0.0,0.0,0.0014378559589385987
1785290830.1113806,0.0,0.0,0.0014681600332260131
1785290830.1132047,0.0,0.0,0.0014531519412994385
1785290830.1150095,0.0,0.0,0.0014434560537338256
1785290830.1168518,0.0,0.0,0.0014520959854125977
1785290830.1186814,0.0,0.0,0.0014634239673614502
1785290830.120551,0.0,0.0,0.0014947839975357055
1785290830.1223693,0.0,0.0,0.0014485119581222534
1785290830.1249218,0.0,0.0,0.002180095911026001
1785290830.1267586,0.0,0.0,0.0014422719478607178
1785290830.1286113,0.0,0.0,0.0014607360363006591
1785290830.130416,0.0,0.0,0.001435871958732605
1785290830.1322742,0.0,0.0,0.0014878400564193725
1785290830.1340873,0.0,0.0,0.0014399679899215697
1785290830.1359453,0.0,0.0,0.0014709440469741822
1785290830.1377623,0.0,0.0,0.0014476159811019898
1785290830.13959,0.0,0.0,0.001457919955253601
1785290830.1413984,0.0,0.0,0.00143887996673584
1785290830.1432302,0.0,0.0,0.0014595520496368409
1785290830.145048,0.0,0.0,0.0014438079595565797
1785290830.146859,0.0,0.0,0.0014453760385513305
1785290830.1487083,0.0,0.0,0.0014645440578460694
1785290830.1505425,0.0,0.0,0.0014608639478683471
1785290830.1523576,0.0,0.0,0.0014489599466323852
1785290830.1541767,0.0,0.0,0.001450592041015625
1785290830.1560137,0.0,0.0,0.0014755840301513671
1785290830.1578243,0.0,0.0,0.0014386240243911743
1785290830.1599338,0.0,0.0,0.001743615984916687
1785290830.1619365,0.0,0.0,0.0014778879880905152
1785290830.1637518,0.0,0.0,0.001440991997718811
1785290830.1655474,0.0,0.0,0.0014266560077667236
1785290830.1673903,0.0,0.0,0.0014757440090179443
1785290830.1692538,0.0,0.0,0.0014451839923858643
1785290830.1710682,0.0,0.0,0.001448639988899231
1785290830.1729093,0.0,0.0,0.001446079969406128
1785290830.174765,0.0,0.0,0.001471519947052002
1785290830.1766286,0.0,0.0,0.0014689919948577882
1785290830.1791856,0.0,0.0,0.002178976058959961
1785290830.1810744,0.0,0.0,0.0014867520332336427
1785290830.1828997,0.0,0.0,0.0014497599601745606
1785290830.1847315,0.0,0.0,0.0014396159648895263
1785290830.186525,0.0,0.0,0.0014326080083847045
1785290830.1883838,0.0,0.0,0.0014850879907608032
1785290830.190204,0.0,0.0,0.0014538240432739257
1785290830.1920726,0.0,0.0,0.001496832013130188
1785290830.1938934,0.0,0.0,0.0014477119445800782
1785290830.195734,0.0,0.0,0.0014694720506668092
1785290830.1975448,0.0,0.0,0.0014451839923858643
1785290830.1993854,0.0,0.0,0.0014698879718780518
1785290830.2012057,0.0,0.0,0.0014528000354766845
1785290830.2030346,0.0,0.0,0.0014663360118865967
1785290830.2048833,0.0,0.0,0.0014517439603805543
1785290830.2067184,0.0,0.0,0.001465440034866333
1785290830.208557,0.0,0.0,0.001473471999168396
1785290830.2103672,0.0,0.0,0.0014424320459365844
1785290830.2122245,0.0,0.0,0.0014694080352783204
1785290830.214033,0.0,0.0,0.0014404159784317016
1785290830.2158718,0.0,0.0,0.0014643199443817138
1785290830.217696,0.0,0.0,0.0014548799991607666
1785290830.219546,0.0,0.0,0.0014834879636764526
1785290830.2213597,0.0,0.0,0.001444640040397644
1785290830.2232044,0.0,0.0,0.0014589760303497315
1785290830.2250414,0.0,0.0,0.001464352011680603
1785290830.2268543,0.0,0.0,0.0014479039907455444
1785290830.2287107,0.0,0.0,0.0014621119499206544
1785290830.2305493,0.0,0.0,0.0014593280553817749
1785290830.2324002,0.0,0.0,0.001470047950744629
1785290830.2348826,0.0,0.0,0.0021060800552368166
1785290830.2367637,0.0,0.0,0.0014677120447158813
1785290830.2385874,0.0,0.0,0.001448256015777588
1785290830.2404318,0.0,0.0,0.001471519947052002
1785290830.2423372,0.0,0.0,0.001484768033027649
1785290830.2441778,0.0,0.0,0.0014648000001907348
1785290830.2459679,0.0,0.0,0.0014199680089950562
1785290830.2478156,0.0,0.0,0.0014773119688034058
1785290830.2496457,0.0,0.0,0.001462015986442566
1785290830.2514896,0.0,0.0,0.001476032018661499
1785290830.2533064,0.0,0.0,0.0014466559886932373
1785290830.2551308,0.0,0.0,0.0014580479860305787
1785290830.2569425,0.0,0.0,0.0014397120475769043
1785290830.2587543,0.0,0.0,0.0014430400133132934
1785290830.2605977,0.0,0.0,0.0014522880315780639
1785290830.2624223,0.0,0.0,0.0014513920545578003
1785290830.2642689,0.0,0.0,0.0014775680303573608
1785290830.2660656,0.0,0.0,0.0014262720346450806
1785290830.267895,0.0,0.0,0.0014701440334320068
1785290830.2697442,0.0,0.0,0.0014615999460220338
1785290830.2715778,0.0,0.0,0.0014706560373306274
1785290830.2733922,0.0,0.0,0.001445888042449951
1785290830.2752225,0.0,0.0,0.0014628479480743408
1785290830.2770278,0.0,0.0,0.0014384000301361085
1785290830.2788339,0.0,0.0,0.0014435199499130249
1785290830.2806559,0.0,0.0,0.0014341440200805664
1785290830.2824647,0.0,0.0,0.0014415680170059204
1785290830.284315,0.0,0.0,0.001483456015586853
1785290830.2861497,0.0,0.0,0.0014532159566879273
1785290830.2880027,0.0,0.0,0.0014652800559997558
1785290830.290491,0.0,0.0,0.0021090240478515627
1785290830.2923815,0.0,0.0,0.0014984320402145386
1785290830.2942078,0.0,0.0,0.0014531519412994385
1785290830.296068,0.0,0.0,0.0014821120500564575
1785290830.2979016,0.0,0.0,0.0014644800424575806
1785290830.29974,0.0,0.0,0.0014647680521011352
1785290830.3015625,0.0,0.0,0.0014494080543518066
1785290830.3034093,0.0,0.0,0.0014761600494384765
1785290830.3052382,0.0,0.0,0.0014504319429397582
1785290830.3070471,0.0,0.0,0.0014352320432662964
1785290830.3088999,0.0,0.0,0.0014584640264511109
1785290830.310709,0.0,0.0,0.0014381120204925537
1785290830.312562,0.0,0.0,0.0014861119985580444
1785290830.3143642,0.0,0.0,0.0014257279634475708
1785290830.316188,0.0,0.0,0.0014627840518951416
1785290830.3180108,0.0,0.0,0.0014402879476547242
1785290830.3198264,0.0,0.0,0.0014492160081863404
1785290830.3216364,0.0,0.0,0.0014456319808959961
1785290830.3234673,0.0,0.0,0.001461024045944214
1785290830.3253057,0.0,0.0,0.0014476159811019898
1785290830.327115,0.0,0.0,0.0014251199960708617
1785290830.3289247,0.0,0.0,0.001434880018234253
1785290830.3307266,0.0,0.0,0.0014351359605789184
1785290830.3325691,0.0,0.0,0.0014778560400009156
1785290830.334386,0.0,0.0,0.001441215991973877
1785290830.3362305,0.0,0.0,0.001474176049232483
1785290830.3380487,0.0,0.0,0.0014448640346527099
1785290830.3399053,0.0,0.0,0.0014839999675750732
1785290830.3417282,0.0,0.0,0.0014450880289077759
1785290830.3435638,0.0,0.0,0.0014622399806976318
1785290830.3460474,0.0,0.0,0.0015030399560928345
1785290830.3479276,0.0,0.0,0.001499616026878357
1785290830.3497548,0.0,0.0,0.001455456018447876
1785290830.3515882,0.0,0.0,0.0014631680250167846
1785290830.3534088,0.0,0.0,0.0014470720291137695
1785290830.3552496,0.0,0.0,0.001474784016609192
1785290830.3570826,0.0,0.0,0.0014602559804916381
1785290830.3588834,0.0,0.0,0.001433184027671814
1785290830.3607342,0.0,0.0,0.0014571839570999146
1785290830.3625531,0.0,0.0,0.0014462399482727051
1785290830.3643925,0.0,0.0,0.001473471999168396
1785290830.366216,0.0,0.0,0.001438688039779663
1785290830.368042,0.0,0.0,0.0014599039554595947
1785290830.3698344,0.0,0.0,0.0014268159866333008
1785290830.371681,0.0,0.0,0.0014801280498504639
1785290830.3735049,0.0,0.0,0.001456704020500183
1785290830.3753386,0.0,0.0,0.001466912031173706
1785290830.377149,0.0,0.0,0.0014383679628372193
1785290830.3789606,0.0,0.0,0.001442463994026184
1785290830.380798,0.0,0.0,0.0014527039527893067
1785290830.3826122,0.0,0.0,0.0014488320350646972
1785290830.3844547,0.0,0.0,0.001475391983985901
1785290830.386273,0.0,0.0,0.0014499520063400268
1785290830.3880994,0.0,0.0,0.001462496042251587
1785290830.3899007,0.0,0.0,0.0014362560510635376
1785290830.3917396,0.0,0.0,0.001472543954849243
1785290830.3935575,0.0,0.0,0.0014474560022354126
1785290830.3954074,0.0,0.0,0.0014761919975280762
1785290830.3972352,0.0,0.0,0.0014504319429397582
1785290830.3997495,0.0,0.0,0.0014643839597702026
1785290830.4016604,0.0,0.0,0.0015015679597854615
1785290830.4035242,0.0,0.0,0.0014868799448013305
1785290830.405355,0.0,0.0,0.0014550399780273438
1785290830.4072003,0.0,0.0,0.0014721280336380004
1785290830.4089897,0.0,0.0,0.0014215359687805176
1785290830.410799,0.0,0.0,0.0014380480051040649
1785290830.4126492,0.0,0.0,0.001443552017211914
1785290830.4144704,0.0,0.0,0.0014422399997711182
1785290830.4163008,0.0,0.0,0.0014660160541534425
1785290830.4181058,0.0,0.0,0.0014400639533996582
1785290830.419942,0.0,0.0,0.001473471999168396
1785290830.4217458,0.0,0.0,0.0014428800344467162
1785290830.423597,0.0,0.0,0.0014820799827575683
1785290830.4254165,0.0,0.0,0.0014557440280914306
1785290830.4272661,0.0,0.0,0.0014850879907608032
1785290830.429099,0.0,0.0,0.0014618240594863891
1785290830.4309163,0.0,0.0,0.0014480960369110108
1785290830.4327855,0.0,0.0,0.0014744319915771485
1785290830.4346092,0.0,0.0,0.0014571199417114258
1785290830.4364612,0.0,0.0,0.001484768033027649
1785290830.4382925,0.0,0.0,0.0014584640264511109
1785290830.4401188,0.0,0.0,0.0014602880477905273
1785290830.4419167,0.0,0.0,0.0014155199527740479
1785290830.443763,0.0,0.0,0.0014773119688034058
1785290830.445589,0.0,0.0,0.00145523202419281
1785290830.447427,0.0,0.0,0.0014746880531311035
1785290830.4492667,0.0,0.0,0.0014646400213241576
1785290830.4511385,0.0,0.0,0.0014949760437011719
1785290830.4529634,0.0,0.0,0.0014471360445022583
1785290830.4554646,0.0,0.0,0.002125983953475952
1785290830.4573236,0.0,0.0,0.0014653120040893555
1785290830.459204,0.0,0.0,0.0014793920516967774
1785290830.461026,0.0,0.0,0.0014454400539398193
1785290830.462846,0.0,0.0,0.0014527679681777953
1785290830.464697,0.0,0.0,0.0014604159593582153
1785290830.4665105,0.0,0.0,0.0014440319538116455
1785290830.4683409,0.0,0.0,0.0014618879556655884
1785290830.4701474,0.0,0.0,0.001436352014541626
1785290830.4719927,0.0,0.0,0.0014756159782409667
1785290830.4738133,0.0,0.0,0.0014499200582504272
1785290830.4756367,0.0,0.0,0.0014529919624328613
1785290830.4774346,0.0,0.0,0.0014306240081787109
1785290830.4792483,0.0,0.0,0.0014523839950561523
1785290830.481093,0.0,0.0,0.0014545279741287232
1785290830.482915,0.0,0.0,0.0014528000354766845
1785290830.484769,0.0,0.0,0.0014613440036773681
1785290830.4865744,0.0,0.0,0.0014400320053100585
1785290830.4884176,0.0,0.0,0.0014753600358963013
1785290830.4902413,0.0,0.0,0.0014524799585342407
1785290830.492079,0.0,0.0,0.0014707520008087158
1785290830.4938817,0.0,0.0,0.001436352014541626
1785290830.4957237,0.0,0.0,0.0014735039472579957
1785290830.4975557,0.0,0.0,0.0014625600576400758
1785290830.499388,0.0,0.0,0.0014661120176315307
1785290830.5012069,0.0,0.0,0.0014483200311660766
1785290830.5030181,0.0,0.0,0.001446079969406128
1785290830.504856,0.0,0.0,0.0014402559995651246
1785290830.5066977,0.0,0.0,0.001459007978439331
1785290830.508542,0.0,0.0,0.0014678399562835693
1785290830.5110176,0.0,0.0,0.002103008031845093
1785290830.512898,0.0,0.0,0.0014608639478683471
1785290830.5147293,0.0,0.0,0.0014518079757690429
1785290830.5165763,0.0,0.0,0.001474176049232483
1785290830.5183966,0.0,0.0,0.001455072045326233
1785290830.5202556,0.0,0.0,0.001475648045539856
1785290830.522069,0.0,0.0,0.0014407999515533448
1785290830.5239246,0.0,0.0,0.0014871360063552857
1785290830.5257409,0.0,0.0,0.0014471039772033692
1785290830.5276055,0.0,0.0,0.0014940799474716187
1785290830.5294228,0.0,0.0,0.001446943998336792
1785290830.531267,0.0,0.0,0.0014696639776229858
1785290830.533076,0.0,0.0,0.0014381120204925537
1785290830.5349047,0.0,0.0,0.0014567680358886718
1785290830.5367742,0.0,0.0,0.0014784640073776244
1785290830.5385773,0.0,0.0,0.0014373120069503785
1785290830.5404136,0.0,0.0,0.0014729280471801759
1785290830.542231,0.0,0.0,0.0014517439603805543
1785290830.544086,0.0,0.0,0.0014858560562133788
1785290830.5458899,0.0,0.0,0.0014360640048980712
1785290830.5477266,0.0,0.0,0.001471295952796936
1785290830.5495462,0.0,0.0,0.0014522240161895753
1785290830.5513873,0.0,0.0,0.0014692480564117432
1785290830.5532067,0.0,0.0,0.001447808027267456
1785290830.555034,0.0,0.0,0.00145632004737854
1785290830.5568948,0.0,0.0,0.0014543360471725463
1785290830.5586982,0.0,0.0,0.0014316799640655517
1785290830.5606072,0.0,0.0,0.001541599988937378
1785290830.5624409,0.0,0.0,0.001450368046760559
1785290830.5643017,0.0,0.0,0.0014839680194854736
1785290830.5668964,0.0,0.0,0.002212127923965454
1785290830.5687811,0.0,0.0,0.0014627519845962524
1785290830.5706005,0.0,0.0,0.0014418560266494752
1785290830.5724564,0.0,0.0,0.0014827840328216553
1785290830.574265,0.0,0.0,0.0014384959936141967
1785290830.5761254,0.0,0.0,0.0014883199930191041
1785290830.5779572,0.0,0.0,0.0014553600549697876
1785290830.579818,0.0,0.0,0.001492959976196289
1785290830.581658,0.0,0.0,0.0014601919651031493
1785290830.5834873,0.0,0.0,0.0014638400077819824
1785290830.5853057,0.0,0.0,0.0014410560131072998
1785290830.5871496,0.0,0.0,0.0014734400510787965
1785290830.588973,0.0,0.0,0.001453727960586548
1785290830.590774,0.0,0.0,0.0014311039447784423
1785290830.592597,0.0,0.0,0.0014361920356750488
1785290830.594406,0.0,0.0,0.0014399039745330812
1785290830.5962512,0.0,0.0,0.00146070396900177
1785290830.5980706,0.0,0.0,0.0014339840412139892
1785290830.5999193,0.0,0.0,0.001481055974960327
1785290830.6017516,0.0,0.0,0.0014489599466323852
1785290830.6035776,0.0,0.0,0.0014586880207061767
1785290830.6053948,0.0,0.0,0.0014484800100326538
1785290830.6072383,0.0,0.0,0.0014755840301513671
1785290830.6090486,0.0,0.0,0.0014321279525756835
1785290830.610859,0.0,0.0,0.001446560025215149
1785290830.6127093,0.0,0.0,0.0014633599519729614
1785290830.6145232,0.0,0.0,0.001449728012084961
1785290830.6163788,0.0,0.0,0.0014806400537490845
1785290830.6182113,0.0,0.0,0.001456223964691162
1785290830.6206882,0.0,0.0,0.0021050560474395754
1785290830.6225662,0.0,0.0,0.0014853119850158692
1785290830.6244168,0.0,0.0,0.0014768320322036744
1785290830.6262236,0.0,0.0,0.001434656023979187
1785290830.6280708,0.0,0.0,0.0014697279930114746
1785290830.6298738,0.0,0.0,0.0014359040260314942
1785290830.6317089,0.0,0.0,0.0014680320024490357
1785290830.633539,0.0,0.0,0.0014572160243988036
1785290830.6353981,0.0,0.0,0.0014651520252227782
1785290830.6372101,0.0,0.0,0.0014417920112609864
1785290830.6390264,0.0,0.0,0.0014470080137252807
1785290830.6408646,0.0,0.0,0.0014422080516815186
1785290830.6426754,0.0,0.0,0.0014446079730987549
1785290830.6445034,0.0,0.0,0.0014633920192718506
1785290830.6463246,0.0,0.0,0.0014440319538116455
1785290830.6482017,0.0,0.0,0.0014932479858398439
1785290830.6500227,0.0,0.0,0.0014468480348587035
1785290830.6518655,0.0,0.0,0.001467136025428772
1785290830.6536782,0.0,0.0,0.0014448959827423095
1785290830.6555068,0.0,0.0,0.0014624320268630982
1785290830.657327,0.0,0.0,0.0014511679410934449
1785290830.6591687,0.0,0.0,0.0014689919948577882
1785290830.660991,0.0,0.0,0.0014466880559921265
1785290830.6628027,0.0,0.0,0.0014435199499130249
1785290830.6646204,0.0,0.0,0.0014336960315704346
1785290830.6664274,0.0,0.0,0.0014457600116729737
1785290830.668243,0.0,0.0,0.0014461439847946167
1785290830.6700656,0.0,0.0,0.0014523199796676635
1785290830.6719296,0.0,0.0,0.0014909440279006958
1785290830.6737819,0.0,0.0,0.0014574079513549804
1785290830.6763237,0.0,0.0,0.0021678080558776855
1785290830.6781948,0.0,0.0,0.0014808640480041505
1785290830.6800601,0.0,0.0,0.0014928640127182006
1785290830.6818745,0.0,0.0,0.0014446079730987549
1785290830.6837015,0.0,0.0,0.0014583679437637329
1785290830.685517,0.0,0.0,0.0014422399997711182
1785290830.6873279,0.0,0.0,0.001447551965713501
1785290830.68914,0.0,0.0,0.0014448000192642213
1785290830.6909587,0.0,0.0,0.0014497920274734496
1785290830.6927898,0.0,0.0,0.0014423359632492066
1785290830.694603,0.0,0.0,0.0014478720426559448
1785290830.6964636,0.0,0.0,0.001480448007583618
1785290830.698289,0.0,0.0,0.00145523202419281
1785290830.7001445,0.0,0.0,0.0014831680059432984
1785290830.701966,0.0,0.0,0.001447648048400879
1785290830.703816,0.0,0.0,0.0014816960096359253
1785290830.7056384,0.0,0.0,0.0014498239755630492
1785290830.7074883,0.0,0.0,0.0014824639558792113
1785290830.7092829,0.0,0.0,0.001426144003868103
1785290830.711107,0.0,0.0,0.0014412480592727662
1785290830.7129397,0.0,0.0,0.0014551039934158326
1785290830.714744,0.0,0.0,0.0014384959936141967
1785290830.7165952,0.0,0.0,0.0014685120582580567
1785290830.7184038,0.0,0.0,0.0014422399997711182
1785290830.720246,0.0,0.0,0.0014769920110702514
1785290830.7220764,0.0,0.0,0.001462656021118164
1785290830.7239199,0.0,0.0,0.0014797439575195313
1785290830.7257385,0.0,0.0,0.0014518719911575317
1785290830.727588,0.0,0.0,0.0014708800315856934
1785290830.7294075,0.0,0.0,0.001445215940475464
1785290830.7319465,0.0,0.0,0.0021594240665435793
1785290830.7338102,0.0,0.0,0.0014679360389709473
1785290830.735666,0.0,0.0,0.0014823039770126343
1785290830.7374637,0.0,0.0,0.001427135944366455
1785290830.7393148,0.0,0.0,0.001484447956085205
1785290830.7411413,0.0,0.0,0.0014481279850006104
1785290830.7429602,0.0,0.0,0.0014495680332183838
1785290830.7448044,0.0,0.0,0.0014495680332183838
1785290830.7466028,0.0,0.0,0.0014313600063323975
1785290830.7484233,0.0,0.0,0.001455199956893921
1785290830.7502193,0.0,0.0,0.0014363199472427369
1785290830.7520816,0.0,0.0,0.0014816319942474365
1785290830.7538786,0.0,0.0,0.0014304640293121339
1785290830.7556808,0.0,0.0,0.0014376959800720215
1785290830.75751,0.0,0.0,0.0014592000246047973
1785290830.759334,0.0,0.0,0.0014518719911575317
1785290830.7611423,0.0,0.0,0.001440384030342102
1785290830.7629588,0.0,0.0,0.0014485759735107422
1785290830.7648072,0.0,0.0,0.001456447958946228
1785290830.766629,0.0,0.0,0.0014523839950561523
1785290830.7684736,0.0,0.0,0.0014808319807052613
1785290830.7702847,0.0,0.0,0.0014304640293121339
1785290830.7721443,0.0,0.0,0.0014880000352859497
1785290830.7739494,0.0,0.0,0.0014338560104370118
1785290830.7757893,0.0,0.0,0.0014735039472579957
1785290830.777597,0.0,0.0,0.0014368640184402467
1785290830.779444,0.0,0.0,0.001479583978652954
1785290830.7812538,0.0,0.0,0.0014425920248031616
1785290830.7830849,0.0,0.0,0.0014503999948501586
1785290830.7849333,0.0,0.0,0.0014572800397872924
1785290830.7875373,0.0,0.0,0.0022293760776519777
1785290830.7893941,0.0,0.0,0.0014618560075759888
1785290830.791255,0.0,0.0,0.0014835519790649414
1785290830.7930937,0.0,0.0,0.001462656021118164
1785290830.7949016,0.0,0.0,0.001439360022544861
1785290830.7967393,0.0,0.0,0.001452736020088196
1785290830.7985458,0.0,0.0,0.0014391679763793945
1785290830.800382,0.0,0.0,0.0014741439819335937
1785290830.802175,0.0,0.0,0.0014226880073547363
1785290830.8040257,0.0,0.0,0.0014753600358963013
1785290830.805833,0.0,0.0,0.001442944049835205
1785290830.80767,0.0,0.0,0.0014719040393829346
1785290830.8094816,0.0,0.0,0.0014404159784317016
1785290830.8113022,0.0,0.0,0.001452415943145752
1785290830.8131216,0.0,0.0,0.0014485119581222534
1785290830.814941,0.0,0.0,0.0014502719640731813
1785290830.8167915,0.0,0.0,0.0014555200338363648
1785290830.8185816,0.0,0.0,0.0014235520362854005
1785290830.8204222,0.0,0.0,0.0014751039743423461
1785290830.8222287,0.0,0.0,0.0014343039989471436
1785290830.824071,0.0,0.0,0.0014736959934234619
1785290830.825865,0.0,0.0,0.0014246079921722411
1785290830.827701,0.0,0.0,0.0014598079919815063
1785290830.8294969,0.0,0.0,0.0014322880506515503
1785290830.8313258,0.0,0.0,0.0014662400484085083
1785290830.8331332,0.0,0.0,0.0014432320594787598
1785290830.8349378,0.0,0.0,0.00144051194190979
1785290830.8368075,0.0,0.0,0.001452672004699707
1785290830.8386211,0.0,0.0,0.0014433599710464479
1785290830.8404706,0.0,0.0,0.001476032018661499
1785290830.84295,0.0,0.0,0.0014917440414428712
1785290830.8447967,0.0,0.0,0.0014411840438842774
1785290830.8466327,0.0,0.0,0.0014585280418395997
1785290830.8484733,0.0,0.0,0.001471168041229248
1785290830.8502917,0.0,0.0,0.0014423680305480956
1785290830.8521395,0.0,0.0,0.0014776639938354492
1785290830.8539581,0.0,0.0,0.0014420479536056518
1785290830.8558085,0.0,0.0,0.0014763519763946534
1785290830.8576128,0.0,0.0,0.001444767951965332
1785290830.8594747,0.0,0.0,0.0014902080297470094
1785290830.8612883,0.0,0.0,0.0014405759572982788
1785290830.8631277,0.0,0.0,0.0014430400133132934
1785290830.8649476,0.0,0.0,0.0014510719776153565
1785290830.8667693,0.0,0.0,0.0014571839570999146
1785290830.8685982,0.0,0.0,0.0014468480348587035
1785290830.8704162,0.0,0.0,0.0014423359632492066
1785290830.8722606,0.0,0.0,0.0014754559993743897
1785290830.8740923,0.0,0.0,0.001458176016807556
1785290830.8759398,0.0,0.0,0.0014750399589538573
1785290830.877743,0.0,0.0,0.0014338879585266114
1785290830.8795664,0.0,0.0,0.0014562879800796508
1785290830.8813756,0.0,0.0,0.0014411519765853882
1785290830.8832133,0.0,0.0,0.00147052800655365
1785290830.885052,0.0,0.0,0.0014544960260391235
1785290830.8868434,0.0,0.0,0.001425887942314148
1785290830.88868,0.0,0.0,0.0014435199499130249
1785290830.8904712,0.0,0.0,0.0014206080436706544
1785290830.8923097,0.0,0.0,0.001466528058052063
1785290830.894125,0.0,0.0,0.0014402879476547242
1785290830.8966572,0.0,0.0,0.0021546878814697264
1785290830.8985453,0.0,0.0,0.0014882240295410157
1785290830.9004188,0.0,0.0,0.0014960319995880127
1785290830.9022648,0.0,0.0,0.0014736000299453735
1785290830.9041748,0.0,0.0,0.0015422719717025756
1785290830.9060373,0.0,0.0,0.0014651520252227782
1785290830.907897,0.0,0.0,0.001481119990348816
1785290830.9097023,0.0,0.0,0.0014337279796600342
1785290830.911553,0.0,0.0,0.0014828480482101441
1785290830.9133737,0.0,0.0,0.0014496959447860718
1785290830.9152145,0.0,0.0,0.0014759360551834108
1785290830.9170592,0.0,0.0,0.001470304012298584
1785290830.9188552,0.0,0.0,0.001434399962425232
1785290830.9206994,0.0,0.0,0.0014541120529174805
1785290830.9225097,0.0,0.0,0.0014367040395736694
1785290830.9243696,0.0,0.0,0.0014926079511642456
1785290830.9261653,0.0,0.0,0.0014250559806823731
1785290830.928008,0.0,0.0,0.001477344036102295
1785290830.929838,0.0,0.0,0.0014581120014190675
1785290830.9316926,0.0,0.0,0.0014884480237960815
1785290830.9335227,0.0,0.0,0.0014578239917755126
1785290830.9353867,0.0,0.0,0.0014903039932250976
1785290830.9372213,0.0,0.0,0.0014614399671554566
1785290830.9390516,0.0,0.0,0.0014645119905471802
1785290830.9408839,0.0,0.0,0.001435871958732605
1785290830.9427066,0.0,0.0,0.0014385919570922851
1785290830.9445405,0.0,0.0,0.00147052800655365
1785290830.9463582,0.0,0.0,0.001447551965713501
1785290830.9482224,0.0,0.0,0.001493567943572998
1785290830.9500482,0.0,0.0,0.001454848051071167
1785290830.9525657,0.0,0.0,0.0021508479118347167
1785290830.9544177,0.0,0.0,0.001456223964691162
1785290830.9562793,0.0,0.0,0.0014823039770126343
1785290830.9580975,0.0,0.0,0.0014482879638671876
1785290830.9599438,0.0,0.0,0.0014798719882965089
1785290830.9617493,0.0,0.0,0.0014351999759674072
1785290830.963602,0.0,0.0,0.001488927960395813
1785290830.9655042,0.0,0.0,0.001509376049041748
1785290830.967425,0.0,0.0,0.0015213760137557984
1785290830.969263,0.0,0.0,0.001456671953201294
1785290830.9710846,0.0,0.0,0.0014450559616088867
1785290830.9730074,0.0,0.0,0.0014672319889068603
1785290830.9748552,0.0,0.0,0.0014560960531234742
1785290830.9766939,0.0,0.0,0.0014512640237808226
1785290830.9784994,0.0,0.0,0.0014350080490112304
1785290830.9803646,0.0,0.0,0.0014767680168151856
1785290830.9821784,0.0,0.0,0.0014386240243911743
1785290830.9840512,0.0,0.0,0.0014904320240020752
1785290830.9858854,0.0,0.0,0.0014613120555877685
1785290830.9877458,0.0,0.0,0.001487391948699951
1785290830.98957,0.0,0.0,0.001453727960586548
1785290830.9914122,0.0,0.0,0.0014717439413070678
1785290830.99323,0.0,0.0,0.0014456640481948853
1785290830.9950395,0.0,0.0,0.0014421440362930298
1785290830.9968839,0.0,0.0,0.0014520000219345093
1785290830.9986753,0.0,0.0,0.001425279974937439
1785290831.000509,0.0,0.0,0.00146560001373291
1785290831.0023394,0.0,0.0,0.0014598079919815063
1785290831.0042078,0.0,0.0,0.0014894720315933227
1785290831.0060174,0.0,0.0,0.0014393279552459717
1785290831.0087664,0.0,0.0,0.0015292160511016846
1785290831.0105996,0.0,0.0,0.0014517760276794433
1785290831.0124795,0.0,0.0,0.001499008059501648
1785290831.0143144,0.0,0.0,0.0014502079486846925
1785290831.016157,0.0,0.0,0.001470080018043518
1785290831.017959,0.0,0.0,0.0014350719451904296
1785290831.0198236,0.0,0.0,0.0014993599653244018
1785290831.0216596,0.0,0.0,0.0014577280282974242
1785290831.0234988,0.0,0.0,0.0014774399995803834
1785290831.0253425,0.0,0.0,0.0014722559452056885
1785290831.0272062,0.0,0.0,0.0014731839895248413
1785290831.0290198,0.0,0.0,0.0014508800506591796
1785290831.030825,0.0,0.0,0.0014388480186462403
1785290831.032672,0.0,0.0,0.0014548159837722778
1785290831.0344777,0.0,0.0,0.0014387840032577515
1785290831.036296,0.0,0.0,0.0014557119607925416
1785290831.0380938,0.0,0.0,0.0014325439929962157
1785290831.0399363,0.0,0.0,0.0014686399698257446
1785290831.0417466,0.0,0.0,0.0014395840167999267
1785290831.0435731,0.0,0.0,0.0014641920328140258
1785290831.0453672,0.0,0.0,0.0014309120178222657
1785290831.047189,0.0,0.0,0.0014540159702301025
1785290831.0490017,0.0,0.0,0.001438912034034729
1785290831.0508134,0.0,0.0,0.0014468799829483031
1785290831.0526633,0.0,0.0,0.0014634560346603394
1785290831.0544896,0.0,0.0,0.0014560960531234742
1785290831.0563502,0.0,0.0,0.0014957120418548583
1785290831.0582108,0.0,0.0,0.0014687999486923218
1785290831.0600648,0.0,0.0,0.001474496006965637
1785290831.0626843,0.0,0.0,0.0022441279888153077
1785290831.064597,0.0,0.0,0.0015208640098571778
1785290831.0664232,0.0,0.0,0.0014505280256271362
1785290831.0682766,0.0,0.0,0.00148198401927948
1785290831.0700777,0.0,0.0,0.0014269119501113892
1785290831.071912,0.0,0.0,0.0014671679735183715
1785290831.0737433,0.0,0.0,0.0014600319862365723
1785290831.0756044,0.0,0.0,0.0014830399751663208
1785290831.0774388,0.0,0.0,0.0014670399427413941
1785290831.079283,0.0,0.0,0.0014792959690093995
1785290831.081092,0.0,0.0,0.0014470080137252807
1785290831.082901,0.0,0.0,0.0014415680170059204
1785290831.0847523,0.0,0.0,0.0014559040069580078
1785290831.0865617,0.0,0.0,0.0014413119554519654
1785290831.0883906,0.0,0.0,0.0014645440578460694
1785290831.0902126,0.0,0.0,0.001450495958328247
1785290831.0920377,0.0,0.0,0.0014582079648971557
1785290831.0938473,0.0,0.0,0.0014392960071563721
1785290831.0956979,0.0,0.0,0.0014796479940414429
1785290831.0975451,0.0,0.0,0.0014710079431533814
1785290831.0993934,0.0,0.0,0.0014814079999923705
1785290831.1012208,0.0,0.0,0.0014578880071640014
1785290831.1030498,0.0,0.0,0.0014603519439697265
1785290831.1048868,0.0,0.0,0.0014415680170059204
1785290831.1067054,0.0,0.0,0.001446560025215149
1785290831.10855,0.0,0.0,0.0014767040014266968
1785290831.110362,0.0,0.0,0.0014414399862289428
1785290831.1121962,0.0,0.0,0.0014631999731063842
1785290831.11404,0.0,0.0,0.001452031970024109
1785290831.1158855,0.0,0.0,0.0014687039852142334
1785290831.118413,0.0,0.0,0.0021445760726928713
1785290831.1203015,0.0,0.0,0.0014969600439071655
1785290831.1221209,0.0,0.0,0.0014381120204925537
1785290831.123942,0.0,0.0,0.0014562879800796508
1785290831.1257498,0.0,0.0,0.0014412480592727662
1785290831.1276007,0.0,0.0,0.0014796160459518432
1785290831.129428,0.0,0.0,0.0014536319971084595
1785290831.131259,0.0,0.0,0.0014690239429473878
1785290831.133096,0.0,0.0,0.0014630719423294068
1785290831.1349185,0.0,0.0,0.0014538880586624145
1785290831.136757,0.0,0.0,0.0014456640481948853
1785290831.1385813,0.0,0.0,0.0014585280418395997
1785290831.1404412,0.0,0.0,0.001487104058265686
1785290831.1422777,0.0,0.0,0.0014671039581298827
1785290831.1441214,0.0,0.0,0.0014777920246124268
1785290831.1459277,0.0,0.0,0.0014312000274658203
1785290831.147764,0.0,0.0,0.0014711359739303588
1785290831.1495862,0.0,0.0,0.0014512959718704223
1785290831.1514318,0.0,0.0,0.0014784320592880248
1785290831.1532545,0.0,0.0,0.0014455360174179077
1785290831.1550593,0.0,0.0,0.0014356800317764282
1785290831.1568937,0.0,0.0,0.001446784019470215
1785290831.158712,0.0,0.0,0.0014519040584564209
1785290831.1605613,0.0,0.0,0.0014824639558792113
1785290831.1623762,0.0,0.0,0.0014451839923858643
1785290831.164241,0.0,0.0,0.0014936959743499757
1785290831.1660492,0.0,0.0,0.0014429759979248046
1785290831.1678956,0.0,0.0,0.001478943943977356
1785290831.1697552,0.0,0.0,0.0014569920301437378
1785290831.1716158,0.0,0.0,0.0014793280363082886
1785290831.174192,0.0,0.0,0.0015041600465774535
1785290831.1760771,0.0,0.0,0.0015015679597854615
1785290831.1779175,0.0,0.0,0.0014571199417114258
1785290831.1797538,0.0,0.0,0.0014638079404830932
1785290831.1815746,0.0,0.0,0.001448032021522522
1785290831.183413,0.0,0.0,0.0014708160161972046
1785290831.1852381,0.0,0.0,0.0014563839435577392
1785290831.1870642,0.0,0.0,0.0014526400566101075
1785290831.1889067,0.0,0.0,0.0014485119581222534
1785290831.1907072,0.0,0.0,0.0014361599683761596
1785290831.1925259,0.0,0.0,0.0014529919624328613
1785290831.1943364,0.0,0.0,0.001440991997718811
1785290831.1961932,0.0,0.0,0.0014854400157928466
1785290831.1980128,0.0,0.0,0.0014474879503250122
1785290831.1998403,0.0,0.0,0.001458016037940979
1785290831.201657,0.0,0.0,0.001446463942527771
1785290831.2034874,0.0,0.0,0.0014593600034713745
1785290831.2052934,0.0,0.0,0.0014387840032577515
1785290831.2071254,0.0,0.0,0.0014408960342407226
1785290831.2089767,0.0,0.0,0.0014678720235824585
1785290831.2107992,0.0,0.0,0.0014536319971084595
1785290831.2126324,0.0,0.0,0.0014421119689941406
1785290831.2144208,0.0,0.0,0.001416640043258667
1785290831.2162626,0.0,0.0,0.0014583040475845336
1785290831.2180884,0.0,0.0,0.0014586880207061767
1785290831.2199214,0.0,0.0,0.0014642560482025146
1785290831.221768,0.0,0.0,0.001468224048614502
1785290831.2236447,0.0,0.0,0.001499135971069336
1785290831.225473,0.0,0.0,0.001454848051071167
1785290831.2280028,0.0,0.0,0.0021549439430236816
1785290831.2299035,0.0,0.0,0.0014980159997940064
1785290831.2317834,0.0,0.0,0.0015020159482955933
1785290831.2336116,0.0,0.0,0.0014564160108566284
1785290831.235457,0.0,0.0,0.0014716800451278686
1785290831.237292,0.0,0.0,0.0014694080352783204
1785290831.2391403,0.0,0.0,0.0014755840301513671
1785290831.2409708,0.0,0.0,0.0014578880071640014
1785290831.2427778,0.0,0.0,0.0014397120475769043
1785290831.244645,0.0,0.0,0.0014743679761886597
1785290831.2464716,0.0,0.0,0.0014534080028533935
1785290831.2483206,0.0,0.0,0.0014835519790649414
1785290831.250135,0.0,0.0,0.001440224051475525
1785290831.2519588,0.0,0.0,0.0014628159999847412
1785290831.2537823,0.0,0.0,0.0014515199661254883
1785290831.2556407,0.0,0.0,0.001491968035697937
1785290831.25748,0.0,0.0,0.0014718079566955566
1785290831.2593372,0.0,0.0,0.0014884799718856811
1785290831.2611666,0.0,0.0,0.0014546879529953004
1785290831.262974,0.0,0.0,0.0014411840438842774
1785290831.2648401,0.0,0.0,0.0014559999704360962
1785290831.266647,0.0,0.0,0.001441823959350586
1785290831.2685032,0.0,0.0,0.001481055974960327
1785290831.2703454,0.0,0.0,0.0014657280445098877
1785290831.2722611,0.0,0.0,0.0015429760217666626
1785290831.2740877,0.0,0.0,0.0014495359659194946
1785290831.2759356,0.0,0.0,0.001481600046157837
1785290831.2777643,0.0,0.0,0.0014551680088043214
1785290831.2796307,0.0,0.0,0.001487007975578308
1785290831.2814722,0.0,0.0,0.0014637759923934936
1785290831.284043,0.0,0.0,0.0021937599182128907
1785290831.2859094,0.0,0.0,0.0014702399969100952
1785290831.287761,0.0,0.0,0.0014734079837799073
1785290831.289597,0.0,0.0,0.0014633599519729614
1785290831.291447,0.0,0.0,0.001475167989730835
1785290831.2932687,0.0,0.0,0.0014472320079803468
1785290831.2950802,0.0,0.0,0.0014404799938201904
1785290831.2969334,0.0,0.0,0.0014611200094223023
1785290831.2987492,0.0,0.0,0.001445888042449951
1785290831.3006172,0.0,0.0,0.0014752639532089233
1785290831.3024275,0.0,0.0,0.0014371839761734009
1785290831.304244,0.0,0.0,0.0014509439468383789
1785290831.3060641,0.0,0.0,0.0014518079757690429
1785290831.3079026,0.0,0.0,0.0014702399969100952
1785290831.309728,0.0,0.0,0.001458176016807556
1785290831.3115523,0.0,0.0,0.0014542399644851686
1785290831.3133745,0.0,0.0,0.0014543999433517456
1785290831.3152008,0.0,0.0,0.0014552960395812988
1785290831.3170137,0.0,0.0,0.0014387840032577515
1785290831.3188226,0.0,0.0,0.0014442239999771119
1785290831.320669,0.0,0.0,0.0014528640508651733
1785290831.322474,0.0,0.0,0.0014411519765853882
1785290831.324294,0.0,0.0,0.0014572800397872924
1785290831.3261023,0.0,0.0,0.001438752055168152
1785290831.3279417,0.0,0.0,0.0014700160026550294
1785290831.3297448,0.0,0.0,0.0014400639533996582
1785290831.3315692,0.0,0.0,0.0014574719667434692
1785290831.3333986,0.0,0.0,0.0014627200365066528
1785290831.3352642,0.0,0.0,0.0014899200201034545
1785290831.3370812,0.0,0.0,0.001446336030960083
1785290831.3396444,0.0,0.0,0.002191936016082764
1785290831.3414888,0.0,0.0,0.0014585920572280885
1785290831.3433492,0.0,0.0,0.00148198401927948
1785290831.3451693,0.0,0.0,0.0014454400539398193
1785290831.3469799,0.0,0.0,0.001438655972480774
1785290831.3488312,0.0,0.0,0.001455072045326233
1785290831.3506217,0.0,0.0,0.0014255679845809938
1785290831.3524559,0.0,0.0,0.0014696639776229858
1785290831.354277,0.0,0.0,0.0014565759897232056
1785290831.3561373,0.0,0.0,0.001484768033027649
1785290831.3579433,0.0,0.0,0.0014401600360870361
1785290831.3598049,0.0,0.0,0.001480672001838684
1785290831.3616295,0.0,0.0,0.0014561280012130738
1785290831.363465,0.0,0.0,0.0014637119770050048
1785290831.3652883,0.0,0.0,0.001453376054763794
1785290831.3671336,0.0,0.0,0.0014758399724960328
1785290831.3689704,0.0,0.0,0.0014572479724884032
1785290831.3707838,0.0,0.0,0.001452031970024109
1785290831.3726268,0.0,0.0,0.0014623359441757202
1785290831.374445,0.0,0.0,0.0014501440525054932
1785290831.376293,0.0,0.0,0.0014716160297393798
1785290831.3781126,0.0,0.0,0.001449504017829895
1785290831.3799837,0.0,0.0,0.0015023679733276367
1785290831.3818014,0.0,0.0,0.0014491519927978516
1785290831.3836539,0.0,0.0,0.0014809600114822387
1785290831.3854928,0.0,0.0,0.001466495990753174
1785290831.387334,0.0,0.0,0.0014778560400009156
1785290831.389173,0.0,0.0,0.0014704320430755616
1785290831.391005,0.0,0.0,0.0014557119607925416
1785290831.3934736,0.0,0.0,0.0020679359436035155
1785290831.3953936,0.0,0.0,0.001524672031402588
1785290831.3972313,0.0,0.0,0.0014615999460220338
1785290831.3990855,0.0,0.0,0.0014536639451980591
1785290831.400956,0.0,0.0,0.0014649280309677124
1785290831.4027536,0.0,0.0,0.0014299520254135133
1785290831.4045937,0.0,0.0,0.0014502400159835816
1785290831.4064164,0.0,0.0,0.00143503999710083
1785290831.4082775,0.0,0.0,0.001477120041847229
1785290831.4100938,0.0,0.0,0.0014440319538116455
1785290831.4119425,0.0,0.0,0.001481503963470459
1785290831.4137588,0.0,0.0,0.0014479680061340332
1785290831.415618,0.0,0.0,0.001491711974143982
1785290831.4174333,0.0,0.0,0.0014456640481948853
1785290831.419273,0.0,0.0,0.001472864031791687
1785290831.4210892,0.0,0.0,0.001443168044090271
1785290831.4228992,0.0,0.0,0.0014358400106430054
1785290831.4247315,0.0,0.0,0.0014434560537338256
1785290831.426531,0.0,0.0,0.0014348479509353638
1785290831.4283803,0.0,0.0,0.0014823039770126343
1785290831.4301841,0.0,0.0,0.0014379520416259765
1785290831.4320343,0.0,0.0,0.0014774399995803834
1785290831.4338698,0.0,0.0,0.0014608319997787475
1785290831.43571,0.0,0.0,0.0014686720371246337
1785290831.4375362,0.0,0.0,0.00146070396900177
1785290831.4393976,0.0,0.0,0.0014905600547790528
1785290831.441237,0.0,0.0,0.001459872007369995
1785290831.4430647,0.0,0.0,0.0014591679573059083
1785290831.444922,0.0,0.0,0.0014553279876708984
1785290831.446719,0.0,0.0,0.001432703971862793
1785290831.4493635,0.0,0.0,0.002272416114807129
1785290831.4512708,0.0,0.0,0.0015058239698410034
1785290831.4531155,0.0,0.0,0.0014622399806976318
1785290831.454962,0.0,0.0,0.0014627519845962524
1785290831.4568124,0.0,0.0,0.0014498239755630492
1785290831.4586508,0.0,0.0,0.0014618879556655884
1785290831.4604938,0.0,0.0,0.0014794880151748656
1785290831.4623148,0.0,0.0,0.0014471360445022583
1785290831.464154,0.0,0.0,0.00147052800655365
1785290831.4659522,0.0,0.0,0.0014336960315704346
1785290831.467793,0.0,0.0,0.0014728959798812867
1785290831.4696386,0.0,0.0,0.0014707520008087158
1785290831.4714715,0.0,0.0,0.001463104009628296
1785290831.4733021,0.0,0.0,0.0014630080461502076
1785290831.475123,0.0,0.0,0.0014317439794540405
1785290831.476962,0.0,0.0,0.001470080018043518
1785290831.478771,0.0,0.0,0.001442463994026184
1785290831.4806142,0.0,0.0,0.0014498239755630492
1785290831.482431,0.0,0.0,0.0014509439468383789
1785290831.4842951,0.0,0.0,0.0014961279630661011
1785290831.4861035,0.0,0.0,0.0014393919706344605
1785290831.4879503,0.0,0.0,0.0014792640209197998
1785290831.4897828,0.0,0.0,0.0014623680114746094
1785290831.4916415,0.0,0.0,0.0014845119714736938
1785290831.4934738,0.0,0.0,0.0014543360471725463
1785290831.4953272,0.0,0.0,0.0014836479425430298
1785290831.4971528,0.0,0.0,0.001449120044708252
1785290831.4989772,0.0,0.0,0.0014605760574340821
1785290831.5008404,0.0,0.0,0.0014376640319824219
1785290831.5026581,0.0,0.0,0.0014468159675598146
1785290831.505245,0.0,0.0,0.0022101759910583495
1785290831.507124,0.0,0.0,0.0014678399562835693
1785290831.508953,0.0,0.0,0.001452895998954773
1785290831.5107687,0.0,0.0,0.001443071961402893
1785290831.512625,0.0,0.0,0.001461151957511902
1785290831.5144174,0.0,0.0,0.001427456021308899
1785290831.5162742,0.0,0.0,0.0014890559911727905
1785290831.5180843,0.0,0.0,0.0014394240379333495
1785290831.519967,0.0,0.0,0.0015109440088272095
1785290831.5218039,0.0,0.0,0.0014503359794616698
1785290831.5236807,0.0,0.0,0.0015028799772262573
1785290831.5255284,0.0,0.0,0.0014666240215301513
1785290831.5274205,0.0,0.0,0.0015008000135421752
1785290831.5292559,0.0,0.0,0.0014644160270690918
1785290831.531067,0.0,0.0,0.0014413119554519654
1785290831.5329,0.0,0.0,0.0014410879611968994
1785290831.534702,0.0,0.0,0.0014400960206985473
1785290831.5365443,0.0,0.0,0.0014755840301513671
1785290831.5383399,0.0,0.0,0.0014300800561904907
1785290831.5401697,0.0,0.0,0.0014606399536132813
1785290831.541975,0.0,0.0,0.001440384030342102
1785290831.5438113,0.0,0.0,0.0014695359468460084
1785290831.5467005,0.0,0.0,0.0015492479801177978
1785290831.5486076,0.0,0.0,0.0015106879472732543
1785290831.550459,0.0,0.0,0.0014527039527893067
1785290831.5523193,0.0,0.0,0.0014888319969177245
1785290831.5541704,0.0,0.0,0.0014703680276870728
1785290831.5560725,0.0,0.0,0.0015169279575347901
1785290831.5579329,0.0,0.0,0.0014779839515686034
1785290831.5606554,0.0,0.0,0.0015581439733505249
1785290831.5625374,0.0,0.0,0.001487391948699951
1785290831.5644047,0.0,0.0,0.0014906879663467408
1785290831.5662613,0.0,0.0,0.0014765759706497192
1785290831.568129,0.0,0.0,0.0014898560047149657
1785290831.5699673,0.0,0.0,0.0014627840518951416
1785290831.5718348,0.0,0.0,0.001491711974143982
1785290831.5736592,0.0,0.0,0.0014507520198822023
1785290831.5755131,0.0,0.0,0.00147980797290802
1785290831.5773497,0.0,0.0,0.0014629119634628296
1785290831.579192,0.0,0.0,0.0014705599546432494
1785290831.5810306,0.0,0.0,0.0014606399536132813
1785290831.582855,0.0,0.0,0.0014523520469665527
1785290831.5847056,0.0,0.0,0.0014588799476623535
1785290831.586544,0.0,0.0,0.001454208016395569
1785290831.5883973,0.0,0.0,0.0014808640480041505
1785290831.5902128,0.0,0.0,0.001445312023162842
1785290831.592059,0.0,0.0,0.0014708479642868042
1785290831.5938735,0.0,0.0,0.001444640040397644
1785290831.5957212,0.0,0.0,0.0014812799692153931
1785290831.597551,0.0,0.0,0.0014438719749450683
1785290831.5993812,0.0,0.0,0.0014564800262451172
1785290831.6011968,0.0,0.0,0.001444416046142578
1785290831.6029932,0.0,0.0,0.0014339200258255006
1785290831.6048338,0.0,0.0,0.0014505599737167359
1785290831.606645,0.0,0.0,0.001443071961402893
1785290831.6085062,0.0,0.0,0.0014946240186691285
1785290831.6103325,0.0,0.0,0.0014504319429397582
1785290831.6121907,0.0,0.0,0.0014864640235900878
1785290831.6147146,0.0,0.0,0.002147104024887085
1785290831.616616,0.0,0.0,0.0015107519626617431
1785290831.6184833,0.0,0.0,0.0014876480102539063
1785290831.6203594,0.0,0.0,0.0015015360116958619
1785290831.622177,0.0,0.0,0.001444767951965332
1785290831.6240242,0.0,0.0,0.0014723199605941773
1785290831.6258404,0.0,0.0,0.0014415040016174316
1785290831.6277149,0.0,0.0,0.0015024000406265259
1785290831.6295373,0.0,0.0,0.0014480639696121216
1785290831.6314015,0.0,0.0,0.0014931520223617554
1785290831.633234,0.0,0.0,0.0014588799476623535
1785290831.6350515,0.0,0.0,0.0014489279985427856
1785290831.6369061,0.0,0.0,0.0014589439630508423
1785290831.6387339,0.0,0.0,0.0014597120285034179
1785290831.640581,0.0,0.0,0.001478111982345581
1785290831.6424057,0.0,0.0,0.0014505280256271362
1785290831.644252,0.0,0.0,0.0014756799936294555
1785290831.6460977,0.0,0.0,0.0014559680223464966
1785290831.647946,0.0,0.0,0.0014676159620285033
1785290831.6497686,0.0,0.0,0.001454591989517212
1785290831.651609,0.0,0.0,0.00147324800491333
1785290831.6534042,0.0,0.0,0.0014294400215148927
1785290831.655233,0.0,0.0,0.0014678399562835693
1785290831.6570566,0.0,0.0,0.0014527039527893067
1785290831.658869,0.0,0.0,0.0014424959421157836
1785290831.6607068,0.0,0.0,0.0014471039772033692
1785290831.662528,0.0,0.0,0.001454848051071167
1785290831.6643713,0.0,0.0,0.0014750080108642577
1785290831.6662204,0.0,0.0,0.0014670399427413941
1785290831.6680899,0.0,0.0,0.001496224045753479
1785290831.670719,0.0,0.0,0.0022470719814300538
1785290831.6725974,0.0,0.0,0.0014618560075759888
1785290831.6744194,0.0,0.0,0.001440832018852234
1785290831.6762455,0.0,0.0,0.0014488320350646972
1785290831.6780686,0.0,0.0,0.0014534399509429931
1785290831.6799035,0.0,0.0,0.0014622399806976318
1785290831.6817179,0.0,0.0,0.0014455679655075073
1785290831.6835701,0.0,0.0,0.0014803839921951295
1785290831.685445,0.0,0.0,0.001505247950553894
1785290831.6872845,0.0,0.0,0.001474015951156616
1785290831.6891074,0.0,0.0,0.001449023962020874
1785290831.690925,0.0,0.0,0.0014517120122909547
1785290831.6927726,0.0,0.0,0.0014517439603805543
1785290831.6945736,0.0,0.0,0.0014346879720687866
1785290831.6964338,0.0,0.0,0.0014905600547790528
1785290831.698236,0.0,0.0,0.0014269119501113892
1785290831.7000742,0.0,0.0,0.0014714879989624024
1785290831.7018974,0.0,0.0,0.0014516799449920655
1785290831.7037323,0.0,0.0,0.0014644800424575806
1785290831.705552,0.0,0.0,0.0014303359985351563
1785290831.707379,0.0,0.0,0.0014631680250167846
1785290831.7091985,0.0,0.0,0.0014572800397872924
1785290831.7110023,0.0,0.0,0.0014421759843826294
1785290831.7128484,0.0,0.0,0.0014558720588684082
1785290831.7146528,0.0,0.0,0.00143721604347229
1785290831.7164795,0.0,0.0,0.0014623680114746094
1785290831.7182813,0.0,0.0,0.0014306240081787109
1785290831.720119,0.0,0.0,0.001470911979675293
1785290831.7219677,0.0,0.0,0.001466912031173706
1785290831.7237985,0.0,0.0,0.0014599039554595947
1785290831.7263486,0.0,0.0,0.001511423945426941
1785290831.728213,0.0,0.0,0.0014800319671630859
1785290831.730023,0.0,0.0,0.0014364479780197145
1785290831.7318866,0.0,0.0,0.001495296001434326
1785290831.733693,0.0,0.0,0.0014402559995651246
1785290831.7355397,0.0,0.0,0.0014695359468460084
1785290831.7373567,0.0,0.0,0.001445695996284485
1785290831.7391994,0.0,0.0,0.0014719040393829346
1785290831.7410312,0.0,0.0,0.0014451839923858643
1785290831.742846,0.0,0.0,0.0014508800506591796
1785290831.7446864,0.0,0.0,0.0014559999704360962
1785290831.7464871,0.0,0.0,0.0014324159622192383
1785290831.7483234,0.0,0.0,0.00146943998336792
1785290831.750124,0.0,0.0,0.0014375679492950439
1785290831.751984,0.0,0.0,0.0014906560182571412
1785290831.7537854,0.0,0.0,0.0014300800561904907
1785290831.7556384,0.0,0.0,0.0014754559993743897
1785290831.757453,0.0,0.0,0.001441696047782898
1785290831.7593045,0.0,0.0,0.0014872959852218629
1785290831.7611215,0.0,0.0,0.0014461120367050171
1785290831.7629366,0.0,0.0,0.001435520052909851
1785290831.7647796,0.0,0.0,0.0014508800506591796
1785290831.766588,0.0,0.0,0.0014378880262374879
1785290831.768417,0.0,0.0,0.0014643199443817138
1785290831.7702363,0.0,0.0,0.0014500800371170044
1785290831.772073,0.0,0.0,0.00147052800655365
1785290831.773893,0.0,0.0,0.0014466240406036377
1785290831.7757416,0.0,0.0,0.0014798719882965089
1785290831.7775745,0.0,0.0,0.0014521280527114869
1785290831.7800887,0.0,0.0,0.002134943962097168
1785290831.7819846,0.0,0.0,0.001500480055809021
1785290831.7838535,0.0,0.0,0.001496000051498413
1785290831.7856803,0.0,0.0,0.0014531519412994385
1785290831.7875707,0.0,0.0,0.0014983359575271606
1785290831.7894075,0.0,0.0,0.0014646079540252687
1785290831.7912385,0.0,0.0,0.0014624320268630982
1785290831.793066,0.0,0.0,0.0014526400566101075
1785290831.794892,0.0,0.0,0.0014577599763870238
1785290831.79674,0.0,0.0,0.0014577599763870238
1785290831.7985537,0.0,0.0,0.001448256015777588
1785290831.8004076,0.0,0.0,0.0014848639965057372
1785290831.802229,0.0,0.0,0.001446176052093506
1785290831.8040922,0.0,0.0,0.0014916800260543824
1785290831.805895,0.0,0.0,0.0014377280473709107
1785290831.8077352,0.0,0.0,0.0014689919948577882
1785290831.809537,0.0,0.0,0.0014361599683761596
1785290831.8113654,0.0,0.0,0.001463871955871582
1785290831.8131614,0.0,0.0,0.0014275519847869874
1785290831.8149753,0.0,0.0,0.0014461439847946167
1785290831.8168097,0.0,0.0,0.0014422719478607178
1785290831.81862,0.0,0.0,0.0014406399726867676
1785290831.8204587,0.0,0.0,0.001470911979675293
1785290831.8222868,0.0,0.0,0.0014406720399856568
1785290831.8241339,0.0,0.0,0.0014803199768066407
1785290831.8259284,0.0,0.0,0.0014283839464187622
1785290831.8277683,0.0,0.0,0.0014711359739303588
1785290831.8296013,0.0,0.0,0.0014635200500488282
1785290831.8314695,0.0,0.0,0.0014875199794769287
1785290831.8333244,0.0,0.0,0.0014706560373306274
1785290831.8359187,0.0,0.0,0.0022019519805908205
1785290831.837797,0.0,0.0,0.0014796160459518432
1785290831.8396575,0.0,0.0,0.0014862719774246217
1785290831.8414774,0.0,0.0,0.0014447360038757325
1785290831.8433046,0.0,0.0,0.0014608319997787475
1785290831.8451338,0.0,0.0,0.0014547200202941893
1785290831.8469386,0.0,0.0,0.001440000057220459
1785290831.848786,0.0,0.0,0.0014472320079803468
1785290831.8505988,0.0,0.0,0.0014450559616088867
1785290831.8524354,0.0,0.0,0.001468608021736145
1785290831.8542352,0.0,0.0,0.0014337600469589234
1785290831.8560956,0.0,0.0,0.0014625279903411866
1785290831.8579154,0.0,0.0,0.0014440000057220459
1785290831.859759,0.0,0.0,0.001470687985420227
1785290831.8615782,0.0,0.0,0.001447808027267456
1785290831.8634439,0.0,0.0,0.001493567943572998
1785290831.8652644,0.0,0.0,0.0014509439468383789
1785290831.867077,0.0,0.0,0.001450368046760559
1785290831.8689244,0.0,0.0,0.0014551039934158326
1785290831.8707557,0.0,0.0,0.001460800051689148
1785290831.872594,0.0,0.0,0.0014509119987487793
1785290831.8743975,0.0,0.0,0.0014388480186462403
1785290831.8762846,0.0,0.0,0.0014999040365219116
1785290831.8781097,0.0,0.0,0.0014507839679718019
1785290831.8799708,0.0,0.0,0.0014704320430755616
1785290831.8817863,0.0,0.0,0.0014457919597625733
1785290831.8836172,0.0,0.0,0.001463647961616516
1785290831.8854492,0.0,0.0,0.001457919955253601
1785290831.8873105,0.0,0.0,0.0014829440116882323
1785290831.8891501,0.0,0.0,0.001466879963874817
1785290831.891732,0.0,0.0,0.0022047359943389894
1785290831.8935997,0.0,0.0,0.001469920039176941
1785290831.8954527,0.0,0.0,0.0014795199632644653
1785290831.8972845,0.0,0.0,0.0014602559804916381
1785290831.8991275,0.0,0.0,0.0014521600008010865
1785290831.9009678,0.0,0.0,0.0014610879421234132
1785290831.9027753,0.0,0.0,0.0014376640319824219
1785290831.9046295,0.0,0.0,0.001463871955871582
1785290831.9064326,0.0,0.0,0.0014309760332107545
1785290831.9082747,0.0,0.0,0.0014754559993743897
1785290831.910057,0.0,0.0,0.0014094079732894897
1785290831.9118638,0.0,0.0,0.001437343955039978
1785290831.9136455,0.0,0.0,0.00141702401638031
1785290831.915485,0.0,0.0,0.0014714879989624024
1785290831.9172976,0.0,0.0,0.0014425599575042724
1785290831.9191318,0.0,0.0,0.0014416320323944092
1785290831.9209478,0.0,0.0,0.0014407360553741456
1785290831.9227605,0.0,0.0,0.0014500479698181152
1785290831.924614,0.0,0.0,0.001460927963256836
1785290831.9264317,0.0,0.0,0.0014453439712524415
1785290831.9282598,0.0,0.0,0.0014601279497146607
1785290831.9300883,0.0,0.0,0.0014403200149536134
1785290831.931927,0.0,0.0,0.0014741439819335937
1785290831.9337425,0.0,0.0,0.0014447040557861329
1785290831.9355643,0.0,0.0,0.0014544639587402344
1785290831.937366,0.0,0.0,0.00143123197555542
1785290831.9391925,0.0,0.0,0.0014575680494308472
1785290831.9410307,0.0,0.0,0.001466495990753174
1785290831.9428751,0.0,0.0,0.001467136025428772
1785290831.9447224,0.0,0.0,0.0014538559913635253
1785290831.947296,0.0,0.0,0.001545024037361145
1785290831.949128,0.0,0.0,0.001450719952583313
1785290831.9509542,0.0,0.0,0.0014573760032653808
1785290831.9527962,0.0,0.0,0.0014531519412994385
1785290831.9545898,0.0,0.0,0.0014254080057144165
1785290831.956439,0.0,0.0,0.00147980797290802
1785290831.9582522,0.0,0.0,0.0014360640048980712
1785290831.9600842,0.0,0.0,0.0014667840003967285
1785290831.961916,0.0,0.0,0.0014663039445877075
1785290831.9637706,0.0,0.0,0.0014828480482101441
1785290831.9655733,0.0,0.0,0.001429792046546936
1785290831.967403,0.0,0.0,0.0014611200094223023
1785290831.9692154,0.0,0.0,0.001444767951965332
1785290831.971032,0.0,0.0,0.0014425599575042724
1785290831.9728878,0.0,0.0,0.001460543990135193
1785290831.9746976,0.0,0.0,0.0014410879611968994
1785290831.9765267,0.0,0.0,0.0014519040584564209
1785290831.9783466,0.0,0.0,0.0014456000328063965
1785290831.9801989,0.0,0.0,0.0014830080270767211
1785290831.9820068,0.0,0.0,0.0014417920112609864
1785290831.9838862,0.0,0.0,0.001512063980102539
1785290831.9857967,0.0,0.0,0.001509376049041748
1785290831.9876962,0.0,0.0,0.0014986560344696046
1785290831.9895294,0.0,0.0,0.0014507520198822023
1785290831.9913764,0.0,0.0,0.0014716800451278686
1785290831.9931922,0.0,0.0,0.0014413759708404542
1785290831.9950004,0.0,0.0,0.0014439680576324462
1785290831.9968681,0.0,0.0,0.0014690879583358764
1785290831.99874,0.0,0.0,0.00147871994972229
1785290832.0013893,0.0,0.0,0.0022537920475006103
1785290832.0033119,0.0,0.0,0.0015180480480194091
1785290832.0051541,0.0,0.0,0.0014571199417114258
1785290832.006999,0.0,0.0,0.0014698560237884522
1785290832.0088356,0.0,0.0,0.001444159984588623
1785290832.010657,0.0,0.0,0.0014525760412216187
1785290832.0125077,0.0,0.0,0.0014818559885025025
1785290832.014388,0.0,0.0,0.0014961600303649903
1785290832.01627,0.0,0.0,0.001498528003692627
1785290832.018084,0.0,0.0,0.0014409279823303222
1785290832.0199132,0.0,0.0,0.0014582079648971557
1785290832.0217242,0.0,0.0,0.00144159996509552
1785290832.0235734,0.0,0.0,0.001477504014968872
1785290832.0254142,0.0,0.0,0.001456063985824585
1785290832.0272367,0.0,0.0,0.0014638079404830932
1785290832.0290432,0.0,0.0,0.00143887996673584
1785290832.0308685,0.0,0.0,0.0014545600414276123
1785290832.0327196,0.0,0.0,0.0014597439765930175
1785290832.0345302,0.0,0.0,0.0014421759843826294
1785290832.0363808,0.0,0.0,0.0014805760383605957
1785290832.0381975,0.0,0.0,0.001446176052093506
1785290832.0400252,0.0,0.0,0.001460543990135193
1785290832.041833,0.0,0.0,0.00143887996673584
1785290832.043675,0.0,0.0,0.0014747200012207031
1785290832.0455034,0.0,0.0,0.001457919955253601
1785290832.0473404,0.0,0.0,0.0014703999757766724
1785290832.049149,0.0,0.0,0.0014425280094146728
1785290832.0509682,0.0,0.0,0.0014526400566101075
1785290832.0528388,0.0,0.0,0.0014640320539474488
1785290832.054688,0.0,0.0,0.0014599679708480835
1785290832.0572586,0.0,0.0,0.0021914238929748534
1785290832.0591552,0.0,0.0,0.001496000051498413
1785290832.0610113,0.0,0.0,0.0014749759435653687
1785290832.0628383,0.0,0.0,0.001456544041633606
1785290832.0646896,0.0,0.0,0.0014583040475845336
1785290832.06649,0.0,0.0,0.0014331200122833251
1785290832.068328,0.0,0.0,0.0014751360416412353
1785290832.0701284,0.0,0.0,0.0014343039989471436
1785290832.071954,0.0,0.0,0.0014587199687957763
1785290832.073778,0.0,0.0,0.001448032021522522
1785290832.0756168,0.0,0.0,0.0014751360416412353
1785290832.0774293,0.0,0.0,0.0014466880559921265
1785290832.079254,0.0,0.0,0.0014532159566879273
1785290832.081074,0.0,0.0,0.0014464000463485717
1785290832.082864,0.0,0.0,0.0014213759899139404
1785290832.08472,0.0,0.0,0.0014578880071640014
1785290832.0865345,0.0,0.0,0.0014448640346527099
1785290832.0883796,0.0,0.0,0.001476032018661499
1785290832.0901983,0.0,0.0,0.0014480960369110108
1785290832.0920472,0.0,0.0,0.0014784320592880248
