time,in_time,out_time,inference_time
1785290775.634063,0.0,0.0,0.0040260800160467625
1785290775.6383321,0.0,0.0,0.004021951928734779
1785290775.6426153,0.0,0.0,0.004043743945658207
1785290775.646901,0.0,0.0,0.004041824024170637
1785290775.6512282,0.0,0.0,0.004059616010636091
1785290775.655526,0.0,0.0,0.004051679978147149
1785290775.6598148,0.0,0.0,0.004039264051243663
1785290775.6641233,0.0,0.0,0.00406563188880682
1785290775.670917,0.0,0.0,0.006543040042743087
1785290775.6771257,0.0,0.0,0.005889215972274542
1785290775.6822124,0.0,0.0,0.004816096043214202
1785290775.6872623,0.0,0.0,0.004792864201590419
1785290775.6923628,0.0,0.0,0.0048480641562491655
1785290775.6973634,0.0,0.0,0.004747711820527911
1785290775.702392,0.0,0.0,0.004776832181960344
1785290775.7074687,0.0,0.0,0.00482268794439733
1785290775.7124262,0.0,0.0,0.004715936025604606
1785290775.7174218,0.0,0.0,0.00474659213796258
1785290775.7224298,0.0,0.0,0.004763743840157986
1785290775.728033,0.0,0.0,0.005356352077797055
1785290775.734344,0.0,0.0,0.006030815886333585
1785290775.7394903,0.0,0.0,0.004870143951848149
1785290775.7445107,0.0,0.0,0.004766144091263413
1785290775.7495618,0.0,0.0,0.004797664005309343
1785290775.7545586,0.0,0.0,0.004744448000565171
1785290775.759564,0.0,0.0,0.0047555838245898485
1785290775.7645662,0.0,0.0,0.004758944036439061
1785290775.7695985,0.0,0.0,0.004789951955899596
1785290775.7746274,0.0,0.0,0.004778239876031876
1785290775.7796757,0.0,0.0,0.0048044160939753056
1785290775.78527,0.0,0.0,0.005260031903162599
1785290775.79158,0.0,0.0,0.006043392000719905
1785290775.7967145,0.0,0.0,0.004835040075704455
1785290775.8018405,0.0,0.0,0.004857024177908897
1785290775.806931,0.0,0.0,0.004821823909878731
1785290775.812027,0.0,0.0,0.00480979192070663
1785290775.8170977,0.0,0.0,0.004808288067579269
1785290775.822168,0.0,0.0,0.004811391932889819
1785290775.8272402,0.0,0.0,0.004816320026293397
1785290775.8322685,0.0,0.0,0.004773247987031937
1785290775.8376505,0.0,0.0,0.005123679991811514
1785290775.8440893,0.0,0.0,0.0061412479262799025
1785290775.8492439,0.0,0.0,0.004899936029687524
1785290775.8543537,0.0,0.0,0.004833311773836613
1785290775.8594298,0.0,0.0,0.004810655955225229
1785290775.8645124,0.0,0.0,0.0048106880858540535
1785290775.8695967,0.0,0.0,0.004821311915293336
1785290775.8746674,0.0,0.0,0.004806879907846451
1785290775.8797364,0.0,0.0,0.004810560029000044
1785290775.8847816,0.0,0.0,0.0047871998976916075
1785290775.8898342,0.0,0.0,0.004797312198206782
1785290775.8956792,0.0,0.0,0.005590624175965786
1785290775.9021537,0.0,0.0,0.006138592027127743
1785290775.9073136,0.0,0.0,0.004889535950496793
1785290775.9124544,0.0,0.0,0.004858847940340638
1785290775.9175107,0.0,0.0,0.004782591946423054
1785290775.9233122,0.0,0.0,0.005533440038561821
1785290775.928452,0.0,0.0,0.004836319945752621
1785290775.933555,0.0,0.0,0.004817120032384992
1785290775.9386504,0.0,0.0,0.004818847868591547
1785290775.9437358,0.0,0.0,0.004827840020880103
1785290775.9487774,0.0,0.0,0.004775519948452711
1785290775.9544156,0.0,0.0,0.005368287907913327
1785290775.9606867,0.0,0.0,0.006009984062984586
1785290775.9658284,0.0,0.0,0.004853792022913694
1785290775.9709527,0.0,0.0,0.004847200121730566
1785290775.9760425,0.0,0.0,0.004789919825270772
1785290775.9811134,0.0,0.0,0.00480774394236505
1785290775.986188,0.0,0.0,0.00480655999854207
1785290775.9912772,0.0,0.0,0.004833728075027466
1785290775.9963467,0.0,0.0,0.004808672005310655
1785290776.0014093,0.0,0.0,0.004796575987711549
1785290776.006774,0.0,0.0,0.005098880035802722
1785290776.013415,0.0,0.0,0.00633958401158452
1785290776.018521,0.0,0.0,0.00484976009465754
1785290776.0236273,0.0,0.0,0.004827616037800908
1785290776.0287545,0.0,0.0,0.004865696188062429
1785290776.0338473,0.0,0.0,0.004817471839487553
1785290776.0389574,0.0,0.0,0.004855199949815869
1785290776.0440257,0.0,0.0,0.004790015984326601
1785290776.049099,0.0,0.0,0.004811584018170834
1785290776.0541866,0.0,0.0,0.004820863949134946
1785290776.0592647,0.0,0.0,0.00482310401275754
1785290776.064956,0.0,0.0,0.005437759915366769
1785290776.0713851,0.0,0.0,0.006135520059615374
1785290776.076496,0.0,0.0,0.004840960027649999
1785290776.0815954,0.0,0.0,0.0048296640161424875
1785290776.0867033,0.0,0.0,0.004833439830690622
1785290776.0918071,0.0,0.0,0.004838303895667195
1785290776.0968492,0.0,0.0,0.004778015892952681
1785290776.1019287,0.0,0.0,0.00482060806825757
1785290776.1070178,0.0,0.0,0.0048272639978677034
1785290776.1121264,0.0,0.0,0.004819903988391161
1785290776.1172106,0.0,0.0,0.004820543806999922
1785290776.1253557,0.0,0.0,0.007883744081482291
1785290776.1305275,0.0,0.0,0.0048714878503233194
1785290776.135654,0.0,0.0,0.004834624007344246
1785290776.140707,0.0,0.0,0.004772992106154561
1785290776.1458013,0.0,0.0,0.004811679944396019
1785290776.1508498,0.0,0.0,0.004783872049301863
1785290776.155992,0.0,0.0,0.004829152021557093
1785290776.1610472,0.0,0.0,0.004788415972143412
1785290776.1661289,0.0,0.0,0.004814815940335393
1785290776.171177,0.0,0.0,0.004785279976204038
1785290776.1774023,0.0,0.0,0.005963263800367713
1785290776.1849947,0.0,0.0,0.0071042561903595924
1785290776.1901662,0.0,0.0,0.004851903999224305
1785290776.1953485,0.0,0.0,0.004896159982308745
1785290776.2004673,0.0,0.0,0.004826399963349104
1785290776.2055483,0.0,0.0,0.004798207897692919
1785290776.2106426,0.0,0.0,0.004820703994482756
1785290776.215755,0.0,0.0,0.00484931212849915
1785290776.2207992,0.0,0.0,0.004777439869940281
1785290776.2258832,0.0,0.0,0.00482358387671411
1785290776.231695,0.0,0.0,0.005547424079850316
1785290776.2391486,0.0,0.0,0.007103552110493183
1785290776.244289,0.0,0.0,0.004850720055401325
1785290776.2494037,0.0,0.0,0.004826399963349104
1785290776.2544925,0.0,0.0,0.004814400104805827
1785290776.259582,0.0,0.0,0.004821376176550984
1785290776.2646408,0.0,0.0,0.004801311995834112
1785290776.2697062,0.0,0.0,0.004799135960638523
1785290776.2747598,0.0,0.0,0.00479158409871161
1785290776.2798471,0.0,0.0,0.004827616037800908
1785290776.2849193,0.0,0.0,0.004809536039829254
1785290776.2916439,0.0,0.0,0.0064694080501794815
1785290776.2988317,0.0,0.0,0.006818208144977689
1785290776.3040729,0.0,0.0,0.004861120134592056
1785290776.3091726,0.0,0.0,0.0048054722137749195
1785290776.314253,0.0,0.0,0.004806143930181861
1785290776.3193748,0.0,0.0,0.004853632068261504
1785290776.3244207,0.0,0.0,0.00477708806283772
1785290776.3294625,0.0,0.0,0.004776703892275691
1785290776.334525,0.0,0.0,0.004793728003278375
1785290776.3396015,0.0,0.0,0.004811264108866453
1785290776.345462,0.0,0.0,0.005593535955995321
1785290776.351877,0.0,0.0,0.006075008073821664
1785290776.356285,0.0,0.0,0.004126272164285183
1785290776.3606884,0.0,0.0,0.004119616001844406
1785290776.3650403,0.0,0.0,0.004079488106071949
1785290776.3693757,0.0,0.0,0.004066144116222858
1785290776.3737261,0.0,0.0,0.004086336120963097
1785290776.3780553,0.0,0.0,0.0040668160654604435
1785290776.3823965,0.0,0.0,0.004084928194060922
1785290776.386698,0.0,0.0,0.004040864063426852
1785290776.3910666,0.0,0.0,0.004108191933482885
1785290776.3954196,0.0,0.0,0.004071647999808192
1785290776.3997455,0.0,0.0,0.004064671928063035
1785290776.4076903,0.0,0.0,0.007686687866225839
1785290776.4121974,0.0,0.0,0.004203103948384523
1785290776.4166098,0.0,0.0,0.004099807934835553
1785290776.421024,0.0,0.0,0.004132543923333287
1785290776.4253864,0.0,0.0,0.004086527973413467
1785290776.4297373,0.0,0.0,0.0040773439686745405
1785290776.4341087,0.0,0.0,0.0041110399179160595
1785290776.438457,0.0,0.0,0.004080320009961724
1785290776.442816,0.0,0.0,0.004090463975444436
1785290776.4471986,0.0,0.0,0.004114016192033887
1785290776.4515357,0.0,0.0,0.00406444794498384
1785290776.4558616,0.0,0.0,0.0040669438894838095
1785290776.4640088,0.0,0.0,0.007887775776907802
1785290776.4685268,0.0,0.0,0.004211487947031856
1785290776.4729047,0.0,0.0,0.004078688099980354
1785290776.4772885,0.0,0.0,0.004098335979506373
1785290776.4816287,0.0,0.0,0.0040612800512462854
1785290776.4862363,0.0,0.0,0.004331903997808695
1785290776.4914284,0.0,0.0,0.004921055864542723
1785290776.4965827,0.0,0.0,0.004891359945759177
1785290776.5017185,0.0,0.0,0.004859808133915067
1785290776.5068305,0.0,0.0,0.0048323520459234715
1785290776.511967,0.0,0.0,0.004833728075027466
1785290776.518086,0.0,0.0,0.005837984150275588
1785290776.5244641,0.0,0.0,0.00601283204741776
1785290776.529619,0.0,0.0,0.004848575918003917
1785290776.5347996,0.0,0.0,0.004887615796178579
1785290776.539965,0.0,0.0,0.004874687874689698
1785290776.5451264,0.0,0.0,0.004880639957264066
1785290776.5502648,0.0,0.0,0.004862623987719417
1785290776.555431,0.0,0.0,0.004888671915978193
1785290776.5605567,0.0,0.0,0.0048530560452491045
1785290776.5656693,0.0,0.0,0.00483657605946064
1785290776.5712345,0.0,0.0,0.005291743902489543
1785290776.5780783,0.0,0.0,0.006529376143589616
1785290776.5832632,0.0,0.0,0.004915744066238403
1785290776.588425,0.0,0.0,0.004875263897702098
1785290776.5935543,0.0,0.0,0.00485315197147429
1785290776.5986753,0.0,0.0,0.0048401919193565845
1785290776.6038127,0.0,0.0,0.00485209608450532
1785290776.608928,0.0,0.0,0.004837407963350415
1785290776.6140883,0.0,0.0,0.004885663976892829
1785290776.6192474,0.0,0.0,0.004874367965385318
1785290776.624371,0.0,0.0,0.004840607987716794
1785290776.6300359,0.0,0.0,0.0054010560270398855
1785290776.6364439,0.0,0.0,0.006091391900554299
1785290776.6416433,0.0,0.0,0.004909632029011846
1785290776.6468234,0.0,0.0,0.0048975038807839155
1785290776.6519933,0.0,0.0,0.004875488113611937
1785290776.6571226,0.0,0.0,0.004848320037126541
1785290776.6622488,0.0,0.0,0.004847391974180937
1785290776.6673858,0.0,0.0,0.004869919968768954
1785290776.6725137,0.0,0.0,0.00485523184761405
1785290776.677629,0.0,0.0,0.004836544161662459
1785290776.6831934,0.0,0.0,0.005278239957988262
1785290776.691113,0.0,0.0,0.007577056065201759
1785290776.696468,0.0,0.0,0.00506121595390141
1785290776.7021718,0.0,0.0,0.005402208073064685
1785290776.7080479,0.0,0.0,0.005582175916060805
1785290776.7138612,0.0,0.0,0.005533728050068021
1785290776.719739,0.0,0.0,0.005597632145509124
1785290776.7256055,0.0,0.0,0.0055891519878059626
1785290776.7314613,0.0,0.0,0.005578367970883846
1785290776.7374973,0.0,0.0,0.005722591886296868
1785290776.7444174,0.0,0.0,0.006535424152389169
1785290776.7517004,0.0,0.0,0.007007807958871126
1785290776.758769,0.0,0.0,0.006773407803848386
1785290776.7657824,0.0,0.0,0.0067368000745773315
1785290776.7705178,0.0,0.0,0.0044264961034059525
1785290776.7752063,0.0,0.0,0.004426784114912152
1785290776.779855,0.0,0.0,0.004390815971419215
1785290776.784498,0.0,0.0,0.004396607866510749
1785290776.789101,0.0,0.0,0.004360575927421451
1785290776.794442,0.0,0.0,0.005101632094010711
1785290776.801248,0.0,0.0,0.0064154560677707195
1785290776.806002,0.0,0.0,0.004488704027608037
1785290776.8107612,0.0,0.0,0.0044664000160992146
1785290776.815534,0.0,0.0,0.004517408087849617
1785290776.8201928,0.0,0.0,0.004406624007970095
1785290776.8249214,0.0,0.0,0.004485183861106634
1785290776.829579,0.0,0.0,0.0044119039084762335
1785290776.8342483,0.0,0.0,0.004422335885465145
1785290776.8389015,0.0,0.0,0.004414527909830213
1785290776.843629,0.0,0.0,0.00445375987328589
1785290776.8482747,0.0,0.0,0.004404895938932896
1785290776.8534293,0.0,0.0,0.004913984099403024
1785290776.859514,0.0,0.0,0.005812255898490548
1785290776.864214,0.0,0.0,0.004433855880051851
1785290776.8688686,0.0,0.0,0.004406943917274475
1785290776.8735256,0.0,0.0,0.004409024026244879
1785290776.8781571,0.0,0.0,0.004383615916594863
1785290776.8827984,0.0,0.0,0.004406335996463895
1785290776.8874557,0.0,0.0,0.004417503951117396
1785290776.8920639,0.0,0.0,0.004371135961264372
1785290776.8966885,0.0,0.0,0.004386336077004671
1785290776.9012914,0.0,0.0,0.004367072135210037
1785290776.905906,0.0,0.0,0.0043748479802161455
1785290776.9110174,0.0,0.0,0.004866559989750385
1785290776.916755,0.0,0.0,0.005438431864604354
1785290776.9214447,0.0,0.0,0.004417951917275786
1785290776.9267151,0.0,0.0,0.0050153599586337805
1785290776.9314394,0.0,0.0,0.004462015815079212
1785290776.9361355,0.0,0.0,0.004440543940290809
1785290776.940753,0.0,0.0,0.004375871969386935
1785290776.945339,0.0,0.0,0.004349087830632925
1785290776.9499328,0.0,0.0,0.00435980805195868
1785290776.9546041,0.0,0.0,0.0044306241907179356
1785290776.9592166,0.0,0.0,0.004372352035716176
1785290776.9641063,0.0,0.0,0.004650944145396352
1785290776.9689026,0.0,0.0,0.004521152004599571
1785290776.9747825,0.0,0.0,0.0044657280668616295
1785290776.9794822,0.0,0.0,0.0044309759978204966
1785290776.9841204,0.0,0.0,0.004395743831992149
1785290776.9887462,0.0,0.0,0.004371807910501957
1785290776.9933777,0.0,0.0,0.004394912160933018
1785290776.997998,0.0,0.0,0.004378464072942734
1785290777.002599,0.0,0.0,0.004360160091891885
1785290777.00722,0.0,0.0,0.00438704015687108
1785290777.0118127,0.0,0.0,0.004357184050604701
1785290777.0164285,0.0,0.0,0.004382400074973702
1785290777.0213683,0.0,0.0,0.00470502395182848
1785290777.0284455,0.0,0.0,0.0067540479358285666
1785290777.033127,0.0,0.0,0.004404576029628515
1785290777.037793,0.0,0.0,0.004408959997817874
1785290777.042413,0.0,0.0,0.004366304026916623
1785290777.047005,0.0,0.0,0.004347488051280379
1785290777.0516276,0.0,0.0,0.004353887867182493
1785290777.0562437,0.0,0.0,0.004377376055344939
1785290777.060867,0.0,0.0,0.004373888019472361
1785290777.0654726,0.0,0.0,0.0043630399741232395
1785290777.0700853,0.0,0.0,0.004371168091893196
1785290777.0746825,0.0,0.0,0.004359424114227295
1785290777.0799189,0.0,0.0,0.004993184003978968
1785290777.0870767,0.0,0.0,0.006885375827550888
1785290777.0940373,0.0,0.0,0.006666239816695452
1785290777.0993416,0.0,0.0,0.005051167914643884
1785290777.10458,0.0,0.0,0.004974015988409519
1785290777.1098197,0.0,0.0,0.0049871038645505905
1785290777.115075,0.0,0.0,0.005002048099413514
1785290777.1204371,0.0,0.0,0.005082048010081053
1785290777.125785,0.0,0.0,0.005091584054753184
1785290777.1311386,0.0,0.0,0.005108928075060248
1785290777.1369452,0.0,0.0,0.005558048142120242
1785290777.14332,0.0,0.0,0.0061294399201869965
1785290777.1486633,0.0,0.0,0.005063359858468175
1785290777.1539266,0.0,0.0,0.004996448056772351
1785290777.1592746,0.0,0.0,0.0050919679924845695
1785290777.1645796,0.0,0.0,0.005041504045948386
1785290777.1698682,0.0,0.0,0.0050336639396846294
1785290777.1752403,0.0,0.0,0.005119136068969965
1785290777.1805618,0.0,0.0,0.0050269439816474915
1785290777.1857831,0.0,0.0,0.004959871992468834
1785290777.1915035,0.0,0.0,0.005480288062244654
1785290777.1984751,0.0,0.0,0.006697567878291011
1785290777.2037609,0.0,0.0,0.005016447976231575
1785290777.2090096,0.0,0.0,0.004985216073691845
1785290777.2142823,0.0,0.0,0.005021919962018728
1785290777.2196553,0.0,0.0,0.0051166401244699955
1785290777.2249646,0.0,0.0,0.0050512319430708885
1785290777.2302198,0.0,0.0,0.005010208114981651
1785290777.2355626,0.0,0.0,0.005093312123790383
1785290777.2408032,0.0,0.0,0.004993567941710353
1785290777.2460954,0.0,0.0,0.005047008162364364
1785290777.2522953,0.0,0.0,0.0059232639614492655
1785290777.257558,0.0,0.0,0.00501564797013998
1785290777.2628248,0.0,0.0,0.005021183984354138
1785290777.268108,0.0,0.0,0.005040128016844392
1785290777.2733517,0.0,0.0,0.0050050560384988785
1785290777.2785652,0.0,0.0,0.00497196801006794
1785290777.2837956,0.0,0.0,0.004996031988412142
1785290777.2890224,0.0,0.0,0.004997952142730355
1785290777.294239,0.0,0.0,0.0049821119755506516
1785290777.2995145,0.0,0.0,0.005053728120401502
1785290777.305303,0.0,0.0,0.005557119846343994
1785290777.3116958,0.0,0.0,0.006112255854532123
1785290777.3170278,0.0,0.0,0.005051519954577088
1785290777.3223028,0.0,0.0,0.005014047957956791
1785290777.3276026,0.0,0.0,0.005056000081822276
1785290777.3328407,0.0,0.0,0.004989471985027194
1785290777.3381004,0.0,0.0,0.005022752098739147
1785290777.343383,0.0,0.0,0.005036192014813423
1785290777.3486323,0.0,0.0,0.0050108160357922316
1785290777.3539028,0.0,0.0,0.005027360050007701
1785290777.3598313,0.0,0.0,0.005690400023013353
1785290777.366508,0.0,0.0,0.006399647798389196
1785290777.371804,0.0,0.0,0.0050320320297032595
1785290777.3770535,0.0,0.0,0.005002784077078104
1785290777.3823423,0.0,0.0,0.005043295910581946
1785290777.3875954,0.0,0.0,0.005009408108890057
1785290777.3922374,0.0,0.0,0.0044033280573785305
1785290777.3968558,0.0,0.0,0.004386720014736056
1785290777.4014995,0.0,0.0,0.0044081921223551035
1785290777.4060943,0.0,0.0,0.004354496020823717
1785290777.4107254,0.0,0.0,0.004393696086481214
1785290777.4157455,0.0,0.0,0.00477887992747128
1785290777.4219942,0.0,0.0,0.005980959860607982
1785290777.4266841,0.0,0.0,0.00443424005061388
1785290777.4313674,0.0,0.0,0.004429919878020883
1785290777.4360244,0.0,0.0,0.004401759942993522
1785290777.4408731,0.0,0.0,0.004605120047926903
1785290777.4455342,0.0,0.0,0.004420831799507141
1785290777.450201,0.0,0.0,0.004422751953825355
1785290777.4548843,0.0,0.0,0.004443424055352807
1785290777.4595804,0.0,0.0,0.004425408085808158
1785290777.464426,0.0,0.0,0.004598175873979926
1785290777.4719596,0.0,0.0,0.007285407977178693
1785290777.4797552,0.0,0.0,0.0075550079345703125
1785290777.4872313,0.0,0.0,0.007214080076664686
1785290777.4956892,0.0,0.0,0.00820111995562911
1785290777.5040803,0.0,0.0,0.008151679998263717
1785290777.512417,0.0,0.0,0.008094943827018142
1785290777.5218267,0.0,0.0,0.009162656031548977
1785290777.528902,0.0,0.0,0.006780480034649372
1785290777.5369968,0.0,0.0,0.007806591922417283
1785290777.5435953,0.0,0.0,0.006293375976383686
1785290777.550134,0.0,0.0,0.0062486398965120316
1785290777.5566678,0.0,0.0,0.00625417591072619
1785290777.5632217,0.0,0.0,0.006273120176047087
1785290777.5697093,0.0,0.0,0.006208032136783004
1785290777.576206,0.0,0.0,0.006226815981790423
1785290777.582704,0.0,0.0,0.006229727994650602
1785290777.5896096,0.0,0.0,0.0066319359466433525
1785290777.5961854,0.0,0.0,0.006310943979769945
1785290777.6026487,0.0,0.0,0.006176095921546221
1785290777.6091728,0.0,0.0,0.0062426559161394835
1785290777.6157105,0.0,0.0,0.006259360117837787
1785290777.6222024,0.0,0.0,0.006221151910722256
1785290777.628696,0.0,0.0,0.006213471991941333
1785290777.6352,0.0,0.0,0.006217760033905506
1785290777.6437628,0.0,0.0,0.008275775937363505
1785290777.6520083,0.0,0.0,0.007969087921082973
1785290777.6585445,0.0,0.0,0.006255584070459008
1785290777.66507,0.0,0.0,0.006245728116482496
1785290777.6715963,0.0,0.0,0.006242495961487293
1785290777.6780906,0.0,0.0,0.006217696005478501
1785290777.68472,0.0,0.0,0.006357216043397784
1785290777.6912513,0.0,0.0,0.006231679813936353
1785290777.6982892,0.0,0.0,0.006754720117896795
1785290777.7076356,0.0,0.0,0.0090633281506598
1785290777.716766,0.0,0.0,0.008824160089716315
1785290777.7234995,0.0,0.0,0.0063700799364596605
1785290777.7300675,0.0,0.0,0.006242975825443864
1785290777.736737,0.0,0.0,0.006355935940518975
1785290777.7432709,0.0,0.0,0.006248640129342675
1785290777.7497911,0.0,0.0,0.006232255836948752
1785290777.7566078,0.0,0.0,0.006540416041389108
1785290777.763225,0.0,0.0,0.006344576133415103
1785290777.76977,0.0,0.0,0.00624768016859889
1785290777.7762995,0.0,0.0,0.006241503870114684
1785290777.7827983,0.0,0.0,0.006209471961483359
1785290777.7893324,0.0,0.0,0.006249536061659455
1785290777.79591,0.0,0.0,0.006288351956754923
1785290777.8024125,0.0,0.0,0.006212992127984762
1785290777.80951,0.0,0.0,0.006808096077293158
1785290777.8176315,0.0,0.0,0.007834079908207059
1785290777.8242006,0.0,0.0,0.006269664037972689
1785290777.8308272,0.0,0.0,0.0063462399411946535
1785290777.8374498,0.0,0.0,0.006268479861319065
1785290777.844018,0.0,0.0,0.00627948809415102
1785290777.8505242,0.0,0.0,0.006215551868081093
1785290777.8570566,0.0,0.0,0.006252960069105029
1785290777.863608,0.0,0.0,0.006263296119868755
1785290777.871936,0.0,0.0,0.008048671996220946
1785290777.8771281,0.0,0.0,0.004907647846266627
1785290777.8818767,0.0,0.0,0.004416031995788217
1785290777.8866284,0.0,0.0,0.004461216041818261
1785290777.8914664,0.0,0.0,0.004557728068903089
1785290777.8962452,0.0,0.0,0.004492896143347025
1785290777.9009914,0.0,0.0,0.004455392016097903
1785290777.9058166,0.0,0.0,0.004540703957900405
1785290777.9105997,0.0,0.0,0.004501248011365533
1785290777.91538,0.0,0.0,0.004488448146730661
1785290777.9207869,0.0,0.0,0.005111136008054018
1785290777.9278166,0.0,0.0,0.0067379840184003115
1785290777.932631,0.0,0.0,0.00450790417380631
1785290777.937491,0.0,0.0,0.00455142417922616
1785290777.9422805,0.0,0.0,0.004508608020842075
1785290777.9470491,0.0,0.0,0.00447952002286911
1785290777.9518204,0.0,0.0,0.004468640079721808
1785290777.9565756,0.0,0.0,0.004472991917282343
1785290777.9613588,0.0,0.0,0.004498112015426159
1785290777.9661083,0.0,0.0,0.004456511931493878
1785290777.9708817,0.0,0.0,0.0044851519633084536
1785290777.9763994,0.0,0.0,0.00521065597422421
1785290777.9829173,0.0,0.0,0.0062207679729908705
1785290777.9877496,0.0,0.0,0.004503232194110751
1785290777.9925034,0.0,0.0,0.004463327815756202
1785290777.99726,0.0,0.0,0.004485183861106634
1785290778.0020323,0.0,0.0,0.004485567798838019
1785290778.006817,0.0,0.0,0.004492159932851791
1785290778.011623,0.0,0.0,0.004507808014750481
1785290778.018265,0.0,0.0,0.0063645439222455025
1785290778.023003,0.0,0.0,0.004463264020159841
1785290778.0278037,0.0,0.0,0.004482239950448275
1785290778.0332208,0.0,0.0,0.005129759898409247
1785290778.0395658,0.0,0.0,0.006068575894460082
1785290778.0443869,0.0,0.0,0.0045112320221960545
1785290778.0491893,0.0,0.0,0.00449711992405355
1785290778.0539432,0.0,0.0,0.004462559940293431
1785290778.0586796,0.0,0.0,0.004454879788681865
1785290778.0634356,0.0,0.0,0.004485472105443478
1785290778.068162,0.0,0.0,0.0044441919308155775
1785290778.0729,0.0,0.0,0.004460159922018647
1785290778.0776465,0.0,0.0,0.004463711986318231
1785290778.0823987,0.0,0.0,0.004475552123039961
1785290778.087747,0.0,0.0,0.00507689593359828
1785290778.094291,0.0,0.0,0.006258975947275758
1785290778.0990894,0.0,0.0,0.004510560072958469
1785290778.1038945,0.0,0.0,0.004476319998502731
1785290778.1086566,0.0,0.0,0.004466112004593015
1785290778.1134298,0.0,0.0,0.004485823912546039
1785290778.1182246,0.0,0.0,0.004502560012042522
1785290778.123008,0.0,0.0,0.004496927838772535
1785290778.1278083,0.0,0.0,0.004479007795453072
1785290778.1325507,0.0,0.0,0.00445007998496294
1785290778.1372952,0.0,0.0,0.004454656038433313
1785290778.142039,0.0,0.0,0.004465088015422225
1785290778.1481144,0.0,0.0,0.005797216203063726
1785290778.152908,0.0,0.0,0.004522304050624371
1785290778.1576777,0.0,0.0,0.004476831993088126
1785290778.1624515,0.0,0.0,0.004483039956539869
1785290778.1672304,0.0,0.0,0.004499071976169944
1785290778.1719623,0.0,0.0,0.004454527981579304
1785290778.1767306,0.0,0.0,0.004486399935558438
1785290778.181503,0.0,0.0,0.004485280020162463
1785290778.1862955,0.0,0.0,0.004519295878708363
1785290778.1910326,0.0,0.0,0.004461887991055846
1785290778.1957858,0.0,0.0,0.004453216213732958
1785290778.2011461,0.0,0.0,0.005077216075733304
1785290778.2074895,0.0,0.0,0.006068896036595106
1785290778.2122974,0.0,0.0,0.004497312009334564
1785290778.2170298,0.0,0.0,0.004436383955180645
1785290778.22183,0.0,0.0,0.0045116799883544445
1785290778.2265744,0.0,0.0,0.004469504114240408
1785290778.2313254,0.0,0.0,0.0044789439998567104
1785290778.236087,0.0,0.0,0.004490399966016412
1785290778.2408571,0.0,0.0,0.00448099197819829
1785290778.2456312,0.0,0.0,0.004486816003918648
1785290778.250394,0.0,0.0,0.004474431974813342
1785290778.2557294,0.0,0.0,0.005050016101449728
1785290778.2622125,0.0,0.0,0.006199872121214867
1785290778.267005,0.0,0.0,0.004496031906455755
1785290778.271811,0.0,0.0,0.004480191972106695
1785290778.2766054,0.0,0.0,0.004505599848926067
1785290778.2813847,0.0,0.0,0.004491456085816026
1785290778.2861574,0.0,0.0,0.0044676801189780235
1785290778.2909431,0.0,0.0,0.004491295898333192
1785290778.2957425,0.0,0.0,0.004478879971429706
1785290778.300493,0.0,0.0,0.00446310406550765
1785290778.3052483,0.0,0.0,0.004462623968720436
1785290778.3100135,0.0,0.0,0.004474816145375371
1785290778.3160942,0.0,0.0,0.005804383894428611
1785290778.3227346,0.0,0.0,0.006379776168614626
1785290778.3295617,0.0,0.0,0.006541728042066097
1785290778.336959,0.0,0.0,0.0071169601287692785
1785290778.342086,0.0,0.0,0.004840736044570804
1785290778.3472478,0.0,0.0,0.004876191960647702
1785290778.3522766,0.0,0.0,0.00474736001342535
1785290778.3573642,0.0,0.0,0.004801728064194322
1785290778.3624947,0.0,0.0,0.004845343995839357
1785290778.368131,0.0,0.0,0.005351488012820482
1785290778.3751557,0.0,0.0,0.006745632039383054
1785290778.3803313,0.0,0.0,0.004886368056759238
1785290778.385428,0.0,0.0,0.004802559968084097
1785290778.390551,0.0,0.0,0.004841087851673365
1785290778.3956943,0.0,0.0,0.004859615815803409
1785290778.4007618,0.0,0.0,0.004783392185345292
1785290778.4058554,0.0,0.0,0.004805695964023471
1785290778.4109724,0.0,0.0,0.004823007853701711
1785290778.4160821,0.0,0.0,0.004792896099388599
1785290778.4211302,0.0,0.0,0.004776448011398315
1785290778.4268026,0.0,0.0,0.005391904152929783
1785290778.4330924,0.0,0.0,0.0060061439871788025
1785290778.4382615,0.0,0.0,0.004870495991781354
1785290778.4433959,0.0,0.0,0.004844767972826958
1785290778.4484806,0.0,0.0,0.00480966386385262
1785290778.4537892,0.0,0.0,0.005027648061513901
1785290778.4588835,0.0,0.0,0.004815424093976617
1785290778.4640005,0.0,0.0,0.004810336045920849
1785290778.4690628,0.0,0.0,0.004784095799550414
1785290778.4741473,0.0,0.0,0.004803776042535901
1785290778.4792051,0.0,0.0,0.004775552079081535
1785290778.4860775,0.0,0.0,0.006593408063054085
1785290778.491945,0.0,0.0,0.005584480008110404
1785290778.4977205,0.0,0.0,0.005470528034493327
1785290778.503375,0.0,0.0,0.005366239929571748
1785290778.5084717,0.0,0.0,0.004810400074347854
1785290778.5135553,0.0,0.0,0.004802559968084097
1785290778.5186589,0.0,0.0,0.004823360126465559
1785290778.52379,0.0,0.0,0.0048536318354308605
1785290778.5295856,0.0,0.0,0.005515840137377381
1785290778.5352807,0.0,0.0,0.005412480095401406
1785290778.542179,0.0,0.0,0.006614527897909284
1785290778.5480697,0.0,0.0,0.0055973760318011045
1785290778.5538826,0.0,0.0,0.005511328112334013
1785290778.5596986,0.0,0.0,0.005528863985091448
1785290778.5654778,0.0,0.0,0.005486112087965012
1785290778.5712929,0.0,0.0,0.005532095907256007
1785290778.5770752,0.0,0.0,0.005491903983056545
1785290778.5829055,0.0,0.0,0.005550303962081671
1785290778.588724,0.0,0.0,0.005504768108949065
1785290778.5955262,0.0,0.0,0.006522080162540078
1785290778.6034958,0.0,0.0,0.007685951888561249
1785290778.6100657,0.0,0.0,0.0062767998315393925
1785290778.616619,0.0,0.0,0.006265504052862525
1785290778.6231542,0.0,0.0,0.006258272100239992
1785290778.6296713,0.0,0.0,0.006240767892450094
1785290778.6361892,0.0,0.0,0.006234335945919156
1785290778.642674,0.0,0.0,0.0062112638261169195
1785290778.649212,0.0,0.0,0.0062529598362743855
1785290778.6560848,0.0,0.0,0.006589632015675306
1785290778.6626604,0.0,0.0,0.006287168012931943
1785290778.669214,0.0,0.0,0.00625152001157403
1785290778.6757321,0.0,0.0,0.006232063984498382
1785290778.6822298,0.0,0.0,0.0062102400697767735
1785290778.6887841,0.0,0.0,0.006275488063693047
1785290778.6953018,0.0,0.0,0.006229056045413017
1785290778.7018251,0.0,0.0,0.00623702397570014
1785290778.7089272,0.0,0.0,0.006818783935159445
1785290778.7166991,0.0,0.0,0.006374367978423834
1785290778.7232606,0.0,0.0,0.006258463952690363
1785290778.7297738,0.0,0.0,0.006223039934411645
1785290778.736348,0.0,0.0,0.0062801281455904245
1785290778.7445168,0.0,0.0,0.007870431989431381
1785290778.7511153,0.0,0.0,0.006268928060308099
1785290778.7576878,0.0,0.0,0.006262175971642137
1785290778.764957,0.0,0.0,0.006984863895922899
1785290778.7727196,0.0,0.0,0.006350304000079632
1785290778.7792926,0.0,0.0,0.006268800003454089
1785290778.7858598,0.0,0.0,0.006271552061662078
1785290778.792357,0.0,0.0,0.006216160021722317
1785290778.7988706,0.0,0.0,0.006229792023077607
1785290778.8054109,0.0,0.0,0.006242592120543122
1785290778.8120291,0.0,0.0,0.006329183932393789
1785290778.8186073,0.0,0.0,0.006294944090768695
1785290778.8372035,0.0,0.0,0.01828806404955685
1785290778.8492162,0.0,0.0,0.011680256109684706
1785290778.8557773,0.0,0.0,0.00627964804880321
1785290778.8622444,0.0,0.0,0.006194144021719694
1785290778.8687851,0.0,0.0,0.00626809592358768
1785290778.8753352,0.0,0.0,0.006282239919528365
1785290778.8834364,0.0,0.0,0.00782422418706119
1785290778.8899984,0.0,0.0,0.006273152073845267
1785290778.896585,0.0,0.0,0.0063005120027810335
1785290778.9030886,0.0,0.0,0.006212607957422733
1785290778.909669,0.0,0.0,0.00625049602240324
1785290778.916208,0.0,0.0,0.006262944079935551
1785290778.9226832,0.0,0.0,0.006199487950652838
1785290778.9292014,0.0,0.0,0.006240447983145714
1785290778.9361186,0.0,0.0,0.006639871979132295
1785290778.9426942,0.0,0.0,0.006288799922913313
1785290778.9492362,0.0,0.0,0.006239904090762138
1785290778.9557524,0.0,0.0,0.006231551989912987
1785290778.962444,0.0,0.0,0.006409663939848542
1785290778.9689279,0.0,0.0,0.006195039954036474
1785290778.975483,0.0,0.0,0.006272832164540887
1785290778.9819996,0.0,0.0,0.006232095882296562
1785290778.9903667,0.0,0.0,0.008086655987426639
1785290778.9969382,0.0,0.0,0.006284384056925774
1785290779.0035017,0.0,0.0,0.006283679977059364
1785290779.009937,0.0,0.0,0.006159808021038771
1785290779.016422,0.0,0.0,0.006218048045411706
1785290779.0228763,0.0,0.0,0.006181312026455998
1785290779.029331,0.0,0.0,0.006173407891765237
1785290779.0358696,0.0,0.0,0.006275104125961661
1785290779.0423532,0.0,0.0,0.006213599815964699
1785290779.0506046,0.0,0.0,0.00797632010653615
1785290779.057147,0.0,0.0,0.006258111912757158
1785290779.06362,0.0,0.0,0.0061906559858471155
1785290779.070077,0.0,0.0,0.006187967956066132
1785290779.0765436,0.0,0.0,0.0062001601327210665
1785290779.0829663,0.0,0.0,0.0061586881056427956
1785290779.089416,0.0,0.0,0.006157855968922377
1785290779.0959113,0.0,0.0,0.006229823920875788
1785290779.1026464,0.0,0.0,0.006461119977757335
1785290779.1091821,0.0,0.0,0.006265823962166905
1785290779.1157153,0.0,0.0,0.00624976004473865
1785290779.1221588,0.0,0.0,0.0061760637909173965
1785290779.128607,0.0,0.0,0.006190303945913911
1785290779.1350515,0.0,0.0,0.006174080073833466
1785290779.1414819,0.0,0.0,0.006157855968922377
1785290779.1479452,0.0,0.0,0.006204352015629411
1785290779.1543467,0.0,0.0,0.006138367811217904
1785290779.1624916,0.0,0.0,0.007889823988080025
1785290779.1682165,0.0,0.0,0.00544979190453887
1785290779.1759434,0.0,0.0,0.007391551975160837
1785290779.1814516,0.0,0.0,0.005241984035819769
1785290779.1870894,0.0,0.0,0.005379584152251482
1785290779.1943555,0.0,0.0,0.006968480069190264
1785290779.2016013,0.0,0.0,0.0069834880996495485
1785290779.2072775,0.0,0.0,0.0054166719783097506
1785290779.2142787,0.0,0.0,0.006733824033290148
1785290779.2221744,0.0,0.0,0.00761926406994462
1785290779.2278857,0.0,0.0,0.0054194561671465635
1785290779.2332742,0.0,0.0,0.005096639972180128
1785290779.238537,0.0,0.0,0.0049816640093922615
1785290779.24393,0.0,0.0,0.005117823835462332
1785290779.248621,0.0,0.0,0.00437609595246613
1785290779.2532942,0.0,0.0,0.004400992067530751
1785290779.2579694,0.0,0.0,0.004366304026916623
1785290779.2626042,0.0,0.0,0.004354943986982107
1785290779.2678678,0.0,0.0,0.004984159953892231
1785290779.2738085,0.0,0.0,0.00565545610152185
1785290779.2785213,0.0,0.0,0.004426463972777128
1785290779.2832074,0.0,0.0,0.00442105601541698
1785290779.2878234,0.0,0.0,0.004358848091214895
1785290779.292474,0.0,0.0,0.004387520020827651
1785290779.2971113,0.0,0.0,0.004372064024209976
1785290779.3017447,0.0,0.0,0.004368384135887027
1785290779.3064144,0.0,0.0,0.004406880121678114
1785290779.3110673,0.0,0.0,0.004381503909826279
1785290779.3157682,0.0,0.0,0.004409344168379903
1785290779.32044,0.0,0.0,0.004392992006614804
1785290779.3265276,0.0,0.0,0.005812928080558777
1785290779.3312771,0.0,0.0,0.004464511992409825
1785290779.33596,0.0,0.0,0.004384991945698857
1785290779.3406508,0.0,0.0,0.004411039873957634
1785290779.345353,0.0,0.0,0.004431168083101511
1785290779.3500211,0.0,0.0,0.004393504001200199
1785290779.3546872,0.0,0.0,0.004399360157549381
1785290779.3593516,0.0,0.0,0.00439056009054184
1785290779.363976,0.0,0.0,0.004357696045190096
1785290779.3685892,0.0,0.0,0.004349919967353344
1785290779.3732162,0.0,0.0,0.004368928028270602
1785290779.3784418,0.0,0.0,0.004962655948475003
1785290779.3848734,0.0,0.0,0.006157952127978206
1785290779.389554,0.0,0.0,0.004414143972098827
1785290779.394214,0.0,0.0,0.004382112063467503
1785290779.3988483,0.0,0.0,0.004371999995782971
1785290779.4035006,0.0,0.0,0.0043710400350391865
1785290779.4081137,0.0,0.0,0.004346400033682585
1785290779.412781,0.0,0.0,0.00440451200120151
1785290779.4174387,0.0,0.0,0.0043892161920666695
1785290779.4221168,0.0,0.0,0.0043990397825837135
1785290779.426786,0.0,0.0,0.004396863980218768
1785290779.4314773,0.0,0.0,0.004424415994435549
1785290779.4366488,0.0,0.0,0.004905184032395482
1785290779.4426355,0.0,0.0,0.005716223968192935
1785290779.4474185,0.0,0.0,0.004500831943005323
1785290779.452064,0.0,0.0,0.0043728959280997515
1785290779.4567065,0.0,0.0,0.004369216039776802
1785290779.4613655,0.0,0.0,0.004399135941639543
1785290779.4660351,0.0,0.0,0.0043996479362249374
1785290779.4706736,0.0,0.0,0.004365439992398024
1785290779.4753346,0.0,0.0,0.0043863358441740274
1785290779.4799798,0.0,0.0,0.004367872141301632
1785290779.484619,0.0,0.0,0.004372223978862166
1785290779.4894438,0.0,0.0,0.004558432148769498
1785290779.495218,0.0,0.0,0.0054986560717225075
1785290779.4999123,0.0,0.0,0.004424639977514744
1785290779.5046065,0.0,0.0,0.004397247917950153
1785290779.509285,0.0,0.0,0.004400352016091347
1785290779.513938,0.0,0.0,0.004378719953820109
1785290779.518612,0.0,0.0,0.0043970560654997826
1785290779.523322,0.0,0.0,0.004432799993082881
1785290779.5279825,0.0,0.0,0.00439219200052321
1785290779.5326364,0.0,0.0,0.004382400074973702
1785290779.537293,0.0,0.0,0.004381407983601093
1785290779.5419457,0.0,0.0,0.004380031954497099
1785290779.5471148,0.0,0.0,0.004898976068943739
1785290779.5534453,0.0,0.0,0.006044224137440324
1785290779.5581446,0.0,0.0,0.004424704005941749
1785290779.5628257,0.0,0.0,0.004395839991047978
1785290779.5676095,0.0,0.0,0.0044911999721080065
1785290779.5722725,0.0,0.0,0.0043915200512856245
1785290779.5769405,0.0,0.0,0.0043982400093227625
1785290779.5816047,0.0,0.0,0.004396768053993583
1785290779.5862591,0.0,0.0,0.004388448083773255
1785290779.5909312,0.0,0.0,0.00440406403504312
1785290779.595761,0.0,0.0,0.004536479944363236
1785290779.5999897,0.0,0.0,0.003962528193369508
1785290779.6046133,0.0,0.0,0.004356960067525506
1785290779.6100988,0.0,0.0,0.005212384043261409
1785290779.6144288,0.0,0.0,0.0040434240363538265
1785290779.618704,0.0,0.0,0.004002048168331385
1785290779.622974,0.0,0.0,0.0039918078109622
1785290779.6272414,0.0,0.0,0.0039757119957357645
1785290779.6315234,0.0,0.0,0.0040071040857583284
1785290779.635781,0.0,0.0,0.003983455942943692
1785290779.6400278,0.0,0.0,0.003980512032285333
1785290779.6442673,0.0,0.0,0.003968575969338417
1785290779.6484995,0.0,0.0,0.003961728187277913
1785290779.6527307,0.0,0.0,0.0039674879517406225
1785290779.656998,0.0,0.0,0.00400230404920876
1785290779.6614792,0.0,0.0,0.0042192640248686075
1785290779.6667998,0.0,0.0,0.005056383786723018
1785290779.6711514,0.0,0.0,0.004059519851580262
1785290779.6754546,0.0,0.0,0.004018559819087386
1785290779.6796594,0.0,0.0,0.003940767841413617
1785290779.683932,0.0,0.0,0.004016096005216241
1785290779.688171,0.0,0.0,0.003982367925345898
1785290779.6924186,0.0,0.0,0.0039824319537729025
1785290779.6966548,0.0,0.0,0.003965599928051233
1785290779.7009053,0.0,0.0,0.003986976109445095
1785290779.7051673,0.0,0.0,0.004000000189989805
1785290779.7094245,0.0,0.0,0.00398838403634727
1785290779.7137213,0.0,0.0,0.004038495942950249
1785290779.719403,0.0,0.0,0.005408256081864238
1785290779.7237008,0.0,0.0,0.004022879991680384
1785290779.7279737,0.0,0.0,0.003989055985584855
1785290779.7322385,0.0,0.0,0.003985375864431262
1785290779.7364767,0.0,0.0,0.0039707201067358255
1785290779.7407079,0.0,0.0,0.0039641279727220535
1785290779.744959,0.0,0.0,0.003984928131103516
1785290779.7491746,0.0,0.0,0.003947871970012784
1785290779.753428,0.0,0.0,0.003987487871199846
1785290779.757699,0.0,0.0,0.003994880011305213
1785290779.764759,0.0,0.0,0.006782560143619776
1785290779.7691658,0.0,0.0,0.004051679978147149
1785290779.7737916,0.0,0.0,0.004325567977502942
1785290779.7792046,0.0,0.0,0.005137056112289429
1785290779.7835212,0.0,0.0,0.004020127933472395
1785290779.7877781,0.0,0.0,0.003975904081016779
1785290779.7922223,0.0,0.0,0.0041669439524412155
1785290779.7964826,0.0,0.0,0.003989215940237045
1785290779.8028116,0.0,0.0,0.006069184048101306
1785290779.8091705,0.0,0.0,0.006105151958763599
1785290779.815457,0.0,0.0,0.006052671931684017
1785290779.821706,0.0,0.0,0.00599731202237308
1785290779.8282516,0.0,0.0,0.006298144115135074
1785290779.8352506,0.0,0.0,0.006702048005536199
1785290779.8415666,0.0,0.0,0.006046399939805269
1785290779.8478487,0.0,0.0,0.006024192087352276
1785290779.8541963,0.0,0.0,0.006098848069086671
1785290779.8605118,0.0,0.0,0.006064991932362318
1785290779.8667994,0.0,0.0,0.00601564790122211
1785290779.873007,0.0,0.0,0.005946336081251502
1785290779.8793762,0.0,0.0,0.0061097280122339725
1785290779.8857486,0.0,0.0,0.006112544098868966
1785290779.8932478,0.0,0.0,0.006121376063674688
1785290779.8995821,0.0,0.0,0.006080480059608817
1785290779.9059057,0.0,0.0,0.006059904117137194
1785290779.9122324,0.0,0.0,0.006068479968234897
1785290779.9184937,0.0,0.0,0.006010079989209771
1785290779.9247868,0.0,0.0,0.006047551985830069
1785290779.9310484,0.0,0.0,0.006023295922204852
1785290779.9374602,0.0,0.0,0.006151359993964434
1785290779.944503,0.0,0.0,0.006740383803844452
1785290779.950792,0.0,0.0,0.006026655901223421
1785290779.9572265,0.0,0.0,0.006165312137454748
1785290779.963549,0.0,0.0,0.0060636799316853285
1785290779.9698455,0.0,0.0,0.006051135947927833
1785290779.9761355,0.0,0.0,0.0060433279722929
1785290779.9824111,0.0,0.0,0.00602720002643764
1785290779.9886956,0.0,0.0,0.0060293120332062244
1785290779.9951653,0.0,0.0,0.0062224960420280695
1785290780.0024474,0.0,0.0,0.007033024216070771
1785290780.0087798,0.0,0.0,0.0060740800108760595
1785290780.0150757,0.0,0.0,0.006040096050128341
1785290780.021439,0.0,0.0,0.0060703998897224665
1785290780.027781,0.0,0.0,0.0060824318788945675
1785290780.0340989,0.0,0.0,0.006066687870770693
1785290780.0404148,0.0,0.0,0.006078079808503389
1785290780.046773,0.0,0.0,0.006098335841670632
1785290780.0531166,0.0,0.0,0.00608342420309782
1785290780.0595932,0.0,0.0,0.0062212159391492605
1785290780.0660064,0.0,0.0,0.006140895886346698
1785290780.0723288,0.0,0.0,0.006057600025087595
1785290780.0786333,0.0,0.0,0.0060415680054575205
1785290780.0849643,0.0,0.0,0.006068512098863721
1785290780.091206,0.0,0.0,0.005996127845719457
1785290780.0974412,0.0,0.0,0.005984639981761575
1785290780.1037257,0.0,0.0,0.006022016052156687
1785290780.1102889,0.0,0.0,0.006306496215984225
1785290780.1177459,0.0,0.0,0.00608636811375618
1785290780.1240954,0.0,0.0,0.0060808961279690266
1785290780.1303556,0.0,0.0,0.005999904125928879
1785290780.1366098,0.0,0.0,0.005995200015604496
1785290780.1429324,0.0,0.0,0.0060604161117225885
1785290780.1491883,0.0,0.0,0.005993759958073497
1785290780.15548,0.0,0.0,0.006033535813912749
1785290780.1614459,0.0,0.0,0.005704576149582863
1785290780.1689582,0.0,0.0,0.007249407935887575
1785290780.1753461,0.0,0.0,0.006135232048109174
1785290780.1817145,0.0,0.0,0.0060858880169689655
1785290780.1880443,0.0,0.0,0.0060753601137548685
1785290780.194339,0.0,0.0,0.006030239863321185
1785290780.200679,0.0,0.0,0.006081183906644583
1785290780.206999,0.0,0.0,0.006060576066374779
1785290780.2133381,0.0,0.0,0.006056000012904406
1785290780.2196338,0.0,0.0,0.006039263913407922
1785290780.2261508,0.0,0.0,0.006260575959458947
1785290780.2324848,0.0,0.0,0.006092319963499904
1785290780.2387922,0.0,0.0,0.00606047990731895
1785290780.2451246,0.0,0.0,0.006089407950639725
1785290780.2514548,0.0,0.0,0.006076832069084048
1785290780.2577424,0.0,0.0,0.006042464170604944
1785290780.264027,0.0,0.0,0.006050368072465062
1785290780.27021,0.0,0.0,0.005933632142841816
1785290780.2769454,0.0,0.0,0.006483616074547172
1785290780.2837696,0.0,0.0,0.006584607996046543
1785290780.291257,0.0,0.0,0.007229343988001347
1785290780.299465,0.0,0.0,0.007953343912959099
1785290780.307811,0.0,0.0,0.008098784135654569
1785290780.316051,0.0,0.0,0.007989055942744017
1785290780.3237197,0.0,0.0,0.0074141439981758595
1785290780.3325806,0.0,0.0,0.00860655982978642
1785290780.3403525,0.0,0.0,0.007518559927120805
1785290780.3480918,0.0,0.0,0.007467967923730612
1785290780.3558254,0.0,0.0,0.007464032154530287
1785290780.363519,0.0,0.0,0.0074317120015621185
1785290780.3711514,0.0,0.0,0.007372543914243579
1785290780.3786228,0.0,0.0,0.007198399864137173
1785290780.386805,0.0,0.0,0.007925983984023333
1785290780.3941767,0.0,0.0,0.007119487971067429
1785290780.4015346,0.0,0.0,0.007102880161255598
1785290780.408828,0.0,0.0,0.007038687821477652
1785290780.4161198,0.0,0.0,0.007024287944659591
1785290780.4234407,0.0,0.0,0.0070555200800299644
1785290780.4306707,0.0,0.0,0.00698281591758132
1785290780.4380217,0.0,0.0,0.0070887040346860886
1785290780.4469533,0.0,0.0,0.008672096068039536
1785290780.4545393,0.0,0.0,0.007287039887160063
1785290780.461884,0.0,0.0,0.007075519999489188
1785290780.4692283,0.0,0.0,0.007077824091538787
1785290780.4765227,0.0,0.0,0.007034784182906151
1785290780.4838488,0.0,0.0,0.0070816639345139265
1785290780.4911866,0.0,0.0,0.007082048105075955
1785290780.4993849,0.0,0.0,0.007939008064568043
1785290780.5069652,0.0,0.0,0.007320896023884416
1785290780.5143218,0.0,0.0,0.007075359812006354
1785290780.5216482,0.0,0.0,0.00705769588239491
1785290780.5289981,0.0,0.0,0.007090399973094463
1785290780.536328,0.0,0.0,0.007071392145007849
1785290780.5436425,0.0,0.0,0.00705385603941977
1785290780.5509079,0.0,0.0,0.007019008044153452
1785290780.5597155,0.0,0.0,0.008531711995601654
1785290780.5670466,0.0,0.0,0.007072960026562214
1785290780.5743904,0.0,0.0,0.007051072083413601
1785290780.5817149,0.0,0.0,0.00706966407597065
1785290780.5890114,0.0,0.0,0.007044479949399829
1785290780.5963743,0.0,0.0,0.0071005120407789946
1785290780.6036882,0.0,0.0,0.0070612800773233175
1785290780.611565,0.0,0.0,0.007624960038810968
1785290780.6192005,0.0,0.0,0.007378688082098961
1785290780.6265798,0.0,0.0,0.007094559958204627
1785290780.6339529,0.0,0.0,0.00709795206785202
1785290780.6412377,0.0,0.0,0.007024671882390976
1785290780.6485476,0.0,0.0,0.007045120000839233
1785290780.6558168,0.0,0.0,0.007007424021139741
1785290780.66305,0.0,0.0,0.006974400021135807
1785290780.671826,0.0,0.0,0.008490623906254768
1785290780.679139,0.0,0.0,0.007046912098303437
1785290780.6864753,0.0,0.0,0.007048224098980427
1785290780.693796,0.0,0.0,0.00705561600625515
1785290780.701048,0.0,0.0,0.006993504008278251
1785290780.7083592,0.0,0.0,0.007052447879686952
1785290780.7156553,0.0,0.0,0.0070477440021932125
1785290780.7235472,0.0,0.0,0.007639423944056034
1785290780.7311356,0.0,0.0,0.0073388798628002405
1785290780.73848,0.0,0.0,0.00707235187292099
1785290780.7457798,0.0,0.0,0.007035295944660902
1785290780.7531135,0.0,0.0,0.007082336116582155
1785290780.7604647,0.0,0.0,0.007099455920979381
1785290780.7678132,0.0,0.0,0.0070921918377280235
1785290780.7747817,0.0,0.0,0.006708512082695961
1785290780.7838407,0.0,0.0,0.008815520210191607
1785290780.793217,0.0,0.0,0.009119680151343346
1785290780.8006012,0.0,0.0,0.007096064044162631
1785290780.807927,0.0,0.0,0.007058623945340514
1785290780.8152633,0.0,0.0,0.007054975954815745
1785290780.8225262,0.0,0.0,0.007014688104391098
1785290780.8298025,0.0,0.0,0.007031423971056938
1785290780.838344,0.0,0.0,0.008295295992866158
1785290780.845899,0.0,0.0,0.007296768017113209
1785290780.8533187,0.0,0.0,0.007092959946021438
1785290780.860636,0.0,0.0,0.007052768021821976
1785290780.8679903,0.0,0.0,0.00707411183975637
1785290780.8753216,0.0,0.0,0.0070665921084582806
1785290780.8825788,0.0,0.0,0.006998687982559204
1785290780.8902586,0.0,0.0,0.007423328002914786
1785290780.897902,0.0,0.0,0.007358496077358723
1785290780.905304,0.0,0.0,0.007132640108466148
1785290780.9126453,0.0,0.0,0.0070861761923879385
1785290780.9199274,0.0,0.0,0.007031359942629933
1785290780.9271946,0.0,0.0,0.007021856028586626
1785290780.9344878,0.0,0.0,0.007047712104395032
1785290780.9417772,0.0,0.0,0.007035391870886087
1785290780.9506886,0.0,0.0,0.008618880063295364
1785290780.9580417,0.0,0.0,0.007089247927069664
1785290780.9653497,0.0,0.0,0.0070410240441560745
1785290780.9726815,0.0,0.0,0.007083552191033959
1785290780.9797676,0.0,0.0,0.006838399916887283
1785290780.9870453,0.0,0.0,0.007035807939246297
1785290780.9943447,0.0,0.0,0.007028159918263555
1785290781.0017927,0.0,0.0,0.00720655987970531
1785290781.0093293,0.0,0.0,0.0072774398140609264
1785290781.0167334,0.0,0.0,0.007130879908800125
1785290781.0239708,0.0,0.0,0.006968032103031874
1785290781.0312824,0.0,0.0,0.007062399992719293
1785290781.0385563,0.0,0.0,0.007012704154476523
1785290781.0458481,0.0,0.0,0.007045472040772438
1785290781.0531,0.0,0.0,0.007002720143646002
1785290781.0620017,0.0,0.0,0.008654495934024453
1785290781.0699103,0.0,0.0,0.0076512000523507595
1785290781.0777714,0.0,0.0,0.007586207939311862
1785290781.0854359,0.0,0.0,0.007406368153169751
1785290781.0934815,0.0,0.0,0.007792447926476598
1785290781.101481,0.0,0.0,0.0077592001762241125
1785290781.1094491,0.0,0.0,0.007731840014457703
1785290781.1186333,0.0,0.0,0.008945791982114315
1785290781.1265414,0.0,0.0,0.007672576000913978
1785290781.1338964,0.0,0.0,0.007102911826223135
1785290781.1412575,0.0,0.0,0.007099648006260395
1785290781.148815,0.0,0.0,0.007260543992742896
1785290781.1560113,0.0,0.0,0.006931711919605732
1785290781.1633418,0.0,0.0,0.007066463818773627
1785290781.1739151,0.0,0.0,0.01032736012712121
1785290781.182218,0.0,0.0,0.008053024066612124
1785290781.190456,0.0,0.0,0.0079662399366498
1785290781.1986246,0.0,0.0,0.007900031981989741
1785290781.2068233,0.0,0.0,0.007939295843243599
1785290781.2150095,0.0,0.0,0.007914432091638446
1785290781.2240088,0.0,0.0,0.008711008122190833
1785290781.2325459,0.0,0.0,0.008264672011137009
1785290781.2408156,0.0,0.0,0.008010368095710874
1785290781.2490623,0.0,0.0,0.007982784183695912
1785290781.2572713,0.0,0.0,0.007961184019222856
1785290781.2654686,0.0,0.0,0.00794691196642816
1785290781.273637,0.0,0.0,0.007923391880467534
1785290781.282412,0.0,0.0,0.008529376005753875
1785290781.2905343,0.0,0.0,0.007865792140364647
1785290781.2984998,0.0,0.0,0.007693663937970996
1785290781.306543,0.0,0.0,0.007787936134263873
1785290781.314617,0.0,0.0,0.0078103041741997
1785290781.3226142,0.0,0.0,0.007720896042883396
1785290781.3304105,0.0,0.0,0.00753046409226954
1785290781.3388226,0.0,0.0,0.008153695845976472
1785290781.346835,0.0,0.0,0.007756128208711743
1785290781.3548176,0.0,0.0,0.007662527961656451
1785290781.3625247,0.0,0.0,0.007432927843183279
1785290781.3699977,0.0,0.0,0.007195679936558008
1785290781.3772762,0.0,0.0,0.007020160090178251
1785290781.3845541,0.0,0.0,0.007033888017758727
1785290781.3927486,0.0,0.0,0.00794937601312995
1785290781.4003768,0.0,0.0,0.007373376050963998
1785290781.4077094,0.0,0.0,0.007065183948725462
1785290781.415255,0.0,0.0,0.007287840126082301
1785290781.422563,0.0,0.0,0.007044927915558219
1785290781.4298885,0.0,0.0,0.007071264088153839
1785290781.437192,0.0,0.0,0.007048320025205612
1785290781.4444065,0.0,0.0,0.006956127937883139
1785290781.4532096,0.0,0.0,0.008549920050427318
1785290781.4611094,0.0,0.0,0.007634399924427271
1785290781.4684758,0.0,0.0,0.007079072063788772
1785290781.4757447,0.0,0.0,0.007009216118603945
1785290781.4830825,0.0,0.0,0.0070850239135324955
1785290781.4903514,0.0,0.0,0.006997216027230024
1785290781.4975743,0.0,0.0,0.0069630080834031105
1785290781.5055716,0.0,0.0,0.007731584133580327
1785290781.513112,0.0,0.0,0.00727433618158102
1785290781.5204763,0.0,0.0,0.007100511807948351
1785290781.527777,0.0,0.0,0.007029344094917178
1785290781.535168,0.0,0.0,0.007121632108464837
1785290781.5425103,0.0,0.0,0.0070732159074395895
1785290781.5498421,0.0,0.0,0.00707059190608561
1785290781.5571303,0.0,0.0,0.007020479999482632
1785290781.5662236,0.0,0.0,0.008837728062644601
1785290781.573608,0.0,0.0,0.00712841609492898
1785290781.5809686,0.0,0.0,0.007083103992044926
1785290781.5879278,0.0,0.0,0.006692640017718077
1785290781.5952318,0.0,0.0,0.007041631964966655
1785290781.602519,0.0,0.0,0.007014975883066654
1785290781.6098044,0.0,0.0,0.007023711921647191
1785290781.6172364,0.0,0.0,0.007165919989347458
1785290781.6249037,0.0,0.0,0.007400320144370198
1785290781.6323152,0.0,0.0,0.007122464012354612
1785290781.6396303,0.0,0.0,0.007042976096272469
1785290781.6471162,0.0,0.0,0.007230304181575775
1785290781.6543922,0.0,0.0,0.0070076799020171165
1785290781.6617246,0.0,0.0,0.007063231896609068
1785290781.669117,0.0,0.0,0.0071220481768250465
1785290781.6782844,0.0,0.0,0.008899775799363852
1785290781.6856627,0.0,0.0,0.007109376136213541
1785290781.6930327,0.0,0.0,0.007077408023178577
1785290781.700382,0.0,0.0,0.007077472051605582
1785290781.7077389,0.0,0.0,0.007085183868184686
1785290781.7153828,0.0,0.0,0.007389503996819258
1785290781.7226436,0.0,0.0,0.007016288116574287
1785290781.7304301,0.0,0.0,0.007519840029999614
1785290781.7380183,0.0,0.0,0.007333792047575116
1785290781.745395,0.0,0.0,0.007100992137566209
1785290781.7527575,0.0,0.0,0.007087968057021499
1785290781.7601035,0.0,0.0,0.007089472142979503
1785290781.7674222,0.0,0.0,0.007054975954815745
1785290781.7746956,0.0,0.0,0.007012927904725075
1785290781.7820299,0.0,0.0,0.0070682240184396505
1785290781.7904587,0.0,0.0,0.008177023846656084
1785290781.7978005,0.0,0.0,0.0070875841192901134
1785290781.805051,0.0,0.0,0.0069928960874676704
1785290781.8139215,0.0,0.0,0.008620064007118344
1785290781.8212793,0.0,0.0,0.007075423840433359
1785290781.8287067,0.0,0.0,0.007150944089516997
1785290781.8359647,0.0,0.0,0.0069931200705468655
1785290781.8449607,0.0,0.0,0.008739008102566004
1785290781.8528824,0.0,0.0,0.007675423985347152
1785290781.8606958,0.0,0.0,0.007559103891253471
1785290781.8684852,0.0,0.0,0.007534208009019494
1785290781.8759706,0.0,0.0,0.007238047895953059
1785290781.883807,0.0,0.0,0.007584991864860058
1785290781.8916507,0.0,0.0,0.007583552040159702
1785290781.9007194,0.0,0.0,0.00877673621289432
1785290781.90826,0.0,0.0,0.007287360029295087
1785290781.9157436,0.0,0.0,0.007195679936558008
1785290781.9232275,0.0,0.0,0.0072146879974752665
1785290781.930679,0.0,0.0,0.007182271918281913
1785290781.9385839,0.0,0.0,0.007650015875697136
1785290781.9464018,0.0,0.0,0.007550911977887154
1785290781.956166,0.0,0.0,0.009456128114834428
1785290781.963562,0.0,0.0,0.0071284479927271605
1785290781.971429,0.0,0.0,0.00760313612408936
1785290781.9794893,0.0,0.0,0.007794271921738982
1785290781.9875462,0.0,0.0,0.007800735998898745
1785290781.99541,0.0,0.0,0.007609920110553503
1785290782.0031753,0.0,0.0,0.007503903936594725
1785290782.0131195,0.0,0.0,0.009685631841421127
1785290782.0208135,0.0,0.0,0.0074350719805806875
1785290782.02899,0.0,0.0,0.00792022398672998
1785290782.036938,0.0,0.0,0.007677919929847121
1785290782.0450995,0.0,0.0,0.00789139186963439
1785290782.0532632,0.0,0.0,0.007900512078776956
1785290782.0614164,0.0,0.0,0.007882848149165511
1785290782.0712385,0.0,0.0,0.009555935859680176
1785290782.07933,0.0,0.0,0.007822592044249177
1785290782.0871644,0.0,0.0,0.007571008056402206
1785290782.0945013,0.0,0.0,0.007074431981891394
1785290782.102032,0.0,0.0,0.0072687361389398575
1785290782.109546,0.0,0.0,0.007249888032674789
1785290782.116885,0.0,0.0,0.007089024176821113
1785290782.1265616,0.0,0.0,0.009418783942237496
1785290782.1338801,0.0,0.0,0.007072479929775
1785290782.1413686,0.0,0.0,0.007225440116599202
1785290782.1488605,0.0,0.0,0.007230464136227965
1785290782.1559732,0.0,0.0,0.00686223991215229
1785290782.164121,0.0,0.0,0.007888543885201216
1785290782.1721122,0.0,0.0,0.007744703907519579
1785290782.1821191,0.0,0.0,0.009761247783899307
1785290782.1901612,0.0,0.0,0.007796511985361576
1785290782.1980107,0.0,0.0,0.0075932161416858435
1785290782.2060232,0.0,0.0,0.007748096017166972
1785290782.2139575,0.0,0.0,0.007670495891943574
1785290782.221975,0.0,0.0,0.0077572481241077185
1785290782.229617,0.0,0.0,0.007388191996142268
1785290782.2384539,0.0,0.0,0.008563423994928598
1785290782.2466738,0.0,0.0,0.007959039881825447
1785290782.254505,0.0,0.0,0.007552223978564143
1785290782.2619627,0.0,0.0,0.007182687986642122
1785290782.2694175,0.0,0.0,0.007184031885117292
1785290782.2768743,0.0,0.0,0.007186559960246086
1785290782.2843728,0.0,0.0,0.007228927919641137
1785290782.293764,0.0,0.0,0.009140544105321169
1785290782.3013468,0.0,0.0,0.007316448027268052
1785290782.3087234,0.0,0.0,0.0071100478526204824
1785290782.3161128,0.0,0.0,0.007115615997463465
1785290782.3234398,0.0,0.0,0.007055392023175955
1785290782.3307495,0.0,0.0,0.0070395199581980705
1785290782.3380373,0.0,0.0,0.007023359881713986
1785290782.3457952,0.0,0.0,0.007496959995478392
1785290782.3534236,0.0,0.0,0.00735395192168653
1785290782.3608623,0.0,0.0,0.007150528021156788
1785290782.3682153,0.0,0.0,0.007067712023854256
1785290782.3755786,0.0,0.0,0.007092992076650262
1785290782.3829002,0.0,0.0,0.007038527866825461
1785290782.3902698,0.0,0.0,0.007071488071233034
1785290782.398373,0.0,0.0,0.007841279963031411
1785290782.4060342,0.0,0.0,0.00738057610578835
1785290782.4134681,0.0,0.0,0.007151456084102392
1785290782.420866,0.0,0.0,0.007111487910151482
1785290782.4282296,0.0,0.0,0.007094336207956076
1785290782.4356155,0.0,0.0,0.007123776013031602
1785290782.4431903,0.0,0.0,0.0073080959264189005
1785290782.4505463,0.0,0.0,0.007102816132828593
1785290782.4592478,0.0,0.0,0.008449375862255692
1785290782.4668984,0.0,0.0,0.0073399359825998545
1785290782.4743247,0.0,0.0,0.00705708796158433
1785290782.4816957,0.0,0.0,0.007089119870215654
1785290782.4890456,0.0,0.0,0.007076255977153778
1785290782.496388,0.0,0.0,0.00707011204212904
1785290782.5037732,0.0,0.0,0.007104703923687339
1785290782.511527,0.0,0.0,0.0074856639839708805
1785290782.5191453,0.0,0.0,0.007339647971093655
1785290782.5265381,0.0,0.0,0.007104352116584778
1785290782.5339243,0.0,0.0,0.007106240140274167
1785290782.5413554,0.0,0.0,0.0071475200820714235
1785290782.548771,0.0,0.0,0.0071359360590577126
1785290782.5562892,0.0,0.0,0.007239775964990258
1785290782.5636933,0.0,0.0,0.0071310719940811396
1785290782.5729961,0.0,0.0,0.009022847982123494
1785290782.580491,0.0,0.0,0.007173599908128381
1785290782.5879765,0.0,0.0,0.00714678387157619
1785290782.5953567,0.0,0.0,0.0070859519764781
1785290782.602725,0.0,0.0,0.0070869759656488895
1785290782.610091,0.0,0.0,0.007092704065144062
1785290782.6174786,0.0,0.0,0.00711587187834084
1785290782.6270697,0.0,0.0,0.009322399972006679
1785290782.6345203,0.0,0.0,0.007163583999499679
1785290782.6419284,0.0,0.0,0.007096064044162631
1785290782.6492975,0.0,0.0,0.00706982403062284
1785290782.656725,0.0,0.0,0.0071407039649784565
1785290782.664066,0.0,0.0,0.007049344014376402
1785290782.6714158,0.0,0.0,0.0070729919243603945
1785290782.6790795,0.0,0.0,0.007395904045552015
1785290782.6867008,0.0,0.0,0.007310527842491865
1785290782.6941152,0.0,0.0,0.007122816052287817
1785290782.7014513,0.0,0.0,0.0070373439230024815
1785290782.7088451,0.0,0.0,0.0071208958979696035
1785290782.7160826,0.0,0.0,0.0069600960705429316
1785290782.7234685,0.0,0.0,0.007110720034688711
1785290782.7308564,0.0,0.0,0.007116544060409069
1785290782.7397451,0.0,0.0,0.008588256081566215
1785290782.7472272,0.0,0.0,0.007204096065834165
1785290782.7546217,0.0,0.0,0.007094592088833451
1785290782.7620077,0.0,0.0,0.007106655975803733
1785290782.7693782,0.0,0.0,0.0070981120225042105
1785290782.77675,0.0,0.0,0.0070909440983086824
1785290782.78413,0.0,0.0,0.007119136163964868
1785290782.7917073,0.0,0.0,0.007304223952814937
1785290782.7993987,0.0,0.0,0.007407519966363907
1785290782.8067856,0.0,0.0,0.007107936078682542
1785290782.814182,0.0,0.0,0.007110432023182511
1785290782.8215432,0.0,0.0,0.007086944067850709
1785290782.828898,0.0,0.0,0.007080575916916132
1785290782.837166,0.0,0.0,0.007995264139026403
1785290782.845133,0.0,0.0,0.007648768136277795
1785290782.8529212,0.0,0.0,0.007489087991416454
1785290782.8603709,0.0,0.0,0.007148159900680184
1785290782.8677578,0.0,0.0,0.007080896059051156
1785290782.8753502,0.0,0.0,0.007313983980566263
1785290782.8827198,0.0,0.0,0.0070751679595559835
1785290782.890095,0.0,0.0,0.007083648117259145
1785290782.8974414,0.0,0.0,0.007049087900668383
1785290782.9066398,0.0,0.0,0.008919168030843139
1785290782.914433,0.0,0.0,0.007506784051656723
1785290782.922036,0.0,0.0,0.007281919941306114
1785290782.9298537,0.0,0.0,0.007529919967055321
1785290782.9378645,0.0,0.0,0.0077302721329033375
1785290782.9456787,0.0,0.0,0.007521727820858359
1785290782.9538772,0.0,0.0,0.007864607963711023
1785290782.9635477,0.0,0.0,0.009373215958476067
1785290782.9713326,0.0,0.0,0.007502111839130521
1785290782.9783072,0.0,0.0,0.0066698878072202206
1785290782.985583,0.0,0.0,0.0069974719081074
1785290782.9929743,0.0,0.0,0.007110432023182511
1785290783.0006838,0.0,0.0,0.007430111989378929
1785290783.0080578,0.0,0.0,0.0071019199676811695
1785290783.0163074,0.0,0.0,0.007980992086231709
1785290783.0249302,0.0,0.0,0.007201567990705371
1785290783.0332258,0.0,0.0,0.007988544180989265
1785290783.0414903,0.0,0.0,0.007969568017870188
1785290783.0497377,0.0,0.0,0.007955231936648488
1785290783.0579484,0.0,0.0,0.00792099186219275
1785290783.0661619,0.0,0.0,0.007925951853394508
1785290783.0764043,0.0,0.0,0.009970719926059246
1785290783.0847456,0.0,0.0,0.008061856031417847
1785290783.093068,0.0,0.0,0.008030751952901483
1785290783.1014159,0.0,0.0,0.008057055994868279
1785290783.1096623,0.0,0.0,0.007957888068631291
1785290783.1174595,0.0,0.0,0.007522528059780598
1785290783.1268272,0.0,0.0,0.009097824105992913
1785290783.1349761,0.0,0.0,0.00789046403951943
1785290783.143133,0.0,0.0,0.007851263973861933
1785290783.1512759,0.0,0.0,0.007812608033418655
1785290783.1594195,0.0,0.0,0.007865343941375613
1785290783.1674714,0.0,0.0,0.0077715839724987745
1785290783.1755478,0.0,0.0,0.00780067197047174
1785290783.1861942,0.0,0.0,0.010372128104791045
1785290783.1941855,0.0,0.0,0.007716448046267033
1785290783.2021637,0.0,0.0,0.0076670399866998196
1785290783.2099695,0.0,0.0,0.007501023821532726
1785290783.217897,0.0,0.0,0.007642464013770223
1785290783.225633,0.0,0.0,0.0074534721206873655
1785290783.233327,0.0,0.0,0.007426975993439555
1785290783.2426045,0.0,0.0,0.009003967978060246
1785290783.2499874,0.0,0.0,0.007119776215404272
1785290783.2573454,0.0,0.0,0.00708416011184454
1785290783.2646856,0.0,0.0,0.007085024146363139
1785290783.2720842,0.0,0.0,0.007133600069209933
1785290783.2794218,0.0,0.0,0.0070742720272392035
1785290783.2867408,0.0,0.0,0.007064223987981677
1785290783.294385,0.0,0.0,0.007381824078038335
1785290783.3019817,0.0,0.0,0.007328544044867158
1785290783.3093672,0.0,0.0,0.0071191678289324045
1785290783.3167152,0.0,0.0,0.007086463971063495
1785290783.3240604,0.0,0.0,0.007079264149069786
1785290783.3313513,0.0,0.0,0.007019615964964032
1785290783.3386328,0.0,0.0,0.0070172802079468966
1785290783.3458996,0.0,0.0,0.007002719910815358
1785290783.354813,0.0,0.0,0.008651072159409523
1785290783.3621871,0.0,0.0,0.007107839919626713
1785290783.3695557,0.0,0.0,0.007085184101015329
1785290783.3770127,0.0,0.0,0.007194079924374819
1785290783.3842778,0.0,0.0,0.007020351942628622
1785290783.3915865,0.0,0.0,0.00704156793653965
1785290783.3989005,0.0,0.0,0.007044128142297268
1785290783.4065926,0.0,0.0,0.0074168958235532045
1785290783.4142723,0.0,0.0,0.007410079939290881
1785290783.4216855,0.0,0.0,0.007128191879019141
1785290783.4290695,0.0,0.0,0.0071073598228394985
1785290783.4362931,0.0,0.0,0.006961247883737087
1785290783.443632,0.0,0.0,0.007089216029271483
1785290783.450928,0.0,0.0,0.007035168120637536
1785290783.4582686,0.0,0.0,0.007049311883747578
1785290783.4670298,0.0,0.0,0.008506176061928272
1785290783.474406,0.0,0.0,0.007105280179530382
1785290783.481739,0.0,0.0,0.0070845759473741055
1785290783.4890037,0.0,0.0,0.007012864109128714
1785290783.4966702,0.0,0.0,0.007421023910865188
1785290783.503981,0.0,0.0,0.0070610560942441225
1785290783.5112815,0.0,0.0,0.007063104072585702
1785290783.5188577,0.0,0.0,0.00733884796500206
1785290783.5264711,0.0,0.0,0.007347167935222387
1785290783.5337977,0.0,0.0,0.007074303925037384
1785290783.5411143,0.0,0.0,0.007064447971060872
1785290783.5484006,0.0,0.0,0.00703830411657691
1785290783.5554082,0.0,0.0,0.006763039855286479
1785290783.5626767,0.0,0.0,0.007021311903372407
1785290783.5699668,0.0,0.0,0.007021120050922036
1785290783.5788069,0.0,0.0,0.008564959978684783
1785290783.5861607,0.0,0.0,0.007099136011675
1785290783.5934799,0.0,0.0,0.007050559855997562
1785290783.600832,0.0,0.0,0.007093983935192227
1785290783.6080909,0.0,0.0,0.007004000013694167
1785290783.6154013,0.0,0.0,0.00706806406378746
1785290783.6226292,0.0,0.0,0.0069794561713933945
1785290783.6303308,0.0,0.0,0.007455999962985516
1785290783.637863,0.0,0.0,0.007286463864147663
1785290783.6452448,0.0,0.0,0.007125119911506772
1785290783.6526382,0.0,0.0,0.007148416014388204
1785290783.6599221,0.0,0.0,0.007039583986625075
1785290783.6672316,0.0,0.0,0.007056159898638725
1785290783.6745043,0.0,0.0,0.007022815989330411
1785290783.6817846,0.0,0.0,0.007030335953459144
1785290783.6907747,0.0,0.0,0.008750143926590681
1785290783.6980553,0.0,0.0,0.007029983913525939
1785290783.7053576,0.0,0.0,0.0070437120739370584
1785290783.712624,0.0,0.0,0.007019616197794676
1785290783.7198763,0.0,0.0,0.007007807958871126
1785290783.7271538,0.0,0.0,0.007031232118606567
1785290783.7344706,0.0,0.0,0.00705516804009676
1785290783.7421854,0.0,0.0,0.0074582400266081095
1785290783.7498217,0.0,0.0,0.0073806720320135355
1785290783.7571998,0.0,0.0,0.007102463860064745
1785290783.7645612,0.0,0.0,0.007095295935869217
1785290783.7718618,0.0,0.0,0.007042943965643644
1785290783.7791743,0.0,0.0,0.007064159959554672
1785290783.7864332,0.0,0.0,0.007005919935181737
1785290783.793701,0.0,0.0,0.0069988800678402185
1785290783.8023887,0.0,0.0,0.008427103981375694
1785290783.809795,0.0,0.0,0.007149855839088559
1785290783.8171167,0.0,0.0,0.00705459201708436
1785290783.8244495,0.0,0.0,0.007073248038068414
1785290783.8318172,0.0,0.0,0.007106848061084747
1785290783.839127,0.0,0.0,0.007014336064457893
1785290783.8464484,0.0,0.0,0.007049727952107787
1785290783.8540196,0.0,0.0,0.007309440057724714
1785290783.8620098,0.0,0.0,0.007722079986706376
1785290783.8694606,0.0,0.0,0.007165664108470082
1785290783.8766708,0.0,0.0,0.006925279973074794
1785290783.884338,0.0,0.0,0.007391808088868856
1785290783.8919227,0.0,0.0,0.007311936002224684
1785290783.899301,0.0,0.0,0.0071145601104944944
1785290783.9075623,0.0,0.0,0.007995071820914745
1785290783.9151728,0.0,0.0,0.0073353920597583055
1785290783.9232097,0.0,0.0,0.007765888003632426
1785290783.9306703,0.0,0.0,0.007107328157871962
1785290783.93827,0.0,0.0,0.00730911991558969
1785290783.9456685,0.0,0.0,0.007108448073267937
1785290783.9528568,0.0,0.0,0.006857952103018761
1785290783.96086,0.0,0.0,0.0077223998960107565
1785290783.9705539,0.0,0.0,0.00942646386101842
1785290783.9784737,0.0,0.0,0.007659296039491892
1785290783.9865272,0.0,0.0,0.007766976021230221
1785290783.9945989,0.0,0.0,0.00778764788992703
1785290784.0026426,0.0,0.0,0.007768800016492605
1785290784.0106978,0.0,0.0,0.007790080038830638
1785290784.0193799,0.0,0.0,0.008418975863605738
1785290784.0275044,0.0,0.0,0.007833695970475674
1785290784.0355747,0.0,0.0,0.007806079927831888
1785290784.0436308,0.0,0.0,0.00778380804695189
1785290784.05162,0.0,0.0,0.00772627186961472
1785290784.0596495,0.0,0.0,0.007776960032060742
1785290784.0676339,0.0,0.0,0.007699072128161788
1785290784.0767658,0.0,0.0,0.008880415931344032
1785290784.0845718,0.0,0.0,0.007528543937951326
1785290784.0923288,0.0,0.0,0.007484480040147901
1785290784.0998867,0.0,0.0,0.0072962879203259945
1785290784.1073637,0.0,0.0,0.007226879941299558
1785290784.114806,0.0,0.0,0.007195680169388652
1785290784.122291,0.0,0.0,0.007237184094265103
1785290784.130616,0.0,0.0,0.008068256080150604
1785290784.1386864,0.0,0.0,0.0078019199427217245
1785290784.1460981,0.0,0.0,0.007130016107112169
1785290784.153492,0.0,0.0,0.00711673591285944
1785290784.1606596,0.0,0.0,0.006871967809274793
1785290784.1685557,0.0,0.0,0.007618879899382591
1785290784.1764483,0.0,0.0,0.007626655977219343
1785290784.1843104,0.0,0.0,0.0075984320137649775
1785290784.193931,0.0,0.0,0.00935100787319243
1785290784.2018995,0.0,0.0,0.007701856084167957
1785290784.2092962,0.0,0.0,0.007113215979188681
1785290784.2166622,0.0,0.0,0.007088799960911274
1785290784.2240624,0.0,0.0,0.007138688117265701
1785290784.231571,0.0,0.0,0.007254207972437143
1785290784.2390468,0.0,0.0,0.007232191972434521
1785290784.2486508,0.0,0.0,0.00931830401532352
1785290784.256026,0.0,0.0,0.007120256079360843
1785290784.2639897,0.0,0.0,0.00769251212477684
1785290784.2717142,0.0,0.0,0.0074607678689062595
1785290784.2792711,0.0,0.0,0.007293632021173835
1785290784.287342,0.0,0.0,0.007799039827659726
1785290784.2954104,0.0,0.0,0.007787007838487625
1785290784.3051245,0.0,0.0,0.009437920060008764
1785290784.3132274,0.0,0.0,0.007837760029360652
1785290784.321121,0.0,0.0,0.007618112023919821
1785290784.3288445,0.0,0.0,0.007458783918991685
1785290784.336844,0.0,0.0,0.007730080047622323
1785290784.344665,0.0,0.0,0.007569216191768646
1785290784.3524861,0.0,0.0,0.00757724791765213
1785290784.3610046,0.0,0.0,0.00827775988727808
1785290784.368136,0.0,0.0,0.0068758400157094
1785290784.375528,0.0,0.0,0.0071309758350253105
1785290784.3825128,0.0,0.0,0.006734719965606928
1785290784.3901947,0.0,0.0,0.00742764794267714
1785290784.3975296,0.0,0.0,0.0070809919852763414
1785290784.4048092,0.0,0.0,0.007027295883744955
1785290784.4137216,0.0,0.0,0.00865923217497766
1785290784.4218693,0.0,0.0,0.0078903678804636
1785290784.4301305,0.0,0.0,0.007987231947481632
1785290784.438185,0.0,0.0,0.007777919992804527
1785290784.4460387,0.0,0.0,0.007594688097015023
1785290784.4539044,0.0,0.0,0.007599360076710582
1785290784.4619606,0.0,0.0,0.007797472178936005
1785290784.4721131,0.0,0.0,0.009896672097966075
1785290784.479318,0.0,0.0,0.006960064172744751
1785290784.4866238,0.0,0.0,0.007026208098977804
1785290784.4946182,0.0,0.0,0.007734623970463872
1785290784.502589,0.0,0.0,0.007722815964370966
1785290784.5105872,0.0,0.0,0.007747136056423187
1785290784.5185943,0.0,0.0,0.007756096078082919
1785290784.5287292,0.0,0.0,0.009890111861750484
1785290784.5366306,0.0,0.0,0.007662079995498061
1785290784.5445006,0.0,0.0,0.007601856021210551
1785290784.5523481,0.0,0.0,0.007593248039484024
1785290784.560151,0.0,0.0,0.0075481918174773455
1785290784.56799,0.0,0.0,0.007587200030684471
1785290784.5757666,0.0,0.0,0.007526496192440391
1785290784.584875,0.0,0.0,0.008849312085658312
1785290784.592191,0.0,0.0,0.007065312005579472
1785290784.5994658,0.0,0.0,0.007015264127403498
1785290784.6067438,0.0,0.0,0.007029504049569368
1785290784.6140022,0.0,0.0,0.007008991902694106
1785290784.6212645,0.0,0.0,0.007027168059721589
1785290784.6285586,0.0,0.0,0.007042784010991454
1785290784.6366837,0.0,0.0,0.007873855996876955
1785290784.6442719,0.0,0.0,0.007341535994783044
1785290784.6516383,0.0,0.0,0.007100543938577175
1785290784.659161,0.0,0.0,0.007257343968376517
1785290784.6664598,0.0,0.0,0.007044863887131214
1785290784.6737745,0.0,0.0,0.007062752032652497
1785290784.6808085,0.0,0.0,0.006783040007576346
1785290784.6883872,0.0,0.0,0.007329792017117143
1785290784.696995,0.0,0.0,0.008339775959029794
1785290784.7043915,0.0,0.0,0.007124607916921377
1785290784.7117727,0.0,0.0,0.007092031883075833
1785290784.719359,0.0,0.0,0.007295263931155205
1785290784.7266896,0.0,0.0,0.0070426559541374445
1785290784.7339666,0.0,0.0,0.007003007922321558
1785290784.7413745,0.0,0.0,0.007151807891204953
1785290784.7488043,0.0,0.0,0.007183104055002332
1785290784.7562013,0.0,0.0,0.007133631967008114
1785290784.7635355,0.0,0.0,0.007064896170049906
1785290784.7708344,0.0,0.0,0.007028863998129964
1785290784.7781734,0.0,0.0,0.00705292820930481
1785290784.7855504,0.0,0.0,0.007103231968358159
1785290784.792955,0.0,0.0,0.007139327935874462
1785290784.8007493,0.0,0.0,0.007545375963672996
1785290784.8088086,0.0,0.0,0.007804576074704528
1785290784.816203,0.0,0.0,0.007138912100344896
1785290784.823518,0.0,0.0,0.007027296116575599
1785290784.830843,0.0,0.0,0.0070496960543096066
1785290784.838227,0.0,0.0,0.007089919876307249
1785290784.845548,0.0,0.0,0.007045792182907462
1785290784.8528779,0.0,0.0,0.007062495918944478
1785290784.8604755,0.0,0.0,0.007329792017117143
1785290784.8681333,0.0,0.0,0.007386975921690464
1785290784.8755584,0.0,0.0,0.007120287977159023
1785290784.8848758,0.0,0.0,0.009033439913764596
1785290784.8923805,0.0,0.0,0.0072079680394381285
1785290784.8997886,0.0,0.0,0.007117568049579859
1785290784.9074736,0.0,0.0,0.007410976104438305
1785290784.9153879,0.0,0.0,0.007652448024600744
1785290784.9229844,0.0,0.0,0.007331871893256903
1785290784.9303977,0.0,0.0,0.007104352116584778
1785290784.938335,0.0,0.0,0.00766515196301043
1785290784.945943,0.0,0.0,0.00733616016805172
1785290784.953454,0.0,0.0,0.007179423933848739
1785290784.960862,0.0,0.0,0.007104415912181139
1785290784.968353,0.0,0.0,0.007206335896626115
1785290784.9763594,0.0,0.0,0.007712703896686435
1785290784.9837635,0.0,0.0,0.0071351679507642984
1785290784.9911444,0.0,0.0,0.007099807960912585
1785290784.99847,0.0,0.0,0.007043200079351664
1785290785.0057917,0.0,0.0,0.007031999994069338
1785290785.0131114,0.0,0.0,0.007039231946691871
1785290785.0204725,0.0,0.0,0.007087872130796313
1785290785.028178,0.0,0.0,0.0074394880793988705
1785290785.0368953,0.0,0.0,0.007305952021852136
1785290785.0443048,0.0,0.0,0.007105439901351929
1785290785.051477,0.0,0.0,0.006880831904709339
1785290785.0588758,0.0,0.0,0.00712988805025816
1785290785.0663056,0.0,0.0,0.007122656097635627
1785290785.073709,0.0,0.0,0.00711497594602406
1785290785.081654,0.0,0.0,0.007657599868252873
1785290785.0893674,0.0,0.0,0.0074377600103616714
1785290785.0967567,0.0,0.0,0.007090016035363078
1785290785.1041317,0.0,0.0,0.007101216120645404
1785290785.1114728,0.0,0.0,0.007069567916914821
1785290785.1187758,0.0,0.0,0.007033152040094137
1785290785.126138,0.0,0.0,0.00708435196429491
1785290785.1335144,0.0,0.0,0.00711331213824451
1785290785.142387,0.0,0.0,0.008617471903562546
1785290785.14983,0.0,0.0,0.007152447942644358
1785290785.1572192,0.0,0.0,0.007116032065823674
1785290785.1645684,0.0,0.0,0.007091999985277653
1785290785.1719692,0.0,0.0,0.007129407953470945
1785290785.1793742,0.0,0.0,0.007139808032661676
1785290785.1866908,0.0,0.0,0.0070508799981325865
1785290785.1943648,0.0,0.0,0.007400864036753774
1785290785.201993,0.0,0.0,0.007343200035393238
1785290785.2094064,0.0,0.0,0.007131232181563973
1785290785.2168112,0.0,0.0,0.00711673591285944
1785290785.2241971,0.0,0.0,0.0071086399257183075
1785290785.2316017,0.0,0.0,0.007131039863452315
1785290785.2389607,0.0,0.0,0.007087648147717118
1785290785.2463574,0.0,0.0,0.007098431931808591
1785290785.2552533,0.0,0.0,0.008611008059233427
1785290785.2626374,0.0,0.0,0.007099936017766595
1785290785.2700458,0.0,0.0,0.007111679995432496
1785290785.2773728,0.0,0.0,0.0070365117862820625
1785290785.2847455,0.0,0.0,0.00710089597851038
1785290785.2920995,0.0,0.0,0.00707251182757318
1785290785.2994688,0.0,0.0,0.007075487868860364
1785290785.3070893,0.0,0.0,0.0073387520387768745
1785290785.3147266,0.0,0.0,0.007327968021854758
1785290785.3221247,0.0,0.0,0.007110848091542721
1785290785.3294806,0.0,0.0,0.007082464173436165
1785290785.3368862,0.0,0.0,0.007120192050933838
1785290785.3442621,0.0,0.0,0.0071000640746206045
1785290785.351584,0.0,0.0,0.0070584958884865046
1785290785.359235,0.0,0.0,0.007383648073300719
1785290785.3672779,0.0,0.0,0.007779775885865092
1785290785.3746536,0.0,0.0,0.007110656006261706
1785290785.3820221,0.0,0.0,0.00709926406852901
1785290785.3893318,0.0,0.0,0.00705414405092597
1785290785.3966596,0.0,0.0,0.007067103870213032
1785290785.404036,0.0,0.0,0.007110687904059887
1785290785.4114273,0.0,0.0,0.007132383994758129
1785290785.418876,0.0,0.0,0.0071929278783500195
1785290785.4265335,0.0,0.0,0.007357791997492313
1785290785.4339886,0.0,0.0,0.007161248009651899
1785290785.4413683,0.0,0.0,0.007088320096954703
1785290785.4487557,0.0,0.0,0.0071107198018580675
1785290785.4560807,0.0,0.0,0.007054943824186921
1785290785.4634821,0.0,0.0,0.007106559816747904
1785290785.471476,0.0,0.0,0.007708831923082471
1785290785.479137,0.0,0.0,0.007368223974481225
1785290785.4864767,0.0,0.0,0.007060704054310918
1785290785.4938831,0.0,0.0,0.007114336127415299
1785290785.5012975,0.0,0.0,0.007124800002202392
1785290785.5086348,0.0,0.0,0.0070717118214815855
1785290785.5159712,0.0,0.0,0.007091296138241887
1785290785.523342,0.0,0.0,0.00711583998054266
1785290785.5308316,0.0,0.0,0.007227680180221796
1785290785.5396972,0.0,0.0,0.007397087989374995
1785290785.547144,0.0,0.0,0.007166687864810228
1785290785.554522,0.0,0.0,0.007110207807272673
1785290785.5618603,0.0,0.0,0.007077600108459592
1785290785.569212,0.0,0.0,0.00708505604416132
1785290785.5767264,0.0,0.0,0.007235200144350529
1785290785.5845456,0.0,0.0,0.007543359883129597
1785290785.5921774,0.0,0.0,0.007364928023889661
1785290785.599584,0.0,0.0,0.007123392075300217
1785290785.606957,0.0,0.0,0.007104543969035149
1785290785.614295,0.0,0.0,0.0070485761389136314
1785290785.6216695,0.0,0.0,0.007107872050255537
1785290785.628869,0.0,0.0,0.006926240166649222
1785290785.6362584,0.0,0.0,0.0071217280346900225
1785290785.6450899,0.0,0.0,0.008565888041630387
1785290785.6524727,0.0,0.0,0.007119551999494433
1785290785.6596425,0.0,0.0,0.006895039929077029
1785290785.6672218,0.0,0.0,0.007309728069230914
1785290785.6746016,0.0,0.0,0.007069343933835626
1785290785.682,0.0,0.0,0.007121280068531632
1785290785.6894343,0.0,0.0,0.0071360638830810785
1785290785.697217,0.0,0.0,0.007509344024583697
1785290785.7049131,0.0,0.0,0.007418368011713028
1785290785.7124126,0.0,0.0,0.007215679856017232
1785290785.719973,0.0,0.0,0.007275295909494162
1785290785.7273786,0.0,0.0,0.007131424034014344
1785290785.7347448,0.0,0.0,0.007105408003553748
1785290785.742053,0.0,0.0,0.007051263935863972
1785290785.7493954,0.0,0.0,0.0070713600143790245
1785290785.7579014,0.0,0.0,0.008240255992859602
1785290785.7652552,0.0,0.0,0.007104512071236968
1785290785.7726517,0.0,0.0,0.007121152011677623
1785290785.7799957,0.0,0.0,0.007078016176819801
1785290785.7873745,0.0,0.0,0.0071124478708952665
1785290785.7947319,0.0,0.0,0.007081183837726712
1785290785.8021328,0.0,0.0,0.0071256638038903475
1785290785.8098316,0.0,0.0,0.007419808069244027
1785290785.818754,0.0,0.0,0.007378048030659556
1785290785.8261824,0.0,0.0,0.007134976098313928
1785290785.8335922,0.0,0.0,0.007120352005586028
1785290785.8409913,0.0,0.0,0.007127647986635566
1785290785.8484035,0.0,0.0,0.007138655986636877
1785290785.8558617,0.0,0.0,0.007128767902031541
1785290785.8636909,0.0,0.0,0.007507232017815113
1785290785.8713953,0.0,0.0,0.007397631881758571
1785290785.8787801,0.0,0.0,0.007075263885781169
1785290785.8862255,0.0,0.0,0.007139839930459857
1785290785.8936625,0.0,0.0,0.007149824174121022
1785290785.9010646,0.0,0.0,0.00708268815651536
1785290785.9085982,0.0,0.0,0.0072339519392699
1785290785.9162757,0.0,0.0,0.0073554241098463535
1785290785.9249868,0.0,0.0,0.008390111848711967
1785290785.9323862,0.0,0.0,0.007112640189006925
1785290785.9409766,0.0,0.0,0.008281728019937873
1785290785.948384,0.0,0.0,0.007109408034011722
1785290785.9558637,0.0,0.0,0.0071526397950947285
1785290785.963882,0.0,0.0,0.007727712159976363
1785290785.9721053,0.0,0.0,0.007942208088934422
1785290785.9809856,0.0,0.0,0.008609439944848418
1785290785.9892917,0.0,0.0,0.00803859205916524
1785290785.9974,0.0,0.0,0.007823168067261577
1785290786.0054784,0.0,0.0,0.007794208126142621
1785290786.0134323,0.0,0.0,0.0076900802087038755
1785290786.0214996,0.0,0.0,0.007789952214807272
1785290786.030458,0.0,0.0,0.008682655869051814
1785290786.038658,0.0,0.0,0.007925855927169323
1785290786.0467467,0.0,0.0,0.00781283201649785
1785290786.054821,0.0,0.0,0.0077871999237686396
1785290786.0628943,0.0,0.0,0.007806367939338088
1785290786.0709753,0.0,0.0,0.00778204808011651
1785290786.0790248,0.0,0.0,0.007767135975882411
1785290786.088056,0.0,0.0,0.008751231944188476
1785290786.0959797,0.0,0.0,0.0076596480794250965
1785290786.103852,0.0,0.0,0.00759455980733037
1785290786.111793,0.0,0.0,0.007671360159292817
1785290786.1195095,0.0,0.0,0.00745619204826653
1785290786.1272442,0.0,0.0,0.007460671942681074
1785290786.1350703,0.0,0.0,0.007561856182292104
1785290786.144178,0.0,0.0,0.008825024124234915
1785290786.1516488,0.0,0.0,0.007209728006273508
1785290786.1589856,0.0,0.0,0.007051199907436967
1785290786.1663055,0.0,0.0,0.007013343973085284
1785290786.1736176,0.0,0.0,0.007032864028587937
1785290786.1809347,0.0,0.0,0.007047584047541022
1785290786.1882246,0.0,0.0,0.007030688226222992
1785290786.1954966,0.0,0.0,0.007031392073258758
1785290786.2045157,0.0,0.0,0.00875465595163405
1785290786.2118843,0.0,0.0,0.007121567847207189
1785290786.2192469,0.0,0.0,0.007069663843140006
1785290786.2265172,0.0,0.0,0.0070039997808635235
1785290786.2337794,0.0,0.0,0.007003584178164601
1785290786.2410927,0.0,0.0,0.0070570241659879684
1785290786.2483811,0.0,0.0,0.007039136020466685
1785290786.2560906,0.0,0.0,0.007461440050974488
1785290786.2636998,0.0,0.0,0.007351263891905546
1785290786.271188,0.0,0.0,0.007226207992061973
1785290786.2785113,0.0,0.0,0.007066367892548442
1785290786.2858548,0.0,0.0,0.00708639994263649
1785290786.2931845,0.0,0.0,0.0070728641003370285
1785290786.3004916,0.0,0.0,0.007052575936540961
1785290786.3080258,0.0,0.0,0.007272799964994192
1785290786.3166225,0.0,0.0,0.0083375358954072
1785290786.3240068,0.0,0.0,0.00712963193655014
1785290786.3313699,0.0,0.0,0.007088640006259084
1785290786.338712,0.0,0.0,0.007076064124703407
1785290786.3460457,0.0,0.0,0.0070675520692020655
1785290786.3534205,0.0,0.0,0.007100480142980814
1785290786.3606758,0.0,0.0,0.006990080000832677
1785290786.368543,0.0,0.0,0.007594431983307004
1785290786.3761556,0.0,0.0,0.007334144087508321
1785290786.3835638,0.0,0.0,0.0071123200468719006
1785290786.3909416,0.0,0.0,0.007112191990017891
1785290786.3982344,0.0,0.0,0.006994591793045402
1785290786.405584,0.0,0.0,0.007082624128088355
1785290786.4129355,0.0,0.0,0.0070913920644670725
1785290786.420619,0.0,0.0,0.007410688092932105
1785290786.4286025,0.0,0.0,0.007706528063863516
1785290786.4359784,0.0,0.0,0.00710047991015017
1785290786.4433894,0.0,0.0,0.007127455901354551
1785290786.4507024,0.0,0.0,0.007033119909465313
1785290786.4580584,0.0,0.0,0.007089311955496669
1785290786.4657817,0.0,0.0,0.007453247904777527
1785290786.4730878,0.0,0.0,0.0070336321368813515
1785290786.481875,0.0,0.0,0.008510399842634797
1785290786.4895022,0.0,0.0,0.007364607881754637
1785290786.4968488,0.0,0.0,0.007074336055666208
1785290786.5042496,0.0,0.0,0.00714368000626564
1785290786.5115886,0.0,0.0,0.007085631834343076
1785290786.5191977,0.0,0.0,0.007347999839112163
1785290786.5265539,0.0,0.0,0.0070932479575276375
1785290786.534246,0.0,0.0,0.007438112050294876
1785290786.5418618,0.0,0.0,0.0073545281775295734
1785290786.549228,0.0,0.0,0.007091583916917443
1785290786.5566,0.0,0.0,0.007094527827575803
1785290786.5635438,0.0,0.0,0.006679712096229196
1785290786.5708814,0.0,0.0,0.007073184009641409
1785290786.578262,0.0,0.0,0.00708390399813652
1785290786.5855913,0.0,0.0,0.0070515519473701715
1785290786.5945501,0.0,0.0,0.008698944002389908
1785290786.6024656,0.0,0.0,0.007647295948117971
1785290786.6103923,0.0,0.0,0.007643232122063637
1785290786.618283,0.0,0.0,0.007606304017826915
1785290786.6259904,0.0,0.0,0.007432064041495323
1785290786.634028,0.0,0.0,0.007771743927150965
1785290786.642076,0.0,0.0,0.007780832005664706
1785290786.6512218,0.0,0.0,0.008877952117472887
1785290786.6588576,0.0,0.0,0.00736889592371881
1785290786.6671853,0.0,0.0,0.008004287956282496
1785290786.675467,0.0,0.0,0.007990912068635225
1785290786.6835485,0.0,0.0,0.00781327998265624
1785290786.691623,0.0,0.0,0.007804672000929713
1785290786.7006083,0.0,0.0,0.008724831975996494
1785290786.7087505,0.0,0.0,0.007882911944761872
1785290786.7168803,0.0,0.0,0.00786076788790524
1785290786.7248333,0.0,0.0,0.007683648029342294
1785290786.7327888,0.0,0.0,0.007697504013776779
1785290786.7407072,0.0,0.0,0.007600223878398538
1785290786.7486176,0.0,0.0,0.007628384046256542
1785290786.7572916,0.0,0.0,0.0084051841404289
1785290786.7647724,0.0,0.0,0.007201632019132376
1785290786.7722082,0.0,0.0,0.007157088024541736
1785290786.7797751,0.0,0.0,0.007291135843843222
1785290786.7872941,0.0,0.0,0.0072576000820845366
1785290786.7946403,0.0,0.0,0.007073791930451989
1785290786.8019214,0.0,0.0,0.007007327862083912
1785290786.8092937,0.0,0.0,0.007099679904058576
1785290786.8186126,0.0,0.0,0.009039840195327997
1785290786.8260381,0.0,0.0,0.007155040046200156
1785290786.833575,0.0,0.0,0.007245056098327041
1785290786.8409672,0.0,0.0,0.007107136072590947
1785290786.8483415,0.0,0.0,0.007103072013705969
1785290786.8557138,0.0,0.0,0.007103904150426388
1785290786.8630767,0.0,0.0,0.007090303814038634
1785290786.8707604,0.0,0.0,0.007377984002232552
1785290786.878209,0.0,0.0,0.00717238406650722
1785290786.8857155,0.0,0.0,0.007214976008981466
1785290786.893102,0.0,0.0,0.007114432053640485
1785290786.9004204,0.0,0.0,0.0070384640712291
1785290786.9077375,0.0,0.0,0.007042112061753869
1785290786.9150789,0.0,0.0,0.007068288046866655
1785290786.9224887,0.0,0.0,0.007125600008293986
1785290786.9336412,0.0,0.0,0.010893760016188025
1785290786.940685,0.0,0.0,0.00677196797914803
1785290786.9482439,0.0,0.0,0.007245728047564626
1785290786.9560502,0.0,0.0,0.007480415981262922
1785290786.963593,0.0,0.0,0.007261343998834491
1785290786.9708824,0.0,0.0,0.007011584006249905
1785290786.9784532,0.0,0.0,0.0072752321138978004
1785290786.9858754,0.0,0.0,0.0071495999582111835
1785290786.9942005,0.0,0.0,0.008050879929214716
1785290787.0022628,0.0,0.0,0.007782751927152276
1785290787.0105176,0.0,0.0,0.007981023984029889
1785290787.0187762,0.0,0.0,0.007997791981324553
1785290787.0268457,0.0,0.0,0.007781920023262501
1785290787.0348477,0.0,0.0,0.0076986560598015785
1785290787.042431,0.0,0.0,0.007297759875655174
1785290787.0510757,0.0,0.0,0.007190207950770855
1785290787.0587168,0.0,0.0,0.00730998395010829
1785290787.0662336,0.0,0.0,0.00723228813149035
1785290787.0742915,0.0,0.0,0.007787839975208044
1785290787.0821195,0.0,0.0,0.007554719923064113
1785290787.0893362,0.0,0.0,0.006950912065804005
1785290787.0976424,0.0,0.0,0.00805372791364789
1785290787.1051147,0.0,0.0,0.007215328048914671
1785290787.1132672,0.0,0.0,0.007879872107878327
1785290787.1213338,0.0,0.0,0.007796736201271415
1785290787.1293666,0.0,0.0,0.0077840001322329044
1785290787.1373367,0.0,0.0,0.0077224960550665855
1785290787.1454244,0.0,0.0,0.007842784048989415
1785290787.1532085,0.0,0.0,0.007506879977881908
1785290787.1605754,0.0,0.0,0.007111360086128116
1785290787.1680613,0.0,0.0,0.007207615999504924
1785290787.1757889,0.0,0.0,0.007456544088199735
1785290787.1838143,0.0,0.0,0.007746879942715168
1785290787.1915905,0.0,0.0,0.007508703973144293
1785290787.199399,0.0,0.0,0.007543615996837616
1785290787.2083116,0.0,0.0,0.008652831893414259
1785290787.2162485,0.0,0.0,0.007672287989407778
1785290787.2241275,0.0,0.0,0.007608223939314485
1785290787.2319717,0.0,0.0,0.00758774415589869
1785290787.2397602,0.0,0.0,0.007539424113929272
1785290787.2475345,0.0,0.0,0.007513023912906647
1785290787.255347,0.0,0.0,0.007557280128821731
1785290787.2636833,0.0,0.0,0.008072192082181573
1785290787.2711155,0.0,0.0,0.00711526395753026
1785290787.27881,0.0,0.0,0.007403104100376368
1785290787.2862577,0.0,0.0,0.007082176161929965
1785290787.2936332,0.0,0.0,0.007047904189676046
1785290787.3010783,0.0,0.0,0.007157312007620931
1785290787.3086216,0.0,0.0,0.0072652800008654594
1785290787.3160052,0.0,0.0,0.007109856000170112
1785290787.3252723,0.0,0.0,0.008994431933388114
1785290787.3327198,0.0,0.0,0.007178784115239978
1785290787.34016,0.0,0.0,0.007151552010327578
1785290787.3475554,0.0,0.0,0.00711392005905509
1785290787.3549132,0.0,0.0,0.0070787519216537476
1785290787.3622997,0.0,0.0,0.007081408053636551
1785290787.3696687,0.0,0.0,0.0070914882235229015
1785290787.3774543,0.0,0.0,0.007518847938627005
1785290787.385116,0.0,0.0,0.007390912156552076
1785290787.3924656,0.0,0.0,0.007069568149745464
1785290787.399834,0.0,0.0,0.007081023883074522
1785290787.407276,0.0,0.0,0.0071457920130342245
1785290787.4146094,0.0,0.0,0.007063199998810887
1785290787.42195,0.0,0.0,0.007060128031298518
1785290787.4293408,0.0,0.0,0.007103360025212169
1785290787.4379473,0.0,0.0,0.008339551975950599
1785290787.4453073,0.0,0.0,0.00710163195617497
1785290787.4526832,0.0,0.0,0.007081248098984361
1785290787.4600062,0.0,0.0,0.007041312055662274
1785290787.4677324,0.0,0.0,0.0074489598628133535
1785290787.4750671,0.0,0.0,0.00705443206243217
1785290787.482458,0.0,0.0,0.00707071996293962
1785290787.4912734,0.0,0.0,0.008547423873096704
1785290787.4988835,0.0,0.0,0.007338944124057889
1785290787.5063317,0.0,0.0,0.007119840011000633
1785290787.5137222,0.0,0.0,0.007105791941285133
1785290787.5206754,0.0,0.0,0.006678431993350387
1785290787.5285053,0.0,0.0,0.007553216069936752
1785290787.5364106,0.0,0.0,0.0076410239562392235
1785290787.5440364,0.0,0.0,0.007364575983956456
1785290787.551851,0.0,0.0,0.007556032156571746
1785290787.5599864,0.0,0.0,0.00784579198807478
1785290787.5673563,0.0,0.0,0.007094111992046237
1785290787.574659,0.0,0.0,0.0070477440021932125
1785290787.5827646,0.0,0.0,0.007854783907532692
1785290787.5907345,0.0,0.0,0.007714144187048078
1785290787.5997596,0.0,0.0,0.008768512168899179
1785290787.6076875,0.0,0.0,0.007660767994821072
1785290787.6155698,0.0,0.0,0.007613376015797257
1785290787.6233983,0.0,0.0,0.007568032015115023
1785290787.6312668,0.0,0.0,0.007610880071297288
1785290787.639034,0.0,0.0,0.0075175040401518345
1785290787.6468272,0.0,0.0,0.0075230400543659925
1785290787.6557982,0.0,0.0,0.00872271996922791
1785290787.6638212,0.0,0.0,0.007770112017169595
1785290787.671663,0.0,0.0,0.007593056187033653
1785290787.6794982,0.0,0.0,0.007575936149805784
1785290787.6873379,0.0,0.0,0.007596991956233978
1785290787.6951668,0.0,0.0,0.007589343935251236
1785290787.7029614,0.0,0.0,0.007555807940661907
1785290787.7116907,0.0,0.0,0.008461727993562818
1785290787.7189193,0.0,0.0,0.006976255914196372
1785290787.72659,0.0,0.0,0.0073975680861622095
1785290787.7345955,0.0,0.0,0.007749952143058181
1785290787.7426028,0.0,0.0,0.007747231982648373
1785290787.7506175,0.0,0.0,0.007763487985357642
1785290787.7584302,0.0,0.0,0.007561055943369865
1785290787.767853,0.0,0.0,0.00916886399500072
1785290787.775618,0.0,0.0,0.007494016084820032
1785290787.7829485,0.0,0.0,0.007066143909469247
1785290787.7902741,0.0,0.0,0.007037247996777296
1785290787.7977216,0.0,0.0,0.007187807932496071
1785290787.8051856,0.0,0.0,0.007200735853984952
1785290787.8126395,0.0,0.0,0.007191808195784688
1785290787.8199224,0.0,0.0,0.007032895926386118
1785290787.8288999,0.0,0.0,0.008726015919819474
1785290787.8363047,0.0,0.0,0.0070762240793555975
1785290787.8436308,0.0,0.0,0.007031999994069338
1785290787.850946,0.0,0.0,0.007045215927064419
1785290787.8582695,0.0,0.0,0.007031264016404748
1785290787.865557,0.0,0.0,0.00702707190066576
1785290787.8729477,0.0,0.0,0.007137535838410258
1785290787.8808901,0.0,0.0,0.007690944010391831
1785290787.8885312,0.0,0.0,0.007380543975159526
1785290787.8958058,0.0,0.0,0.006989600136876106
1785290787.90307,0.0,0.0,0.006990400142967701
1785290787.9103928,0.0,0.0,0.007034303853288293
1785290787.9176867,0.0,0.0,0.007036064052954316
1785290787.9249506,0.0,0.0,0.007005696184933186
1785290787.9322221,0.0,0.0,0.007023392012342811
1785290787.9406514,0.0,0.0,0.008197600021958351
1785290787.948117,0.0,0.0,0.007217183941975236
1785290787.9566123,0.0,0.0,0.008170591900125146
1785290787.9637756,0.0,0.0,0.0068763201124966145
1785290787.97092,0.0,0.0,0.006856767926365137
1785290787.9780827,0.0,0.0,0.006870720069855452
1785290787.9852147,0.0,0.0,0.006872352212667465
1785290787.9925425,0.0,0.0,0.007070111809298396
1785290788.0000353,0.0,0.0,0.007230784045532346
1785290788.0075395,0.0,0.0,0.00722060794942081
1785290788.0154555,0.0,0.0,0.007655839901417494
1785290788.0233212,0.0,0.0,0.007602144032716751
1785290788.0311756,0.0,0.0,0.007598815951496363
1785290788.0392072,0.0,0.0,0.0077747199684381485
1785290788.047232,0.0,0.0,0.007769824005663395
1785290788.0553632,0.0,0.0,0.0078577920794487
1785290788.0634313,0.0,0.0,0.00779935996979475
1785290788.0714881,0.0,0.0,0.007795295910909772
1785290788.0795186,0.0,0.0,0.007756800157949328
1785290788.0873497,0.0,0.0,0.007562464103102684
1785290788.0953672,0.0,0.0,0.00774044799618423
1785290788.1035998,0.0,0.0,0.00796214397996664
1785290788.111767,0.0,0.0,0.007879839977249503
1785290788.1198673,0.0,0.0,0.007824511965736747
1785290788.1279438,0.0,0.0,0.007804383989423513
1785290788.1359844,0.0,0.0,0.007775712059810758
1785290788.1440365,0.0,0.0,0.007791200187057257
1785290788.1520407,0.0,0.0,0.0077460159081965685
1785290788.160764,0.0,0.0,0.00846480019390583
1785290788.1701255,0.0,0.0,0.007199551910161972
1785290788.1780608,0.0,0.0,0.007639136165380478
1785290788.1860495,0.0,0.0,0.007718367967754602
1785290788.1935544,0.0,0.0,0.007240576203912497
1785290788.2012122,0.0,0.0,0.007394687971100211
1785290788.2088506,0.0,0.0,0.0073792641051113605
1785290788.2187915,0.0,0.0,0.009686271892860532
1785290788.2261174,0.0,0.0,0.007087999954819679
1785290788.2334533,0.0,0.0,0.007078623864799738
1785290788.2407827,0.0,0.0,0.007065023994073272
1785290788.248062,0.0,0.0,0.00702675199136138
1785290788.2553604,0.0,0.0,0.007058240007609129
1785290788.2626944,0.0,0.0,0.007083200151100755
1785290788.2703674,0.0,0.0,0.007420832058414817
1785290788.2779639,0.0,0.0,0.007341824006289244
1785290788.2852736,0.0,0.0,0.007045151898637414
1785290788.2925856,0.0,0.0,0.007047552149742842
1785290788.2998772,0.0,0.0,0.007046655984595418
1785290788.3072128,0.0,0.0,0.007081024115905166
1785290788.3144443,0.0,0.0,0.0069829439744353294
1785290788.3216906,0.0,0.0,0.006999008124694228
1785290788.3302507,0.0,0.0,0.0083172800950706
1785290788.3380725,0.0,0.0,0.007578816032037139
1785290788.3459258,0.0,0.0,0.007599903969094157
1785290788.3535635,0.0,0.0,0.007395136170089245
1785290788.3614423,0.0,0.0,0.007626784034073353
1785290788.3690002,0.0,0.0,0.007313952082768083
1785290788.3769596,0.0,0.0,0.007717119995504618
1785290788.3864198,0.0,0.0,0.009218015940859914
1785290788.394002,0.0,0.0,0.007323808036744595
1785290788.4012682,0.0,0.0,0.007002816069871187
1785290788.4087632,0.0,0.0,0.007236575940623879
1785290788.4161346,0.0,0.0,0.007114432053640485
1785290788.423639,0.0,0.0,0.007257343968376517
1785290788.431123,0.0,0.0,0.007239231839776039
1785290788.4389396,0.0,0.0,0.007569215958938003
1785290788.446768,0.0,0.0,0.007550432113930583
1785290788.4543438,0.0,0.0,0.007287871791049838
1785290788.4618642,0.0,0.0,0.0072545919101685286
1785290788.4695628,0.0,0.0,0.007441631983965635
1785290788.4774284,0.0,0.0,0.007609087973833084
1785290788.485269,0.0,0.0,0.0075805759988725185
1785290788.4942906,0.0,0.0,0.008773824200034142
1785290788.5020149,0.0,0.0,0.007477056002244353
1785290788.5100718,0.0,0.0,0.007792704040184617
1785290788.5181067,0.0,0.0,0.007781727937981486
1785290788.526119,0.0,0.0,0.0077729918994009495
1785290788.5341032,0.0,0.0,0.0077555519528687
1785290788.542136,0.0,0.0,0.007787039969116449
1785290788.550956,0.0,0.0,0.008564928080886602
1785290788.558781,0.0,0.0,0.007540383841842413
1785290788.5662103,0.0,0.0,0.007163488073274493
1785290788.5738661,0.0,0.0,0.007398528046905994
1785290788.581868,0.0,0.0,0.00775318406522274
1785290788.5896788,0.0,0.0,0.007545023923739791
1785290788.5974927,0.0,0.0,0.007554528070613742
1785290788.6061246,0.0,0.0,0.008375552017241716
1785290788.6132958,0.0,0.0,0.006903872126713395
1785290788.6210427,0.0,0.0,0.007459264015778899
1785290788.6287124,0.0,0.0,0.007395519874989986
1785290788.636142,0.0,0.0,0.007167200092226267
1785290788.643778,0.0,0.0,0.007377824047580361
1785290788.651423,0.0,0.0,0.007392095867544413
1785290788.6591995,0.0,0.0,0.0075312640983611345
1785290788.667579,0.0,0.0,0.008125535910949111
1785290788.6748903,0.0,0.0,0.0070596481673419476
1785290788.6821382,0.0,0.0,0.006954431999474764
1785290788.6894913,0.0,0.0,0.007085408084094524
1785290788.696793,0.0,0.0,0.0070555200800299644
1785290788.7041929,0.0,0.0,0.0071514558512717485
1785290788.711497,0.0,0.0,0.0070641920901834965
1785290788.7190397,0.0,0.0,0.007302368059754372
1785290788.7266319,0.0,0.0,0.007320415927097201
1785290788.7339506,0.0,0.0,0.007063839817419648
1785290788.7412827,0.0,0.0,0.007081056013703346
1785290788.7486675,0.0,0.0,0.007123104063794017
1785290788.7559915,0.0,0.0,0.007072160020470619
1785290788.7633219,0.0,0.0,0.007070624036714435
1785290788.7706091,0.0,0.0,0.0070253119338303804
1785290788.7794328,0.0,0.0,0.008565376047044992
1785290788.7867706,0.0,0.0,0.00708435196429491
1785290788.7940798,0.0,0.0,0.007035744143649936
1785290788.8013783,0.0,0.0,0.00704319984652102
1785290788.8087492,0.0,0.0,0.007111744023859501
1785290788.8160317,0.0,0.0,0.007038303883746266
1785290788.8233805,0.0,0.0,0.007103615906089544
1785290788.831183,0.0,0.0,0.0075495680794119835
1785290788.8387675,0.0,0.0,0.007329472107812762
1785290788.8461115,0.0,0.0,0.007069024024531245
1785290788.8534274,0.0,0.0,0.007060224190354347
1785290788.86072,0.0,0.0,0.0070303999818861485
1785290788.8680074,0.0,0.0,0.007028192048892379
1785290788.875287,0.0,0.0,0.0070346558932214975
1785290788.88263,0.0,0.0,0.007090784143656492
1785290788.8912022,0.0,0.0,0.008281311951577663
1785290788.8985252,0.0,0.0,0.007027648156508803
1785290788.9058444,0.0,0.0,0.007044255966320634
1785290788.9133022,0.0,0.0,0.007200255990028381
1785290788.9206705,0.0,0.0,0.00711497594602406
1785290788.9279845,0.0,0.0,0.007047584047541022
1785290788.9352827,0.0,0.0,0.007046655984595418
1785290788.943143,0.0,0.0,0.007612704066559672
1785290788.9508584,0.0,0.0,0.0074552001897245646
1785290788.9583364,0.0,0.0,0.0071048319805413485
1785290788.9656978,0.0,0.0,0.007064383942633867
1785290788.972931,0.0,0.0,0.006976352073252201
1785290788.9806864,0.0,0.0,0.007490464020520449
1785290788.9878247,0.0,0.0,0.006869823904708028
1785290788.9956398,0.0,0.0,0.0075383358635008335
1785290789.0041058,0.0,0.0,0.008214527973905206
1785290789.0116444,0.0,0.0,0.007284799823537469
1785290789.0191853,0.0,0.0,0.007270880043506622
1785290789.0266814,0.0,0.0,0.007239039987325668
1785290789.0341513,0.0,0.0,0.007213216042146087
1785290789.042189,0.0,0.0,0.007783839944750071
1785290789.0501678,0.0,0.0,0.007733952021226287
1785290789.0599458,0.0,0.0,0.009540224215015769
1785290789.0678556,0.0,0.0,0.007664223900064826
1785290789.0758803,0.0,0.0,0.007771007949486375
1785290789.0838974,0.0,0.0,0.007773119956254959
1785290789.0918875,0.0,0.0,0.0077382721938192844
1785290789.0999007,0.0,0.0,0.007761887973174453
1785290789.1086442,0.0,0.0,0.00849916785955429
1785290789.1166675,0.0,0.0,0.0077695040963590145
1785290789.1246455,0.0,0.0,0.00772534403949976
1785290789.1326926,0.0,0.0,0.007792544085532427
1785290789.140704,0.0,0.0,0.007754720048978925
1785290789.1483808,0.0,0.0,0.007432256126776338
1785290789.1564975,0.0,0.0,0.007824416039511561
1785290789.1656168,0.0,0.0,0.008867903845384717
1785290789.1736457,0.0,0.0,0.007781024090945721
1785290789.1817474,0.0,0.0,0.007843200117349625
1785290789.1897807,0.0,0.0,0.007771775824949145
1785290789.1976562,0.0,0.0,0.007629344007000327
1785290789.2055101,0.0,0.0,0.0076040958520025015
1785290789.2135768,0.0,0.0,0.007801632164046168
1785290789.2220013,0.0,0.0,0.008161408128216863
1785290789.2301445,0.0,0.0,0.007890144130215049
1785290789.2382243,0.0,0.0,0.007814815966412425
1785290789.246273,0.0,0.0,0.00778380804695189
1785290789.2542722,0.0,0.0,0.007743007969111204
1785290789.2622757,0.0,0.0,0.00775747187435627
1785290789.270272,0.0,0.0,0.007741952082142234
1785290789.2784457,0.0,0.0,0.007923007942736149
1785290789.2859786,0.0,0.0,0.007271295879036188
1785290789.2935054,0.0,0.0,0.007249216083437204
1785290789.3008535,0.0,0.0,0.007088863989338279
1785290789.3082972,0.0,0.0,0.007194400066509843
1785290789.315591,0.0,0.0,0.007051039952784777
1785290789.3228974,0.0,0.0,0.007058623945340514
1785290789.330161,0.0,0.0,0.006991199916228652
1785290789.339201,0.0,0.0,0.008779583964496851
1785290789.3464675,0.0,0.0,0.007001888006925583
1785290789.3537598,0.0,0.0,0.007013919996097684
1785290789.3611166,0.0,0.0,0.007088351994752884
1785290789.3683896,0.0,0.0,0.007018400123342872
1785290789.3756616,0.0,0.0,0.007001023972406983
1785290789.382974,0.0,0.0,0.007047359831631184
1785290789.3905203,0.0,0.0,0.007263136096298695
1785290789.3981404,0.0,0.0,0.007354112109169364
1785290789.4054635,0.0,0.0,0.007053632056340575
1785290789.4126806,0.0,0.0,0.006945728091523051
1785290789.4199276,0.0,0.0,0.006990272086113691
1785290789.427211,0.0,0.0,0.007016160059720278
1785290789.4344263,0.0,0.0,0.0069549118634313345
1785290789.441802,0.0,0.0,0.007111584069207311
1785290789.4507697,0.0,0.0,0.008696896024048328
1785290789.4581559,0.0,0.0,0.007126559969037771
1785290789.4655192,0.0,0.0,0.007098144153133035
1785290789.472879,0.0,0.0,0.007091584149748087
1785290789.4802146,0.0,0.0,0.00706806406378746
1785290789.4875257,0.0,0.0,0.007049824111163616
1785290789.494813,0.0,0.0,0.007026272127404809
1785290789.502777,0.0,0.0,0.007711840094998479
1785290789.510392,0.0,0.0,0.007367616053670645
1785290789.5177257,0.0,0.0,0.007053088163957
1785290789.5251138,0.0,0.0,0.007125376025214791
1785290789.5325215,0.0,0.0,0.007159615866839886
1785290789.5399985,0.0,0.0,0.007239071885123849
1785290789.5473144,0.0,0.0,0.00707056000828743
1785290789.5544295,0.0,0.0,0.006873471895232797
1785290789.5628622,0.0,0.0,0.008182591991499066
1785290789.5702193,0.0,0.0,0.0070969280786812305
1785290789.5775082,0.0,0.0,0.007036800030618906
1785290789.584858,0.0,0.0,0.007106848061084747
1785290789.5922017,0.0,0.0,0.007099551847204566
1785290789.599531,0.0,0.0,0.007087359903380275
1785290789.6067772,0.0,0.0,0.007008928107097745
1785290789.6141973,0.0,0.0,0.007179392036050558
1785290789.6218233,0.0,0.0,0.007368415826931596
1785290789.629214,0.0,0.0,0.0071239040698856115
1785290789.6364548,0.0,0.0,0.006991295842453837
1785290789.6439166,0.0,0.0,0.0072131839115172625
1785290789.6512136,0.0,0.0,0.007045215927064419
1785290789.6584845,0.0,0.0,0.007023263955488801
1785290789.6657603,0.0,0.0,0.007032831897959113
1785290789.6744697,0.0,0.0,0.008462368045002222
1785290789.6817913,0.0,0.0,0.0070630398113280535
1785290789.6890588,0.0,0.0,0.00701241591013968
1785290789.696286,0.0,0.0,0.006980095990002155
1785290789.7035787,0.0,0.0,0.007034335983917117
1785290789.7108629,0.0,0.0,0.007030016044154763
1785290789.718151,0.0,0.0,0.007015936076641083
1785290789.725799,0.0,0.0,0.00739967986010015
1785290789.73335,0.0,0.0,0.007293311879038811
1785290789.7406743,0.0,0.0,0.007060096133500338
1785290789.7481995,0.0,0.0,0.007267199922353029
1785290789.7555478,0.0,0.0,0.007094783941283822
1785290789.7627914,0.0,0.0,0.0070024640299379826
1785290789.7700295,0.0,0.0,0.00699363206513226
1785290789.777291,0.0,0.0,0.007018784061074257
1785290789.7860825,0.0,0.0,0.00854294397868216
1785290789.793446,0.0,0.0,0.00711820786818862
1785290789.8007984,0.0,0.0,0.007097376044839621
1785290789.8080943,0.0,0.0,0.0070471682120114565
1785290789.8156393,0.0,0.0,0.007296768017113209
1785290789.823084,0.0,0.0,0.0072026560083031654
1785290789.830352,0.0,0.0,0.007000448182225227
1785290789.8379612,0.0,0.0,0.007371200015768409
1785290789.8455198,0.0,0.0,0.007316927891224623
1785290789.8529818,0.0,0.0,0.00720524787902832
1785290789.8603652,0.0,0.0,0.007117728004232049
1785290789.8676448,0.0,0.0,0.007019999902695417
1785290789.8748853,0.0,0.0,0.00699612800963223
1785290789.8822052,0.0,0.0,0.007050464162603021
1785290789.8896387,0.0,0.0,0.007185120135545731
1785290789.898075,0.0,0.0,0.008158048149198294
1785290789.905439,0.0,0.0,0.007109120022505522
1785290789.9127736,0.0,0.0,0.00708211213350296
1785290789.9201448,0.0,0.0,0.00711539201438427
1785290789.9274733,0.0,0.0,0.0070711360312998295
1785290789.9348059,0.0,0.0,0.0070711360312998295
1785290789.9421165,0.0,0.0,0.007050368003547192
1785290789.9500217,0.0,0.0,0.0076494719833135605
1785290789.9576774,0.0,0.0,0.007342912023887038
1785290789.9650662,0.0,0.0,0.007104288088157773
1785290789.9724293,0.0,0.0,0.007078752154484391
1785290789.9797268,0.0,0.0,0.007022432051599026
1785290789.9872136,0.0,0.0,0.007232863921672106
1785290789.9944744,0.0,0.0,0.006997216027230024
1785290790.002583,0.0,0.0,0.00785708799958229
1785290790.0099642,0.0,0.0,0.00713004800491035
1785290790.0185845,0.0,0.0,0.007153888000175357
1785290790.0261111,0.0,0.0,0.007221888052299619
1785290790.0335135,0.0,0.0,0.00714454404078424
1785290790.0410056,0.0,0.0,0.0072471038438379765
1785290790.048457,0.0,0.0,0.00720448000356555
1785290790.0564146,0.0,0.0,0.007717888103798032
1785290790.0640469,0.0,0.0,0.007383040152490139
1785290790.0714965,0.0,0.0,0.007194656180217862
1785290790.079182,0.0,0.0,0.0074328959453850985
1785290790.0867038,0.0,0.0,0.007261088117957115
1785290790.0948493,0.0,0.0,0.007909375941380858
1785290790.1029463,0.0,0.0,0.007857984164729714
1785290790.1111627,0.0,0.0,0.007947007892653346
1785290790.1203654,0.0,0.0,0.008957632118836045
1785290790.1286514,0.0,0.0,0.008045792113989592
1785290790.1368868,0.0,0.0,0.007967839948832989
1785290790.1451094,0.0,0.0,0.00796108809299767
1785290790.1533139,0.0,0.0,0.007943519856780767
1785290790.1615343,0.0,0.0,0.007969056023284793
1785290790.1697404,0.0,0.0,0.007953024003654718
1785290790.1803288,0.0,0.0,0.010328799951821566
1785290790.188527,0.0,0.0,0.00794777600094676
1785290790.196689,0.0,0.0,0.007895488059148192
1785290790.204499,0.0,0.0,0.007551168091595173
1785290790.2123308,0.0,0.0,0.007583968108519912
1785290790.2201054,0.0,0.0,0.007530272006988525
1785290790.2279463,0.0,0.0,0.007587327854707837
1785290790.2369173,0.0,0.0,0.00872550392523408
1785290790.244757,0.0,0.0,0.007579359924420714
1785290790.252662,0.0,0.0,0.007632639957591891
1785290790.2605515,0.0,0.0,0.007627168204635382
1785290790.2683039,0.0,0.0,0.007491391850635409
1785290790.2757735,0.0,0.0,0.007211359916254878
1785290790.2830408,0.0,0.0,0.007012927904725075
1785290790.2923145,0.0,0.0,0.008994912030175328
1785290790.2996478,0.0,0.0,0.007082208059728146
1785290790.306985,0.0,0.0,0.007068288046866655
1785290790.3143475,0.0,0.0,0.007075296016409993
1785290790.321635,0.0,0.0,0.007037055911496282
1785290790.3289382,0.0,0.0,0.00705577596090734
1785290790.3362422,0.0,0.0,0.007062847958877683
1785290790.3437407,0.0,0.0,0.007252095965668559
1785290790.3513446,0.0,0.0,0.007348095998167992
1785290790.3587065,0.0,0.0,0.007089183898642659
1785290790.3660462,0.0,0.0,0.007083200151100755
1785290790.3734038,0.0,0.0,0.0071015998255461454
1785290790.3807106,0.0,0.0,0.007049311883747578
1785290790.388013,0.0,0.0,0.007051456021144986
1785290790.3952882,0.0,0.0,0.007017824100330472
1785290790.4044597,0.0,0.0,0.008914432022720575
1785290790.4118042,0.0,0.0,0.00708256009966135
1785290790.4191985,0.0,0.0,0.007111871847882867
1785290790.4264674,0.0,0.0,0.007006879895925522
1785290790.4337828,0.0,0.0,0.0070578558370471
1785290790.4410517,0.0,0.0,0.0070228478871285915
1785290790.4483006,0.0,0.0,0.0069951999466866255
1785290790.4560246,0.0,0.0,0.007469855947420001
1785290790.4636424,0.0,0.0,0.007361727999523282
1785290790.4715633,0.0,0.0,0.007652960019186139
1785290790.4789433,0.0,0.0,0.007115935906767845
1785290790.4862587,0.0,0.0,0.0070381760597229
1785290790.4944477,0.0,0.0,0.007882144069299102
1785290790.5023358,0.0,0.0,0.007617824012413621
1785290790.5103986,0.0,0.0,0.007760575972497463
1785290790.5184748,0.0,0.0,0.0078029760625213385
1785290790.5263596,0.0,0.0,0.007612671935930848
1785290790.534108,0.0,0.0,0.007483456050977111
1785290790.5417829,0.0,0.0,0.007418560096994042
1785290790.549184,0.0,0.0,0.007140512112528086
1785290790.5565858,0.0,0.0,0.007139808032661676
1785290790.5640786,0.0,0.0,0.007231520023196936
1785290790.5728574,0.0,0.0,0.00852444814518094
1785290790.580006,0.0,0.0,0.006889503914862871
1785290790.587618,0.0,0.0,0.007350879954174161
1785290790.5951161,0.0,0.0,0.00724975997582078
1785290790.6023796,0.0,0.0,0.007012031972408295
1785290790.6094158,0.0,0.0,0.006793759996071458
1785290790.6162155,0.0,0.0,0.006568287964910269
1785290790.6236322,0.0,0.0,0.007176287937909365
1785290790.6312373,0.0,0.0,0.007356896065175533
1785290790.6385875,0.0,0.0,0.007080703973770142
1785290790.6458645,0.0,0.0,0.007023008074611425
1785290790.6531534,0.0,0.0,0.007042400073260069
1785290790.6604812,0.0,0.0,0.007087072124704719
1785290790.6678145,0.0,0.0,0.007085439981892705
1785290790.6750376,0.0,0.0,0.006988671841099858
1785290790.6839805,0.0,0.0,0.008668159833177924
1785290790.6913223,0.0,0.0,0.00709840003401041
1785290790.6986058,0.0,0.0,0.007027775980532169
1785290790.7059083,0.0,0.0,0.007058752002194524
1785290790.7132313,0.0,0.0,0.007069087820127606
1785290790.7205493,0.0,0.0,0.0070595520082861185
1785290790.727885,0.0,0.0,0.007078399881720543
1785290790.735638,0.0,0.0,0.007501215906813741
1785290790.7432785,0.0,0.0,0.007375328103080392
1785290790.750588,0.0,0.0,0.007028096122667193
1785290790.7578552,0.0,0.0,0.00699939182959497
1785290790.765141,0.0,0.0,0.007021760102361441
1785290790.7724779,0.0,0.0,0.0070713600143790245
1785290790.779763,0.0,0.0,0.007031840039417148
1785290790.7870562,0.0,0.0,0.007047232007607818
1785290790.795924,0.0,0.0,0.00860064011067152
1785290790.8033004,0.0,0.0,0.007115519838407636
1785290790.8105829,0.0,0.0,0.007017120020464063
1785290790.817841,0.0,0.0,0.006998175987973809
1785290790.8247778,0.0,0.0,0.006669376045465469
1785290790.8320117,0.0,0.0,0.006976991891860962
1785290790.8395288,0.0,0.0,0.00726457592099905
1785290790.8472922,0.0,0.0,0.00751628796570003
1785290790.85491,0.0,0.0,0.007360864197835326
1785290790.8622978,0.0,0.0,0.007085599936544895
1785290790.8696117,0.0,0.0,0.007047711871564388
1785290790.8768437,0.0,0.0,0.006969535956159234
1785290790.8840518,0.0,0.0,0.006952863885089755
1785290790.891364,0.0,0.0,0.007057792041450739
1785290790.898673,0.0,0.0,0.007063647964969277
1785290790.9075415,0.0,0.0,0.008623647969216108
1785290790.9148433,0.0,0.0,0.007052703993394971
1785290790.9221303,0.0,0.0,0.007011903915554285
1785290790.9294217,0.0,0.0,0.007047008024528623
1785290790.9367075,0.0,0.0,0.007038688054308295
1785290790.9440143,0.0,0.0,0.007076608017086983
1785290790.9513958,0.0,0.0,0.007134847808629274
1785290790.9589806,0.0,0.0,0.007287519983947277
1785290790.9664342,0.0,0.0,0.007151295896619558
1785290790.9737606,0.0,0.0,0.007047264138236642
1785290790.9810882,0.0,0.0,0.007061376003548503
1785290790.988369,0.0,0.0,0.00702467211522162
1785290790.9956462,0.0,0.0,0.007016352145001292
1785290791.0034118,0.0,0.0,0.007499744184315205
1785290791.0108335,0.0,0.0,0.007150080054998398
1785290791.0193775,0.0,0.0,0.008282880065962672
1785290791.0287094,0.0,0.0,0.009084927849471569
1785290791.0361915,0.0,0.0,0.007193856174126267
1785290791.043599,0.0,0.0,0.007119423942640424
1785290791.0511472,0.0,0.0,0.007278655888512731
1785290791.058432,0.0,0.0,0.007032864028587937
1785290791.0657065,0.0,0.0,0.0070294400211423635
1785290791.0746515,0.0,0.0,0.008698464138433337
1785290791.0819852,0.0,0.0,0.007082911906763911
1785290791.0893028,0.0,0.0,0.007052927976474166
1785290791.0966222,0.0,0.0,0.007059456082060933
1785290791.1039395,0.0,0.0,0.007061920128762722
1785290791.1111505,0.0,0.0,0.0069502720143646
1785290791.118463,0.0,0.0,0.007060287985950708
1785290791.1262567,0.0,0.0,0.007546367822214961
1785290791.1338348,0.0,0.0,0.007325632032006979
1785290791.1411865,0.0,0.0,0.0070867519825696945
1785290791.1484888,0.0,0.0,0.007052032044157386
1785290791.1559107,0.0,0.0,0.007125503849238157
1785290791.1633,0.0,0.0,0.007124831900000572
1785290791.1703765,0.0,0.0,0.006804640172049403
1785290791.1776657,0.0,0.0,0.0070227200631052256
1785290791.186552,0.0,0.0,0.00863334396854043
1785290791.1938694,0.0,0.0,0.00705414405092597
1785290791.2012155,0.0,0.0,0.007074431981891394
1785290791.2085586,0.0,0.0,0.007071936037391424
1785290791.215855,0.0,0.0,0.0070277119521051645
1785290791.223176,0.0,0.0,0.007056768052279949
1785290791.2304432,0.0,0.0,0.006992480019107461
1785290791.2381716,0.0,0.0,0.007472960045561194
1785290791.2456336,0.0,0.0,0.0072166400495916605
1785290791.2529845,0.0,0.0,0.007078304188326001
1785290791.2603345,0.0,0.0,0.0070924158208072186
1785290791.2676547,0.0,0.0,0.007066463818773627
1785290791.2748954,0.0,0.0,0.00699465605430305
1785290791.2821805,0.0,0.0,0.007024447899311781
1785290791.289477,0.0,0.0,0.007047327933833003
1785290791.298243,0.0,0.0,0.008518560091033578
1785290791.3056917,0.0,0.0,0.007208127994090319
1785290791.3130372,0.0,0.0,0.007087071891874075
1785290791.320273,0.0,0.0,0.006985984044149518
1785290791.3275983,0.0,0.0,0.007081599906086922
1785290791.334891,0.0,0.0,0.007041055941954255
1785290791.3422096,0.0,0.0,0.007045760052278638
1785290791.3496473,0.0,0.0,0.007183487992733717
1785290791.3572464,0.0,0.0,0.007346015889197588
1785290791.3646057,0.0,0.0,0.007090592058375478
1785290791.3719368,0.0,0.0,0.007071200059726834
1785290791.3792357,0.0,0.0,0.007046399870887399
1785290791.3865182,0.0,0.0,0.007034527836367488
1785290791.3937979,0.0,0.0,0.0070342079270631075
1785290791.4008024,0.0,0.0,0.006750304019078612
1785290791.409732,0.0,0.0,0.008684319909662008
1785290791.4171112,0.0,0.0,0.007137983804568648
1785290791.4244702,0.0,0.0,0.007107839919626713
1785290791.4317431,0.0,0.0,0.007023231824859977
1785290791.438997,0.0,0.0,0.0070100161246955395
1785290791.4463427,0.0,0.0,0.007072319975122809
1785290791.4536479,0.0,0.0,0.007051839958876371
1785290791.4612072,0.0,0.0,0.0072976958472281694
1785290791.468868,0.0,0.0,0.00739935995079577
1785290791.4762576,0.0,0.0,0.007106976117938757
1785290791.4836044,0.0,0.0,0.007088671904057264
1785290791.491076,0.0,0.0,0.007214304059743881
1785290791.4984157,0.0,0.0,0.007076288107782602
1785290791.5056827,0.0,0.0,0.007026720093563199
1785290791.5131032,0.0,0.0,0.007184192072600126
1785290791.522231,0.0,0.0,0.008875872008502483
1785290791.5295572,0.0,0.0,0.007073343964293599
1785290791.5369163,0.0,0.0,0.00710252788849175
1785290791.5440946,0.0,0.0,0.00692377588711679
1785290791.5514126,0.0,0.0,0.0070717118214815855
1785290791.558662,0.0,0.0,0.007005439838394523
1785290791.565923,0.0,0.0,0.0070251841098070145
1785290791.5735238,0.0,0.0,0.007358527975156903
1785290791.5810554,0.0,0.0,0.0072773119900375605
1785290791.5884361,0.0,0.0,0.007106144214048982
1785290791.595776,0.0,0.0,0.007074463879689574
1785290791.6030526,0.0,0.0,0.007016735849902034
1785290791.6103756,0.0,0.0,0.007052032044157386
1785290791.6176374,0.0,0.0,0.007017536088824272
1785290791.6249459,0.0,0.0,0.007075967965647578
1785290791.633475,0.0,0.0,0.008291680132970214
1785290791.6407945,0.0,0.0,0.007065471960231662
1785290791.6480827,0.0,0.0,0.007030815817415714
1785290791.6553838,0.0,0.0,0.007057216018438339
1785290791.6626678,0.0,0.0,0.007032319903373718
1785290791.66998,0.0,0.0,0.007055776193737984
1785290791.6772559,0.0,0.0,0.007014975883066654
1785290791.6851408,0.0,0.0,0.007632384076714516
1785290791.6927567,0.0,0.0,0.007370432140305638
1785290791.700083,0.0,0.0,0.007051264168694615
1785290791.707384,0.0,0.0,0.007050400134176016
1785290791.714666,0.0,0.0,0.007011712063103914
1785290791.7219381,0.0,0.0,0.007014496019110084
1785290791.7292378,0.0,0.0,0.007056159898638725
1785290791.7364419,0.0,0.0,0.006962272105738521
1785290791.745012,0.0,0.0,0.008311135927215219
1785290791.752303,0.0,0.0,0.0070312959142029285
1785290791.75961,0.0,0.0,0.00705590401776135
1785290791.7670803,0.0,0.0,0.007212992059066892
1785290791.774414,0.0,0.0,0.007064735982567072
1785290791.7817073,0.0,0.0,0.007041631964966655
1785290791.7890565,0.0,0.0,0.0070875841192901134
1785290791.7969508,0.0,0.0,0.007640063995495439
1785290791.8057559,0.0,0.0,0.007455263985320926
1785290791.8131247,0.0,0.0,0.0071012480184435844
1785290791.8204331,0.0,0.0,0.007058752002194524
1785290791.8279343,0.0,0.0,0.007248383946716785
1785290791.8353114,0.0,0.0,0.007080063922330737
1785290791.8426416,0.0,0.0,0.0070742720272392035
1785290791.850694,0.0,0.0,0.007801024010404944
1785290791.8582597,0.0,0.0,0.007319936063140631
1785290791.8655949,0.0,0.0,0.007057759910821915
1785290791.872834,0.0,0.0,0.00696831988170743
1785290791.8801486,0.0,0.0,0.007049120031297207
1785290791.8874075,0.0,0.0,0.007004480110481381
1785290791.8946424,0.0,0.0,0.006971071939915419
1785290791.9019039,0.0,0.0,0.007001855876296759
1785290791.9105966,0.0,0.0,0.008434687973931432
1785290791.9184399,0.0,0.0,0.007595231989398599
1785290791.9263296,0.0,0.0,0.007618975825607777
1785290791.934113,0.0,0.0,0.00753193604759872
1785290791.9417326,0.0,0.0,0.007363072130829096
1785290791.950053,0.0,0.0,0.008053344208747149
1785290791.9573452,0.0,0.0,0.006981440121307969
1785290791.9668329,0.0,0.0,0.009210271993651986
1785290791.974217,0.0,0.0,0.007098655914887786
1785290791.9822762,0.0,0.0,0.007788960123434663
1785290791.9904928,0.0,0.0,0.007952703861519694
1785290791.9986248,0.0,0.0,0.007875424111261964
1785290792.0067968,0.0,0.0,0.007923359982669353
1785290792.0149386,0.0,0.0,0.007896128110587597
1785290792.0250146,0.0,0.0,0.00981164793483913
1785290792.0332582,0.0,0.0,0.007982591865584254
1785290792.041601,0.0,0.0,0.008085088105872273
1785290792.0528636,0.0,0.0,0.011002176208421588
1785290792.0598311,0.0,0.0,0.00671276799403131
1785290792.06722,0.0,0.0,0.007123776013031602
1785290792.0755978,0.0,0.0,0.008133600000292063
1785290792.0826104,0.0,0.0,0.006749727996066213
1785290792.0896869,0.0,0.0,0.00681769591756165
1785290792.0971708,0.0,0.0,0.007227840134873986
1785290792.1046305,0.0,0.0,0.007159712025895715
1785290792.111968,0.0,0.0,0.0070528001524508
1785290792.1192715,0.0,0.0,0.007039167918264866
1785290792.1265273,0.0,0.0,0.006993823917582631
1785290792.135717,0.0,0.0,0.00892902398481965
1785290792.143274,0.0,0.0,0.007301247911527753
1785290792.1505644,0.0,0.0,0.00702572800219059
1785290792.1578703,0.0,0.0,0.007039296207949519
1785290792.1651566,0.0,0.0,0.007038048002868891
1785290792.1724796,0.0,0.0,0.0070802560076117516
1785290792.1799178,0.0,0.0,0.007185535971075296
1785290792.1875298,0.0,0.0,0.00736771197989583
1785290792.1951733,0.0,0.0,0.007386303972452879
