time,in_time,out_time,inference_time
1785290008.543957,0.0,0.0,0.0004642559215426445
1785290008.5446243,0.0,0.0,0.000475423876196146
1785290008.5453,0.0,0.0,0.0004889280535280704
1785290008.5459442,0.0,0.0,0.00045846402645111084
1785290008.5466263,0.0,0.0,0.0004816961009055376
1785290008.5473034,0.0,0.0,0.0004913599696010351
1785290008.5479693,0.0,0.0,0.0004775680135935545
1785290008.548627,0.0,0.0,0.00047487998381257057
1785290008.5492933,0.0,0.0,0.0004824001807719469
1785290008.5499341,0.0,0.0,0.0004567359574139118
1785290008.550584,0.0,0.0,0.0004659199621528387
1785290008.5512576,0.0,0.0,0.0004926400724798441
1785290008.5518928,0.0,0.0,0.00045404816046357155
1785290008.552555,0.0,0.0,0.000483871903270483
1785290008.5532043,0.0,0.0,0.00046252808533608913
1785290008.5538776,0.0,0.0,0.00047292793169617653
1785290008.5545447,0.0,0.0,0.00047795195132493973
1785290008.5552285,0.0,0.0,0.0005019521340727806
1785290008.5558736,0.0,0.0,0.0004647041205316782
1785290008.5565238,0.0,0.0,0.0004690559580922127
1785290008.5571783,0.0,0.0,0.00047487998381257057
1785290008.557829,0.0,0.0,0.00046675209887325764
1785290008.5584834,0.0,0.0,0.0004709439817816019
1785290008.5591562,0.0,0.0,0.0004935360047966242
1785290008.559799,0.0,0.0,0.0004629760514944792
1785290008.5604458,0.0,0.0,0.00046620797365903854
1785290008.56109,0.0,0.0,0.0004624319262802601
1785290008.5617337,0.0,0.0,0.00046521611511707306
1785290008.5623865,0.0,0.0,0.00047289603389799595
1785290008.5630286,0.0,0.0,0.00046617607586085796
1785290008.5636966,0.0,0.0,0.00046537606976926327
1785290008.5643322,0.0,0.0,0.0004564800765365362
1785290008.56497,0.0,0.0,0.00046387198381125927
1785290008.565607,0.0,0.0,0.000458399998024106
1785290008.5662432,0.0,0.0,0.0004583359695971012
1785290008.5668802,0.0,0.0,0.00045871990732848644
1785290008.5675726,0.0,0.0,0.0005115200765430927
1785290008.5682292,0.0,0.0,0.0004791361279785633
1785290008.568894,0.0,0.0,0.000466400058940053
1785290008.5695415,0.0,0.0,0.000470111845061183
1785290008.5701885,0.0,0.0,0.0004666880704462528
1785290008.5708504,0.0,0.0,0.00046848016791045666
1785290008.5715177,0.0,0.0,0.0004871038254350424
1785290008.5721598,0.0,0.0,0.0004619518294930458
1785290008.5727978,0.0,0.0,0.00045830407179892063
1785290008.5734382,0.0,0.0,0.0004691521171480417
1785290008.5740652,0.0,0.0,0.00045023998245596886
1785290008.5747032,0.0,0.0,0.0004577278159558773
1785290008.5753622,0.0,0.0,0.0004792320542037487
1785290008.5760016,0.0,0.0,0.0004624959547072649
1785290008.5766323,0.0,0.0,0.00045791990123689175
1785290008.5772948,0.0,0.0,0.00046633603051304817
1785290008.577919,0.0,0.0,0.00045033590868115425
1785290008.5785527,0.0,0.0,0.00045686401426792145
1785290008.5792112,0.0,0.0,0.000480287941172719
1785290008.579855,0.0,0.0,0.0004640000406652689
1785290008.5804923,0.0,0.0,0.00045999977737665176
1785290008.5811026,0.0,0.0,0.00043824012391269207
1785290008.5817273,0.0,0.0,0.00044822390191257
1785290008.5823534,0.0,0.0,0.00045318412594497204
1785290008.5829964,0.0,0.0,0.0004620160907506943
1785290008.583643,0.0,0.0,0.0004508479032665491
1785290008.5842822,0.0,0.0,0.00044832006096839905
1785290008.5849051,0.0,0.0,0.00044768000952899456
1785290008.5855286,0.0,0.0,0.00045030401088297367
1785290008.5861511,0.0,0.0,0.0004468481056392193
1785290008.586808,0.0,0.0,0.00046236789785325527
1785290008.5874856,0.0,0.0,0.0005006080027669668
1785290008.5880961,0.0,0.0,0.000437695998698473
1785290008.5886989,0.0,0.0,0.000431551830843091
1785290008.5893407,0.0,0.0,0.0004655360244214535
1785290008.5899699,0.0,0.0,0.0004523519892245531
1785290008.5905812,0.0,0.0,0.00043875211849808693
1785290008.5912256,0.0,0.0,0.0004690559580922127
1785290008.591885,0.0,0.0,0.0004705921746790409
1785290008.5925086,0.0,0.0,0.0004457279574126005
1785290008.5931363,0.0,0.0,0.000451807864010334
1785290008.593767,0.0,0.0,0.00045244814828038216
1785290008.5943985,0.0,0.0,0.00045436806976795197
1785290008.595022,0.0,0.0,0.0004490879364311695
1785290008.5956802,0.0,0.0,0.0004584318958222866
1785290008.5963075,0.0,0.0,0.0004528961144387722
1785290008.5969253,0.0,0.0,0.0004417281597852707
1785290008.5975423,0.0,0.0,0.00044083199463784695
1785290008.598162,0.0,0.0,0.0004444799851626158
1785290008.598792,0.0,0.0,0.00045321579091250896
1785290008.5994425,0.0,0.0,0.00047484785318374634
1785290008.6000705,0.0,0.0,0.0004471680149435997
1785290008.6007125,0.0,0.0,0.00045145582407712936
1785290008.6013381,0.0,0.0,0.0004473919980227947
1785290008.6019661,0.0,0.0,0.0004489598795771599
1785290008.6025996,0.0,0.0,0.00045295991003513336
1785290008.603287,0.0,0.0,0.0004919038619846106
1785290008.6051815,0.0,0.0,0.0017142719589173794
1785290008.605867,0.0,0.0,0.0004697598051279783
1785290008.6065142,0.0,0.0,0.0004623681306838989
1785290008.6072502,0.0,0.0,0.00048112007789313793
1785290008.6078904,0.0,0.0,0.0004583359695971012
1785290008.6085124,0.0,0.0,0.0004536320921033621
1785290008.6091392,0.0,0.0,0.0004456639289855957
1785290008.6097543,0.0,0.0,0.00043820799328386784
1785290008.6103714,0.0,0.0,0.00043961615301668644
1785290008.6110444,0.0,0.0,0.0004835519939661026
1785290008.6117167,0.0,0.0,0.00046886387281119823
1785290008.6123393,0.0,0.0,0.0004423679783940315
1785290008.6129413,0.0,0.0,0.0004295359831303358
1785290008.6135511,0.0,0.0,0.0004373439587652683
1785290008.6141915,0.0,0.0,0.00046639982610940933
1785290008.614828,0.0,0.0,0.000454816035926342
1785290008.6154506,0.0,0.0,0.0004420159384608269
1785290008.6160817,0.0,0.0,0.0004570242017507553
1785290008.6167116,0.0,0.0,0.00045686401426792145
1785290008.617322,0.0,0.0,0.00042995205149054527
1785290008.617943,0.0,0.0,0.00045103998854756355
1785290008.6185718,0.0,0.0,0.00045168003998696804
1785290008.619222,0.0,0.0,0.0004794239066541195
1785290008.619883,0.0,0.0,0.00045679998584091663
1785290008.6205027,0.0,0.0,0.00044259196147322655
1785290008.6211226,0.0,0.0,0.00045088003389537334
1785290008.6217425,0.0,0.0,0.00044243200682103634
1785290008.6223567,0.0,0.0,0.00044240010902285576
1785290008.622987,0.0,0.0,0.00045526400208473206
1785290008.6236405,0.0,0.0,0.0004609278403222561
1785290008.6242652,0.0,0.0,0.00044665602035820484
1785290008.624891,0.0,0.0,0.0004522239323705435
1785290008.625523,0.0,0.0,0.0004598400555551052
1785290008.6261497,0.0,0.0,0.00045270402915775776
1785290008.6267793,0.0,0.0,0.00045791990123689175
1785290008.6274304,0.0,0.0,0.0004788478836417198
1785290008.6280587,0.0,0.0,0.00044863997027277946
1785290008.6286848,0.0,0.0,0.00045251217670738697
1785290008.6293252,0.0,0.0,0.00045103998854756355
1785290008.6299536,0.0,0.0,0.00045142415910959244
1785290008.6305828,0.0,0.0,0.0004533759783953428
1785290008.6312463,0.0,0.0,0.0004891520366072655
1785290008.6318843,0.0,0.0,0.0004580800887197256
1785290008.6325133,0.0,0.0,0.0004504960961639881
1785290008.6331396,0.0,0.0,0.0004520961083471775
1785290008.6337678,0.0,0.0,0.0004531519953161478
1785290008.6343944,0.0,0.0,0.0004448320250958204
1785290008.6350384,0.0,0.0,0.0004677441902458668
1785290008.6357007,0.0,0.0,0.00046345614828169346
1785290008.6363552,0.0,0.0,0.0004615040961652994
1785290008.636989,0.0,0.0,0.00045916810631752014
1785290008.6376188,0.0,0.0,0.00045555178076028824
1785290008.6382585,0.0,0.0,0.00045295991003513336
1785290008.6388884,0.0,0.0,0.00045321579091250896
1785290008.6395495,0.0,0.0,0.00048217596486210823
1785290008.6401703,0.0,0.0,0.0004444480873644352
1785290008.6407974,0.0,0.0,0.0004455039743334055
1785290008.641424,0.0,0.0,0.00044959993101656437
1785290008.6420496,0.0,0.0,0.0004472639411687851
1785290008.6426797,0.0,0.0,0.00045558391138911247
1785290008.6433234,0.0,0.0,0.0004692159127444029
1785290008.6439312,0.0,0.0,0.00043062400072813034
1785290008.6445496,0.0,0.0,0.0004436161834746599
1785290008.6451662,0.0,0.0,0.00044233608059585094
1785290008.6457734,0.0,0.0,0.0004378880839794874
1785290008.6463919,0.0,0.0,0.0004454399459064007
1785290008.6470075,0.0,0.0,0.0004438080359250307
1785290008.6476848,0.0,0.0,0.0004668799228966236
1785290008.648312,0.0,0.0,0.00045097596012055874
1785290008.6489308,0.0,0.0,0.00044275191612541676
1785290008.6495497,0.0,0.0,0.0004481598734855652
1785290008.6501598,0.0,0.0,0.0004333758261054754
1785290008.6507695,0.0,0.0,0.00043907202780246735
1785290008.651406,0.0,0.0,0.0004611201584339142
1785290008.65208,0.0,0.0,0.0004845759831368923
1785290008.6527076,0.0,0.0,0.00045248004607856274
1785290008.653323,0.0,0.0,0.00043996796011924744
1785290008.653937,0.0,0.0,0.0004410240799188614
1785290008.654552,0.0,0.0,0.00043667200952768326
1785290008.6551974,0.0,0.0,0.0004708480555564165
1785290008.6558478,0.0,0.0,0.0004589760210365057
1785290008.656467,0.0,0.0,0.0004450881388038397
1785290008.6570828,0.0,0.0,0.0004428161773830652
1785290008.6576955,0.0,0.0,0.0004322559107095003
1785290008.6583114,0.0,0.0,0.00043968018144369125
1785290008.6598008,0.0,0.0,0.0013104639947414398
1785290008.6604757,0.0,0.0,0.00046860799193382263
1785290008.6611257,0.0,0.0,0.00046211201697587967
1785290008.661759,0.0,0.0,0.0004498560447245836
1785290008.6623864,0.0,0.0,0.00044876779429614544
1785290008.663016,0.0,0.0,0.0004546879790723324
1785290008.6636498,0.0,0.0,0.00043484801426529884
1785290008.6642861,0.0,0.0,0.0004554560873657465
1785290008.6648905,0.0,0.0,0.0004344959743320942
1785290008.6655233,0.0,0.0,0.00044563179835677147
1785290008.6661522,0.0,0.0,0.0004537280183285475
1785290008.666774,0.0,0.0,0.00045088003389537334
1785290008.66742,0.0,0.0,0.00046755210496485233
1785290008.6680603,0.0,0.0,0.00046326383017003536
1785290008.6686912,0.0,0.0,0.000454592052847147
1785290008.6693118,0.0,0.0,0.00043651205487549305
1785290008.6699302,0.0,0.0,0.000436288071796298
1785290008.6705341,0.0,0.0,0.0004257920663803816
1785290008.6711817,0.0,0.0,0.00047011207789182663
1785290008.6717892,0.0,0.0,0.0004330878145992756
1785290008.6724064,0.0,0.0,0.00044617592357099056
1785290008.6730113,0.0,0.0,0.00043036811985075474
1785290008.6736448,0.0,0.0,0.00045039993710815907
1785290008.6742792,0.0,0.0,0.0004507519770413637
1785290008.6749148,0.0,0.0,0.0004540160298347473
1785290008.675555,0.0,0.0,0.00044508790597319603
1785290008.676174,0.0,0.0,0.00043635210022330284
1785290008.6768165,0.0,0.0,0.0004605120047926903
1785290008.6774302,0.0,0.0,0.0004356799181550741
1785290008.6780553,0.0,0.0,0.00044585601426661015
1785290008.678676,0.0,0.0,0.00044473609887063503
1785290008.679333,0.0,0.0,0.0004835838917642832
1785290008.6799574,0.0,0.0,0.0004504639655351639
1785290008.6805725,0.0,0.0,0.0004386240616440773
1785290008.6811824,0.0,0.0,0.0004380799364298582
1785290008.6818047,0.0,0.0,0.0004496320616453886
1785290008.682413,0.0,0.0,0.00043587200343608856
1785290008.6830218,0.0,0.0,0.00044067203998565674
1785290008.6836667,0.0,0.0,0.0004362878389656544
1785290008.684286,0.0,0.0,0.00044352002441883087
1785290008.6848903,0.0,0.0,0.0004361600149422884
1785290008.6855009,0.0,0.0,0.00042323186062276363
1785290008.6861246,0.0,0.0,0.00044345599599182606
1785290008.6867344,0.0,0.0,0.00043324800208210945
1785290008.6874058,0.0,0.0,0.0004969281144440174
1785290008.6880288,0.0,0.0,0.0004457279574126005
1785290008.6886566,0.0,0.0,0.00045190402306616306
1785290008.6892734,0.0,0.0,0.00043961615301668644
1785290008.6899047,0.0,0.0,0.0004565119743347168
1785290008.6905296,0.0,0.0,0.0004520320799201727
1785290008.6911526,0.0,0.0,0.0004565438721328974
1785290008.6917827,0.0,0.0,0.0004567359574139118
1785290008.6924138,0.0,0.0,0.000454943859949708
1785290008.693061,0.0,0.0,0.00044329604133963585
1785290008.6936972,0.0,0.0,0.0004513280000537634
1785290008.694362,0.0,0.0,0.00048182415775954723
1785290008.6949823,0.0,0.0,0.000439424067735672
1785290008.6956513,0.0,0.0,0.00046604801900684834
1785290008.6962838,0.0,0.0,0.0004531519953161478
1785290008.696904,0.0,0.0,0.0004387199878692627
1785290008.697525,0.0,0.0,0.0004420480690896511
1785290008.698151,0.0,0.0,0.0004514239262789488
1785290008.6987786,0.0,0.0,0.00045286398380994797
1785290008.6994114,0.0,0.0,0.0004605120047926903
1785290008.7000322,0.0,0.0,0.0004439998883754015
1785290008.700656,0.0,0.0,0.00044713588431477547
1785290008.7012808,0.0,0.0,0.00043411203660070896
1785290008.7019212,0.0,0.0,0.00045340810902416706
1785290008.7025259,0.0,0.0,0.0004336319398134947
1785290008.703164,0.0,0.0,0.0004616000223904848
1785290008.703785,0.0,0.0,0.00044089602306485176
1785290008.7044141,0.0,0.0,0.00045078410767018795
1785290008.7050352,0.0,0.0,0.0004457279574126005
1785290008.7056396,0.0,0.0,0.000428896164521575
1785290008.706242,0.0,0.0,0.00043484801426529884
1785290008.706862,0.0,0.0,0.0004426881205290556
1785290008.7074952,0.0,0.0,0.0004565760027617216
1785290008.7081122,0.0,0.0,0.00044176005758345127
1785290008.7087293,0.0,0.0,0.00044156797230243683
1785290008.7093325,0.0,0.0,0.000428896164521575
1785290008.7099705,0.0,0.0,0.00045152008533477783
1785290008.7106063,0.0,0.0,0.00045596808195114136
1785290008.711251,0.0,0.0,0.00046940799802541733
1785290008.711872,0.0,0.0,0.00044281594455242157
1785290008.7124958,0.0,0.0,0.00045017595402896404
1785290008.7131095,0.0,0.0,0.00043907202780246735
1785290008.7137132,0.0,0.0,0.00042934389784932137
1785290008.7152097,0.0,0.0,0.0013026560191065073
1785290008.7158902,0.0,0.0,0.0004775680135935545
1785290008.716532,0.0,0.0,0.0004576959181576967
1785290008.7171752,0.0,0.0,0.00044281594455242157
1785290008.7178028,0.0,0.0,0.00044243200682103634
1785290008.7184224,0.0,0.0,0.00043907202780246735
1785290008.719041,0.0,0.0,0.00044163200072944164
1785290008.71971,0.0,0.0,0.0004663041327148676
1785290008.7203538,0.0,0.0,0.0004620160907506943
1785290008.720981,0.0,0.0,0.0004539520014077425
1785290008.7215943,0.0,0.0,0.00043843197636306286
1785290008.722202,0.0,0.0,0.0004359041340649128
1785290008.7228193,0.0,0.0,0.00044099194929003716
1785290008.7234628,0.0,0.0,0.0004709439817816019
1785290008.7240753,0.0,0.0,0.0004355199635028839
1785290008.7246966,0.0,0.0,0.00044265598990023136
1785290008.7253196,0.0,0.0,0.0004473279695957899
1785290008.7259388,0.0,0.0,0.0004409600514918566
1785290008.7265563,0.0,0.0,0.0004471680149435997
1785290008.7271898,0.0,0.0,0.00046118395403027534
1785290008.7278154,0.0,0.0,0.00045209587551653385
1785290008.7284465,0.0,0.0,0.0004428480751812458
1785290008.7290676,0.0,0.0,0.0004421439953148365
1785290008.7296853,0.0,0.0,0.0004426240921020508
1785290008.730301,0.0,0.0,0.00043667200952768326
1785290008.7309132,0.0,0.0,0.0004362240433692932
1785290008.7315543,0.0,0.0,0.0004675840027630329
1785290008.7321706,0.0,0.0,0.0004405439831316471
1785290008.7327747,0.0,0.0,0.00043004797771573067
1785290008.733448,0.0,0.0,0.0004691199865192175
1785290008.7340808,0.0,0.0,0.0004505598917603493
1785290008.7347026,0.0,0.0,0.0004492797888815403
1785290008.7353468,0.0,0.0,0.0004715840332210064
1785290008.7359712,0.0,0.0,0.0004463361110538244
1785290008.736595,0.0,0.0,0.0004464320372790098
1785290008.737216,0.0,0.0,0.00044988817535340786
1785290008.7378244,0.0,0.0,0.00043868785724043846
1785290008.7384386,0.0,0.0,0.00044227205216884613
1785290008.739044,0.0,0.0,0.0004336959682404995
1785290008.7396843,0.0,0.0,0.00044771190732717514
1785290008.740309,0.0,0.0,0.00044176005758345127
1785290008.7409244,0.0,0.0,0.0004453440196812153
1785290008.7415318,0.0,0.0,0.0004354878328740597
1785290008.7421663,0.0,0.0,0.0004572479519993067
1785290008.7427769,0.0,0.0,0.0004359681624919176
1785290008.7434194,0.0,0.0,0.00046204798854887486
1785290008.744049,0.0,0.0,0.0004529280122369528
1785290008.7446702,0.0,0.0,0.0004466238897293806
1785290008.7453327,0.0,0.0,0.00043219211511313915
1785290008.7459369,0.0,0.0,0.0004303678870201111
1785290008.7465339,0.0,0.0,0.00042351987212896347
1785290008.7471657,0.0,0.0,0.00045884796418249607
1785290008.7477899,0.0,0.0,0.0004487361293286085
1785290008.7483945,0.0,0.0,0.0004359360318630934
1785290008.7490168,0.0,0.0,0.00044649606570601463
1785290008.7496362,0.0,0.0,0.00043327989988029003
1785290008.7502391,0.0,0.0,0.00042899209074676037
1785290008.750845,0.0,0.0,0.00043792021460831165
1785290008.7514904,0.0,0.0,0.00046639982610940933
1785290008.7521193,0.0,0.0,0.00044249603524804115
1785290008.752748,0.0,0.0,0.000452736159786582
1785290008.7533803,0.0,0.0,0.0004549119621515274
1785290008.7540007,0.0,0.0,0.0004447358660399914
1785290008.75461,0.0,0.0,0.00043833605013787746
1785290008.755237,0.0,0.0,0.00045929616317152977
1785290008.7558408,0.0,0.0,0.00043014390394091606
1785290008.7564552,0.0,0.0,0.00044156797230243683
1785290008.7570703,0.0,0.0,0.00044249603524804115
1785290008.7576916,0.0,0.0,0.00044329604133963585
1785290008.758314,0.0,0.0,0.0004463999066501856
1785290008.7589293,0.0,0.0,0.0004399041645228863
1785290008.7595718,0.0,0.0,0.0004537280183285475
1785290008.7601993,0.0,0.0,0.0004502080846577883
1785290008.760828,0.0,0.0,0.0004539201036095619
1785290008.7614381,0.0,0.0,0.0004354240372776985
1785290008.7620687,0.0,0.0,0.00045292777940630913
1785290008.7626913,0.0,0.0,0.0004495680332183838
1785290008.763365,0.0,0.0,0.0004842879716306925
1785290008.7639852,0.0,0.0,0.00043747201561927795
1785290008.7646134,0.0,0.0,0.00045606400817632675
1785290008.7652633,0.0,0.0,0.0004522239323705435
1785290008.765891,0.0,0.0,0.0004490239080041647
1785290008.766524,0.0,0.0,0.0004572800826281309
1785290008.7671745,0.0,0.0,0.000475423876196146
1785290008.7678094,0.0,0.0,0.0004573760088533163
1785290008.7684197,0.0,0.0,0.00043219211511313915
1785290008.7690463,0.0,0.0,0.0004529280122369528
1785290008.7704196,0.0,0.0,0.0011949120089411736
1785290008.7711115,0.0,0.0,0.0004783999174833298
1785290008.7717745,0.0,0.0,0.0004658878315240145
1785290008.7724135,0.0,0.0,0.00045631988905370235
1785290008.7730222,0.0,0.0,0.0004329918883740902
1785290008.7736506,0.0,0.0,0.0004465598613023758
1785290008.7742705,0.0,0.0,0.000439999857917428
1785290008.77488,0.0,0.0,0.000434560002759099
1785290008.7755234,0.0,0.0,0.00046611204743385315
1785290008.776139,0.0,0.0,0.00044057611376047134
1785290008.7767816,0.0,0.0,0.00044963182881474495
1785290008.7773983,0.0,0.0,0.0004396799486130476
1785290008.7780397,0.0,0.0,0.00046358397230505943
1785290008.778662,0.0,0.0,0.0004441922064870596
1785290008.779304,0.0,0.0,0.00045932806096971035
1785290008.779907,0.0,0.0,0.00042313593439757824
1785290008.780508,0.0,0.0,0.0004333760589361191
1785290008.7811267,0.0,0.0,0.00044102384708821774
1785290008.7817416,0.0,0.0,0.0004403521306812763
1785290008.7824075,0.0,0.0,0.00047321594320237637
1785290008.78303,0.0,0.0,0.00044448021799325943
1785290008.7836947,0.0,0.0,0.0004609599709510803
1785290008.784309,0.0,0.0,0.0004377600271254778
1785290008.7849305,0.0,0.0,0.0004478080663830042
1785290008.7855535,0.0,0.0,0.000449951970949769
1785290008.7861793,0.0,0.0,0.00044672004878520966
1785290008.7868044,0.0,0.0,0.00045584002509713173
1785290008.7874417,0.0,0.0,0.00046038394793868065
1785290008.788058,0.0,0.0,0.0004422080237418413
1785290008.7886574,0.0,0.0,0.0004241280257701874
1785290008.7892804,0.0,0.0,0.0004377600271254778
1785290008.7898893,0.0,0.0,0.00043462379835546017
1785290008.7905076,0.0,0.0,0.0004403200000524521
1785290008.7911603,0.0,0.0,0.00046988786198198795
1785290008.7917824,0.0,0.0,0.0004473598673939705
1785290008.7924058,0.0,0.0,0.0004473279695957899
1785290008.793025,0.0,0.0,0.00044585601426661015
1785290008.793642,0.0,0.0,0.0004399039316922426
1785290008.794244,0.0,0.0,0.0004253759980201721
1785290008.7948565,0.0,0.0,0.00043481611646711826
1785290008.795521,0.0,0.0,0.000499263871461153
1785290008.7961576,0.0,0.0,0.0004625599831342697
1785290008.796773,0.0,0.0,0.000440928153693676
1785290008.7974005,0.0,0.0,0.00044928002171218395
1785290008.7980323,0.0,0.0,0.00044118380174040794
1785290008.798635,0.0,0.0,0.00043436791747808456
1785290008.7992716,0.0,0.0,0.0004620801191776991
1785290008.7998893,0.0,0.0,0.00044243200682103634
1785290008.800512,0.0,0.0,0.0004522879607975483
1785290008.8011386,0.0,0.0,0.0004479039926081896
1785290008.8017619,0.0,0.0,0.0004481920041143894
1785290008.8023844,0.0,0.0,0.0004369600210338831
1785290008.8029919,0.0,0.0,0.00043151993304491043
1785290008.8036363,0.0,0.0,0.0004521280061453581
1785290008.8042438,0.0,0.0,0.00043155206367373466
1785290008.8048635,0.0,0.0,0.0004471680149435997
1785290008.8054686,0.0,0.0,0.00043075205758213997
1785290008.806087,0.0,0.0,0.0004413439892232418
1785290008.8067045,0.0,0.0,0.00044505600817501545
1785290008.8073328,0.0,0.0,0.00045782397501170635
1785290008.8079438,0.0,0.0,0.000436288071796298
1785290008.8085558,0.0,0.0,0.00043523218482732773
1785290008.809174,0.0,0.0,0.0004423998761922121
1785290008.809785,0.0,0.0,0.0004376000724732876
1785290008.8104045,0.0,0.0,0.00044416007585823536
1785290008.811017,0.0,0.0,0.0004379840102046728
1785290008.8116734,0.0,0.0,0.00045990408398211
1785290008.8122752,0.0,0.0,0.000426111975684762
1785290008.8128872,0.0,0.0,0.00043859193101525307
1785290008.813507,0.0,0.0,0.000434560002759099
1785290008.8141224,0.0,0.0,0.00043260795064270496
1785290008.8147485,0.0,0.0,0.0004509119316935539
1785290008.8153918,0.0,0.0,0.0004710080102086067
1785290008.816018,0.0,0.0,0.0004479039926081896
1785290008.816636,0.0,0.0,0.0004456958267837763
1785290008.8172555,0.0,0.0,0.0004445440135896206
1785290008.8178685,0.0,0.0,0.00044188788160681725
1785290008.818486,0.0,0.0,0.00044281594455242157
1785290008.8190885,0.0,0.0,0.00043046404607594013
1785290008.8197446,0.0,0.0,0.00045862398110330105
1785290008.8203712,0.0,0.0,0.00044863997027277946
1785290008.8209803,0.0,0.0,0.00043545616790652275
1785290008.8215902,0.0,0.0,0.0004351360257714987
1785290008.8222098,0.0,0.0,0.00044073606841266155
1785290008.822819,0.0,0.0,0.0004317441489547491
1785290008.8234782,0.0,0.0,0.00048339180648326874
1785290008.8240962,0.0,0.0,0.000439648050814867
1785290008.8254352,0.0,0.0,0.0011623359750956297
1785290008.826095,0.0,0.0,0.0004614400677382946
1785290008.8267298,0.0,0.0,0.00044934405013918877
1785290008.8273833,0.0,0.0,0.00047107203863561153
1785290008.828005,0.0,0.0,0.00044281594455242157
1785290008.8286219,0.0,0.0,0.0004390398971736431
1785290008.8292394,0.0,0.0,0.0004389439709484577
1785290008.8298552,0.0,0.0,0.0004394880961626768
1785290008.8304813,0.0,0.0,0.0004399041645228863
1785290008.8310902,0.0,0.0,0.000434560002759099
1785290008.8317523,0.0,0.0,0.0004588160663843155
1785290008.8323786,0.0,0.0,0.0004515198525041342
1785290008.8329968,0.0,0.0,0.0004440639168024063
1785290008.833617,0.0,0.0,0.00044489605352282524
1785290008.8342402,0.0,0.0,0.0004475838504731655
1785290008.8348749,0.0,0.0,0.00045516807585954666
1785290008.8355343,0.0,0.0,0.0004809279926121235
1785290008.836183,0.0,0.0,0.0004583678673952818
1785290008.8368192,0.0,0.0,0.00045708799734711647
1785290008.8374333,0.0,0.0,0.00043891207315027714
1785290008.8380477,0.0,0.0,0.0004404159262776375
1785290008.8386679,0.0,0.0,0.00045039993710815907
1785290008.839325,0.0,0.0,0.00048310402780771255
1785290008.8399284,0.0,0.0,0.00042448006570339203
1785290008.840546,0.0,0.0,0.0004429440014064312
1785290008.8411722,0.0,0.0,0.00044908816926181316
1785290008.8417969,0.0,0.0,0.0004404480569064617
1785290008.8424153,0.0,0.0,0.0004437121096998453
1785290008.843026,0.0,0.0,0.00043811206705868244
1785290008.8436844,0.0,0.0,0.00045510404743254185
1785290008.844318,0.0,0.0,0.0004527678247541189
1785290008.8449256,0.0,0.0,0.00043302401900291443
1785290008.8455338,0.0,0.0,0.00043404800817370415
1785290008.8461673,0.0,0.0,0.0004453761503100395
1785290008.8467884,0.0,0.0,0.0004410881083458662
1785290008.847444,0.0,0.0,0.00046611204743385315
1785290008.8480577,0.0,0.0,0.0004386559594422579
1785290008.8486607,0.0,0.0,0.00042707216925919056
1785290008.8492658,0.0,0.0,0.00043068802915513515
1785290008.8498816,0.0,0.0,0.0004453761503100395
1785290008.8504913,0.0,0.0,0.0004340158775448799
1785290008.8511262,0.0,0.0,0.0004601599648594856
1785290008.8517504,0.0,0.0,0.00044550420716404915
1785290008.8523614,0.0,0.0,0.0004339199513196945
1785290008.8529747,0.0,0.0,0.0004391039256006479
1785290008.8535926,0.0,0.0,0.0004442241042852402
1785290008.854219,0.0,0.0,0.0004464320372790098
1785290008.8548517,0.0,0.0,0.00045359996147453785
1785290008.8554945,0.0,0.0,0.00046723196282982826
1785290008.856111,0.0,0.0,0.00044105597771704197
1785290008.8567193,0.0,0.0,0.00043430388905107975
1785290008.85734,0.0,0.0,0.00044912006705999374
1785290008.8579488,0.0,0.0,0.00043398397974669933
1785290008.858553,0.0,0.0,0.00043155206367373466
1785290008.8592162,0.0,0.0,0.0004767680075019598
1785290008.859827,0.0,0.0,0.0004304319154471159
1785290008.8604534,0.0,0.0,0.000443135853856802
1785290008.861082,0.0,0.0,0.0004546879790723324
1785290008.861705,0.0,0.0,0.00044703995808959007
1785290008.8623292,0.0,0.0,0.00043420796282589436
1785290008.8629456,0.0,0.0,0.0004355839919298887
1785290008.8635957,0.0,0.0,0.00046534393914043903
1785290008.8642206,0.0,0.0,0.00044566416181623936
1785290008.864844,0.0,0.0,0.00045103998854756355
1785290008.865472,0.0,0.0,0.0004484481178224087
1785290008.8660803,0.0,0.0,0.0004352319519966841
1785290008.866695,0.0,0.0,0.00044070417061448097
1785290008.8673477,0.0,0.0,0.0004734080284833908
1785290008.8679614,0.0,0.0,0.00043654395267367363
1785290008.8685732,0.0,0.0,0.00043228804133832455
1785290008.8691986,0.0,0.0,0.00045081600546836853
1785290008.8698468,0.0,0.0,0.0004562879912555218
1785290008.870454,0.0,0.0,0.0004303359892219305
1785290008.8710785,0.0,0.0,0.0004471361171454191
1785290008.8717415,0.0,0.0,0.0004627841990441084
1785290008.8723469,0.0,0.0,0.00042950408533215523
1785290008.8729844,0.0,0.0,0.00046006403863430023
1785290008.8736305,0.0,0.0,0.00046537606976926327
1785290008.874251,0.0,0.0,0.0004412480629980564
1785290008.8748784,0.0,0.0,0.0004517438355833292
1785290008.8755233,0.0,0.0,0.0004683518782258034
1785290008.8761444,0.0,0.0,0.0004420799668878317
1785290008.8767629,0.0,0.0,0.0004465279635041952
1785290008.8773851,0.0,0.0,0.0004432639107108116
1785290008.878024,0.0,0.0,0.00044841598719358444
1785290008.8786542,0.0,0.0,0.0004501438234001398
1785290008.8792868,0.0,0.0,0.00046291202306747437
1785290008.8806,0.0,0.0,0.001133600017055869
1785290008.8812764,0.0,0.0,0.00047305598855018616
1785290008.8819282,0.0,0.0,0.00046864012256264687
1785290008.8825657,0.0,0.0,0.0004565119743347168
1785290008.883221,0.0,0.0,0.0004743998870253563
1785290008.883845,0.0,0.0,0.00044703995808959007
1785290008.8844826,0.0,0.0,0.0004567038267850876
1785290008.8851001,0.0,0.0,0.00043980800546705723
1785290008.8857164,0.0,0.0,0.00043929601088166237
1785290008.8863318,0.0,0.0,0.0004387199878692627
1785290008.886967,0.0,0.0,0.0004528320860117674
1785290008.8876069,0.0,0.0,0.00044633587822318077
1785290008.8882902,0.0,0.0,0.00046153599396348
1785290008.8889124,0.0,0.0,0.0004447679966688156
1785290008.8895347,0.0,0.0,0.0004445440135896206
1785290008.8901637,0.0,0.0,0.00045398413203656673
1785290008.890779,0.0,0.0,0.0004504960961639881
1785290008.89144,0.0,0.0,0.00048492802307009697
1785290008.8920734,0.0,0.0,0.000451807864010334
1785290008.8926895,0.0,0.0,0.00044243200682103634
1785290008.8933156,0.0,0.0,0.0004526718985289335
1785290008.8939228,0.0,0.0,0.00043436791747808456
1785290008.8945417,0.0,0.0,0.0004454080481082201
1785290008.895208,0.0,0.0,0.00047721597366034985
1785290008.8958244,0.0,0.0,0.0004401281476020813
1785290008.896484,0.0,0.0,0.00046467198990285397
1785290008.8971007,0.0,0.0,0.00044105597771704197
1785290008.8977115,0.0,0.0,0.0004402240738272667
1785290008.8983204,0.0,0.0,0.00043564802035689354
1785290008.8989394,0.0,0.0,0.00044355192221701145
1785290008.8995705,0.0,0.0,0.00043763197027146816
1785290008.9001923,0.0,0.0,0.0004482879303395748
1785290008.9008045,0.0,0.0,0.00043398397974669933
1785290008.9014204,0.0,0.0,0.0004447679966688156
1785290008.90203,0.0,0.0,0.00043750391341745853
1785290008.9026492,0.0,0.0,0.00044172792695462704
1785290008.9032884,0.0,0.0,0.00046809599734842777
1785290008.9039268,0.0,0.0,0.0004674240481108427
1785290008.9045527,0.0,0.0,0.0004507838748395443
1785290008.9051716,0.0,0.0,0.0004452480934560299
1785290008.9057875,0.0,0.0,0.0004470720887184143
1785290008.9063957,0.0,0.0,0.0004401281476020813
1785290008.9070213,0.0,0.0,0.00043497607111930847
1785290008.9076946,0.0,0.0,0.0004681600257754326
1785290008.9083228,0.0,0.0,0.00045270402915775776
1785290008.9089441,0.0,0.0,0.00044534378685057163
1785290008.9095511,0.0,0.0,0.00043913605622947216
1785290008.9101598,0.0,0.0,0.0004378880839794874
1785290008.910798,0.0,0.0,0.00045353593304753304
1785290008.911456,0.0,0.0,0.00048470403999090195
1785290008.9120777,0.0,0.0,0.0004425921943038702
1785290008.9126923,0.0,0.0,0.00044480012729763985
1785290008.9133134,0.0,0.0,0.0004455680027604103
1785290008.9139268,0.0,0.0,0.0004392641130834818
1785290008.9145558,0.0,0.0,0.0004528961144387722
1785290008.915224,0.0,0.0,0.0004896319005638361
1785290008.9158442,0.0,0.0,0.00044515193440020084
1785290008.9164734,0.0,0.0,0.000454816035926342
1785290008.9171064,0.0,0.0,0.00045398413203656673
1785290008.91773,0.0,0.0,0.00044905603863298893
1785290008.9183683,0.0,0.0,0.0004513280000537634
1785290008.9189978,0.0,0.0,0.00045750406570732594
1785290008.9196386,0.0,0.0,0.0004443840589374304
1785290008.9202592,0.0,0.0,0.0004452161956578493
1785290008.920876,0.0,0.0,0.0004439679905772209
1785290008.9215097,0.0,0.0,0.0004600638058036566
1785290008.9221556,0.0,0.0,0.0004691199865192175
1785290008.9227788,0.0,0.0,0.0004471361171454191
1785290008.9234169,0.0,0.0,0.00046396791003644466
1785290008.9240417,0.0,0.0,0.0004471999127417803
1785290008.9246573,0.0,0.0,0.00043993606232106686
1785290008.9252744,0.0,0.0,0.000441279960796237
1785290008.9259112,0.0,0.0,0.00045910407789051533
1785290008.9265592,0.0,0.0,0.0004654400981962681
1785290008.927218,0.0,0.0,0.0004689281340688467
1785290008.9278526,0.0,0.0,0.0004606081638485193
1785290008.9284751,0.0,0.0,0.00044678407721221447
1785290008.9291003,0.0,0.0,0.00044860783964395523
1785290008.9297154,0.0,0.0,0.000443008029833436
1785290008.9303381,0.0,0.0,0.0004356801509857178
1785290008.930965,0.0,0.0,0.0004487039986997843
1785290008.9316025,0.0,0.0,0.000443008029833436
1785290008.932221,0.0,0.0,0.00044009601697325706
1785290008.9328394,0.0,0.0,0.0004449598491191864
1785290008.9334512,0.0,0.0,0.0004395840223878622
1785290008.9340634,0.0,0.0,0.0004374717827886343
1785290008.9346757,0.0,0.0,0.0004402881022542715
1785290008.9360096,0.0,0.0,0.0011581438593566418
1785290008.9366505,0.0,0.0,0.0004466879181563854
1785290008.9372728,0.0,0.0,0.0004434881266206503
1785290008.9379077,0.0,0.0,0.0004494080785661936
1785290008.9385378,0.0,0.0,0.0004512639716267586
1785290008.9391892,0.0,0.0,0.0004719679709523916
1785290008.939816,0.0,0.0,0.0004479039926081896
1785290008.9404457,0.0,0.0,0.00045350403524935246
1785290008.9410825,0.0,0.0,0.00045894389040768147
1785290008.9416964,0.0,0.0,0.000437919981777668
1785290008.9423366,0.0,0.0,0.0004623041022568941
1785290008.9429674,0.0,0.0,0.00045286398380994797
1785290008.9436345,0.0,0.0,0.0004512639716267586
1785290008.9442506,0.0,0.0,0.00043632020242512226
1785290008.944889,0.0,0.0,0.00045190402306616306
1785290008.9455235,0.0,0.0,0.00045504001900553703
1785290008.9461474,0.0,0.0,0.000449504004791379
1785290008.9467752,0.0,0.0,0.0004582079127430916
1785290008.9474425,0.0,0.0,0.0004910081624984741
1785290008.9480715,0.0,0.0,0.0004448320250958204
1785290008.9487026,0.0,0.0,0.0004582400433719158
1785290008.9493413,0.0,0.0,0.00046188803389668465
1785290008.9499602,0.0,0.0,0.0004426240921020508
1785290008.950578,0.0,0.0,0.00044393609277904034
1785290008.9512339,0.0,0.0,0.00047968002036213875
1785290008.951859,0.0,0.0,0.0004438720643520355
1785290008.95249,0.0,0.0,0.0004550078883767128
1785290008.9531193,0.0,0.0,0.00045254407450556755
1785290008.9537427,0.0,0.0,0.0004457279574126005
1785290008.9543648,0.0,0.0,0.00044688000343739986
1785290008.954974,0.0,0.0,0.00043654395267367363
1785290008.9556193,0.0,0.0,0.0004506879486143589
1785290008.9562814,0.0,0.0,0.0004734720569103956
1785290008.9569075,0.0,0.0,0.00044931191951036453
1785290008.9575346,0.0,0.0,0.00044838408939540386
1785290008.958162,0.0,0.0,0.0004471680149435997
1785290008.9587913,0.0,0.0,0.0004506560508161783
1785290008.9594254,0.0,0.0,0.0004607359878718853
1785290008.9600747,0.0,0.0,0.0004536961205303669
1785290008.9606977,0.0,0.0,0.000447648111730814
1785290008.9613056,0.0,0.0,0.00043404800817370415
1785290008.9619277,0.0,0.0,0.00044908816926181316
1785290008.9625404,0.0,0.0,0.00043913605622947216
1785290008.963182,0.0,0.0,0.0004688000772148371
1785290008.9637985,0.0,0.0,0.00044073606841266155
1785290008.9644086,0.0,0.0,0.00043324800208210945
1785290008.9650269,0.0,0.0,0.00044441595673561096
1785290008.9656496,0.0,0.0,0.00044607999734580517
1785290008.9662738,0.0,0.0,0.0004345281049609184
1785290008.9668887,0.0,0.0,0.00044000009074807167
1785290008.9675167,0.0,0.0,0.00045695994049310684
1785290008.9681504,0.0,0.0,0.00045596808195114136
1785290008.968797,0.0,0.0,0.00046492787078022957
1785290008.9694178,0.0,0.0,0.0004463361110538244
1785290008.9700391,0.0,0.0,0.00044403201900422573
1785290008.970664,0.0,0.0,0.0004497920162975788
1785290008.9712906,0.0,0.0,0.0004526078701019287
1785290008.9719102,0.0,0.0,0.000444288132712245
1785290008.97253,0.0,0.0,0.0004487999249249697
1785290008.9731364,0.0,0.0,0.00043436791747808456
1785290008.973781,0.0,0.0,0.00046931207180023193
1785290008.9743965,0.0,0.0,0.0004374401178210974
1785290008.975017,0.0,0.0,0.0004478080663830042
1785290008.9756942,0.0,0.0,0.0004637758247554302
1785290008.976324,0.0,0.0,0.00045187189243733883
1785290008.9769447,0.0,0.0,0.00044419197365641594
1785290008.9775882,0.0,0.0,0.0004592000041157007
1785290008.9782388,0.0,0.0,0.0004619841929525137
1785290008.9788709,0.0,0.0,0.0004542719107121229
1785290008.9795077,0.0,0.0,0.0004642240237444639
1785290008.9801416,0.0,0.0,0.0004582719411700964
1785290008.9807706,0.0,0.0,0.000451583880931139
1785290008.981391,0.0,0.0,0.00044809584505856037
1785290008.9820123,0.0,0.0,0.00044691190123558044
1785290008.9826498,0.0,0.0,0.00045654410496354103
1785290008.9832833,0.0,0.0,0.0004594558849930763
1785290008.983912,0.0,0.0,0.0004521601367741823
1785290008.984534,0.0,0.0,0.00044595194049179554
1785290008.985155,0.0,0.0,0.000449951970949769
1785290008.985787,0.0,0.0,0.00045718392357230186
1785290008.9864147,0.0,0.0,0.00044934405013918877
1785290008.987016,0.0,0.0,0.00042924797162413597
1785290008.987655,0.0,0.0,0.0004432958085089922
1785290008.988267,0.0,0.0,0.0004368000663816929
1785290008.9888742,0.0,0.0,0.0004344959743320942
1785290008.9895146,0.0,0.0,0.0004471680149435997
1785290008.9901152,0.0,0.0,0.0004313918761909008
1785290008.991489,0.0,0.0,0.0005127040203660727
1785290008.9921312,0.0,0.0,0.00045494409278035164
1785290008.9927557,0.0,0.0,0.00044451188296079636
1785290008.993369,0.0,0.0,0.00043683196417987347
1785290008.9939816,0.0,0.0,0.00043670390732586384
1785290008.9946008,0.0,0.0,0.000444288132712245
1785290008.9952552,0.0,0.0,0.0004841920454055071
1785290008.9958694,0.0,0.0,0.0004383681807667017
1785290008.9964993,0.0,0.0,0.00045606400817632675
1785290008.9971132,0.0,0.0,0.0004365118220448494
1785290008.9977288,0.0,0.0,0.00043519982136785984
1785290008.9983652,0.0,0.0,0.0004573119804263115
1785290008.9989848,0.0,0.0,0.0004438720643520355
1785290008.9996238,0.0,0.0,0.0004438080359250307
1785290009.0002468,0.0,0.0,0.0004488320555537939
1785290009.0008614,0.0,0.0,0.00043846387416124344
1785290009.0014782,0.0,0.0,0.0004380159080028534
1785290009.0021005,0.0,0.0,0.00044441595673561096
1785290009.0027158,0.0,0.0,0.0004404799547046423
1785290009.003362,0.0,0.0,0.00047155190259218216
1785290009.003972,0.0,0.0,0.00043846387416124344
1785290009.004621,0.0,0.0,0.00045836810022592545
1785290009.0052376,0.0,0.0,0.0004396159201860428
1785290009.005862,0.0,0.0,0.0004439358599483967
1785290009.0064774,0.0,0.0,0.00044131185859441757
1785290009.0071118,0.0,0.0,0.00045859208330512047
1785290009.0077589,0.0,0.0,0.000463264063000679
1785290009.0083869,0.0,0.0,0.00043737608939409256
1785290009.0090055,0.0,0.0,0.0004420480690896511
1785290009.0096335,0.0,0.0,0.00044579198583960533
1785290009.010255,0.0,0.0,0.0004454720765352249
1785290009.0108883,0.0,0.0,0.00045580812729895115
1785290009.0115395,0.0,0.0,0.0004754881374537945
1785290009.012154,0.0,0.0,0.00043775979429483414
1785290009.0127802,0.0,0.0,0.00044745602644979954
1785290009.013398,0.0,0.0,0.00044051208533346653
1785290009.0140007,0.0,0.0,0.0004242241848260164
1785290009.0146146,0.0,0.0,0.00043868785724043846
1785290009.0152586,0.0,0.0,0.00046492787078022957
1785290009.0158954,0.0,0.0,0.0004505279939621687
1785290009.016506,0.0,0.0,0.0004344000481069088
1785290009.0171278,0.0,0.0,0.0004473919980227947
1785290009.0177608,0.0,0.0,0.00045494409278035164
1785290009.0183876,0.0,0.0,0.000447648111730814
1785290009.0189915,0.0,0.0,0.00042694411240518093
1785290009.0196276,0.0,0.0,0.0004421439953148365
1785290009.020243,0.0,0.0,0.0004395199939608574
1785290009.020865,0.0,0.0,0.00045084813609719276
1785290009.0214765,0.0,0.0,0.00044569605961441994
1785290009.0220993,0.0,0.0,0.0004447998944669962
1785290009.0227294,0.0,0.0,0.0004486080724745989
1785290009.023376,0.0,0.0,0.000466975849121809
1785290009.0239925,0.0,0.0,0.0004357441794127226
1785290009.024638,0.0,0.0,0.0004513601306825876
1785290009.0252576,0.0,0.0,0.0004419521428644657
1785290009.025873,0.0,0.0,0.0004392641130834818
1785290009.0264926,0.0,0.0,0.00044275191612541676
1785290009.0271337,0.0,0.0,0.0004568318836390972
1785290009.0277264,0.0,0.0,0.0004201920237392187
1785290009.0283394,0.0,0.0,0.0004359041340649128
1785290009.0289538,0.0,0.0,0.000436639878898859
1785290009.0295572,0.0,0.0,0.0004285119939595461
1785290009.0301666,0.0,0.0,0.00043846387416124344
1785290009.03077,0.0,0.0,0.000432480126619339
1785290009.0314481,0.0,0.0,0.00046428805217146873
1785290009.0320764,0.0,0.0,0.0004518721252679825
1785290009.0326965,0.0,0.0,0.0004441279452294111
1785290009.0333042,0.0,0.0,0.00043219211511313915
1785290009.0339298,0.0,0.0,0.00045424001291394234
1785290009.034554,0.0,0.0,0.00045011192560195923
1785290009.0352058,0.0,0.0,0.00047823996283113956
1785290009.035831,0.0,0.0,0.0004494080785661936
1785290009.0364542,0.0,0.0,0.00044259196147322655
1785290009.037066,0.0,0.0,0.0004386240616440773
1785290009.037696,0.0,0.0,0.00045177596621215343
1785290009.0383193,0.0,0.0,0.00044659199193120003
1785290009.0389524,0.0,0.0,0.00044400012120604515
1785290009.0395994,0.0,0.0,0.0004537280183285475
1785290009.0402238,0.0,0.0,0.00043942383490502834
1785290009.0408397,0.0,0.0,0.00044230418279767036
1785290009.0414503,0.0,0.0,0.00043747201561927795
1785290009.0420582,0.0,0.0,0.00043062400072813034
1785290009.0426679,0.0,0.0,0.00043219211511313915
1785290009.0433004,0.0,0.0,0.0004557438660413027
1785290009.0439076,0.0,0.0,0.00043388805352151394
1785290009.0445423,0.0,0.0,0.00045382394455373287
1785290009.0451524,0.0,0.0,0.0004338559228926897
1785290009.0464463,0.0,0.0,0.001118335872888565
1785290009.0470903,0.0,0.0,0.0004528961144387722
1785290009.0477502,0.0,0.0,0.00044857594184577465
1785290009.048382,0.0,0.0,0.0004515519831329584
1785290009.0490024,0.0,0.0,0.0004419840406626463
1785290009.049623,0.0,0.0,0.0004454080481082201
1785290009.050243,0.0,0.0,0.0004431998822838068
1785290009.050845,0.0,0.0,0.00043004797771573067
1785290009.0514867,0.0,0.0,0.00046768016181886196
1785290009.0521011,0.0,0.0,0.00043852790258824825
1785290009.052724,0.0,0.0,0.00044601596891880035
1785290009.053351,0.0,0.0,0.00043884781189262867
1785290009.0539684,0.0,0.0,0.00044224015437066555
1785290009.0545774,0.0,0.0,0.0004374398849904537
1785290009.0552244,0.0,0.0,0.0004743998870253563
1785290009.0558307,0.0,0.0,0.00043052807450294495
1785290009.0564363,0.0,0.0,0.0004303678870201111
1785290009.057061,0.0,0.0,0.0004370240494608879
1785290009.0576727,0.0,0.0,0.0004356477875262499
1785290009.0582995,0.0,0.0,0.000454816035926342
1785290009.0589159,0.0,0.0,0.00043929601088166237
1785290009.0595415,0.0,0.0,0.000454816035926342
1785290009.0601776,0.0,0.0,0.00046022399328649044
1785290009.0608037,0.0,0.0,0.00044723181053996086
1785290009.0614152,0.0,0.0,0.0004387199878692627
1785290009.0620432,0.0,0.0,0.00044783996418118477
1785290009.0626647,0.0,0.0,0.0004487361293286085
1785290009.0633268,0.0,0.0,0.0004813761916011572
1785290009.0639603,0.0,0.0,0.00045164814218878746
1785290009.0645573,0.0,0.0,0.00043039978481829166
1785290009.0651865,0.0,0.0,0.00045359996147453785
1785290009.0658271,0.0,0.0,0.0004531519953161478
1785290009.0664399,0.0,0.0,0.00043564802035689354
1785290009.0670576,0.0,0.0,0.0004410881083458662
1785290009.0676773,0.0,0.0,0.0004318400751799345
1785290009.0682967,0.0,0.0,0.0004437121096998453
1785290009.0689142,0.0,0.0,0.00044172792695462704
1785290009.0695112,0.0,0.0,0.0004260800778865814
1785290009.0701327,0.0,0.0,0.0004459198098629713
1785290009.070757,0.0,0.0,0.0004436480812728405
1785290009.071404,0.0,0.0,0.000470208004117012
1785290009.0720277,0.0,0.0,0.00045135989785194397
1785290009.0726857,0.0,0.0,0.00046559982001781464
1785290009.0733037,0.0,0.0,0.00044099194929003716
1785290009.0739262,0.0,0.0,0.00044323201291263103
1785290009.0745335,0.0,0.0,0.0004348801448941231
1785290009.0751767,0.0,0.0,0.00046915188431739807
1785290009.075796,0.0,0.0,0.00044959993101656437
1785290009.0764184,0.0,0.0,0.00044678407721221447
1785290009.077035,0.0,0.0,0.0004438080359250307
1785290009.0776494,0.0,0.0,0.0004387199878692627
1785290009.0782793,0.0,0.0,0.00043507199734449387
1785290009.078908,0.0,0.0,0.00045420811511576176
1785290009.0795522,0.0,0.0,0.00047360011376440525
1785290009.0801795,0.0,0.0,0.0004498239140957594
1785290009.0808277,0.0,0.0,0.0004735039547085762
1785290009.0814545,0.0,0.0,0.00044572819024324417
1785290009.0820608,0.0,0.0,0.00043407990597188473
1785290009.082668,0.0,0.0,0.00043283216655254364
1785290009.0833058,0.0,0.0,0.00046524801291525364
1785290009.0839238,0.0,0.0,0.0004416957963258028
1785290009.0845323,0.0,0.0,0.0004333760589361191
1785290009.0851488,0.0,0.0,0.0004416641313582659
1785290009.0857651,0.0,0.0,0.00043875211849808693
1785290009.0864072,0.0,0.0,0.00046268803998827934
1785290009.0870404,0.0,0.0,0.00045507214963436127
1785290009.0876703,0.0,0.0,0.00042966403998434544
1785290009.0883205,0.0,0.0,0.00046867202036082745
1785290009.0889626,0.0,0.0,0.0004551038146018982
1785290009.0895865,0.0,0.0,0.0004488960839807987
1785290009.090193,0.0,0.0,0.00043158396147191525
1785290009.09083,0.0,0.0,0.00045238411985337734
1785290009.091468,0.0,0.0,0.0004606719594448805
1785290009.0920873,0.0,0.0,0.0004440639168024063
1785290009.0926967,0.0,0.0,0.0004322559107095003
1785290009.0933065,0.0,0.0,0.00043299212120473385
1785290009.0939157,0.0,0.0,0.0004310400690883398
1785290009.0945265,0.0,0.0,0.00043478398583829403
1785290009.0951543,0.0,0.0,0.0004506879486143589
1785290009.0957875,0.0,0.0,0.0004542719107121229
1785290009.0964062,0.0,0.0,0.000441279960796237
1785290009.0970201,0.0,0.0,0.00043699215166270733
1785290009.097641,0.0,0.0,0.0004471039865165949
1785290009.098264,0.0,0.0,0.00045264000073075294
1785290009.0988963,0.0,0.0,0.00045328005217015743
1785290009.099541,0.0,0.0,0.00047145597636699677
1785290009.1001558,0.0,0.0,0.0004376000724732876
1785290009.101423,0.0,0.0,0.0010966400150209665
1785290009.1020596,0.0,0.0,0.0004487999249249697
1785290009.1026902,0.0,0.0,0.00045328005217015743
1785290009.1033509,0.0,0.0,0.0004827838856726885
1785290009.1039836,0.0,0.0,0.0004533438477665186
1785290009.1046078,0.0,0.0,0.000446495832875371
1785290009.1052587,0.0,0.0,0.00045852805487811565
1785290009.1058736,0.0,0.0,0.0004354878328740597
1785290009.1064966,0.0,0.0,0.0004481279756873846
1785290009.1071155,0.0,0.0,0.00044912006705999374
1785290009.1077497,0.0,0.0,0.00045494409278035164
1785290009.1083593,0.0,0.0,0.0004373439587652683
1785290009.10898,0.0,0.0,0.0004423039499670267
1785290009.1095982,0.0,0.0,0.0004505598917603493
1785290009.1102202,0.0,0.0,0.00045504001900553703
1785290009.1108353,0.0,0.0,0.0004419200122356415
1785290009.1114886,0.0,0.0,0.0004783680196851492
1785290009.1121047,0.0,0.0,0.00044243200682103634
1785290009.112708,0.0,0.0,0.0004291841760277748
1785290009.1133363,0.0,0.0,0.000456447945907712
1785290009.1139472,0.0,0.0,0.0004391358233988285
1785290009.1145499,0.0,0.0,0.0004321918822824955
1785290009.1151805,0.0,0.0,0.00046467198990285397
1785290009.1157808,0.0,0.0,0.00042796810157597065
1785290009.116427,0.0,0.0,0.00045551988296210766
1785290009.117044,0.0,0.0,0.00044361595064401627
1785290009.1176553,0.0,0.0,0.00044137611985206604
1785290009.118276,0.0,0.0,0.00044656009413301945
1785290009.1188807,0.0,0.0,0.00044153607450425625
1785290009.1195323,0.0,0.0,0.0004793920088559389
1785290009.1201508,0.0,0.0,0.00044361595064401627
1785290009.120768,0.0,0.0,0.0004399358294904232
1785290009.121397,0.0,0.0,0.00044428789988160133
1785290009.1220143,0.0,0.0,0.0004402559716254473
1785290009.1226335,0.0,0.0,0.00044566416181623936
1785290009.1232731,0.0,0.0,0.00047120009548962116
1785290009.1238925,0.0,0.0,0.00044380780309438705
1785290009.1245089,0.0,0.0,0.00044863997027277946
1785290009.1251175,0.0,0.0,0.00043673603795468807
1785290009.1257172,0.0,0.0,0.0004303359892219305
1785290009.1263366,0.0,0.0,0.0004444161895662546
1785290009.1269438,0.0,0.0,0.0004336959682404995
1785290009.1275728,0.0,0.0,0.0004438399337232113
1785290009.128191,0.0,0.0,0.0004373439587652683
1785290009.1288068,0.0,0.0,0.00044211186468601227
1785290009.1294239,0.0,0.0,0.0004427521489560604
1785290009.1300378,0.0,0.0,0.0004410881083458662
1785290009.1306555,0.0,0.0,0.0004470401909202337
1785290009.1313004,0.0,0.0,0.00047468789853155613
1785290009.1319091,0.0,0.0,0.00043414393439888954
1785290009.1325061,0.0,0.0,0.0004296638071537018
1785290009.133114,0.0,0.0,0.00043699215166270733
1785290009.1337283,0.0,0.0,0.000435840105637908
1785290009.1343448,0.0,0.0,0.0004414080176502466
1785290009.1349437,0.0,0.0,0.000427616061642766
1785290009.1355777,0.0,0.0,0.00044512003660202026
1785290009.1361823,0.0,0.0,0.0004291841760277748
1785290009.1368458,0.0,0.0,0.0004694398958235979
1785290009.1374698,0.0,0.0,0.00044400012120604515
1785290009.1380847,0.0,0.0,0.0004390398971736431
1785290009.13871,0.0,0.0,0.000451456056907773
1785290009.1393433,0.0,0.0,0.00046054390259087086
1785290009.1399589,0.0,0.0,0.0004418240860104561
1785290009.140595,0.0,0.0,0.0004488001577556133
1785290009.1412046,0.0,0.0,0.00044089602306485176
1785290009.1418178,0.0,0.0,0.0004394880961626768
1785290009.1424325,0.0,0.0,0.0004472958389669657
1785290009.143069,0.0,0.0,0.0004623681306838989
1785290009.1437125,0.0,0.0,0.00044761598110198975
1785290009.144341,0.0,0.0,0.0004504639655351639
1785290009.1449542,0.0,0.0,0.00043721613474190235
1785290009.1455708,0.0,0.0,0.00044336006976664066
1785290009.1461873,0.0,0.0,0.00044358382001519203
1785290009.1467938,0.0,0.0,0.0004327360074967146
1785290009.147438,0.0,0.0,0.0004695039242506027
1785290009.148058,0.0,0.0,0.00044099194929003716
1785290009.1486776,0.0,0.0,0.00044083199463784695
1785290009.149292,0.0,0.0,0.00044153607450425625
1785290009.1499038,0.0,0.0,0.0004365758504718542
1785290009.1505122,0.0,0.0,0.0004344319459050894
1785290009.1511343,0.0,0.0,0.00045270402915775776
1785290009.1517506,0.0,0.0,0.00043756794184446335
1785290009.1523607,0.0,0.0,0.0004376000724732876
1785290009.1529927,0.0,0.0,0.000439424067735672
1785290009.1536272,0.0,0.0,0.0004471680149435997
1785290009.1542397,0.0,0.0,0.0004327360074967146
1785290009.154859,0.0,0.0,0.0004454399459064007
1785290009.1554837,0.0,0.0,0.00044825603254139423
1785290009.1567454,0.0,0.0,0.0010870080441236496
1785290009.1574078,0.0,0.0,0.00046659214422106743
1785290009.1580498,0.0,0.0,0.00045862398110330105
1785290009.158679,0.0,0.0,0.0004491838626563549
1785290009.1593337,0.0,0.0,0.00047420780174434185
1785290009.1599643,0.0,0.0,0.00044992007315158844
1785290009.160572,0.0,0.0,0.0004316160921007395
1785290009.1611805,0.0,0.0,0.00043475208804011345
1785290009.1618001,0.0,0.0,0.00044521596282720566
1785290009.1623921,0.0,0.0,0.0004257920663803816
1785290009.163003,0.0,0.0,0.00043654395267367363
1785290009.1636314,0.0,0.0,0.0004310400690883398
1785290009.16424,0.0,0.0,0.0004330878145992756
1785290009.1648564,0.0,0.0,0.0004412480629980564
1785290009.165456,0.0,0.0,0.0004296638071537018
1785290009.1660585,0.0,0.0,0.0004366401117295027
1785290009.1666698,0.0,0.0,0.0004387840162962675
1785290009.1673112,0.0,0.0,0.00045535992830991745
1785290009.1679149,0.0,0.0,0.0004254078958183527
1785290009.1685262,0.0,0.0,0.00044233608059585094
1785290009.1691654,0.0,0.0,0.00044262385927140713
1785290009.169783,0.0,0.0,0.00044524786062538624
1785290009.1703863,0.0,0.0,0.00043043214827775955
1785290009.1710064,0.0,0.0,0.00044076796621084213
1785290009.1716497,0.0,0.0,0.00044675194658339024
1785290009.1722748,0.0,0.0,0.0004521601367741823
1785290009.1729066,0.0,0.0,0.00045587215572595596
1785290009.1735876,0.0,0.0,0.0004580160602927208
1785290009.1741943,0.0,0.0,0.00043014390394091606
1785290009.174806,0.0,0.0,0.0004403521306812763
1785290009.1754637,0.0,0.0,0.0004608000162988901
1785290009.1760852,0.0,0.0,0.00044249603524804115
1785290009.1767092,0.0,0.0,0.00044345599599182606
1785290009.1773388,0.0,0.0,0.0004404799547046423
1785290009.177976,0.0,0.0,0.000461312010884285
1785290009.178592,0.0,0.0,0.0004405439831316471
1785290009.1792314,0.0,0.0,0.0004673600196838379
1785290009.1798503,0.0,0.0,0.00044188788160681725
1785290009.1804607,0.0,0.0,0.0004366082139313221
1785290009.181078,0.0,0.0,0.00044326414354145527
1785290009.1816773,0.0,0.0,0.0004268479533493519
1785290009.182275,0.0,0.0,0.0004305599723011255
1785290009.182895,0.0,0.0,0.0004479680210351944
1785290009.1835296,0.0,0.0,0.00046294392086565495
1785290009.1841533,0.0,0.0,0.0004428799729794264
1785290009.184763,0.0,0.0,0.0004377281293272972
1785290009.1853647,0.0,0.0,0.00042963214218616486
1785290009.1859846,0.0,0.0,0.00044659199193120003
1785290009.1865969,0.0,0.0,0.0004414080176502466
1785290009.1872382,0.0,0.0,0.0004636801313608885
1785290009.18785,0.0,0.0,0.00043984013609588146
1785290009.1884787,0.0,0.0,0.0004434881266206503
1785290009.1891,0.0,0.0,0.000443008029833436
1785290009.1896975,0.0,0.0,0.0004328959621489048
1785290009.190315,0.0,0.0,0.00044592004269361496
1785290009.190951,0.0,0.0,0.0004617278464138508
1785290009.191612,0.0,0.0,0.0004690240602940321
1785290009.192231,0.0,0.0,0.00044099194929003716
1785290009.192842,0.0,0.0,0.00043673603795468807
1785290009.193461,0.0,0.0,0.00044540781527757645
1785290009.194079,0.0,0.0,0.00044358382001519203
1785290009.194694,0.0,0.0,0.00043891207315027714
1785290009.1953208,0.0,0.0,0.0004565119743347168
1785290009.1959405,0.0,0.0,0.00044681597501039505
1785290009.196557,0.0,0.0,0.0004405439831316471
1785290009.1971698,0.0,0.0,0.000436639878898859
1785290009.1977832,0.0,0.0,0.00044352002441883087
1785290009.1983964,0.0,0.0,0.0004378880839794874
1785290009.1990075,0.0,0.0,0.00043916795402765274
1785290009.1996565,0.0,0.0,0.00044953590258955956
1785290009.2002785,0.0,0.0,0.0004387840162962675
1785290009.2008986,0.0,0.0,0.00044457591138780117
1785290009.2015104,0.0,0.0,0.00044019194319844246
1785290009.2021155,0.0,0.0,0.000436191912740469
1785290009.202756,0.0,0.0,0.000461759977042675
1785290009.2033966,0.0,0.0,0.0004677758552134037
1785290009.2039962,0.0,0.0,0.00042867218144237995
1785290009.2046049,0.0,0.0,0.0004388159140944481
1785290009.2052228,0.0,0.0,0.0004466881509870291
1785290009.2058296,0.0,0.0,0.0004338240250945091
1785290009.2064404,0.0,0.0,0.0004401921760290861
1785290009.2070494,0.0,0.0,0.00043692789040505886
1785290009.2076952,0.0,0.0,0.000449376180768013
1785290009.2083228,0.0,0.0,0.00045286398380994797
1785290009.2089484,0.0,0.0,0.0004487039986997843
1785290009.2095685,0.0,0.0,0.0004498879425227642
1785290009.2101796,0.0,0.0,0.00043436791747808456
1785290009.2107973,0.0,0.0,0.0004401600454002619
1785290009.2122486,0.0,0.0,0.0012779200915247202
1785290009.212922,0.0,0.0,0.0004742720630019903
1785290009.2135534,0.0,0.0,0.00045011192560195923
1785290009.214189,0.0,0.0,0.00045427214354276657
1785290009.2148092,0.0,0.0,0.0004441281780600548
1785290009.2154567,0.0,0.0,0.0004731840454041958
1785290009.2160704,0.0,0.0,0.00043756794184446335
1785290009.216692,0.0,0.0,0.0004528961144387722
1785290009.217296,0.0,0.0,0.0004329599905759096
1785290009.2179043,0.0,0.0,0.0004404480569064617
1785290009.218523,0.0,0.0,0.0004424639046192169
1785290009.2191448,0.0,0.0,0.0004488639533519745
1785290009.219769,0.0,0.0,0.00044937594793736935
1785290009.220393,0.0,0.0,0.00045068818144500256
1785290009.2210104,0.0,0.0,0.0004449279513210058
1785290009.2216225,0.0,0.0,0.0004386559594422579
1785290009.2222178,0.0,0.0,0.00043331203050911427
1785290009.222855,0.0,0.0,0.0004591359756886959
1785290009.2234967,0.0,0.0,0.00047107203863561153
1785290009.224126,0.0,0.0,0.0004543361719697714
1785290009.2247515,0.0,0.0,0.0004471680149435997
1785290009.2253678,0.0,0.0,0.00044428789988160133
1785290009.2260084,0.0,0.0,0.00046611204743385315
1785290009.2266371,0.0,0.0,0.0004564160481095314
1785290009.227279,0.0,0.0,0.0004738881252706051
1785290009.2279196,0.0,0.0,0.00045260810293257236
1785290009.2285333,0.0,0.0,0.0004368640948086977
1785290009.229153,0.0,0.0,0.0004505279939621687
1785290009.2297761,0.0,0.0,0.0004472320433706045
1785290009.2303774,0.0,0.0,0.00042719999328255653
1785290009.2309892,0.0,0.0,0.0004408641252666712
1785290009.2316418,0.0,0.0,0.00046182400546967983
1785290009.2322826,0.0,0.0,0.00044931191951036453
1785290009.2329135,0.0,0.0,0.000453087966889143
1785290009.2335184,0.0,0.0,0.00043635210022330284
1785290009.2341437,0.0,0.0,0.0004516479093581438
1785290009.2347555,0.0,0.0,0.00043747201561927795
1785290009.2353761,0.0,0.0,0.0004477121401578188
1785290009.235984,0.0,0.0,0.0004360000602900982
1785290009.2365978,0.0,0.0,0.00044841598719358444
1785290009.2372184,0.0,0.0,0.0004420799668878317
1785290009.2378275,0.0,0.0,0.0004338240250945091
1785290009.238433,0.0,0.0,0.0004330878145992756
1785290009.2390492,0.0,0.0,0.000446368008852005
1785290009.239684,0.0,0.0,0.00044275191612541676
1785290009.2403052,0.0,0.0,0.0004459840711206198
1785290009.240941,0.0,0.0,0.00044854404404759407
1785290009.2415748,0.0,0.0,0.0004616000223904848
1785290009.2421834,0.0,0.0,0.0004370559472590685
1785290009.2427897,0.0,0.0,0.000439775874838233
1785290009.2434056,0.0,0.0,0.000447872094810009
1785290009.2440114,0.0,0.0,0.00043446384370326996
1785290009.2446206,0.0,0.0,0.0004328000359237194
1785290009.2452302,0.0,0.0,0.00043788785114884377
1785290009.2458262,0.0,0.0,0.0004329599905759096
1785290009.2464461,0.0,0.0,0.0004465598613023758
1785290009.2470748,0.0,0.0,0.00045257597230374813
1785290009.2477117,0.0,0.0,0.0004455680027604103
1785290009.2483447,0.0,0.0,0.0004471999127417803
1785290009.2489483,0.0,0.0,0.0004331518430262804
1785290009.2495635,0.0,0.0,0.00044009601697325706
1785290009.250168,0.0,0.0,0.0004368959926068783
1785290009.2507806,0.0,0.0,0.00043900799937546253
1785290009.251415,0.0,0.0,0.0004626559093594551
1785290009.2520366,0.0,0.0,0.0004466879181563854
1785290009.2526798,0.0,0.0,0.0004542719107121229
1785290009.2532935,0.0,0.0,0.00043811206705868244
1785290009.253909,0.0,0.0,0.0004442238714545965
1785290009.254518,0.0,0.0,0.00043737608939409256
1785290009.2551641,0.0,0.0,0.00047270418144762516
1785290009.2557867,0.0,0.0,0.0004466881509870291
1785290009.256404,0.0,0.0,0.00044992007315158844
1785290009.2570224,0.0,0.0,0.00045113591477274895
1785290009.2576265,0.0,0.0,0.0004351360257714987
1785290009.258242,0.0,0.0,0.0004438080359250307
1785290009.2588649,0.0,0.0,0.0004488960839807987
1785290009.2595034,0.0,0.0,0.0004649600014090538
1785290009.2601175,0.0,0.0,0.00044185598380863667
1785290009.2607267,0.0,0.0,0.00044163200072944164
1785290009.26134,0.0,0.0,0.00044230418279767036
1785290009.2619464,0.0,0.0,0.00043676793575286865
1785290009.2625546,0.0,0.0,0.0004355518613010645
1785290009.2632039,0.0,0.0,0.0004644799046218395
1785290009.263834,0.0,0.0,0.0004447998944669962
1785290009.26445,0.0,0.0,0.0004429758992046118
1785290009.265064,0.0,0.0,0.00043964781798422337
1785290009.2656782,0.0,0.0,0.0004395840223878622
1785290009.2669494,0.0,0.0,0.001098911976441741
1785290009.2676196,0.0,0.0,0.0004625918809324503
1785290009.2682302,0.0,0.0,0.00043132808059453964
1785290009.2688422,0.0,0.0,0.00043385615572333336
1785290009.269457,0.0,0.0,0.00044441595673561096
1785290009.270088,0.0,0.0,0.0004548800643533468
1785290009.2707095,0.0,0.0,0.0004510078579187393
1785290009.2713435,0.0,0.0,0.000463040079921484
1785290009.2719548,0.0,0.0,0.0004401921760290861
1785290009.2725747,0.0,0.0,0.00044508790597319603
1785290009.2731938,0.0,0.0,0.0004459838382899761
1785290009.2738013,0.0,0.0,0.0004316801205277443
1785290009.2744174,0.0,0.0,0.0004439039621502161
1785290009.2750397,0.0,0.0,0.00044931191951036453
1785290009.2757027,0.0,0.0,0.0004619199316948652
1785290009.276327,0.0,0.0,0.00044800015166401863
1785290009.2769375,0.0,0.0,0.0004353919066488743
1785290009.277551,0.0,0.0,0.0004359360318630934
1785290009.278169,0.0,0.0,0.0004434240981936455
1785290009.2788029,0.0,0.0,0.00044076796621084213
1785290009.2794793,0.0,0.0,0.0004960319492965937
1785290009.2801056,0.0,0.0,0.00044934405013918877
1785290009.2807412,0.0,0.0,0.00046140793710947037
1785290009.2813702,0.0,0.0,0.0004507198464125395
1785290009.2819824,0.0,0.0,0.0004415998701006174
1785290009.2825859,0.0,0.0,0.00043119979090988636
1785290009.283229,0.0,0.0,0.0004686398897320032
1785290009.2838438,0.0,0.0,0.0004383041523396969
1785290009.2844794,0.0,0.0,0.00045542395673692226
1785290009.2850914,0.0,0.0,0.0004333760589361191
1785290009.285723,0.0,0.0,0.000456447945907712
1785290009.286342,0.0,0.0,0.0004439039621502161
1785290009.2869523,0.0,0.0,0.0004402559716254473
1785290009.287601,0.0,0.0,0.0004573441110551357
1785290009.2882338,0.0,0.0,0.00045958394184708595
1785290009.2888515,0.0,0.0,0.00044793589040637016
1785290009.2894518,0.0,0.0,0.0004311359953135252
1785290009.2900615,0.0,0.0,0.0004381758626550436
1785290009.2906635,0.0,0.0,0.0004284800961613655
1785290009.2913237,0.0,0.0,0.0004687041509896517
1785290009.2919376,0.0,0.0,0.0004423679783940315
1785290009.2925334,0.0,0.0,0.0004251520149409771
1785290009.293122,0.0,0.0,0.00041856011375784874
1785290009.2937276,0.0,0.0,0.00043343985453248024
1785290009.2943206,0.0,0.0,0.000422751996666193
1785290009.294926,0.0,0.0,0.00043324800208210945
1785290009.2955546,0.0,0.0,0.0004429758992046118
1785290009.296185,0.0,0.0,0.00043913605622947216
1785290009.2967954,0.0,0.0,0.0004402240738272667
1785290009.2974102,0.0,0.0,0.0004390398971736431
1785290009.2980094,0.0,0.0,0.00042614410631358624
1785290009.2986276,0.0,0.0,0.0004462720826268196
1785290009.2992702,0.0,0.0,0.00047312001697719097
1785290009.2998805,0.0,0.0,0.00043372809886932373
1785290009.3004863,0.0,0.0,0.000436288071796298
1785290009.3011074,0.0,0.0,0.0004465598613023758
1785290009.301726,0.0,0.0,0.0004437759052962065
1785290009.3023489,0.0,0.0,0.0004402559716254473
1785290009.3029654,0.0,0.0,0.0004439039621502161
1785290009.3036134,0.0,0.0,0.0004545280244201422
1785290009.304236,0.0,0.0,0.00044649606570601463
1785290009.3048632,0.0,0.0,0.0004588481970131397
1785290009.3054807,0.0,0.0,0.0004416641313582659
1785290009.3060849,0.0,0.0,0.000432480126619339
1785290009.3066819,0.0,0.0,0.0004247678443789482
1785290009.307295,0.0,0.0,0.0004427200183272362
1785290009.3079107,0.0,0.0,0.000446368008852005
1785290009.308522,0.0,0.0,0.00043993606232106686
1785290009.309139,0.0,0.0,0.00044176005758345127
1785290009.309757,0.0,0.0,0.0004422080237418413
1785290009.3103778,0.0,0.0,0.0004499198403209448
1785290009.310995,0.0,0.0,0.00044630421325564384
1785290009.3116393,0.0,0.0,0.00045414408668875694
1785290009.312299,0.0,0.0,0.00046620797365903854
1785290009.312922,0.0,0.0,0.0004449281841516495
1785290009.313525,0.0,0.0,0.00043737608939409256
1785290009.3141391,0.0,0.0,0.0004394880961626768
1785290009.3147645,0.0,0.0,0.0004413120914250612
1785290009.3154542,0.0,0.0,0.0004760639276355505
1785290009.31608,0.0,0.0,0.0004490239080041647
1785290009.316703,0.0,0.0,0.00044822413474321365
1785290009.3173058,0.0,0.0,0.000426335958763957
1785290009.3178961,0.0,0.0,0.0004192639607936144
1785290009.3184955,0.0,0.0,0.00043571204878389835
1785290009.3191237,0.0,0.0,0.00045683211646974087
1785290009.3197348,0.0,0.0,0.0004347518552094698
1785290009.320341,0.0,0.0,0.00043180794455111027
1785290009.320955,0.0,0.0,0.0004402881022542715
1785290009.3222423,0.0,0.0,0.0011127360630780458
1785290009.3228853,0.0,0.0,0.0004530560690909624
1785290009.3235593,0.0,0.0,0.000492543913424015
1785290009.3242004,0.0,0.0,0.00046300794929265976
1785290009.3248134,0.0,0.0,0.000439648050814867
1785290009.3254244,0.0,0.0,0.0004371199756860733
1785290009.3260286,0.0,0.0,0.0004325760528445244
1785290009.3266318,0.0,0.0,0.00043343985453248024
1785290009.3272665,0.0,0.0,0.00046319980174303055
1785290009.3278844,0.0,0.0,0.0004404480569064617
1785290009.3285394,0.0,0.0,0.00046252808533608913
1785290009.32917,0.0,0.0,0.0004434881266206503
1785290009.329781,0.0,0.0,0.000437568174675107
1785290009.330392,0.0,0.0,0.0004392641130834818
1785290009.3310034,0.0,0.0,0.00043971207924187183
1785290009.3316433,0.0,0.0,0.0004454080481082201
1785290009.3322542,0.0,0.0,0.00043475208804011345
1785290009.332897,0.0,0.0,0.00046252808533608913
1785290009.333538,0.0,0.0,0.00046399980783462524
1785290009.334166,0.0,0.0,0.00045420811511576176
1785290009.3347924,0.0,0.0,0.0004484481178224087
1785290009.3354256,0.0,0.0,0.00046083214692771435
1785290009.336045,0.0,0.0,0.0004434238653630018
1785290009.3366425,0.0,0.0,0.00042601581662893295
1785290009.3372533,0.0,0.0,0.0004378880839794874
1785290009.3378787,0.0,0.0,0.0004531838931143284
1785290009.3384914,0.0,0.0,0.0004423679783940315
1785290009.3391263,0.0,0.0,0.0004624000284820795
1785290009.3397398,0.0,0.0,0.00043913605622947216
1785290009.340372,0.0,0.0,0.0004558078944683075
1785290009.3409874,0.0,0.0,0.0004399358294904232
1785290009.341591,0.0,0.0,0.0004354878328740597
1785290009.3422158,0.0,0.0,0.0004516479093581438
1785290009.3428276,0.0,0.0,0.0004412480629980564
1785290009.3434625,0.0,0.0,0.000466400058940053
1785290009.3441057,0.0,0.0,0.0004674240481108427
1785290009.3447526,0.0,0.0,0.0004576318897306919
1785290009.3453646,0.0,0.0,0.0004419200122356415
1785290009.3459895,0.0,0.0,0.00045017595402896404
1785290009.3466008,0.0,0.0,0.00043827202171087265
1785290009.347233,0.0,0.0,0.00045948801562190056
1785290009.3478334,0.0,0.0,0.00042828801088035107
1785290009.3484368,0.0,0.0,0.00043372809886932373
1785290009.3490396,0.0,0.0,0.0004305599723011255
1785290009.3496466,0.0,0.0,0.00043715210631489754
1785290009.3502543,0.0,0.0,0.00043868785724043846
1785290009.3508642,0.0,0.0,0.00043801614083349705
1785290009.3514943,0.0,0.0,0.00045584002509713173
1785290009.3521156,0.0,0.0,0.00045049586333334446
1785290009.3527324,0.0,0.0,0.0004410881083458662
1785290009.3533328,0.0,0.0,0.0004295678809285164
1785290009.353946,0.0,0.0,0.0004319360014051199
1785290009.3545487,0.0,0.0,0.00043331203050911427
1785290009.355188,0.0,0.0,0.00046761613339185715
1785290009.355804,0.0,0.0,0.0004409600514918566
1785290009.3564239,0.0,0.0,0.0004470720887184143
1785290009.3570435,0.0,0.0,0.00044275191612541676
1785290009.3576462,0.0,0.0,0.00043625617399811745
1785290009.3582351,0.0,0.0,0.0004248961340636015
1785290009.3588388,0.0,0.0,0.00043260795064270496
1785290009.3594599,0.0,0.0,0.0004588481970131397
1785290009.3600888,0.0,0.0,0.00044364784844219685
1785290009.3607008,0.0,0.0,0.00044809584505856037
1785290009.3613157,0.0,0.0,0.00044249603524804115
1785290009.3619483,0.0,0.0,0.0004589119926095009
1785290009.3625455,0.0,0.0,0.00043075205758213997
1785290009.3631685,0.0,0.0,0.000453439773991704
1785290009.3637786,0.0,0.0,0.0004416957963258028
1785290009.3643947,0.0,0.0,0.00044163200072944164
1785290009.3650024,0.0,0.0,0.0004360959865152836
1785290009.3656163,0.0,0.0,0.0004430720582604408
1785290009.3662236,0.0,0.0,0.00042624003253877163
1785290009.366835,0.0,0.0,0.0004347199574112892
1785290009.367458,0.0,0.0,0.00045270402915775776
1785290009.3680732,0.0,0.0,0.0004425281658768654
1785290009.368687,0.0,0.0,0.0004437440074980259
1785290009.3692846,0.0,0.0,0.0004270079080015421
1785290009.3699067,0.0,0.0,0.00045068818144500256
1785290009.3705204,0.0,0.0,0.0004396159201860428
1785290009.3711565,0.0,0.0,0.0004622719716280699
1785290009.3717592,0.0,0.0,0.00043827202171087265
1785290009.3723803,0.0,0.0,0.0004439998883754015
1785290009.3729973,0.0,0.0,0.00044678407721221447
1785290009.3736022,0.0,0.0,0.0004362240433692932
1785290009.37422,0.0,0.0,0.0004463039804250002
1785290009.3748434,0.0,0.0,0.0004528320860117674
1785290009.3754907,0.0,0.0,0.00047296006232500076
1785290009.3761237,0.0,0.0,0.0004437759052962065
1785290009.3774166,0.0,0.0,0.001118944026529789
1785290009.378052,0.0,0.0,0.0004447039682418108
1785290009.378681,0.0,0.0,0.00044857594184577465
1785290009.3793254,0.0,0.0,0.00047184014692902565
1785290009.3799467,0.0,0.0,0.00044972822070121765
1785290009.3805652,0.0,0.0,0.00044064014218747616
1785290009.3811812,0.0,0.0,0.0004420159384608269
1785290009.3818326,0.0,0.0,0.0004640640690922737
1785290009.382458,0.0,0.0,0.00044707185588777065
1785290009.3830762,0.0,0.0,0.0004395840223878622
1785290009.3837168,0.0,0.0,0.0004408641252666712
1785290009.3843215,0.0,0.0,0.00043283216655254364
1785290009.3849216,0.0,0.0,0.0004234239459037781
1785290009.3855343,0.0,0.0,0.00043875211849808693
1785290009.38613,0.0,0.0,0.00043212808668613434
1785290009.3867447,0.0,0.0,0.00044297613203525543
1785290009.3873901,0.0,0.0,0.0004709120839834213
1785290009.3880186,0.0,0.0,0.00045004813000559807
1785290009.388637,0.0,0.0,0.00044816010631620884
1785290009.389259,0.0,0.0,0.0004511680454015732
1785290009.3898616,0.0,0.0,0.00042975996620953083
1785290009.3904784,0.0,0.0,0.0004429758992046118
1785290009.3910906,0.0,0.0,0.0004405439831316471
1785290009.3917286,0.0,0.0,0.00043750391341745853
1785290009.3923705,0.0,0.0,0.00045299180783331394
1785290009.392996,0.0,0.0,0.00045088003389537334
1785290009.39361,0.0,0.0,0.0004414080176502466
1785290009.3942256,0.0,0.0,0.00044243200682103634
1785290009.3948255,0.0,0.0,0.00042899209074676037
1785290009.3954563,0.0,0.0,0.00045865587890148163
1785290009.3960605,0.0,0.0,0.00043068802915513515
1785290009.3966744,0.0,0.0,0.00044041615910828114
1785290009.3972986,0.0,0.0,0.00044675194658339024
1785290009.3979127,0.0,0.0,0.00044329604133963585
1785290009.3985286,0.0,0.0,0.00044841598719358444
1785290009.399165,0.0,0.0,0.0004611201584339142
1785290009.3997858,0.0,0.0,0.0004472320433706045
1785290009.4003983,0.0,0.0,0.00043820799328386784
1785290009.401,0.0,0.0,0.00043100793845951557
1785290009.401615,0.0,0.0,0.0004397439770400524
1785290009.4022148,0.0,0.0,0.0004294400569051504
1785290009.402836,0.0,0.0,0.00044265598990023136
1785290009.4034653,0.0,0.0,0.00046463985927402973
1785290009.404075,0.0,0.0,0.0004376322031021118
1785290009.4046936,0.0,0.0,0.0004455039743334055
1785290009.405307,0.0,0.0,0.00044080009683966637
1785290009.4059155,0.0,0.0,0.00042291218414902687
1785290009.4065254,0.0,0.0,0.00043740798719227314
1785290009.4071484,0.0,0.0,0.0004532160237431526
1785290009.4077644,0.0,0.0,0.00043923198245465755
1785290009.4083886,0.0,0.0,0.00043756794184446335
1785290009.409,0.0,0.0,0.00043916795402765274
1785290009.4096165,0.0,0.0,0.0004437121096998453
1785290009.4102278,0.0,0.0,0.00043766386806964874
1785290009.4108422,0.0,0.0,0.00044320011511445045
1785290009.411489,0.0,0.0,0.0004804478958249092
1785290009.4121146,0.0,0.0,0.00044656009413301945
1785290009.4127293,0.0,0.0,0.0004433281719684601
1785290009.4133518,0.0,0.0,0.00044713588431477547
1785290009.413968,0.0,0.0,0.00044073606841266155
1785290009.41457,0.0,0.0,0.00043334392830729485
1785290009.4152038,0.0,0.0,0.00045747216790914536
1785290009.4158285,0.0,0.0,0.00044540781527757645
1785290009.4164398,0.0,0.0,0.00043836794793605804
1785290009.4170356,0.0,0.0,0.0004262079019099474
1785290009.417625,0.0,0.0,0.0004186879377812147
1785290009.4182155,0.0,0.0,0.00041769607923924923
1785290009.4188242,0.0,0.0,0.0004208001773804426
1785290009.4194524,0.0,0.0,0.0004562560934573412
1785290009.4200742,0.0,0.0,0.000447648111730814
1785290009.420693,0.0,0.0,0.00044505600817501545
1785290009.421304,0.0,0.0,0.0004386559594422579
1785290009.421917,0.0,0.0,0.00044227205216884613
1785290009.42256,0.0,0.0,0.00046300794929265976
1785290009.4231925,0.0,0.0,0.00046044797636568546
1785290009.4238226,0.0,0.0,0.00044099194929003716
1785290009.4244494,0.0,0.0,0.00045424001291394234
1785290009.4250684,0.0,0.0,0.0004479039926081896
1785290009.4256976,0.0,0.0,0.00045279995538294315
1785290009.4263241,0.0,0.0,0.00045350403524935246
1785290009.4269416,0.0,0.0,0.00044169602915644646
1785290009.4276016,0.0,0.0,0.0004565119743347168
1785290009.428237,0.0,0.0,0.0004538879729807377
1785290009.4288645,0.0,0.0,0.0004488001577556133
1785290009.4294825,0.0,0.0,0.0004520961083471775
1785290009.430108,0.0,0.0,0.0004556479398161173
1785290009.4307432,0.0,0.0,0.0004589760210365057
1785290009.431373,0.0,0.0,0.000459680100902915
1785290009.43269,0.0,0.0,0.0011218239087611437
1785290009.4333413,0.0,0.0,0.00045404816046357155
1785290009.4339614,0.0,0.0,0.00044160010293126106
1785290009.4345753,0.0,0.0,0.00044012791477143764
1785290009.435272,0.0,0.0,0.0005013118498027325
1785290009.4359052,0.0,0.0,0.0004534719046205282
1785290009.4365313,0.0,0.0,0.00044736010022461414
1785290009.4371521,0.0,0.0,0.0004463361110538244
1785290009.4377625,0.0,0.0,0.00043475208804011345
1785290009.4383833,0.0,0.0,0.0004477121401578188
1785290009.4389865,0.0,0.0,0.00043228804133832455
1785290009.439621,0.0,0.0,0.0004437440074980259
1785290009.4402218,0.0,0.0,0.0004298558924347162
1785290009.440858,0.0,0.0,0.00045206397771835327
1785290009.441465,0.0,0.0,0.00043414393439888954
1785290009.4420784,0.0,0.0,0.00043932790867984295
1785290009.4426906,0.0,0.0,0.0004416957963258028
1785290009.4433246,0.0,0.0,0.0004607678856700659
1785290009.4439373,0.0,0.0,0.0004387840162962675
1785290009.4445527,0.0,0.0,0.00044252793304622173
1785290009.4451768,0.0,0.0,0.00045199994929134846
1785290009.4457898,0.0,0.0,0.0004396799486130476
1785290009.4463947,0.0,0.0,0.0004320640582591295
1785290009.4470224,0.0,0.0,0.00045350403524935246
1785290009.447681,0.0,0.0,0.00045753619633615017
1785290009.4482958,0.0,0.0,0.00044022384099662304
1785290009.4488957,0.0,0.0,0.00042819208465516567
1785290009.4495103,0.0,0.0,0.00043740798719227314
1785290009.4501355,0.0,0.0,0.00044675194658339024
1785290009.4507573,0.0,0.0,0.0004459840711206198
1785290009.4513881,0.0,0.0,0.00046092807315289974
1785290009.4520009,0.0,0.0,0.00044083199463784695
1785290009.45261,0.0,0.0,0.00043401611037552357
1785290009.4532306,0.0,0.0,0.00044652819633483887
1785290009.4538527,0.0,0.0,0.00044569605961441994
1785290009.4544642,0.0,0.0,0.0004336640704423189
1785290009.4550874,0.0,0.0,0.00044400012120604515
1785290009.4557338,0.0,0.0,0.0004509119316935539
1785290009.45636,0.0,0.0,0.00043888017535209656
1785290009.4570286,0.0,0.0,0.0004535361658781767
1785290009.4576514,0.0,0.0,0.0004431039560586214
1785290009.4582655,0.0,0.0,0.0004430720582604408
1785290009.4589097,0.0,0.0,0.00045622396282851696
1785290009.4595668,0.0,0.0,0.00048476806841790676
1785290009.4601808,0.0,0.0,0.0004402240738272667
1785290009.4608135,0.0,0.0,0.00045670405961573124
1785290009.4614418,0.0,0.0,0.0004558719228953123
1785290009.4620557,0.0,0.0,0.00044249603524804115
1785290009.4626703,0.0,0.0,0.00044121616519987583
1785290009.463321,0.0,0.0,0.00048041599802672863
1785290009.4639447,0.0,0.0,0.00044825603254139423
1785290009.4645672,0.0,0.0,0.00045244814828038216
1785290009.4651916,0.0,0.0,0.00044601596891880035
1785290009.4657972,0.0,0.0,0.0004363839980214834
1785290009.4664106,0.0,0.0,0.0004412159323692322
1785290009.4670212,0.0,0.0,0.0004370240494608879
1785290009.4676497,0.0,0.0,0.0004426240921020508
1785290009.468262,0.0,0.0,0.0004353600088506937
1785290009.4688804,0.0,0.0,0.0004454080481082201
1785290009.4695022,0.0,0.0,0.0004497920162975788
1785290009.4701135,0.0,0.0,0.00043254392221570015
1785290009.470725,0.0,0.0,0.00043996796011924744
1785290009.4713662,0.0,0.0,0.00046876794658601284
1785290009.4720068,0.0,0.0,0.0004548479337245226
1785290009.4726386,0.0,0.0,0.0004456320311874151
1785290009.4732685,0.0,0.0,0.00045129586942493916
1785290009.4738786,0.0,0.0,0.00043843197636306286
1785290009.4744878,0.0,0.0,0.00044172792695462704
1785290009.4751236,0.0,0.0,0.000461887801066041
1785290009.475762,0.0,0.0,0.00045692804269492626
1785290009.4764032,0.0,0.0,0.0004631041083484888
1785290009.4770174,0.0,0.0,0.0004429758992046118
1785290009.4776356,0.0,0.0,0.00044185598380863667
1785290009.478265,0.0,0.0,0.00045542395673692226
1785290009.478886,0.0,0.0,0.0004464639350771904
1785290009.479536,0.0,0.0,0.00047459197230637074
1785290009.480154,0.0,0.0,0.00044195191003382206
1785290009.4807673,0.0,0.0,0.0004445440135896206
1785290009.481386,0.0,0.0,0.0004490879364311695
1785290009.4820058,0.0,0.0,0.0004487680271267891
1785290009.4826148,0.0,0.0,0.00044038379564881325
1785290009.483251,0.0,0.0,0.00045948801562190056
1785290009.4838521,0.0,0.0,0.00042822398245334625
1785290009.484455,0.0,0.0,0.0004302079323679209
1785290009.4850767,0.0,0.0,0.00043580797500908375
1785290009.485697,0.0,0.0,0.00044393609277904034
1785290009.4863205,0.0,0.0,0.0004482879303395748
1785290009.486938,0.0,0.0,0.0004439358599483967
1785290009.4882512,0.0,0.0,0.00046332809142768383
1785290009.488876,0.0,0.0,0.00044521596282720566
1785290009.489502,0.0,0.0,0.0004463039804250002
1785290009.490127,0.0,0.0,0.0004451521672308445
1785290009.4907434,0.0,0.0,0.00044121616519987583
1785290009.491391,0.0,0.0,0.00047353608533740044
1785290009.4920182,0.0,0.0,0.00045209587551653385
1785290009.4926517,0.0,0.0,0.00045715179294347763
1785290009.493273,0.0,0.0,0.00044105597771704197
1785290009.4938977,0.0,0.0,0.0004483521915972233
1785290009.494525,0.0,0.0,0.0004490239080041647
1785290009.4951787,0.0,0.0,0.0004786239005625248
1785290009.4958127,0.0,0.0,0.0004524160176515579
1785290009.4964395,0.0,0.0,0.00044943997636437416
1785290009.49705,0.0,0.0,0.00043619214557111263
1785290009.4976773,0.0,0.0,0.0004491838626563549
1785290009.4982991,0.0,0.0,0.000447999918833375
1785290009.498927,0.0,0.0,0.0004531519953161478
1785290009.499574,0.0,0.0,0.0004576959181576967
1785290009.500197,0.0,0.0,0.0004450238775461912
1785290009.5008154,0.0,0.0,0.0004461121279746294
1785290009.5014231,0.0,0.0,0.00043580797500908375
1785290009.5020392,0.0,0.0,0.000444288132712245
1785290009.50266,0.0,0.0,0.0004471361171454191
1785290009.5033004,0.0,0.0,0.00046425615437328815
1785290009.503917,0.0,0.0,0.00044201617129147053
1785290009.5045345,0.0,0.0,0.00044624018482863903
1785290009.505154,0.0,0.0,0.0004327681381255388
1785290009.5057516,0.0,0.0,0.00042815995402634144
1785290009.5063722,0.0,0.0,0.0004478080663830042
1785290009.5069857,0.0,0.0,0.0004423039499670267
1785290009.5076296,0.0,0.0,0.0004509119316935539
1785290009.5082521,0.0,0.0,0.00044716778211295605
1785290009.5088704,0.0,0.0,0.00044531188905239105
1785290009.5094743,0.0,0.0,0.00043459213338792324
1785290009.510074,0.0,0.0,0.0004282561130821705
1785290009.5106778,0.0,0.0,0.0004343041218817234
1785290009.5113134,0.0,0.0,0.00046463985927402973
1785290009.5119298,0.0,0.0,0.00044595194049179554
1785290009.512577,0.0,0.0,0.0004659518599510193
1785290009.513188,0.0,0.0,0.0004450238775461912
1785290009.5137937,0.0,0.0,0.0004336640704423189
1785290009.5144033,0.0,0.0,0.0004404799547046423
1785290009.5150177,0.0,0.0,0.000446368008852005
1785290009.5156555,0.0,0.0,0.00044675194658339024
1785290009.5162528,0.0,0.0,0.0004246719181537628
1785290009.5168602,0.0,0.0,0.00043836794793605804
1785290009.5174723,0.0,0.0,0.00044179195538163185
1785290009.5180812,0.0,0.0,0.00044057611376047134
1785290009.518676,0.0,0.0,0.0004256637766957283
1785290009.5193088,0.0,0.0,0.0004594558849930763
1785290009.5199277,0.0,0.0,0.0004481279756873846
1785290009.5205767,0.0,0.0,0.00045174406841397285
1785290009.5212088,0.0,0.0,0.000449376180768013
1785290009.521812,0.0,0.0,0.0004317441489547491
1785290009.5224113,0.0,0.0,0.00042697577737271786
1785290009.5230298,0.0,0.0,0.0004505598917603493
1785290009.5236766,0.0,0.0,0.0004495680332183838
1785290009.5243025,0.0,0.0,0.0004539520014077425
1785290009.5249202,0.0,0.0,0.0004420480690896511
1785290009.525534,0.0,0.0,0.00044297613203525543
1785290009.5261803,0.0,0.0,0.0004672000650316477
1785290009.5268152,0.0,0.0,0.00045356806367635727
1785290009.5274796,0.0,0.0,0.0004932479932904243
1785290009.5280986,0.0,0.0,0.00044688000343739986
1785290009.5287204,0.0,0.0,0.0004483198281377554
1785290009.52933,0.0,0.0,0.0004354559350758791
1785290009.5299451,0.0,0.0,0.0004455039743334055
1785290009.53057,0.0,0.0,0.00044838408939540386
1785290009.5312018,0.0,0.0,0.00045526400208473206
1785290009.5318031,0.0,0.0,0.00042735994793474674
1785290009.5324023,0.0,0.0,0.0004261760041117668
1785290009.5330136,0.0,0.0,0.0004363199695944786
1785290009.533619,0.0,0.0,0.00043692789040505886
1785290009.534233,0.0,0.0,0.0004420799668878317
1785290009.5348344,0.0,0.0,0.00043148803524672985
1785290009.5354586,0.0,0.0,0.0004540479276329279
1785290009.5360675,0.0,0.0,0.00044326414354145527
1785290009.5367143,0.0,0.0,0.0004521280061453581
1785290009.5373333,0.0,0.0,0.00044102384708821774
1785290009.537941,0.0,0.0,0.0004369600210338831
1785290009.5385528,0.0,0.0,0.00043804803863167763
1785290009.5392067,0.0,0.0,0.000471488106995821
1785290009.5398326,0.0,0.0,0.0004483838565647602
1785290009.5404441,0.0,0.0,0.0004434240981936455
1785290009.5410674,0.0,0.0,0.0004488960839807987
1785290009.5416875,0.0,0.0,0.0004473919980227947
1785290009.5429788,0.0,0.0,0.0011172480881214142
1785290009.543682,0.0,0.0,0.0004852160345762968
1785290009.5443196,0.0,0.0,0.00045023998245596886
1785290009.544946,0.0,0.0,0.00044736010022461414
1785290009.545569,0.0,0.0,0.00044851191341876984
1785290009.5461988,0.0,0.0,0.00045507214963436127
1785290009.5468183,0.0,0.0,0.0004441281780600548
1785290009.547458,0.0,0.0,0.0004662398714572191
1785290009.5480924,0.0,0.0,0.0004589760210365057
1785290009.5487084,0.0,0.0,0.0004373758565634489
1785290009.5493248,0.0,0.0,0.00044540781527757645
1785290009.5499341,0.0,0.0,0.0004342400934547186
1785290009.5505464,0.0,0.0,0.00043996796011924744
1785290009.5511882,0.0,0.0,0.00047011207789182663
1785290009.5518072,0.0,0.0,0.000443008029833436
1785290009.5524216,0.0,0.0,0.0004450557753443718
1785290009.5530832,0.0,0.0,0.0004640319384634495
1785290009.553703,0.0,0.0,0.00044838408939540386
1785290009.5543265,0.0,0.0,0.00045199994929134846
1785290009.55494,0.0,0.0,0.00044307182542979717
1785290009.555604,0.0,0.0,0.0004677758552134037
1785290009.556234,0.0,0.0,0.00046204798854887486
1785290009.5568552,0.0,0.0,0.00044611189514398575
1785290009.5574749,0.0,0.0,0.00044512003660202026
1785290009.558085,0.0,0.0,0.00043468805961310863
1785290009.5587053,0.0,0.0,0.00044924812391400337
1785290009.5593534,0.0,0.0,0.0004744639154523611
1785290009.5599613,0.0,0.0,0.00043571204878389835
1785290009.5605724,0.0,0.0,0.00043657608330249786
1785290009.5611873,0.0,0.0,0.0004430399276316166
1785290009.5618005,0.0,0.0,0.00043961615301668644
1785290009.5624146,0.0,0.0,0.0004434881266206503
1785290009.5630357,0.0,0.0,0.00045027188025414944
1785290009.5636837,0.0,0.0,0.0004562879912555218
1785290009.5643132,0.0,0.0,0.000443135853856802
1785290009.5649333,0.0,0.0,0.000447999918833375
1785290009.5655487,0.0,0.0,0.0004416638985276222
1785290009.566161,0.0,0.0,0.0004400641191750765
1785290009.5667655,0.0,0.0,0.00043500796891748905
1785290009.5674033,0.0,0.0,0.00046614394523203373
1785290009.568024,0.0,0.0,0.00044524786062538624
1785290009.5686448,0.0,0.0,0.00044579198583960533
1785290009.5692894,0.0,0.0,0.0004557119682431221
1785290009.5699077,0.0,0.0,0.00044607999734580517
1785290009.570524,0.0,0.0,0.00044281594455242157
1785290009.5711668,0.0,0.0,0.0004708159249275923
1785290009.571786,0.0,0.0,0.00044761598110198975
1785290009.5724053,0.0,0.0,0.00044883182272315025
1785290009.5730236,0.0,0.0,0.00044352002441883087
1785290009.5736468,0.0,0.0,0.0004477761685848236
1785290009.5742695,0.0,0.0,0.0004426240921020508
1785290009.574889,0.0,0.0,0.0004504639655351639
1785290009.5755506,0.0,0.0,0.00048246397636830807
1785290009.5761895,0.0,0.0,0.00045987218618392944
1785290009.5768144,0.0,0.0,0.0004401600454002619
1785290009.5774114,0.0,0.0,0.00042297597974538803
1785290009.5780203,0.0,0.0,0.00043849600479006767
1785290009.5786254,0.0,0.0,0.000437919981777668
1785290009.5792713,0.0,0.0,0.000469760037958622
1785290009.5798848,0.0,0.0,0.00043436791747808456
1785290009.5805078,0.0,0.0,0.0004480320494621992
1785290009.581125,0.0,0.0,0.0004464320372790098
1785290009.58173,0.0,0.0,0.0004312959499657154
1785290009.5823443,0.0,0.0,0.00044371187686920166
1785290009.5829427,0.0,0.0,0.0004250879865139723
1785290009.583606,0.0,0.0,0.00047292793169617653
1785290009.5842462,0.0,0.0,0.0004621441476047039
1785290009.5848877,0.0,0.0,0.0004505920223891735
1785290009.585511,0.0,0.0,0.00044771190732717514
1785290009.5861287,0.0,0.0,0.00044473609887063503
1785290009.586751,0.0,0.0,0.0004509121645241976
1785290009.5873969,0.0,0.0,0.00047270418144762516
1785290009.5880196,0.0,0.0,0.0004471039865165949
1785290009.5886385,0.0,0.0,0.0004469761624932289
1785290009.589292,0.0,0.0,0.00046329619362950325
1785290009.5899174,0.0,0.0,0.0004493438173085451
1785290009.590536,0.0,0.0,0.00045206397771835327
1785290009.591164,0.0,0.0,0.000455167843028903
1785290009.591766,0.0,0.0,0.00043164798989892006
1785290009.5923824,0.0,0.0,0.00044607999734580517
1785290009.5929954,0.0,0.0,0.00044505600817501545
1785290009.593622,0.0,0.0,0.00044841598719358444
1785290009.5942388,0.0,0.0,0.0004416638985276222
1785290009.5948534,0.0,0.0,0.0004421439953148365
1785290009.5955043,0.0,0.0,0.0004751679953187704
1785290009.5961301,0.0,0.0,0.0004541438538581133
1785290009.5967476,0.0,0.0,0.0004453440196812153
1785290009.5973692,0.0,0.0,0.00044758408330380917
1785290009.5987391,0.0,0.0,0.0011870400048792362
1785290009.5994248,0.0,0.0,0.0004969921428710222
1785290009.6000502,0.0,0.0,0.0004411200061440468
1785290009.6006854,0.0,0.0,0.000459807924926281
1785290009.6013107,0.0,0.0,0.00044803181663155556
1785290009.601939,0.0,0.0,0.0004516160115599632
1785290009.6025672,0.0,0.0,0.00045270402915775776
1785290009.60321,0.0,0.0,0.0004723200108855963
1785290009.603836,0.0,0.0,0.00044816010631620884
1785290009.604476,0.0,0.0,0.0004497598856687546
1785290009.605082,0.0,0.0,0.0004353281110525131
1785290009.6056912,0.0,0.0,0.00043699215166270733
1785290009.6062968,0.0,0.0,0.0004420480690896511
1785290009.6068947,0.0,0.0,0.0004280318971723318
1785290009.6075454,0.0,0.0,0.0004817601293325424
1785290009.6081772,0.0,0.0,0.00045708799734711647
1785290009.6087945,0.0,0.0,0.0004411840345710516
1785290009.6094036,0.0,0.0,0.00043865619227290154
1785290009.6100137,0.0,0.0,0.00043622381053864956
1785290009.6106427,0.0,0.0,0.0004580800887197256
1785290009.6112943,0.0,0.0,0.00047715194523334503
1785290009.6119125,0.0,0.0,0.00044480012729763985
1785290009.6125553,0.0,0.0,0.00046803196892142296
1785290009.6131592,0.0,0.0,0.00042710406705737114
1785290009.6137745,0.0,0.0,0.00044259196147322655
1785290009.6143842,0.0,0.0,0.0004356477875262499
1785290009.6150124,0.0,0.0,0.00045369588769972324
1785290009.6156683,0.0,0.0,0.00046140793710947037
1785290009.6163073,0.0,0.0,0.0004516798071563244
1785290009.6169372,0.0,0.0,0.000455167843028903
1785290009.6175582,0.0,0.0,0.00043548806570470333
1785290009.6181643,0.0,0.0,0.00043824012391269207
1785290009.6187649,0.0,0.0,0.0004306558985263109
1785290009.6194007,0.0,0.0,0.0004627199377864599
1785290009.6199982,0.0,0.0,0.00042224000208079815
1785290009.6206126,0.0,0.0,0.0004421120975166559
1785290009.6212194,0.0,0.0,0.00043478398583829403
1785290009.6218274,0.0,0.0,0.000435840105637908
1785290009.6224322,0.0,0.0,0.000434560002759099
1785290009.6230292,0.0,0.0,0.0004286719486117363
1785290009.6236794,0.0,0.0,0.00044745602644979954
1785290009.6242993,0.0,0.0,0.0004436480812728405
1785290009.6249185,0.0,0.0,0.0004428480751812458
1785290009.6255283,0.0,0.0,0.00043443217873573303
1785290009.626144,0.0,0.0,0.0004415998701006174
1785290009.6267536,0.0,0.0,0.0004403200000524521
1785290009.6273823,0.0,0.0,0.0004583359695971012
1785290009.628019,0.0,0.0,0.00046028802171349525
1785290009.628637,0.0,0.0,0.0004428799729794264
1785290009.629252,0.0,0.0,0.00042473594658076763
1785290009.6298974,0.0,0.0,0.00047283200547099113
1785290009.6305263,0.0,0.0,0.00045187189243733883
1785290009.631166,0.0,0.0,0.0004673600196838379
1785290009.631795,0.0,0.0,0.0004536961205303669
1785290009.6324172,0.0,0.0,0.0004450238775461912
1785290009.6330416,0.0,0.0,0.000446368008852005
1785290009.6336656,0.0,0.0,0.00043158396147191525
1785290009.6342638,0.0,0.0,0.0004285760223865509
1785290009.6348786,0.0,0.0,0.00044281594455242157
1785290009.6355085,0.0,0.0,0.0004554879851639271
1785290009.6361206,0.0,0.0,0.0004402559716254473
1785290009.6367543,0.0,0.0,0.00046492787078022957
1785290009.6373587,0.0,0.0,0.00042719999328255653
1785290009.6379843,0.0,0.0,0.0004517119377851486
1785290009.6386003,0.0,0.0,0.0004444480873644352
1785290009.6392424,0.0,0.0,0.0004659839905798435
1785290009.6398487,0.0,0.0,0.000437919981777668
1785290009.6404636,0.0,0.0,0.000439648050814867
1785290009.6410882,0.0,0.0,0.000451456056907773
1785290009.6417372,0.0,0.0,0.00045513594523072243
1785290009.6423512,0.0,0.0,0.0004380799364298582
1785290009.6429682,0.0,0.0,0.0004470080602914095
1785290009.6435983,0.0,0.0,0.0004402559716254473
1785290009.6442192,0.0,0.0,0.000444639939814806
1785290009.6448464,0.0,0.0,0.0004522239323705435
1785290009.6454628,0.0,0.0,0.00044416007585823536
1785290009.646064,0.0,0.0,0.00043196813203394413
1785290009.6466677,0.0,0.0,0.0004308801144361496
1785290009.6473007,0.0,0.0,0.0004580479580909014
1785290009.6479087,0.0,0.0,0.00043331203050911427
1785290009.6485183,0.0,0.0,0.00043132808059453964
1785290009.64915,0.0,0.0,0.0004411200061440468
1785290009.64977,0.0,0.0,0.00044873589649796486
1785290009.6503813,0.0,0.0,0.00043763197027146816
1785290009.650999,0.0,0.0,0.00044332793913781643
1785290009.651644,0.0,0.0,0.00045084813609719276
1785290009.6522605,0.0,0.0,0.00044105597771704197
1785290009.653537,0.0,0.0,0.0010998721700161695
1785290009.6541924,0.0,0.0,0.00046182400546967983
1785290009.654823,0.0,0.0,0.00045344000682234764
1785290009.6554863,0.0,0.0,0.0004812160041183233
1785290009.6561222,0.0,0.0,0.00045584002509713173
1785290009.6567357,0.0,0.0,0.00044051208533346653
1785290009.6573548,0.0,0.0,0.00044752005487680435
1785290009.6579695,0.0,0.0,0.00044259196147322655
1785290009.6585872,0.0,0.0,0.0004442238714545965
1785290009.659228,0.0,0.0,0.0004675840027630329
1785290009.6598408,0.0,0.0,0.000437919981777668
1785290009.6604517,0.0,0.0,0.0004404480569064617
1785290009.6610415,0.0,0.0,0.00042927986942231655
1785290009.6616585,0.0,0.0,0.0004476478789001703
1785290009.6622586,0.0,0.0,0.00043350388295948505
1785290009.6628737,0.0,0.0,0.00044512003660202026
1785290009.6635003,0.0,0.0,0.00045801582746207714
1785290009.6641076,0.0,0.0,0.0004313599783927202
1785290009.6646993,0.0,0.0,0.0004217920359224081
1785290009.665307,0.0,0.0,0.0004390398971736431
1785290009.6659284,0.0,0.0,0.0004355839919298887
1785290009.6665387,0.0,0.0,0.0004397439770400524
1785290009.6671662,0.0,0.0,0.0004540479276329279
1785290009.667784,0.0,0.0,0.0004438399337232113
1785290009.6684098,0.0,0.0,0.00045843212865293026
1785290009.6690457,0.0,0.0,0.0004465598613023758
1785290009.6696558,0.0,0.0,0.000437792157754302
1785290009.670277,0.0,0.0,0.0004489279817789793
1785290009.6709025,0.0,0.0,0.0004445761442184448
1785290009.6715517,0.0,0.0,0.0004719679709523916
1785290009.6721733,0.0,0.0,0.0004434240981936455
1785290009.6727998,0.0,0.0,0.00045078410767018795
1785290009.673413,0.0,0.0,0.0004404159262776375
1785290009.6740377,0.0,0.0,0.0004507519770413637
1785290009.6746612,0.0,0.0,0.00044652819633483887
1785290009.675313,0.0,0.0,0.0004767680075019598
1785290009.6759593,0.0,0.0,0.0004589441232383251
1785290009.6765907,0.0,0.0,0.00045718392357230186
1785290009.6772494,0.0,0.0,0.00044361595064401627
1785290009.6778715,0.0,0.0,0.00044352002441883087
1785290009.678493,0.0,0.0,0.00044985581189393997
1785290009.6791425,0.0,0.0,0.0004737279377877712
1785290009.6797643,0.0,0.0,0.00043996796011924744
1785290009.6803942,0.0,0.0,0.0004487999249249697
1785290009.680997,0.0,0.0,0.0004304000176489353
1785290009.6816294,0.0,0.0,0.0004374398849904537
1785290009.6822395,0.0,0.0,0.00043900799937546253
1785290009.6828535,0.0,0.0,0.0004408638924360275
1785290009.683489,0.0,0.0,0.00046198396012187004
1785290009.6841006,0.0,0.0,0.0004384322091937065
1785290009.6847093,0.0,0.0,0.0004437759052962065
1785290009.6853318,0.0,0.0,0.00044416007585823536
1785290009.6859498,0.0,0.0,0.00044515193440020084
1785290009.6865678,0.0,0.0,0.00044259196147322655
1785290009.6872067,0.0,0.0,0.00046627200208604336
1785290009.6878192,0.0,0.0,0.00043715210631489754
1785290009.6884303,0.0,0.0,0.00044377613812685013
1785290009.6890342,0.0,0.0,0.00043151993304491043
1785290009.6896482,0.0,0.0,0.00043948786333203316
1785290009.6902564,0.0,0.0,0.00043478398583829403
1785290009.6908715,0.0,0.0,0.0004431679844856262
1785290009.6914937,0.0,0.0,0.00044863997027277946
1785290009.6920948,0.0,0.0,0.00043120002374053
1785290009.6927097,0.0,0.0,0.0004472320433706045
1785290009.6933458,0.0,0.0,0.0004488320555537939
1785290009.6939554,0.0,0.0,0.0004352640826255083
1785290009.6945605,0.0,0.0,0.00042966403998434544
1785290009.6952085,0.0,0.0,0.0004756480921059847
1785290009.6958354,0.0,0.0,0.00044992007315158844
1785290009.6964445,0.0,0.0,0.00043580797500908375
1785290009.697059,0.0,0.0,0.000444639939814806
1785290009.6977017,0.0,0.0,0.00045097596012055874
1785290009.698299,0.0,0.0,0.00042208004742860794
1785290009.6989112,0.0,0.0,0.00044147204607725143
1785290009.6995523,0.0,0.0,0.00046864012256264687
1785290009.7001834,0.0,0.0,0.0004564800765365362
1785290009.700795,0.0,0.0,0.00043820799328386784
1785290009.701417,0.0,0.0,0.00045302417129278183
1785290009.702013,0.0,0.0,0.00043305614963173866
1785290009.702623,0.0,0.0,0.000437695998698473
1785290009.7032661,0.0,0.0,0.0004664959851652384
1785290009.7038937,0.0,0.0,0.00044982414692640305
1785290009.704497,0.0,0.0,0.0004273601807653904
1785290009.7051115,0.0,0.0,0.00044089602306485176
1785290009.7057748,0.0,0.0,0.00045081600546836853
1785290009.7063994,0.0,0.0,0.0004435840528458357
1785290009.7070043,0.0,0.0,0.0004284800961613655
1785290009.7076666,0.0,0.0,0.0004640959668904543
1785290009.7089918,0.0,0.0,0.001147424103692174
1785290009.7096453,0.0,0.0,0.00046454393304884434
1785290009.7102568,0.0,0.0,0.0004320640582591295
1785290009.7108805,0.0,0.0,0.000448096077889204
1785290009.7115414,0.0,0.0,0.0004875201266258955
1785290009.7121522,0.0,0.0,0.0004336640704423189
1785290009.7127597,0.0,0.0,0.0004331199452280998
1785290009.7133682,0.0,0.0,0.00044176005758345127
1785290009.7140174,0.0,0.0,0.00045535992830991745
1785290009.7146223,0.0,0.0,0.00043331203050911427
1785290009.7152555,0.0,0.0,0.00046092807315289974
1785290009.7158644,0.0,0.0,0.0004347199574112892
1785290009.7164936,0.0,0.0,0.00044729607179760933
1785290009.7171147,0.0,0.0,0.00043801614083349705
1785290009.7177336,0.0,0.0,0.00044022384099662304
1785290009.7183528,0.0,0.0,0.0004391039256006479
1785290009.7189796,0.0,0.0,0.000449504004791379
1785290009.7196221,0.0,0.0,0.00044489605352282524
1785290009.7202322,0.0,0.0,0.00043475208804011345
1785290009.7208776,0.0,0.0,0.0004582079127430916
1785290009.7214804,0.0,0.0,0.00042799999937415123
1785290009.7220876,0.0,0.0,0.00043939193710684776
1785290009.7227042,0.0,0.0,0.00044092792086303234
1785290009.7233431,0.0,0.0,0.00046652788296341896
1785290009.7239707,0.0,0.0,0.00044943997636437416
1785290009.724594,0.0,0.0,0.0004494402091950178
1785290009.725207,0.0,0.0,0.00043993606232106686
1785290009.7258177,0.0,0.0,0.00044089602306485176
1785290009.7264326,0.0,0.0,0.00044601596891880035
1785290009.7270448,0.0,0.0,0.00043977610766887665
1785290009.7276657,0.0,0.0,0.000425760168582201
1785290009.7282689,0.0,0.0,0.0004339518491178751
1785290009.7288835,0.0,0.0,0.0004401281476020813
1785290009.729486,0.0,0.0,0.0004310081712901592
1785290009.7301176,0.0,0.0,0.0004538560751825571
1785290009.7307274,0.0,0.0,0.00043590390123426914
1785290009.7313685,0.0,0.0,0.00046755210496485233
1785290009.7319772,0.0,0.0,0.00043302401900291443
1785290009.732596,0.0,0.0,0.00044195191003382206
1785290009.7332363,0.0,0.0,0.00044934405013918877
1785290009.7338493,0.0,0.0,0.00044057611376047134
1785290009.734455,0.0,0.0,0.0004388480447232723
1785290009.7350533,0.0,0.0,0.0004286719486117363
1785290009.7356846,0.0,0.0,0.0004315841943025589
1785290009.7362878,0.0,0.0,0.00042847986333072186
1785290009.736891,0.0,0.0,0.0004303040914237499
1785290009.7375066,0.0,0.0,0.0004437759052962065
1785290009.738105,0.0,0.0,0.0004303359892219305
1785290009.7387211,0.0,0.0,0.000441152136772871
1785290009.7393627,0.0,0.0,0.00046972790732979774
1785290009.7399795,0.0,0.0,0.0004430399276316166
1785290009.740656,0.0,0.0,0.00044841598719358444
1785290009.741271,0.0,0.0,0.0004414080176502466
1785290009.7418735,0.0,0.0,0.00044000009074807167
1785290009.742486,0.0,0.0,0.00044083199463784695
1785290009.7431154,0.0,0.0,0.00044924812391400337
1785290009.7437718,0.0,0.0,0.00047116796486079693
1785290009.7444015,0.0,0.0,0.00045350403524935246
1785290009.7450204,0.0,0.0,0.00044768000952899456
1785290009.745674,0.0,0.0,0.00045113591477274895
1785290009.7462678,0.0,0.0,0.00042575993575155735
1785290009.7468898,0.0,0.0,0.00044745602644979954
1785290009.7475343,0.0,0.0,0.00046876794658601284
1785290009.7481544,0.0,0.0,0.00043939193710684776
1785290009.7487557,0.0,0.0,0.0004320959560573101
1785290009.7493753,0.0,0.0,0.00044745602644979954
1785290009.74999,0.0,0.0,0.0004420480690896511
1785290009.7506058,0.0,0.0,0.00044169602915644646
1785290009.7512515,0.0,0.0,0.0004682240542024374
1785290009.7518694,0.0,0.0,0.0004429121036082506
1785290009.7524605,0.0,0.0,0.000419392017647624
1785290009.7530575,0.0,0.0,0.00042825588025152683
1785290009.7536638,0.0,0.0,0.0004360000602900982
1785290009.754266,0.0,0.0,0.00043180794455111027
1785290009.7548783,0.0,0.0,0.00044012791477143764
1785290009.75552,0.0,0.0,0.00047059194184839725
1785290009.7561433,0.0,0.0,0.0004473919980227947
1785290009.7567568,0.0,0.0,0.0004387840162962675
1785290009.757357,0.0,0.0,0.0004279359709471464
1785290009.75798,0.0,0.0,0.00045199994929134846
1785290009.7586079,0.0,0.0,0.00045923213474452496
1785290009.7592843,0.0,0.0,0.0004797438159584999
1785290009.759913,0.0,0.0,0.00044998410157859325
1785290009.7605367,0.0,0.0,0.0004429440014064312
1785290009.761149,0.0,0.0,0.0004374401178210974
1785290009.7617888,0.0,0.0,0.0004522239323705435
1785290009.762403,0.0,0.0,0.00043961615301668644
1785290009.7629921,0.0,0.0,0.00041798409074544907
1785290009.764451,0.0,0.0,0.0012648319825530052
1785290009.765109,0.0,0.0,0.00046460796147584915
1785290009.7657325,0.0,0.0,0.00044748815707862377
1785290009.766356,0.0,0.0,0.00044582411646842957
1785290009.766972,0.0,0.0,0.000441152136772871
1785290009.767627,0.0,0.0,0.0004506879486143589
1785290009.7682426,0.0,0.0,0.00043852790258824825
1785290009.7688525,0.0,0.0,0.0004374398849904537
1785290009.7694743,0.0,0.0,0.0004468481056392193
1785290009.7700925,0.0,0.0,0.0004451840650290251
1785290009.7707043,0.0,0.0,0.0004396799486130476
1785290009.7713566,0.0,0.0,0.00047344015911221504
1785290009.771971,0.0,0.0,0.00043843197636306286
1785290009.7725942,0.0,0.0,0.0004488639533519745
1785290009.773208,0.0,0.0,0.0004363842308521271
1785290009.7738094,0.0,0.0,0.0004310081712901592
1785290009.7744524,0.0,0.0,0.00046889600344002247
1785290009.7750673,0.0,0.0,0.00044105597771704197
1785290009.7757177,0.0,0.0,0.0004532479215413332
1785290009.7763345,0.0,0.0,0.00044332793913781643
1785290009.7769442,0.0,0.0,0.0004337918944656849
1785290009.777551,0.0,0.0,0.000434560002759099
1785290009.778185,0.0,0.0,0.00044521596282720566
1785290009.7788143,0.0,0.0,0.0004555841442197561
1785290009.7794652,0.0,0.0,0.00047500780783593655
1785290009.7800732,0.0,0.0,0.0004348801448941231
1785290009.7806869,0.0,0.0,0.000439999857917428
1785290009.7813108,0.0,0.0,0.0004517119377851486
1785290009.7819548,0.0,0.0,0.0004509121645241976
1785290009.782559,0.0,0.0,0.00043484801426529884
1785290009.7831998,0.0,0.0,0.00046752020716667175
1785290009.7838225,0.0,0.0,0.00044851191341876984
1785290009.7844315,0.0,0.0,0.0004307518247514963
1785290009.785038,0.0,0.0,0.00043388805352151394
1785290009.7856467,0.0,0.0,0.00043542380444705486
1785290009.7862482,0.0,0.0,0.00042969617061316967
1785290009.7868617,0.0,0.0,0.00044172792695462704
1785290009.7874951,0.0,0.0,0.0004649600014090538
1785290009.7881062,0.0,0.0,0.00044307182542979717
1785290009.7887094,0.0,0.0,0.0004302719607949257
1785290009.789308,0.0,0.0,0.00042748800478875637
1785290009.7899241,0.0,0.0,0.0004447679966688156
1785290009.7905314,0.0,0.0,0.0004326719790697098
1785290009.7911742,0.0,0.0,0.0004668799228966236
1785290009.7917912,0.0,0.0,0.00043948786333203316
1785290009.7924032,0.0,0.0,0.000446495832875371
1785290009.7930188,0.0,0.0,0.0004386559594422579
1785290009.7936387,0.0,0.0,0.0004498560447245836
1785290009.7942464,0.0,0.0,0.00043849600479006767
1785290009.794853,0.0,0.0,0.0004355839919298887
1785290009.7955182,0.0,0.0,0.0004899839404970407
1785290009.7961266,0.0,0.0,0.000437695998698473
1785290009.7967417,0.0,0.0,0.00043763197027146816
1785290009.7973516,0.0,0.0,0.00044185598380863667
1785290009.7979655,0.0,0.0,0.00044387183152139187
1785290009.7985675,0.0,0.0,0.0004305278416723013
1785290009.7992065,0.0,0.0,0.0004675199743360281
1785290009.799823,0.0,0.0,0.0004506560508161783
1785290009.800453,0.0,0.0,0.00045513594523072243
1785290009.8010828,0.0,0.0,0.0004442238714545965
1785290009.8016932,0.0,0.0,0.00044092792086303234
1785290009.8023055,0.0,0.0,0.00044601596891880035
1785290009.8029156,0.0,0.0,0.00043846387416124344
1785290009.8035502,0.0,0.0,0.000469760037958622
1785290009.8041668,0.0,0.0,0.00044700782746076584
1785290009.804781,0.0,0.0,0.0004405439831316471
1785290009.8053927,0.0,0.0,0.00043859193101525307
1785290009.806004,0.0,0.0,0.0004348799120634794
1785290009.8066509,0.0,0.0,0.00046457606367766857
1785290009.8072853,0.0,0.0,0.0004639041144400835
1785290009.807911,0.0,0.0,0.00044656009413301945
1785290009.808534,0.0,0.0,0.0004529920406639576
1785290009.8091545,0.0,0.0,0.00044540781527757645
1785290009.8097954,0.0,0.0,0.0004571520257741213
1785290009.810419,0.0,0.0,0.0004461121279746294
1785290009.8110414,0.0,0.0,0.0004498239140957594
1785290009.8116949,0.0,0.0,0.00045622396282851696
1785290009.8123071,0.0,0.0,0.0004381118342280388
1785290009.8129182,0.0,0.0,0.0004393600393086672
1785290009.8135598,0.0,0.0,0.00045049586333334446
1785290009.814198,0.0,0.0,0.0004533759783953428
1785290009.8148139,0.0,0.0,0.0004417281597852707
1785290009.8154511,0.0,0.0,0.0004658559337258339
1785290009.8160992,0.0,0.0,0.0004655360244214535
1785290009.81672,0.0,0.0,0.0004395840223878622
1785290009.8173323,0.0,0.0,0.00044243200682103634
1785290009.8179522,0.0,0.0,0.00044249603524804115
1785290009.8192835,0.0,0.0,0.0011634239926934242
1785290009.81993,0.0,0.0,0.0004512001760303974
1785290009.8205583,0.0,0.0,0.0004468481056392193
1785290009.8211842,0.0,0.0,0.00044499197974801064
1785290009.8217905,0.0,0.0,0.00043244799599051476
1785290009.8224082,0.0,0.0,0.0004451838321983814
1785290009.8230233,0.0,0.0,0.00044057611376047134
1785290009.8236818,0.0,0.0,0.0004572800826281309
1785290009.8243062,0.0,0.0,0.0004524479154497385
1785290009.824923,0.0,0.0,0.00044409604743123055
1785290009.8255506,0.0,0.0,0.00045427214354276657
1785290009.826164,0.0,0.0,0.00044966419227421284
1785290009.8268025,0.0,0.0,0.00044806418009102345
1785290009.8274527,0.0,0.0,0.00047673587687313557
1785290009.828075,0.0,0.0,0.0004422080237418413
1785290009.8287048,0.0,0.0,0.00045519997365772724
1785290009.8293228,0.0,0.0,0.0004401598125696182
1785290009.8299487,0.0,0.0,0.00045248004607856274
1785290009.8305619,0.0,0.0,0.0004402240738272667
1785290009.8311992,0.0,0.0,0.00046428805217146873
1785290009.8318198,0.0,0.0,0.0004474238958209753
1785290009.832432,0.0,0.0,0.0004362240433692932
1785290009.8330524,0.0,0.0,0.00044291187077760696
1785290009.8336632,0.0,0.0,0.0004404480569064617
1785290009.8342857,0.0,0.0,0.0004469440318644047
1785290009.8348942,0.0,0.0,0.0004370880778878927
1785290009.835534,0.0,0.0,0.00046876794658601284
1785290009.836151,0.0,0.0,0.00044323201291263103
1785290009.8367734,0.0,0.0,0.0004495680332183838
1785290009.8373923,0.0,0.0,0.00044595194049179554
1785290009.837997,0.0,0.0,0.00043318397365510464
1785290009.8386002,0.0,0.0,0.00043561612255871296
1785290009.839258,0.0,0.0,0.00047974404878914356
1785290009.8398676,0.0,0.0,0.00044099194929003716
1785290009.8404853,0.0,0.0,0.0004396799486130476
1785290009.841106,0.0,0.0,0.0004467521794140339
1785290009.841726,0.0,0.0,0.0004486721009016037
1785290009.8423746,0.0,0.0,0.00045862398110330105
1785290009.8429976,0.0,0.0,0.0004532479215413332
1785290009.8436315,0.0,0.0,0.00044470420107245445
1785290009.844245,0.0,0.0,0.0004411200061440468
1785290009.8448625,0.0,0.0,0.0004451840650290251
1785290009.8454945,0.0,0.0,0.0004604160785675049
1785290009.8461125,0.0,0.0,0.0004434881266206503
1785290009.8467247,0.0,0.0,0.000442784046754241
1785290009.847369,0.0,0.0,0.00047203199937939644
1785290009.8479912,0.0,0.0,0.00044678407721221447
1785290009.8486154,0.0,0.0,0.00044928002171218395
1785290009.8492393,0.0,0.0,0.00045388820581138134
1785290009.8498516,0.0,0.0,0.00044019194319844246
1785290009.8504696,0.0,0.0,0.00044547184370458126
1785290009.851074,0.0,0.0,0.0004347199574112892
1785290009.851721,0.0,0.0,0.00045081600546836853
1785290009.8523598,0.0,0.0,0.00047030416317284107
1785290009.8529813,0.0,0.0,0.00045036780647933483
1785290009.8535998,0.0,0.0,0.0004402881022542715
1785290009.8542151,0.0,0.0,0.0004474557936191559
1785290009.8548152,0.0,0.0,0.0004284479655325413
1785290009.855472,0.0,0.0,0.00048265582881867886
1785290009.8560812,0.0,0.0,0.0004320000298321247
1785290009.8566766,0.0,0.0,0.0004284160677343607
1785290009.8572996,0.0,0.0,0.00043948786333203316
1785290009.8579197,0.0,0.0,0.00044675194658339024
1785290009.8585513,0.0,0.0,0.0004457598552107811
1785290009.8591897,0.0,0.0,0.00046937610022723675
1785290009.8598263,0.0,0.0,0.00046243215911090374
1785290009.8604295,0.0,0.0,0.00043289619497954845
1785290009.861055,0.0,0.0,0.0004549759905785322
1785290009.861682,0.0,0.0,0.00045408005826175213
1785290009.8622928,0.0,0.0,0.00044022384099662304
1785290009.862914,0.0,0.0,0.00045033590868115425
1785290009.8635669,0.0,0.0,0.00047817593440413475
1785290009.8641787,0.0,0.0,0.0004372159019112587
1785290009.8647892,0.0,0.0,0.000443135853856802
1785290009.8653982,0.0,0.0,0.00043724803254008293
1785290009.8659995,0.0,0.0,0.0004317760467529297
1785290009.8666306,0.0,0.0,0.0004582079127430916
1785290009.8672729,0.0,0.0,0.0004678398836404085
1785290009.8678982,0.0,0.0,0.0004472320433706045
1785290009.8685246,0.0,0.0,0.0004546879790723324
1785290009.8691359,0.0,0.0,0.00043833605013787746
1785290009.8697503,0.0,0.0,0.0004380159080028534
1785290009.8703656,0.0,0.0,0.00043788785114884377
1785290009.8709745,0.0,0.0,0.0004338559228926897
1785290009.871602,0.0,0.0,0.00043843197636306286
1785290009.872219,0.0,0.0,0.00044012791477143764
1785290009.8728342,0.0,0.0,0.00043932790867984295
1785290009.8734434,0.0,0.0,0.00043859193101525307
1785290009.874841,0.0,0.0,0.0011993921361863613
1785290009.8755298,0.0,0.0,0.000492192106321454
1785290009.8761647,0.0,0.0,0.0004541119560599327
1785290009.8768024,0.0,0.0,0.0004598400555551052
1785290009.877411,0.0,0.0,0.0004338559228926897
1785290009.8780189,0.0,0.0,0.0004320000298321247
1785290009.87865,0.0,0.0,0.00045935995876789093
1785290009.8792913,0.0,0.0,0.0004673281218856573
1785290009.8799155,0.0,0.0,0.00045004813000559807
1785290009.880539,0.0,0.0,0.00044768000952899456
1785290009.8811333,0.0,0.0,0.0004224320873618126
1785290009.881743,0.0,0.0,0.00043740798719227314
1785290009.8823462,0.0,0.0,0.000432480126619339
1785290009.8829675,0.0,0.0,0.0004462399519979954
1785290009.8836317,0.0,0.0,0.00046864012256264687
1785290009.8842266,0.0,0.0,0.0004198080860078335
1785290009.8848379,0.0,0.0,0.00044073606841266155
1785290009.885449,0.0,0.0,0.00043491204269230366
1785290009.8860528,0.0,0.0,0.00043318397365510464
1785290009.8866704,0.0,0.0,0.00044521596282720566
1785290009.8873067,0.0,0.0,0.000464768148958683
1785290009.8879294,0.0,0.0,0.00044496008194983006
1785290009.8885455,0.0,0.0,0.00044073606841266155
1785290009.8891513,0.0,0.0,0.00043148803524672985
1785290009.8897548,0.0,0.0,0.00043577607721090317
1785290009.8903723,0.0,0.0,0.00044649606570601463
1785290009.8910341,0.0,0.0,0.00046195206232368946
1785290009.8916988,0.0,0.0,0.0004644799046218395
1785290009.8923266,0.0,0.0,0.0004489920102059841
1785290009.8929474,0.0,0.0,0.00044825603254139423
1785290009.8935664,0.0,0.0,0.00044323201291263103
1785290009.8941853,0.0,0.0,0.0004517438355833292
1785290009.8948143,0.0,0.0,0.0004530239384621382
1785290009.8954546,0.0,0.0,0.00046966387890279293
1785290009.8960743,0.0,0.0,0.00044326414354145527
1785290009.8966901,0.0,0.0,0.0004430399276316166
1785290009.897301,0.0,0.0,0.00043763197027146816
1785290009.8979344,0.0,0.0,0.0004605441354215145
1785290009.8985612,0.0,0.0,0.0004538879729807377
1785290009.899194,0.0,0.0,0.000456320121884346
1785290009.8998218,0.0,0.0,0.0004396799486130476
1785290009.9004304,0.0,0.0,0.0004363199695944786
1785290009.9010386,0.0,0.0,0.00043574394658207893
1785290009.901651,0.0,0.0,0.00044160010293126106
1785290009.9022698,0.0,0.0,0.00044614402577281
1785290009.9028897,0.0,0.0,0.00044067203998565674
1785290009.903555,0.0,0.0,0.00048464001156389713
1785290009.9041605,0.0,0.0,0.0004329918883740902
1785290009.9047687,0.0,0.0,0.00043203216046094894
1785290009.9053838,0.0,0.0,0.00043939193710684776
1785290009.905996,0.0,0.0,0.0004406399093568325
1785290009.9066343,0.0,0.0,0.0004466238897293806
1785290009.9072785,0.0,0.0,0.0004717758856713772
1785290009.9079053,0.0,0.0,0.00045119994319975376
1785290009.908517,0.0,0.0,0.000437568174675107
1785290009.9091234,0.0,0.0,0.000436064088717103
1785290009.9097204,0.0,0.0,0.00042767985723912716
1785290009.9103162,0.0,0.0,0.0004266879986971617
1785290009.9109194,0.0,0.0,0.0004312319215387106
1785290009.9115572,0.0,0.0,0.000466624042019248
1785290009.9121826,0.0,0.0,0.00045088003389537334
1785290009.9127803,0.0,0.0,0.0004267201293259859
1785290009.9133844,0.0,0.0,0.00043308804742991924
1785290009.9139915,0.0,0.0,0.00043465616181492805
1785290009.914585,0.0,0.0,0.0004187198355793953
1785290009.9152133,0.0,0.0,0.0004576961509883404
1785290009.9158237,0.0,0.0,0.00042982399463653564
1785290009.9164345,0.0,0.0,0.00043555209413170815
1785290009.9170525,0.0,0.0,0.0004449279513210058
1785290009.9176736,0.0,0.0,0.00044755195267498493
1785290009.9183047,0.0,0.0,0.00045852805487811565
1785290009.918932,0.0,0.0,0.0004557759966701269
1785290009.9195552,0.0,0.0,0.0004379840102046728
1785290009.920175,0.0,0.0,0.000449376180768013
1785290009.9207833,0.0,0.0,0.0004384000785648823
1785290009.9213996,0.0,0.0,0.00044777593575417995
1785290009.9219966,0.0,0.0,0.00042790407314896584
1785290009.922629,0.0,0.0,0.00044841598719358444
1785290009.9232602,0.0,0.0,0.00045689591206610203
1785290009.9238703,0.0,0.0,0.0004356158897280693
1785290009.9244995,0.0,0.0,0.0004555520135909319
1785290009.9251194,0.0,0.0,0.00045225583016872406
1785290009.9257286,0.0,0.0,0.0004370240494608879
1785290009.9263463,0.0,0.0,0.0004419840406626463
1785290009.9269667,0.0,0.0,0.00045017595402896404
1785290009.9276323,0.0,0.0,0.00047123199328780174
1785290009.9282622,0.0,0.0,0.00045609590597450733
1785290009.9288874,0.0,0.0,0.000451807864010334
1785290009.9302185,0.0,0.0,0.0004793920088559389
1785290009.9308364,0.0,0.0,0.0004414399154484272
1785290009.931487,0.0,0.0,0.00047347182407975197
1785290009.9321063,0.0,0.0,0.0004506879486143589
1785290009.932715,0.0,0.0,0.0004353600088506937
1785290009.9333286,0.0,0.0,0.00043833605013787746
1785290009.9339483,0.0,0.0,0.00044607999734580517
1785290009.934567,0.0,0.0,0.0004499838687479496
1785290009.9352167,0.0,0.0,0.0004737598355859518
1785290009.9358256,0.0,0.0,0.00043571204878389835
1785290009.936442,0.0,0.0,0.00044227205216884613
1785290009.9370568,0.0,0.0,0.00044259196147322655
1785290009.9376621,0.0,0.0,0.00043932790867984295
1785290009.9382675,0.0,0.0,0.0004331199452280998
1785290009.9389002,0.0,0.0,0.0004344959743320942
1785290009.9395683,0.0,0.0,0.0004942398518323898
1785290009.9401958,0.0,0.0,0.0004518721252679825
1785290009.9408228,0.0,0.0,0.00045164814218878746
1785290009.9414387,0.0,0.0,0.0004434238653630018
1785290009.942059,0.0,0.0,0.00044841598719358444
1785290009.942671,0.0,0.0,0.00043548806570470333
1785290009.9433098,0.0,0.0,0.00047472002916038036
1785290009.9439235,0.0,0.0,0.00043715210631489754
1785290009.9445252,0.0,0.0,0.00043068802915513515
1785290009.9451385,0.0,0.0,0.0004403840284794569
1785290009.9457557,0.0,0.0,0.00043836794793605804
1785290009.9474251,0.0,0.0,0.00053433608263731
1785290009.9480991,0.0,0.0,0.0004713281523436308
1785290009.9487236,0.0,0.0,0.0004447679966688156
1785290009.9493687,0.0,0.0,0.000460255891084671
1785290009.9499996,0.0,0.0,0.00045011192560195923
1785290009.9506245,0.0,0.0,0.0004447998944669962
1785290009.951272,0.0,0.0,0.0004707199987024069
1785290009.9519029,0.0,0.0,0.0004465279635041952
1785290009.9525192,0.0,0.0,0.0004404799547046423
1785290009.9531426,0.0,0.0,0.00044688000343739986
1785290009.9537947,0.0,0.0,0.00047155190259218216
1785290009.9544399,0.0,0.0,0.00046540796756744385
1785290009.9550748,0.0,0.0,0.00045759999193251133
1785290009.9557352,0.0,0.0,0.00045504001900553703
1785290009.956381,0.0,0.0,0.00044617592357099056
1785290009.957014,0.0,0.0,0.0004534719046205282
1785290009.957638,0.0,0.0,0.00044688000343739986
1785290009.958272,0.0,0.0,0.00045328005217015743
1785290009.9589126,0.0,0.0,0.00046243215911090374
1785290009.9595785,0.0,0.0,0.0004640000406652689
1785290009.9602115,0.0,0.0,0.00045574409887194633
1785290009.9608266,0.0,0.0,0.00044348789379000664
1785290009.9614532,0.0,0.0,0.0004503680393099785
1785290009.96207,0.0,0.0,0.00044320011511445045
1785290009.9626853,0.0,0.0,0.00044051208533346653
1785290009.9633112,0.0,0.0,0.0004526721313595772
1785290009.963916,0.0,0.0,0.00042815995402634144
1785290009.9645364,0.0,0.0,0.00044582411646842957
1785290009.9651556,0.0,0.0,0.0004415998701006174
1785290009.9657853,0.0,0.0,0.0004541438538581133
1785290009.9664087,0.0,0.0,0.0004470080602914095
1785290009.96704,0.0,0.0,0.00045404816046357155
1785290009.9677298,0.0,0.0,0.0004845759831368923
1785290009.9683867,0.0,0.0,0.0004700159188359976
1785290009.9690223,0.0,0.0,0.00045775994658470154
1785290009.9696507,0.0,0.0,0.00045017595402896404
1785290009.970293,0.0,0.0,0.00046614394523203373
1785290009.9709253,0.0,0.0,0.0004633599892258644
1785290009.9715714,0.0,0.0,0.0004597119987010956
1785290009.972224,0.0,0.0,0.00045590405352413654
1785290009.9728365,0.0,0.0,0.0004350082017481327
1785290009.9734626,0.0,0.0,0.00045017595402896404
1785290009.974093,0.0,0.0,0.0004562879912555218
1785290009.9747105,0.0,0.0,0.00045001599937677383
1785290009.9753613,0.0,0.0,0.0004783680196851492
1785290009.975987,0.0,0.0,0.0004470080602914095
1785290009.9766347,0.0,0.0,0.00045935995876789093
1785290009.9772558,0.0,0.0,0.0004455680027604103
1785290009.9778728,0.0,0.0,0.00044067203998565674
1785290009.978494,0.0,0.0,0.0004453761503100395
1785290009.9791453,0.0,0.0,0.00047385599464178085
1785290009.9797814,0.0,0.0,0.00044742412865161896
1785290009.9803982,0.0,0.0,0.00044508790597319603
1785290009.9810038,0.0,0.0,0.0004306558985263109
1785290009.9816117,0.0,0.0,0.0004363839980214834
1785290009.9822319,0.0,0.0,0.00044633587822318077
1785290009.9828534,0.0,0.0,0.0004451840650290251
1785290009.983511,0.0,0.0,0.0004794879350811243
1785290009.9848201,0.0,0.0,0.0011337599717080593
1785290009.9854748,0.0,0.0,0.00046115205623209476
1785290009.9861045,0.0,0.0,0.000449951970949769
1785290009.986726,0.0,0.0,0.0004519678186625242
1785290009.9873726,0.0,0.0,0.00046697608195245266
1785290009.9880033,0.0,0.0,0.0004573441110551357
1785290009.988628,0.0,0.0,0.0004469121340662241
1785290009.9892507,0.0,0.0,0.0004460480995476246
1785290009.9898744,0.0,0.0,0.00044614402577281
1785290009.990492,0.0,0.0,0.0004338240250945091
1785290009.9911323,0.0,0.0,0.00046262401156127453
1785290009.9917476,0.0,0.0,0.00043747201561927795
1785290009.9923708,0.0,0.0,0.00044729607179760933
1785290009.9929855,0.0,0.0,0.00044051208533346653
1785290009.9936028,0.0,0.0,0.0004380159080028534
1785290009.9942172,0.0,0.0,0.00043916795402765274
1785290009.9948316,0.0,0.0,0.0004393281415104866
1785290009.9954607,0.0,0.0,0.0004533438477665186
1785290009.9960701,0.0,0.0,0.00043350388295948505
1785290009.9966853,0.0,0.0,0.00044000009074807167
1785290009.997306,0.0,0.0,0.00044361595064401627
1785290009.9979162,0.0,0.0,0.00043404800817370415
1785290009.9985251,0.0,0.0,0.0004312959499657154
1785290009.9991548,0.0,0.0,0.0004592319019138813
1785290009.9997742,0.0,0.0,0.0004473279695957899
1785290010.0004032,0.0,0.0,0.00045344000682234764
1785290010.0010352,0.0,0.0,0.0004448320250958204
1785290010.001658,0.0,0.0,0.00044678407721221447
1785290010.00227,0.0,0.0,0.0004403521306812763
1785290010.002889,0.0,0.0,0.0004458879120647907
1785290010.003536,0.0,0.0,0.0004719682037830353
1785290010.0041792,0.0,0.0,0.00046220794320106506
1785290010.0048158,0.0,0.0,0.0004513920284807682
1785290010.0054328,0.0,0.0,0.0004410881083458662
1785290010.0060523,0.0,0.0,0.00044816010631620884
1785290010.0066788,0.0,0.0,0.0004492478910833597
1785290010.0073204,0.0,0.0,0.00046390388160943985
1785290010.007949,0.0,0.0,0.0004533438477665186
1785290010.0085669,0.0,0.0,0.00044012791477143764
1785290010.009174,0.0,0.0,0.0004300801083445549
1785290010.0097964,0.0,0.0,0.00045065581798553467
1785290010.0104163,0.0,0.0,0.0004435521550476551
1785290010.0110452,0.0,0.0,0.00045455992221832275
1785290010.0117192,0.0,0.0,0.0004685758613049984
1785290010.012354,0.0,0.0,0.0004528001882135868
1785290010.0129793,0.0,0.0,0.0004546879790723324
1785290010.013592,0.0,0.0,0.0004338240250945091
1785290010.014201,0.0,0.0,0.00043596792966127396
1785290010.0148208,0.0,0.0,0.00044505600817501545
1785290010.0154667,0.0,0.0,0.00047107203863561153
1785290010.016113,0.0,0.0,0.000468479935079813
1785290010.01674,0.0,0.0,0.00045017595402896404
1785290010.0173779,0.0,0.0,0.00046364800073206425
1785290010.0180116,0.0,0.0,0.0004589760210365057
1785290010.0186248,0.0,0.0,0.0004429758992046118
1785290010.0192661,0.0,0.0,0.0004654082003980875
1785290010.019881,0.0,0.0,0.0004440958146005869
1785290010.0204942,0.0,0.0,0.00044377613812685013
1785290010.0211608,0.0,0.0,0.0004582719411700964
1785290010.0217786,0.0,0.0,0.0004472320433706045
1785290010.0224001,0.0,0.0,0.0004455999005585909
1785290010.0230224,0.0,0.0,0.0004469440318644047
1785290010.0236626,0.0,0.0,0.00044825603254139423
1785290010.024276,0.0,0.0,0.000443008029833436
1785290010.0249004,0.0,0.0,0.0004521280061453581
1785290010.0255187,0.0,0.0,0.00044675194658339024
1785290010.0261338,0.0,0.0,0.0004429121036082506
1785290010.0267491,0.0,0.0,0.0004423679783940315
1785290010.027394,0.0,0.0,0.00047011207789182663
1785290010.0280144,0.0,0.0,0.00044918409548699856
1785290010.0286343,0.0,0.0,0.0004487361293286085
1785290010.0292552,0.0,0.0,0.000446368008852005
1785290010.0298562,0.0,0.0,0.00042860815301537514
1785290010.0304768,0.0,0.0,0.0004438399337232113
1785290010.031115,0.0,0.0,0.0004706240724772215
1785290010.031739,0.0,0.0,0.00043875211849808693
1785290010.0323713,0.0,0.0,0.00045727984979748726
1785290010.0329983,0.0,0.0,0.00045056012459099293
1785290010.0336244,0.0,0.0,0.00044912006705999374
1785290010.0342386,0.0,0.0,0.0004388480447232723
1785290010.0348678,0.0,0.0,0.00045199994929134846
1785290010.0355103,0.0,0.0,0.0004651518538594246
1785290010.036145,0.0,0.0,0.0004511680454015732
1785290010.0367858,0.0,0.0,0.00044745602644979954
1785290010.037415,0.0,0.0,0.0004541759844869375
1785290010.0380306,0.0,0.0,0.00044371187686920166
1785290010.0386596,0.0,0.0,0.00044912006705999374
1785290010.0399842,0.0,0.0,0.001152415992692113
1785290010.0406623,0.0,0.0,0.0004792960826307535
1785290010.0412893,0.0,0.0,0.00044809584505856037
1785290010.0419118,0.0,0.0,0.00044275191612541676
1785290010.0425432,0.0,0.0,0.0004539520014077425
1785290010.0431867,0.0,0.0,0.00046643195673823357
1785290010.0437953,0.0,0.0,0.0004344000481069088
1785290010.0444024,0.0,0.0,0.00043148803524672985
1785290010.0450118,0.0,0.0,0.00043897610157728195
1785290010.04564,0.0,0.0,0.00045599997974932194
1785290010.0462487,0.0,0.0,0.0004354240372776985
1785290010.0468476,0.0,0.0,0.0004267520271241665
1785290010.0474699,0.0,0.0,0.00045238411985337734
1785290010.0480838,0.0,0.0,0.00043948786333203316
1785290010.04869,0.0,0.0,0.00043475208804011345
1785290010.0493011,0.0,0.0,0.0004371840041130781
1785290010.049918,0.0,0.0,0.00043635210022330284
1785290010.0505338,0.0,0.0,0.0004386559594422579
1785290010.0511687,0.0,0.0,0.0004587201401591301
1785290010.0517836,0.0,0.0,0.0004394880961626768
1785290010.052404,0.0,0.0,0.00044364784844219685
1785290010.0530462,0.0,0.0,0.0004632959607988596
1785290010.0536714,0.0,0.0,0.0004512639716267586
1785290010.054288,0.0,0.0,0.0004412159323692322
1785290010.0549138,0.0,0.0,0.0004451840650290251
1785290010.0555484,0.0,0.0,0.00045807985588908195
1785290010.056169,0.0,0.0,0.00044569605961441994
1785290010.056784,0.0,0.0,0.0004404799547046423
1785290010.0573983,0.0,0.0,0.0004414080176502466
1785290010.0582407,0.0,0.0,0.0004584318958222866
1785290010.0588572,0.0,0.0,0.00043977610766887665
1785290010.0595088,0.0,0.0,0.00047856010496616364
1785290010.0601194,0.0,0.0,0.0004350400995463133
1785290010.060736,0.0,0.0,0.00044073606841266155
1785290010.0613616,0.0,0.0,0.0004506879486143589
1785290010.061982,0.0,0.0,0.00044959993101656437
1785290010.062605,0.0,0.0,0.00044822390191257
1785290010.063245,0.0,0.0,0.0004677118267863989
1785290010.0638542,0.0,0.0,0.0004436480812728405
1785290010.0644705,0.0,0.0,0.0004454399459064007
1785290010.0651147,0.0,0.0,0.00045599997974932194
1785290010.065724,0.0,0.0,0.0004438399337232113
1785290010.0663388,0.0,0.0,0.00043884781189262867
1785290010.0669487,0.0,0.0,0.00043942383490502834
1785290010.0675907,0.0,0.0,0.00046294392086565495
1785290010.0682023,0.0,0.0,0.00043820799328386784
1785290010.0688305,0.0,0.0,0.0004571520257741213
1785290010.0694706,0.0,0.0,0.00044928002171218395
1785290010.070106,0.0,0.0,0.00046108802780508995
1785290010.0707262,0.0,0.0,0.00044688000343739986
1785290010.0713682,0.0,0.0,0.00046537606976926327
1785290010.0719829,0.0,0.0,0.0004376000724732876
1785290010.0726087,0.0,0.0,0.000448096077889204
1785290010.073225,0.0,0.0,0.00043852790258824825
1785290010.0738428,0.0,0.0,0.0004421439953148365
1785290010.0744667,0.0,0.0,0.0004519680514931679
1785290010.0750885,0.0,0.0,0.0004480639472603798
1785290010.0757296,0.0,0.0,0.0004480320494621992
1785290010.0763407,0.0,0.0,0.0004474238958209753
1785290010.0769618,0.0,0.0,0.0004467521794140339
1785290010.0775816,0.0,0.0,0.00044816010631620884
1785290010.0781972,0.0,0.0,0.00044156797230243683
1785290010.0788212,0.0,0.0,0.0004497920162975788
1785290010.0794725,0.0,0.0,0.0004775999113917351
1785290010.08008,0.0,0.0,0.0004359360318630934
1785290010.0806892,0.0,0.0,0.0004391681868582964
1785290010.081298,0.0,0.0,0.0004385600332170725
1785290010.0819044,0.0,0.0,0.00043075205758213997
1785290010.0825214,0.0,0.0,0.0004481279756873846
1785290010.0831535,0.0,0.0,0.0004590400494635105
1785290010.083778,0.0,0.0,0.0004347199574112892
1785290010.084391,0.0,0.0,0.0004393921699374914
1785290010.0850163,0.0,0.0,0.0004501121584326029
1785290010.085648,0.0,0.0,0.0004439358599483967
1785290010.0862699,0.0,0.0,0.00045113591477274895
1785290010.0868874,0.0,0.0,0.00044508790597319603
1785290010.0875342,0.0,0.0,0.00047961599193513393
1785290010.0881677,0.0,0.0,0.00045484816655516624
1785290010.0888095,0.0,0.0,0.0004674240481108427
1785290010.0894337,0.0,0.0,0.0004488001577556133
1785290010.0900588,0.0,0.0,0.00044787186197936535
1785290010.090688,0.0,0.0,0.000451583880931139
1785290010.0913403,0.0,0.0,0.0004777919966727495
1785290010.0919561,0.0,0.0,0.00044300779700279236
1785290010.0925753,0.0,0.0,0.0004410240799188614
1785290010.093187,0.0,0.0,0.0004355839919298887
1785290010.0938025,0.0,0.0,0.0004416638985276222
1785290010.0944283,0.0,0.0,0.0004489920102059841
1785290010.0957808,0.0,0.0,0.00047388789243996143
1785290010.0964262,0.0,0.0,0.0004649281036108732
1785290010.0970542,0.0,0.0,0.00044873589649796486
1785290010.0976856,0.0,0.0,0.0004557438660413027
1785290010.0983052,0.0,0.0,0.00044863997027277946
1785290010.098926,0.0,0.0,0.0004480639472603798
1785290010.0995922,0.0,0.0,0.00047001615166664124
1785290010.1002204,0.0,0.0,0.0004498879425227642
1785290010.1008518,0.0,0.0,0.00045638391748070717
1785290010.1014717,0.0,0.0,0.00044265598990023136
1785290010.102079,0.0,0.0,0.00044268788769841194
1785290010.1027126,0.0,0.0,0.0004465279635041952
1785290010.1033657,0.0,0.0,0.00047513609752058983
1785290010.1039941,0.0,0.0,0.0004490879364311695
1785290010.1046093,0.0,0.0,0.0004440639168024063
1785290010.1052554,0.0,0.0,0.00045328005217015743
1785290010.105881,0.0,0.0,0.0004486721009016037
1785290010.1065032,0.0,0.0,0.0004492478910833597
1785290010.1071393,0.0,0.0,0.00046719983220100403
1785290010.107759,0.0,0.0,0.0004411840345710516
1785290010.1083782,0.0,0.0,0.00044531188905239105
1785290010.1089993,0.0,0.0,0.00044281594455242157
1785290010.109611,0.0,0.0,0.0004391358233988285
1785290010.1102266,0.0,0.0,0.0004458879120647907
1785290010.1108427,0.0,0.0,0.00044489605352282524
1785290010.1114933,0.0,0.0,0.0004775361157953739
1785290010.1121273,0.0,0.0,0.00045567983761429787
1785290010.1127179,0.0,0.0,0.0004220479167997837
1785290010.1133187,0.0,0.0,0.0004247678443789482
1785290010.1139436,0.0,0.0,0.00045152008533477783
1785290010.114563,0.0,0.0,0.0004434238653630018
1785290010.1152046,0.0,0.0,0.00046940799802541733
1785290010.1158493,0.0,0.0,0.00046988786198198795
1785290010.1164598,0.0,0.0,0.0004407358355820179
1785290010.1170664,0.0,0.0,0.0004326719790697098
1785290010.117685,0.0,0.0,0.00045190402306616306
1785290010.1183012,0.0,0.0,0.00044118380174040794
1785290010.1189225,0.0,0.0,0.00044656009413301945
1785290010.119559,0.0,0.0,0.0004426240921020508
1785290010.1201777,0.0,0.0,0.00044390419498085976
1785290010.1207886,0.0,0.0,0.0004388159140944481
1785290010.1214082,0.0,0.0,0.0004488320555537939
1785290010.122026,0.0,0.0,0.0004465279635041952
1785290010.1226337,0.0,0.0,0.00043689622543752193
1785290010.1232646,0.0,0.0,0.0004650240298360586
1785290010.123896,0.0,0.0,0.00044358382001519203
1785290010.1245034,0.0,0.0,0.00043385615572333336
1785290010.1251159,0.0,0.0,0.0004411840345710516
1785290010.1257334,0.0,0.0,0.0004493121523410082
1785290010.1263347,0.0,0.0,0.0004311359953135252
1785290010.126952,0.0,0.0,0.00044611189514398575
1785290010.127602,0.0,0.0,0.00045753619633615017
1785290010.128215,0.0,0.0,0.00043984013609588146
1785290010.1288218,0.0,0.0,0.000434336019679904
1785290010.1294296,0.0,0.0,0.00043523218482732773
1785290010.1300435,0.0,0.0,0.00044182385317981243
1785290010.1306534,0.0,0.0,0.0004362559411674738
1785290010.1312883,0.0,0.0,0.0004612160846590996
1785290010.1319003,0.0,0.0,0.00043526384979486465
1785290010.1325016,0.0,0.0,0.0004317760467529297
1785290010.1331232,0.0,0.0,0.00044672004878520966
1785290010.1337507,0.0,0.0,0.000439999857917428
1785290010.1343603,0.0,0.0,0.000435840105637908
1785290010.1349704,0.0,0.0,0.00043494394049048424
1785290010.1355982,0.0,0.0,0.00043398397974669933
1785290010.1362174,0.0,0.0,0.00044896011240780354
1785290010.1368387,0.0,0.0,0.00044607999734580517
1785290010.1374474,0.0,0.0,0.00043507199734449387
1785290010.1380427,0.0,0.0,0.00042422395199537277
1785290010.1386468,0.0,0.0,0.0004316801205277443
1785290010.1392822,0.0,0.0,0.00046611204743385315
1785290010.1398988,0.0,0.0,0.00044035189785063267
1785290010.1405208,0.0,0.0,0.00045078410767018795
1785290010.1411424,0.0,0.0,0.00044931191951036453
1785290010.1417692,0.0,0.0,0.00044752005487680435
1785290010.142384,0.0,0.0,0.0004420159384608269
1785290010.1430051,0.0,0.0,0.00044115190394222736
1785290010.143651,0.0,0.0,0.0004435521550476551
1785290010.1442683,0.0,0.0,0.00044067203998565674
1785290010.1448865,0.0,0.0,0.00044451188296079636
1785290010.1454902,0.0,0.0,0.00042924797162413597
1785290010.1460984,0.0,0.0,0.00043622381053864956
1785290010.1466868,0.0,0.0,0.000419392017647624
1785290010.1473234,0.0,0.0,0.00046540796756744385
1785290010.1479464,0.0,0.0,0.0004494080785661936
1785290010.1485784,0.0,0.0,0.00045433593913912773
1785290010.1492124,0.0,0.0,0.0004531838931143284
1785290010.150494,0.0,0.0,0.0010932800360023975
1785290010.1511416,0.0,0.0,0.00047049601562321186
1785290010.1517668,0.0,0.0,0.0004521601367741823
1785290010.1523955,0.0,0.0,0.0004505920223891735
1785290010.1530275,0.0,0.0,0.00046006403863430023
1785290010.153651,0.0,0.0,0.00044959993101656437
1785290010.154257,0.0,0.0,0.00042828801088035107
1785290010.1548655,0.0,0.0,0.0004363199695944786
1785290010.1555123,0.0,0.0,0.00047497591003775597
1785290010.156126,0.0,0.0,0.00043865619227290154
1785290010.1567497,0.0,0.0,0.00044595194049179554
1785290010.1573815,0.0,0.0,0.00045542395673692226
1785290010.1579897,0.0,0.0,0.00043555209413170815
1785290010.1586206,0.0,0.0,0.0004537280183285475
1785290010.1592834,0.0,0.0,0.00048534409143030643
1785290010.1599212,0.0,0.0,0.00045807985588908195
1785290010.1605546,0.0,0.0,0.0004600000102072954
1785290010.161167,0.0,0.0,0.00044108787551522255
1785290010.1617858,0.0,0.0,0.00044531188905239105
1785290010.16249,0.0,0.0,0.0004562879912555218
1785290010.1631339,0.0,0.0,0.00047132791951298714
1785290010.163763,0.0,0.0,0.00045193592086434364
1785290010.1643782,0.0,0.0,0.0004432639107108116
1785290010.164993,0.0,0.0,0.0004406080115586519
1785290010.1656117,0.0,0.0,0.0004463039804250002
1785290010.1662748,0.0,0.0,0.0004461121279746294
1785290010.1669095,0.0,0.0,0.0004478080663830042
1785290010.1675565,0.0,0.0,0.0004735039547085762
1785290010.1681514,0.0,0.0,0.00042179180309176445
1785290010.168763,0.0,0.0,0.00043894420377910137
1785290010.1693811,0.0,0.0,0.0004440639168024063
1785290010.1699884,0.0,0.0,0.00043580797500908375
1785290010.1706042,0.0,0.0,0.00044512003660202026
1785290010.1712449,0.0,0.0,0.0004759039729833603
1785290010.1718664,0.0,0.0,0.0004452480934560299
1785290010.1724727,0.0,0.0,0.0004395521245896816
1785290010.173094,0.0,0.0,0.00044688000343739986
1785290010.173722,0.0,0.0,0.00045097596012055874
1785290010.1743295,0.0,0.0,0.00043548806570470333
1785290010.174954,0.0,0.0,0.0004486080724745989
1785290010.1756032,0.0,0.0,0.0004561920650303364
1785290010.1762211,0.0,0.0,0.0004371518734842539
1785290010.1768212,0.0,0.0,0.0004291518125683069
1785290010.1774561,0.0,0.0,0.0004580479580909014
1785290010.178073,0.0,0.0,0.0004421758931130171
1785290010.178698,0.0,0.0,0.00045478413812816143
1785290010.179339,0.0,0.0,0.00046604801900684834
1785290010.179952,0.0,0.0,0.00043958378955721855
1785290010.1805682,0.0,0.0,0.00044547184370458126
1785290010.1811745,0.0,0.0,0.00043673603795468807
1785290010.1818194,0.0,0.0,0.000466975849121809
1785290010.182457,0.0,0.0,0.0004486080724745989
1785290010.1830595,0.0,0.0,0.00042822398245334625
1785290010.1836953,0.0,0.0,0.00043929601088166237
1785290010.1843035,0.0,0.0,0.0004336000420153141
1785290010.1849282,0.0,0.0,0.000439648050814867
1785290010.1855443,0.0,0.0,0.000443008029833436
1785290010.1861556,0.0,0.0,0.00043929601088166237
1785290010.1867652,0.0,0.0,0.000443008029833436
1785290010.1874058,0.0,0.0,0.00047462410293519497
1785290010.1880164,0.0,0.0,0.00043763197027146816
1785290010.188631,0.0,0.0,0.000440928153693676
1785290010.1892414,0.0,0.0,0.0004399039316922426
1785290010.1898608,0.0,0.0,0.0004473279695957899
1785290010.190469,0.0,0.0,0.00043728016316890717
1785290010.19108,0.0,0.0,0.0004406080115586519
1785290010.1917338,0.0,0.0,0.0004506239201873541
1785290010.1923501,0.0,0.0,0.00044297613203525543
1785290010.1929617,0.0,0.0,0.00043728016316890717
1785290010.193578,0.0,0.0,0.0004451521672308445
1785290010.1941962,0.0,0.0,0.0004469121340662241
1785290010.1948087,0.0,0.0,0.00044355192221701145
1785290010.1954677,0.0,0.0,0.0004845119547098875
1785290010.1961243,0.0,0.0,0.00047632004134356976
1785290010.1967523,0.0,0.0,0.0004496639594435692
1785290010.197383,0.0,0.0,0.0004550078883767128
1785290010.198011,0.0,0.0,0.0004400641191750765
1785290010.1986384,0.0,0.0,0.0004504001699388027
1785290010.1992896,0.0,0.0,0.0004793598782271147
1785290010.1999142,0.0,0.0,0.0004485121462494135
1785290010.2005372,0.0,0.0,0.00044527999125421047
1785290010.2011566,0.0,0.0,0.00044406414963304996
1785290010.201777,0.0,0.0,0.0004421439953148365
1785290010.202388,0.0,0.0,0.00043907202780246735
1785290010.2029843,0.0,0.0,0.00042803213000297546
1785290010.2036178,0.0,0.0,0.00044387183152139187
1785290010.2042685,0.0,0.0,0.00046345614828169346
1785290010.2055972,0.0,0.0,0.0011559040285646915
1785290010.2062604,0.0,0.0,0.0004675199743360281
1785290010.2069056,0.0,0.0,0.0004641280975192785
1785290010.2075536,0.0,0.0,0.0004757121205329895
1785290010.2081656,0.0,0.0,0.0004323518369346857
1785290010.2087846,0.0,0.0,0.00044425600208342075
1785290010.209401,0.0,0.0,0.0004423679783940315
1785290010.2100208,0.0,0.0,0.0004490239080041647
1785290010.2106276,0.0,0.0,0.00043158396147191525
1785290010.2112648,0.0,0.0,0.0004660158883780241
1785290010.211878,0.0,0.0,0.00044134422205388546
1785290010.212497,0.0,0.0,0.0004470080602914095
1785290010.2131047,0.0,0.0,0.00043580797500908375
1785290010.2137284,0.0,0.0,0.00044582411646842957
1785290010.2143314,0.0,0.0,0.000429471954703331
1785290010.2149618,0.0,0.0,0.0004353600088506937
1785290010.2155998,0.0,0.0,0.00044505600817501545
1785290010.2162244,0.0,0.0,0.0004491198342293501
1785290010.2168496,0.0,0.0,0.0004470720887184143
1785290010.2174704,0.0,0.0,0.0004453761503100395
1785290010.2180781,0.0,0.0,0.0004320000298321247
1785290010.2186859,0.0,0.0,0.00043740798719227314
1785290010.2193203,0.0,0.0,0.0004597119987010956
1785290010.2199423,0.0,0.0,0.0004459840711206198
1785290010.2205684,0.0,0.0,0.00045078410767018795
1785290010.2211876,0.0,0.0,0.0004462720826268196
1785290010.22181,0.0,0.0,0.0004547520074993372
1785290010.2224317,0.0,0.0,0.00044825603254139423
1785290010.223045,0.0,0.0,0.0004405439831316471
1785290010.2236748,0.0,0.0,0.0004332477692514658
1785290010.2242818,0.0,0.0,0.0004371840041130781
1785290010.2249174,0.0,0.0,0.0004486402031034231
1785290010.2255325,0.0,0.0,0.00044067203998565674
1785290010.2261379,0.0,0.0,0.0004305602051317692
1785290010.2267587,0.0,0.0,0.0004473919980227947
1785290010.2274024,0.0,0.0,0.0004671681672334671
1785290010.228026,0.0,0.0,0.00044688000343739986
1785290010.228641,0.0,0.0,0.00044035189785063267
1785290010.2292628,0.0,0.0,0.00044662412256002426
1785290010.2298849,0.0,0.0,0.0004498879425227642
1785290010.2305202,0.0,0.0,0.0004513601306825876
1785290010.2311788,0.0,0.0,0.0004877119790762663
1785290010.2317922,0.0,0.0,0.0004404480569064617
1785290010.2324183,0.0,0.0,0.0004485121462494135
1785290010.2330337,0.0,0.0,0.0004397439770400524
1785290010.2336433,0.0,0.0,0.0004331518430262804
1785290010.2342546,0.0,0.0,0.00044592004269361496
1785290010.2348752,0.0,0.0,0.00044854404404759407
1785290010.2355194,0.0,0.0,0.0004658559337258339
1785290010.2361572,0.0,0.0,0.00046003214083611965
1785290010.236769,0.0,0.0,0.0004391039256006479
1785290010.2373915,0.0,0.0,0.0004460480995476246
1785290010.238003,0.0,0.0,0.0004388159140944481
1785290010.2386208,0.0,0.0,0.0004449598491191864
1785290010.239258,0.0,0.0,0.0004659839905798435
1785290010.2398887,0.0,0.0,0.0004516160115599632
1785290010.2404985,0.0,0.0,0.00043315207585692406
1785290010.241112,0.0,0.0,0.00044646416790783405
1785290010.2417166,0.0,0.0,0.0004306558985263109
1785290010.2423282,0.0,0.0,0.000437695998698473
1785290010.2429404,0.0,0.0,0.0004378240555524826
1785290010.2435737,0.0,0.0,0.00043811206705868244
1785290010.2441893,0.0,0.0,0.00044089602306485176
1785290010.2448149,0.0,0.0,0.00044867186807096004
1785290010.2454214,0.0,0.0,0.00042899209074676037
1785290010.2460246,0.0,0.0,0.00043155206367373466
1785290010.2466514,0.0,0.0,0.00043235206976532936
1785290010.2472727,0.0,0.0,0.000448096077889204
1785290010.2479038,0.0,0.0,0.00045424001291394234
1785290010.2485154,0.0,0.0,0.00043350388295948505
1785290010.2491221,0.0,0.0,0.0004319360014051199
1785290010.24974,0.0,0.0,0.0004413758870214224
1785290010.2503579,0.0,0.0,0.00044169602915644646
1785290010.2509732,0.0,0.0,0.00044323201291263103
1785290010.2516193,0.0,0.0,0.00045439996756613255
1785290010.2522385,0.0,0.0,0.0004439039621502161
1785290010.2528408,0.0,0.0,0.00043580797500908375
1785290010.253466,0.0,0.0,0.00045504001900553703
1785290010.2540882,0.0,0.0,0.00044771190732717514
1785290010.2547162,0.0,0.0,0.0004509119316935539
1785290010.255358,0.0,0.0,0.0004684480372816324
1785290010.2559853,0.0,0.0,0.000448096077889204
1785290010.2565875,0.0,0.0,0.00042582396417856216
1785290010.2572188,0.0,0.0,0.0004556160420179367
1785290010.2578518,0.0,0.0,0.0004582400433719158
1785290010.258464,0.0,0.0,0.0004409600514918566
1785290010.2590714,0.0,0.0,0.0004328319337219
1785290010.259732,0.0,0.0,0.0004681600257754326
1785290010.2610614,0.0,0.0,0.0011481600813567638
1785290010.261711,0.0,0.0,0.00046108802780508995
1785290010.2623348,0.0,0.0,0.0004400641191750765
1785290010.2629957,0.0,0.0,0.00046364800073206425
1785290010.263653,0.0,0.0,0.00045782397501170635
1785290010.2642617,0.0,0.0,0.000433055916801095
1785290010.264876,0.0,0.0,0.00044070417061448097
1785290010.2654948,0.0,0.0,0.0004450881388038397
1785290010.2661135,0.0,0.0,0.0004479039926081896
1785290010.2667387,0.0,0.0,0.0004545280244201422
1785290010.267383,0.0,0.0,0.00047148787416517735
1785290010.2680013,0.0,0.0,0.0004405439831316471
1785290010.26861,0.0,0.0,0.00043388805352151394
1785290010.2692137,0.0,0.0,0.00043116812594234943
1785290010.2698355,0.0,0.0,0.00044912006705999374
1785290010.2704527,0.0,0.0,0.0004437440074980259
1785290010.2711122,0.0,0.0,0.00048294407315552235
1785290010.2717412,0.0,0.0,0.0004463039804250002
1785290010.2723572,0.0,0.0,0.0004434240981936455
1785290010.2729695,0.0,0.0,0.00043884781189262867
1785290010.2735844,0.0,0.0,0.00044252793304622173
1785290010.274191,0.0,0.0,0.0004340801388025284
1785290010.2748048,0.0,0.0,0.0004431998822838068
1785290010.2754264,0.0,0.0,0.00045119994319975376
1785290010.2760458,0.0,0.0,0.0004404159262776375
1785290010.27667,0.0,0.0,0.0004513920284807682
1785290010.2772908,0.0,0.0,0.000444863922894001
1785290010.2779126,0.0,0.0,0.0004494080785661936
1785290010.2785158,0.0,0.0,0.00042876810766756535
1785290010.2791433,0.0,0.0,0.0004387199878692627
1785290010.2797487,0.0,0.0,0.00042819208465516567
1785290010.2803524,0.0,0.0,0.00044169602915644646
1785290010.2809553,0.0,0.0,0.00043932790867984295
1785290010.2815719,0.0,0.0,0.0004409600514918566
1785290010.2821693,0.0,0.0,0.00042185583151876926
1785290010.2827885,0.0,0.0,0.00044729607179760933
1785290010.283425,0.0,0.0,0.0004629760514944792
1785290010.28403,0.0,0.0,0.00043180794455111027
1785290010.2846737,0.0,0.0,0.0004569278098642826
1785290010.2852905,0.0,0.0,0.0004395840223878622
1785290010.2859068,0.0,0.0,0.0004437759052962065
1785290010.2865238,0.0,0.0,0.00044863997027277946
1785290010.2871585,0.0,0.0,0.0004601278342306614
1785290010.2877762,0.0,0.0,0.00044355192221701145
1785290010.288393,0.0,0.0,0.00044527999125421047
1785290010.2889965,0.0,0.0,0.00043014390394091606
1785290010.2896047,0.0,0.0,0.00043603195808827877
1785290010.2902248,0.0,0.0,0.0004456320311874151
1785290010.290849,0.0,0.0,0.0004490879364311695
1785290010.2914882,0.0,0.0,0.00046646385453641415
1785290010.2921247,0.0,0.0,0.0004606719594448805
1785290010.292748,0.0,0.0,0.0004470720887184143
1785290010.2933676,0.0,0.0,0.00044406414963304996
1785290010.293988,0.0,0.0,0.00044332793913781643
1785290010.2946126,0.0,0.0,0.00043753604404628277
1785290010.295251,0.0,0.0,0.0004637441597878933
1785290010.295867,0.0,0.0,0.0004406399093568325
1785290010.2964892,0.0,0.0,0.00045206397771835327
1785290010.2970898,0.0,0.0,0.00042326399125158787
1785290010.2977116,0.0,0.0,0.00044745602644979954
1785290010.2983298,0.0,0.0,0.00044489605352282524
1785290010.298953,0.0,0.0,0.0004488639533519745
1785290010.2996004,0.0,0.0,0.00045334408059716225
1785290010.3002083,0.0,0.0,0.00043340795673429966
1785290010.3008301,0.0,0.0,0.0004452480934560299
1785290010.301447,0.0,0.0,0.0004435521550476551
1785290010.3020732,0.0,0.0,0.0004552318714559078
1785290010.3026886,0.0,0.0,0.00044182385317981243
1785290010.3033254,0.0,0.0,0.00046953605487942696
1785290010.3039455,0.0,0.0,0.0004464639350771904
1785290010.3045847,0.0,0.0,0.00044937594793736935
1785290010.305199,0.0,0.0,0.00044035189785063267
1785290010.305803,0.0,0.0,0.0004337918944656849
1785290010.3064203,0.0,0.0,0.0004421120975166559
1785290010.3070354,0.0,0.0,0.00044156797230243683
1785290010.3076773,0.0,0.0,0.00045359996147453785
1785290010.3082986,0.0,0.0,0.0004481279756873846
1785290010.3089108,0.0,0.0,0.0004408641252666712
1785290010.309518,0.0,0.0,0.0004353600088506937
1785290010.310154,0.0,0.0,0.0004586561117321253
1785290010.31079,0.0,0.0,0.00045964797027409077
1785290010.3114321,0.0,0.0,0.0004635199438780546
1785290010.3120537,0.0,0.0,0.0004431039560586214
1785290010.3126593,0.0,0.0,0.00043526384979486465
1785290010.3132646,0.0,0.0,0.0004316801205277443
1785290010.3138828,0.0,0.0,0.00044707185588777065
1785290010.3144863,0.0,0.0,0.00043222401291131973
1785290010.315112,0.0,0.0,0.0004514239262789488
1785290010.3164105,0.0,0.0,0.00046108802780508995
1785290010.3170443,0.0,0.0,0.0004512961022555828
1785290010.3176763,0.0,0.0,0.00045273592695593834
1785290010.318308,0.0,0.0,0.00045264000073075294
1785290010.3189194,0.0,0.0,0.00043574394658207893
1785290010.3195627,0.0,0.0,0.0004753598477691412
1785290010.3201735,0.0,0.0,0.0004385281354188919
1785290010.320778,0.0,0.0,0.0004312959499657154
1785290010.3214173,0.0,0.0,0.0004573760088533163
1785290010.3220403,0.0,0.0,0.00044697592966258526
1785290010.3226664,0.0,0.0,0.0004530239384621382
1785290010.3232887,0.0,0.0,0.0004533759783953428
1785290010.3239179,0.0,0.0,0.00045513594523072243
1785290010.3245375,0.0,0.0,0.0004451840650290251
1785290010.3251705,0.0,0.0,0.00045513594523072243
1785290010.325787,0.0,0.0,0.0004420480690896511
1785290010.3264072,0.0,0.0,0.00044617592357099056
1785290010.3270473,0.0,0.0,0.00044947187416255474
1785290010.327701,0.0,0.0,0.00045264000073075294
1785290010.3283136,0.0,0.0,0.00043670390732586384
1785290010.3289263,0.0,0.0,0.0004413758870214224
1785290010.329532,0.0,0.0,0.00042815995402634144
1785290010.3301547,0.0,0.0,0.00044867186807096004
1785290010.3307607,0.0,0.0,0.00043366383761167526
1785290010.3314052,0.0,0.0,0.00047321594320237637
1785290010.3320255,0.0,0.0,0.000448096077889204
1785290010.3326552,0.0,0.0,0.0004546879790723324
1785290010.3332675,0.0,0.0,0.00044064014218747616
1785290010.3338764,0.0,0.0,0.0004384322091937065
1785290010.3345013,0.0,0.0,0.0004462720826268196
1785290010.3351288,0.0,0.0,0.0004521280061453581
1785290010.3357706,0.0,0.0,0.00046182400546967983
1785290010.3363845,0.0,0.0,0.00043798377737402916
1785290010.3370008,0.0,0.0,0.00044355192221701145
1785290010.3376179,0.0,0.0,0.00044569605961441994
1785290010.338228,0.0,0.0,0.0004401600454002619
1785290010.3388345,0.0,0.0,0.0004334400873631239
1785290010.3394802,0.0,0.0,0.0004727998748421669
1785290010.3400784,0.0,0.0,0.0004273918457329273
1785290010.3406827,0.0,0.0,0.0004333760589361191
1785290010.341294,0.0,0.0,0.00043603195808827877
1785290010.341907,0.0,0.0,0.0004403521306812763
1785290010.342535,0.0,0.0,0.00045519997365772724
1785290010.343197,0.0,0.0,0.00047555193305015564
1785290010.3438005,0.0,0.0,0.0004270400386303663
1785290010.3444,0.0,0.0,0.0004305599723011255
1785290010.345031,0.0,0.0,0.00044928002171218395
1785290010.3456266,0.0,0.0,0.0004242879804223776
1785290010.3462348,0.0,0.0,0.00043817609548568726
1785290010.3468451,0.0,0.0,0.0004404480569064617
1785290010.3475,0.0,0.0,0.00047705601900815964
1785290010.3481255,0.0,0.0,0.00044768000952899456
1785290010.3487368,0.0,0.0,0.00043929601088166237
1785290010.3493698,0.0,0.0,0.00045702396892011166
1785290010.3499837,0.0,0.0,0.0004414399154484272
1785290010.3505936,0.0,0.0,0.00043660798110067844
1785290010.351239,0.0,0.0,0.0004733121022582054
1785290010.351864,0.0,0.0,0.0004544320981949568
1785290010.3524868,0.0,0.0,0.00045001599937677383
1785290010.3530881,0.0,0.0,0.000427840044721961
1785290010.3537073,0.0,0.0,0.00044390419498085976
1785290010.3543146,0.0,0.0,0.00043420796282589436
1785290010.354913,0.0,0.0,0.0004345919005572796
1785290010.3555708,0.0,0.0,0.0004889601841568947
1785290010.356191,0.0,0.0,0.0004450881388038397
1785290010.3568053,0.0,0.0,0.0004419840406626463
1785290010.3574061,0.0,0.0,0.0004320000298321247
1785290010.3580127,0.0,0.0,0.0004362878389656544
1785290010.3586447,0.0,0.0,0.00044665602035820484
1785290010.3592803,0.0,0.0,0.00046265614219009876
1785290010.359905,0.0,0.0,0.00044921599328517914
1785290010.3605242,0.0,0.0,0.00044928002171218395
1785290010.361137,0.0,0.0,0.00043900799937546253
1785290010.3617477,0.0,0.0,0.00043996796011924744
1785290010.3623586,0.0,0.0,0.0004388480447232723
1785290010.3630037,0.0,0.0,0.0004452480934560299
1785290010.36365,0.0,0.0,0.0004503361415117979
1785290010.3642845,0.0,0.0,0.000447999918833375
1785290010.3648973,0.0,0.0,0.00043980800546705723
1785290010.365502,0.0,0.0,0.00043084798380732536
1785290010.3661304,0.0,0.0,0.0004561920650303364
1785290010.3667336,0.0,0.0,0.0004303359892219305
1785290010.3673718,0.0,0.0,0.0004659839905798435
1785290010.3679955,0.0,0.0,0.00044947187416255474
1785290010.3686051,0.0,0.0,0.0004340158775448799
1785290010.369227,0.0,0.0,0.00044444785453379154
1785290010.369858,0.0,0.0,0.0004477440379559994
1785290010.371237,0.0,0.0,0.0012151359114795923
1785290010.3719096,0.0,0.0,0.00048447982408106327
1785290010.3725662,0.0,0.0,0.0004730562213808298
1785290010.3732011,0.0,0.0,0.0004549119621515274
1785290010.3738265,0.0,0.0,0.00044860783964395523
1785290010.3744547,0.0,0.0,0.00045254407450556755
1785290010.3750749,0.0,0.0,0.0004459521733224392
1785290010.375722,0.0,0.0,0.0004491519648581743
1785290010.376343,0.0,0.0,0.0004510721191763878
1785290010.3769536,0.0,0.0,0.0004370240494608879
1785290010.3775635,0.0,0.0,0.00043955189175903797
1785290010.3781722,0.0,0.0,0.00043811206705868244
1785290010.3787787,0.0,0.0,0.00043759983964264393
1785290010.379423,0.0,0.0,0.0004780481103807688
1785290010.3800383,0.0,0.0,0.0004439039621502161
1785290010.3806472,0.0,0.0,0.0004402881022542715
1785290010.3812542,0.0,0.0,0.00043596792966127396
1785290010.3818574,0.0,0.0,0.0004314559046179056
1785290010.3824701,0.0,0.0,0.0004396799486130476
1785290010.383109,0.0,0.0,0.00044796778820455074
1785290010.3837414,0.0,0.0,0.0004487039986997843
1785290010.3843732,0.0,0.0,0.00045590405352413654
1785290010.3849764,0.0,0.0,0.0004385921638458967
1785290010.3855877,0.0,0.0,0.00043904013000428677
1785290010.3862195,0.0,0.0,0.0004406080115586519
1785290010.3868277,0.0,0.0,0.0004369600210338831
1785290010.3874686,0.0,0.0,0.00046649621799588203
1785290010.3880897,0.0,0.0,0.0004459198098629713
1785290010.3886974,0.0,0.0,0.0004361600149422884
1785290010.3892896,0.0,0.0,0.00042291218414902687
1785290010.3899121,0.0,0.0,0.0004523838870227337
1785290010.3905122,0.0,0.0,0.000436191912740469
1785290010.3911738,0.0,0.0,0.00046937610022723675
1785290010.3917913,0.0,0.0,0.0004388480447232723
1785290010.3923821,0.0,0.0,0.00042912014760077
1785290010.3929923,0.0,0.0,0.0004429440014064312
1785290010.3936033,0.0,0.0,0.00043414393439888954
1785290010.3942266,0.0,0.0,0.0004513280000537634
1785290010.3948498,0.0,0.0,0.0004498239140957594
1785290010.3954806,0.0,0.0,0.00045807985588908195
1785290010.396084,0.0,0.0,0.0004319041036069393
1785290010.396699,0.0,0.0,0.0004485438112169504
1785290010.3973103,0.0,0.0,0.00043929601088166237
1785290010.3979108,0.0,0.0,0.0004302719607949257
1785290010.3985054,0.0,0.0,0.00042518414556980133
1785290010.3991406,0.0,0.0,0.00046179210767149925
1785290010.3997586,0.0,0.0,0.0004465922247618437
1785290010.4003792,0.0,0.0,0.0004471999127417803
1785290010.4010003,0.0,0.0,0.00045414408668875694
1785290010.4016123,0.0,0.0,0.00044185598380863667
1785290010.4022295,0.0,0.0,0.00044560013338923454
1785290010.4028356,0.0,0.0,0.0004372799303382635
1785290010.4034626,0.0,0.0,0.0004575678613036871
1785290010.4040692,0.0,0.0,0.00043923198245465755
1785290010.404691,0.0,0.0,0.0004495680332183838
1785290010.4053316,0.0,0.0,0.000456447945907712
1785290010.405955,0.0,0.0,0.00044736010022461414
1785290010.4065766,0.0,0.0,0.00045030401088297367
1785290010.407236,0.0,0.0,0.00046540796756744385
1785290010.4078515,0.0,0.0,0.0004410881083458662
1785290010.408456,0.0,0.0,0.0004313599783927202
1785290010.4090662,0.0,0.0,0.00044019194319844246
1785290010.4096863,0.0,0.0,0.0004477440379559994
1785290010.4103124,0.0,0.0,0.0004524160176515579
1785290010.4109304,0.0,0.0,0.0004391039256006479
1785290010.4115677,0.0,0.0,0.0004511680454015732
1785290010.4121816,0.0,0.0,0.00044121616519987583
1785290010.4128,0.0,0.0,0.00044656009413301945
1785290010.4134252,0.0,0.0,0.00045180809684097767
1785290010.4140475,0.0,0.0,0.0004471039865165949
1785290010.4146574,0.0,0.0,0.00043414393439888954
1785290010.415309,0.0,0.0,0.00047817593440413475
1785290010.415933,0.0,0.0,0.00044953590258955956
1785290010.41652,0.0,0.0,0.0004187838640064001
1785290010.417145,0.0,0.0,0.00045388820581138134
1785290010.417768,0.0,0.0,0.00044896011240780354
1785290010.4183776,0.0,0.0,0.00043782382272183895
1785290010.4189818,0.0,0.0,0.00043465616181492805
1785290010.4196148,0.0,0.0,0.00044076796621084213
1785290010.420226,0.0,0.0,0.0004380799364298582
1785290010.4208121,0.0,0.0,0.00041644787415862083
1785290010.4214284,0.0,0.0,0.00044108787551522255
1785290010.4220448,0.0,0.0,0.0004391681868582964
1785290010.4226942,0.0,0.0,0.00045679998584091663
1785290010.4233708,0.0,0.0,0.0004887038376182318
1785290010.4239795,0.0,0.0,0.0004295678809285164
1785290010.4245844,0.0,0.0,0.0004339199513196945
1785290010.425192,0.0,0.0,0.000441503943875432
1785290010.4264836,0.0,0.0,0.0011173118837177753
1785290010.4271817,0.0,0.0,0.0005004159174859524
1785290010.4278119,0.0,0.0,0.00044707185588777065
1785290010.4284532,0.0,0.0,0.0004652158822864294
1785290010.4290717,0.0,0.0,0.0004414399154484272
1785290010.4296763,0.0,0.0,0.0004344319459050894
1785290010.4302843,0.0,0.0,0.00043667200952768326
1785290010.4308846,0.0,0.0,0.00042719999328255653
1785290010.4315243,0.0,0.0,0.00046627200208604336
1785290010.4321575,0.0,0.0,0.0004565119743347168
1785290010.4327703,0.0,0.0,0.00043907202780246735
1785290010.4333766,0.0,0.0,0.00043574394658207893
1785290010.4339938,0.0,0.0,0.00044585601426661015
1785290010.434612,0.0,0.0,0.00044611189514398575
1785290010.4352527,0.0,0.0,0.0004691199865192175
1785290010.4358737,0.0,0.0,0.0004462399519979954
1785290010.4364767,0.0,0.0,0.00042870407924056053
1785290010.4370778,0.0,0.0,0.0004304959438741207
1785290010.4376764,0.0,0.0,0.00042803213000297546
1785290010.4382808,0.0,0.0,0.00043228804133832455
1785290010.4388793,0.0,0.0,0.00042464002035558224
1785290010.4395084,0.0,0.0,0.00045836810022592545
1785290010.4401236,0.0,0.0,0.0004419200122356415
1785290010.4407375,0.0,0.0,0.0004447358660399914
1785290010.441349,0.0,0.0,0.0004408957902342081
1785290010.4419656,0.0,0.0,0.00044147204607725143
1785290010.4425647,0.0,0.0,0.00043004797771573067
1785290010.4431887,0.0,0.0,0.00045183999463915825
1785290010.4438128,0.0,0.0,0.0004487999249249697
1785290010.4444191,0.0,0.0,0.00043603195808827877
1785290010.4450471,0.0,0.0,0.0004436480812728405
1785290010.4456673,0.0,0.0,0.0004445440135896206
1785290010.446291,0.0,0.0,0.00045248004607856274
1785290010.446907,0.0,0.0,0.00044502411037683487
1785290010.4475334,0.0,0.0,0.0004532160237431526
1785290010.4481525,0.0,0.0,0.00044688000343739986
1785290010.44877,0.0,0.0,0.00044607999734580517
1785290010.4494028,0.0,0.0,0.0004537920467555523
1785290010.4500237,0.0,0.0,0.00044822390191257
1785290010.450616,0.0,0.0,0.0004236160311847925
1785290010.451244,0.0,0.0,0.00045718392357230186
1785290010.4518554,0.0,0.0,0.00044003198854625225
1785290010.452464,0.0,0.0,0.00043686386197805405
1785290010.4530735,0.0,0.0,0.00044076796621084213
1785290010.4536967,0.0,0.0,0.0004493438173085451
1785290010.4543157,0.0,0.0,0.00044304016046226025
1785290010.4549363,0.0,0.0,0.00043577607721090317
1785290010.455563,0.0,0.0,0.0004412480629980564
1785290010.4561822,0.0,0.0,0.0004499198403209448
1785290010.4567978,0.0,0.0,0.00044403201900422573
1785290010.457415,0.0,0.0,0.0004392322152853012
1785290010.4580405,0.0,0.0,0.00044854404404759407
1785290010.458656,0.0,0.0,0.00044169602915644646
1785290010.459298,0.0,0.0,0.0004694398958235979
1785290010.4599135,0.0,0.0,0.0004414080176502466
1785290010.4605236,0.0,0.0,0.00043843197636306286
1785290010.4611318,0.0,0.0,0.00043676793575286865
1785290010.4617438,0.0,0.0,0.0004401598125696182
1785290010.462341,0.0,0.0,0.00042636808939278126
1785290010.4629626,0.0,0.0,0.0004489920102059841
1785290010.463583,0.0,0.0,0.0004301760345697403
1785290010.4641914,0.0,0.0,0.0004376000724732876
1785290010.4648213,0.0,0.0,0.0004412159323692322
1785290010.4654274,0.0,0.0,0.0004319360014051199
1785290010.466044,0.0,0.0,0.0004404799547046423
1785290010.4666553,0.0,0.0,0.0004387840162962675
1785290010.4672832,0.0,0.0,0.0004569601733237505
1785290010.4678872,0.0,0.0,0.0004321599844843149
1785290010.468484,0.0,0.0,0.0004319041036069393
1785290010.4691017,0.0,0.0,0.00044768000952899456
1785290010.4696887,0.0,0.0,0.00042156782001256943
1785290010.4702845,0.0,0.0,0.00042611220851540565
1785290010.4709008,0.0,0.0,0.00044067203998565674
1785290010.4715388,0.0,0.0,0.0004651839844882488
1785290010.472148,0.0,0.0,0.00044009601697325706
1785290010.472749,0.0,0.0,0.0004306558985263109
1785290010.4733596,0.0,0.0,0.00044201617129147053
1785290010.4739919,0.0,0.0,0.00045430404134094715
1785290010.4746022,0.0,0.0,0.00043583987280726433
1785290010.475234,0.0,0.0,0.00046054390259087086
1785290010.475848,0.0,0.0,0.00043916795402765274
1785290010.4764614,0.0,0.0,0.0004428799729794264
1785290010.477057,0.0,0.0,0.00042230403050780296
1785290010.4776683,0.0,0.0,0.0004422080237418413
1785290010.4782782,0.0,0.0,0.0004376641009002924
1785290010.4788973,0.0,0.0,0.00044659199193120003
1785290010.4795423,0.0,0.0,0.00047049601562321186
1785290010.4801598,0.0,0.0,0.00044163200072944164
1785290010.480755,0.0,0.0,0.0004250560887157917
1785290010.4820566,0.0,0.0,0.00048732804134488106
1785290010.4826972,0.0,0.0,0.0004605120047926903
1785290010.4833639,0.0,0.0,0.0004916801117360592
1785290010.483974,0.0,0.0,0.0004295359831303358
1785290010.4845974,0.0,0.0,0.00044835195876657963
1785290010.4852152,0.0,0.0,0.0004442238714545965
1785290010.4858148,0.0,0.0,0.00043398397974669933
1785290010.4864268,0.0,0.0,0.0004378880839794874
1785290010.487079,0.0,0.0,0.00045328005217015743
1785290010.4877224,0.0,0.0,0.000449951970949769
1785290010.488348,0.0,0.0,0.00045286398380994797
1785290010.4889786,0.0,0.0,0.0004605760332196951
1785290010.489602,0.0,0.0,0.00044943997636437416
1785290010.4902196,0.0,0.0,0.00044416007585823536
1785290010.490825,0.0,0.0,0.0004326719790697098
1785290010.491444,0.0,0.0,0.00044406414963304996
1785290010.4920633,0.0,0.0,0.00045033590868115425
1785290010.4926772,0.0,0.0,0.0004411200061440468
1785290010.4933176,0.0,0.0,0.00046195206232368946
1785290010.4939463,0.0,0.0,0.00045344000682234764
1785290010.4945545,0.0,0.0,0.000436191912740469
1785290010.495193,0.0,0.0,0.00046665617264807224
1785290010.4958203,0.0,0.0,0.0004500478971749544
1785290010.496447,0.0,0.0,0.0004526718985289335
1785290010.4970737,0.0,0.0,0.00045433593913912773
1785290010.4977033,0.0,0.0,0.0004539201036095619
1785290010.498348,0.0,0.0,0.000464768148958683
1785290010.498968,0.0,0.0,0.00044473609887063503
1785290010.4996107,0.0,0.0,0.0004466881509870291
1785290010.5002265,0.0,0.0,0.0004451840650290251
1785290010.5008268,0.0,0.0,0.0004295678809285164
1785290010.5014384,0.0,0.0,0.0004412159323692322
1785290010.5020664,0.0,0.0,0.00045350403524935246
1785290010.5026898,0.0,0.0,0.0004462720826268196
1785290010.5033498,0.0,0.0,0.000468255952000618
1785290010.5039852,0.0,0.0,0.00044617592357099056
1785290010.5045993,0.0,0.0,0.00044377613812685013
1785290010.505216,0.0,0.0,0.00043993606232106686
1785290010.5058262,0.0,0.0,0.00043916795402765274
1785290010.506446,0.0,0.0,0.00044259196147322655
1785290010.5070639,0.0,0.0,0.00044275191612541676
1785290010.507731,0.0,0.0,0.0004672640934586525
1785290010.5083437,0.0,0.0,0.00044256006367504597
1785290010.5089538,0.0,0.0,0.00043849600479006767
1785290010.509557,0.0,0.0,0.0004303678870201111
1785290010.5101552,0.0,0.0,0.0004295038525015116
1785290010.510771,0.0,0.0,0.0004440639168024063
1785290010.5114086,0.0,0.0,0.00046332809142768383
1785290010.512022,0.0,0.0,0.00044092792086303234
1785290010.512642,0.0,0.0,0.00044614402577281
1785290010.5132718,0.0,0.0,0.0004543678369373083
1785290010.5138977,0.0,0.0,0.0004549759905785322
1785290010.5145013,0.0,0.0,0.00043324800208210945
1785290010.5151281,0.0,0.0,0.0004552321042865515
1785290010.5157564,0.0,0.0,0.00045023998245596886
1785290010.5163689,0.0,0.0,0.00044000009074807167
1785290010.5169797,0.0,0.0,0.00043587200343608856
1785290010.517596,0.0,0.0,0.0004411200061440468
1785290010.518215,0.0,0.0,0.00044783996418118477
1785290010.5188498,0.0,0.0,0.00044457591138780117
1785290010.5194886,0.0,0.0,0.0004673281218856573
1785290010.520099,0.0,0.0,0.00043251202441751957
1785290010.5207095,0.0,0.0,0.00043635210022330284
1785290010.5213132,0.0,0.0,0.00043075205758213997
1785290010.5219114,0.0,0.0,0.0004301120061427355
1785290010.522526,0.0,0.0,0.00043827202171087265
1785290010.523172,0.0,0.0,0.0004745279438793659
1785290010.5237978,0.0,0.0,0.00044179195538163185
1785290010.5244186,0.0,0.0,0.0004489279817789793
1785290010.5250432,0.0,0.0,0.00044928002171218395
1785290010.5256383,0.0,0.0,0.0004252800717949867
1785290010.526255,0.0,0.0,0.0004454080481082201
1785290010.52687,0.0,0.0,0.0004436480812728405
1785290010.5275226,0.0,0.0,0.00048233591951429844
1785290010.528134,0.0,0.0,0.000436415895819664
1785290010.5287588,0.0,0.0,0.0004469121340662241
1785290010.529374,0.0,0.0,0.0004405439831316471
1785290010.5299983,0.0,0.0,0.00045174406841397285
1785290010.530613,0.0,0.0,0.00044019194319844246
1785290010.5312464,0.0,0.0,0.00046358397230505943
1785290010.5318644,0.0,0.0,0.00043900799937546253
1785290010.5324903,0.0,0.0,0.0004491519648581743
1785290010.5331182,0.0,0.0,0.0004505279939621687
1785290010.533737,0.0,0.0,0.00044224015437066555
1785290010.534357,0.0,0.0,0.0004430720582604408
1785290010.534991,0.0,0.0,0.00044576008804142475
1785290010.5356302,0.0,0.0,0.00045107188634574413
1785290010.5369074,0.0,0.0,0.001097183907404542
1785290010.537551,0.0,0.0,0.0004534078761935234
1785290010.5381799,0.0,0.0,0.00044550420716404915
1785290010.5388072,0.0,0.0,0.00044527999125421047
1785290010.5394602,0.0,0.0,0.00047542410902678967
1785290010.5400772,0.0,0.0,0.0004401600454002619
1785290010.5407007,0.0,0.0,0.00044825603254139423
1785290010.5413125,0.0,0.0,0.0004387199878692627
1785290010.541917,0.0,0.0,0.0004311678931117058
1785290010.5425398,0.0,0.0,0.00044947187416255474
1785290010.5431864,0.0,0.0,0.00046559982001781464
1785290010.5438058,0.0,0.0,0.0004406718071550131
1785290010.544418,0.0,0.0,0.00044108787551522255
1785290010.5450428,0.0,0.0,0.0004376000724732876
1785290010.545664,0.0,0.0,0.0004503361415117979
1785290010.546297,0.0,0.0,0.0004558397922664881
1785290010.5469162,0.0,0.0,0.0004471999127417803
1785290010.547576,0.0,0.0,0.0004885760135948658
1785290010.5481992,0.0,0.0,0.00044912006705999374
1785290010.5488138,0.0,0.0,0.000441279960796237
1785290010.549432,0.0,0.0,0.000447648111730814
1785290010.550059,0.0,0.0,0.00045199994929134846
1785290010.5506697,0.0,0.0,0.00044371187686920166
1785290010.55134,0.0,0.0,0.00048054405488073826
1785290010.5519683,0.0,0.0,0.00045542395673692226
1785290010.5525944,0.0,0.0,0.00045030401088297367
1785290010.5532048,0.0,0.0,0.0004350082017481327
1785290010.553826,0.0,0.0,0.00044771190732717514
1785290010.5544403,0.0,0.0,0.0004419840406626463
1785290010.5550568,0.0,0.0,0.0004396799486130476
1785290010.5557096,0.0,0.0,0.00045587215572595596
1785290010.5563486,0.0,0.0,0.0004601278342306614
1785290010.556982,0.0,0.0,0.00045507214963436127
1785290010.557606,0.0,0.0,0.0004480639472603798
1785290010.5582232,0.0,0.0,0.00044019194319844246
1785290010.5588465,0.0,0.0,0.00045001599937677383
1785290010.5594838,0.0,0.0,0.00046319980174303055
1785290010.5600803,0.0,0.0,0.00042799999937415123
1785290010.5607076,0.0,0.0,0.00045350403524935246
1785290010.5613205,0.0,0.0,0.0004408641252666712
1785290010.5619411,0.0,0.0,0.0004488960839807987
1785290010.5625587,0.0,0.0,0.00044569605961441994
1785290010.563184,0.0,0.0,0.0004559359513223171
1785290010.5637867,0.0,0.0,0.0004283520393073559
1785290010.5643864,0.0,0.0,0.0004283520393073559
1785290010.5650003,0.0,0.0,0.0004416641313582659
1785290010.565608,0.0,0.0,0.0004327360074967146
1785290010.5662186,0.0,0.0,0.0004460480995476246
1785290010.566818,0.0,0.0,0.000431551830843091
1785290010.567487,0.0,0.0,0.0004775999113917351
1785290010.5681007,0.0,0.0,0.0004399681929498911
1785290010.5687141,0.0,0.0,0.00044441595673561096
1785290010.5693266,0.0,0.0,0.00043683196417987347
1785290010.56995,0.0,0.0,0.0004503680393099785
1785290010.5705755,0.0,0.0,0.0004531200975179672
1785290010.5712094,0.0,0.0,0.00046627200208604336
1785290010.5718184,0.0,0.0,0.0004383041523396969
1785290010.5724392,0.0,0.0,0.00045103998854756355
1785290010.5730581,0.0,0.0,0.00044419197365641594
1785290010.573666,0.0,0.0,0.0004350082017481327
1785290010.5742738,0.0,0.0,0.00043676793575286865
1785290010.5748925,0.0,0.0,0.0004438720643520355
1785290010.575531,0.0,0.0,0.0004674559459090233
1785290010.5761588,0.0,0.0,0.00044851191341876984
1785290010.5767753,0.0,0.0,0.0004391039256006479
1785290010.5773773,0.0,0.0,0.00043737608939409256
1785290010.5779908,0.0,0.0,0.00043929601088166237
1785290010.5786152,0.0,0.0,0.00045254407450556755
1785290010.5792499,0.0,0.0,0.000463391887024045
1785290010.579854,0.0,0.0,0.00043324800208210945
1785290010.5804634,0.0,0.0,0.0004414399154484272
1785290010.5810583,0.0,0.0,0.00042803213000297546
1785290010.5816631,0.0,0.0,0.0004310719668865204
1785290010.5822663,0.0,0.0,0.0004334719851613045
1785290010.5828898,0.0,0.0,0.0004405439831316471
1785290010.5835545,0.0,0.0,0.0004811838734894991
1785290010.5842233,0.0,0.0,0.00042841583490371704
1785290010.5848448,0.0,0.0,0.0004471039865165949
1785290010.5854747,0.0,0.0,0.0004539201036095619
1785290010.5860791,0.0,0.0,0.0004326400812715292
1785290010.5867066,0.0,0.0,0.00044947187416255474
1785290010.5873582,0.0,0.0,0.0004738881252706051
1785290010.5879874,0.0,0.0,0.0004521280061453581
1785290010.58862,0.0,0.0,0.0004539520014077425
1785290010.5892348,0.0,0.0,0.0004410881083458662
1785290010.5898597,0.0,0.0,0.00044976011849939823
1785290010.5904725,0.0,0.0,0.00043763197027146816
1785290010.5910823,0.0,0.0,0.0004344319459050894
1785290010.5924537,0.0,0.0,0.0005016960203647614
1785290010.5931075,0.0,0.0,0.0004623360000550747
1785290010.5937386,0.0,0.0,0.00045436806976795197
1785290010.5943725,0.0,0.0,0.000460031908005476
1785290010.5949976,0.0,0.0,0.0004455680027604103
1785290010.5956302,0.0,0.0,0.0004296000115573406
1785290010.5962434,0.0,0.0,0.0004403200000524521
1785290010.59686,0.0,0.0,0.0004428161773830652
1785290010.5974782,0.0,0.0,0.0004441279452294111
1785290010.598109,0.0,0.0,0.0004565119743347168
1785290010.5987244,0.0,0.0,0.00044361595064401627
1785290010.5994134,0.0,0.0,0.0004705921746790409
1785290010.6000302,0.0,0.0,0.00044441595673561096
1785290010.6006372,0.0,0.0,0.00043679983355104923
1785290010.601243,0.0,0.0,0.0004319678992033005
1785290010.6018584,0.0,0.0,0.00044227205216884613
1785290010.6024628,0.0,0.0,0.0004306561313569546
1785290010.6030874,0.0,0.0,0.00044854404404759407
1785290010.6037116,0.0,0.0,0.000438143964856863
1785290010.6043305,0.0,0.0,0.00044649606570601463
1785290010.6049464,0.0,0.0,0.00044291187077760696
1785290010.6055572,0.0,0.0,0.00042697577737271786
1785290010.606164,0.0,0.0,0.0004360959865152836
1785290010.6067739,0.0,0.0,0.00043788785114884377
1785290010.6074202,0.0,0.0,0.00048278411850333214
1785290010.6080463,0.0,0.0,0.000449504004791379
1785290010.6086643,0.0,0.0,0.0004465279635041952
1785290010.609287,0.0,0.0,0.0004467838443815708
1785290010.6098938,0.0,0.0,0.000436288071796298
1785290010.6104958,0.0,0.0,0.0004313599783927202
1785290010.6111276,0.0,0.0,0.0004573438782244921
1785290010.6117284,0.0,0.0,0.000427840044721961
1785290010.612345,0.0,0.0,0.00044156797230243683
1785290010.6129646,0.0,0.0,0.00044681597501039505
1785290010.613577,0.0,0.0,0.00044115190394222736
1785290010.6141837,0.0,0.0,0.00043747201561927795
1785290010.6147978,0.0,0.0,0.0004423679783940315
1785290010.6154387,0.0,0.0,0.00045708799734711647
1785290010.616054,0.0,0.0,0.00044425600208342075
1785290010.6166651,0.0,0.0,0.0004362240433692932
1785290010.617283,0.0,0.0,0.0004421120975166559
1785290010.6178925,0.0,0.0,0.000438047805801034
1785290010.6184912,0.0,0.0,0.00042790407314896584
1785290010.6191294,0.0,0.0,0.0004623360000550747
1785290010.6197681,0.0,0.0,0.000454592052847147
1785290010.6203935,0.0,0.0,0.00044937594793736935
1785290010.6210206,0.0,0.0,0.00045193592086434364
1785290010.621624,0.0,0.0,0.0004311678931117058
1785290010.6222305,0.0,0.0,0.0004357758443802595
1785290010.6228445,0.0,0.0,0.0004395840223878622
1785290010.6234736,0.0,0.0,0.0004574079066514969
1785290010.6241117,0.0,0.0,0.00046547199599444866
1785290010.6247349,0.0,0.0,0.00044067203998565674
1785290010.6253586,0.0,0.0,0.00044595194049179554
1785290010.6259665,0.0,0.0,0.0004365118220448494
1785290010.6265924,0.0,0.0,0.0004528961144387722
1785290010.627243,0.0,0.0,0.00047497591003775597
1785290010.6278508,0.0,0.0,0.0004306877963244915
1785290010.628449,0.0,0.0,0.00042921584099531174
1785290010.6290576,0.0,0.0,0.0004363839980214834
1785290010.6296413,0.0,0.0,0.00041020801290869713
1785290010.6302369,0.0,0.0,0.0004252800717949867
1785290010.6308477,0.0,0.0,0.0004399039316922426
1785290010.631489,0.0,0.0,0.00046681612730026245
1785290010.6320953,0.0,0.0,0.0004352640826255083
1785290010.6327143,0.0,0.0,0.00044761598110198975
1785290010.6333284,0.0,0.0,0.0004368000663816929
1785290010.6339464,0.0,0.0,0.0004471680149435997
1785290010.6345513,0.0,0.0,0.00043222401291131973
1785290010.635182,0.0,0.0,0.0004622081760317087
1785290010.6357973,0.0,0.0,0.0004480639472603798
1785290010.6364138,0.0,0.0,0.0004437121096998453
1785290010.6370175,0.0,0.0,0.0004291520453989506
1785290010.6376479,0.0,0.0,0.0004566400311887264
1785290010.6382625,0.0,0.0,0.00044278381392359734
1785290010.638878,0.0,0.0,0.0004420159384608269
1785290010.6395023,0.0,0.0,0.0004555201157927513
1785290010.640108,0.0,0.0,0.00043468805961310863
1785290010.6407263,0.0,0.0,0.00044432003051042557
1785290010.6413507,0.0,0.0,0.0004447679966688156
1785290010.641957,0.0,0.0,0.0004319678992033005
1785290010.642567,0.0,0.0,0.0004344640765339136
1785290010.6432045,0.0,0.0,0.0004641599953174591
1785290010.643808,0.0,0.0,0.0004325441550463438
1785290010.6444426,0.0,0.0,0.00044601596891880035
1785290010.64506,0.0,0.0,0.000442784046754241
1785290010.6456687,0.0,0.0,0.00043318397365510464
1785290010.6462893,0.0,0.0,0.00044620782136917114
1785290010.6476405,0.0,0.0,0.0011572481598705053
1785290010.6482823,0.0,0.0,0.0004544318653643131
1785290010.64891,0.0,0.0,0.0004496960900723934
1785290010.6495395,0.0,0.0,0.00044992007315158844
1785290010.6501732,0.0,0.0,0.0004557759966701269
1785290010.6507866,0.0,0.0,0.000441503943875432
1785290010.6514537,0.0,0.0,0.0004913921002298594
1785290010.6520777,0.0,0.0,0.0004449279513210058
1785290010.6526935,0.0,0.0,0.00044256006367504597
1785290010.6533217,0.0,0.0,0.00045088003389537334
1785290010.6539283,0.0,0.0,0.0004359357990324497
1785290010.6545477,0.0,0.0,0.0004493438173085451
1785290010.655168,0.0,0.0,0.000448447884991765
1785290010.65578,0.0,0.0,0.00043132808059453964
1785290010.6563928,0.0,0.0,0.0004407358355820179
1785290010.6570003,0.0,0.0,0.0004339199513196945
1785290010.657611,0.0,0.0,0.0004388799425214529
1785290010.6582298,0.0,0.0,0.000449504004791379
1785290010.6588454,0.0,0.0,0.0004441279452294111
1785290010.6594975,0.0,0.0,0.0004852800630033016
1785290010.660122,0.0,0.0,0.0004439998883754015
1785290010.660735,0.0,0.0,0.0004421439953148365
1785290010.6613467,0.0,0.0,0.0004388799425214529
1785290010.6619427,0.0,0.0,0.0004279359709471464
1785290010.6625376,0.0,0.0,0.00042652804404497147
1785290010.6631987,0.0,0.0,0.0004742080345749855
1785290010.6638348,0.0,0.0,0.00046268803998827934
1785290010.6644545,0.0,0.0,0.00044924812391400337
1785290010.6650867,0.0,0.0,0.00044345599599182606
1785290010.6657166,0.0,0.0,0.0004554560873657465
1785290010.6663315,0.0,0.0,0.000441503943875432
1785290010.6669428,0.0,0.0,0.00043660798110067844
1785290010.6675687,0.0,0.0,0.0004397439770400524
1785290010.668201,0.0,0.0,0.000461312010884285
1785290010.668812,0.0,0.0,0.0004399039316922426
1785290010.669414,0.0,0.0,0.00043219211511313915
1785290010.670018,0.0,0.0,0.0004383041523396969
1785290010.670621,0.0,0.0,0.00043270387686789036
1785290010.6712701,0.0,0.0,0.0004777598660439253
1785290010.6718707,0.0,0.0,0.0004304000176489353
1785290010.6724784,0.0,0.0,0.0004363839980214834
1785290010.6731036,0.0,0.0,0.00044896011240780354
1785290010.673727,0.0,0.0,0.000451807864010334
1785290010.6743329,0.0,0.0,0.00043427199125289917
1785290010.67494,0.0,0.0,0.00043651205487549305
1785290010.6755896,0.0,0.0,0.00045948801562190056
1785290010.6762156,0.0,0.0,0.00044902414083480835
1785290010.676834,0.0,0.0,0.00044924812391400337
1785290010.677461,0.0,0.0,0.00045295991003513336
1785290010.678095,0.0,0.0,0.0004557438660413027
1785290010.6787229,0.0,0.0,0.00045030377805233
1785290010.6793742,0.0,0.0,0.00046857609413564205
1785290010.6800036,0.0,0.0,0.00045513594523072243
1785290010.680623,0.0,0.0,0.00044748815707862377
1785290010.6812375,0.0,0.0,0.00044179195538163185
1785290010.6818564,0.0,0.0,0.0004473919980227947
1785290010.6824648,0.0,0.0,0.00043795211240649223
1785290010.68309,0.0,0.0,0.00044876779429614544
1785290010.6837304,0.0,0.0,0.0004479039926081896
1785290010.684354,0.0,0.0,0.0004413439892232418
1785290010.684971,0.0,0.0,0.0004403200000524521
1785290010.685586,0.0,0.0,0.0004414718132466078
1785290010.6862035,0.0,0.0,0.0004447358660399914
1785290010.6868117,0.0,0.0,0.00043702381663024426
1785290010.6874762,0.0,0.0,0.0004950400907546282
1785290010.688089,0.0,0.0,0.0004441281780600548
1785290010.6886969,0.0,0.0,0.0004379840102046728
1785290010.6893046,0.0,0.0,0.0004370240494608879
1785290010.689943,0.0,0.0,0.0004619201645255089
1785290010.6905553,0.0,0.0,0.00043907202780246735
1785290010.6911888,0.0,0.0,0.00046236789785325527
1785290010.6918035,0.0,0.0,0.0004419200122356415
1785290010.6924148,0.0,0.0,0.00044211186468601227
1785290010.6930313,0.0,0.0,0.0004437440074980259
1785290010.6936338,0.0,0.0,0.0004325441550463438
1785290010.6942573,0.0,0.0,0.00045030401088297367
1785290010.6948435,0.0,0.0,0.0004135039635002613
1785290010.6954868,0.0,0.0,0.00047001615166664124
1785290010.6960928,0.0,0.0,0.0004368000663816929
1785290010.6966908,0.0,0.0,0.0004275520332157612
1785290010.6972873,0.0,0.0,0.000425887992605567
1785290010.6978936,0.0,0.0,0.00043411203660070896
1785290010.698494,0.0,0.0,0.000427392078563571
1785290010.6991181,0.0,0.0,0.0004522879607975483
1785290010.6997254,0.0,0.0,0.00043276790529489517
1785290010.7003434,0.0,0.0,0.0004419840406626463
1785290010.7009532,0.0,0.0,0.0004386240616440773
1785290010.7015607,0.0,0.0,0.0004419521428644657
1785290010.702879,0.0,0.0,0.00047958409413695335
1785290010.703545,0.0,0.0,0.000483520096167922
1785290010.7041504,0.0,0.0,0.00042639998719096184
1785290010.7047508,0.0,0.0,0.0004237438552081585
1785290010.7053716,0.0,0.0,0.0004412480629980564
1785290010.705983,0.0,0.0,0.00043548806570470333
1785290010.706594,0.0,0.0,0.0004386880900710821
1785290010.7072334,0.0,0.0,0.00046364800073206425
1785290010.707843,0.0,0.0,0.0004368959926068783
1785290010.7084408,0.0,0.0,0.00042681582272052765
1785290010.7090406,0.0,0.0,0.00042934389784932137
1785290010.7096438,0.0,0.0,0.00043030385859310627
1785290010.7102513,0.0,0.0,0.00043321610428392887
1785290010.7108653,0.0,0.0,0.00044195191003382206
1785290010.7115023,0.0,0.0,0.00045328005217015743
1785290010.71211,0.0,0.0,0.0004357441794127226
1785290010.712735,0.0,0.0,0.0004453440196812153
1785290010.7133577,0.0,0.0,0.000446368008852005
1785290010.7139676,0.0,0.0,0.0004376000724732876
1785290010.7145753,0.0,0.0,0.0004336000420153141
1785290010.71521,0.0,0.0,0.00046668783761560917
1785290010.715811,0.0,0.0,0.00043788785114884377
1785290010.7164235,0.0,0.0,0.00044617592357099056
1785290010.7170367,0.0,0.0,0.00044259196147322655
1785290010.7176452,0.0,0.0,0.0004344640765339136
1785290010.7182672,0.0,0.0,0.00044873589649796486
1785290010.71889,0.0,0.0,0.00044678407721221447
1785290010.7195213,0.0,0.0,0.00045862398110330105
1785290010.7201357,0.0,0.0,0.0004411200061440468
1785290010.720753,0.0,0.0,0.0004458238836377859
1785290010.7213686,0.0,0.0,0.0004447039682418108
1785290010.72197,0.0,0.0,0.00043315207585692406
1785290010.7225707,0.0,0.0,0.00042758393101394176
1785290010.7231991,0.0,0.0,0.00046038394793868065
1785290010.7238135,0.0,0.0,0.00044169602915644646
1785290010.724425,0.0,0.0,0.0004364799242466688
1785290010.7250342,0.0,0.0,0.0004379518795758486
1785290010.725638,0.0,0.0,0.000430976040661335
1785290010.7262318,0.0,0.0,0.0004285441245883703
1785290010.726849,0.0,0.0,0.0004348801448941231
1785290010.727504,0.0,0.0,0.0004808960948139429
1785290010.7281258,0.0,0.0,0.00044579198583960533
1785290010.7287433,0.0,0.0,0.0004466881509870291
1785290010.729366,0.0,0.0,0.0004431039560586214
1785290010.7299798,0.0,0.0,0.00044912006705999374
1785290010.73059,0.0,0.0,0.0004378559533506632
1785290010.7312248,0.0,0.0,0.00046579213812947273
1785290010.7318323,0.0,0.0,0.000434560002759099
1785290010.7324429,0.0,0.0,0.0004415358416736126
1785290010.7330556,0.0,0.0,0.00043507199734449387
1785290010.7336562,0.0,0.0,0.00043049617670476437
1785290010.734265,0.0,0.0,0.00043984013609588146
1785290010.734868,0.0,0.0,0.0004394880961626768
1785290010.73549,0.0,0.0,0.0004509119316935539
1785290010.7361274,0.0,0.0,0.0004591038450598717
1785290010.736756,0.0,0.0,0.00044921599328517914
1785290010.737382,0.0,0.0,0.00044748815707862377
1785290010.7380311,0.0,0.0,0.0004664959851652384
1785290010.7386684,0.0,0.0,0.0004534719046205282
1785290010.739302,0.0,0.0,0.0004575359635055065
1785290010.739931,0.0,0.0,0.000451232073828578
1785290010.740583,0.0,0.0,0.00047241593711078167
1785290010.7411978,0.0,0.0,0.0004416641313582659
1785290010.7418208,0.0,0.0,0.00044838408939540386
1785290010.7424366,0.0,0.0,0.00044524786062538624
1785290010.7430563,0.0,0.0,0.0004372477997094393
1785290010.7436898,0.0,0.0,0.00043932790867984295
1785290010.7443316,0.0,0.0,0.00046547199599444866
1785290010.744946,0.0,0.0,0.00043830391950905323
1785290010.745558,0.0,0.0,0.00043852790258824825
1785290010.7461872,0.0,0.0,0.0004536961205303669
1785290010.746791,0.0,0.0,0.0004298561252653599
1785290010.7474227,0.0,0.0,0.000458399998024106
1785290010.748033,0.0,0.0,0.0004379840102046728
1785290010.748644,0.0,0.0,0.000441279960796237
1785290010.7492588,0.0,0.0,0.0004402881022542715
1785290010.7498674,0.0,0.0,0.0004384000785648823
1785290010.7504787,0.0,0.0,0.0004411840345710516
1785290010.7511084,0.0,0.0,0.00045494409278035164
1785290010.7517436,0.0,0.0,0.00045532803051173687
1785290010.7523742,0.0,0.0,0.0004557759966701269
1785290010.7530036,0.0,0.0,0.00045273592695593834
1785290010.753641,0.0,0.0,0.0004642559215426445
1785290010.7542732,0.0,0.0,0.0004592000041157007
1785290010.7548754,0.0,0.0,0.0004337599966675043
1785290010.7555218,0.0,0.0,0.00046710390597581863
1785290010.7561522,0.0,0.0,0.0004516479093581438
1785290010.756757,0.0,0.0,0.0004332801327109337
1785290010.7581737,0.0,0.0,0.0012421761639416218
1785290010.7588027,0.0,0.0,0.0004370240494608879
1785290010.7594602,0.0,0.0,0.000481792027130723
1785290010.7600772,0.0,0.0,0.0004422399215400219
1785290010.7606988,0.0,0.0,0.0004459838382899761
1785290010.7613266,0.0,0.0,0.00045289588160812855
1785290010.7619524,0.0,0.0,0.0004546560812741518
1785290010.7625701,0.0,0.0,0.00044992007315158844
1785290010.7632015,0.0,0.0,0.00045622396282851696
1785290010.7638175,0.0,0.0,0.0004452161956578493
1785290010.764429,0.0,0.0,0.00043788785114884377
1785290010.7650518,0.0,0.0,0.00044000009074807167
1785290010.7656558,0.0,0.0,0.0004344000481069088
1785290010.7662797,0.0,0.0,0.00045244814828038216
1785290010.7668934,0.0,0.0,0.00044012791477143764
1785290010.7675138,0.0,0.0,0.00044620782136917114
1785290010.7681258,0.0,0.0,0.0004436799790710211
1785290010.7687356,0.0,0.0,0.0004401600454002619
1785290010.76935,0.0,0.0,0.00044281594455242157
1785290010.7699711,0.0,0.0,0.0004487680271267891
1785290010.770585,0.0,0.0,0.0004448320250958204
1785290010.7712152,0.0,0.0,0.0004608319140970707
1785290010.7718449,0.0,0.0,0.0004540160298347473
1785290010.7724557,0.0,0.0,0.00043820799328386784
1785290010.773076,0.0,0.0,0.00044755195267498493
1785290010.7736971,0.0,0.0,0.00044480012729763985
1785290010.7743075,0.0,0.0,0.00044169602915644646
1785290010.7749274,0.0,0.0,0.00044729607179760933
1785290010.7755907,0.0,0.0,0.0004552318714559078
1785290010.7761981,0.0,0.0,0.0004365441855043173
1785290010.7768078,0.0,0.0,0.0004369600210338831
1785290010.7774112,0.0,0.0,0.0004333760589361191
1785290010.7780197,0.0,0.0,0.000437695998698473
1785290010.7786174,0.0,0.0,0.0004270400386303663
1785290010.7792497,0.0,0.0,0.0004659518599510193
1785290010.7798665,0.0,0.0,0.0004453440196812153
1785290010.780468,0.0,0.0,0.0004403840284794569
1785290010.7810674,0.0,0.0,0.0004277760162949562
1785290010.7816846,0.0,0.0,0.00044521596282720566
1785290010.782293,0.0,0.0,0.00043318397365510464
1785290010.782895,0.0,0.0,0.0004249280318617821
1785290010.7835314,0.0,0.0,0.00046585616655647755
1785290010.784134,0.0,0.0,0.00043120002374053
1785290010.784762,0.0,0.0,0.00044473609887063503
1785290010.7853675,0.0,0.0,0.00043587200343608856
1785290010.7859757,0.0,0.0,0.0004396799486130476
1785290010.7865899,0.0,0.0,0.00043830391950905323
1785290010.787234,0.0,0.0,0.0004683199804276228
1785290010.7878523,0.0,0.0,0.00044800015166401863
1785290010.78847,0.0,0.0,0.0004454720765352249
1785290010.7890851,0.0,0.0,0.0004446720704436302
1785290010.789694,0.0,0.0,0.00043775979429483414
1785290010.7903228,0.0,0.0,0.0004595518112182617
1785290010.7909458,0.0,0.0,0.0004384641069918871
1785290010.7915947,0.0,0.0,0.0004665919113904238
1785290010.7922401,0.0,0.0,0.0004713281523436308
1785290010.7928715,0.0,0.0,0.0004574400372803211
1785290010.7934654,0.0,0.0,0.0004242879804223776
1785290010.794078,0.0,0.0,0.00044256006367504597
1785290010.7946863,0.0,0.0,0.00043833605013787746
1785290010.795321,0.0,0.0,0.0004658880643546581
1785290010.7959177,0.0,0.0,0.0004238078836351633
1785290010.7965195,0.0,0.0,0.0004312959499657154
1785290010.797205,0.0,0.0,0.000450079794973135
1785290010.7978194,0.0,0.0,0.0004410881083458662
1785290010.798424,0.0,0.0,0.00043331203050911427
1785290010.7990432,0.0,0.0,0.000449504004791379
1785290010.799673,0.0,0.0,0.0004359041340649128
1785290010.8002763,0.0,0.0,0.00044006388634443283
1785290010.8008807,0.0,0.0,0.0004322559107095003
1785290010.8015084,0.0,0.0,0.0004574079066514969
1785290010.8021233,0.0,0.0,0.0004395840223878622
1785290010.802734,0.0,0.0,0.0004385600332170725
1785290010.8033915,0.0,0.0,0.0004845759831368923
1785290010.804021,0.0,0.0,0.0004405439831316471
1785290010.8046396,0.0,0.0,0.00044527999125421047
1785290010.8052485,0.0,0.0,0.0004355839919298887
1785290010.805847,0.0,0.0,0.0004298877902328968
1785290010.8064623,0.0,0.0,0.0004474238958209753
1785290010.8071368,0.0,0.0,0.00047936011105775833
1785290010.807763,0.0,0.0,0.00044185598380863667
1785290010.8083549,0.0,0.0,0.00041542411781847477
1785290010.8090012,0.0,0.0,0.00046787201426923275
1785290010.8096147,0.0,0.0,0.00044307182542979717
1785290010.8102705,0.0,0.0,0.00047286413609981537
1785290010.8108997,0.0,0.0,0.000457952031865716
1785290010.8115537,0.0,0.0,0.0004821119364351034
1785290010.8128817,0.0,0.0,0.0011506560258567333
1785290010.8135412,0.0,0.0,0.0004702399019151926
1785290010.81418,0.0,0.0,0.00046153599396348
1785290010.8147874,0.0,0.0,0.0004355839919298887
1785290010.8154216,0.0,0.0,0.0004638400860130787
1785290010.8160388,0.0,0.0,0.0004430720582604408
1785290010.816649,0.0,0.0,0.00044003198854625225
1785290010.8172822,0.0,0.0,0.00045926403254270554
1785290010.8179066,0.0,0.0,0.0004523519892245531
1785290010.8185098,0.0,0.0,0.00043062400072813034
1785290010.8191411,0.0,0.0,0.00045843212865293026
1785290010.8197517,0.0,0.0,0.00043846387416124344
1785290010.8203707,0.0,0.0,0.0004499198403209448
1785290010.820983,0.0,0.0,0.00043779192492365837
1785290010.8215973,0.0,0.0,0.0004427200183272362
1785290010.822211,0.0,0.0,0.00043923198245465755
1785290010.8228242,0.0,0.0,0.0004446080420166254
1785290010.8234732,0.0,0.0,0.00047532818280160427
1785290010.8240895,0.0,0.0,0.0004386240616440773
1785290010.8247175,0.0,0.0,0.00045766402035951614
1785290010.8253462,0.0,0.0,0.00043491204269230366
1785290010.8259425,0.0,0.0,0.00043238396756350994
1785290010.8265305,0.0,0.0,0.0004249280318617821
1785290010.8271499,0.0,0.0,0.0004509119316935539
1785290010.827761,0.0,0.0,0.0004395840223878622
1785290010.8283665,0.0,0.0,0.00043644802644848824
1785290010.8289757,0.0,0.0,0.00043804803863167763
1785290010.8295777,0.0,0.0,0.00042745587415993214
1785290010.8302152,0.0,0.0,0.0004608000162988901
1785290010.8308442,0.0,0.0,0.0004530239384621382
1785290010.831474,0.0,0.0,0.00045596808195114136
1785290010.8320706,0.0,0.0,0.00043561612255871296
1785290010.8326757,0.0,0.0,0.000430976040661335
1785290010.8332803,0.0,0.0,0.0004388480447232723
1785290010.833904,0.0,0.0,0.00045484816655516624
1785290010.8345392,0.0,0.0,0.0004592000041157007
1785290010.8352087,0.0,0.0,0.0004950719885528088
1785290010.835823,0.0,0.0,0.0004387199878692627
1785290010.8364325,0.0,0.0,0.000437919981777668
1785290010.8370311,0.0,0.0,0.00042399996891617775
1785290010.8376453,0.0,0.0,0.0004429758992046118
1785290010.8382566,0.0,0.0,0.00044268788769841194
1785290010.8388727,0.0,0.0,0.00044649606570601463
1785290010.8395314,0.0,0.0,0.00047289603389799595
1785290010.8401535,0.0,0.0,0.0004466881509870291
1785290010.8407717,0.0,0.0,0.00044352002441883087
1785290010.8413725,0.0,0.0,0.0004356801509857178
1785290010.8419847,0.0,0.0,0.0004418240860104561
1785290010.8425944,0.0,0.0,0.00043468805961310863
1785290010.8432348,0.0,0.0,0.0004721281584352255
1785290010.8438494,0.0,0.0,0.000444288132712245
1785290010.8444657,0.0,0.0,0.000437919981777668
1785290010.845116,0.0,0.0,0.0004605120047926903
1785290010.8457406,0.0,0.0,0.0004504320677369833
1785290010.8463573,0.0,0.0,0.00044720014557242393
1785290010.8469691,0.0,0.0,0.0004411840345710516
1785290010.8476028,0.0,0.0,0.00044521596282720566
1785290010.8482187,0.0,0.0,0.00044675194658339024
1785290010.8488307,0.0,0.0,0.0004418240860104561
1785290010.8494604,0.0,0.0,0.00046099210157990456
1785290010.8500803,0.0,0.0,0.00044678407721221447
1785290010.8506818,0.0,0.0,0.0004253759980201721
1785290010.8513112,0.0,0.0,0.0004573760088533163
1785290010.851944,0.0,0.0,0.00045868800953030586
1785290010.8525615,0.0,0.0,0.0004455680027604103
1785290010.8531864,0.0,0.0,0.000453439773991704
1785290010.8538015,0.0,0.0,0.00043888017535209656
1785290010.8544025,0.0,0.0,0.000427967868745327
1785290010.855017,0.0,0.0,0.00042982399463653564
1785290010.8556523,0.0,0.0,0.000447648111730814
1785290010.8562667,0.0,0.0,0.00043955189175903797
1785290010.856882,0.0,0.0,0.0004403840284794569
1785290010.8575416,0.0,0.0,0.00046035205014050007
1785290010.8581576,0.0,0.0,0.00043939193710684776
1785290010.8587883,0.0,0.0,0.0004516798071563244
1785290010.8594122,0.0,0.0,0.00045244814828038216
1785290010.8600223,0.0,0.0,0.0004385281354188919
1785290010.8606431,0.0,0.0,0.0004471680149435997
1785290010.8612583,0.0,0.0,0.00044505600817501545
1785290010.8618834,0.0,0.0,0.000460031908005476
1785290010.8624966,0.0,0.0,0.0004363199695944786
1785290010.8631256,0.0,0.0,0.000456096138805151
1785290010.8637557,0.0,0.0,0.00044748815707862377
1785290010.8644035,0.0,0.0,0.0004540479276329279
1785290010.8650198,0.0,0.0,0.0004396799486130476
1785290010.8656359,0.0,0.0,0.0004463361110538244
1785290010.8662496,0.0,0.0,0.00044249603524804115
1785290010.8668575,0.0,0.0,0.00043292809277772903
1785290010.8681595,0.0,0.0,0.0011280961334705353
1785290010.868812,0.0,0.0,0.0004637441597878933
1785290010.8694518,0.0,0.0,0.0004605760332196951
1785290010.8700814,0.0,0.0,0.0004525119438767433
1785290010.8707163,0.0,0.0,0.00045558391138911247
1785290010.87137,0.0,0.0,0.00047513609752058983
1785290010.8720255,0.0,0.0,0.00045683211646974087
1785290010.8726676,0.0,0.0,0.0004687998443841934
1785290010.8733065,0.0,0.0,0.0004591359756886959
1785290010.873933,0.0,0.0,0.00044988817535340786
1785290010.8745477,0.0,0.0,0.0004431998822838068
1785290010.875184,0.0,0.0,0.0004650878254324198
1785290010.875803,0.0,0.0,0.00044163200072944164
1785290010.8764074,0.0,0.0,0.0004338240250945091
1785290010.8770235,0.0,0.0,0.0004424958024173975
1785290010.8776486,0.0,0.0,0.00045110401697456837
1785290010.8782778,0.0,0.0,0.00045747216790914536
1785290010.8789,0.0,0.0,0.0004482879303395748
1785290010.8795533,0.0,0.0,0.00048159994184970856
1785290010.8801703,0.0,0.0,0.00044233608059585094
1785290010.8807979,0.0,0.0,0.00045344000682234764
1785290010.8814063,0.0,0.0,0.0004344319459050894
1785290010.8820157,0.0,0.0,0.0004398399032652378
1785290010.8826346,0.0,0.0,0.0004431679844856262
1785290010.8832657,0.0,0.0,0.0004608638118952513
1785290010.8838944,0.0,0.0,0.0004528320860117674
1785290010.8845072,0.0,0.0,0.00043907202780246735
1785290010.8851273,0.0,0.0,0.0004483521915972233
1785290010.8857324,0.0,0.0,0.0004335041157901287
1785290010.8863313,0.0,0.0,0.0004296000115573406
1785290010.8869538,0.0,0.0,0.00044783996418118477
1785290010.8875966,0.0,0.0,0.000455167843028903
1785290010.888228,0.0,0.0,0.00043779192492365837
1785290010.8888512,0.0,0.0,0.00044867186807096004
1785290010.8894715,0.0,0.0,0.00044768000952899456
1785290010.8900783,0.0,0.0,0.00043590390123426914
1785290010.8906858,0.0,0.0,0.00043804803863167763
1785290010.8913295,0.0,0.0,0.00047033606097102165
1785290010.8919487,0.0,0.0,0.0004444161895662546
1785290010.8925514,0.0,0.0,0.00043318397365510464
1785290010.8931727,0.0,0.0,0.00044822413474321365
1785290010.8937755,0.0,0.0,0.00042927986942231655
1785290010.8943825,0.0,0.0,0.000436064088717103
1785290010.89499,0.0,0.0,0.000435840105637908
1785290010.8956382,0.0,0.0,0.000449727987870574
1785290010.8962562,0.0,0.0,0.00044358382001519203
1785290010.8968747,0.0,0.0,0.0004438080359250307
1785290010.8974817,0.0,0.0,0.0004363839980214834
1785290010.898093,0.0,0.0,0.00043404800817370415
1785290010.8986928,0.0,0.0,0.0004268160555511713
1785290010.8993604,0.0,0.0,0.0004946880508214235
1785290010.900006,0.0,0.0,0.0004690880887210369
1785290010.900626,0.0,0.0,0.00044761598110198975
1785290010.901244,0.0,0.0,0.000443135853856802
1785290010.9018373,0.0,0.0,0.00042134406976401806
1785290010.9024417,0.0,0.0,0.00043212808668613434
1785290010.9030728,0.0,0.0,0.00045615993440151215
1785290010.9037368,0.0,0.0,0.000453087966889143
1785290010.904354,0.0,0.0,0.0004454399459064007
1785290010.9049861,0.0,0.0,0.00044816010631620884
1785290010.9056091,0.0,0.0,0.0004504960961639881
1785290010.906231,0.0,0.0,0.00045145582407712936
1785290010.9068272,0.0,0.0,0.0004277119878679514
1785290010.9074414,0.0,0.0,0.0004453761503100395
1785290010.9080474,0.0,0.0,0.00043283216655254364
1785290010.9086475,0.0,0.0,0.0004295038525015116
1785290010.9092553,0.0,0.0,0.00043750391341745853
1785290010.9098608,0.0,0.0,0.00043327989988029003
1785290010.9104555,0.0,0.0,0.0004216961096972227
1785290010.9110599,0.0,0.0,0.00043481611646711826
1785290010.9117029,0.0,0.0,0.00045174406841397285
1785290010.9123046,0.0,0.0,0.00042959977872669697
1785290010.912917,0.0,0.0,0.00044259196147322655
1785290010.913525,0.0,0.0,0.00043843197636306286
1785290010.9141233,0.0,0.0,0.00042735994793474674
1785290010.9147213,0.0,0.0,0.00042639998719096184
1785290010.9153388,0.0,0.0,0.0004455039743334055
1785290010.915947,0.0,0.0,0.0004436799790710211
1785290010.9165409,0.0,0.0,0.00042559998109936714
1785290010.9171567,0.0,0.0,0.0004465598613023758
1785290010.9177737,0.0,0.0,0.00044758408330380917
1785290010.9183967,0.0,0.0,0.00044451188296079636
1785290010.9190128,0.0,0.0,0.00043151993304491043
1785290010.9196403,0.0,0.0,0.0004352319519966841
1785290010.9202495,0.0,0.0,0.0004419840406626463
1785290010.9208539,0.0,0.0,0.0004336640704423189
1785290010.9214506,0.0,0.0,0.00042655994184315205
1785290010.9220603,0.0,0.0,0.00043804803863167763
1785290010.9233556,0.0,0.0,0.0011230399832129478
1785290010.9240096,0.0,0.0,0.0004569920711219311
1785290010.924656,0.0,0.0,0.0004661441780626774
1785290010.9252844,0.0,0.0,0.0004470720887184143
1785290010.9259043,0.0,0.0,0.0004455680027604103
1785290010.9265041,0.0,0.0,0.00043001584708690643
1785290010.9271457,0.0,0.0,0.00046902382746338844
1785290010.9277816,0.0,0.0,0.00045500812120735645
1785290010.9283955,0.0,0.0,0.00043766386806964874
1785290010.929003,0.0,0.0,0.0004327360074967146
1785290010.9296126,0.0,0.0,0.00043139210902154446
1785290010.9302256,0.0,0.0,0.00043888017535209656
1785290010.9308462,0.0,0.0,0.000449951970949769
1785290010.931495,0.0,0.0,0.0004759361036121845
1785290010.9321263,0.0,0.0,0.00045670405961573124
1785290010.9327521,0.0,0.0,0.0004497920162975788
1785290010.9333613,0.0,0.0,0.00043494394049048424
1785290010.9339826,0.0,0.0,0.0004481920041143894
1785290010.9346209,0.0,0.0,0.0004665281157940626
1785290010.935279,0.0,0.0,0.00048112007789313793
1785290010.9359329,0.0,0.0,0.0004698240663856268
1785290010.9365575,0.0,0.0,0.00044659199193120003
1785290010.9371855,0.0,0.0,0.0004529280122369528
1785290010.9378037,0.0,0.0,0.0004524479154497385
1785290010.9384215,0.0,0.0,0.000443008029833436
1785290010.9390316,0.0,0.0,0.0004369281232357025
1785290010.939684,0.0,0.0,0.0004612160846590996
1785290010.9403017,0.0,0.0,0.0004454080481082201
1785290010.940932,0.0,0.0,0.00045708799734711647
1785290010.9415393,0.0,0.0,0.0004342400934547186
1785290010.9421697,0.0,0.0,0.0004542078822851181
1785290010.9427958,0.0,0.0,0.0004498879425227642
1785290010.9434307,0.0,0.0,0.0004625278525054455
1785290010.9440558,0.0,0.0,0.0004459840711206198
1785290010.9446793,0.0,0.0,0.00043932790867984295
1785290010.945294,0.0,0.0,0.00044092792086303234
1785290010.9458961,0.0,0.0,0.0004335360135883093
1785290010.9465165,0.0,0.0,0.00044768000952899456
1785290010.9471521,0.0,0.0,0.00046406383626163006
1785290010.9477732,0.0,0.0,0.0004515519831329584
1785290010.948385,0.0,0.0,0.0004504639655351639
1785290010.9489844,0.0,0.0,0.0004353600088506937
1785290010.9495971,0.0,0.0,0.00043939193710684776
1785290010.9502103,0.0,0.0,0.00043939193710684776
1785290010.9508286,0.0,0.0,0.0004422399215400219
1785290010.9514647,0.0,0.0,0.00046604801900684834
1785290010.952076,0.0,0.0,0.0004352319519966841
1785290010.9526916,0.0,0.0,0.00044179195538163185
1785290010.9533014,0.0,0.0,0.0004391039256006479
1785290010.9538949,0.0,0.0,0.0004223361611366272
1785290010.954494,0.0,0.0,0.0004309441428631544
1785290010.9551055,0.0,0.0,0.000437792157754302
1785290010.955725,0.0,0.0,0.00044336006976664066
1785290010.9563413,0.0,0.0,0.00044496008194983006
1785290010.956961,0.0,0.0,0.00044678407721221447
1785290010.9575806,0.0,0.0,0.00044441595673561096
1785290010.9582021,0.0,0.0,0.0004471999127417803
1785290010.9588342,0.0,0.0,0.00045996811240911484
1785290010.9595516,0.0,0.0,0.0005422078538686037
1785290010.9630663,0.0,0.0,0.0015131519176065922
1785290010.965496,0.0,0.0,0.002166848164051771
1785290010.9669359,0.0,0.0,0.0012026240583509207
1785290010.9676323,0.0,0.0,0.0004641280975192785
1785290010.9682817,0.0,0.0,0.00046092807315289974
1785290010.9688969,0.0,0.0,0.0004314559046179056
1785290010.9695165,0.0,0.0,0.00044076796621084213
1785290010.9701366,0.0,0.0,0.00042489590123295784
1785290010.970749,0.0,0.0,0.00043155206367373466
1785290010.9713888,0.0,0.0,0.0004651839844882488
1785290010.9720056,0.0,0.0,0.00044233608059585094
1785290010.9726193,0.0,0.0,0.00043980800546705723
1785290010.9732466,0.0,0.0,0.0004407039377838373
1785290010.9738424,0.0,0.0,0.00042159995064139366
1785290010.9744616,0.0,0.0,0.0004445440135896206
1785290010.9750645,0.0,0.0,0.0004286400508135557
1785290010.9757235,0.0,0.0,0.00045843212865293026
1785290010.9763286,0.0,0.0,0.0004304000176489353
1785290010.9769456,0.0,0.0,0.0004433922003954649
1785290010.977559,0.0,0.0,0.00044768000952899456
1785290010.979151,0.0,0.0,0.0014189118519425392
1785290010.9798105,0.0,0.0,0.00046537606976926327
1785290010.9804425,0.0,0.0,0.00044851191341876984
1785290010.9810622,0.0,0.0,0.00044435192830860615
1785290010.9816802,0.0,0.0,0.000441279960796237
1785290010.9823031,0.0,0.0,0.0004440639168024063
1785290010.9829204,0.0,0.0,0.0004439679905772209
1785290010.983546,0.0,0.0,0.00045823981054127216
1785290010.9841666,0.0,0.0,0.0004457279574126005
1785290010.984783,0.0,0.0,0.000436415895819664
1785290010.9854016,0.0,0.0,0.0004470080602914095
1785290010.9860165,0.0,0.0,0.0004389439709484577
1785290010.9866235,0.0,0.0,0.00043503986671566963
1785290010.98727,0.0,0.0,0.00047475192695856094
1785290010.9879155,0.0,0.0,0.00046723196282982826
1785290010.9885314,0.0,0.0,0.0004395199939608574
1785290010.989157,0.0,0.0,0.0004561920650303364
1785290010.9897938,0.0,0.0,0.0004484481178224087
1785290010.990416,0.0,0.0,0.00044163200072944164
1785290010.9910493,0.0,0.0,0.00044982414692640305
1785290010.9916866,0.0,0.0,0.0004422080237418413
1785290010.9923015,0.0,0.0,0.0004427521489560604
1785290010.992917,0.0,0.0,0.00044092792086303234
1785290010.9935334,0.0,0.0,0.00044268788769841194
1785290010.994148,0.0,0.0,0.00043724803254008293
1785290010.9947586,0.0,0.0,0.0004372159019112587
1785290010.9953883,0.0,0.0,0.00045775994658470154
1785290010.995992,0.0,0.0,0.00043430388905107975
1785290010.9966156,0.0,0.0,0.0004519680514931679
1785290010.9972372,0.0,0.0,0.00044595194049179554
1785290010.9978676,0.0,0.0,0.00045532803051173687
1785290010.9984906,0.0,0.0,0.0004487999249249697
1785290010.999154,0.0,0.0,0.00048614409752190113
1785290010.9997802,0.0,0.0,0.0004488320555537939
1785290011.0003977,0.0,0.0,0.00043980800546705723
1785290011.0010076,0.0,0.0,0.0004464320372790098
1785290011.0016143,0.0,0.0,0.000434336019679904
1785290011.002217,0.0,0.0,0.00043164798989892006
1785290011.0028245,0.0,0.0,0.0004338240250945091
1785290011.003451,0.0,0.0,0.00045507214963436127
1785290011.0040562,0.0,0.0,0.00043190387077629566
1785290011.0046625,0.0,0.0,0.00043836794793605804
1785290011.0052633,0.0,0.0,0.00043043214827775955
1785290011.0058832,0.0,0.0,0.00043571204878389835
1785290011.0064812,0.0,0.0,0.00042812805622816086
1785290011.0071068,0.0,0.0,0.00043766386806964874
1785290011.0077257,0.0,0.0,0.00043916795402765274
1785290011.008326,0.0,0.0,0.00042921584099531174
1785290011.0089436,0.0,0.0,0.0004465598613023758
1785290011.0095575,0.0,0.0,0.00044035189785063267
1785290011.0101728,0.0,0.0,0.00043407990597188473
1785290011.0107837,0.0,0.0,0.0004428799729794264
1785290011.011408,0.0,0.0,0.00045900815166532993
1785290011.0120192,0.0,0.0,0.00043836794793605804
1785290011.0126183,0.0,0.0,0.00042604818008840084
1785290011.0132368,0.0,0.0,0.00044566416181623936
1785290011.0138493,0.0,0.0,0.00044080009683966637
1785290011.0144653,0.0,0.0,0.0004402240738272667
1785290011.0150678,0.0,0.0,0.00043180794455111027
1785290011.0157845,0.0,0.0,0.00044640013948082924
1785290011.0163937,0.0,0.0,0.00044508790597319603
1785290011.0169868,0.0,0.0,0.00042591989040374756
1785290011.0175931,0.0,0.0,0.00043785618618130684
1785290011.0182211,0.0,0.0,0.00045551988296210766
1785290011.0188446,0.0,0.0,0.00044863997027277946
1785290011.0194917,0.0,0.0,0.00047513609752058983
1785290011.0200868,0.0,0.0,0.00042025581933557987
1785290011.0206861,0.0,0.0,0.00042966403998434544
1785290011.0212877,0.0,0.0,0.0004317120183259249
1785290011.0219133,0.0,0.0,0.0004557119682431221
1785290011.0225227,0.0,0.0,0.0004353600088506937
1785290011.0231595,0.0,0.0,0.0004706881009042263
1785290011.0237901,0.0,0.0,0.0004548800643533468
1785290011.0244024,0.0,0.0,0.0004409921821206808
1785290011.0250208,0.0,0.0,0.00044508790597319603
1785290011.0256512,0.0,0.0,0.00045183999463915825
1785290011.0262794,0.0,0.0,0.0004534719046205282
1785290011.0268989,0.0,0.0,0.00044137611985206604
1785290011.0275483,0.0,0.0,0.0004776639398187399
1785290011.0281787,0.0,0.0,0.00045439996756613255
1785290011.0288014,0.0,0.0,0.0004498560447245836
1785290011.029423,0.0,0.0,0.0004465279635041952
1785290011.0300777,0.0,0.0,0.00046451203525066376
1785290011.0306957,0.0,0.0,0.00044576008804142475
1785290011.0313656,0.0,0.0,0.0004878079053014517
1785290011.0319908,0.0,0.0,0.00044604786671698093
1785290011.0325887,0.0,0.0,0.0004267520271241665
1785290011.0339015,0.0,0.0,0.001139200059697032
1785290011.0345452,0.0,0.0,0.0004584318958222866
1785290011.0352066,0.0,0.0,0.000483647920191288
1785290011.035822,0.0,0.0,0.00043993606232106686
1785290011.0364664,0.0,0.0,0.00046284799464046955
1785290011.0370877,0.0,0.0,0.00044768000952899456
1785290011.0377,0.0,0.0,0.0004393600393086672
1785290011.0383208,0.0,0.0,0.00042979209683835506
1785290011.0389483,0.0,0.0,0.00045279995538294315
1785290011.0395849,0.0,0.0,0.00044592004269361496
1785290011.040208,0.0,0.0,0.00045014405623078346
1785290011.0408185,0.0,0.0,0.0004438080359250307
1785290011.041438,0.0,0.0,0.0004477121401578188
1785290011.0420423,0.0,0.0,0.0004326400812715292
1785290011.0426633,0.0,0.0,0.0004491519648581743
1785290011.0432959,0.0,0.0,0.00045526400208473206
1785290011.0439095,0.0,0.0,0.0004393600393086672
1785290011.0445182,0.0,0.0,0.00043984013609588146
1785290011.045126,0.0,0.0,0.00043884781189262867
1785290011.045739,0.0,0.0,0.00044076796621084213
1785290011.0463498,0.0,0.0,0.00043692789040505886
1785290011.046957,0.0,0.0,0.00043324800208210945
1785290011.0475776,0.0,0.0,0.00042662397027015686
1785290011.0481896,0.0,0.0,0.00043737608939409256
1785290011.0487964,0.0,0.0,0.00043420796282589436
1785290011.0494003,0.0,0.0,0.00043116812594234943
1785290011.0499961,0.0,0.0,0.0004227838944643736
1785290011.050605,0.0,0.0,0.000437695998698473
1785290011.0512414,0.0,0.0,0.0004723840393126011
1785290011.051862,0.0,0.0,0.00044320011511445045
1785290011.0524678,0.0,0.0,0.0004366401117295027
1785290011.0530756,0.0,0.0,0.00043820799328386784
1785290011.0537007,0.0,0.0,0.00044505600817501545
1785290011.0543137,0.0,0.0,0.00044105597771704197
1785290011.054923,0.0,0.0,0.0004369281232357025
1785290011.0555432,0.0,0.0,0.0004357118159532547
1785290011.0561392,0.0,0.0,0.0004290561191737652
1785290011.056752,0.0,0.0,0.0004413758870214224
1785290011.0573564,0.0,0.0,0.0004355199635028839
1785290011.0579605,0.0,0.0,0.0004311359953135252
1785290011.058565,0.0,0.0,0.0004341760650277138
1785290011.059186,0.0,0.0,0.0004494078457355499
1785290011.0597878,0.0,0.0,0.00043792021460831165
1785290011.060399,0.0,0.0,0.00044262385927140713
1785290011.0610058,0.0,0.0,0.0004351360257714987
1785290011.061614,0.0,0.0,0.00043740798719227314
1785290011.0622232,0.0,0.0,0.00043833605013787746
1785290011.062834,0.0,0.0,0.00043795211240649223
1785290011.0634577,0.0,0.0,0.0004544318653643131
1785290011.0640528,0.0,0.0,0.0004310719668865204
1785290011.0646713,0.0,0.0,0.0004478401970118284
1785290011.0652828,0.0,0.0,0.0004444799851626158
1785290011.0658927,0.0,0.0,0.0004377600271254778
1785290011.066494,0.0,0.0,0.00043148803524672985
1785290011.067118,0.0,0.0,0.0004548800643533468
1785290011.067731,0.0,0.0,0.00043859193101525307
1785290011.068342,0.0,0.0,0.00043849600479006767
1785290011.0689409,0.0,0.0,0.0004273918457329273
1785290011.06959,0.0,0.0,0.00044921599328517914
1785290011.0702035,0.0,0.0,0.0004405118525028229
1785290011.0708075,0.0,0.0,0.0004319360014051199
1785290011.0714338,0.0,0.0,0.00045484816655516624
1785290011.0720425,0.0,0.0,0.00043580797500908375
1785290011.0726535,0.0,0.0,0.0004424958024173975
1785290011.0732765,0.0,0.0,0.00045017595402896404
1785290011.073882,0.0,0.0,0.00043212808668613434
1785290011.0744789,0.0,0.0,0.00042723212391138077
1785290011.0750818,0.0,0.0,0.0004284479655325413
1785290011.0757105,0.0,0.0,0.00044246413744986057
1785290011.0763156,0.0,0.0,0.000434336019679904
1785290011.0769193,0.0,0.0,0.0004368000663816929
1785290011.0775266,0.0,0.0,0.00043660798110067844
1785290011.0781455,0.0,0.0,0.000442784046754241
1785290011.0787609,0.0,0.0,0.00044473609887063503
1785290011.0794022,0.0,0.0,0.0004799680318683386
1785290011.0800114,0.0,0.0,0.00043318397365510464
1785290011.0806217,0.0,0.0,0.0004379518795758486
1785290011.0812368,0.0,0.0,0.0004411840345710516
1785290011.081836,0.0,0.0,0.00042911991477012634
1785290011.0824509,0.0,0.0,0.00044080009683966637
1785290011.083063,0.0,0.0,0.0004404480569064617
1785290011.0837278,0.0,0.0,0.0004632959607988596
1785290011.0843484,0.0,0.0,0.0004455039743334055
1785290011.084981,0.0,0.0,0.0004563520196825266
1785290011.0856225,0.0,0.0,0.00045123184099793434
1785290011.086236,0.0,0.0,0.00044073606841266155
1785290011.086848,0.0,0.0,0.00043670390732586384
1785290011.0874743,0.0,0.0,0.0004541759844869375
1785290011.0880907,0.0,0.0,0.00044259196147322655
1785290011.0893776,0.0,0.0,0.0011107840109616518
1785290011.0900226,0.0,0.0,0.00045535992830991745
1785290011.0906339,0.0,0.0,0.00043923198245465755
1785290011.091284,0.0,0.0,0.0004677439574152231
1785290011.0919113,0.0,0.0,0.00045030401088297367
1785290011.092538,0.0,0.0,0.00045363185927271843
1785290011.0931551,0.0,0.0,0.0004379840102046728
1785290011.0937722,0.0,0.0,0.00043945619836449623
1785290011.0943766,0.0,0.0,0.00043164798989892006
1785290011.0950074,0.0,0.0,0.0004559359513223171
1785290011.0956469,0.0,0.0,0.0004489279817789793
1785290011.0962646,0.0,0.0,0.00044419197365641594
1785290011.0968797,0.0,0.0,0.0004427200183272362
1785290011.097511,0.0,0.0,0.0004601599648594856
1785290011.0981147,0.0,0.0,0.00042790407314896584
1785290011.0987232,0.0,0.0,0.0004396799486130476
1785290011.0993643,0.0,0.0,0.00046508805826306343
1785290011.0999668,0.0,0.0,0.00042729591950774193
1785290011.100578,0.0,0.0,0.00044425600208342075
1785290011.1011856,0.0,0.0,0.00043484801426529884
1785290011.1018004,0.0,0.0,0.0004175999201834202
1785290011.1024134,0.0,0.0,0.0004429440014064312
1785290011.103037,0.0,0.0,0.00044697592966258526
1785290011.1036847,0.0,0.0,0.0004438399337232113
1785290011.1042924,0.0,0.0,0.00043212808668613434
1785290011.104914,0.0,0.0,0.0004437121096998453
1785290011.1055007,0.0,0.0,0.00041571189649403095
1785290011.1061194,0.0,0.0,0.0004515519831329584
1785290011.1067312,0.0,0.0,0.0004410240799188614
1785290011.107373,0.0,0.0,0.0004703039303421974
1785290011.1079886,0.0,0.0,0.00044233608059585094
1785290011.1085804,0.0,0.0,0.0004252160433679819
1785290011.109188,0.0,0.0,0.0004401921760290861
1785290011.1098123,0.0,0.0,0.00044934405013918877
1785290011.1104329,0.0,0.0,0.0004448320250958204
1785290011.1110547,0.0,0.0,0.0004491519648581743
1785290011.111742,0.0,0.0,0.00047315191477537155
1785290011.1123738,0.0,0.0,0.0004616959486156702
1785290011.1129878,0.0,0.0,0.00043833605013787746
1785290011.113612,0.0,0.0,0.00045145582407712936
1785290011.114242,0.0,0.0,0.000456671928986907
1785290011.1148546,0.0,0.0,0.0004411840345710516
1785290011.1154873,0.0,0.0,0.0004615678917616606
1785290011.1161027,0.0,0.0,0.00044067203998565674
1785290011.1167023,0.0,0.0,0.00042895996011793613
1785290011.1173432,0.0,0.0,0.0004520642105489969
1785290011.1179574,0.0,0.0,0.0004412480629980564
1785290011.1185675,0.0,0.0,0.00043820799328386784
1785290011.119202,0.0,0.0,0.0004601601976901293
1785290011.1198432,0.0,0.0,0.00046387198381125927
1785290011.1204655,0.0,0.0,0.0004470080602914095
1785290011.1210754,0.0,0.0,0.0004353600088506937
1785290011.1216948,0.0,0.0,0.0004457598552107811
1785290011.1223137,0.0,0.0,0.0004438080359250307
1785290011.1229408,0.0,0.0,0.0004548479337245226
1785290011.123588,0.0,0.0,0.00045603211037814617
1785290011.124219,0.0,0.0,0.0004534078761935234
1785290011.124821,0.0,0.0,0.0004313918761909008
1785290011.1254323,0.0,0.0,0.00043753604404628277
1785290011.1260474,0.0,0.0,0.00044755195267498493
1785290011.1266787,0.0,0.0,0.00045017595402896404
1785290011.127308,0.0,0.0,0.00045660813339054585
1785290011.127922,0.0,0.0,0.0004371199756860733
1785290011.128524,0.0,0.0,0.0004312638193368912
1785290011.1291325,0.0,0.0,0.00043318397365510464
1785290011.129738,0.0,0.0,0.00044403201900422573
1785290011.1303527,0.0,0.0,0.0004430399276316166
1785290011.1309547,0.0,0.0,0.0004329599905759096
1785290011.1316028,0.0,0.0,0.0004601599648594856
1785290011.1322181,0.0,0.0,0.00043737608939409256
1785290011.1328301,0.0,0.0,0.00043580797500908375
1785290011.1334646,0.0,0.0,0.0004480320494621992
1785290011.1340702,0.0,0.0,0.0004308801144361496
1785290011.1346853,0.0,0.0,0.0004449598491191864
1785290011.1353354,0.0,0.0,0.0004774080589413643
1785290011.135966,0.0,0.0,0.00045222416520118713
1785290011.1365933,0.0,0.0,0.00045532803051173687
1785290011.137223,0.0,0.0,0.0004532798193395138
1785290011.1378357,0.0,0.0,0.00043724803254008293
1785290011.1384437,0.0,0.0,0.00043475208804011345
1785290011.1390548,0.0,0.0,0.0004387199878692627
1785290011.1396885,0.0,0.0,0.0004410240799188614
1785290011.1402953,0.0,0.0,0.00043651205487549305
1785290011.1408987,0.0,0.0,0.000442784046754241
1785290011.1415207,0.0,0.0,0.00044665602035820484
1785290011.1421337,0.0,0.0,0.0004410240799188614
1785290011.142747,0.0,0.0,0.0004454720765352249
1785290011.1433961,0.0,0.0,0.00047743995673954487
1785290011.1446698,0.0,0.0,0.0004759680014103651
1785290011.1453068,0.0,0.0,0.000449600163847208
1785290011.1459203,0.0,0.0,0.0004377281293272972
1785290011.146532,0.0,0.0,0.00043299212120473385
1785290011.147177,0.0,0.0,0.00046793604269623756
1785290011.1478033,0.0,0.0,0.00045283185318112373
1785290011.1484601,0.0,0.0,0.0004421758931130171
1785290011.1490853,0.0,0.0,0.0004439039621502161
1785290011.1497023,0.0,0.0,0.00044188788160681725
1785290011.1503105,0.0,0.0,0.0004372799303382635
1785290011.1509473,0.0,0.0,0.000449727987870574
1785290011.1515813,0.0,0.0,0.00045164814218878746
1785290011.15222,0.0,0.0,0.0004634240176528692
1785290011.1528382,0.0,0.0,0.0004458879120647907
1785290011.1534464,0.0,0.0,0.00043852790258824825
1785290011.1540542,0.0,0.0,0.00043817609548568726
1785290011.1546872,0.0,0.0,0.00046054390259087086
1785290011.155334,0.0,0.0,0.00046643195673823357
1785290011.1559618,0.0,0.0,0.0004541759844869375
1785290011.1565807,0.0,0.0,0.00044527999125421047
1785290011.1571894,0.0,0.0,0.0004385600332170725
1785290011.157797,0.0,0.0,0.0004371840041130781
1785290011.1584067,0.0,0.0,0.00044185598380863667
1785290011.159023,0.0,0.0,0.0004447998944669962
1785290011.1596797,0.0,0.0,0.0004597119987010956
1785290011.1602983,0.0,0.0,0.00044508790597319603
1785290011.1609044,0.0,0.0,0.00043561612255871296
1785290011.161518,0.0,0.0,0.00044473609887063503
1785290011.1621325,0.0,0.0,0.0004439998883754015
1785290011.1627505,0.0,0.0,0.0004448320250958204
1785290011.1633956,0.0,0.0,0.00046700797975063324
1785290011.1640055,0.0,0.0,0.000431327847763896
1785290011.1646066,0.0,0.0,0.0004303359892219305
1785290011.165222,0.0,0.0,0.0004466881509870291
1785290011.165861,0.0,0.0,0.00045430404134094715
1785290011.1664753,0.0,0.0,0.0004411200061440468
1785290011.1670868,0.0,0.0,0.0004414399154484272
1785290011.1677277,0.0,0.0,0.00045286398380994797
1785290011.1683514,0.0,0.0,0.00045158411376178265
1785290011.1689532,0.0,0.0,0.0004352640826255083
1785290011.1695676,0.0,0.0,0.00044102384708821774
1785290011.1701925,0.0,0.0,0.00044172792695462704
1785290011.1708024,0.0,0.0,0.0004342400934547186
1785290011.1714406,0.0,0.0,0.0004684480372816324
1785290011.172051,0.0,0.0,0.00043843197636306286
1785290011.172668,0.0,0.0,0.00044601596891880035
1785290011.1732764,0.0,0.0,0.000437919981777668
1785290011.1738825,0.0,0.0,0.0004334719851613045
1785290011.1744833,0.0,0.0,0.00043046404607594013
1785290011.175122,0.0,0.0,0.00046419212594628334
1785290011.1757598,0.0,0.0,0.00045510404743254185
1785290011.176367,0.0,0.0,0.00043148803524672985
1785290011.1769776,0.0,0.0,0.000438271788880229
1785290011.1775827,0.0,0.0,0.0004352959804236889
1785290011.1781933,0.0,0.0,0.00044003198854625225
1785290011.1788018,0.0,0.0,0.0004387199878692627
1785290011.1794486,0.0,0.0,0.00047708814963698387
1785290011.1800733,0.0,0.0,0.0004459840711206198
1785290011.180678,0.0,0.0,0.00044019194319844246
1785290011.1812963,0.0,0.0,0.000432480126619339
1785290011.1819003,0.0,0.0,0.00043436791747808456
1785290011.1825032,0.0,0.0,0.00043094391003251076
1785290011.1831264,0.0,0.0,0.0004547201097011566
1785290011.1837492,0.0,0.0,0.00044403201900422573
1785290011.1843643,0.0,0.0,0.00044393609277904034
1785290011.184977,0.0,0.0,0.0004386240616440773
1785290011.1855893,0.0,0.0,0.000437695998698473
1785290011.1861942,0.0,0.0,0.0004352319519966841
1785290011.1867986,0.0,0.0,0.00042924797162413597
1785290011.1874294,0.0,0.0,0.00046278396621346474
1785290011.188042,0.0,0.0,0.0004428799729794264
1785290011.1886497,0.0,0.0,0.00043315207585692406
1785290011.1892624,0.0,0.0,0.0004423998761922121
1785290011.1898947,0.0,0.0,0.0004410881083458662
1785290011.1905072,0.0,0.0,0.0004304959438741207
1785290011.191145,0.0,0.0,0.00046236789785325527
1785290011.191755,0.0,0.0,0.0004369919188320637
1785290011.1923645,0.0,0.0,0.00043580797500908375
1785290011.19297,0.0,0.0,0.00043315207585692406
1785290011.1935809,0.0,0.0,0.0004394559655338526
1785290011.1941857,0.0,0.0,0.0004338240250945091
1785290011.194796,0.0,0.0,0.00043894420377910137
1785290011.195432,0.0,0.0,0.0004633278585970402
1785290011.1960537,0.0,0.0,0.00044576008804142475
1785290011.1966772,0.0,0.0,0.00044451211579144
1785290011.1973383,0.0,0.0,0.00046780798584222794
1785290011.1979582,0.0,0.0,0.00044499197974801064
1785290011.1985612,0.0,0.0,0.000432704109698534
1785290011.199956,0.0,0.0,0.0012151040136814117
1785290011.2006185,0.0,0.0,0.0004644801374524832
1785290011.2012646,0.0,0.0,0.0004533438477665186
1785290011.2018838,0.0,0.0,0.00044115190394222736
1785290011.2024856,0.0,0.0,0.0004234239459037781
1785290011.2031226,0.0,0.0,0.0004580800887197256
1785290011.2037776,0.0,0.0,0.0004647360183298588
1785290011.2043946,0.0,0.0,0.00044233608059585094
1785290011.205007,0.0,0.0,0.0004385921638458967
1785290011.2056272,0.0,0.0,0.00044841598719358444
1785290011.2062461,0.0,0.0,0.00044672004878520966
1785290011.2068439,0.0,0.0,0.0004239038098603487
1785290011.2075136,0.0,0.0,0.0004879999905824661
1785290011.208123,0.0,0.0,0.00043648015707731247
1785290011.2087328,0.0,0.0,0.00044051208533346653
1785290011.2093475,0.0,0.0,0.00044115190394222736
1785290011.2099516,0.0,0.0,0.0004337278660386801
1785290011.2105477,0.0,0.0,0.0004259520210325718
1785290011.2111847,0.0,0.0,0.0004684480372816324
1785290011.2118037,0.0,0.0,0.0004439358599483967
1785290011.2124147,0.0,0.0,0.0004409600514918566
1785290011.213026,0.0,0.0,0.00043939193710684776
1785290011.2136364,0.0,0.0,0.0004376000724732876
1785290011.2142606,0.0,0.0,0.00043587200343608856
1785290011.2148707,0.0,0.0,0.00044163200072944164
1785290011.2155123,0.0,0.0,0.00047075189650058746
1785290011.2161367,0.0,0.0,0.0004490239080041647
1785290011.2167609,0.0,0.0,0.0004458881448954344
1785290011.2173538,0.0,0.0,0.0004216961096972227
1785290011.2179613,0.0,0.0,0.0004318719729781151
1785290011.218563,0.0,0.0,0.0004311359953135252
1785290011.219205,0.0,0.0,0.0004708480555564165
1785290011.219822,0.0,0.0,0.0004425281658768654
1785290011.2204254,0.0,0.0,0.00043254392221570015
1785290011.221038,0.0,0.0,0.00044051208533346653
1785290011.2216496,0.0,0.0,0.00044233608059585094
1785290011.222266,0.0,0.0,0.0004447358660399914
1785290011.2228868,0.0,0.0,0.00044838408939540386
1785290011.2235394,0.0,0.0,0.00047964812256395817
1785290011.2241752,0.0,0.0,0.0004550078883767128
1785290011.2247767,0.0,0.0,0.0004267201293259859
1785290011.2253897,0.0,0.0,0.0004388159140944481
1785290011.226004,0.0,0.0,0.0004421120975166559
1785290011.22663,0.0,0.0,0.00045248004607856274
1785290011.227278,0.0,0.0,0.0004750399384647608
1785290011.2279162,0.0,0.0,0.00045974389649927616
1785290011.2285936,0.0,0.0,0.00044943997636437416
1785290011.229232,0.0,0.0,0.00045062415301799774
1785290011.229873,0.0,0.0,0.0004550719168037176
1785290011.2304842,0.0,0.0,0.00044147204607725143
1785290011.2310898,0.0,0.0,0.0004316160921007395
1785290011.2317336,0.0,0.0,0.0004497598856687546
1785290011.2323658,0.0,0.0,0.00045695994049310684
1785290011.232983,0.0,0.0,0.00044611189514398575
1785290011.233575,0.0,0.0,0.00042464002035558224
1785290011.2341876,0.0,0.0,0.00044000009074807167
1785290011.2347927,0.0,0.0,0.0004347518552094698
1785290011.2354014,0.0,0.0,0.00044124783016741276
1785290011.2360013,0.0,0.0,0.00043071992695331573
1785290011.2366064,0.0,0.0,0.00043222401291131973
1785290011.237223,0.0,0.0,0.0004419521428644657
1785290011.237824,0.0,0.0,0.0004302400629967451
1785290011.238426,0.0,0.0,0.0004311359953135252
1785290011.2390373,0.0,0.0,0.0004413120914250612
1785290011.2396743,0.0,0.0,0.0004405439831316471
1785290011.240284,0.0,0.0,0.0004361600149422884
1785290011.2408834,0.0,0.0,0.00042982399463653564
1785290011.2414932,0.0,0.0,0.0004341118037700653
1785290011.2420983,0.0,0.0,0.0004313599783927202
1785290011.242713,0.0,0.0,0.0004378880839794874
1785290011.2433527,0.0,0.0,0.0004627518355846405
1785290011.2439601,0.0,0.0,0.0004342400934547186
1785290011.2445626,0.0,0.0,0.000433055916801095
1785290011.245175,0.0,0.0,0.00042799999937415123
1785290011.2457767,0.0,0.0,0.00042886403389275074
1785290011.2463694,0.0,0.0,0.00042934389784932137
1785290011.246979,0.0,0.0,0.00043625617399811745
1785290011.2476285,0.0,0.0,0.00045535992830991745
1785290011.2482405,0.0,0.0,0.000436639878898859
1785290011.2488747,0.0,0.0,0.00045011192560195923
1785290011.2495008,0.0,0.0,0.000453087966889143
1785290011.2501235,0.0,0.0,0.0004447679966688156
1785290011.2507474,0.0,0.0,0.00045152008533477783
1785290011.2513776,0.0,0.0,0.0004567359574139118
1785290011.2519894,0.0,0.0,0.0004384641069918871
1785290011.2526057,0.0,0.0,0.00044320011511445045
1785290011.2532184,0.0,0.0,0.0004374082200229168
1785290011.2538412,0.0,0.0,0.000449600163847208
1785290011.2552154,0.0,0.0,0.001182239968329668
1785290011.255871,0.0,0.0,0.0004600000102072954
1785290011.2564983,0.0,0.0,0.00044905603863298893
1785290011.257112,0.0,0.0,0.00043577607721090317
1785290011.257722,0.0,0.0,0.00043388805352151394
1785290011.2583337,0.0,0.0,0.0004334719851613045
1785290011.2589505,0.0,0.0,0.00044070417061448097
1785290011.2595966,0.0,0.0,0.0004526078701019287
1785290011.2602165,0.0,0.0,0.0004451521672308445
1785290011.2608182,0.0,0.0,0.0004356799181550741
1785290011.261429,0.0,0.0,0.0004403840284794569
1785290011.2620509,0.0,0.0,0.00043555209413170815
1785290011.2626796,0.0,0.0,0.00045449589379131794
1785290011.2633138,0.0,0.0,0.00046086404472589493
1785290011.2639308,0.0,0.0,0.0004438080359250307
1785290011.2645347,0.0,0.0,0.0004296000115573406
1785290011.265147,0.0,0.0,0.00043961615301668644
1785290011.2657514,0.0,0.0,0.0004332801327109337
1785290011.2663572,0.0,0.0,0.00044182385317981243
1785290011.266964,0.0,0.0,0.00043702381663024426
1785290011.267607,0.0,0.0,0.0004513920284807682
1785290011.2682204,0.0,0.0,0.0004403200000524521
1785290011.2688494,0.0,0.0,0.00045519997365772724
1785290011.2694645,0.0,0.0,0.00044083199463784695
1785290011.2700741,0.0,0.0,0.0004376322031021118
1785290011.270675,0.0,0.0,0.0004309120122343302
1785290011.271317,0.0,0.0,0.00046195206232368946
1785290011.2719405,0.0,0.0,0.00044822413474321365
1785290011.2725394,0.0,0.0,0.0004231678321957588
1785290011.2731512,0.0,0.0,0.0004391039256006479
1785290011.2737653,0.0,0.0,0.0004430399276316166
1785290011.2743645,0.0,0.0,0.0004246719181537628
1785290011.2749624,0.0,0.0,0.0004242879804223776
1785290011.2756085,0.0,0.0,0.0004573441110551357
1785290011.276218,0.0,0.0,0.00043398397974669933
1785290011.2768342,0.0,0.0,0.0004403200000524521
1785290011.2774556,0.0,0.0,0.0004469440318644047
1785290011.2780826,0.0,0.0,0.000456671928986907
1785290011.2787056,0.0,0.0,0.0004496960900723934
1785290011.2793374,0.0,0.0,0.0004553601611405611
1785290011.2799437,0.0,0.0,0.00043523218482732773
1785290011.2805436,0.0,0.0,0.00042924797162413597
1785290011.2811484,0.0,0.0,0.0004319360014051199
1785290011.281755,0.0,0.0,0.00044179195538163185
1785290011.2823632,0.0,0.0,0.0004376000724732876
1785290011.2829876,0.0,0.0,0.00044803181663155556
1785290011.2836354,0.0,0.0,0.00046086404472589493
1785290011.2842479,0.0,0.0,0.00043932790867984295
1785290011.2848542,0.0,0.0,0.0004383681807667017
1785290011.2854657,0.0,0.0,0.0004418240860104561
1785290011.2860723,0.0,0.0,0.0004368959926068783
1785290011.286685,0.0,0.0,0.00044265598990023136
1785290011.2873101,0.0,0.0,0.00045702396892011166
1785290011.2879145,0.0,0.0,0.0004418240860104561
1785290011.2885203,0.0,0.0,0.00043612788431346416
1785290011.2891257,0.0,0.0,0.00044057611376047134
1785290011.2897308,0.0,0.0,0.0004447679966688156
1785290011.2903469,0.0,0.0,0.00044393609277904034
1785290011.2909758,0.0,0.0,0.0004413758870214224
1785290011.2916205,0.0,0.0,0.00044707185588777065
1785290011.292238,0.0,0.0,0.0004439358599483967
1785290011.2928512,0.0,0.0,0.0004428480751812458
1785290011.293503,0.0,0.0,0.0004606081638485193
1785290011.2941234,0.0,0.0,0.00044425600208342075
1785290011.294733,0.0,0.0,0.00044147204607725143
1785290011.2953627,0.0,0.0,0.00045788800343871117
1785290011.29597,0.0,0.0,0.0004362559411674738
1785290011.296578,0.0,0.0,0.0004393921699374914
1785290011.2971847,0.0,0.0,0.00043996796011924744
1785290011.297792,0.0,0.0,0.0004360000602900982
1785290011.2984056,0.0,0.0,0.0004459838382899761
1785290011.2990172,0.0,0.0,0.0004359360318630934
1785290011.299657,0.0,0.0,0.0004517121706157923
1785290011.3002682,0.0,0.0,0.00043932790867984295
1785290011.3008666,0.0,0.0,0.00043046404607594013
1785290011.3014731,0.0,0.0,0.00043212808668613434
1785290011.302069,0.0,0.0,0.0004268479533493519
1785290011.3026857,0.0,0.0,0.00044339196756482124
1785290011.3033063,0.0,0.0,0.00045772804878652096
1785290011.3039188,0.0,0.0,0.000439424067735672
1785290011.3045213,0.0,0.0,0.00043228804133832455
1785290011.3051333,0.0,0.0,0.0004377600271254778
1785290011.3057446,0.0,0.0,0.0004407358355820179
1785290011.3063457,0.0,0.0,0.00043356791138648987
1785290011.3069506,0.0,0.0,0.0004415358416736126
1785290011.307599,0.0,0.0,0.00045494409278035164
1785290011.3082144,0.0,0.0,0.00044156797230243683
1785290011.308843,0.0,0.0,0.0004417921882122755
1785290011.3101356,0.0,0.0,0.0011060161050409079
1785290011.310793,0.0,0.0,0.0004643199499696493
1785290011.3114622,0.0,0.0,0.000483296113088727
1785290011.3120837,0.0,0.0,0.0004426240921020508
1785290011.3127115,0.0,0.0,0.00044863997027277946
1785290011.3133385,0.0,0.0,0.0004519680514931679
1785290011.3139374,0.0,0.0,0.00042239995673298836
1785290011.3145595,0.0,0.0,0.000447999918833375
1785290011.3151855,0.0,0.0,0.0004535038024187088
1785290011.3158016,0.0,0.0,0.000441152136772871
1785290011.3164358,0.0,0.0,0.00045599997974932194
1785290011.3170683,0.0,0.0,0.00045878393575549126
1785290011.3176908,0.0,0.0,0.0004462080541998148
1785290011.318296,0.0,0.0,0.00043148803524672985
1785290011.3189058,0.0,0.0,0.00044179195538163185
1785290011.3195627,0.0,0.0,0.0004843520000576973
1785290011.320158,0.0,0.0,0.0004181440453976393
1785290011.3207614,0.0,0.0,0.00043059210292994976
1785290011.3213594,0.0,0.0,0.000426335958763957
1785290011.3219757,0.0,0.0,0.0004447358660399914
1785290011.3225865,0.0,0.0,0.00043942383490502834
1785290011.323237,0.0,0.0,0.00047686416655778885
1785290011.3238683,0.0,0.0,0.00045584002509713173
1785290011.3244863,0.0,0.0,0.00044003198854625225
1785290011.325116,0.0,0.0,0.00045955204404890537
1785290011.325763,0.0,0.0,0.0004535038024187088
1785290011.3263936,0.0,0.0,0.0004573441110551357
1785290011.3269916,0.0,0.0,0.00042464002035558224
1785290011.3276389,0.0,0.0,0.0004522560629993677
1785290011.3282607,0.0,0.0,0.0004494080785661936
1785290011.3288622,0.0,0.0,0.0004310081712901592
1785290011.3294575,0.0,0.0,0.00042495992965996265
1785290011.3300548,0.0,0.0,0.0004295038525015116
1785290011.3306844,0.0,0.0,0.0004368959926068783
1785290011.33132,0.0,0.0,0.00046793604269623756
1785290011.331925,0.0,0.0,0.00043750391341745853
1785290011.332541,0.0,0.0,0.00043913605622947216
1785290011.3331676,0.0,0.0,0.00045551988296210766
1785290011.333784,0.0,0.0,0.0004429440014064312
1785290011.3343937,0.0,0.0,0.00043916795402765274
1785290011.3350275,0.0,0.0,0.00045596808195114136
1785290011.3356836,0.0,0.0,0.00045622396282851696
1785290011.3363006,0.0,0.0,0.0004420799668878317
1785290011.336918,0.0,0.0,0.0004491519648581743
1785290011.3375316,0.0,0.0,0.0004403521306812763
1785290011.338128,0.0,0.0,0.0004243201110512018
1785290011.338734,0.0,0.0,0.0004323199391365051
1785290011.3393679,0.0,0.0,0.0004640000406652689
1785290011.3399715,0.0,0.0,0.0004312959499657154
1785290011.3405926,0.0,0.0,0.0004483198281377554
1785290011.3412085,0.0,0.0,0.0004457279574126005
1785290011.3418102,0.0,0.0,0.00042963214218616486
1785290011.3424244,0.0,0.0,0.000439648050814867
1785290011.3430421,0.0,0.0,0.00044665602035820484
1785290011.3436606,0.0,0.0,0.0004235201049596071
1785290011.3442676,0.0,0.0,0.0004387199878692627
1785290011.3448715,0.0,0.0,0.0004401281476020813
1785290011.3454933,0.0,0.0,0.0004512639716267586
1785290011.3461077,0.0,0.0,0.0004401921760290861
1785290011.3467178,0.0,0.0,0.0004405439831316471
1785290011.3473427,0.0,0.0,0.0004557119682431221
1785290011.347968,0.0,0.0,0.00044451188296079636
1785290011.3485749,0.0,0.0,0.0004352959804236889
1785290011.3492086,0.0,0.0,0.0004616319201886654
1785290011.3498392,0.0,0.0,0.00043763197027146816
1785290011.3504503,0.0,0.0,0.0004396799486130476
1785290011.3510695,0.0,0.0,0.00044249603524804115
1785290011.351695,0.0,0.0,0.0004309441428631544
1785290011.3523042,0.0,0.0,0.0004381758626550436
1785290011.3529117,0.0,0.0,0.00043942383490502834
1785290011.3535247,0.0,0.0,0.0004409921821206808
1785290011.3541296,0.0,0.0,0.0004303678870201111
1785290011.3547328,0.0,0.0,0.0004318400751799345
1785290011.3553655,0.0,0.0,0.0004623041022568941
1785290011.355971,0.0,0.0,0.00043475208804011345
1785290011.3565874,0.0,0.0,0.0004423998761922121
1785290011.3572063,0.0,0.0,0.0004352000541985035
1785290011.3578076,0.0,0.0,0.00042927986942231655
1785290011.35841,0.0,0.0,0.00043071992695331573
1785290011.3590102,0.0,0.0,0.00042899209074676037
1785290011.359624,0.0,0.0,0.0004249277990311384
1785290011.3602352,0.0,0.0,0.0004396799486130476
1785290011.3608434,0.0,0.0,0.0004368000663816929
1785290011.361435,0.0,0.0,0.00042304000817239285
1785290011.3620434,0.0,0.0,0.0004403521306812763
1785290011.3626451,0.0,0.0,0.0004277760162949562
1785290011.3632963,0.0,0.0,0.000478783855214715
1785290011.3639133,0.0,0.0,0.0004423682112246752
1785290011.3651824,0.0,0.0,0.0010990400332957506
1785290011.3658502,0.0,0.0,0.00046547199599444866
1785290011.366479,0.0,0.0,0.0004469440318644047
1785290011.3671112,0.0,0.0,0.00043753604404628277
1785290011.3677292,0.0,0.0,0.00043427199125289917
1785290011.3683558,0.0,0.0,0.00044742412865161896
1785290011.3689897,0.0,0.0,0.00045887986198067665
1785290011.3695984,0.0,0.0,0.00043385615572333336
1785290011.3702126,0.0,0.0,0.00044217612594366074
1785290011.3708308,0.0,0.0,0.00044377613812685013
1785290011.371458,0.0,0.0,0.0004572160542011261
1785290011.3720648,0.0,0.0,0.000433055916801095
1785290011.3726683,0.0,0.0,0.00043273577466607094
1785290011.3732948,0.0,0.0,0.000439648050814867
1785290011.3739047,0.0,0.0,0.00043715210631489754
1785290011.374509,0.0,0.0,0.00043756794184446335
1785290011.3751261,0.0,0.0,0.00045462395064532757
1785290011.3757558,0.0,0.0,0.0004543361719697714
1785290011.3763666,0.0,0.0,0.00044243200682103634
1785290011.3769674,0.0,0.0,0.0004285760223865509
1785290011.377586,0.0,0.0,0.0004445761442184448
1785290011.3782103,0.0,0.0,0.0004500478971749544
1785290011.378818,0.0,0.0,0.0004396799486130476
1785290011.3794646,0.0,0.0,0.00047366414219141006
1785290011.380078,0.0,0.0,0.00043939193710684776
1785290011.3806882,0.0,0.0,0.0004379518795758486
1785290011.381316,0.0,0.0,0.00045504001900553703
1785290011.3819258,0.0,0.0,0.00043932790867984295
1785290011.382546,0.0,0.0,0.0004473279695957899
1785290011.383174,0.0,0.0,0.0004510078579187393
1785290011.3837786,0.0,0.0,0.0004331518430262804
1785290011.384407,0.0,0.0,0.0004531838931143284
1785290011.3850243,0.0,0.0,0.0004401281476020813
1785290011.3856359,0.0,0.0,0.00043843197636306286
1785290011.3862479,0.0,0.0,0.00044163200072944164
1785290011.3868558,0.0,0.0,0.0004357441794127226
1785290011.3874824,0.0,0.0,0.00045535992830991745
1785290011.3881006,0.0,0.0,0.0004429440014064312
1785290011.3886986,0.0,0.0,0.0004300160799175501
1785290011.3893318,0.0,0.0,0.0004338878206908703
1785290011.3899474,0.0,0.0,0.000437695998698473
1785290011.39057,0.0,0.0,0.00044531188905239105
1785290011.3912039,0.0,0.0,0.00046179210767149925
1785290011.3918226,0.0,0.0,0.00044579198583960533
1785290011.3924637,0.0,0.0,0.0004625599831342697
1785290011.3930776,0.0,0.0,0.000438143964856863
1785290011.3936727,0.0,0.0,0.0004253759980201721
1785290011.3942995,0.0,0.0,0.00044508790597319603
1785290011.3949203,0.0,0.0,0.000447648111730814
1785290011.3955739,0.0,0.0,0.00046451203525066376
1785290011.396189,0.0,0.0,0.0004430720582604408
1785290011.3968236,0.0,0.0,0.00046278396621346474
1785290011.397476,0.0,0.0,0.00047475192695856094
1785290011.3980896,0.0,0.0,0.00043686386197805405
1785290011.3987134,0.0,0.0,0.0004420480690896511
1785290011.3993397,0.0,0.0,0.00045862398110330105
1785290011.3999577,0.0,0.0,0.0004439039621502161
1785290011.4005673,0.0,0.0,0.00043916795402765274
1785290011.4011743,0.0,0.0,0.00043484801426529884
1785290011.401811,0.0,0.0,0.00046422379091382027
1785290011.4024098,0.0,0.0,0.00042806402780115604
1785290011.4030058,0.0,0.0,0.00042441580444574356
1785290011.403663,0.0,0.0,0.00045686401426792145
1785290011.4042788,0.0,0.0,0.0004488320555537939
1785290011.4048967,0.0,0.0,0.00044675194658339024
1785290011.4055254,0.0,0.0,0.00043376022949814796
1785290011.4061456,0.0,0.0,0.00044601596891880035
1785290011.406773,0.0,0.0,0.0004452480934560299
1785290011.4074087,0.0,0.0,0.00046236789785325527
1785290011.4080274,0.0,0.0,0.0004477121401578188
1785290011.4086545,0.0,0.0,0.0004441922064870596
1785290011.409282,0.0,0.0,0.0004525119438767433
1785290011.4099042,0.0,0.0,0.0004441279452294111
1785290011.4105232,0.0,0.0,0.00044582411646842957
1785290011.411158,0.0,0.0,0.00046172807924449444
1785290011.4117906,0.0,0.0,0.00045584002509713173
1785290011.4123974,0.0,0.0,0.00043759983964264393
1785290011.4130197,0.0,0.0,0.0004534078761935234
1785290011.413632,0.0,0.0,0.00044585601426661015
1785290011.4142547,0.0,0.0,0.0004515198525041342
1785290011.4148571,0.0,0.0,0.0004323199391365051
1785290011.4155068,0.0,0.0,0.0004714240785688162
1785290011.4161294,0.0,0.0,0.00044656009413301945
1785290011.4167378,0.0,0.0,0.0004344319459050894
1785290011.4173434,0.0,0.0,0.00042822398245334625
1785290011.4179509,0.0,0.0,0.0004331199452280998
1785290011.4185543,0.0,0.0,0.00043078395538032055
1785290011.4192286,0.0,0.0,0.0004926079418510199
1785290011.4205058,0.0,0.0,0.0010973759926855564
1785290011.421153,0.0,0.0,0.0004516479093581438
1785290011.421779,0.0,0.0,0.0004295359831303358
1785290011.4224045,0.0,0.0,0.0004458238836377859
1785290011.4230258,0.0,0.0,0.00044512003660202026
1785290011.4236972,0.0,0.0,0.00046566384844481945
1785290011.4243188,0.0,0.0,0.00044761598110198975
1785290011.424933,0.0,0.0,0.0004404159262776375
1785290011.4255438,0.0,0.0,0.00043564802035689354
1785290011.4261577,0.0,0.0,0.0004383041523396969
1785290011.4267685,0.0,0.0,0.00043561612255871296
1785290011.427399,0.0,0.0,0.00045961583964526653
1785290011.4280202,0.0,0.0,0.0004569920711219311
1785290011.428624,0.0,0.0,0.00043404800817370415
1785290011.429243,0.0,0.0,0.0004443840589374304
1785290011.4298782,0.0,0.0,0.0004584959242492914
1785290011.4304926,0.0,0.0,0.000441503943875432
1785290011.4311552,0.0,0.0,0.00047283200547099113
1785290011.4317634,0.0,0.0,0.0004431998822838068
1785290011.4323847,0.0,0.0,0.00044656009413301945
1785290011.432977,0.0,0.0,0.0004234560765326023
1785290011.4335742,0.0,0.0,0.00042902398854494095
1785290011.4341679,0.0,0.0,0.00042652804404497147
1785290011.434779,0.0,0.0,0.00043516792356967926
1785290011.4354048,0.0,0.0,0.0004562879912555218
1785290011.436012,0.0,0.0,0.00043465616181492805
1785290011.436623,0.0,0.0,0.0004380159080028534
1785290011.4372592,0.0,0.0,0.0004505920223891735
1785290011.4378693,0.0,0.0,0.00043564802035689354
1785290011.438483,0.0,0.0,0.0004419200122356415
1785290011.4391294,0.0,0.0,0.00046867202036082745
1785290011.4397643,0.0,0.0,0.0004552002064883709
1785290011.440387,0.0,0.0,0.0004463361110538244
1785290011.4410691,0.0,0.0,0.0004462080541998148
1785290011.4416914,0.0,0.0,0.00044851191341876984
1785290011.4423237,0.0,0.0,0.0004571520257741213
1785290011.4429402,0.0,0.0,0.00044614402577281
1785290011.443564,0.0,0.0,0.0004346559289842844
1785290011.444163,0.0,0.0,0.00043116812594234943
1785290011.4447699,0.0,0.0,0.0004356158897280693
1785290011.4453776,0.0,0.0,0.000437919981777668
1785290011.4459872,0.0,0.0,0.0004412159323692322
1785290011.446594,0.0,0.0,0.0004346240311861038
1785290011.447244,0.0,0.0,0.0004809279926121235
1785290011.447863,0.0,0.0,0.00043891207315027714
1785290011.448488,0.0,0.0,0.00045164814218878746
1785290011.4491234,0.0,0.0,0.00046179210767149925
1785290011.4497557,0.0,0.0,0.0004590400494635105
1785290011.450381,0.0,0.0,0.0004489598795771599
1785290011.4510036,0.0,0.0,0.00045635178685188293
1785290011.4516459,0.0,0.0,0.0004448320250958204
1785290011.4522655,0.0,0.0,0.0004463039804250002
1785290011.4528632,0.0,0.0,0.00043174391612410545
1785290011.4535248,0.0,0.0,0.0004634559154510498
1785290011.4541507,0.0,0.0,0.0004502080846577883
1785290011.4547665,0.0,0.0,0.0004447358660399914
1785290011.4554045,0.0,0.0,0.00047203199937939644
1785290011.4560382,0.0,0.0,0.00045711989514529705
1785290011.4566472,0.0,0.0,0.00043782382272183895
1785290011.45726,0.0,0.0,0.00044156797230243683
1785290011.4578815,0.0,0.0,0.00044681597501039505
1785290011.4585042,0.0,0.0,0.00045001599937677383
1785290011.4591527,0.0,0.0,0.00047484785318374634
1785290011.459787,0.0,0.0,0.0004582400433719158
1785290011.4604058,0.0,0.0,0.00044348789379000664
1785290011.46101,0.0,0.0,0.0004286719486117363
1785290011.461614,0.0,0.0,0.0004329918883740902
1785290011.4622192,0.0,0.0,0.00043532787822186947
1785290011.462829,0.0,0.0,0.0004327360074967146
1785290011.4634614,0.0,0.0,0.0004565438721328974
1785290011.4640665,0.0,0.0,0.0004353600088506937
1785290011.4646618,0.0,0.0,0.0004254719242453575
1785290011.465277,0.0,0.0,0.000440928153693676
1785290011.4658828,0.0,0.0,0.00043731206096708775
1785290011.466504,0.0,0.0,0.00044659199193120003
1785290011.4671416,0.0,0.0,0.00045958394184708595
1785290011.4677553,0.0,0.0,0.0004403840284794569
1785290011.4683745,0.0,0.0,0.0004459198098629713
1785290011.469012,0.0,0.0,0.0004453440196812153
1785290011.469643,0.0,0.0,0.0004439679905772209
1785290011.4702895,0.0,0.0,0.0004594877827912569
1785290011.470908,0.0,0.0,0.00044505600817501545
1785290011.4715447,0.0,0.0,0.0004650240298360586
1785290011.472157,0.0,0.0,0.00043724803254008293
1785290011.4727738,0.0,0.0,0.00044067203998565674
1785290011.4734004,0.0,0.0,0.00045366398990154266
1785290011.474046,0.0,0.0,0.0004636801313608885
1785290011.47466,0.0,0.0,0.0004336959682404995
1785290011.4759572,0.0,0.0,0.0011247680522501469
1785290011.4766123,0.0,0.0,0.0004588481970131397
1785290011.4772656,0.0,0.0,0.00046844780445098877
1785290011.4778845,0.0,0.0,0.00043731206096708775
1785290011.4785123,0.0,0.0,0.00044771190732717514
1785290011.4791775,0.0,0.0,0.00048649590462446213
1785290011.479811,0.0,0.0,0.0004555520135909319
1785290011.480408,0.0,0.0,0.0004223680589348078
1785290011.4810147,0.0,0.0,0.00043836794793605804
1785290011.4816463,0.0,0.0,0.0004474238958209753
1785290011.4822698,0.0,0.0,0.0004499838687479496
1785290011.4828763,0.0,0.0,0.00043302401900291443
1785290011.4835236,0.0,0.0,0.0004809920210391283
1785290011.4841526,0.0,0.0,0.0004538879729807377
1785290011.484768,0.0,0.0,0.00044064014218747616
1785290011.4853854,0.0,0.0,0.0004481279756873846
1785290011.486019,0.0,0.0,0.00044224015437066555
1785290011.4866319,0.0,0.0,0.0004381118342280388
1785290011.487276,0.0,0.0,0.0004670401103794575
1785290011.4879014,0.0,0.0,0.00045180809684097767
1785290011.488513,0.0,0.0,0.0004404480569064617
1785290011.489129,0.0,0.0,0.00044438382610678673
1785290011.489736,0.0,0.0,0.00043977610766887665
1785290011.4903455,0.0,0.0,0.0004365441855043173
1785290011.4909725,0.0,0.0,0.0004490558058023453
1785290011.4916189,0.0,0.0,0.00045056012459099293
1785290011.4922307,0.0,0.0,0.0004389758687466383
1785290011.4928536,0.0,0.0,0.00045279995538294315
1785290011.4934921,0.0,0.0,0.0004581119865179062
1785290011.4941332,0.0,0.0,0.0004620158579200506
1785290011.494753,0.0,0.0,0.0004504639655351639
1785290011.4953828,0.0,0.0,0.0004562879912555218
1785290011.495993,0.0,0.0,0.000436415895819664
1785290011.4966106,0.0,0.0,0.00044576008804142475
1785290011.4972339,0.0,0.0,0.00045081600546836853
1785290011.4978514,0.0,0.0,0.0004428480751812458
1785290011.4984653,0.0,0.0,0.0004401600454002619
1785290011.4990723,0.0,0.0,0.0004363518673926592
1785290011.499692,0.0,0.0,0.0004298558924347162
1785290011.5002935,0.0,0.0,0.00043289619497954845
1785290011.5009038,0.0,0.0,0.00043891207315027714
1785290011.501522,0.0,0.0,0.00042902398854494095
1785290011.5021317,0.0,0.0,0.00044505600817501545
1785290011.5027537,0.0,0.0,0.0004466879181563854
1785290011.5033872,0.0,0.0,0.0004599359817802906
1785290011.5039968,0.0,0.0,0.00043116812594234943
1785290011.5046232,0.0,0.0,0.00044912006705999374
1785290011.5052223,0.0,0.0,0.0004270719364285469
1785290011.505825,0.0,0.0,0.0004296319093555212
1785290011.5064332,0.0,0.0,0.00044713588431477547
1785290011.5070345,0.0,0.0,0.0004268479533493519
1785290011.5076902,0.0,0.0,0.00046003214083611965
1785290011.5083206,0.0,0.0,0.00045324815437197685
1785290011.5089324,0.0,0.0,0.00043657608330249786
1785290011.5095396,0.0,0.0,0.0004333760589361191
1785290011.5101504,0.0,0.0,0.00043596792966127396
1785290011.5107734,0.0,0.0,0.00044070417061448097
1785290011.511407,0.0,0.0,0.00046012806706130505
1785290011.512022,0.0,0.0,0.0004400957841426134
1785290011.5126414,0.0,0.0,0.0004505279939621687
1785290011.5132577,0.0,0.0,0.00044432003051042557
1785290011.5138712,0.0,0.0,0.00043750391341745853
1785290011.5144696,0.0,0.0,0.000424607889726758
1785290011.5150611,0.0,0.0,0.0004233601503074169
1785290011.5156963,0.0,0.0,0.00044022384099662304
1785290011.516301,0.0,0.0,0.0004328319337219
1785290011.5169332,0.0,0.0,0.0004581119865179062
1785290011.5175722,0.0,0.0,0.00045113591477274895
1785290011.5181866,0.0,0.0,0.00043852790258824825
1785290011.518805,0.0,0.0,0.00044832006096839905
1785290011.5194561,0.0,0.0,0.0004801920149475336
1785290011.5200756,0.0,0.0,0.00044006388634443283
1785290011.5206907,0.0,0.0,0.00044147204607725143
1785290011.521305,0.0,0.0,0.0004437121096998453
1785290011.5219326,0.0,0.0,0.00045526400208473206
1785290011.5225506,0.0,0.0,0.00044646416790783405
1785290011.5231917,0.0,0.0,0.00046684802509844303
1785290011.5238047,0.0,0.0,0.00043695978820323944
1785290011.52442,0.0,0.0,0.00044259196147322655
1785290011.5250258,0.0,0.0,0.00043356791138648987
1785290011.5256586,0.0,0.0,0.00045206397771835327
1785290011.5262794,0.0,0.0,0.00044512003660202026
1785290011.526892,0.0,0.0,0.00043654395267367363
1785290011.527545,0.0,0.0,0.0004817279987037182
1785290011.5281663,0.0,0.0,0.00044585601426661015
1785290011.5287673,0.0,0.0,0.0004337918944656849
1785290011.5293858,0.0,0.0,0.00044384016655385494
1785290011.5300002,0.0,0.0,0.0004393600393086672
1785290011.5313368,0.0,0.0,0.0005193599499762058
1785290011.5319812,0.0,0.0,0.0004548479337245226
1785290011.532616,0.0,0.0,0.0004575359635055065
1785290011.533227,0.0,0.0,0.0004392322152853012
1785290011.533847,0.0,0.0,0.0004428480751812458
1785290011.534469,0.0,0.0,0.0004472639411687851
1785290011.5351105,0.0,0.0,0.0004410562105476856
1785290011.5357535,0.0,0.0,0.0004574400372803211
1785290011.5363715,0.0,0.0,0.0004411840345710516
1785290011.5369933,0.0,0.0,0.00044672004878520966
1785290011.5376031,0.0,0.0,0.00043830391950905323
1785290011.538224,0.0,0.0,0.0004439679905772209
1785290011.5388403,0.0,0.0,0.00044188788160681725
1785290011.5394847,0.0,0.0,0.00046883197501301765
1785290011.5400982,0.0,0.0,0.0004378240555524826
1785290011.5407257,0.0,0.0,0.00045017595402896404
1785290011.541334,0.0,0.0,0.00043590390123426914
1785290011.5419545,0.0,0.0,0.00044537591747939587
1785290011.5425534,0.0,0.0,0.00042399996891617775
1785290011.543194,0.0,0.0,0.0004657919052988291
1785290011.5438178,0.0,0.0,0.00045014405623078346
1785290011.5444279,0.0,0.0,0.0004370880778878927
1785290011.5450406,0.0,0.0,0.0004402559716254473
1785290011.5456607,0.0,0.0,0.0004459840711206198
1785290011.546262,0.0,0.0,0.00042732805013656616
1785290011.5468705,0.0,0.0,0.00043897610157728195
1785290011.5475135,0.0,0.0,0.0004727679770439863
1785290011.5481272,0.0,0.0,0.00044281594455242157
1785290011.5487435,0.0,0.0,0.000444288132712245
1785290011.5493622,0.0,0.0,0.0004451198037713766
1785290011.5500455,0.0,0.0,0.00048220809549093246
1785290011.5506492,0.0,0.0,0.00042748800478875637
1785290011.5512788,0.0,0.0,0.00045446399599313736
1785290011.5518892,0.0,0.0,0.0004352319519966841
1785290011.552522,0.0,0.0,0.0004590079188346863
1785290011.553144,0.0,0.0,0.00044703995808959007
1785290011.5537572,0.0,0.0,0.0004412480629980564
1785290011.5543928,0.0,0.0,0.0004615678917616606
1785290011.5550117,0.0,0.0,0.00044512003660202026
1785290011.5556562,0.0,0.0,0.00045206397771835327
1785290011.556279,0.0,0.0,0.00044729607179760933
1785290011.556901,0.0,0.0,0.0004470720887184143
1785290011.5575206,0.0,0.0,0.00044480012729763985
1785290011.5581412,0.0,0.0,0.0004508798010647297
1785290011.5587583,0.0,0.0,0.00044867186807096004
1785290011.5594008,0.0,0.0,0.0004656640812754631
1785290011.560026,0.0,0.0,0.00044822390191257
1785290011.5606287,0.0,0.0,0.00044083199463784695
1785290011.5612378,0.0,0.0,0.00043612788431346416
1785290011.5618503,0.0,0.0,0.00044336006976664066
1785290011.5624585,0.0,0.0,0.00043900799937546253
1785290011.5630765,0.0,0.0,0.00044633587822318077
1785290011.5637047,0.0,0.0,0.00043244799599051476
1785290011.5643122,0.0,0.0,0.0004359681624919176
1785290011.564925,0.0,0.0,0.00044460780918598175
1785290011.5655746,0.0,0.0,0.0004591359756886959
1785290011.566173,0.0,0.0,0.00042975996620953083
1785290011.566785,0.0,0.0,0.00044262385927140713
1785290011.5674248,0.0,0.0,0.00046960008330643177
1785290011.5680327,0.0,0.0,0.0004326719790697098
1785290011.5686288,0.0,0.0,0.00042975996620953083
1785290011.5692544,0.0,0.0,0.0004579201340675354
1785290011.5698805,0.0,0.0,0.0004460480995476246
1785290011.5705092,0.0,0.0,0.0004558078944683075
1785290011.571135,0.0,0.0,0.0004488639533519745
1785290011.5717578,0.0,0.0,0.0004480639472603798
1785290011.5725973,0.0,0.0,0.00046006403863430023
1785290011.5732157,0.0,0.0,0.0004392641130834818
1785290011.5738225,0.0,0.0,0.0004292801022529602
1785290011.574433,0.0,0.0,0.00043897610157728195
1785290011.5750408,0.0,0.0,0.00043750391341745853
1785290011.5756938,0.0,0.0,0.0004549119621515274
1785290011.5763073,0.0,0.0,0.00043759983964264393
1785290011.576917,0.0,0.0,0.0004369600210338831
1785290011.5775366,0.0,0.0,0.0004456320311874151
1785290011.578155,0.0,0.0,0.00044323201291263103
1785290011.5787592,0.0,0.0,0.0004311040975153446
1785290011.5794027,0.0,0.0,0.0004664959851652384
1785290011.580019,0.0,0.0,0.00044179195538163185
1785290011.580627,0.0,0.0,0.0004323199391365051
1785290011.581242,0.0,0.0,0.0004427200183272362
1785290011.581879,0.0,0.0,0.0004456320311874151
1785290011.582496,0.0,0.0,0.00044169602915644646
1785290011.583116,0.0,0.0,0.0004480320494621992
1785290011.5837362,0.0,0.0,0.0004448320250958204
1785290011.5843723,0.0,0.0,0.0004625918809324503
1785290011.5849843,0.0,0.0,0.0004477438051253557
1785290011.58627,0.0,0.0,0.0011091839987784624
1785290011.5869112,0.0,0.0,0.0004462720826268196
1785290011.5875938,0.0,0.0,0.00047065597027540207
1785290011.588214,0.0,0.0,0.00043849600479006767
1785290011.588828,0.0,0.0,0.00043686386197805405
1785290011.5894535,0.0,0.0,0.00045110401697456837
1785290011.590091,0.0,0.0,0.00046140793710947037
1785290011.5907164,0.0,0.0,0.0004502080846577883
1785290011.5913818,0.0,0.0,0.00047472002916038036
1785290011.5919924,0.0,0.0,0.0004368959926068783
1785290011.5926077,0.0,0.0,0.0004431039560586214
1785290011.5932186,0.0,0.0,0.0004348801448941231
1785290011.593832,0.0,0.0,0.00043993606232106686
1785290011.5944407,0.0,0.0,0.00043388805352151394
1785290011.5950649,0.0,0.0,0.0004511037841439247
1785290011.5957053,0.0,0.0,0.00044259196147322655
1785290011.5963151,0.0,0.0,0.0004337278660386801
1785290011.596919,0.0,0.0,0.0004303359892219305
1785290011.597515,0.0,0.0,0.0004276800900697708
1785290011.5981052,0.0,0.0,0.0004225920420140028
1785290011.5987134,0.0,0.0,0.0004336640704423189
1785290011.5993285,0.0,0.0,0.0004447039682418108
1785290011.5999565,0.0,0.0,0.00044777593575417995
1785290011.6005466,0.0,0.0,0.0004210560582578182
1785290011.6011508,0.0,0.0,0.0004369281232357025
1785290011.601785,0.0,0.0,0.00045408005826175213
1785290011.602405,0.0,0.0,0.0004437121096998453
1785290011.6030161,0.0,0.0,0.00044281594455242157
1785290011.60366,0.0,0.0,0.00044585601426661015
1785290011.6042926,0.0,0.0,0.00046006403863430023
1785290011.6049118,0.0,0.0,0.00044748815707862377
1785290011.6055422,0.0,0.0,0.0004513920284807682
1785290011.6061661,0.0,0.0,0.0004505598917603493
1785290011.6067789,0.0,0.0,0.000439424067735672
1785290011.6074338,0.0,0.0,0.00048175989650189877
1785290011.6080642,0.0,0.0,0.00045721582137048244
1785290011.608693,0.0,0.0,0.00045238411985337734
1785290011.6093206,0.0,0.0,0.0004547201097011566
1785290011.6099455,0.0,0.0,0.0004473598673939705
1785290011.610572,0.0,0.0,0.0004426881205290556
1785290011.6112123,0.0,0.0,0.0004641280975192785
1785290011.6118193,0.0,0.0,0.000433055916801095
1785290011.612423,0.0,0.0,0.0004344959743320942
1785290011.613033,0.0,0.0,0.0004374398849904537
1785290011.6136396,0.0,0.0,0.0004345919005572796
1785290011.6142826,0.0,0.0,0.0004521601367741823
1785290011.614888,0.0,0.0,0.0004327681381255388
1785290011.615508,0.0,0.0,0.00045036780647933483
1785290011.616126,0.0,0.0,0.0004453440196812153
1785290011.616749,0.0,0.0,0.000449152197688818
1785290011.6173656,0.0,0.0,0.0004455680027604103
1785290011.6179779,0.0,0.0,0.0004379840102046728
1785290011.618602,0.0,0.0,0.0004504001699388027
1785290011.619269,0.0,0.0,0.0004892481956630945
1785290011.6198888,0.0,0.0,0.00044512003660202026
1785290011.6205018,0.0,0.0,0.0004368640948086977
1785290011.6211069,0.0,0.0,0.00043343985453248024
1785290011.6217284,0.0,0.0,0.0004498879425227642
1785290011.6223447,0.0,0.0,0.00044249603524804115
1785290011.6229465,0.0,0.0,0.0004289278294891119
1785290011.6236215,0.0,0.0,0.00048470403999090195
1785290011.624251,0.0,0.0,0.00045248004607856274
1785290011.6248848,0.0,0.0,0.00045711989514529705
1785290011.6254992,0.0,0.0,0.00044217612594366074
1785290011.62612,0.0,0.0,0.00045049586333334446
1785290011.6267416,0.0,0.0,0.0004487361293286085
1785290011.6273751,0.0,0.0,0.00046345614828169346
1785290011.6280005,0.0,0.0,0.0004497598856687546
1785290011.6286182,0.0,0.0,0.0004445761442184448
1785290011.629225,0.0,0.0,0.0004318400751799345
1785290011.6298525,0.0,0.0,0.0004430720582604408
1785290011.6304765,0.0,0.0,0.00043779192492365837
1785290011.631107,0.0,0.0,0.0004462080541998148
1785290011.631714,0.0,0.0,0.00043465616181492805
1785290011.6323264,0.0,0.0,0.0004416641313582659
1785290011.6329472,0.0,0.0,0.0004459838382899761
1785290011.6335547,0.0,0.0,0.00043683196417987347
1785290011.6341796,0.0,0.0,0.0004529920406639576
1785290011.6347976,0.0,0.0,0.00044755195267498493
1785290011.6354327,0.0,0.0,0.0004631681367754936
1785290011.6360598,0.0,0.0,0.0004478401970118284
1785290011.6366673,0.0,0.0,0.00043507199734449387
1785290011.637287,0.0,0.0,0.0004508479032665491
1785290011.6379147,0.0,0.0,0.000456320121884346
1785290011.6385233,0.0,0.0,0.00043507199734449387
1785290011.6391885,0.0,0.0,0.0004856002051383257
1785290011.6398265,0.0,0.0,0.0004593918565660715
1785290011.6404521,0.0,0.0,0.0004508798010647297
1785290011.64178,0.0,0.0,0.0004803519695997238
1785290011.6424317,0.0,0.0,0.00046070385724306107
1785290011.6430566,0.0,0.0,0.00045008002780377865
1785290011.6437068,0.0,0.0,0.0004506560508161783
1785290011.644323,0.0,0.0,0.0004419840406626463
1785290011.644942,0.0,0.0,0.00044409604743123055
1785290011.6455538,0.0,0.0,0.0004435521550476551
1785290011.6461651,0.0,0.0,0.00044169602915644646
1785290011.646816,0.0,0.0,0.0004618559032678604
1785290011.6474683,0.0,0.0,0.0004762881435453892
1785290011.648059,0.0,0.0,0.0004198080860078335
1785290011.648702,0.0,0.0,0.00045846402645111084
1785290011.649326,0.0,0.0,0.00044601596891880035
1785290011.6499343,0.0,0.0,0.00043571204878389835
1785290011.6505697,0.0,0.0,0.00044659199193120003
1785290011.6512082,0.0,0.0,0.00046367989853024483
1785290011.6518328,0.0,0.0,0.00044275191612541676
1785290011.652454,0.0,0.0,0.0004446080420166254
1785290011.6530635,0.0,0.0,0.00043433578684926033
1785290011.6536555,0.0,0.0,0.00042041600681841373
1785290011.6542666,0.0,0.0,0.0004429440014064312
1785290011.6549478,0.0,0.0,0.0004413439892232418
1785290011.6556113,0.0,0.0,0.0004727679770439863
1785290011.6562374,0.0,0.0,0.0004470080602914095
1785290011.6568348,0.0,0.0,0.00042787217535078526
1785290011.6574428,0.0,0.0,0.0004395840223878622
1785290011.658066,0.0,0.0,0.00044838408939540386
1785290011.658681,0.0,0.0,0.0004415358416736126
1785290011.659318,0.0,0.0,0.00046291202306747437
1785290011.6599343,0.0,0.0,0.00044480012729763985
1785290011.6605513,0.0,0.0,0.0004455680027604103
1785290011.6611643,0.0,0.0,0.0004422399215400219
1785290011.661775,0.0,0.0,0.0004412480629980564
1785290011.6623838,0.0,0.0,0.00043750391341745853
1785290011.6630135,0.0,0.0,0.00045894389040768147
1785290011.6636982,0.0,0.0,0.0004632959607988596
1785290011.6643233,0.0,0.0,0.00044659199193120003
1785290011.664916,0.0,0.0,0.000421023927628994
1785290011.665549,0.0,0.0,0.0004551038146018982
1785290011.6661577,0.0,0.0,0.00043859193101525307
1785290011.666772,0.0,0.0,0.00044419197365641594
1785290011.667411,0.0,0.0,0.0004654400981962681
1785290011.668038,0.0,0.0,0.00045193592086434364
1785290011.66864,0.0,0.0,0.0004338240250945091
1785290011.669253,0.0,0.0,0.0004420480690896511
1785290011.6698637,0.0,0.0,0.0004220479167997837
1785290011.6704752,0.0,0.0,0.00044102384708821774
1785290011.6710744,0.0,0.0,0.00042895996011793613
1785290011.67172,0.0,0.0,0.00045017595402896404
1785290011.6723244,0.0,0.0,0.00043494394049048424
1785290011.6729348,0.0,0.0,0.00044022384099662304
1785290011.6735532,0.0,0.0,0.0004438399337232113
1785290011.6741679,0.0,0.0,0.00044592004269361496
1785290011.674782,0.0,0.0,0.0004387199878692627
1785290011.6754408,0.0,0.0,0.0004896959289908409
1785290011.676055,0.0,0.0,0.00043881614692509174
1785290011.6766787,0.0,0.0,0.00045075220987200737
1785290011.6772838,0.0,0.0,0.00043315207585692406
1785290011.677894,0.0,0.0,0.00043884781189262867
1785290011.6785347,0.0,0.0,0.0004399681929498911
1785290011.67917,0.0,0.0,0.0004592959303408861
1785290011.6798038,0.0,0.0,0.00045219180174171925
1785290011.6804225,0.0,0.0,0.00044326414354145527
1785290011.6810443,0.0,0.0,0.00044838408939540386
1785290011.68167,0.0,0.0,0.00045110401697456837
1785290011.6822853,0.0,0.0,0.0004392957780510187
1785290011.6828969,0.0,0.0,0.00043836794793605804
1785290011.6835604,0.0,0.0,0.000489183934405446
1785290011.6841805,0.0,0.0,0.0004489598795771599
1785290011.6848152,0.0,0.0,0.0004590719472616911
1785290011.6854262,0.0,0.0,0.00044099194929003716
1785290011.686027,0.0,0.0,0.0004291520453989506
1785290011.686633,0.0,0.0,0.0004341118037700653
1785290011.6872733,0.0,0.0,0.0004700480494648218
1785290011.6878874,0.0,0.0,0.000439999857917428
1785290011.6885035,0.0,0.0,0.00044867186807096004
1785290011.6891165,0.0,0.0,0.00044137611985206604
1785290011.689749,0.0,0.0,0.0004455039743334055
1785290011.690368,0.0,0.0,0.000446368008852005
1785290011.6909912,0.0,0.0,0.00045014405623078346
1785290011.6916294,0.0,0.0,0.00045180809684097767
1785290011.6922526,0.0,0.0,0.0004504960961639881
1785290011.6928706,0.0,0.0,0.00044745602644979954
1785290011.693497,0.0,0.0,0.00045113591477274895
1785290011.6941001,0.0,0.0,0.00043984013609588146
1785290011.6947103,0.0,0.0,0.0004255038220435381
1785290011.695329,0.0,0.0,0.00045088003389537334
1785290011.6966124,0.0,0.0,0.0011087360326200724
1785290011.6972861,0.0,0.0,0.00046867202036082745
1785290011.697927,0.0,0.0,0.0004546879790723324
1785290011.6985595,0.0,0.0,0.0004537277854979038
1785290011.6992102,0.0,0.0,0.00047241593711078167
1785290011.6998205,0.0,0.0,0.00043491204269230366
1785290011.7004392,0.0,0.0,0.0004414080176502466
1785290011.7010684,0.0,0.0,0.000453311949968338
1785290011.7016754,0.0,0.0,0.00043702381663024426
1785290011.7022812,0.0,0.0,0.00043804803863167763
1785290011.7029052,0.0,0.0,0.00045039993710815907
1785290011.703536,0.0,0.0,0.00045718392357230186
1785290011.7041347,0.0,0.0,0.0004276800900697708
1785290011.7047424,0.0,0.0,0.00043747201561927795
1785290011.7053502,0.0,0.0,0.0004326719790697098
1785290011.7059498,0.0,0.0,0.00042972806841135025
1785290011.7065573,0.0,0.0,0.00043779192492365837
1785290011.7071724,0.0,0.0,0.00044969585724174976
1785290011.7077746,0.0,0.0,0.00043327989988029003
1785290011.7083852,0.0,0.0,0.0004396159201860428
1785290011.7089894,0.0,0.0,0.0004428799729794264
1785290011.709613,0.0,0.0,0.0004479680210351944
1785290011.710238,0.0,0.0,0.0004541119560599327
1785290011.7108645,0.0,0.0,0.00043759983964264393
1785290011.7115324,0.0,0.0,0.0004861759953200817
1785290011.7121518,0.0,0.0,0.0004466879181563854
1785290011.7127645,0.0,0.0,0.00044169602915644646
1785290011.7133675,0.0,0.0,0.0004312959499657154
1785290011.7139769,0.0,0.0,0.0004373758565634489
1785290011.714581,0.0,0.0,0.00043443217873573303
1785290011.7152226,0.0,0.0,0.0004742720630019903
1785290011.715847,0.0,0.0,0.0004520961083471775
1785290011.7164588,0.0,0.0,0.00044067203998565674
1785290011.7170637,0.0,0.0,0.0004331199452280998
1785290011.7176707,0.0,0.0,0.00043686386197805405
1785290011.7182765,0.0,0.0,0.00043478398583829403
1785290011.7188826,0.0,0.0,0.00043644802644848824
1785290011.7195141,0.0,0.0,0.00046211201697587967
1785290011.7201507,0.0,0.0,0.00045215990394353867
1785290011.720758,0.0,0.0,0.0004376000724732876
1785290011.72136,0.0,0.0,0.0004296000115573406
1785290011.7219718,0.0,0.0,0.00044425600208342075
1785290011.7225788,0.0,0.0,0.000436415895819664
1785290011.7232096,0.0,0.0,0.00045942398719489574
1785290011.723808,0.0,0.0,0.0004219519905745983
1785290011.7244022,0.0,0.0,0.00042137596756219864
1785290011.7250109,0.0,0.0,0.0004394559655338526
1785290011.7256234,0.0,0.0,0.00044067203998565674
1785290011.7262204,0.0,0.0,0.00042639998719096184
1785290011.726826,0.0,0.0,0.00043590390123426914
1785290011.7274656,0.0,0.0,0.0004696957767009735
1785290011.728089,0.0,0.0,0.00044793589040637016
1785290011.7286947,0.0,0.0,0.00043324800208210945
1785290011.729304,0.0,0.0,0.00043667200952768326
1785290011.7299263,0.0,0.0,0.0004473279695957899
1785290011.7305658,0.0,0.0,0.0004528961144387722
1785290011.731188,0.0,0.0,0.00045884796418249607
1785290011.7317977,0.0,0.0,0.00043407990597188473
1785290011.732404,0.0,0.0,0.00043923198245465755
1785290011.7330134,0.0,0.0,0.0004397439770400524
1785290011.7336216,0.0,0.0,0.0004383041523396969
1785290011.7342284,0.0,0.0,0.0004361600149422884
1785290011.7348459,0.0,0.0,0.00044332793913781643
1785290011.7354765,0.0,0.0,0.000456671928986907
1785290011.736082,0.0,0.0,0.0004431998822838068
1785290011.7366867,0.0,0.0,0.000432704109698534
1785290011.737283,0.0,0.0,0.00042249588295817375
1785290011.7378705,0.0,0.0,0.000426335958763957
1785290011.738475,0.0,0.0,0.0004363518673926592
1785290011.739088,0.0,0.0,0.0004439039621502161
1785290011.7397244,0.0,0.0,0.0004428480751812458
1785290011.740339,0.0,0.0,0.00044249603524804115
1785290011.7409434,0.0,0.0,0.0004344640765339136
1785290011.7415564,0.0,0.0,0.00044473609887063503
1785290011.7421882,0.0,0.0,0.00044323201291263103
1785290011.742813,0.0,0.0,0.00045232009142637253
1785290011.7434654,0.0,0.0,0.00048022414557635784
1785290011.7440922,0.0,0.0,0.0004489920102059841
1785290011.7447124,0.0,0.0,0.0004505598917603493
1785290011.7453337,0.0,0.0,0.00044777593575417995
1785290011.7459514,0.0,0.0,0.0004443840589374304
1785290011.7465854,0.0,0.0,0.0004533762112259865
1785290011.747249,0.0,0.0,0.0004903681110590696
1785290011.7478764,0.0,0.0,0.00045033590868115425
1785290011.748493,0.0,0.0,0.0004429440014064312
1785290011.749113,0.0,0.0,0.0004449279513210058
1785290011.7497265,0.0,0.0,0.00043872022069990635
1785290011.7503717,0.0,0.0,0.00045542395673692226
1785290011.7509801,0.0,0.0,0.00043379212729632854
1785290011.7523217,0.0,0.0,0.0004791680257767439
1785290011.7529597,0.0,0.0,0.00045088003389537334
1785290011.7535877,0.0,0.0,0.00045487983152270317
1785290011.7542157,0.0,0.0,0.0004489279817789793
1785290011.7548375,0.0,0.0,0.0004490558058023453
1785290011.7554793,0.0,0.0,0.00046470388770103455
1785290011.756086,0.0,0.0,0.00043084798380732536
1785290011.7567089,0.0,0.0,0.000449504004791379
1785290011.7573218,0.0,0.0,0.0004438720643520355
1785290011.7579339,0.0,0.0,0.00043987203389406204
1785290011.758546,0.0,0.0,0.00042230403050780296
1785290011.7591736,0.0,0.0,0.0004567038267850876
1785290011.759789,0.0,0.0,0.0004395840223878622
1785290011.7603962,0.0,0.0,0.00043427199125289917
1785290011.7610254,0.0,0.0,0.000453311949968338
1785290011.7616503,0.0,0.0,0.0004495680332183838
1785290011.7622726,0.0,0.0,0.00045187189243733883
1785290011.762881,0.0,0.0,0.0004372799303382635
1785290011.7635093,0.0,0.0,0.00045859208330512047
1785290011.7641337,0.0,0.0,0.000442784046754241
1785290011.7647672,0.0,0.0,0.00045436806976795197
1785290011.7654004,0.0,0.0,0.00045023998245596886
1785290011.766013,0.0,0.0,0.00043372809886932373
1785290011.766628,0.0,0.0,0.0004402240738272667
1785290011.7672691,0.0,0.0,0.00046780798584222794
1785290011.7678823,0.0,0.0,0.0004351041279733181
1785290011.7685008,0.0,0.0,0.00044515193440020084
1785290011.769093,0.0,0.0,0.00042278412729501724
1785290011.7697027,0.0,0.0,0.00043436791747808456
1785290011.7703037,0.0,0.0,0.0004284160677343607
1785290011.7709005,0.0,0.0,0.00042534410022199154
1785290011.7715313,0.0,0.0,0.00046454393304884434
1785290011.7721546,0.0,0.0,0.00044998410157859325
1785290011.7727625,0.0,0.0,0.00043414393439888954
1785290011.7733653,0.0,0.0,0.0004304959438741207
1785290011.7739868,0.0,0.0,0.0004452161956578493
1785290011.7746296,0.0,0.0,0.00045504001900553703
1785290011.7752743,0.0,0.0,0.0004699199926108122
1785290011.7758946,0.0,0.0,0.0004496960900723934
1785290011.7765198,0.0,0.0,0.000449152197688818
1785290011.777132,0.0,0.0,0.00043849600479006767
1785290011.7777467,0.0,0.0,0.00044249603524804115
1785290011.778353,0.0,0.0,0.00043750391341745853
1785290011.7789638,0.0,0.0,0.0004372159019112587
1785290011.7795978,0.0,0.0,0.00044377613812685013
1785290011.780202,0.0,0.0,0.00043228804133832455
1785290011.7808268,0.0,0.0,0.0004454720765352249
1785290011.7814503,0.0,0.0,0.00045039993710815907
1785290011.7820618,0.0,0.0,0.0004393600393086672
1785290011.7826774,0.0,0.0,0.0004419840406626463
1785290011.783335,0.0,0.0,0.0004769919905811548
1785290011.7839587,0.0,0.0,0.0004491519648581743
1785290011.7845845,0.0,0.0,0.00044959993101656437
1785290011.7851849,0.0,0.0,0.00043779192492365837
1785290011.7858033,0.0,0.0,0.00044633587822318077
1785290011.786423,0.0,0.0,0.00044787186197936535
1785290011.7870429,0.0,0.0,0.00044863997027277946
1785290011.7876623,0.0,0.0,0.00042995205149054527
1785290011.7882779,0.0,0.0,0.00044409604743123055
1785290011.7888887,0.0,0.0,0.00043833605013787746
1785290011.7894912,0.0,0.0,0.00042895996011793613
1785290011.7901366,0.0,0.0,0.00045708799734711647
1785290011.790779,0.0,0.0,0.0004590400494635105
1785290011.7914257,0.0,0.0,0.0004769598599523306
1785290011.7920346,0.0,0.0,0.00043356791138648987
1785290011.7926404,0.0,0.0,0.00043414393439888954
1785290011.7932515,0.0,0.0,0.0004402881022542715
1785290011.7938602,0.0,0.0,0.00043590390123426914
1785290011.794468,0.0,0.0,0.0004384000785648823
1785290011.7950747,0.0,0.0,0.0004428480751812458
1785290011.7957199,0.0,0.0,0.00044963182881474495
1785290011.796336,0.0,0.0,0.00044099194929003716
1785290011.7969415,0.0,0.0,0.00043539213947951794
1785290011.7975554,0.0,0.0,0.0004384000785648823
1785290011.7981932,0.0,0.0,0.00046262401156127453
1785290011.7988126,0.0,0.0,0.0004420159384608269
1785290011.799451,0.0,0.0,0.00046547199599444866
1785290011.800063,0.0,0.0,0.00043971207924187183
1785290011.8006797,0.0,0.0,0.0004428799729794264
1785290011.8012946,0.0,0.0,0.00044057611376047134
1785290011.8019178,0.0,0.0,0.0004487039986997843
1785290011.8025331,0.0,0.0,0.0004404799547046423
1785290011.803168,0.0,0.0,0.0004609599709510803
1785290011.803781,0.0,0.0,0.00043539213947951794
1785290011.8043885,0.0,0.0,0.00043302401900291443
1785290011.805003,0.0,0.0,0.00044233608059585094
1785290011.8056154,0.0,0.0,0.00043916795402765274
1785290011.806242,0.0,0.0,0.0004384000785648823
1785290011.8076808,0.0,0.0,0.0005044802092015743
1785290011.8083222,0.0,0.0,0.0004539838992059231
1785290011.8089535,0.0,0.0,0.00044640013948082924
1785290011.8095787,0.0,0.0,0.000446368008852005
1785290011.8102083,0.0,0.0,0.0004479680210351944
1785290011.8108225,0.0,0.0,0.00044057611376047134
1785290011.8114724,0.0,0.0,0.0004708799533545971
1785290011.8120842,0.0,0.0,0.00043897610157728195
1785290011.8127017,0.0,0.0,0.0004442238714545965
1785290011.8133185,0.0,0.0,0.000444639939814806
1785290011.8139417,0.0,0.0,0.00044374377466738224
1785290011.8145638,0.0,0.0,0.0004446080420166254
1785290011.8151972,0.0,0.0,0.00045775994658470154
1785290011.8158047,0.0,0.0,0.00043401611037552357
1785290011.8164194,0.0,0.0,0.0004435197915881872
1785290011.8170283,0.0,0.0,0.000436064088717103
1785290011.8176355,0.0,0.0,0.0004334719851613045
1785290011.8182542,0.0,0.0,0.00044144014827907085
1785290011.8188677,0.0,0.0,0.00044601596891880035
1785290011.8195064,0.0,0.0,0.0004691199865192175
1785290011.8201191,0.0,0.0,0.00043804803863167763
1785290011.8207173,0.0,0.0,0.0004287359770387411
1785290011.8213222,0.0,0.0,0.00043782382272183895
1785290011.82192,0.0,0.0,0.00042464002035558224
1785290011.8225513,0.0,0.0,0.0004404799547046423
1785290011.8231852,0.0,0.0,0.00046147219836711884
1785290011.8237686,0.0,0.0,0.0004152639303356409
1785290011.8243685,0.0,0.0,0.00042899209074676037
1785290011.8249733,0.0,0.0,0.0004291520453989506
1785290011.8255713,0.0,0.0,0.00042326399125158787
1785290011.8261735,0.0,0.0,0.00043519982136785984
1785290011.826763,0.0,0.0,0.00042742397636175156
1785290011.8273976,0.0,0.0,0.00046387198381125927
1785290011.8280044,0.0,0.0,0.0004321599844843149
1785290011.828596,0.0,0.0,0.00043120002374053
1785290011.8292043,0.0,0.0,0.00043599982745945454
1785290011.8298156,0.0,0.0,0.00044281594455242157
1785290011.83044,0.0,0.0,0.00045526400208473206
1785290011.8310595,0.0,0.0,0.0004306877963244915
1785290011.8317354,0.0,0.0,0.0004745279438793659
1785290011.8323615,0.0,0.0,0.00044816010631620884
1785290011.8329852,0.0,0.0,0.0004488639533519745
1785290011.8336132,0.0,0.0,0.00045718392357230186
1785290011.8342206,0.0,0.0,0.0004360000602900982
1785290011.8348277,0.0,0.0,0.0004368959926068783
1785290011.835468,0.0,0.0,0.0004680640995502472
1785290011.8360748,0.0,0.0,0.0004352319519966841
1785290011.8366761,0.0,0.0,0.0004282561130821705
1785290011.8372838,0.0,0.0,0.000436191912740469
1785290011.8378928,0.0,0.0,0.00043993606232106686
1785290011.8385055,0.0,0.0,0.00043251202441751957
1785290011.8391244,0.0,0.0,0.0004557438660413027
1785290011.8397424,0.0,0.0,0.00045190402306616306
1785290011.84035,0.0,0.0,0.00043715210631489754
1785290011.8409657,0.0,0.0,0.00044678407721221447
1785290011.8415987,0.0,0.0,0.00044998410157859325
1785290011.8422112,0.0,0.0,0.0004442238714545965
1785290011.8428087,0.0,0.0,0.00043615978211164474
1785290011.843434,0.0,0.0,0.00045759999193251133
1785290011.8440428,0.0,0.0,0.00043907202780246735
1785290011.8446627,0.0,0.0,0.00045008002780377865
1785290011.8452697,0.0,0.0,0.00043209618888795376
1785290011.8458788,0.0,0.0,0.00043654395267367363
1785290011.8464832,0.0,0.0,0.0004337278660386801
1785290011.8470898,0.0,0.0,0.0004423679783940315
1785290011.8477151,0.0,0.0,0.0004382398910820484
1785290011.8483725,0.0,0.0,0.0004381118342280388
1785290011.848999,0.0,0.0,0.00044908816926181316
1785290011.849616,0.0,0.0,0.0004488960839807987
1785290011.8502274,0.0,0.0,0.0004415998701006174
1785290011.8508542,0.0,0.0,0.0004555841442197561
1785290011.8515015,0.0,0.0,0.00047532818280160427
1785290011.8521235,0.0,0.0,0.00044889585115015507
1785290011.8527315,0.0,0.0,0.0004352959804236889
1785290011.8533437,0.0,0.0,0.0004371199756860733
1785290011.8539445,0.0,0.0,0.000427616061642766
1785290011.8545475,0.0,0.0,0.00042425584979355335
1785290011.8551733,0.0,0.0,0.00045622396282851696
1785290011.8557758,0.0,0.0,0.0004294400569051504
1785290011.8563852,0.0,0.0,0.00043510389514267445
1785290011.856997,0.0,0.0,0.0004347199574112892
1785290011.857634,0.0,0.0,0.00045587215572595596
1785290011.8582597,0.0,0.0,0.00045270402915775776
1785290011.8588696,0.0,0.0,0.0004396799486130476
1785290011.8595095,0.0,0.0,0.00046620797365903854
1785290011.8601305,0.0,0.0,0.00044860783964395523
1785290011.860746,0.0,0.0,0.00043948786333203316
1785290011.8613613,0.0,0.0,0.0004356158897280693
1785290011.8628275,0.0,0.0,0.001291103893890977
1785290011.8635004,0.0,0.0,0.00047212792560458183
1785290011.8641334,0.0,0.0,0.0004488639533519745
1785290011.86475,0.0,0.0,0.00043891207315027714
1785290011.8653643,0.0,0.0,0.0004401600454002619
1785290011.8659835,0.0,0.0,0.00044361595064401627
1785290011.8665953,0.0,0.0,0.0004393281415104866
1785290011.8672261,0.0,0.0,0.0004622719716280699
1785290011.8678439,0.0,0.0,0.00043996796011924744
1785290011.8684318,0.0,0.0,0.00041616009548306465
1785290011.869047,0.0,0.0,0.00045049586333334446
1785290011.8696523,0.0,0.0,0.00043583987280726433
1785290011.8702633,0.0,0.0,0.0004391039256006479
1785290011.8709295,0.0,0.0,0.0004587520379573107
1785290011.8715632,0.0,0.0,0.00044249603524804115
1785290011.872178,0.0,0.0,0.0004446080420166254
1785290011.872802,0.0,0.0,0.0004504639655351639
1785290011.8734286,0.0,0.0,0.00045232009142637253
1785290011.8740482,0.0,0.0,0.00044649606570601463
1785290011.8746648,0.0,0.0,0.0004409600514918566
1785290011.8753266,0.0,0.0,0.000483871903270483
1785290011.8759527,0.0,0.0,0.0004479039926081896
1785290011.8765981,0.0,0.0,0.000468255952000618
1785290011.8772085,0.0,0.0,0.00043759983964264393
1785290011.8778203,0.0,0.0,0.00044521596282720566
1785290011.878437,0.0,0.0,0.00044502411037683487
1785290011.8790526,0.0,0.0,0.00044336006976664066
1785290011.8797045,0.0,0.0,0.00045177596621215343
1785290011.880315,0.0,0.0,0.00044092792086303234
1785290011.8809261,0.0,0.0,0.0004395199939608574
1785290011.8815396,0.0,0.0,0.00043916795402765274
1785290011.8821313,0.0,0.0,0.00043129618279635906
1785290011.882747,0.0,0.0,0.0004459840711206198
1785290011.8833733,0.0,0.0,0.0004555520135909319
1785290011.8839774,0.0,0.0,0.00043747201561927795
1785290011.884589,0.0,0.0,0.00044172792695462704
1785290011.885189,0.0,0.0,0.00043577607721090317
1785290011.8857899,0.0,0.0,0.00042912014760077
1785290011.8864205,0.0,0.0,0.0004444799851626158
1785290011.887038,0.0,0.0,0.00044867186807096004
1785290011.8876696,0.0,0.0,0.0004427200183272362
1785290011.8882968,0.0,0.0,0.00045708799734711647
1785290011.8889043,0.0,0.0,0.0004326081834733486
1785290011.8895001,0.0,0.0,0.00042518414556980133
1785290011.8901458,0.0,0.0,0.000461184186860919
1785290011.8907533,0.0,0.0,0.00043331203050911427
1785290011.891403,0.0,0.0,0.00047872005961835384
1785290011.8920128,0.0,0.0,0.0004423039499670267
1785290011.89263,0.0,0.0,0.00044502411037683487
1785290011.8932428,0.0,0.0,0.0004438399337232113
1785290011.8938491,0.0,0.0,0.00043772789649665356
1785290011.894455,0.0,0.0,0.0004342400934547186
1785290011.8950794,0.0,0.0,0.0004508479032665491
1785290011.8957071,0.0,0.0,0.00044489605352282524
1785290011.8963087,0.0,0.0,0.0004317760467529297
1785290011.8969288,0.0,0.0,0.0004471680149435997
1785290011.8975496,0.0,0.0,0.0004438399337232113
1785290011.8981614,0.0,0.0,0.00043644802644848824
1785290011.8987694,0.0,0.0,0.000438143964856863
1785290011.8994012,0.0,0.0,0.00045564817264676094
1785290011.900018,0.0,0.0,0.00044144014827907085
1785290011.9006288,0.0,0.0,0.0004380159080028534
1785290011.901236,0.0,0.0,0.0004387840162962675
1785290011.901849,0.0,0.0,0.00044435192830860615
1785290011.9024737,0.0,0.0,0.00044009601697325706
1785290011.9030902,0.0,0.0,0.00044678407721221447
1785290011.9037204,0.0,0.0,0.0004391998518258333
1785290011.90434,0.0,0.0,0.0004489279817789793
1785290011.904937,0.0,0.0,0.0004287359770387411
1785290011.905547,0.0,0.0,0.00044051208533346653
1785290011.9061553,0.0,0.0,0.0004394559655338526
1785290011.906763,0.0,0.0,0.00043788785114884377
1785290011.907399,0.0,0.0,0.0004661118146032095
1785290011.9080043,0.0,0.0,0.0004355518613010645
1785290011.908646,0.0,0.0,0.00047036795876920223
1785290011.909261,0.0,0.0,0.0004304000176489353
1785290011.909871,0.0,0.0,0.0004378559533506632
1785290011.9104853,0.0,0.0,0.00044176005758345127
1785290011.9111168,0.0,0.0,0.00045705586671829224
1785290011.9117281,0.0,0.0,0.00043331203050911427
1785290011.9123487,0.0,0.0,0.00044527999125421047
1785290011.9129732,0.0,0.0,0.00044729607179760933
1785290011.9135842,0.0,0.0,0.0004371199756860733
1785290011.9141986,0.0,0.0,0.0004395199939608574
1785290011.9148114,0.0,0.0,0.0004437440074980259
1785290011.9154606,0.0,0.0,0.0004781761672347784
1785290011.9160862,0.0,0.0,0.0004454720765352249
1785290011.9167,0.0,0.0,0.00043900799937546253
1785290011.9179878,0.0,0.0,0.0004753922112286091
1785290011.918629,0.0,0.0,0.0004537280183285475
1785290011.9192853,0.0,0.0,0.0004776639398187399
1785290011.9198935,0.0,0.0,0.0004323199391365051
1785290011.9205163,0.0,0.0,0.0004489598795771599
1785290011.9211247,0.0,0.0,0.00043587200343608856
1785290011.9217474,0.0,0.0,0.0004565760027617216
1785290011.922347,0.0,0.0,0.00042601581662893295
1785290011.922949,0.0,0.0,0.0004287359770387411
1785290011.9235787,0.0,0.0,0.0004396159201860428
1785290011.9241748,0.0,0.0,0.00042083184234797955
1785290011.9247787,0.0,0.0,0.00043299212120473385
1785290011.925383,0.0,0.0,0.00042652804404497147
1785290011.925994,0.0,0.0,0.0004465598613023758
1785290011.9265935,0.0,0.0,0.0004293120000511408
1785290011.927211,0.0,0.0,0.0004458879120647907
1785290011.9278407,0.0,0.0,0.00045257597230374813
1785290011.9284663,0.0,0.0,0.00044928002171218395
1785290011.9290864,0.0,0.0,0.0004481920041143894
1785290011.9296947,0.0,0.0,0.00043824012391269207
1785290011.9303312,0.0,0.0,0.00046550389379262924
1785290011.9309425,0.0,0.0,0.0004376000724732876
1785290011.9315832,0.0,0.0,0.00044928002171218395
1785290011.9321897,0.0,0.0,0.0004326400812715292
1785290011.9328294,0.0,0.0,0.00046220794320106506
1785290011.9334476,0.0,0.0,0.0004486080724745989
1785290011.9340804,0.0,0.0,0.0004600000102072954
1785290011.9347026,0.0,0.0,0.0004335360135883093
1785290011.9353278,0.0,0.0,0.0004547520074993372
1785290011.9359257,0.0,0.0,0.00042550405487418175
1785290011.9365218,0.0,0.0,0.00042499182745814323
1785290011.9371274,0.0,0.0,0.00043651205487549305
1785290011.937725,0.0,0.0,0.000429695937782526
1785290011.938339,0.0,0.0,0.0004404159262776375
1785290011.9389443,0.0,0.0,0.0004303678870201111
1785290011.9396002,0.0,0.0,0.0004580800887197256
1785290011.9402254,0.0,0.0,0.0004473919980227947
1785290011.9408312,0.0,0.0,0.00043939193710684776
1785290011.9414723,0.0,0.0,0.00046707200817763805
1785290011.9420774,0.0,0.0,0.0004287359770387411
1785290011.942704,0.0,0.0,0.0004476478789001703
1785290011.9433439,0.0,0.0,0.0004683199804276228
1785290011.9439652,0.0,0.0,0.0004450881388038397
1785290011.944594,0.0,0.0,0.0004536961205303669
1785290011.9452121,0.0,0.0,0.0004429440014064312
1785290011.9458292,0.0,0.0,0.0004422080237418413
1785290011.9464362,0.0,0.0,0.00043247989378869534
1785290011.9470701,0.0,0.0,0.00046063982881605625
1785290011.9477158,0.0,0.0,0.000451456056907773
1785290011.9483154,0.0,0.0,0.0004267520271241665
1785290011.9489255,0.0,0.0,0.0004411840345710516
1785290011.9495678,0.0,0.0,0.0004523838870227337
1785290011.9501767,0.0,0.0,0.0004242879804223776
1785290011.9507751,0.0,0.0,0.00042425584979355335
1785290011.9514012,0.0,0.0,0.0004584318958222866
1785290011.9520094,0.0,0.0,0.0004338240250945091
1785290011.9526274,0.0,0.0,0.0004428480751812458
1785290011.9532342,0.0,0.0,0.0004328959621489048
1785290011.9538493,0.0,0.0,0.00044524786062538624
1785290011.9544637,0.0,0.0,0.00044105597771704197
1785290011.955058,0.0,0.0,0.00043155206367373466
1785290011.955704,0.0,0.0,0.00045356806367635727
1785290011.9563067,0.0,0.0,0.00042905588634312153
1785290011.9569104,0.0,0.0,0.00043286383152008057
1785290011.9575205,0.0,0.0,0.00044179195538163185
1785290011.9581265,0.0,0.0,0.0004328959621489048
1785290011.9587185,0.0,0.0,0.00042112008668482304
1785290011.9593482,0.0,0.0,0.00045759999193251133
1785290011.9599645,0.0,0.0,0.0004455680027604103
1785290011.9605968,0.0,0.0,0.00045228819362819195
1785290011.9612157,0.0,0.0,0.0004504960961639881
1785290011.961824,0.0,0.0,0.00043315207585692406
1785290011.962444,0.0,0.0,0.00045023998245596886
1785290011.9630494,0.0,0.0,0.00043110386468470097
1785290011.9636917,0.0,0.0,0.00044419197365641594
1785290011.9643016,0.0,0.0,0.0004463039804250002
1785290011.9649072,0.0,0.0,0.0004353600088506937
1785290011.9655185,0.0,0.0,0.0004412159323692322
1785290011.9661472,0.0,0.0,0.0004434240981936455
1785290011.9667413,0.0,0.0,0.00042208004742860794
1785290011.9673748,0.0,0.0,0.00046204798854887486
1785290011.9679894,0.0,0.0,0.00043900799937546253
1785290011.968631,0.0,0.0,0.00044515193440020084
1785290011.9692268,0.0,0.0,0.0004227838944643736
1785290011.9698353,0.0,0.0,0.00043052807450294495
1785290011.9704514,0.0,0.0,0.00044188788160681725
1785290011.971059,0.0,0.0,0.00043993606232106686
1785290011.971695,0.0,0.0,0.0004455680027604103
1785290011.9729767,0.0,0.0,0.0011117118410766125
1785290011.9736297,0.0,0.0,0.00045791990123689175
1785290011.9742692,0.0,0.0,0.0004595518112182617
1785290011.9749022,0.0,0.0,0.0004570560995489359
1785290011.975562,0.0,0.0,0.0004818239249289036
1785290011.9761796,0.0,0.0,0.00044099194929003716
1785290011.976801,0.0,0.0,0.000447872094810009
1785290011.977411,0.0,0.0,0.000439200084656477
1785290011.9780207,0.0,0.0,0.0004315201658755541
1785290011.9786398,0.0,0.0,0.0004443197976797819
1785290011.9792774,0.0,0.0,0.0004672959912568331
1785290011.9798818,0.0,0.0,0.00042803213000297546
1785290011.9804878,0.0,0.0,0.00043724803254008293
1785290011.9811003,0.0,0.0,0.00044089602306485176
1785290011.981717,0.0,0.0,0.00044288020581007004
1785290011.9823265,0.0,0.0,0.00043849600479006767
1785290011.9829326,0.0,0.0,0.00042902398854494095
1785290011.9835525,0.0,0.0,0.0004303359892219305
1785290011.9841542,0.0,0.0,0.00043142400681972504
1785290011.984768,0.0,0.0,0.0004391998518258333
1785290011.9853728,0.0,0.0,0.00043526384979486465
1785290011.9859629,0.0,0.0,0.00042265583761036396
1785290011.986557,0.0,0.0,0.0004264318849891424
1785290011.9872065,0.0,0.0,0.0004813761916011572
1785290011.9878201,0.0,0.0,0.0004410240799188614
1785290011.9884367,0.0,0.0,0.00044393609277904034
1785290011.9890337,0.0,0.0,0.0004244160372763872
1785290011.9896648,0.0,0.0,0.00044332793913781643
1785290011.9902632,0.0,0.0,0.00042716809548437595
1785290011.9908845,0.0,0.0,0.0004523519892245531
1785290011.991511,0.0,0.0,0.00045302417129278183
1785290011.9921253,0.0,0.0,0.0004447039682418108
1785290011.9927294,0.0,0.0,0.00043398397974669933
1785290011.993341,0.0,0.0,0.0004404799547046423
1785290011.9939477,0.0,0.0,0.0004384641069918871
1785290011.9945524,0.0,0.0,0.00043587200343608856
1785290011.995181,0.0,0.0,0.00045801582746207714
1785290011.9957955,0.0,0.0,0.0004376000724732876
1785290011.996396,0.0,0.0,0.00042911991477012634
1785290011.9969943,0.0,0.0,0.0004277119878679514
1785290011.9976017,0.0,0.0,0.00043820799328386784
1785290011.9982257,0.0,0.0,0.00043824012391269207
1785290011.9988365,0.0,0.0,0.00043904013000428677
1785290011.9994638,0.0,0.0,0.0004582719411700964
1785290012.00008,0.0,0.0,0.00044585601426661015
1785290012.0006914,0.0,0.0,0.00044083199463784695
1785290012.0013018,0.0,0.0,0.0004419200122356415
1785290012.0019336,0.0,0.0,0.0004539838992059231
1785290012.0025504,0.0,0.0,0.00044355192221701145
1785290012.003205,0.0,0.0,0.0004825280047953129
1785290012.0038266,0.0,0.0,0.0004458879120647907
1785290012.0044353,0.0,0.0,0.0004406080115586519
1785290012.005049,0.0,0.0,0.00044009601697325706
1785290012.0056615,0.0,0.0,0.0004363199695944786
1785290012.0062826,0.0,0.0,0.0004488639533519745
1785290012.006897,0.0,0.0,0.00044521596282720566
1785290012.007506,0.0,0.0,0.0004402559716254473
1785290012.008115,0.0,0.0,0.000434336019679904
1785290012.0087287,0.0,0.0,0.0004419200122356415
1785290012.0093656,0.0,0.0,0.00044908816926181316
1785290012.0099742,0.0,0.0,0.0004368959926068783
1785290012.01058,0.0,0.0,0.00043728016316890717
1785290012.0112224,0.0,0.0,0.0004708480555564165
1785290012.0118394,0.0,0.0,0.00044672004878520966
1785290012.01245,0.0,0.0,0.000438143964856863
1785290012.0130522,0.0,0.0,0.0004312319215387106
1785290012.013674,0.0,0.0,0.0004391358233988285
1785290012.014274,0.0,0.0,0.0004363839980214834
1785290012.0148787,0.0,0.0,0.00042870407924056053
1785290012.0155013,0.0,0.0,0.00045103998854756355
1785290012.016112,0.0,0.0,0.0004335041157901287
1785290012.0167093,0.0,0.0,0.0004252160433679819
1785290012.0173256,0.0,0.0,0.00044387183152139187
1785290012.0179322,0.0,0.0,0.00043145613744854927
1785290012.018543,0.0,0.0,0.0004367681685835123
1785290012.019173,0.0,0.0,0.0004567678552120924
1785290012.0197892,0.0,0.0,0.00044176005758345127
1785290012.0203989,0.0,0.0,0.0004397439770400524
1785290012.0210207,0.0,0.0,0.00044854404404759407
1785290012.0216389,0.0,0.0,0.0004444799851626158
1785290012.0222678,0.0,0.0,0.00045574409887194633
1785290012.0228958,0.0,0.0,0.0004497920162975788
1785290012.0235262,0.0,0.0,0.0004591038450598717
1785290012.02413,0.0,0.0,0.00042678392492234707
1785290012.0247457,0.0,0.0,0.000447648111730814
1785290012.0253513,0.0,0.0,0.00043260795064270496
1785290012.0259626,0.0,0.0,0.0004375358112156391
1785290012.026572,0.0,0.0,0.00043740798719227314
1785290012.0278528,0.0,0.0,0.0011089278850704432
1785290012.0285275,0.0,0.0,0.00046809599734842777
1785290012.0291743,0.0,0.0,0.00046387198381125927
1785290012.0298023,0.0,0.0,0.0004447679966688156
1785290012.0304496,0.0,0.0,0.0004588481970131397
1785290012.0310736,0.0,0.0,0.00044822390191257
1785290012.0317345,0.0,0.0,0.00045561580918729305
1785290012.0323503,0.0,0.0,0.000443008029833436
1785290012.0329602,0.0,0.0,0.0004355839919298887
1785290012.0335724,0.0,0.0,0.00043747201561927795
1785290012.034195,0.0,0.0,0.00044607999734580517
1785290012.034805,0.0,0.0,0.0004376000724732876
1785290012.0354385,0.0,0.0,0.0004651518538594246
1785290012.036045,0.0,0.0,0.00043731206096708775
1785290012.0366597,0.0,0.0,0.00044156797230243683
1785290012.0372791,0.0,0.0,0.0004446080420166254
1785290012.0378916,0.0,0.0,0.00044099194929003716
1785290012.0384936,0.0,0.0,0.0004313602112233639
1785290012.039126,0.0,0.0,0.0004597441293299198
1785290012.0397344,0.0,0.0,0.0004284800961613655
1785290012.0403378,0.0,0.0,0.0004301441367715597
1785290012.040953,0.0,0.0,0.0004411200061440468
1785290012.0415692,0.0,0.0,0.00044371187686920166
1785290012.0421832,0.0,0.0,0.00044243200682103634
1785290012.0427938,0.0,0.0,0.00043731206096708775
1785290012.0434413,0.0,0.0,0.00047398381866514683
1785290012.0440505,0.0,0.0,0.0004332801327109337
1785290012.0446491,0.0,0.0,0.0004374398849904537
1785290012.0452673,0.0,0.0,0.0004451840650290251
1785290012.0458846,0.0,0.0,0.0004434240981936455
1785290012.0464888,0.0,0.0,0.0004319678992033005
1785290012.0471232,0.0,0.0,0.0004615040961652994
1785290012.0477493,0.0,0.0,0.00044863997027277946
1785290012.0483594,0.0,0.0,0.000437919981777668
1785290012.0489826,0.0,0.0,0.00044041615910828114
1785290012.0496085,0.0,0.0,0.0004497598856687546
1785290012.0502045,0.0,0.0,0.0004311678931117058
1785290012.0508268,0.0,0.0,0.0004479039926081896
1785290012.051475,0.0,0.0,0.00047440011985599995
1785290012.0520847,0.0,0.0,0.0004359360318630934
1785290012.0527027,0.0,0.0,0.00044329604133963585
1785290012.0533104,0.0,0.0,0.0004377600271254778
1785290012.0539322,0.0,0.0,0.00044777593575417995
1785290012.0545459,0.0,0.0,0.00044028786942362785
1785290012.0551965,0.0,0.0,0.0004751679953187704
1785290012.0558283,0.0,0.0,0.0004536320921033621
1785290012.0564435,0.0,0.0,0.00044076796621084213
1785290012.057055,0.0,0.0,0.00044259196147322655
1785290012.057664,0.0,0.0,0.00043817609548568726
1785290012.058272,0.0,0.0,0.0004362559411674738
1785290012.0588868,0.0,0.0,0.0004431039560586214
1785290012.059526,0.0,0.0,0.0004659199621528387
1785290012.0601509,0.0,0.0,0.00045011192560195923
1785290012.0607662,0.0,0.0,0.00044313608668744564
1785290012.0613737,0.0,0.0,0.0004330237861722708
1785290012.0620065,0.0,0.0,0.00043980800546705723
1785290012.062616,0.0,0.0,0.0004355199635028839
1785290012.0632536,0.0,0.0,0.0004637760575860739
1785290012.0638783,0.0,0.0,0.0004494080785661936
1785290012.064495,0.0,0.0,0.00044329604133963585
1785290012.0651066,0.0,0.0,0.0004377600271254778
1785290012.065738,0.0,0.0,0.00045718392357230186
1785290012.0663552,0.0,0.0,0.0004459838382899761
1785290012.066979,0.0,0.0,0.0004510721191763878
1785290012.0675983,0.0,0.0,0.0004269119817763567
1785290012.0681984,0.0,0.0,0.00043110386468470097
1785290012.0688128,0.0,0.0,0.0004325760528445244
1785290012.0694249,0.0,0.0,0.00044163200072944164
1785290012.070051,0.0,0.0,0.00045199994929134846
1785290012.07066,0.0,0.0,0.00043577607721090317
1785290012.0712948,0.0,0.0,0.00046441610902547836
1785290012.0719163,0.0,0.0,0.00044835195876657963
1785290012.0725162,0.0,0.0,0.0004276479594409466
1785290012.0731294,0.0,0.0,0.00044092792086303234
1785290012.0737426,0.0,0.0,0.00043827202171087265
1785290012.0743823,0.0,0.0,0.00045900815166532993
1785290012.0750647,0.0,0.0,0.00044572819024324417
1785290012.0757234,0.0,0.0,0.00046207988634705544
1785290012.076346,0.0,0.0,0.00044703995808959007
1785290012.0769773,0.0,0.0,0.00045798392966389656
1785290012.077612,0.0,0.0,0.0004502080846577883
1785290012.0782323,0.0,0.0,0.00044409604743123055
1785290012.078845,0.0,0.0,0.0004423039499670267
1785290012.079471,0.0,0.0,0.000457952031865716
1785290012.0800772,0.0,0.0,0.0004348158836364746
1785290012.0806935,0.0,0.0,0.00044361595064401627
1785290012.0813131,0.0,0.0,0.00044662412256002426
1785290012.081926,0.0,0.0,0.0004447998944669962
1785290012.0831769,0.0,0.0,0.001077983994036913
1785290012.08385,0.0,0.0,0.0004716480616480112
1785290012.084477,0.0,0.0,0.0004416638985276222
1785290012.0850985,0.0,0.0,0.0004454080481082201
1785290012.0857267,0.0,0.0,0.00045011192560195923
1785290012.086345,0.0,0.0,0.00044432003051042557
1785290012.0869598,0.0,0.0,0.00044512003660202026
1785290012.0876074,0.0,0.0,0.0004481920041143894
1785290012.0882444,0.0,0.0,0.0004582079127430916
1785290012.088851,0.0,0.0,0.0004314559046179056
1785290012.089464,0.0,0.0,0.00043971207924187183
1785290012.0900629,0.0,0.0,0.00042895996011793613
1785290012.090667,0.0,0.0,0.00043228804133832455
1785290012.0913131,0.0,0.0,0.00047820783220231533
1785290012.0919328,0.0,0.0,0.000446368008852005
1785290012.0925593,0.0,0.0,0.00045036780647933483
1785290012.0931845,0.0,0.0,0.0004489279817789793
1785290012.0937924,0.0,0.0,0.0004399681929498911
1785290012.0944104,0.0,0.0,0.00042425584979355335
1785290012.0950227,0.0,0.0,0.0004368959926068783
1785290012.095684,0.0,0.0,0.00046771205961704254
1785290012.0963085,0.0,0.0,0.00045059178955852985
1785290012.0969331,0.0,0.0,0.00045311986468732357
1785290012.09755,0.0,0.0,0.0004452802240848541
1785290012.0981677,0.0,0.0,0.0004434881266206503
1785290012.0987868,0.0,0.0,0.0004531200975179672
1785290012.0994298,0.0,0.0,0.00046697608195245266
1785290012.1000352,0.0,0.0,0.0004369600210338831
1785290012.1006453,0.0,0.0,0.00043923198245465755
1785290012.101247,0.0,0.0,0.0004317441489547491
1785290012.1018653,0.0,0.0,0.0004512639716267586
1785290012.1024737,0.0,0.0,0.0004429121036082506
1785290012.1030834,0.0,0.0,0.0004388799425214529
1785290012.103738,0.0,0.0,0.00045750406570732594
1785290012.1043615,0.0,0.0,0.00044988817535340786
1785290012.1049793,0.0,0.0,0.0004456320311874151
1785290012.1055975,0.0,0.0,0.00044489605352282524
1785290012.1062064,0.0,0.0,0.0004391039256006479
1785290012.1068187,0.0,0.0,0.00043987203389406204
1785290012.1074393,0.0,0.0,0.00045279995538294315
1785290012.10805,0.0,0.0,0.00043555209413170815
1785290012.1086667,0.0,0.0,0.000446719815954566
1785290012.1092718,0.0,0.0,0.0004371199756860733
1785290012.1099105,0.0,0.0,0.00044905603863298893
1785290012.1105628,0.0,0.0,0.00046070385724306107
1785290012.111198,0.0,0.0,0.00046358397230505943
1785290012.1118157,0.0,0.0,0.0004450557753443718
1785290012.1124191,0.0,0.0,0.00043142400681972504
1785290012.1130407,0.0,0.0,0.0004468481056392193
1785290012.113652,0.0,0.0,0.0004372799303382635
1785290012.1142528,0.0,0.0,0.00043286383152008057
1785290012.1148674,0.0,0.0,0.0004417598247528076
1785290012.1154985,0.0,0.0,0.00046505616046488285
1785290012.1161058,0.0,0.0,0.000436064088717103
1785290012.1167145,0.0,0.0,0.0004388799425214529
1785290012.117314,0.0,0.0,0.0004336640704423189
1785290012.1179326,0.0,0.0,0.00044720014557242393
1785290012.1185486,0.0,0.0,0.0004419200122356415
1785290012.1191916,0.0,0.0,0.00047148787416517735
1785290012.1198072,0.0,0.0,0.00044201617129147053
1785290012.1204226,0.0,0.0,0.00044406414963304996
1785290012.1210475,0.0,0.0,0.0004494721069931984
1785290012.1216662,0.0,0.0,0.00044748815707862377
1785290012.122275,0.0,0.0,0.0004430720582604408
1785290012.1228912,0.0,0.0,0.0004431679844856262
1785290012.1235518,0.0,0.0,0.0004923839587718248
1785290012.1241794,0.0,0.0,0.0004531200975179672
1785290012.1248126,0.0,0.0,0.0004600959364324808
1785290012.1254327,0.0,0.0,0.00044336006976664066
1785290012.126056,0.0,0.0,0.00043782382272183895
1785290012.1266694,0.0,0.0,0.0004416641313582659
1785290012.127308,0.0,0.0,0.00046361610293388367
1785290012.1279113,0.0,0.0,0.00042991992086172104
1785290012.1285372,0.0,0.0,0.0004539520014077425
1785290012.1291566,0.0,0.0,0.0004362240433692932
1785290012.129763,0.0,0.0,0.0004361600149422884
1785290012.1303847,0.0,0.0,0.0004534719046205282
1785290012.1309805,0.0,0.0,0.00042671989649534225
1785290012.1316137,0.0,0.0,0.0004393600393086672
1785290012.1322217,0.0,0.0,0.000436288071796298
1785290012.1328166,0.0,0.0,0.0004270400386303663
1785290012.1334376,0.0,0.0,0.00044729607179760933
1785290012.1340437,0.0,0.0,0.0004339199513196945
1785290012.1346562,0.0,0.0,0.0004427200183272362
1785290012.1352937,0.0,0.0,0.00046396791003644466
1785290012.1359062,0.0,0.0,0.00043481611646711826
1785290012.136511,0.0,0.0,0.00043180794455111027
1785290012.1371279,0.0,0.0,0.00044451188296079636
1785290012.1383767,0.0,0.0,0.0010766398627310991
1785290012.1390498,0.0,0.0,0.00046969600953161716
1785290012.1397336,0.0,0.0,0.00047168019227683544
1785290012.1403618,0.0,0.0,0.00044809584505856037
1785290012.1409776,0.0,0.0,0.00044527999125421047
1785290012.141598,0.0,0.0,0.0004424639046192169
1785290012.1422555,0.0,0.0,0.00045990385115146637
1785290012.1428688,0.0,0.0,0.00044028786942362785
1785290012.1435018,0.0,0.0,0.0004570560995489359
1785290012.1441178,0.0,0.0,0.00044691190123558044
1785290012.144729,0.0,0.0,0.00044297613203525543
1785290012.1453311,0.0,0.0,0.0004294400569051504
1785290012.1459296,0.0,0.0,0.0004317760467529297
1785290012.1465466,0.0,0.0,0.0004437121096998453
1785290012.147176,0.0,0.0,0.0004634240176528692
1785290012.1477933,0.0,0.0,0.0004465279635041952
1785290012.14842,0.0,0.0,0.0004525438416749239
1785290012.1490557,0.0,0.0,0.00044937594793736935
1785290012.1496696,0.0,0.0,0.00044083199463784695
1785290012.1502936,0.0,0.0,0.000449504004791379
1785290012.1509182,0.0,0.0,0.000449504004791379
1785290012.1515477,0.0,0.0,0.0004594558849930763
1785290012.1521652,0.0,0.0,0.0004444480873644352
1785290012.1527803,0.0,0.0,0.00044265598990023136
1785290012.153391,0.0,0.0,0.00043715210631489754
1785290012.1540108,0.0,0.0,0.0004462399519979954
1785290012.1546292,0.0,0.0,0.00044703995808959007
1785290012.1552627,0.0,0.0,0.0004609278403222561
1785290012.1558769,0.0,0.0,0.0004414080176502466
1785290012.1564775,0.0,0.0,0.0004284479655325413
1785290012.1570895,0.0,0.0,0.00044179195538163185
1785290012.1577237,0.0,0.0,0.0004619518294930458
1785290012.1583586,0.0,0.0,0.00044848001562058926
1785290012.1589763,0.0,0.0,0.00044489605352282524
1785290012.15961,0.0,0.0,0.00044361595064401627
1785290012.1602087,0.0,0.0,0.0004331518430262804
1785290012.1608176,0.0,0.0,0.0004369600210338831
1785290012.1614304,0.0,0.0,0.00043820799328386784
1785290012.162033,0.0,0.0,0.0004337918944656849
1785290012.1626422,0.0,0.0,0.00043811206705868244
1785290012.163266,0.0,0.0,0.0004540160298347473
1785290012.163886,0.0,0.0,0.0004489279817789793
1785290012.164485,0.0,0.0,0.00043747201561927795
1785290012.1650937,0.0,0.0,0.00043654395267367363
1785290012.1657019,0.0,0.0,0.00044067203998565674
1785290012.1663048,0.0,0.0,0.00043206382542848587
1785290012.1669004,0.0,0.0,0.0004318081773817539
1785290012.167549,0.0,0.0,0.0004759998992085457
1785290012.1681588,0.0,0.0,0.0004377600271254778
1785290012.168773,0.0,0.0,0.00044147204607725143
1785290012.1693838,0.0,0.0,0.00043321610428392887
1785290012.1699982,0.0,0.0,0.00044384016655385494
1785290012.1706107,0.0,0.0,0.00043884781189262867
1785290012.171239,0.0,0.0,0.0004573119804263115
1785290012.1718488,0.0,0.0,0.0004362559411674738
1785290012.1724596,0.0,0.0,0.0004378880839794874
1785290012.173078,0.0,0.0,0.0004441279452294111
1785290012.1736782,0.0,0.0,0.0004336640704423189
1785290012.1743307,0.0,0.0,0.0004562879912555218
1785290012.1749396,0.0,0.0,0.0004346240311861038
1785290012.1755614,0.0,0.0,0.0004336000420153141
1785290012.176166,0.0,0.0,0.0004369919188320637
1785290012.176772,0.0,0.0,0.00043670390732586384
1785290012.1773732,0.0,0.0,0.0004302079323679209
1785290012.1779733,0.0,0.0,0.00043075205758213997
1785290012.1785796,0.0,0.0,0.00043519982136785984
1785290012.1792107,0.0,0.0,0.00046143983490765095
1785290012.1798167,0.0,0.0,0.00043673603795468807
1785290012.1804197,0.0,0.0,0.00042950408533215523
1785290012.1810243,0.0,0.0,0.0004369919188320637
1785290012.1816354,0.0,0.0,0.0004345281049609184
1785290012.1822402,0.0,0.0,0.0004367681685835123
1785290012.1828523,0.0,0.0,0.0004396159201860428
1785290012.1835005,0.0,0.0,0.0004776639398187399
1785290012.1841152,0.0,0.0,0.0004375041462481022
1785290012.1847198,0.0,0.0,0.00043491180986166
1785290012.1853414,0.0,0.0,0.00044585601426661015
1785290012.1859381,0.0,0.0,0.0004344959743320942
1785290012.1865566,0.0,0.0,0.0004400641191750765
1785290012.1872056,0.0,0.0,0.0004634240176528692
1785290012.1878197,0.0,0.0,0.000441279960796237
1785290012.1884165,0.0,0.0,0.00042694411240518093
1785290012.1890235,0.0,0.0,0.00043491204269230366
1785290012.1896632,0.0,0.0,0.0004455358721315861
1785290012.1902833,0.0,0.0,0.00044659199193120003
1785290012.1908908,0.0,0.0,0.0004355199635028839
1785290012.1915276,0.0,0.0,0.00046287989243865013
1785290012.1921508,0.0,0.0,0.00044985581189393997
1785290012.1927748,0.0,0.0,0.00044259196147322655
1785290012.1941352,0.0,0.0,0.0011856639757752419
1785290012.1947901,0.0,0.0,0.0004581119865179062
1785290012.1954508,0.0,0.0,0.0004785920027643442
1785290012.1960826,0.0,0.0,0.0004477440379559994
1785290012.1966999,0.0,0.0,0.0004392641130834818
1785290012.197318,0.0,0.0,0.000444639939814806
1785290012.1979425,0.0,0.0,0.00044665602035820484
1785290012.1985586,0.0,0.0,0.00043984013609588146
1785290012.1991715,0.0,0.0,0.00044502411037683487
1785290012.1997745,0.0,0.0,0.00042486400343477726
1785290012.2004,0.0,0.0,0.0004516160115599632
1785290012.2010107,0.0,0.0,0.0004370240494608879
1785290012.20164,0.0,0.0,0.00045478413812816143
1785290012.2022464,0.0,0.0,0.0004372159019112587
1785290012.2028503,0.0,0.0,0.00043327989988029003
1785290012.2035098,0.0,0.0,0.00048559997230768204
1785290012.2041323,0.0,0.0,0.00044460780918598175
1785290012.204735,0.0,0.0,0.00043196813203394413
1785290012.2053404,0.0,0.0,0.0004357118159532547
1785290012.2059863,0.0,0.0,0.00045283185318112373
1785290012.206613,0.0,0.0,0.0004518721252679825
1785290012.207273,0.0,0.0,0.0004844160284847021
1785290012.2079015,0.0,0.0,0.0004532479215413332
1785290012.208512,0.0,0.0,0.0004438720643520355
1785290012.2091315,0.0,0.0,0.0004371518734842539
1785290012.2097478,0.0,0.0,0.0004425281658768654
1785290012.210354,0.0,0.0,0.0004369281232357025
1785290012.2109423,0.0,0.0,0.00042524817399680614
1785290012.2116108,0.0,0.0,0.00047737592831254005
1785290012.2122219,0.0,0.0,0.0004379518795758486
1785290012.21282,0.0,0.0,0.00043238396756350994
1785290012.2134404,0.0,0.0,0.0004496639594435692
1785290012.2140615,0.0,0.0,0.0004460802301764488
1785290012.2146623,0.0,0.0,0.00043167988769710064
1785290012.2153013,0.0,0.0,0.00046595209278166294
1785290012.215907,0.0,0.0,0.0004320959560573101
1785290012.2165093,0.0,0.0,0.00043401611037552357
1785290012.2171166,0.0,0.0,0.0004354559350758791
1785290012.2177196,0.0,0.0,0.0004344959743320942
1785290012.218326,0.0,0.0,0.0004373118281364441
1785290012.2189312,0.0,0.0,0.0004404799547046423
1785290012.219565,0.0,0.0,0.0004474879242479801
1785290012.2201867,0.0,0.0,0.0004438080359250307
1785290012.2208045,0.0,0.0,0.00044560013338923454
1785290012.2214131,0.0,0.0,0.0004377600271254778
1785290012.2220416,0.0,0.0,0.00044451211579144
1785290012.2226524,0.0,0.0,0.0004389118403196335
1785290012.2232943,0.0,0.0,0.0004721921868622303
1785290012.2239158,0.0,0.0,0.0004454399459064007
1785290012.2245302,0.0,0.0,0.00044156797230243683
1785290012.225145,0.0,0.0,0.0004395199939608574
1785290012.225755,0.0,0.0,0.0004370880778878927
1785290012.2263594,0.0,0.0,0.0004301120061427355
1785290012.2269666,0.0,0.0,0.000434336019679904
1785290012.2275972,0.0,0.0,0.00044336006976664066
1785290012.2282212,0.0,0.0,0.00045439996756613255
1785290012.2288554,0.0,0.0,0.0004479680210351944
1785290012.2294767,0.0,0.0,0.00044755195267498493
1785290012.230082,0.0,0.0,0.00043494394049048424
1785290012.2306986,0.0,0.0,0.00043855980038642883
1785290012.2313385,0.0,0.0,0.00047187204472720623
1785290012.2319696,0.0,0.0,0.0004559678491204977
1785290012.232591,0.0,0.0,0.0004418240860104561
1785290012.2332218,0.0,0.0,0.00045609590597450733
1785290012.2338464,0.0,0.0,0.00045081600546836853
1785290012.2344637,0.0,0.0,0.00044745602644979954
1785290012.235059,0.0,0.0,0.0004280959255993366
1785290012.2356944,0.0,0.0,0.00043932790867984295
1785290012.236291,0.0,0.0,0.000424607889726758
1785290012.2369008,0.0,0.0,0.00043916795402765274
1785290012.2375176,0.0,0.0,0.0004441281780600548
1785290012.2381327,0.0,0.0,0.00044211186468601227
1785290012.238745,0.0,0.0,0.00043756794184446335
1785290012.2393966,0.0,0.0,0.00048166397027671337
1785290012.2400079,0.0,0.0,0.0004377600271254778
1785290012.2406228,0.0,0.0,0.0004438399337232113
1785290012.241241,0.0,0.0,0.00044441595673561096
1785290012.2418575,0.0,0.0,0.000442784046754241
1785290012.2424793,0.0,0.0,0.00045532803051173687
1785290012.2431118,0.0,0.0,0.0004625599831342697
1785290012.2437341,0.0,0.0,0.0004464320372790098
1785290012.2443423,0.0,0.0,0.00043260795064270496
1785290012.2449665,0.0,0.0,0.00044928002171218395
1785290012.2455616,0.0,0.0,0.00042745587415993214
1785290012.2461731,0.0,0.0,0.0004435840528458357
1785290012.2467961,0.0,0.0,0.0004489598795771599
1785290012.2474337,0.0,0.0,0.00046908785589039326
1785290012.248066,0.0,0.0,0.0004426240921020508
1785290012.2493541,0.0,0.0,0.00047017610631883144
1785290012.249984,0.0,0.0,0.00044540781527757645
1785290012.250607,0.0,0.0,0.0004471039865165949
1785290012.25124,0.0,0.0,0.00045529589988291264
1785290012.2518406,0.0,0.0,0.0004251520149409771
1785290012.2524467,0.0,0.0,0.0004331518430262804
1785290012.2530468,0.0,0.0,0.0004289601929485798
1785290012.2536542,0.0,0.0,0.00043238396756350994
1785290012.2542913,0.0,0.0,0.0004459840711206198
1785290012.2549171,0.0,0.0,0.0004515519831329584
1785290012.255621,0.0,0.0,0.0004670401103794575
1785290012.2562406,0.0,0.0,0.0004363839980214834
1785290012.256852,0.0,0.0,0.0004399358294904232
1785290012.2574635,0.0,0.0,0.0004394880961626768
1785290012.258075,0.0,0.0,0.000439648050814867
1785290012.258684,0.0,0.0,0.0004361600149422884
1785290012.2593129,0.0,0.0,0.0004551038146018982
1785290012.2599313,0.0,0.0,0.00044451211579144
1785290012.26053,0.0,0.0,0.0004293120000511408
1785290012.261131,0.0,0.0,0.00043046404607594013
1785290012.2617414,0.0,0.0,0.00044144014827907085
1785290012.2623718,0.0,0.0,0.0004404159262776375
1785290012.2629998,0.0,0.0,0.00045324815437197685
1785290012.2636316,0.0,0.0,0.0004368000663816929
1785290012.2642431,0.0,0.0,0.0004478080663830042
1785290012.2648702,0.0,0.0,0.00045187189243733883
1785290012.2654874,0.0,0.0,0.0004456639289855957
1785290012.26611,0.0,0.0,0.0004510721191763878
1785290012.2667189,0.0,0.0,0.0004390717949718237
1785290012.2673793,0.0,0.0,0.0004857920575886965
1785290012.2680125,0.0,0.0,0.00045471987687051296
1785290012.2686465,0.0,0.0,0.0004566400311887264
1785290012.2693095,0.0,0.0,0.0004629117902368307
1785290012.2699454,0.0,0.0,0.0004473919980227947
1785290012.2705526,0.0,0.0,0.00043561612255871296
1785290012.2712085,0.0,0.0,0.00048479996621608734
1785290012.271824,0.0,0.0,0.00044256006367504597
1785290012.272452,0.0,0.0,0.0004553920589387417
1785290012.2730606,0.0,0.0,0.0004391041584312916
1785290012.2736735,0.0,0.0,0.0004381441976875067
1785290012.2742853,0.0,0.0,0.0004444480873644352
1785290012.2748935,0.0,0.0,0.0004370559472590685
1785290012.275522,0.0,0.0,0.0004556160420179367
1785290012.2761302,0.0,0.0,0.00043475208804011345
1785290012.2767363,0.0,0.0,0.00043465616181492805
1785290012.2773414,0.0,0.0,0.00042934389784932137
1785290012.277955,0.0,0.0,0.000443135853856802
1785290012.278581,0.0,0.0,0.0004506879486143589
1785290012.279236,0.0,0.0,0.0004792320542037487
1785290012.2798507,0.0,0.0,0.00044028786942362785
1785290012.2804537,0.0,0.0,0.0004384000785648823
1785290012.281061,0.0,0.0,0.0004378240555524826
1785290012.2816741,0.0,0.0,0.00044172792695462704
1785290012.2822769,0.0,0.0,0.00043343985453248024
1785290012.282881,0.0,0.0,0.00043404800817370415
1785290012.2835174,0.0,0.0,0.00046537606976926327
1785290012.2841263,0.0,0.0,0.00043497607111930847
1785290012.2847307,0.0,0.0,0.00043571204878389835
1785290012.285336,0.0,0.0,0.00043308804742991924
1785290012.2859507,0.0,0.0,0.00043478398583829403
1785290012.286574,0.0,0.0,0.00044713588431477547
1785290012.2871966,0.0,0.0,0.00045187189243733883
1785290012.287908,0.0,0.0,0.00046761613339185715
1785290012.288507,0.0,0.0,0.00042297597974538803
1785290012.2891376,0.0,0.0,0.00044527999125421047
1785290012.2897606,0.0,0.0,0.00044182385317981243
1785290012.2903574,0.0,0.0,0.0004260160494595766
1785290012.290965,0.0,0.0,0.0004312319215387106
1785290012.291606,0.0,0.0,0.0004440317861735821
1785290012.2922199,0.0,0.0,0.00043968018144369125
1785290012.292832,0.0,0.0,0.0004395840223878622
1785290012.293451,0.0,0.0,0.0004457279574126005
1785290012.2940748,0.0,0.0,0.0004473919980227947
1785290012.2947187,0.0,0.0,0.000468703918159008
1785290012.295353,0.0,0.0,0.000460255891084671
1785290012.2959547,0.0,0.0,0.0004352959804236889
1785290012.296561,0.0,0.0,0.00043120002374053
1785290012.2971842,0.0,0.0,0.0004521920345723629
1785290012.2977989,0.0,0.0,0.00043968018144369125
1785290012.2983992,0.0,0.0,0.00043148803524672985
1785290012.2990224,0.0,0.0,0.0004457279574126005
1785290012.2996826,0.0,0.0,0.00045951991342008114
1785290012.300301,0.0,0.0,0.0004446080420166254
1785290012.3009124,0.0,0.0,0.00043750391341745853
1785290012.301528,0.0,0.0,0.0004431998822838068
1785290012.302149,0.0,0.0,0.0004430399276316166
1785290012.3027833,0.0,0.0,0.0004569601733237505
1785290012.304051,0.0,0.0,0.0010921598877757788
1785290012.304738,0.0,0.0,0.0004837119486182928
1785290012.305367,0.0,0.0,0.0004487039986997843
1785290012.3059773,0.0,0.0,0.0004370240494608879
1785290012.3065872,0.0,0.0,0.0004325441550463438
1785290012.307224,0.0,0.0,0.0004650240298360586
1785290012.3078413,0.0,0.0,0.0004481920041143894
1785290012.30846,0.0,0.0,0.0004470080602914095
1785290012.3090868,0.0,0.0,0.0004501121584326029
1785290012.3097143,0.0,0.0,0.0004421439953148365
1785290012.310335,0.0,0.0,0.0004409600514918566
1785290012.310937,0.0,0.0,0.00042649591341614723
1785290012.3115966,0.0,0.0,0.0004648640751838684
1785290012.3122144,0.0,0.0,0.0004474238958209753
1785290012.3128273,0.0,0.0,0.00044246413744986057
1785290012.3134391,0.0,0.0,0.00044044782407581806
1785290012.3140647,0.0,0.0,0.0004511680454015732
1785290012.314691,0.0,0.0,0.00045308819971978664
1785290012.3153372,0.0,0.0,0.00047529605217278004
1785290012.3159556,0.0,0.0,0.0004420159384608269
1785290012.3165584,0.0,0.0,0.0004269119817763567
1785290012.3171782,0.0,0.0,0.00044527999125421047
1785290012.3177898,0.0,0.0,0.00043859193101525307
1785290012.3184097,0.0,0.0,0.0004362559411674738
1785290012.3190331,0.0,0.0,0.00045100809074938297
1785290012.3196597,0.0,0.0,0.00043980800546705723
1785290012.3202722,0.0,0.0,0.0004407039377838373
1785290012.3208754,0.0,0.0,0.0004339201841503382
1785290012.3214896,0.0,0.0,0.0004452161956578493
1785290012.3220859,0.0,0.0,0.00042732805013656616
1785290012.3226786,0.0,0.0,0.0004229762125760317
1785290012.323322,0.0,0.0,0.0004724480677396059
1785290012.3239362,0.0,0.0,0.00043523218482732773
1785290012.3245323,0.0,0.0,0.00043158396147191525
1785290012.3251405,0.0,0.0,0.0004402881022542715
1785290012.3257563,0.0,0.0,0.00044614402577281
1785290012.3263733,0.0,0.0,0.0004411200061440468
1785290012.3269854,0.0,0.0,0.0004405439831316471
1785290012.3276238,0.0,0.0,0.0004487999249249697
1785290012.3282442,0.0,0.0,0.0004537920467555523
1785290012.328848,0.0,0.0,0.0004319360014051199
1785290012.3294544,0.0,0.0,0.00043452787213027477
1785290012.3300738,0.0,0.0,0.0004488960839807987
1785290012.3306851,0.0,0.0,0.00043817609548568726
1785290012.3313265,0.0,0.0,0.0004695039242506027
1785290012.3319364,0.0,0.0,0.00043721613474190235
1785290012.3325465,0.0,0.0,0.0004401281476020813
1785290012.33315,0.0,0.0,0.000434560002759099
1785290012.3337822,0.0,0.0,0.0004398718010634184
1785290012.33439,0.0,0.0,0.00043971207924187183
1785290012.3349998,0.0,0.0,0.000438047805801034
1785290012.3356295,0.0,0.0,0.0004360000602900982
1785290012.336235,0.0,0.0,0.0004311040975153446
1785290012.3368406,0.0,0.0,0.00043644802644848824
1785290012.3374581,0.0,0.0,0.00044105597771704197
1785290012.338062,0.0,0.0,0.00043385615572333336
1785290012.3386765,0.0,0.0,0.0004426240921020508
1785290012.339319,0.0,0.0,0.0004687681794166565
1785290012.3399599,0.0,0.0,0.00046345614828169346
1785290012.3405845,0.0,0.0,0.00045023998245596886
1785290012.3412125,0.0,0.0,0.0004473598673939705
1785290012.3418188,0.0,0.0,0.00043379212729632854
1785290012.3424442,0.0,0.0,0.00044675194658339024
1785290012.3430533,0.0,0.0,0.0004374401178210974
1785290012.343669,0.0,0.0,0.0004269438795745373
1785290012.3442798,0.0,0.0,0.00044137611985206604
1785290012.3448977,0.0,0.0,0.0004442238714545965
1785290012.3455153,0.0,0.0,0.0004438720643520355
1785290012.3461194,0.0,0.0,0.0004373439587652683
1785290012.3467357,0.0,0.0,0.00044384016655385494
1785290012.347378,0.0,0.0,0.000471839914098382
1785290012.3480098,0.0,0.0,0.00044051208533346653
1785290012.3486197,0.0,0.0,0.0004426240921020508
1785290012.3492334,0.0,0.0,0.0004395199939608574
1785290012.3498561,0.0,0.0,0.00043334392830729485
1785290012.3504677,0.0,0.0,0.0004386240616440773
1785290012.3510754,0.0,0.0,0.00043532787822186947
1785290012.351707,0.0,0.0,0.00044201617129147053
1785290012.352322,0.0,0.0,0.00044204783625900745
1785290012.352915,0.0,0.0,0.0004218239337205887
1785290012.3535266,0.0,0.0,0.00044332793913781643
1785290012.3541412,0.0,0.0,0.00044579198583960533
1785290012.354757,0.0,0.0,0.00044006388634443283
1785290012.3554027,0.0,0.0,0.0004741440061479807
1785290012.3560019,0.0,0.0,0.00042671989649534225
1785290012.3566089,0.0,0.0,0.0004360959865152836
1785290012.3572245,0.0,0.0,0.00044614402577281
1785290012.3578238,0.0,0.0,0.00042502395808696747
1785290012.3584335,0.0,0.0,0.0004406399093568325
1785290012.3597622,0.0,0.0,0.0011513601057231426
1785290012.360413,0.0,0.0,0.00045056012459099293
1785290012.361045,0.0,0.0,0.00044860783964395523
1785290012.3616564,0.0,0.0,0.00043526384979486465
1785290012.3622828,0.0,0.0,0.00044688000343739986
1785290012.3628988,0.0,0.0,0.0004402559716254473
1785290012.3635263,0.0,0.0,0.0004556800704449415
1785290012.364134,0.0,0.0,0.00043244799599051476
1785290012.3647492,0.0,0.0,0.000440928153693676
1785290012.3653545,0.0,0.0,0.0004306558985263109
1785290012.3659775,0.0,0.0,0.00044713588431477547
1785290012.36658,0.0,0.0,0.000426335958763957
1785290012.3672068,0.0,0.0,0.0004543038085103035
1785290012.3678122,0.0,0.0,0.0004333758261054754
1785290012.368417,0.0,0.0,0.0004388480447232723
1785290012.3690295,0.0,0.0,0.0004360000602900982
1785290012.3696342,0.0,0.0,0.00043318397365510464
1785290012.3702545,0.0,0.0,0.0004371840041130781
1785290012.3708665,0.0,0.0,0.0004402559716254473
1785290012.3714979,0.0,0.0,0.0004644801374524832
1785290012.3721027,0.0,0.0,0.0004305918700993061
1785290012.3727176,0.0,0.0,0.00044163200072944164
1785290012.3733237,0.0,0.0,0.0004352959804236889
1785290012.3739405,0.0,0.0,0.00044560013338923454
1785290012.3745444,0.0,0.0,0.00043238396756350994
1785290012.3751721,0.0,0.0,0.00046022399328649044
1785290012.375794,0.0,0.0,0.00045075220987200737
1785290012.3763888,0.0,0.0,0.0004218879621475935
1785290012.3769956,0.0,0.0,0.0004355518613010645
1785290012.3776069,0.0,0.0,0.00044009601697325706
1785290012.3782244,0.0,0.0,0.00044521596282720566
1785290012.378835,0.0,0.0,0.00044080009683966637
1785290012.3794608,0.0,0.0,0.00045654410496354103
1785290012.3800611,0.0,0.0,0.00042652804404497147
1785290012.3806713,0.0,0.0,0.000439999857917428
1785290012.3812618,0.0,0.0,0.00042358413338661194
1785290012.3818834,0.0,0.0,0.0004339199513196945
1785290012.3824675,0.0,0.0,0.00042310403659939766
1785290012.3830802,0.0,0.0,0.000443008029833436
1785290012.3837082,0.0,0.0,0.0004391039256006479
1785290012.3843176,0.0,0.0,0.0004371840041130781
1785290012.3849347,0.0,0.0,0.000444639939814806
1785290012.3855438,0.0,0.0,0.00043779192492365837
1785290012.3861554,0.0,0.0,0.0004369600210338831
1785290012.386762,0.0,0.0,0.00043555209413170815
1785290012.3873856,0.0,0.0,0.000453311949968338
1785290012.38799,0.0,0.0,0.0004417921882122755
1785290012.388596,0.0,0.0,0.00043324800208210945
1785290012.3892024,0.0,0.0,0.0004237438552081585
1785290012.3898273,0.0,0.0,0.00045260810293257236
1785290012.3904386,0.0,0.0,0.0004395521245896816
1785290012.391057,0.0,0.0,0.0004396799486130476
1785290012.3916848,0.0,0.0,0.00043660798110067844
1785290012.3922842,0.0,0.0,0.000427743885666132
1785290012.3928971,0.0,0.0,0.00043824012391269207
1785290012.3935032,0.0,0.0,0.00043468805961310863
1785290012.3941152,0.0,0.0,0.0004397118464112282
1785290012.3947265,0.0,0.0,0.0004344640765339136
1785290012.395351,0.0,0.0,0.0004523198585957289
1785290012.395965,0.0,0.0,0.00044003198854625225
1785290012.3965805,0.0,0.0,0.0004423679783940315
1785290012.3971922,0.0,0.0,0.0004271361976861954
1785290012.397807,0.0,0.0,0.000439424067735672
1785290012.3984149,0.0,0.0,0.00043820799328386784
1785290012.3990235,0.0,0.0,0.0004404480569064617
1785290012.3996284,0.0,0.0,0.00042368005961179733
1785290012.400232,0.0,0.0,0.0004290561191737652
1785290012.4008458,0.0,0.0,0.0004517761990427971
1785290012.4014797,0.0,0.0,0.00046111992560327053
1785290012.4020941,0.0,0.0,0.0004402559716254473
1785290012.4027169,0.0,0.0,0.0004552321042865515
1785290012.403355,0.0,0.0,0.00046060793101787567
1785290012.4039652,0.0,0.0,0.00043916795402765274
1785290012.4045813,0.0,0.0,0.00044384016655385494
1785290012.4051816,0.0,0.0,0.0004306561313569546
1785290012.405789,0.0,0.0,0.0004362559411674738
1785290012.406398,0.0,0.0,0.00043705618008971214
1785290012.407013,0.0,0.0,0.0004421439953148365
1785290012.4076273,0.0,0.0,0.0004293760284781456
1785290012.4082503,0.0,0.0,0.00043635210022330284
1785290012.4088624,0.0,0.0,0.00043987203389406204
1785290012.4094765,0.0,0.0,0.0004386559594422579
1785290012.410076,0.0,0.0,0.00043164798989892006
1785290012.4106824,0.0,0.0,0.00043494394049048424
1785290012.4113364,0.0,0.0,0.00048310402780771255
1785290012.411975,0.0,0.0,0.0004631360061466694
1785290012.4125714,0.0,0.0,0.00042732805013656616
1785290012.413211,0.0,0.0,0.0004494080785661936
1785290012.4138308,0.0,0.0,0.0004414399154484272
1785290012.4151394,0.0,0.0,0.0004862400237470865
1785290012.4157774,0.0,0.0,0.000451807864010334
1785290012.416399,0.0,0.0,0.0004411200061440468
1785290012.417009,0.0,0.0,0.00043580797500908375
1785290012.4176202,0.0,0.0,0.0004396799486130476
1785290012.4182522,0.0,0.0,0.0004523838870227337
1785290012.418881,0.0,0.0,0.00045606400817632675
1785290012.4195018,0.0,0.0,0.0004511680454015732
1785290012.4201028,0.0,0.0,0.00042963214218616486
1785290012.4207206,0.0,0.0,0.0004447998944669962
1785290012.4213293,0.0,0.0,0.0004388799425214529
1785290012.4219513,0.0,0.0,0.0004453761503100395
1785290012.4225848,0.0,0.0,0.00045798392966389656
1785290012.423237,0.0,0.0,0.00047244783490896225
1785290012.423841,0.0,0.0,0.00043318397365510464
1785290012.424484,0.0,0.0,0.00046995189040899277
1785290012.425096,0.0,0.0,0.000441503943875432
1785290012.4257183,0.0,0.0,0.0004498879425227642
1785290012.4263322,0.0,0.0,0.00044537591747939587
1785290012.426937,0.0,0.0,0.00044153607450425625
1785290012.4275723,0.0,0.0,0.0004473919980227947
1785290012.4281821,0.0,0.0,0.0004361281171441078
1785290012.4287891,0.0,0.0,0.0004412159323692322
1785290012.4294035,0.0,0.0,0.00044435192830860615
1785290012.4300346,0.0,0.0,0.00044611189514398575
1785290012.43064,0.0,0.0,0.00043555209413170815
1785290012.431278,0.0,0.0,0.0004612160846590996
1785290012.431898,0.0,0.0,0.00044633587822318077
1785290012.4325044,0.0,0.0,0.0004340801388025284
1785290012.4331129,0.0,0.0,0.00043571204878389835
1785290012.433722,0.0,0.0,0.00044041615910828114
1785290012.4343345,0.0,0.0,0.00043683196417987347
1785290012.4349377,0.0,0.0,0.00043884781189262867
1785290012.4355812,0.0,0.0,0.00045260810293257236
1785290012.4361901,0.0,0.0,0.0004391039256006479
1785290012.4367871,0.0,0.0,0.00042399996891617775
1785290012.4373968,0.0,0.0,0.0004371518734842539
1785290012.4380262,0.0,0.0,0.0004505598917603493
1785290012.438647,0.0,0.0,0.00045049586333334446
1785290012.4392767,0.0,0.0,0.00045689591206610203
1785290012.439876,0.0,0.0,0.00042406399734318256
1785290012.440488,0.0,0.0,0.0004407039377838373
1785290012.4410882,0.0,0.0,0.0004284800961613655
1785290012.441701,0.0,0.0,0.0004407998640090227
1785290012.4423025,0.0,0.0,0.00043372809886932373
1785290012.4429102,0.0,0.0,0.0004359360318630934
1785290012.443545,0.0,0.0,0.00046220794320106506
1785290012.4441354,0.0,0.0,0.0004210560582578182
1785290012.4447474,0.0,0.0,0.000439424067735672
1785290012.4453578,0.0,0.0,0.0004311359953135252
1785290012.4459567,0.0,0.0,0.0004296319093555212
1785290012.4465487,0.0,0.0,0.0004200960975140333
1785290012.447158,0.0,0.0,0.0004389439709484577
1785290012.4477494,0.0,0.0,0.00042208004742860794
1785290012.4483564,0.0,0.0,0.0004285441245883703
1785290012.4489589,0.0,0.0,0.0004363839980214834
1785290012.4495804,0.0,0.0,0.00044688000343739986
1785290012.4501824,0.0,0.0,0.0004328319337219
1785290012.4507809,0.0,0.0,0.00042742397636175156
1785290012.451397,0.0,0.0,0.00044268788769841194
1785290012.4519932,0.0,0.0,0.0004334400873631239
1785290012.4525986,0.0,0.0,0.0004311678931117058
1785290012.4531887,0.0,0.0,0.00042227189987897873
1785290012.4538121,0.0,0.0,0.0004564800765365362
1785290012.4544215,0.0,0.0,0.00043180794455111027
1785290012.4550247,0.0,0.0,0.0004295038525015116
1785290012.4556515,0.0,0.0,0.0004353919066488743
1785290012.4562657,0.0,0.0,0.00044153607450425625
1785290012.456855,0.0,0.0,0.0004197121597826481
1785290012.4574602,0.0,0.0,0.0004334719851613045
1785290012.4580672,0.0,0.0,0.00043955189175903797
1785290012.4586718,0.0,0.0,0.00043359980918467045
1785290012.459304,0.0,0.0,0.0004580160602927208
1785290012.4599044,0.0,0.0,0.0004338559228926897
1785290012.4605272,0.0,0.0,0.00044057611376047134
1785290012.4611404,0.0,0.0,0.00044067203998565674
1785290012.4617424,0.0,0.0,0.0004331199452280998
1785290012.4623466,0.0,0.0,0.00043763197027146816
1785290012.4629478,0.0,0.0,0.00042847986333072186
1785290012.4635863,0.0,0.0,0.0004638081882148981
1785290012.4641962,0.0,0.0,0.0004331199452280998
1785290012.4648182,0.0,0.0,0.0004479039926081896
1785290012.4654305,0.0,0.0,0.0004378559533506632
1785290012.4660444,0.0,0.0,0.00043750391341745853
1785290012.4666464,0.0,0.0,0.000429344130679965
1785290012.4672897,0.0,0.0,0.0004598719533532858
1785290012.4679008,0.0,0.0,0.0004447679966688156
1785290012.4685218,0.0,0.0,0.0004481920041143894
1785290012.4697359,0.0,0.0,0.001041951822116971
1785290012.4703984,0.0,0.0,0.00046793604269623756
1785290012.4710114,0.0,0.0,0.0004363199695944786
1785290012.4716487,0.0,0.0,0.00044531188905239105
1785290012.472273,0.0,0.0,0.00045257597230374813
1785290012.472886,0.0,0.0,0.0004384000785648823
1785290012.4734836,0.0,0.0,0.0004248321056365967
1785290012.4740965,0.0,0.0,0.00044035189785063267
1785290012.4747028,0.0,0.0,0.00043465616181492805
1785290012.4753196,0.0,0.0,0.00045228819362819195
1785290012.4759212,0.0,0.0,0.00043062400072813034
1785290012.4765122,0.0,0.0,0.00042233592830598354
1785290012.477125,0.0,0.0,0.00042912014760077
1785290012.4777195,0.0,0.0,0.00042384001426398754
1785290012.478312,0.0,0.0,0.0004250560887157917
1785290012.478913,0.0,0.0,0.0004327360074967146
1785290012.4795432,0.0,0.0,0.00045612803660333157
1785290012.4801452,0.0,0.0,0.0004302079323679209
1785290012.4807441,0.0,0.0,0.00043183984234929085
1785290012.4813414,0.0,0.0,0.0004283518064767122
1785290012.4819438,0.0,0.0,0.0004342722240835428
1785290012.482544,0.0,0.0,0.00042908801697194576
1785290012.4831574,0.0,0.0,0.0004438399337232113
1785290012.4837608,0.0,0.0,0.0004302400629967451
1785290012.4843662,0.0,0.0,0.0004339199513196945
1785290012.4849634,0.0,0.0,0.00042719999328255653
1785290012.485571,0.0,0.0,0.0004335681442171335
1785290012.486177,0.0,0.0,0.0004326719790697098
1785290012.486771,0.0,0.0,0.0004335360135883093
1785290012.4874017,0.0,0.0,0.0004677758552134037
1785290012.4880106,0.0,0.0,0.00043763197027146816
1785290012.4886117,0.0,0.0,0.00042732805013656616
1785290012.4892251,0.0,0.0,0.00044201617129147053
1785290012.4898505,0.0,0.0,0.00045199994929134846
1785290012.4904606,0.0,0.0,0.00043779192492365837
1785290012.4910643,0.0,0.0,0.0004346559289842844
1785290012.4917142,0.0,0.0,0.00045692804269492626
1785290012.492332,0.0,0.0,0.00044860783964395523
1785290012.4929628,0.0,0.0,0.0004388480447232723
1785290012.4935899,0.0,0.0,0.00045433593913912773
1785290012.4942048,0.0,0.0,0.0004434238653630018
1785290012.494803,0.0,0.0,0.0004260479472577572
1785290012.4954445,0.0,0.0,0.00047292793169617653
1785290012.4960644,0.0,0.0,0.0004505920223891735
1785290012.4966872,0.0,0.0,0.0004468162078410387
1785290012.497301,0.0,0.0,0.0004407681990414858
1785290012.4978995,0.0,0.0,0.0004326719790697098
1785290012.4984977,0.0,0.0,0.00043004797771573067
1785290012.4997892,0.0,0.0,0.0004764480981975794
1785290012.5004375,0.0,0.0,0.00045436806976795197
1785290012.5010545,0.0,0.0,0.0004386240616440773
1785290012.5016649,0.0,0.0,0.0004336640704423189
1785290012.5022793,0.0,0.0,0.0004407039377838373
1785290012.5029018,0.0,0.0,0.0004498560447245836
1785290012.5035598,0.0,0.0,0.00048137595877051353
1785290012.504177,0.0,0.0,0.0004435840528458357
1785290012.5047956,0.0,0.0,0.00044156797230243683
1785290012.5054252,0.0,0.0,0.00045798392966389656
1785290012.5060487,0.0,0.0,0.0004498239140957594
1785290012.5066605,0.0,0.0,0.0004387840162962675
1785290012.5073078,0.0,0.0,0.00045820814557373524
1785290012.507921,0.0,0.0,0.00043750391341745853
1785290012.5085375,0.0,0.0,0.000439648050814867
1785290012.5091913,0.0,0.0,0.0004673281218856573
1785290012.5097945,0.0,0.0,0.0004328319337219
1785290012.5103993,0.0,0.0,0.00043465616181492805
1785290012.5110166,0.0,0.0,0.0004506879486143589
1785290012.5116637,0.0,0.0,0.00045695994049310684
1785290012.5122728,0.0,0.0,0.0004379840102046728
1785290012.5128844,0.0,0.0,0.0004400641191750765
1785290012.5134838,0.0,0.0,0.00042604818008840084
1785290012.514095,0.0,0.0,0.0004404799547046423
1785290012.5147028,0.0,0.0,0.00043587200343608856
1785290012.5153236,0.0,0.0,0.0004505920223891735
1785290012.5159245,0.0,0.0,0.0004305278416723013
1785290012.516535,0.0,0.0,0.000439424067735672
1785290012.5171492,0.0,0.0,0.0004378880839794874
1785290012.5177476,0.0,0.0,0.0004339518491178751
1785290012.5183568,0.0,0.0,0.00044000009074807167
1785290012.5189607,0.0,0.0,0.0004351360257714987
1785290012.519595,0.0,0.0,0.00044841598719358444
1785290012.5202014,0.0,0.0,0.00043132808059453964
1785290012.5208106,0.0,0.0,0.00044169602915644646
1785290012.5214345,0.0,0.0,0.000449600163847208
1785290012.522053,0.0,0.0,0.00044540781527757645
1785290012.5226681,0.0,0.0,0.00044153607450425625
1785290012.5233235,0.0,0.0,0.0004825920332223177
1785290012.5239425,0.0,0.0,0.00044560013338923454
1785290012.5252793,0.0,0.0,0.0011494080536067486
1785290012.525925,0.0,0.0,0.0004521601367741823
1785290012.5265524,0.0,0.0,0.0004436161834746599
1785290012.527199,0.0,0.0,0.000468703918159008
1785290012.5278308,0.0,0.0,0.00044959993101656437
1785290012.52845,0.0,0.0,0.00044832006096839905
1785290012.529056,0.0,0.0,0.0004352000541985035
1785290012.5296679,0.0,0.0,0.00043846387416124344
1785290012.5302796,0.0,0.0,0.0004395840223878622
1785290012.5308897,0.0,0.0,0.00043817609548568726
1785290012.53153,0.0,0.0,0.00046643195673823357
1785290012.5321522,0.0,0.0,0.0004459838382899761
1785290012.5327642,0.0,0.0,0.0004391039256006479
1785290012.5333803,0.0,0.0,0.0004447998944669962
1785290012.5339913,0.0,0.0,0.00043904013000428677
1785290012.5346103,0.0,0.0,0.00044444785453379154
1785290012.5352533,0.0,0.0,0.00047427183017134666
1785290012.5358684,0.0,0.0,0.00043820799328386784
1785290012.5364656,0.0,0.0,0.000427616061642766
1785290012.5370674,0.0,0.0,0.000436064088717103
1785290012.5376816,0.0,0.0,0.000443008029833436
1785290012.5382886,0.0,0.0,0.00043324800208210945
1785290012.5388925,0.0,0.0,0.0004317120183259249
1785290012.53952,0.0,0.0,0.0004571520257741213
1785290012.5401359,0.0,0.0,0.0004419200122356415
1785290012.5407553,0.0,0.0,0.0004446080420166254
1785290012.5413866,0.0,0.0,0.00044576008804142475
1785290012.5419965,0.0,0.0,0.0004404159262776375
1785290012.5425994,0.0,0.0,0.0004309120122343302
1785290012.5432365,0.0,0.0,0.0004638400860130787
1785290012.543845,0.0,0.0,0.00043340795673429966
1785290012.544444,0.0,0.0,0.00043148803524672985
1785290012.5450556,0.0,0.0,0.00044105597771704197
1785290012.5456538,0.0,0.0,0.00042716809548437595
1785290012.5462592,0.0,0.0,0.0004339518491178751
1785290012.546877,0.0,0.0,0.00044860783964395523
1785290012.5475452,0.0,0.0,0.00047792005352675915
1785290012.548162,0.0,0.0,0.0004415998701006174
1785290012.5487666,0.0,0.0,0.0004344959743320942
1785290012.5493581,0.0,0.0,0.000419168034568429
1785290012.549982,0.0,0.0,0.0004507519770413637
1785290012.5506032,0.0,0.0,0.0004473919980227947
1785290012.5512412,0.0,0.0,0.00046579213812947273
1785290012.5518692,0.0,0.0,0.0004498560447245836
1785290012.5524824,0.0,0.0,0.0004367041401565075
1785290012.5531037,0.0,0.0,0.00044499197974801064
1785290012.5537252,0.0,0.0,0.0004513920284807682
1785290012.5543342,0.0,0.0,0.00043644802644848824
1785290012.5549386,0.0,0.0,0.0004325441550463438
1785290012.5555909,0.0,0.0,0.0004636801313608885
1785290012.5562127,0.0,0.0,0.00044848001562058926
1785290012.5568109,0.0,0.0,0.00042511988431215286
1785290012.5574014,0.0,0.0,0.000417663948610425
1785290012.5580058,0.0,0.0,0.0004318719729781151
1785290012.5586083,0.0,0.0,0.0004284160677343607
1785290012.559241,0.0,0.0,0.0004621441476047039
1785290012.5598457,0.0,0.0,0.00043359980918467045
1785290012.5604582,0.0,0.0,0.000439775874838233
1785290012.5610726,0.0,0.0,0.0004396159201860428
1785290012.5616782,0.0,0.0,0.0004326719790697098
1785290012.562287,0.0,0.0,0.000437919981777668
1785290012.5628953,0.0,0.0,0.0004301120061427355
1785290012.5635562,0.0,0.0,0.00048569589853286743
1785290012.5641677,0.0,0.0,0.0004348158836364746
1785290012.564775,0.0,0.0,0.00043414393439888954
1785290012.565402,0.0,0.0,0.00045555178076028824
1785290012.5660074,0.0,0.0,0.00043398397974669933
1785290012.5666194,0.0,0.0,0.000437919981777668
1785290012.5672727,0.0,0.0,0.00046819192357361317
1785290012.5678895,0.0,0.0,0.00044131185859441757
1785290012.5685008,0.0,0.0,0.00044163200072944164
1785290012.5691025,0.0,0.0,0.0004336000420153141
1785290012.5697043,0.0,0.0,0.00043385615572333336
1785290012.5703216,0.0,0.0,0.00044755195267498493
1785290012.570934,0.0,0.0,0.0004403521306812763
1785290012.571571,0.0,0.0,0.00044851191341876984
1785290012.5721836,0.0,0.0,0.0004410240799188614
1785290012.572822,0.0,0.0,0.0004443840589374304
1785290012.5734322,0.0,0.0,0.000437919981777668
1785290012.5740407,0.0,0.0,0.00043654395267367363
1785290012.5746596,0.0,0.0,0.0004524479154497385
1785290012.575304,0.0,0.0,0.00046563195064663887
1785290012.575916,0.0,0.0,0.00043308804742991924
1785290012.5765295,0.0,0.0,0.0004428799729794264
1785290012.5771315,0.0,0.0,0.00043238396756350994
1785290012.5777276,0.0,0.0,0.0004269119817763567
1785290012.578335,0.0,0.0,0.0004316160921007395
1785290012.5789483,0.0,0.0,0.0004420159384608269
1785290012.57962,0.0,0.0,0.00047823996283113956
1785290012.580941,0.0,0.0,0.0004941439256072044
1785290012.58157,0.0,0.0,0.000451456056907773
1785290012.5821908,0.0,0.0,0.0004406080115586519
1785290012.5828483,0.0,0.0,0.00047331186942756176
1785290012.5835118,0.0,0.0,0.0004862719215452671
1785290012.584122,0.0,0.0,0.0004370240494608879
1785290012.5847437,0.0,0.0,0.00045001599937677383
1785290012.5853395,0.0,0.0,0.00042384001426398754
1785290012.5859497,0.0,0.0,0.0004403521306812763
1785290012.5865703,0.0,0.0,0.00044576008804142475
1785290012.5872278,0.0,0.0,0.00048214406706392765
1785290012.5878532,0.0,0.0,0.0004475838504731655
1785290012.5884655,0.0,0.0,0.0004401921760290861
1785290012.5891073,0.0,0.0,0.00044137611985206604
1785290012.5897193,0.0,0.0,0.0004398399032652378
1785290012.590317,0.0,0.0,0.0004295359831303358
1785290012.5909233,0.0,0.0,0.00043142400681972504
1785290012.5915537,0.0,0.0,0.00046195206232368946
1785290012.5921724,0.0,0.0,0.00044489605352282524
1785290012.5927808,0.0,0.0,0.0004327360074967146
1785290012.593393,0.0,0.0,0.00044425600208342075
1785290012.5940173,0.0,0.0,0.0004471039865165949
1785290012.5946317,0.0,0.0,0.0004427200183272362
1785290012.5952585,0.0,0.0,0.0004550078883767128
1785290012.5958595,0.0,0.0,0.0004262719303369522
1785290012.596466,0.0,0.0,0.0004336640704423189
1785290012.597092,0.0,0.0,0.0004520961083471775
1785290012.5977066,0.0,0.0,0.00043827202171087265
1785290012.5983284,0.0,0.0,0.00044643180444836617
1785290012.5989552,0.0,0.0,0.0004516160115599632
1785290012.5995834,0.0,0.0,0.0004383358173072338
1785290012.600221,0.0,0.0,0.0004580479580909014
1785290012.6008294,0.0,0.0,0.000441152136772871
1785290012.6014342,0.0,0.0,0.000434208195656538
1785290012.6020463,0.0,0.0,0.0004392641130834818
1785290012.6026611,0.0,0.0,0.0004421758931130171
1785290012.6032863,0.0,0.0,0.0004575678613036871
1785290012.6038907,0.0,0.0,0.00043529621325433254
1785290012.6045027,0.0,0.0,0.0004377600271254778
1785290012.6051116,0.0,0.0,0.0004304319154471159
1785290012.6057036,0.0,0.0,0.00042527983896434307
1785290012.6063054,0.0,0.0,0.0004287038464099169
1785290012.6069133,0.0,0.0,0.000437695998698473
1785290012.6075687,0.0,0.0,0.00045295991003513336
1785290012.6081874,0.0,0.0,0.00044752005487680435
1785290012.608802,0.0,0.0,0.00044227205216884613
1785290012.60941,0.0,0.0,0.00043900799937546253
1785290012.610016,0.0,0.0,0.00043526384979486465
1785290012.6106374,0.0,0.0,0.00044943997636437416
1785290012.611272,0.0,0.0,0.0004587520379573107
1785290012.6118917,0.0,0.0,0.0004448320250958204
1785290012.6125462,0.0,0.0,0.0004758080467581749
1785290012.6131635,0.0,0.0,0.00044243200682103634
1785290012.6137886,0.0,0.0,0.00045094406232237816
1785290012.6143918,0.0,0.0,0.0004284160677343607
1785290012.6149864,0.0,0.0,0.0004219198599457741
1785290012.6156132,0.0,0.0,0.0004334400873631239
1785290012.616215,0.0,0.0,0.00043388805352151394
1785290012.616828,0.0,0.0,0.0004407039377838373
1785290012.6174343,0.0,0.0,0.0004370559472590685
1785290012.6180372,0.0,0.0,0.0004311040975153446
1785290012.6186435,0.0,0.0,0.0004320000298321247
1785290012.6192687,0.0,0.0,0.000449504004791379
1785290012.6198826,0.0,0.0,0.00044230418279767036
1785290012.6204948,0.0,0.0,0.0004427521489560604
1785290012.6211107,0.0,0.0,0.00044275191612541676
1785290012.621723,0.0,0.0,0.000440928153693676
1785290012.6223357,0.0,0.0,0.00044115190394222736
1785290012.6229477,0.0,0.0,0.0004423998761922121
1785290012.6236112,0.0,0.0,0.0004641918931156397
1785290012.6242278,0.0,0.0,0.00044083199463784695
1785290012.6248443,0.0,0.0,0.0004438720643520355
1785290012.6254601,0.0,0.0,0.000438143964856863
1785290012.626069,0.0,0.0,0.00043427199125289917
1785290012.6267035,0.0,0.0,0.00045094406232237816
1785290012.6273444,0.0,0.0,0.0004722881130874157
1785290012.627948,0.0,0.0,0.00043004797771573067
1785290012.628576,0.0,0.0,0.00045318412594497204
1785290012.6291742,0.0,0.0,0.0004254078958183527
1785290012.6297922,0.0,0.0,0.00044659199193120003
1785290012.6304069,0.0,0.0,0.0004431679844856262
1785290012.6310244,0.0,0.0,0.0004414080176502466
1785290012.6316607,0.0,0.0,0.0004466238897293806
1785290012.6322727,0.0,0.0,0.0004387840162962675
1785290012.6328764,0.0,0.0,0.0004329278599470854
1785290012.633491,0.0,0.0,0.00044006388634443283
1785290012.6340916,0.0,0.0,0.00043420796282589436
1785290012.634706,0.0,0.0,0.0004391039256006479
1785290012.6360273,0.0,0.0,0.001149503979831934
1785290012.6366792,0.0,0.0,0.00045177596621215343
1785290012.6373253,0.0,0.0,0.00045574409887194633
1785290012.6379478,0.0,0.0,0.0004476478789001703
1785290012.6385658,0.0,0.0,0.0004421439953148365
1785290012.6392033,0.0,0.0,0.00046153599396348
1785290012.639828,0.0,0.0,0.00044457591138780117
1785290012.6404366,0.0,0.0,0.00043596792966127396
1785290012.6410537,0.0,0.0,0.0004430720582604408
1785290012.641685,0.0,0.0,0.00045292777940630913
1785290012.6422935,0.0,0.0,0.00043340795673429966
1785290012.6429062,0.0,0.0,0.00044752005487680435
1785290012.6435742,0.0,0.0,0.0004949120339006186
1785290012.6441917,0.0,0.0,0.0004455039743334055
1785290012.644808,0.0,0.0,0.00044435192830860615
1785290012.6454434,0.0,0.0,0.00046521611511707306
1785290012.6460497,0.0,0.0,0.0004344000481069088
1785290012.6466534,0.0,0.0,0.0004370559472590685
1785290012.6472955,0.0,0.0,0.00047376006841659546
1785290012.6479135,0.0,0.0,0.0004428799729794264
1785290012.6485183,0.0,0.0,0.00043347221799194813
1785290012.6491199,0.0,0.0,0.0004337918944656849
1785290012.6497333,0.0,0.0,0.0004405758809298277
1785290012.6503465,0.0,0.0,0.0004357441794127226
1785290012.6509564,0.0,0.0,0.0004395840223878622
1785290012.6515832,0.0,0.0,0.00043468805961310863
1785290012.6521888,0.0,0.0,0.0004324160981923342
1785290012.652815,0.0,0.0,0.0004363518673926592
1785290012.6534073,0.0,0.0,0.0004207680467516184
1785290012.6540105,0.0,0.0,0.00043843197636306286
1785290012.6546078,0.0,0.0,0.00042694411240518093
1785290012.6552396,0.0,0.0,0.0004623041022568941
1785290012.6558409,0.0,0.0,0.00043059210292994976
1785290012.6564264,0.0,0.0,0.000419168034568429
1785290012.6570237,0.0,0.0,0.0004343041218817234
1785290012.6576266,0.0,0.0,0.00043574394658207893
1785290012.6582174,0.0,0.0,0.0004245438612997532
1785290012.658808,0.0,0.0,0.00042054406367242336
1785290012.6594505,0.0,0.0,0.0004731840454041958
1785290012.6600633,0.0,0.0,0.00044153607450425625
1785290012.6606734,0.0,0.0,0.0004383041523396969
1785290012.6612718,0.0,0.0,0.00042822398245334625
1785290012.6618748,0.0,0.0,0.0004344000481069088
1785290012.6624742,0.0,0.0,0.0004296000115573406
1785290012.6630862,0.0,0.0,0.00043996796011924744
1785290012.6637328,0.0,0.0,0.0004455999005585909
1785290012.6643372,0.0,0.0,0.00043423986062407494
1785290012.6649404,0.0,0.0,0.00043334392830729485
1785290012.665539,0.0,0.0,0.0004308160860091448
1785290012.6661544,0.0,0.0,0.0004417281597852707
1785290012.6667826,0.0,0.0,0.00043484801426529884
1785290012.667408,0.0,0.0,0.00045708799734711647
1785290012.6680253,0.0,0.0,0.00044332793913781643
1785290012.6686535,0.0,0.0,0.00044256006367504597
1785290012.669262,0.0,0.0,0.00043427199125289917
1785290012.6698663,0.0,0.0,0.0004332158714532852
1785290012.6704826,0.0,0.0,0.00044320011511445045
1785290012.671114,0.0,0.0,0.00045932806096971035
1785290012.671719,0.0,0.0,0.0004362240433692932
1785290012.6723173,0.0,0.0,0.00042870407924056053
1785290012.6729245,0.0,0.0,0.0004365758504718542
1785290012.6735332,0.0,0.0,0.0004409600514918566
1785290012.6741402,0.0,0.0,0.00043644802644848824
1785290012.6747534,0.0,0.0,0.00044147204607725143
1785290012.675391,0.0,0.0,0.00046841613948345184
1785290012.6760137,0.0,0.0,0.00044873589649796486
1785290012.6766124,0.0,0.0,0.0004286400508135557
1785290012.6772034,0.0,0.0,0.0004176320508122444
1785290012.6778169,0.0,0.0,0.0004469121340662241
1785290012.6784327,0.0,0.0,0.00044403201900422573
1785290012.6790457,0.0,0.0,0.0004393281415104866
1785290012.679681,0.0,0.0,0.00044076796621084213
1785290012.6802962,0.0,0.0,0.00043984013609588146
1785290012.6809092,0.0,0.0,0.00044275191612541676
1785290012.6815252,0.0,0.0,0.0004391681868582964
1785290012.6821404,0.0,0.0,0.0004430720582604408
1785290012.682738,0.0,0.0,0.00042559998109936714
1785290012.6833763,0.0,0.0,0.00046601612120866776
1785290012.6839921,0.0,0.0,0.00043708784505724907
1785290012.6846137,0.0,0.0,0.0004333760589361191
1785290012.6852286,0.0,0.0,0.0004423039499670267
1785290012.6858401,0.0,0.0,0.00043830391950905323
1785290012.6864555,0.0,0.0,0.00042937579564750195
1785290012.6870725,0.0,0.0,0.00044393609277904034
1785290012.6877363,0.0,0.0,0.0004472320433706045
1785290012.6883514,0.0,0.0,0.0004409921821206808
1785290012.6889548,0.0,0.0,0.00043452787213027477
1785290012.6895657,0.0,0.0,0.00043827202171087265
1785290012.6908057,0.0,0.0,0.0010681920684874058
1785290012.6914861,0.0,0.0,0.00048678391613066196
1785290012.692104,0.0,0.0,0.00043564802035689354
1785290012.6927114,0.0,0.0,0.0004304000176489353
1785290012.6933103,0.0,0.0,0.0004271038342267275
1785290012.6939242,0.0,0.0,0.0004391039256006479
1785290012.6945264,0.0,0.0,0.00043836794793605804
1785290012.695155,0.0,0.0,0.0004609918687492609
1785290012.69576,0.0,0.0,0.0004326400812715292
1785290012.6963606,0.0,0.0,0.000427392078563571
1785290012.6969585,0.0,0.0,0.0004255678504705429
1785290012.6975574,0.0,0.0,0.0004302400629967451
1785290012.6981578,0.0,0.0,0.00043651205487549305
1785290012.698751,0.0,0.0,0.00042396807111799717
1785290012.6993725,0.0,0.0,0.00045273592695593834
1785290012.6999645,0.0,0.0,0.00042319996282458305
1785290012.7005703,0.0,0.0,0.0004183999262750149
1785290012.701163,0.0,0.0,0.0004232320934534073
1785290012.7017596,0.0,0.0,0.00042726402170956135
1785290012.7023726,0.0,0.0,0.00044425600208342075
1785290012.702971,0.0,0.0,0.0004295038525015116
1785290012.7035818,0.0,0.0,0.0004221438430249691
1785290012.7041721,0.0,0.0,0.000416032038629055
1785290012.704775,0.0,0.0,0.00043561612255871296
1785290012.7053773,0.0,0.0,0.00042911991477012634
1785290012.7059867,0.0,0.0,0.0004406399093568325
1785290012.706608,0.0,0.0,0.00043737608939409256
1785290012.7072344,0.0,0.0,0.00045686401426792145
1785290012.7078722,0.0,0.0,0.0004616000223904848
1785290012.708483,0.0,0.0,0.0004404480569064617
1785290012.7090962,0.0,0.0,0.0004438080359250307
1785290012.709704,0.0,0.0,0.00043724803254008293
1785290012.7103179,0.0,0.0,0.00044304016046226025
1785290012.7109246,0.0,0.0,0.0004363199695944786
1785290012.7116182,0.0,0.0,0.00044697592966258526
1785290012.7122395,0.0,0.0,0.00044720014557242393
1785290012.7128525,0.0,0.0,0.00043939193710684776
1785290012.7134612,0.0,0.0,0.0004395199939608574
1785290012.7140563,0.0,0.0,0.00042559998109936714
1785290012.714653,0.0,0.0,0.00042966403998434544
1785290012.7153082,0.0,0.0,0.00047606416046619415
1785290012.7159433,0.0,0.0,0.00044854404404759407
1785290012.7165718,0.0,0.0,0.0004513280000537634
1785290012.7171814,0.0,0.0,0.0004361600149422884
1785290012.7177877,0.0,0.0,0.0004299841821193695
1785290012.7183826,0.0,0.0,0.0004265920724719763
1785290012.7189882,0.0,0.0,0.00043407990597188473
1785290012.7196183,0.0,0.0,0.0004425598308444023
1785290012.7202291,0.0,0.0,0.0004384641069918871
1785290012.72083,0.0,0.0,0.0004248321056365967
1785290012.7214236,0.0,0.0,0.00042384001426398754
1785290012.7220266,0.0,0.0,0.0004392641130834818
1785290012.7226381,0.0,0.0,0.00044160010293126106
1785290012.723261,0.0,0.0,0.0004509121645241976
1785290012.7238662,0.0,0.0,0.0004342400934547186
1785290012.7245262,0.0,0.0,0.00042716809548437595
1785290012.7251298,0.0,0.0,0.0004325760528445244
1785290012.7257283,0.0,0.0,0.00042838393710553646
1785290012.7263548,0.0,0.0,0.00045686401426792145
1785290012.726958,0.0,0.0,0.000432704109698534
1785290012.7275972,0.0,0.0,0.000451456056907773
1785290012.72823,0.0,0.0,0.00045679998584091663
1785290012.7288709,0.0,0.0,0.00046483217738568783
1785290012.7295008,0.0,0.0,0.00045955204404890537
1785290012.7301326,0.0,0.0,0.0004589119926095009
1785290012.7307708,0.0,0.0,0.00046108802780508995
1785290012.7314258,0.0,0.0,0.00048041599802672863
1785290012.7320755,0.0,0.0,0.0004394559655338526
1785290012.7326808,0.0,0.0,0.00043151993304491043
1785290012.7332852,0.0,0.0,0.0004307201597839594
1785290012.733895,0.0,0.0,0.0004326719790697098
1785290012.73449,0.0,0.0,0.0004235201049596071
1785290012.735076,0.0,0.0,0.00042671989649534225
1785290012.735709,0.0,0.0,0.000439648050814867
1785290012.736306,0.0,0.0,0.0004268479533493519
1785290012.7369037,0.0,0.0,0.0004273918457329273
1785290012.7374876,0.0,0.0,0.000417088158428669
1785290012.7380862,0.0,0.0,0.0004310719668865204
1785290012.738698,0.0,0.0,0.0004431679844856262
1785290012.7393336,0.0,0.0,0.0004644158761948347
1785290012.7399445,0.0,0.0,0.000437568174675107
1785290012.7405612,0.0,0.0,0.0004422399215400219
1785290012.7411838,0.0,0.0,0.000441152136772871
1785290012.7417939,0.0,0.0,0.00044531188905239105
1785290012.7423983,0.0,0.0,0.0004293760284781456
1785290012.7430096,0.0,0.0,0.0004406080115586519
1785290012.7436442,0.0,0.0,0.0004455039743334055
1785290012.744264,0.0,0.0,0.0004457279574126005
1785290012.7449026,0.0,0.0,0.00044848001562058926
1785290012.746191,0.0,0.0,0.0011104641016572714
1785290012.7468517,0.0,0.0,0.0004693439695984125
1785290012.7475102,0.0,0.0,0.0004764480981975794
1785290012.7481194,0.0,0.0,0.00043577607721090317
1785290012.7487407,0.0,0.0,0.00044336006976664066
1785290012.7493558,0.0,0.0,0.00045084813609719276
1785290012.749972,0.0,0.0,0.0004436799790710211
1785290012.7505941,0.0,0.0,0.0004465598613023758
1785290012.7512312,0.0,0.0,0.00046444800682365894
1785290012.7518587,0.0,0.0,0.0004515519831329584
1785290012.752479,0.0,0.0,0.00044409604743123055
1785290012.7530801,0.0,0.0,0.00042886403389275074
1785290012.7536893,0.0,0.0,0.00044361595064401627
1785290012.754303,0.0,0.0,0.0004380159080028534
1785290012.7549171,0.0,0.0,0.00043897610157728195
1785290012.755592,0.0,0.0,0.0004830718971788883
1785290012.7562308,0.0,0.0,0.00045759999193251133
1785290012.756856,0.0,0.0,0.0004480639472603798
1785290012.757469,0.0,0.0,0.00044345599599182606
1785290012.758088,0.0,0.0,0.00044307182542979717
1785290012.7587168,0.0,0.0,0.0004557759966701269
1785290012.75935,0.0,0.0,0.0004602561239153147
1785290012.7599611,0.0,0.0,0.00043875211849808693
1785290012.7605789,0.0,0.0,0.00044460780918598175
1785290012.7611918,0.0,0.0,0.0004392322152853012
1785290012.7618053,0.0,0.0,0.0004402240738272667
1785290012.7624233,0.0,0.0,0.0004445761442184448
1785290012.7630506,0.0,0.0,0.0004444799851626158
1785290012.7636724,0.0,0.0,0.0004309120122343302
1785290012.7642899,0.0,0.0,0.000434560002759099
1785290012.7648873,0.0,0.0,0.0004344959743320942
1785290012.765513,0.0,0.0,0.0004567361902445555
1785290012.7661135,0.0,0.0,0.00043222401291131973
1785290012.7667682,0.0,0.0,0.00046700797975063324
1785290012.7674007,0.0,0.0,0.000456096138805151
1785290012.7680206,0.0,0.0,0.00044607999734580517
1785290012.7686298,0.0,0.0,0.00043891207315027714
1785290012.76924,0.0,0.0,0.00043750391341745853
1785290012.7698522,0.0,0.0,0.0004432639107108116
1785290012.770464,0.0,0.0,0.000443008029833436
1785290012.7710629,0.0,0.0,0.00043036811985075474
1785290012.771719,0.0,0.0,0.0004555520135909319
1785290012.7723145,0.0,0.0,0.00043228804133832455
1785290012.7729268,0.0,0.0,0.0004423679783940315
1785290012.7735398,0.0,0.0,0.0004384641069918871
1785290012.77414,0.0,0.0,0.00042815995402634144
1785290012.774746,0.0,0.0,0.0004348158836364746
1785290012.7753873,0.0,0.0,0.0004700480494648218
1785290012.7759924,0.0,0.0,0.0004293760284781456
1785290012.7765944,0.0,0.0,0.000429344130679965
1785290012.7772002,0.0,0.0,0.00043423986062407494
1785290012.7778096,0.0,0.0,0.0004347199574112892
1785290012.7784188,0.0,0.0,0.00044035189785063267
1785290012.7790208,0.0,0.0,0.00042822398245334625
1785290012.7796788,0.0,0.0,0.0004523519892245531
1785290012.7802875,0.0,0.0,0.0004419200122356415
1785290012.780901,0.0,0.0,0.0004408322274684906
1785290012.781512,0.0,0.0,0.00044025620445609093
1785290012.7821226,0.0,0.0,0.0004371840041130781
1785290012.7827332,0.0,0.0,0.00044169602915644646
1785290012.7833698,0.0,0.0,0.00045871990732848644
1785290012.7840042,0.0,0.0,0.0004537920467555523
1785290012.784644,0.0,0.0,0.0004583678673952818
1785290012.7852736,0.0,0.0,0.0004455680027604103
1785290012.7859106,0.0,0.0,0.0004367041401565075
1785290012.78652,0.0,0.0,0.00043484801426529884
1785290012.7871501,0.0,0.0,0.00045526400208473206
1785290012.7877874,0.0,0.0,0.00046214391477406025
1785290012.788419,0.0,0.0,0.0004566400311887264
1785290012.7890272,0.0,0.0,0.00043327989988029003
1785290012.789629,0.0,0.0,0.00042655994184315205
1785290012.7902474,0.0,0.0,0.000449504004791379
1785290012.7908573,0.0,0.0,0.0004470080602914095
1785290012.7914834,0.0,0.0,0.0004572800826281309
1785290012.7920816,0.0,0.0,0.00042742397636175156
1785290012.7926838,0.0,0.0,0.0004319360014051199
1785290012.7932942,0.0,0.0,0.00043654395267367363
1785290012.7939131,0.0,0.0,0.00044755195267498493
1785290012.794525,0.0,0.0,0.000439775874838233
1785290012.7951565,0.0,0.0,0.0004620801191776991
1785290012.7958071,0.0,0.0,0.000456447945907712
1785290012.7964196,0.0,0.0,0.00043379212729632854
1785290012.7970319,0.0,0.0,0.0004425598308444023
1785290012.7976344,0.0,0.0,0.00042991992086172104
1785290012.7982419,0.0,0.0,0.0004351360257714987
1785290012.7988427,0.0,0.0,0.0004334719851613045
1785290012.7994637,0.0,0.0,0.00045692804269492626
1785290012.8000677,0.0,0.0,0.0004304319154471159
1785290012.8014212,0.0,0.0,0.0011885440908372402
1785290012.8020794,0.0,0.0,0.0004627201706171036
1785290012.8027096,0.0,0.0,0.0004468481056392193
1785290012.8033712,0.0,0.0,0.00048671988770365715
1785290012.8040109,0.0,0.0,0.0004554879851639271
1785290012.804625,0.0,0.0,0.00043980800546705723
1785290012.8052356,0.0,0.0,0.00043667200952768326
1785290012.8058517,0.0,0.0,0.0004380159080028534
1785290012.8064637,0.0,0.0,0.00044028786942362785
1785290012.8070712,0.0,0.0,0.0004352959804236889
1785290012.8077,0.0,0.0,0.0004351041279733181
1785290012.8083134,0.0,0.0,0.000439200084656477
1785290012.808937,0.0,0.0,0.00045174406841397285
1785290012.8095572,0.0,0.0,0.00044281594455242157
1785290012.810176,0.0,0.0,0.0004450881388038397
1785290012.810783,0.0,0.0,0.00044697592966258526
1785290012.8114212,0.0,0.0,0.0004692480433732271
1785290012.812034,0.0,0.0,0.00044432003051042557
1785290012.8126817,0.0,0.0,0.0004591678734868765
1785290012.8133097,0.0,0.0,0.00045190402306616306
1785290012.8139293,0.0,0.0,0.0004455680027604103
1785290012.814529,0.0,0.0,0.0004259520210325718
1785290012.8151505,0.0,0.0,0.0004534719046205282
1785290012.815765,0.0,0.0,0.0004416638985276222
1785290012.8163633,0.0,0.0,0.00042646401561796665
1785290012.8169658,0.0,0.0,0.0004279359709471464
1785290012.817568,0.0,0.0,0.00043120002374053
1785290012.8181682,0.0,0.0,0.000436639878898859
1785290012.818768,0.0,0.0,0.0004273601807653904
1785290012.819388,0.0,0.0,0.0004508479032665491
1785290012.819997,0.0,0.0,0.00043151993304491043
1785290012.8206124,0.0,0.0,0.00044137611985206604
1785290012.8212268,0.0,0.0,0.0004379840102046728
1785290012.8218255,0.0,0.0,0.0004325760528445244
1785290012.8224368,0.0,0.0,0.00043676793575286865
1785290012.8230395,0.0,0.0,0.0004336959682404995
1785290012.823672,0.0,0.0,0.00043580797500908375
1785290012.8242757,0.0,0.0,0.0004381758626550436
1785290012.8248692,0.0,0.0,0.00041862414218485355
1785290012.8254802,0.0,0.0,0.0004406399093568325
1785290012.8260956,0.0,0.0,0.0004219838883727789
1785290012.8266947,0.0,0.0,0.0004301120061427355
1785290012.8273315,0.0,0.0,0.0004600959364324808
1785290012.8279574,0.0,0.0,0.0004398399032652378
1785290012.8285549,0.0,0.0,0.000429695937782526
1785290012.8291516,0.0,0.0,0.00042758393101394176
1785290012.8297513,0.0,0.0,0.00043302401900291443
1785290012.8303556,0.0,0.0,0.0004403521306812763
1785290012.8309486,0.0,0.0,0.00042220810428261757
1785290012.831583,0.0,0.0,0.0004426881205290556
1785290012.8321996,0.0,0.0,0.0004413439892232418
1785290012.8328094,0.0,0.0,0.00044524786062538624
1785290012.8334274,0.0,0.0,0.0004469440318644047
1785290012.8340368,0.0,0.0,0.00043785618618130684
1785290012.8346465,0.0,0.0,0.00044044782407581806
1785290012.8352854,0.0,0.0,0.0004651839844882488
1785290012.8359153,0.0,0.0,0.0004546879790723324
1785290012.8365276,0.0,0.0,0.000439200084656477
1785290012.8371332,0.0,0.0,0.00043075205758213997
1785290012.8377323,0.0,0.0,0.00043235206976532936
1785290012.8383408,0.0,0.0,0.000437792157754302
1785290012.8389544,0.0,0.0,0.0004447358660399914
1785290012.8395987,0.0,0.0,0.0004548800643533468
1785290012.840227,0.0,0.0,0.0004506879486143589
1785290012.8408363,0.0,0.0,0.00043702381663024426
1785290012.8414533,0.0,0.0,0.0004438720643520355
1785290012.842071,0.0,0.0,0.00043894420377910137
1785290012.8426657,0.0,0.0,0.0004218560643494129
1785290012.8433058,0.0,0.0,0.0004589119926095009
1785290012.8439136,0.0,0.0,0.0004360959865152836
1785290012.8445115,0.0,0.0,0.00042828801088035107
1785290012.8451087,0.0,0.0,0.0004321599844843149
1785290012.8457513,0.0,0.0,0.0004559678491204977
1785290012.8463829,0.0,0.0,0.00045295991003513336
1785290012.8470044,0.0,0.0,0.00044115190394222736
1785290012.8476386,0.0,0.0,0.0004420799668878317
1785290012.8482645,0.0,0.0,0.00045305583626031876
1785290012.8488686,0.0,0.0,0.0004311040975153446
1785290012.8494768,0.0,0.0,0.0004387199878692627
1785290012.8500907,0.0,0.0,0.0004418240860104561
1785290012.8507063,0.0,0.0,0.0004403840284794569
1785290012.851326,0.0,0.0,0.00044934405013918877
1785290012.851948,0.0,0.0,0.0004463039804250002
1785290012.8525524,0.0,0.0,0.00043276790529489517
1785290012.8531663,0.0,0.0,0.0004431679844856262
1785290012.853783,0.0,0.0,0.0004454720765352249
1785290012.8543875,0.0,0.0,0.0004344640765339136
1785290012.8549874,0.0,0.0,0.0004329599905759096
1785290012.855628,0.0,0.0,0.00044265598990023136
1785290012.8569558,0.0,0.0,0.0004866241943091154
1785290012.8575969,0.0,0.0,0.0004498239140957594
1785290012.858228,0.0,0.0,0.0004477440379559994
1785290012.8588703,0.0,0.0,0.00045686401426792145
1785290012.8595152,0.0,0.0,0.000464768148958683
1785290012.860166,0.0,0.0,0.0004565438721328974
1785290012.8607855,0.0,0.0,0.00044352002441883087
1785290012.861396,0.0,0.0,0.0004354240372776985
1785290012.8620198,0.0,0.0,0.0004492797888815403
1785290012.8626285,0.0,0.0,0.0004347199574112892
1785290012.8632624,0.0,0.0,0.00046108802780508995
1785290012.8638792,0.0,0.0,0.0004401921760290861
1785290012.8645008,0.0,0.0,0.0004442241042852402
1785290012.8651128,0.0,0.0,0.000440928153693676
1785290012.8657217,0.0,0.0,0.00044083199463784695
1785290012.8663414,0.0,0.0,0.00044515193440020084
1785290012.8669424,0.0,0.0,0.00043407990597188473
1785290012.8675835,0.0,0.0,0.0004414080176502466
1785290012.8682165,0.0,0.0,0.0004616640508174896
1785290012.868835,0.0,0.0,0.00044611189514398575
1785290012.8694503,0.0,0.0,0.00043868785724043846
1785290012.8700485,0.0,0.0,0.0004278079140931368
1785290012.8706498,0.0,0.0,0.0004365441855043173
1785290012.871281,0.0,0.0,0.000460031908005476
1785290012.8718946,0.0,0.0,0.00044358382001519203
1785290012.8725147,0.0,0.0,0.0004520320799201727
1785290012.873144,0.0,0.0,0.0004523519892245531
1785290012.8737667,0.0,0.0,0.0004513920284807682
1785290012.8743649,0.0,0.0,0.00042895996011793613
1785290012.8749778,0.0,0.0,0.0004402881022542715
1785290012.8756192,0.0,0.0,0.000447999918833375
1785290012.8762267,0.0,0.0,0.0004326400812715292
1785290012.8768268,0.0,0.0,0.00043503986671566963
1785290012.8774424,0.0,0.0,0.0004473598673939705
1785290012.8780494,0.0,0.0,0.00043651205487549305
1785290012.8786597,0.0,0.0,0.0004406399093568325
1785290012.87929,0.0,0.0,0.0004588800948113203
1785290012.8798914,0.0,0.0,0.0004268479533493519
1785290012.880491,0.0,0.0,0.00042956811375916004
1785290012.881106,0.0,0.0,0.0004397439770400524
1785290012.8817043,0.0,0.0,0.0004296000115573406
1785290012.8822958,0.0,0.0,0.0004282561130821705
1785290012.8828974,0.0,0.0,0.00042822398245334625
1785290012.883542,0.0,0.0,0.0004716799594461918
1785290012.884156,0.0,0.0,0.00044188788160681725
1785290012.884789,0.0,0.0,0.0004472639411687851
1785290012.8854065,0.0,0.0,0.00044259196147322655
1785290012.886,0.0,0.0,0.00042912014760077
1785290012.886621,0.0,0.0,0.0004481279756873846
1785290012.887265,0.0,0.0,0.000456447945907712
1785290012.8878767,0.0,0.0,0.00043395208194851875
1785290012.8884816,0.0,0.0,0.0004305599723011255
1785290012.8890963,0.0,0.0,0.0004435521550476551
1785290012.8897004,0.0,0.0,0.00043244799599051476
1785290012.89031,0.0,0.0,0.0004414080176502466
1785290012.8909223,0.0,0.0,0.00044003198854625225
1785290012.8915696,0.0,0.0,0.00044227205216884613
1785290012.892177,0.0,0.0,0.00043679983355104923
1785290012.8927944,0.0,0.0,0.0004438399337232113
1785290012.8934228,0.0,0.0,0.00045411218889057636
1785290012.8940504,0.0,0.0,0.0004541759844869375
1785290012.8946555,0.0,0.0,0.00043078395538032055
1785290012.895289,0.0,0.0,0.00046345614828169346
1785290012.895899,0.0,0.0,0.0004474879242479801
1785290012.8965156,0.0,0.0,0.00044201617129147053
1785290012.8971207,0.0,0.0,0.0004362559411674738
1785290012.8977358,0.0,0.0,0.0004447998944669962
1785290012.8983319,0.0,0.0,0.00042521581053733826
1785290012.8989289,0.0,0.0,0.00043302401900291443
1785290012.8995683,0.0,0.0,0.00045430404134094715
1785290012.9001873,0.0,0.0,0.00044387183152139187
1785290012.9007866,0.0,0.0,0.0004277119878679514
1785290012.9013872,0.0,0.0,0.00043302401900291443
1785290012.9019885,0.0,0.0,0.00043139210902154446
1785290012.902584,0.0,0.0,0.00043318397365510464
1785290012.9032023,0.0,0.0,0.0004475198220461607
1785290012.9038033,0.0,0.0,0.00043081585317850113
1785290012.9044092,0.0,0.0,0.00043753604404628277
1785290012.9050205,0.0,0.0,0.0004378559533506632
1785290012.9056256,0.0,0.0,0.0004387518856674433
1785290012.9062533,0.0,0.0,0.00044144014827907085
1785290012.9069035,0.0,0.0,0.0004616959486156702
1785290012.9075682,0.0,0.0,0.0004884479567408562
1785290012.9082046,0.0,0.0,0.00046204798854887486
1785290012.9088275,0.0,0.0,0.0004402559716254473
1785290012.9094312,0.0,0.0,0.0004300160799175501
1785290012.910057,0.0,0.0,0.00045078410767018795
1785290012.9106715,0.0,0.0,0.0004436799790710211
1785290012.911976,0.0,0.0,0.0011302719358354807
1785290012.9126284,0.0,0.0,0.0004529280122369528
1785290012.91328,0.0,0.0,0.0004675199743360281
1785290012.9139097,0.0,0.0,0.0004517119377851486
1785290012.9145243,0.0,0.0,0.0004386880900710821
1785290012.9151592,0.0,0.0,0.0004632000345736742
1785290012.9157763,0.0,0.0,0.0004424639046192169
1785290012.916387,0.0,0.0,0.0004414080176502466
1785290012.917001,0.0,0.0,0.00044441595673561096
1785290012.917628,0.0,0.0,0.0004494080785661936
1785290012.9182484,0.0,0.0,0.00044943997636437416
1785290012.918857,0.0,0.0,0.0004338878206908703
1785290012.919507,0.0,0.0,0.0004768639337271452
1785290012.9201267,0.0,0.0,0.0004428480751812458
1785290012.9207373,0.0,0.0,0.00043881614692509174
1785290012.9213572,0.0,0.0,0.00044169602915644646
1785290012.92197,0.0,0.0,0.0004371840041130781
1785290012.9225693,0.0,0.0,0.0004333760589361191
1785290012.9232016,0.0,0.0,0.0004642240237444639
1785290012.923894,0.0,0.0,0.00044105597771704197
1785290012.9245074,0.0,0.0,0.0004402559716254473
1785290012.9251156,0.0,0.0,0.00043971207924187183
1785290012.9257174,0.0,0.0,0.000436288071796298
1785290012.9263244,0.0,0.0,0.0004371840041130781
1785290012.9269524,0.0,0.0,0.0004436799790710211
1785290012.9276047,0.0,0.0,0.0004582719411700964
1785290012.9282212,0.0,0.0,0.00044176005758345127
1785290012.928844,0.0,0.0,0.00045180809684097767
1785290012.9294755,0.0,0.0,0.00045692804269492626
1785290012.9300733,0.0,0.0,0.0004345281049609184
1785290012.9306889,0.0,0.0,0.0004428480751812458
1785290012.9313128,0.0,0.0,0.00045775994658470154
1785290012.931922,0.0,0.0,0.00043644802644848824
1785290012.9325385,0.0,0.0,0.00044496008194983006
1785290012.933146,0.0,0.0,0.0004352319519966841
1785290012.933756,0.0,0.0,0.00043334392830729485
1785290012.9343638,0.0,0.0,0.0004384000785648823
1785290012.9349775,0.0,0.0,0.0004437121096998453
1785290012.9356182,0.0,0.0,0.0004411840345710516
1785290012.9362159,0.0,0.0,0.000430976040661335
1785290012.9368205,0.0,0.0,0.0004344000481069088
1785290012.9374156,0.0,0.0,0.00042511988431215286
1785290012.9380474,0.0,0.0,0.00046003214083611965
1785290012.938667,0.0,0.0,0.0004497598856687546
1785290012.9393022,0.0,0.0,0.00046486384235322475
1785290012.9399102,0.0,0.0,0.00043404800817370415
1785290012.94053,0.0,0.0,0.00044419197365641594
1785290012.9411356,0.0,0.0,0.00043292809277772903
1785290012.9417393,0.0,0.0,0.00043414393439888954
1785290012.9423454,0.0,0.0,0.0004339199513196945
1785290012.9429607,0.0,0.0,0.00044607999734580517
1785290012.9436293,0.0,0.0,0.00047929584980010986
1785290012.944249,0.0,0.0,0.00044451211579144
1785290012.9448583,0.0,0.0,0.0004325441550463438
1785290012.9454648,0.0,0.0,0.0004349441733211279
1785290012.9461143,0.0,0.0,0.00046108802780508995
1785290012.9467325,0.0,0.0,0.00044675194658339024
1785290012.9473507,0.0,0.0,0.00045340810902416706
1785290012.9479632,0.0,0.0,0.00044336006976664066
1785290012.9485657,0.0,0.0,0.00042940815910696983
1785290012.949167,0.0,0.0,0.0004373758565634489
1785290012.9497788,0.0,0.0,0.00044204783625900745
1785290012.9503849,0.0,0.0,0.00043004797771573067
1785290012.9510047,0.0,0.0,0.00045206397771835327
1785290012.9516447,0.0,0.0,0.00044697592966258526
1785290012.952254,0.0,0.0,0.0004391041584312916
1785290012.952858,0.0,0.0,0.00043580797500908375
1785290012.9534554,0.0,0.0,0.00042288005352020264
1785290012.9540563,0.0,0.0,0.00043235206976532936
1785290012.9546885,0.0,0.0,0.0004584959242492914
1785290012.9553306,0.0,0.0,0.00045183999463915825
1785290012.9559484,0.0,0.0,0.00044265598990023136
1785290012.9565668,0.0,0.0,0.0004454720765352249
1785290012.9571803,0.0,0.0,0.00043916795402765274
1785290012.9577932,0.0,0.0,0.00044169602915644646
1785290012.9584067,0.0,0.0,0.00043539213947951794
1785290012.9590223,0.0,0.0,0.0004439039621502161
1785290012.9596665,0.0,0.0,0.0004458879120647907
1785290012.960279,0.0,0.0,0.00043942383490502834
1785290012.960916,0.0,0.0,0.000454816035926342
1785290012.9615312,0.0,0.0,0.00044428789988160133
1785290012.9621427,0.0,0.0,0.0004399039316922426
1785290012.9627502,0.0,0.0,0.00043398397974669933
1785290012.96339,0.0,0.0,0.0004742399323731661
1785290012.9640052,0.0,0.0,0.00044339196756482124
1785290012.9646213,0.0,0.0,0.0004410240799188614
1785290012.9652643,0.0,0.0,0.0004499838687479496
1785290012.9658854,0.0,0.0,0.0004441598430275917
1785290012.9672143,0.0,0.0,0.0011525761801749468
1785290012.9678733,0.0,0.0,0.0004589441232383251
1785290012.9685087,0.0,0.0,0.00045686401426792145
1785290012.9691381,0.0,0.0,0.00044848001562058926
1785290012.969767,0.0,0.0,0.00044918409548699856
1785290012.9703825,0.0,0.0,0.00043984013609588146
1785290012.9710035,0.0,0.0,0.0004464320372790098
1785290012.9716697,0.0,0.0,0.00044697592966258526
1785290012.972277,0.0,0.0,0.00043625617399811745
1785290012.972879,0.0,0.0,0.00043004797771573067
1785290012.9734948,0.0,0.0,0.000437919981777668
1785290012.9741015,0.0,0.0,0.00043641612865030766
1785290012.9747088,0.0,0.0,0.0004354240372776985
1785290012.9753544,0.0,0.0,0.0004731840454041958
1785290012.9759638,0.0,0.0,0.00043843197636306286
1785290012.976556,0.0,0.0,0.0004285760223865509
1785290012.9771504,0.0,0.0,0.00042502395808696747
1785290012.977764,0.0,0.0,0.00044268788769841194
1785290012.9783642,0.0,0.0,0.0004388159140944481
1785290012.9789772,0.0,0.0,0.0004409598186612129
1785290012.9796014,0.0,0.0,0.00043484801426529884
1785290012.980216,0.0,0.0,0.00043913605622947216
1785290012.980821,0.0,0.0,0.000430976040661335
1785290012.9814374,0.0,0.0,0.00044553610496222973
1785290012.9820316,0.0,0.0,0.0004212798085063696
1785290012.9826279,0.0,0.0,0.00042409589514136314
1785290012.9832695,0.0,0.0,0.0004654082003980875
1785290012.9838853,0.0,0.0,0.0004430399276316166
1785290012.9844725,0.0,0.0,0.0004272318910807371
1785290012.985071,0.0,0.0,0.00042534410022199154
1785290012.9856765,0.0,0.0,0.00043478398583829403
1785290012.9862933,0.0,0.0,0.00043308804742991924
1785290012.9868991,0.0,0.0,0.0004354878328740597
1785290012.987545,0.0,0.0,0.00046281609684228897
1785290012.988145,0.0,0.0,0.0004302400629967451
1785290012.9887536,0.0,0.0,0.00043667200952768326
1785290012.9893641,0.0,0.0,0.0004431679844856262
1785290012.9899745,0.0,0.0,0.00043667200952768326
1785290012.9905958,0.0,0.0,0.000446495832875371
1785290012.991238,0.0,0.0,0.00047296006232500076
1785290012.9918473,0.0,0.0,0.0004304638132452965
1785290012.992466,0.0,0.0,0.0004470720887184143
1785290012.993072,0.0,0.0,0.00043612788431346416
1785290012.993676,0.0,0.0,0.000434336019679904
1785290012.9942715,0.0,0.0,0.00042214407585561275
1785290012.9948688,0.0,0.0,0.0004285119939595461
1785290012.9954875,0.0,0.0,0.00044515193440020084
1785290012.9961069,0.0,0.0,0.0004475198220461607
1785290012.996727,0.0,0.0,0.0004437440074980259
1785290012.9973361,0.0,0.0,0.00043913605622947216
1785290012.997963,0.0,0.0,0.0004506239201873541
1785290012.998601,0.0,0.0,0.00046204798854887486
1785290012.9992383,0.0,0.0,0.0004624000284820795
1785290012.9998617,0.0,0.0,0.0004512001760303974
1785290013.0004766,0.0,0.0,0.00044428789988160133
1785290013.0010781,0.0,0.0,0.00042764819227159023
1785290013.0016801,0.0,0.0,0.000432704109698534
1785290013.0022824,0.0,0.0,0.0004291520453989506
1785290013.0028899,0.0,0.0,0.00043494394049048424
1785290013.003519,0.0,0.0,0.00045721582137048244
1785290013.0041342,0.0,0.0,0.0004408638924360275
1785290013.0047417,0.0,0.0,0.0004357118159532547
1785290013.0053751,0.0,0.0,0.00044656009413301945
1785290013.005988,0.0,0.0,0.0004398399032652378
1785290013.0066018,0.0,0.0,0.000441503943875432
1785290013.007237,0.0,0.0,0.00046547199599444866
1785290013.0078444,0.0,0.0,0.00043510389514267445
1785290013.0084531,0.0,0.0,0.0004367681685835123
1785290013.009058,0.0,0.0,0.00043465616181492805
1785290013.0096664,0.0,0.0,0.00043583987280726433
1785290013.0102825,0.0,0.0,0.00044460780918598175
1785290013.0108986,0.0,0.0,0.000446016201749444
1785290013.0115213,0.0,0.0,0.0004566079005599022
1785290013.012122,0.0,0.0,0.0004301120061427355
1785290013.0127301,0.0,0.0,0.0004479361232370138
1785290013.013335,0.0,0.0,0.0004329918883740902
1785290013.0139472,0.0,0.0,0.0004441279452294111
1785290013.0145555,0.0,0.0,0.00043673603795468807
1785290013.0151818,0.0,0.0,0.0004576318897306919
1785290013.0157955,0.0,0.0,0.00044064014218747616
1785290013.0164273,0.0,0.0,0.0004593278281390667
1785290013.0170388,0.0,0.0,0.0004370240494608879
1785290013.0176435,0.0,0.0,0.00043612788431346416
1785290013.0182407,0.0,0.0,0.00043587200343608856
1785290013.01887,0.0,0.0,0.0004422080237418413
1785290013.0195017,0.0,0.0,0.0004584318958222866
1785290013.020124,0.0,0.0,0.00044992007315158844
1785290013.020725,0.0,0.0,0.000437919981777668
1785290013.0213287,0.0,0.0,0.0004301441367715597
1785290013.0226357,0.0,0.0,0.00048790406435728073
1785290013.0233116,0.0,0.0,0.00048572802916169167
1785290013.0239387,0.0,0.0,0.00044848001562058926
1785290013.024559,0.0,0.0,0.00044195191003382206
1785290013.0251837,0.0,0.0,0.0004477761685848236
1785290013.0258064,0.0,0.0,0.00044320011511445045
1785290013.026429,0.0,0.0,0.00044838408939540386
1785290013.0270517,0.0,0.0,0.00044576008804142475
1785290013.0276902,0.0,0.0,0.00044576008804142475
1785290013.028294,0.0,0.0,0.0004309441428631544
1785290013.028899,0.0,0.0,0.0004318719729781151
1785290013.0295086,0.0,0.0,0.0004365758504718542
1785290013.0301056,0.0,0.0,0.00043151993304491043
1785290013.0307176,0.0,0.0,0.00044092792086303234
1785290013.0313559,0.0,0.0,0.00046531204134225845
1785290013.0319777,0.0,0.0,0.0004454720765352249
1785290013.032595,0.0,0.0,0.00044777593575417995
1785290013.033202,0.0,0.0,0.0004357441794127226
1785290013.0338047,0.0,0.0,0.0004293760284781456
1785290013.0344205,0.0,0.0,0.00044326414354145527
1785290013.0350504,0.0,0.0,0.00044057611376047134
1785290013.035695,0.0,0.0,0.00044691190123558044
1785290013.0362926,0.0,0.0,0.0004250879865139723
1785290013.0369005,0.0,0.0,0.0004380159080028534
1785290013.0375004,0.0,0.0,0.00043155206367373466
1785290013.038102,0.0,0.0,0.00042652804404497147
1785290013.038694,0.0,0.0,0.00042511988431215286
1785290013.0393255,0.0,0.0,0.00045702396892011166
1785290013.0399306,0.0,0.0,0.0004351360257714987
1785290013.0405374,0.0,0.0,0.0004334400873631239
1785290013.0411456,0.0,0.0,0.00043753604404628277
1785290013.0417461,0.0,0.0,0.00043103983625769615
1785290013.042357,0.0,0.0,0.00044752005487680435
1785290013.0429618,0.0,0.0,0.0004293760284781456
1785290013.043601,0.0,0.0,0.0004489279817789793
1785290013.0442164,0.0,0.0,0.0004413439892232418
1785290013.0448117,0.0,0.0,0.0004294400569051504
1785290013.0454206,0.0,0.0,0.00043427199125289917
1785290013.0460355,0.0,0.0,0.00044576008804142475
1785290013.0466516,0.0,0.0,0.0004429440014064312
1785290013.047292,0.0,0.0,0.00047203199937939644
1785290013.0479076,0.0,0.0,0.0004391039256006479
1785290013.0485187,0.0,0.0,0.00043939193710684776
1785290013.0491326,0.0,0.0,0.0004454080481082201
1785290013.0497415,0.0,0.0,0.0004370559472590685
1785290013.0503664,0.0,0.0,0.0004515198525041342
1785290013.0509984,0.0,0.0,0.00044662412256002426
1785290013.0516353,0.0,0.0,0.00044259196147322655
1785290013.0522375,0.0,0.0,0.00043100793845951557
1785290013.0528405,0.0,0.0,0.00043369620107114315
1785290013.0534494,0.0,0.0,0.00044000009074807167
1785290013.054065,0.0,0.0,0.00044281594455242157
1785290013.0546794,0.0,0.0,0.0004422399215400219
1785290013.0552993,0.0,0.0,0.0004471039865165949
1785290013.055907,0.0,0.0,0.0004353281110525131
1785290013.0565183,0.0,0.0,0.0004352959804236889
1785290013.0571291,0.0,0.0,0.00043849600479006767
1785290013.057744,0.0,0.0,0.00044339196756482124
1785290013.0583618,0.0,0.0,0.0004471039865165949
1785290013.0589843,0.0,0.0,0.0004488639533519745
1785290013.059636,0.0,0.0,0.0004639360122382641
1785290013.0602727,0.0,0.0,0.0004581441171467304
1785290013.06088,0.0,0.0,0.0004344640765339136
1785290013.0614934,0.0,0.0,0.0004396159201860428
1785290013.0621033,0.0,0.0,0.00044083199463784695
1785290013.0627072,0.0,0.0,0.00043827202171087265
1785290013.0633504,0.0,0.0,0.00047305598855018616
1785290013.0639663,0.0,0.0,0.00044438382610678673
1785290013.064584,0.0,0.0,0.00043987203389406204
1785290013.0651886,0.0,0.0,0.0004374398849904537
1785290013.0657868,0.0,0.0,0.00042534410022199154
1785290013.0664196,0.0,0.0,0.00044809584505856037
1785290013.0670366,0.0,0.0,0.0004459840711206198
1785290013.0676634,0.0,0.0,0.00043395208194851875
1785290013.0682762,0.0,0.0,0.0004383358173072338
1785290013.0688784,0.0,0.0,0.0004346559289842844
1785290013.0694985,0.0,0.0,0.00045056012459099293
1785290013.0701287,0.0,0.0,0.00045625586062669754
1785290013.0707383,0.0,0.0,0.00044233608059585094
1785290013.0713663,0.0,0.0,0.00046044797636568546
1785290013.0719776,0.0,0.0,0.0004411840345710516
1785290013.072602,0.0,0.0,0.0004481920041143894
1785290013.0732179,0.0,0.0,0.00044544017873704433
1785290013.073831,0.0,0.0,0.00044163200072944164
1785290013.0744247,0.0,0.0,0.00042022415436804295
