time,in_time,out_time,inference_time
1742233699.3419583,0.0,0.0,0.0014024959802627563
1742233699.3437686,0.0,0.0,0.001357759952545166
1742233699.345608,0.0,0.0,0.0014022719860076905
1742233699.3473969,0.0,0.0,0.0013422399759292602
1742233699.349209,0.0,0.0,0.0013724479675292969
1742233699.3510292,0.0,0.0,0.0013563519716262818
1742233699.3528206,0.0,0.0,0.0013583040237426759
1742233699.354589,0.0,0.0,0.0013312319517135621
1742233699.356345,0.0,0.0,0.0013207039833068848
1742233699.358149,0.0,0.0,0.0013458240032196045
1742233699.3599212,0.0,0.0,0.0013384640216827393
1742233699.3617523,0.0,0.0,0.0014022400379180909
1742233699.363518,0.0,0.0,0.0013273919820785522
1742233699.3652892,0.0,0.0,0.0013386240005493163
1742233699.3670766,0.0,0.0,0.0013556159734725952
1742233699.3688993,0.0,0.0,0.0013729599714279175
1742233699.3706763,0.0,0.0,0.0013333120346069335
1742233699.3724465,0.0,0.0,0.0013393919467926025
1742233699.3742263,0.0,0.0,0.0013238719701766967
1742233699.3759954,0.0,0.0,0.00134169602394104
1742233699.37779,0.0,0.0,0.0013615679740905762
1742233699.379549,0.0,0.0,0.0013300479650497437
1742233699.3813398,0.0,0.0,0.0013532799482345581
1742233699.3831089,0.0,0.0,0.0013336639404296876
1742233699.3849182,0.0,0.0,0.0013785279989242554
1742233699.3870199,0.0,0.0,0.001609503984451294
1742233699.3888574,0.0,0.0,0.001391808032989502
1742233699.3922834,0.0,0.0,0.0010562880039215088
1742233699.394151,0.0,0.0,0.00138099205493927
1742233699.3959403,0.0,0.0,0.0013416639566421508
1742233699.3977559,0.0,0.0,0.001382815957069397
1742233699.399513,0.0,0.0,0.0013180480003356933
1742233699.4013042,0.0,0.0,0.0013563519716262818
1742233699.403061,0.0,0.0,0.001316640019416809
1742233699.404849,0.0,0.0,0.001357856035232544
1742233699.406608,0.0,0.0,0.0013213119506835938
1742233699.4083657,0.0,0.0,0.0013305599689483643
1742233699.41016,0.0,0.0,0.0013387839794158935
1742233699.4119153,0.0,0.0,0.001324031949043274
1742233699.4137084,0.0,0.0,0.0013466240167617797
1742233699.4154713,0.0,0.0,0.0013271360397338868
1742233699.4172235,0.0,0.0,0.0013305280208587647
1742233699.4189687,0.0,0.0,0.001318176031112671
1742233699.4207675,0.0,0.0,0.0013584320545196532
1742233699.422531,0.0,0.0,0.0013327039480209352
1742233699.424265,0.0,0.0,0.0013124159574508668
1742233699.4260232,0.0,0.0,0.0013299839496612549
1742233699.4277582,0.0,0.0,0.001301695942878723
1742233699.4295313,0.0,0.0,0.001341312050819397
1742233699.4313157,0.0,0.0,0.0013318400382995605
1742233699.433216,0.0,0.0,0.0014755200147628783
1742233699.4350226,0.0,0.0,0.0013711999654769898
1742233699.4367883,0.0,0.0,0.0013336960077285766
1742233699.43854,0.0,0.0,0.0013292800188064574
1742233699.4403262,0.0,0.0,0.0013551039695739746
1742233699.4421427,0.0,0.0,0.0013466240167617797
1742233699.4439156,0.0,0.0,0.0013322559595108031
1742233699.4467955,0.0,0.0,0.002443648099899292
1742233699.448628,0.0,0.0,0.0013570879697799682
1742233699.4504614,0.0,0.0,0.0013575040102005004
1742233699.4522352,0.0,0.0,0.001338047981262207
1742233699.4540462,0.0,0.0,0.0013757439851760863
1742233699.4558113,0.0,0.0,0.001339359998703003
1742233699.4576335,0.0,0.0,0.0013736000061035157
1742233699.4594388,0.0,0.0,0.001366976022720337
1742233699.461261,0.0,0.0,0.0013894399404525757
1742233699.4630213,0.0,0.0,0.0013107199668884277
1742233699.4648113,0.0,0.0,0.001352352023124695
1742233699.4665866,0.0,0.0,0.001336959958076477
1742233699.468336,0.0,0.0,0.0013230719566345215
1742233699.4701622,0.0,0.0,0.0013750400543212891
1742233699.471909,0.0,0.0,0.0013128639459609986
1742233699.4737,0.0,0.0,0.0013609280586242675
1742233699.4754605,0.0,0.0,0.0013248000144958495
1742233699.4773834,0.0,0.0,0.0014958720207214355
1742233699.4791682,0.0,0.0,0.0013528959751129151
1742233699.4809592,0.0,0.0,0.0013596479892730713
1742233699.4827678,0.0,0.0,0.0013309439420700073
1742233699.4845111,0.0,0.0,0.0013109439611434937
1742233699.4862978,0.0,0.0,0.0013237760066986085
1742233699.4880404,0.0,0.0,0.001308351993560791
1742233699.4898198,0.0,0.0,0.0013577280044555664
1742233699.4915676,0.0,0.0,0.0013130559921264648
1742233699.4933457,0.0,0.0,0.0013532799482345581
1742233699.4951127,0.0,0.0,0.0013256640434265137
1742233699.4969587,0.0,0.0,0.0013991680145263672
1742233699.4987388,0.0,0.0,0.0013383359909057617
1742233699.5014157,0.0,0.0,0.0022352960109710694
1742233699.503313,0.0,0.0,0.0014061440229415894
1742233699.5051527,0.0,0.0,0.0013965439796447753
1742233699.506923,0.0,0.0,0.0013293440341949462
1742233699.508727,0.0,0.0,0.0013450239896774293
1742233699.5105522,0.0,0.0,0.001363487958908081
1742233699.51233,0.0,0.0,0.001345728039741516
1742233699.5140886,0.0,0.0,0.0013141440153121948
1742233699.515837,0.0,0.0,0.0013190079927444458
1742233699.5176275,0.0,0.0,0.0013581759929656983
1742233699.5194001,0.0,0.0,0.0013384640216827393
1742233699.5212069,0.0,0.0,0.0013545600175857543
1742233699.5229664,0.0,0.0,0.0013203519582748414
1742233699.5247364,0.0,0.0,0.0013146239519119262
1742233699.5264862,0.0,0.0,0.0013160320520401
1742233699.5282264,0.0,0.0,0.0013119360208511351
1742233699.529987,0.0,0.0,0.0013340799808502198
1742233699.53174,0.0,0.0,0.0013202240467071534
1742233699.5335445,0.0,0.0,0.0013582719564437867
1742233699.535305,0.0,0.0,0.001321984052658081
1742233699.5370827,0.0,0.0,0.0013426560163497924
1742233699.5388415,0.0,0.0,0.0013321919441223145
1742233699.5406227,0.0,0.0,0.0013441280126571655
1742233699.5425265,0.0,0.0,0.001441472053527832
1742233699.5443072,0.0,0.0,0.0013519680500030517
1742233699.5460906,0.0,0.0,0.001330399990081787
1742233699.5478613,0.0,0.0,0.0013326079845428467
1742233699.5496342,0.0,0.0,0.0013396159410476686
1742233699.551438,0.0,0.0,0.0013724160194396972
1742233699.5532916,0.0,0.0,0.0013932479619979858
1742233699.5550718,0.0,0.0,0.0013413439989089966
1742233699.5577466,0.0,0.0,0.002231071949005127
1742233699.5595882,0.0,0.0,0.0013670079708099365
1742233699.5613778,0.0,0.0,0.0013456000089645385
1742233699.5631447,0.0,0.0,0.0013287039995193482
1742233699.5649369,0.0,0.0,0.0013628159761428834
1742233699.5667233,0.0,0.0,0.0013441280126571655
1742233699.5684807,0.0,0.0,0.001325119972229004
1742233699.5702832,0.0,0.0,0.0013432960510253906
1742233699.5720286,0.0,0.0,0.0013169920444488525
1742233699.5738194,0.0,0.0,0.0013600000143051147
1742233699.5756004,0.0,0.0,0.0013457599878311157
1742233699.5773833,0.0,0.0,0.0013438400030136109
1742233699.5791433,0.0,0.0,0.0013318079710006713
1742233699.5809252,0.0,0.0,0.0013471360206604003
1742233699.5827007,0.0,0.0,0.001324512004852295
1742233699.5844355,0.0,0.0,0.0013073920011520386
1742233699.586238,0.0,0.0,0.0013505280017852782
1742233699.5879889,0.0,0.0,0.0013256319761276246
1742233699.5897665,0.0,0.0,0.0013466240167617797
1742233699.5915205,0.0,0.0,0.0013143680095672608
1742233699.5934992,0.0,0.0,0.001543712019920349
1742233699.5953004,0.0,0.0,0.0013671040534973145
1742233699.5970929,0.0,0.0,0.0013587199449539185
1742233699.5988915,0.0,0.0,0.001360352039337158
1742233699.6006567,0.0,0.0,0.0013251520395278931
1742233699.6024723,0.0,0.0,0.0013360960483551026
1742233699.604225,0.0,0.0,0.0013277440071105958
1742233699.6060364,0.0,0.0,0.0013802560567855835
1742233699.607836,0.0,0.0,0.0013463679552078247
1742233699.60964,0.0,0.0,0.001361631989479065
1742233699.6122904,0.0,0.0,0.002201632022857666
1742233699.6142218,0.0,0.0,0.0014020160436630249
1742233699.6160073,0.0,0.0,0.0013395199775695801
1742233699.6178033,0.0,0.0,0.0013625600337982178
1742233699.6195807,0.0,0.0,0.0013472959995269776
1742233699.621376,0.0,0.0,0.001356927990913391
1742233699.6231568,0.0,0.0,0.0013426560163497924
1742233699.6249406,0.0,0.0,0.0013562239408493042
1742233699.6267145,0.0,0.0,0.001338207960128784
1742233699.6284766,0.0,0.0,0.0013317760229110717
1742233699.6302638,0.0,0.0,0.0013379199504852295
1742233699.6320677,0.0,0.0,0.0013513280153274537
1742233699.6338556,0.0,0.0,0.001352671980857849
1742233699.6356273,0.0,0.0,0.0013433599472045899
1742233699.6374145,0.0,0.0,0.0013560960292816162
1742233699.6391697,0.0,0.0,0.001330016016960144
1742233699.6409445,0.0,0.0,0.0013533760309219361
1742233699.6427217,0.0,0.0,0.0013449599742889405
1742233699.6444829,0.0,0.0,0.0013285119533538818
1742233699.6462505,0.0,0.0,0.0013116480112075805
1742233699.6480334,0.0,0.0,0.001353216052055359
1742233699.649838,0.0,0.0,0.0013708159923553466
1742233699.6517134,0.0,0.0,0.0014431359767913818
1742233699.7159793,0.0,0.0,0.06381756973266602
1742233699.7182684,0.0,0.0,0.001558303952217102
1742233699.7201486,0.0,0.0,0.0013711680173873902
1742233699.723025,0.0,0.0,0.0013893760442733765
1742233699.7250085,0.0,0.0,0.0014541759490966798
1742233699.726824,0.0,0.0,0.00135481595993042
1742233699.7286,0.0,0.0,0.0013362239599227904
1742233699.7304015,0.0,0.0,0.0013440639972686767
1742233699.7321882,0.0,0.0,0.0013472959995269776
1742233699.7339654,0.0,0.0,0.0013439680337905885
1742233699.7357094,0.0,0.0,0.0013167040348052979
1742233699.737527,0.0,0.0,0.0013771200180053712
1742233699.7392998,0.0,0.0,0.0013354239463806152
1742233699.7410812,0.0,0.0,0.0013510400056838988
1742233699.742861,0.0,0.0,0.0013404159545898438
1742233699.7446,0.0,0.0,0.0013090239763259887
1742233699.7463741,0.0,0.0,0.0013164479732513427
1742233699.7481327,0.0,0.0,0.0013215680122375488
1742233699.7499552,0.0,0.0,0.001370911955833435
1742233699.7517102,0.0,0.0,0.0013138560056686402
1742233699.7535284,0.0,0.0,0.0013868160247802735
1742233699.755308,0.0,0.0,0.0013453439474105835
1742233699.7571194,0.0,0.0,0.0013689919710159302
1742233699.7588696,0.0,0.0,0.0013169920444488525
1742233699.7605991,0.0,0.0,0.001297119975090027
1742233699.7623608,0.0,0.0,0.001301087975502014
1742233699.7640991,0.0,0.0,0.0013041599988937377
1742233699.76588,0.0,0.0,0.001356384038925171
1742233699.7676132,0.0,0.0,0.001306496024131775
1742233699.7693932,0.0,0.0,0.001349951982498169
1742233699.7712054,0.0,0.0,0.0013487039804458618
1742233699.773016,0.0,0.0,0.0013804800510406495
1742233699.7748227,0.0,0.0,0.001347391963005066
1742233699.7766223,0.0,0.0,0.0013392319679260253
1742233699.7793276,0.0,0.0,0.00222870397567749
1742233699.7811997,0.0,0.0,0.0013912320137023926
1742233699.7829962,0.0,0.0,0.0013420799970626832
1742233699.7847714,0.0,0.0,0.0013380800485610963
1742233699.786551,0.0,0.0,0.00134006404876709
1742233699.7883005,0.0,0.0,0.00131660795211792
1742233699.7900956,0.0,0.0,0.0013423680067062378
1742233699.7918663,0.0,0.0,0.0013295680284500123
1742233699.7936523,0.0,0.0,0.0013546559810638428
1742233699.795393,0.0,0.0,0.0013091839551925659
1742233699.797141,0.0,0.0,0.0013208320140838622
1742233699.7988985,0.0,0.0,0.001317504048347473
1742233699.8006604,0.0,0.0,0.0013392319679260253
1742233699.8024366,0.0,0.0,0.001318303942680359
1742233699.8041763,0.0,0.0,0.0013112640380859375
1742233699.8059545,0.0,0.0,0.0013447999954223633
1742233699.8077083,0.0,0.0,0.0013159040212631225
1742233699.8094876,0.0,0.0,0.0013438719511032105
1742233699.8113737,0.0,0.0,0.0014571839570999146
1742233699.8132193,0.0,0.0,0.0014148160219192504
1742233699.8149729,0.0,0.0,0.0013167999982833863
1742233699.816727,0.0,0.0,0.0012994240522384644
1742233699.8184714,0.0,0.0,0.0013071680068969726
1742233699.8202012,0.0,0.0,0.001294271945953369
1742233699.8219652,0.0,0.0,0.0013402559757232666
1742233699.8238306,0.0,0.0,0.0014332159757614136
1742233699.8256226,0.0,0.0,0.0013642879724502564
1742233699.8273544,0.0,0.0,0.0012983039617538452
1742233699.8291686,0.0,0.0,0.0013724160194396972
1742233699.8309503,0.0,0.0,0.0013356159925460816
1742233699.8327348,0.0,0.0,0.0013201600313186646
1742233699.835475,0.0,0.0,0.001431455969810486
1742233699.837302,0.0,0.0,0.0013727040290832518
1742233699.8390694,0.0,0.0,0.0013220800161361694
1742233699.8408396,0.0,0.0,0.0013345919847488404
1742233699.8426347,0.0,0.0,0.001353216052055359
1742233699.8443766,0.0,0.0,0.0013139840364456176
1742233699.8461428,0.0,0.0,0.0013152960538864136
1742233699.847898,0.0,0.0,0.0013310400247573853
1742233699.8496778,0.0,0.0,0.0013423360586166382
1742233699.8514385,0.0,0.0,0.0013282879590988158
1742233699.853205,0.0,0.0,0.001338495969772339
1742233699.8549478,0.0,0.0,0.001311360001564026
1742233699.8567352,0.0,0.0,0.0013321280479431153
1742233699.8584974,0.0,0.0,0.0013292479515075685
1742233699.8602307,0.0,0.0,0.0013127360343933106
1742233699.8620594,0.0,0.0,0.001405344009399414
1742233699.8639545,0.0,0.0,0.0014012479782104493
1742233699.8658483,0.0,0.0,0.0014026880264282227
1742233699.8676286,0.0,0.0,0.0013300800323486329
1742233699.8694072,0.0,0.0,0.0013436479568481445
1742233699.8711746,0.0,0.0,0.0013297599554061889
1742233699.8729377,0.0,0.0,0.0013377280235290527
1742233699.8747063,0.0,0.0,0.00131769597530365
1742233699.8764634,0.0,0.0,0.001320639967918396
1742233699.8782346,0.0,0.0,0.001309440016746521
1742233699.8799775,0.0,0.0,0.0013145920038223266
1742233699.8817708,0.0,0.0,0.0013629759550094604
1742233699.8835413,0.0,0.0,0.0013353279829025268
1742233699.8853953,0.0,0.0,0.0014007999897003175
1742233699.8871765,0.0,0.0,0.001335744023323059
1742233699.8900187,0.0,0.0,0.002399104118347168
1742233699.8919,0.0,0.0,0.0013929280042648316
1742233699.8937483,0.0,0.0,0.0013827840089797973
1742233699.8955262,0.0,0.0,0.0013302079439163209
1742233699.897301,0.0,0.0,0.0013394559621810913
1742233699.8990602,0.0,0.0,0.001321120023727417
1742233699.9008546,0.0,0.0,0.0013580800294876098
1742233699.902615,0.0,0.0,0.0013215680122375488
1742233699.904344,0.0,0.0,0.0012990399599075318
1742233699.9061077,0.0,0.0,0.0013163520097732545
1742233699.907845,0.0,0.0,0.0013112319707870483
1742233699.9096184,0.0,0.0,0.001345728039741516
1742233699.9113543,0.0,0.0,0.001305408000946045
1742233699.913152,0.0,0.0,0.0013681600093841553
1742233699.9149268,0.0,0.0,0.0013263039588928222
1742233699.9166794,0.0,0.0,0.0013250240087509155
1742233699.918441,0.0,0.0,0.0013080639839172362
1742233699.9201822,0.0,0.0,0.0013101439476013183
1742233699.921943,0.0,0.0,0.0013398720026016235
1742233699.923812,0.0,0.0,0.0014397759437561036
1742233699.9256115,0.0,0.0,0.0013733760118484497
1742233699.9273953,0.0,0.0,0.0013280960321426392
1742233699.929184,0.0,0.0,0.0013529920578002929
1742233699.9309354,0.0,0.0,0.0013210560083389282
1742233699.9328315,0.0,0.0,0.001467360019683838
1742233699.934606,0.0,0.0,0.0013411200046539306
1742233699.9363492,0.0,0.0,0.0013140159845352172
1742233699.9381583,0.0,0.0,0.0013581119775772095
1742233699.9399257,0.0,0.0,0.0013329919576644898
1742233699.941707,0.0,0.0,0.0013362560272216796
1742233699.9434657,0.0,0.0,0.001316864013671875
1742233699.946206,0.0,0.0,0.0022985920906066896
1742233699.9480479,0.0,0.0,0.0013347200155258178
1742233699.949857,0.0,0.0,0.0013619199991226196
1742233699.951623,0.0,0.0,0.0013301119804382325
1742233699.9534245,0.0,0.0,0.0013625600337982178
1742233699.9551682,0.0,0.0,0.0013125760555267334
1742233699.9569316,0.0,0.0,0.0013315199613571167
1742233699.9586916,0.0,0.0,0.0013272320032119752
1742233699.9604769,0.0,0.0,0.0013309119939804077
1742233699.9622786,0.0,0.0,0.001341536045074463
1742233699.9640436,0.0,0.0,0.0013341759443283082
1742233699.9658525,0.0,0.0,0.0013756799697875978
1742233699.9677238,0.0,0.0,0.0014364160299301148
1742233699.9695404,0.0,0.0,0.001380959987640381
1742233699.9712946,0.0,0.0,0.001321120023727417
1742233699.9730525,0.0,0.0,0.0013308479785919189
1742233699.974807,0.0,0.0,0.0013201600313186646
1742233699.976551,0.0,0.0,0.0013124480247497558
1742233699.9783208,0.0,0.0,0.0013203840255737304
1742233699.9800556,0.0,0.0,0.001297984004020691
1742233699.9818053,0.0,0.0,0.0013279999494552612
1742233699.983567,0.0,0.0,0.0013266240358352662
1742233699.9853342,0.0,0.0,0.0013405760526657103
1742233699.987071,0.0,0.0,0.0013064320087432862
1742233699.988861,0.0,0.0,0.0013602559566497803
1742233699.9905987,0.0,0.0,0.0013036799430847167
1742233699.992363,0.0,0.0,0.001316383957862854
1742233699.994155,0.0,0.0,0.0013327039480209352
1742233699.9959517,0.0,0.0,0.0013570239543914794
1742233699.9977732,0.0,0.0,0.0013769919872283936
1742233699.9995382,0.0,0.0,0.0013283840417861938
1742233700.0023487,0.0,0.0,0.0014440319538116455
1742233700.0041583,0.0,0.0,0.0013621759414672852
1742233700.0059428,0.0,0.0,0.001352288007736206
1742233700.0077066,0.0,0.0,0.001331264019012451
1742233700.00949,0.0,0.0,0.0013577280044555664
1742233700.0112336,0.0,0.0,0.0013150399923324584
1742233700.013005,0.0,0.0,0.0013407039642333984
1742233700.0147755,0.0,0.0,0.0013315839767456055
1742233700.0165071,0.0,0.0,0.001303936004638672
1742233700.0184078,0.0,0.0,0.0014433280229568482
1742233700.020187,0.0,0.0,0.0013517760038375855
1742233700.0219684,0.0,0.0,0.0013481919765472412
1742233700.0237129,0.0,0.0,0.00130457603931427
1742233700.025477,0.0,0.0,0.001341536045074463
1742233700.0272865,0.0,0.0,0.001331264019012451
1742233700.0290577,0.0,0.0,0.0013401919603347778
1742233700.030844,0.0,0.0,0.001347391963005066
1742233700.0325716,0.0,0.0,0.0013009599447250367
1742233700.0343363,0.0,0.0,0.00131494402885437
1742233700.0360622,0.0,0.0,0.0012997759580612182
1742233700.0378332,0.0,0.0,0.0013476799726486206
1742233700.0395792,0.0,0.0,0.0013187520503997803
1742233700.0414548,0.0,0.0,0.0014470080137252807
1742233700.0432105,0.0,0.0,0.0013283840417861938
1742233700.044974,0.0,0.0,0.0013320319652557373
1742233700.0467272,0.0,0.0,0.001311840057373047
1742233700.0484505,0.0,0.0,0.0012933440208435058
1742233700.050306,0.0,0.0,0.0013997759819030762
1742233700.0521152,0.0,0.0,0.0013628480434417724
1742233700.0539124,0.0,0.0,0.001362015962600708
1742233700.0565894,0.0,0.0,0.0022274880409240724
1742233700.058474,0.0,0.0,0.0013715840578079224
1742233700.0602489,0.0,0.0,0.0013238079547882081
1742233700.06203,0.0,0.0,0.0013478399515151978
1742233700.0637748,0.0,0.0,0.001317471981048584
1742233700.06554,0.0,0.0,0.0013371200561523436
1742233700.067285,0.0,0.0,0.0013164800405502319
1742233700.0690694,0.0,0.0,0.001356544017791748
1742233700.070849,0.0,0.0,0.0013397120237350463
1742233700.0726118,0.0,0.0,0.0013390079736709595
1742233700.0743814,0.0,0.0,0.0013150399923324584
1742233700.07626,0.0,0.0,0.001456447958946228
1742233700.078062,0.0,0.0,0.0013746880292892455
1742233700.0798,0.0,0.0,0.001308127999305725
1742233700.0815985,0.0,0.0,0.0013687039613723756
1742233700.0833745,0.0,0.0,0.0013400959968566896
1742233700.0851426,0.0,0.0,0.0013360320329666138
1742233700.0868897,0.0,0.0,0.0013153599500656129
1742233700.0886126,0.0,0.0,0.0012982399463653564
1742233700.090389,0.0,0.0,0.0012996799945831298
1742233700.0921438,0.0,0.0,0.0013260159492492676
1742233700.0938983,0.0,0.0,0.0013273279666900634
1742233700.0957577,0.0,0.0,0.0014249919652938843
1742233700.0975397,0.0,0.0,0.0013536640405654907
1742233700.099319,0.0,0.0,0.001343775987625122
1742233700.1010787,0.0,0.0,0.0013353279829025268
1742233700.1028512,0.0,0.0,0.0013407360315322876
1742233700.1045856,0.0,0.0,0.0013106880187988281
1742233700.1063852,0.0,0.0,0.0013435839414596559
1742233700.108187,0.0,0.0,0.0013517119884490967
1742233700.1099644,0.0,0.0,0.0013402880430221557
1742233700.112647,0.0,0.0,0.002238624095916748
1742233700.1145349,0.0,0.0,0.0013420799970626832
1742233700.1163003,0.0,0.0,0.0013202879428863526
1742233700.1180794,0.0,0.0,0.0013172160387039185
1742233700.1198235,0.0,0.0,0.001307647943496704
1742233700.1216042,0.0,0.0,0.0013503040075302124
1742233700.12336,0.0,0.0,0.0013269439935684204
1742233700.1251569,0.0,0.0,0.0013556480407714844
1742233700.1269152,0.0,0.0,0.00132425594329834
1742233700.1288455,0.0,0.0,0.0014812799692153931
1742233700.1306229,0.0,0.0,0.001345792055130005
1742233700.1323705,0.0,0.0,0.0013165440559387207
1742233700.1341763,0.0,0.0,0.0013368639945983887
1742233700.135923,0.0,0.0,0.0013083839416503907
1742233700.1377196,0.0,0.0,0.0013652479648590089
1742233700.139475,0.0,0.0,0.0013208320140838622
1742233700.1412256,0.0,0.0,0.00132697594165802
1742233700.142962,0.0,0.0,0.0013065600395202636
1742233700.1447115,0.0,0.0,0.0012977279424667358
1742233700.1464803,0.0,0.0,0.0013292479515075685
1742233700.1482186,0.0,0.0,0.001312991976737976
1742233700.150093,0.0,0.0,0.0014472960233688356
1742233700.1518862,0.0,0.0,0.0013572160005569458
1742233700.1536512,0.0,0.0,0.001332543969154358
1742233700.155414,0.0,0.0,0.0013342080116271972
1742233700.1571877,0.0,0.0,0.0013499200344085694
1742233700.158919,0.0,0.0,0.001307136058807373
1742233700.1606808,0.0,0.0,0.001314463973045349
1742233700.1625285,0.0,0.0,0.0013715519905090332
1742233700.1643062,0.0,0.0,0.0013364800214767456
1742233700.166928,0.0,0.0,0.002158495903015137
1742233700.168844,0.0,0.0,0.0014283839464187622
1742233700.1706417,0.0,0.0,0.0013478080034255982
1742233700.1723957,0.0,0.0,0.0013203519582748414
1742233700.1741872,0.0,0.0,0.0013315839767456055
1742233700.1759326,0.0,0.0,0.0013130240440368652
1742233700.1777673,0.0,0.0,0.001400704026222229
1742233700.1796577,0.0,0.0,0.001434272050857544
1742233700.1814904,0.0,0.0,0.001393664002418518
1742233700.1832457,0.0,0.0,0.0013227200508117677
1742233700.185018,0.0,0.0,0.0013399039506912232
1742233700.1867847,0.0,0.0,0.0013322240114212035
1742233700.1885426,0.0,0.0,0.0013295999765396119
1742233700.1903121,0.0,0.0,0.0013172479867935181
1742233700.1920834,0.0,0.0,0.0013415999412536622
1742233700.1938732,0.0,0.0,0.001362720012664795
1742233700.1956682,0.0,0.0,0.0013418560028076172
1742233700.1974602,0.0,0.0,0.0013670400381088257
1742233700.1992164,0.0,0.0,0.0013229440450668335
1742233700.2010095,0.0,0.0,0.0013616640567779541
1742233700.2027562,0.0,0.0,0.0013114880323410033
1742233700.2045035,0.0,0.0,0.0013159040212631225
1742233700.2062597,0.0,0.0,0.0013003840446472168
1742233700.208034,0.0,0.0,0.0013417279720306396
1742233700.2098143,0.0,0.0,0.0013547840118408204
1742233700.211571,0.0,0.0,0.0013265600204467774
1742233700.2133667,0.0,0.0,0.0013718400001525878
1742233700.2151434,0.0,0.0,0.001308832049369812
1742233700.2169685,0.0,0.0,0.0013831360340118407
1742233700.2187996,0.0,0.0,0.0013736640214920045
1742233700.2205942,0.0,0.0,0.0013608319759368897
1742233700.223293,0.0,0.0,0.002224128007888794
1742233700.2251577,0.0,0.0,0.001393407940864563
1742233700.2270389,0.0,0.0,0.0014332799911499024
1742233700.2288601,0.0,0.0,0.0013858879804611206
1742233700.230641,0.0,0.0,0.0013371200561523436
1742233700.232468,0.0,0.0,0.0013690880537033082
1742233700.234305,0.0,0.0,0.001358399987220764
1742233700.2360857,0.0,0.0,0.001332543969154358
1742233700.237877,0.0,0.0,0.00136188805103302
1742233700.2396421,0.0,0.0,0.0013253439664840697
1742233700.2414246,0.0,0.0,0.0013524479866027833
1742233700.2432804,0.0,0.0,0.0014259519577026368
1742233700.2450736,0.0,0.0,0.0013627840280532838
1742233700.2468174,0.0,0.0,0.0013200639486312866
1742233700.248555,0.0,0.0,0.001305408000946045
1742233700.2503448,0.0,0.0,0.0013392319679260253
1742233700.252087,0.0,0.0,0.0013083200454711915
1742233700.253884,0.0,0.0,0.0013662079572677613
1742233700.2556243,0.0,0.0,0.001310304045677185
1742233700.2574031,0.0,0.0,0.0013465919494628905
1742233700.2592285,0.0,0.0,0.0013952000141143799
1742233700.2611794,0.0,0.0,0.001517375946044922
1742233700.2629344,0.0,0.0,0.0013191039562225342
1742233700.2647254,0.0,0.0,0.0013206720352172852
1742233700.2664738,0.0,0.0,0.0013068159818649292
1742233700.2682369,0.0,0.0,0.001329792022705078
1742233700.2700257,0.0,0.0,0.00135862398147583
1742233700.271785,0.0,0.0,0.0013285759687423706
1742233700.273612,0.0,0.0,0.00137772798538208
1742233700.2753818,0.0,0.0,0.0013275200128555298
1742233700.2780907,0.0,0.0,0.0022704319953918456
1742233700.2799668,0.0,0.0,0.0013882559537887573
1742233700.2817938,0.0,0.0,0.0013826240301132201
1742233700.2835557,0.0,0.0,0.0013224639892578125
1742233700.2853236,0.0,0.0,0.001334015965461731
1742233700.2870705,0.0,0.0,0.0013108479976654053
1742233700.28883,0.0,0.0,0.0013257600069046022
1742233700.2905724,0.0,0.0,0.0013108160495758057
1742233700.2923408,0.0,0.0,0.0013373759984970093
1742233700.2941225,0.0,0.0,0.0013320000171661377
1742233700.295885,0.0,0.0,0.0013068480491638184
1742233700.2976673,0.0,0.0,0.0013600319623947143
1742233700.299425,0.0,0.0,0.0013275519609451294
1742233700.301221,0.0,0.0,0.0013625600337982178
1742233700.302949,0.0,0.0,0.001294975996017456
1742233700.304737,0.0,0.0,0.0013575040102005004
1742233700.3065016,0.0,0.0,0.001329792022705078
1742233700.3082476,0.0,0.0,0.00131494402885437
1742233700.3100393,0.0,0.0,0.0013574719429016112
1742233700.3118117,0.0,0.0,0.0013388160467147827
1742233700.3135931,0.0,0.0,0.001345631957054138
1742233700.3153515,0.0,0.0,0.001316416025161743
1742233700.3171268,0.0,0.0,0.001342303991317749
1742233700.3188825,0.0,0.0,0.0013186880350112915
1742233700.320602,0.0,0.0,0.0012933440208435058
1742233700.3223894,0.0,0.0,0.0013223040103912355
1742233700.32416,0.0,0.0,0.0013426560163497924
1742233700.3259592,0.0,0.0,0.0013490879535675048
1742233700.32776,0.0,0.0,0.001359295964241028
1742233700.3295772,0.0,0.0,0.0013743679523468017
1742233700.3313825,0.0,0.0,0.0013301440477371217
1742233700.3340356,0.0,0.0,0.002205471992492676
1742233700.3358736,0.0,0.0,0.001357759952545166
1742233700.337685,0.0,0.0,0.0013669439554214477
1742233700.339441,0.0,0.0,0.0013150080442428588
1742233700.3412108,0.0,0.0,0.0013475199937820433
1742233700.3429635,0.0,0.0,0.0013191360235214234
1742233700.3447158,0.0,0.0,0.0013006399869918822
1742233700.34648,0.0,0.0,0.0013276480436325074
1742233700.348228,0.0,0.0,0.0013271360397338868
1742233700.350049,0.0,0.0,0.0014019839763641357
1742233700.3518066,0.0,0.0,0.001312831997871399
1742233700.3536885,0.0,0.0,0.0014550080299377442
1742233700.3554552,0.0,0.0,0.0013327360153198241
1742233700.3572218,0.0,0.0,0.0013383359909057617
1742233700.3589768,0.0,0.0,0.0013204480409622192
1742233700.360796,0.0,0.0,0.0013650239706039429
1742233700.362563,0.0,0.0,0.001334879994392395
1742233700.364326,0.0,0.0,0.0013371520042419433
1742233700.366105,0.0,0.0,0.0013263360261917114
1742233700.3679461,0.0,0.0,0.0014086400270462037
1742233700.369727,0.0,0.0,0.001353216052055359
1742233700.3714743,0.0,0.0,0.0013083200454711915
1742233700.3732402,0.0,0.0,0.00133241605758667
1742233700.3749692,0.0,0.0,0.001298751950263977
1742233700.3767266,0.0,0.0,0.0013084160089492799
1742233700.3784995,0.0,0.0,0.001341312050819397
1742233700.380245,0.0,0.0,0.0013125439882278442
1742233700.3820138,0.0,0.0,0.0013350399732589722
1742233700.3837836,0.0,0.0,0.0013353919982910156
1742233700.3855913,0.0,0.0,0.0013656320571899415
1742233700.3873696,0.0,0.0,0.0013416639566421508
1742233700.3900943,0.0,0.0,0.0014769599437713624
1742233700.3919148,0.0,0.0,0.0013521920442581177
1742233700.3937154,0.0,0.0,0.0013579200506210326
1742233700.39549,0.0,0.0,0.0013410240411758424
1742233700.39729,0.0,0.0,0.0013504639863967896
1742233700.3990405,0.0,0.0,0.0013168959617614747
1742233700.4008105,0.0,0.0,0.001338879942893982
1742233700.4025745,0.0,0.0,0.0013326079845428467
1742233700.404298,0.0,0.0,0.0012920960187911988
1742233700.4060726,0.0,0.0,0.0013309760093688965
1742233700.4078019,0.0,0.0,0.001300320029258728
1742233700.4095528,0.0,0.0,0.001330399990081787
1742233700.4112954,0.0,0.0,0.0013095359802246093
1742233700.4130466,0.0,0.0,0.001329632043838501
1742233700.4148126,0.0,0.0,0.0013344639539718628
1742233700.416554,0.0,0.0,0.001312991976737976
1742233700.4183207,0.0,0.0,0.0013156800270080567
1742233700.42006,0.0,0.0,0.001317792057991028
1742233700.4218366,0.0,0.0,0.001357151985168457
1742233700.4235632,0.0,0.0,0.0012948800325393677
1742233700.4253254,0.0,0.0,0.0013336000442504884
1742233700.4270878,0.0,0.0,0.0013104959726333617
1742233700.4288409,0.0,0.0,0.0013327039480209352
1742233700.4305823,0.0,0.0,0.0013099199533462525
1742233700.4323103,0.0,0.0,0.001301792025566101
1742233700.4340968,0.0,0.0,0.0013359040021896362
1742233700.4359426,0.0,0.0,0.0014160000085830689
1742233700.437754,0.0,0.0,0.001389472007751465
1742233700.4395387,0.0,0.0,0.0013401919603347778
1742233700.4414563,0.0,0.0,0.0014791040420532226
1742233700.4441257,0.0,0.0,0.0022264320850372316
1742233700.4460537,0.0,0.0,0.001421504020690918
1742233700.44782,0.0,0.0,0.0013198399543762208
1742233700.4495778,0.0,0.0,0.0013212480545043946
1742233700.451337,0.0,0.0,0.0013239359855651855
1742233700.45311,0.0,0.0,0.001338655948638916
1742233700.454857,0.0,0.0,0.0013097599744796753
1742233700.4565656,0.0,0.0,0.0012823359966278075
1742233700.458356,0.0,0.0,0.0013264960050582886
1742233700.4601426,0.0,0.0,0.0013381439447402955
1742233700.46194,0.0,0.0,0.0013641599416732788
1742233700.4636679,0.0,0.0,0.0013033920526504517
1742233700.4654508,0.0,0.0,0.0013566080331802368
1742233700.4671872,0.0,0.0,0.001306272029876709
1742233700.4689577,0.0,0.0,0.0013372479677200317
1742233700.4707015,0.0,0.0,0.0013184000253677367
1742233700.4724364,0.0,0.0,0.0013048959970474244
1742233700.4741986,0.0,0.0,0.0013150399923324584
1742233700.4760523,0.0,0.0,0.0014297280311584473
1742233700.477844,0.0,0.0,0.0013644479513168334
1742233700.4795835,0.0,0.0,0.0013061439990997314
1742233700.4814014,0.0,0.0,0.0013473600149154664
1742233700.4831579,0.0,0.0,0.0013207679986953736
1742233700.4849343,0.0,0.0,0.0013455679416656493
1742233700.486704,0.0,0.0,0.0013375359773635865
1742233700.4885776,0.0,0.0,0.001443295955657959
1742233700.490378,0.0,0.0,0.0013415999412536622
1742233700.4921308,0.0,0.0,0.001324512004852295
1742233700.4940317,0.0,0.0,0.001452895998954773
1742233700.4958355,0.0,0.0,0.0013568960428237914
1742233700.4976451,0.0,0.0,0.0013683520555496215
1742233700.5002248,0.0,0.0,0.002134079933166504
1742233700.5021,0.0,0.0,0.0013875520229339599
1742233700.5038695,0.0,0.0,0.0013298560380935668
1742233700.5057921,0.0,0.0,0.0014933120012283324
1742233700.5075727,0.0,0.0,0.001345311999320984
1742233700.5093675,0.0,0.0,0.0013603199720382691
1742233700.5111134,0.0,0.0,0.001312000036239624
1742233700.512868,0.0,0.0,0.0013305599689483643
1742233700.5146155,0.0,0.0,0.0013187520503997803
1742233700.5163517,0.0,0.0,0.0013014719486236573
1742233700.5181386,0.0,0.0,0.0013302719593048095
1742233700.5198646,0.0,0.0,0.0012950400114059449
1742233700.521632,0.0,0.0,0.0013430399894714356
1742233700.523377,0.0,0.0,0.001314463973045349
1742233700.5252337,0.0,0.0,0.0014376319646835327
1742233700.5270092,0.0,0.0,0.0013449280261993409
1742233700.528797,0.0,0.0,0.001331104040145874
1742233700.530535,0.0,0.0,0.0013052480220794678
1742233700.5322862,0.0,0.0,0.0013237440586090089
1742233700.5340953,0.0,0.0,0.0013540799617767333
1742233700.5358112,0.0,0.0,0.0012917759418487548
1742233700.5375667,0.0,0.0,0.0013303040266036987
1742233700.5393147,0.0,0.0,0.001320639967918396
1742233700.5410979,0.0,0.0,0.0013589119911193847
1742233700.5428433,0.0,0.0,0.0013167680501937867
1742233700.54467,0.0,0.0,0.0014008320569992066
1742233700.5465088,0.0,0.0,0.0013791040182113648
1742233700.5482728,0.0,0.0,0.0013342399597167968
1742233700.5501726,0.0,0.0,0.0014772160053253174
1742233700.551968,0.0,0.0,0.0013418240547180176
1742233700.5537512,0.0,0.0,0.0013508479595184327
1742233700.5564368,0.0,0.0,0.0014183039665222167
1742233700.5582676,0.0,0.0,0.0013365119695663453
1742233700.5600393,0.0,0.0,0.0013291840553283692
1742233700.5618083,0.0,0.0,0.0013372479677200317
1742233700.5635445,0.0,0.0,0.0013014719486236573
1742233700.5653462,0.0,0.0,0.0013750400543212891
1742233700.5671048,0.0,0.0,0.0013230719566345215
1742233700.5688834,0.0,0.0,0.0013542720079421997
1742233700.5706403,0.0,0.0,0.0013233280181884765
1742233700.5723822,0.0,0.0,0.0013114880323410033
1742233700.5741742,0.0,0.0,0.001339583992958069
1742233700.5759227,0.0,0.0,0.0013260159492492676
1742233700.5778368,0.0,0.0,0.0014827200174331665
1742233700.5796885,0.0,0.0,0.0014235520362854005
1742233700.581621,0.0,0.0,0.001501855969429016
1742233700.5833921,0.0,0.0,0.00133241605758667
1742233700.585289,0.0,0.0,0.0014638400077819824
1742233700.5870824,0.0,0.0,0.0013464640378952027
1742233700.5888572,0.0,0.0,0.0013374719619750977
1742233700.5905898,0.0,0.0,0.0013039679527282716
1742233700.5923388,0.0,0.0,0.0013187520503997803
1742233700.5941405,0.0,0.0,0.0013398720026016235
1742233700.5958784,0.0,0.0,0.0013107199668884277
1742233700.5976322,0.0,0.0,0.0013305280208587647
1742233700.5993693,0.0,0.0,0.0013103679418563843
1742233700.6011214,0.0,0.0,0.0013272000551223756
1742233700.602897,0.0,0.0,0.0013249280452728271
1742233700.60466,0.0,0.0,0.0013369920253753663
1742233700.606576,0.0,0.0,0.001371008038520813
1742233700.6083925,0.0,0.0,0.001370784044265747
1742233700.6111374,0.0,0.0,0.0022747840881347657
1742233700.6130466,0.0,0.0,0.001432927966117859
1742233700.614813,0.0,0.0,0.0013310400247573853
1742233700.6165628,0.0,0.0,0.0013200639486312866
1742233700.6183553,0.0,0.0,0.0013313599824905395
1742233700.6200967,0.0,0.0,0.0013135039806365966
1742233700.621886,0.0,0.0,0.001359104037284851
1742233700.6236334,0.0,0.0,0.0013205440044403076
1742233700.625394,0.0,0.0,0.001332543969154358
1742233700.6271524,0.0,0.0,0.001313599944114685
1742233700.6289208,0.0,0.0,0.0013361920118331908
1742233700.6307492,0.0,0.0,0.0014073599576950072
1742233700.6325204,0.0,0.0,0.0013445119857788087
1742233700.6342888,0.0,0.0,0.0013167040348052979
1742233700.6360025,0.0,0.0,0.0012884479761123657
1742233700.6377723,0.0,0.0,0.0013451839685440063
1742233700.6395638,0.0,0.0,0.0013345600366592408
1742233700.641362,0.0,0.0,0.001369055986404419
1742233700.6430988,0.0,0.0,0.0013071039915084838
1742233700.6448753,0.0,0.0,0.0013451199531555175
1742233700.6467533,0.0,0.0,0.0014476159811019898
1742233700.6485198,0.0,0.0,0.001342303991317749
1742233700.6503036,0.0,0.0,0.0013274240493774414
1742233700.652065,0.0,0.0,0.0013235520124435425
1742233700.6538324,0.0,0.0,0.0013370239734649659
1742233700.655579,0.0,0.0,0.0013095359802246093
1742233700.6573741,0.0,0.0,0.001363103985786438
1742233700.6591048,0.0,0.0,0.0013067200183868408
1742233700.6608672,0.0,0.0,0.0013321919441223145
1742233700.6626463,0.0,0.0,0.0013307199478149415
1742233700.6644163,0.0,0.0,0.0013245439529418945
1742233700.6671138,0.0,0.0,0.0022304320335388185
1742233700.6689463,0.0,0.0,0.001356063961982727
1742233700.670718,0.0,0.0,0.0013284800052642822
1742233700.6725152,0.0,0.0,0.0013651200532913208
1742233700.6744356,0.0,0.0,0.001449023962020874
1742233700.6762557,0.0,0.0,0.0013640639781951904
1742233700.6780286,0.0,0.0,0.0013464319705963135
1742233700.6797724,0.0,0.0,0.0013152639865875245
1742233700.681626,0.0,0.0,0.0014339200258255006
1742233700.6833797,0.0,0.0,0.0013182079792022705
1742233700.685148,0.0,0.0,0.0013468480110168457
1742233700.6870143,0.0,0.0,0.001441472053527832
1742233700.6888425,0.0,0.0,0.0013891199827194213
1742233700.690597,0.0,0.0,0.0013186559677124024
1742233700.692348,0.0,0.0,0.001324064016342163
1742233700.6942394,0.0,0.0,0.0014394559860229491
1742233700.696128,0.0,0.0,0.001459455966949463
1742233700.697921,0.0,0.0,0.0013617919683456422
1742233700.6996677,0.0,0.0,0.0013130240440368652
1742233700.701427,0.0,0.0,0.0013278720378875732
1742233700.7031758,0.0,0.0,0.0013237119913101197
1742233700.7049303,0.0,0.0,0.0013303359746932983
1742233700.7066667,0.0,0.0,0.0013087999820709229
1742233700.7084165,0.0,0.0,0.0013229440450668335
1742233700.7102108,0.0,0.0,0.0013376959562301635
1742233700.7119858,0.0,0.0,0.0013312319517135621
1742233700.7137823,0.0,0.0,0.0013572479486465454
1742233700.7155461,0.0,0.0,0.0013239680528640747
1742233700.717355,0.0,0.0,0.0013724160194396972
1742233700.719173,0.0,0.0,0.0013822720050811767
1742233700.7217853,0.0,0.0,0.0021716160774230956
1742233700.7236812,0.0,0.0,0.0014028160572052003
1742233700.7254755,0.0,0.0,0.0013495999574661254
1742233700.7272031,0.0,0.0,0.0012998080253601074
1742233700.7289872,0.0,0.0,0.001358240008354187
1742233700.730773,0.0,0.0,0.0013490879535675048
1742233700.7325213,0.0,0.0,0.001322208046913147
1742233700.7343311,0.0,0.0,0.0013530880212783813
1742233700.7360864,0.0,0.0,0.0013242239952087403
1742233700.7378693,0.0,0.0,0.001359935998916626
1742233700.7396193,0.0,0.0,0.001319551944732666
1742233700.7413876,0.0,0.0,0.001339136004447937
1742233700.743141,0.0,0.0,0.0013268159627914428
1742233700.744929,0.0,0.0,0.001357408046722412
1742233700.7466922,0.0,0.0,0.001325503945350647
1742233700.7484648,0.0,0.0,0.0013226239681243897
1742233700.7502432,0.0,0.0,0.0013308160305023193
1742233700.7519991,0.0,0.0,0.0013271039724349976
1742233700.753804,0.0,0.0,0.0013781759738922118
1742233700.7555542,0.0,0.0,0.0013116799592971802
1742233700.757338,0.0,0.0,0.0013507200479507446
1742233700.7591097,0.0,0.0,0.0013477120399475098
1742233700.7609034,0.0,0.0,0.001363360047340393
1742233700.7626696,0.0,0.0,0.0013348480463027954
1742233700.764508,0.0,0.0,0.0014172159433364867
1742233700.766366,0.0,0.0,0.0013725440502166748
1742233700.76811,0.0,0.0,0.001308735966682434
1742233700.769905,0.0,0.0,0.0013616640567779541
1742233700.771695,0.0,0.0,0.0013586879968643189
1742233700.7735248,0.0,0.0,0.0013803839683532715
1742233700.7753015,0.0,0.0,0.0013364160060882568
1742233700.7779696,0.0,0.0,0.0022280960083007812
1742233700.7798195,0.0,0.0,0.0013654079437255859
1742233700.781606,0.0,0.0,0.0013400959968566896
1742233700.783361,0.0,0.0,0.001326207995414734
1742233700.7851331,0.0,0.0,0.0013466559648513793
1742233700.7869143,0.0,0.0,0.001303455948829651
1742233700.788661,0.0,0.0,0.0013172479867935181
1742233700.7904167,0.0,0.0,0.0013085440397262572
1742233700.7921703,0.0,0.0,0.001329535961151123
1742233700.7939448,0.0,0.0,0.001350592017173767
1742233700.795691,0.0,0.0,0.0013196799755096436
1742233700.797486,0.0,0.0,0.0013667839765548707
1742233700.7992692,0.0,0.0,0.0013516160249710083
1742233700.801038,0.0,0.0,0.0013411840200424194
1742233700.8029056,0.0,0.0,0.0014349440336227418
1742233700.80465,0.0,0.0,0.0013203840255737304
1742233700.806445,0.0,0.0,0.0013422720432281494
1742233700.8082068,0.0,0.0,0.0013368639945983887
1742233700.8099787,0.0,0.0,0.0013494399785995484
1742233700.811736,0.0,0.0,0.0013289920091629028
1742233700.813503,0.0,0.0,0.0013359359502792358
1742233700.8152678,0.0,0.0,0.0013122880458831788
1742233700.817054,0.0,0.0,0.0013617279529571534
1742233700.8188186,0.0,0.0,0.0013316160440444947
1742233700.8205585,0.0,0.0,0.0013045120239257814
1742233700.822309,0.0,0.0,0.0013036479949951171
1742233700.8240545,0.0,0.0,0.0013201919794082642
1742233700.8258352,0.0,0.0,0.0013570239543914794
1742233700.8276281,0.0,0.0,0.0013584320545196532
1742233700.8294592,0.0,0.0,0.0013801280260086059
1742233700.8312237,0.0,0.0,0.0013268159627914428
1742233700.8340867,0.0,0.0,0.002403104066848755
1742233700.8358903,0.0,0.0,0.0013413759469985962
1742233700.837695,0.0,0.0,0.0013656959533691407
1742233700.839461,0.0,0.0,0.001329632043838501
1742233700.8412206,0.0,0.0,0.0013334720134735108
1742233700.8429534,0.0,0.0,0.0013041919469833374
1742233700.8446748,0.0,0.0,0.0012933759689331054
1742233700.8464427,0.0,0.0,0.0013153280019760133
1742233700.8481793,0.0,0.0,0.0013085759878158569
1742233700.8499548,0.0,0.0,0.0013483519554138184
1742233700.8517044,0.0,0.0,0.0012980159521102906
1742233700.8534646,0.0,0.0,0.001332640051841736
1742233700.8552299,0.0,0.0,0.0013331840038299562
1742233700.8570132,0.0,0.0,0.0013534719944000243
1742233700.858794,0.0,0.0,0.0013531839847564697
1742233700.8605428,0.0,0.0,0.001322335958480835
1742233700.862341,0.0,0.0,0.0013445760011672973
1742233700.8641007,0.0,0.0,0.0013349119424819946
1742233700.8658726,0.0,0.0,0.001338207960128784
1742233700.8676236,0.0,0.0,0.001315935969352722
1742233700.8694022,0.0,0.0,0.0013551360368728638
1742233700.8711524,0.0,0.0,0.0013163199424743653
1742233700.8729157,0.0,0.0,0.0013371200561523436
1742233700.8746462,0.0,0.0,0.0013035199642181397
1742233700.8763902,0.0,0.0,0.001313696026802063
1742233700.878156,0.0,0.0,0.0013112000226974487
1742233700.8800159,0.0,0.0,0.0014319679737091065
1742233700.8818965,0.0,0.0,0.001443552017211914
1742233700.8838193,0.0,0.0,0.001431615948677063
1742233700.8857617,0.0,0.0,0.0014338879585266114
1742233700.8875823,0.0,0.0,0.0013578879833221437
1742233700.8904588,0.0,0.0,0.0013853440284729004
1742233700.892243,0.0,0.0,0.0013335360288619996
1742233700.8940532,0.0,0.0,0.0013718080520629882
1742233700.895812,0.0,0.0,0.0013266559839248658
1742233700.8976,0.0,0.0,0.001355936050415039
1742233700.8993404,0.0,0.0,0.0013118079900741578
1742233700.9011395,0.0,0.0,0.001368672013282776
1742233700.9028645,0.0,0.0,0.0012930560111999512
1742233700.9046202,0.0,0.0,0.001329632043838501
1742233700.9064145,0.0,0.0,0.0013356800079345702
1742233700.9081593,0.0,0.0,0.001306879997253418
1742233700.909924,0.0,0.0,0.0013380800485610963
1742233700.9117663,0.0,0.0,0.0014091520309448243
1742233700.9135854,0.0,0.0,0.0013871999979019165
1742233700.91533,0.0,0.0,0.0013120319843292236
1742233700.9171312,0.0,0.0,0.0013750400543212891
1742233700.919013,0.0,0.0,0.0014300160408020019
1742233700.9208004,0.0,0.0,0.0013532480001449585
1742233700.9225461,0.0,0.0,0.001319167971611023
1742233700.9242818,0.0,0.0,0.0013142080307006836
1742233700.926067,0.0,0.0,0.0013298560380935668
1742233700.9278283,0.0,0.0,0.001333791971206665
1742233700.9296134,0.0,0.0,0.0013540799617767333
1742233700.931366,0.0,0.0,0.0013217920064926148
1742233700.9331112,0.0,0.0,0.0013186559677124024
1742233700.9348652,0.0,0.0,0.0013274879455566406
1742233700.9365985,0.0,0.0,0.0013077119588851928
1742233700.9384053,0.0,0.0,0.001348479986190796
1742233700.9401982,0.0,0.0,0.001337631940841675
1742233700.9420104,0.0,0.0,0.0013754559755325317
1742233700.9446723,0.0,0.0,0.002225919961929321
1742233700.946563,0.0,0.0,0.0013702399730682374
1742233700.9483757,0.0,0.0,0.0013249599933624267
1742233700.9502196,0.0,0.0,0.0013726719617843629
1742233700.9519677,0.0,0.0,0.0013197760581970216
1742233700.953745,0.0,0.0,0.0013473279476165772
1742233700.955544,0.0,0.0,0.0013523839712142945
1742233700.9573438,0.0,0.0,0.0013636159896850586
1742233700.9590833,0.0,0.0,0.0013110079765319823
1742233700.960834,0.0,0.0,0.0013270399570465088
1742233700.9626033,0.0,0.0,0.001327936053276062
1742233700.9643476,0.0,0.0,0.0013228800296783447
1742233700.9661345,0.0,0.0,0.0013368959426879883
1742233700.9679263,0.0,0.0,0.0013193919658660888
1742233700.9697132,0.0,0.0,0.0013535679578781127
1742233700.9714649,0.0,0.0,0.001316416025161743
1742233700.973234,0.0,0.0,0.0013412480354309082
1742233700.9749715,0.0,0.0,0.0013138879537582398
1742233700.9767487,0.0,0.0,0.0013535679578781127
1742233700.978491,0.0,0.0,0.0013133440017700196
1742233700.9803298,0.0,0.0,0.0014132479429244996
1742233700.9821374,0.0,0.0,0.0013518400192260743
1742233700.9839044,0.0,0.0,0.0013366080522537232
1742233700.985663,0.0,0.0,0.0013348159790039062
1742233700.9874039,0.0,0.0,0.0013136320114135742
1742233700.9892151,0.0,0.0,0.0013550080060958862
1742233700.9909472,0.0,0.0,0.0012972480058670043
1742233700.9926665,0.0,0.0,0.001296671986579895
1742233700.9944894,0.0,0.0,0.001362015962600708
1742233700.9962714,0.0,0.0,0.0013293440341949462
1742233700.9980779,0.0,0.0,0.0013664000034332275
1742233701.000764,0.0,0.0,0.0022437119483947753
1742233701.0025928,0.0,0.0,0.0013451199531555175
1742233701.0043526,0.0,0.0,0.0013151040077209472
1742233701.0061388,0.0,0.0,0.0013270399570465088
1742233701.007896,0.0,0.0,0.001316416025161743
1742233701.009668,0.0,0.0,0.001341439962387085
1742233701.0114183,0.0,0.0,0.0013209279775619506
1742233701.013221,0.0,0.0,0.0013708479404449462
1742233701.014978,0.0,0.0,0.0013247679471969605
1742233701.016747,0.0,0.0,0.0013399360179901123
1742233701.0184934,0.0,0.0,0.0013148479461669923
1742233701.020401,0.0,0.0,0.0014800000190734863
1742233701.0222583,0.0,0.0,0.0013855359554290772
1742233701.0240116,0.0,0.0,0.0013018560409545899
1742233701.0257962,0.0,0.0,0.0013521599769592285
1742233701.0276687,0.0,0.0,0.0014362560510635376
1742233701.0294483,0.0,0.0,0.0013492159843444824
1742233701.0311778,0.0,0.0,0.0012972480058670043
1742233701.0329118,0.0,0.0,0.0013148479461669923
1742233701.034683,0.0,0.0,0.0013405760526657103
1742233701.0364308,0.0,0.0,0.0013156479597091675
1742233701.038191,0.0,0.0,0.001314079999923706
1742233701.0399134,0.0,0.0,0.001297760009765625
1742233701.0416856,0.0,0.0,0.0013441280126571655
1742233701.0434391,0.0,0.0,0.001315935969352722
1742233701.0452173,0.0,0.0,0.0013528640270233155
1742233701.047005,0.0,0.0,0.0013621439933776856
1742233701.0487673,0.0,0.0,0.0013320640325546265
1742233701.0505764,0.0,0.0,0.0013670400381088257
1742233701.0523624,0.0,0.0,0.0013411519527435302
1742233701.0541837,0.0,0.0,0.001364351987838745
1742233701.0568547,0.0,0.0,0.0014410879611968994
1742233701.0586472,0.0,0.0,0.0013401600122451781
1742233701.060401,0.0,0.0,0.00132041597366333
1742233701.062177,0.0,0.0,0.0013276159763336182
1742233701.0639255,0.0,0.0,0.0013192960023880006
1742233701.065706,0.0,0.0,0.001358880043029785
1742233701.067456,0.0,0.0,0.0013220800161361694
1742233701.0692306,0.0,0.0,0.0013404799699783326
1742233701.0709708,0.0,0.0,0.0013106880187988281
1742233701.0726836,0.0,0.0,0.0012851200103759766
1742233701.074441,0.0,0.0,0.001294144034385681
1742233701.0761647,0.0,0.0,0.0012981760501861572
1742233701.0779302,0.0,0.0,0.0013388479948043823
1742233701.0796435,0.0,0.0,0.001290079951286316
1742233701.081408,0.0,0.0,0.0013388479948043823
1742233701.0831454,0.0,0.0,0.0013097599744796753
1742233701.084911,0.0,0.0,0.0013400000333786011
1742233701.086638,0.0,0.0,0.0013073279857635498
1742233701.088393,0.0,0.0,0.0013250880241394043
1742233701.0901713,0.0,0.0,0.0013266559839248658
1742233701.0918996,0.0,0.0,0.0012969280481338501
1742233701.0936592,0.0,0.0,0.0013361279964447022
1742233701.0954335,0.0,0.0,0.0013234879970550537
1742233701.0972104,0.0,0.0,0.001348031997680664
1742233701.0989618,0.0,0.0,0.0013247040510177613
1742233701.100754,0.0,0.0,0.0013661760091781617
1742233701.1024976,0.0,0.0,0.0013119679689407348
1742233701.104239,0.0,0.0,0.0013164800405502319
1742233701.1060424,0.0,0.0,0.001371135950088501
1742233701.1078153,0.0,0.0,0.0013332799673080444
1742233701.1096094,0.0,0.0,0.0013563519716262818
1742233701.1122718,0.0,0.0,0.0014174400568008423
1742233701.1141138,0.0,0.0,0.0013567999601364136
1742233701.1158745,0.0,0.0,0.0013216320276260376
1742233701.117661,0.0,0.0,0.0013506239652633666
1742233701.1194265,0.0,0.0,0.0013321919441223145
1742233701.1212213,0.0,0.0,0.0013651200532913208
1742233701.1229937,0.0,0.0,0.0013395520448684693
1742233701.1247733,0.0,0.0,0.0013528000116348267
1742233701.1265287,0.0,0.0,0.0013315199613571167
1742233701.128408,0.0,0.0,0.0014464000463485717
1742233701.1302092,0.0,0.0,0.0013401600122451781
1742233701.1319664,0.0,0.0,0.001326464056968689
1742233701.1337795,0.0,0.0,0.0013677120208740235
1742233701.1355314,0.0,0.0,0.001317023992538452
1742233701.1373065,0.0,0.0,0.001344256043434143
1742233701.1390479,0.0,0.0,0.001309888005256653
1742233701.1408029,0.0,0.0,0.0013293440341949462
1742233701.1425629,0.0,0.0,0.0013294719457626343
1742233701.144285,0.0,0.0,0.0012981760501861572
1742233701.1460457,0.0,0.0,0.0013361599445343019
1742233701.1478124,0.0,0.0,0.0013295040130615234
1742233701.1495903,0.0,0.0,0.001331488013267517
1742233701.151347,0.0,0.0,0.0013292160034179689
1742233701.1531234,0.0,0.0,0.0013523839712142945
1742233701.1548524,0.0,0.0,0.0013000320196151734
1742233701.156604,0.0,0.0,0.0013236160278320313
1742233701.1583796,0.0,0.0,0.0013233920335769653
1742233701.1600988,0.0,0.0,0.0012880640029907227
1742233701.161924,0.0,0.0,0.001379680037498474
1742233701.1636791,0.0,0.0,0.0013164800405502319
1742233701.1664193,0.0,0.0,0.0022997438907623293
1742233701.1683114,0.0,0.0,0.0014021120071411133
1742233701.1701257,0.0,0.0,0.0013321280479431153
1742233701.1723866,0.0,0.0,0.0018241920471191407
1742233701.174214,0.0,0.0,0.0013620480298995972
1742233701.175981,0.0,0.0,0.0013282239437103272
1742233701.1778762,0.0,0.0,0.0014613120555877685
1742233701.179663,0.0,0.0,0.0013536959886550903
1742233701.1814463,0.0,0.0,0.0013536959886550903
1742233701.1832042,0.0,0.0,0.0013212800025939942
1742233701.1849933,0.0,0.0,0.0013638720512390136
1742233701.1867635,0.0,0.0,0.0013422080278396606
1742233701.1885114,0.0,0.0,0.0013256959915161134
1742233701.1903057,0.0,0.0,0.0013379199504852295
1742233701.1920288,0.0,0.0,0.0012975679636001588
1742233701.1937935,0.0,0.0,0.0013429759740829468
1742233701.195536,0.0,0.0,0.0013213119506835938
1742233701.1973088,0.0,0.0,0.0013500159978866576
1742233701.1990566,0.0,0.0,0.0013216320276260376
1742233701.2008483,0.0,0.0,0.0013695679903030396
1742233701.2026355,0.0,0.0,0.0013432960510253906
1742233701.2044458,0.0,0.0,0.0013439359664916993
1742233701.206252,0.0,0.0,0.0013549120426177977
1742233701.2079952,0.0,0.0,0.0013209279775619506
1742233701.2097523,0.0,0.0,0.0013320319652557373
1742233701.2115886,0.0,0.0,0.001415711998939514
1742233701.2134008,0.0,0.0,0.0013802239894866943
1742233701.2151473,0.0,0.0,0.0013156479597091675
1742233701.2169473,0.0,0.0,0.0013710720539093018
1742233701.2187567,0.0,0.0,0.0013577920198440552
1742233701.220526,0.0,0.0,0.001337631940841675
1742233701.2233386,0.0,0.0,0.0014365760087966918
1742233701.2251842,0.0,0.0,0.0013941760063171387
1742233701.2269354,0.0,0.0,0.0013132799863815308
1742233701.2286825,0.0,0.0,0.001318079948425293
1742233701.230465,0.0,0.0,0.0013221440315246582
1742233701.2322104,0.0,0.0,0.0013208320140838622
1742233701.234065,0.0,0.0,0.0014032959938049317
1742233701.2358408,0.0,0.0,0.0013303680419921875
1742233701.237779,0.0,0.0,0.0014876480102539063
1742233701.2395542,0.0,0.0,0.0013495680093765258
1742233701.24136,0.0,0.0,0.0013746559619903565
1742233701.2431011,0.0,0.0,0.0013139840364456176
1742233701.2448575,0.0,0.0,0.0013279999494552612
1742233701.2465956,0.0,0.0,0.001311519980430603
1742233701.2483284,0.0,0.0,0.0013023359775543213
1742233701.2501135,0.0,0.0,0.0013358720541000366
1742233701.251864,0.0,0.0,0.0013228800296783447
1742233701.253633,0.0,0.0,0.001341920018196106
1742233701.2553937,0.0,0.0,0.0013294399976730346
1742233701.257194,0.0,0.0,0.0013712960481643676
1742233701.2589347,0.0,0.0,0.001308511972427368
1742233701.2606728,0.0,0.0,0.0013145279884338378
1742233701.2624478,0.0,0.0,0.00131769597530365
1742233701.2641706,0.0,0.0,0.0013023040294647217
1742233701.2659404,0.0,0.0,0.001345728039741516
1742233701.2677054,0.0,0.0,0.0013390719890594483
1742233701.2695107,0.0,0.0,0.0013594239950180053
1742233701.271258,0.0,0.0,0.0013124799728393554
1742233701.2730298,0.0,0.0,0.0013358399868011474
1742233701.2747815,0.0,0.0,0.0013130559921264648
1742233701.2773974,0.0,0.0,0.0021784000396728514
1742233701.2794003,0.0,0.0,0.001511296033859253
1742233701.2812524,0.0,0.0,0.0014054720401763916
1742233701.282985,0.0,0.0,0.0013052799701690674
1742233701.284743,0.0,0.0,0.0013270080089569092
1742233701.286515,0.0,0.0,0.0013333760499954223
1742233701.288265,0.0,0.0,0.0013231040239334107
1742233701.2900565,0.0,0.0,0.0013674880266189575
1742233701.2918172,0.0,0.0,0.0013318079710006713
1742233701.2935863,0.0,0.0,0.0013359040021896362
1742233701.2953267,0.0,0.0,0.0013181120157241821
1742233701.2970743,0.0,0.0,0.0013250559568405151
1742233701.2988427,0.0,0.0,0.0013324799537658691
1742233701.30058,0.0,0.0,0.0013184000253677367
1742233701.302362,0.0,0.0,0.0013279680013656616
1742233701.3041296,0.0,0.0,0.0013388160467147827
1742233701.3058946,0.0,0.0,0.001340224027633667
1742233701.307613,0.0,0.0,0.001296671986579895
1742233701.3094032,0.0,0.0,0.0013355200290679932
1742233701.3111408,0.0,0.0,0.0013132799863815308
1742233701.312903,0.0,0.0,0.0013402880430221557
1742233701.3147597,0.0,0.0,0.001427616000175476
1742233701.3165205,0.0,0.0,0.0013327039480209352
1742233701.3182752,0.0,0.0,0.0013020479679107667
1742233701.3200414,0.0,0.0,0.0013365119695663453
1742233701.3218098,0.0,0.0,0.0013451520204544067
1742233701.3235447,0.0,0.0,0.0013090239763259887
1742233701.325321,0.0,0.0,0.0013473600149154664
1742233701.327184,0.0,0.0,0.001434656023979187
1742233701.3290014,0.0,0.0,0.0013681600093841553
1742233701.3307693,0.0,0.0,0.0013241920471191407
1742233701.3333561,0.0,0.0,0.0021468479633331298
1742233701.3351772,0.0,0.0,0.0013424639701843262
1742233701.3369517,0.0,0.0,0.0013358720541000366
1742233701.3387113,0.0,0.0,0.001324128031730652
1742233701.3404558,0.0,0.0,0.0013081920146942138
1742233701.342242,0.0,0.0,0.0013225599527359009
1742233701.3439877,0.0,0.0,0.0013212159872055054
1742233701.3458936,0.0,0.0,0.0014732160568237305
1742233701.3477104,0.0,0.0,0.0013682240247726441
1742233701.3495045,0.0,0.0,0.0013610559701919555
1742233701.3512533,0.0,0.0,0.0013206720352172852
1742233701.3530288,0.0,0.0,0.0013500479459762572
1742233701.3547826,0.0,0.0,0.0013188480138778688
1742233701.356541,0.0,0.0,0.0013394880294799805
1742233701.3583329,0.0,0.0,0.0013411519527435302
1742233701.3600895,0.0,0.0,0.0013297599554061889
1742233701.3618586,0.0,0.0,0.0013434560298919678
1742233701.3635778,0.0,0.0,0.0012939519882202149
1742233701.3653233,0.0,0.0,0.0013237760066986085
1742233701.3670583,0.0,0.0,0.0013016320466995239
1742233701.3688197,0.0,0.0,0.001338655948638916
1742233701.3705552,0.0,0.0,0.001306272029876709
1742233701.3723044,0.0,0.0,0.001320639967918396
1742233701.3740437,0.0,0.0,0.0012945599555969239
1742233701.375779,0.0,0.0,0.0013116799592971802
1742233701.3775375,0.0,0.0,0.0013319040536880493
1742233701.379251,0.0,0.0,0.00128985595703125
1742233701.3810508,0.0,0.0,0.0013235520124435425
1742233701.3828514,0.0,0.0,0.0013439040184020997
1742233701.3846164,0.0,0.0,0.0013221759796142579
1742233701.3864677,0.0,0.0,0.0013808000087738037
1742233701.389045,0.0,0.0,0.002134943962097168
1742233701.3908494,0.0,0.0,0.0013376959562301635
1742233701.3926346,0.0,0.0,0.0013439359664916993
1742233701.3943932,0.0,0.0,0.0013039679527282716
1742233701.3961437,0.0,0.0,0.001320639967918396
1742233701.3979242,0.0,0.0,0.0013494399785995484
1742233701.3997002,0.0,0.0,0.0013383680582046509
1742233701.4016123,0.0,0.0,0.0014686720371246337
1742233701.4034078,0.0,0.0,0.00135481595993042
1742233701.405202,0.0,0.0,0.0013629759550094604
1742233701.4069564,0.0,0.0,0.0013221759796142579
1742233701.4087324,0.0,0.0,0.0013200639486312866
1742233701.4105017,0.0,0.0,0.0013272639513015748
1742233701.4122477,0.0,0.0,0.0013209919929504394
1742233701.4140246,0.0,0.0,0.0013532799482345581
1742233701.415748,0.0,0.0,0.0012961599826812743
1742233701.4175012,0.0,0.0,0.0013334399461746216
1742233701.4192479,0.0,0.0,0.0013148800134658814
1742233701.4210052,0.0,0.0,0.001314303994178772
1742233701.4227366,0.0,0.0,0.0013061439990997314
1742233701.4244652,0.0,0.0,0.0012963839769363403
1742233701.42625,0.0,0.0,0.001331712007522583
1742233701.4280114,0.0,0.0,0.0013312000036239625
1742233701.4297564,0.0,0.0,0.0013262399435043336
1742233701.4315116,0.0,0.0,0.0013239680528640747
1742233701.4332848,0.0,0.0,0.0013489279747009278
1742233701.4351225,0.0,0.0,0.0014113279581069945
1742233701.436939,0.0,0.0,0.0013903039693832398
1742233701.4387267,0.0,0.0,0.0013519680500030517
1742233701.4405043,0.0,0.0,0.0013351360559463502
1742233701.442293,0.0,0.0,0.0013219519853591918
1742233701.4449527,0.0,0.0,0.002217855930328369
1742233701.4467595,0.0,0.0,0.0013431040048599242
1742233701.4485126,0.0,0.0,0.0013126720190048218
1742233701.450274,0.0,0.0,0.0013007680177688598
1742233701.4520288,0.0,0.0,0.0013269439935684204
1742233701.4539578,0.0,0.0,0.0015088319778442383
1742233701.4557638,0.0,0.0,0.0013748159408569335
1742233701.4575458,0.0,0.0,0.0013517119884490967
1742233701.459315,0.0,0.0,0.001329311966896057
1742233701.461093,0.0,0.0,0.0013446079492568969
1742233701.4628332,0.0,0.0,0.0013096319437026977
1742233701.4645936,0.0,0.0,0.0013223999738693237
1742233701.4663658,0.0,0.0,0.0013181120157241821
1742233701.4680986,0.0,0.0,0.001308127999305725
1742233701.46987,0.0,0.0,0.0013465280532836913
1742233701.4716504,0.0,0.0,0.0013459520339965821
1742233701.4734013,0.0,0.0,0.0013270399570465088
1742233701.4751499,0.0,0.0,0.001313599944114685
1742233701.4770083,0.0,0.0,0.0014317760467529297
1742233701.478889,0.0,0.0,0.0014516160488128663
1742233701.4806445,0.0,0.0,0.0013303040266036987
1742233701.4824142,0.0,0.0,0.0013203200101852418
1742233701.4841397,0.0,0.0,0.0013008639812469483
1742233701.4859078,0.0,0.0,0.0013475840091705322
1742233701.4876492,0.0,0.0,0.0013129279613494874
1742233701.4894457,0.0,0.0,0.0013659839630126953
1742233701.4911854,0.0,0.0,0.0013090879917144775
1742233701.4929605,0.0,0.0,0.0013324480056762695
1742233701.4947517,0.0,0.0,0.0013498879671096802
1742233701.4965463,0.0,0.0,0.0013570879697799682
1742233701.499133,0.0,0.0,0.0021222081184387206
1742233701.50102,0.0,0.0,0.001399392008781433
1742233701.502801,0.0,0.0,0.0013383359909057617
1742233701.5045178,0.0,0.0,0.0012845760583877564
1742233701.506262,0.0,0.0,0.0012949119806289673
1742233701.5079994,0.0,0.0,0.0013050880432128906
1742233701.5097842,0.0,0.0,0.001359488010406494
1742233701.5115433,0.0,0.0,0.0013331520557403565
1742233701.5134356,0.0,0.0,0.001464959979057312
1742233701.5152225,0.0,0.0,0.0013489919900894166
1742233701.5170028,0.0,0.0,0.001353503942489624
1742233701.518765,0.0,0.0,0.0013302400112152099
1742233701.5205855,0.0,0.0,0.0014005759954452514
1742233701.5223906,0.0,0.0,0.0013463360071182251
1742233701.5241346,0.0,0.0,0.001313439965248108
1742233701.5258923,0.0,0.0,0.0013325120210647583
1742233701.5276518,0.0,0.0,0.001311840057373047
1742233701.5294082,0.0,0.0,0.0013301440477371217
1742233701.5311553,0.0,0.0,0.0013259520530700683
1742233701.5329242,0.0,0.0,0.0013451839685440063
1742233701.5346546,0.0,0.0,0.001303231954574585
1742233701.5364199,0.0,0.0,0.0013276159763336182
1742233701.5382054,0.0,0.0,0.0013368959426879883
1742233701.5399375,0.0,0.0,0.0013053760528564454
1742233701.5417411,0.0,0.0,0.001376479983329773
1742233701.543501,0.0,0.0,0.0013290560245513916
1742233701.545259,0.0,0.0,0.001332319974899292
1742233701.547004,0.0,0.0,0.0013226560354232789
1742233701.5487838,0.0,0.0,0.001356768012046814
1742233701.55058,0.0,0.0,0.001346560001373291
1742233701.5523386,0.0,0.0,0.0013239359855651855
1742233701.5549507,0.0,0.0,0.002149856090545654
1742233701.5568218,0.0,0.0,0.0013916480541229248
1742233701.5585916,0.0,0.0,0.001324031949043274
1742233701.5603468,0.0,0.0,0.0013184319734573363
1742233701.562272,0.0,0.0,0.0014672000408172607
1742233701.5640433,0.0,0.0,0.0013404799699783326
1742233701.565849,0.0,0.0,0.0013722879886627196
1742233701.5676346,0.0,0.0,0.0013408960103988648
1742233701.5694203,0.0,0.0,0.0013509119749069215
1742233701.571167,0.0,0.0,0.0013192000389099122
1742233701.5729282,0.0,0.0,0.0013382400274276733
1742233701.574669,0.0,0.0,0.0013150080442428588
1742233701.5764132,0.0,0.0,0.001317023992538452
1742233701.5781775,0.0,0.0,0.0013148800134658814
1742233701.579926,0.0,0.0,0.0013111040592193603
1742233701.5816672,0.0,0.0,0.001325216054916382
1742233701.5834,0.0,0.0,0.0013103359937667847
1742233701.5851622,0.0,0.0,0.0013378560543060303
1742233701.5869143,0.0,0.0,0.0013229440450668335
1742233701.5886543,0.0,0.0,0.0013169920444488525
1742233701.5904171,0.0,0.0,0.0013027199506759643
1742233701.5921664,0.0,0.0,0.0013287999629974364
1742233701.5939593,0.0,0.0,0.0013646399974822998
1742233701.5957046,0.0,0.0,0.0013123199939727784
1742233701.597575,0.0,0.0,0.001444159984588623
1742233701.59935,0.0,0.0,0.0013459520339965821
1742233701.6011064,0.0,0.0,0.0013282560110092162
1742233701.602855,0.0,0.0,0.0013123199939727784
1742233701.6046345,0.0,0.0,0.0013516160249710083
1742233701.6064513,0.0,0.0,0.0013451520204544067
1742233701.608214,0.0,0.0,0.0013260799646377564
1742233701.6109338,0.0,0.0,0.002287328004837036
1742233701.6127892,0.0,0.0,0.0013807359933853149
1742233701.614591,0.0,0.0,0.0013535360097885131
1742233701.6163416,0.0,0.0,0.0013178880214691161
1742233701.6181304,0.0,0.0,0.0013336960077285766
1742233701.6198733,0.0,0.0,0.0013068480491638184
1742233701.621653,0.0,0.0,0.0013518719673156739
1742233701.6234004,0.0,0.0,0.001321984052658081
1742233701.6251621,0.0,0.0,0.0013389120101928711
1742233701.62694,0.0,0.0,0.0013474559783935548
1742233701.6286747,0.0,0.0,0.00131004798412323
1742233701.630456,0.0,0.0,0.0013139840364456176
1742233701.6322076,0.0,0.0,0.0013246079683303833
1742233701.633962,0.0,0.0,0.001329792022705078
1742233701.6357143,0.0,0.0,0.001327679991722107
1742233701.6375048,0.0,0.0,0.0013471039533615111
1742233701.6392593,0.0,0.0,0.0013212480545043946
1742233701.6410706,0.0,0.0,0.001334496021270752
1742233701.642801,0.0,0.0,0.0012993279695510864
1742233701.6445506,0.0,0.0,0.0013215680122375488
1742233701.6462746,0.0,0.0,0.001284127950668335
1742233701.648013,0.0,0.0,0.0013110719919204711
1742233701.6497562,0.0,0.0,0.0013211840391159058
1742233701.6514933,0.0,0.0,0.0013092479705810547
1742233701.6532552,0.0,0.0,0.0013395199775695801
1742233701.6549919,0.0,0.0,0.0013068159818649292
1742233701.6567755,0.0,0.0,0.001350592017173767
1742233701.6584914,0.0,0.0,0.0012909120321273804
1742233701.660247,0.0,0.0,0.0013323520421981811
1742233701.66206,0.0,0.0,0.0013574399948120116
1742233701.6638377,0.0,0.0,0.0013377920389175415
1742233701.6664908,0.0,0.0,0.0022108480930328367
1742233701.6683283,0.0,0.0,0.0013651200532913208
1742233701.6702638,0.0,0.0,0.0014658880233764649
1742233701.6720428,0.0,0.0,0.00134825599193573
1742233701.6738315,0.0,0.0,0.0013556159734725952
1742233701.6755497,0.0,0.0,0.0012904319763183594
1742233701.6773102,0.0,0.0,0.0013382400274276733
1742233701.6790533,0.0,0.0,0.0013208320140838622
1742233701.6808276,0.0,0.0,0.0013514879941940307
1742233701.6825764,0.0,0.0,0.0013148479461669923
1742233701.6843374,0.0,0.0,0.001335103988647461
1742233701.686088,0.0,0.0,0.001309440016746521
1742233701.6878202,0.0,0.0,0.0013046400547027587
1742233701.6895628,0.0,0.0,0.0013177599906921387
1742233701.6913085,0.0,0.0,0.0013128960132598878
1742233701.6930828,0.0,0.0,0.0013467520475387573
1742233701.6948142,0.0,0.0,0.001301983952522278
1742233701.6965292,0.0,0.0,0.0012919039726257324
1742233701.6983323,0.0,0.0,0.0013467199802398681
1742233701.7000952,0.0,0.0,0.0013322240114212035
1742233701.7018924,0.0,0.0,0.0013736319541931153
1742233701.7036295,0.0,0.0,0.001312608003616333
1742233701.7053757,0.0,0.0,0.0013186240196228027
1742233701.7071257,0.0,0.0,0.0013083200454711915
1742233701.7088697,0.0,0.0,0.0013164800405502319
1742233701.7106175,0.0,0.0,0.001307520031929016
1742233701.7123497,0.0,0.0,0.001306048035621643
1742233701.714106,0.0,0.0,0.0013151040077209472
1742233701.7158573,0.0,0.0,0.00132368004322052
1742233701.7176516,0.0,0.0,0.001352255940437317
1742233701.7194006,0.0,0.0,0.0013129600286483764
1742233701.7220254,0.0,0.0,0.002184319972991943
1742233701.723825,0.0,0.0,0.0013323520421981811
1742233701.7256546,0.0,0.0,0.0013857920169830322
1742233701.7274368,0.0,0.0,0.001344864010810852
1742233701.729207,0.0,0.0,0.0013366080522537232
1742233701.7309558,0.0,0.0,0.0013167999982833863
1742233701.7327263,0.0,0.0,0.0013313920497894287
1742233701.7345147,0.0,0.0,0.001355455994606018
1742233701.7362478,0.0,0.0,0.0013120640516281127
1742233701.7380362,0.0,0.0,0.001370303988456726
1742233701.7397783,0.0,0.0,0.0013101439476013183
1742233701.7415204,0.0,0.0,0.0013248640298843383
1742233701.7432868,0.0,0.0,0.0013424639701843262
1742233701.7450633,0.0,0.0,0.0013504639863967896
1742233701.746925,0.0,0.0,0.0014308799505233765
1742233701.7486627,0.0,0.0,0.0013114880323410033
1742233701.7504337,0.0,0.0,0.0013116799592971802
1742233701.752276,0.0,0.0,0.0014143359661102294
1742233701.7540576,0.0,0.0,0.0013525760173797607
1742233701.755776,0.0,0.0,0.001287551999092102
1742233701.7575629,0.0,0.0,0.0013647359609603883
1742233701.759317,0.0,0.0,0.0013267840147018432
1742233701.7610874,0.0,0.0,0.0013417600393295288
1742233701.7628508,0.0,0.0,0.001335968017578125
1742233701.7645762,0.0,0.0,0.0013032959699630737
1742233701.7663262,0.0,0.0,0.0013068480491638184
1742233701.7680376,0.0,0.0,0.0012839360237121582
1742233701.7697992,0.0,0.0,0.0013362879753112792
1742233701.7715766,0.0,0.0,0.0013503040075302124
1742233701.773377,0.0,0.0,0.0013557440042495728
1742233701.7751443,0.0,0.0,0.0013279680013656616
1742233701.7779849,0.0,0.0,0.0015860799551010133
1742233701.7798092,0.0,0.0,0.0013699840307235718
1742233701.7816198,0.0,0.0,0.0013763200044631958
1742233701.7833924,0.0,0.0,0.0013435519933700563
1742233701.785114,0.0,0.0,0.0012999039888381958
1742233701.786851,0.0,0.0,0.0013106240034103393
1742233701.7885609,0.0,0.0,0.001279647946357727
1742233701.7903454,0.0,0.0,0.001332543969154358
1742233701.792088,0.0,0.0,0.0013228479623794555
1742233701.7938638,0.0,0.0,0.0013495999574661254
1742233701.7956204,0.0,0.0,0.0013196799755096436
1742233701.7973738,0.0,0.0,0.0013249919414520263
1742233701.7991285,0.0,0.0,0.001325376033782959
1742233701.8008893,0.0,0.0,0.0013327679634094237
1742233701.802772,0.0,0.0,0.0014404480457305907
1742233701.8045096,0.0,0.0,0.0013132480382919312
1742233701.8062897,0.0,0.0,0.0013210879564285278
1742233701.808026,0.0,0.0,0.0013141759634017944
1742233701.8097832,0.0,0.0,0.0013356159925460816
1742233701.8116179,0.0,0.0,0.0014073280096054076
1742233701.8133984,0.0,0.0,0.0013510080575942992
1742233701.8151643,0.0,0.0,0.001328320026397705
1742233701.8169107,0.0,0.0,0.0013249599933624267
1742233701.8187168,0.0,0.0,0.0013583359718322755
1742233701.8204496,0.0,0.0,0.0013029119968414307
1742233701.8222065,0.0,0.0,0.0013029760122299195
1742233701.8239253,0.0,0.0,0.0012951680421829223
1742233701.8256857,0.0,0.0,0.0013431999683380126
1742233701.8274698,0.0,0.0,0.0013510400056838988
1742233701.8292572,0.0,0.0,0.0013507839441299439
1742233701.8317943,0.0,0.0,0.0013135039806365966
1742233701.8337216,0.0,0.0,0.0014270720481872558
1742233701.8354902,0.0,0.0,0.0013299839496612549
1742233701.8372653,0.0,0.0,0.0013475199937820433
1742233701.8390162,0.0,0.0,0.0013241920471191407
1742233701.840757,0.0,0.0,0.0013186240196228027
1742233701.84248,0.0,0.0,0.0012946879863739013
1742233701.8442209,0.0,0.0,0.0013195840120315552
1742233701.8460279,0.0,0.0,0.0013776320219039918
1742233701.847786,0.0,0.0,0.0013301119804382325
1742233701.8495793,0.0,0.0,0.0013657599687576295
1742233701.8513534,0.0,0.0,0.001342560052871704
1742233701.8531036,0.0,0.0,0.0013290239572525024
1742233701.85486,0.0,0.0,0.0013342080116271972
1742233701.8566277,0.0,0.0,0.001321727991104126
1742233701.8583875,0.0,0.0,0.0013132799863815308
1742233701.8601317,0.0,0.0,0.0013199360370635986
1742233701.861909,0.0,0.0,0.0013558399677276612
1742233701.8636289,0.0,0.0,0.0012929600477218628
1742233701.8653803,0.0,0.0,0.0013319040536880493
1742233701.8671284,0.0,0.0,0.0013207039833068848
1742233701.86888,0.0,0.0,0.0013285119533538818
1742233701.8706276,0.0,0.0,0.0013197439908981324
1742233701.8723915,0.0,0.0,0.0013395199775695801
1742233701.8742723,0.0,0.0,0.0014239360094070435
1742233701.8761349,0.0,0.0,0.001438752055168152
1742233701.8779202,0.0,0.0,0.0013614720106124877
1742233701.8796768,0.0,0.0,0.0013238719701766967
1742233701.8814795,0.0,0.0,0.0013694080114364624
1742233701.883275,0.0,0.0,0.0013526400327682495
1742233701.8851821,0.0,0.0,0.0014736000299453735
1742233701.8878338,0.0,0.0,0.002209280014038086
1742233701.8897216,0.0,0.0,0.0014162880182266235
1742233701.891521,0.0,0.0,0.0013607360124588013
1742233701.89332,0.0,0.0,0.0013695679903030396
1742233701.8950975,0.0,0.0,0.0013415999412536622
1742233701.8968663,0.0,0.0,0.0013327039480209352
1742233701.8986418,0.0,0.0,0.0013367680311203002
1742233701.9004247,0.0,0.0,0.001353119969367981
1742233701.9022038,0.0,0.0,0.001332640051841736
1742233701.9039803,0.0,0.0,0.0013571200370788574
1742233701.9057593,0.0,0.0,0.0013510080575942992
1742233701.9074905,0.0,0.0,0.0012982079982757568
1742233701.9093156,0.0,0.0,0.0013972159624099732
1742233701.9111106,0.0,0.0,0.0013528640270233155
1742233701.9129145,0.0,0.0,0.0013634560108184814
1742233701.914691,0.0,0.0,0.001332543969154358
1742233701.9164374,0.0,0.0,0.0013148800134658814
1742233701.9183114,0.0,0.0,0.001417088031768799
1742233701.9201014,0.0,0.0,0.0013606719970703125
1742233701.9218807,0.0,0.0,0.0013510719537734985
1742233701.9235964,0.0,0.0,0.0012900480031967163
1742233701.9253643,0.0,0.0,0.001341439962387085
1742233701.9270706,0.0,0.0,0.0012812479734420777
1742233701.9289052,0.0,0.0,0.0013510400056838988
1742233701.9306834,0.0,0.0,0.0013223040103912355
1742233701.9324212,0.0,0.0,0.001312000036239624
1742233701.934198,0.0,0.0,0.0013302079439163209
1742233701.9359446,0.0,0.0,0.0013212480545043946
1742233701.9377367,0.0,0.0,0.001367776036262512
1742233701.939518,0.0,0.0,0.0013346560001373292
1742233701.9413128,0.0,0.0,0.001362239956855774
1742233701.9440098,0.0,0.0,0.0022538559436798096
1742233701.9459536,0.0,0.0,0.0014778879880905152
1742233701.9477468,0.0,0.0,0.001355936050415039
1742233701.9495509,0.0,0.0,0.0013581119775772095
1742233701.9513018,0.0,0.0,0.0013137279748916626
1742233701.9530714,0.0,0.0,0.0013401600122451781
1742233701.9548109,0.0,0.0,0.0013148159980773926
1742233701.956582,0.0,0.0,0.001341536045074463
1742233701.958345,0.0,0.0,0.001310528039932251
1742233701.960085,0.0,0.0,0.0013213440179824828
1742233701.9618814,0.0,0.0,0.0013793280124664306
1742233701.9636226,0.0,0.0,0.0013159999847412109
1742233701.9653811,0.0,0.0,0.00133897602558136
1742233701.9671135,0.0,0.0,0.0013065600395202636
1742233701.9689136,0.0,0.0,0.0013503999710083008
1742233701.9706833,0.0,0.0,0.0013336960077285766
1742233701.9724524,0.0,0.0,0.0013303040266036987
1742233701.9742215,0.0,0.0,0.0013243199586868285
1742233701.975957,0.0,0.0,0.0013112640380859375
1742233701.9777434,0.0,0.0,0.0013642239570617676
1742233701.9794874,0.0,0.0,0.0013219200372695922
1742233701.9812436,0.0,0.0,0.0013260159492492676
1742233701.9829628,0.0,0.0,0.001290336012840271
1742233701.9847283,0.0,0.0,0.0013158400058746339
1742233701.986499,0.0,0.0,0.0013270399570465088
1742233701.988234,0.0,0.0,0.0013108160495758057
1742233701.99002,0.0,0.0,0.001358847975730896
1742233701.9917767,0.0,0.0,0.0013265600204467774
1742233701.9936965,0.0,0.0,0.0014902080297470094
1742233701.9955113,0.0,0.0,0.001374624013900757
1742233701.997331,0.0,0.0,0.00137990403175354
1742233702.0000007,0.0,0.0,0.0014007999897003175
1742233702.0018363,0.0,0.0,0.001387231945991516
1742233702.0036228,0.0,0.0,0.001352735996246338
1742233702.0054162,0.0,0.0,0.0013651200532913208
1742233702.007169,0.0,0.0,0.0013254079818725585
1742233702.0089188,0.0,0.0,0.0013231680393218995
1742233702.0106695,0.0,0.0,0.0013258240222930907
1742233702.0123992,0.0,0.0,0.0013078399896621705
1742233702.0141716,0.0,0.0,0.0013337600231170654
1742233702.0159132,0.0,0.0,0.0013183679580688478
1742233702.017691,0.0,0.0,0.0013575999736785888
1742233702.0194244,0.0,0.0,0.001303712010383606
1742233702.0211933,0.0,0.0,0.0013448959589004517
1742233702.0229497,0.0,0.0,0.0013296639919281007
1742233702.0247107,0.0,0.0,0.001323199987411499
1742233702.026465,0.0,0.0,0.0013252480030059815
1742233702.0281887,0.0,0.0,0.0013004800081253052
1742233702.0299523,0.0,0.0,0.001344383955001831
1742233702.0316873,0.0,0.0,0.0013143359422683716
1742233702.033434,0.0,0.0,0.0013203840255737304
1742233702.0351727,0.0,0.0,0.001310879945755005
1742233702.0369093,0.0,0.0,0.0013120640516281127
1742233702.038639,0.0,0.0,0.001305567979812622
1742233702.0403688,0.0,0.0,0.0013129600286483764
1742233702.0422537,0.0,0.0,0.0014367680549621582
1742233702.0440013,0.0,0.0,0.0013220479488372803
1742233702.0457833,0.0,0.0,0.0013528959751129151
1742233702.0475454,0.0,0.0,0.0013349759578704834
1742233702.0493517,0.0,0.0,0.0013712320327758788
1742233702.0511057,0.0,0.0,0.0013127360343933106
1742233702.0536754,0.0,0.0,0.0013479039669036866
1742233702.0555944,0.0,0.0,0.0014215680360794068
1742233702.0574613,0.0,0.0,0.0014199039936065674
1742233702.0592265,0.0,0.0,0.001331455945968628
1742233702.0609944,0.0,0.0,0.0013432320356369018
1742233702.0627546,0.0,0.0,0.0013292160034179689
1742233702.064521,0.0,0.0,0.0013299839496612549
1742233702.0662868,0.0,0.0,0.0013147519826889038
1742233702.0679986,0.0,0.0,0.001293023943901062
1742233702.06976,0.0,0.0,0.0013344000577926636
1742233702.071522,0.0,0.0,0.0013339200019836426
1742233702.073286,0.0,0.0,0.001341312050819397
1742233702.075036,0.0,0.0,0.001326688051223755
1742233702.0768185,0.0,0.0,0.0013496320247650146
1742233702.0786028,0.0,0.0,0.0013384000062942505
1742233702.0803418,0.0,0.0,0.0013131519556045532
1742233702.0820887,0.0,0.0,0.001307520031929016
1742233702.0838113,0.0,0.0,0.001298367977142334
1742233702.085565,0.0,0.0,0.0013362879753112792
1742233702.0873094,0.0,0.0,0.0013160320520401
1742233702.089087,0.0,0.0,0.0013524479866027833
1742233702.0908244,0.0,0.0,0.0013116799592971802
1742233702.0925944,0.0,0.0,0.001347264051437378
1742233702.0943706,0.0,0.0,0.0013151359558105469
1742233702.096114,0.0,0.0,0.0013189760446548461
1742233702.097873,0.0,0.0,0.0013395520448684693
1742233702.0997288,0.0,0.0,0.0014339840412139892
1742233702.1016076,0.0,0.0,0.0014543360471725463
1742233702.1033776,0.0,0.0,0.001337440013885498
1742233702.105147,0.0,0.0,0.001337056040763855
1742233702.1068952,0.0,0.0,0.0013179839849472045
1742233702.109474,0.0,0.0,0.002138335943222046
1742233702.1113086,0.0,0.0,0.001357408046722412
1742233702.1130996,0.0,0.0,0.0013546240329742431
1742233702.1148713,0.0,0.0,0.0013343360424041748
1742233702.1166487,0.0,0.0,0.0013502399921417236
1742233702.1184332,0.0,0.0,0.001299839973449707
1742233702.1202085,0.0,0.0,0.0013440959453582763
1742233702.1220028,0.0,0.0,0.001365823984146118
1742233702.1237602,0.0,0.0,0.0013213119506835938
1742233702.1255589,0.0,0.0,0.0013702720403671264
1742233702.1273024,0.0,0.0,0.0013132799863815308
1742233702.1290503,0.0,0.0,0.001323647975921631
1742233702.1307952,0.0,0.0,0.0013102400302886963
1742233702.1326566,0.0,0.0,0.0014355839490890502
1742233702.1344602,0.0,0.0,0.00134169602394104
1742233702.136194,0.0,0.0,0.001309216022491455
1742233702.137958,0.0,0.0,0.0013434560298919678
1742233702.1397173,0.0,0.0,0.0013355200290679932
1742233702.1415024,0.0,0.0,0.0013544960021972655
1742233702.1432412,0.0,0.0,0.0013160640001296997
1742233702.145033,0.0,0.0,0.0013675199747085571
1742233702.146889,0.0,0.0,0.0014196799993515014
1742233702.1486585,0.0,0.0,0.0013423680067062378
1742233702.1504235,0.0,0.0,0.001308511972427368
1742233702.1521482,0.0,0.0,0.0012925440073013306
1742233702.1539161,0.0,0.0,0.0013379839658737183
1742233702.1557882,0.0,0.0,0.0014237120151519775
1742233702.1576037,0.0,0.0,0.0013919680118560792
1742233702.1593604,0.0,0.0,0.0013273279666900634
1742233702.1611488,0.0,0.0,0.001342911958694458
1742233702.1629565,0.0,0.0,0.0013630720376968384
1742233702.1655412,0.0,0.0,0.0021511681079864503
1742233702.167393,0.0,0.0,0.001374336004257202
1742233702.1691847,0.0,0.0,0.001353216052055359
1742233702.170958,0.0,0.0,0.0013274879455566406
1742233702.1726854,0.0,0.0,0.001299456000328064
1742233702.1744654,0.0,0.0,0.0013292479515075685
1742233702.176199,0.0,0.0,0.0013063360452651978
1742233702.1779974,0.0,0.0,0.0013674240112304687
1742233702.179735,0.0,0.0,0.0013108160495758057
1742233702.181504,0.0,0.0,0.001341536045074463
1742233702.1832561,0.0,0.0,0.0013228160142898559
1742233702.1850207,0.0,0.0,0.001338207960128784
1742233702.18682,0.0,0.0,0.0013713599443435668
1742233702.1885712,0.0,0.0,0.001320639967918396
1742233702.1903615,0.0,0.0,0.0013322880268096923
1742233702.1921039,0.0,0.0,0.001316864013671875
1742233702.193873,0.0,0.0,0.0013437119722366333
1742233702.1955955,0.0,0.0,0.0012930560111999512
1742233702.1973488,0.0,0.0,0.0013296639919281007
1742233702.1990767,0.0,0.0,0.0013050240278244018
1742233702.2008433,0.0,0.0,0.0013349119424819946
1742233702.2026005,0.0,0.0,0.0013200000524520874
1742233702.2043219,0.0,0.0,0.0012974079847335816
1742233702.206097,0.0,0.0,0.0013254719972610473
1742233702.2078245,0.0,0.0,0.00129750394821167
1742233702.209724,0.0,0.0,0.0014665919542312623
1742233702.21151,0.0,0.0,0.001361631989479065
1742233702.213273,0.0,0.0,0.0013342399597167968
1742233702.2150855,0.0,0.0,0.001372864007949829
1742233702.2168958,0.0,0.0,0.0013628480434417724
1742233702.2186759,0.0,0.0,0.001338655948638916
1742233702.22131,0.0,0.0,0.0021976640224456788
1742233702.2231393,0.0,0.0,0.0013579519987106322
1742233702.2249513,0.0,0.0,0.00137225604057312
1742233702.22671,0.0,0.0,0.0013213759660720824
1742233702.2284641,0.0,0.0,0.001320512056350708
1742233702.2302532,0.0,0.0,0.0013314239978790283
1742233702.2320044,0.0,0.0,0.001329792022705078
1742233702.2337713,0.0,0.0,0.001344159960746765
1742233702.2355876,0.0,0.0,0.0013799359798431397
1742233702.2374327,0.0,0.0,0.0013935680389404296
1742233702.239206,0.0,0.0,0.0013326719999313355
1742233702.2409992,0.0,0.0,0.001369312047958374
1742233702.2427678,0.0,0.0,0.0013366080522537232
1742233702.2444882,0.0,0.0,0.0012933759689331054
1742233702.246235,0.0,0.0,0.001302016019821167
1742233702.248104,0.0,0.0,0.0014460159540176391
1742233702.2499294,0.0,0.0,0.0013956799507141113
1742233702.2516775,0.0,0.0,0.0013218239545822145
1742233702.2534533,0.0,0.0,0.0013249919414520263
1742233702.2552261,0.0,0.0,0.001344864010810852
1742233702.2570238,0.0,0.0,0.0013656959533691407
1742233702.258781,0.0,0.0,0.0013217600584030152
1742233702.2605214,0.0,0.0,0.00131331205368042
1742233702.2623048,0.0,0.0,0.0013294719457626343
1742233702.2640996,0.0,0.0,0.0013351360559463502
1742233702.2658699,0.0,0.0,0.0013407679796218872
1742233702.2676027,0.0,0.0,0.0013035839796066283
1742233702.2693899,0.0,0.0,0.0013613439798355104
1742233702.2711887,0.0,0.0,0.001363711953163147
1742233702.2730696,0.0,0.0,0.0013542399406433106
1742233702.2756453,0.0,0.0,0.002128159999847412
1742233702.277588,0.0,0.0,0.0014515199661254883
1742233702.279344,0.0,0.0,0.0013125439882278442
1742233702.2811196,0.0,0.0,0.0013521280288696289
1742233702.2828627,0.0,0.0,0.00131222403049469
1742233702.2846267,0.0,0.0,0.0013431999683380126
1742233702.2864006,0.0,0.0,0.0013199679851531982
1742233702.2881465,0.0,0.0,0.001322111964225769
1742233702.2899084,0.0,0.0,0.0013434239625930787
1742233702.2916436,0.0,0.0,0.0013063679933547974
1742233702.2934132,0.0,0.0,0.001342527985572815
1742233702.2951689,0.0,0.0,0.0013345279693603516
1742233702.2969325,0.0,0.0,0.0013422080278396606
1742233702.2986908,0.0,0.0,0.0013275519609451294
1742233702.3004367,0.0,0.0,0.0013247679471969605
1742233702.3022091,0.0,0.0,0.001331488013267517
1742233702.303974,0.0,0.0,0.001324031949043274
1742233702.305727,0.0,0.0,0.0013330559730529786
1742233702.30746,0.0,0.0,0.001308351993560791
1742233702.3092315,0.0,0.0,0.0013488960266113282
1742233702.3109612,0.0,0.0,0.001307647943496704
1742233702.312682,0.0,0.0,0.0012973120212554931
1742233702.3145814,0.0,0.0,0.0014423359632492066
1742233702.3163786,0.0,0.0,0.0013700799942016602
1742233702.318257,0.0,0.0,0.0014249919652938843
1742233702.3200047,0.0,0.0,0.0013178559541702271
1742233702.3217819,0.0,0.0,0.001354207992553711
1742233702.3235486,0.0,0.0,0.001337631940841675
1742233702.3253367,0.0,0.0,0.0013594239950180053
1742233702.3271053,0.0,0.0,0.0013269439935684204
1742233702.328893,0.0,0.0,0.001352255940437317
1742233702.3314593,0.0,0.0,0.0021245760917663575
1742233702.333346,0.0,0.0,0.0014116480350494386
1742233702.3351169,0.0,0.0,0.0013250880241394043
1742233702.336894,0.0,0.0,0.001346560001373291
1742233702.338658,0.0,0.0,0.0013359359502792358
1742233702.3404,0.0,0.0,0.0013169920444488525
1742233702.342163,0.0,0.0,0.0013231040239334107
1742233702.3439217,0.0,0.0,0.0013293759822845458
1742233702.3456793,0.0,0.0,0.0013319040536880493
1742233702.3474257,0.0,0.0,0.0013187199831008912
1742233702.3491678,0.0,0.0,0.0013211519718170166
1742233702.3509178,0.0,0.0,0.0013230400085449219
1742233702.3526533,0.0,0.0,0.0013073279857635498
1742233702.3544576,0.0,0.0,0.0013370879888534547
1742233702.3561943,0.0,0.0,0.0013095359802246093
1742233702.3579986,0.0,0.0,0.0013789759874343872
1742233702.359742,0.0,0.0,0.0013178880214691161
1742233702.3616004,0.0,0.0,0.0014385600090026855
1742233702.3633435,0.0,0.0,0.0013159999847412109
1742233702.3650968,0.0,0.0,0.0013259199857711792
1742233702.366819,0.0,0.0,0.001293887972831726
1742233702.3685231,0.0,0.0,0.0012831679582595826
1742233702.3703127,0.0,0.0,0.0013379520177841187
1742233702.3720386,0.0,0.0,0.0012997440099716186
1742233702.3738332,0.0,0.0,0.0013711040019989014
1742233702.375615,0.0,0.0,0.0013272000551223756
1742233702.3773847,0.0,0.0,0.0013447999954223633
1742233702.3791397,0.0,0.0,0.0013254079818725585
1742233702.380926,0.0,0.0,0.0013605760335922241
1742233702.3827,0.0,0.0,0.0013249599933624267
1742233702.3844798,0.0,0.0,0.0013479039669036866
1742233702.3871565,0.0,0.0,0.0022090239524841307
1742233702.3889973,0.0,0.0,0.0013685439825057984
1742233702.3907857,0.0,0.0,0.001338655948638916
1742233702.3925595,0.0,0.0,0.0013451839685440063
1742233702.3943517,0.0,0.0,0.001331712007522583
1742233702.3961012,0.0,0.0,0.0013201600313186646
1742233702.3978803,0.0,0.0,0.0013509119749069215
1742233702.3996089,0.0,0.0,0.0013005119562149049
1742233702.401396,0.0,0.0,0.0013594239950180053
1742233702.4031413,0.0,0.0,0.001319424033164978
1742233702.4049118,0.0,0.0,0.0013468799591064454
1742233702.4066586,0.0,0.0,0.0013209279775619506
1742233702.40842,0.0,0.0,0.0013391679525375365
1742233702.4102206,0.0,0.0,0.0013540159463882445
1742233702.4120016,0.0,0.0,0.0013537600040435791
1742233702.4137962,0.0,0.0,0.0013536959886550903
1742233702.4155633,0.0,0.0,0.0013361599445343019
1742233702.4173322,0.0,0.0,0.0013404799699783326
1742233702.4190648,0.0,0.0,0.001298751950263977
1742233702.420806,0.0,0.0,0.001317952036857605
1742233702.4225218,0.0,0.0,0.0012848639488220214
1742233702.4242525,0.0,0.0,0.0013114880323410033
1742233702.4261365,0.0,0.0,0.0014588799476623535
1742233702.4279363,0.0,0.0,0.001373695969581604
1742233702.429732,0.0,0.0,0.0013725759983062745
1742233702.4314826,0.0,0.0,0.0013227200508117677
1742233702.4332488,0.0,0.0,0.0013450880050659179
1742233702.4349875,0.0,0.0,0.0013109120130538941
1742233702.436777,0.0,0.0,0.0013677439689636231
1742233702.43856,0.0,0.0,0.001338528037071228
1742233702.4403148,0.0,0.0,0.0013206720352172852
1742233702.4429066,0.0,0.0,0.002142047882080078
1742233702.4447582,0.0,0.0,0.0013767039775848388
1742233702.4465399,0.0,0.0,0.0013381439447402955
1742233702.448299,0.0,0.0,0.0013252480030059815
1742233702.450067,0.0,0.0,0.0013182079792022705
1742233702.4518197,0.0,0.0,0.0013066240549087524
1742233702.453587,0.0,0.0,0.0013410240411758424
1742233702.455334,0.0,0.0,0.0013177280426025391
1742233702.457117,0.0,0.0,0.0013527040481567383
1742233702.458854,0.0,0.0,0.0013074560165405274
1742233702.4607265,0.0,0.0,0.0014271999597549438
1742233702.4625337,0.0,0.0,0.0013699840307235718
1742233702.4643009,0.0,0.0,0.001338752031326294
1742233702.46608,0.0,0.0,0.0013358080387115478
1742233702.4678175,0.0,0.0,0.0013081599473953247
1742233702.4695861,0.0,0.0,0.001343392014503479
1742233702.471313,0.0,0.0,0.0013034880161285401
1742233702.4731014,0.0,0.0,0.00135862398147583
1742233702.4748366,0.0,0.0,0.0013104959726333617
1742233702.4765565,0.0,0.0,0.0012960000038146973
1742233702.478325,0.0,0.0,0.0013208320140838622
1742233702.4800777,0.0,0.0,0.0013179839849472045
1742233702.4818504,0.0,0.0,0.0013465280532836913
1742233702.483599,0.0,0.0,0.0013156800270080567
1742233702.4853604,0.0,0.0,0.0013348480463027954
1742233702.487094,0.0,0.0,0.0013018879890441895
1742233702.4888484,0.0,0.0,0.0013360320329666138
1742233702.4905908,0.0,0.0,0.001318560004234314
1742233702.4923682,0.0,0.0,0.0013429440259933472
1742233702.4941864,0.0,0.0,0.0013420799970626832
1742233702.4959803,0.0,0.0,0.0013521599769592285
1742233702.498629,0.0,0.0,0.0022010560035705565
1742233702.500428,0.0,0.0,0.0013274240493774414
1742233702.5022275,0.0,0.0,0.0013230719566345215
1742233702.5040019,0.0,0.0,0.001340448021888733
1742233702.5057967,0.0,0.0,0.0013585920333862305
1742233702.507562,0.0,0.0,0.0013281919956207276
1742233702.509331,0.0,0.0,0.001335968017578125
1742233702.5110662,0.0,0.0,0.0013061439990997314
1742233702.512855,0.0,0.0,0.00135971200466156
1742233702.5146139,0.0,0.0,0.0013244160413742065
1742233702.516361,0.0,0.0,0.001324031949043274
1742233702.5181515,0.0,0.0,0.0013344639539718628
1742233702.5199015,0.0,0.0,0.0013173760175704955
1742233702.5216577,0.0,0.0,0.0013302079439163209
1742233702.5234184,0.0,0.0,0.0013246719837188721
1742233702.5252128,0.0,0.0,0.0013454719781875611
1742233702.5269535,0.0,0.0,0.0013169599771499633
1742233702.5286858,0.0,0.0,0.0013068480491638184
1742233702.5304465,0.0,0.0,0.0013041599988937377
1742233702.532176,0.0,0.0,0.0013072320222854614
1742233702.5340655,0.0,0.0,0.0014602880477905273
1742233702.5358255,0.0,0.0,0.001335263967514038
1742233702.537601,0.0,0.0,0.0013524160385131837
1742233702.5393558,0.0,0.0,0.0013301440477371217
1742233702.541089,0.0,0.0,0.0013061439990997314
1742233702.5428312,0.0,0.0,0.0013167999982833863
1742233702.5445464,0.0,0.0,0.0012943999767303467
1742233702.546287,0.0,0.0,0.001296288013458252
1742233702.548049,0.0,0.0,0.0013317760229110717
1742233702.5498352,0.0,0.0,0.0013447680473327637
1742233702.5516078,0.0,0.0,0.0013318719863891601
1742233702.5543203,0.0,0.0,0.0014582079648971557
1742233702.5561402,0.0,0.0,0.0013512639999389649
1742233702.5579305,0.0,0.0,0.0013582079410552979
1742233702.5596826,0.0,0.0,0.0013163520097732545
1742233702.5614576,0.0,0.0,0.001344159960746765
1742233702.5632396,0.0,0.0,0.0013325120210647583
1742233702.5650218,0.0,0.0,0.0013552000522613526
1742233702.566768,0.0,0.0,0.001317471981048584
1742233702.5684874,0.0,0.0,0.001299615979194641
1742233702.5702543,0.0,0.0,0.001317952036857605
1742233702.5720127,0.0,0.0,0.0013326719999313355
1742233702.5737689,0.0,0.0,0.0013328959941864013
1742233702.5754983,0.0,0.0,0.0012990399599075318
1742233702.5772738,0.0,0.0,0.001347551941871643
1742233702.578999,0.0,0.0,0.0012956160306930543
1742233702.5807657,0.0,0.0,0.0013375680446624757
1742233702.5825179,0.0,0.0,0.0013261760473251344
1742233702.5842443,0.0,0.0,0.0013004800081253052
1742233702.58605,0.0,0.0,0.0013845759630203248
1742233702.5879211,0.0,0.0,0.0014365439414978027
1742233702.5897336,0.0,0.0,0.0013827840089797973
1742233702.5915015,0.0,0.0,0.001335103988647461
1742233702.5932612,0.0,0.0,0.0013379520177841187
1742233702.5950167,0.0,0.0,0.0013233920335769653
1742233702.5967605,0.0,0.0,0.0013224320411682128
1742233702.5985155,0.0,0.0,0.0013202879428863526
1742233702.6002614,0.0,0.0,0.0013099199533462525
1742233702.6020226,0.0,0.0,0.0013398720026016235
1742233702.6037953,0.0,0.0,0.0013349759578704834
1742233702.6056027,0.0,0.0,0.0013675520420074463
1742233702.607375,0.0,0.0,0.0013309119939804077
1742233702.610018,0.0,0.0,0.0014531519412994385
1742233702.611811,0.0,0.0,0.0013436800241470336
1742233702.6136014,0.0,0.0,0.0013609600067138671
1742233702.615378,0.0,0.0,0.001346783995628357
1742233702.6171277,0.0,0.0,0.0013262720108032226
1742233702.6188731,0.0,0.0,0.0013200000524520874
1742233702.6206899,0.0,0.0,0.0013258880376815795
1742233702.622496,0.0,0.0,0.0013390719890594483
1742233702.624237,0.0,0.0,0.001314303994178772
1742233702.6259742,0.0,0.0,0.0013199679851531982
1742233702.6276853,0.0,0.0,0.0012915840148925782
1742233702.6294634,0.0,0.0,0.0013559999465942382
1742233702.631191,0.0,0.0,0.0012972480058670043
1742233702.6330616,0.0,0.0,0.001453119993209839
1742233702.634877,0.0,0.0,0.0013708479404449462
1742233702.6366365,0.0,0.0,0.0013315199613571167
1742233702.6383796,0.0,0.0,0.0012975679636001588
1742233702.640148,0.0,0.0,0.0013278080224990844
1742233702.642046,0.0,0.0,0.0014751039743423461
1742233702.6438308,0.0,0.0,0.0013599679470062255
1742233702.6456118,0.0,0.0,0.0013483200073242188
1742233702.6473618,0.0,0.0,0.0013282239437103272
1742233702.649127,0.0,0.0,0.0013449920415878297
1742233702.6508677,0.0,0.0,0.001313215970993042
1742233702.65264,0.0,0.0,0.001335744023323059
1742233702.6544087,0.0,0.0,0.0013048959970474244
1742233702.6561413,0.0,0.0,0.0013076800107955932
1742233702.6579278,0.0,0.0,0.0013640639781951904
1742233702.6597126,0.0,0.0,0.0013336639404296876
1742233702.6615148,0.0,0.0,0.0013630720376968384
1742233702.6640966,0.0,0.0,0.0021427841186523436
1742233702.6660042,0.0,0.0,0.0014252159595489501
1742233702.6677907,0.0,0.0,0.0013441280126571655
1742233702.6695862,0.0,0.0,0.0013651200532913208
1742233702.6713462,0.0,0.0,0.0013302400112152099
1742233702.673126,0.0,0.0,0.0013557759523391724
1742233702.6748903,0.0,0.0,0.0013318400382995605
1742233702.6766355,0.0,0.0,0.0013252480030059815
1742233702.6783938,0.0,0.0,0.0013057600259780884
1742233702.6801393,0.0,0.0,0.0013275519609451294
1742233702.681921,0.0,0.0,0.0013554879426956176
1742233702.683762,0.0,0.0,0.0014143359661102294
1742233702.6855533,0.0,0.0,0.0013659839630126953
1742233702.6873062,0.0,0.0,0.0013244479894638061
1742233702.6890788,0.0,0.0,0.0013353919982910156
1742233702.690856,0.0,0.0,0.0013462719917297363
1742233702.6925983,0.0,0.0,0.0013200960159301758
1742233702.6943772,0.0,0.0,0.0013263039588928222
1742233702.6961098,0.0,0.0,0.001309888005256653
1742233702.6979918,0.0,0.0,0.0014597760438919067
1742233702.699763,0.0,0.0,0.0013432960510253906
1742233702.7015183,0.0,0.0,0.0013351680040359496
1742233702.7032728,0.0,0.0,0.001325503945350647
1742233702.705037,0.0,0.0,0.0013384640216827393
1742233702.7069008,0.0,0.0,0.001435263991355896
1742233702.7087111,0.0,0.0,0.0013449280261993409
1742233702.710502,0.0,0.0,0.0013525439500808715
1742233702.7122498,0.0,0.0,0.0013210879564285278
1742233702.7140331,0.0,0.0,0.001356160044670105
1742233702.7158241,0.0,0.0,0.0013409279584884644
1742233702.7176156,0.0,0.0,0.001360640048980713
1742233702.7202077,0.0,0.0,0.002149888038635254
1742233702.7220588,0.0,0.0,0.0013842240571975708
1742233702.7238226,0.0,0.0,0.001320896029472351
1742233702.725585,0.0,0.0,0.0013321919441223145
1742233702.727325,0.0,0.0,0.0013081599473953247
1742233702.7290845,0.0,0.0,0.0013303040266036987
1742233702.7308397,0.0,0.0,0.0013268799781799316
1742233702.732582,0.0,0.0,0.0013180480003356933
1742233702.7343726,0.0,0.0,0.001338752031326294
1742233702.7361135,0.0,0.0,0.0013141440153121948
1742233702.7379322,0.0,0.0,0.0013937920331954956
1742233702.739676,0.0,0.0,0.0013132799863815308
1742233702.7414734,0.0,0.0,0.001369055986404419
1742233702.7432108,0.0,0.0,0.0013067840337753296
1742233702.7449734,0.0,0.0,0.0013378560543060303
1742233702.7467103,0.0,0.0,0.0013093760013580323
1742233702.748447,0.0,0.0,0.0013175679445266723
1742233702.7502997,0.0,0.0,0.0014049919843673706
1742233702.7520332,0.0,0.0,0.0013079040050506593
1742233702.753818,0.0,0.0,0.0013604480028152465
1742233702.7555594,0.0,0.0,0.001314303994178772
1742233702.7573361,0.0,0.0,0.0013477760553359986
1742233702.7590933,0.0,0.0,0.0013110719919204711
1742233702.7608724,0.0,0.0,0.0013500159978866576
1742233702.7626338,0.0,0.0,0.0013299839496612549
1742233702.7643557,0.0,0.0,0.0012960640192031861
1742233702.7661405,0.0,0.0,0.001334496021270752
1742233702.7680097,0.0,0.0,0.001441696047782898
1742233702.769831,0.0,0.0,0.0013946880102157593
1742233702.7716095,0.0,0.0,0.0013303359746932983
1742233702.7734041,0.0,0.0,0.0013526079654693603
1742233702.7759795,0.0,0.0,0.0021309759616851805
1742233702.777832,0.0,0.0,0.0013827519416809082
1742233702.7795992,0.0,0.0,0.0013327360153198241
1742233702.7813559,0.0,0.0,0.0013247040510177613
1742233702.7830803,0.0,0.0,0.0012936320304870606
1742233702.7848396,0.0,0.0,0.0013327679634094237
1742233702.7865837,0.0,0.0,0.0013108160495758057
1742233702.7883306,0.0,0.0,0.0013232959508895875
1742233702.7901056,0.0,0.0,0.0013289599418640136
1742233702.7918482,0.0,0.0,0.0013135679960250854
1742233702.7936013,0.0,0.0,0.0013297599554061889
1742233702.7953274,0.0,0.0,0.0012970559597015382
1742233702.7970917,0.0,0.0,0.0013419840335845948
1742233702.7988567,0.0,0.0,0.0013317760229110717
1742233702.8005986,0.0,0.0,0.0013197760581970216
1742233702.802379,0.0,0.0,0.001316640019416809
1742233702.8041246,0.0,0.0,0.0013151040077209472
1742233702.8059146,0.0,0.0,0.0013660160303115845
1742233702.8090537,0.0,0.0,0.002702784061431885
1742233702.810968,0.0,0.0,0.0014145920276641846
1742233702.8128395,0.0,0.0,0.0013941119909286499
1742233702.8146398,0.0,0.0,0.001364192008972168
1742233702.8164124,0.0,0.0,0.001343168020248413
1742233702.8182082,0.0,0.0,0.0013342080116271972
1742233702.8199568,0.0,0.0,0.0013194880485534668
1742233702.8217654,0.0,0.0,0.0013683840036392211
1742233702.823537,0.0,0.0,0.0013325120210647583
1742233702.8253682,0.0,0.0,0.00139628803730011
1742233702.8271482,0.0,0.0,0.001323359966278076
1742233702.8289683,0.0,0.0,0.0013781440258026122
1742233702.8316932,0.0,0.0,0.0022688961029052736
1742233702.833679,0.0,0.0,0.0015174399614334107
1742233702.8355064,0.0,0.0,0.0013855359554290772
1742233702.8372881,0.0,0.0,0.0013487679958343506
1742233702.8390293,0.0,0.0,0.0013097280263900757
1742233702.8408258,0.0,0.0,0.0013679360151290893
1742233702.8425887,0.0,0.0,0.0013216320276260376
1742233702.8443444,0.0,0.0,0.001328320026397705
1742233702.8461225,0.0,0.0,0.0013272320032119752
1742233702.8479843,0.0,0.0,0.0014328639507293702
1742233702.849794,0.0,0.0,0.0013779840469360352
1742233702.8515372,0.0,0.0,0.0013040319681167604
1742233702.853312,0.0,0.0,0.001344480037689209
1742233702.8550866,0.0,0.0,0.0013435519933700563
1742233702.8568485,0.0,0.0,0.0013363200426101684
1742233702.8586183,0.0,0.0,0.001334112048149109
1742233702.8604538,0.0,0.0,0.0014084160327911377
1742233702.862246,0.0,0.0,0.0013437119722366333
1742233702.8639953,0.0,0.0,0.0013213440179824828
1742233702.8657618,0.0,0.0,0.0013390719890594483
1742233702.867543,0.0,0.0,0.0013461439609527587
1742233702.8692904,0.0,0.0,0.0013258559703826903
1742233702.871068,0.0,0.0,0.0013255360126495361
1742233702.8728237,0.0,0.0,0.0013326079845428467
1742233702.874581,0.0,0.0,0.0013278080224990844
1742233702.8763356,0.0,0.0,0.001337056040763855
1742233702.8781118,0.0,0.0,0.0013222719430923463
1742233702.879872,0.0,0.0,0.001335103988647461
1742233702.8816845,0.0,0.0,0.0013685760498046875
1742233702.883458,0.0,0.0,0.0013377920389175415
1742233702.886052,0.0,0.0,0.002159168004989624
1742233702.8879168,0.0,0.0,0.0013834559917449952
1742233702.8897312,0.0,0.0,0.0013766399621963502
1742233702.891512,0.0,0.0,0.001345728039741516
1742233702.8932793,0.0,0.0,0.0013409919738769532
1742233702.8950415,0.0,0.0,0.0013343039751052856
1742233702.8968012,0.0,0.0,0.0013351680040359496
1742233702.8985338,0.0,0.0,0.0013059200048446656
1742233702.9002802,0.0,0.0,0.0013169599771499633
1742233702.902063,0.0,0.0,0.0013600319623947143
1742233702.9037988,0.0,0.0,0.001306656002998352
1742233702.9055955,0.0,0.0,0.0013674240112304687
1742233702.9073203,0.0,0.0,0.0013001600503921508
1742233702.9090607,0.0,0.0,0.0013170559406280517
1742233702.9108207,0.0,0.0,0.0013248000144958495
1742233702.912573,0.0,0.0,0.0013257280588150025
1742233702.9143322,0.0,0.0,0.0013032959699630737
1742233702.916058,0.0,0.0,0.0013097599744796753
1742233702.9178398,0.0,0.0,0.001351680040359497
1742233702.9195867,0.0,0.0,0.0013165119886398315
1742233702.9213583,0.0,0.0,0.001344831943511963
1742233702.9230921,0.0,0.0,0.0013131519556045532
1742233702.9248683,0.0,0.0,0.0013484159708023072
1742233702.9266376,0.0,0.0,0.001334272027015686
1742233702.928493,0.0,0.0,0.0014275200366973878
1742233702.9303298,0.0,0.0,0.001373568058013916
1742233702.9321373,0.0,0.0,0.0013435839414596559
1742233702.9339108,0.0,0.0,0.0013423680067062378
1742233702.9356716,0.0,0.0,0.0013248000144958495
1742233702.9374797,0.0,0.0,0.0013682559728622438
1742233702.9392512,0.0,0.0,0.0013379520177841187
1742233702.9419556,0.0,0.0,0.002265727996826172
1742233702.9438043,0.0,0.0,0.0013660160303115845
1742233702.9455955,0.0,0.0,0.0013507839441299439
1742233702.9473279,0.0,0.0,0.0013022400140762329
1742233702.9491134,0.0,0.0,0.0013613760471343993
1742233702.950851,0.0,0.0,0.0013047679662704468
1742233702.952582,0.0,0.0,0.0013100160360336303
1742233702.954375,0.0,0.0,0.0013422720432281494
1742233702.9561248,0.0,0.0,0.0013208639621734618
1742233702.9578962,0.0,0.0,0.0013455679416656493
1742233702.95964,0.0,0.0,0.0013161280155181885
1742233702.961424,0.0,0.0,0.0013576639890670776
1742233702.9631839,0.0,0.0,0.0013268159627914428
1742233702.9649591,0.0,0.0,0.0013462719917297363
1742233702.9667153,0.0,0.0,0.0013195199966430664
1742233702.9685652,0.0,0.0,0.0014228800535202027
1742233702.9703948,0.0,0.0,0.0013694720268249512
1742233702.9721534,0.0,0.0,0.0013286080360412598
1742233702.973931,0.0,0.0,0.0013564800024032592
1742233702.975701,0.0,0.0,0.0013428159952163696
1742233702.9774542,0.0,0.0,0.0013296960592269899
1742233702.9791987,0.0,0.0,0.0013158080577850343
1742233702.9810653,0.0,0.0,0.0014406399726867676
1742233702.982846,0.0,0.0,0.0013507839441299439
1742233702.9846115,0.0,0.0,0.001339136004447937
1742233702.9863849,0.0,0.0,0.0013166719675064087
1742233702.9881349,0.0,0.0,0.001309440016746521
1742233702.9898887,0.0,0.0,0.0013332799673080444
1742233702.99164,0.0,0.0,0.0013265279531478882
1742233702.9934626,0.0,0.0,0.0013781119585037232
1742233702.9952524,0.0,0.0,0.001348863959312439
1742233702.9979239,0.0,0.0,0.002232800006866455
1742233702.9997547,0.0,0.0,0.0013473600149154664
1742233703.0015662,0.0,0.0,0.0013674559593200683
1742233703.0033288,0.0,0.0,0.0013284480571746826
1742233703.0051248,0.0,0.0,0.0013655359745025635
1742233703.0068855,0.0,0.0,0.001329632043838501
1742233703.0086064,0.0,0.0,0.001294111967086792
1742233703.0104024,0.0,0.0,0.0013371520042419433
1742233703.0121431,0.0,0.0,0.0013116799592971802
1742233703.0139444,0.0,0.0,0.0013722879886627196
1742233703.0156946,0.0,0.0,0.0013107199668884277
1742233703.0174506,0.0,0.0,0.001331455945968628
1742233703.0191703,0.0,0.0,0.001296895980834961
1742233703.0209382,0.0,0.0,0.0013415679931640626
1742233703.0228374,0.0,0.0,0.0014466240406036377
1742233703.0246363,0.0,0.0,0.0013639999628067016
1742233703.0264163,0.0,0.0,0.0013218239545822145
1742233703.0281594,0.0,0.0,0.0013128639459609986
1742233703.0299437,0.0,0.0,0.0013592640161514283
1742233703.0316794,0.0,0.0,0.001311360001564026
1742233703.0334601,0.0,0.0,0.0013486720323562622
1742233703.0352097,0.0,0.0,0.0013195840120315552
1742233703.0369935,0.0,0.0,0.0013609600067138671
1742233703.0387366,0.0,0.0,0.001308992028236389
1742233703.04049,0.0,0.0,0.0013188799619674682
1742233703.0422843,0.0,0.0,0.001336351990699768
1742233703.0440304,0.0,0.0,0.0013149759769439696
1742233703.0458045,0.0,0.0,0.0013554879426956176
1742233703.0475945,0.0,0.0,0.0013507200479507446
1742233703.0494306,0.0,0.0,0.001393280029296875
1742233703.051225,0.0,0.0,0.0013551039695739746
1742233703.0540147,0.0,0.0,0.0014627519845962524
1742233703.0558321,0.0,0.0,0.0013637759685516358
1742233703.0576296,0.0,0.0,0.0013534719944000243
1742233703.059393,0.0,0.0,0.0013279039859771728
1742233703.0612009,0.0,0.0,0.0013760639429092408
1742233703.062971,0.0,0.0,0.0013308479785919189
1742233703.0647507,0.0,0.0,0.0013466880321502685
1742233703.0665295,0.0,0.0,0.0013447680473327637
1742233703.0682645,0.0,0.0,0.0013121600151062012
1742233703.0700321,0.0,0.0,0.0013427200317382812
1742233703.0717585,0.0,0.0,0.0013009920120239259
1742233703.0735302,0.0,0.0,0.0013464640378952027
1742233703.075275,0.0,0.0,0.0013215999603271484
1742233703.0771604,0.0,0.0,0.0014677759408950805
1742233703.0789173,0.0,0.0,0.0013314239978790283
1742233703.0806613,0.0,0.0,0.0013215999603271484
1742233703.0824502,0.0,0.0,0.0013284480571746826
1742233703.0841913,0.0,0.0,0.0013174400329589843
1742233703.0859702,0.0,0.0,0.001356063961982727
1742233703.087723,0.0,0.0,0.0013239359855651855
1742233703.0895116,0.0,0.0,0.001364192008972168
1742233703.0912588,0.0,0.0,0.0013162879943847657
1742233703.0930119,0.0,0.0,0.001330687999725342
1742233703.0947707,0.0,0.0,0.0013304959535598755
1742233703.0965137,0.0,0.0,0.0013147200345993042
1742233703.098296,0.0,0.0,0.001325119972229004
1742233703.100043,0.0,0.0,0.0013204799890518188
1742233703.101849,0.0,0.0,0.0013645440340042114
1742233703.1036422,0.0,0.0,0.0013512320518493652
1742233703.1054242,0.0,0.0,0.0013513280153274537
1742233703.1080177,0.0,0.0,0.0021565759181976316
1742233703.1099308,0.0,0.0,0.0014250559806823731
1742233703.1117175,0.0,0.0,0.0013478399515151978
1742233703.1135032,0.0,0.0,0.0013558720350265504
1742233703.1152701,0.0,0.0,0.0013373440504074097
1742233703.117052,0.0,0.0,0.0013541439771652221
1742233703.1188145,0.0,0.0,0.0013244160413742065
1742233703.1205683,0.0,0.0,0.0013247679471969605
1742233703.1223543,0.0,0.0,0.0013232640027999879
1742233703.1241162,0.0,0.0,0.0013344639539718628
1742233703.1258914,0.0,0.0,0.0013546240329742431
1742233703.1276245,0.0,0.0,0.0013048959970474244
1742233703.129407,0.0,0.0,0.001354688048362732
1742233703.1311493,0.0,0.0,0.001314303994178772
1742233703.1329226,0.0,0.0,0.0013568960428237914
1742233703.1346684,0.0,0.0,0.0013191360235214234
1742233703.1364036,0.0,0.0,0.0013108160495758057
1742233703.1381748,0.0,0.0,0.00132368004322052
1742233703.1399262,0.0,0.0,0.001323359966278076
1742233703.1416867,0.0,0.0,0.001338752031326294
1742233703.14343,0.0,0.0,0.0013170559406280517
1742233703.1451821,0.0,0.0,0.0013280960321426392
1742233703.1469214,0.0,0.0,0.0013052159547805786
1742233703.1486597,0.0,0.0,0.001316640019416809
1742233703.1504135,0.0,0.0,0.0013011519908905029
1742233703.152143,0.0,0.0,0.0013064320087432862
1742233703.1539176,0.0,0.0,0.0013428159952163696
1742233703.1556582,0.0,0.0,0.0013127679824829102
1742233703.1574404,0.0,0.0,0.0013431999683380126
1742233703.159349,0.0,0.0,0.0014686399698257446
1742233703.1611702,0.0,0.0,0.0013923200368881226
1742233703.1637387,0.0,0.0,0.00212556791305542
1742233703.1655939,0.0,0.0,0.0013834559917449952
1742233703.1673691,0.0,0.0,0.0013349119424819946
1742233703.1691582,0.0,0.0,0.001358016014099121
1742233703.1709282,0.0,0.0,0.0013356800079345702
1742233703.172686,0.0,0.0,0.0013329919576644898
1742233703.1744595,0.0,0.0,0.001310304045677185
1742233703.1762104,0.0,0.0,0.0013286080360412598
1742233703.1780107,0.0,0.0,0.0013726400136947633
1742233703.1797643,0.0,0.0,0.0013259199857711792
1742233703.181521,0.0,0.0,0.001331007957458496
1742233703.1832614,0.0,0.0,0.0013082560300827027
1742233703.1851504,0.0,0.0,0.0014626879692077636
1742233703.187015,0.0,0.0,0.0014365760087966918
1742233703.1888144,0.0,0.0,0.001369055986404419
1742233703.1905725,0.0,0.0,0.0013268159627914428
1742233703.192331,0.0,0.0,0.0013256640434265137
1742233703.1940932,0.0,0.0,0.0013122880458831788
1742233703.1958332,0.0,0.0,0.0013075840473175048
1742233703.1976132,0.0,0.0,0.0013591359853744507
1742233703.1993735,0.0,0.0,0.0013246719837188721
1742233703.2011185,0.0,0.0,0.0013187199831008912
1742233703.202849,0.0,0.0,0.0013003840446472168
1742233703.204565,0.0,0.0,0.0012910399436950684
1742233703.2063813,0.0,0.0,0.0013512320518493652
1742233703.20811,0.0,0.0,0.0013059840202331544
1742233703.2099075,0.0,0.0,0.0013674559593200683
1742233703.2116387,0.0,0.0,0.0012990080118179322
1742233703.2134287,0.0,0.0,0.0013610559701919555
1742233703.2152467,0.0,0.0,0.0013650879859924317
1742233703.2170823,0.0,0.0,0.0013694080114364624
1742233703.2196798,0.0,0.0,0.002143712043762207
1742233703.2215233,0.0,0.0,0.001383679986000061
1742233703.223311,0.0,0.0,0.0013499200344085694
1742233703.225105,0.0,0.0,0.0013634239435195922
1742233703.2268672,0.0,0.0,0.001328927993774414
1742233703.2286105,0.0,0.0,0.0013197439908981324
1742233703.2303824,0.0,0.0,0.0013144960403442382
1742233703.232139,0.0,0.0,0.0013266240358352662
1742233703.2339084,0.0,0.0,0.00134060800075531
1742233703.235664,0.0,0.0,0.0013174079656600951
1742233703.237517,0.0,0.0,0.001414463996887207
1742233703.2393217,0.0,0.0,0.0013434560298919678
1742233703.241097,0.0,0.0,0.0013362560272216796
1742233703.2428408,0.0,0.0,0.0013110719919204711
1742233703.2445886,0.0,0.0,0.0013249919414520263
1742233703.2463639,0.0,0.0,0.0013112000226974487
1742233703.2481146,0.0,0.0,0.0013225280046463013
1742233703.249919,0.0,0.0,0.001379040002822876
1742233703.251674,0.0,0.0,0.0013131840229034424
1742233703.2534711,0.0,0.0,0.001372864007949829
1742233703.255227,0.0,0.0,0.0013188799619674682
1742233703.2569828,0.0,0.0,0.0013294399976730346
1742233703.2587113,0.0,0.0,0.00130457603931427
1742233703.2604325,0.0,0.0,0.0012944960594177247
1742233703.262214,0.0,0.0,0.0013347519636154174
1742233703.2639866,0.0,0.0,0.0013366400003433229
1742233703.2658029,0.0,0.0,0.0013860800266265868
1742233703.2675529,0.0,0.0,0.00132150399684906
1742233703.2693665,0.0,0.0,0.0013871359825134277
1742233703.271163,0.0,0.0,0.0013466880321502685
1742233703.2729595,0.0,0.0,0.0013618559837341308
1742233703.2756524,0.0,0.0,0.0022483201026916506
1742233703.277496,0.0,0.0,0.0013800640106201173
1742233703.2792573,0.0,0.0,0.0013253439664840697
1742233703.2810526,0.0,0.0,0.0013587839603424073
1742233703.2828078,0.0,0.0,0.001316831946372986
1742233703.2845707,0.0,0.0,0.0013339840173721314
1742233703.2863636,0.0,0.0,0.0013370879888534547
1742233703.2881095,0.0,0.0,0.0013208320140838622
1742233703.2899065,0.0,0.0,0.0013717440366744994
1742233703.2916903,0.0,0.0,0.0013472319841384888
1742233703.2935784,0.0,0.0,0.001464128017425537
1742233703.2953563,0.0,0.0,0.0013513280153274537
1742233703.2972305,0.0,0.0,0.001447327971458435
1742233703.2989786,0.0,0.0,0.0013271039724349976
1742233703.3007724,0.0,0.0,0.0013619519472122192
1742233703.3025165,0.0,0.0,0.0013171520233154297
1742233703.3042166,0.0,0.0,0.0012796159982681275
1742233703.3060036,0.0,0.0,0.0013610559701919555
1742233703.307738,0.0,0.0,0.0013075519800186156
1742233703.3095255,0.0,0.0,0.0013620480298995972
1742233703.3112886,0.0,0.0,0.0013257280588150025
1742233703.3130448,0.0,0.0,0.0013395199775695801
1742233703.3148098,0.0,0.0,0.0013412480354309082
1742233703.3165703,0.0,0.0,0.0013361920118331908
1742233703.3183782,0.0,0.0,0.001351807951927185
1742233703.3201187,0.0,0.0,0.001309440016746521
1742233703.3218899,0.0,0.0,0.0013475199937820433
1742233703.3236573,0.0,0.0,0.001335584044456482
1742233703.3254519,0.0,0.0,0.0013585920333862305
1742233703.3272471,0.0,0.0,0.0013624000549316406
1742233703.3298123,0.0,0.0,0.0021345601081848146
1742233703.3316917,0.0,0.0,0.0013913919925689698
1742233703.3334768,0.0,0.0,0.001346176028251648
1742233703.335228,0.0,0.0,0.0013153280019760133
1742233703.3370192,0.0,0.0,0.0013587199449539185
1742233703.3387816,0.0,0.0,0.001330016016960144
1742233703.3406436,0.0,0.0,0.0014333759546279908
1742233703.3424702,0.0,0.0,0.0013600000143051147
1742233703.3442256,0.0,0.0,0.0013217600584030152
1742233703.346016,0.0,0.0,0.001367776036262512
1742233703.347785,0.0,0.0,0.0013415999412536622
1742233703.3495882,0.0,0.0,0.001371999979019165
1742233703.3513288,0.0,0.0,0.001310752034187317
1742233703.3530939,0.0,0.0,0.0013454400300979615
1742233703.3548498,0.0,0.0,0.0013272320032119752
1742233703.3566034,0.0,0.0,0.0013255360126495361
1742233703.3583934,0.0,0.0,0.0013345279693603516
1742233703.3601205,0.0,0.0,0.001304800033569336
1742233703.3619084,0.0,0.0,0.001363968014717102
1742233703.3636677,0.0,0.0,0.0013339519500732422
1742233703.365421,0.0,0.0,0.0013333120346069335
1742233703.3671615,0.0,0.0,0.0013202240467071534
1742233703.3689306,0.0,0.0,0.0013494720458984374
1742233703.3706734,0.0,0.0,0.001315935969352722
1742233703.3723888,0.0,0.0,0.0012903679609298706
1742233703.374195,0.0,0.0,0.0013529280424118043
1742233703.3759441,0.0,0.0,0.0013142720460891724
1742233703.377716,0.0,0.0,0.0013496960401535034
1742233703.3794718,0.0,0.0,0.0013263360261917114
1742233703.3812873,0.0,0.0,0.0013815040588378907
1742233703.383052,0.0,0.0,0.0013303680419921875
1742233703.3858123,0.0,0.0,0.0023295679092407225
1742233703.3876884,0.0,0.0,0.0013973120450973511
1742233703.3895233,0.0,0.0,0.0013944959640502929
1742233703.3912864,0.0,0.0,0.0013224639892578125
1742233703.3930876,0.0,0.0,0.00136518394947052
1742233703.3948414,0.0,0.0,0.0013225280046463013
1742233703.396584,0.0,0.0,0.0013189120292663573
1742233703.3983965,0.0,0.0,0.0013544000387191773
1742233703.40015,0.0,0.0,0.0013298879861831665
1742233703.4020708,0.0,0.0,0.0014947520494461059
1742233703.4038606,0.0,0.0,0.001359776020050049
1742233703.4056232,0.0,0.0,0.001334272027015686
1742233703.4073613,0.0,0.0,0.0013153280019760133
1742233703.409135,0.0,0.0,0.0013480639457702636
1742233703.4108872,0.0,0.0,0.0013234879970550537
1742233703.4126203,0.0,0.0,0.001305184006690979
1742233703.4143827,0.0,0.0,0.0013101760149002075
1742233703.4161072,0.0,0.0,0.0013027520179748535
1742233703.41786,0.0,0.0,0.0013304640054702759
1742233703.4196177,0.0,0.0,0.0013220160007476806
1742233703.4213455,0.0,0.0,0.0013040000200271607
1742233703.4230742,0.0,0.0,0.0013010560274124147
1742233703.4248223,0.0,0.0,0.0013256319761276246
1742233703.426575,0.0,0.0,0.0013137600421905518
1742233703.4283319,0.0,0.0,0.001331168055534363
1742233703.430104,0.0,0.0,0.0013135679960250854
1742233703.4318361,0.0,0.0,0.001303231954574585
1742233703.433605,0.0,0.0,0.0013398720026016235
1742233703.4353697,0.0,0.0,0.0013264960050582886
1742233703.437163,0.0,0.0,0.0013520959615707397
1742233703.438938,0.0,0.0,0.0013314239978790283
1742233703.4415941,0.0,0.0,0.0022168641090393065
1742233703.443423,0.0,0.0,0.0013596800565719605
1742233703.4452193,0.0,0.0,0.0013551679849624634
1742233703.4469936,0.0,0.0,0.0013347840309143066
1742233703.4487634,0.0,0.0,0.0013380800485610963
1742233703.4505117,0.0,0.0,0.0013190079927444458
1742233703.452249,0.0,0.0,0.0013035199642181397
1742233703.454031,0.0,0.0,0.0013585920333862305
1742233703.455876,0.0,0.0,0.0014156800508499144
1742233703.457671,0.0,0.0,0.0013663680553436279
1742233703.4594269,0.0,0.0,0.0013182719945907593
1742233703.461183,0.0,0.0,0.0013300800323486329
1742233703.4629264,0.0,0.0,0.001308127999305725
1742233703.464663,0.0,0.0,0.001313088059425354
1742233703.4664586,0.0,0.0,0.0013332799673080444
1742233703.4681802,0.0,0.0,0.0013030719757080077
1742233703.469937,0.0,0.0,0.0013401919603347778
1742233703.4716723,0.0,0.0,0.0013142080307006836
1742233703.4734664,0.0,0.0,0.0013697279691696168
1742233703.4752154,0.0,0.0,0.0013232959508895875
1742233703.4769702,0.0,0.0,0.0013343039751052856
1742233703.4787197,0.0,0.0,0.0013270399570465088
1742233703.480472,0.0,0.0,0.001325600028038025
1742233703.4822512,0.0,0.0,0.0013260799646377564
1742233703.4840004,0.0,0.0,0.0013248640298843383
1742233703.4857824,0.0,0.0,0.0013528000116348267
1742233703.4875226,0.0,0.0,0.0013053120374679566
1742233703.489286,0.0,0.0,0.0013356800079345702
1742233703.4910686,0.0,0.0,0.0013517119884490967
1742233703.492851,0.0,0.0,0.0013379839658737183
1742233703.494684,0.0,0.0,0.0013489279747009278
1742233703.497283,0.0,0.0,0.002153088092803955
1742233703.499112,0.0,0.0,0.0013552639484405518
1742233703.5009222,0.0,0.0,0.001369920015335083
1742233703.502689,0.0,0.0,0.0013272320032119752
1742233703.5044408,0.0,0.0,0.001319551944732666
1742233703.506232,0.0,0.0,0.001345631957054138
1742233703.5079787,0.0,0.0,0.001312000036239624
1742233703.5098739,0.0,0.0,0.0014651839733123779
1742233703.5116417,0.0,0.0,0.0013410240411758424
1742233703.5134177,0.0,0.0,0.0013434560298919678
1742233703.5152123,0.0,0.0,0.0013223040103912355
1742233703.5169785,0.0,0.0,0.0013391679525375365
1742233703.518727,0.0,0.0,0.001323359966278076
1742233703.5204759,0.0,0.0,0.0013229440450668335
1742233703.5222445,0.0,0.0,0.0013133440017700196
1742233703.5239954,0.0,0.0,0.0013181120157241821
1742233703.5257623,0.0,0.0,0.0013399360179901123
1742233703.5275078,0.0,0.0,0.0013186240196228027
1742233703.5292745,0.0,0.0,0.0013403199911117554
1742233703.5310283,0.0,0.0,0.0013324799537658691
1742233703.532801,0.0,0.0,0.0013478080034255982
1742233703.5345666,0.0,0.0,0.0013342399597167968
1742233703.5363243,0.0,0.0,0.0013336000442504884
1742233703.5380912,0.0,0.0,0.0013191360235214234
1742233703.5398257,0.0,0.0,0.0013071039915084838
1742233703.5416217,0.0,0.0,0.0013657280206680299
1742233703.5434701,0.0,0.0,0.001415231943130493
1742233703.5453527,0.0,0.0,0.0014536639451980591
1742233703.5471733,0.0,0.0,0.0013740799427032471
1742233703.548983,0.0,0.0,0.0013630080223083496
1742233703.551574,0.0,0.0,0.0013568639755249024
1742233703.553533,0.0,0.0,0.001457919955253601
1742233703.5553048,0.0,0.0,0.0013301759958267213
1742233703.557061,0.0,0.0,0.001327679991722107
1742233703.5588238,0.0,0.0,0.0013379199504852295
1742233703.5605476,0.0,0.0,0.001306496024131775
1742233703.5623438,0.0,0.0,0.0013309119939804077
1742233703.5640805,0.0,0.0,0.001313696026802063
1742233703.5658762,0.0,0.0,0.0013671040534973145
1742233703.5675976,0.0,0.0,0.0012960959672927857
1742233703.5693874,0.0,0.0,0.0013658560514450073
1742233703.5711174,0.0,0.0,0.0013125760555267334
1742233703.5728528,0.0,0.0,0.001313472032546997
1742233703.5745962,0.0,0.0,0.0013178559541702271
1742233703.5763357,0.0,0.0,0.0013188480138778688
1742233703.5781007,0.0,0.0,0.0013203200101852418
1742233703.57986,0.0,0.0,0.001329311966896057
1742233703.581623,0.0,0.0,0.0013399039506912232
1742233703.583362,0.0,0.0,0.0013114559650421144
1742233703.585133,0.0,0.0,0.0013416639566421508
1742233703.586847,0.0,0.0,0.0012883520126342773
1742233703.5886,0.0,0.0,0.001329792022705078
1742233703.5903778,0.0,0.0,0.0013226879835128785
1742233703.5920913,0.0,0.0,0.0012936960458755492
1742233703.5938926,0.0,0.0,0.0013809280395507813
1742233703.5956287,0.0,0.0,0.0013091520071029663
1742233703.5975235,0.0,0.0,0.0014678399562835693
1742233703.5993142,0.0,0.0,0.0013566720485687256
1742233703.6010993,0.0,0.0,0.0013536959886550903
1742233703.6028996,0.0,0.0,0.001352352023124695
1742233703.6046412,0.0,0.0,0.0013084800243377684
1742233703.6072311,0.0,0.0,0.0021317760944366453
1742233703.6091065,0.0,0.0,0.0013991999626159668
1742233703.610889,0.0,0.0,0.0013363840579986572
1742233703.612672,0.0,0.0,0.001355072021484375
1742233703.6144485,0.0,0.0,0.0013200000524520874
1742233703.6162183,0.0,0.0,0.0013487679958343506
1742233703.6181226,0.0,0.0,0.0014723520278930665
1742233703.619881,0.0,0.0,0.0013314239978790283
1742233703.6216602,0.0,0.0,0.0013556159734725952
1742233703.6233912,0.0,0.0,0.0013082239627838135
1742233703.6251104,0.0,0.0,0.0012984960079193116
1742233703.6268413,0.0,0.0,0.0013080639839172362
1742233703.6285822,0.0,0.0,0.0013151359558105469
1742233703.6303728,0.0,0.0,0.0013409919738769532
1742233703.6321163,0.0,0.0,0.0013207039833068848
1742233703.6338828,0.0,0.0,0.0013468480110168457
1742233703.6356328,0.0,0.0,0.0013253439664840697
1742233703.6374974,0.0,0.0,0.0014360640048980712
1742233703.6393464,0.0,0.0,0.0014263360500335694
1742233703.641132,0.0,0.0,0.0013651200532913208
1742233703.642859,0.0,0.0,0.0013022079467773437
1742233703.644585,0.0,0.0,0.0013042240142822265
1742233703.6463487,0.0,0.0,0.0013241920471191407
1742233703.6480684,0.0,0.0,0.0012985919713974
1742233703.649829,0.0,0.0,0.0013378880023956299
1742233703.651578,0.0,0.0,0.0013248319625854491
1742233703.653358,0.0,0.0,0.0013572800159454346
1742233703.6551023,0.0,0.0,0.0013157440423965455
1742233703.656865,0.0,0.0,0.0013369920253753663
1742233703.6586757,0.0,0.0,0.001364351987838745
1742233703.6604285,0.0,0.0,0.0013175359964370727
1742233703.6630576,0.0,0.0,0.0021654400825500486
1742233703.6649334,0.0,0.0,0.0013993279933929444
1742233703.66671,0.0,0.0,0.0013344320058822632
1742233703.6684616,0.0,0.0,0.0013189760446548461
1742233703.6702204,0.0,0.0,0.0013116799592971802
1742233703.6719432,0.0,0.0,0.0013047360181808472
1742233703.6737204,0.0,0.0,0.001356063961982727
1742233703.6754506,0.0,0.0,0.0013069440126419068
1742233703.6772256,0.0,0.0,0.001332159996032715
1742233703.6789768,0.0,0.0,0.0013230719566345215
1742233703.6807315,0.0,0.0,0.001317312002182007
1742233703.682463,0.0,0.0,0.0013058559894561768
1742233703.6841702,0.0,0.0,0.0012881920337677003
1742233703.685925,0.0,0.0,0.0013340480327606202
1742233703.6876554,0.0,0.0,0.001307520031929016
1742233703.68942,0.0,0.0,0.0013412480354309082
1742233703.691141,0.0,0.0,0.001295359969139099
1742233703.6929133,0.0,0.0,0.0013447999954223633
1742233703.6946576,0.0,0.0,0.0013180160522460937
1742233703.696409,0.0,0.0,0.0013237760066986085
1742233703.6982048,0.0,0.0,0.0013513920307159425
1742233703.700071,0.0,0.0,0.0014355520009994506
1742233703.7019987,0.0,0.0,0.0014947520494461059
1742233703.7037673,0.0,0.0,0.0013373119831085205
1742233703.7056768,0.0,0.0,0.0014791359901428222
1742233703.7074373,0.0,0.0,0.0013318079710006713
1742233703.7092118,0.0,0.0,0.0013478080034255982
1742233703.7109869,0.0,0.0,0.001342560052871704
1742233703.7128582,0.0,0.0,0.0014470080137252807
1742233703.7146542,0.0,0.0,0.0013516479730606079
1742233703.716429,0.0,0.0,0.0013389439582824707
1742233703.7190452,0.0,0.0,0.0021515200138092043
1742233703.7208571,0.0,0.0,0.0013482240438461304
1742233703.7226236,0.0,0.0,0.0013278720378875732
1742233703.7243822,0.0,0.0,0.0013260799646377564
