time,in_time,out_time,inference_time
1785290127.5366518,0.0,0.0,0.0006202880144119263
1785290127.5377665,0.0,0.0,0.0006240000128746033
1785290127.5388818,0.0,0.0,0.0006214079856872558
1785290127.5400193,0.0,0.0,0.0006530560255050659
1785290127.5411255,0.0,0.0,0.0006180480122566223
1785290127.5422366,0.0,0.0,0.0006248319745063782
1785290127.5433877,0.0,0.0,0.0006616320013999939
1785290127.544512,0.0,0.0,0.0006347519755363464
1785290127.5456264,0.0,0.0,0.0006236479878425598
1785290127.5467296,0.0,0.0,0.0006197440028190613
1785290127.5478592,0.0,0.0,0.0006407679915428162
1785290127.5489633,0.0,0.0,0.0006119040250778198
1785290127.5500677,0.0,0.0,0.0006167359948158264
1785290127.551173,0.0,0.0,0.0006218240261077881
1785290127.552268,0.0,0.0,0.0006064959764480591
1785290127.5533636,0.0,0.0,0.0005982400178909302
1785290127.5544667,0.0,0.0,0.0006166719794273377
1785290127.555585,0.0,0.0,0.0006304320096969605
1785290127.5566704,0.0,0.0,0.0006014080047607421
1785290127.55776,0.0,0.0,0.0006034560203552246
1785290127.5588546,0.0,0.0,0.0006119679808616639
1785290127.5600932,0.0,0.0,0.0007382400035858154
1785290127.5611897,0.0,0.0,0.0006090880036354065
1785290127.5622954,0.0,0.0,0.0006203839778900147
1785290127.5633955,0.0,0.0,0.0006155840158462524
1785290127.5644813,0.0,0.0,0.0005976639986038209
1785290127.5655951,0.0,0.0,0.0006305279731750489
1785290127.5666955,0.0,0.0,0.0006152960062026977
1785290127.5678508,0.0,0.0,0.0006696320176124573
1785290127.5689414,0.0,0.0,0.0006025919914245606
1785290127.570037,0.0,0.0,0.0006070719957351684
1785290127.5711472,0.0,0.0,0.0006192960143089294
1785290127.5722506,0.0,0.0,0.0006165440082550049
1785290127.573341,0.0,0.0,0.0006095359921455383
1785290127.5744307,0.0,0.0,0.0006063359975814819
1785290127.5755472,0.0,0.0,0.0006353600025177002
1785290127.5766327,0.0,0.0,0.0006009920239448547
1785290127.5777276,0.0,0.0,0.0006120319962501525
1785290127.578803,0.0,0.0,0.0005869759917259216
1785290127.5799296,0.0,0.0,0.0006464639902114868
1785290127.581027,0.0,0.0,0.0006093760132789612
1785290127.582122,0.0,0.0,0.0006123520135879517
1785290127.583231,0.0,0.0,0.0006192960143089294
1785290127.5843441,0.0,0.0,0.0006272320151329041
1785290127.5854335,0.0,0.0,0.0006059520244598389
1785290127.5865588,0.0,0.0,0.0006019200086593628
1785290127.5876997,0.0,0.0,0.0006491199731826782
1785290127.5888128,0.0,0.0,0.000622111976146698
1785290127.589914,0.0,0.0,0.0006150720119476318
1785290127.5910203,0.0,0.0,0.0006193600296974183
1785290127.5930848,0.0,0.0,0.000587552011013031
1785290127.5941985,0.0,0.0,0.0006206079721450806
1785290127.5953348,0.0,0.0,0.0006490880250930786
1785290127.5964391,0.0,0.0,0.0006177279949188232
1785290127.5975242,0.0,0.0,0.000599839985370636
1785290127.5985959,0.0,0.0,0.0005873600244522095
1785290127.599685,0.0,0.0,0.0006062399744987488
1785290127.600772,0.0,0.0,0.0005981760025024414
1785290127.601853,0.0,0.0,0.0005996800065040588
1785290127.6029403,0.0,0.0,0.0006011840105056762
1785290127.6040616,0.0,0.0,0.0006175360083580017
1785290127.6051662,0.0,0.0,0.0006207039952278137
1785290127.6062486,0.0,0.0,0.0005984960198402405
1785290127.607348,0.0,0.0,0.0006177279949188232
1785290127.6084454,0.0,0.0,0.0006099519729614258
1785290127.6095278,0.0,0.0,0.0005948479771614075
1785290127.610622,0.0,0.0,0.0006086400151252746
1785290127.6117253,0.0,0.0,0.0006178879737854004
1785290127.612811,0.0,0.0,0.0006009920239448547
1785290127.613894,0.0,0.0,0.0005996159911155701
1785290127.6149979,0.0,0.0,0.000617247998714447
1785290127.6161146,0.0,0.0,0.0006096320152282715
1785290127.6172082,0.0,0.0,0.0006083840131759643
1785290127.6182942,0.0,0.0,0.0006008639931678772
1785290127.6193905,0.0,0.0,0.0006124160289764405
1785290127.6204667,0.0,0.0,0.0005949440002441407
1785290127.6215503,0.0,0.0,0.0005993599891662598
1785290127.6226337,0.0,0.0,0.0005956159830093384
1785290127.6237395,0.0,0.0,0.0006180480122566223
1785290127.6248524,0.0,0.0,0.0006220800280570984
1785290127.6259332,0.0,0.0,0.0005922880172729492
1785290127.6270225,0.0,0.0,0.0005993919968605042
1785290127.628137,0.0,0.0,0.0006097599864006043
1785290127.629217,0.0,0.0,0.0005943679809570313
1785290127.6302948,0.0,0.0,0.00059334397315979
1785290127.6313932,0.0,0.0,0.0006147519946098327
1785290127.6324604,0.0,0.0,0.0005893440246582031
1785290127.633561,0.0,0.0,0.0006171519756317139
1785290127.634642,0.0,0.0,0.0005989440083503723
1785290127.6357515,0.0,0.0,0.0006186559796333313
1785290127.6368396,0.0,0.0,0.0006035199761390686
1785290127.6379356,0.0,0.0,0.0006097279787063599
1785290127.6390257,0.0,0.0,0.0006064640283584595
1785290127.640162,0.0,0.0,0.0006105279922485351
1785290127.6412604,0.0,0.0,0.0006069440245628357
1785290127.6423542,0.0,0.0,0.0005882239937782288
1785290127.6434681,0.0,0.0,0.0006213439702987671
1785290127.6445627,0.0,0.0,0.0006011840105056762
1785290127.6456442,0.0,0.0,0.0005980160236358643
1785290127.6467505,0.0,0.0,0.0006219199895858764
1785290127.6486948,0.0,0.0,0.0005921279788017273
1785290127.6498253,0.0,0.0,0.0006393600106239319
1785290127.650926,0.0,0.0,0.0006160320043563843
1785290127.6520374,0.0,0.0,0.0006251199841499328
1785290127.6531081,0.0,0.0,0.0005903040170669555
1785290127.6542,0.0,0.0,0.000609824001789093
1785290127.6553388,0.0,0.0,0.000652288019657135
1785290127.6564355,0.0,0.0,0.0006112319827079773
1785290127.6575315,0.0,0.0,0.0006091840267181397
1785290127.6586084,0.0,0.0,0.0005853760242462158
1785290127.6597216,0.0,0.0,0.0006278719902038574
1785290127.6608088,0.0,0.0,0.0005943040251731872
1785290127.6619,0.0,0.0,0.0006082239747047424
1785290127.662993,0.0,0.0,0.0006097919940948486
1785290127.6641173,0.0,0.0,0.0006154239773750306
1785290127.665205,0.0,0.0,0.0006043840050697326
1785290127.6662805,0.0,0.0,0.0005925440192222595
1785290127.6673863,0.0,0.0,0.0006194239854812622
1785290127.668474,0.0,0.0,0.000594111979007721
1785290127.6695516,0.0,0.0,0.0005913919806480408
1785290127.6706412,0.0,0.0,0.0006064959764480591
1785290127.671741,0.0,0.0,0.000615552008152008
1785290127.6728137,0.0,0.0,0.0005891839861869812
1785290127.673878,0.0,0.0,0.0005812479853630066
1785290127.6749656,0.0,0.0,0.0006003519892692566
1785290127.676077,0.0,0.0,0.0006031039953231812
1785290127.6771553,0.0,0.0,0.0005922240018844605
1785290127.6782372,0.0,0.0,0.0005952320098876953
1785290127.679343,0.0,0.0,0.0006192960143089294
1785290127.6804447,0.0,0.0,0.0006065919995307922
1785290127.6815255,0.0,0.0,0.0005963839888572693
1785290127.6825988,0.0,0.0,0.0005882239937782288
1785290127.6837046,0.0,0.0,0.0006202560067176819
1785290127.684803,0.0,0.0,0.000612671971321106
1785290127.685898,0.0,0.0,0.0006085759997367858
1785290127.6870139,0.0,0.0,0.0006213759779930115
1785290127.6881344,0.0,0.0,0.0006150720119476318
1785290127.6892135,0.0,0.0,0.0005947520136833191
1785290127.6902957,0.0,0.0,0.0005964800119400024
1785290127.6913936,0.0,0.0,0.0006122239828109742
1785290127.6924906,0.0,0.0,0.0006064959764480591
1785290127.6935828,0.0,0.0,0.0006059839725494385
1785290127.694676,0.0,0.0,0.0006084799766540528
1785290127.6957853,0.0,0.0,0.0006274240016937256
1785290127.6968744,0.0,0.0,0.0006027839779853821
1785290127.6979659,0.0,0.0,0.0005605120062828064
1785290127.6990821,0.0,0.0,0.0006186879873275756
1785290127.7002034,0.0,0.0,0.0006060479879379273
1785290127.7013052,0.0,0.0,0.000611840009689331
1785290127.7023964,0.0,0.0,0.0005991039872169495
1785290127.7043853,0.0,0.0,0.0006939839720726014
1785290127.7055023,0.0,0.0,0.0006297600269317627
1785290127.7065911,0.0,0.0,0.0006057599782943726
1785290127.7076929,0.0,0.0,0.0006195200085639954
1785290127.7087812,0.0,0.0,0.0006031360030174255
1785290127.7098587,0.0,0.0,0.0005967680215835571
1785290127.7109463,0.0,0.0,0.000597823977470398
1785290127.7120697,0.0,0.0,0.0006149759888648986
1785290127.713173,0.0,0.0,0.000614080011844635
1785290127.7142603,0.0,0.0,0.0006024960279464722
1785290127.7153594,0.0,0.0,0.0006159999966621399
1785290127.7164478,0.0,0.0,0.0006005439758300781
1785290127.7175188,0.0,0.0,0.0005854399800300598
1785290127.718595,0.0,0.0,0.0005947840213775635
1785290127.7196972,0.0,0.0,0.0006181439757347107
1785290127.7207778,0.0,0.0,0.0005937920212745666
1785290127.7218654,0.0,0.0,0.0006021760106086731
1785290127.7229395,0.0,0.0,0.0005905280113220214
1785290127.7240517,0.0,0.0,0.0006087039709091187
1785290127.7251368,0.0,0.0,0.0005921599864959717
1785290127.7262166,0.0,0.0,0.0005941439867019654
1785290127.7273288,0.0,0.0,0.0006263359785079957
1785290127.7284143,0.0,0.0,0.0005928639769554138
1785290127.7295008,0.0,0.0,0.0005963839888572693
1785290127.730573,0.0,0.0,0.0005809919834136963
1785290127.7316725,0.0,0.0,0.0006195200085639954
1785290127.7327423,0.0,0.0,0.0005840319991111756
1785290127.7338157,0.0,0.0,0.0005896639823913574
1785290127.7348926,0.0,0.0,0.0005936639904975891
1785290127.7359812,0.0,0.0,0.0006063039898872376
1785290127.7370577,0.0,0.0,0.0005925760269165039
1785290127.7381434,0.0,0.0,0.0006011199951171875
1785290127.7392375,0.0,0.0,0.0006093440055847168
1785290127.7403197,0.0,0.0,0.0005943999886512757
1785290127.7413971,0.0,0.0,0.0005999680161476135
1785290127.742475,0.0,0.0,0.0005940799713134766
1785290127.7435782,0.0,0.0,0.0006206079721450806
1785290127.7446582,0.0,0.0,0.0005860159993171692
1785290127.7457416,0.0,0.0,0.0005936639904975891
1785290127.7468176,0.0,0.0,0.0005873919725418091
1785290127.7479234,0.0,0.0,0.0006191999912261962
1785290127.7489934,0.0,0.0,0.0005839359760284424
1785290127.7500792,0.0,0.0,0.0006010559797286987
1785290127.7511773,0.0,0.0,0.0006124160289764405
1785290127.7522569,0.0,0.0,0.0005890240073204041
1785290127.7533517,0.0,0.0,0.0004937280118465423
1785290127.7544649,0.0,0.0,0.0006251839995384216
1785290127.7555907,0.0,0.0,0.0006376000046730042
1785290127.7566833,0.0,0.0,0.0006034240126609802
1785290127.757781,0.0,0.0,0.0006116160154342651
1785290127.7596145,0.0,0.0,0.0005129920244216919
1785290127.760747,0.0,0.0,0.0006268479824066162
1785290127.7618475,0.0,0.0,0.0006093760132789612
1785290127.7629452,0.0,0.0,0.0006113280057907104
1785290127.7640595,0.0,0.0,0.0006082559823989868
1785290127.7651598,0.0,0.0,0.0006127359867095948
1785290127.76624,0.0,0.0,0.0005911039710044861
1785290127.7673323,0.0,0.0,0.0006100159883499146
1785290127.768413,0.0,0.0,0.000590943992137909
1785290127.7695017,0.0,0.0,0.0006047040224075317
1785290127.7705693,0.0,0.0,0.0005841919779777527
1785290127.771656,0.0,0.0,0.0006042879819869995
1785290127.7727327,0.0,0.0,0.0005931519865989685
1785290127.773811,0.0,0.0,0.0005960000157356262
1785290127.7748797,0.0,0.0,0.0005856639742851257
1785290127.7759748,0.0,0.0,0.000615455985069275
1785290127.777053,0.0,0.0,0.0005928959846496582
1785290127.7781334,0.0,0.0,0.0005932480096817016
1785290127.7792327,0.0,0.0,0.0006149119734764099
1785290127.7803156,0.0,0.0,0.000596448004245758
1785290127.7814033,0.0,0.0,0.0006022080183029175
1785290127.7824864,0.0,0.0,0.0006039360165596008
1785290127.7835953,0.0,0.0,0.0006165120005607605
1785290127.7846832,0.0,0.0,0.0005963199734687805
1785290127.7857604,0.0,0.0,0.0005967040061950683
1785290127.7868373,0.0,0.0,0.0005935680270195007
1785290127.787954,0.0,0.0,0.0006350719928741455
1785290127.789049,0.0,0.0,0.0006085439920425416
1785290127.7901225,0.0,0.0,0.0005812159776687622
1785290127.7912266,0.0,0.0,0.0006174399852752686
1785290127.7923176,0.0,0.0,0.0006028479933738709
1785290127.7934175,0.0,0.0,0.000606112003326416
1785290127.7944982,0.0,0.0,0.0005960320234298706
1785290127.795608,0.0,0.0,0.0006194239854812622
1785290127.796694,0.0,0.0,0.0005963839888572693
1785290127.7977726,0.0,0.0,0.0005964159965515137
1785290127.7988515,0.0,0.0,0.0005943679809570313
1785290127.799963,0.0,0.0,0.0006288319826126098
1785290127.8010535,0.0,0.0,0.0006078400015830993
1785290127.8021283,0.0,0.0,0.0005954239964485169
1785290127.8032272,0.0,0.0,0.000615455985069275
1785290127.8043275,0.0,0.0,0.0006135680079460144
1785290127.8054068,0.0,0.0,0.0005963839888572693
1785290127.8064978,0.0,0.0,0.0006091840267181397
1785290127.807598,0.0,0.0,0.0006206719875335693
1785290127.8086832,0.0,0.0,0.0006015679836273194
1785290127.8097816,0.0,0.0,0.0006073920130729675
1785290127.8108883,0.0,0.0,0.0006162880063056946
1785290127.8120046,0.0,0.0,0.0006270719766616822
1785290127.8130848,0.0,0.0,0.0005960639715194702
1785290127.814858,0.0,0.0,0.0005828800201416015
1785290127.8160079,0.0,0.0,0.0006601279973983765
1785290127.8171163,0.0,0.0,0.0006154879927635192
1785290127.818196,0.0,0.0,0.0005944960117340088
1785290127.8193014,0.0,0.0,0.0006226239800453187
1785290127.8203926,0.0,0.0,0.0006069759726524353
1785290127.8214915,0.0,0.0,0.0006105920076370239
1785290127.8225944,0.0,0.0,0.0006140480041503906
1785290127.8237112,0.0,0.0,0.0006251519918441772
1785290127.8247976,0.0,0.0,0.0006027200222015381
1785290127.8258862,0.0,0.0,0.0006017280220985413
1785290127.826968,0.0,0.0,0.000598367989063263
1785290127.8280833,0.0,0.0,0.0006083840131759643
1785290127.829182,0.0,0.0,0.0006063680052757263
1785290127.8302553,0.0,0.0,0.0005908480286598205
1785290127.8313577,0.0,0.0,0.0006165120005607605
1785290127.832434,0.0,0.0,0.0005903040170669555
1785290127.8335218,0.0,0.0,0.0006014080047607421
1785290127.8345973,0.0,0.0,0.000591264009475708
1785290127.8357112,0.0,0.0,0.0006219199895858764
1785290127.836787,0.0,0.0,0.0005932480096817016
1785290127.8378594,0.0,0.0,0.0005888640284538269
1785290127.8389225,0.0,0.0,0.0005822399854660034
1785290127.8400378,0.0,0.0,0.0006152319908142089
1785290127.8411202,0.0,0.0,0.0005974400043487548
1785290127.8422017,0.0,0.0,0.0006014400124549865
1785290127.8433065,0.0,0.0,0.0006217280030250549
1785290127.8443806,0.0,0.0,0.0005898879766464233
1785290127.845456,0.0,0.0,0.0005925440192222595
1785290127.8465168,0.0,0.0,0.0005778880119323731
1785290127.8476138,0.0,0.0,0.0006121600270271301
1785290127.8487008,0.0,0.0,0.0006056320071220398
1785290127.8497741,0.0,0.0,0.0005847679972648621
1785290127.85085,0.0,0.0,0.0005888000130653381
1785290127.851952,0.0,0.0,0.000620639979839325
1785290127.8530266,0.0,0.0,0.0005923200249671936
1785290127.854125,0.0,0.0,0.000611295998096466
1785290127.8552327,0.0,0.0,0.0006214399933815002
1785290127.8563163,0.0,0.0,0.0006011199951171875
1785290127.857394,0.0,0.0,0.0005916479825973511
1785290127.858471,0.0,0.0,0.000589631974697113
1785290127.859572,0.0,0.0,0.0006119040250778198
1785290127.8606484,0.0,0.0,0.00058924800157547
1785290127.8617785,0.0,0.0,0.0006419839859008789
1785290127.8628924,0.0,0.0,0.0006223679780960083
1785290127.8640337,0.0,0.0,0.0006512640118598938
1785290127.865125,0.0,0.0,0.0006025279760360718
1785290127.8662255,0.0,0.0,0.0006138240098953247
1785290127.8673542,0.0,0.0,0.0006261759996414184
1785290127.8684714,0.0,0.0,0.0006214720010757446
1785290127.8703375,0.0,0.0,0.0005932160019874573
1785290127.8714879,0.0,0.0,0.0006596159934997559
1785290127.8725953,0.0,0.0,0.0006178240180015564
1785290127.8736844,0.0,0.0,0.000605184018611908
1785290127.8747768,0.0,0.0,0.0006085119843482972
1785290127.875892,0.0,0.0,0.0006280320286750794
1785290127.8769696,0.0,0.0,0.0005941759943962098
1785290127.8780394,0.0,0.0,0.0005885760188102722
1785290127.8791454,0.0,0.0,0.0006206719875335693
1785290127.8802423,0.0,0.0,0.0006023359894752503
1785290127.881325,0.0,0.0,0.0005963839888572693
1785290127.8824184,0.0,0.0,0.0006106560230255127
1785290127.8835087,0.0,0.0,0.0006055999994277954
1785290127.8845751,0.0,0.0,0.0005839359760284424
1785290127.8856592,0.0,0.0,0.000601472020149231
1785290127.886736,0.0,0.0,0.0005943679809570313
1785290127.887854,0.0,0.0,0.0006311360001564026
1785290127.8889365,0.0,0.0,0.0005971199870109558
1785290127.8900046,0.0,0.0,0.0005802559852600098
1785290127.891073,0.0,0.0,0.0005861439704895019
1785290127.892198,0.0,0.0,0.0006120960116386413
1785290127.893277,0.0,0.0,0.0005963839888572693
1785290127.8943632,0.0,0.0,0.0005984640121459961
1785290127.8954654,0.0,0.0,0.0006162239909172058
1785290127.8967948,0.0,0.0,0.0007427200078964233
1785290127.8978937,0.0,0.0,0.0006079360246658325
1785290127.8989916,0.0,0.0,0.0006097919940948486
1785290127.9001238,0.0,0.0,0.0006260799765586854
1785290127.9012072,0.0,0.0,0.0005986239910125733
1785290127.902288,0.0,0.0,0.0005948479771614075
1785290127.9033911,0.0,0.0,0.0006183040142059326
1785290127.9044757,0.0,0.0,0.0006005439758300781
1785290127.905577,0.0,0.0,0.0006127039790153504
1785290127.9066668,0.0,0.0,0.0006046720147132873
1785290127.9077728,0.0,0.0,0.0006206079721450806
1785290127.9088573,0.0,0.0,0.0005985919833183289
1785290127.909948,0.0,0.0,0.0005995839834213257
1785290127.9110293,0.0,0.0,0.0005953279733657837
1785290127.9121237,0.0,0.0,0.0005902720093727111
1785290127.9132085,0.0,0.0,0.0006040639877319336
1785290127.9142826,0.0,0.0,0.0005911999940872193
1785290127.9153924,0.0,0.0,0.0006243199706077576
1785290127.9164898,0.0,0.0,0.0006101120114326477
1785290127.9175715,0.0,0.0,0.0005978879928588868
1785290127.9186625,0.0,0.0,0.0005956159830093384
1785290127.919785,0.0,0.0,0.0005957760214805603
1785290127.9209085,0.0,0.0,0.0006322879791259765
1785290127.922005,0.0,0.0,0.0006090880036354065
1785290127.9231086,0.0,0.0,0.0006022400259971619
1785290127.9241946,0.0,0.0,0.0006032959818840027
1785290127.9259763,0.0,0.0,0.0005820800065994263
1785290127.9270775,0.0,0.0,0.0006113920211791992
1785290127.928189,0.0,0.0,0.0006032000184059143
1785290127.9292874,0.0,0.0,0.0006058239936828614
1785290127.9303625,0.0,0.0,0.0005935999751091003
1785290127.931466,0.0,0.0,0.0006207680106163025
1785290127.9325619,0.0,0.0,0.0006118720173835754
1785290127.9336395,0.0,0.0,0.0005956159830093384
1785290127.9347215,0.0,0.0,0.0006000000238418579
1785290127.9358284,0.0,0.0,0.0006233279705047608
1785290127.936917,0.0,0.0,0.0006005439758300781
1785290127.9380057,0.0,0.0,0.0006018239855766297
1785290127.939115,0.0,0.0,0.0006054720282554627
1785290127.9402103,0.0,0.0,0.0006071680188179016
1785290127.9413059,0.0,0.0,0.0006122239828109742
1785290127.9423826,0.0,0.0,0.0005948479771614075
1785290127.9435015,0.0,0.0,0.0006344000101089478
1785290127.9445887,0.0,0.0,0.0005989760160446167
1785290127.9456599,0.0,0.0,0.0005858880281448364
1785290127.9467356,0.0,0.0,0.0005920000076293945
1785290127.9478395,0.0,0.0,0.0006199359893798828
1785290127.9488974,0.0,0.0,0.0005770879983901978
1785290127.949973,0.0,0.0,0.0005961599946022034
1785290127.9510624,0.0,0.0,0.0006091200113296509
1785290127.9521937,0.0,0.0,0.0006208320260047913
1785290127.95328,0.0,0.0,0.0005988799929618836
1785290127.9543624,0.0,0.0,0.0005995200276374817
1785290127.9554656,0.0,0.0,0.0006186879873275756
1785290127.9565606,0.0,0.0,0.0006056960225105286
1785290127.95764,0.0,0.0,0.000595200002193451
1785290127.9587262,0.0,0.0,0.0005993279814720154
1785290127.9598453,0.0,0.0,0.000635424017906189
1785290127.9609344,0.0,0.0,0.0006021760106086731
1785290127.9620283,0.0,0.0,0.000610368013381958
1785290127.963125,0.0,0.0,0.0005946239829063416
1785290127.964217,0.0,0.0,0.0006048960089683532
1785290127.965311,0.0,0.0,0.0006028479933738709
1785290127.9663978,0.0,0.0,0.000605184018611908
1785290127.9675136,0.0,0.0,0.0006308799982070923
1785290127.9686093,0.0,0.0,0.0006093119978904724
1785290127.969706,0.0,0.0,0.0006032639741897583
1785290127.970786,0.0,0.0,0.0005964159965515137
1785290127.9719012,0.0,0.0,0.0006304640173912049
1785290127.9729738,0.0,0.0,0.0005884479880332947
1785290127.974053,0.0,0.0,0.0005957760214805603
1785290127.9751587,0.0,0.0,0.0005121279954910279
1785290127.9762514,0.0,0.0,0.0006010559797286987
1785290127.9773583,0.0,0.0,0.0006179199814796448
1785290127.9784489,0.0,0.0,0.0006037759780883789
1785290127.980239,0.0,0.0,0.0006312639713287354
1785290127.981406,0.0,0.0,0.000658079981803894
1785290127.9825306,0.0,0.0,0.0006198719739913941
1785290127.9836674,0.0,0.0,0.0006476479768753051
1785290127.9847667,0.0,0.0,0.0006141759753227234
1785290127.9858544,0.0,0.0,0.0006034240126609802
1785290127.9869518,0.0,0.0,0.0006143680214881897
1785290127.9880736,0.0,0.0,0.0006167680025100708
1785290127.9891558,0.0,0.0,0.0005963839888572693
1785290127.9902265,0.0,0.0,0.0005872640013694764
1785290127.9913335,0.0,0.0,0.000625760018825531
1785290127.99242,0.0,0.0,0.000601248025894165
1785290127.993493,0.0,0.0,0.000591488003730774
1785290127.994571,0.0,0.0,0.000597536027431488
1785290127.995668,0.0,0.0,0.0006167680025100708
1785290127.9967413,0.0,0.0,0.0005882239937782288
1785290127.997834,0.0,0.0,0.0006082879900932312
1785290127.998918,0.0,0.0,0.0006041280031204223
1785290128.0000155,0.0,0.0,0.0006125119924545288
1785290128.0010896,0.0,0.0,0.0005922240018844605
1785290128.0021687,0.0,0.0,0.0005973439812660217
1785290128.003282,0.0,0.0,0.0006308159828186035
1785290128.004372,0.0,0.0,0.0006030399799346924
1785290128.0054536,0.0,0.0,0.0005990399718284607
1785290128.0065286,0.0,0.0,0.0005974400043487548
1785290128.0076144,0.0,0.0,0.0006103360056877136
1785290128.0087056,0.0,0.0,0.0006010239720344543
1785290128.009793,0.0,0.0,0.0006023359894752503
1785290128.0108662,0.0,0.0,0.000593887984752655
1785290128.0119622,0.0,0.0,0.0006136320233345032
1785290128.0130463,0.0,0.0,0.0005987200140953064
1785290128.0141184,0.0,0.0,0.0005863360166549682
1785290128.015218,0.0,0.0,0.0006155840158462524
1785290128.0163038,0.0,0.0,0.0005989440083503723
1785290128.017378,0.0,0.0,0.0005875200033187867
1785290128.0184588,0.0,0.0,0.0005939199924468994
1785290128.0195665,0.0,0.0,0.0006216639876365661
1785290128.020653,0.0,0.0,0.0006043199896812439
1785290128.0217276,0.0,0.0,0.0005882239937782288
1785290128.0228019,0.0,0.0,0.0005952960252761841
1785290128.023911,0.0,0.0,0.0006262400150299072
1785290128.0250118,0.0,0.0,0.0006151360273361206
1785290128.0260904,0.0,0.0,0.000591871976852417
1785290128.027174,0.0,0.0,0.0006008319854736328
1785290128.0282736,0.0,0.0,0.0006123840212821961
1785290128.0293458,0.0,0.0,0.0005879999995231629
1785290128.0304313,0.0,0.0,0.0005015040040016175
1785290128.0315716,0.0,0.0,0.0006493120193481445
1785290128.0326679,0.0,0.0,0.0006108160018920898
1785290128.0337605,0.0,0.0,0.0006082559823989868
1785290128.0348556,0.0,0.0,0.0006136320233345032
1785290128.036647,0.0,0.0,0.0004742720127105713
1785290128.0377479,0.0,0.0,0.0006063039898872376
1785290128.038839,0.0,0.0,0.0006010879874229431
1785290128.0399694,0.0,0.0,0.0006432960033416748
1785290128.0410516,0.0,0.0,0.0005991359949111939
1785290128.042133,0.0,0.0,0.0006009600162506103
1785290128.0432453,0.0,0.0,0.0006256639957427978
1785290128.0444021,0.0,0.0,0.0006211199760437012
1785290128.0454867,0.0,0.0,0.0005994880199432373
1785290128.0465586,0.0,0.0,0.000590175986289978
1785290128.0476725,0.0,0.0,0.0006271679997444153
1785290128.048749,0.0,0.0,0.0005939840078353881
1785290128.049833,0.0,0.0,0.00059552001953125
1785290128.0508983,0.0,0.0,0.00058406400680542
1785290128.0519927,0.0,0.0,0.000615455985069275
1785290128.0530648,0.0,0.0,0.0005853120088577271
1785290128.0541525,0.0,0.0,0.0006015679836273194
1785290128.0552466,0.0,0.0,0.0006135039925575256
1785290128.056334,0.0,0.0,0.0006026560068130493
1785290128.0574188,0.0,0.0,0.0005996479988098145
1785290128.0585089,0.0,0.0,0.0006055999994277954
1785290128.0596137,0.0,0.0,0.0006224640011787414
1785290128.0606997,0.0,0.0,0.000603488028049469
1785290128.0617967,0.0,0.0,0.0006142719984054565
1785290128.0628672,0.0,0.0,0.0005901439785957336
1785290128.0639677,0.0,0.0,0.0006188799738883972
1785290128.0650506,0.0,0.0,0.0005994560122489929
1785290128.066124,0.0,0.0,0.0005920640230178833
1785290128.067216,0.0,0.0,0.0006055039763450623
1785290128.068333,0.0,0.0,0.0006279039978981018
1785290128.0694184,0.0,0.0,0.0005996479988098145
1785290128.0705168,0.0,0.0,0.0006158720254898072
1785290128.0716236,0.0,0.0,0.0006248319745063782
1785290128.072714,0.0,0.0,0.0005952320098876953
1785290128.073791,0.0,0.0,0.0005911679863929749
1785290128.074871,0.0,0.0,0.0005906559824943543
1785290128.0759814,0.0,0.0,0.0006221439838409423
1785290128.0770643,0.0,0.0,0.0005988799929618836
1785290128.0781481,0.0,0.0,0.0006021760106086731
1785290128.0792556,0.0,0.0,0.000622816026210785
1785290128.0803561,0.0,0.0,0.000610368013381958
1785290128.0814362,0.0,0.0,0.0005977600216865539
1785290128.082538,0.0,0.0,0.0006159679889678955
1785290128.0836456,0.0,0.0,0.0006210240125656128
1785290128.0847363,0.0,0.0,0.0006073279976844787
1785290128.0858176,0.0,0.0,0.0005982400178909302
1785290128.0869093,0.0,0.0,0.0006005120277404785
1785290128.088039,0.0,0.0,0.0006415680050849915
1785290128.0891356,0.0,0.0,0.0006017280220985413
1785290128.0902226,0.0,0.0,0.0005994560122489929
1785290128.091986,0.0,0.0,0.0006120960116386413
1785290128.0931027,0.0,0.0,0.0006234880089759827
1785290128.0941978,0.0,0.0,0.0006104959845542908
1785290128.0953119,0.0,0.0,0.000630079984664917
1785290128.096402,0.0,0.0,0.0006013439893722535
1785290128.097458,0.0,0.0,0.000576479971408844
1785290128.0985346,0.0,0.0,0.0005999040007591247
1785290128.0996482,0.0,0.0,0.0006250560283660889
1785290128.1007402,0.0,0.0,0.0006061760187149048
1785290128.1018047,0.0,0.0,0.0005824959874153137
1785290128.1029003,0.0,0.0,0.0005971519947052002
1785290128.1040108,0.0,0.0,0.000626143991947174
1785290128.1050906,0.0,0.0,0.0005950400233268738
1785290128.1061637,0.0,0.0,0.0005928000211715698
1785290128.107266,0.0,0.0,0.0006197119951248169
1785290128.1083546,0.0,0.0,0.0006074560284614563
1785290128.1094394,0.0,0.0,0.0005963199734687805
1785290128.110519,0.0,0.0,0.0005944960117340088
1785290128.1116126,0.0,0.0,0.0006104320287704468
1785290128.1127121,0.0,0.0,0.0006173440217971802
1785290128.1137974,0.0,0.0,0.0006005439758300781
1785290128.1148663,0.0,0.0,0.0005837439894676209
1785290128.1159625,0.0,0.0,0.0006141440272331238
1785290128.1170547,0.0,0.0,0.0006057599782943726
1785290128.1181345,0.0,0.0,0.0005973439812660217
1785290128.1192417,0.0,0.0,0.0006173440217971802
1785290128.120326,0.0,0.0,0.0005979840159416198
1785290128.1213977,0.0,0.0,0.0005879039764404297
1785290128.1224756,0.0,0.0,0.0005937600135803222
1785290128.123576,0.0,0.0,0.0006175680160522461
1785290128.1246612,0.0,0.0,0.0005982080101966858
1785290128.1257405,0.0,0.0,0.0005947840213775635
1785290128.126837,0.0,0.0,0.0006128960251808167
1785290128.1279402,0.0,0.0,0.0006183040142059326
1785290128.129018,0.0,0.0,0.0005930560231208801
1785290128.1301045,0.0,0.0,0.0005999360084533691
1785290128.1311896,0.0,0.0,0.0006010879874229431
1785290128.132283,0.0,0.0,0.0006064000129699707
1785290128.1333635,0.0,0.0,0.0005961599946022034
1785290128.1344395,0.0,0.0,0.0005906879901885987
1785290128.1355426,0.0,0.0,0.0006223999857902526
1785290128.136635,0.0,0.0,0.0006055359840393067
1785290128.137723,0.0,0.0,0.0006021119952201844
1785290128.138807,0.0,0.0,0.0006014080047607421
1785290128.139925,0.0,0.0,0.0006308159828186035
1785290128.141026,0.0,0.0,0.0006096640229225159
1785290128.142118,0.0,0.0,0.0006027519702911377
1785290128.143201,0.0,0.0,0.000599776029586792
1785290128.1443126,0.0,0.0,0.0006094719767570496
1785290128.1454065,0.0,0.0,0.0006093119978904724
1785290128.1471748,0.0,0.0,0.0006120319962501525
1785290128.148291,0.0,0.0,0.0006263999938964844
1785290128.1493833,0.0,0.0,0.0006077759861946106
1785290128.1504786,0.0,0.0,0.0006096320152282715
1785290128.1516044,0.0,0.0,0.0006433920264244079
1785290128.15269,0.0,0.0,0.0006055039763450623
1785290128.1537697,0.0,0.0,0.0005939199924468994
1785290128.15485,0.0,0.0,0.0005962240099906921
1785290128.1559727,0.0,0.0,0.0006404799818992614
1785290128.157056,0.0,0.0,0.000597599983215332
1785290128.1581373,0.0,0.0,0.0005958719849586487
1785290128.1592226,0.0,0.0,0.0006048640012741088
1785290128.1603222,0.0,0.0,0.000610912024974823
1785290128.1613998,0.0,0.0,0.000596448004245758
1785290128.1624787,0.0,0.0,0.0005956479907035828
1785290128.1635764,0.0,0.0,0.0006188160181045532
1785290128.164669,0.0,0.0,0.0006067839860916138
1785290128.1657503,0.0,0.0,0.0005988159775733948
1785290128.166853,0.0,0.0,0.0006193600296974183
1785290128.1679516,0.0,0.0,0.0006166080236434937
1785290128.1690302,0.0,0.0,0.0006006079912185669
1785290128.1701229,0.0,0.0,0.0006102079749107361
1785290128.171225,0.0,0.0,0.0006208000183105469
1785290128.1722977,0.0,0.0,0.000587552011013031
1785290128.1733909,0.0,0.0,0.0006085439920425416
1785290128.174455,0.0,0.0,0.0005825920104980469
1785290128.175551,0.0,0.0,0.0006097919940948486
1785290128.17664,0.0,0.0,0.0005991680026054382
1785290128.1777122,0.0,0.0,0.000592415988445282
1785290128.178786,0.0,0.0,0.0005904319882392883
1785290128.1798954,0.0,0.0,0.0006212800145149231
1785290128.1809635,0.0,0.0,0.000584384024143219
1785290128.1820512,0.0,0.0,0.0005740159749984741
1785290128.1831503,0.0,0.0,0.0006136000156402588
1785290128.1842403,0.0,0.0,0.0006005120277404785
1785290128.185332,0.0,0.0,0.0006058880090713501
1785290128.1864038,0.0,0.0,0.0005888320207595825
1785290128.1874955,0.0,0.0,0.0006103360056877136
1785290128.1885846,0.0,0.0,0.0006037759780883789
1785290128.1896584,0.0,0.0,0.000587552011013031
1785290128.190741,0.0,0.0,0.0005998719930648804
1785290128.1918638,0.0,0.0,0.0006375359892845154
1785290128.1929312,0.0,0.0,0.000583840012550354
1785290128.1940353,0.0,0.0,0.0005941439867019654
1785290128.195135,0.0,0.0,0.0006100800037384033
1785290128.1962345,0.0,0.0,0.0006116480231285095
1785290128.197319,0.0,0.0,0.0005992000102996826
1785290128.1983972,0.0,0.0,0.0005941439867019654
1785290128.1995192,0.0,0.0,0.0006392319798469543
1785290128.200614,0.0,0.0,0.0006074879765510559
1785290128.2023718,0.0,0.0,0.0006021440029144287
1785290128.2034883,0.0,0.0,0.0006268799901008606
1785290128.2045834,0.0,0.0,0.0006083520054817199
1785290128.2056696,0.0,0.0,0.0006027839779853821
1785290128.2067566,0.0,0.0,0.0006024960279464722
1785290128.2078614,0.0,0.0,0.0006215360164642334
1785290128.2089581,0.0,0.0,0.0006057599782943726
1785290128.2100444,0.0,0.0,0.0006000000238418579
1785290128.211143,0.0,0.0,0.0006075199842453003
1785290128.212223,0.0,0.0,0.0005942400097846984
1785290128.2133088,0.0,0.0,0.0005994880199432373
1785290128.2143998,0.0,0.0,0.0006087359786033631
1785290128.2155058,0.0,0.0,0.0006275839805603027
1785290128.2165868,0.0,0.0,0.0005945280194282532
1785290128.2176683,0.0,0.0,0.0005970240235328674
1785290128.2187533,0.0,0.0,0.0005995839834213257
1785290128.2198699,0.0,0.0,0.0006351360082626343
1785290128.2209375,0.0,0.0,0.0005833920240402221
1785290128.222007,0.0,0.0,0.0005829439759254455
1785290128.223086,0.0,0.0,0.0005910080075263977
1785290128.224201,0.0,0.0,0.0006108160018920898
1785290128.2252827,0.0,0.0,0.0005986239910125733
1785290128.2263567,0.0,0.0,0.0005948160290718079
1785290128.227453,0.0,0.0,0.0006120960116386413
1785290128.2285588,0.0,0.0,0.0006229439973831177
1785290128.2296448,0.0,0.0,0.0005994240045547485
1785290128.2307334,0.0,0.0,0.0006048640012741088
1785290128.2318347,0.0,0.0,0.0006184319853782653
1785290128.232919,0.0,0.0,0.000603488028049469
1785290128.2339988,0.0,0.0,0.00060207998752594
1785290128.23506,0.0,0.0,0.0005765759944915772
1785290128.2361748,0.0,0.0,0.0006113920211791992
1785290128.2372587,0.0,0.0,0.0006012799739837647
1785290128.2383351,0.0,0.0,0.0005931519865989685
1785290128.2394414,0.0,0.0,0.0006203520298004151
1785290128.2405286,0.0,0.0,0.0006010879874229431
1785290128.2416067,0.0,0.0,0.0005942080020904542
1785290128.2426903,0.0,0.0,0.0006005439758300781
1785290128.2438025,0.0,0.0,0.0006266559958457947
1785290128.244887,0.0,0.0,0.0005980799794197083
1785290128.2459674,0.0,0.0,0.0005936959981918335
1785290128.247057,0.0,0.0,0.0006036480069160461
1785290128.2481656,0.0,0.0,0.0006027839779853821
1785290128.2492456,0.0,0.0,0.000594655990600586
1785290128.2503324,0.0,0.0,0.0006022080183029175
1785290128.251433,0.0,0.0,0.000614080011844635
1785290128.2525246,0.0,0.0,0.0006031680107116699
1785290128.2536294,0.0,0.0,0.0006136639714241028
1785290128.254714,0.0,0.0,0.0005973759889602661
1785290128.255826,0.0,0.0,0.0006238080263137818
1785290128.2579598,0.0,0.0,0.0016441919803619385
1785290128.2591333,0.0,0.0,0.0007696639895439148
1785290128.2602322,0.0,0.0,0.0007194240093231202
1785290128.261323,0.0,0.0,0.0007234879732131958
1785290128.2624028,0.0,0.0,0.0007122240066528321
1785290128.2635162,0.0,0.0,0.0007463679909706116
1785290128.2645936,0.0,0.0,0.0007155839800834656
1785290128.2656844,0.0,0.0,0.0007215039730072021
1785290128.26675,0.0,0.0,0.0007039359807968139
1785290128.2678554,0.0,0.0,0.0007226880192756652
1785290128.2689474,0.0,0.0,0.0007237120270729065
1785290128.2700298,0.0,0.0,0.0007112640142440796
1785290128.2711582,0.0,0.0,0.0007304959893226624
1785290128.2722628,0.0,0.0,0.0007292479872703552
1785290128.2733479,0.0,0.0,0.0007182719707489013
1785290128.2744331,0.0,0.0,0.0007195519804954529
1785290128.2755432,0.0,0.0,0.0007461119890213013
1785290128.276643,0.0,0.0,0.0007320960164070129
1785290128.2777224,0.0,0.0,0.0007097280025482178
1785290128.2788162,0.0,0.0,0.0007273920178413391
1785290128.2799406,0.0,0.0,0.0007227839827537537
1785290128.2810287,0.0,0.0,0.0007194560170173645
1785290128.2820919,0.0,0.0,0.0007035520076751709
1785290128.2832115,0.0,0.0,0.000733568012714386
1785290128.2842937,0.0,0.0,0.000713375985622406
1785290128.2853594,0.0,0.0,0.0006987519860267639
1785290128.2864518,0.0,0.0,0.0007264959812164307
1785290128.2875736,0.0,0.0,0.0007595199942588806
1785290128.2886384,0.0,0.0,0.0007040320038795471
1785290128.2897193,0.0,0.0,0.000725600004196167
1785290128.2908018,0.0,0.0,0.0007167999744415283
1785290128.2919137,0.0,0.0,0.0007264639735221863
1785290128.293015,0.0,0.0,0.0007271360158920288
1785290128.2940927,0.0,0.0,0.0007048959732055664
1785290128.2951815,0.0,0.0,0.000727840006351471
1785290128.2962606,0.0,0.0,0.0007141119837760925
1785290128.2973278,0.0,0.0,0.0007060480117797852
1785290128.2984004,0.0,0.0,0.0007126079797744751
1785290128.2994902,0.0,0.0,0.0007257279753684997
1785290128.3005776,0.0,0.0,0.0007202879786491394
1785290128.3016489,0.0,0.0,0.0007125120162963868
1785290128.3027236,0.0,0.0,0.0007187520265579223
1785290128.3038583,0.0,0.0,0.0007706239819526672
1785290128.3049507,0.0,0.0,0.0007210239768028259
1785290128.306023,0.0,0.0,0.0007086079716682434
1785290128.307128,0.0,0.0,0.0007234240174293518
1785290128.3082273,0.0,0.0,0.0007196159958839417
1785290128.3093224,0.0,0.0,0.0007258560061454773
1785290128.3104098,0.0,0.0,0.0007248960137367248
1785290128.3122025,0.0,0.0,0.0014290239810943605
1785290128.3133645,0.0,0.0,0.0007629439830780029
1785290128.314469,0.0,0.0,0.0007361279726028442
1785290128.315599,0.0,0.0,0.0007600319981575012
1785290128.3166723,0.0,0.0,0.0007059199810028076
1785290128.3177605,0.0,0.0,0.0007266560196876526
1785290128.3188553,0.0,0.0,0.0007255359888076782
1785290128.3199527,0.0,0.0,0.0007157120108604432
1785290128.3210323,0.0,0.0,0.0007206720113754273
1785290128.3221104,0.0,0.0,0.0007169280052185059
1785290128.3231902,0.0,0.0,0.0007255359888076782
1785290128.3242733,0.0,0.0,0.0007125759720802307
1785290128.3253348,0.0,0.0,0.0007008000016212463
1785290128.3264132,0.0,0.0,0.0007151039838790893
1785290128.3275187,0.0,0.0,0.0007388160228729248
1785290128.3286018,0.0,0.0,0.0007232319712638855
1785290128.3296888,0.0,0.0,0.0007187520265579223
1785290128.3307788,0.0,0.0,0.0007247359752655029
1785290128.3318803,0.0,0.0,0.0007190719842910767
1785290128.3329678,0.0,0.0,0.0007209280133247376
1785290128.334056,0.0,0.0,0.0007211199998855591
1785290128.3351583,0.0,0.0,0.0007381759881973267
1785290128.3362527,0.0,0.0,0.0007261120080947876
1785290128.3373282,0.0,0.0,0.0007073280215263367
1785290128.3384013,0.0,0.0,0.0007109439969062805
1785290128.3394976,0.0,0.0,0.0007305920124053955
1785290128.3405704,0.0,0.0,0.0007051519751548767
1785290128.3416388,0.0,0.0,0.0007117440104484558
1785290128.342703,0.0,0.0,0.000705568015575409
1785290128.3438063,0.0,0.0,0.0007444159984588623
1785290128.3449018,0.0,0.0,0.0007307519912719727
1785290128.3459742,0.0,0.0,0.0007130560278892517
1785290128.3470447,0.0,0.0,0.0007080640196800232
1785290128.348139,0.0,0.0,0.0007111039757728576
1785290128.3492076,0.0,0.0,0.0007080320119857788
1785290128.350288,0.0,0.0,0.0007185279726982116
1785290128.351387,0.0,0.0,0.0007329919934272766
1785290128.3524806,0.0,0.0,0.0007277759909629822
1785290128.3535724,0.0,0.0,0.00071670401096344
1785290128.3546362,0.0,0.0,0.0007041599750518798
1785290128.355731,0.0,0.0,0.0007282879948616028
1785290128.3568208,0.0,0.0,0.0007196480035781861
1785290128.3578954,0.0,0.0,0.0007113280296325683
1785290128.3589883,0.0,0.0,0.0007241920232772827
1785290128.3601,0.0,0.0,0.0007271999716758728
1785290128.3611703,0.0,0.0,0.0007055040001869202
1785290128.3622572,0.0,0.0,0.0007228800058364869
1785290128.3633788,0.0,0.0,0.000747871994972229
1785290128.3644805,0.0,0.0,0.0007274879813194275
1785290128.3655655,0.0,0.0,0.0007164480090141297
1785290128.3666658,0.0,0.0,0.0007228800058364869
1785290128.3685331,0.0,0.0,0.0007542719841003418
1785290128.3696525,0.0,0.0,0.0007437120079994201
1785290128.3707395,0.0,0.0,0.0007190719842910767
1785290128.3718548,0.0,0.0,0.0007544320225715637
1785290128.3729403,0.0,0.0,0.0007154880166053772
1785290128.3740294,0.0,0.0,0.0007269440293312073
1785290128.3751357,0.0,0.0,0.0007121599912643433
1785290128.376226,0.0,0.0,0.0007192000150680543
1785290128.3772995,0.0,0.0,0.0007148799896240234
1785290128.3783898,0.0,0.0,0.0007268800139427185
1785290128.37949,0.0,0.0,0.0007305279970169068
1785290128.3805964,0.0,0.0,0.0007288320064544678
1785290128.3816886,0.0,0.0,0.00072816002368927
1785290128.3827724,0.0,0.0,0.0007173119783401489
1785290128.3838725,0.0,0.0,0.0007121279835700989
1785290128.3849401,0.0,0.0,0.0007028480172157288
1785290128.3860118,0.0,0.0,0.0007083839774131775
1785290128.387111,0.0,0.0,0.0007187520265579223
1785290128.3882098,0.0,0.0,0.0007294399738311767
1785290128.389288,0.0,0.0,0.0007161920070648194
1785290128.3903692,0.0,0.0,0.0007204480171203613
1785290128.3914676,0.0,0.0,0.0007345600128173828
1785290128.3925607,0.0,0.0,0.0007227839827537537
1785290128.3936343,0.0,0.0,0.0007064319849014282
1785290128.3947153,0.0,0.0,0.0007145919799804687
1785290128.3958035,0.0,0.0,0.0007245759963989258
1785290128.396886,0.0,0.0,0.0007137920260429382
1785290128.3979533,0.0,0.0,0.0007008640170097351
1785290128.399037,0.0,0.0,0.0007199040055274964
1785290128.400137,0.0,0.0,0.000716543972492218
1785290128.401216,0.0,0.0,0.0007158399820327759
1785290128.4023087,0.0,0.0,0.0007287039756774902
1785290128.4034073,0.0,0.0,0.000735040009021759
1785290128.4044902,0.0,0.0,0.0007143679857254028
1785290128.405588,0.0,0.0,0.0007260479927062988
1785290128.4066696,0.0,0.0,0.000720416009426117
1785290128.4077806,0.0,0.0,0.0007466560006141662
1785290128.4088771,0.0,0.0,0.0007251520156860351
1785290128.4099574,0.0,0.0,0.00071670401096344
1785290128.4110324,0.0,0.0,0.0007119359970092773
1785290128.4121358,0.0,0.0,0.0007151679992675781
1785290128.4132218,0.0,0.0,0.0007232000231742859
1785290128.4143217,0.0,0.0,0.0007275519967079163
1785290128.4154186,0.0,0.0,0.0007354879975318909
1785290128.4165137,0.0,0.0,0.0007189120054244995
1785290128.4176037,0.0,0.0,0.000722656011581421
1785290128.4186943,0.0,0.0,0.0007214720249176025
1785290128.4198117,0.0,0.0,0.000749888002872467
1785290128.420891,0.0,0.0,0.0007103679776191711
1785290128.422622,0.0,0.0,0.0013650879859924317
1785290128.4237807,0.0,0.0,0.0007667840123176575
1785290128.424879,0.0,0.0,0.0007331839799880981
1785290128.4259708,0.0,0.0,0.0007264320254325866
1785290128.427044,0.0,0.0,0.0007100160121917725
1785290128.4281626,0.0,0.0,0.0007323200106620788
1785290128.4292603,0.0,0.0,0.000731328010559082
1785290128.4303513,0.0,0.0,0.0007232000231742859
1785290128.4314735,0.0,0.0,0.0007575680017471313
1785290128.4325323,0.0,0.0,0.0006951040029525757
1785290128.4336054,0.0,0.0,0.0007068480253219604
1785290128.4346747,0.0,0.0,0.0007056000232696534
1785290128.4357865,0.0,0.0,0.0007491199970245361
1785290128.4368553,0.0,0.0,0.0007036479711532593
1785290128.4379346,0.0,0.0,0.0007211520075798035
1785290128.4390242,0.0,0.0,0.0007205119729042053
1785290128.4401264,0.0,0.0,0.0007143999934196472
1785290128.441188,0.0,0.0,0.0006997759938240051
1785290128.4422598,0.0,0.0,0.0007165759801864624
1785290128.4433818,0.0,0.0,0.0007461439967155456
1785290128.4444642,0.0,0.0,0.0007100800275802612
1785290128.4455442,0.0,0.0,0.0007200000286102295
1785290128.4466426,0.0,0.0,0.0007341439723968506
1785290128.4477446,0.0,0.0,0.0007401279807090759
1785290128.448838,0.0,0.0,0.0007268480062484742
1785290128.449918,0.0,0.0,0.000714464008808136
1785290128.4509947,0.0,0.0,0.0007131199836730957
1785290128.4521205,0.0,0.0,0.0007326719760894775
1785290128.4532068,0.0,0.0,0.0007243840098381043
1785290128.4542863,0.0,0.0,0.0007136960029602051
1785290128.4553902,0.0,0.0,0.0007418879866600037
1785290128.4564576,0.0,0.0,0.0007081919908523559
1785290128.4575083,0.0,0.0,0.000693664014339447
1785290128.4585884,0.0,0.0,0.0007163199782371521
1785290128.4596908,0.0,0.0,0.000739359974861145
1785290128.4607668,0.0,0.0,0.0007142400145530701
1785290128.4618504,0.0,0.0,0.000714303970336914
1785290128.4629197,0.0,0.0,0.0007098879814147949
1785290128.4640281,0.0,0.0,0.0007200959920883179
1785290128.465101,0.0,0.0,0.0007065920233726502
1785290128.4661894,0.0,0.0,0.0007220799922943115
1785290128.4672835,0.0,0.0,0.0007340800166130066
1785290128.4683733,0.0,0.0,0.0007229440212249755
1785290128.4694495,0.0,0.0,0.0007132480144500733
1785290128.470524,0.0,0.0,0.0007108799815177917
1785290128.471614,0.0,0.0,0.0007225919961929321
1785290128.4727168,0.0,0.0,0.0007350080013275147
1785290128.473792,0.0,0.0,0.0007060480117797852
1785290128.4748766,0.0,0.0,0.0007239999771118164
1785290128.475989,0.0,0.0,0.0007280640006065369
1785290128.4777899,0.0,0.0,0.0007272319793701172
1785290128.4789958,0.0,0.0,0.0007701119780540466
1785290128.480121,0.0,0.0,0.0007284160256385803
1785290128.4812212,0.0,0.0,0.0007329279780387878
1785290128.4823096,0.0,0.0,0.0007243520021438599
1785290128.4834094,0.0,0.0,0.0007346879839897156
1785290128.4845068,0.0,0.0,0.0007295039892196655
1785290128.4855945,0.0,0.0,0.0007178239822387695
1785290128.4866698,0.0,0.0,0.0007147200107574463
1785290128.4877656,0.0,0.0,0.0007371199727058411
1785290128.4888434,0.0,0.0,0.0007118399739265441
1785290128.489916,0.0,0.0,0.0007138559818267822
1785290128.4910328,0.0,0.0,0.0007252159714698791
1785290128.4921427,0.0,0.0,0.000714464008808136
1785290128.4932141,0.0,0.0,0.0007081599831581115
1785290128.4942844,0.0,0.0,0.0007138879895210266
1785290128.4953995,0.0,0.0,0.0007534719705581665
1785290128.4965365,0.0,0.0,0.0007535039782524109
1785290128.4976947,0.0,0.0,0.0007712640166282654
1785290128.4988205,0.0,0.0,0.0007382720112800598
1785290128.4999402,0.0,0.0,0.000729312002658844
1785290128.5010288,0.0,0.0,0.0007274879813194275
1785290128.5020955,0.0,0.0,0.0007075200080871582
1785290128.5031905,0.0,0.0,0.000734112024307251
1785290128.5042806,0.0,0.0,0.0007268480062484742
1785290128.5053446,0.0,0.0,0.0007048320174217224
1785290128.5064225,0.0,0.0,0.0007179200053215027
1785290128.5075405,0.0,0.0,0.0007459520101547241
1785290128.5086281,0.0,0.0,0.00072297602891922
1785290128.5097077,0.0,0.0,0.0007162560224533081
1785290128.510778,0.0,0.0,0.0007048640251159668
1785290128.511872,0.0,0.0,0.0007128000259399414
1785290128.5129523,0.0,0.0,0.0007155200242996215
1785290128.514018,0.0,0.0,0.0007044799923896789
1785290128.515089,0.0,0.0,0.0007109119892120361
1785290128.5161912,0.0,0.0,0.000711679995059967
1785290128.517268,0.0,0.0,0.0007130240201950074
1785290128.5183568,0.0,0.0,0.0007277119755744934
1785290128.5194454,0.0,0.0,0.0007243840098381043
1785290128.5205371,0.0,0.0,0.0007216960191726684
1785290128.5216148,0.0,0.0,0.0007121919989585877
1785290128.5226996,0.0,0.0,0.0007157440185546874
1785290128.5237992,0.0,0.0,0.0007367680072784423
1785290128.524873,0.0,0.0,0.000711135983467102
1785290128.525939,0.0,0.0,0.0007072640061378479
1785290128.527013,0.0,0.0,0.0007098559737205505
1785290128.5281622,0.0,0.0,0.0007531200051307678
1785290128.529264,0.0,0.0,0.0007321599721908569
1785290128.5303714,0.0,0.0,0.0007343999743461609
1785290128.5314817,0.0,0.0,0.0007416639924049378
1785290128.5332584,0.0,0.0,0.0014050240516662598
1785290128.5344033,0.0,0.0,0.0007497599720954895
1785290128.5355225,0.0,0.0,0.0007493119835853577
1785290128.536614,0.0,0.0,0.0007309439778327942
1785290128.5377042,0.0,0.0,0.0007274559736251831
1785290128.5387847,0.0,0.0,0.0007195839881896973
1785290128.5398896,0.0,0.0,0.000719871997833252
1785290128.5409815,0.0,0.0,0.0007247359752655029
1785290128.5420692,0.0,0.0,0.0007224320173263549
1785290128.5431824,0.0,0.0,0.0007485439777374268
1785290128.5442631,0.0,0.0,0.00070687997341156
1785290128.5453355,0.0,0.0,0.0007103360295295715
1785290128.546411,0.0,0.0,0.0007163199782371521
1785290128.547513,0.0,0.0,0.0007420160174369812
1785290128.5486057,0.0,0.0,0.0007251520156860351
1785290128.5496688,0.0,0.0,0.0007044159770011901
1785290128.550746,0.0,0.0,0.0007140480279922485
1785290128.551855,0.0,0.0,0.0007262399792671204
1785290128.5529342,0.0,0.0,0.0007141439914703369
1785290128.554019,0.0,0.0,0.0007236480116844178
1785290128.5550902,0.0,0.0,0.0007027519941329956
1785290128.5561974,0.0,0.0,0.0007174720168113709
1785290128.557282,0.0,0.0,0.0007201279997825623
1785290128.5583606,0.0,0.0,0.0007142080068588257
1785290128.5594635,0.0,0.0,0.0007396799921989441
1785290128.5605407,0.0,0.0,0.0007171199917793274
1785290128.5616202,0.0,0.0,0.0007154880166053772
1785290128.562715,0.0,0.0,0.0007308480143547058
1785290128.5638492,0.0,0.0,0.0007678080201148987
1785290128.5649323,0.0,0.0,0.0007111039757728576
1785290128.5660253,0.0,0.0,0.0007266240119934082
1785290128.5671237,0.0,0.0,0.0007166079878807068
1785290128.5682201,0.0,0.0,0.0007281280159950256
1785290128.5692933,0.0,0.0,0.0007134720087051392
1785290128.5703766,0.0,0.0,0.0007208639979362488
1785290128.571465,0.0,0.0,0.0007299519777297974
1785290128.5725503,0.0,0.0,0.0007262719869613648
1785290128.5736334,0.0,0.0,0.0007178879976272583
1785290128.5747044,0.0,0.0,0.0007042239904403686
1785290128.575802,0.0,0.0,0.0007360000014305115
1785290128.5768957,0.0,0.0,0.0007220479846000671
1785290128.577971,0.0,0.0,0.0007152000069618225
1785290128.5790431,0.0,0.0,0.0007060160040855408
1785290128.5801492,0.0,0.0,0.0007214400172233581
1785290128.5812364,0.0,0.0,0.0007209920287132263
1785290128.582303,0.0,0.0,0.0007019519805908203
1785290128.5834231,0.0,0.0,0.0007551360130310059
1785290128.584546,0.0,0.0,0.000731935977935791
1785290128.5856533,0.0,0.0,0.0007284799814224243
1785290128.5867376,0.0,0.0,0.0007174400091171265
1785290128.5878696,0.0,0.0,0.0007609599828720093
1785290128.5897634,0.0,0.0,0.0007781440019607544
1785290128.590872,0.0,0.0,0.0007349759936332703
1785290128.5920002,0.0,0.0,0.0007367039918899536
1785290128.5930774,0.0,0.0,0.000711679995059967
1785290128.594169,0.0,0.0,0.0007195199728012085
1785290128.5952787,0.0,0.0,0.0007437120079994201
1785290128.5963755,0.0,0.0,0.0007263039946556092
1785290128.5974631,0.0,0.0,0.0007192959785461426
1785290128.598529,0.0,0.0,0.0007067199945449829
1785290128.599634,0.0,0.0,0.0007336320281028747
1785290128.600721,0.0,0.0,0.0007160000205039978
1785290128.6018074,0.0,0.0,0.0007152959704399108
1785290128.60291,0.0,0.0,0.0007187520265579223
1785290128.6040277,0.0,0.0,0.0007241600155830383
1785290128.6051018,0.0,0.0,0.0007065920233726502
1785290128.6061962,0.0,0.0,0.0007317759990692139
1785290128.6072989,0.0,0.0,0.0007385280132293701
1785290128.6083744,0.0,0.0,0.0007064639925956726
1785290128.6094584,0.0,0.0,0.0007152320146560669
1785290128.6105344,0.0,0.0,0.0007136639952659607
1785290128.611616,0.0,0.0,0.0007189120054244995
1785290128.612699,0.0,0.0,0.0007197759747505188
1785290128.6137693,0.0,0.0,0.0007024639844894409
1785290128.614849,0.0,0.0,0.000709119975566864
1785290128.6159616,0.0,0.0,0.0007264959812164307
1785290128.617046,0.0,0.0,0.0007190080285072326
1785290128.6181138,0.0,0.0,0.0007054399847984314
1785290128.6192083,0.0,0.0,0.0007270720005035401
1785290128.620298,0.0,0.0,0.000720192015171051
1785290128.6213753,0.0,0.0,0.0007173119783401489
1785290128.6224627,0.0,0.0,0.0007216320037841797
1785290128.6235592,0.0,0.0,0.000729312002658844
1785290128.6246438,0.0,0.0,0.0007148799896240234
1785290128.6257162,0.0,0.0,0.0007114880084991455
1785290128.6268106,0.0,0.0,0.0007262399792671204
1785290128.627909,0.0,0.0,0.0007206400036811829
1785290128.6289968,0.0,0.0,0.0007224000096321106
1785290128.6301734,0.0,0.0,0.0007287999987602234
1785290128.6312916,0.0,0.0,0.0007525759935379028
1785290128.6323614,0.0,0.0,0.000709119975566864
1785290128.633455,0.0,0.0,0.0007289599776268005
1785290128.6345448,0.0,0.0,0.0007253440022468567
1785290128.6356356,0.0,0.0,0.0007293760180473327
1785290128.6367044,0.0,0.0,0.0007029439806938171
1785290128.6377666,0.0,0.0,0.0006967359781265259
1785290128.6388388,0.0,0.0,0.0007100160121917725
1785290128.6399536,0.0,0.0,0.0007265599966049195
1785290128.6410477,0.0,0.0,0.0007322559952735901
1785290128.6421359,0.0,0.0,0.0007243199944496155
1785290128.6439726,0.0,0.0,0.001473024010658264
1785290128.6451283,0.0,0.0,0.0007596480250358582
1785290128.6462324,0.0,0.0,0.0007373759746551514
1785290128.6473522,0.0,0.0,0.0007616000175476074
1785290128.6484487,0.0,0.0,0.0007284479737281799
1785290128.649539,0.0,0.0,0.0007252159714698791
1785290128.6506212,0.0,0.0,0.000714784026145935
1785290128.6517313,0.0,0.0,0.0007468159794807434
1785290128.6528153,0.0,0.0,0.0007201279997825623
1785290128.6538906,0.0,0.0,0.0007121919989585877
1785290128.6549792,0.0,0.0,0.0007192000150680543
1785290128.6560962,0.0,0.0,0.0007277759909629822
1785290128.6571813,0.0,0.0,0.0007143679857254028
1785290128.658262,0.0,0.0,0.0007154240012168884
1785290128.659372,0.0,0.0,0.0007453759908676148
1785290128.660465,0.0,0.0,0.00072598397731781
1785290128.6615527,0.0,0.0,0.0007244799733161926
1785290128.662628,0.0,0.0,0.0007072640061378479
1785290128.6637158,0.0,0.0,0.0007277439832687378
1785290128.6648118,0.0,0.0,0.0007246720194816589
1785290128.6658807,0.0,0.0,0.0006980159878730774
1785290128.6669557,0.0,0.0,0.0007087039947509766
1785290128.668046,0.0,0.0,0.0007107840180397034
1785290128.669123,0.0,0.0,0.0007103679776191711
1785290128.670204,0.0,0.0,0.0007128959894180298
1785290128.6713102,0.0,0.0,0.0007455360293388367
1785290128.6723914,0.0,0.0,0.0007145599722862243
1785290128.673467,0.0,0.0,0.0007147200107574463
1785290128.6745481,0.0,0.0,0.000720416009426117
1785290128.6756532,0.0,0.0,0.0007412160038948059
1785290128.6767235,0.0,0.0,0.000707584023475647
1785290128.6777794,0.0,0.0,0.0006975679993629455
1785290128.67888,0.0,0.0,0.0007352960109710693
1785290128.679986,0.0,0.0,0.0007209920287132263
1785290128.6810586,0.0,0.0,0.000714784026145935
1785290128.6821382,0.0,0.0,0.0007165120244026184
1785290128.683229,0.0,0.0,0.0007274879813194275
1785290128.6843126,0.0,0.0,0.0007179520130157471
1785290128.6854072,0.0,0.0,0.0007310400009155274
1785290128.6864846,0.0,0.0,0.0007121279835700989
1785290128.687617,0.0,0.0,0.0007724800109863281
1785290128.6887226,0.0,0.0,0.0007284479737281799
1785290128.6898105,0.0,0.0,0.0007192959785461426
1785290128.6908891,0.0,0.0,0.0007177600264549255
1785290128.6919878,0.0,0.0,0.0007153599858283996
1785290128.6930737,0.0,0.0,0.0007246720194816589
1785290128.6941538,0.0,0.0,0.0007131199836730957
1785290128.6952717,0.0,0.0,0.0007456960082054138
1785290128.6963737,0.0,0.0,0.0007302079796791077
1785290128.6974537,0.0,0.0,0.0007134400010108948
1785290128.6992435,0.0,0.0,0.0014262399673461914
1785290128.700388,0.0,0.0,0.0007536960244178772
1785290128.701483,0.0,0.0,0.0007316480278968811
1785290128.7025504,0.0,0.0,0.0007061439752578735
1785290128.7036602,0.0,0.0,0.0007514879703521729
1785290128.7047598,0.0,0.0,0.0007279999852180481
1785290128.705831,0.0,0.0,0.000711135983467102
1785290128.7068968,0.0,0.0,0.000705568015575409
1785290128.7080054,0.0,0.0,0.0007267839908599854
1785290128.7090673,0.0,0.0,0.0007024959921836853
1785290128.7101257,0.0,0.0,0.0006978240013122559
1785290128.7112262,0.0,0.0,0.0007397440075874328
1785290128.7123098,0.0,0.0,0.0007211840152740478
1785290128.7133858,0.0,0.0,0.0007137600183486939
1785290128.7144668,0.0,0.0,0.0007137920260429382
1785290128.715571,0.0,0.0,0.0007433919906616211
1785290128.7166536,0.0,0.0,0.00071670401096344
1785290128.7177448,0.0,0.0,0.0007232319712638855
1785290128.7188177,0.0,0.0,0.0007060800194740296
1785290128.719936,0.0,0.0,0.0007285439968109131
1785290128.7210305,0.0,0.0,0.0007238720059394837
1785290128.7221172,0.0,0.0,0.0007213119864463806
1785290128.723206,0.0,0.0,0.0007268480062484742
1785290128.7242956,0.0,0.0,0.0007217919826507568
1785290128.7253683,0.0,0.0,0.0007115839719772338
1785290128.7264555,0.0,0.0,0.0007201279997825623
1785290128.7275596,0.0,0.0,0.0007425919771194458
1785290128.7286339,0.0,0.0,0.0007073919773101806
1785290128.7297158,0.0,0.0,0.0007188479900360107
1785290128.7307963,0.0,0.0,0.0007136639952659607
1785290128.7319,0.0,0.0,0.000714303970336914
1785290128.7329786,0.0,0.0,0.0007149760127067566
1785290128.7340584,0.0,0.0,0.0007158079743385315
1785290128.7351642,0.0,0.0,0.000743936002254486
1785290128.7362587,0.0,0.0,0.0007276480197906494
1785290128.7373435,0.0,0.0,0.0007180799841880798
1785290128.7384114,0.0,0.0,0.0007069119811058044
1785290128.7395148,0.0,0.0,0.0007414079904556275
1785290128.740601,0.0,0.0,0.0007220479846000671
1785290128.7416797,0.0,0.0,0.0007132800221443176
1785290128.742756,0.0,0.0,0.0007162560224533081
1785290128.7439015,0.0,0.0,0.0007085760235786439
1785290128.7449977,0.0,0.0,0.0007251520156860351
1785290128.746074,0.0,0.0,0.0007106239795684814
1785290128.7471492,0.0,0.0,0.0007185919880867004
1785290128.748237,0.0,0.0,0.0007200639843940735
1785290128.7493176,0.0,0.0,0.0007202879786491394
1785290128.750416,0.0,0.0,0.0007325760126113891
1785290128.7515388,0.0,0.0,0.0007562559843063355
1785290128.752636,0.0,0.0,0.0007222399711608886
1785290128.7543695,0.0,0.0,0.0013688640594482421
1785290128.755541,0.0,0.0,0.0007814080119132996
1785290128.756641,0.0,0.0,0.0007197759747505188
1785290128.757733,0.0,0.0,0.0007284799814224243
1785290128.7588124,0.0,0.0,0.000719103991985321
1785290128.7599175,0.0,0.0,0.0007210559844970703
1785290128.7609994,0.0,0.0,0.0007143679857254028
1785290128.762077,0.0,0.0,0.0007169280052185059
1785290128.763172,0.0,0.0,0.0007334399819374085
1785290128.764271,0.0,0.0,0.0007304319739341736
1785290128.7653744,0.0,0.0,0.0007360320091247558
1785290128.766473,0.0,0.0,0.0007276480197906494
1785290128.7675788,0.0,0.0,0.0007481920123100281
1785290128.7686763,0.0,0.0,0.0007290239930152893
1785290128.769764,0.0,0.0,0.0007251520156860351
1785290128.7708375,0.0,0.0,0.0007081919908523559
1785290128.7719424,0.0,0.0,0.0007187520265579223
1785290128.7730246,0.0,0.0,0.0007171519994735718
1785290128.774105,0.0,0.0,0.000722271978855133
1785290128.7751954,0.0,0.0,0.0007302079796791077
1785290128.7762907,0.0,0.0,0.000718496024608612
1785290128.7773712,0.0,0.0,0.0007149760127067566
1785290128.7784543,0.0,0.0,0.0007202240228652954
1785290128.7795575,0.0,0.0,0.0007393280267715454
1785290128.7806375,0.0,0.0,0.0007219200134277344
1785290128.7817051,0.0,0.0,0.0007093759775161743
1785290128.7827756,0.0,0.0,0.0007090880274772644
1785290128.7838783,0.0,0.0,0.0007205439805984497
1785290128.7849584,0.0,0.0,0.000710591971874237
1785290128.7860236,0.0,0.0,0.000709663987159729
1785290128.7871175,0.0,0.0,0.0007156479954719544
1785290128.7881923,0.0,0.0,0.0007063040137290955
1785290128.7892706,0.0,0.0,0.0007158719897270203
1785290128.790339,0.0,0.0,0.0007082880139350891
1785290128.7914536,0.0,0.0,0.0007511680126190185
1785290128.7925353,0.0,0.0,0.0007131519913673401
1785290128.793613,0.0,0.0,0.000712448000907898
1785290128.7947006,0.0,0.0,0.0007265599966049195
1785290128.7958057,0.0,0.0,0.0007377920150756836
1785290128.7968724,0.0,0.0,0.00070687997341156
1785290128.797949,0.0,0.0,0.0007136639952659607
1785290128.7990167,0.0,0.0,0.0007015680074691773
1785290128.800118,0.0,0.0,0.0007144320011138916
1785290128.8011925,0.0,0.0,0.0007094399929046631
1785290128.8022768,0.0,0.0,0.0007186239957809448
1785290128.803367,0.0,0.0,0.0007276480197906494
1785290128.804451,0.0,0.0,0.0007213119864463806
1785290128.8055491,0.0,0.0,0.000728223979473114
1785290128.8066356,0.0,0.0,0.000718176007270813
1785290128.8077543,0.0,0.0,0.000747871994972229
1785290128.8088546,0.0,0.0,0.0007302399873733521
1785290128.8106084,0.0,0.0,0.0007616959810256959
1785290128.8117328,0.0,0.0,0.000747327983379364
1785290128.8128264,0.0,0.0,0.0007239360213279724
1785290128.8139098,0.0,0.0,0.0007257599830627441
1785290128.8149996,0.0,0.0,0.0007261120080947876
1785290128.8161182,0.0,0.0,0.0007295680046081543
1785290128.817198,0.0,0.0,0.0007120959758758545
1785290128.8182776,0.0,0.0,0.000717631995677948
1785290128.8193674,0.0,0.0,0.0007321599721908569
1785290128.8204494,0.0,0.0,0.0007200319766998291
1785290128.821521,0.0,0.0,0.0007113280296325683
1785290128.8226092,0.0,0.0,0.0007276800274848938
1785290128.8237078,0.0,0.0,0.0007395840287208557
1785290128.8247805,0.0,0.0,0.0007086719870567322
1785290128.8258624,0.0,0.0,0.0007160959839820862
1785290128.8269227,0.0,0.0,0.000697983980178833
1785290128.8280241,0.0,0.0,0.0007118399739265441
1785290128.82909,0.0,0.0,0.00070278400182724
1785290128.8301587,0.0,0.0,0.0007154240012168884
1785290128.831268,0.0,0.0,0.000743615984916687
1785290128.832342,0.0,0.0,0.0007105280160903931
1785290128.833411,0.0,0.0,0.0007043520212173462
1785290128.8344743,0.0,0.0,0.0007027199864387512
1785290128.8355668,0.0,0.0,0.0007320640087127685
1785290128.8366442,0.0,0.0,0.000710207998752594
1785290128.8377278,0.0,0.0,0.0007197759747505188
1785290128.8387973,0.0,0.0,0.0007057920098304749
1785290128.8399038,0.0,0.0,0.0007245439887046814
1785290128.8409958,0.0,0.0,0.0007211840152740478
1785290128.8420734,0.0,0.0,0.0007144960165023804
1785290128.8431683,0.0,0.0,0.0007321919798851013
1785290128.8442469,0.0,0.0,0.000711679995059967
1785290128.8453217,0.0,0.0,0.0007135040163993836
1785290128.8463993,0.0,0.0,0.0007134720087051392
1785290128.8474972,0.0,0.0,0.0007362560033798217
1785290128.848581,0.0,0.0,0.0007171840071678162
1785290128.8496573,0.0,0.0,0.0007051839828491211
1785290128.8507147,0.0,0.0,0.0006963840126991272
1785290128.851817,0.0,0.0,0.0007421759963035584
1785290128.852891,0.0,0.0,0.0007065920233726502
1785290128.8539624,0.0,0.0,0.0007065280079841614
1785290128.8550453,0.0,0.0,0.0007159360051155091
1785290128.8561494,0.0,0.0,0.0007237759828567505
1785290128.8572528,0.0,0.0,0.0007297919988632203
1785290128.8583076,0.0,0.0,0.0006955519914627075
1785290128.8594148,0.0,0.0,0.0007465919852256775
1785290128.8605227,0.0,0.0,0.0007325440049171448
1785290128.861608,0.0,0.0,0.000719871997833252
1785290128.862694,0.0,0.0,0.0007262719869613648
1785290128.8638706,0.0,0.0,0.000790336012840271
1785290128.8657079,0.0,0.0,0.0007807360291481018
1785290128.8668458,0.0,0.0,0.0007487040162086487
1785290128.8679523,0.0,0.0,0.0007157120108604432
1785290128.8690424,0.0,0.0,0.0007238399982452393
1785290128.8701274,0.0,0.0,0.0007229120135307311
1785290128.8712249,0.0,0.0,0.0007343680262565613
1785290128.8723044,0.0,0.0,0.0007127680182456971
1785290128.8733766,0.0,0.0,0.0007125759720802307
1785290128.87445,0.0,0.0,0.0007185919880867004
1785290128.875556,0.0,0.0,0.000743839979171753
1785290128.8766434,0.0,0.0,0.0007131839990615845
1785290128.8777306,0.0,0.0,0.0007158719897270203
1785290128.8787982,0.0,0.0,0.0007067199945449829
1785290128.8798904,0.0,0.0,0.0007133439779281616
1785290128.8809814,0.0,0.0,0.0007217919826507568
1785290128.8820665,0.0,0.0,0.0007207040190696716
1785290128.8831599,0.0,0.0,0.0007322559952735901
1785290128.884245,0.0,0.0,0.0007179200053215027
1785290128.8853304,0.0,0.0,0.0007227200269699096
1785290128.8863955,0.0,0.0,0.000705631971359253
1785290128.8875046,0.0,0.0,0.0007416319847106934
1785290128.8885896,0.0,0.0,0.000714847981929779
1785290128.889673,0.0,0.0,0.0007173759937286377
1785290128.8907328,0.0,0.0,0.0006986560225486756
1785290128.8918302,0.0,0.0,0.0007390080094337463
1785290128.8929117,0.0,0.0,0.0007082880139350891
1785290128.8939838,0.0,0.0,0.0007099840044975281
1785290128.895061,0.0,0.0,0.0007148799896240234
1785290128.8961785,0.0,0.0,0.000729632019996643
1785290128.897263,0.0,0.0,0.0007188799977302551
1785290128.8983352,0.0,0.0,0.0007071999907493591
1785290128.8994489,0.0,0.0,0.0007492480278015137
1785290128.9005234,0.0,0.0,0.000710752010345459
1785290128.9015982,0.0,0.0,0.0007117760181427002
1785290128.9026854,0.0,0.0,0.000705951988697052
1785290128.9037936,0.0,0.0,0.0007427520155906677
1785290128.9048707,0.0,0.0,0.000711135983467102
1785290128.9059508,0.0,0.0,0.0007186880111694336
1785290128.9070282,0.0,0.0,0.0007162240147590638
1785290128.9081442,0.0,0.0,0.0007212479710578918
1785290128.9092348,0.0,0.0,0.0007216640114784241
1785290128.9103212,0.0,0.0,0.0007253119945526123
1785290128.9114263,0.0,0.0,0.000741536021232605
1785290128.9125028,0.0,0.0,0.0007107840180397034
1785290128.9135797,0.0,0.0,0.0007138239741325378
1785290128.9147341,0.0,0.0,0.0007321599721908569
1785290128.9158812,0.0,0.0,0.0007501440048217773
1785290128.9169905,0.0,0.0,0.0007329279780387878
1785290128.918078,0.0,0.0,0.0007209600210189819
1785290128.9191887,0.0,0.0,0.0007432320117950439
1785290128.9209728,0.0,0.0,0.0007789440155029297
1785290128.9220889,0.0,0.0,0.0007386879920959473
1785290128.9232,0.0,0.0,0.0007391039729118347
1785290128.9242966,0.0,0.0,0.0007292479872703552
1785290128.9254014,0.0,0.0,0.0007337599992752076
1785290128.9264817,0.0,0.0,0.000718176007270813
1785290128.9275851,0.0,0.0,0.000736191987991333
1785290128.9286697,0.0,0.0,0.0007200000286102295
1785290128.929756,0.0,0.0,0.0007223359942436218
1785290128.9308522,0.0,0.0,0.0007299839854240418
1785290128.9319444,0.0,0.0,0.0007132480144500733
1785290128.9330263,0.0,0.0,0.0007103999853134155
1785290128.9341054,0.0,0.0,0.0007142080068588257
1785290128.9352028,0.0,0.0,0.0007268159985542298
1785290128.936276,0.0,0.0,0.000711903989315033
1785290128.9373472,0.0,0.0,0.0007088639736175537
1785290128.9384243,0.0,0.0,0.0007200000286102295
1785290128.9395351,0.0,0.0,0.0007463999986648559
1785290128.9406118,0.0,0.0,0.000710207998752594
1785290128.9416869,0.0,0.0,0.0007097600102424622
1785290128.9427495,0.0,0.0,0.0007041599750518798
1785290128.9438488,0.0,0.0,0.0007170559763908386
1785290128.944933,0.0,0.0,0.0007237439751625061
1785290128.9460065,0.0,0.0,0.0007141119837760925
1785290128.9470873,0.0,0.0,0.0007154240012168884
1785290128.9481888,0.0,0.0,0.0007136319875717163
1785290128.9492586,0.0,0.0,0.0007102400064468384
1785290128.9503179,0.0,0.0,0.0007017920017242432
1785290128.9514184,0.0,0.0,0.0007357439994812012
1785290128.952489,0.0,0.0,0.0007053440213203431
1785290128.9535747,0.0,0.0,0.0007260800004005432
1785290128.9546366,0.0,0.0,0.0006974400281906128
1785290128.955739,0.0,0.0,0.0007401279807090759
1785290128.9568274,0.0,0.0,0.0007227839827537537
1785290128.9578996,0.0,0.0,0.0007135360240936279
1785290128.958978,0.0,0.0,0.0007106559872627258
1785290128.9600754,0.0,0.0,0.0007162560224533081
1785290128.9611642,0.0,0.0,0.0007245759963989258
1785290128.9622462,0.0,0.0,0.0007178239822387695
1785290128.9633446,0.0,0.0,0.0007368959784507752
1785290128.9644241,0.0,0.0,0.0007148159742355346
1785290128.96548,0.0,0.0,0.0006971520185470581
1785290128.966558,0.0,0.0,0.0007122560143470765
1785290128.9676766,0.0,0.0,0.0007550399899482727
1785290128.9687505,0.0,0.0,0.0007121279835700989
1785290128.9698467,0.0,0.0,0.0007284479737281799
1785290128.9709382,0.0,0.0,0.0007204480171203613
1785290128.9720702,0.0,0.0,0.0007411839962005616
1785290128.9731643,0.0,0.0,0.00072598397731781
1785290128.974247,0.0,0.0,0.0007204480171203613
1785290128.976011,0.0,0.0,0.0013895360231399535
1785290128.9771507,0.0,0.0,0.000745311975479126
1785290128.978244,0.0,0.0,0.0007205439805984497
1785290128.9793546,0.0,0.0,0.0007401599884033203
1785290128.9804366,0.0,0.0,0.0007140160202980041
1785290128.9815118,0.0,0.0,0.0007095040082931519
1785290128.982609,0.0,0.0,0.000728767991065979
1785290128.983729,0.0,0.0,0.000754688024520874
1785290128.9848123,0.0,0.0,0.0007147520184516907
1785290128.9858947,0.0,0.0,0.0007193599939346314
1785290128.9869661,0.0,0.0,0.0007081279754638671
1785290128.9880743,0.0,0.0,0.0007258560061454773
1785290128.9891472,0.0,0.0,0.0007089920043945313
1785290128.9902105,0.0,0.0,0.0007051839828491211
1785290128.9913003,0.0,0.0,0.0007278079986572266
1785290128.9923835,0.0,0.0,0.000716543972492218
1785290128.9934726,0.0,0.0,0.0007201279997825623
1785290128.9945526,0.0,0.0,0.0007187520265579223
1785290128.9956653,0.0,0.0,0.0007415680289268494
1785290128.9967654,0.0,0.0,0.0007299519777297974
1785290128.9978404,0.0,0.0,0.0007069759964942932
1785290128.998913,0.0,0.0,0.0007136960029602051
1785290129.0000317,0.0,0.0,0.0007258239984512329
1785290129.001205,0.0,0.0,0.0007229120135307311
1785290129.0022848,0.0,0.0,0.0007128959894180298
1785290129.0033789,0.0,0.0,0.0007295039892196655
1785290129.0044482,0.0,0.0,0.0007101759910583496
1785290129.0055225,0.0,0.0,0.0007088639736175537
1785290129.0065963,0.0,0.0,0.0007121279835700989
1785290129.0077028,0.0,0.0,0.0007436800003051757
1785290129.008774,0.0,0.0,0.0007055360078811646
1785290129.009845,0.0,0.0,0.0007091839909553528
1785290129.010916,0.0,0.0,0.0007085440158843995
1785290129.012031,0.0,0.0,0.0007316160202026367
1785290129.0131078,0.0,0.0,0.0007076799869537353
1785290129.0141902,0.0,0.0,0.0007198079824447632
1785290129.0152953,0.0,0.0,0.0007440000176429748
1785290129.016381,0.0,0.0,0.0007210239768028259
1785290129.0174656,0.0,0.0,0.0007208319902420044
1785290129.0185442,0.0,0.0,0.0007167360186576843
1785290129.0196428,0.0,0.0,0.0007264320254325866
1785290129.020721,0.0,0.0,0.0007107840180397034
1785290129.021794,0.0,0.0,0.0007053120136260987
1785290129.0228772,0.0,0.0,0.0007175679802894592
1785290129.0239894,0.0,0.0,0.0007265920042991639
1785290129.0250654,0.0,0.0,0.0007114560008049011
1785290129.026175,0.0,0.0,0.0007397440075874328
1785290129.0273085,0.0,0.0,0.0007622720003128052
1785290129.0284007,0.0,0.0,0.0007214720249176025
1785290129.0294898,0.0,0.0,0.0007206079959869385
1785290129.0313237,0.0,0.0,0.0014687999486923218
1785290129.0324495,0.0,0.0,0.0007305279970169068
1785290129.0335524,0.0,0.0,0.0007312639951705933
1785290129.0346503,0.0,0.0,0.0007268159985542298
1785290129.0357556,0.0,0.0,0.0007425600290298462
1785290129.0368407,0.0,0.0,0.0007188799977302551
1785290129.0379238,0.0,0.0,0.0007138239741325378
1785290129.0390112,0.0,0.0,0.0007203519940376282
1785290129.040095,0.0,0.0,0.000702239990234375
1785290129.0411897,0.0,0.0,0.0007275840044021607
1785290129.0422745,0.0,0.0,0.0007190080285072326
1785290129.043368,0.0,0.0,0.0007338560223579407
1785290129.044457,0.0,0.0,0.0007230079770088196
1785290129.0455272,0.0,0.0,0.0007099840044975281
1785290129.0465825,0.0,0.0,0.0006980800032615662
1785290129.0476844,0.0,0.0,0.000740447998046875
1785290129.0487585,0.0,0.0,0.0007101759910583496
1785290129.049828,0.0,0.0,0.0007039039731025696
1785290129.050899,0.0,0.0,0.0007114560008049011
1785290129.052006,0.0,0.0,0.0007210559844970703
1785290129.0530827,0.0,0.0,0.0007141439914703369
1785290129.0541713,0.0,0.0,0.0007271360158920288
1785290129.0552654,0.0,0.0,0.0007359359860420227
1785290129.0563402,0.0,0.0,0.0007080640196800232
1785290129.057426,0.0,0.0,0.0007181119918823242
1785290129.0584903,0.0,0.0,0.0007030400037765503
1785290129.0595975,0.0,0.0,0.0007464640140533447
1785290129.0606804,0.0,0.0,0.0007154880166053772
1785290129.0617716,0.0,0.0,0.0007265599966049195
1785290129.0628567,0.0,0.0,0.0007222399711608886
1785290129.063956,0.0,0.0,0.0007181119918823242
1785290129.065035,0.0,0.0,0.0007138559818267822
1785290129.0660982,0.0,0.0,0.0007034239768981933
1785290129.067182,0.0,0.0,0.0007253440022468567
1785290129.0682468,0.0,0.0,0.0007008320093154907
1785290129.069326,0.0,0.0,0.0007174720168113709
1785290129.0703912,0.0,0.0,0.0007031999826431274
1785290129.0714812,0.0,0.0,0.0007297279834747315
1785290129.0725605,0.0,0.0,0.0007160959839820862
1785290129.0736454,0.0,0.0,0.0007213760018348694
1785290129.074711,0.0,0.0,0.0007058879733085632
1785290129.0758166,0.0,0.0,0.0007502080202102661
1785290129.076898,0.0,0.0,0.0007108160257339477
1785290129.077969,0.0,0.0,0.00070796799659729
1785290129.0790877,0.0,0.0,0.0007233600020408631
1785290129.0802114,0.0,0.0,0.0007277439832687378
1785290129.08131,0.0,0.0,0.0007297599911689759
1785290129.082397,0.0,0.0,0.0007215359807014465
1785290129.0835211,0.0,0.0,0.0007627840042114258
1785290129.0846064,0.0,0.0,0.0007154560089111328
1785290129.0863233,0.0,0.0,0.001347264051437378
1785290129.087477,0.0,0.0,0.0007661759853363037
1785290129.0885925,0.0,0.0,0.000743071973323822
1785290129.0897026,0.0,0.0,0.0007344639897346497
1785290129.090794,0.0,0.0,0.0007239360213279724
1785290129.0919316,0.0,0.0,0.0007199360132217408
1785290129.0930054,0.0,0.0,0.0007057600021362305
1785290129.0940804,0.0,0.0,0.0007148799896240234
1785290129.0951757,0.0,0.0,0.000735040009021759
1785290129.0962622,0.0,0.0,0.0007191359996795655
1785290129.0973365,0.0,0.0,0.00070796799659729
1785290129.098421,0.0,0.0,0.0007214080095291138
1785290129.0995424,0.0,0.0,0.0007558079957962036
1785290129.100623,0.0,0.0,0.0007160000205039978
1785290129.1017034,0.0,0.0,0.0007231040000915528
1785290129.1027632,0.0,0.0,0.000698144018650055
1785290129.1038663,0.0,0.0,0.0007221440076828003
1785290129.1049666,0.0,0.0,0.0007256320118904113
1785290129.106048,0.0,0.0,0.0007156800031661988
1785290129.1071353,0.0,0.0,0.0007279999852180481
1785290129.1082368,0.0,0.0,0.00072188800573349
1785290129.1093225,0.0,0.0,0.0007206079959869385
1785290129.110387,0.0,0.0,0.0007042880058288574
1785290129.111489,0.0,0.0,0.0007392640113830566
1785290129.1125588,0.0,0.0,0.0007036799788475036
1785290129.1136482,0.0,0.0,0.0007263360023498536
1785290129.1147146,0.0,0.0,0.0007041919827461242
1785290129.1158104,0.0,0.0,0.0007337279915809632
1785290129.116888,0.0,0.0,0.0007153279781341552
1785290129.1179595,0.0,0.0,0.0007098559737205505
1785290129.119039,0.0,0.0,0.0007131199836730957
1785290129.120144,0.0,0.0,0.0007117760181427002
1785290129.121219,0.0,0.0,0.0007165759801864624
1785290129.1222794,0.0,0.0,0.0006984000205993653
1785290129.1233702,0.0,0.0,0.0007277439832687378
1785290129.124467,0.0,0.0,0.0007248319983482361
1785290129.1255472,0.0,0.0,0.000719327986240387
1785290129.126627,0.0,0.0,0.0007166079878807068
1785290129.1277518,0.0,0.0,0.0007536640167236328
1785290129.1288393,0.0,0.0,0.0007174720168113709
1785290129.1299226,0.0,0.0,0.0007189120054244995
1785290129.1310048,0.0,0.0,0.0007191680073738099
1785290129.1320994,0.0,0.0,0.0007088959813117981
1785290129.1331828,0.0,0.0,0.0007221760153770446
1785290129.1342478,0.0,0.0,0.0007024639844894409
1785290129.1353486,0.0,0.0,0.0007418879866600037
1785290129.1364496,0.0,0.0,0.0007323840260505676
1785290129.1375232,0.0,0.0,0.000710591971874237
1785290129.1386187,0.0,0.0,0.0007287999987602234
1785290129.1397266,0.0,0.0,0.0007394239902496338
1785290129.14146,0.0,0.0,0.001367200016975403
1785290129.142603,0.0,0.0,0.0007556160092353821
1785290129.1437356,0.0,0.0,0.0007576959729194641
1785290129.1448348,0.0,0.0,0.0007288640141487121
1785290129.1459205,0.0,0.0,0.0007244160175323486
1785290129.14701,0.0,0.0,0.0007243840098381043
1785290129.1481237,0.0,0.0,0.0007260479927062988
1785290129.1492178,0.0,0.0,0.00072816002368927
1785290129.1502945,0.0,0.0,0.0007096319794654846
1785290129.1513872,0.0,0.0,0.0007305920124053955
1785290129.1524694,0.0,0.0,0.0007108160257339477
1785290129.1535451,0.0,0.0,0.0007125120162963868
1785290129.1546247,0.0,0.0,0.0007140480279922485
1785290129.1557286,0.0,0.0,0.0007433279752731323
1785290129.156825,0.0,0.0,0.000731007993221283
1785290129.1578982,0.0,0.0,0.0007118719816207885
1785290129.1589682,0.0,0.0,0.0007069439888000488
1785290129.1600728,0.0,0.0,0.0007200959920883179
1785290129.1611598,0.0,0.0,0.0007197759747505188
1785290129.162235,0.0,0.0,0.0007093759775161743
1785290129.163335,0.0,0.0,0.0007396479845046997
1785290129.164417,0.0,0.0,0.0007145919799804687
1785290129.1654983,0.0,0.0,0.0007113280296325683
1785290129.166569,0.0,0.0,0.0007082560062408447
1785290129.1676826,0.0,0.0,0.0007471039891242981
1785290129.1687567,0.0,0.0,0.0007075520157814026
1785290129.1698222,0.0,0.0,0.0007053440213203431
1785290129.1708934,0.0,0.0,0.0007080000042915344
1785290129.171994,0.0,0.0,0.0007172480225563049
1785290129.1730716,0.0,0.0,0.0007161279916763306
1785290129.1741648,0.0,0.0,0.0007268159985542298
1785290129.1752543,0.0,0.0,0.0007246720194816589
1785290129.1763327,0.0,0.0,0.0007112320065498352
1785290129.1774118,0.0,0.0,0.0007150080204010009
1785290129.178485,0.0,0.0,0.0007103360295295715
1785290129.179578,0.0,0.0,0.0007345280051231384
1785290129.1806521,0.0,0.0,0.0007113280296325683
1785290129.1817255,0.0,0.0,0.0007111039757728576
1785290129.1827884,0.0,0.0,0.0007024000287055969
1785290129.1838763,0.0,0.0,0.0007085760235786439
1785290129.1849618,0.0,0.0,0.0007174400091171265
1785290129.1860204,0.0,0.0,0.000698144018650055
1785290129.1870887,0.0,0.0,0.0007097280025482178
1785290129.1881897,0.0,0.0,0.0007069759964942932
1785290129.1892695,0.0,0.0,0.0007153279781341552
1785290129.1903408,0.0,0.0,0.0007123519778251648
1785290129.1914701,0.0,0.0,0.0007634239792823792
1785290129.19256,0.0,0.0,0.0007231680154800415
1785290129.1936235,0.0,0.0,0.0006970559954643249
1785290129.1947174,0.0,0.0,0.0007223359942436218
1785290129.19646,0.0,0.0,0.0013764159679412842
1785290129.1975994,0.0,0.0,0.0007425280213356018
1785290129.1986969,0.0,0.0,0.0007273920178413391
1785290129.1998353,0.0,0.0,0.0007679359912872314
1785290129.200929,0.0,0.0,0.0007211840152740478
1785290129.2020028,0.0,0.0,0.0007078719735145568
1785290129.203078,0.0,0.0,0.0007163199782371521
1785290129.2041783,0.0,0.0,0.0007146880030632019
1785290129.2052517,0.0,0.0,0.000711679995059967
1785290129.2063303,0.0,0.0,0.0007170559763908386
1785290129.207419,0.0,0.0,0.0007248319983482361
1785290129.2085097,0.0,0.0,0.0007187200188636779
1785290129.2095675,0.0,0.0,0.0006954560279846192
1785290129.2106292,0.0,0.0,0.0006987199783325195
1785290129.211731,0.0,0.0,0.0007417280077934265
1785290129.2128193,0.0,0.0,0.0007202879786491394
1785290129.2139106,0.0,0.0,0.0007258880138397216
1785290129.2150068,0.0,0.0,0.0007283520102500915
1785290129.2161143,0.0,0.0,0.0007151359915733337
1785290129.217196,0.0,0.0,0.0007147200107574463
1785290129.218273,0.0,0.0,0.0007138559818267822
1785290129.2193792,0.0,0.0,0.0007425280213356018
1785290129.2204635,0.0,0.0,0.0007178559899330139
1785290129.2215302,0.0,0.0,0.0007005760073661804
1785290129.2226188,0.0,0.0,0.0007218239903450012
1785290129.2237217,0.0,0.0,0.0007412480115890503
1785290129.2247937,0.0,0.0,0.0007117440104484558
1785290129.2258682,0.0,0.0,0.0007125120162963868
1785290129.2269394,0.0,0.0,0.0007103679776191711
1785290129.2280335,0.0,0.0,0.0007077119946479797
1785290129.2291143,0.0,0.0,0.0007167360186576843
1785290129.2301934,0.0,0.0,0.0007177600264549255
1785290129.231287,0.0,0.0,0.0007280960083007813
1785290129.2323794,0.0,0.0,0.0007228800058364869
1785290129.2334473,0.0,0.0,0.000698527991771698
1785290129.2345402,0.0,0.0,0.0007250239849090576
1785290129.2356298,0.0,0.0,0.0007327679991722107
1785290129.2366972,0.0,0.0,0.0007041599750518798
1785290129.2377775,0.0,0.0,0.0007166399955749512
1785290129.2388391,0.0,0.0,0.0007015359997749329
1785290129.2399313,0.0,0.0,0.0007095680236816406
1785290129.2410038,0.0,0.0,0.0007070720195770264
1785290129.2420812,0.0,0.0,0.000719871997833252
1785290129.243186,0.0,0.0,0.0007414399981498719
1785290129.2442772,0.0,0.0,0.000727295994758606
1785290129.2453396,0.0,0.0,0.0007015039920806885
1785290129.2464342,0.0,0.0,0.0007313600182533264
1785290129.2475731,0.0,0.0,0.0007643200159072876
1785290129.2486615,0.0,0.0,0.000718559980392456
1785290129.2497504,0.0,0.0,0.0007237439751625061
1785290129.2514958,0.0,0.0,0.0013731199502944947
1785290129.2526562,0.0,0.0,0.0007631679773330689
1785290129.2537558,0.0,0.0,0.0007329919934272766
1785290129.2548425,0.0,0.0,0.0007186239957809448
1785290129.255953,0.0,0.0,0.0007258560061454773
1785290129.2570398,0.0,0.0,0.0007234879732131958
1785290129.258126,0.0,0.0,0.0007225919961929321
1785290129.259234,0.0,0.0,0.000745311975479126
1785290129.2603207,0.0,0.0,0.0007229120135307311
1785290129.2613819,0.0,0.0,0.0007028480172157288
1785290129.2624416,0.0,0.0,0.0006996480226516724
1785290129.263537,0.0,0.0,0.0007360320091247558
1785290129.2646108,0.0,0.0,0.000708512008190155
1785290129.2656887,0.0,0.0,0.0007141759991645813
1785290129.2667706,0.0,0.0,0.0007189440131187439
1785290129.2678645,0.0,0.0,0.0007137920260429382
1785290129.2689586,0.0,0.0,0.0007253440022468567
1785290129.270033,0.0,0.0,0.0007058240175247193
1785290129.2711093,0.0,0.0,0.0007009599804878234
1785290129.2722104,0.0,0.0,0.0007341439723968506
1785290129.2732983,0.0,0.0,0.0007260479927062988
1785290129.2743676,0.0,0.0,0.0007053440213203431
1785290129.2754784,0.0,0.0,0.0007470719814300537
1785290129.2765725,0.0,0.0,0.0007271999716758728
1785290129.2776875,0.0,0.0,0.0007064639925956726
1785290129.2787747,0.0,0.0,0.0007228159904479981
1785290129.2798789,0.0,0.0,0.0007240960001945496
1785290129.2809553,0.0,0.0,0.0007139840126037598
1785290129.2820337,0.0,0.0,0.0007170559763908386
1785290129.2831113,0.0,0.0,0.0007002879977226257
1785290129.2841961,0.0,0.0,0.000716543972492218
1785290129.285272,0.0,0.0,0.0007125759720802307
1785290129.2863448,0.0,0.0,0.0007100800275802612
1785290129.2874477,0.0,0.0,0.0007406079769134522
1785290129.2885222,0.0,0.0,0.0007116479873657226
1785290129.2896104,0.0,0.0,0.0007172799706459045
1785290129.2906857,0.0,0.0,0.0007103679776191711
1785290129.2917855,0.0,0.0,0.0007364159822463989
1785290129.2928536,0.0,0.0,0.0007043840289115905
1785290129.2939165,0.0,0.0,0.0006999679803848266
1785290129.294987,0.0,0.0,0.0007066879868507385
1785290129.2960591,0.0,0.0,0.0006965119838714599
1785290129.2971315,0.0,0.0,0.0007133119702339172
1785290129.2982192,0.0,0.0,0.0007241920232772827
1785290129.2993095,0.0,0.0,0.0007234560251235962
1785290129.3003824,0.0,0.0,0.000710207998752594
1785290129.3014734,0.0,0.0,0.0007308800220489502
1785290129.3025742,0.0,0.0,0.00072598397731781
1785290129.3036854,0.0,0.0,0.000741536021232605
1785290129.304788,0.0,0.0,0.0007297919988632203
1785290129.3058734,0.0,0.0,0.0007202879786491394
1785290129.3076541,0.0,0.0,0.0007960000038146973
1785290129.308763,0.0,0.0,0.000731007993221283
1785290129.3098488,0.0,0.0,0.0007214720249176025
1785290129.310931,0.0,0.0,0.0007186239957809448
1785290129.312055,0.0,0.0,0.000729088008403778
1785290129.3131204,0.0,0.0,0.0007005119919776916
1785290129.314197,0.0,0.0,0.0007095360159873963
1785290129.315295,0.0,0.0,0.0007328320145606994
1785290129.3163712,0.0,0.0,0.0007113599777221679
1785290129.3174605,0.0,0.0,0.0007215039730072021
1785290129.3185346,0.0,0.0,0.0007110080122947693
1785290129.3196402,0.0,0.0,0.0007372480034828186
1785290129.320723,0.0,0.0,0.0007200319766998291
1785290129.3218157,0.0,0.0,0.0007209600210189819
1785290129.3228855,0.0,0.0,0.0007065600156784058
1785290129.3239868,0.0,0.0,0.0007138879895210266
1785290129.3250613,0.0,0.0,0.0007113919854164123
1785290129.3261256,0.0,0.0,0.0007039039731025696
1785290129.3271987,0.0,0.0,0.0007150719761848449
1785290129.3282886,0.0,0.0,0.0007212479710578918
1785290129.329362,0.0,0.0,0.000710207998752594
1785290129.3304458,0.0,0.0,0.0007232000231742859
1785290129.3315587,0.0,0.0,0.0007538239955902099
1785290129.3326366,0.0,0.0,0.000713375985622406
1785290129.3337138,0.0,0.0,0.0007126719951629639
1785290129.3347952,0.0,0.0,0.0007173119783401489
1785290129.3359,0.0,0.0,0.0007200959920883179
1785290129.3369846,0.0,0.0,0.0007125440239906311
1785290129.3380551,0.0,0.0,0.0007043520212173462
1785290129.3391511,0.0,0.0,0.0007252159714698791
1785290129.3402414,0.0,0.0,0.0007168639898300171
1785290129.341317,0.0,0.0,0.0007180479764938354
1785290129.3423915,0.0,0.0,0.0007125440239906311
1785290129.343487,0.0,0.0,0.0007338240146636963
1785290129.3445718,0.0,0.0,0.0007223359942436218
1785290129.345645,0.0,0.0,0.0007087680101394654
1785290129.3467135,0.0,0.0,0.0007051839828491211
1785290129.3478186,0.0,0.0,0.0007415040135383606
1785290129.3489022,0.0,0.0,0.0007166399955749512
1785290129.3499663,0.0,0.0,0.0007025920152664185
1785290129.3510299,0.0,0.0,0.0007030720114707947
1785290129.3521276,0.0,0.0,0.0007097280025482178
1785290129.3532033,0.0,0.0,0.0007100480198860169
1785290129.3542533,0.0,0.0,0.0006981760263442994
1785290129.3553393,0.0,0.0,0.0007278720140457153
1785290129.3564126,0.0,0.0,0.0007082880139350891
1785290129.357485,0.0,0.0,0.0007048959732055664
1785290129.3585603,0.0,0.0,0.0007078400254249572
1785290129.359659,0.0,0.0,0.0007319039702415466
1785290129.3607574,0.0,0.0,0.0007300480008125306
1785290129.3625584,0.0,0.0,0.0014329919815063478
1785290129.3637073,0.0,0.0,0.000761023998260498
1785290129.3648036,0.0,0.0,0.000720255970954895
1785290129.3659093,0.0,0.0,0.000736191987991333
1785290129.3669994,0.0,0.0,0.0007180160284042358
1785290129.368112,0.0,0.0,0.0007243199944496155
1785290129.3691888,0.0,0.0,0.0007104960083961487
1785290129.3702679,0.0,0.0,0.0007145919799804687
1785290129.371368,0.0,0.0,0.0007385280132293701
1785290129.3724604,0.0,0.0,0.0007277119755744934
1785290129.3735366,0.0,0.0,0.0007135999798774719
1785290129.3746197,0.0,0.0,0.0007184000015258789
1785290129.3757226,0.0,0.0,0.0007367039918899536
1785290129.3767998,0.0,0.0,0.0007114560008049011
1785290129.377887,0.0,0.0,0.0007189760208129882
1785290129.3789697,0.0,0.0,0.0007186239957809448
1785290129.380078,0.0,0.0,0.0007240639925003052
1785290129.3811436,0.0,0.0,0.0006993280053138733
1785290129.3822055,0.0,0.0,0.0006995519995689392
1785290129.3833132,0.0,0.0,0.0007468479871749878
1785290129.384391,0.0,0.0,0.0007102720141410828
1785290129.3854837,0.0,0.0,0.0007279999852180481
1785290129.3865683,0.0,0.0,0.0007210239768028259
1785290129.3876922,0.0,0.0,0.000757311999797821
1785290129.388768,0.0,0.0,0.0007100800275802612
1785290129.3898485,0.0,0.0,0.0007175040245056152
1785290129.3909156,0.0,0.0,0.0007011200189590454
1785290129.3920138,0.0,0.0,0.000711135983467102
1785290129.393085,0.0,0.0,0.0007111999988555908
1785290129.3941662,0.0,0.0,0.0007175359725952148
1785290129.3952537,0.0,0.0,0.0007270720005035401
1785290129.396333,0.0,0.0,0.0007103999853134155
1785290129.397405,0.0,0.0,0.0007071999907493591
1785290129.398477,0.0,0.0,0.0007118080258369445
1785290129.3995836,0.0,0.0,0.0007418559789657593
1785290129.4006717,0.0,0.0,0.0007176640033721924
1785290129.4017496,0.0,0.0,0.0007118080258369445
1785290129.4028168,0.0,0.0,0.0007063040137290955
1785290129.40392,0.0,0.0,0.0007194240093231202
1785290129.4050078,0.0,0.0,0.0007215679883956909
1785290129.406093,0.0,0.0,0.0007204480171203613
1785290129.4071932,0.0,0.0,0.0007351040244102478
1785290129.4082873,0.0,0.0,0.0007276480197906494
1785290129.40937,0.0,0.0,0.0007218559980392456
1785290129.4104424,0.0,0.0,0.0007057920098304749
1785290129.4115589,0.0,0.0,0.0007573440074920654
1785290129.4126499,0.0,0.0,0.0007182719707489013
1785290129.413735,0.0,0.0,0.0007178879976272583
1785290129.4148138,0.0,0.0,0.0007123519778251648
1785290129.4159405,0.0,0.0,0.0007434560060501098
1785290129.4176538,0.0,0.0,0.0013395199775695801
1785290129.4187834,0.0,0.0,0.0007436479926109314
1785290129.4199104,0.0,0.0,0.0007314879894256592
1785290129.4209857,0.0,0.0,0.0007117760181427002
1785290129.4220703,0.0,0.0,0.0007190399765968323
1785290129.4231627,0.0,0.0,0.0007342399954795838
1785290129.4242537,0.0,0.0,0.0007237759828567505
1785290129.4253235,0.0,0.0,0.0007056000232696534
1785290129.4264066,0.0,0.0,0.0007161279916763306
1785290129.4274998,0.0,0.0,0.0007305279970169068
1785290129.4285886,0.0,0.0,0.0007250880002975464
1785290129.429672,0.0,0.0,0.0007192639708518982
1785290129.4307399,0.0,0.0,0.000707584023475647
1785290129.4318335,0.0,0.0,0.0007335360050201415
1785290129.4329035,0.0,0.0,0.0007059839963912964
1785290129.43398,0.0,0.0,0.0007106239795684814
1785290129.4350567,0.0,0.0,0.0007164160013198853
1785290129.4361763,0.0,0.0,0.0007239999771118164
1785290129.4372633,0.0,0.0,0.000718496024608612
1785290129.438349,0.0,0.0,0.0007242559790611267
1785290129.4394608,0.0,0.0,0.0007480639815330506
1785290129.4405453,0.0,0.0,0.000713375985622406
1785290129.4416327,0.0,0.0,0.0007209280133247376
1785290129.4427161,0.0,0.0,0.0007195839881896973
1785290129.443837,0.0,0.0,0.0007547839879989625
1785290129.4449282,0.0,0.0,0.0007216320037841797
1785290129.4460058,0.0,0.0,0.0007138879895210266
1785290129.4470806,0.0,0.0,0.0007107200026512146
1785290129.4481924,0.0,0.0,0.0007213119864463806
1785290129.449267,0.0,0.0,0.0007116159796714782
1785290129.4503589,0.0,0.0,0.0007258560061454773
1785290129.4514642,0.0,0.0,0.0007427840232849121
1785290129.4525485,0.0,0.0,0.0007180479764938354
1785290129.4536207,0.0,0.0,0.0007095680236816406
1785290129.4546964,0.0,0.0,0.00071561598777771
1785290129.4557858,0.0,0.0,0.0007292479872703552
1785290129.4568503,0.0,0.0,0.0007035520076751709
1785290129.4579031,0.0,0.0,0.0006924480199813843
1785290129.458973,0.0,0.0,0.0007128639817237854
1785290129.4600759,0.0,0.0,0.0007174720168113709
1785290129.461145,0.0,0.0,0.0007078719735145568
1785290129.4622233,0.0,0.0,0.000723039984703064
1785290129.4633255,0.0,0.0,0.0007372159957885743
1785290129.4644086,0.0,0.0,0.0007157760262489318
1785290129.465485,0.0,0.0,0.000714784026145935
1785290129.466547,0.0,0.0,0.0007051519751548767
1785290129.4676716,0.0,0.0,0.0007543680071830749
1785290129.4687579,0.0,0.0,0.0007175040245056152
1785290129.4698663,0.0,0.0,0.0007288640141487121
1785290129.4709573,0.0,0.0,0.0007224640250205993
1785290129.4727662,0.0,0.0,0.0014116799831390382
1785290129.4739037,0.0,0.0,0.0007530879974365234
1785290129.4749868,0.0,0.0,0.0007136639952659607
1785290129.4761083,0.0,0.0,0.0007257919907569885
1785290129.4771996,0.0,0.0,0.0007239999771118164
1785290129.4782882,0.0,0.0,0.0007232639789581299
1785290129.4793897,0.0,0.0,0.0007414079904556275
1785290129.4804804,0.0,0.0,0.0007231360077857972
1785290129.4815688,0.0,0.0,0.0007206079959869385
1785290129.4826384,0.0,0.0,0.0007128639817237854
1785290129.4837449,0.0,0.0,0.0007451519966125488
1785290129.4848373,0.0,0.0,0.0007229120135307311
1785290129.4859188,0.0,0.0,0.0007156800031661988
1785290129.4869986,0.0,0.0,0.0007189760208129882
1785290129.4880965,0.0,0.0,0.000717631995677948
1785290129.4891708,0.0,0.0,0.0007103999853134155
1785290129.490246,0.0,0.0,0.0007126399874687195
1785290129.4913464,0.0,0.0,0.0007327039837837219
1785290129.4924238,0.0,0.0,0.000709119975566864
1785290129.4935014,0.0,0.0,0.0007145919799804687
1785290129.4945705,0.0,0.0,0.0007092480063438416
1785290129.4956596,0.0,0.0,0.0007260800004005432
1785290129.496727,0.0,0.0,0.0007043840289115905
1785290129.4977987,0.0,0.0,0.000708512008190155
1785290129.498864,0.0,0.0,0.000705024003982544
1785290129.4999752,0.0,0.0,0.0007219200134277344
1785290129.5010443,0.0,0.0,0.0007103999853134155
1785290129.5021498,0.0,0.0,0.0007109760046005249
1785290129.5032518,0.0,0.0,0.0007324479818344116
1785290129.5043385,0.0,0.0,0.0007225599884986877
1785290129.5054076,0.0,0.0,0.0007125120162963868
1785290129.506475,0.0,0.0,0.0007056000232696534
1785290129.5075583,0.0,0.0,0.0007206400036811829
1785290129.5086403,0.0,0.0,0.0007160000205039978
1785290129.5097005,0.0,0.0,0.0006969280242919922
1785290129.5107696,0.0,0.0,0.0007058240175247193
1785290129.5118654,0.0,0.0,0.0007085760235786439
1785290129.512934,0.0,0.0,0.0007060480117797852
1785290129.5140283,0.0,0.0,0.0007192959785461426
1785290129.5151234,0.0,0.0,0.0007065280079841614
1785290129.516217,0.0,0.0,0.0007194560170173645
1785290129.5173,0.0,0.0,0.0007187839746475219
1785290129.5183752,0.0,0.0,0.000711072027683258
1785290129.519468,0.0,0.0,0.0007321599721908569
1785290129.5205486,0.0,0.0,0.000713375985622406
1785290129.5216253,0.0,0.0,0.0007096319794654846
1785290129.5227256,0.0,0.0,0.0007274559736251831
1785290129.523869,0.0,0.0,0.000770304024219513
1785290129.525026,0.0,0.0,0.0007648000121116638
1785290129.5261674,0.0,0.0,0.0007531200051307678
1785290129.528022,0.0,0.0,0.0014763519763946534
1785290129.5291638,0.0,0.0,0.0007485120296478272
1785290129.530265,0.0,0.0,0.0007279360294342041
1785290129.5313675,0.0,0.0,0.00073471999168396
1785290129.532445,0.0,0.0,0.0007152000069618225
1785290129.5335143,0.0,0.0,0.000708832025527954
1785290129.534598,0.0,0.0,0.0007094399929046631
1785290129.5357072,0.0,0.0,0.0007441279888153077
1785290129.5367928,0.0,0.0,0.0007190719842910767
1785290129.5378675,0.0,0.0,0.0007130240201950074
1785290129.5389416,0.0,0.0,0.0007114560008049011
1785290129.5400693,0.0,0.0,0.0007286400198936462
1785290129.5411568,0.0,0.0,0.0007175359725952148
1785290129.5422242,0.0,0.0,0.000702239990234375
1785290129.543339,0.0,0.0,0.0007422720193862915
1785290129.5444286,0.0,0.0,0.0007164800167083741
1785290129.5455196,0.0,0.0,0.0007270079851150513
1785290129.5466106,0.0,0.0,0.0007273600101470947
1785290129.5477245,0.0,0.0,0.0007440320253372192
1785290129.5488167,0.0,0.0,0.0007182400226593017
1785290129.5499089,0.0,0.0,0.0007230079770088196
1785290129.5509946,0.0,0.0,0.0007193599939346314
1785290129.5520983,0.0,0.0,0.0007225279808044433
1785290129.5531662,0.0,0.0,0.000711135983467102
1785290129.5542397,0.0,0.0,0.0007104319930076599
1785290129.5553422,0.0,0.0,0.0007348480224609375
1785290129.5564342,0.0,0.0,0.0007217919826507568
1785290129.5575075,0.0,0.0,0.0007074880003929138
1785290129.5585735,0.0,0.0,0.00070387202501297
1785290129.5596542,0.0,0.0,0.0007199360132217408
1785290129.5607233,0.0,0.0,0.0007040640115737915
1785290129.5618114,0.0,0.0,0.0007220159769058227
1785290129.5628817,0.0,0.0,0.0007094399929046631
1785290129.5639691,0.0,0.0,0.0007035840153694153
1785290129.5650463,0.0,0.0,0.0007109439969062805
1785290129.5661209,0.0,0.0,0.0007077440023422241
1785290129.5672152,0.0,0.0,0.0007318400144577026
1785290129.5682895,0.0,0.0,0.0007109119892120361
1785290129.5693655,0.0,0.0,0.0007083200216293335
1785290129.570441,0.0,0.0,0.0007173439860343933
1785290129.5715299,0.0,0.0,0.0007311999797821045
1785290129.5726058,0.0,0.0,0.0007109760046005249
1785290129.573664,0.0,0.0,0.0006989759802818298
1785290129.5747294,0.0,0.0,0.0007062720060348511
1785290129.5758307,0.0,0.0,0.0007355520129203796
1785290129.576912,0.0,0.0,0.0007184640169143676
1785290129.5780094,0.0,0.0,0.0007292479872703552
1785290129.5791147,0.0,0.0,0.0007280960083007813
1785290129.5802236,0.0,0.0,0.0007388160228729248
1785290129.581314,0.0,0.0,0.0007278720140457153
1785290129.583155,0.0,0.0,0.0014661439657211303
1785290129.5842998,0.0,0.0,0.0007515519857406617
1785290129.5854118,0.0,0.0,0.0007362560033798217
1785290129.5864937,0.0,0.0,0.0007149440050125122
1785290129.5875797,0.0,0.0,0.0007271360158920288
1785290129.5886743,0.0,0.0,0.0007219200134277344
1785290129.5897417,0.0,0.0,0.0007050880193710328
1785290129.5908043,0.0,0.0,0.000705951988697052
1785290129.5919073,0.0,0.0,0.0007200319766998291
1785290129.5929744,0.0,0.0,0.0007035199999809265
1785290129.5940566,0.0,0.0,0.000715391993522644
1785290129.5951447,0.0,0.0,0.0007313600182533264
1785290129.5962427,0.0,0.0,0.0007306560277938843
1785290129.597321,0.0,0.0,0.0007164480090141297
1785290129.5983825,0.0,0.0,0.0007012799978256225
1785290129.599477,0.0,0.0,0.000724511981010437
1785290129.600536,0.0,0.0,0.0006949440240859986
1785290129.6016088,0.0,0.0,0.0007082239985466003
1785290129.6026812,0.0,0.0,0.0007082880139350891
1785290129.603784,0.0,0.0,0.0007440959811210633
1785290129.6048634,0.0,0.0,0.0007134720087051392
1785290129.6059167,0.0,0.0,0.0006943359971046448
1785290129.6069798,0.0,0.0,0.0007071040272712707
1785290129.6080623,0.0,0.0,0.0007060800194740296
1785290129.6091413,0.0,0.0,0.0007122880220413207
1785290129.6102169,0.0,0.0,0.0007145280241966247
1785290129.6113036,0.0,0.0,0.0007237439751625061
1785290129.6123743,0.0,0.0,0.0007062720060348511
1785290129.6134415,0.0,0.0,0.0007034239768981933
1785290129.6145208,0.0,0.0,0.0007178879976272583
1785290129.6156187,0.0,0.0,0.0007404159903526307
1785290129.6166878,0.0,0.0,0.0007050880193710328
1785290129.617774,0.0,0.0,0.0007215679883956909
1785290129.6188433,0.0,0.0,0.0007051839828491211
1785290129.6199462,0.0,0.0,0.0007237439751625061
1785290129.621028,0.0,0.0,0.0007126719951629639
1785290129.6220925,0.0,0.0,0.0006998400092124939
1785290129.6231883,0.0,0.0,0.0007335039973258973
1785290129.6242628,0.0,0.0,0.0007097600102424622
1785290129.6253579,0.0,0.0,0.0007278079986572266
1785290129.6264353,0.0,0.0,0.0007177280187606811
1785290129.627541,0.0,0.0,0.0007390080094337463
1785290129.6286318,0.0,0.0,0.0007232319712638855
1785290129.6297157,0.0,0.0,0.0007207679748535156
1785290129.6307836,0.0,0.0,0.0007122240066528321
1785290129.63189,0.0,0.0,0.0007264959812164307
1785290129.6329923,0.0,0.0,0.0007325440049171448
1785290129.6340864,0.0,0.0,0.0007243520021438599
1785290129.6351879,0.0,0.0,0.0007327359914779663
1785290129.6362696,0.0,0.0,0.0007149119973182678
1785290129.6380534,0.0,0.0,0.0014172159433364867
1785290129.6392055,0.0,0.0,0.0007654079794883729
1785290129.6402974,0.0,0.0,0.0007217280268669128
1785290129.6413925,0.0,0.0,0.0007251200079917908
1785290129.6424668,0.0,0.0,0.000712448000907898
1785290129.6435697,0.0,0.0,0.000742143988609314
1785290129.6446605,0.0,0.0,0.0007233600020408631
1785290129.645733,0.0,0.0,0.0007130879759788513
1785290129.6468065,0.0,0.0,0.0007124159932136536
1785290129.6479132,0.0,0.0,0.0007172799706459045
1785290129.64899,0.0,0.0,0.0007121599912643433
1785290129.650066,0.0,0.0,0.0007136639952659607
1785290129.6511664,0.0,0.0,0.0007419840097427368
1785290129.6522388,0.0,0.0,0.0007089279890060425
1785290129.6533122,0.0,0.0,0.0007123200297355651
1785290129.654377,0.0,0.0,0.0007071679830551147
1785290129.6554687,0.0,0.0,0.000729632019996643
1785290129.656527,0.0,0.0,0.0007001280188560486
1785290129.6575994,0.0,0.0,0.0007097600102424622
1785290129.6586745,0.0,0.0,0.0007109439969062805
1785290129.6597788,0.0,0.0,0.0007387840151786804
1785290129.6608427,0.0,0.0,0.0007031999826431274
1785290129.661921,0.0,0.0,0.0007142400145530701
1785290129.6629844,0.0,0.0,0.0007021440267562867
1785290129.6640801,0.0,0.0,0.0007193920016288758
1785290129.6651511,0.0,0.0,0.0007077440023422241
1785290129.6662261,0.0,0.0,0.0007131839990615845
1785290129.667325,0.0,0.0,0.0007356799840927124
1785290129.668409,0.0,0.0,0.0007169600129127503
1785290129.66949,0.0,0.0,0.0007142400145530701
1785290129.670568,0.0,0.0,0.0007159360051155091
1785290129.6716564,0.0,0.0,0.0007321599721908569
1785290129.6727204,0.0,0.0,0.0007053760290145874
1785290129.6737938,0.0,0.0,0.0007136319875717163
1785290129.674862,0.0,0.0,0.0007048320174217224
1785290129.6759596,0.0,0.0,0.0007125120162963868
1785290129.6770337,0.0,0.0,0.0007103040218353272
1785290129.6780992,0.0,0.0,0.0007043200135231018
1785290129.6792102,0.0,0.0,0.0007428479790687561
1785290129.6803122,0.0,0.0,0.0007317119836807251
1785290129.6813724,0.0,0.0,0.0007024639844894409
1785290129.6824403,0.0,0.0,0.0007117760181427002
1785290129.6835399,0.0,0.0,0.0007374719977378846
1785290129.684632,0.0,0.0,0.0007244799733161926
1785290129.685719,0.0,0.0,0.000722271978855133
1785290129.6867857,0.0,0.0,0.0007087039947509766
1785290129.6879172,0.0,0.0,0.0007438719868659973
1785290129.6890333,0.0,0.0,0.0007354879975318909
1785290129.690119,0.0,0.0,0.0007127040028572083
1785290129.6912212,0.0,0.0,0.0007328320145606994
1785290129.6923203,0.0,0.0,0.0007275519967079163
1785290129.6940994,0.0,0.0,0.0007661439776420594
1785290129.695233,0.0,0.0,0.0007590720057487488
1785290129.6963322,0.0,0.0,0.00072816002368927
1785290129.6974218,0.0,0.0,0.0007280319929122925
1785290129.6984918,0.0,0.0,0.0007107840180397034
1785290129.6995974,0.0,0.0,0.0007433599829673767
1785290129.7006805,0.0,0.0,0.0007192959785461426
1785290129.7017632,0.0,0.0,0.0007211520075798035
1785290129.70283,0.0,0.0,0.0007081279754638671
1785290129.7039442,0.0,0.0,0.0007302399873733521
1785290129.7050288,0.0,0.0,0.0007125440239906311
1785290129.7061057,0.0,0.0,0.0007107200026512146
1785290129.7072,0.0,0.0,0.0007311360239982605
1785290129.7082918,0.0,0.0,0.000723904013633728
1785290129.709355,0.0,0.0,0.0007032319903373718
1785290129.710432,0.0,0.0,0.0007179840207099914
1785290129.711533,0.0,0.0,0.0007381119728088379
1785290129.7126236,0.0,0.0,0.0007255039811134338
1785290129.71371,0.0,0.0,0.00072598397731781
1785290129.7147954,0.0,0.0,0.0007202240228652954
1785290129.715915,0.0,0.0,0.0007351040244102478
1785290129.7169962,0.0,0.0,0.0007138239741325378
1785290129.718064,0.0,0.0,0.0007049919962882996
1785290129.7191596,0.0,0.0,0.0007358080148696899
1785290129.720255,0.0,0.0,0.0007257919907569885
1785290129.7213237,0.0,0.0,0.0007078719735145568
1785290129.722398,0.0,0.0,0.000712448000907898
1785290129.723495,0.0,0.0,0.0007354559898376465
1785290129.7245817,0.0,0.0,0.0007222399711608886
1785290129.7256618,0.0,0.0,0.0007124800086021424
1785290129.7267523,0.0,0.0,0.0007311999797821045
1785290129.7278385,0.0,0.0,0.0007020480036735535
1785290129.7289093,0.0,0.0,0.0007118719816207885
1785290129.7299733,0.0,0.0,0.0007015359997749329
1785290129.7310634,0.0,0.0,0.0007246720194816589
1785290129.7321813,0.0,0.0,0.0007266560196876526
1785290129.7333777,0.0,0.0,0.0007349119782447815
1785290129.7344859,0.0,0.0,0.0007356160283088684
1785290129.7356002,0.0,0.0,0.0007476159930229188
1785290129.7366993,0.0,0.0,0.0007344319820404053
1785290129.7377758,0.0,0.0,0.0007146559953689575
1785290129.7388437,0.0,0.0,0.0007058879733085632
1785290129.7399352,0.0,0.0,0.0007139520049095154
1785290129.7410188,0.0,0.0,0.0007145280241966247
1785290129.742086,0.0,0.0,0.0007086719870567322
1785290129.7432237,0.0,0.0,0.0007722240090370178
1785290129.7443357,0.0,0.0,0.0007312960028648377
1785290129.7454407,0.0,0.0,0.0007342720031738282
1785290129.7465231,0.0,0.0,0.0007179520130157471
1785290129.7476385,0.0,0.0,0.0007471359968185424
1785290129.749419,0.0,0.0,0.0007784000039100647
1785290129.7505202,0.0,0.0,0.0007276480197906494
1785290129.7516203,0.0,0.0,0.000734112024307251
1785290129.7527015,0.0,0.0,0.0007122560143470765
1785290129.753852,0.0,0.0,0.0007264320254325866
1785290129.7549684,0.0,0.0,0.0007375680208206177
1785290129.756064,0.0,0.0,0.0007103040218353272
1785290129.7571518,0.0,0.0,0.0007253440022468567
1785290129.758242,0.0,0.0,0.0007202879786491394
1785290129.759329,0.0,0.0,0.0007271040081977845
1785290129.7603962,0.0,0.0,0.0007063680291175842
1785290129.7614703,0.0,0.0,0.0007071999907493591
1785290129.7625644,0.0,0.0,0.0007301440238952637
1785290129.7636707,0.0,0.0,0.0007403519749641419
1785290129.7647624,0.0,0.0,0.000722656011581421
1785290129.7658453,0.0,0.0,0.0007191359996795655
1785290129.766912,0.0,0.0,0.0007070080041885376
1785290129.768015,0.0,0.0,0.000717087984085083
1785290129.769098,0.0,0.0,0.0007145919799804687
1785290129.770173,0.0,0.0,0.0007090240120887757
1785290129.771289,0.0,0.0,0.0007460479736328125
1785290129.7723556,0.0,0.0,0.0007047039866447448
1785290129.7734268,0.0,0.0,0.0007072319984436035
1785290129.7745137,0.0,0.0,0.0007172799706459045
1785290129.7756205,0.0,0.0,0.0007400000095367431
1785290129.7767057,0.0,0.0,0.0007128959894180298
1785290129.7777708,0.0,0.0,0.000705120027065277
1785290129.778865,0.0,0.0,0.0007291200160980224
1785290129.7799714,0.0,0.0,0.000722208023071289
1785290129.781038,0.0,0.0,0.0007017920017242432
1785290129.7821288,0.0,0.0,0.0007181119918823242
1785290129.7832222,0.0,0.0,0.0007331839799880981
1785290129.784304,0.0,0.0,0.0007152320146560669
1785290129.785388,0.0,0.0,0.0007221440076828003
1785290129.7864642,0.0,0.0,0.0007098240256309509
1785290129.7875643,0.0,0.0,0.0007351040244102478
1785290129.7886467,0.0,0.0,0.0007160959839820862
1785290129.789725,0.0,0.0,0.0007143359780311584
1785290129.790805,0.0,0.0,0.0007138559818267822
1785290129.7919028,0.0,0.0,0.0007147520184516907
1785290129.7929778,0.0,0.0,0.0007095360159873963
1785290129.7940514,0.0,0.0,0.0007163199782371521
1785290129.7951453,0.0,0.0,0.0007316160202026367
1785290129.7962284,0.0,0.0,0.0007184640169143676
1785290129.7972994,0.0,0.0,0.0007106239795684814
1785290129.798394,0.0,0.0,0.0007312319874763489
1785290129.799513,0.0,0.0,0.0007422400116920471
1785290129.8006206,0.0,0.0,0.0007337920069694519
1785290129.8017073,0.0,0.0,0.0007175679802894592
1785290129.8028014,0.0,0.0,0.0007256640195846557
1785290129.8045802,0.0,0.0,0.000771615982055664
1785290129.805681,0.0,0.0,0.0007255359888076782
1785290129.8067737,0.0,0.0,0.000727840006351471
1785290129.8078995,0.0,0.0,0.0007363520264625549
1785290129.8089864,0.0,0.0,0.0007180799841880798
1785290129.8100758,0.0,0.0,0.0007256960272789001
1785290129.8111804,0.0,0.0,0.000731935977935791
1785290129.812259,0.0,0.0,0.0007070080041885376
1785290129.8133295,0.0,0.0,0.000710207998752594
1785290129.8143923,0.0,0.0,0.0006995840072631836
1785290129.8154957,0.0,0.0,0.0007453759908676148
1785290129.8165772,0.0,0.0,0.0007172160148620606
1785290129.8176627,0.0,0.0,0.0007159680128097535
1785290129.8187354,0.0,0.0,0.0007113280296325683
1785290129.8198428,0.0,0.0,0.0007441920042037963
1785290129.8209376,0.0,0.0,0.0007238079905509949
1785290129.8220117,0.0,0.0,0.0007086079716682434
1785290129.823084,0.0,0.0,0.0007098240256309509
1785290129.8241892,0.0,0.0,0.000717631995677948
1785290129.8252661,0.0,0.0,0.0007097600102424622
1785290129.8263476,0.0,0.0,0.0007204800248146057
1785290129.8274689,0.0,0.0,0.00075273597240448
1785290129.8285668,0.0,0.0,0.0007242239713668823
1785290129.8296435,0.0,0.0,0.000711679995059967
1785290129.8307428,0.0,0.0,0.0007282879948616028
1785290129.8318539,0.0,0.0,0.0007234879732131958
1785290129.832935,0.0,0.0,0.0007126079797744751
1785290129.8340087,0.0,0.0,0.0007112960219383239
1785290129.83509,0.0,0.0,0.0007187839746475219
1785290129.8362162,0.0,0.0,0.0007374079823493958
1785290129.837322,0.0,0.0,0.0007328320145606994
1785290129.838421,0.0,0.0,0.0007288640141487121
1785290129.8395343,0.0,0.0,0.0007469120025634765
1785290129.840629,0.0,0.0,0.0007271040081977845
1785290129.841706,0.0,0.0,0.0007183359861373901
1785290129.8427925,0.0,0.0,0.0007216320037841797
1785290129.843905,0.0,0.0,0.0007306879758834839
1785290129.8449814,0.0,0.0,0.0007064319849014282
1785290129.8460588,0.0,0.0,0.0007099840044975281
1785290129.8471665,0.0,0.0,0.0007363200187683105
1785290129.8482475,0.0,0.0,0.0007163199782371521
1785290129.8493254,0.0,0.0,0.0007130560278892517
1785290129.8503935,0.0,0.0,0.0007095680236816406
1785290129.8515015,0.0,0.0,0.000747648000717163
1785290129.852568,0.0,0.0,0.000705024003982544
1785290129.853657,0.0,0.0,0.000731552004814148
1785290129.854763,0.0,0.0,0.000733568012714386
1785290129.8558683,0.0,0.0,0.0007192000150680543
1785290129.8569546,0.0,0.0,0.000714464008808136
1785290129.8580322,0.0,0.0,0.0007111999988555908
1785290129.859886,0.0,0.0,0.0007807040214538575
1785290129.8610075,0.0,0.0,0.000735647976398468
1785290129.8621016,0.0,0.0,0.0007283200025558472
1785290129.8632011,0.0,0.0,0.0007362880110740661
1785290129.8643034,0.0,0.0,0.0007360640168190002
1785290129.8654282,0.0,0.0,0.0007455360293388367
1785290129.866523,0.0,0.0,0.0007246720194816589
1785290129.8676405,0.0,0.0,0.0007523840069770813
1785290129.8687067,0.0,0.0,0.0007015680074691773
1785290129.8697922,0.0,0.0,0.000716543972492218
1785290129.870873,0.0,0.0,0.000720416009426117
1785290129.8719888,0.0,0.0,0.0007298880219459533
1785290129.873072,0.0,0.0,0.000716543972492218
1785290129.8741477,0.0,0.0,0.0007127040028572083
1785290129.8752491,0.0,0.0,0.0007401279807090759
1785290129.876347,0.0,0.0,0.0007241920232772827
1785290129.8774192,0.0,0.0,0.0007140799760818481
1785290129.8784962,0.0,0.0,0.0007191359996795655
1785290129.8796024,0.0,0.0,0.0007435839772224426
1785290129.880686,0.0,0.0,0.0007187200188636779
1785290129.8817582,0.0,0.0,0.0007113599777221679
1785290129.882841,0.0,0.0,0.0007190080285072326
1785290129.883953,0.0,0.0,0.0007225919961929321
1785290129.8850412,0.0,0.0,0.0007118719816207885
1785290129.8861182,0.0,0.0,0.0007096319794654846
1785290129.8872273,0.0,0.0,0.0007422080039978027
1785290129.8883147,0.0,0.0,0.0007200959920883179
1785290129.8893797,0.0,0.0,0.0007008320093154907
1785290129.890448,0.0,0.0,0.000711679995059967
1785290129.8915653,0.0,0.0,0.000748095989227295
1785290129.8926432,0.0,0.0,0.0007146239876747131
1785290129.8937273,0.0,0.0,0.0007208639979362488
1785290129.894817,0.0,0.0,0.0007212479710578918
1785290129.8959253,0.0,0.0,0.0007250880002975464
1785290129.8970118,0.0,0.0,0.0007169600129127503
1785290129.8980927,0.0,0.0,0.0007160959839820862
1785290129.8992,0.0,0.0,0.0007359679937362671
1785290129.9002964,0.0,0.0,0.0007320960164070129
1785290129.9013581,0.0,0.0,0.0007019839882850647
1785290129.9024336,0.0,0.0,0.0007138559818267822
1785290129.9035335,0.0,0.0,0.0007360960245132446
1785290129.9046266,0.0,0.0,0.0007191680073738099
1785290129.9057014,0.0,0.0,0.0007106879949569702
1785290129.9067833,0.0,0.0,0.0007190719842910767
1785290129.9078991,0.0,0.0,0.0007278720140457153
1785290129.9090128,0.0,0.0,0.0007471680045127868
1785290129.9101279,0.0,0.0,0.0007343999743461609
1785290129.911224,0.0,0.0,0.0007281919717788696
1785290129.9123154,0.0,0.0,0.0007188479900360107
1785290129.9134164,0.0,0.0,0.0007317439913749695
1785290129.915288,0.0,0.0,0.0007874559760093689
1785290129.916402,0.0,0.0,0.0007392640113830566
1785290129.9174917,0.0,0.0,0.0007209600210189819
1785290129.918574,0.0,0.0,0.000723039984703064
1785290129.9196744,0.0,0.0,0.0007326719760894775
1785290129.9207623,0.0,0.0,0.0007199360132217408
1785290129.9218452,0.0,0.0,0.0007189760208129882
1785290129.9229276,0.0,0.0,0.0007202879786491394
1785290129.9240448,0.0,0.0,0.0007268800139427185
1785290129.9251137,0.0,0.0,0.0007067199945449829
1785290129.926169,0.0,0.0,0.0006953920125961304
1785290129.927264,0.0,0.0,0.0007333760261535644
1785290129.9283476,0.0,0.0,0.0007193920016288758
1785290129.9294417,0.0,0.0,0.0007234560251235962
1785290129.93053,0.0,0.0,0.0007220159769058227
1785290129.9316432,0.0,0.0,0.0007487679719924927
1785290129.9327269,0.0,0.0,0.0007160000205039978
1785290129.9337978,0.0,0.0,0.0007062720060348511
1785290129.9348614,0.0,0.0,0.0007037439942359924
1785290129.935964,0.0,0.0,0.000722271978855133
1785290129.9370306,0.0,0.0,0.0007042880058288574
1785290129.9381094,0.0,0.0,0.0007195839881896973
1785290129.939206,0.0,0.0,0.0007314239740371704
1785290129.9403028,0.0,0.0,0.0007294719815254211
1785290129.9413707,0.0,0.0,0.0007016639709472657
1785290129.9424314,0.0,0.0,0.0007050880193710328
1785290129.9435265,0.0,0.0,0.0007358719706535339
1785290129.9445963,0.0,0.0,0.0007071999907493591
1785290129.945674,0.0,0.0,0.000711903989315033
1785290129.946741,0.0,0.0,0.0007067199945449829
1785290129.9478383,0.0,0.0,0.0007360000014305115
1785290129.9489174,0.0,0.0,0.0007108479738235473
1785290129.9499934,0.0,0.0,0.000708736002445221
1785290129.9510727,0.0,0.0,0.0007126399874687195
1785290129.9521732,0.0,0.0,0.0007145280241966247
1785290129.9532495,0.0,0.0,0.0007161920070648194
1785290129.9543216,0.0,0.0,0.0007114880084991455
1785290129.9554193,0.0,0.0,0.0007383040189743042
1785290129.9564946,0.0,0.0,0.0007103999853134155
1785290129.9575481,0.0,0.0,0.0006985599994659424
1785290129.958613,0.0,0.0,0.0007072640061378479
1785290129.959711,0.0,0.0,0.0007380480170249939
1785290129.9607816,0.0,0.0,0.0007049279808998108
1785290129.9618442,0.0,0.0,0.0006976959705352784
1785290129.9629161,0.0,0.0,0.0007175359725952148
1785290129.9640353,0.0,0.0,0.0007317439913749695
1785290129.9651215,0.0,0.0,0.0007189120054244995
1785290129.9662077,0.0,0.0,0.0007190399765968323
1785290129.967314,0.0,0.0,0.000743552029132843
1785290129.9684024,0.0,0.0,0.0007171519994735718
1785290129.970196,0.0,0.0,0.0007719039916992187
1785290129.9713328,0.0,0.0,0.0007603200078010559
1785290129.9724119,0.0,0.0,0.0007095999717712402
1785290129.9735024,0.0,0.0,0.0007240639925003052
1785290129.9745772,0.0,0.0,0.0007144320011138916
1785290129.9756813,0.0,0.0,0.000743552029132843
1785290129.9767616,0.0,0.0,0.0007138879895210266
1785290129.977854,0.0,0.0,0.00072598397731781
1785290129.9789364,0.0,0.0,0.0007153599858283996
1785290129.980037,0.0,0.0,0.0007148159742355346
1785290129.9811215,0.0,0.0,0.0007160959839820862
1785290129.9821947,0.0,0.0,0.0007101439833641052
1785290129.983295,0.0,0.0,0.0007305600047111512
1785290129.984384,0.0,0.0,0.0007212160229682922
1785290129.9854531,0.0,0.0,0.0007094720005989075
1785290129.986538,0.0,0.0,0.0007219520211219787
1785290129.9876435,0.0,0.0,0.0007413120269775391
1785290129.9887269,0.0,0.0,0.0007185919880867004
1785290129.989817,0.0,0.0,0.0007174720168113709
1785290129.9908967,0.0,0.0,0.0007118080258369445
1785290129.9919872,0.0,0.0,0.0007065600156784058
1785290129.9930744,0.0,0.0,0.0007197440266609192
1785290129.994149,0.0,0.0,0.0007152640223503112
1785290129.9952497,0.0,0.0,0.000731552004814148
1785290129.99633,0.0,0.0,0.0007152320146560669
1785290129.997407,0.0,0.0,0.0007163199782371521
1785290129.99849,0.0,0.0,0.000718176007270813
1785290129.9995997,0.0,0.0,0.0007423999905586243
1785290130.0006962,0.0,0.0,0.0007284799814224243
1785290130.0017755,0.0,0.0,0.0007145919799804687
1785290130.002858,0.0,0.0,0.000718559980392456
1785290130.0039554,0.0,0.0,0.0007100160121917725
1785290130.0050313,0.0,0.0,0.0007149760127067566
1785290130.006101,0.0,0.0,0.0007108160257339477
1785290130.0071976,0.0,0.0,0.0007332800030708313
1785290130.008287,0.0,0.0,0.000724128007888794
1785290130.009357,0.0,0.0,0.0007081599831581115
1785290130.0104485,0.0,0.0,0.0007255359888076782
1785290130.0115588,0.0,0.0,0.0007463999986648559
1785290130.012642,0.0,0.0,0.0007140480279922485
1785290130.0137305,0.0,0.0,0.0007188479900360107
1785290130.014807,0.0,0.0,0.0007076799869537353
1785290130.0159004,0.0,0.0,0.0007097280025482178
1785290130.0169766,0.0,0.0,0.000707423985004425
1785290130.0180519,0.0,0.0,0.0007150719761848449
1785290130.0191445,0.0,0.0,0.0007345920205116272
1785290130.020255,0.0,0.0,0.0007309439778327942
1785290130.0213442,0.0,0.0,0.0007232959866523743
1785290130.022415,0.0,0.0,0.0007048959732055664
1785290130.0235376,0.0,0.0,0.0007520319819450379
1785290130.0252738,0.0,0.0,0.0013646719455718995
1785290130.0263984,0.0,0.0,0.0007380480170249939
1785290130.027519,0.0,0.0,0.0007466239929199219
1785290130.0286334,0.0,0.0,0.0007448639869689942
1785290130.0297177,0.0,0.0,0.0007196159958839417
1785290130.030787,0.0,0.0,0.0007062720060348511
1785290130.0318959,0.0,0.0,0.0007219520211219787
1785290130.0329812,0.0,0.0,0.0007169600129127503
1785290130.0340524,0.0,0.0,0.0007054719924926758
1785290130.0351386,0.0,0.0,0.0007255039811134338
1785290130.0363126,0.0,0.0,0.0007186880111694336
1785290130.0374227,0.0,0.0,0.0007316799759864807
1785290130.0384998,0.0,0.0,0.0007136639952659607
1785290130.0396051,0.0,0.0,0.0007420799732208252
1785290130.040701,0.0,0.0,0.0007302079796791077
1785290130.041783,0.0,0.0,0.000722656011581421
1785290130.04286,0.0,0.0,0.0007145599722862243
1785290130.043981,0.0,0.0,0.0007387840151786804
1785290130.0450552,0.0,0.0,0.0007072319984436035
1785290130.0461428,0.0,0.0,0.0007279040217399597
1785290130.0472386,0.0,0.0,0.000729695975780487
1785290130.0483541,0.0,0.0,0.000720192015171051
1785290130.0494375,0.0,0.0,0.000712992012500763
1785290130.0505147,0.0,0.0,0.0007100480198860169
1785290130.0516279,0.0,0.0,0.0007566080093383789
1785290130.0527048,0.0,0.0,0.0007068160176277161
1785290130.053778,0.0,0.0,0.0007161920070648194
1785290130.0548627,0.0,0.0,0.0007194560170173645
1785290130.0559661,0.0,0.0,0.0007155839800834656
1785290130.0570486,0.0,0.0,0.0007155200242996215
1785290130.0581279,0.0,0.0,0.0007071040272712707
1785290130.059224,0.0,0.0,0.0007374079823493958
1785290130.0603,0.0,0.0,0.0007112960219383239
1785290130.0613608,0.0,0.0,0.000705631971359253
1785290130.0624363,0.0,0.0,0.0007151039838790893
1785290130.0635333,0.0,0.0,0.000732800006866455
1785290130.0646205,0.0,0.0,0.0007221440076828003
1785290130.065693,0.0,0.0,0.0007101439833641052
1785290130.0667577,0.0,0.0,0.0007024639844894409
1785290130.0678353,0.0,0.0,0.0007028800249099732
1785290130.068925,0.0,0.0,0.0007216960191726684
1785290130.0699937,0.0,0.0,0.0007086719870567322
1785290130.0710776,0.0,0.0,0.0007193920016288758
1785290130.0721912,0.0,0.0,0.0007236800193786621
1785290130.0732725,0.0,0.0,0.0007186880111694336
1785290130.0743575,0.0,0.0,0.0007200000286102295
1785290130.0754757,0.0,0.0,0.0007466880083084106
1785290130.0765722,0.0,0.0,0.0007233279943466187
1785290130.0776684,0.0,0.0,0.0007235199809074402
1785290130.0787673,0.0,0.0,0.0007263039946556092
1785290130.0805826,0.0,0.0,0.0007874879837036133
1785290130.0817075,0.0,0.0,0.0007409279942512513
1785290130.0828006,0.0,0.0,0.0007208960056304932
1785290130.0839217,0.0,0.0,0.0007366399765014648
1785290130.0850127,0.0,0.0,0.0007211840152740478
1785290130.086081,0.0,0.0,0.000702239990234375
1785290130.0871673,0.0,0.0,0.0007201600074768067
1785290130.0882487,0.0,0.0,0.0007105600237846374
1785290130.0893168,0.0,0.0,0.0007013440132141113
1785290130.0903995,0.0,0.0,0.0007211199998855591
1785290130.091505,0.0,0.0,0.0007371199727058411
1785290130.0926037,0.0,0.0,0.0007275519967079163
1785290130.093676,0.0,0.0,0.0007092480063438416
1785290130.0947595,0.0,0.0,0.0007186239957809448
1785290130.0958624,0.0,0.0,0.0007238399982452393
1785290130.0969458,0.0,0.0,0.0007198399901390076
1785290130.098015,0.0,0.0,0.0007053440213203431
1785290130.099111,0.0,0.0,0.0007171199917793274
1785290130.1002078,0.0,0.0,0.0007245759963989258
1785290130.1012976,0.0,0.0,0.0007194880247116089
1785290130.102404,0.0,0.0,0.000720736026763916
1785290130.1035023,0.0,0.0,0.0007302079796791077
1785290130.1046724,0.0,0.0,0.0007200639843940735
1785290130.1057644,0.0,0.0,0.0007264320254325866
1785290130.1068323,0.0,0.0,0.0007070720195770264
1785290130.10794,0.0,0.0,0.0007246080040931702
1785290130.1090095,0.0,0.0,0.0007080640196800232
1785290130.11009,0.0,0.0,0.0007153599858283996
1785290130.1111813,0.0,0.0,0.0007248960137367248
1785290130.1122603,0.0,0.0,0.000712831974029541
1785290130.1133456,0.0,0.0,0.0007190399765968323
1785290130.1144238,0.0,0.0,0.0007090240120887757
1785290130.1155221,0.0,0.0,0.00073471999168396
1785290130.1166034,0.0,0.0,0.0007104319930076599
1785290130.1176944,0.0,0.0,0.0007196480035781861
1785290130.1187751,0.0,0.0,0.000717087984085083
1785290130.1198997,0.0,0.0,0.000737887978553772
1785290130.120973,0.0,0.0,0.0007020800113677979
1785290130.122035,0.0,0.0,0.0007007039785385131
1785290130.1231368,0.0,0.0,0.0007330560088157653
1785290130.124244,0.0,0.0,0.0007387199997901917
1785290130.1252995,0.0,0.0,0.0006947519779205323
1785290130.1263824,0.0,0.0,0.0007178239822387695
1785290130.1274798,0.0,0.0,0.0007312639951705933
1785290130.1285524,0.0,0.0,0.0007051839828491211
1785290130.129645,0.0,0.0,0.0007269759774208069
1785290130.130763,0.0,0.0,0.0007282559871673584
1785290130.131893,0.0,0.0,0.0007309120297431946
1785290130.1329885,0.0,0.0,0.0007194560170173645
1785290130.1340873,0.0,0.0,0.0007277439832687378
1785290130.1358912,0.0,0.0,0.0008082879781723023
1785290130.1370103,0.0,0.0,0.0007351999878883362
1785290130.1380942,0.0,0.0,0.0007164480090141297
1785290130.1391916,0.0,0.0,0.0007320320010185242
1785290130.1402655,0.0,0.0,0.0007073919773101806
1785290130.1413367,0.0,0.0,0.0007061759829521179
1785290130.142414,0.0,0.0,0.0007177280187606811
1785290130.1435168,0.0,0.0,0.0007379519939422608
1785290130.144595,0.0,0.0,0.0007102400064468384
1785290130.1456728,0.0,0.0,0.0007110400199890137
1785290130.1467497,0.0,0.0,0.000713375985622406
1785290130.1478627,0.0,0.0,0.000731552004814148
1785290130.1489537,0.0,0.0,0.000720416009426117
1785290130.1500354,0.0,0.0,0.0007118719816207885
1785290130.1511302,0.0,0.0,0.0007055360078811646
1785290130.1522264,0.0,0.0,0.0007242239713668823
1785290130.1533124,0.0,0.0,0.0007163839936256409
1785290130.1543972,0.0,0.0,0.0007175359725952148
1785290130.1554961,0.0,0.0,0.0007328640222549438
1785290130.1565683,0.0,0.0,0.000710591971874237
1785290130.1576204,0.0,0.0,0.0006909440159797669
1785290130.158705,0.0,0.0,0.0007234879732131958
1785290130.159794,0.0,0.0,0.0007302079796791077
1785290130.1608799,0.0,0.0,0.0007147200107574463
1785290130.161959,0.0,0.0,0.0007128000259399414
1785290130.1630342,0.0,0.0,0.000713919997215271
1785290130.1641304,0.0,0.0,0.0007119359970092773
1785290130.1652114,0.0,0.0,0.0007143999934196472
1785290130.1662807,0.0,0.0,0.0007034879922866821
1785290130.1673717,0.0,0.0,0.0007291839718818664
1785290130.1684682,0.0,0.0,0.0007267199754714966
1785290130.1695366,0.0,0.0,0.0007106559872627258
1785290130.1705968,0.0,0.0,0.0007017599940299988
1785290130.1716962,0.0,0.0,0.0007405120134353637
1785290130.172775,0.0,0.0,0.0007178559899330139
1785290130.173849,0.0,0.0,0.0007145599722862243
1785290130.1749227,0.0,0.0,0.0007089599967002869
1785290130.1760287,0.0,0.0,0.0007224640250205993
