time,in_time,out_time,inference_time
1785290577.5120683,0.0,0.0,0.06450364785268903
1785290577.5784237,0.0,0.0,0.06579257594421506
1785290577.6417735,0.0,0.0,0.06279203202575445
1785290577.705587,0.0,0.0,0.06324787205085158
1785290577.7704139,0.0,0.0,0.06425932818092406
1785290577.8397582,0.0,0.0,0.06878108787350357
1785290577.9051173,0.0,0.0,0.06480758381076157
1785290577.9703388,0.0,0.0,0.06465443200431764
1785290578.0368416,0.0,0.0,0.06593404803425074
1785290578.10195,0.0,0.0,0.06453759991563857
1785290578.168091,0.0,0.0,0.06557747209444642
1785290578.236436,0.0,0.0,0.06748224003240466
1785290578.3016756,0.0,0.0,0.06467974395491183
1785290578.3669882,0.0,0.0,0.06474275188520551
1785290578.4322598,0.0,0.0,0.06464918400160968
1785290578.4974315,0.0,0.0,0.06460428796708584
1785290578.5645845,0.0,0.0,0.0665810878854245
1785290578.632239,0.0,0.0,0.06671020807698369
1785290578.6974032,0.0,0.0,0.06459600012749434
1785290578.7627516,0.0,0.0,0.06478342390619218
1785290578.827905,0.0,0.0,0.0645226240158081
1785290578.8931143,0.0,0.0,0.0646459199488163
1785290578.9621646,0.0,0.0,0.0684858881868422
1785290579.0274932,0.0,0.0,0.06478931196033955
1785290579.0939085,0.0,0.0,0.06584800011478364
1785290579.1577764,0.0,0.0,0.06330156791955233
1785290579.2227604,0.0,0.0,0.06442070403136313
1785290579.2882278,0.0,0.0,0.06484326394274831
1785290579.357787,0.0,0.0,0.0689930240623653
1785290579.423071,0.0,0.0,0.06471510394476354
1785290579.4885018,0.0,0.0,0.06476707221008837
1785290579.5529807,0.0,0.0,0.06390854390338063
1785290579.6183085,0.0,0.0,0.06475945608690381
1785290579.6839213,0.0,0.0,0.0650452480185777
1785290579.7526631,0.0,0.0,0.06770892813801765
1785290579.8179517,0.0,0.0,0.064734464045614
1785290579.883427,0.0,0.0,0.06490259198471904
1785290579.9491982,0.0,0.0,0.0652026878669858
1785290580.0145564,0.0,0.0,0.06479760003276169
1785290580.0818224,0.0,0.0,0.06666569598019123
1785290580.1478817,0.0,0.0,0.06543728010728955
1785290580.213093,0.0,0.0,0.06465033604763448
1785290580.2784646,0.0,0.0,0.06480403197929263
1785290580.3439617,0.0,0.0,0.06489180796779692
1785290580.4094117,0.0,0.0,0.06487932801246643
1785290580.475556,0.0,0.0,0.06557417614385486
1785290580.5444999,0.0,0.0,0.06817247997969389
1785290580.614786,0.0,0.0,0.06972870393656194
1785290580.6801846,0.0,0.0,0.0647947839461267
1785290580.7451465,0.0,0.0,0.06439590407535434
1785290580.81037,0.0,0.0,0.06465923180803657
1785290580.8786795,0.0,0.0,0.06774783995933831
1785290580.9421253,0.0,0.0,0.06285171210765839
1785290581.0053904,0.0,0.0,0.06270089605823159
1785290581.0687912,0.0,0.0,0.0628253121394664
1785290581.1337056,0.0,0.0,0.06435244809836149
1785290581.1975052,0.0,0.0,0.06323014385998249
1785290581.2634296,0.0,0.0,0.06536278408020735
1785290581.3312068,0.0,0.0,0.06714108819141984
1785290581.3968701,0.0,0.0,0.06509932805784047
1785290581.46235,0.0,0.0,0.06491404795087874
1785290581.528102,0.0,0.0,0.06518992013297975
1785290581.59287,0.0,0.0,0.06419647997245193
1785290581.6601727,0.0,0.0,0.06662735994905233
1785290581.7275052,0.0,0.0,0.06485424004495144
1785290581.7929165,0.0,0.0,0.06484265602193773
1785290581.8571076,0.0,0.0,0.06361891212873161
1785290581.9211771,0.0,0.0,0.06350246397778392
1785290581.9854875,0.0,0.0,0.06374288001097739
1785290582.051863,0.0,0.0,0.06580732809379697
1785290582.1197314,0.0,0.0,0.06724614417180419
1785290582.1866946,0.0,0.0,0.066397920018062
1785290582.2507784,0.0,0.0,0.0634410239290446
1785290582.3161316,0.0,0.0,0.06474502407945693
1785290582.3815064,0.0,0.0,0.06481478386558592
1785290582.4480932,0.0,0.0,0.06603273609653115
1785290582.5143676,0.0,0.0,0.06451791990548372
1785290582.5805647,0.0,0.0,0.06562719983048737
1785290582.6452823,0.0,0.0,0.06415667198598385
1785290582.7096093,0.0,0.0,0.0637535999994725
1785290582.773682,0.0,0.0,0.06351334392093122
1785290582.8379934,0.0,0.0,0.06374531192705035
1785290582.9059799,0.0,0.0,0.06734419194981456
1785290582.9708626,0.0,0.0,0.06433017598465085
1785290583.0346365,0.0,0.0,0.06309593585319817
1785290583.0998037,0.0,0.0,0.06449718400835991
1785290583.1669207,0.0,0.0,0.06655296008102596
1785290583.2326999,0.0,0.0,0.065179327968508
1785290583.3005242,0.0,0.0,0.06722204806283116
1785290583.3643665,0.0,0.0,0.06328832008875906
1785290583.4281282,0.0,0.0,0.06319263996556401
1785290583.4934316,0.0,0.0,0.06473379186354578
1785290583.5582302,0.0,0.0,0.06423136009834707
1785290583.624361,0.0,0.0,0.06556025589816272
1785290583.689741,0.0,0.0,0.06481564813293517
1785290583.756856,0.0,0.0,0.06648048013448715
1785290583.8206043,0.0,0.0,0.06318598403595388
1785290583.8842964,0.0,0.0,0.06312624015845358
1785290583.9478242,0.0,0.0,0.06294732820242643
1785290584.01292,0.0,0.0,0.06453868793323636
1785290584.0781622,0.0,0.0,0.06466624001041055
1785290584.1476324,0.0,0.0,0.06866720016114414
1785290584.2138197,0.0,0.0,0.0656267199665308
1785290584.2793927,0.0,0.0,0.06500934390351176
1785290584.344832,0.0,0.0,0.06487660808488727
1785290584.4101346,0.0,0.0,0.06473596789874136
1785290584.4772747,0.0,0.0,0.0665173118468374
1785290584.5446186,0.0,0.0,0.06637472007423639
1785290584.610698,0.0,0.0,0.06550908787176013
1785290584.6761937,0.0,0.0,0.0648835520260036
1785290584.7410793,0.0,0.0,0.06432393612340093
1785290584.8064291,0.0,0.0,0.06479036784730852
1785290584.875728,0.0,0.0,0.06873356807045639
1785290584.9407678,0.0,0.0,0.06447081593796611
1785290585.0062618,0.0,0.0,0.06491881585679948
1785290585.0714855,0.0,0.0,0.06467011198401451
1785290585.13643,0.0,0.0,0.06437875214032829
1785290585.2016242,0.0,0.0,0.06462832004763186
1785290585.2707312,0.0,0.0,0.06853315210901201
1785290585.3358233,0.0,0.0,0.0644873920828104
1785290585.4010327,0.0,0.0,0.06465104012750089
1785290585.4662116,0.0,0.0,0.06461763195693493
1785290585.531793,0.0,0.0,0.06501360004767776
1785290585.5988863,0.0,0.0,0.06654710392467678
1785290585.666933,0.0,0.0,0.06716012815013528
1785290585.7322214,0.0,0.0,0.06466531194746494
1785290585.7978659,0.0,0.0,0.06508595193736255
1785290585.8629632,0.0,0.0,0.06453043199144304
1785290585.9283175,0.0,0.0,0.06474726391024888
1785290585.9941897,0.0,0.0,0.06530425604432821
1785290586.0619564,0.0,0.0,0.06713440013118088
1785290586.1271312,0.0,0.0,0.06456691189669073
1785290586.192298,0.0,0.0,0.06459571188315749
1785290586.2581427,0.0,0.0,0.06527792010456324
1785290586.3233192,0.0,0.0,0.06461388804018497
1785290586.3925915,0.0,0.0,0.06871673604473472
1785290586.4577243,0.0,0.0,0.06462563201785088
1785290586.522927,0.0,0.0,0.06464630411937833
1785290586.5890217,0.0,0.0,0.06547711999155581
1785290586.6532936,0.0,0.0,0.06370940804481506
1785290586.7171316,0.0,0.0,0.06327417609281838
1785290586.7836807,0.0,0.0,0.06598716811276972
1785290586.8509843,0.0,0.0,0.06467900797724724
1785290586.9162028,0.0,0.0,0.06460575992241502
1785290586.9817288,0.0,0.0,0.06495497585274279
1785290587.0467079,0.0,0.0,0.06441219220869243
1785290587.112107,0.0,0.0,0.0647934079170227
1785290587.181209,0.0,0.0,0.06853664014488459
1785290587.2468743,0.0,0.0,0.06516195205040276
1785290587.3121147,0.0,0.0,0.06462160008959472
1785290587.3758633,0.0,0.0,0.0631853120867163
1785290587.4406843,0.0,0.0,0.06425657612271607
1785290587.5062165,0.0,0.0,0.06496662413701415
1785290587.5724807,0.0,0.0,0.06570412777364254
1785290587.6406436,0.0,0.0,0.06736579188145697
1785290587.7059495,0.0,0.0,0.06473785592243075
1785290587.7713685,0.0,0.0,0.06485635205172002
1785290587.8363814,0.0,0.0,0.06445299205370247
1785290587.901576,0.0,0.0,0.06462979200296104
1785290587.9709568,0.0,0.0,0.06881443201564252
1785290588.036445,0.0,0.0,0.06492156791500747
1785290588.1018343,0.0,0.0,0.06483078398741782
1785290588.1672745,0.0,0.0,0.06486684805713594
1785290588.232793,0.0,0.0,0.06495008012279868
1785290588.3009288,0.0,0.0,0.06754332804121077
1785290588.3691986,0.0,0.0,0.06767440005205572
1785290588.4342725,0.0,0.0,0.0645237760618329
1785290588.5002081,0.0,0.0,0.06536895991303027
1785290588.565658,0.0,0.0,0.06488899211399257
1785290588.631406,0.0,0.0,0.06518403207883239
1785290588.6983218,0.0,0.0,0.06635052803903818
1785290588.765953,0.0,0.0,0.06687964801676571
1785290588.8312843,0.0,0.0,0.06476454413495958
1785290588.894987,0.0,0.0,0.06312623992562294
1785290588.9590428,0.0,0.0,0.06344630406238139
1785290589.0238774,0.0,0.0,0.06420598388649523
1785290589.0901418,0.0,0.0,0.06569343991577625
1785290589.1583507,0.0,0.0,0.06758585618808866
1785290589.2237554,0.0,0.0,0.06484819203615189
1785290589.288991,0.0,0.0,0.06467513600364327
1785290589.3529437,0.0,0.0,0.06338627217337489
1785290589.4176536,0.0,0.0,0.06414204789325595
1785290589.4837613,0.0,0.0,0.06554876803420484
1785290589.5515366,0.0,0.0,0.0671440961305052
1785290589.6176353,0.0,0.0,0.0655367998406291
1785290589.6829488,0.0,0.0,0.06474448018707335
1785290589.7483184,0.0,0.0,0.06477567995898426
1785290589.8133974,0.0,0.0,0.0645201918669045
1785290589.8967357,0.0,0.0,0.08276985608972609
1785290589.966919,0.0,0.0,0.06961843208409846
1785290590.036134,0.0,0.0,0.06857488001696765
1785290590.109765,0.0,0.0,0.07306995196267962
1785290590.1799955,0.0,0.0,0.06970003200694919
1785290590.2507374,0.0,0.0,0.07017673598602414
1785290590.322205,0.0,0.0,0.07082656002603471
1785290590.3984787,0.0,0.0,0.07570448005571961
1785290590.4724169,0.0,0.0,0.07336963200941682
1785290590.5471673,0.0,0.0,0.07418355182744563
1785290590.623601,0.0,0.0,0.0758663360029459
1785290590.697356,0.0,0.0,0.07318067201413214
1785290590.7722368,0.0,0.0,0.07430800003930926
1785290590.850031,0.0,0.0,0.07722233608365059
1785290590.923694,0.0,0.0,0.07310243207029998
1785290590.997593,0.0,0.0,0.07333337608724833
1785290591.074988,0.0,0.0,0.07682656007818878
1785290591.1485019,0.0,0.0,0.07291344017721713
1785290591.2227454,0.0,0.0,0.07367305597290397
1785290591.3005724,0.0,0.0,0.07722556800581515
1785290591.3756566,0.0,0.0,0.07451840001158416
1785290591.4506593,0.0,0.0,0.0744395200163126
1785290591.5287735,0.0,0.0,0.07750854385085404
1785290591.6028235,0.0,0.0,0.07349167997017503
1785290591.6791518,0.0,0.0,0.07570854411460459
1785290591.7561224,0.0,0.0,0.07633712003007531
1785290591.8303244,0.0,0.0,0.07362985610961914
1785290591.9058397,0.0,0.0,0.07492460799403489
1785290591.9830058,0.0,0.0,0.07654108805581927
1785290592.0573337,0.0,0.0,0.07372431992553174
1785290592.1342463,0.0,0.0,0.0763416001573205
1785290592.2104268,0.0,0.0,0.07356812804937363
1785290592.2855716,0.0,0.0,0.07457395200617611
1785290592.3600984,0.0,0.0,0.07396131195127964
1785290592.4349804,0.0,0.0,0.07312019215896726
1785290592.5098965,0.0,0.0,0.07431609579361975
1785290592.5887754,0.0,0.0,0.07832278404384851
1785290592.663479,0.0,0.0,0.07416521618142724
1785290592.737592,0.0,0.0,0.07355036796070635
1785290592.813976,0.0,0.0,0.07582313590683043
1785290592.8875487,0.0,0.0,0.07300745602697134
1785290592.9617133,0.0,0.0,0.07359724817797542
1785290593.0379522,0.0,0.0,0.07567424001172185
1785290593.1114523,0.0,0.0,0.07294291211292148
1785290593.1859093,0.0,0.0,0.07388937589712441
1785290593.263764,0.0,0.0,0.07728572795167565
1785290593.3375385,0.0,0.0,0.07321151997894049
1785290593.4148617,0.0,0.0,0.07675888016819954
1785290593.4924972,0.0,0.0,0.07702889619395137
1785290593.5682485,0.0,0.0,0.07518444792367518
1785290593.643668,0.0,0.0,0.0748482879716903
1785290593.7195663,0.0,0.0,0.07533606397919357
1785290593.793668,0.0,0.0,0.07353305607102811
1785290593.8680663,0.0,0.0,0.0738466561306268
1785290593.9456806,0.0,0.0,0.07704259199090302
1785290594.0192049,0.0,0.0,0.0729598079342395
1785290594.0932221,0.0,0.0,0.07345369597896934
1785290594.1709971,0.0,0.0,0.07721286383457482
1785290594.2448566,0.0,0.0,0.07323299208655953
1785290594.318892,0.0,0.0,0.07347817602567375
1785290594.3973064,0.0,0.0,0.07779600005596876
1785290594.471446,0.0,0.0,0.07357724802568555
1785290594.5456414,0.0,0.0,0.07362576015293598
1785290594.6238573,0.0,0.0,0.07764656003564596
1785290594.6980553,0.0,0.0,0.07362361601553857
1785290594.7723126,0.0,0.0,0.07369711995124817
1785290594.8498485,0.0,0.0,0.07696947199292481
1785290594.9235213,0.0,0.0,0.07311321585439146
1785290594.9986284,0.0,0.0,0.0745473918505013
1785290595.0766091,0.0,0.0,0.07738403207622468
1785290595.1505973,0.0,0.0,0.07341852807439864
1785290595.2264783,0.0,0.0,0.07527987216599286
1785290595.30345,0.0,0.0,0.07635091221891344
1785290595.3783066,0.0,0.0,0.07429292798042297
1785290595.456852,0.0,0.0,0.07796467188745737
1785290595.532019,0.0,0.0,0.07338294410146773
1785290595.6075137,0.0,0.0,0.07493315194733441
1785290595.6847906,0.0,0.0,0.07671910407952964
1785290595.7586195,0.0,0.0,0.07330307201482356
1785290595.8331203,0.0,0.0,0.07390079996548593
1785290595.9103417,0.0,0.0,0.07665443187579513
1785290595.9840813,0.0,0.0,0.07317750412039459
1785290596.0565567,0.0,0.0,0.07191481604240835
1785290596.127921,0.0,0.0,0.07080076797865331
1785290596.2012541,0.0,0.0,0.07243337598629296
1785290596.265724,0.0,0.0,0.06390262395143509
1785290596.3315856,0.0,0.0,0.0652921600267291
1785290596.396826,0.0,0.0,0.0646823039278388
1785290596.4625185,0.0,0.0,0.06512748799286783
1785290596.5338526,0.0,0.0,0.07076326408423483
1785290596.6003351,0.0,0.0,0.06592070404440165
1785290596.666101,0.0,0.0,0.06519580818712711
1785290596.7311401,0.0,0.0,0.0644387521315366
1785290596.796455,0.0,0.0,0.0647447679657489
1785290596.8636537,0.0,0.0,0.0666325120255351
1785290596.9315157,0.0,0.0,0.0671168640255928
1785290596.9971445,0.0,0.0,0.06506848009303212
1785290597.0627203,0.0,0.0,0.06501139211468399
1785290597.128126,0.0,0.0,0.0646971520036459
1785290597.1936045,0.0,0.0,0.06490937597118318
1785290597.263087,0.0,0.0,0.06892249593511224
1785290597.3288112,0.0,0.0,0.06513680005446076
1785290597.3946307,0.0,0.0,0.06525993603281677
1785290597.4602308,0.0,0.0,0.06498153577558696
1785290597.5275092,0.0,0.0,0.06671497598290443
1785290597.5922644,0.0,0.0,0.06419254397042096
1785290597.6609259,0.0,0.0,0.06737552001141012
1785290597.7261846,0.0,0.0,0.06470335996709764
1785290597.7919815,0.0,0.0,0.06522614392451942
1785290597.8573782,0.0,0.0,0.06483107199892402
1785290597.9212723,0.0,0.0,0.06332326401025057
1785290597.9861846,0.0,0.0,0.0643450878560543
1785290598.055829,0.0,0.0,0.06907670386135578
1785290598.1197202,0.0,0.0,0.06332521606236696
1785290598.1851566,0.0,0.0,0.0648678399156779
1785290598.2490425,0.0,0.0,0.0633190399967134
1785290598.3141558,0.0,0.0,0.06454729614779353
1785290598.3786707,0.0,0.0,0.06395183992572129
1785290598.4554746,0.0,0.0,0.07612793613225222
1785290598.5291677,0.0,0.0,0.07312841597013175
1785290598.5986269,0.0,0.0,0.06889856001362205
1785290598.669743,0.0,0.0,0.07051132782362401
1785290598.7481918,0.0,0.0,0.077940704068169
1785290598.8226366,0.0,0.0,0.0738812480121851
1785290598.8982887,0.0,0.0,0.07504134415648878
1785290598.977813,0.0,0.0,0.07896771212108433
1785290599.056872,0.0,0.0,0.07848281599581242
1785290599.1318085,0.0,0.0,0.07429936015978456
1785290599.242865,0.0,0.0,0.1104893118608743
1785290599.3280442,0.0,0.0,0.0845268799457699
1785290599.4152372,0.0,0.0,0.08663257583975792
1785290599.5004756,0.0,0.0,0.08468076796270907
1785290599.5890992,0.0,0.0,0.08805872010998428
1785290599.6751933,0.0,0.0,0.08552095992490649
1785290599.7614949,0.0,0.0,0.08569872006773949
1785290599.8461766,0.0,0.0,0.08411852805875242
1785290599.9321663,0.0,0.0,0.08546275203116238
1785290600.0187151,0.0,0.0,0.08598473598249257
1785290600.1042547,0.0,0.0,0.08495923201553524
1785290600.1909556,0.0,0.0,0.08614169619977474
1785290600.2766197,0.0,0.0,0.0850729919038713
1785290600.3631268,0.0,0.0,0.0859096641652286
1785290600.4484675,0.0,0.0,0.08476313599385321
1785290600.5348258,0.0,0.0,0.08579027187079191
1785290600.6207724,0.0,0.0,0.08533772802911699
1785290600.707172,0.0,0.0,0.0858320000115782
1785290600.7910194,0.0,0.0,0.08328239992260933
1785290600.8790674,0.0,0.0,0.08719251211732626
1785290600.9714305,0.0,0.0,0.0917377918958664
1785290601.0566218,0.0,0.0,0.08466966403648257
1785290601.1434987,0.0,0.0,0.08631504001095891
1785290601.2293046,0.0,0.0,0.08524019201286137
1785290601.3157,0.0,0.0,0.08582975994795561
1785290601.401368,0.0,0.0,0.08509887987747788
1785290601.4881213,0.0,0.0,0.08618761599063873
1785290601.5733497,0.0,0.0,0.08466262393631041
1785290601.6537848,0.0,0.0,0.0798711038660258
1785290601.728095,0.0,0.0,0.07374249608255923
1785290601.8018575,0.0,0.0,0.07319519994780421
1785290601.9075654,0.0,0.0,0.10514332796446979
1785290601.9887626,0.0,0.0,0.08062838390469551
1785290602.0693312,0.0,0.0,0.08000963204540312
1785290602.1606143,0.0,0.0,0.09072684799320996
1785290602.2347474,0.0,0.0,0.07358131185173988
1785290602.319295,0.0,0.0,0.08393817581236362
1785290602.400552,0.0,0.0,0.08068848005495965
1785290602.4860659,0.0,0.0,0.08494988805614412
1785290602.569132,0.0,0.0,0.08251062408089638
1785290602.656029,0.0,0.0,0.08633651211857796
1785290602.7374532,0.0,0.0,0.08087535994127393
1785290602.8226798,0.0,0.0,0.08466163207776845
1785290602.904163,0.0,0.0,0.08091500820592046
1785290602.9871309,0.0,0.0,0.08240838395431638
1785290603.0706995,0.0,0.0,0.08276915200985968
1785290603.1509783,0.0,0.0,0.07966268807649612
1785290603.2325342,0.0,0.0,0.0809547200333327
1785290603.3118494,0.0,0.0,0.07875414402224123
1785290603.3958137,0.0,0.0,0.08339520008303225
1785290603.4769547,0.0,0.0,0.0805713280569762
1785290603.562491,0.0,0.0,0.08497091196477413
1785290603.644533,0.0,0.0,0.08148553594946861
1785290603.7297244,0.0,0.0,0.08463123207911849
1785290603.8109877,0.0,0.0,0.08069827198050916
1785290603.8976068,0.0,0.0,0.08600409585051239
1785290603.9789426,0.0,0.0,0.08077737619169056
1785290604.057435,0.0,0.0,0.07787705585360527
1785290604.1339917,0.0,0.0,0.07567990408279002
1785290604.2091172,0.0,0.0,0.07456425600685179
1785290604.285142,0.0,0.0,0.0754675199277699
1785290604.360098,0.0,0.0,0.07318156817927957
1785290604.4290638,0.0,0.0,0.06839379202574492
1785290604.4966848,0.0,0.0,0.06704707210883498
1785290604.563939,0.0,0.0,0.06668380787596107
1785290604.6321259,0.0,0.0,0.06743817590177059
1785290604.6987176,0.0,0.0,0.06603532796725631
1785290604.763984,0.0,0.0,0.06462873588316143
1785290604.8295033,0.0,0.0,0.06495420797728002
1785290604.8951535,0.0,0.0,0.06508179195225239
1785290604.9650252,0.0,0.0,0.06930672004818916
1785290605.0302691,0.0,0.0,0.06467043189331889
1785290605.0949407,0.0,0.0,0.0641003199853003
1785290605.1606967,0.0,0.0,0.06514313584193587
1785290605.2262897,0.0,0.0,0.06502681598067284
1785290605.2929153,0.0,0.0,0.06606140802614391
1785290605.362192,0.0,0.0,0.06864777603186667
1785290605.4265187,0.0,0.0,0.063769024098292
1785290605.4926279,0.0,0.0,0.06554886419326067
1785290605.5590832,0.0,0.0,0.06589708779938519
1785290605.6257417,0.0,0.0,0.0659907201770693
1785290605.6963727,0.0,0.0,0.07007535989396274
1785290605.762362,0.0,0.0,0.06545001617632806
1785290605.8284914,0.0,0.0,0.0655672000721097
1785290605.894439,0.0,0.0,0.0653802240267396
1785290605.9600952,0.0,0.0,0.06508943997323513
1785290606.0276833,0.0,0.0,0.06696969619952142
1785290606.0962474,0.0,0.0,0.06782150408253074
1785290606.162006,0.0,0.0,0.06518976017832756
1785290606.227982,0.0,0.0,0.06540636788122356
1785290606.2936952,0.0,0.0,0.06514963204972446
1785290606.3585968,0.0,0.0,0.06434108805842698
1785290606.4277258,0.0,0.0,0.06852016015909612
1785290606.4922986,0.0,0.0,0.06404406391084194
1785290606.558307,0.0,0.0,0.06544841616414487
1785290606.6250362,0.0,0.0,0.06616003182716668
1785290606.690741,0.0,0.0,0.06513366405852139
1785290606.7574754,0.0,0.0,0.06614086404442787
1785290606.835789,0.0,0.0,0.07767721591517329
1785290606.9087403,0.0,0.0,0.07238652813248336
1785290606.9778783,0.0,0.0,0.06857712008059025
1785290607.0539324,0.0,0.0,0.07549324817955494
1785290607.1320891,0.0,0.0,0.07759347185492516
1785290607.2022963,0.0,0.0,0.06964284786954522
1785290607.2742152,0.0,0.0,0.07135449605993927
1785290607.3442707,0.0,0.0,0.0695169921964407
1785290607.4150708,0.0,0.0,0.07022732798941433
1785290607.4822946,0.0,0.0,0.06661587185226381
1785290607.5505116,0.0,0.0,0.0676518720574677
1785290607.626572,0.0,0.0,0.07553727994672954
1785290607.700929,0.0,0.0,0.07372111990116537
1785290607.7715514,0.0,0.0,0.07006262405775487
1785290607.8439221,0.0,0.0,0.07175135985016823
1785290607.9145067,0.0,0.0,0.07001343998126686
1785290607.9849029,0.0,0.0,0.06983644817955792
1785290608.0630262,0.0,0.0,0.07756553590297699
1785290608.1356022,0.0,0.0,0.07195526408031583
1785290608.2056851,0.0,0.0,0.06952198408544064
1785290608.2787976,0.0,0.0,0.07255072006955743
1785290608.3570733,0.0,0.0,0.07772284792736173
1785290608.4321532,0.0,0.0,0.07452419213950634
1785290608.506385,0.0,0.0,0.07366886385716498
1785290608.5767224,0.0,0.0,0.0698087359778583
1785290608.6473277,0.0,0.0,0.07004591985605657
1785290608.7168026,0.0,0.0,0.06891286396421492
1785290608.796964,0.0,0.0,0.07959657604806125
1785290608.871726,0.0,0.0,0.07420307188294828
1785290608.9417968,0.0,0.0,0.06950598396360874
1785290609.0131123,0.0,0.0,0.0707522879820317
1785290609.0915515,0.0,0.0,0.07790051191113889
1785290609.1615207,0.0,0.0,0.06940223998390138
1785290609.2754836,0.0,0.0,0.11340559995733202
1785290609.3616087,0.0,0.0,0.08555260789580643
1785290609.4456463,0.0,0.0,0.08347724797204137
1785290609.52799,0.0,0.0,0.08178060804493725
1785290609.6074407,0.0,0.0,0.07888841582462192
1785290609.6887577,0.0,0.0,0.08075257600285113
1785290609.7682831,0.0,0.0,0.07895967992953956
1785290609.850307,0.0,0.0,0.08145932806655765
1785290609.9317217,0.0,0.0,0.08087612804956734
1785290610.0096235,0.0,0.0,0.07733622402884066
1785290610.0853736,0.0,0.0,0.07518889592029154
1785290610.1609268,0.0,0.0,0.07498319982551038
1785290610.2329895,0.0,0.0,0.071483647916466
1785290610.305746,0.0,0.0,0.07215328002348542
1785290610.3750029,0.0,0.0,0.06869360012933612
1785290610.4525547,0.0,0.0,0.07693683193065226
1785290610.5262475,0.0,0.0,0.07313222414813936
1785290610.5970309,0.0,0.0,0.07022355194203556
1785290610.6696413,0.0,0.0,0.07204553601332009
1785290610.7491696,0.0,0.0,0.07896879990585148
1785290610.8305094,0.0,0.0,0.08080416009761393
1785290610.9080212,0.0,0.0,0.07694639987312257
1785290610.9800007,0.0,0.0,0.07141763204708695
1785290611.0490112,0.0,0.0,0.0684363201726228
1785290611.1175413,0.0,0.0,0.06797398393973708
1785290611.18552,0.0,0.0,0.06740425596944988
1785290611.2590165,0.0,0.0,0.07267625606618822
1785290611.3299153,0.0,0.0,0.07028649607673287
1785290611.4003217,0.0,0.0,0.06983795203268528
1785290611.4719934,0.0,0.0,0.0711094718426466
1785290611.542739,0.0,0.0,0.07012115209363401
1785290611.613284,0.0,0.0,0.06993708806112409
1785290611.6836817,0.0,0.0,0.06983494409359992
1785290611.7552605,0.0,0.0,0.07100905594415963
1785290611.8268902,0.0,0.0,0.07100163213908672
1785290611.896331,0.0,0.0,0.06877167988568544
1785290611.9662776,0.0,0.0,0.06938124820590019
1785290612.0362804,0.0,0.0,0.06943417596630752
1785290612.1068354,0.0,0.0,0.0698980800807476
1785290612.1762779,0.0,0.0,0.06884153606370091
1785290612.2460783,0.0,0.0,0.06923628807999194
1785290612.3168328,0.0,0.0,0.07018870394676924
1785290612.3885849,0.0,0.0,0.0699624961707741
1785290612.4573755,0.0,0.0,0.06822659191675484
1785290612.5260575,0.0,0.0,0.06811836804263294
1785290612.5960755,0.0,0.0,0.06944979215040803
1785290612.6648865,0.0,0.0,0.06801487994380295
1785290612.7308178,0.0,0.0,0.0653673280030489
1785290612.7970872,0.0,0.0,0.06566371209919453
1785290612.86505,0.0,0.0,0.0673939841799438
1785290612.9309118,0.0,0.0,0.06529705598950386
1785290613.0014753,0.0,0.0,0.06995980814099312
1785290613.067556,0.0,0.0,0.06552118388935924
1785290613.1325483,0.0,0.0,0.06442544003948569
1785290613.19919,0.0,0.0,0.066076192073524
1785290613.2657936,0.0,0.0,0.06603232002817094
1785290613.3363247,0.0,0.0,0.06997084803879261
1785290613.4021137,0.0,0.0,0.0652572161052376
1785290613.4684727,0.0,0.0,0.06579648004844785
1785290613.535413,0.0,0.0,0.06637433613650501
1785290613.6069326,0.0,0.0,0.07095759990625083
1785290613.6841853,0.0,0.0,0.0766424317844212
1785290613.7537901,0.0,0.0,0.06904851202853024
1785290613.8225787,0.0,0.0,0.06821548799052835
1785290613.8950326,0.0,0.0,0.07186131202615798
1785290613.965692,0.0,0.0,0.06889379187487066
1785290614.035082,0.0,0.0,0.06882281578145921
1785290614.1059222,0.0,0.0,0.07019846397452056
1785290614.1829698,0.0,0.0,0.07648041588254273
1785290614.2582216,0.0,0.0,0.07463014405220747
1785290614.3324962,0.0,0.0,0.07371129607781768
1785290614.4055188,0.0,0.0,0.07246025605127215
1785290614.4758062,0.0,0.0,0.06974307191558182
1785290614.545612,0.0,0.0,0.06923945597372949
1785290614.615672,0.0,0.0,0.06949468818493187
1785290614.6866734,0.0,0.0,0.07044486398808658
1785290614.7583973,0.0,0.0,0.07114745606668293
1785290614.8277943,0.0,0.0,0.06883315206505358
1785290614.8952973,0.0,0.0,0.06693504005670547
1785290614.968762,0.0,0.0,0.07289116806350648
1785290615.0384367,0.0,0.0,0.06910889595746994
1785290615.1087942,0.0,0.0,0.0697860480286181
1785290615.1788912,0.0,0.0,0.06953116785734892
1785290615.2484696,0.0,0.0,0.06897411216050386
1785290615.314427,0.0,0.0,0.0654013438615948
1785290615.3802848,0.0,0.0,0.06529676797799766
1785290615.4461365,0.0,0.0,0.06528406403958797
1785290615.5119305,0.0,0.0,0.06523385597392917
1785290615.5844858,0.0,0.0,0.07199155213311315
1785290615.6551316,0.0,0.0,0.07005603215657175
1785290615.721846,0.0,0.0,0.06614367989823222
1785290615.7886484,0.0,0.0,0.06624486390501261
1785290615.857824,0.0,0.0,0.06860873592086136
1785290615.9277022,0.0,0.0,0.06925267213955522
1785290615.9947581,0.0,0.0,0.06648540799506009
1785290616.0619495,0.0,0.0,0.06658752006478608
1785290616.1278796,0.0,0.0,0.06535811186768115
1785290616.1949146,0.0,0.0,0.0664611840620637
1785290616.2633677,0.0,0.0,0.06779814418405294
1785290616.3373666,0.0,0.0,0.07343884790316224
1785290616.4125316,0.0,0.0,0.07460403186269104
1785290616.4902155,0.0,0.0,0.07712150388397276
1785290616.5698192,0.0,0.0,0.07903014402836561
1785290616.6566293,0.0,0.0,0.08625103998929262
1785290616.7284603,0.0,0.0,0.07127068797126412
1785290616.7996595,0.0,0.0,0.0706274879630655
1785290616.8695772,0.0,0.0,0.06935526407323778
1785290616.9405212,0.0,0.0,0.07031247997656465
1785290617.0097656,0.0,0.0,0.0686796479858458
1785290617.0801988,0.0,0.0,0.06986745586618781
1785290617.1497846,0.0,0.0,0.06902697612531483
1785290617.2206707,0.0,0.0,0.07025481597520411
1785290617.2899072,0.0,0.0,0.06867497600615025
1785290617.360077,0.0,0.0,0.06960406410507858
1785290617.429602,0.0,0.0,0.06895606406033039
1785290617.5035272,0.0,0.0,0.07330409600399435
1785290617.5740988,0.0,0.0,0.07000947184860706
1785290617.6443858,0.0,0.0,0.06972092809155583
1785290617.7160223,0.0,0.0,0.07107203220948577
1785290617.7853887,0.0,0.0,0.06886355206370354
1785290617.8546498,0.0,0.0,0.06870505586266518
1785290617.9271677,0.0,0.0,0.07190806395374238
1785290618.0026793,0.0,0.0,0.07495519984513521
1785290618.0805924,0.0,0.0,0.07731308811344206
1785290618.1544433,0.0,0.0,0.07327996799722314
1785290618.2287865,0.0,0.0,0.0737795839086175
1785290618.2992988,0.0,0.0,0.0699377921409905
1785290618.386282,0.0,0.0,0.08641305612400174
1785290618.459952,0.0,0.0,0.07278089597821236
1785290618.5300248,0.0,0.0,0.06950675207190216
1785290618.6007721,0.0,0.0,0.07018179213628173
1785290618.673308,0.0,0.0,0.07196547207422554
1785290618.7429123,0.0,0.0,0.06904332805424929
1785290618.8183742,0.0,0.0,0.07485695998184383
1785290618.8943207,0.0,0.0,0.07537737605161965
1785290618.9662414,0.0,0.0,0.07139958394691348
1785290619.038591,0.0,0.0,0.07179200020618737
1785290619.1088307,0.0,0.0,0.06962982402183115
1785290619.1806815,0.0,0.0,0.0712885120883584
1785290619.250765,0.0,0.0,0.06951366411522031
1785290619.3219001,0.0,0.0,0.07051686407066882
1785290619.3923085,0.0,0.0,0.06984444800764322
1785290619.4635513,0.0,0.0,0.07061296002939343
1785290619.534483,0.0,0.0,0.0703683199826628
1785290619.6046,0.0,0.0,0.06955404812470078
1785290619.6772466,0.0,0.0,0.07208310416899621
1785290619.7471712,0.0,0.0,0.06941776000894606
1785290619.8169127,0.0,0.0,0.06917494395747781
1785290619.8873467,0.0,0.0,0.06986684817820787
1785290619.9598699,0.0,0.0,0.07195334415882826
1785290620.0307782,0.0,0.0,0.07035065605305135
1785290620.1013968,0.0,0.0,0.07001990405842662
1785290620.1717396,0.0,0.0,0.06977840000763535
1785290620.2447367,0.0,0.0,0.07243519998155534
1785290620.3121703,0.0,0.0,0.06686879997141659
1785290620.3794997,0.0,0.0,0.06676582410000265
1785290620.4482048,0.0,0.0,0.06813916796818376
1785290620.5190563,0.0,0.0,0.07029225607402623
1785290620.5853522,0.0,0.0,0.06576944002881646
1785290620.6525052,0.0,0.0,0.06658665603026748
1785290620.7186158,0.0,0.0,0.06554726394824684
1785290620.7848694,0.0,0.0,0.06560931191779673
1785290620.8534253,0.0,0.0,0.06799017614684999
1785290620.9217882,0.0,0.0,0.06588316801935434
1785290620.9882305,0.0,0.0,0.06587846390902996
1785290621.0551767,0.0,0.0,0.06638518394902349
1785290621.1217337,0.0,0.0,0.06598595203831792
1785290621.1907218,0.0,0.0,0.06842201598919928
1785290621.2595246,0.0,0.0,0.06633276795037091
1785290621.3249362,0.0,0.0,0.06484496011398733
1785290621.3914187,0.0,0.0,0.06591411214321852
1785290621.456945,0.0,0.0,0.06496576010249555
1785290621.5248063,0.0,0.0,0.06729516806080937
1785290621.5929227,0.0,0.0,0.06748758419416845
1785290621.6601713,0.0,0.0,0.06669500796124339
1785290621.7255816,0.0,0.0,0.06484015984460711
1785290621.7920055,0.0,0.0,0.06585308816283941
1785290621.8587868,0.0,0.0,0.06621996802277863
1785290621.9300516,0.0,0.0,0.07065251190215349
1785290621.9970484,0.0,0.0,0.06642902386374772
1785290622.0650835,0.0,0.0,0.06747059221379459
1785290622.1314013,0.0,0.0,0.06567878415808082
1785290622.1976645,0.0,0.0,0.0656923521310091
1785290622.26863,0.0,0.0,0.07040364807471633
1785290622.3338478,0.0,0.0,0.06465632002800703
1785290622.4011686,0.0,0.0,0.0667678399477154
1785290622.466584,0.0,0.0,0.06485203187912703
1785290622.5338106,0.0,0.0,0.06661772797815502
1785290622.6050274,0.0,0.0,0.07065990404225886
1785290622.6714833,0.0,0.0,0.06588873593136668
1785290622.7382407,0.0,0.0,0.06619027187116444
1785290622.803879,0.0,0.0,0.06506195198744535
1785290622.8702242,0.0,0.0,0.06578918383456767
1785290622.941671,0.0,0.0,0.07087775995023549
1785290623.008714,0.0,0.0,0.06648223986849189
1785290623.0759351,0.0,0.0,0.06665353593416512
1785290623.1448307,0.0,0.0,0.06833475199528039
1785290623.224976,0.0,0.0,0.0795787840615958
1785290623.304329,0.0,0.0,0.07879379205405712
1785290623.377636,0.0,0.0,0.07273609610274434
1785290623.4492586,0.0,0.0,0.07106598396785557
1785290623.5194094,0.0,0.0,0.0695882560685277
1785290623.589866,0.0,0.0,0.06989427213557065
1785290623.6614885,0.0,0.0,0.07105446397326887
1785290623.7328153,0.0,0.0,0.07069500791840255
1785290623.80314,0.0,0.0,0.0697605439927429
1785290623.8733323,0.0,0.0,0.06961663998663425
1785290623.943839,0.0,0.0,0.0699469440151006
1785290624.0152824,0.0,0.0,0.07080422388389707
1785290624.0852525,0.0,0.0,0.06939382408745587
1785290624.1553206,0.0,0.0,0.0695024961605668
1785290624.227564,0.0,0.0,0.07167900819331408
1785290624.2973263,0.0,0.0,0.06923270388506353
1785290624.3672585,0.0,0.0,0.06935823988169432
1785290624.4374585,0.0,0.0,0.06963622407056391
1785290624.5113525,0.0,0.0,0.0733210879843682
1785290624.580755,0.0,0.0,0.06884428788907826
1785290624.6509666,0.0,0.0,0.0695874560624361
1785290624.7170663,0.0,0.0,0.06550908810459077
1785290624.7839687,0.0,0.0,0.06633900804445148
1785290624.850387,0.0,0.0,0.06579919997602701
1785290624.9157171,0.0,0.0,0.06475855992175639
1785290624.9811206,0.0,0.0,0.06484252796508372
1785290625.0474734,0.0,0.0,0.06578665599226952
1785290625.1143959,0.0,0.0,0.06635001604445279
1785290625.187421,0.0,0.0,0.07246188819408417
1785290625.254562,0.0,0.0,0.06657952000387013
1785290625.3221033,0.0,0.0,0.06694441591389477
1785290625.3885124,0.0,0.0,0.06584105617366731
1785290625.4562123,0.0,0.0,0.06713097612373531
1785290625.5255566,0.0,0.0,0.06844153604470193
1785290625.5907464,0.0,0.0,0.06462784018367529
1785290625.657669,0.0,0.0,0.06631251191720366
1785290625.7243683,0.0,0.0,0.06612889585085213
1785290625.7905881,0.0,0.0,0.06566249602474272
1785290625.8600264,0.0,0.0,0.06883936002850533
1785290625.9266825,0.0,0.0,0.06609398405998945
1785290625.992795,0.0,0.0,0.06549731199629605
1785290626.0598283,0.0,0.0,0.06646403204649687
1785290626.1260276,0.0,0.0,0.06562950392253697
1785290626.1975837,0.0,0.0,0.07098729582503438
1785290626.2645195,0.0,0.0,0.06637910380959511
1785290626.3317597,0.0,0.0,0.06668393593281507
1785290626.3989916,0.0,0.0,0.06666643195785582
1785290626.466057,0.0,0.0,0.0664621761534363
1785290626.5369234,0.0,0.0,0.0703042559325695
1785290626.602202,0.0,0.0,0.06471603200770915
1785290626.667913,0.0,0.0,0.06514867185615003
1785290626.733269,0.0,0.0,0.06479920004494488
1785290626.7982342,0.0,0.0,0.06440223986282945
1785290626.8660228,0.0,0.0,0.06722659198567271
1785290626.9356456,0.0,0.0,0.06886953604407609
1785290627.0026457,0.0,0.0,0.06643276801332831
1785290627.0694952,0.0,0.0,0.06624828814528883
1785290627.1363528,0.0,0.0,0.06629295996390283
1785290627.2090204,0.0,0.0,0.07210831996053457
1785290627.2759988,0.0,0.0,0.06647577579133213
1785290627.343233,0.0,0.0,0.066672160057351
1785290627.4101007,0.0,0.0,0.06630137609317899
1785290627.476995,0.0,0.0,0.06633110390976071
1785290627.6309707,0.0,0.0,0.1534116161055863
1785290627.7055864,0.0,0.0,0.0740058240480721
1785290627.7823749,0.0,0.0,0.07622556807473302
1785290627.8586912,0.0,0.0,0.075755296042189
1785290627.9324982,0.0,0.0,0.0732139521278441
1785290628.0069447,0.0,0.0,0.07387964800000191
1785290628.0777125,0.0,0.0,0.07009961595758796
1785290628.147662,0.0,0.0,0.0693760639987886
1785290628.2197723,0.0,0.0,0.07155148801393807
1785290628.2931008,0.0,0.0,0.07257788791321218
1785290628.3620214,0.0,0.0,0.06835622387006879
1785290628.435873,0.0,0.0,0.07327958405949175
1785290628.5138512,0.0,0.0,0.0774194560945034
1785290628.5875127,0.0,0.0,0.07310547190718353
1785290628.6625288,0.0,0.0,0.07445231988094747
1785290628.7403214,0.0,0.0,0.07723049586638808
1785290628.814019,0.0,0.0,0.07313638390041888
1785290628.8879893,0.0,0.0,0.07340460806153715
1785290628.9644456,0.0,0.0,0.07589251198805869
1785290629.0387356,0.0,0.0,0.07372534391470253
1785290629.1128094,0.0,0.0,0.07338697602972388
1785290629.19066,0.0,0.0,0.07728496007621288
1785290629.2653787,0.0,0.0,0.07409331179223955
1785290629.3396819,0.0,0.0,0.07374559994786978
1785290629.4171395,0.0,0.0,0.07689472008496523
1785290629.4907362,0.0,0.0,0.07302972790785134
1785290629.5655735,0.0,0.0,0.07422320009209216
1785290629.6430752,0.0,0.0,0.07692633615806699
1785290629.7175708,0.0,0.0,0.0738784319255501
1785290629.7928336,0.0,0.0,0.07469830382615328
1785290629.8703737,0.0,0.0,0.07697814400307834
1785290630.0050304,0.0,0.0,0.13409100798889995
1785290630.0830479,0.0,0.0,0.07745532807894051
1785290630.1747658,0.0,0.0,0.09111315198242664
1785290630.244551,0.0,0.0,0.0691769600380212
1785290630.3199546,0.0,0.0,0.07484288001433015
1785290630.3959703,0.0,0.0,0.07548787188716233
1785290630.4714258,0.0,0.0,0.07488943985663354
1785290630.549677,0.0,0.0,0.07769459206610918
1785290630.6257744,0.0,0.0,0.07554502389393747
1785290630.7009034,0.0,0.0,0.07456774404272437
1785290630.7811894,0.0,0.0,0.07972211204469204
1785290630.8618464,0.0,0.0,0.0800949758850038
1785290630.9830842,0.0,0.0,0.12066438398323953
1785290631.070259,0.0,0.0,0.08657151996158063
1785290631.155591,0.0,0.0,0.0847638079430908
1785290631.2422767,0.0,0.0,0.085902847815305
1785290631.3319843,0.0,0.0,0.08913769596256316
1785290631.4176972,0.0,0.0,0.08515568007715046
1785290631.5047262,0.0,0.0,0.08646339201368392
1785290631.5911658,0.0,0.0,0.08587478380650282
1785290631.6789167,0.0,0.0,0.08718390390276909
1785290631.7913334,0.0,0.0,0.11179980798624456
1785290631.8764117,0.0,0.0,0.08450755220837891
1785290631.9629452,0.0,0.0,0.08596147177740932
1785290632.0487847,0.0,0.0,0.08522512018680573
1785290632.135072,0.0,0.0,0.08566265599802136
1785290632.2646458,0.0,0.0,0.12897395202890038
1785290632.3536694,0.0,0.0,0.08846268802881241
1785290632.4394717,0.0,0.0,0.08523203199729323
1785290632.526218,0.0,0.0,0.08618294401094317
1785290632.6117694,0.0,0.0,0.0849830717779696
1785290632.7006564,0.0,0.0,0.08825203194282949
1785290632.788092,0.0,0.0,0.08687401609495282
1785290632.8732314,0.0,0.0,0.08458188804797828
1785290632.9784586,0.0,0.0,0.10466412804089487
1785290633.0657525,0.0,0.0,0.08672707201912999
1785290633.1511302,0.0,0.0,0.08478182391263545
1785290633.2638457,0.0,0.0,0.11214601597748697
1785290633.350957,0.0,0.0,0.0865397120360285
1785290633.4362006,0.0,0.0,0.08464473579078913
1785290633.5233245,0.0,0.0,0.08656758395954967
1785290633.6088257,0.0,0.0,0.08494051196612418
1785290633.6964529,0.0,0.0,0.08706598402932286
1785290633.7814522,0.0,0.0,0.08443904016166925
1785290633.8683858,0.0,0.0,0.08636726415716112
1785290633.9533236,0.0,0.0,0.08437446388415992
1785290634.0589113,0.0,0.0,0.10495344013907015
1785290634.1458921,0.0,0.0,0.08638150407932699
1785290634.2310884,0.0,0.0,0.08463276806287467
1785290634.3189971,0.0,0.0,0.08682019193656743
1785290634.4039936,0.0,0.0,0.08437257609330118
1785290634.4899676,0.0,0.0,0.08535004802979529
1785290634.5797725,0.0,0.0,0.0892360641155392
1785290634.665493,0.0,0.0,0.08518703980371356
1785290634.7531307,0.0,0.0,0.08706719987094402
1785290634.838551,0.0,0.0,0.08485862403176725
1785290634.9252462,0.0,0.0,0.08608816005289555
1785290635.0101566,0.0,0.0,0.08434681594371796
1785290635.0964692,0.0,0.0,0.08574803220108151
1785290635.1817565,0.0,0.0,0.08472607983276248
1785290635.2646077,0.0,0.0,0.08229244779795408
1785290635.3442476,0.0,0.0,0.07907711993902922
1785290635.428086,0.0,0.0,0.08327081589959562
1785290635.5048296,0.0,0.0,0.07618307205848396
1785290635.5744722,0.0,0.0,0.06907321605831385
1785290635.649022,0.0,0.0,0.07398470398038626
1785290635.7209258,0.0,0.0,0.07134326407685876
1785290635.7915168,0.0,0.0,0.07002940797246993
1785290635.859819,0.0,0.0,0.06774489604867995
1785290635.9330714,0.0,0.0,0.07268447987735271
1785290636.0048006,0.0,0.0,0.07116803200915456
1785290636.0745313,0.0,0.0,0.06917750393040478
1785290636.1763835,0.0,0.0,0.10128739196807146
1785290636.2633166,0.0,0.0,0.08636748790740967
1785290636.3491497,0.0,0.0,0.0852754560764879
1785290636.4321756,0.0,0.0,0.08246473595499992
1785290636.5118716,0.0,0.0,0.0791289599146694
1785290636.5910225,0.0,0.0,0.07858822378329933
1785290636.6595519,0.0,0.0,0.0679979519918561
1785290636.728038,0.0,0.0,0.06792454398237169
1785290636.7961047,0.0,0.0,0.06750448001548648
1785290636.863676,0.0,0.0,0.06700191996060312
1785290636.9337304,0.0,0.0,0.06949225603602827
1785290637.0017858,0.0,0.0,0.06749686412513256
1785290637.0696156,0.0,0.0,0.06726803188212216
1785290637.1379857,0.0,0.0,0.06780339195393026
1785290637.2064545,0.0,0.0,0.06790675199590623
1785290637.273731,0.0,0.0,0.06652707187458873
1785290637.3378835,0.0,0.0,0.06359193590469658
1785290637.402127,0.0,0.0,0.06368611217476428
1785290637.4683065,0.0,0.0,0.0656164160463959
1785290637.533296,0.0,0.0,0.06442390382289886
1785290637.5973155,0.0,0.0,0.06345596793107688
1785290637.6606188,0.0,0.0,0.06274294410832226
1785290637.7272093,0.0,0.0,0.06602140818722546
1785290637.7904418,0.0,0.0,0.06266851187683642
1785290637.8543887,0.0,0.0,0.0633823040407151
1785290637.9176402,0.0,0.0,0.06269065593369305
1785290637.9818804,0.0,0.0,0.0636795200407505
1785290638.0463102,0.0,0.0,0.06387420790269971
1785290638.1119685,0.0,0.0,0.06508796801790595
1785290638.1818657,0.0,0.0,0.06918931193649769
1785290638.250044,0.0,0.0,0.06761340796947479
1785290638.316465,0.0,0.0,0.06585657596588135
1785290638.3811111,0.0,0.0,0.06408483209088445
1785290638.446246,0.0,0.0,0.06458166381344199
1785290638.5147169,0.0,0.0,0.06751356786116958
1785290638.579439,0.0,0.0,0.06409401609562337
1785290638.643833,0.0,0.0,0.06383536010980606
1785290638.7080228,0.0,0.0,0.06363187194801867
1785290638.7723303,0.0,0.0,0.06374195194803178
1785290638.83703,0.0,0.0,0.0641361279413104
1785290638.9006956,0.0,0.0,0.0630992641672492
1785290638.9682975,0.0,0.0,0.06678976002149284
1785290639.0321202,0.0,0.0,0.06326492805965245
1785290639.095567,0.0,0.0,0.06288041593506932
1785290639.1595755,0.0,0.0,0.06343683204613626
1785290639.2236168,0.0,0.0,0.0634787199087441
1785290639.2868047,0.0,0.0,0.06262326403521001
1785290639.405015,0.0,0.0,0.11760646407492459
1785290639.489615,0.0,0.0,0.08403340796940029
1785290639.5696821,0.0,0.0,0.0794994558673352
1785290639.6507897,0.0,0.0,0.08054332807660103
1785290639.731734,0.0,0.0,0.08033139212056994
1785290639.8131785,0.0,0.0,0.08088483195751905
1785290639.8924773,0.0,0.0,0.07873875182121992
1785290639.972321,0.0,0.0,0.07924435194581747
1785290640.0530329,0.0,0.0,0.08008627220988274
1785290640.1329265,0.0,0.0,0.07932528015226126
1785290640.2140749,0.0,0.0,0.08058060798794031
1785290640.294106,0.0,0.0,0.07946166396141052
1785290640.375388,0.0,0.0,0.08072473597712815
1785290640.4553525,0.0,0.0,0.07940175989642739
1785290640.5392497,0.0,0.0,0.08333436795510352
1785290640.6185584,0.0,0.0,0.07875020802021027
1785290640.6989832,0.0,0.0,0.07982582389377058
1785290640.7801082,0.0,0.0,0.08048185589723289
1785290640.8600585,0.0,0.0,0.07937724818475544
1785290640.9411056,0.0,0.0,0.08048038417473435
1785290641.0207126,0.0,0.0,0.07904604799114168
1785290641.1021497,0.0,0.0,0.08086896012537181
1785290641.1818624,0.0,0.0,0.07915100804530084
1785290641.2634888,0.0,0.0,0.081062015844509
1785290641.3428106,0.0,0.0,0.07880108803510666
1785290641.4222388,0.0,0.0,0.07881673611700535
1785290641.5033894,0.0,0.0,0.08059030398726463
1785290641.5834203,0.0,0.0,0.07945884787477553
1785290641.6643918,0.0,0.0,0.08040454401634634
1785290641.7449665,0.0,0.0,0.08001052821055055
1785290641.8263628,0.0,0.0,0.08083347184583545
1785290641.9071453,0.0,0.0,0.08021638402715325
1785290641.986804,0.0,0.0,0.0790919039864093
1785290642.0632925,0.0,0.0,0.07581532816402614
1785290642.1312883,0.0,0.0,0.06742704007774591
1785290642.1999426,0.0,0.0,0.06808812799863517
1785290642.2718666,0.0,0.0,0.07136041601188481
1785290642.3421555,0.0,0.0,0.06972710392437875
1785290642.4123995,0.0,0.0,0.06968355178833008
1785290642.4824789,0.0,0.0,0.0695097919087857
1785290642.557451,0.0,0.0,0.07440816005691886
1785290642.6292338,0.0,0.0,0.07121798396110535
1785290642.7054365,0.0,0.0,0.07563337590545416
1785290642.7851279,0.0,0.0,0.0791296639945358
1785290642.8609374,0.0,0.0,0.07524784002453089
1785290642.9366868,0.0,0.0,0.07518739206716418
1785290643.016363,0.0,0.0,0.07910927990451455
1785290643.0922563,0.0,0.0,0.07532371208071709
1785290643.1670687,0.0,0.0,0.0742076481692493
1785290643.242356,0.0,0.0,0.07463849615305662
1785290643.3170116,0.0,0.0,0.07408182392828166
1785290643.3911593,0.0,0.0,0.07358470396138728
1785290643.4662316,0.0,0.0,0.07444121595472097
1785290643.5411625,0.0,0.0,0.07436707196757197
1785290643.6180415,0.0,0.0,0.0763155200984329
1785290643.693653,0.0,0.0,0.07384960004128516
1785290643.7685099,0.0,0.0,0.07429171213880181
1785290643.8444974,0.0,0.0,0.07542047998867929
1785290643.918321,0.0,0.0,0.07329180790111423
1785290643.9929583,0.0,0.0,0.07407500804401934
1785290644.068717,0.0,0.0,0.07519724778831005
1785290644.142467,0.0,0.0,0.07320111989974976
1785290644.2170336,0.0,0.0,0.07400691183283925
1785290644.2940319,0.0,0.0,0.07643891195766628
1785290644.3682752,0.0,0.0,0.07367219193838537
1785290644.4421039,0.0,0.0,0.07325824000872672
1785290644.5180118,0.0,0.0,0.07533807982690632
1785290644.5923781,0.0,0.0,0.0738088961225003
1785290644.667334,0.0,0.0,0.0742920320481062
1785290644.7441614,0.0,0.0,0.076253344072029
1785290644.817867,0.0,0.0,0.07313999999314547
1785290644.892117,0.0,0.0,0.07367510418407619
1785290644.9679413,0.0,0.0,0.07526211207732558
1785290645.041736,0.0,0.0,0.07323046401143074
1785290645.115995,0.0,0.0,0.07368777599185705
1785290645.1919503,0.0,0.0,0.07540409592911601
1785290645.2656484,0.0,0.0,0.07312809606082737
1785290645.340204,0.0,0.0,0.07398646394722164
1785290645.4159074,0.0,0.0,0.07514403201639652
1785290645.4870095,0.0,0.0,0.0705415359698236
1785290645.5542767,0.0,0.0,0.06666671996936202
1785290645.6190495,0.0,0.0,0.06421840004622936
1785290645.6838121,0.0,0.0,0.06417731195688248
1785290645.75308,0.0,0.0,0.06835065595805645
1785290645.8187053,0.0,0.0,0.06506121600978076
1785290645.8830214,0.0,0.0,0.06371283205226064
1785290645.9471636,0.0,0.0,0.06353071983903646
1785290646.0107596,0.0,0.0,0.0630335679743439
1785290646.088276,0.0,0.0,0.0769100480247289
1785290646.159881,0.0,0.0,0.07103663985617459
1785290646.2300456,0.0,0.0,0.0695980479940772
1785290646.3001907,0.0,0.0,0.06958236801438034
1785290646.3717577,0.0,0.0,0.07067311997525394
1785290646.4411597,0.0,0.0,0.06883353600278497
1785290646.51177,0.0,0.0,0.07004137616604567
1785290646.581686,0.0,0.0,0.06934614409692585
1785290646.6530457,0.0,0.0,0.07073542405851185
1785290646.7234173,0.0,0.0,0.06979939201846719
1785290646.793248,0.0,0.0,0.0692638719920069
1785290646.8634536,0.0,0.0,0.06964457593858242
1785290646.9344194,0.0,0.0,0.07033536001108587
1785290647.0039883,0.0,0.0,0.06899552000686526
1785290647.0737653,0.0,0.0,0.0692163840867579
1785290647.147566,0.0,0.0,0.07323443191125989
1785290647.2233136,0.0,0.0,0.07521494408138096
1785290647.295906,0.0,0.0,0.07202969584614038
1785290647.3658195,0.0,0.0,0.06934620812535286
1785290647.437051,0.0,0.0,0.07060086401179433
1785290647.5064836,0.0,0.0,0.06887091184034944
1785290647.5771942,0.0,0.0,0.07013852801173925
1785290647.6479182,0.0,0.0,0.07014649594202638
1785290647.7283375,0.0,0.0,0.07981254393234849
1785290647.8001094,0.0,0.0,0.07120822416618466
1785290647.8721943,0.0,0.0,0.07151398388668895
1785290647.9526408,0.0,0.0,0.07947996794246137
1785290648.0246265,0.0,0.0,0.0714244160335511
1785290648.094611,0.0,0.0,0.069422815926373
1785290648.1655655,0.0,0.0,0.07031091186217964
1785290648.2349892,0.0,0.0,0.0688571201171726
1785290648.3052514,0.0,0.0,0.06964895990677178
1785290648.3756113,0.0,0.0,0.06979308812879026
1785290648.4468782,0.0,0.0,0.07064601592719555
1785290648.5164146,0.0,0.0,0.06893110391683877
1785290648.585913,0.0,0.0,0.06893494399264455
1785290648.656104,0.0,0.0,0.06962502398528159
1785290648.73012,0.0,0.0,0.07339849602431059
1785290648.7993605,0.0,0.0,0.06867478392086923
1785290648.86968,0.0,0.0,0.06975014414638281
1785290648.9416103,0.0,0.0,0.07136643212288618
1785290649.0116036,0.0,0.0,0.06942992005497217
1785290649.0823402,0.0,0.0,0.07017241604626179
1785290649.1572194,0.0,0.0,0.07431033602915704
1785290649.2307665,0.0,0.0,0.07291766395792365
1785290649.300757,0.0,0.0,0.069373887963593
1785290649.3706634,0.0,0.0,0.06933385599404573
1785290649.4431958,0.0,0.0,0.07191139203496277
1785290649.5134053,0.0,0.0,0.06967200012877584
1785290649.5839136,0.0,0.0,0.06994710396975279
1785290649.6545467,0.0,0.0,0.07007977599278092
1785290649.727443,0.0,0.0,0.07227145601063967
1785290649.7975414,0.0,0.0,0.06953638419508934
1785290649.8799734,0.0,0.0,0.08187987189739943
1785290649.951709,0.0,0.0,0.07118319999426603
1785290650.0217156,0.0,0.0,0.0694488959852606
1785290650.0931075,0.0,0.0,0.07083216006867588
1785290650.1636348,0.0,0.0,0.06997663993388414
1785290650.2351358,0.0,0.0,0.07084297598339617
1785290650.3056443,0.0,0.0,0.06994067202322185
1785290650.3757644,0.0,0.0,0.0695656321477145
1785290650.4478462,0.0,0.0,0.07153059192933142
1785290650.5178244,0.0,0.0,0.06948393606580794
1785290650.5876598,0.0,0.0,0.06926950393244624
1785290650.6581035,0.0,0.0,0.06988179194740951
1785290650.7309299,0.0,0.0,0.07226959988474846
1785290650.8018937,0.0,0.0,0.0703732161782682
1785290650.8722901,0.0,0.0,0.06983385607600212
1785290650.9422097,0.0,0.0,0.06935955211520195
1785290651.0184212,0.0,0.0,0.07564230402931571
1785290651.0936255,0.0,0.0,0.07464787201024592
1785290651.1657968,0.0,0.0,0.07160576013848186
1785290651.2389,0.0,0.0,0.0725406720302999
1785290651.3076875,0.0,0.0,0.06819945597089827
1785290651.3762546,0.0,0.0,0.06800319999456406
1785290651.449115,0.0,0.0,0.07229539193212986
1785290651.5258894,0.0,0.0,0.07621052791364491
1785290651.6043496,0.0,0.0,0.07790281600318849
1785290651.6775599,0.0,0.0,0.07265721610747278
1785290651.7583911,0.0,0.0,0.08026544004678726
1785290651.8399134,0.0,0.0,0.08096083207055926
1785290651.9170904,0.0,0.0,0.07662111986428499
1785290651.996189,0.0,0.0,0.07854604790918529
1785290652.0747728,0.0,0.0,0.07802534406073391
1785290652.1535804,0.0,0.0,0.07822576002217829
1785290652.228457,0.0,0.0,0.07432220783084631
1785290652.3048255,0.0,0.0,0.07581350416876376
1785290652.3818424,0.0,0.0,0.07649439992383122
1785290652.4520998,0.0,0.0,0.06970694405026734
1785290652.5251687,0.0,0.0,0.07251276797614992
1785290652.6045926,0.0,0.0,0.07775222393684089
1785290652.6759944,0.0,0.0,0.07083612820133567
1785290652.7447815,0.0,0.0,0.06822412787005305
1785290652.8281178,0.0,0.0,0.08277833601459861
1785290652.9032397,0.0,0.0,0.0745644480921328
1785290652.9777691,0.0,0.0,0.07397289597429335
1785290653.0473151,0.0,0.0,0.0690509439446032
1785290653.1168468,0.0,0.0,0.06897033588029444
1785290653.1862218,0.0,0.0,0.06880908808670938
1785290653.2621346,0.0,0.0,0.07534655998460948
1785290653.3435576,0.0,0.0,0.08086124784313142
1785290653.4167182,0.0,0.0,0.07260160008445382
1785290653.4921086,0.0,0.0,0.07483120006509125
1785290653.5645096,0.0,0.0,0.07183887995779514
1785290653.63793,0.0,0.0,0.07285772799514234
1785290653.7239187,0.0,0.0,0.08542758389376104
1785290653.7968931,0.0,0.0,0.07241094415076077
1785290653.8682985,0.0,0.0,0.07085139187984169
1785290653.9441419,0.0,0.0,0.07529164804145694
1785290654.0206203,0.0,0.0,0.07592284795828164
1785290654.0935578,0.0,0.0,0.07237657601945102
1785290654.1697285,0.0,0.0,0.07560531212948263
1785290654.2412188,0.0,0.0,0.07093856018036604
1785290654.3114872,0.0,0.0,0.06970233609899879
1785290654.3835232,0.0,0.0,0.07148230401799083
1785290654.4556227,0.0,0.0,0.06958992010913789
1785290654.525006,0.0,0.0,0.0688286719378084
1785290654.5948358,0.0,0.0,0.06926412787288427
1785290654.6673987,0.0,0.0,0.07196796801872551
1785290654.7381694,0.0,0.0,0.07023209612816572
1785290654.8078997,0.0,0.0,0.06917100795544684
1785290654.878859,0.0,0.0,0.07039049617014825
1785290654.9506948,0.0,0.0,0.07123116799630225
1785290655.0225153,0.0,0.0,0.07121104001998901
1785290655.0941088,0.0,0.0,0.07104332814924419
1785290655.1645107,0.0,0.0,0.06983558391220868
1785290655.2403328,0.0,0.0,0.07502486393786967
1785290655.3144438,0.0,0.0,0.07354620797559619
1785290655.3857563,0.0,0.0,0.07075049611739814
1785290655.4609325,0.0,0.0,0.07461398397572339
1785290655.5333617,0.0,0.0,0.07187139196321368
1785290655.6046598,0.0,0.0,0.07073865598067641
1785290655.680418,0.0,0.0,0.07520723203197122
1785290655.752821,0.0,0.0,0.07185059203766286
1785290655.8244052,0.0,0.0,0.0710244479123503
1785290655.9002726,0.0,0.0,0.075306047918275
1785290655.9728017,0.0,0.0,0.06991622387431562
1785290656.0426612,0.0,0.0,0.0692999039310962
1785290656.1133225,0.0,0.0,0.07006166409701109
1785290656.1861975,0.0,0.0,0.07232115208171308
1785290656.2645237,0.0,0.0,0.07777968002483249
1785290656.3366575,0.0,0.0,0.07156614400446415
1785290656.4129958,0.0,0.0,0.0757816641125828
1785290656.5192282,0.0,0.0,0.10568364802747965
1785290656.59367,0.0,0.0,0.07394185592420399
1785290656.663637,0.0,0.0,0.069404864218086
1785290656.7342713,0.0,0.0,0.07007792009972036
1785290656.8082256,0.0,0.0,0.0733951039146632
1785290656.8780603,0.0,0.0,0.06927174399606884
1785290656.9580376,0.0,0.0,0.07941865595057607
1785290657.0377812,0.0,0.0,0.07918572798371315
1785290657.1132874,0.0,0.0,0.07495123194530606
1785290657.1861017,0.0,0.0,0.07226179190911353
1785290657.258567,0.0,0.0,0.0718527038116008
1785290657.3286924,0.0,0.0,0.06953270407393575
1785290657.398739,0.0,0.0,0.06948876800015569
1785290657.472102,0.0,0.0,0.07276316802017391
1785290657.542262,0.0,0.0,0.0696489920374006
1785290657.613489,0.0,0.0,0.07066953601315618
1785290657.6836178,0.0,0.0,0.06956182396970689
1785290657.7577512,0.0,0.0,0.07356691197492182
1785290657.8272586,0.0,0.0,0.06894864002242684
1785290657.9012837,0.0,0.0,0.07345875189639628
1785290657.9699523,0.0,0.0,0.06811110419221222
1785290658.0444052,0.0,0.0,0.07389129605144262
1785290658.116125,0.0,0.0,0.07115379185415804
1785290658.18522,0.0,0.0,0.06854121596552432
1785290658.2625163,0.0,0.0,0.07673859200440347
1785290658.3331437,0.0,0.0,0.07006467203609645
1785290658.4038348,0.0,0.0,0.07013827213086188
1785290658.473735,0.0,0.0,0.06933827186003327
1785290658.5505638,0.0,0.0,0.07628073589876294
1785290658.625569,0.0,0.0,0.0744140159804374
1785290658.6947598,0.0,0.0,0.06862428807653487
1785290658.7712047,0.0,0.0,0.07583558396436274
1785290658.840975,0.0,0.0,0.06920732813887298
1785290658.911804,0.0,0.0,0.07027273601852357
1785290658.9873898,0.0,0.0,0.07503161602653563
1785290659.0602105,0.0,0.0,0.07229356793686748
1785290659.1273756,0.0,0.0,0.06660454394295812
1785290659.1934757,0.0,0.0,0.06554207997396588
1785290659.2586007,0.0,0.0,0.06456931191496551
1785290659.3635745,0.0,0.0,0.10437900805845857
1785290659.4487593,0.0,0.0,0.0846299841068685
1785290659.5338123,0.0,0.0,0.08449190412648022
1785290659.6202111,0.0,0.0,0.0858425919432193
1785290659.7044053,0.0,0.0,0.08363551995716989
1785290659.7912724,0.0,0.0,0.08630118402652442
1785290659.8756726,0.0,0.0,0.08384134410880506
1785290659.9532442,0.0,0.0,0.07700953586027026
1785290660.0240548,0.0,0.0,0.07024012808687985
1785290660.0936158,0.0,0.0,0.06899910396896303
1785290660.165573,0.0,0.0,0.07140460796654224
1785290660.2369401,0.0,0.0,0.07084719999693334
1785290660.3066463,0.0,0.0,0.06914563197642565
1785290660.3764374,0.0,0.0,0.06919852807186544
1785290660.4495316,0.0,0.0,0.0725365118123591
1785290660.51879,0.0,0.0,0.06870224000886083
1785290660.5970323,0.0,0.0,0.07764342380687594
1785290660.675667,0.0,0.0,0.07806931203231215
1785290660.747018,0.0,0.0,0.07079459191299975
1785290660.8184917,0.0,0.0,0.07081408007070422
1785290660.8891482,0.0,0.0,0.07010220782831311
1785290660.960842,0.0,0.0,0.07106844801455736
1785290661.0310316,0.0,0.0,0.06963155209086835
1785290661.101284,0.0,0.0,0.06963241612538695
1785290661.1770494,0.0,0.0,0.07520284806378186
1785290661.2470832,0.0,0.0,0.06947039999067783
1785290661.3173075,0.0,0.0,0.06962415995076299
1785290661.3926997,0.0,0.0,0.07482694392092526
1785290661.4733498,0.0,0.0,0.07990124798379838
1785290661.546018,0.0,0.0,0.07210966409184039
1785290661.6157768,0.0,0.0,0.06919347192160785
1785290661.6872854,0.0,0.0,0.07062809588387609
1785290661.756012,0.0,0.0,0.06816761591471732
1785290661.821736,0.0,0.0,0.06516595208086073
1785290661.8970902,0.0,0.0,0.07479897583834827
1785290661.9707541,0.0,0.0,0.07287292811088264
1785290662.0431406,0.0,0.0,0.07178320013917983
1785290662.1133285,0.0,0.0,0.06961929588578641
1785290662.1853278,0.0,0.0,0.07143964781425893
1785290662.2547498,0.0,0.0,0.06886035180650651
1785290662.3244147,0.0,0.0,0.06906911986880004
1785290662.3949168,0.0,0.0,0.06993910414166749
1785290662.4656353,0.0,0.0,0.07011286402121186
1785290662.5437768,0.0,0.0,0.07758515188470483
1785290662.6153548,0.0,0.0,0.07101961597800255
1785290662.6879604,0.0,0.0,0.07204720005393028
1785290662.7596595,0.0,0.0,0.07117209606803954
1785290662.8294318,0.0,0.0,0.0692123519256711
1785290662.8993318,0.0,0.0,0.0693389440421015
1785290662.972719,0.0,0.0,0.07283113617449999
1785290663.0436087,0.0,0.0,0.07033276814036071
1785290663.113725,0.0,0.0,0.06955347186885774
1785290663.1844475,0.0,0.0,0.0701590720564127
1785290663.2580621,0.0,0.0,0.07304934412240982
1785290663.3282535,0.0,0.0,0.06963139213621616
1785290663.3987496,0.0,0.0,0.06994121591560543
1785290663.470572,0.0,0.0,0.07123167999088764
1785290663.5436313,0.0,0.0,0.07227193610742688
1785290663.6130261,0.0,0.0,0.06883776001632214
1785290663.6835442,0.0,0.0,0.06995590380392969
1785290663.757794,0.0,0.0,0.07369779190048575
1785290663.827514,0.0,0.0,0.06921420805156231
1785290663.8969688,0.0,0.0,0.06889564800076187
1785290663.967336,0.0,0.0,0.06980950408615172
1785290664.0390189,0.0,0.0,0.07112671993672848
1785290664.1084547,0.0,0.0,0.06888099201023579
1785290664.1774662,0.0,0.0,0.06844767997972667
1785290664.242773,0.0,0.0,0.06474784016609192
1785290664.307499,0.0,0.0,0.0641343998722732
1785290664.377761,0.0,0.0,0.06969859194941819
1785290664.444286,0.0,0.0,0.0659665281418711
1785290664.5107849,0.0,0.0,0.0659371200017631
1785290664.5772579,0.0,0.0,0.06585337594151497
1785290664.643817,0.0,0.0,0.06599798402749002
1785290664.7142236,0.0,0.0,0.06985423993319273
1785290664.7815347,0.0,0.0,0.06675657606683671
1785290664.848231,0.0,0.0,0.06613094406202435
1785290664.914573,0.0,0.0,0.06577241607010365
1785290664.9809048,0.0,0.0,0.06573103996925056
1785290665.051137,0.0,0.0,0.0696383360773325
1785290665.1197069,0.0,0.0,0.06801308807916939
1785290665.1860352,0.0,0.0,0.0657626239117235
1785290665.2517595,0.0,0.0,0.06515961582772434
1785290665.318027,0.0,0.0,0.06570070399902761
1785290665.388306,0.0,0.0,0.06971760001033545
1785290665.454507,0.0,0.0,0.06564742396585643
1785290665.5217981,0.0,0.0,0.06673404783941805
1785290665.5878527,0.0,0.0,0.06549001578241587
1785290665.6542199,0.0,0.0,0.06581107201054692
1785290665.7251327,0.0,0.0,0.07028646394610405
1785290665.7913718,0.0,0.0,0.06569647998549044
1785290665.8577766,0.0,0.0,0.06583219207823277
1785290665.924183,0.0,0.0,0.0658503039740026
1785290665.9901793,0.0,0.0,0.06542982393875718
1785290666.0589132,0.0,0.0,0.06816937611438334
1785290666.1280162,0.0,0.0,0.06689647980965674
1785290666.1946068,0.0,0.0,0.06601823982782662
1785290666.2595267,0.0,0.0,0.06428576004691422
1785290666.3246343,0.0,0.0,0.06455507199279964
1785290666.3891666,0.0,0.0,0.06397049594670534
1785290666.4576266,0.0,0.0,0.06790780811570585
1785290666.5239959,0.0,0.0,0.06581638404168189
1785290666.5903866,0.0,0.0,0.06584038399159908
1785290666.6566746,0.0,0.0,0.065724991960451
1785290666.7226343,0.0,0.0,0.06540531199425459
1785290666.7933884,0.0,0.0,0.07015801593661308
1785290666.8596413,0.0,0.0,0.06575020798482001
1785290666.9245217,0.0,0.0,0.06430422398261726
1785290666.9908862,0.0,0.0,0.06579904002137482
1785290667.0568316,0.0,0.0,0.06531680002808571
1785290667.1250167,0.0,0.0,0.06761843198910356
1785290667.1942809,0.0,0.0,0.06846735998988152
1785290667.2602844,0.0,0.0,0.06544566387310624
1785290667.324903,0.0,0.0,0.06405615992844105
1785290667.3897989,0.0,0.0,0.06433820794336498
1785290667.4544687,0.0,0.0,0.06411420810036361
1785290667.5224485,0.0,0.0,0.06742815999314189
1785290667.5899422,0.0,0.0,0.06569836800917983
1785290667.656353,0.0,0.0,0.06585212796926498
1785290667.7225394,0.0,0.0,0.06562566407956183
1785290667.7893162,0.0,0.0,0.06621763203293085
1785290667.8568707,0.0,0.0,0.0669928640127182
1785290667.923063,0.0,0.0,0.06556585594080389
1785290667.9893,0.0,0.0,0.06563907209783792
1785290668.0557423,0.0,0.0,0.06589168007485569
1785290668.1220996,0.0,0.0,0.06580048007890582
1785290668.1884396,0.0,0.0,0.06577052804641426
1785290668.2585616,0.0,0.0,0.06955833616666496
1785290668.3249993,0.0,0.0,0.06583446403965354
1785290668.38993,0.0,0.0,0.06436476786620915
1785290668.455889,0.0,0.0,0.06539670401252806
1785290668.521958,0.0,0.0,0.06551084807142615
1785290668.5899463,0.0,0.0,0.06743049598298967
1785290668.658308,0.0,0.0,0.06750153587199748
1785290668.724473,0.0,0.0,0.0656035200227052
1785290668.7912364,0.0,0.0,0.0662032961845398
1785290668.857033,0.0,0.0,0.06523478403687477
1785290668.9231987,0.0,0.0,0.06560848001390696
1785290668.9919183,0.0,0.0,0.0674537920858711
1785290669.0578058,0.0,0.0,0.06533011212013662
1785290669.1244075,0.0,0.0,0.06604819209314883
1785290669.1919177,0.0,0.0,0.06695673591457307
1785290669.258493,0.0,0.0,0.0660088318400085
1785290669.3283691,0.0,0.0,0.0693165441043675
1785290669.3946996,0.0,0.0,0.06578723201528192
1785290669.4612403,0.0,0.0,0.06593513581901789
1785290669.5281663,0.0,0.0,0.0663704639300704
1785290669.5929155,0.0,0.0,0.0641875199507922
1785290669.6602623,0.0,0.0,0.06679590395651758
1785290669.7290218,0.0,0.0,0.0679642881732434
1785290669.7960532,0.0,0.0,0.06647276785224676
1785290669.8626013,0.0,0.0,0.06597967981360853
1785290669.9286914,0.0,0.0,0.06549091194756329
1785290669.9950557,0.0,0.0,0.0658016640227288
1785290670.065345,0.0,0.0,0.0689788160379976
1785290670.1317453,0.0,0.0,0.06584723200649023
1785290670.199055,0.0,0.0,0.06675110408104956
1785290670.2654493,0.0,0.0,0.0657729278318584
1785290670.331953,0.0,0.0,0.06594780809246004
1785290670.4024196,0.0,0.0,0.06967056007124484
1785290670.4686494,0.0,0.0,0.06568214390426874
1785290670.5333526,0.0,0.0,0.06414320017211139
1785290670.5996327,0.0,0.0,0.06571612786501646
1785290670.6664126,0.0,0.0,0.06621119985356927
1785290670.7365608,0.0,0.0,0.06959664006717503
1785290670.801102,0.0,0.0,0.06402940792031586
1785290670.8653295,0.0,0.0,0.06367625598795712
1785290670.9317374,0.0,0.0,0.06584956799633801
1785290670.9980412,0.0,0.0,0.06574425590224564
1785290671.0644026,0.0,0.0,0.06580326403491199
1785290671.1347227,0.0,0.0,0.0697592319920659
1785290671.201256,0.0,0.0,0.06588185601867735
1785290671.2682796,0.0,0.0,0.06646223994903266
1785290671.3335352,0.0,0.0,0.06469350401312113
1785290671.3985612,0.0,0.0,0.06446896004490554
1785290671.4653742,0.0,0.0,0.06621228810399771
1785290671.5332842,0.0,0.0,0.06730601587332785
1785290671.5981927,0.0,0.0,0.06434982386417687
1785290671.6642704,0.0,0.0,0.06552105606533587
1785290671.7302668,0.0,0.0,0.06543664005585015
1785290671.7963257,0.0,0.0,0.06549791991710663
1785290671.864801,0.0,0.0,0.06792211206629872
1785290671.9308567,0.0,0.0,0.06551187206059694
1785290671.9971774,0.0,0.0,0.06571638397872448
1785290672.063742,0.0,0.0,0.06600905582308769
1785290672.1297762,0.0,0.0,0.06547420797869563
1785290672.1984606,0.0,0.0,0.06805737619288266
1785290672.2676384,0.0,0.0,0.06681139208376408
1785290672.33423,0.0,0.0,0.06602921593002975
1785290672.4008193,0.0,0.0,0.06601920002140105
1785290672.4669986,0.0,0.0,0.06562396790832281
1785290672.5348392,0.0,0.0,0.06722492794506252
1785290672.6037633,0.0,0.0,0.06810230412520468
1785290672.6704388,0.0,0.0,0.06611747201532125
1785290672.7353652,0.0,0.0,0.06436921586282551
1785290672.801404,0.0,0.0,0.06547635211609304
1785290672.8674238,0.0,0.0,0.06546339183114469
1785290672.9373386,0.0,0.0,0.06935987202450633
1785290673.0039043,0.0,0.0,0.06602847995236516
1785290673.0689886,0.0,0.0,0.06452192016877234
1785290673.1343052,0.0,0.0,0.06476326403208077
1785290673.1988442,0.0,0.0,0.06397142400965095
1785290673.266502,0.0,0.0,0.0670549119822681
1785290673.3359637,0.0,0.0,0.06862364802509546
1785290673.4025526,0.0,0.0,0.06603104015812278
1785290673.4690626,0.0,0.0,0.06591398408636451
1785290673.5356922,0.0,0.0,0.06607363210059702
1785290673.6027348,0.0,0.0,0.06647932808846235
1785290673.6719682,0.0,0.0,0.06857247999869287
1785290673.7382169,0.0,0.0,0.0656880319584161
1785290673.8053212,0.0,0.0,0.0665464960038662
1785290673.8714323,0.0,0.0,0.06554723205044866
1785290673.9376247,0.0,0.0,0.06563843204639852
1785290674.0063763,0.0,0.0,0.06819980801083148
1785290674.072723,0.0,0.0,0.0658093758393079
1785290674.1394207,0.0,0.0,0.06613955204375088
1785290674.2057986,0.0,0.0,0.06581907183863223
1785290674.2717383,0.0,0.0,0.06538070412352681
1785290674.3486965,0.0,0.0,0.0763990399427712
1785290674.4260442,0.0,0.0,0.0767868161201477
1785290674.5063717,0.0,0.0,0.07976844790391624
1785290674.582987,0.0,0.0,0.07599263987503946
1785290674.6591473,0.0,0.0,0.0755528318695724
1785290674.729955,0.0,0.0,0.0702437439467758
1785290674.8016272,0.0,0.0,0.07104777591302991
1785290674.8712687,0.0,0.0,0.0690764479804784
1785290674.9418979,0.0,0.0,0.0700697919819504
1785290675.0187118,0.0,0.0,0.0762508159969002
1785290675.0887303,0.0,0.0,0.06941961590200663
1785290675.158928,0.0,0.0,0.0696357439737767
1785290675.2288032,0.0,0.0,0.06928316806443036
1785290675.303911,0.0,0.0,0.07454671990126371
1785290675.383161,0.0,0.0,0.07862223987467587
1785290675.4617896,0.0,0.0,0.07804918405599892
1785290675.5379195,0.0,0.0,0.07351334393024445
1785290675.6097336,0.0,0.0,0.07125123217701912
1785290675.6812882,0.0,0.0,0.07099743979051709
1785290675.7578645,0.0,0.0,0.0760171520523727
1785290675.829508,0.0,0.0,0.07108438387513161
1785290675.900697,0.0,0.0,0.0706267838831991
1785290675.9762661,0.0,0.0,0.07500844798050821
1785290676.0481677,0.0,0.0,0.07135132793337107
1785290676.118083,0.0,0.0,0.06935123191215098
1785290676.184022,0.0,0.0,0.06537628802470863
1785290676.2499154,0.0,0.0,0.0653300799895078
1785290676.316963,0.0,0.0,0.06642995192669332
1785290676.3840568,0.0,0.0,0.06653305608779192
1785290676.4494617,0.0,0.0,0.06484844791702926
1785290676.5153003,0.0,0.0,0.06527641601860523
1785290676.5812624,0.0,0.0,0.06540524796582758
1785290676.652502,0.0,0.0,0.0706796480808407
1785290676.7210846,0.0,0.0,0.06802838388830423
1785290676.797045,0.0,0.0,0.07539852801710367
1785290676.8767602,0.0,0.0,0.07914447993971407
1785290676.9555671,0.0,0.0,0.07825574418529868
1785290677.030922,0.0,0.0,0.07479603192768991
1785290677.1146855,0.0,0.0,0.08315616007894278
1785290677.1851017,0.0,0.0,0.06981030409224331
1785290677.254998,0.0,0.0,0.06933632004074752
1785290677.3267434,0.0,0.0,0.0711484479252249
1785290677.3981102,0.0,0.0,0.07076089596375823
1785290677.4761398,0.0,0.0,0.0774646399077028
1785290677.5512924,0.0,0.0,0.07459503994323313
1785290677.6215193,0.0,0.0,0.06966553605161607
1785290677.6923869,0.0,0.0,0.07031132793053985
1785290677.7638252,0.0,0.0,0.07087008003145456
1785290677.8354447,0.0,0.0,0.0709893440362066
1785290677.9015944,0.0,0.0,0.06557724787853658
1785290677.967405,0.0,0.0,0.065254912013188
1785290678.0332534,0.0,0.0,0.06528518395498395
1785290678.0988414,0.0,0.0,0.0650307519827038
1785290678.1667068,0.0,0.0,0.0672056321054697
1785290678.2327762,0.0,0.0,0.06547558400779963
1785290678.2979085,0.0,0.0,0.06457324814982712
1785290678.3641891,0.0,0.0,0.06572111998684704
1785290678.4319599,0.0,0.0,0.06720607983879745
1785290678.5035515,0.0,0.0,0.07096832012757659
1785290678.571851,0.0,0.0,0.06774057587608695
1785290678.6371553,0.0,0.0,0.06474048015661538
1785290678.7027786,0.0,0.0,0.06506412802264094
1785290678.7696598,0.0,0.0,0.0662338559050113
1785290678.8381836,0.0,0.0,0.06789670395664871
1785290678.903643,0.0,0.0,0.06489718402735889
1785290678.9704752,0.0,0.0,0.06627811188809574
1785290679.0370722,0.0,0.0,0.06603660783730447
1785290679.1027496,0.0,0.0,0.06512419204227626
1785290679.1707938,0.0,0.0,0.06745017599314451
1785290679.23672,0.0,0.0,0.06532924808561802
1785290679.3023453,0.0,0.0,0.06506655993871391
1785290679.3685782,0.0,0.0,0.06567382393404841
1785290679.4368627,0.0,0.0,0.06772384000942111
1785290679.504773,0.0,0.0,0.06735164788551629
1785290679.570805,0.0,0.0,0.06547967996448278
1785290679.6364985,0.0,0.0,0.06503107189200819
1785290679.7023902,0.0,0.0,0.06533113610930741
1785290679.769335,0.0,0.0,0.06639059190638363
1785290679.835599,0.0,0.0,0.06570803187787533
1785290679.9027297,0.0,0.0,0.06650521606206894
1785290679.9682512,0.0,0.0,0.06492240005172789
1785290680.0339425,0.0,0.0,0.06513052806258202
1785290680.0998223,0.0,0.0,0.06532079982571304
1785290680.1656148,0.0,0.0,0.06522873602807522
1785290680.2355578,0.0,0.0,0.06937744002789259
1785290680.30156,0.0,0.0,0.06545459199696779
1785290680.367613,0.0,0.0,0.06549984007142484
1785290680.4348316,0.0,0.0,0.0666567999869585
1785290680.500858,0.0,0.0,0.06540556810796261
1785290680.5686145,0.0,0.0,0.0672003198415041
1785290680.634063,0.0,0.0,0.064910784130916
1785290680.6997974,0.0,0.0,0.06517404806800187
1785290680.7660973,0.0,0.0,0.06573385605588555
1785290680.8317497,0.0,0.0,0.06509091192856431
1785290680.897536,0.0,0.0,0.06523209600709379
1785290680.9648426,0.0,0.0,0.06667936011217535
1785290681.0301785,0.0,0.0,0.06478294404223561
1785290681.09567,0.0,0.0,0.06493072002194822
1785290681.1619167,0.0,0.0,0.06569190416485071
1785290681.227742,0.0,0.0,0.06526070414111018
1785290681.2954328,0.0,0.0,0.06713753612712026
1785290681.3611531,0.0,0.0,0.06519856001250446
1785290681.4266906,0.0,0.0,0.06499062408693135
1785290681.4932048,0.0,0.0,0.06586828804574907
1785290681.5592816,0.0,0.0,0.06551174400374293
1785290681.6253245,0.0,0.0,0.06547254393808544
1785290681.6924763,0.0,0.0,0.06652713613584638
1785290681.7588706,0.0,0.0,0.06583673600107431
1785290681.8244002,0.0,0.0,0.06492854398675263
1785290681.9388647,0.0,0.0,0.11390281608328223
1785290682.0161579,0.0,0.0,0.07669200003147125
1785290682.096878,0.0,0.0,0.07984646409749985
1785290682.1630597,0.0,0.0,0.06561036803759634
1785290682.2288737,0.0,0.0,0.0651918079238385
1785290682.294491,0.0,0.0,0.06506092799827456
1785290682.3619556,0.0,0.0,0.06691171205602586
1785290682.4391773,0.0,0.0,0.0766642561648041
1785290682.5206487,0.0,0.0,0.08091145590879023
1785290682.6014736,0.0,0.0,0.08020169613882899
1785290682.6752005,0.0,0.0,0.07316438411362469
1785290682.745039,0.0,0.0,0.06928867194801569
1785290682.8173013,0.0,0.0,0.07164201606065035
1785290682.8850136,0.0,0.0,0.0671528319362551
1785290682.9510825,0.0,0.0,0.06550716795027256
1785290683.016753,0.0,0.0,0.0650672318879515
1785290683.0835752,0.0,0.0,0.06625398411415517
1785290683.1525066,0.0,0.0,0.06799203203991055
1785290683.2184627,0.0,0.0,0.06539519992657006
1785290683.2839155,0.0,0.0,0.06488902401179075
1785290683.3604898,0.0,0.0,0.07601094385609031
1785290683.440768,0.0,0.0,0.07952723186463118
1785290683.5164566,0.0,0.0,0.07512304000556469
1785290683.5872915,0.0,0.0,0.07027680007740855
1785290683.658491,0.0,0.0,0.0705696961376816
1785290683.7280169,0.0,0.0,0.06896828790195286
1785290683.7987647,0.0,0.0,0.07019606395624578
1785290683.8721128,0.0,0.0,0.072755680186674
1785290683.941428,0.0,0.0,0.06881148810498416
1785290684.0105827,0.0,0.0,0.06859004800207913
1785290684.0805368,0.0,0.0,0.06936086411587894
1785290684.153997,0.0,0.0,0.07290608016774058
1785290684.224985,0.0,0.0,0.0704800640232861
1785290684.2964523,0.0,0.0,0.07091667200438678
1785290684.368356,0.0,0.0,0.07134121609851718
1785290684.4477918,0.0,0.0,0.07887795218266547
1785290684.522086,0.0,0.0,0.07373263989575207
1785290684.5978918,0.0,0.0,0.07523737591691315
1785290684.673017,0.0,0.0,0.07438969588838518
1785290684.7453976,0.0,0.0,0.07181718409992754
1785290684.8182497,0.0,0.0,0.07229484780691564
1785290684.8943386,0.0,0.0,0.07553097605705261
1785290684.9666486,0.0,0.0,0.07175452797673643
1785290685.038395,0.0,0.0,0.07115251198410988
1785290685.1144633,0.0,0.0,0.07550265616737306
1785290685.1851208,0.0,0.0,0.070097248069942
1785290685.2559528,0.0,0.0,0.07027407991699874
1785290685.3264546,0.0,0.0,0.06994956801645458
1785290685.3961313,0.0,0.0,0.06911795190535486
1785290685.4625137,0.0,0.0,0.06584998406469822
1785290685.5319395,0.0,0.0,0.06886566407047212
1785290685.6032863,0.0,0.0,0.07077926397323608
1785290685.680276,0.0,0.0,0.07642857590690255
1785290685.7587392,0.0,0.0,0.0779105918481946
1785290685.8354955,0.0,0.0,0.07614911999553442
1785290685.9159708,0.0,0.0,0.07972566387616098
1785290685.9891407,0.0,0.0,0.07260553608648479
1785290686.0577164,0.0,0.0,0.06802140804938972
1785290686.1294975,0.0,0.0,0.07115593599155545
1785290686.1977482,0.0,0.0,0.06769328005611897
1785290686.2626326,0.0,0.0,0.06432192004285753
1785290686.3280966,0.0,0.0,0.06486614397726953
1785290686.3954177,0.0,0.0,0.06676115212030709
1785290686.4639134,0.0,0.0,0.06786668789573014
1785290686.5302749,0.0,0.0,0.06580441584810615
1785290686.5982127,0.0,0.0,0.06737558403983712
1785290686.6637328,0.0,0.0,0.06496265600435436
1785290686.7297864,0.0,0.0,0.0654895999468863
1785290686.7994895,0.0,0.0,0.06914003193378448
1785290686.8642173,0.0,0.0,0.06399337598122656
1785290686.930012,0.0,0.0,0.06523187202401459
1785290686.9949198,0.0,0.0,0.0643499200232327
1785290687.0594656,0.0,0.0,0.0639390719588846
1785290687.126338,0.0,0.0,0.06631107185967267
1785290687.1963344,0.0,0.0,0.06908265617676079
1785290687.2625208,0.0,0.0,0.06562739214859903
1785290687.3291502,0.0,0.0,0.06606783997267485
1785290687.3954148,0.0,0.0,0.06570601603016257
1785290687.461647,0.0,0.0,0.06567152007482946
1785290687.5312824,0.0,0.0,0.06907452782616019
1785290687.5970569,0.0,0.0,0.06522684800438583
1785290687.66483,0.0,0.0,0.06720713595859706
1785290687.7307544,0.0,0.0,0.06536502414382994
1785290687.7976482,0.0,0.0,0.06629382399842143
1785290687.86824,0.0,0.0,0.07003331207670271
1785290687.9344587,0.0,0.0,0.06566422386094928
1785290688.0007548,0.0,0.0,0.06574316811747849
1785290688.0669188,0.0,0.0,0.06560825603082776
1785290688.1331005,0.0,0.0,0.06554310396313667
1785290688.2013454,0.0,0.0,0.06768204807303846
1785290688.2697492,0.0,0.0,0.06585663999430835
1785290688.3358922,0.0,0.0,0.0655909760389477
1785290688.4021888,0.0,0.0,0.06573110399767756
1785290688.4684355,0.0,0.0,0.06568083190359175
1785290688.5361106,0.0,0.0,0.06706755212508142
1785290688.6053472,0.0,0.0,0.06848390400409698
1785290688.6747746,0.0,0.0,0.0688633918762207
1785290688.7410336,0.0,0.0,0.06563174398615956
1785290688.807748,0.0,0.0,0.0661514881066978
1785290688.8754864,0.0,0.0,0.06717932806350291
1785290688.9440181,0.0,0.0,0.06766726402565837
1785290689.0100446,0.0,0.0,0.06547436816617846
1785290689.0764034,0.0,0.0,0.06580096017569304
1785290689.142148,0.0,0.0,0.06517779198475182
1785290689.2083685,0.0,0.0,0.0656624638941139
1785290689.2773335,0.0,0.0,0.06766969594173133
1785290689.3419056,0.0,0.0,0.06401987187564373
1785290689.4065208,0.0,0.0,0.06405353592708707
1785290689.473008,0.0,0.0,0.06592297600582242
1785290689.538656,0.0,0.0,0.06509219203144312
1785290689.605779,0.0,0.0,0.06651292787864804
1785290689.6759565,0.0,0.0,0.06956179183907807
1785290689.7402475,0.0,0.0,0.06373676797375083
1785290689.8053102,0.0,0.0,0.0644976960029453
1785290689.8712935,0.0,0.0,0.06542220804840326
1785290689.9374259,0.0,0.0,0.06557203200645745
1785290690.0074315,0.0,0.0,0.06945024011656642
1785290690.0735211,0.0,0.0,0.06553609599359334
1785290690.1380794,0.0,0.0,0.06399507191963494
1785290690.2022076,0.0,0.0,0.06356412800960243
1785290690.2679276,0.0,0.0,0.06514745601452887
1785290690.333993,0.0,0.0,0.0655065281316638
1785290690.4042137,0.0,0.0,0.06966531183570623
1785290690.4697807,0.0,0.0,0.0650074880104512
1785290690.5362792,0.0,0.0,0.0659392960369587
1785290690.6027067,0.0,0.0,0.06586294388398528
1785290690.668942,0.0,0.0,0.06562732788734138
1785290690.739685,0.0,0.0,0.07017600000835955
1785290690.8046615,0.0,0.0,0.06445046397857368
1785290690.8688054,0.0,0.0,0.06358140800148249
1785290690.9326277,0.0,0.0,0.0632648637983948
1785290690.9972668,0.0,0.0,0.0640743039548397
1785290691.0616105,0.0,0.0,0.0637791680637747
1785290691.1291332,0.0,0.0,0.06696019205264747
1785290691.1957319,0.0,0.0,0.06398284807801247
1785290691.2614272,0.0,0.0,0.06513567990623415
1785290691.3277116,0.0,0.0,0.0657135359942913
1785290691.393559,0.0,0.0,0.06528780795633793
1785290691.4591882,0.0,0.0,0.06506419205106795
1785290691.528359,0.0,0.0,0.06860844790935516
1785290691.5926108,0.0,0.0,0.06369958398863673
1785290691.6565156,0.0,0.0,0.06334412796422839
1785290691.7237048,0.0,0.0,0.0666224320884794
1785290691.7892058,0.0,0.0,0.06493721599690616
1785290691.8548768,0.0,0.0,0.0651162879075855
1785290691.9249952,0.0,0.0,0.0688286719378084
1785290691.9909644,0.0,0.0,0.06542220781557262
1785290692.0571382,0.0,0.0,0.06550287990830839
1785290692.1233685,0.0,0.0,0.06566745601594448
1785290692.189529,0.0,0.0,0.06559718400239944
1785290692.25924,0.0,0.0,0.06915180804207921
1785290692.3254302,0.0,0.0,0.06567580788396299
1785290692.390022,0.0,0.0,0.0640369919128716
1785290692.4560838,0.0,0.0,0.06551001593470573
1785290692.5217862,0.0,0.0,0.06513571203686297
1785290692.5875149,0.0,0.0,0.06517337588593364
1785290692.656008,0.0,0.0,0.06793062388896942
1785290692.7244785,0.0,0.0,0.06791308801621199
1785290692.789773,0.0,0.0,0.0647327359765768
1785290692.8544064,0.0,0.0,0.06407564808614552
1785290692.9182594,0.0,0.0,0.06329571199603379
1785290692.9850316,0.0,0.0,0.06621555192396045
1785290693.0541022,0.0,0.0,0.06827577599324286
1785290693.1202478,0.0,0.0,0.06560310395434499
1785290693.1863189,0.0,0.0,0.0655110718216747
1785290693.2519865,0.0,0.0,0.06510560004971921
1785290693.318249,0.0,0.0,0.0657013759482652
1785290693.3882,0.0,0.0,0.0693907521199435
1785290693.4541767,0.0,0.0,0.06541296001523733
1785290693.5210223,0.0,0.0,0.06627647997811437
1785290693.5856895,0.0,0.0,0.06409964803606272
1785290693.6495626,0.0,0.0,0.06331161595880985
1785290693.7155387,0.0,0.0,0.06542297615669668
1785290693.78719,0.0,0.0,0.07060931203886867
1785290693.851021,0.0,0.0,0.06326758395880461
1785290693.9168413,0.0,0.0,0.06521980790421367
1785290693.982464,0.0,0.0,0.0650595840997994
1785290694.047438,0.0,0.0,0.0644093758892268
1785290694.1143377,0.0,0.0,0.06634076801128685
1785290694.181366,0.0,0.0,0.06640604813583195
1785290694.2460685,0.0,0.0,0.06414153589867055
1785290694.3112085,0.0,0.0,0.0645823678933084
1785290694.3775232,0.0,0.0,0.06574534391984344
1785290694.4434595,0.0,0.0,0.06537795206531882
1785290694.5134504,0.0,0.0,0.06942940782755613
1785290694.5782838,0.0,0.0,0.06431462406180799
1785290694.6425622,0.0,0.0,0.06372624007053673
1785290694.7066317,0.0,0.0,0.06348544009961188
1785290694.7739325,0.0,0.0,0.06669999985024333
1785290694.83902,0.0,0.0,0.06452889600768685
1785290694.90694,0.0,0.0,0.06732419203035533
1785290694.9711487,0.0,0.0,0.06360780796967447
1785290695.0355897,0.0,0.0,0.06387024000287056
1785290695.1008031,0.0,0.0,0.06465481594204903
1785290695.1661453,0.0,0.0,0.06478755199350417
1785290695.2310262,0.0,0.0,0.06432339199818671
1785290695.298021,0.0,0.0,0.06639459193684161
1785290695.3650398,0.0,0.0,0.06523654400371015
1785290695.4314053,0.0,0.0,0.06580764800310135
1785290695.5118618,0.0,0.0,0.07989756786264479
1785290695.5891058,0.0,0.0,0.07669059210456908
1785290695.6646783,0.0,0.0,0.07501513604074717
1785290695.7355778,0.0,0.0,0.07034300803206861
1785290695.8087106,0.0,0.0,0.07258214405737817
1785290695.8797712,0.0,0.0,0.07054108800366521
1785290695.9499915,0.0,0.0,0.06966111995279789
1785290696.019605,0.0,0.0,0.06905942410230637
1785290696.093033,0.0,0.0,0.07286675204522908
1785290696.162405,0.0,0.0,0.06880764802917838
1785290696.2314718,0.0,0.0,0.06849875207990408
1785290696.300308,0.0,0.0,0.06827417598105967
1785290696.371522,0.0,0.0,0.07065692800097167
1785290696.442285,0.0,0.0,0.07023017597384751
1785290696.5124354,0.0,0.0,0.06959235202521086
1785290696.581257,0.0,0.0,0.06827043206430972
1785290696.6535132,0.0,0.0,0.07170553598552942
1785290696.724387,0.0,0.0,0.07033167988993227
1785290696.7948039,0.0,0.0,0.0698606080841273
1785290696.8660128,0.0,0.0,0.07059679995290935
1785290696.9368646,0.0,0.0,0.07013817597180605
1785290697.0073767,0.0,0.0,0.06995289609767497
1785290697.0767887,0.0,0.0,0.06885507190600038
1785290697.1454346,0.0,0.0,0.06808025599457324
1785290697.2165494,0.0,0.0,0.07056012796238065
1785290697.2924948,0.0,0.0,0.0753928639460355
1785290697.366714,0.0,0.0,0.07366694393567741
1785290697.442776,0.0,0.0,0.07546159997582436
1785290697.518532,0.0,0.0,0.07513964804820716
1785290697.5922687,0.0,0.0,0.07318460801616311
1785290697.6686764,0.0,0.0,0.0758539519738406
1785290697.7441478,0.0,0.0,0.07490979181602597
1785290697.8180537,0.0,0.0,0.0733484800439328
1785290697.8952777,0.0,0.0,0.07666918402537704
1785290697.9708843,0.0,0.0,0.0750458559487015
1785290698.0431952,0.0,0.0,0.07171459216624498
1785290698.118944,0.0,0.0,0.0751958079636097
1785290698.1944957,0.0,0.0,0.07490249606780708
1785290698.2671564,0.0,0.0,0.07210195204243064
1785290698.3430102,0.0,0.0,0.07529801619239151
1785290698.4189732,0.0,0.0,0.07532041589729488
1785290698.4915595,0.0,0.0,0.0719777918420732
1785290698.567467,0.0,0.0,0.07535180798731744
1785290698.6429217,0.0,0.0,0.07489862409420311
1785290698.7152708,0.0,0.0,0.07175603206269443
1785290698.791927,0.0,0.0,0.0761002239305526
1785290698.8700821,0.0,0.0,0.0776057920884341
1785290698.9431567,0.0,0.0,0.07252083206549287
1785290699.0186508,0.0,0.0,0.07379164802841842
1785290699.0938122,0.0,0.0,0.07455494394525886
1785290699.1665745,0.0,0.0,0.0722062720451504
1785290699.2437594,0.0,0.0,0.07658691192045808
1785290699.3184261,0.0,0.0,0.07410649606026709
1785290699.3952842,0.0,0.0,0.07629686407744884
1785290699.469784,0.0,0.0,0.07395907188765705
1785290699.544888,0.0,0.0,0.07454860815778375
1785290699.6211443,0.0,0.0,0.07569817593321204
1785290699.69706,0.0,0.0,0.07538745598867536
1785290699.7720451,0.0,0.0,0.07443171204067767
1785290699.8492103,0.0,0.0,0.07660287991166115
1785290699.926299,0.0,0.0,0.07654211181215942
1785290700.0008955,0.0,0.0,0.07403536001220345
1785290700.076986,0.0,0.0,0.075531359994784
1785290700.1527615,0.0,0.0,0.07522383984178305
1785290700.2264564,0.0,0.0,0.07314627198502421
1785290700.3028738,0.0,0.0,0.07585535990074277
1785290700.3788395,0.0,0.0,0.07536928006447852
1785290700.4513175,0.0,0.0,0.07186943991109729
1785290700.5267713,0.0,0.0,0.07476473599672318
1785290700.6009796,0.0,0.0,0.07360860798507929
1785290700.6747093,0.0,0.0,0.07316604792140424
1785290700.751401,0.0,0.0,0.07609990402124822
1785290700.8259566,0.0,0.0,0.07399436784908175
1785290700.89972,0.0,0.0,0.07321267179213464
1785290700.9756396,0.0,0.0,0.07522067194804549
1785290701.049905,0.0,0.0,0.07371132797561586
1785290701.1237383,0.0,0.0,0.07328310399316251
1785290701.2010198,0.0,0.0,0.07672492787241936
1785290701.27648,0.0,0.0,0.07491206401027739
1785290701.3488328,0.0,0.0,0.07178691192530096
1785290701.4252603,0.0,0.0,0.07587174396030605
1785290701.5007882,0.0,0.0,0.07497302396222949
1785290701.5733223,0.0,0.0,0.07197446399368346
1785290701.645544,0.0,0.0,0.07166627189144492
1785290701.7128131,0.0,0.0,0.06670748791657388
1785290701.7798386,0.0,0.0,0.0664710400160402
1785290701.845476,0.0,0.0,0.06508457590825856
1785290701.9124947,0.0,0.0,0.06645737588405609
1785290701.9840078,0.0,0.0,0.07089420780539513
1785290702.0490277,0.0,0.0,0.06445267191156745
1785290702.1133487,0.0,0.0,0.06377148791216314
1785290702.179063,0.0,0.0,0.06515500787645578
1785290702.243865,0.0,0.0,0.06419673608615994
1785290702.3136814,0.0,0.0,0.06926492811180651
1785290702.3801777,0.0,0.0,0.06595148798078299
1785290702.44707,0.0,0.0,0.0663255040999502
1785290702.5138252,0.0,0.0,0.06610598415136337
1785290702.5801752,0.0,0.0,0.0657915840856731
1785290702.6478868,0.0,0.0,0.06715446384623647
1785290702.7166355,0.0,0.0,0.06779561610892415
1785290702.7836607,0.0,0.0,0.06646777596324682
1785290702.849321,0.0,0.0,0.06509523186832666
1785290702.9148488,0.0,0.0,0.06496563204564154
1785290702.9852543,0.0,0.0,0.06979327998124063
1785290703.0513196,0.0,0.0,0.06544236792251468
1785290703.1174827,0.0,0.0,0.06560195214115083
1785290703.1842697,0.0,0.0,0.06623427220620215
1785290703.2503965,0.0,0.0,0.06555318390019238
1785290703.3156338,0.0,0.0,0.06467887992039323
1785290703.3857152,0.0,0.0,0.06951609603129327
1785290703.4531453,0.0,0.0,0.06687718397006392
1785290703.5180743,0.0,0.0,0.06437129597179592
1785290703.5837977,0.0,0.0,0.06443071993999183
1785290703.6494293,0.0,0.0,0.0650679359678179
1785290703.7168498,0.0,0.0,0.06685955193825066
1785290703.7848513,0.0,0.0,0.06736931204795837
1785290703.8509848,0.0,0.0,0.06557270395569503
1785290703.9174156,0.0,0.0,0.06582435220479965
1785290703.9864016,0.0,0.0,0.06842416012659669
1785290704.0534012,0.0,0.0,0.06643769587390125
1785290704.1209774,0.0,0.0,0.06695984001271427
1785290704.1872072,0.0,0.0,0.06567462394014001
1785290704.2537599,0.0,0.0,0.06598918396048248
1785290704.3189821,0.0,0.0,0.0646694719325751
1785290704.385257,0.0,0.0,0.06567244813777506
1785290704.4543211,0.0,0.0,0.06850227201357484
1785290704.5204844,0.0,0.0,0.06566262408159673
1785290704.58724,0.0,0.0,0.0661984640173614
1785290704.652045,0.0,0.0,0.06425023986957967
1785290704.717488,0.0,0.0,0.06488035200163722
1785290704.7835257,0.0,0.0,0.06546847987920046
1785290704.853104,0.0,0.0,0.0690154240000993
1785290704.917785,0.0,0.0,0.06411878392100334
1785290704.9822772,0.0,0.0,0.06392684788443148
1785290705.0499735,0.0,0.0,0.06713894382119179
1785290705.1144779,0.0,0.0,0.06393286399543285
1785290705.1813228,0.0,0.0,0.06628102413378656
1785290705.2496538,0.0,0.0,0.06771292793564498
1785290705.316265,0.0,0.0,0.06605833605863154
1785290705.3812814,0.0,0.0,0.06445692805573344
1785290705.4473076,0.0,0.0,0.06547283194959164
1785290705.513366,0.0,0.0,0.06549001601524651
1785290705.5837772,0.0,0.0,0.06985769607126713
1785290705.6504366,0.0,0.0,0.06610080017708242
1785290705.71717,0.0,0.0,0.06617968017235398
1785290705.7824633,0.0,0.0,0.0647347520571202
1785290705.849598,0.0,0.0,0.0665815039537847
1785290705.9197724,0.0,0.0,0.06961999996565282
1785290705.9858637,0.0,0.0,0.06558339204639196
1785290706.0554776,0.0,0.0,0.06904531200416386
1785290706.1204596,0.0,0.0,0.0644289602059871
1785290706.184956,0.0,0.0,0.06393161602318287
1785290706.251914,0.0,0.0,0.06640528002753854
1785290706.32098,0.0,0.0,0.06844409601762891
1785290706.3857794,0.0,0.0,0.06424092804081738
1785290706.4521756,0.0,0.0,0.06583203189074993
1785290706.5172932,0.0,0.0,0.06455673603340983
1785290706.5821886,0.0,0.0,0.06433398392982781
1785290706.6493998,0.0,0.0,0.06664780783466995
1785290706.7169433,0.0,0.0,0.06692265602760017
1785290706.7833893,0.0,0.0,0.06589039997197688
1785290706.849133,0.0,0.0,0.06518697598949075
1785290706.9151373,0.0,0.0,0.065406016074121
1785290706.981337,0.0,0.0,0.06563014397397637
1785290707.0517716,0.0,0.0,0.06916147191077471
1785290707.119681,0.0,0.0,0.06734556797891855
1785290707.18413,0.0,0.0,0.06388748809695244
1785290707.2493477,0.0,0.0,0.06466006394475698
1785290707.314382,0.0,0.0,0.06447382410988212
1785290707.381186,0.0,0.0,0.06623324798420072
1785290707.4468286,0.0,0.0,0.06506044790148735
1785290707.5126953,0.0,0.0,0.06519068800844252
1785290707.578221,0.0,0.0,0.06496630399487913
1785290707.6438918,0.0,0.0,0.06510790390893817
1785290707.7102084,0.0,0.0,0.06575235188938677
1785290707.780771,0.0,0.0,0.0699996161274612
1785290707.8466792,0.0,0.0,0.06534675206057727
1785290707.9117494,0.0,0.0,0.06447686394676566
1785290707.9761596,0.0,0.0,0.06384784006513655
1785290708.0408916,0.0,0.0,0.06417180807329714
1785290708.1110427,0.0,0.0,0.06959500792436302
1785290708.179446,0.0,0.0,0.06775785610079765
1785290708.245694,0.0,0.0,0.06568822404369712
1785290708.3124354,0.0,0.0,0.06618985580280423
1785290708.378784,0.0,0.0,0.06579868798144162
1785290708.444919,0.0,0.0,0.06553542404435575
1785290708.5151243,0.0,0.0,0.06927718385122716
1785290708.5812204,0.0,0.0,0.06554038403555751
1785290708.6477435,0.0,0.0,0.06596547202207148
1785290708.7139533,0.0,0.0,0.06564921606332064
1785290708.7800217,0.0,0.0,0.06550640007480979
1785290708.8511748,0.0,0.0,0.07059689611196518
1785290708.9177535,0.0,0.0,0.06602156790904701
1785290708.98432,0.0,0.0,0.06600387208163738
1785290709.0508585,0.0,0.0,0.06597494403831661
1785290709.1207342,0.0,0.0,0.06926995189860463
1785290709.1896286,0.0,0.0,0.06833568005822599
1785290709.2543833,0.0,0.0,0.06419552001170814
1785290709.3208468,0.0,0.0,0.06589923216961324
1785290709.3874002,0.0,0.0,0.06599904014728963
1785290709.4523735,0.0,0.0,0.06441257591359317
1785290709.5202332,0.0,0.0,0.0673047041054815
1785290709.5883095,0.0,0.0,0.06746195210143924
1785290709.6549447,0.0,0.0,0.06607248005457222
1785290709.7217884,0.0,0.0,0.06616358389146626
1785290709.7880595,0.0,0.0,0.06570950406603515
1785290709.8713086,0.0,0.0,0.0826908799353987
1785290709.9380279,0.0,0.0,0.06615251209586859
1785290710.0044994,0.0,0.0,0.06591331190429628
1785290710.0708017,0.0,0.0,0.0657407040707767
1785290710.1438339,0.0,0.0,0.07242620782926679
1785290710.2103212,0.0,0.0,0.06596572790294886
1785290710.2768269,0.0,0.0,0.06595257599838078
1785290710.3432605,0.0,0.0,0.06586815998889506
1785290710.4094846,0.0,0.0,0.06566556799225509
1785290710.4781632,0.0,0.0,0.06811593589372933
1785290710.544945,0.0,0.0,0.06449126405641437
1785290710.6093266,0.0,0.0,0.0638252159114927
1785290710.6755998,0.0,0.0,0.0657141120173037
1785290710.7416337,0.0,0.0,0.06547155207954347
1785290710.8079216,0.0,0.0,0.0657286720816046
1785290710.8789892,0.0,0.0,0.0701682239305228
1785290710.9452646,0.0,0.0,0.0657002239022404
1785290711.0430052,0.0,0.0,0.09718304011039436
1785290711.1075006,0.0,0.0,0.06395360012538731
1785290711.175126,0.0,0.0,0.06703660800121725
1785290711.2395654,0.0,0.0,0.06387270404957235
1785290711.3045259,0.0,0.0,0.06439737603068352
1785290711.3703918,0.0,0.0,0.06529718381352723
1785290711.4406822,0.0,0.0,0.06972559983842075
1785290711.507046,0.0,0.0,0.06581187201663852
1785290711.5746486,0.0,0.0,0.06699542398564517
1785290711.6401136,0.0,0.0,0.06486710417084396
1785290711.7068148,0.0,0.0,0.06614499189890921
1785290711.7775974,0.0,0.0,0.07017843215726316
1785290711.8435988,0.0,0.0,0.06545446417294443
1785290711.908329,0.0,0.0,0.06416460801847279
1785290711.9733846,0.0,0.0,0.06449363194406033
1785290712.0382113,0.0,0.0,0.06426803185604513
1785290712.1049037,0.0,0.0,0.06613008002750576
1785290712.173557,0.0,0.0,0.06802735989913344
1785290712.2412553,0.0,0.0,0.0671420160215348
1785290712.3057284,0.0,0.0,0.06391833606176078
1785290712.3706832,0.0,0.0,0.06439449591562152
1785290712.435716,0.0,0.0,0.0644463999196887
1785290712.502896,0.0,0.0,0.06663024006411433
1785290712.5691388,0.0,0.0,0.0655895359814167
1785290712.6352708,0.0,0.0,0.06556860799901187
1785290712.7018547,0.0,0.0,0.06602316815406084
1785290712.7678533,0.0,0.0,0.06543865613639355
1785290712.83498,0.0,0.0,0.06657017581164837
1785290712.9052858,0.0,0.0,0.06971695995889604
1785290712.9717305,0.0,0.0,0.06588796805590391
1785290713.037036,0.0,0.0,0.06474502407945693
1785290713.1034014,0.0,0.0,0.06581030413508415
1785290713.1685233,0.0,0.0,0.0645606080070138
1785290713.2401786,0.0,0.0,0.07109593600034714
1785290713.304629,0.0,0.0,0.06392988795414567
1785290713.371083,0.0,0.0,0.06589705590158701
1785290713.4360538,0.0,0.0,0.06435116799548268
1785290713.502044,0.0,0.0,0.06542822392657399
1785290713.5690978,0.0,0.0,0.06649183994159102
1785290713.6393793,0.0,0.0,0.06972505594603717
1785290713.706062,0.0,0.0,0.06611996795982122
1785290713.7727833,0.0,0.0,0.06616163207218051
1785290713.8399823,0.0,0.0,0.06663631997071207
1785290713.9052334,0.0,0.0,0.06469833594746888
1785290713.9751213,0.0,0.0,0.0693085438106209
1785290714.0421114,0.0,0.0,0.06646707188338041
1785290714.1071365,0.0,0.0,0.06443251203745604
1785290714.1733415,0.0,0.0,0.0656399680301547
1785290714.2426634,0.0,0.0,0.06876924796961248
1785290714.311677,0.0,0.0,0.06829327996820211
1785290714.3774664,0.0,0.0,0.06528947199694812
1785290714.442482,0.0,0.0,0.06446140795014799
1785290714.5069354,0.0,0.0,0.06389932800084352
1785290714.5724235,0.0,0.0,0.06487785605713725
1785290714.6387062,0.0,0.0,0.06572313606739044
1785290714.7091289,0.0,0.0,0.0698242241051048
1785290714.7759032,0.0,0.0,0.06621667183935642
1785290714.8417957,0.0,0.0,0.06533116800710559
1785290714.9067829,0.0,0.0,0.0644237119704485
1785290714.9715128,0.0,0.0,0.06414265604689717
1785290715.0386863,0.0,0.0,0.06660591997206211
1785290715.1067517,0.0,0.0,0.06738336011767387
1785290715.1731129,0.0,0.0,0.06577888014726341
1785290715.2379715,0.0,0.0,0.06429519993253052
1785290715.3062449,0.0,0.0,0.06771596800535917
1785290715.370845,0.0,0.0,0.06404780806042254
1785290715.4412436,0.0,0.0,0.06979648000560701
1785290715.5077925,0.0,0.0,0.06598665588535368
1785290715.573391,0.0,0.0,0.06504294415935874
1785290715.6383386,0.0,0.0,0.06438592006452382
1785290715.7029712,0.0,0.0,0.06407180801033974
1785290715.770236,0.0,0.0,0.06665472011081874
1785290715.8386173,0.0,0.0,0.06776368012651801
1785290715.9032948,0.0,0.0,0.06408025603741407
1785290715.9697258,0.0,0.0,0.06586636789143085
1785290716.0360866,0.0,0.0,0.06580921588465571
1785290716.1027024,0.0,0.0,0.06604902422986925
1785290716.1729598,0.0,0.0,0.06965241604484618
1785290716.2394748,0.0,0.0,0.06595958396792412
1785290716.3075597,0.0,0.0,0.06753203202970326
1785290716.3725958,0.0,0.0,0.06447286391630769
1785290716.438889,0.0,0.0,0.065727808047086
1785290716.5091093,0.0,0.0,0.06961763207800686
1785290716.5755157,0.0,0.0,0.06586028798483312
1785290716.6422188,0.0,0.0,0.06614076788537204
1785290716.7083912,0.0,0.0,0.06561257597059011
1785290716.7746484,0.0,0.0,0.06570419203490019
1785290716.8426907,0.0,0.0,0.06739126401953399
1785290716.9118972,0.0,0.0,0.06815590406768024
1785290716.9783869,0.0,0.0,0.06593443197198212
1785290717.0457463,0.0,0.0,0.06679913587868214
1785290717.1125786,0.0,0.0,0.06627689604647458
1785290717.181101,0.0,0.0,0.06796288001351058
1785290717.2492273,0.0,0.0,0.06747919996269047
1785290717.3194773,0.0,0.0,0.06968444818630815
1785290717.386448,0.0,0.0,0.06641164817847311
1785290717.4533226,0.0,0.0,0.06631283205933869
1785290717.5227304,0.0,0.0,0.06884896010160446
1785290717.5924106,0.0,0.0,0.06686118408106267
1785290717.6582026,0.0,0.0,0.0652425920125097
1785290717.7237022,0.0,0.0,0.0649351361207664
1785290717.7889798,0.0,0.0,0.06472217594273388
1785290717.8568904,0.0,0.0,0.06735766399651766
1785290717.9266975,0.0,0.0,0.06918768002651632
1785290717.9923797,0.0,0.0,0.06509219179861248
1785290718.0590744,0.0,0.0,0.06613801582716405
1785290718.1254458,0.0,0.0,0.06576057593338192
1785290718.1923087,0.0,0.0,0.06630969606339931
1785290718.2631245,0.0,0.0,0.07022630400024354
1785290718.3330507,0.0,0.0,0.06935987202450633
1785290718.3985748,0.0,0.0,0.0649680639617145
1785290718.4648912,0.0,0.0,0.06571958400309086
1785290718.531799,0.0,0.0,0.06634966400451958
1785290718.6025233,0.0,0.0,0.07016803207807243
1785290718.6691804,0.0,0.0,0.0661007680464536
1785290718.7364554,0.0,0.0,0.06672070384956896
1785290718.8034909,0.0,0.0,0.06647231988608837
1785290718.8712478,0.0,0.0,0.06719971192069352
1785290718.9420044,0.0,0.0,0.06997657613828778
1785290719.0075939,0.0,0.0,0.06503475201316178
1785290719.0727992,0.0,0.0,0.06464633578434587
1785290719.1382358,0.0,0.0,0.0648807359393686
1785290719.2040763,0.0,0.0,0.0652832961641252
1785290719.2720344,0.0,0.0,0.0674022720195353
1785290719.3395808,0.0,0.0,0.06696595204994082
1785290719.4082265,0.0,0.0,0.0680830399505794
1785290719.4739168,0.0,0.0,0.06513174390420318
1785290719.5399373,0.0,0.0,0.06546441605314612
1785290719.6078756,0.0,0.0,0.0673779840581119
1785290719.67753,0.0,0.0,0.06890860805287957
1785290719.7449355,0.0,0.0,0.06684640003368258
1785290719.8121228,0.0,0.0,0.06663286383263767
1785290719.878688,0.0,0.0,0.06600336008705199
1785290719.9459975,0.0,0.0,0.06666947202757001
1785290720.0150096,0.0,0.0,0.06838342384435236
1785290720.081641,0.0,0.0,0.0660253120586276
1785290720.148036,0.0,0.0,0.06583196786232293
1785290720.2136853,0.0,0.0,0.06508310418576002
1785290720.2813792,0.0,0.0,0.06713990401476622
1785290720.3511596,0.0,0.0,0.06916991993784904
1785290720.4199567,0.0,0.0,0.06823366391472518
1785290720.484889,0.0,0.0,0.0643631040584296
1785290720.5504253,0.0,0.0,0.06497427215799689
1785290720.617135,0.0,0.0,0.06615267205052078
1785290720.686721,0.0,0.0,0.06830688007175922
1785290720.7529545,0.0,0.0,0.06564169586636126
1785290720.818784,0.0,0.0,0.06526041589677334
1785290720.886268,0.0,0.0,0.06688316795043647
1785290720.9533136,0.0,0.0,0.06648550392128527
1785290721.024041,0.0,0.0,0.07017567986622453
1785290721.0912855,0.0,0.0,0.06668697600252926
1785290721.1570013,0.0,0.0,0.06514857592992485
1785290721.223233,0.0,0.0,0.06567030400037766
1785290721.2899384,0.0,0.0,0.06614172807894647
1785290721.3609831,0.0,0.0,0.07048384007066488
1785290721.4295084,0.0,0.0,0.06797711993567646
1785290721.4948008,0.0,0.0,0.06473795184865594
1785290721.5608468,0.0,0.0,0.0654416000470519
1785290721.6264307,0.0,0.0,0.06502505601383746
1785290721.695454,0.0,0.0,0.0684711360372603
1785290721.7605367,0.0,0.0,0.06459152000024915
1785290721.8277347,0.0,0.0,0.06664329604245722
1785290721.8941538,0.0,0.0,0.06585385580547154
1785290721.9592378,0.0,0.0,0.0645237760618329
1785290722.0268424,0.0,0.0,0.067041567992419
1785290722.0972948,0.0,0.0,0.0696108799893409
1785290722.1647902,0.0,0.0,0.06693884800188243
1785290722.2324195,0.0,0.0,0.067068160045892
1785290722.298081,0.0,0.0,0.06509433593600988
1785290722.3652203,0.0,0.0,0.06657689600251615
1785290722.4372756,0.0,0.0,0.07142921607010067
1785290722.5023878,0.0,0.0,0.06454819208011031
1785290722.5709732,0.0,0.0,0.06802774383686483
1785290722.636343,0.0,0.0,0.06478409608826041
1785290722.7046025,0.0,0.0,0.06769244791939855
1785290722.774754,0.0,0.0,0.06936003197915852
1785290722.8427339,0.0,0.0,0.06735763186588883
1785290722.9096143,0.0,0.0,0.06628585583530366
1785290722.9763703,0.0,0.0,0.0661975999828428
1785290723.0453298,0.0,0.0,0.06839523185044527
1785290723.1147826,0.0,0.0,0.0684081600047648
1785290723.1821108,0.0,0.0,0.06673484807834029
1785290723.2479646,0.0,0.0,0.06529379216954112
1785290723.3131535,0.0,0.0,0.0646319359075278
1785290723.3787029,0.0,0.0,0.06499232002533972
1785290723.4505608,0.0,0.0,0.07096892804838717
1785290723.5157702,0.0,0.0,0.06462835194543004
1785290723.5815408,0.0,0.0,0.06521488004364073
1785290723.648025,0.0,0.0,0.06592902401462197
1785290723.7133615,0.0,0.0,0.06477820803411305
1785290723.7826772,0.0,0.0,0.06875334400683641
1785290723.850512,0.0,0.0,0.06719596800394356
1785290723.9161515,0.0,0.0,0.0650792638771236
1785290723.9834507,0.0,0.0,0.06674140808172524
1785290724.050686,0.0,0.0,0.06667539197951555
1785290724.1201642,0.0,0.0,0.06887712003663182
1785290724.1855175,0.0,0.0,0.0648051518946886
1785290724.251793,0.0,0.0,0.06571702403016388
1785290724.317777,0.0,0.0,0.06542153609916568
1785290724.3839822,0.0,0.0,0.06564627191983163
1785290724.4527712,0.0,0.0,0.06817971193231642
1785290724.523406,0.0,0.0,0.0696744320448488
1785290724.5886433,0.0,0.0,0.06467446405440569
1785290724.6536827,0.0,0.0,0.0644840958993882
1785290724.7191906,0.0,0.0,0.06486080004833639
1785290724.7865713,0.0,0.0,0.06681363214738667
1785290724.8563015,0.0,0.0,0.06909619201906025
1785290724.9214954,0.0,0.0,0.0646318718791008
1785290724.9872255,0.0,0.0,0.06516435206867754
1785290725.0536475,0.0,0.0,0.06586508802138269
1785290725.1189294,0.0,0.0,0.06472783978097141
1785290725.189134,0.0,0.0,0.06961372797377408
1785290725.2549326,0.0,0.0,0.06525283213704824
1785290725.320542,0.0,0.0,0.06499023991636932
1785290725.3857968,0.0,0.0,0.06469596805982292
1785290725.4508784,0.0,0.0,0.06451971200294793
1785290725.5236516,0.0,0.0,0.07212099200114608
1785290725.5897255,0.0,0.0,0.06557103991508484
1785290725.6554904,0.0,0.0,0.06520819198340178
1785290725.7226102,0.0,0.0,0.06656499183736742
1785290725.788186,0.0,0.0,0.06496755196712911
1785290725.8564448,0.0,0.0,0.06770377582870424
1785290725.9257128,0.0,0.0,0.06863884814083576
1785290725.9921477,0.0,0.0,0.06586956791579723
1785290726.057937,0.0,0.0,0.06522249593399465
1785290726.1245332,0.0,0.0,0.0660358399618417
1785290726.1917746,0.0,0.0,0.06667856010608375
1785290726.2629879,0.0,0.0,0.06993702403269708
1785290726.3303406,0.0,0.0,0.06677299202419817
1785290726.3973043,0.0,0.0,0.06640374404378235
1785290726.4643712,0.0,0.0,0.06651033600792289
1785290726.5383337,0.0,0.0,0.07340761600062251
1785290726.6053545,0.0,0.0,0.06651676795445383
1785290726.6725123,0.0,0.0,0.0666068799328059
1785290726.7395139,0.0,0.0,0.06643020804040134
1785290726.8065057,0.0,0.0,0.06643715198151767
1785290726.878244,0.0,0.0,0.0711891520768404
1785290726.9452357,0.0,0.0,0.06643110420554876
1785290727.0125024,0.0,0.0,0.0667086720932275
1785290727.0792918,0.0,0.0,0.06622115196660161
1785290727.1460967,0.0,0.0,0.06624191999435425
1785290727.2158005,0.0,0.0,0.06914607994258404
1785290727.2809846,0.0,0.0,0.06463593593798578
1785290727.346009,0.0,0.0,0.06445926404558122
1785290727.411859,0.0,0.0,0.0652905919123441
1785290727.4770472,0.0,0.0,0.0646209279075265
1785290727.5470262,0.0,0.0,0.06941718398593366
1785290727.6135762,0.0,0.0,0.06476057600229979
1785290727.6788065,0.0,0.0,0.06466412800364196
1785290727.7439384,0.0,0.0,0.06452998402528465
1785290727.8100474,0.0,0.0,0.06554393609985709
1785290727.8765128,0.0,0.0,0.06590518401935697
1785290727.9461932,0.0,0.0,0.06912134401500225
1785290728.0128262,0.0,0.0,0.06607564818114042
1785290728.0795677,0.0,0.0,0.06618006387725472
1785290728.1460319,0.0,0.0,0.06590604805387557
1785290728.2132573,0.0,0.0,0.06666748784482479
1785290728.2843804,0.0,0.0,0.07056259200908244
1785290728.351458,0.0,0.0,0.06652003200724721
1785290728.4171488,0.0,0.0,0.06512995203956962
1785290728.4841547,0.0,0.0,0.06644326401874423
1785290728.5501602,0.0,0.0,0.06545007997192442
1785290728.6227973,0.0,0.0,0.07207452785223722
1785290728.6891005,0.0,0.0,0.06565436790697277
1785290728.7545953,0.0,0.0,0.06493417592719197
1785290728.8209634,0.0,0.0,0.06576521601527929
1785290728.8877926,0.0,0.0,0.06625772803090513
1785290728.9564314,0.0,0.0,0.0680860800202936
1785290729.0224285,0.0,0.0,0.0654414719901979
1785290729.0881543,0.0,0.0,0.06516646407544613
1785290729.1542084,0.0,0.0,0.06549443188123405
1785290729.2197688,0.0,0.0,0.0650035198777914
1785290729.287813,0.0,0.0,0.06747855991125107
1785290729.3569093,0.0,0.0,0.0684729281347245
1785290729.4234192,0.0,0.0,0.06595251196995378
1785290729.4890368,0.0,0.0,0.06505184015259147
1785290729.555542,0.0,0.0,0.06593593582510948
1785290729.6246126,0.0,0.0,0.06851280014961958
1785290729.691471,0.0,0.0,0.06620422401465476
1785290729.7572043,0.0,0.0,0.06516662403009832
1785290729.8228054,0.0,0.0,0.06503769592382014
1785290729.889696,0.0,0.0,0.06628700788132846
1785290729.9555652,0.0,0.0,0.0653163199312985
1785290730.0229297,0.0,0.0,0.06680864002555609
1785290730.0885136,0.0,0.0,0.06499577593058348
1785290730.153977,0.0,0.0,0.0649073920212686
1785290730.220081,0.0,0.0,0.06554102408699691
1785290730.2857637,0.0,0.0,0.06512492801994085
1785290730.3520846,0.0,0.0,0.06576096010394394
1785290730.4192653,0.0,0.0,0.06655856012366712
1785290730.484715,0.0,0.0,0.06488313595764339
1785290730.550132,0.0,0.0,0.06486284802667797
1785290730.6191416,0.0,0.0,0.06841971212998033
1785290730.6850612,0.0,0.0,0.06534262397326529
1785290730.7525806,0.0,0.0,0.06689484789967537
1785290730.8179667,0.0,0.0,0.06482316786423326
1785290730.884103,0.0,0.0,0.06557081593200564
1785290730.9504962,0.0,0.0,0.06583036808297038
1785290731.0164433,0.0,0.0,0.06538550416007638
1785290731.0860224,0.0,0.0,0.06902601616457105
1785290731.1516147,0.0,0.0,0.06503379181958735
1785290731.2172763,0.0,0.0,0.06510329595766962
1785290731.2835193,0.0,0.0,0.06567942397668958
1785290731.3495483,0.0,0.0,0.06547683198004961
1785290731.4207437,0.0,0.0,0.07063948805443943
1785290731.4869676,0.0,0.0,0.06569580803625286
1785290731.5534773,0.0,0.0,0.065901248017326
1785290731.6194637,0.0,0.0,0.06542662414722145
1785290731.6883247,0.0,0.0,0.06829977594316006
1785290731.7560616,0.0,0.0,0.06717379204928875
1785290731.8216884,0.0,0.0,0.0651048319414258
1785290731.8879192,0.0,0.0,0.0656654080376029
1785290731.9536788,0.0,0.0,0.06519724801182747
1785290732.0195692,0.0,0.0,0.06534220790490508
1785290732.0857394,0.0,0.0,0.06561097595840693
1785290732.1529086,0.0,0.0,0.0665473600383848
1785290732.2185447,0.0,0.0,0.06506614410318434
1785290732.2840931,0.0,0.0,0.06498854397796094
1785290732.3508275,0.0,0.0,0.0661699518095702
1785290732.4167125,0.0,0.0,0.06527881603688002
1785290732.4851553,0.0,0.0,0.06787999998778105
1785290732.550596,0.0,0.0,0.06488991994410753
1785290732.616016,0.0,0.0,0.06481846398673952
1785290732.6851473,0.0,0.0,0.06857446394860744
1785290732.7788746,0.0,0.0,0.09316262393258512
1785290732.8451216,0.0,0.0,0.06562876794487238
1785290732.911816,0.0,0.0,0.06612655986100435
1785290732.9774473,0.0,0.0,0.0650664318818599
1785290733.0459166,0.0,0.0,0.06790499179624021
1785290733.1114376,0.0,0.0,0.06496816012077034
1785290733.1770182,0.0,0.0,0.0650221121031791
1785290733.243229,0.0,0.0,0.06564870406873524
1785290733.3090718,0.0,0.0,0.06529603200033307
1785290733.3749845,0.0,0.0,0.06535222404636443
1785290733.4421487,0.0,0.0,0.06650588801130652
1785290733.5078275,0.0,0.0,0.06513081584125757
1785290733.5739598,0.0,0.0,0.06557356799021363
1785290733.6399746,0.0,0.0,0.0654544320423156
1785290733.7089198,0.0,0.0,0.06838582409545779
1785290733.7764242,0.0,0.0,0.06687369593419135
1785290733.8420494,0.0,0.0,0.06506761605851352
1785290733.9080718,0.0,0.0,0.06546262395568192
1785290733.9746845,0.0,0.0,0.06605635210871696
1785290734.0409288,0.0,0.0,0.06564444792456925
1785290734.1114142,0.0,0.0,0.06992944004014134
1785290734.1786666,0.0,0.0,0.06671068794094026
1785290734.2449808,0.0,0.0,0.06568809598684311
1785290734.3116298,0.0,0.0,0.06609225599095225
1785290734.377531,0.0,0.0,0.06534156785346568
1785290734.4469597,0.0,0.0,0.06887849606573582
1785290734.5142093,0.0,0.0,0.06666480004787445
1785290734.5801694,0.0,0.0,0.065403199987486
1785290734.646337,0.0,0.0,0.06561385607346892
1785290734.7154436,0.0,0.0,0.06854729610495269
1785290734.7830753,0.0,0.0,0.06707049603573978
1785290734.8485982,0.0,0.0,0.06493222410790622
1785290734.9147406,0.0,0.0,0.0655818241648376
1785290734.9807239,0.0,0.0,0.06538297608494759
1785290735.0463305,0.0,0.0,0.06503971200436354
1785290735.1125255,0.0,0.0,0.06563830398954451
1785290735.179363,0.0,0.0,0.06624640012159944
1785290735.2448773,0.0,0.0,0.06495382403954864
1785290735.3102832,0.0,0.0,0.06483932817354798
1785290735.3761647,0.0,0.0,0.06532473582774401
1785290735.441812,0.0,0.0,0.06509638391435146
1785290735.5112305,0.0,0.0,0.06885708798654377
1785290735.57768,0.0,0.0,0.06589452805928886
1785290735.6429417,0.0,0.0,0.06470284797251225
1785290735.7089977,0.0,0.0,0.06544825597666204
1785290735.7775543,0.0,0.0,0.06799648003652692
1785290735.845714,0.0,0.0,0.06759996805340052
1785290735.911939,0.0,0.0,0.06567395199090242
1785290735.977477,0.0,0.0,0.06498191994614899
1785290736.043277,0.0,0.0,0.06524505582638085
1785290736.1093872,0.0,0.0,0.06554563203826547
1785290736.1763482,0.0,0.0,0.06640006392262876
1785290736.2441602,0.0,0.0,0.06535388808697462
1785290736.3096633,0.0,0.0,0.06493779201991856
1785290736.3750427,0.0,0.0,0.06481833616271615
1785290736.44126,0.0,0.0,0.06561897601932287
1785290736.506744,0.0,0.0,0.06492892815731466
1785290736.5761664,0.0,0.0,0.06882032006978989
1785290736.6419744,0.0,0.0,0.06525228801183403
1785290736.708714,0.0,0.0,0.06618899200111628
1785290736.7774322,0.0,0.0,0.06815574411302805
1785290736.8434575,0.0,0.0,0.06545964791439474
1785290736.9133785,0.0,0.0,0.06935465591959655
1785290736.9788284,0.0,0.0,0.06490121595561504
1785290737.0442219,0.0,0.0,0.0647954239975661
1785290737.1100886,0.0,0.0,0.06530879996716976
1785290737.1757104,0.0,0.0,0.06506278412416577
1785290737.2418683,0.0,0.0,0.06559503986500204
1785290737.308846,0.0,0.0,0.06636524805799127
1785290737.3743324,0.0,0.0,0.06492460798472166
1785290737.4400136,0.0,0.0,0.06511667207814753
1785290737.5065196,0.0,0.0,0.0659490879625082
1785290737.5729613,0.0,0.0,0.0658797761425376
1785290737.6427512,0.0,0.0,0.06923318398185074
1785290737.7081292,0.0,0.0,0.06477795192040503
1785290737.7734993,0.0,0.0,0.06480668787844479
1785290737.8422854,0.0,0.0,0.06822496000677347
1785290737.9094465,0.0,0.0,0.06660588807426393
1785290737.9779978,0.0,0.0,0.06799097615294158
1785290738.0436578,0.0,0.0,0.06510067218914628
1785290738.1091835,0.0,0.0,0.06496899179182947
1785290738.1749957,0.0,0.0,0.06525436788797379
1785290738.241265,0.0,0.0,0.06567728007212281
1785290738.3072596,0.0,0.0,0.06543279998004436
1785290738.3756807,0.0,0.0,0.0677643520757556
1785290738.442088,0.0,0.0,0.06585488002747297
1785290738.5073397,0.0,0.0,0.06469244789332151
1785290738.5733776,0.0,0.0,0.06547817611135542
1785290738.6389074,0.0,0.0,0.06496841600164771
1785290738.7081635,0.0,0.0,0.0683303358964622
1785290738.7747033,0.0,0.0,0.06599260796792805
1785290738.843804,0.0,0.0,0.06847654399462044
1785290738.9100697,0.0,0.0,0.0657022399827838
1785290738.975758,0.0,0.0,0.0650550399441272
1785290739.0450258,0.0,0.0,0.06847465597093105
1785290739.1120243,0.0,0.0,0.06644140789285302
1785290739.1779964,0.0,0.0,0.06541708786971867
1785290739.2451699,0.0,0.0,0.06661004782654345
1785290739.3118386,0.0,0.0,0.06610880000516772
1785290739.381578,0.0,0.0,0.06918448000214994
1785290739.4473794,0.0,0.0,0.06524924794211984
1785290739.5127294,0.0,0.0,0.06479491200298071
1785290739.5790782,0.0,0.0,0.0657910080626607
1785290739.6463857,0.0,0.0,0.06670057610608637
1785290739.717311,0.0,0.0,0.07036819215863943
1785290739.7845688,0.0,0.0,0.06671193591319025
1785290739.854697,0.0,0.0,0.06956691201776266
1785290739.9210837,0.0,0.0,0.06572838383726776
1785290739.9863205,0.0,0.0,0.06467446382157505
1785290740.0543878,0.0,0.0,0.06751081603579223
1785290740.1209989,0.0,0.0,0.06482748780399561
1785290740.1880763,0.0,0.0,0.0665199039503932
1785290740.2552783,0.0,0.0,0.06663600006140769
1785290740.322073,0.0,0.0,0.06623110384680331
1785290740.390608,0.0,0.0,0.06796860788017511
1785290740.4600077,0.0,0.0,0.06863555195741355
1785290740.5272791,0.0,0.0,0.06671491218730807
1785290740.593793,0.0,0.0,0.06594518409110606
1785290740.6610909,0.0,0.0,0.0667323840316385
1785290740.7300014,0.0,0.0,0.06836281600408256
1785290740.7994516,0.0,0.0,0.06682604807429016
1785290740.869187,0.0,0.0,0.06917673582211137
1785290740.9349706,0.0,0.0,0.06522902380675077
1785290741.0002937,0.0,0.0,0.06471324805170298
1785290741.068231,0.0,0.0,0.06737983995117247
1785290741.134986,0.0,0.0,0.06614694418385625
1785290741.1999588,0.0,0.0,0.06435308791697025
1785290741.2647762,0.0,0.0,0.06425280007533729
1785290741.3309278,0.0,0.0,0.06559177581220865
1785290741.3977609,0.0,0.0,0.06622905610129237
1785290741.468769,0.0,0.0,0.0704532798845321
1785290741.5364406,0.0,0.0,0.06711289612576365
1785290741.6039748,0.0,0.0,0.06697833607904613
1785290741.670256,0.0,0.0,0.06572326389141381
1785290741.7359314,0.0,0.0,0.06511059193871915
1785290741.8049145,0.0,0.0,0.06842531193979084
1785290741.870677,0.0,0.0,0.0652273278683424
1785290741.9384887,0.0,0.0,0.06722355214878917
1785290742.0042818,0.0,0.0,0.06523542385548353
1785290742.069624,0.0,0.0,0.06478460785001516
1785290742.1373792,0.0,0.0,0.06719756801612675
1785290742.2046032,0.0,0.0,0.06658313609659672
1785290742.2696762,0.0,0.0,0.06451782397925854
1785290742.3346746,0.0,0.0,0.06444611214101315
1785290742.4009526,0.0,0.0,0.06567814387381077
1785290742.467438,0.0,0.0,0.06592364795506
1785290742.5368264,0.0,0.0,0.06883235205896199
1785290742.6032505,0.0,0.0,0.06586697604507208
1785290742.6704793,0.0,0.0,0.06666031992062926
1785290742.7374706,0.0,0.0,0.06642985600046813
1785290742.804687,0.0,0.0,0.06665942398831248
1785290742.8762321,0.0,0.0,0.07098623993806541
1785290742.9446056,0.0,0.0,0.0678236479870975
1785290743.0094306,0.0,0.0,0.06426547188311815
1785290743.0753398,0.0,0.0,0.06534457602538168
1785290743.1412258,0.0,0.0,0.0653144319076091
1785290743.210119,0.0,0.0,0.06834185589104891
1785290743.274962,0.0,0.0,0.06434361613355577
1785290743.3402824,0.0,0.0,0.06471475190483034
1785290743.405045,0.0,0.0,0.06420723185874522
1785290743.4719977,0.0,0.0,0.06639536004513502
1785290743.540405,0.0,0.0,0.0678490239661187
1785290743.6105845,0.0,0.0,0.06943574408069253
1785290743.6777868,0.0,0.0,0.06659215991385281
1785290743.7450902,0.0,0.0,0.06674220808781683
1785290743.8118145,0.0,0.0,0.06615350395441055
1785290743.8812165,0.0,0.0,0.06884000007994473
1785290743.952145,0.0,0.0,0.07007904001511633
1785290744.017206,0.0,0.0,0.0644964159000665
1785290744.082197,0.0,0.0,0.06443424010649323
1785290744.1479588,0.0,0.0,0.06519635207951069
1785290744.213225,0.0,0.0,0.06471743993461132
1785290744.2836592,0.0,0.0,0.06987804803065956
1785290744.3507414,0.0,0.0,0.06652694405056536
1785290744.4182415,0.0,0.0,0.06687507196329534
1785290744.485113,0.0,0.0,0.06630736007355154
1785290744.552392,0.0,0.0,0.06670857616700232
1785290744.6233013,0.0,0.0,0.06964931194670498
1785290744.6905546,0.0,0.0,0.06669734395109117
1785290744.7577717,0.0,0.0,0.06659900792874396
1785290744.8248029,0.0,0.0,0.06646758387796581
1785290744.8931496,0.0,0.0,0.067785887978971
1785290744.9640508,0.0,0.0,0.07027123216539621
1785290745.0290477,0.0,0.0,0.06444172793999314
1785290745.0939872,0.0,0.0,0.06438220804557204
1785290745.1596477,0.0,0.0,0.06510361609980464
1785290745.2261064,0.0,0.0,0.06590428808704019
1785290745.2969482,0.0,0.0,0.07028547208756208
1785290745.3639798,0.0,0.0,0.06647760001942515
1785290745.4310665,0.0,0.0,0.06652016006410122
