time,in_time,out_time,inference_time
1785290243.4988766,0.0,0.0,0.006008255993947387
1785290243.5063474,0.0,0.0,0.007252960000187159
1785290243.5135992,0.0,0.0,0.007030175998806953
1785290243.521101,0.0,0.0,0.007280224002897739
1785290243.5282807,0.0,0.0,0.006938240025192499
1785290243.5357203,0.0,0.0,0.007227200083434582
1785290243.542807,0.0,0.0,0.006876799976453185
1785290243.5510535,0.0,0.0,0.008031071862205863
1785290243.5584285,0.0,0.0,0.00712828803807497
1785290243.5655425,0.0,0.0,0.006896320031955838
1785290243.5730162,0.0,0.0,0.007260096026584506
1785290243.5803444,0.0,0.0,0.007110111881047487
1785290243.587619,0.0,0.0,0.0070565438363701105
1785290243.5948296,0.0,0.0,0.007005056133493781
1785290243.6022584,0.0,0.0,0.007215328048914671
1785290243.609284,0.0,0.0,0.006800191942602396
1785290243.6172304,0.0,0.0,0.007733152015134692
1785290243.6250596,0.0,0.0,0.007618783973157406
1785290243.632844,0.0,0.0,0.007566816173493862
1785290243.6404657,0.0,0.0,0.0074103360529989
1785290243.6482313,0.0,0.0,0.0075513278134167194
1785290243.6560192,0.0,0.0,0.007573151960968971
1785290243.6640372,0.0,0.0,0.00778543995693326
1785290243.6717114,0.0,0.0,0.007451648125424981
1785290243.6795962,0.0,0.0,0.007671519881114364
1785290243.687434,0.0,0.0,0.00762207992374897
1785290243.69534,0.0,0.0,0.007689279969781637
1785290243.7032135,0.0,0.0,0.007662751944735646
1785290243.7113054,0.0,0.0,0.007877503987401724
1785290243.7191157,0.0,0.0,0.007585824001580477
1785290243.7269824,0.0,0.0,0.0076431999914348125
1785290243.734068,0.0,0.0,0.0068476160522550344
1785290243.74115,0.0,0.0,0.006868351949378848
1785290243.7482245,0.0,0.0,0.0068571839947253466
1785290243.7552998,0.0,0.0,0.006843679817393422
1785290243.76233,0.0,0.0,0.006823295960202813
1785290243.7696953,0.0,0.0,0.0071475200820714235
1785290243.776912,0.0,0.0,0.00699481600895524
1785290243.7839441,0.0,0.0,0.006819200003519654
1785290243.7909951,0.0,0.0,0.006837472086772323
1785290243.7986002,0.0,0.0,0.007364480057731271
1785290243.8059804,0.0,0.0,0.007156000006943941
1785290243.8132899,0.0,0.0,0.007086208090186119
1785290243.8206406,0.0,0.0,0.007127071963623166
1785290243.8279939,0.0,0.0,0.007128479890525341
1785290243.8353024,0.0,0.0,0.007083487929776311
1785290243.8425906,0.0,0.0,0.007063647964969277
1785290243.8498647,0.0,0.0,0.00705545605160296
1785290243.857151,0.0,0.0,0.007063040044158697
1785290243.8643734,0.0,0.0,0.007006431929767132
1785290243.8716192,0.0,0.0,0.007027968065813184
1785290243.8788645,0.0,0.0,0.007032544119283557
1785290243.8883095,0.0,0.0,0.008309151977300644
1785290243.89626,0.0,0.0,0.007729023927822709
1785290243.905683,0.0,0.0,0.00919977598823607
1785290243.913985,0.0,0.0,0.00808243197388947
1785290243.925732,0.0,0.0,0.01152019202709198
1785290243.9341285,0.0,0.0,0.0081678400747478
1785290243.9433024,0.0,0.0,0.008945215959101915
1785290243.9514265,0.0,0.0,0.007899007992818952
1785290243.9594889,0.0,0.0,0.007844992214813828
1785290243.9674067,0.0,0.0,0.007697951979935169
1785290243.9754982,0.0,0.0,0.007872352143749595
1785290243.983597,0.0,0.0,0.007877600146457553
1785290243.9927642,0.0,0.0,0.008950656047090888
1785290244.0008435,0.0,0.0,0.007860703859478235
1785290244.0089486,0.0,0.0,0.00787552003748715
1785290244.017035,0.0,0.0,0.007871551904827356
1785290244.0247796,0.0,0.0,0.007527840090915561
1785290244.0328681,0.0,0.0,0.007862400030717254
1785290244.0409343,0.0,0.0,0.007849567802622914
1785290244.049868,0.0,0.0,0.008712352020666003
1785290244.0579777,0.0,0.0,0.007877791998907924
1785290244.066499,0.0,0.0,0.008299712091684341
1785290244.0747044,0.0,0.0,0.007987807970494032
1785290244.0825853,0.0,0.0,0.007658304180949926
1785290244.0907567,0.0,0.0,0.007956255925819278
1785290244.0992324,0.0,0.0,0.008254911983385682
1785290244.1079583,0.0,0.0,0.008498880080878735
1785290244.1160474,0.0,0.0,0.007862080121412873
1785290244.1241074,0.0,0.0,0.007837919984012842
1785290244.1318314,0.0,0.0,0.0075038401409983635
1785290244.1399665,0.0,0.0,0.007907808059826493
1785290244.1483862,0.0,0.0,0.00819891202263534
1785290244.156162,0.0,0.0,0.0075517441146075726
1785290244.1657054,0.0,0.0,0.009316511917859316
1785290244.1734037,0.0,0.0,0.0074755840469151735
1785290244.1817582,0.0,0.0,0.008135456126183271
1785290244.1898,0.0,0.0,0.007824575994163752
1785290244.1979642,0.0,0.0,0.007944640005007386
1785290244.206062,0.0,0.0,0.007877663942053914
1785290244.213804,0.0,0.0,0.007518816040828824
1785290244.223519,0.0,0.0,0.009481791872531176
1785290244.2315674,0.0,0.0,0.007828607922419906
1785290244.2396576,0.0,0.0,0.007867648033425212
1785290244.247426,0.0,0.0,0.007545056054368615
1785290244.2558064,0.0,0.0,0.008161760168150067
1785290244.2638438,0.0,0.0,0.007815808057785034
1785290244.2720418,0.0,0.0,0.007980576017871499
1785290244.280756,0.0,0.0,0.008483360055834055
1785290244.2891533,0.0,0.0,0.00817193603143096
1785290244.299756,0.0,0.0,0.010380863910540938
1785290244.309848,0.0,0.0,0.009871328016743064
1785290244.3205838,0.0,0.0,0.010512416018173099
1785290244.3317955,0.0,0.0,0.010989727918058634
1785290244.3427484,0.0,0.0,0.010724032064899802
1785290244.35368,0.0,0.0,0.010709983995184302
1785290244.3645787,0.0,0.0,0.010679775848984718
1785290244.3754833,0.0,0.0,0.010672703851014376
1785290244.3864992,0.0,0.0,0.010789311956614256
1785290244.3974345,0.0,0.0,0.010706815868616104
1785290244.4083393,0.0,0.0,0.01068720011971891
1785290244.4192348,0.0,0.0,0.01067494391463697
1785290244.4301262,0.0,0.0,0.010673376033082604
1785290244.4418826,0.0,0.0,0.011531263822689652
1785290244.4528184,0.0,0.0,0.010710336035117507
1785290244.4603171,0.0,0.0,0.007275647949427366
1785290244.4671276,0.0,0.0,0.0065773120149970055
1785290244.4753485,0.0,0.0,0.00799024011939764
1785290244.4836116,0.0,0.0,0.008037504041567445
1785290244.4924784,0.0,0.0,0.008648959919810295
1785290244.5016203,0.0,0.0,0.00879907188937068
1785290244.5091877,0.0,0.0,0.007332063978537917
1785290244.5172513,0.0,0.0,0.007833664072677493
1785290244.5253704,0.0,0.0,0.007890943903476
1785290244.5331287,0.0,0.0,0.0075333439745008945
1785290244.5413594,0.0,0.0,0.008011199999600649
1785290244.5502884,0.0,0.0,0.008707200177013874
1785290244.559227,0.0,0.0,0.008681792067363858
1785290244.567425,0.0,0.0,0.007970911916345358
1785290244.5751526,0.0,0.0,0.00750191998668015
1785290244.583378,0.0,0.0,0.008003808092325926
1785290244.5914648,0.0,0.0,0.007859968114644289
1785290244.5998518,0.0,0.0,0.008164960192516446
1785290244.609096,0.0,0.0,0.009023008169606328
1785290244.6169062,0.0,0.0,0.00757724791765213
1785290244.625342,0.0,0.0,0.008210335858166218
1785290244.6331546,0.0,0.0,0.007587264059111476
1785290244.641573,0.0,0.0,0.008181856013834476
1785290244.6492898,0.0,0.0,0.0074926079250872135
1785290244.6579435,0.0,0.0,0.008424479980021715
1785290244.6664987,0.0,0.0,0.00831993599422276
1785290244.6742425,0.0,0.0,0.00751612801104784
1785290244.682671,0.0,0.0,0.008205119986087084
1785290244.6906068,0.0,0.0,0.007714624051004648
1785290244.699022,0.0,0.0,0.008190592052415013
1785290244.707241,0.0,0.0,0.007961375871673226
1785290244.7155542,0.0,0.0,0.008092384086921811
1785290244.7248108,0.0,0.0,0.00899055995978415
1785290244.7330415,0.0,0.0,0.008000608067959547
1785290244.741089,0.0,0.0,0.007823328021913767
1785290244.7489524,0.0,0.0,0.007635136134922504
1785290244.7574704,0.0,0.0,0.008295968174934387
1785290244.765668,0.0,0.0,0.00797587214037776
1785290244.7744045,0.0,0.0,0.008507680147886276
1785290244.78251,0.0,0.0,0.00788726401515305
1785290244.7904084,0.0,0.0,0.0076735359616577625
1785290244.7989993,0.0,0.0,0.008363903965801
1785290244.8054717,0.0,0.0,0.006222463911399245
1785290244.8125408,0.0,0.0,0.006825183983892202
1785290244.82065,0.0,0.0,0.007883423939347267
1785290244.8318517,0.0,0.0,0.010964287910610437
1785290244.8392687,0.0,0.0,0.007172959856688976
1785290244.847545,0.0,0.0,0.008061439963057637
1785290244.85586,0.0,0.0,0.008095808094367385
1785290244.8640568,0.0,0.0,0.007977567845955491
1785290244.8722148,0.0,0.0,0.007947103818878531
1785290244.8804715,0.0,0.0,0.00803744001314044
1785290244.8908815,0.0,0.0,0.009573471965268254
1785290244.900625,0.0,0.0,0.009506464004516602
1785290244.910063,0.0,0.0,0.009221663931384683
1785290244.917294,0.0,0.0,0.00701257586479187
1785290244.9245446,0.0,0.0,0.007034656126052141
1785290244.9319184,0.0,0.0,0.007151775993406773
1785290244.939768,0.0,0.0,0.007629567990079522
1785290244.948611,0.0,0.0,0.008610880002379417
1785290244.9560745,0.0,0.0,0.0072334399446845055
1785290244.9633403,0.0,0.0,0.0070395199581980705
1785290244.9705987,0.0,0.0,0.007043040124699473
1785290244.9778297,0.0,0.0,0.007004576036706567
1785290244.9850526,0.0,0.0,0.007010719971731305
1785290244.992345,0.0,0.0,0.007080063922330737
1785290245.0010524,0.0,0.0,0.008419424062594771
1785290245.0083408,0.0,0.0,0.00705459201708436
1785290245.0156045,0.0,0.0,0.007037152070552111
1785290245.0227983,0.0,0.0,0.0069753918796777725
1785290245.030036,0.0,0.0,0.007018432021141052
1785290245.0372658,0.0,0.0,0.0070115199778229
1785290245.044223,0.0,0.0,0.006736447801813483
1785290245.0520666,0.0,0.0,0.007628799881786108
1785290245.060128,0.0,0.0,0.007841503946110606
1785290245.0673764,0.0,0.0,0.007028352003544569
1785290245.0746112,0.0,0.0,0.00701359985396266
1785290245.0818605,0.0,0.0,0.007030591834336519
1785290245.0890934,0.0,0.0,0.007018432021141052
1785290245.0963166,0.0,0.0,0.007002400001510978
1785290245.103925,0.0,0.0,0.007394591812044382
1785290245.1134832,0.0,0.0,0.00927497586235404
1785290245.1208787,0.0,0.0,0.007044255966320634
1785290245.1281283,0.0,0.0,0.007020735880360007
1785290245.13539,0.0,0.0,0.0070380158722400665
1785290245.1428182,0.0,0.0,0.007207680027931929
1785290245.150078,0.0,0.0,0.00704038399271667
1785290245.1573017,0.0,0.0,0.007000255864113569
1785290245.1664124,0.0,0.0,0.008887488162145019
1785290245.1737325,0.0,0.0,0.007087104022502899
1785290245.1810243,0.0,0.0,0.007070655934512615
1785290245.1883304,0.0,0.0,0.007077791960909963
1785290245.1959934,0.0,0.0,0.007446527946740389
1785290245.2034638,0.0,0.0,0.007257823832333088
1785290245.2108066,0.0,0.0,0.007131455931812525
1785290245.2187028,0.0,0.0,0.007680767914280295
1785290245.2279036,0.0,0.0,0.008842176059260964
1785290245.2373836,0.0,0.0,0.009251456009224057
1785290245.2449741,0.0,0.0,0.007339967880398035
1785290245.252391,0.0,0.0,0.007196448044851422
1785290245.2597754,0.0,0.0,0.007162431953474879
1785290245.2673078,0.0,0.0,0.007317472016438842
1785290245.2757704,0.0,0.0,0.008249728009104729
1785290245.2841482,0.0,0.0,0.008144064107909799
1785290245.2914429,0.0,0.0,0.007070816121995449
1785290245.298667,0.0,0.0,0.007001983933150768
1785290245.3067412,0.0,0.0,0.00785900792106986
1785290245.3146772,0.0,0.0,0.007718143984675407
1785290245.3227751,0.0,0.0,0.007879392011091113
1785290245.331311,0.0,0.0,0.008317856118083
1785290245.3402374,0.0,0.0,0.008703744038939476
1785290245.3483431,0.0,0.0,0.007882528007030487
1785290245.3564353,0.0,0.0,0.007872959831729531
1785290245.3645582,0.0,0.0,0.00790147203952074
1785290245.3726304,0.0,0.0,0.00785884796641767
1785290245.3807702,0.0,0.0,0.007916895905509591
1785290245.3888538,0.0,0.0,0.007862303871661425
1785290245.395719,0.0,0.0,0.006617375882342458
1785290245.4035478,0.0,0.0,0.007601984078064561
1785290245.4118268,0.0,0.0,0.0080532799474895
1785290245.420068,0.0,0.0,0.008019327884539962
1785290245.4282784,0.0,0.0,0.007987423799932003
1785290245.4353445,0.0,0.0,0.006844735937193036
1785290245.4428346,0.0,0.0,0.007271423935890198
1785290245.4508193,0.0,0.0,0.007764159934595227
1785290245.458043,0.0,0.0,0.007002111990004778
1785290245.465133,0.0,0.0,0.006872863974422216
1785290245.472088,0.0,0.0,0.006746112136170268
1785290245.4788496,0.0,0.0,0.006540192058309913
1785290245.4855614,0.0,0.0,0.006495743989944458
1785290245.492255,0.0,0.0,0.0064708159770816565
1785290245.5008075,0.0,0.0,0.008325631963089108
1785290245.507562,0.0,0.0,0.006525023840367794
1785290245.5142703,0.0,0.0,0.006485855905339122
1785290245.5210104,0.0,0.0,0.006517919944599271
1785290245.527686,0.0,0.0,0.0064404800068587065
1785290245.5332363,0.0,0.0,0.00532905594445765
1785290245.5376256,0.0,0.0,0.004170912085101008
1785290245.5420153,0.0,0.0,0.004176063928753138
1785290245.5463986,0.0,0.0,0.004166336031630635
1785290245.5510597,0.0,0.0,0.004446111852303147
1785290245.5564928,0.0,0.0,0.005171328084543347
1785290245.5610635,0.0,0.0,0.004350464092567563
1785290245.5658598,0.0,0.0,0.004575839964672923
1785290245.5704753,0.0,0.0,0.004403711995109916
1785290245.575121,0.0,0.0,0.004422688158228993
1785290245.5801198,0.0,0.0,0.004776159999892116
1785290245.58494,0.0,0.0,0.00460057589225471
1785290245.58984,0.0,0.0,0.004679615842178464
1785290245.5948315,0.0,0.0,0.004768352024257183
1785290245.5998564,0.0,0.0,0.0047991040628403425
1785290245.604884,0.0,0.0,0.004805983975529671
1785290245.609979,0.0,0.0,0.004876927938312292
1785290245.615489,0.0,0.0,0.005279872100800276
1785290245.6228287,0.0,0.0,0.007111871847882867
1785290245.6305013,0.0,0.0,0.007444160059094429
1785290245.637913,0.0,0.0,0.00719014392234385
1785290245.6452613,0.0,0.0,0.007133119972422719
1785290245.6526296,0.0,0.0,0.0071578240022063255
1785290245.659999,0.0,0.0,0.007150303805246949
1785290245.6684508,0.0,0.0,0.00823059189133346
1785290245.6763115,0.0,0.0,0.007625151891261339
1785290245.68199,0.0,0.0,0.0054545600432902575
1785290245.68765,0.0,0.0,0.005439104046672583
1785290245.693312,0.0,0.0,0.005439199972897768
1785290245.6993616,0.0,0.0,0.005828287918120623
1785290245.704753,0.0,0.0,0.005172800039872527
1785290245.7104824,0.0,0.0,0.005510560004040599
1785290245.7162788,0.0,0.0,0.005577408010140061
1785290245.7254276,0.0,0.0,0.00893078395165503
1785290245.7338576,0.0,0.0,0.008192383917048573
1785290245.7419086,0.0,0.0,0.007831776048988104
1785290245.749831,0.0,0.0,0.007698399946093559
1785290245.7578897,0.0,0.0,0.0078440320212394
1785290245.7659383,0.0,0.0,0.0078308479860425
1785290245.7742863,0.0,0.0,0.008132511982694268
1785290245.7829242,0.0,0.0,0.008420896017923951
1785290245.7909904,0.0,0.0,0.007825376000255346
1785290245.7990785,0.0,0.0,0.007847807835787535
1785290245.8069232,0.0,0.0,0.007597824092954397
1785290245.8151658,0.0,0.0,0.008006623946130276
1785290245.8236053,0.0,0.0,0.008224128047004342
1785290245.8317707,0.0,0.0,0.007934400113299489
1785290245.8412282,0.0,0.0,0.009239840088412166
1785290245.8492746,0.0,0.0,0.007829439826309681
1785290245.8571265,0.0,0.0,0.007629504194483161
1785290245.8653605,0.0,0.0,0.008014559978619218
1785290245.873509,0.0,0.0,0.007929055951535702
1785290245.8816621,0.0,0.0,0.007937887916341424
1785290245.8906379,0.0,0.0,0.008752511814236641
1785290245.8988688,0.0,0.0,0.008006016025319695
1785290245.9075513,0.0,0.0,0.00845647999085486
1785290245.915541,0.0,0.0,0.007768959971144795
1785290245.9237618,0.0,0.0,0.007997663924470544
1785290245.9314494,0.0,0.0,0.007466367911547422
1785290245.940012,0.0,0.0,0.008345567854121327
1785290245.9495835,0.0,0.0,0.009226719848811626
1785290245.958155,0.0,0.0,0.0083504319190979
1785290245.9660847,0.0,0.0,0.0077049280516803265
1785290245.9744935,0.0,0.0,0.008197247982025146
1785290245.9825819,0.0,0.0,0.007881951984018087
1785290245.9910123,0.0,0.0,0.008217632072046399
1785290245.9987338,0.0,0.0,0.007483616005629301
1785290246.0082107,0.0,0.0,0.009262783918529749
1785290246.0161178,0.0,0.0,0.007690591970458627
1785290246.0246882,0.0,0.0,0.008350527845323086
1785290246.0323634,0.0,0.0,0.007455263985320926
1785290246.040956,0.0,0.0,0.008377311984077096
1785290246.0490022,0.0,0.0,0.007824287982657552
1785290246.05867,0.0,0.0,0.009458496002480388
1785290246.066957,0.0,0.0,0.008070623967796564
1785290246.0748372,0.0,0.0,0.007641408126801252
1785290246.0830905,0.0,0.0,0.008035871898755431
1785290246.0913885,0.0,0.0,0.00805638381280005
1785290246.0996819,0.0,0.0,0.008073823992162943
1785290246.1080503,0.0,0.0,0.008146400097757578
1785290246.116461,0.0,0.0,0.008200159994885325
1785290246.1246924,0.0,0.0,0.008006943855434656
1785290246.1329408,0.0,0.0,0.008030239958316088
1785290246.1411722,0.0,0.0,0.008012768113985658
1785290246.1496816,0.0,0.0,0.008291552076116204
1785290246.157329,0.0,0.0,0.007433312013745308
1785290246.1654835,0.0,0.0,0.007933951914310455
1785290246.1739647,0.0,0.0,0.008264063857495785
1785290246.1807263,0.0,0.0,0.006533599924296141
1785290246.1887696,0.0,0.0,0.007821056060492992
1785290246.197252,0.0,0.0,0.00826268782839179
1785290246.2080889,0.0,0.0,0.010600736131891608
1785290246.2192757,0.0,0.0,0.010962848085910082
1785290246.2301664,0.0,0.0,0.010674176039174199
1785290246.2410939,0.0,0.0,0.010701536200940609
1785290246.2513466,0.0,0.0,0.010030880104750395
1785290246.2625384,0.0,0.0,0.010964703978970647
1785290246.2736676,0.0,0.0,0.01087872008793056
1785290246.2829752,0.0,0.0,0.008599807973951101
1785290246.291332,0.0,0.0,0.008108831942081451
1785290246.2994897,0.0,0.0,0.00793651188723743
1785290246.3076115,0.0,0.0,0.007891328074038029
1785290246.3157074,0.0,0.0,0.00787567999213934
1785290246.323764,0.0,0.0,0.007837248034775257
1785290246.3319438,0.0,0.0,0.007957088062539697
1785290246.34137,0.0,0.0,0.00919769611209631
1785290246.3494635,0.0,0.0,0.00787024013698101
1785290246.3576128,0.0,0.0,0.007928576087579131
1785290246.3657131,0.0,0.0,0.007878111908212304
1785290246.3738117,0.0,0.0,0.007874720031395555
1785290246.3817608,0.0,0.0,0.0077327038161456585
1785290246.3907466,0.0,0.0,0.008775040041655302
1785290246.3987432,0.0,0.0,0.007771680131554604
1785290246.4071112,0.0,0.0,0.008154975948855281
1785290246.415052,0.0,0.0,0.007719488115981221
1785290246.4231427,0.0,0.0,0.00784137612208724
1785290246.4310277,0.0,0.0,0.0076659200713038445
1785290246.4422674,0.0,0.0,0.011001120088621974
1785290246.4521675,0.0,0.0,0.009687456069514155
1785290246.4632936,0.0,0.0,0.010902656009420753
1785290246.473008,0.0,0.0,0.009497151942923665
1785290246.4827735,0.0,0.0,0.009548736037686467
1785290246.4940581,0.0,0.0,0.011064575985074043
1785290246.5038936,0.0,0.0,0.009620063938200474
1785290246.511855,0.0,0.0,0.007734943879768252
1785290246.5199845,0.0,0.0,0.007912895875051618
1785290246.528117,0.0,0.0,0.007911039981991053
1785290246.5362535,0.0,0.0,0.007914175977930427
1785290246.5443985,0.0,0.0,0.00792051199823618
1785290246.5526164,0.0,0.0,0.007992800092324615
1785290246.5617828,0.0,0.0,0.008946944028139114
1785290246.5698192,0.0,0.0,0.007812927942723036
1785290246.5767193,0.0,0.0,0.006677792174741626
1785290246.581911,0.0,0.0,0.004978847922757268
1785290246.5870743,0.0,0.0,0.004948223941028118
1785290246.5920546,0.0,0.0,0.0047463360242545605
1785290246.5973845,0.0,0.0,0.005113919964060187
1785290246.6025338,0.0,0.0,0.004926880123093724
1785290246.6076994,0.0,0.0,0.004958719946444035
1785290246.613906,0.0,0.0,0.0058648958802223206
1785290246.618954,0.0,0.0,0.0048313920851796865
1785290246.6241841,0.0,0.0,0.004990079905837774
1785290246.6293645,0.0,0.0,0.004958336008712649
1785290246.6345415,0.0,0.0,0.0049582719802856445
1785290246.6397848,0.0,0.0,0.005018464056774974
1785290246.6449807,0.0,0.0,0.004981792066246271
1785290246.6503463,0.0,0.0,0.005143839865922928
1785290246.6554718,0.0,0.0,0.004912864184007049
1785290246.660656,0.0,0.0,0.004964128136634827
1785290246.6660175,0.0,0.0,0.005139328073710203
1785290246.6721592,0.0,0.0,0.0059217598754912615
1785290246.677346,0.0,0.0,0.004967967979609966
1785290246.6823418,0.0,0.0,0.0047822080086916685
1785290246.6875584,0.0,0.0,0.004994400078430772
1785290246.6927345,0.0,0.0,0.004957695957273245
1785290246.6980774,0.0,0.0,0.0051287999376654625
1785290246.7032328,0.0,0.0,0.004943968029692769
1785290246.7084062,0.0,0.0,0.004957119934260845
1785290246.7133791,0.0,0.0,0.004752640146762133
1785290246.7185223,0.0,0.0,0.004933600081130862
1785290246.725111,0.0,0.0,0.006367904134094715
1785290246.7303205,0.0,0.0,0.004989088047295809
1785290246.735504,0.0,0.0,0.004959615878760815
1785290246.7406428,0.0,0.0,0.004918111953884363
1785290246.7456894,0.0,0.0,0.004825535928830504
1785290246.7508516,0.0,0.0,0.004942592000588775
1785290246.7560904,0.0,0.0,0.005021152086555958
1785290246.761268,0.0,0.0,0.004959807964041829
1785290246.7665274,0.0,0.0,0.005039456067606807
1785290246.7718565,0.0,0.0,0.005106656113639474
1785290246.7772052,0.0,0.0,0.00513148820027709
1785290246.7835448,0.0,0.0,0.006115647964179516
1785290246.7889051,0.0,0.0,0.005143264075741172
1785290246.7941177,0.0,0.0,0.004994560033082962
1785290246.7993665,0.0,0.0,0.0050256322138011456
1785290246.8044314,0.0,0.0,0.004847232019528747
1785290246.809662,0.0,0.0,0.005017759976908565
1785290246.8150144,0.0,0.0,0.005136095918715
1785290246.8202434,0.0,0.0,0.004987135995179415
1785290246.8257465,0.0,0.0,0.004928095964714885
1785290246.8308136,0.0,0.0,0.004845567978918552
1785290246.8377063,0.0,0.0,0.0066723518539220095
1785290246.842883,0.0,0.0,0.004954047966748476
1785290246.8481128,0.0,0.0,0.004987776046618819
1785290246.8532767,0.0,0.0,0.004941856022924185
1785290246.8582487,0.0,0.0,0.00476524792611599
1785290246.8637414,0.0,0.0,0.005276832031086087
1785290246.8688092,0.0,0.0,0.0048563198652118444
1785290246.8740578,0.0,0.0,0.005036575952544808
1785290246.8791726,0.0,0.0,0.004898112034425139
1785290246.8844213,0.0,0.0,0.005030912114307284
1785290246.8902066,0.0,0.0,0.005571871995925903
1785290246.8961444,0.0,0.0,0.005716671934351325
1785290246.9013622,0.0,0.0,0.004996096016839147
1785290246.9066527,0.0,0.0,0.005071616033092141
1785290246.912025,0.0,0.0,0.005154112121090293
1785290246.9171782,0.0,0.0,0.004942719824612141
1785290246.9223886,0.0,0.0,0.0049882561434060335
1785290246.9273746,0.0,0.0,0.004766847938299179
1785290246.9326718,0.0,0.0,0.005077823996543884
1785290246.938162,0.0,0.0,0.005270688096061349
1785290246.9438279,0.0,0.0,0.005448640091344714
1785290246.9498253,0.0,0.0,0.0057759040500968695
1785290246.9550366,0.0,0.0,0.0049867520574480295
1785290246.9603188,0.0,0.0,0.005040575983002782
1785290246.9657195,0.0,0.0,0.005177055951207876
1785290246.9708972,0.0,0.0,0.004956831922754645
1785290246.97589,0.0,0.0,0.004754816181957722
1785290246.981166,0.0,0.0,0.005057920003309846
1785290246.9865525,0.0,0.0,0.005168223986402154
1785290246.9917598,0.0,0.0,0.004987008171156049
1785290246.9968631,0.0,0.0,0.004881407832726836
1785290247.003218,0.0,0.0,0.005826208041980863
1785290247.008445,0.0,0.0,0.004998847842216492
1785290247.0137565,0.0,0.0,0.005090688122436404
1785290247.0189328,0.0,0.0,0.004964927909895778
1785290247.0239604,0.0,0.0,0.0047902080696076155
1785290247.029188,0.0,0.0,0.005009759915992618
1785290247.0344617,0.0,0.0,0.005057759815827012
1785290247.039715,0.0,0.0,0.005040287971496582
1785290247.0449808,0.0,0.0,0.0050480959471315145
1785290247.050234,0.0,0.0,0.005035968031734228
1785290247.0561357,0.0,0.0,0.005683040013536811
1785290247.0624812,0.0,0.0,0.006120544159784913
1785290247.067477,0.0,0.0,0.004786432022228837
1785290247.0728576,0.0,0.0,0.00516169611364603
1785290247.0780458,0.0,0.0,0.004971807822585106
1785290247.0832424,0.0,0.0,0.00496944016776979
1785290247.0884216,0.0,0.0,0.004964031977578998
1785290247.0935862,0.0,0.0,0.004949504043906927
1785290247.0987675,0.0,0.0,0.004958688048645854
1785290247.1039188,0.0,0.0,0.004930656170472503
1785290247.1092014,0.0,0.0,0.005069920094683766
1785290247.1152124,0.0,0.0,0.005793920019641519
1785290247.120408,0.0,0.0,0.004965247819200158
1785290247.125636,0.0,0.0,0.005006175953894854
1785290247.1309237,0.0,0.0,0.005067551974207163
1785290247.1361513,0.0,0.0,0.004985504085198045
1785290247.1414824,0.0,0.0,0.005113824037835002
1785290247.1465857,0.0,0.0,0.004887904040515423
1785290247.1517816,0.0,0.0,0.004977568052709103
1785290247.1569486,0.0,0.0,0.004949663998559117
1785290247.1619198,0.0,0.0,0.004754655994474888
1785290247.1675866,0.0,0.0,0.005444767884910107
1785290247.1738532,0.0,0.0,0.006054176017642021
1785290247.1790557,0.0,0.0,0.004986432148143649
1785290247.1842806,0.0,0.0,0.004981599980965257
1785290247.1894393,0.0,0.0,0.00493955216370523
1785290247.1944084,0.0,0.0,0.004750304156914353
1785290247.1995673,0.0,0.0,0.004943744046613574
1785290247.2049165,0.0,0.0,0.005131616024300456
1785290247.210099,0.0,0.0,0.004965055966749787
1785290247.2150836,0.0,0.0,0.004771903855726123
1785290247.2204287,0.0,0.0,0.0051043841522186995
1785290247.2268035,0.0,0.0,0.006155519979074597
1785290247.2320378,0.0,0.0,0.0050119999796152115
1785290247.2371905,0.0,0.0,0.004931552102789283
1785290247.2424154,0.0,0.0,0.005013247951865196
1785290247.2476444,0.0,0.0,0.005018207943066955
1785290247.2526414,0.0,0.0,0.004775136010721326
1785290247.2579195,0.0,0.0,0.005055936053395271
1785290247.2631736,0.0,0.0,0.005040287971496582
1785290247.2685766,0.0,0.0,0.005179679952561855
1785290247.273812,0.0,0.0,0.0050234561786055565
1785290247.2792995,0.0,0.0,0.0052738559897989035
1785290247.2891407,0.0,0.0,0.00961424014531076
1785290247.2970636,0.0,0.0,0.007676000008359551
1785290247.305355,0.0,0.0,0.008060832042247057
1785290247.311941,0.0,0.0,0.006362975807860494
1785290247.3203351,0.0,0.0,0.008162367856130004
1785290247.3283796,0.0,0.0,0.007823968073353171
1785290247.3371766,0.0,0.0,0.00857324805110693
1785290247.345126,0.0,0.0,0.0077268159948289394
1785290247.3533638,0.0,0.0,0.008014591876417398
1785290247.3613057,0.0,0.0,0.007717727916315198
1785290247.3693635,0.0,0.0,0.007835712051019073
1785290247.3776023,0.0,0.0,0.008022400084882975
1785290247.3856988,0.0,0.0,0.007871423847973347
1785290247.3940465,0.0,0.0,0.00812639994546771
1785290247.4021862,0.0,0.0,0.007916159927845001
1785290247.4094121,0.0,0.0,0.007005792111158371
1785290247.4177625,0.0,0.0,0.0081291520036757
1785290247.4258554,0.0,0.0,0.007869536057114601
1785290247.4337232,0.0,0.0,0.007644320139661431
1785290247.441947,0.0,0.0,0.007996991975232959
1785290247.4505792,0.0,0.0,0.00840652803890407
1785290247.45868,0.0,0.0,0.007878432050347328
1785290247.4667535,0.0,0.0,0.007848223904147744
1785290247.4751377,0.0,0.0,0.008165600011125207
1785290247.483028,0.0,0.0,0.007662271847948432
1785290247.4910264,0.0,0.0,0.0077574721071869135
1785290247.4994016,0.0,0.0,0.008132960181683302
1785290247.507399,0.0,0.0,0.007777951890602708
1785290247.5153074,0.0,0.0,0.007683872012421489
1785290247.5237277,0.0,0.0,0.008199583971872926
1785290247.5297449,0.0,0.0,0.005794560071080923
1785290247.5372193,0.0,0.0,0.007238656049594283
1785290247.5455198,0.0,0.0,0.008077952079474926
1785290247.5547917,0.0,0.0,0.009031327906996012
1785290247.5642009,0.0,0.0,0.008820543996989727
1785290247.57239,0.0,0.0,0.007957343943417072
1785290247.5808215,0.0,0.0,0.008203360019251704
1785290247.5890079,0.0,0.0,0.007953055901452899
1785290247.5973494,0.0,0.0,0.008120224112644792
1785290247.605856,0.0,0.0,0.00828649615868926
1785290247.6158113,0.0,0.0,0.009729695972055197
1785290247.6235046,0.0,0.0,0.007443231996148825
1785290247.6318433,0.0,0.0,0.008109375834465027
1785290247.64019,0.0,0.0,0.008112864103168249
1785290247.6487427,0.0,0.0,0.008332127938047051
1785290247.6568966,0.0,0.0,0.007931008003652096
1785290247.6653936,0.0,0.0,0.008276927983388305
1785290247.675544,0.0,0.0,0.009504544083029032
1785290247.6838384,0.0,0.0,0.008049375843256712
1785290247.6923468,0.0,0.0,0.008286528056487441
1785290247.7007024,0.0,0.0,0.008131168084219098
1785290247.7088053,0.0,0.0,0.00787644786760211
1785290247.717098,0.0,0.0,0.008075679885223508
1785290247.726498,0.0,0.0,0.009174143895506859
1785290247.7343674,0.0,0.0,0.007623295998200774
1785290247.7425506,0.0,0.0,0.007969280006363988
1785290247.7508786,0.0,0.0,0.00811084802262485
1785290247.7594366,0.0,0.0,0.00828870409168303
1785290247.7677374,0.0,0.0,0.008074144134297967
1785290247.7760155,0.0,0.0,0.008052927907556295
1785290247.7852716,0.0,0.0,0.009032927919179201
1785290247.7934365,0.0,0.0,0.007940383860841393
1785290247.8020005,0.0,0.0,0.008344352012500167
1785290247.8103445,0.0,0.0,0.008122048107907176
1785290247.8186302,0.0,0.0,0.00806883187033236
1785290247.8271117,0.0,0.0,0.008252960164099932
1785290247.835717,0.0,0.0,0.008371968055143952
1785290247.8436992,0.0,0.0,0.00775452796369791
1785290247.851761,0.0,0.0,0.007837823824957013
1785290247.8600547,0.0,0.0,0.008067104034125805
1785290247.8683267,0.0,0.0,0.00805283198133111
1785290247.8765662,0.0,0.0,0.008018815889954567
1785290247.8848383,0.0,0.0,0.00805315189063549
1785290247.8942533,0.0,0.0,0.009194144047796726
1785290247.903519,0.0,0.0,0.009026783984154463
1785290247.9130523,0.0,0.0,0.009312736103311181
1785290247.9214072,0.0,0.0,0.008129216032102704
1785290247.9286792,0.0,0.0,0.007050848100334406
1785290247.9343808,0.0,0.0,0.005484031978994608
1785290247.9396656,0.0,0.0,0.0050630399491637945
1785290247.945119,0.0,0.0,0.005230880109593272
1785290247.9514964,0.0,0.0,0.006154848029837012
1785290247.95681,0.0,0.0,0.005095520056784153
1785290247.9621208,0.0,0.0,0.005086751887574792
1785290247.9675827,0.0,0.0,0.00523878401145339
1785290247.9729176,0.0,0.0,0.005115775857120752
1785290247.9782228,0.0,0.0,0.00508592021651566
1785290247.9835331,0.0,0.0,0.005086463876068592
1785290247.98883,0.0,0.0,0.005081663839519024
1785290247.9939451,0.0,0.0,0.004895487800240517
1785290247.999185,0.0,0.0,0.0050226240418851376
1785290248.0052116,0.0,0.0,0.005802080035209656
1785290248.0103722,0.0,0.0,0.004932031966745853
1785290248.016499,0.0,0.0,0.005915488116443157
1785290248.0221357,0.0,0.0,0.005416256142780185
1785290248.0283566,0.0,0.0,0.006007903954014182
1785290248.033777,0.0,0.0,0.005200895946472883
1785290248.0396912,0.0,0.0,0.0057016960345208645
1785290248.0452764,0.0,0.0,0.005368511890992522
1785290248.0510523,0.0,0.0,0.005562528036534786
1785290248.05736,0.0,0.0,0.0060576319228857756
1785290248.063013,0.0,0.0,0.005425760056823492
1785290248.0689223,0.0,0.0,0.005668863886967301
1785290248.0743208,0.0,0.0,0.005185056012123823
1785290248.0800743,0.0,0.0,0.00553574413061142
1785290248.0861566,0.0,0.0,0.005865344079211354
1785290248.091585,0.0,0.0,0.005206431960687041
1785290248.097371,0.0,0.0,0.005575231974944472
1785290248.1033163,0.0,0.0,0.005727231968194246
1785290248.1089125,0.0,0.0,0.005379104055464268
1785290248.1150107,0.0,0.0,0.005886975908651948
1785290248.121245,0.0,0.0,0.0049939199816435575
1785290248.1267152,0.0,0.0,0.005245951935648918
1785290248.1321213,0.0,0.0,0.0051908481400460005
1785290248.1379151,0.0,0.0,0.005573984002694488
1785290248.143571,0.0,0.0,0.005443839821964502
1785290248.149169,0.0,0.0,0.005376735934987664
1785290248.1549706,0.0,0.0,0.005581279983744025
1785290248.1603842,0.0,0.0,0.005181472050026059
1785290248.166015,0.0,0.0,0.0054181760642677546
1785290248.1723087,0.0,0.0,0.0060731840785592794
1785290248.1791928,0.0,0.0,0.006661568069830537
1785290248.1873775,0.0,0.0,0.00796105619519949
1785290248.1954057,0.0,0.0,0.007818240206688643
1785290248.203178,0.0,0.0,0.007554688025265932
1785290248.2110834,0.0,0.0,0.007681951858103275
1785290248.21914,0.0,0.0,0.007822271902114153
1785290248.2277868,0.0,0.0,0.008427871856838465
1785290248.235573,0.0,0.0,0.007567584048956633
1785290248.2436364,0.0,0.0,0.0078431679867208
1785290248.2517402,0.0,0.0,0.007878111908212304
1785290248.2600417,0.0,0.0,0.008077600039541721
1785290248.2682767,0.0,0.0,0.008014847990125418
1785290248.2765455,0.0,0.0,0.008048480143770576
1785290248.2850022,0.0,0.0,0.00823318399488926
1785290248.2927597,0.0,0.0,0.007531712064519525
1785290248.3008904,0.0,0.0,0.007912384113296866
1785290248.3096075,0.0,0.0,0.00849968008697033
1785290248.3174143,0.0,0.0,0.007577120093628764
1785290248.3258507,0.0,0.0,0.008213184075430036
1785290248.3339396,0.0,0.0,0.00787337590008974
1785290248.3422198,0.0,0.0,0.008052319986745715
1785290248.3506808,0.0,0.0,0.008237312082201242
1785290248.3584301,0.0,0.0,0.007532607996836305
1785290248.366504,0.0,0.0,0.007852863986045122
1785290248.3749616,0.0,0.0,0.008232640102505684
1785290248.3827333,0.0,0.0,0.0075365761294960976
1785290248.3912244,0.0,0.0,0.008270879974588752
1785290248.3995368,0.0,0.0,0.008092128206044436
1785290248.4076645,0.0,0.0,0.00790460780262947
1785290248.415751,0.0,0.0,0.007866783998906612
1785290248.4238417,0.0,0.0,0.007868352113291621
1785290248.4319153,0.0,0.0,0.007854016032069921
1785290248.4403439,0.0,0.0,0.008213056018576026
1785290248.4481761,0.0,0.0,0.007611776003614068
1785290248.4566886,0.0,0.0,0.008288480108603835
1785290248.4644759,0.0,0.0,0.007569471839815378
1785290248.4729002,0.0,0.0,0.008201023796573281
1785290248.4809718,0.0,0.0,0.007847584085538983
1785290248.4887292,0.0,0.0,0.007535327924415469
1785290248.4968407,0.0,0.0,0.007893503876402974
1785290248.5059788,0.0,0.0,0.00891289603896439
1785290248.514073,0.0,0.0,0.007867648033425212
1785290248.5221546,0.0,0.0,0.00785705610178411
1785290248.5299027,0.0,0.0,0.007519040023908019
1785290248.5383432,0.0,0.0,0.008215999929234385
1785290248.5463927,0.0,0.0,0.007823455845937133
1785290248.5545125,0.0,0.0,0.007893024012446404
1785290248.5627,0.0,0.0,0.007967391982674599
1785290248.5708032,0.0,0.0,0.00787350395694375
1785290248.578609,0.0,0.0,0.007587424013763666
1785290248.5871024,0.0,0.0,0.008265024051070213
1785290248.594828,0.0,0.0,0.007492895936593413
1785290248.6026015,0.0,0.0,0.007547232089564204
1785290248.6104336,0.0,0.0,0.0076081601437181234
1785290248.6207845,0.0,0.0,0.009723232127726078
1785290248.6289318,0.0,0.0,0.00790473585948348
1785290248.6368957,0.0,0.0,0.007735904073342681
1785290248.6450565,0.0,0.0,0.00793296005576849
1785290248.6533673,0.0,0.0,0.008087072055786848
1785290248.661499,0.0,0.0,0.007907135877758265
1785290248.6700199,0.0,0.0,0.008300543995574117
1785290248.6791825,0.0,0.0,0.008927199989557266
1785290248.687362,0.0,0.0,0.007944799959659576
1785290248.6955192,0.0,0.0,0.007926464080810547
1785290248.7036376,0.0,0.0,0.007892544148489833
1785290248.7117968,0.0,0.0,0.007935295812785625
1785290248.7199502,0.0,0.0,0.007920672185719013
1785290248.73081,0.0,0.0,0.010638175997883081
1785290248.7388618,0.0,0.0,0.0078050559386610985
1785290248.7469761,0.0,0.0,0.007890752051025629
1785290248.7553122,0.0,0.0,0.008093439973890781
1785290248.7630208,0.0,0.0,0.007485151989385486
1785290248.7711241,0.0,0.0,0.007860223995521665
1785290248.7801642,0.0,0.0,0.00880956812761724
1785290248.789642,0.0,0.0,0.009212416131049395
1785290248.7974775,0.0,0.0,0.007599744014441967
1785290248.8059597,0.0,0.0,0.008254976011812687
1785290248.8140395,0.0,0.0,0.007851551985368133
1785290248.820529,0.0,0.0,0.006265471922233701
1785290248.8263302,0.0,0.0,0.005572672002017498
1785290248.8339202,0.0,0.0,0.007368480088189244
1785290248.843652,0.0,0.0,0.009506623959168792
1785290248.85165,0.0,0.0,0.007765728048980236
1785290248.8598225,0.0,0.0,0.007939776172861457
1785290248.868329,0.0,0.0,0.008282783906906843
1785290248.8761082,0.0,0.0,0.007563072023913264
1785290248.8842893,0.0,0.0,0.007957088062539697
1785290248.8924642,0.0,0.0,0.007956736022606492
1785290248.9021642,0.0,0.0,0.008805183926597238
1785290248.9106672,0.0,0.0,0.008269408019259572
1785290248.918837,0.0,0.0,0.007942047901451588
1785290248.926665,0.0,0.0,0.0076022399589419365
1785290248.935133,0.0,0.0,0.008252544095739722
1785290248.9428988,0.0,0.0,0.007546048145741224
1785290248.9515686,0.0,0.0,0.00842128018848598
1785290248.960881,0.0,0.0,0.00905065587721765
1785290248.9687924,0.0,0.0,0.0076830401085317135
1785290248.9772563,0.0,0.0,0.008242367999628186
1785290248.9853766,0.0,0.0,0.007892608176916838
1785290248.9935012,0.0,0.0,0.00790236797183752
1785290249.0016072,0.0,0.0,0.007886464009061456
1785290249.0100641,0.0,0.0,0.008233311818912625
1785290249.018948,0.0,0.0,0.008651744108647108
1785290249.0274904,0.0,0.0,0.008281663991510868
1785290249.0353072,0.0,0.0,0.007591231958940625
1785290249.043797,0.0,0.0,0.008258144138380885
1785290249.0515952,0.0,0.0,0.0075741121545434
1785290249.0604267,0.0,0.0,0.008609535871073604
1785290249.0703464,0.0,0.0,0.009678848087787628
1785290249.0781803,0.0,0.0,0.007603007834404707
1785290249.086663,0.0,0.0,0.008251647930592299
1785290249.0944118,0.0,0.0,0.007521408144384623
1785290249.1025274,0.0,0.0,0.007895168149843812
1785290249.1111178,0.0,0.0,0.008371904026716948
1785290249.119678,0.0,0.0,0.008335936116054654
1785290249.1288896,0.0,0.0,0.008948512142524123
1785290249.1374502,0.0,0.0,0.008325024042278528
1785290249.1452818,0.0,0.0,0.00760473613627255
1785290249.1537182,0.0,0.0,0.008209343999624252
1785290249.1614702,0.0,0.0,0.007527840090915561
1785290249.1699414,0.0,0.0,0.008250143844634295
1785290249.1783578,0.0,0.0,0.008190495893359184
1785290249.1873705,0.0,0.0,0.008759743999689817
1785290249.1958404,0.0,0.0,0.0082305280957371
1785290249.2036762,0.0,0.0,0.007613664027303457
1785290249.2121594,0.0,0.0,0.008257823996245861
1785290249.2199345,0.0,0.0,0.0075600640848279
1785290249.2284162,0.0,0.0,0.008254591841250658
1785290249.2390044,0.0,0.0,0.010364607907831669
1785290249.247228,0.0,0.0,0.007951871957629919
1785290249.2548444,0.0,0.0,0.007387903984636068
1785290249.2629411,0.0,0.0,0.007873439928516746
1785290249.270784,0.0,0.0,0.007566720014438033
1785290249.2789178,0.0,0.0,0.007908992003649473
1785290249.2877808,0.0,0.0,0.008615583879873157
1785290249.2969637,0.0,0.0,0.008911072043702006
1785290249.3041236,0.0,0.0,0.006931967800483108
1785290249.3115103,0.0,0.0,0.007169791962951422
1785290249.3194997,0.0,0.0,0.007773760007694364
1785290249.3279626,0.0,0.0,0.008240223862230778
1785290249.3361886,0.0,0.0,0.008001856040209532
1785290249.345285,0.0,0.0,0.008870783960446715
1785290249.3543067,0.0,0.0,0.008792096050456166
1785290249.362042,0.0,0.0,0.007521631894633174
1785290249.3703182,0.0,0.0,0.008058784063905478
1785290249.3786824,0.0,0.0,0.008147903950884938
1785290249.3870072,0.0,0.0,0.008106239838525653
1785290249.3953695,0.0,0.0,0.00811216002330184
1785290249.4041355,0.0,0.0,0.00854540802538395
1785290249.4126012,0.0,0.0,0.00823379191569984
1785290249.4209132,0.0,0.0,0.008088991977274418
1785290249.4290528,0.0,0.0,0.007926176069304347
1785290249.4358199,0.0,0.0,0.006543199997395277
1785290249.442603,0.0,0.0,0.006566527998074889
1785290249.4494064,0.0,0.0,0.006587231997400522
1785290249.4567554,0.0,0.0,0.007128480123355985
1785290249.4650097,0.0,0.0,0.008004351984709501
1785290249.4718957,0.0,0.0,0.006647167960181832
1785290249.478782,0.0,0.0,0.006659007864072919
1785290249.485649,0.0,0.0,0.006646784022450447
1785290249.4928112,0.0,0.0,0.0069427520502358675
1785290249.499661,0.0,0.0,0.0066387839615345
1785290249.5064957,0.0,0.0,0.0066160960122942924
1785290249.5143442,0.0,0.0,0.007632960099726915
1785290249.5245352,0.0,0.0,0.009906399995088577
1785290249.5322871,0.0,0.0,0.0075128641910851
1785290249.5387797,0.0,0.0,0.0062747199553996325
1785290249.5464509,0.0,0.0,0.0074572479352355
1785290249.553794,0.0,0.0,0.007121951784938574
1785290249.5610795,0.0,0.0,0.007068383973091841
1785290249.5688543,0.0,0.0,0.007554688025265932
1785290249.5776289,0.0,0.0,0.008492799941450357
1785290249.5848968,0.0,0.0,0.007038751849904656
1785290249.592161,0.0,0.0,0.007044703932479024
1785290249.599423,0.0,0.0,0.0070512001402676105
1785290249.6066563,0.0,0.0,0.0070169600658118725
1785290249.613926,0.0,0.0,0.0070573759730905294
1785290249.6211724,0.0,0.0,0.007028575986623764
1785290249.6300983,0.0,0.0,0.008706591790542006
1785290249.6375601,0.0,0.0,0.007232575910165906
1785290249.6448543,0.0,0.0,0.0070812159683555365
1785290249.652124,0.0,0.0,0.007050559855997562
1785290249.6593454,0.0,0.0,0.007004768121987581
1785290249.6665416,0.0,0.0,0.0069802559446543455
1785290249.6737604,0.0,0.0,0.00700739212334156
1785290249.6817186,0.0,0.0,0.007716000080108643
1785290249.6898496,0.0,0.0,0.007906976155936718
1785290249.6971478,0.0,0.0,0.007073343964293599
1785290249.704382,0.0,0.0,0.007015167968347669
1785290249.7116418,0.0,0.0,0.007050431799143553
1785290249.719033,0.0,0.0,0.007170047843828797
1785290249.7262547,0.0,0.0,0.006985151907429099
1785290249.7338426,0.0,0.0,0.007376704132184386
1785290249.7424803,0.0,0.0,0.008417119970545173
1785290249.749702,0.0,0.0,0.0069898879155516624
1785290249.7569494,0.0,0.0,0.007028927793726325
1785290249.7641726,0.0,0.0,0.007008928107097745
1785290249.7716513,0.0,0.0,0.007261823862791061
1785290249.77885,0.0,0.0,0.006986464140936732
1785290249.7860098,0.0,0.0,0.006945312023162842
1785290249.794133,0.0,0.0,0.007915071910247207
1785290249.8026035,0.0,0.0,0.008244672091677785
1785290249.8099937,0.0,0.0,0.007174784084782004
1785290249.8172863,0.0,0.0,0.007081344025209546
1785290249.8248556,0.0,0.0,0.007357215974479914
1785290249.8324203,0.0,0.0,0.007332608103752136
1785290249.841876,0.0,0.0,0.009241119958460331
1785290249.8535671,0.0,0.0,0.011475840117782354
1785290249.8630505,0.0,0.0,0.009264031890779734
1785290249.8730876,0.0,0.0,0.009802079992368817
1785290249.8832433,0.0,0.0,0.009947327896952629
1785290249.8933606,0.0,0.0,0.009905215818434954
1785290249.9039536,0.0,0.0,0.010378720005974174
1785290249.9164834,0.0,0.0,0.012246112106367946
1785290249.9256659,0.0,0.0,0.00896345591172576
1785290249.9348693,0.0,0.0,0.008989440044388175
1785290249.9438715,0.0,0.0,0.008783583994954824
1785290249.9506319,0.0,0.0,0.006547807948663831
1785290249.9564288,0.0,0.0,0.005581983830779791
1785290249.9628334,0.0,0.0,0.006185568170621991
1785290249.9696758,0.0,0.0,0.00661139190196991
1785290249.9776225,0.0,0.0,0.007719903951510787
1785290249.9867945,0.0,0.0,0.008949215989559889
1785290249.9949257,0.0,0.0,0.007912383880466223
1785290250.0031378,0.0,0.0,0.007975999964401126
1785290250.011554,0.0,0.0,0.008193183923140168
1785290250.0208874,0.0,0.0,0.009114143904298544
1785290250.0282698,0.0,0.0,0.007149184122681618
1785290250.0355463,0.0,0.0,0.007057631853967905
1785290250.042257,0.0,0.0,0.00648870412260294
1785290250.0489855,0.0,0.0,0.006510080071166158
1785290250.0560882,0.0,0.0,0.006882847985252738
1785290250.063468,0.0,0.0,0.0071594559121876955
1785290250.0702956,0.0,0.0,0.006615584017708898
1785290250.078915,0.0,0.0,0.008400672115385532
1785290250.0862749,0.0,0.0,0.007094847969710827
1785290250.093586,0.0,0.0,0.007091423962265253
1785290250.1010983,0.0,0.0,0.0072899197693914175
1785290250.109271,0.0,0.0,0.007954207947477698
1785290250.1174858,0.0,0.0,0.008002879796549678
1785290250.1254585,0.0,0.0,0.007747327908873558
1785290250.134763,0.0,0.0,0.009088639868423343
1785290250.1425164,0.0,0.0,0.00752825615927577
1785290250.150856,0.0,0.0,0.008118432015180588
1785290250.1588361,0.0,0.0,0.007767807925119996
1785290250.1665874,0.0,0.0,0.0075364799704402685
1785290250.1747818,0.0,0.0,0.007979904068633914
1785290250.1827495,0.0,0.0,0.007755039958283305
1785290250.191874,0.0,0.0,0.00891510397195816
1785290250.2002602,0.0,0.0,0.008165600011125207
1785290250.2079902,0.0,0.0,0.007513056043535471
1785290250.216518,0.0,0.0,0.008306496078148484
1785290250.224273,0.0,0.0,0.007531712064519525
1785290250.2326558,0.0,0.0,0.008164576021954417
1785290250.2404673,0.0,0.0,0.007596671814098954
1785290250.2494247,0.0,0.0,0.008735711919143796
1785290250.2578325,0.0,0.0,0.008190816035494208
1785290250.265941,0.0,0.0,0.00788771198131144
1785290250.2724726,0.0,0.0,0.006306688068434596
1785290250.2772107,0.0,0.0,0.004505248041823506
1785290250.2856398,0.0,0.0,0.008213151944801211
1785290250.2937057,0.0,0.0,0.007848832057788968
1785290250.302206,0.0,0.0,0.008288543904200196
1785290250.3106732,0.0,0.0,0.008236160036176443
1785290250.3184018,0.0,0.0,0.007509696064516902
1785290250.3269396,0.0,0.0,0.008317951811477542
1785290250.3346279,0.0,0.0,0.007451327983289957
1785290250.3426757,0.0,0.0,0.007834240095689893
1785290250.3511221,0.0,0.0,0.008230047998949885
1785290250.3610892,0.0,0.0,0.009620576165616512
1785290250.3691714,0.0,0.0,0.007849792018532753
1785290250.3768559,0.0,0.0,0.007474432000890374
1785290250.3848839,0.0,0.0,0.0078096960205584764
1785290250.3932602,0.0,0.0,0.008166272193193436
1785290250.400939,0.0,0.0,0.0074613760225474834
1785290250.4093802,0.0,0.0,0.00821839994750917
1785290250.4178739,0.0,0.0,0.008274463936686516
1785290250.4263103,0.0,0.0,0.008212384069338441
1785290250.4340065,0.0,0.0,0.007485280046239495
1785290250.4423332,0.0,0.0,0.008108479902148247
1785290250.4502516,0.0,0.0,0.007701599970459938
1785290250.4582717,0.0,0.0,0.007807648042216897
1785290250.4660065,0.0,0.0,0.00751523207873106
1785290250.4752774,0.0,0.0,0.009049184154719114
1785290250.4833157,0.0,0.0,0.00781638384796679
1785290250.4910395,0.0,0.0,0.007506175898015499
1785290250.4994736,0.0,0.0,0.008202240103855729
1785290250.5076232,0.0,0.0,0.007938527967780828
1785290250.5156374,0.0,0.0,0.007798047969117761
1785290250.5236666,0.0,0.0,0.007819392019882798
1785290250.533518,0.0,0.0,0.009634655900299549
1785290250.543235,0.0,0.0,0.0094947200268507
1785290250.5522902,0.0,0.0,0.00884313602000475
1785290250.56139,0.0,0.0,0.008880128152668476
1785290250.5704918,0.0,0.0,0.008889727992936969
1785290250.580066,0.0,0.0,0.009356831898912787
1785290250.590234,0.0,0.0,0.009952447842806578
1785290250.5993912,0.0,0.0,0.0089335679076612
1785290250.6084995,0.0,0.0,0.008895199978724122
1785290250.6176226,0.0,0.0,0.008905631955713034
1785290250.6256664,0.0,0.0,0.007822399958968163
1785290250.6325529,0.0,0.0,0.0066644479520618916
1785290250.64215,0.0,0.0,0.009081343887373805
1785290250.649908,0.0,0.0,0.007528032176196575
1785290250.6581938,0.0,0.0,0.008066368056461215
1785290250.6665342,0.0,0.0,0.008121120044961572
1785290250.6745622,0.0,0.0,0.0078117758966982365
1785290250.6830876,0.0,0.0,0.008307008072733879
1785290250.690608,0.0,0.0,0.0072893439792096615
1785290250.6995554,0.0,0.0,0.00854543992318213
1785290250.7068946,0.0,0.0,0.007109728176146746
1785290250.7142954,0.0,0.0,0.007151487981900573
1785290250.7214944,0.0,0.0,0.006976576056331396
1785290250.729169,0.0,0.0,0.007449408061802387
1785290250.7373195,0.0,0.0,0.007927328115329146
1785290250.745464,0.0,0.0,0.007931039901450276
1785290250.7538795,0.0,0.0,0.00818864000029862
1785290250.7622576,0.0,0.0,0.008161535952240229
1785290250.7699003,0.0,0.0,0.00742956786416471
1785290250.7778997,0.0,0.0,0.007782719796523452
1785290250.786406,0.0,0.0,0.008294848026707768
1785290250.7940996,0.0,0.0,0.007468607975170016
1785290250.7996888,0.0,0.0,0.005370911909267306
1785290250.8051977,0.0,0.0,0.005294495960697532
1785290250.8113666,0.0,0.0,0.005946751916781068
1785290250.8165505,0.0,0.0,0.004961856175214052
1785290250.8216257,0.0,0.0,0.004862240049988031
1785290250.8271744,0.0,0.0,0.005333631997928023
1785290250.832173,0.0,0.0,0.0047704000025987625
1785290250.8373277,0.0,0.0,0.004944480024278164
1785290250.8426836,0.0,0.0,0.0051416640635579824
1785290250.8478916,0.0,0.0,0.004992160014808178
1785290250.8530204,0.0,0.0,0.004917343845590949
1785290250.8584542,0.0,0.0,0.0052200001664459705
1785290250.864687,0.0,0.0,0.006015936145558953
1785290250.8698845,0.0,0.0,0.004975583869963884
1785290250.8750365,0.0,0.0,0.004930528113618493
1785290250.8800836,0.0,0.0,0.0048060801345855
1785290250.885274,0.0,0.0,0.004968064138665795
1785290250.8905346,0.0,0.0,0.005042399978265166
1785290250.895772,0.0,0.0,0.00501903984695673
1785290250.900991,0.0,0.0,0.004998815944418311
1785290250.906312,0.0,0.0,0.00510502397082746
1785290250.9114332,0.0,0.0,0.004903776105493307
1785290250.9167676,0.0,0.0,0.005120928166434169
1785290250.9227316,0.0,0.0,0.004834591876715422
1785290250.9281118,0.0,0.0,0.0051598078571259975
1785290250.933328,0.0,0.0,0.005002847872674465
1785290250.9384744,0.0,0.0,0.004925440065562725
1785290250.9436572,0.0,0.0,0.004969951929524541
1785290250.9486868,0.0,0.0,0.004806143930181861
1785290250.9539065,0.0,0.0,0.005010335939005017
1785290250.9594147,0.0,0.0,0.005290783941745758
1785290250.964464,0.0,0.0,0.004817248089239001
1785290250.9701512,0.0,0.0,0.005458432016894221
1785290250.9766908,0.0,0.0,0.0063176320400089025
1785290250.9818597,0.0,0.0,0.0049542400520294905
1785290250.98705,0.0,0.0,0.004983199993148446
1785290250.992231,0.0,0.0,0.004932319978252053
1785290250.9974208,0.0,0.0,0.004972800146788359
1785290251.0030758,0.0,0.0,0.005436736159026623
1785290251.0082626,0.0,0.0,0.004935648059472442
1785290251.013443,0.0,0.0,0.004965536063537002
1785290251.0185769,0.0,0.0,0.004921823972836137
1785290251.0240726,0.0,0.0,0.005285056075081229
1785290251.030398,0.0,0.0,0.006089440081268549
1785290251.0354214,0.0,0.0,0.004804927855730057
1785290251.0409694,0.0,0.0,0.0053349758964031935
1785290251.0462034,0.0,0.0,0.005018944153562188
1785290251.0515265,0.0,0.0,0.005106879863888025
1785290251.0564866,0.0,0.0,0.004748480161651969
1785290251.0619671,0.0,0.0,0.005267872009426355
1785290251.0671585,0.0,0.0,0.004981247941032052
1785290251.0721924,0.0,0.0,0.0048226239159703255
1785290251.0775568,0.0,0.0,0.005149440141394734
1785290251.0830154,0.0,0.0,0.005253504030406475
1785290251.0895243,0.0,0.0,0.006265631876885891
1785290251.094466,0.0,0.0,0.004723871825262904
1785290251.0997505,0.0,0.0,0.0050723201129585505
1785290251.1049852,0.0,0.0,0.005025664111599326
1785290251.1101031,0.0,0.0,0.004912256030365825
1785290251.1155307,0.0,0.0,0.005214751930907369
1785290251.120702,0.0,0.0,0.004940415965393186
1785290251.1259303,0.0,0.0,0.005009952001273632
1785290251.1311452,0.0,0.0,0.004999423865228891
1785290251.1368315,0.0,0.0,0.005468032089993358
1785290251.1434925,0.0,0.0,0.006438208045437932
1785290251.1487603,0.0,0.0,0.005050848005339503
1785290251.1537306,0.0,0.0,0.004754559835419059
1785290251.158908,0.0,0.0,0.004963712068274617
1785290251.164293,0.0,0.0,0.005145215895026922
1785290251.1694221,0.0,0.0,0.00491295987740159
1785290251.174572,0.0,0.0,0.004938272060826421
1785290251.179611,0.0,0.0,0.00482192006893456
1785290251.184748,0.0,0.0,0.004924415843561292
1785290251.1900976,0.0,0.0,0.005140095949172974
1785290251.195587,0.0,0.0,0.005279647884890437
1785290251.2016587,0.0,0.0,0.005847295979037881
1785290251.206943,0.0,0.0,0.0050643200520426035
1785290251.2123122,0.0,0.0,0.005134336184710264
1785290251.2175636,0.0,0.0,0.0050374718848615885
1785290251.2228105,0.0,0.0,0.0050342080648988485
1785290251.227993,0.0,0.0,0.004964448045939207
1785290251.2329698,0.0,0.0,0.00476022413931787
1785290251.2382684,0.0,0.0,0.005087328143417835
1785290251.2437468,0.0,0.0,0.005259616067633033
1785290251.2495499,0.0,0.0,0.0055887040216475725
1785290251.255574,0.0,0.0,0.005800831830129027
1785290251.260774,0.0,0.0,0.00498707196675241
1785290251.2661164,0.0,0.0,0.005127039970830083
1785290251.2713623,0.0,0.0,0.005037087947130203
1785290251.2763672,0.0,0.0,0.004787935875356197
1785290251.281587,0.0,0.0,0.005004480015486479
1785290251.2868516,0.0,0.0,0.0050572799518704414
1785290251.292115,0.0,0.0,0.005056127905845642
1785290251.2973344,0.0,0.0,0.005001984070986509
1785290251.3025799,0.0,0.0,0.005033184075728059
1785290251.3095646,0.0,0.0,0.006252128165215254
1785290251.3145785,0.0,0.0,0.0047973759938031435
1785290251.3197985,0.0,0.0,0.005009663989767432
1785290251.3249726,0.0,0.0,0.004953152034431696
1785290251.330468,0.0,0.0,0.005280127981677651
1785290251.3354752,0.0,0.0,0.004794624168425798
1785290251.3407383,0.0,0.0,0.005048224003985524
1785290251.3459935,0.0,0.0,0.0050493760500103235
1785290251.35148,0.0,0.0,0.005270239897072315
1785290251.3565607,0.0,0.0,0.004865631926804781
1785290251.3625488,0.0,0.0,0.005775263998657465
1785290251.3685794,0.0,0.0,0.005820192163810134
1785290251.3737872,0.0,0.0,0.004996127914637327
1785290251.38012,0.0,0.0,0.006127967964857817
1785290251.3851986,0.0,0.0,0.004854975966736674
1785290251.3903658,0.0,0.0,0.004948256071656942
1785290251.395618,0.0,0.0,0.0050337600987404585
1785290251.4008029,0.0,0.0,0.004972064169123769
1785290251.4061394,0.0,0.0,0.005122144008055329
1785290251.4113624,0.0,0.0,0.005008159903809428
1785290251.4169705,0.0,0.0,0.005398496054112911
1785290251.4232068,0.0,0.0,0.006015007849782705
1785290251.428167,0.0,0.0,0.0047453760635107756
1785290251.433393,0.0,0.0,0.00500246393494308
1785290251.438681,0.0,0.0,0.0050746239721775055
1785290251.4438972,0.0,0.0,0.005001951940357685
1785290251.4491208,0.0,0.0,0.005011296132579446
1785290251.454335,0.0,0.0,0.004998015938326716
1785290251.4596975,0.0,0.0,0.0051572800148278475
1785290251.464811,0.0,0.0,0.004900319967418909
1785290251.4703436,0.0,0.0,0.00531379203312099
1785290251.4768205,0.0,0.0,0.006236511981114745
1785290251.4820263,0.0,0.0,0.004979775985702872
1785290251.487408,0.0,0.0,0.005161439999938011
1785290251.492455,0.0,0.0,0.004826048156246543
1785290251.49775,0.0,0.0,0.005076831905171275
1785290251.5030527,0.0,0.0,0.005088991951197386
1785290251.5085783,0.0,0.0,0.004983040038496256
1785290251.5135813,0.0,0.0,0.004789408063516021
1785290251.5189433,0.0,0.0,0.005151584045961499
1785290251.5241659,0.0,0.0,0.004990912042558193
1785290251.529915,0.0,0.0,0.005538208177313209
1785290251.5359478,0.0,0.0,0.005824192194268107
1785290251.541122,0.0,0.0,0.004959807964041829
1785290251.5460749,0.0,0.0,0.004735392052680254
1785290251.551532,0.0,0.0,0.005246336106210947
1785290251.5568316,0.0,0.0,0.0050883840303868055
1785290251.561819,0.0,0.0,0.004779999842867255
1785290251.5670831,0.0,0.0,0.005052831955254078
1785290251.5723882,0.0,0.0,0.005069600185379386
1785290251.5776384,0.0,0.0,0.005036799935624003
1785290251.583689,0.0,0.0,0.005832127993926406
1785290251.5900133,0.0,0.0,0.006089952075853944
1785290251.5952406,0.0,0.0,0.005007199943065643
1785290251.600233,0.0,0.0,0.00477696000598371
1785290251.605476,0.0,0.0,0.005026239901781082
1785290251.6108897,0.0,0.0,0.005193983903154731
1785290251.6162086,0.0,0.0,0.005086015909910202
1785290251.6214147,0.0,0.0,0.004987424006685615
1785290251.6264555,0.0,0.0,0.004827071912586689
1785290251.6317625,0.0,0.0,0.005090432008728385
1785290251.6381736,0.0,0.0,0.0062006080988794565
1785290251.6442454,0.0,0.0,0.005845887819305062
1785290251.6497974,0.0,0.0,0.005327839870005846
1785290251.6550896,0.0,0.0,0.0050757119897753
1785290251.6600852,0.0,0.0,0.004766304045915604
1785290251.6655953,0.0,0.0,0.005294719943776727
1785290251.6705563,0.0,0.0,0.00474675209261477
1785290251.6760192,0.0,0.0,0.005250751972198486
1785290251.6809719,0.0,0.0,0.00473328004591167
1785290251.6862533,0.0,0.0,0.005068032070994377
1785290251.6915095,0.0,0.0,0.00504108821041882
1785290251.6972814,0.0,0.0,0.005554943811148405
1785290251.7035408,0.0,0.0,0.006030880147591233
1785290251.7087452,0.0,0.0,0.004985983949154615
1785290251.7137835,0.0,0.0,0.004823680035769939
1785290251.7190173,0.0,0.0,0.0050168640445917845
1785290251.724309,0.0,0.0,0.005053504137322307
1785290251.7296655,0.0,0.0,0.0051442880649119616
1785290251.7348,0.0,0.0,0.004920415813103318
1785290251.7397647,0.0,0.0,0.004752991953864694
1785290251.744993,0.0,0.0,0.005013376008719206
1785290251.750483,0.0,0.0,0.0052855359390378
1785290251.7573087,0.0,0.0,0.006602816050872207
1785290251.7625759,0.0,0.0,0.005052191903814673
1785290251.767636,0.0,0.0,0.004845760064199567
1785290251.7729092,0.0,0.0,0.005067775957286358
1785290251.7784111,0.0,0.0,0.005290944129228592
1785290251.783572,0.0,0.0,0.004949760157614946
1785290251.7889116,0.0,0.0,0.005121536087244749
1785290251.7941222,0.0,0.0,0.004997855983674526
1785290251.7992692,0.0,0.0,0.0049327039159834385
1785290251.804609,0.0,0.0,0.005124415969476104
1785290251.8113928,0.0,0.0,0.006067231995984912
1785290251.8165956,0.0,0.0,0.004976736148819327
1785290251.821737,0.0,0.0,0.0049256321508437395
1785290251.8268125,0.0,0.0,0.004863935988396406
1785290251.8324065,0.0,0.0,0.004824896110221744
1785290251.8376517,0.0,0.0,0.005026912083849311
1785290251.8428848,0.0,0.0,0.00501280021853745
1785290251.8480701,0.0,0.0,0.004957279888913035
1785290251.8533683,0.0,0.0,0.005081536015495658
1785290251.8585546,0.0,0.0,0.004975263960659504
1785290251.864105,0.0,0.0,0.005340960109606385
1785290251.8707666,0.0,0.0,0.006442815996706486
1785290251.875944,0.0,0.0,0.0049652159214019775
1785290251.8811495,0.0,0.0,0.004987712018191814
1785290251.8862948,0.0,0.0,0.004934527911245823
1785290251.891822,0.0,0.0,0.005296671995893121
1785290251.8970795,0.0,0.0,0.005040479823946953
1785290251.9023242,0.0,0.0,0.005033568013459444
1785290251.907304,0.0,0.0,0.004770559957250953
1785290251.9125917,0.0,0.0,0.005074432119727135
1785290251.9180837,0.0,0.0,0.0052863359451293945
1785290251.9248195,0.0,0.0,0.006506688194349408
1785290251.9300003,0.0,0.0,0.004969216184690595
1785290251.9352214,0.0,0.0,0.005016767885535955
1785290251.940416,0.0,0.0,0.0049779838882386684
1785290251.9457102,0.0,0.0,0.00507539208047092
1785290251.9509695,0.0,0.0,0.005051552085205913
1785290251.9559574,0.0,0.0,0.004750655964016914
1785290251.9611468,0.0,0.0,0.004977056058123708
1785290251.9663372,0.0,0.0,0.00498767988756299
1785290251.9714844,0.0,0.0,0.004939839942380786
1785290251.9770732,0.0,0.0,0.0053772160317748785
1785290251.9835107,0.0,0.0,0.006216063862666488
1785290251.9885511,0.0,0.0,0.004820863949134946
1785290251.9937725,0.0,0.0,0.005006912164390087
1785290251.999059,0.0,0.0,0.005073536187410355
1785290252.004455,0.0,0.0,0.005144192138686776
1785290252.0095932,0.0,0.0,0.004924543900415301
1785290252.014822,0.0,0.0,0.0050166400615125895
1785290252.0199604,0.0,0.0,0.00492863985709846
1785290252.025111,0.0,0.0,0.004934815922752023
1785290252.0305912,0.0,0.0,0.005268832203000784
1785290252.037115,0.0,0.0,0.006309887859970331
1785290252.0423331,0.0,0.0,0.005000800127163529
1785290252.0473118,0.0,0.0,0.004769695922732353
1785290252.0525377,0.0,0.0,0.0050126719288527966
1785290252.0579226,0.0,0.0,0.005181855987757444
1785290252.0634687,0.0,0.0,0.005336287897080183
1785290252.0683997,0.0,0.0,0.004723744001239538
1785290252.0735455,0.0,0.0,0.004938336089253426
1785290252.0787652,0.0,0.0,0.005011647939682007
1785290252.0847623,0.0,0.0,0.00579116796143353
1785290252.090996,0.0,0.0,0.006015232065692544
1785290252.0962632,0.0,0.0,0.005025631980970502
1785290252.10143,0.0,0.0,0.004957407945767045
1785290252.1066341,0.0,0.0,0.004990688059478998
1785290252.1119123,0.0,0.0,0.005066335899755359
1785290252.1169958,0.0,0.0,0.004870336037129164
1785290252.1224365,0.0,0.0,0.005225696135312319
1785290252.1276033,0.0,0.0,0.0049558719620108604
1785290252.1327577,0.0,0.0,0.004940895829349756
1785290252.1376674,0.0,0.0,0.004696927964687347
1785290252.1435275,0.0,0.0,0.005654944106936455
1785290252.1525173,0.0,0.0,0.008773952024057508
1785290252.1605039,0.0,0.0,0.0077669438906013966
1785290252.1684484,0.0,0.0,0.007736640051007271
1785290252.1765087,0.0,0.0,0.007843807805329561
1785290252.1844893,0.0,0.0,0.007766367867588997
1785290252.1925364,0.0,0.0,0.007838528137654066
1785290252.201723,0.0,0.0,0.00897440011613071
1785290252.2071888,0.0,0.0,0.005204159999266267
1785290252.212668,0.0,0.0,0.0051830720622092485
1785290252.2179897,0.0,0.0,0.0050894401501864195
1785290252.223326,0.0,0.0,0.005099039990454912
1785290252.228392,0.0,0.0,0.004843296017497778
1785290252.2337263,0.0,0.0,0.0051058558747172356
1785290252.2392795,0.0,0.0,0.005316960159689188
1785290252.2445729,0.0,0.0,0.00506089604459703
1785290252.249702,0.0,0.0,0.004912992008030415
1785290252.2587898,0.0,0.0,0.008866688003763556
1785290252.2640088,0.0,0.0,0.004965503932908177
1785290252.2697701,0.0,0.0,0.005523551953956485
1785290252.2748935,0.0,0.0,0.004885728005319834
1785290252.2802334,0.0,0.0,0.005088800098747015
1785290252.2855353,0.0,0.0,0.0050760000012815
1785290252.2909474,0.0,0.0,0.005184544017538428
1785290252.2960663,0.0,0.0,0.0048756159376353025
1785290252.3013368,0.0,0.0,0.0050424321088939905
1785290252.3075747,0.0,0.0,0.006008575903251767
1785290252.3155735,0.0,0.0,0.007568832021206617
1785290252.3211427,0.0,0.0,0.005327007966116071
1785290252.3262851,0.0,0.0,0.004915135912597179
1785290252.3316226,0.0,0.0,0.005110528087243438
1785290252.3371003,0.0,0.0,0.005248927976936102
1785290252.342393,0.0,0.0,0.005070175975561142
1785290252.347648,0.0,0.0,0.0050310720689594746
1785290252.3527458,0.0,0.0,0.004870784003287554
1785290252.3580236,0.0,0.0,0.005044864024966955
1785290252.3641934,0.0,0.0,0.005943712079897523
1785290252.3721073,0.0,0.0,0.007460223976522684
1785290252.3775702,0.0,0.0,0.005221855826675892
1785290252.3831983,0.0,0.0,0.005395391955971718
1785290252.388624,0.0,0.0,0.00519497599452734
1785290252.3938704,0.0,0.0,0.005021279910579324
1785290252.399064,0.0,0.0,0.004968479974195361
1785290252.4066932,0.0,0.0,0.007361599942669272
1785290252.41488,0.0,0.0,0.007945375982671976
1785290252.425001,0.0,0.0,0.009802400134503841
1785290252.4330163,0.0,0.0,0.007774304132908583
1785290252.441266,0.0,0.0,0.008024448063224554
1785290252.44933,0.0,0.0,0.007838207995519042
1785290252.457361,0.0,0.0,0.00781296007335186
1785290252.4654796,0.0,0.0,0.007897535804659128
1785290252.473371,0.0,0.0,0.007670368067920208
1785290252.483029,0.0,0.0,0.009436768013983965
1785290252.4909933,0.0,0.0,0.007713119965046644
1785290252.4990866,0.0,0.0,0.007850336143746972
1785290252.5071838,0.0,0.0,0.007856735959649086
1785290252.515239,0.0,0.0,0.007836800068616867
1785290252.5233312,0.0,0.0,0.007879360113292933
1785290252.5321844,0.0,0.0,0.008608287898823619
1785290252.5412312,0.0,0.0,0.008815648034214973
1785290252.5496426,0.0,0.0,0.008193760178983212
1785290252.557654,0.0,0.0,0.007793887984007597
1785290252.565393,0.0,0.0,0.007523200009018183
1785290252.5737712,0.0,0.0,0.00816649617627263
1785290252.581486,0.0,0.0,0.0074968000408262014
1785290252.590317,0.0,0.0,0.008609856013208628
1785290252.5989094,0.0,0.0,0.008352800039574504
1785290252.6074023,0.0,0.0,0.008248384110629559
1785290252.615166,0.0,0.0,0.007543999934569001
1785290252.623591,0.0,0.0,0.008207552134990692
1785290252.6313086,0.0,0.0,0.0074988161213696
1785290252.6397269,0.0,0.0,0.008207967970520258
1785290252.6483076,0.0,0.0,0.008357119979336858
1785290252.6531117,0.0,0.0,0.004565151873975992
1785290252.6578522,0.0,0.0,0.004512288141995668
1785290252.6625447,0.0,0.0,0.004475392168387771
1785290252.6673563,0.0,0.0,0.004592415876686573
1785290252.6720505,0.0,0.0,0.004475615918636322
1785290252.6767159,0.0,0.0,0.004444896010681987
1785290252.6813974,0.0,0.0,0.004467168124392629
1785290252.6860712,0.0,0.0,0.004458336159586906
1785290252.6907413,0.0,0.0,0.004454815993085504
1785290252.6954424,0.0,0.0,0.004476575879380107
1785290252.700705,0.0,0.0,0.00504182418808341
1785290252.7070544,0.0,0.0,0.006050431868061423
1785290252.711754,0.0,0.0,0.004417536081746221
1785290252.7164843,0.0,0.0,0.004513791995123029
1785290252.7217216,0.0,0.0,0.005013759946450591
1785290252.7265542,0.0,0.0,0.004606303991749883
1785290252.7319334,0.0,0.0,0.005156927974894643
1785290252.7374744,0.0,0.0,0.005330303916707635
1785290252.743156,0.0,0.0,0.005463936133310199
1785290252.7484894,0.0,0.0,0.005106432130560279
1785290252.755056,0.0,0.0,0.0063507521990686655
1785290252.7622952,0.0,0.0,0.006963039981201291
1785290252.7678697,0.0,0.0,0.0053456318564713
1785290252.7735472,0.0,0.0,0.005454400088638067
1785290252.7792656,0.0,0.0,0.005499199964106083
1785290252.784684,0.0,0.0,0.005200831918045878
1785290252.7905262,0.0,0.0,0.005630079889670014
1785290252.7961218,0.0,0.0,0.00537478388287127
1785290252.80157,0.0,0.0,0.0052331199403852224
1785290252.8075862,0.0,0.0,0.0057919679675251245
1785290252.8159006,0.0,0.0,0.008086015935987234
1785290252.8215182,0.0,0.0,0.00537078408524394
1785290252.826934,0.0,0.0,0.0051866560243070126
1785290252.8327577,0.0,0.0,0.005571840098127723
1785290252.83812,0.0,0.0,0.00513740791939199
1785290252.8437524,0.0,0.0,0.005404575960710645
1785290252.8492794,0.0,0.0,0.005295327864587307
1785290252.8551397,0.0,0.0,0.005644960096105933
1785290252.8607728,0.0,0.0,0.005406560143455863
1785290252.866504,0.0,0.0,0.005516255972906947
1785290252.8731773,0.0,0.0,0.006451840046793222
1785290252.8785274,0.0,0.0,0.005131456069648266
1785290252.8838367,0.0,0.0,0.005098144058138132
1785290252.8896005,0.0,0.0,0.005546143976971507
1785290252.8953822,0.0,0.0,0.00556432013399899
1785290252.9010158,0.0,0.0,0.005413023987784982
1785290252.906617,0.0,0.0,0.005372896092012525
1785290252.91229,0.0,0.0,0.005455776117742062
1785290252.9179559,0.0,0.0,0.005447200033813715
1785290252.923396,0.0,0.0,0.005227743880823255
1785290252.9363205,0.0,0.0,0.012707807822152972
1785290252.944708,0.0,0.0,0.008163199992850423
1785290252.9528892,0.0,0.0,0.007963808020576835
1785290252.9611373,0.0,0.0,0.008026239927858114
1785290252.9690955,0.0,0.0,0.007740831933915615
1785290252.977217,0.0,0.0,0.007897088071331382
1785290252.9857557,0.0,0.0,0.008320544147863984
1785290252.9938805,0.0,0.0,0.007903487887233496
1785290253.0016825,0.0,0.0,0.007582976017147303
1785290253.010103,0.0,0.0,0.00820233579725027
1785290253.0156374,0.0,0.0,0.005312416004016995
1785290253.0230498,0.0,0.0,0.007181568071246147
1785290253.0309794,0.0,0.0,0.007690975908190012
1785290253.0362256,0.0,0.0,0.005008128006011248
1785290253.0449865,0.0,0.0,0.00854204804636538
1785290253.0524833,0.0,0.0,0.007269280031323433
1785290253.0595145,0.0,0.0,0.006808863952755928
1785290253.0663936,0.0,0.0,0.006656927987933159
1785290253.074328,0.0,0.0,0.00771100795827806
1785290253.0826828,0.0,0.0,0.008135519921779633
1785290253.0912125,0.0,0.0,0.008313599973917007
1785290253.0994565,0.0,0.0,0.008019839879125357
1785290253.1080742,0.0,0.0,0.008385983994230628
1785290253.1166062,0.0,0.0,0.00830502388998866
1785290253.1250412,0.0,0.0,0.008210687898099422
1785290253.1331797,0.0,0.0,0.00791801605373621
1785290253.1413553,0.0,0.0,0.00796153605915606
1785290253.1507115,0.0,0.0,0.009137695888057351
1785290253.156349,0.0,0.0,0.005369727965444326
1785290253.1634333,0.0,0.0,0.006838623899966478
1785290253.1708133,0.0,0.0,0.007144736126065254
1785290253.1781902,0.0,0.0,0.007149728015065193
1785290253.1855252,0.0,0.0,0.007106655975803733
1785290253.1928732,0.0,0.0,0.0071139519568532705
1785290253.2006376,0.0,0.0,0.007533472031354904
1785290253.2091167,0.0,0.0,0.008193280082195997
1785290253.2165065,0.0,0.0,0.007141535868868232
1785290253.2238789,0.0,0.0,0.007137760054320097
1785290253.2312965,0.0,0.0,0.007188768126070499
1785290253.238917,0.0,0.0,0.007259647827595472
1785290253.246646,0.0,0.0,0.007483391789719462
1785290253.2548437,0.0,0.0,0.007970976177603006
1785290253.2643914,0.0,0.0,0.009053728077560663
1785290253.272342,0.0,0.0,0.007716991938650608
1785290253.2800238,0.0,0.0,0.007450175937265158
1785290253.2880394,0.0,0.0,0.00778601597994566
1785290253.2957194,0.0,0.0,0.007444575894623995
1785290253.3039107,0.0,0.0,0.00796611187979579
1785290253.3122897,0.0,0.0,0.008150367997586727
1785290253.3206453,0.0,0.0,0.008094368036836386
1785290253.3289933,0.0,0.0,0.008108064066618681
1785290253.3370264,0.0,0.0,0.007809408009052277
1785290253.3454027,0.0,0.0,0.008151487912982702
1785290253.3535151,0.0,0.0,0.007887807907536626
1785290253.361421,0.0,0.0,0.007684831973165274
1785290253.3703005,0.0,0.0,0.008653568103909492
1785290253.3784971,0.0,0.0,0.007924640085548162
1785290253.3868132,0.0,0.0,0.008087584050372243
1785290253.3950057,0.0,0.0,0.007964255986735225
1785290253.4030843,0.0,0.0,0.007825600216165185
1785290253.411042,0.0,0.0,0.0077056000009179115
1785290253.4192595,0.0,0.0,0.007973184110596776
1785290253.4314759,0.0,0.0,0.011993792140856385
1785290253.4397151,0.0,0.0,0.00798073597252369
1785290253.4478061,0.0,0.0,0.007865216117352247
1785290253.4559987,0.0,0.0,0.007961568189784884
1785290253.4632125,0.0,0.0,0.0069819840136915445
1785290253.470205,0.0,0.0,0.006751935929059982
1785290253.4786735,0.0,0.0,0.00824505602940917
1785290253.4862978,0.0,0.0,0.00739775993861258
1785290253.4941144,0.0,0.0,0.007594527909532189
1785290253.5024147,0.0,0.0,0.008067999966442585
1785290253.5105114,0.0,0.0,0.007869855966418982
1785290253.518636,0.0,0.0,0.007901343982666731
1785290253.5263777,0.0,0.0,0.007520448183640838
1785290253.5348687,0.0,0.0,0.008266079938039184
1785290253.5427265,0.0,0.0,0.0076324481051415205
1785290253.5508447,0.0,0.0,0.007896383991464972
1785290253.559306,0.0,0.0,0.008239103946834803
1785290253.5671263,0.0,0.0,0.007605280028656125
1785290253.575618,0.0,0.0,0.008272928185760975
1785290253.5833929,0.0,0.0,0.007550048176199198
1785290253.591799,0.0,0.0,0.008189856074750423
1785290253.60028,0.0,0.0,0.00825792015530169
1785290253.6085727,0.0,0.0,0.008065312169492245
1785290253.6171064,0.0,0.0,0.008305152179673314
1785290253.6253865,0.0,0.0,0.008045247988775373
1785290253.6336207,0.0,0.0,0.008013951824977994
1785290253.6414783,0.0,0.0,0.007636288180947304
1785290253.6499887,0.0,0.0,0.00829075207002461
1785290253.6581395,0.0,0.0,0.007925792131572962
1785290253.6660995,0.0,0.0,0.007737728068605065
1785290253.6718624,0.0,0.0,0.005538495955988765
1785290253.679738,0.0,0.0,0.007648608181625605
1785290253.6880178,0.0,0.0,0.008060127962380648
1785290253.6960893,0.0,0.0,0.007849248126149178
1785290253.704173,0.0,0.0,0.00785942398943007
1785290253.7128127,0.0,0.0,0.007719008019194007
1785290253.7208915,0.0,0.0,0.007856064010411501
1785290253.728955,0.0,0.0,0.007848608074709773
1785290253.7373629,0.0,0.0,0.008181375917047262
1785290253.7454443,0.0,0.0,0.007862336002290249
1785290253.7533517,0.0,0.0,0.007687327917665243
1785290253.761761,0.0,0.0,0.00818854384124279
1785290253.7677212,0.0,0.0,0.005737087922170758
1785290253.7750056,0.0,0.0,0.007051136111840606
1785290253.7829583,0.0,0.0,0.007702592061832547
1785290253.7918293,0.0,0.0,0.008631776086986065
1785290253.801107,0.0,0.0,0.00904681603424251
1785290253.8082407,0.0,0.0,0.006903328001499176
1785290253.8169603,0.0,0.0,0.008495647925883532
1785290253.82505,0.0,0.0,0.007849759887903929
1785290253.8331478,0.0,0.0,0.007863359991461039
1785290253.8409817,0.0,0.0,0.007602303987368941
1785290253.848336,0.0,0.0,0.007123808143660426
1785290253.854357,0.0,0.0,0.005782016087323427
1785290253.8622038,0.0,0.0,0.007626943988725543
1785290253.8709857,0.0,0.0,0.008559999987483025
1785290253.8802872,0.0,0.0,0.009007968008518219
1785290253.8885021,0.0,0.0,0.00798150384798646
1785290253.8963246,0.0,0.0,0.007582495920360088
1785290253.9047992,0.0,0.0,0.00824758387170732
1785290253.9125843,0.0,0.0,0.00755904009565711
1785290253.9211419,0.0,0.0,0.008334815967828035
1785290253.9321308,0.0,0.0,0.010762047953903675
1785290253.940406,0.0,0.0,0.008027232019230723
1785290253.9482353,0.0,0.0,0.007599391974508762
1785290253.9559414,0.0,0.0,0.007476160069927573
1785290253.9616559,0.0,0.0,0.005487679969519377
1785290253.969361,0.0,0.0,0.007482015993446112
1785290253.977474,0.0,0.0,0.007883008103817701
1785290253.9871764,0.0,0.0,0.009467680007219315
1785290253.9953308,0.0,0.0,0.007908159866929054
1785290254.0031252,0.0,0.0,0.00755785615183413
1785290254.01156,0.0,0.0,0.00821280013769865
1785290254.019673,0.0,0.0,0.007895871996879578
1785290254.0274465,0.0,0.0,0.007552159950137138
1785290254.0334272,0.0,0.0,0.005758207989856601
1785290254.0419724,0.0,0.0,0.00833440013229847
1785290254.0501635,0.0,0.0,0.00791923189535737
1785290254.0583713,0.0,0.0,0.007974528009071946
1785290254.0676007,0.0,0.0,0.008997855940833688
1785290254.0757868,0.0,0.0,0.007943232078105211
1785290254.0836182,0.0,0.0,0.00760521600022912
1785290254.092117,0.0,0.0,0.008278336143121123
1785290254.1015942,0.0,0.0,0.009254815988242626
1785290254.109478,0.0,0.0,0.007632256019860506
1785290254.1179473,0.0,0.0,0.008251392049714923
1785290254.1262338,0.0,0.0,0.008057087892666459
1785290254.134493,0.0,0.0,0.008032160112634301
1785290254.1423218,0.0,0.0,0.007612671935930848
1785290254.1514962,0.0,0.0,0.008949408074840903
1785290254.160715,0.0,0.0,0.008949599927291274
1785290254.1688194,0.0,0.0,0.007883135927841067
1785290254.177354,0.0,0.0,0.008297984022647142
1785290254.185212,0.0,0.0,0.007632480002939701
1785290254.1936758,0.0,0.0,0.00823689578101039
1785290254.2013948,0.0,0.0,0.007488640025258064
1785290254.2102342,0.0,0.0,0.008616671897470951
1785290254.2194452,0.0,0.0,0.008947391994297504
1785290254.227529,0.0,0.0,0.007858815835788846
1785290254.2353044,0.0,0.0,0.007557824021205306
1785290254.2434428,0.0,0.0,0.007910592015832663
1785290254.2516968,0.0,0.0,0.008030975935980678
1785290254.2600539,0.0,0.0,0.008130144095048308
1785290254.2696688,0.0,0.0,0.00939055997878313
1785290254.2775316,0.0,0.0,0.0076258559711277485
1785290254.2859635,0.0,0.0,0.008208672050386667
1785290254.2940931,0.0,0.0,0.007904288126155734
1785290254.302293,0.0,0.0,0.007975487969815731
1785290254.310194,0.0,0.0,0.007676991866901517
1785290254.3184137,0.0,0.0,0.00800739205442369
1785290254.3270185,0.0,0.0,0.008372159907594323
1785290254.3322458,0.0,0.0,0.004961376078426838
1785290254.3375926,0.0,0.0,0.005121087888255715
1785290254.34289,0.0,0.0,0.00506297592073679
1785290254.3481932,0.0,0.0,0.0050572799518704414
1785290254.3536994,0.0,0.0,0.005279936129227281
1785290254.358987,0.0,0.0,0.005067263962700963
1785290254.3642976,0.0,0.0,0.005075007909908891
1785290254.3695977,0.0,0.0,0.00507408007979393
1785290254.374875,0.0,0.0,0.005051039857789874
1785290254.3833969,0.0,0.0,0.007643296150490642
1785290254.3889005,0.0,0.0,0.0052572800777852535
1785290254.394231,0.0,0.0,0.005102783907204866
1785290254.399519,0.0,0.0,0.005060576135292649
1785290254.4049406,0.0,0.0,0.005186848109588027
1785290254.4105365,0.0,0.0,0.005367071833461523
1785290254.4159095,0.0,0.0,0.005143040092661977
1785290254.4212275,0.0,0.0,0.005093279993161559
1785290254.4265,0.0,0.0,0.00504553597420454
1785290254.432715,0.0,0.0,0.005991871934384108
1785290254.4403262,0.0,0.0,0.007226751884445548
1785290254.445675,0.0,0.0,0.005107583943754435
1785290254.4535637,0.0,0.0,0.007655615918338299
1785290254.458724,0.0,0.0,0.004918432096019387
1785290254.4640267,0.0,0.0,0.005064351949840784
1785290254.469469,0.0,0.0,0.005221599945798516
1785290254.4747193,0.0,0.0,0.0050240319687873125
1785290254.4800906,0.0,0.0,0.005145376082509756
1785290254.4852166,0.0,0.0,0.004903967957943678
1785290254.4938095,0.0,0.0,0.008374240016564727
1785290254.4990242,0.0,0.0,0.00497036799788475
1785290254.504578,0.0,0.0,0.005290336208418012
1785290254.5099034,0.0,0.0,0.0050935999024659395
1785290254.5152254,0.0,0.0,0.0050955519545823336
1785290254.5203283,0.0,0.0,0.004873440135270357
1785290254.525585,0.0,0.0,0.005038207862526178
1785290254.530879,0.0,0.0,0.005067007848992944
1785290254.5362167,0.0,0.0,0.005096447886899114
1785290254.5414908,0.0,0.0,0.00504803191870451
1785290254.550062,0.0,0.0,0.008345023961737752
1785290254.5557582,0.0,0.0,0.005445408169180155
1785290254.561064,0.0,0.0,0.005072511965408921
1785290254.566371,0.0,0.0,0.0050775359850376844
1785290254.5716782,0.0,0.0,0.005082112038508058
1785290254.577002,0.0,0.0,0.0050959361251443624
1785290254.5822973,0.0,0.0,0.0050630399491637945
1785290254.5876014,0.0,0.0,0.005073599983006716
1785290254.5927162,0.0,0.0,0.00489593599922955
1785290254.5979655,0.0,0.0,0.005024512065574527
1785290254.6065676,0.0,0.0,0.007616159971803427
1785290254.6119618,0.0,0.0,0.005146111827343702
1785290254.6172173,0.0,0.0,0.005023648031055927
1785290254.6225142,0.0,0.0,0.00507660792209208
1785290254.6278164,0.0,0.0,0.005072735948488116
1785290254.6333444,0.0,0.0,0.005300576100125909
1785290254.6385994,0.0,0.0,0.005028863903135061
1785290254.6439445,0.0,0.0,0.005115103907883167
1785290254.6492488,0.0,0.0,0.005077312001958489
1785290254.65511,0.0,0.0,0.005620608106255531
1785290254.6630287,0.0,0.0,0.007610720116645098
1785290254.668512,0.0,0.0,0.005219711922109127
1785290254.6738098,0.0,0.0,0.00506134401075542
1785290254.6791136,0.0,0.0,0.005080831935629249
1785290254.684439,0.0,0.0,0.00508960010483861
1785290254.6897802,0.0,0.0,0.005124415969476104
1785290254.6950252,0.0,0.0,0.005020288052037358
1785290254.7002604,0.0,0.0,0.00498841586522758
1785290254.7053666,0.0,0.0,0.0048904321156442165
1785290254.7116783,0.0,0.0,0.006089119939133525
1785290254.719501,0.0,0.0,0.007430783938616514
1785290254.724836,0.0,0.0,0.00508902408182621
1785290254.7301033,0.0,0.0,0.005047456128522754
1785290254.735365,0.0,0.0,0.005042752018198371
1785290254.740652,0.0,0.0,0.0050664960872381926
1785290254.745771,0.0,0.0,0.004902560031041503
1785290254.7510884,0.0,0.0,0.005094912135973573
1785290254.7563763,0.0,0.0,0.005040512187406421
1785290254.7616825,0.0,0.0,0.005077152047306299
1785290254.7682433,0.0,0.0,0.00634399987757206
1785290254.7759304,0.0,0.0,0.007296416210010648
1785290254.7810788,0.0,0.0,0.004902400076389313
1785290254.7863848,0.0,0.0,0.005081183975562453
1785290254.7918565,0.0,0.0,0.005244031781330705
1785290254.7971184,0.0,0.0,0.005040223943069577
1785290254.8023858,0.0,0.0,0.005041568074375391
1785290254.8076825,0.0,0.0,0.005073247943073511
1785290254.81291,0.0,0.0,0.005002527963370085
1785290254.8181844,0.0,0.0,0.00504921586252749
1785290254.8242676,0.0,0.0,0.005857856012880802
1785290254.8317635,0.0,0.0,0.007052544038742781
1785290254.8371181,0.0,0.0,0.005116191925480962
1785290254.8423886,0.0,0.0,0.005047519924119115
1785290254.8476896,0.0,0.0,0.005069887964054942
1785290254.8529332,0.0,0.0,0.00501859188079834
1785290254.858391,0.0,0.0,0.005234016105532646
1785290254.8636973,0.0,0.0,0.005085279932245612
1785290254.86896,0.0,0.0,0.0050527360290288925
1785290254.8742216,0.0,0.0,0.005039744079113007
1785290254.8807094,0.0,0.0,0.006264159921556711
1785290254.888127,0.0,0.0,0.007024896098300815
1785290254.8936782,0.0,0.0,0.0053095039911568165
1785290254.8989742,0.0,0.0,0.005067872116342187
1785290254.904082,0.0,0.0,0.004850239958614111
1785290254.9094157,0.0,0.0,0.0051153600215911865
1785290254.9147308,0.0,0.0,0.005085631972178817
1785290254.9200501,0.0,0.0,0.005097599932923913
1785290254.9257107,0.0,0.0,0.005435071885585785
1785290254.9308188,0.0,0.0,0.0048756159376353025
1785290254.9375196,0.0,0.0,0.006476863985881209
1785290254.9419184,0.0,0.0,0.004091807873919606
1785290254.944436,0.0,0.0,0.0022853119298815727
1785290254.9476583,0.0,0.0,0.0030062717851251364
1785290254.9518428,0.0,0.0,0.003970719873905182
1785290254.954094,0.0,0.0,0.0020410879515111446
1785290254.9563284,0.0,0.0,0.002023775829002261
1785290254.958557,0.0,0.0,0.0020113280043005943
1785290254.9608288,0.0,0.0,0.0020582082215696573
1785290254.963117,0.0,0.0,0.0020743359345942736
1785290254.965412,0.0,0.0,0.0020662080496549606
1785290254.9676805,0.0,0.0,0.0020497918594628572
1785290254.969979,0.0,0.0,0.002078559948131442
1785290254.9722664,0.0,0.0,0.0020715519785881042
1785290254.9745476,0.0,0.0,0.00206646416336298
1785290254.9768617,0.0,0.0,0.002090752124786377
1785290254.9791157,0.0,0.0,0.002036191988736391
1785290254.9813943,0.0,0.0,0.002055903896689415
1785290254.9836519,0.0,0.0,0.002046592067927122
1785290254.9859185,0.0,0.0,0.0020519038662314415
1785290254.9882555,0.0,0.0,0.0021212161518633366
1785290254.9912944,0.0,0.0,0.0028124479576945305
1785290254.9936738,0.0,0.0,0.0021530238445848227
1785290254.9960802,0.0,0.0,0.002196800196543336
1785290254.9994614,0.0,0.0,0.003162303939461708
1785290255.0017996,0.0,0.0,0.002111647976562381
1785290255.0041263,0.0,0.0,0.002113759983330965
1785290255.006436,0.0,0.0,0.0020907840225845575
1785290255.0087507,0.0,0.0,0.002088576089590788
1785290255.0110705,0.0,0.0,0.0021027519833296537
1785290255.0134122,0.0,0.0,0.002088639885187149
1785290255.0157602,0.0,0.0,0.002128543797880411
1785290255.0180671,0.0,0.0,0.0020772800780832767
1785290255.0204127,0.0,0.0,0.002125311875715852
1785290255.02271,0.0,0.0,0.002078623976558447
1785290255.0250025,0.0,0.0,0.002071392023935914
1785290255.0273182,0.0,0.0,0.0020946559961885214
1785290255.0296042,0.0,0.0,0.00207135989330709
1785290255.0318897,0.0,0.0,0.0020669761579483747
1785290255.0341861,0.0,0.0,0.0020771841518580914
1785290255.03646,0.0,0.0,0.0020566079765558243
1785290255.038739,0.0,0.0,0.002059072023257613
1785290255.041018,0.0,0.0,0.002059584017843008
1785290255.04331,0.0,0.0,0.0020801278296858072
1785290255.0456002,0.0,0.0,0.0020745601505041122
1785290255.0486205,0.0,0.0,0.0027997440192848444
1785290255.0514336,0.0,0.0,0.002583232009783387
1785290255.0552874,0.0,0.0,0.003627487923949957
1785290255.0576394,0.0,0.0,0.002124896040186286
1785290255.059924,0.0,0.0,0.0020608319900929928
1785290255.0621903,0.0,0.0,0.0020405759569257498
1785290255.0644855,0.0,0.0,0.00207196781411767
1785290255.0671961,0.0,0.0,0.0024861758574843407
1785290255.069553,0.0,0.0,0.002115231938660145
1785290255.0719147,0.0,0.0,0.002145472215488553
1785290255.0742188,0.0,0.0,0.002091615926474333
1785290255.076537,0.0,0.0,0.0021046078763902187
1785290255.07877,0.0,0.0,0.002012448152527213
1785290255.0810735,0.0,0.0,0.002087455941364169
1785290255.0833864,0.0,0.0,0.0020933118648827076
1785290255.0856483,0.0,0.0,0.0020386879332363605
1785290255.0879586,0.0,0.0,0.0020889921579509974
1785290255.0902467,0.0,0.0,0.0020652159582823515
1785290255.0925322,0.0,0.0,0.002071712166070938
1785290255.0948246,0.0,0.0,0.0020710399840027094
1785290255.0971591,0.0,0.0,0.0021165439393371344
1785290255.0994813,0.0,0.0,0.0021106561180204153
1785290255.101778,0.0,0.0,0.0020794239826500416
1785290255.10442,0.0,0.0,0.002420959994196892
1785290255.1069114,0.0,0.0,0.002265600021928549
1785290255.1095583,0.0,0.0,0.0024094399996101856
1785290255.1130056,0.0,0.0,0.003220575861632824
1785290255.1154222,0.0,0.0,0.0021873279474675655
1785290255.1177168,0.0,0.0,0.0020749440882354975
1785290255.1200638,0.0,0.0,0.0021215679589658976
1785290255.1223736,0.0,0.0,0.0020869439467787743
1785290255.1246974,0.0,0.0,0.0021024001762270927
1785290255.1269383,0.0,0.0,0.0020254398696124554
1785290255.1292431,0.0,0.0,0.0020652159582823515
1785290255.13158,0.0,0.0,0.0021207360550761223
1785290255.1338806,0.0,0.0,0.002077887998893857
1785290255.1361675,0.0,0.0,0.0020708160009235144
1785290255.1384754,0.0,0.0,0.0020890238229185343
1785290255.1407812,0.0,0.0,0.0020842880476266146
1785290255.1430905,0.0,0.0,0.0020940799731761217
1785290255.1454134,0.0,0.0,0.0020762879867106676
1785290255.147753,0.0,0.0,0.0021176959853619337
1785290255.150026,0.0,0.0,0.0020585600286722183
1785290255.1523306,0.0,0.0,0.002085791900753975
1785290255.1546307,0.0,0.0,0.0020763520151376724
1785290255.1569219,0.0,0.0,0.0020749119576066732
1785290255.159243,0.0,0.0,0.0021005438175052404
1785290255.1622655,0.0,0.0,0.002803232055157423
1785290255.1647968,0.0,0.0,0.0023054720368236303
1785290255.1686442,0.0,0.0,0.003620576113462448
1785290255.1710267,0.0,0.0,0.0021409280598163605
1785290255.17337,0.0,0.0,0.002098208060488105
1785290255.1757154,0.0,0.0,0.002116736024618149
1785290255.1779764,0.0,0.0,0.002045951783657074
1785290255.180351,0.0,0.0,0.0021572799887508154
1785290255.18269,0.0,0.0,0.0021144000347703695
1785290255.1850362,0.0,0.0,0.0021225279197096825
1785290255.1873837,0.0,0.0,0.002123007783666253
1785290255.189695,0.0,0.0,0.0020892161410301924
1785290255.1920066,0.0,0.0,0.0021055680699646473
1785290255.1943133,0.0,0.0,0.0020886720158159733
1785290255.1966295,0.0,0.0,0.0021000320557504892
1785290255.198936,0.0,0.0,0.002088703913614154
1785290255.2012727,0.0,0.0,0.0020975680090487003
1785290255.2035882,0.0,0.0,0.0020921919494867325
1785290255.2058394,0.0,0.0,0.0020303039345890284
1785290255.208115,0.0,0.0,0.002060800092294812
1785290255.210421,0.0,0.0,0.002088800072669983
1785290255.2127366,0.0,0.0,0.002098976168781519
1785290255.215029,0.0,0.0,0.0020791999995708466
1785290255.2173488,0.0,0.0,0.002072863979265094
1785290255.2198663,0.0,0.0,0.0022965120151638985
1785290255.2223759,0.0,0.0,0.002282111905515194
1785290255.2263055,0.0,0.0,0.003703039838001132
1785290255.2286649,0.0,0.0,0.0021295358892530203
1785290255.230943,0.0,0.0,0.002061376115307212
1785290255.2332237,0.0,0.0,0.0020394879393279552
1785290255.2355564,0.0,0.0,0.002108383923768997
1785290255.2378836,0.0,0.0,0.0021035519894212484
1785290255.2402456,0.0,0.0,0.0021465281024575233
1785290255.2425544,0.0,0.0,0.002089248038828373
1785290255.2448988,0.0,0.0,0.002128544030711055
1785290255.2472336,0.0,0.0,0.002114976057782769
1785290255.2495494,0.0,0.0,0.002090815920382738
1785290255.2518897,0.0,0.0,0.0021233598235994577
1785290255.2541912,0.0,0.0,0.002086208201944828
1785290255.256522,0.0,0.0,0.0021079678554087877
1785290255.2588198,0.0,0.0,0.002076095901429653
1785290255.261096,0.0,0.0,0.002057183999568224
1785290255.2634063,0.0,0.0,0.002094624098390341
1785290255.2656827,0.0,0.0,0.00205433601513505
1785290255.267977,0.0,0.0,0.002075296128168702
1785290255.2702096,0.0,0.0,0.0020146560855209827
1785290255.2724652,0.0,0.0,0.0020394239109009504
1785290255.2750556,0.0,0.0,0.0023724159691482782
1785290255.2775645,0.0,0.0,0.0022646719589829445
1785290255.2801092,0.0,0.0,0.0023245438933372498
1785290255.2835727,0.0,0.0,0.003236063988879323
1785290255.285922,0.0,0.0,0.0021211837884038687
1785290255.2882864,0.0,0.0,0.00214460794813931
1785290255.2906115,0.0,0.0,0.0020977919921278954
1785290255.2929463,0.0,0.0,0.0021178240422159433
1785290255.295294,0.0,0.0,0.0021276159677654505
1785290255.2976108,0.0,0.0,0.0020987840835005045
1785290255.2999268,0.0,0.0,0.002098656026646495
1785290255.3022428,0.0,0.0,0.002097024116665125
1785290255.3045352,0.0,0.0,0.0020753280259668827
1785290255.3068218,0.0,0.0,0.002072863979265094
1785290255.30916,0.0,0.0,0.0021192319691181183
1785290255.311443,0.0,0.0,0.002066079992800951
1785290255.3137481,0.0,0.0,0.00208601588383317
1785290255.3160667,0.0,0.0,0.0021021119318902493
1785290255.3183715,0.0,0.0,0.002085600048303604
1785290255.3206797,0.0,0.0,0.0020879998337477446
1785290255.3229818,0.0,0.0,0.002086783992126584
1785290255.3253074,0.0,0.0,0.0020776318851858377
1785290255.3276072,0.0,0.0,0.0020843839738518
1785290255.3299246,0.0,0.0,0.0021003519650548697
1785290255.3327541,0.0,0.0,0.002611008007079363
1785290255.3354828,0.0,0.0,0.002498623915016651
1785290255.339335,0.0,0.0,0.0036173120606690645
1785290255.341662,0.0,0.0,0.002098368015140295
1785290255.3439844,0.0,0.0,0.002106304047629237
1785290255.3462353,0.0,0.0,0.0020311998669058084
1785290255.3485081,0.0,0.0,0.0020569281186908484
1785290255.35083,0.0,0.0,0.002102720085531473
1785290255.353146,0.0,0.0,0.0020978879183530807
1785290255.355456,0.0,0.0,0.0020944641437381506
1785290255.3577473,0.0,0.0,0.002075647935271263
1785290255.3601067,0.0,0.0,0.0021339519880712032
1785290255.3623576,0.0,0.0,0.002035008044913411
1785290255.3647122,0.0,0.0,0.00213039992377162
1785290255.366987,0.0,0.0,0.00205433601513505
1785290255.3694365,0.0,0.0,0.0022011520341038704
1785290255.3717413,0.0,0.0,0.0020845760591328144
1785290255.3740551,0.0,0.0,0.002091136062517762
1785290255.3763397,0.0,0.0,0.0020700159948319197
1785290255.378648,0.0,0.0,0.002084607956930995
1785290255.380912,0.0,0.0,0.002055328106507659
1785290255.3832095,0.0,0.0,0.002083424013108015
1785290255.3854494,0.0,0.0,0.0020236799027770758
1785290255.3881505,0.0,0.0,0.0024849281180649996
1785290255.3906481,0.0,0.0,0.002269119955599308
1785290255.3932831,0.0,0.0,0.002406272105872631
1785290255.3967466,0.0,0.0,0.002168256090953946
1785290255.3990686,0.0,0.0,0.002101951977238059
1785290255.40142,0.0,0.0,0.002084671985358
1785290255.4037044,0.0,0.0,0.0020608960185199976
1785290255.4060326,0.0,0.0,0.002104863990098238
1785290255.4083934,0.0,0.0,0.0021427199244499207
1785290255.4107165,0.0,0.0,0.002101951977238059
1785290255.4130175,0.0,0.0,0.002086176071316004
1785290255.4153662,0.0,0.0,0.002121823839843273
1785290255.4176185,0.0,0.0,0.002033855998888612
1785290255.419939,0.0,0.0,0.0020998078398406506
1785290255.422179,0.0,0.0,0.002019359963014722
1785290255.4244773,0.0,0.0,0.002079807920381427
1785290255.426723,0.0,0.0,0.0020281278993934393
1785290255.429054,0.0,0.0,0.002122943988069892
1785290255.4313483,0.0,0.0,0.002074752002954483
1785290255.4336424,0.0,0.0,0.0020731519907712936
1785290255.4359233,0.0,0.0,0.002063167979940772
1785290255.4382212,0.0,0.0,0.0020792640279978514
1785290255.4405394,0.0,0.0,0.002100992016494274
1785290255.4428341,0.0,0.0,0.0020750078838318586
1785290255.4459627,0.0,0.0,0.002907360205426812
1785290255.448476,0.0,0.0,0.0022870399989187717
1785290255.4522889,0.0,0.0,0.003591551911085844
1785290255.4546566,0.0,0.0,0.0021471038926392794
1785290255.4570346,0.0,0.0,0.0021556478459388018
1785290255.4594073,0.0,0.0,0.002152543980628252
1785290255.4617307,0.0,0.0,0.002096639946103096
1785290255.464028,0.0,0.0,0.0020770879928022623
1785290255.4663377,0.0,0.0,0.0020949761383235455
1785290255.4687133,0.0,0.0,0.0021583361085504293
1785290255.4710426,0.0,0.0,0.0021039678249508142
1785290255.4755225,0.0,0.0,0.004227039869874716
1785290255.4778464,0.0,0.0,0.0020904638804495335
1785290255.4801612,0.0,0.0,0.0020985279697924852
1785290255.4825096,0.0,0.0,0.002125791972503066
1785290255.484857,0.0,0.0,0.0021254399325698614
1785290255.4871833,0.0,0.0,0.002111359965056181
1785290255.4894924,0.0,0.0,0.0020876158960163593
1785290255.4918478,0.0,0.0,0.0021315200719982386
1785290255.494105,0.0,0.0,0.002039327984675765
1785290255.496509,0.0,0.0,0.002188927959650755
1785290255.498819,0.0,0.0,0.002087072003632784
1785290255.5018246,0.0,0.0,0.002787743927910924
1785290255.5043025,0.0,0.0,0.0022596160415560007
1785290255.508242,0.0,0.0,0.003712703939527273
1785290255.5106058,0.0,0.0,0.0021233600564301014
1785290255.5129566,0.0,0.0,0.0021282238885760307
1785290255.515241,0.0,0.0,0.002060096012428403
1785290255.517553,0.0,0.0,0.002087168162688613
1785290255.520276,0.0,0.0,0.002506399992853403
1785290255.5225625,0.0,0.0,0.002063839929178357
1785290255.5248468,0.0,0.0,0.0020714879501610994
1785290255.5271814,0.0,0.0,0.002110975794494152
1785290255.529473,0.0,0.0,0.002062784042209387
1785290255.5318038,0.0,0.0,0.0021132160909473896
1785290255.5341628,0.0,0.0,0.002139840042218566
1785290255.5368292,0.0,0.0,0.0024447361938655376
1785290255.5391593,0.0,0.0,0.002113215858116746
1785290255.5414338,0.0,0.0,0.0020554237999022007
1785290255.5437577,0.0,0.0,0.0021047040354460478
1785290255.5460968,0.0,0.0,0.00205641589127481
1785290255.5484014,0.0,0.0,0.002079552039504051
1785290255.5506713,0.0,0.0,0.0020500801037997007
1785290255.5529728,0.0,0.0,0.0020842240191996098
1785290255.5552573,0.0,0.0,0.002072863979265094
1785290255.5578358,0.0,0.0,0.0023623041342943907
1785290255.560367,0.0,0.0,0.0023055998608469963
1785290255.5628676,0.0,0.0,0.002278015948832035
1785290255.5663106,0.0,0.0,0.0031985598616302013
1785290255.5686593,0.0,0.0,0.002115936018526554
1785290255.5709283,0.0,0.0,0.002048064023256302
1785290255.5732434,0.0,0.0,0.002073792042210698
1785290255.5756123,0.0,0.0,0.0021542080212384462
1785290255.5779328,0.0,0.0,0.0020950399339199066
1785290255.5802915,0.0,0.0,0.0021401280537247658
1785290255.582625,0.0,0.0,0.0021087999921292067
1785290255.58498,0.0,0.0,0.0021321598906069994
1785290255.5873044,0.0,0.0,0.0021074560936540365
1785290255.589579,0.0,0.0,0.00205331202596426
1785290255.5918877,0.0,0.0,0.002092223847284913
1785290255.594215,0.0,0.0,0.0021008960902690887
1785290255.5965362,0.0,0.0,0.0021009279880672693
1785290255.5988398,0.0,0.0,0.0020823681261390448
1785290255.601169,0.0,0.0,0.002104576211422682
1785290255.6034825,0.0,0.0,0.00209769606590271
1785290255.6057706,0.0,0.0,0.002076704055070877
1785290255.6080825,0.0,0.0,0.0020974078215658665
1785290255.6103818,0.0,0.0,0.0020825599785894156
1785290255.6127,0.0,0.0,0.002103008097037673
1785290255.615723,0.0,0.0,0.0028062399942427874
1785290255.6185083,0.0,0.0,0.0025621759705245495
1785290255.6223786,0.0,0.0,0.0036445120349526405
1785290255.6247466,0.0,0.0,0.00214415998198092
1785290255.6270819,0.0,0.0,0.0021122239995747805
1785290255.629426,0.0,0.0,0.0020769599359482527
1785290255.6317794,0.0,0.0,0.002132575958967209
1785290255.634089,0.0,0.0,0.0020948799792677164
1785290255.6364324,0.0,0.0,0.002127808053046465
1785290255.6387448,0.0,0.0,0.0020898880902677774
1785290255.6410751,0.0,0.0,0.002109855879098177
1785290255.6434355,0.0,0.0,0.0021353920456022024
1785290255.6457164,0.0,0.0,0.0020623360760509968
1785290255.6480389,0.0,0.0,0.002104512182995677
1785290255.6502788,0.0,0.0,0.0020188482012599707
1785290255.6525974,0.0,0.0,0.002099712146446109
1785290255.6548905,0.0,0.0,0.002074528019875288
1785290255.6571512,0.0,0.0,0.002017055870965123
1785290255.6594427,0.0,0.0,0.0020731519907712936
1785290255.661692,0.0,0.0,0.0020304641220718622
1785290255.663994,0.0,0.0,0.0020896641071885824
1785290255.6662695,0.0,0.0,0.002051871968433261
1785290255.6685681,0.0,0.0,0.0020824000239372253
1785290255.6711862,0.0,0.0,0.002398112090304494
1785290255.6739094,0.0,0.0,0.002492255996912718
1785290255.6765652,0.0,0.0,0.0024302720557898283
1785290255.6800373,0.0,0.0,0.0032399999909102917
1785290255.682336,0.0,0.0,0.0020721920300275087
1785290255.684659,0.0,0.0,0.0021070721559226513
1785290255.6869693,0.0,0.0,0.0020924159325659275
1785290255.6893172,0.0,0.0,0.0020904000848531723
1785290255.6916595,0.0,0.0,0.0021270078141242266
1785290255.6939857,0.0,0.0,0.0021025920286774635
1785290255.6963065,0.0,0.0,0.002099455799907446
1785290255.6986053,0.0,0.0,0.002085600048303604
1785290255.7008665,0.0,0.0,0.002043647924438119
1785290255.7031996,0.0,0.0,0.0021182079799473286
1785290255.705508,0.0,0.0,0.0020809918642044067
1785290255.7077885,0.0,0.0,0.002060031984001398
1785290255.710076,0.0,0.0,0.0020645440090447664
1785290255.7123575,0.0,0.0,0.0020703680347651243
1785290255.7146604,0.0,0.0,0.0020853758323937654
1785290255.7169847,0.0,0.0,0.0021089278161525726
1785290255.7192886,0.0,0.0,0.0020937600638717413
1785290255.7215805,0.0,0.0,0.002077472163364291
1785290255.7238965,0.0,0.0,0.002100287936627865
1785290255.726132,0.0,0.0,0.0020224321633577347
1785290255.729186,0.0,0.0,0.002830271841958165
1785290255.731884,0.0,0.0,0.0024708800483494997
1785290255.7357752,0.0,0.0,0.003666271921247244
1785290255.738147,0.0,0.0,0.002147295977920294
1785290255.7405133,0.0,0.0,0.0021411199122667313
1785290255.7427924,0.0,0.0,0.0020539199467748404
1785290255.7451315,0.0,0.0,0.002127072075381875
1785290255.7474663,0.0,0.0,0.0021110721863806248
1785290255.7497933,0.0,0.0,0.002101504011079669
1785290255.7521417,0.0,0.0,0.0021312960889190435
1785290255.754467,0.0,0.0,0.0021033280063420534
1785290255.7568045,0.0,0.0,0.002113920170813799
1785290255.759074,0.0,0.0,0.0020477119833230972
1785290255.761403,0.0,0.0,0.002072799950838089
1785290255.7637203,0.0,0.0,0.0020973440259695053
1785290255.7659545,0.0,0.0,0.0020169599447399378
1785290255.7682867,0.0,0.0,0.002112576039507985
1785290255.770565,0.0,0.0,0.002056288067251444
1785290255.7729068,0.0,0.0,0.002110847970470786
1785290255.7752342,0.0,0.0,0.0021073920652270317
1785290255.7775373,0.0,0.0,0.0020803199149668217
1785290255.779869,0.0,0.0,0.0021160640753805637
1785290255.782245,0.0,0.0,0.0021529600489884615
1785290255.785289,0.0,0.0,0.002821984002366662
1785290255.7878044,0.0,0.0,0.002287487965077162
1785290255.791667,0.0,0.0,0.0036421441473066807
1785290255.7940288,0.0,0.0,0.0021326399873942137
1785290255.7963984,0.0,0.0,0.0021478079725056887
1785290255.7987268,0.0,0.0,0.0021060481667518616
1785290255.8010724,0.0,0.0,0.002122048055753112
1785290255.8034375,0.0,0.0,0.00214403192512691
1785290255.8056912,0.0,0.0,0.0020282240584492683
1785290255.8080115,0.0,0.0,0.002100544050335884
1785290255.8103106,0.0,0.0,0.002079680096358061
1785290255.8126109,0.0,0.0,0.0020820479840040207
1785290255.814921,0.0,0.0,0.0020910720340907574
1785290255.8172715,0.0,0.0,0.0021028800401836634
1785290255.8196175,0.0,0.0,0.0021283840760588646
1785290255.8219097,0.0,0.0,0.0020700800232589245
1785290255.824236,0.0,0.0,0.0021091201342642307
1785290255.8265252,0.0,0.0,0.002070880029350519
1785290255.8288999,0.0,0.0,0.002154784044250846
1785290255.8311937,0.0,0.0,0.002069824142381549
1785290255.8337493,0.0,0.0,0.0023321600165218115
1785290255.8360443,0.0,0.0,0.0020742721389979124
1785290255.8383014,0.0,0.0,0.002044159919023514
1785290255.840575,0.0,0.0,0.002059904159978032
1785290255.842974,0.0,0.0,0.002176928101107478
1785290255.8454502,0.0,0.0,0.0022240958642214537
1785290255.8494365,0.0,0.0,0.0037616638001054525
1785290255.8518267,0.0,0.0,0.002160992007702589
1785290255.8541343,0.0,0.0,0.0020878398790955544
1785290255.8564343,0.0,0.0,0.002082528080791235
1785290255.8586733,0.0,0.0,0.002018111990764737
1785290255.8610084,0.0,0.0,0.0021228480618447065
1785290255.8634005,0.0,0.0,0.0021736961789429188
1785290255.8657298,0.0,0.0,0.002105983905494213
1785290255.8680928,0.0,0.0,0.002147071994841099
1785290255.8703673,0.0,0.0,0.002060031984001398
1785290255.8726754,0.0,0.0,0.0020941440016031265
1785290255.8749583,0.0,0.0,0.0020639358554035425
1785290255.8773088,0.0,0.0,0.0021058241836726665
1785290255.879653,0.0,0.0,0.002123200101777911
1785290255.8819344,0.0,0.0,0.002058527898043394
1785290255.8842678,0.0,0.0,0.0021162880584597588
1785290255.8865764,0.0,0.0,0.0020921919494867325
1785290255.888937,0.0,0.0,0.002145216101780534
1785290255.8912604,0.0,0.0,0.0020994239021092653
1785290255.8935301,0.0,0.0,0.00205225613899529
1785290255.8958292,0.0,0.0,0.0020809280686080456
1785290255.8982508,0.0,0.0,0.002205632161349058
1785290255.9009585,0.0,0.0,0.002479040063917637
1785290255.9034445,0.0,0.0,0.0022596479393541813
1785290255.9068696,0.0,0.0,0.003193920012563467
1785290255.9092288,0.0,0.0,0.0021029438357800245
1785290255.9116318,0.0,0.0,0.002183391945436597
1785290255.9139354,0.0,0.0,0.002078335965052247
1785290255.916287,0.0,0.0,0.002133280038833618
1785290255.918617,0.0,0.0,0.0020928638987243176
1785290255.920922,0.0,0.0,0.002086048014461994
1785290255.9232585,0.0,0.0,0.0021152959670871496
1785290255.9255497,0.0,0.0,0.0020739200990647078
1785290255.92788,0.0,0.0,0.0021075517870485783
1785290255.9301875,0.0,0.0,0.002087519969791174
1785290255.9325216,0.0,0.0,0.0021109760273247957
1785290255.9348476,0.0,0.0,0.002099200151860714
1785290255.937152,0.0,0.0,0.0020823359955102205
1785290255.9394886,0.0,0.0,0.0021180480252951384
1785290255.9417422,0.0,0.0,0.0020336639136075974
1785290255.9440668,0.0,0.0,0.0021099201403558254
1785290255.9463608,0.0,0.0,0.0020809280686080456
1785290255.948677,0.0,0.0,0.002097472082823515
1785290255.950967,0.0,0.0,0.002066815970465541
1785290255.9532661,0.0,0.0,0.0020511681213974953
1785290255.95634,0.0,0.0,0.0028577279299497604
1785290255.9590275,0.0,0.0,0.0024653440341353416
1785290255.9626732,0.0,0.0,0.003392607904970646
1785290255.9650817,0.0,0.0,0.0021734079346060753
1785290255.967425,0.0,0.0,0.0021241919603198767
1785290255.9697416,0.0,0.0,0.002098208060488105
1785290255.972075,0.0,0.0,0.0021255039609968662
1785290255.9743881,0.0,0.0,0.0020896638743579388
1785290255.9767125,0.0,0.0,0.0021035841200500727
1785290255.9789832,0.0,0.0,0.0020608960185199976
1785290255.9813242,0.0,0.0,0.0021023040171712637
1785290255.983676,0.0,0.0,0.0021319680381566286
1785290255.986004,0.0,0.0,0.002105408115312457
1785290255.988381,0.0,0.0,0.0021543041802942753
1785290255.9906228,0.0,0.0,0.0020253120455890894
1785290255.9929297,0.0,0.0,0.002093376126140356
1785290255.9952466,0.0,0.0,0.0021010241471230984
1785290255.9975271,0.0,0.0,0.002059424063190818
1785290255.9997816,0.0,0.0,0.0020361279603093863
1785290256.00206,0.0,0.0,0.002058464102447033
1785290256.0043519,0.0,0.0,0.002074240008369088
1785290256.008009,0.0,0.0,0.0034416320268064737
1785290256.0104244,0.0,0.0,0.0021712640300393105
1785290256.0130348,0.0,0.0,0.002378463977947831
1785290256.0156517,0.0,0.0,0.0023901760578155518
1785290256.0191836,0.0,0.0,0.0033029119949787855
1785290256.0215645,0.0,0.0,0.0021365119609981775
1785290256.0239344,0.0,0.0,0.002149695996195078
1785290256.0262766,0.0,0.0,0.0021179199684411287
1785290256.028579,0.0,0.0,0.0020783040672540665
1785290256.0309258,0.0,0.0,0.002115679904818535
1785290256.0332832,0.0,0.0,0.0020917439833283424
1785290256.0356212,0.0,0.0,0.0021195518784224987
1785290256.0379722,0.0,0.0,0.0021255998872220516
1785290256.0403333,0.0,0.0,0.002147167921066284
1785290256.0426383,0.0,0.0,0.002078208141028881
1785290256.0449939,0.0,0.0,0.002138111973181367
1785290256.0473394,0.0,0.0,0.0021248639095574617
1785290256.049669,0.0,0.0,0.002107935957610607
1785290256.0519824,0.0,0.0,0.0020935041829943657
1785290256.0542905,0.0,0.0,0.002086239866912365
1785290256.0565925,0.0,0.0,0.0020875839982181787
1785290256.0588894,0.0,0.0,0.0020818880293518305
1785290256.061158,0.0,0.0,0.0020418560598045588
1785290256.0634427,0.0,0.0,0.002066079992800951
1785290256.0656822,0.0,0.0,0.00202326406724751
1785290256.0694249,0.0,0.0,0.0035223360173404217
1785290256.0719838,0.0,0.0,0.002324288012459874
1785290256.0754642,0.0,0.0,0.0032566399313509464
1785290256.0778122,0.0,0.0,0.0021236478351056576
1785290256.080144,0.0,0.0,0.0021112000104039907
1785290256.0824478,0.0,0.0,0.002086624037474394
1785290256.084786,0.0,0.0,0.0021208638790994883
1785290256.0871353,0.0,0.0,0.00212758406996727
1785290256.089409,0.0,0.0,0.002043232088908553
1785290256.0917447,0.0,0.0,0.0021184319630265236
1785290256.0940483,0.0,0.0,0.0020857600029557943
1785290256.096395,0.0,0.0,0.00212668813765049
1785290256.0987012,0.0,0.0,0.002087552100419998
1785290256.101002,0.0,0.0,0.0020843839738518
1785290256.1033165,0.0,0.0,0.0020965440198779106
1785290256.105613,0.0,0.0,0.0020740798208862543
1785290256.1079268,0.0,0.0,0.002097184071317315
1785290256.1102052,0.0,0.0,0.0020618559792637825
1785290256.1125069,0.0,0.0,0.002084607956930995
1785290256.1147888,0.0,0.0,0.0020627519115805626
1785290256.1171057,0.0,0.0,0.0020957118831574917
1785290256.119398,0.0,0.0,0.0020723200868815184
1785290256.1217008,0.0,0.0,0.0020919679664075375
1785290256.1246283,0.0,0.0,0.0027106557972729206
1785290256.1273432,0.0,0.0,0.002485375851392746
1785290256.1312368,0.0,0.0,0.0036751357838511467
1785290256.133572,0.0,0.0,0.0021048320923000574
1785290256.1359532,0.0,0.0,0.0021635519806295633
1785290256.1382666,0.0,0.0,0.0020893439650535583
1785290256.1406102,0.0,0.0,0.0021175357978791
1785290256.1428728,0.0,0.0,0.00203939201310277
1785290256.1452296,0.0,0.0,0.002137887990102172
1785290256.1476011,0.0,0.0,0.0021471360232681036
1785290256.1498992,0.0,0.0,0.0020838079508394003
1785290256.1522496,0.0,0.0,0.0021360639948397875
1785290256.1545517,0.0,0.0,0.0020822719670832157
1785290256.156867,0.0,0.0,0.002099551958963275
1785290256.1591876,0.0,0.0,0.002099551958963275
1785290256.1615112,0.0,0.0,0.0020925120916217566
1785290256.163845,0.0,0.0,0.0021207360550761223
1785290256.1661413,0.0,0.0,0.002078880090266466
1785290256.1684256,0.0,0.0,0.002072128001600504
1785290256.1707463,0.0,0.0,0.00210214382968843
1785290256.1730661,0.0,0.0,0.0020963200367987156
1785290256.1754014,0.0,0.0,0.0021159041207283735
1785290256.1777012,0.0,0.0,0.0020791359711438417
1785290256.180669,0.0,0.0,0.002749471925199032
1785290256.1834168,0.0,0.0,0.0025267840828746557
1785290256.187263,0.0,0.0,0.0036214401479810476
1785290256.189611,0.0,0.0,0.0021190079860389233
1785290256.1919591,0.0,0.0,0.002128415973857045
1785290256.1942334,0.0,0.0,0.002053439849987626
1785290256.1966407,0.0,0.0,0.0021870399359613657
1785290256.198965,0.0,0.0,0.0021021119318902493
1785290256.2013228,0.0,0.0,0.0020953919738531113
1785290256.2035997,0.0,0.0,0.00205596792511642
1785290256.205856,0.0,0.0,0.0020366718526929617
1785290256.2082114,0.0,0.0,0.002142527839168906
1785290256.2105474,0.0,0.0,0.002108768094331026
1785290256.2128634,0.0,0.0,0.0021016320679336786
1785290256.2151983,0.0,0.0,0.0021164158824831247
1785290256.2174976,0.0,0.0,0.0020756160374730825
1785290256.2198353,0.0,0.0,0.0021233600564301014
1785290256.222073,0.0,0.0,0.0020234240218997
1785290256.2243395,0.0,0.0,0.0020476479548960924
1785290256.2266343,0.0,0.0,0.002074463991448283
1785290256.2288878,0.0,0.0,0.002037311904132366
1785290256.2311926,0.0,0.0,0.002090655965730548
1785290256.2334898,0.0,0.0,0.0020681279711425304
1785290256.2361186,0.0,0.0,0.0024118078872561455
1785290256.2388122,0.0,0.0,0.0024696961045265198
1785290256.2413979,0.0,0.0,0.00236716796644032
1785290256.2448692,0.0,0.0,0.0032483520917594433
1785290256.2472076,0.0,0.0,0.0021157439332455397
1785290256.249544,0.0,0.0,0.0021065599285066128
1785290256.2518625,0.0,0.0,0.00209948793053627
1785290256.2542045,0.0,0.0,0.002127135870978236
1785290256.2565403,0.0,0.0,0.002117407973855734
1785290256.258829,0.0,0.0,0.002071936149150133
1785290256.2611308,0.0,0.0,0.002083039842545986
1785290256.2634737,0.0,0.0,0.0021282879170030355
1785290256.2657585,0.0,0.0,0.0020622399169951677
1785290256.268049,0.0,0.0,0.0020782400388270617
1785290256.270322,0.0,0.0,0.0020525120198726654
1785290256.2726235,0.0,0.0,0.002081312006339431
1785290256.2748854,0.0,0.0,0.0020481280516833067
1785290256.2771916,0.0,0.0,0.002074463991448283
1785290256.2794745,0.0,0.0,0.002066239947453141
1785290256.281752,0.0,0.0,0.0020587199833244085
1785290256.2840009,0.0,0.0,0.0020284801721572876
1785290256.2862966,0.0,0.0,0.0020767359528690577
1785290256.2886078,0.0,0.0,0.0020934080239385366
1785290256.2908862,0.0,0.0,0.002056351862847805
1785290256.293856,0.0,0.0,0.0027319039218127728
1785290256.2964866,0.0,0.0,0.0024065598845481873
1785290256.3004034,0.0,0.0,0.0036863998975604773
1785290256.3027163,0.0,0.0,0.0020848000422120094
1785290256.3051357,0.0,0.0,0.0021944642066955566
1785290256.3074837,0.0,0.0,0.002124832011759281
1785290256.3098066,0.0,0.0,0.002105087973177433
1785290256.312153,0.0,0.0,0.002124799881130457
1785290256.3144722,0.0,0.0,0.002101215999573469
1785290256.316805,0.0,0.0,0.0021165120415389538
1785290256.319149,0.0,0.0,0.0021184319630265236
1785290256.3214192,0.0,0.0,0.0020474239718168974
1785290256.3237453,0.0,0.0,0.0021080318838357925
1785290256.325995,0.0,0.0,0.0020296000875532627
1785290256.3282418,0.0,0.0,0.002032351912930608
1785290256.3304899,0.0,0.0,0.0020341118797659874
1785290256.3328311,0.0,0.0,0.0021222401410341263
1785290256.3351433,0.0,0.0,0.0020978881511837244
1785290256.3374493,0.0,0.0,0.002082080114632845
1785290256.3396988,0.0,0.0,0.002033344004303217
1785290256.3419921,0.0,0.0,0.002076319884508848
1785290256.3443182,0.0,0.0,0.002104640007019043
1785290256.3466115,0.0,0.0,0.002077887998893857
1785290256.3489492,0.0,0.0,0.0021149117965251207
1785290256.351619,0.0,0.0,0.0024458239786326885
1785290256.3542206,0.0,0.0,0.0023745601065456867
1785290256.3577163,0.0,0.0,0.0032702400349080563
1785290256.3600993,0.0,0.0,0.0021557759027928114
1785290256.3624074,0.0,0.0,0.002084032166749239
1785290256.3647454,0.0,0.0,0.002121248049661517
1785290256.3670547,0.0,0.0,0.002082655904814601
1785290256.3694384,0.0,0.0,0.0021114880219101906
1785290256.371762,0.0,0.0,0.0021001920104026794
1785290256.3740723,0.0,0.0,0.0020917439833283424
1785290256.3764021,0.0,0.0,0.00211308803409338
1785290256.3786488,0.0,0.0,0.002029984025284648
1785290256.3809466,0.0,0.0,0.002082207938656211
1785290256.3832831,0.0,0.0,0.002118240110576153
1785290256.3855538,0.0,0.0,0.002047519898042083
1785290256.3878267,0.0,0.0,0.002052479889243841
1785290256.3901289,0.0,0.0,0.0020860801450908184
1785290256.392473,0.0,0.0,0.0021252480801194906
1785290256.3947663,0.0,0.0,0.002076447941362858
1785290256.3970387,0.0,0.0,0.002055167919024825
1785290256.3993695,0.0,0.0,0.0021162880584597588
1785290256.4015994,0.0,0.0,0.002014528028666973
1785290256.4039085,0.0,0.0,0.002087776083499193
1785290256.4065065,0.0,0.0,0.0023783359210938215
1785290256.4091082,0.0,0.0,0.0023782080970704556
1785290256.4115806,0.0,0.0,0.0022433921694755554
1785290256.4150577,0.0,0.0,0.003253920003771782
1785290256.4175086,0.0,0.0,0.002179584000259638
1785290256.4198256,0.0,0.0,0.0020854719914495945
1785290256.4221141,0.0,0.0,0.0020693440455943346
1785290256.4244401,0.0,0.0,0.002111519919708371
1785290256.4267242,0.0,0.0,0.002068032044917345
1785290256.4290543,0.0,0.0,0.0021152000408619642
1785290256.4313405,0.0,0.0,0.002066239947453141
1785290256.4336286,0.0,0.0,0.002071680035442114
1785290256.43595,0.0,0.0,0.0021082558669149876
1785290256.4382715,0.0,0.0,0.002100320067256689
1785290256.4405622,0.0,0.0,0.002088191919028759
1785290256.442824,0.0,0.0,0.002042304025962949
1785290256.4451296,0.0,0.0,0.0020893760956823826
1785290256.4474485,0.0,0.0,0.0020944320131093264
1785290256.449743,0.0,0.0,0.002071839990094304
1785290256.4520562,0.0,0.0,0.002092160051688552
1785290256.4543517,0.0,0.0,0.002078272169455886
1785290256.4566853,0.0,0.0,0.0021191679406911135
1785290256.4590073,0.0,0.0,0.002098495839163661
1785290256.4612901,0.0,0.0,0.0020415999460965395
1785290256.4642344,0.0,0.0,0.0027279360219836235
1785290256.4668133,0.0,0.0,0.002356255892664194
1785290256.4707408,0.0,0.0,0.003705279901623726
1785290256.4731362,0.0,0.0,0.002166719874367118
1785290256.4754837,0.0,0.0,0.0021280639339238405
1785290256.477783,0.0,0.0,0.0020741440821439028
1785290256.4801118,0.0,0.0,0.0021118398290127516
1785290256.4824386,0.0,0.0,0.0021044800523668528
1785290256.4847,0.0,0.0,0.0020438400097191334
1785290256.4869604,0.0,0.0,0.0020433920435607433
1785290256.4892843,0.0,0.0,0.002078015822917223
1785290256.491585,0.0,0.0,0.0020833599846810102
1785290256.4939058,0.0,0.0,0.002106144092977047
1785290256.4989698,0.0,0.0,0.004841536050662398
1785290256.5013685,0.0,0.0,0.0021339841187000275
1785290256.5036693,0.0,0.0,0.002090976107865572
1785290256.505946,0.0,0.0,0.002071007853373885
1785290256.5083134,0.0,0.0,0.002150815911591053
1785290256.5105908,0.0,0.0,0.00205775978974998
1785290256.512922,0.0,0.0,0.0021146240178495646
1785290256.5152252,0.0,0.0,0.002096703974530101
1785290256.517529,0.0,0.0,0.002087295986711979
1785290256.5202544,0.0,0.0,0.0025112000294029713
1785290256.5227487,0.0,0.0,0.00227763201110065
1785290256.525197,0.0,0.0,0.0022309760097414255
1785290256.5287035,0.0,0.0,0.003284288104623556
1785290256.5310593,0.0,0.0,0.0021288639400154352
1785290256.5334425,0.0,0.0,0.00211382401175797
1785290256.5357625,0.0,0.0,0.002103583887219429
1785290256.5380611,0.0,0.0,0.0020742719061672688
1785290256.5404205,0.0,0.0,0.0021351680625230074
1785290256.5427408,0.0,0.0,0.0020987840835005045
1785290256.5450566,0.0,0.0,0.00209977594204247
1785290256.54739,0.0,0.0,0.002115552080795169
1785290256.54969,0.0,0.0,0.0020831681322306395
1785290256.5519896,0.0,0.0,0.0020842880476266146
1785290256.5542736,0.0,0.0,0.0020605442114174366
1785290256.5565755,0.0,0.0,0.002078335965052247
1785290256.5588858,0.0,0.0,0.002087392145767808
1785290256.5612123,0.0,0.0,0.002086048014461994
1785290256.5635216,0.0,0.0,0.0020912957843393087
1785290256.5658023,0.0,0.0,0.002064127940684557
1785290256.5680737,0.0,0.0,0.002059584017843008
1785290256.5703452,0.0,0.0,0.002053983975201845
1785290256.5726657,0.0,0.0,0.0021035519894212484
1785290256.574901,0.0,0.0,0.0020219520665705204
1785290256.5779865,0.0,0.0,0.002850464079529047
1785290256.5804875,0.0,0.0,0.0022818560246378183
1785290256.584395,0.0,0.0,0.003690335899591446
1785290256.5867279,0.0,0.0,0.002105632098391652
1785290256.5890348,0.0,0.0,0.0020907199941575527
1785290256.5913775,0.0,0.0,0.002132127992808819
1785290256.593704,0.0,0.0,0.0021067520137876272
1785290256.5960374,0.0,0.0,0.00211280002258718
1785290256.598315,0.0,0.0,0.0020675521809607744
1785290256.6006417,0.0,0.0,0.0021110400557518005
1785290256.602911,0.0,0.0,0.0020548158790916204
1785290256.6052465,0.0,0.0,0.0020942401606589556
1785290256.6075745,0.0,0.0,0.002110111992806196
1785290256.6098723,0.0,0.0,0.002077696146443486
1785290256.6122398,0.0,0.0,0.0021514238324016333
1785290256.6145482,0.0,0.0,0.0020858559291809797
1785290256.6168394,0.0,0.0,0.0020727680530399084
1785290256.6191142,0.0,0.0,0.0020564161241054535
1785290256.6214345,0.0,0.0,0.0020895679481327534
1785290256.62377,0.0,0.0,0.0021159681491553783
1785290256.6260533,0.0,0.0,0.002064896048977971
1785290256.6283576,0.0,0.0,0.002098815981298685
1785290256.6306565,0.0,0.0,0.0020768640097230673
1785290256.633306,0.0,0.0,0.0024332478642463684
1785290256.635862,0.0,0.0,0.0023277760483324528
1785290256.6383586,0.0,0.0,0.0022731521166861057
1785290256.6418562,0.0,0.0,0.0032736961729824543
1785290256.6442556,0.0,0.0,0.002174304099753499
1785290256.6466248,0.0,0.0,0.0021456321701407433
1785290256.6489866,0.0,0.0,0.002137760166078806
1785290256.6512854,0.0,0.0,0.002087455941364169
1785290256.653601,0.0,0.0,0.0020933118648827076
1785290256.6560884,0.0,0.0,0.002268895972520113
1785290256.6584294,0.0,0.0,0.0021127681247889996
1785290256.660762,0.0,0.0,0.002114368136972189
1785290256.66307,0.0,0.0,0.0020863681565970182
1785290256.6654158,0.0,0.0,0.002096191979944706
1785290256.6677008,0.0,0.0,0.0020700159948319197
1785290256.6700094,0.0,0.0,0.002088927896693349
1785290256.6723545,0.0,0.0,0.002132287947461009
1785290256.6746619,0.0,0.0,0.0020857921335846186
1785290256.6769574,0.0,0.0,0.0020738239400088787
1785290256.6792002,0.0,0.0,0.0020319682080298662
1785290256.6814742,0.0,0.0,0.0020558082032948732
1785290256.683787,0.0,0.0,0.0020984320435673
1785290256.68605,0.0,0.0,0.0020451839081943035
1785290256.688342,0.0,0.0,0.002076223958283663
1785290256.6913152,0.0,0.0,0.0027652480639517307
1785290256.6937237,0.0,0.0,0.002186112105846405
1785290256.6975744,0.0,0.0,0.003628703998401761
1785290256.699957,0.0,0.0,0.0021484799217432737
1785290256.7022865,0.0,0.0,0.0021022080909460783
1785290256.7046206,0.0,0.0,0.0021119040902704
1785290256.70693,0.0,0.0,0.002090655965730548
1785290256.709283,0.0,0.0,0.002119616139680147
1785290256.7116141,0.0,0.0,0.0021083198953419924
1785290256.7139192,0.0,0.0,0.0020820158533751965
1785290256.7163444,0.0,0.0,0.0022039678879082203
1785290256.7186139,0.0,0.0,0.002049792092293501
1785290256.7213314,0.0,0.0,0.002499552210792899
1785290256.7236476,0.0,0.0,0.0020920319948345423
1785290256.7259696,0.0,0.0,0.0021009279880672693
1785290256.7283247,0.0,0.0,0.002133695874363184
1785290256.7306354,0.0,0.0,0.002093600109219551
1785290256.7329705,0.0,0.0,0.0021122561302036047
1785290256.735318,0.0,0.0,0.002127199899405241
1785290256.7376287,0.0,0.0,0.002087455941364169
1785290256.7399487,0.0,0.0,0.002104575978592038
1785290256.7422383,0.0,0.0,0.0020773441065102816
1785290256.7445714,0.0,0.0,0.0021163520868867636
1785290256.7475712,0.0,0.0,0.00278476788662374
1785290256.7501135,0.0,0.0,0.0023110718466341496
1785290256.75382,0.0,0.0,0.0034829438664019108
1785290256.7562218,0.0,0.0,0.00217168009839952
1785290256.758539,0.0,0.0,0.0021007040049880743
1785290256.7608864,0.0,0.0,0.002135584130883217
1785290256.7632368,0.0,0.0,0.002130656037479639
1785290256.7655058,0.0,0.0,0.002045823959633708
1785290256.7678566,0.0,0.0,0.002128288149833679
1785290256.7701986,0.0,0.0,0.0021240960340946913
1785290256.7725248,0.0,0.0,0.002113184193149209
1785290256.7748053,0.0,0.0,0.0020650560036301613
1785290256.7771463,0.0,0.0,0.002122111851349473
1785290256.7794828,0.0,0.0,0.002118464093655348
1785290256.7817824,0.0,0.0,0.0020792961586266756
1785290256.7841275,0.0,0.0,0.00212876801379025
1785290256.7864459,0.0,0.0,0.002095423871651292
1785290256.788882,0.0,0.0,0.0022200639359652996
1785290256.7911856,0.0,0.0,0.0020854398608207703
1785290256.793421,0.0,0.0,0.002023839857429266
1785290256.7957492,0.0,0.0,0.002112479880452156
1785290256.7980404,0.0,0.0,0.0020741759799420834
1785290256.8003178,0.0,0.0,0.002072511939331889
1785290256.8032758,0.0,0.0,0.0027392320334911346
1785290256.8058522,0.0,0.0,0.0023491200990974903
1785290256.8097246,0.0,0.0,0.003644287819042802
1785290256.8121026,0.0,0.0,0.002145312028005719
1785290256.8144224,0.0,0.0,0.00209859199821949
1785290256.8167644,0.0,0.0,0.0021192319691181183
1785290256.8190548,0.0,0.0,0.0020684159826487303
1785290256.8214035,0.0,0.0,0.002097024116665125
