time,in_time,out_time,inference_time
1785290167.0131087,0.0,0.0,0.002343199968338013
1785290167.0158465,0.0,0.0,0.002330847978591919
1785290167.0186107,0.0,0.0,0.002352384090423584
1785290167.0213752,0.0,0.0,0.002373023986816406
1785290167.0240815,0.0,0.0,0.0023168959617614745
1785290167.0267937,0.0,0.0,0.002324352025985718
1785290167.029516,0.0,0.0,0.0023132801055908204
1785290167.0322096,0.0,0.0,0.0022999680042266844
1785290167.0348716,0.0,0.0,0.002271903991699219
1785290167.0375829,0.0,0.0,0.0023009920120239257
1785290167.040315,0.0,0.0,0.0023406078815460204
1785290167.0430036,0.0,0.0,0.0023010880947113036
1785290167.0457573,0.0,0.0,0.0023380160331726075
1785290167.048536,0.0,0.0,0.002382911920547485
1785290167.0525944,0.0,0.0,0.0036594560146331785
1785290167.0553877,0.0,0.0,0.002397792100906372
1785290167.0581336,0.0,0.0,0.0023496639728546142
1785290167.0608978,0.0,0.0,0.0023741440773010253
1785290167.063614,0.0,0.0,0.002325023889541626
1785290167.0663207,0.0,0.0,0.0023147199153900145
1785290167.069068,0.0,0.0,0.00236627197265625
1785290167.071798,0.0,0.0,0.0023386240005493163
1785290167.074511,0.0,0.0,0.00230732798576355
1785290167.0772035,0.0,0.0,0.002303136110305786
1785290167.079883,0.0,0.0,0.0022887680530548097
1785290167.082579,0.0,0.0,0.0023118400573730468
1785290167.085282,0.0,0.0,0.0023179519176483154
1785290167.0880055,0.0,0.0,0.0023377280235290527
1785290167.0906553,0.0,0.0,0.0022646079063415527
1785290167.09341,0.0,0.0,0.002368000030517578
1785290167.0988526,0.0,0.0,0.005045152187347412
1785290167.1019003,0.0,0.0,0.002583904027938843
1785290167.1047814,0.0,0.0,0.0024795839786529543
1785290167.1090136,0.0,0.0,0.0038368000984191895
1785290167.1118562,0.0,0.0,0.002442784070968628
1785290167.1146326,0.0,0.0,0.002379487991333008
1785290167.1174226,0.0,0.0,0.0024035520553588865
1785290167.1202583,0.0,0.0,0.002449376106262207
1785290167.1230226,0.0,0.0,0.0023709120750427244
1785290167.1258297,0.0,0.0,0.002397792100906372
1785290167.1291008,0.0,0.0,0.0028834240436553956
1785290167.1321006,0.0,0.0,0.0026046080589294434
1785290167.1350205,0.0,0.0,0.0025240321159362795
1785290167.138008,0.0,0.0,0.0025801279544830323
1785290167.1409297,0.0,0.0,0.002527519941329956
1785290167.1438754,0.0,0.0,0.002555423974990845
1785290167.1467447,0.0,0.0,0.002473599910736084
1785290167.1497395,0.0,0.0,0.002558847904205322
1785290167.152656,0.0,0.0,0.0025270719528198244
1785290167.1556036,0.0,0.0,0.002548736095428467
1785290167.158529,0.0,0.0,0.002519999980926514
1785290167.1625364,0.0,0.0,0.003611007928848267
1785290167.1654606,0.0,0.0,0.0025180480480194094
1785290167.1684184,0.0,0.0,0.002555392026901245
1785290167.171334,0.0,0.0,0.002523808002471924
1785290167.1741748,0.0,0.0,0.002452064037322998
1785290167.1770606,0.0,0.0,0.0025030078887939454
1785290167.179969,0.0,0.0,0.002517632007598877
1785290167.1828399,0.0,0.0,0.002480479955673218
1785290167.1857493,0.0,0.0,0.002482304096221924
1785290167.1886213,0.0,0.0,0.0024805440902709963
1785290167.1915033,0.0,0.0,0.0024908480644226074
1785290167.1943736,0.0,0.0,0.0024790079593658447
1785290167.1972735,0.0,0.0,0.0025044479370117186
1785290167.2001526,0.0,0.0,0.0024878079891204833
1785290167.2029998,0.0,0.0,0.0024515199661254883
1785290167.2058666,0.0,0.0,0.0024491519927978514
1785290167.2087388,0.0,0.0,0.0024822399616241456
1785290167.211623,0.0,0.0,0.002490015983581543
1785290167.2145228,0.0,0.0,0.002499488115310669
1785290167.2182832,0.0,0.0,0.0033722240924835205
1785290167.2212038,0.0,0.0,0.00253004789352417
1785290167.2240999,0.0,0.0,0.002503040075302124
1785290167.2270007,0.0,0.0,0.002505055904388428
1785290167.2298896,0.0,0.0,0.0024792640209198
1785290167.2327971,0.0,0.0,0.002513920068740845
1785290167.2356875,0.0,0.0,0.0024960639476776124
1785290167.2385595,0.0,0.0,0.0024729280471801757
1785290167.2414722,0.0,0.0,0.002520384073257446
1785290167.24437,0.0,0.0,0.0025091838836669923
1785290167.247237,0.0,0.0,0.0024755840301513674
1785290167.2501385,0.0,0.0,0.0025029759407043457
1785290167.2530267,0.0,0.0,0.002495840072631836
1785290167.2559142,0.0,0.0,0.002500096082687378
1785290167.258754,0.0,0.0,0.0024514238834381103
1785290167.2616622,0.0,0.0,0.0025004479885101316
1785290167.2645447,0.0,0.0,0.002497567892074585
1785290167.26743,0.0,0.0,0.0024983038902282716
1785290167.270354,0.0,0.0,0.0025252799987792967
1785290167.2740712,0.0,0.0,0.003309119939804077
1785290167.2769673,0.0,0.0,0.0024925758838653563
1785290167.2798507,0.0,0.0,0.0024927361011505126
1785290167.282729,0.0,0.0,0.002484127998352051
1785290167.2856104,0.0,0.0,0.0024758720397949218
1785290167.2884903,0.0,0.0,0.002488095998764038
1785290167.2913954,0.0,0.0,0.0025145280361175536
1785290167.2942624,0.0,0.0,0.002465856075286865
1785290167.2971156,0.0,0.0,0.002466655969619751
1785290167.2999613,0.0,0.0,0.0024504640102386475
1785290167.302835,0.0,0.0,0.0024844479560852052
1785290167.3057363,0.0,0.0,0.0024836161136627195
1785290167.3086357,0.0,0.0,0.0025144639015197753
1785290167.3115246,0.0,0.0,0.0025039360523223878
1785290167.3143885,0.0,0.0,0.0024753599166870118
1785290167.3173282,0.0,0.0,0.0025470080375671385
1785290167.3202267,0.0,0.0,0.0025069119930267334
1785290167.3231208,0.0,0.0,0.002482975959777832
1785290167.3259792,0.0,0.0,0.0024600639343261717
1785290167.32966,0.0,0.0,0.0032903358936309814
1785290167.3325489,0.0,0.0,0.002491744041442871
1785290167.3354409,0.0,0.0,0.0025014400482177733
1785290167.338303,0.0,0.0,0.002470495939254761
1785290167.3411782,0.0,0.0,0.0024823360443115236
1785290167.3440568,0.0,0.0,0.0024847359657287596
1785290167.346909,0.0,0.0,0.002461344003677368
1785290167.3498194,0.0,0.0,0.002497344017028809
1785290167.35273,0.0,0.0,0.002515552043914795
1785290167.3556142,0.0,0.0,0.002489343881607056
1785290167.3584993,0.0,0.0,0.0024894399642944338
1785290167.3613846,0.0,0.0,0.0024905600547790526
1785290167.3642793,0.0,0.0,0.0025058560371398926
1785290167.367156,0.0,0.0,0.002491039991378784
1785290167.3700757,0.0,0.0,0.0025270719528198244
1785290167.3729644,0.0,0.0,0.0024997119903564452
1785290167.3758507,0.0,0.0,0.0024943358898162843
1785290167.37871,0.0,0.0,0.0024670400619506835
1785290167.3816144,0.0,0.0,0.0025084800720214843
1785290167.3853526,0.0,0.0,0.0022671999931335447
1785290167.388259,0.0,0.0,0.0025083839893341063
1785290167.3911111,0.0,0.0,0.0024499518871307375
1785290167.3939633,0.0,0.0,0.002448767900466919
1785290167.3968194,0.0,0.0,0.0024693760871887208
1785290167.39968,0.0,0.0,0.002471935987472534
1785290167.402521,0.0,0.0,0.002445055961608887
1785290167.4054067,0.0,0.0,0.0025001280307769777
1785290167.4083223,0.0,0.0,0.002524768114089966
1785290167.4112005,0.0,0.0,0.0024887359142303465
1785290167.4140668,0.0,0.0,0.002469183921813965
1785290167.4169917,0.0,0.0,0.0025350399017333982
1785290167.419887,0.0,0.0,0.002505151987075806
1785290167.422764,0.0,0.0,0.0024824960231781008
1785290167.4256387,0.0,0.0,0.002462784051895142
1785290167.428491,0.0,0.0,0.0024607040882110597
1785290167.431387,0.0,0.0,0.0025040640830993654
1785290167.4342864,0.0,0.0,0.0025068159103393555
1785290167.43719,0.0,0.0,0.002513535976409912
1785290167.4409273,0.0,0.0,0.0024642879962921142
1785290167.4437888,0.0,0.0,0.0024672319889068603
1785290167.4466085,0.0,0.0,0.002426111936569214
1785290167.4494991,0.0,0.0,0.002496767997741699
1785290167.4524033,0.0,0.0,0.0025091519355773927
1785290167.4552784,0.0,0.0,0.0024816000461578367
1785290167.4581165,0.0,0.0,0.0024431679248809813
1785290167.4610007,0.0,0.0,0.0024999680519104004
1785290167.4638689,0.0,0.0,0.0024701759815216064
1785290167.4667382,0.0,0.0,0.0024684159755706788
1785290167.4696014,0.0,0.0,0.0024540801048278807
1785290167.4724822,0.0,0.0,0.002487744092941284
1785290167.4754233,0.0,0.0,0.0025498559474945066
1785290167.4782686,0.0,0.0,0.002456415891647339
1785290167.4811811,0.0,0.0,0.0025166399478912353
1785290167.4840658,0.0,0.0,0.002498080015182495
1785290167.486901,0.0,0.0,0.002436095952987671
1785290167.4898016,0.0,0.0,0.002485568046569824
1785290167.4937582,0.0,0.0,0.003558016061782837
1785290167.4966984,0.0,0.0,0.002533951997756958
1785290167.499573,0.0,0.0,0.002482975959777832
1785290167.5024292,0.0,0.0,0.0024611198902130126
1785290167.505327,0.0,0.0,0.0025102078914642336
1785290167.5082252,0.0,0.0,0.002507296085357666
1785290167.5111306,0.0,0.0,0.002497247934341431
1785290167.5140076,0.0,0.0,0.0024746239185333254
1785290167.5169363,0.0,0.0,0.0025360000133514402
1785290167.5198472,0.0,0.0,0.0025107839107513428
1785290167.5227175,0.0,0.0,0.0024732799530029297
1785290167.5255852,0.0,0.0,0.0024537599086761476
1785290167.5284603,0.0,0.0,0.0024862399101257325
1785290167.5313566,0.0,0.0,0.002505919933319092
1785290167.5342407,0.0,0.0,0.0024942400455474855
1785290167.537139,0.0,0.0,0.0025078721046447754
1785290167.5400121,0.0,0.0,0.0024846398830413816
1785290167.5428655,0.0,0.0,0.0024591999053955077
1785290167.5457692,0.0,0.0,0.002487135887145996
1785290167.5495393,0.0,0.0,0.0033784639835357667
1785290167.5524473,0.0,0.0,0.002505919933319092
1785290167.5553377,0.0,0.0,0.002498176097869873
1785290167.5581827,0.0,0.0,0.002452863931655884
1785290167.5610785,0.0,0.0,0.0025048320293426514
1785290167.5639553,0.0,0.0,0.0024853119850158692
1785290167.5668278,0.0,0.0,0.0024737279415130613
1785290167.56973,0.0,0.0,0.002481920003890991
1785290167.5726106,0.0,0.0,0.0024909119606018066
1785290167.575487,0.0,0.0,0.002482784032821655
1785290167.5783422,0.0,0.0,0.0024617600440979006
1785290167.5812159,0.0,0.0,0.0024882559776306153
1785290167.5840893,0.0,0.0,0.002480639934539795
1785290167.586918,0.0,0.0,0.0024378559589385987
1785290167.5897906,0.0,0.0,0.0024625279903411866
1785290167.5926313,0.0,0.0,0.002452672004699707
1785290167.5955174,0.0,0.0,0.002495455980300903
1785290167.5983822,0.0,0.0,0.002468800067901611
1785290167.6012852,0.0,0.0,0.00250217604637146
1785290167.604664,0.0,0.0,0.002985503911972046
1785290167.6075654,0.0,0.0,0.002500864028930664
1785290167.6104364,0.0,0.0,0.0024736640453338625
1785290167.6133168,0.0,0.0,0.0024959359169006348
1785290167.6162314,0.0,0.0,0.0025211200714111326
1785290167.6190896,0.0,0.0,0.0024629440307617186
1785290167.6219625,0.0,0.0,0.0024564480781555176
1785290167.6248126,0.0,0.0,0.0024635839462280274
1785290167.6276789,0.0,0.0,0.002476639986038208
1785290167.6305115,0.0,0.0,0.002444256067276001
1785290167.6333892,0.0,0.0,0.0024853758811950685
1785290167.636282,0.0,0.0,0.0025
1785290167.6391606,0.0,0.0,0.002490976095199585
1785290167.6420178,0.0,0.0,0.0024721920490264893
1785290167.6449177,0.0,0.0,0.0025097599029541015
1785290167.647808,0.0,0.0,0.0025038399696350098
1785290167.6506712,0.0,0.0,0.002474720001220703
1785290167.653589,0.0,0.0,0.002519968032836914
1785290167.6564872,0.0,0.0,0.002498208045959473
1785290167.6601307,0.0,0.0,0.003254784107208252
1785290167.6630385,0.0,0.0,0.002503999948501587
1785290167.6659827,0.0,0.0,0.002525151968002319
1785290167.668879,0.0,0.0,0.0024998080730438232
1785290167.6717803,0.0,0.0,0.002509632110595703
1785290167.674637,0.0,0.0,0.002460832118988037
1785290167.6775007,0.0,0.0,0.002467839956283569
1785290167.6803758,0.0,0.0,0.002486112117767334
1785290167.6832762,0.0,0.0,0.0025097920894622803
1785290167.6861176,0.0,0.0,0.002452224016189575
1785290167.6889985,0.0,0.0,0.00248963189125061
1785290167.691893,0.0,0.0,0.0025085439682006835
1785290167.694811,0.0,0.0,0.0025226879119873047
1785290167.6977365,0.0,0.0,0.002485152006149292
1785290167.700639,0.0,0.0,0.0025129919052124024
1785290167.7035358,0.0,0.0,0.002505728006362915
1785290167.7064028,0.0,0.0,0.002475231885910034
1785290167.7093105,0.0,0.0,0.0025174078941345213
1785290167.7122335,0.0,0.0,0.0025345919132232666
1785290167.7159178,0.0,0.0,0.003284192085266113
1785290167.7187934,0.0,0.0,0.0024823999404907228
1785290167.7216864,0.0,0.0,0.0024771199226379394
1785290167.724577,0.0,0.0,0.0024999680519104004
1785290167.7274551,0.0,0.0,0.0024917120933532714
1785290167.7303545,0.0,0.0,0.002501919984817505
1785290167.733256,0.0,0.0,0.0025144319534301757
1785290167.7361538,0.0,0.0,0.0025035839080810546
1785290167.7390141,0.0,0.0,0.0024640638828277587
1785290167.741911,0.0,0.0,0.0024824318885803224
1785290167.7448077,0.0,0.0,0.002503135919570923
1785290167.7476947,0.0,0.0,0.002495903968811035
1785290167.7505472,0.0,0.0,0.002465536117553711
1785290167.75347,0.0,0.0,0.0025334720611572266
1785290167.7563279,0.0,0.0,0.0024699840545654296
1785290167.7591817,0.0,0.0,0.0024684159755706788
1785290167.762044,0.0,0.0,0.002470240116119385
1785290167.7649345,0.0,0.0,0.002502271890640259
1785290167.7678835,0.0,0.0,0.002551680088043213
1785290167.7717004,0.0,0.0,0.0034200000762939454
1785290167.77462,0.0,0.0,0.0025156800746917725
1785290167.7775292,0.0,0.0,0.00252124810218811
1785290167.780457,0.0,0.0,0.0025367999076843263
1785290167.7833433,0.0,0.0,0.0024969279766082764
1785290167.7862077,0.0,0.0,0.0024721601009368896
1785290167.7890909,0.0,0.0,0.0024981439113616944
1785290167.7919836,0.0,0.0,0.0025055038928985594
1785290167.7948194,0.0,0.0,0.002448575973510742
1785290167.7977319,0.0,0.0,0.0025034880638122557
1785290167.8006256,0.0,0.0,0.0024948160648345947
1785290167.8034642,0.0,0.0,0.0024530560970306395
1785290167.8063843,0.0,0.0,0.0025174720287322997
1785290167.809316,0.0,0.0,0.002539616107940674
1785290167.8122225,0.0,0.0,0.00251913595199585
1785290167.8150861,0.0,0.0,0.002470720052719116
1785290167.817887,0.0,0.0,0.002392640113830566
1785290167.8207798,0.0,0.0,0.002510240077972412
1785290167.8236783,0.0,0.0,0.0025104320049285887
1785290167.827741,0.0,0.0,0.0036665918827056884
1785290167.8306687,0.0,0.0,0.002533983945846558
1785290167.8335836,0.0,0.0,0.0025266880989074708
1785290167.836475,0.0,0.0,0.00249945592880249
1785290167.8393488,0.0,0.0,0.0024876799583435057
1785290167.8422308,0.0,0.0,0.0024861440658569336
1785290167.8451247,0.0,0.0,0.002507744073867798
1785290167.84802,0.0,0.0,0.002500704050064087
1785290167.8508763,0.0,0.0,0.0024623360633850098
1785290167.853717,0.0,0.0,0.0024314560890197753
1785290167.856618,0.0,0.0,0.002511552095413208
1785290167.859493,0.0,0.0,0.002484800100326538
1785290167.862357,0.0,0.0,0.0024706239700317384
1785290167.865258,0.0,0.0,0.0025167040824890137
1785290167.8681326,0.0,0.0,0.002491552114486694
1785290167.8709707,0.0,0.0,0.0024450240135192873
1785290167.8738594,0.0,0.0,0.0024758079051971434
1785290167.8768084,0.0,0.0,0.002559904098510742
1785290167.8808074,0.0,0.0,0.0036007039546966553
1785290167.8837295,0.0,0.0,0.0025105280876159667
1785290167.8866048,0.0,0.0,0.0024870080947875977
1785290167.8895087,0.0,0.0,0.0025128319263458252
1785290167.8923786,0.0,0.0,0.0024876799583435057
1785290167.895239,0.0,0.0,0.0024760639667510986
1785290167.8981135,0.0,0.0,0.0024790399074554443
1785290167.9009812,0.0,0.0,0.0024874560832977297
1785290167.9038603,0.0,0.0,0.0024936320781707762
1785290167.9067228,0.0,0.0,0.0024709439277648924
1785290167.9096568,0.0,0.0,0.002524127960205078
1785290167.912561,0.0,0.0,0.002509216070175171
1785290167.9154592,0.0,0.0,0.0025036160945892333
1785290167.9183335,0.0,0.0,0.002487071990966797
1785290167.9212828,0.0,0.0,0.0025499520301818846
1785290167.9241784,0.0,0.0,0.002504159927368164
1785290167.927129,0.0,0.0,0.002542367935180664
1785290167.9300337,0.0,0.0,0.00250217604637146
1785290167.9329488,0.0,0.0,0.0025211200714111326
1785290167.936661,0.0,0.0,0.0033179199695587158
1785290167.9395916,0.0,0.0,0.002528287887573242
1785290167.9424584,0.0,0.0,0.0024828159809112548
1785290167.945353,0.0,0.0,0.002507551908493042
1785290167.9482498,0.0,0.0,0.0025111041069030763
1785290167.9511435,0.0,0.0,0.0025034239292144773
1785290167.9539938,0.0,0.0,0.002456608057022095
1785290167.956858,0.0,0.0,0.0024750080108642577
1785290167.9597585,0.0,0.0,0.0025094079971313475
1785290167.9626663,0.0,0.0,0.0025113279819488524
1785290167.9655592,0.0,0.0,0.0025032639503479006
1785290167.9684222,0.0,0.0,0.0024749441146850585
1785290167.9713182,0.0,0.0,0.002511039972305298
1785290167.9742043,0.0,0.0,0.0024953920841217043
1785290167.9770687,0.0,0.0,0.00247760009765625
1785290167.9799526,0.0,0.0,0.0024951040744781495
1785290167.9828465,0.0,0.0,0.0025050880908966066
1785290167.9857428,0.0,0.0,0.0024837760925292968
1785290167.9886603,0.0,0.0,0.0025192959308624266
1785290167.9922583,0.0,0.0,0.0032078719139099123
1785290167.9951541,0.0,0.0,0.0024921278953552247
1785290167.9980414,0.0,0.0,0.0024931199550628663
1785290168.0009198,0.0,0.0,0.0024875519275665285
1785290168.003805,0.0,0.0,0.0024949119091033935
1785290168.0066562,0.0,0.0,0.0024612159729003906
1785290168.009542,0.0,0.0,0.002497152090072632
1785290168.0124261,0.0,0.0,0.002499488115310669
1785290168.0153296,0.0,0.0,0.002510240077972412
1785290168.0181916,0.0,0.0,0.002462752103805542
1785290168.021084,0.0,0.0,0.0025075199604034423
1785290168.0239563,0.0,0.0,0.002481055974960327
1785290168.026796,0.0,0.0,0.0024515199661254883
1785290168.02969,0.0,0.0,0.002480799913406372
1785290168.0325649,0.0,0.0,0.0024918720722198486
1785290168.0354483,0.0,0.0,0.002495743989944458
1785290168.038296,0.0,0.0,0.002455904006958008
1785290168.0412273,0.0,0.0,0.0025454399585723877
1785290168.0441155,0.0,0.0,0.002492192029953003
1785290168.047697,0.0,0.0,0.0031828479766845704
1785290168.050585,0.0,0.0,0.002492608070373535
1785290168.053469,0.0,0.0,0.002500096082687378
1785290168.0563674,0.0,0.0,0.0025085439682006835
1785290168.05923,0.0,0.0,0.0024772799015045166
1785290168.0620756,0.0,0.0,0.0024562559127807616
1785290168.0649269,0.0,0.0,0.002469727993011475
1785290168.0678406,0.0,0.0,0.0025241599082946775
1785290168.070678,0.0,0.0,0.002452928066253662
1785290168.0735939,0.0,0.0,0.0025241599082946775
1785290168.076493,0.0,0.0,0.0025137920379638672
1785290168.0793974,0.0,0.0,0.002517535924911499
1785290168.0822732,0.0,0.0,0.00248419189453125
1785290168.0851693,0.0,0.0,0.0025069758892059327
1785290168.0879858,0.0,0.0,0.0024305601119995117
1785290168.090803,0.0,0.0,0.0024312319755554197
1785290168.093667,0.0,0.0,0.002455071926116943
1785290168.0965545,0.0,0.0,0.002504415988922119
1785290168.099462,0.0,0.0,0.002513727903366089
1785290168.1031473,0.0,0.0,0.0032905919551849366
1785290168.1060371,0.0,0.0,0.0024837119579315184
1785290168.1088698,0.0,0.0,0.0024442241191864012
1785290168.1117494,0.0,0.0,0.002496095895767212
1785290168.114603,0.0,0.0,0.002465183973312378
1785290168.1175153,0.0,0.0,0.0025232000350952147
1785290168.120406,0.0,0.0,0.0025066239833831786
1785290168.1233246,0.0,0.0,0.0025315840244293213
1785290168.1261866,0.0,0.0,0.0024712960720062256
1785290168.1290588,0.0,0.0,0.002481823921203613
1785290168.131927,0.0,0.0,0.002481920003890991
1785290168.1347728,0.0,0.0,0.002455071926116943
1785290168.1376522,0.0,0.0,0.0024652481079101562
1785290168.1405613,0.0,0.0,0.0025111680030822756
1785290168.1434016,0.0,0.0,0.002449120044708252
1785290168.146249,0.0,0.0,0.0024650559425354003
1785290168.1491244,0.0,0.0,0.0024872000217437745
1785290168.1520452,0.0,0.0,0.0025287361145019532
1785290168.1549418,0.0,0.0,0.0024908161163330078
1785290168.1586478,0.0,0.0,0.0032881278991699217
1785290168.1615045,0.0,0.0,0.002463072061538696
1785290168.16439,0.0,0.0,0.0025008320808410645
1785290168.1672614,0.0,0.0,0.0024820480346679687
1785290168.1701207,0.0,0.0,0.002476480007171631
1785290168.1730201,0.0,0.0,0.002517280101776123
1785290168.1759086,0.0,0.0,0.0025004479885101316
1785290168.1787884,0.0,0.0,0.0024917759895324706
1785290168.181687,0.0,0.0,0.0024986560344696044
1785290168.1845806,0.0,0.0,0.002508671998977661
1785290168.1874828,0.0,0.0,0.0024952640533447267
1785290168.190354,0.0,0.0,0.0024868159294128417
1785290168.1932337,0.0,0.0,0.002486720085144043
1785290168.1961179,0.0,0.0,0.0024895040988922117
1785290168.1990345,0.0,0.0,0.002533056020736694
1785290168.2018912,0.0,0.0,0.002450432062149048
1785290168.204779,0.0,0.0,0.0025048000812530518
1785290168.2076771,0.0,0.0,0.0025117759704589844
1785290168.2105749,0.0,0.0,0.0025031681060791017
1785290168.2142475,0.0,0.0,0.003269279956817627
1785290168.2171502,0.0,0.0,0.00251094388961792
1785290168.2200212,0.0,0.0,0.002481760025024414
1785290168.2228909,0.0,0.0,0.0024748480319976805
1785290168.2258124,0.0,0.0,0.002508768081665039
1785290168.2287035,0.0,0.0,0.002499743938446045
1785290168.231561,0.0,0.0,0.002467711925506592
1785290168.2344534,0.0,0.0,0.0025003199577331545
1785290168.2373567,0.0,0.0,0.0025176639556884766
1785290168.2403347,0.0,0.0,0.0025904319286346434
1785290168.2432761,0.0,0.0,0.0025443201065063477
1785290168.246131,0.0,0.0,0.0024606080055236818
1785290168.2490113,0.0,0.0,0.002493727922439575
1785290168.25192,0.0,0.0,0.0025131518840789797
1785290168.254827,0.0,0.0,0.0025168321132659913
1785290168.2577271,0.0,0.0,0.002495327949523926
1785290168.2606182,0.0,0.0,0.002508512020111084
1785290168.2634873,0.0,0.0,0.0024753599166870118
1785290168.2663565,0.0,0.0,0.0024779839515686034
1785290168.2701244,0.0,0.0,0.002511136054992676
1785290168.2730045,0.0,0.0,0.0024888319969177245
1785290168.2759016,0.0,0.0,0.0025061440467834474
1785290168.2788086,0.0,0.0,0.002514208078384399
1785290168.2817101,0.0,0.0,0.0024834558963775636
1785290168.2845728,0.0,0.0,0.0024750399589538574
1785290168.2874606,0.0,0.0,0.0025043840408325193
1785290168.2903366,0.0,0.0,0.0024858241081237792
1785290168.2932415,0.0,0.0,0.002520319938659668
1785290168.2961237,0.0,0.0,0.002496767997741699
1785290168.2989783,0.0,0.0,0.0024645440578460695
1785290168.301818,0.0,0.0,0.0024361920356750486
1785290168.304701,0.0,0.0,0.0024959359169006348
1785290168.3076136,0.0,0.0,0.0025292799472808837
1785290168.3104935,0.0,0.0,0.002490367889404297
1785290168.3134086,0.0,0.0,0.0025146241188049316
1785290168.3163147,0.0,0.0,0.002521984100341797
1785290168.3192668,0.0,0.0,0.0025542399883270264
1785290168.3229058,0.0,0.0,0.0032381439208984376
1785290168.3258283,0.0,0.0,0.0024868159294128417
1785290168.328664,0.0,0.0,0.0024452478885650633
1785290168.3315814,0.0,0.0,0.0025343360900878906
1785290168.3344765,0.0,0.0,0.002505536079406738
1785290168.337384,0.0,0.0,0.002517024040222168
1785290168.3402786,0.0,0.0,0.0025070080757141114
1785290168.3431332,0.0,0.0,0.0024614720344543458
1785290168.3460412,0.0,0.0,0.002510688066482544
1785290168.3489163,0.0,0.0,0.002485856056213379
1785290168.3518333,0.0,0.0,0.0025232000350952147
1785290168.3547008,0.0,0.0,0.0024791040420532227
1785290168.3576105,0.0,0.0,0.0025198400020599366
1785290168.3605216,0.0,0.0,0.0025161280632019045
1785290168.3634114,0.0,0.0,0.002493920087814331
1785290168.3662643,0.0,0.0,0.0024619200229644774
1785290168.3691397,0.0,0.0,0.0024828159809112548
1785290168.37198,0.0,0.0,0.0024567039012908937
1785290168.3749065,0.0,0.0,0.002534559965133667
1785290168.3786554,0.0,0.0,0.0033384959697723387
1785290168.3815503,0.0,0.0,0.0024906239509582518
1785290168.3844328,0.0,0.0,0.0024935359954833983
1785290168.3873472,0.0,0.0,0.0025222721099853514
1785290168.3902185,0.0,0.0,0.002475071907043457
1785290168.393132,0.0,0.0,0.0025196800231933594
1785290168.3960059,0.0,0.0,0.0024884159564971925
1785290168.3988793,0.0,0.0,0.0024816319942474363
1785290168.401772,0.0,0.0,0.002475167989730835
1785290168.4046462,0.0,0.0,0.002487744092941284
1785290168.4075344,0.0,0.0,0.0024981439113616944
1785290168.4103978,0.0,0.0,0.002473632097244263
1785290168.4132595,0.0,0.0,0.002477663993835449
1785290168.4161277,0.0,0.0,0.002482304096221924
1785290168.4189992,0.0,0.0,0.0024820480346679687
1785290168.4218543,0.0,0.0,0.0024377601146698
1785290168.4247234,0.0,0.0,0.002480384111404419
1785290168.427578,0.0,0.0,0.0024682559967041016
1785290168.4304705,0.0,0.0,0.002496095895767212
1785290168.4340832,0.0,0.0,0.003218751907348633
1785290168.4369884,0.0,0.0,0.0025067520141601562
1785290168.439902,0.0,0.0,0.002520064115524292
1785290168.442752,0.0,0.0,0.0024618880748748777
1785290168.4456108,0.0,0.0,0.002447743892669678
1785290168.4484966,0.0,0.0,0.0025023360252380373
1785290168.4513812,0.0,0.0,0.002494591951370239
1785290168.4542305,0.0,0.0,0.0024620161056518554
1785290168.4570885,0.0,0.0,0.0024666240215301515
1785290168.4599626,0.0,0.0,0.00246889591217041
1785290168.4627988,0.0,0.0,0.002454848051071167
1785290168.4657168,0.0,0.0,0.002506304025650024
1785290168.468628,0.0,0.0,0.0025187840461730958
1785290168.471501,0.0,0.0,0.002488287925720215
1785290168.4744074,0.0,0.0,0.0025146241188049316
1785290168.477306,0.0,0.0,0.002518656015396118
1785290168.4801579,0.0,0.0,0.0024600958824157713
1785290168.4830587,0.0,0.0,0.0025135679244995116
1785290168.4860024,0.0,0.0,0.0025251200199127195
1785290168.4893596,0.0,0.0,0.002968287944793701
1785290168.4922817,0.0,0.0,0.002533600091934204
1785290168.4951925,0.0,0.0,0.0025219519138336183
1785290168.4980795,0.0,0.0,0.002495807886123657
1785290168.5009577,0.0,0.0,0.0024911999702453614
1785290168.503841,0.0,0.0,0.0024938879013061523
1785290168.5067255,0.0,0.0,0.0024977600574493408
1785290168.5096385,0.0,0.0,0.002508512020111084
1785290168.5125651,0.0,0.0,0.0025359039306640627
1785290168.515462,0.0,0.0,0.002503360033035278
1785290168.5183132,0.0,0.0,0.0024524800777435303
1785290168.5212207,0.0,0.0,0.002518496036529541
1785290168.5241082,0.0,0.0,0.0025001280307769777
1785290168.5270011,0.0,0.0,0.0025026240348815917
1785290168.5298853,0.0,0.0,0.0024704320430755616
1785290168.5327644,0.0,0.0,0.0024935998916625975
1785290168.535642,0.0,0.0,0.002489824056625366
1785290168.5385118,0.0,0.0,0.0024792959690093995
1785290168.5413914,0.0,0.0,0.0024916160106658934
1785290168.5446784,0.0,0.0,0.002897855997085571
1785290168.5476067,0.0,0.0,0.0025344319343566894
1785290168.5504932,0.0,0.0,0.0025029759407043457
1785290168.553382,0.0,0.0,0.002508608102798462
1785290168.556286,0.0,0.0,0.002515039920806885
1785290168.5591772,0.0,0.0,0.002496608018875122
1785290168.562029,0.0,0.0,0.002454655885696411
1785290168.5649266,0.0,0.0,0.0025140159130096437
1785290168.5678253,0.0,0.0,0.002511807918548584
1785290168.570702,0.0,0.0,0.0024879040718078613
1785290168.5735855,0.0,0.0,0.0024952640533447267
1785290168.5764456,0.0,0.0,0.002471776008605957
1785290168.5794177,0.0,0.0,0.0025906240940093994
1785290168.5822728,0.0,0.0,0.0024653120040893555
1785290168.585183,0.0,0.0,0.002520576000213623
1785290168.5880735,0.0,0.0,0.0025026240348815917
1785290168.5908916,0.0,0.0,0.002423487901687622
1785290168.593798,0.0,0.0,0.0024912960529327394
1785290168.5967538,0.0,0.0,0.0025597438812255857
1785290168.6001055,0.0,0.0,0.0029532160758972167
1785290168.6029952,0.0,0.0,0.00249401593208313
1785290168.6059241,0.0,0.0,0.0025119359493255616
1785290168.6088367,0.0,0.0,0.0025263359546661376
1785290168.6117504,0.0,0.0,0.002521728038787842
1785290168.6146243,0.0,0.0,0.002480639934539795
1785290168.6175416,0.0,0.0,0.002522144079208374
1785290168.6203654,0.0,0.0,0.0024421119689941404
1785290168.6232193,0.0,0.0,0.0024624640941619874
1785290168.6260815,0.0,0.0,0.002476288080215454
1785290168.6289763,0.0,0.0,0.002508863925933838
1785290168.6318598,0.0,0.0,0.0024997119903564452
1785290168.6347191,0.0,0.0,0.0024750399589538574
1785290168.6376214,0.0,0.0,0.0025149760246276857
1785290168.6405163,0.0,0.0,0.00250163197517395
1785290168.6433914,0.0,0.0,0.002489151954650879
1785290168.6462762,0.0,0.0,0.0024915199279785154
1785290168.6491644,0.0,0.0,0.002505248069763184
1785290168.6521134,0.0,0.0,0.0025583040714263917
1785290168.6557577,0.0,0.0,0.0032559359073638917
1785290168.658655,0.0,0.0,0.0024994239807128904
1785290168.6615467,0.0,0.0,0.0025059518814086914
1785290168.6644263,0.0,0.0,0.0024961600303649903
1785290168.6673205,0.0,0.0,0.0025034880638122557
1785290168.6702125,0.0,0.0,0.002507136106491089
1785290168.6731,0.0,0.0,0.002497983932495117
1785290168.6759772,0.0,0.0,0.0024870400428771973
1785290168.6788485,0.0,0.0,0.0024865601062774656
1785290168.6817687,0.0,0.0,0.0025084800720214843
1785290168.6846645,0.0,0.0,0.0025092480182647707
1785290168.6875322,0.0,0.0,0.0024760639667510986
1785290168.690408,0.0,0.0,0.002488192081451416
1785290168.6933105,0.0,0.0,0.0025139520168304444
1785290168.6962082,0.0,0.0,0.002504256010055542
1785290168.6990604,0.0,0.0,0.002464672088623047
1785290168.7019558,0.0,0.0,0.0024807679653167723
1785290168.7048993,0.0,0.0,0.002561887979507446
1785290168.707815,0.0,0.0,0.002526047945022583
1785290168.7114296,0.0,0.0,0.0032249279022216796
1785290168.7143006,0.0,0.0,0.0024754559993743898
1785290168.7172198,0.0,0.0,0.0025219519138336183
1785290168.7201347,0.0,0.0,0.0025217599868774415
1785290168.7229455,0.0,0.0,0.0024227519035339355
1785290168.7258165,0.0,0.0,0.0024583680629730225
1785290168.728701,0.0,0.0,0.0025011200904846193
1785290168.7315588,0.0,0.0,0.0024749441146850585
1785290168.7344732,0.0,0.0,0.0025277760028839112
1785290168.7373974,0.0,0.0,0.002534208059310913
1785290168.7402353,0.0,0.0,0.002452608108520508
1785290168.743125,0.0,0.0,0.0024915199279785154
1785290168.746019,0.0,0.0,0.002502943992614746
1785290168.7489178,0.0,0.0,0.0025048000812530518
1785290168.7517734,0.0,0.0,0.0024704639911651612
1785290168.7546198,0.0,0.0,0.002464767932891846
1785290168.7575464,0.0,0.0,0.0025383999347686767
1785290168.7604637,0.0,0.0,0.002525536060333252
1785290168.763387,0.0,0.0,0.0025288960933685305
1785290168.7670374,0.0,0.0,0.0032592320442199705
1785290168.7699492,0.0,0.0,0.0024994239807128904
1785290168.7728105,0.0,0.0,0.002481055974960327
1785290168.7757065,0.0,0.0,0.0025120320320129396
1785290168.7785635,0.0,0.0,0.0024693760871887208
1785290168.7814517,0.0,0.0,0.002505376100540161
1785290168.784362,0.0,0.0,0.0025277760028839112
1785290168.7872884,0.0,0.0,0.0025391039848327635
1785290168.7900963,0.0,0.0,0.0024161601066589357
1785290168.793,0.0,0.0,0.0025199360847473146
1785290168.795925,0.0,0.0,0.002541536092758179
1785290168.798813,0.0,0.0,0.0024931199550628663
1785290168.8016496,0.0,0.0,0.0024287359714508057
1785290168.8045113,0.0,0.0,0.0024793920516967775
1785290168.8073878,0.0,0.0,0.002490367889404297
1785290168.8102667,0.0,0.0,0.0024945600032806395
1785290168.813158,0.0,0.0,0.002504479885101318
1785290168.816058,0.0,0.0,0.0025157759189605713
1785290168.8189507,0.0,0.0,0.0024977920055389404
1785290168.8225331,0.0,0.0,0.003166431903839111
1785290168.825428,0.0,0.0,0.00250543999671936
1785290168.8283086,0.0,0.0,0.0025007998943328857
1785290168.8311696,0.0,0.0,0.0024749119281768798
1785290168.8340163,0.0,0.0,0.00245743989944458
1785290168.836911,0.0,0.0,0.002500607967376709
1785290168.839758,0.0,0.0,0.0024605119228363038
1785290168.8426137,0.0,0.0,0.0024737920761108397
1785290168.8455334,0.0,0.0,0.0025324480533599853
1785290168.8484085,0.0,0.0,0.002488703966140747
1785290168.851264,0.0,0.0,0.002468991994857788
1785290168.8541057,0.0,0.0,0.0024522879123687743
1785290168.8569477,0.0,0.0,0.002458048105239868
1785290168.8598425,0.0,0.0,0.0025029759407043457
1785290168.8627179,0.0,0.0,0.0024906558990478514
1785290168.8656158,0.0,0.0,0.002512671947479248
1785290168.868444,0.0,0.0,0.0024418559074401856
1785290168.8713436,0.0,0.0,0.002511264085769653
1785290168.8742359,0.0,0.0,0.0024991679191589357
1785290168.877864,0.0,0.0,0.003237247943878174
1785290168.8807042,0.0,0.0,0.0024464640617370605
1785290168.8835819,0.0,0.0,0.0024809279441833495
1785290168.8864193,0.0,0.0,0.0024511361122131346
1785290168.8893275,0.0,0.0,0.0025189120769500734
1785290168.8922167,0.0,0.0,0.002505536079406738
1785290168.8950791,0.0,0.0,0.002482304096221924
1785290168.8979828,0.0,0.0,0.0024979519844055176
1785290168.9008312,0.0,0.0,0.0024679040908813475
1785290168.9037066,0.0,0.0,0.0024859840869903564
1785290168.9065688,0.0,0.0,0.002469727993011475
1785290168.9094405,0.0,0.0,0.002486464023590088
1785290168.9123256,0.0,0.0,0.0024984641075134276
1785290168.9151683,0.0,0.0,0.002448960065841675
1785290168.9180481,0.0,0.0,0.002489151954650879
1785290168.9208784,0.0,0.0,0.002451200008392334
1785290168.9237685,0.0,0.0,0.0024990079402923584
1785290168.926652,0.0,0.0,0.0024912960529327394
1785290168.9296348,0.0,0.0,0.0025946879386901855
1785290168.9334202,0.0,0.0,0.0033856000900268557
1785290168.9363034,0.0,0.0,0.002489408016204834
1785290168.9391952,0.0,0.0,0.002504672050476074
1785290168.9420588,0.0,0.0,0.0024717121124267576
1785290168.9449456,0.0,0.0,0.0024967999458312988
1785290168.9478478,0.0,0.0,0.0025086400508880615
1785290168.950732,0.0,0.0,0.0024894399642944338
1785290168.953644,0.0,0.0,0.0025046401023864746
1785290168.9565358,0.0,0.0,0.002508608102798462
1785290168.9593894,0.0,0.0,0.0024615681171417238
1785290168.9622471,0.0,0.0,0.002472896099090576
1785290168.965134,0.0,0.0,0.0025004799365997313
1785290168.9680183,0.0,0.0,0.0024924800395965574
1785290168.9709036,0.0,0.0,0.002501823902130127
1785290168.9737997,0.0,0.0,0.002484287977218628
1785290168.9766505,0.0,0.0,0.0024592959880828857
1785290168.979585,0.0,0.0,0.0025511040687561035
1785290168.9824755,0.0,0.0,0.002499743938446045
1785290168.9853983,0.0,0.0,0.002526943922042847
1785290168.9891903,0.0,0.0,0.002600895881652832
1785290168.992127,0.0,0.0,0.002543936014175415
1785290168.9949446,0.0,0.0,0.0024292480945587156
1785290168.997833,0.0,0.0,0.002492095947265625
1785290169.000729,0.0,0.0,0.0025114879608154296
1785290169.0035822,0.0,0.0,0.0024672000408172607
1785290169.0064187,0.0,0.0,0.0024506239891052247
1785290169.0092478,0.0,0.0,0.002448224067687988
1785290169.0121589,0.0,0.0,0.0025277760028839112
1785290169.0150325,0.0,0.0,0.0024792640209198
1785290169.0179656,0.0,0.0,0.002511136054992676
1785290169.0208716,0.0,0.0,0.002515360116958618
1785290169.0237641,0.0,0.0,0.0024989120960235596
1785290169.0266604,0.0,0.0,0.002506495952606201
1785290169.0295537,0.0,0.0,0.0025051839351654054
1785290169.0324497,0.0,0.0,0.0024997758865356445
1785290169.0353508,0.0,0.0,0.0025067520141601562
1785290169.0382597,0.0,0.0,0.0025184640884399413
1785290169.041918,0.0,0.0,0.0032694079875946044
1785290169.04486,0.0,0.0,0.002535775899887085
1785290169.0477295,0.0,0.0,0.0024876160621643065
1785290169.0506003,0.0,0.0,0.002478496074676514
1785290169.0534902,0.0,0.0,0.0025037438869476318
1785290169.056357,0.0,0.0,0.002478303909301758
1785290169.0592358,0.0,0.0,0.002491071939468384
1785290169.0621283,0.0,0.0,0.002504512071609497
1785290169.0650165,0.0,0.0,0.0025005760192871093
1785290169.0678642,0.0,0.0,0.0024629440307617186
1785290169.070733,0.0,0.0,0.002473536014556885
1785290169.073621,0.0,0.0,0.002485503911972046
1785290169.076534,0.0,0.0,0.0025233919620513915
1785290169.0794163,0.0,0.0,0.002494688034057617
1785290169.0822847,0.0,0.0,0.002475071907043457
1785290169.08518,0.0,0.0,0.0025106239318847656
1785290169.0880284,0.0,0.0,0.0024617600440979006
1785290169.0908155,0.0,0.0,0.0024007039070129393
1785290169.093746,0.0,0.0,0.0025222399234771727
1785290169.0973573,0.0,0.0,0.0032279999256134033
1785290169.1003087,0.0,0.0,0.0025433599948883057
1785290169.1031992,0.0,0.0,0.0025032958984375
1785290169.1060932,0.0,0.0,0.002502847909927368
1785290169.1089401,0.0,0.0,0.0024619839191436766
1785290169.1118119,0.0,0.0,0.0024850239753723144
1785290169.1146457,0.0,0.0,0.002450783967971802
1785290169.1175425,0.0,0.0,0.002515615940093994
1785290169.1204138,0.0,0.0,0.002483999967575073
1785290169.1232758,0.0,0.0,0.0024696640968322756
1785290169.1261458,0.0,0.0,0.0024768640995025634
1785290169.1289847,0.0,0.0,0.0024523520469665527
1785290169.131864,0.0,0.0,0.002501471996307373
1785290169.134712,0.0,0.0,0.0024586238861083985
1785290169.137588,0.0,0.0,0.0024922559261322023
1785290169.1404686,0.0,0.0,0.0024887681007385253
1785290169.1433618,0.0,0.0,0.002501728057861328
1785290169.1462297,0.0,0.0,0.0024811201095581055
1785290169.1491141,0.0,0.0,0.0025
1785290169.1527445,0.0,0.0,0.0032382400035858155
1785290169.1556094,0.0,0.0,0.0024535679817199708
1785290169.1584625,0.0,0.0,0.002471263885498047
1785290169.1613312,0.0,0.0,0.002483328104019165
1785290169.1642284,0.0,0.0,0.002511615991592407
1785290169.167077,0.0,0.0,0.0024646399021148683
1785290169.1699905,0.0,0.0,0.002499392032623291
1785290169.1728556,0.0,0.0,0.002476799964904785
1785290169.1757078,0.0,0.0,0.0024668800830841063
1785290169.1786046,0.0,0.0,0.0025062079429626466
1785290169.181526,0.0,0.0,0.0025385279655456543
1785290169.1844375,0.0,0.0,0.0025215680599212646
1785290169.1873364,0.0,0.0,0.0025144319534301757
1785290169.1901946,0.0,0.0,0.0024775040149688722
1785290169.193073,0.0,0.0,0.0024947519302368163
1785290169.195954,0.0,0.0,0.0024990079402923584
1785290169.1988134,0.0,0.0,0.0024729280471801757
1785290169.2016983,0.0,0.0,0.00247705602645874
1785290169.204603,0.0,0.0,0.0025114240646362303
1785290169.2082493,0.0,0.0,0.003256608009338379
1785290169.2111893,0.0,0.0,0.002540960073471069
1785290169.2140703,0.0,0.0,0.00249020791053772
1785290169.21694,0.0,0.0,0.0024755840301513674
1785290169.2197878,0.0,0.0,0.0024613120555877686
1785290169.222633,0.0,0.0,0.0024634239673614502
1785290169.225514,0.0,0.0,0.002496864080429077
1785290169.2284164,0.0,0.0,0.002512063980102539
1785290169.2312984,0.0,0.0,0.002491071939468384
1785290169.2341287,0.0,0.0,0.002437824010848999
1785290169.2370114,0.0,0.0,0.0024987199306488036
1785290169.2398777,0.0,0.0,0.0024768640995025634
1785290169.2427418,0.0,0.0,0.0024725439548492433
1785290169.2455735,0.0,0.0,0.0024270401000976564
1785290169.2484596,0.0,0.0,0.002494879961013794
1785290169.2513456,0.0,0.0,0.002491584062576294
1785290169.2542396,0.0,0.0,0.0025027520656585693
1785290169.2571414,0.0,0.0,0.0025099198818206788
1785290169.2600505,0.0,0.0,0.002517247915267944
1785290169.2636993,0.0,0.0,0.0032560639381408693
1785290169.2666242,0.0,0.0,0.0025205440521240234
1785290169.2695234,0.0,0.0,0.002517184019088745
1785290169.2723958,0.0,0.0,0.0024878718852996825
1785290169.275266,0.0,0.0,0.002485503911972046
1785290169.2781029,0.0,0.0,0.0024510400295257567
1785290169.281004,0.0,0.0,0.0025184640884399413
1785290169.2838883,0.0,0.0,0.00249945592880249
1785290169.2867634,0.0,0.0,0.002488032102584839
1785290169.2896285,0.0,0.0,0.0024568641185760496
1785290169.2925076,0.0,0.0,0.0024952640533447267
1785290169.2953846,0.0,0.0,0.0024913918972015382
1785290169.2982004,0.0,0.0,0.0024307520389556885
1785290169.3010616,0.0,0.0,0.0024806718826293943
1785290169.3039384,0.0,0.0,0.0024887359142303465
1785290169.306791,0.0,0.0,0.0024667201042175295
1785290169.309647,0.0,0.0,0.002439840078353882
1785290169.312526,0.0,0.0,0.0024879679679870605
1785290169.3154507,0.0,0.0,0.002526495933532715
1785290169.3190784,0.0,0.0,0.0032371199131011963
1785290169.3220189,0.0,0.0,0.00251311993598938
1785290169.324916,0.0,0.0,0.0024997119903564452
1785290169.3278081,0.0,0.0,0.002501215934753418
1785290169.330626,0.0,0.0,0.0024326720237731934
1785290169.3335743,0.0,0.0,0.002563807964324951
1785290169.3364747,0.0,0.0,0.0025082240104675295
1785290169.3393683,0.0,0.0,0.00250217604637146
1785290169.3422208,0.0,0.0,0.0024701759815216064
1785290169.3451142,0.0,0.0,0.002514400005340576
1785290169.3479974,0.0,0.0,0.002495807886123657
1785290169.3508556,0.0,0.0,0.002473439931869507
1785290169.353765,0.0,0.0,0.0024944319725036623
1785290169.3566937,0.0,0.0,0.00253657603263855
1785290169.359603,0.0,0.0,0.0025187199115753174
1785290169.3624792,0.0,0.0,0.0024835519790649416
1785290169.3653731,0.0,0.0,0.0025056960582733154
1785290169.3682735,0.0,0.0,0.002514080047607422
1785290169.3711712,0.0,0.0,0.002499072074890137
1785290169.3748395,0.0,0.0,0.0032725439071655273
1785290169.377761,0.0,0.0,0.00250163197517395
1785290169.38065,0.0,0.0,0.002507999897003174
1785290169.383563,0.0,0.0,0.0025236799716949463
1785290169.3864655,0.0,0.0,0.0025124480724334716
1785290169.389374,0.0,0.0,0.002513024091720581
1785290169.3922913,0.0,0.0,0.0025320639610290525
1785290169.3952236,0.0,0.0,0.0025407040119171144
1785290169.3981113,0.0,0.0,0.0025002241134643556
1785290169.4010293,0.0,0.0,0.002526079893112183
1785290169.40393,0.0,0.0,0.002507296085357666
1785290169.4067712,0.0,0.0,0.002448256015777588
1785290169.4097106,0.0,0.0,0.0025374081134796143
1785290169.4125955,0.0,0.0,0.0024995839595794676
1785290169.415451,0.0,0.0,0.002469183921813965
1785290169.4183297,0.0,0.0,0.0024986240863800048
1785290169.421219,0.0,0.0,0.002508255958557129
1785290169.4241385,0.0,0.0,0.002533983945846558
1785290169.427047,0.0,0.0,0.002517791986465454
1785290169.4307532,0.0,0.0,0.0032879040241241453
1785290169.4336908,0.0,0.0,0.002522655963897705
1785290169.4365885,0.0,0.0,0.0025076160430908202
1785290169.439518,0.0,0.0,0.0025409920215606688
1785290169.4424124,0.0,0.0,0.0025013439655303957
1785290169.4453273,0.0,0.0,0.002525439977645874
1785290169.4482098,0.0,0.0,0.0024930880069732667
1785290169.4510813,0.0,0.0,0.0024845440387725832
1785290169.4539788,0.0,0.0,0.0024878718852996825
1785290169.4568915,0.0,0.0,0.00252457594871521
1785290169.4598153,0.0,0.0,0.0025343360900878906
1785290169.4626992,0.0,0.0,0.002493567943572998
1785290169.4656086,0.0,0.0,0.0025211520195007322
1785290169.4684508,0.0,0.0,0.002457472085952759
1785290169.4713461,0.0,0.0,0.0025074241161346434
1785290169.4742382,0.0,0.0,0.002497247934341431
1785290169.4771426,0.0,0.0,0.0025150079727172853
1785290169.4800534,0.0,0.0,0.0025288000106811525
1785290169.4829655,0.0,0.0,0.0025068159103393555
1785290169.486655,0.0,0.0,0.0025744640827178953
1785290169.4895027,0.0,0.0,0.002456415891647339
1785290169.4923992,0.0,0.0,0.002509376049041748
1785290169.4953215,0.0,0.0,0.0025340158939361574
1785290169.4981828,0.0,0.0,0.0024745280742645265
1785290169.501033,0.0,0.0,0.0024580159187316893
1785290169.5039358,0.0,0.0,0.002520319938659668
1785290169.506834,0.0,0.0,0.0025062398910522463
1785290169.5097475,0.0,0.0,0.0025046401023864746
1785290169.5126362,0.0,0.0,0.002501919984817505
1785290169.5155282,0.0,0.0,0.002501055955886841
1785290169.5184016,0.0,0.0,0.0024858880043029784
1785290169.5212507,0.0,0.0,0.00246012806892395
1785290169.5241718,0.0,0.0,0.0025355839729309083
1785290169.5269969,0.0,0.0,0.002439647912979126
1785290169.5299084,0.0,0.0,0.0025007998943328857
1785290169.5328155,0.0,0.0,0.002509727954864502
1785290169.5357165,0.0,0.0,0.0025127360820770264
1785290169.5393775,0.0,0.0,0.00326528000831604
1785290169.5423014,0.0,0.0,0.0025017919540405273
1785290169.5452335,0.0,0.0,0.002541791915893555
1785290169.548073,0.0,0.0,0.0024530239105224607
1785290169.5509684,0.0,0.0,0.0025118720531463624
1785290169.5539246,0.0,0.0,0.002541919946670532
1785290169.556843,0.0,0.0,0.002530208110809326
1785290169.5597,0.0,0.0,0.0024709439277648924
1785290169.5625434,0.0,0.0,0.0024522559642791747
1785290169.565451,0.0,0.0,0.002525791883468628
1785290169.5683606,0.0,0.0,0.002522079944610596
1785290169.5712223,0.0,0.0,0.0024707520008087156
1785290169.5741022,0.0,0.0,0.0024969921112060547
1785290169.5769987,0.0,0.0,0.0025112960338592527
1785290169.5798888,0.0,0.0,0.0024992959499359133
1785290169.5827222,0.0,0.0,0.002445631980895996
1785290169.5856006,0.0,0.0,0.002492863893508911
1785290169.5884724,0.0,0.0,0.002488287925720215
1785290169.5914109,0.0,0.0,0.002542815923690796
1785290169.5950773,0.0,0.0,0.00327673602104187
1785290169.598066,0.0,0.0,0.002549760103225708
1785290169.6010137,0.0,0.0,0.0025570240020751952
1785290169.6039333,0.0,0.0,0.002532288074493408
1785290169.606821,0.0,0.0,0.0025006721019744872
1785290169.6097558,0.0,0.0,0.0025148160457611085
1785290169.6126587,0.0,0.0,0.0025110719203948976
1785290169.6155546,0.0,0.0,0.0025058560371398926
1785290169.6184425,0.0,0.0,0.0025065279006958006
1785290169.6213565,0.0,0.0,0.002528671979904175
1785290169.6242893,0.0,0.0,0.0025461440086364745
1785290169.6272101,0.0,0.0,0.002530112028121948
1785290169.630096,0.0,0.0,0.002491136074066162
1785290169.633004,0.0,0.0,0.0025202560424804686
1785290169.6359038,0.0,0.0,0.0025069758892059327
1785290169.6387832,0.0,0.0,0.0024909119606018066
1785290169.6416793,0.0,0.0,0.0024927680492401122
1785290169.644557,0.0,0.0,0.0024939520359039307
1785290169.647509,0.0,0.0,0.0025539519786834716
1785290169.650778,0.0,0.0,0.002877311944961548
1785290169.6537292,0.0,0.0,0.0025240640640258787
1785290169.6566646,0.0,0.0,0.0025425279140472413
1785290169.6595817,0.0,0.0,0.002528287887573242
1785290169.6624517,0.0,0.0,0.0024824318885803224
1785290169.6653574,0.0,0.0,0.0025167999267578125
1785290169.668273,0.0,0.0,0.0025297598838806153
1785290169.6712034,0.0,0.0,0.0025414719581604004
1785290169.674099,0.0,0.0,0.0025093119144439695
1785290169.6770115,0.0,0.0,0.002526304006576538
1785290169.6799142,0.0,0.0,0.0025154879093170165
1785290169.6827447,0.0,0.0,0.0024427518844604493
1785290169.6856635,0.0,0.0,0.002512864112854004
1785290169.6885555,0.0,0.0,0.002501983880996704
1785290169.6914847,0.0,0.0,0.002541536092758179
1785290169.6943245,0.0,0.0,0.0024513919353485107
1785290169.6972446,0.0,0.0,0.0025365118980407715
1785290169.7001808,0.0,0.0,0.0025432960987091064
1785290169.7031484,0.0,0.0,0.002572767972946167
1785290169.7067232,0.0,0.0,0.0031864960193634033
1785290169.7097037,0.0,0.0,0.002564095973968506
1785290169.712635,0.0,0.0,0.0025492799282073974
1785290169.715498,0.0,0.0,0.0024711360931396484
1785290169.718378,0.0,0.0,0.002489408016204834
1785290169.721257,0.0,0.0,0.0024882240295410157
1785290169.7240887,0.0,0.0,0.0024433600902557372
1785290169.7269652,0.0,0.0,0.0024849278926849364
1785290169.7298872,0.0,0.0,0.002511904001235962
1785290169.7327647,0.0,0.0,0.0024901440143585206
1785290169.7356572,0.0,0.0,0.0025055999755859374
1785290169.7385497,0.0,0.0,0.0024949119091033935
1785290169.7414346,0.0,0.0,0.00249126410484314
1785290169.744359,0.0,0.0,0.0025368959903717043
1785290169.7472048,0.0,0.0,0.0024501760005950926
1785290169.7500172,0.0,0.0,0.0024152960777282717
1785290169.7529178,0.0,0.0,0.0025127999782562256
1785290169.755835,0.0,0.0,0.0025288960933685305
1785290169.758763,0.0,0.0,0.002527904033660889
1785290169.7626112,0.0,0.0,0.0034335999488830566
1785290169.7655342,0.0,0.0,0.002527040004730225
1785290169.7684402,0.0,0.0,0.002517247915267944
1785290169.771356,0.0,0.0,0.002524672031402588
1785290169.7742262,0.0,0.0,0.0024788479804992674
1785290169.777101,0.0,0.0,0.0024890880584716797
1785290169.7800076,0.0,0.0,0.002520224094390869
1785290169.782888,0.0,0.0,0.0024891839027404786
1785290169.7857902,0.0,0.0,0.0024932160377502443
1785290169.7887204,0.0,0.0,0.002542464017868042
1785290169.7915857,0.0,0.0,0.0024759678840637206
1785290169.7944422,0.0,0.0,0.0024711999893188476
1785290169.7973318,0.0,0.0,0.0024996159076690672
1785290169.8002415,0.0,0.0,0.0025212159156799314
1785290169.8031385,0.0,0.0,0.002507231950759888
1785290169.805991,0.0,0.0,0.00245468807220459
1785290169.8088427,0.0,0.0,0.0024609279632568357
1785290169.8117602,0.0,0.0,0.002525151968002319
1785290169.8146544,0.0,0.0,0.0024998719692230225
1785290169.8183358,0.0,0.0,0.0025642879009246827
1785290169.821192,0.0,0.0,0.0024660799503326415
1785290169.8240511,0.0,0.0,0.0024683520793914795
1785290169.8269465,0.0,0.0,0.002502271890640259
1785290169.8299124,0.0,0.0,0.0025300800800323485
1785290169.8328362,0.0,0.0,0.0025421440601348876
1785290169.8357754,0.0,0.0,0.002546976089477539
1785290169.8386817,0.0,0.0,0.002510303974151611
1785290169.8415983,0.0,0.0,0.0025246078968048096
1785290169.8444352,0.0,0.0,0.002445631980895996
1785290169.8473513,0.0,0.0,0.0025334720611572266
1785290169.8502233,0.0,0.0,0.0024842560291290284
1785290169.8531568,0.0,0.0,0.002545408010482788
1785290169.8560038,0.0,0.0,0.0024601600170135497
1785290169.8588343,0.0,0.0,0.002445120096206665
1785290169.8617349,0.0,0.0,0.0024855999946594236
1785290169.8646467,0.0,0.0,0.002519968032836914
1785290169.8675516,0.0,0.0,0.0025149760246276857
1785290169.871428,0.0,0.0,0.003483648061752319
1785290169.8743763,0.0,0.0,0.002519040107727051
1785290169.8772821,0.0,0.0,0.002511712074279785
1785290169.8801935,0.0,0.0,0.0025155200958251953
1785290169.8831177,0.0,0.0,0.00251200008392334
1785290169.8859787,0.0,0.0,0.0024672958850860596
1785290169.8888686,0.0,0.0,0.0025032000541687013
1785290169.891776,0.0,0.0,0.0025148160457611085
1785290169.8946507,0.0,0.0,0.0024863359928131105
1785290169.8975542,0.0,0.0,0.002519040107727051
1785290169.9004483,0.0,0.0,0.0025013439655303957
1785290169.9033697,0.0,0.0,0.0025289599895477297
1785290169.906269,0.0,0.0,0.002511647939682007
1785290169.9092107,0.0,0.0,0.0025543360710144044
1785290169.912134,0.0,0.0,0.002527616024017334
1785290169.9150443,0.0,0.0,0.0025215039253234863
1785290169.917999,0.0,0.0,0.0025390079021453855
1785290169.9209764,0.0,0.0,0.0025874559879302977
1785290169.9239004,0.0,0.0,0.0025296640396118165
1785290169.9274983,0.0,0.0,0.0032090559005737303
1785290169.9304595,0.0,0.0,0.0025624959468841554
1785290169.9334168,0.0,0.0,0.0025596799850463865
1785290169.9362974,0.0,0.0,0.0024868481159210204
1785290169.9391687,0.0,0.0,0.002485503911972046
1785290169.9420824,0.0,0.0,0.0025218238830566407
1785290169.9450197,0.0,0.0,0.002549344062805176
1785290169.9478788,0.0,0.0,0.002472320079803467
1785290169.9507716,0.0,0.0,0.0025023360252380373
1785290169.9536676,0.0,0.0,0.002488032102584839
1785290169.9565616,0.0,0.0,0.0025103359222412107
1785290169.9594724,0.0,0.0,0.0025284159183502197
1785290169.9623878,0.0,0.0,0.0025165119171142577
1785290169.9653125,0.0,0.0,0.0025378561019897463
1785290169.9682393,0.0,0.0,0.0025394880771636963
1785290169.97115,0.0,0.0,0.002520864009857178
1785290169.9740431,0.0,0.0,0.0025000319480895997
1785290169.9769673,0.0,0.0,0.002534463882446289
1785290169.979842,0.0,0.0,0.0024820799827575683
1785290169.9835598,0.0,0.0,0.003327104091644287
1785290169.986445,0.0,0.0,0.0024925439357757566
1785290169.9893837,0.0,0.0,0.0025505280494689943
1785290169.9923162,0.0,0.0,0.0025434880256652833
1785290169.9952207,0.0,0.0,0.0025192959308624266
1785290169.998093,0.0,0.0,0.0024858241081237792
1785290170.0010216,0.0,0.0,0.002541599988937378
1785290170.0039182,0.0,0.0,0.0025141439437866213
1785290170.006777,0.0,0.0,0.0024691200256347656
1785290170.0096877,0.0,0.0,0.0025012800693511965
1785290170.0125866,0.0,0.0,0.0025154879093170165
1785290170.0155015,0.0,0.0,0.002529247999191284
1785290170.018401,0.0,0.0,0.0025117759704589844
1785290170.0212977,0.0,0.0,0.002506175994873047
1785290170.0242038,0.0,0.0,0.0025216639041900635
1785290170.02704,0.0,0.0,0.002459359884262085
1785290170.029954,0.0,0.0,0.0025068480968475342
1785290170.0328445,0.0,0.0,0.0024990079402923584
1785290170.0357566,0.0,0.0,0.0025183680057525634
1785290170.0394557,0.0,0.0,0.003303391933441162
1785290170.0423496,0.0,0.0,0.002508512020111084
1785290170.045275,0.0,0.0,0.0025417280197143556
1785290170.0481632,0.0,0.0,0.002508608102798462
1785290170.0510447,0.0,0.0,0.002496959924697876
1785290170.053992,0.0,0.0,0.0025332798957824706
1785290170.056919,0.0,0.0,0.002546112060546875
1785290170.05983,0.0,0.0,0.0025264320373535156
1785290170.062708,0.0,0.0,0.0024978559017181396
1785290170.0656369,0.0,0.0,0.0025429439544677732
1785290170.0685465,0.0,0.0,0.0025259199142456056
1785290170.071385,0.0,0.0,0.0024562880992889404
1785290170.0741785,0.0,0.0,0.0024107520580291747
1785290170.077068,0.0,0.0,0.002510175943374634
1785290170.0799549,0.0,0.0,0.0025065600872039794
1785290170.082783,0.0,0.0,0.002442879915237427
1785290170.085674,0.0,0.0,0.0024851200580596924
1785290170.0886202,0.0,0.0,0.002564095973968506
1785290170.0922859,0.0,0.0,0.0032731521129608153
1785290170.0952668,0.0,0.0,0.0025611839294433594
1785290170.0981255,0.0,0.0,0.0024681599140167236
1785290170.1010365,0.0,0.0,0.002527456045150757
1785290170.1039352,0.0,0.0,0.0025143680572509764
1785290170.106833,0.0,0.0,0.002502079963684082
1785290170.1097288,0.0,0.0,0.0024822399616241456
1785290170.112662,0.0,0.0,0.0025461440086364745
1785290170.1155717,0.0,0.0,0.002512095928192139
1785290170.1184025,0.0,0.0,0.0024401919841766356
1785290170.1213205,0.0,0.0,0.0025371840000152587
1785290170.1241844,0.0,0.0,0.0024803519248962403
1785290170.127013,0.0,0.0,0.002439935922622681
1785290170.1299264,0.0,0.0,0.002502432107925415
1785290170.1327732,0.0,0.0,0.002463776111602783
1785290170.1356575,0.0,0.0,0.002502784013748169
1785290170.1385345,0.0,0.0,0.002490015983581543
1785290170.1414201,0.0,0.0,0.0024986240863800048
1785290170.1443675,0.0,0.0,0.0025534720420837403
1785290170.1479678,0.0,0.0,0.0032134718894958497
1785290170.1508942,0.0,0.0,0.0025216960906982422
1785290170.153762,0.0,0.0,0.002464319944381714
1785290170.1566496,0.0,0.0,0.002501568078994751
1785290170.159558,0.0,0.0,0.0025220160484313967
1785290170.1624446,0.0,0.0,0.002497472047805786
1785290170.1652942,0.0,0.0,0.002460992097854614
1785290170.1681285,0.0,0.0,0.0024488959312438966
1785290170.1710153,0.0,0.0,0.002492448091506958
1785290170.1738765,0.0,0.0,0.002453632116317749
1785290170.1767085,0.0,0.0,0.002440704107284546
1785290170.1795967,0.0,0.0,0.002498080015182495
1785290170.1824694,0.0,0.0,0.002487936019897461
1785290170.1853862,0.0,0.0,0.0025290560722351072
1785290170.1882648,0.0,0.0,0.0024925439357757566
1785290170.1911666,0.0,0.0,0.002513983964920044
1785290170.1940284,0.0,0.0,0.0024714879989624025
1785290170.1969433,0.0,0.0,0.0025288000106811525
1785290170.1998477,0.0,0.0,0.0025167360305786133
1785290170.2035081,0.0,0.0,0.0032716479301452637
1785290170.206467,0.0,0.0,0.0025472640991210938
1785290170.209357,0.0,0.0,0.002497344017028809
1785290170.2122667,0.0,0.0,0.002527231931686401
1785290170.2151556,0.0,0.0,0.0025035839080810546
1785290170.2180007,0.0,0.0,0.0024524800777435303
1785290170.2208958,0.0,0.0,0.002506304025650024
1785290170.2237852,0.0,0.0,0.0025055038928985594
1785290170.2266169,0.0,0.0,0.0024466559886932374
1785290170.2294574,0.0,0.0,0.002454751968383789
1785290170.2323456,0.0,0.0,0.002507040023803711
1785290170.2352269,0.0,0.0,0.0024960319995880127
1785290170.2381694,0.0,0.0,0.002498879909515381
1785290170.241068,0.0,0.0,0.0025088319778442383
1785290170.2439983,0.0,0.0,0.002548480033874512
1785290170.2468638,0.0,0.0,0.002475744009017944
1785290170.2497616,0.0,0.0,0.0024918079376220702
1785290170.25262,0.0,0.0,0.00247324800491333
1785290170.2555428,0.0,0.0,0.002525151968002319
1785290170.2589653,0.0,0.0,0.0030300800800323485
1785290170.261914,0.0,0.0,0.002522752046585083
1785290170.2648563,0.0,0.0,0.002557823896408081
1785290170.2677727,0.0,0.0,0.0025230720043182375
1785290170.2706556,0.0,0.0,0.002496767997741699
1785290170.2735102,0.0,0.0,0.0024647040367126467
1785290170.2764308,0.0,0.0,0.0025329599380493166
1785290170.2793262,0.0,0.0,0.002511967897415161
1785290170.2822075,0.0,0.0,0.0024963839054107668
1785290170.285091,0.0,0.0,0.002499039888381958
1785290170.2879694,0.0,0.0,0.0024865279197692873
1785290170.290902,0.0,0.0,0.002535264015197754
1785290170.2938063,0.0,0.0,0.002494175910949707
1785290170.296662,0.0,0.0,0.0024667840003967283
1785290170.29955,0.0,0.0,0.002502432107925415
1785290170.3024285,0.0,0.0,0.0024964480400085447
1785290170.3053358,0.0,0.0,0.0025173759460449217
1785290170.3082092,0.0,0.0,0.0024805440902709963
1785290170.3111336,0.0,0.0,0.0025356481075286866
1785290170.314782,0.0,0.0,0.0032546560764312744
1785290170.3177226,0.0,0.0,0.0025193281173706054
1785290170.3206446,0.0,0.0,0.002533695936203003
1785290170.3235545,0.0,0.0,0.002523967981338501
1785290170.3264143,0.0,0.0,0.0024711999893188476
1785290170.3293169,0.0,0.0,0.002512928009033203
1785290170.332207,0.0,0.0,0.0025085439682006835
1785290170.3350496,0.0,0.0,0.002449183940887451
1785290170.3379369,0.0,0.0,0.002486464023590088
1785290170.3408413,0.0,0.0,0.0025209920406341554
1785290170.3436766,0.0,0.0,0.00244268798828125
1785290170.3465383,0.0,0.0,0.0024765119552612306
1785290170.349462,0.0,0.0,0.002540544033050537
1785290170.352377,0.0,0.0,0.0025260159969329836
1785290170.3552814,0.0,0.0,0.00251526403427124
1785290170.3581626,0.0,0.0,0.002488447904586792
1785290170.361077,0.0,0.0,0.002528127908706665
1785290170.3639941,0.0,0.0,0.0025260159969329836
1785290170.366907,0.0,0.0,0.002516671895980835
1785290170.370607,0.0,0.0,0.0032752320766448973
1785290170.3735433,0.0,0.0,0.002545504093170166
1785290170.3764582,0.0,0.0,0.002525343894958496
1785290170.3793664,0.0,0.0,0.0025210878849029543
1785290170.3822362,0.0,0.0,0.002484992027282715
1785290170.3850992,0.0,0.0,0.0024816958904266355
1785290170.387982,0.0,0.0,0.002500096082687378
1785290170.3908482,0.0,0.0,0.0024865601062774656
1785290170.3937733,0.0,0.0,0.0025285120010375976
1785290170.396683,0.0,0.0,0.002518079996109009
1785290170.3995788,0.0,0.0,0.0025014081001281737
1785290170.4024596,0.0,0.0,0.002494271993637085
1785290170.405393,0.0,0.0,0.0025420479774475096
1785290170.4082386,0.0,0.0,0.0024576001167297364
1785290170.411126,0.0,0.0,0.0024846720695495604
1785290170.4139373,0.0,0.0,0.0024214398860931395
1785290170.4167953,0.0,0.0,0.002472991943359375
1785290170.4197435,0.0,0.0,0.002558880090713501
1785290170.422577,0.0,0.0,0.0024287359714508057
1785290170.4263687,0.0,0.0,0.0033972480297088624
1785290170.429264,0.0,0.0,0.002505631923675537
1785290170.432151,0.0,0.0,0.0024984641075134276
1785290170.4349694,0.0,0.0,0.0024305601119995117
1785290170.4378464,0.0,0.0,0.0024634239673614502
1785290170.4407368,0.0,0.0,0.002503551959991455
1785290170.4436326,0.0,0.0,0.0025059518814086914
1785290170.446481,0.0,0.0,0.0024639999866485594
1785290170.449393,0.0,0.0,0.002523616075515747
1785290170.4522452,0.0,0.0,0.002461951971054077
1785290170.4551637,0.0,0.0,0.002526400089263916
1785290170.4580352,0.0,0.0,0.002480384111404419
1785290170.4609523,0.0,0.0,0.002527456045150757
1785290170.463847,0.0,0.0,0.002505215883255005
1785290170.4667575,0.0,0.0,0.002521791934967041
1785290170.469632,0.0,0.0,0.0024658238887786867
1785290170.4725592,0.0,0.0,0.0025372159481048583
1785290170.4754548,0.0,0.0,0.002507231950759888
1785290170.4783454,0.0,0.0,0.0025055038928985594
1785290170.4822102,0.0,0.0,0.002605664014816284
1785290170.4851184,0.0,0.0,0.0025247039794921875
1785290170.4880102,0.0,0.0,0.0025138559341430665
1785290170.490906,0.0,0.0,0.002512095928192139
1785290170.4938097,0.0,0.0,0.0024918079376220702
1785290170.496734,0.0,0.0,0.0025452799797058105
1785290170.4996321,0.0,0.0,0.0025066239833831786
1785290170.5025156,0.0,0.0,0.002498208045959473
1785290170.5054388,0.0,0.0,0.002536736011505127
1785290170.5083115,0.0,0.0,0.002481920003890991
1785290170.5111766,0.0,0.0,0.002478111982345581
1785290170.514019,0.0,0.0,0.0024612159729003906
1785290170.5169046,0.0,0.0,0.002504256010055542
1785290170.5198126,0.0,0.0,0.002518399953842163
1785290170.522682,0.0,0.0,0.0024759039878845214
1785290170.5255978,0.0,0.0,0.0025292160511016844
1785290170.5285025,0.0,0.0,0.0025176000595092773
1785290170.5314212,0.0,0.0,0.002522592067718506
1785290170.53512,0.0,0.0,0.003278559923171997
1785290170.5380538,0.0,0.0,0.002524127960205078
1785290170.5409608,0.0,0.0,0.0025185279846191406
1785290170.5438702,0.0,0.0,0.002526079893112183
1785290170.5467079,0.0,0.0,0.00245414400100708
1785290170.5496204,0.0,0.0,0.002528575897216797
1785290170.5525331,0.0,0.0,0.002525984048843384
1785290170.5554342,0.0,0.0,0.0025062720775604246
1785290170.5582902,0.0,0.0,0.0024724159240722657
1785290170.561233,0.0,0.0,0.0025569920539855956
1785290170.5641265,0.0,0.0,0.0025095679759979247
1785290170.5669675,0.0,0.0,0.0024536960124969484
1785290170.56987,0.0,0.0,0.0024911999702453614
1785290170.5727408,0.0,0.0,0.0024830400943756104
1785290170.5756345,0.0,0.0,0.0025089280605316163
1785290170.5785375,0.0,0.0,0.0025183360576629637
1785290170.5814211,0.0,0.0,0.0024996159076690672
1785290170.5843165,0.0,0.0,0.002511519908905029
1785290170.587233,0.0,0.0,0.0025286400318145752
1785290170.5908334,0.0,0.0,0.0032137598991394045
1785290170.5937905,0.0,0.0,0.0025381441116333007
1785290170.5966392,0.0,0.0,0.002470976114273071
1785290170.599529,0.0,0.0,0.0025102720260620115
1785290170.6024125,0.0,0.0,0.0024945600032806395
1785290170.6052823,0.0,0.0,0.0024822399616241456
1785290170.6081984,0.0,0.0,0.002523103952407837
1785290170.6111202,0.0,0.0,0.0025074880123138426
1785290170.614016,0.0,0.0,0.0025038399696350098
1785290170.6169503,0.0,0.0,0.0025478720664978026
1785290170.6198738,0.0,0.0,0.0025336639881134034
1785290170.6227822,0.0,0.0,0.0025167040824890137
1785290170.6257057,0.0,0.0,0.002512415885925293
1785290170.6286306,0.0,0.0,0.0025078399181365967
1785290170.6315067,0.0,0.0,0.002490976095199585
1785290170.6344142,0.0,0.0,0.002526655912399292
1785290170.6373084,0.0,0.0,0.0025066559314727782
1785290170.6402607,0.0,0.0,0.0025652799606323243
1785290170.6431944,0.0,0.0,0.0025351359844207762
1785290170.6468968,0.0,0.0,0.003311903953552246
1785290170.6498055,0.0,0.0,0.002483167886734009
1785290170.6526873,0.0,0.0,0.002497472047805786
1785290170.6556067,0.0,0.0,0.0025311360359191893
1785290170.6584902,0.0,0.0,0.0024991040229797364
1785290170.6614416,0.0,0.0,0.0025409920215606688
1785290170.664344,0.0,0.0,0.002517343997955322
1785290170.6672366,0.0,0.0,0.0025000638961791993
1785290170.6701264,0.0,0.0,0.0025021440982818605
1785290170.6730695,0.0,0.0,0.002565632104873657
1785290170.6759596,0.0,0.0,0.0025064640045166014
1785290170.6788,0.0,0.0,0.0024593279361724853
1785290170.6817033,0.0,0.0,0.002501568078994751
1785290170.684582,0.0,0.0,0.002494271993637085
1785290170.6874588,0.0,0.0,0.00249020791053772
1785290170.6902516,0.0,0.0,0.0024137918949127197
1785290170.6931603,0.0,0.0,0.0025219519138336183
1785290170.6960905,0.0,0.0,0.002536479949951172
1785290170.6990063,0.0,0.0,0.0025193281173706054
1785290170.702667,0.0,0.0,0.003254496097564697
1785290170.7055702,0.0,0.0,0.0025068159103393555
1785290170.7084606,0.0,0.0,0.0025025599002838133
1785290170.7113774,0.0,0.0,0.002532576084136963
1785290170.714263,0.0,0.0,0.002499488115310669
1785290170.717161,0.0,0.0,0.0025097599029541015
1785290170.720042,0.0,0.0,0.0024929280281066894
1785290170.7228816,0.0,0.0,0.0024445440769195557
1785290170.725773,0.0,0.0,0.0024849278926849364
1785290170.7286677,0.0,0.0,0.0025090880393981935
1785290170.7315924,0.0,0.0,0.0025387840270996095
1785290170.734513,0.0,0.0,0.0025291199684143065
1785290170.7374246,0.0,0.0,0.0025285120010375976
1785290170.7403536,0.0,0.0,0.00254582405090332
1785290170.743255,0.0,0.0,0.002516063928604126
1785290170.7461178,0.0,0.0,0.0024720959663391113
1785290170.7490208,0.0,0.0,0.0025185279846191406
1785290170.7519176,0.0,0.0,0.002506592035293579
1785290170.7548106,0.0,0.0,0.002499232053756714
1785290170.7585502,0.0,0.0,0.002568671941757202
1785290170.7614357,0.0,0.0,0.002497632026672363
1785290170.7643325,0.0,0.0,0.002512928009033203
1785290170.7672617,0.0,0.0,0.002541152000427246
1785290170.7701516,0.0,0.0,0.002502943992614746
1785290170.7730815,0.0,0.0,0.0025378561019897463
1785290170.7759898,0.0,0.0,0.0025201919078826902
1785290170.7788763,0.0,0.0,0.0024997119903564452
1785290170.7817488,0.0,0.0,0.0024629440307617186
1785290170.7846136,0.0,0.0,0.0024780800342559814
1785290170.787527,0.0,0.0,0.0025253119468688964
1785290170.790406,0.0,0.0,0.002496288061141968
1785290170.7933104,0.0,0.0,0.0025214080810546874
1785290170.7962356,0.0,0.0,0.0025367040634155275
1785290170.7990825,0.0,0.0,0.002465791940689087
1785290170.8019946,0.0,0.0,0.002505568027496338
1785290170.80488,0.0,0.0,0.002504287958145142
1785290170.8078284,0.0,0.0,0.0025613760948181154
1785290170.8114994,0.0,0.0,0.0032782399654388427
1785290170.814459,0.0,0.0,0.0025496320724487306
1785290170.8173957,0.0,0.0,0.002558176040649414
1785290170.8202875,0.0,0.0,0.0025009279251098633
1785290170.8231966,0.0,0.0,0.002518847942352295
1785290170.8260834,0.0,0.0,0.0025012478828430177
1785290170.8289695,0.0,0.0,0.002501919984817505
1785290170.8318996,0.0,0.0,0.002540927886962891
1785290170.8347814,0.0,0.0,0.0024924800395965574
1785290170.8377185,0.0,0.0,0.0025227200984954835
1785290170.8406043,0.0,0.0,0.0024908161163330078
1785290170.8435047,0.0,0.0,0.0025109760761260987
1785290170.8463764,0.0,0.0,0.002486624002456665
1785290170.8492887,0.0,0.0,0.0025301439762115477
1785290170.852212,0.0,0.0,0.002533407926559448
1785290170.855115,0.0,0.0,0.0024950718879699707
1785290170.8580189,0.0,0.0,0.0025159680843353273
1785290170.860885,0.0,0.0,0.0024782400131225586
1785290170.8638241,0.0,0.0,0.0025447680950164797
1785290170.867355,0.0,0.0,0.00314630389213562
1785290170.870274,0.0,0.0,0.002523808002471924
1785290170.8731961,0.0,0.0,0.0025403199195861816
1785290170.876102,0.0,0.0,0.0025201919078826902
1785290170.8789778,0.0,0.0,0.0024904959201812746
1785290170.8818457,0.0,0.0,0.00246124792098999
1785290170.884747,0.0,0.0,0.0025181119441986086
1785290170.8876271,0.0,0.0,0.002492959976196289
1785290170.890533,0.0,0.0,0.0025202560424804686
1785290170.893433,0.0,0.0,0.0025174078941345213
1785290170.8963506,0.0,0.0,0.0025284159183502197
1785290170.8992066,0.0,0.0,0.0024671359062194823
1785290170.9020917,0.0,0.0,0.002497407913208008
1785290170.9049742,0.0,0.0,0.0025009920597076417
1785290170.9078743,0.0,0.0,0.0025106561183929443
1785290170.9107716,0.0,0.0,0.0025058879852294922
1785290170.9137099,0.0,0.0,0.0025196480751037598
1785290170.9166417,0.0,0.0,0.0025449919700622557
1785290170.9195864,0.0,0.0,0.0025556480884552004
1785290170.9232857,0.0,0.0,0.003308768033981323
1785290170.9262388,0.0,0.0,0.0025503358840942383
1785290170.9291642,0.0,0.0,0.002538304090499878
1785290170.9321277,0.0,0.0,0.002573983907699585
1785290170.9350333,0.0,0.0,0.002517247915267944
1785290170.937948,0.0,0.0,0.0025039360523223878
1785290170.9407785,0.0,0.0,0.002447551965713501
1785290170.9436653,0.0,0.0,0.0025004479885101316
1785290170.946521,0.0,0.0,0.0024655039310455323
1785290170.9494095,0.0,0.0,0.0025001280307769777
1785290170.9522767,0.0,0.0,0.002478048086166382
1785290170.9552004,0.0,0.0,0.0025348799228668215
1785290170.9580715,0.0,0.0,0.0024834558963775636
1785290170.9609313,0.0,0.0,0.0024800000190734863
1785290170.9638374,0.0,0.0,0.0025169920921325685
1785290170.966741,0.0,0.0,0.0025115840435028076
1785290170.969663,0.0,0.0,0.0025151679515838625
1785290170.972587,0.0,0.0,0.0025331199169158934
1785290170.975512,0.0,0.0,0.0025291199684143065
1785290170.9793227,0.0,0.0,0.003418783903121948
1785290170.9821923,0.0,0.0,0.002478463888168335
1785290170.985193,0.0,0.0,0.002616640090942383
1785290170.9880242,0.0,0.0,0.0024411199092864992
1785290170.9909117,0.0,0.0,0.002505568027496338
1785290170.993792,0.0,0.0,0.0024656639099121095
1785290170.996729,0.0,0.0,0.0025412158966064452
1785290170.999594,0.0,0.0,0.0024800000190734863
1785290171.0024807,0.0,0.0,0.0024968318939208984
1785290171.0053651,0.0,0.0,0.0024998719692230225
1785290171.0082974,0.0,0.0,0.002541055917739868
1785290171.0111873,0.0,0.0,0.002497535943984985
1785290171.0140421,0.0,0.0,0.00246563196182251
1785290171.0169067,0.0,0.0,0.002478463888168335
1785290171.0197551,0.0,0.0,0.002462591886520386
1785290171.022639,0.0,0.0,0.002496864080429077
1785290171.0255656,0.0,0.0,0.002532383918762207
1785290171.0284488,0.0,0.0,0.002498496055603027
1785290171.031346,0.0,0.0,0.0025069119930267334
1785290171.0349898,0.0,0.0,0.002553567886352539
1785290171.037881,0.0,0.0,0.002475935935974121
1785290171.0407507,0.0,0.0,0.002483936071395874
1785290171.043646,0.0,0.0,0.0025060479640960694
1785290171.046533,0.0,0.0,0.002498879909515381
1785290171.0494516,0.0,0.0,0.00252726411819458
1785290171.0523548,0.0,0.0,0.0025094718933105467
1785290171.0551991,0.0,0.0,0.002456032037734985
1785290171.0580657,0.0,0.0,0.002480639934539795
1785290171.0609784,0.0,0.0,0.002525984048843384
1785290171.063875,0.0,0.0,0.0025068159103393555
1785290171.0667596,0.0,0.0,0.002500191926956177
1785290171.0696883,0.0,0.0,0.002523519992828369
1785290171.0725598,0.0,0.0,0.002488447904586792
1785290171.0754397,0.0,0.0,0.0024976639747619628
1785290171.0782807,0.0,0.0,0.0024545600414276124
1785290171.0811608,0.0,0.0,0.0024975039958953856
1785290171.0840871,0.0,0.0,0.0025394558906555176
1785290171.0876808,0.0,0.0,0.003202591896057129
1785290171.0905852,0.0,0.0,0.002493824005126953
1785290171.0934196,0.0,0.0,0.0024478719234466554
1785290171.0963197,0.0,0.0,0.0025127360820770264
1785290171.0991626,0.0,0.0,0.0024543681144714355
1785290171.1020286,0.0,0.0,0.002478015899658203
1785290171.1049614,0.0,0.0,0.002547039985656738
1785290171.10787,0.0,0.0,0.002518143892288208
1785290171.110756,0.0,0.0,0.002499840021133423
1785290171.1136417,0.0,0.0,0.0024783680438995362
1785290171.1165507,0.0,0.0,0.0025214080810546874
1785290171.1194172,0.0,0.0,0.0024764480590820314
1785290171.122281,0.0,0.0,0.0024732799530029297
1785290171.125171,0.0,0.0,0.0024992959499359133
1785290171.1280527,0.0,0.0,0.0024992001056671144
1785290171.1309505,0.0,0.0,0.0025043520927429197
1785290171.1338093,0.0,0.0,0.0024448959827423097
1785290171.1367252,0.0,0.0,0.002529184103012085
1785290171.1397028,0.0,0.0,0.002589024066925049
1785290171.1434138,0.0,0.0,0.00331712007522583
1785290171.1463397,0.0,0.0,0.0025225279331207275
1785290171.1492465,0.0,0.0,0.0025214080810546874
1785290171.1521695,0.0,0.0,0.002534463882446289
1785290171.155047,0.0,0.0,0.002491328001022339
1785290171.1579137,0.0,0.0,0.0024620161056518554
1785290171.160843,0.0,0.0,0.0025449919700622557
1785290171.163758,0.0,0.0,0.0025292799472808837
1785290171.1666033,0.0,0.0,0.002458784103393555
1785290171.1694841,0.0,0.0,0.0024977600574493408
1785290171.1723936,0.0,0.0,0.0025180480480194094
1785290171.1753194,0.0,0.0,0.0025301439762115477
1785290171.1781933,0.0,0.0,0.002487936019897461
1785290171.1811008,0.0,0.0,0.002520064115524292
1785290171.1840022,0.0,0.0,0.002511904001235962
1785290171.186895,0.0,0.0,0.0025050880908966066
1785290171.1898022,0.0,0.0,0.0024992959499359133
1785290171.1927214,0.0,0.0,0.0025257279872894288
1785290171.1956527,0.0,0.0,0.00253436803817749
1785290171.1990106,0.0,0.0,0.0029662399291992187
1785290171.2019598,0.0,0.0,0.002526367902755737
1785290171.2048895,0.0,0.0,0.0025426878929138185
1785290171.2077332,0.0,0.0,0.0024545280933380128
1785290171.2106373,0.0,0.0,0.0025162560939788817
1785290171.2134995,0.0,0.0,0.002481856107711792
1785290171.216375,0.0,0.0,0.0024888958930969238
1785290171.2193058,0.0,0.0,0.0025472960472106934
1785290171.2221854,0.0,0.0,0.0024923200607299806
1785290171.225035,0.0,0.0,0.0024665279388427735
1785290171.227876,0.0,0.0,0.0024495999813079834
1785290171.2307248,0.0,0.0,0.0024576959609985353
1785290171.2336075,0.0,0.0,0.0024967360496520995
1785290171.2364802,0.0,0.0,0.0024870080947875977
1785290171.239397,0.0,0.0,0.0025306880474090577
1785290171.2422824,0.0,0.0,0.0024938879013061523
1785290171.2451694,0.0,0.0,0.0025035200119018553
1785290171.2480779,0.0,0.0,0.0025202560424804686
1785290171.2509644,0.0,0.0,0.002492799997329712
1785290171.2543344,0.0,0.0,0.0029623680114746094
1785290171.2572596,0.0,0.0,0.0025285439491271973
1785290171.2601657,0.0,0.0,0.0025182719230651854
1785290171.2630599,0.0,0.0,0.0025079360008239747
1785290171.2660203,0.0,0.0,0.0025399680137634276
1785290171.2689328,0.0,0.0,0.00252124810218811
1785290171.2718296,0.0,0.0,0.0025084478855133055
1785290171.2747273,0.0,0.0,0.002509119987487793
1785290171.2775903,0.0,0.0,0.0024447360038757325
1785290171.280477,0.0,0.0,0.002500960111618042
1785290171.2833135,0.0,0.0,0.002445631980895996
1785290171.2861311,0.0,0.0,0.002427295923233032
1785290171.2890735,0.0,0.0,0.0025550079345703124
1785290171.2920141,0.0,0.0,0.0025511040687561035
1785290171.2948744,0.0,0.0,0.002475680112838745
1785290171.2977717,0.0,0.0,0.0024944319725036623
1785290171.3006856,0.0,0.0,0.0025246400833129883
1785290171.303596,0.0,0.0,0.0025234880447387695
1785290171.3065124,0.0,0.0,0.0025263359546661376
1785290171.3101487,0.0,0.0,0.0032511041164398195
1785290171.3130727,0.0,0.0,0.0025299520492553713
1785290171.3159592,0.0,0.0,0.002502399921417236
1785290171.3188365,0.0,0.0,0.002496000051498413
1785290171.3217669,0.0,0.0,0.0025266239643096924
1785290171.3246799,0.0,0.0,0.0025227839946746827
1785290171.3275783,0.0,0.0,0.0025088319778442383
1785290171.3304672,0.0,0.0,0.0025032639503479006
1785290171.3334072,0.0,0.0,0.0025580480098724365
1785290171.3363342,0.0,0.0,0.0025368959903717043
1785290171.3392432,0.0,0.0,0.002522207975387573
1785290171.3421254,0.0,0.0,0.0024904959201812746
1785290171.345051,0.0,0.0,0.002531327962875366
1785290171.3479517,0.0,0.0,0.0025083839893341063
1785290171.350851,0.0,0.0,0.0025087039470672607
1785290171.3536928,0.0,0.0,0.0024397759437561036
1785290171.3565834,0.0,0.0,0.0025031039714813233
1785290171.3594625,0.0,0.0,0.0024962561130523683
1785290171.3622935,0.0,0.0,0.002436511993408203
1785290171.3660018,0.0,0.0,0.003321471929550171
1785290171.36891,0.0,0.0,0.0025102078914642336
1785290171.3717606,0.0,0.0,0.0024647040367126467
1785290171.3746417,0.0,0.0,0.0024960639476776124
1785290171.3775694,0.0,0.0,0.0025434560775756837
1785290171.380456,0.0,0.0,0.002492288112640381
1785290171.3833401,0.0,0.0,0.0025001599788665773
1785290171.3861942,0.0,0.0,0.0024698240756988524
1785290171.3890762,0.0,0.0,0.0025014081001281737
1785290171.3919415,0.0,0.0,0.0024806718826293943
1785290171.3947706,0.0,0.0,0.002439455986022949
1785290171.3976805,0.0,0.0,0.0024986240863800048
1785290171.4005404,0.0,0.0,0.002476288080215454
1785290171.4034355,0.0,0.0,0.0025030078887939454
1785290171.406312,0.0,0.0,0.0024846398830413816
1785290171.4092329,0.0,0.0,0.002540096044540405
1785290171.4121346,0.0,0.0,0.00251692795753479
1785290171.4150326,0.0,0.0,0.002509056091308594
1785290171.4180248,0.0,0.0,0.0025840001106262208
1785290171.421667,0.0,0.0,0.0032531840801239015
1785290171.4245899,0.0,0.0,0.002534208059310913
1785290171.4274974,0.0,0.0,0.0025156800746917725
1785290171.4303594,0.0,0.0,0.0024743680953979493
1785290171.4332685,0.0,0.0,0.0025245440006256103
1785290171.4361897,0.0,0.0,0.00253436803817749
1785290171.4391081,0.0,0.0,0.00251311993598938
1785290171.4419954,0.0,0.0,0.0025007998943328857
1785290171.4448915,0.0,0.0,0.002515552043914795
1785290171.4477699,0.0,0.0,0.002492000102996826
1785290171.4506476,0.0,0.0,0.0024944319725036623
1785290171.4535522,0.0,0.0,0.0025174078941345213
1785290171.4564173,0.0,0.0,0.0024791040420532227
1785290171.4593215,0.0,0.0,0.0025220479965209963
1785290171.462186,0.0,0.0,0.002477184057235718
1785290171.4650342,0.0,0.0,0.00246230411529541
1785290171.467913,0.0,0.0,0.0024866559505462645
1785290171.4708512,0.0,0.0,0.002547327995300293
1785290171.4745126,0.0,0.0,0.0025209920406341554
1785290171.4775352,0.0,0.0,0.0025887999534606933
1785290171.480474,0.0,0.0,0.0025495679378509523
1785290171.483376,0.0,0.0,0.0025206398963928222
1785290171.4862702,0.0,0.0,0.0025011200904846193
1785290171.489184,0.0,0.0,0.002522207975387573
1785290171.4920998,0.0,0.0,0.0025275840759277344
1785290171.494933,0.0,0.0,0.0024390718936920168
1785290171.4978719,0.0,0.0,0.0025253760814666747
1785290171.5007331,0.0,0.0,0.0024777278900146482
1785290171.5036602,0.0,0.0,0.0025424959659576417
1785290171.5065415,0.0,0.0,0.002491039991378784
1785290171.5094502,0.0,0.0,0.002523904085159302
1785290171.512303,0.0,0.0,0.0024687039852142336
1785290171.5152514,0.0,0.0,0.002566528081893921
1785290171.5181317,0.0,0.0,0.0024969279766082764
1785290171.5210903,0.0,0.0,0.0025698559284210204
1785290171.5240088,0.0,0.0,0.0025322558879852294
1785290171.5269325,0.0,0.0,0.0025312321186065673
1785290171.5306194,0.0,0.0,0.003268287897109985
1785290171.5335588,0.0,0.0,0.0025430080890655516
1785290171.536437,0.0,0.0,0.0024887681007385253
1785290171.5393045,0.0,0.0,0.002483167886734009
1785290171.5421588,0.0,0.0,0.002469343900680542
1785290171.545103,0.0,0.0,0.002554784059524536
1785290171.548033,0.0,0.0,0.0025392000675201415
1785290171.5508645,0.0,0.0,0.0024457919597625733
1785290171.5537772,0.0,0.0,0.0025038399696350098
1785290171.5566883,0.0,0.0,0.002528320074081421
1785290171.5595696,0.0,0.0,0.0024976000785827636
1785290171.5624819,0.0,0.0,0.002521984100341797
1785290171.5654044,0.0,0.0,0.0025359680652618406
1785290171.5682817,0.0,0.0,0.0024916160106658934
1785290171.5711508,0.0,0.0,0.002478879928588867
1785290171.5740287,0.0,0.0,0.0024863359928131105
1785290171.5769396,0.0,0.0,0.002525248050689697
1785290171.5798512,0.0,0.0,0.002527168035507202
1785290171.582772,0.0,0.0,0.0025269761085510256
1785290171.5860708,0.0,0.0,0.0028810880184173583
1785290171.588994,0.0,0.0,0.0025248639583587648
1785290171.5918956,0.0,0.0,0.0025178558826446534
1785290171.5947802,0.0,0.0,0.0024990079402923584
1785290171.5976865,0.0,0.0,0.002505248069763184
1785290171.6005847,0.0,0.0,0.002512671947479248
1785290171.603519,0.0,0.0,0.0025490241050720214
1785290171.6063588,0.0,0.0,0.0024448320865631105
1785290171.6092951,0.0,0.0,0.0025554559230804444
1785290171.6121464,0.0,0.0,0.002469536066055298
1785290171.6150084,0.0,0.0,0.0024741759300231933
1785290171.6178975,0.0,0.0,0.0024795839786529543
1785290171.6207676,0.0,0.0,0.0024852159023284913
1785290171.6236475,0.0,0.0,0.0024923520088195802
1785290171.6265204,0.0,0.0,0.002481247901916504
1785290171.629393,0.0,0.0,0.0024833600521087648
1785290171.632323,0.0,0.0,0.0025359680652618406
1785290171.6352415,0.0,0.0,0.0025346240997314454
1785290171.6381214,0.0,0.0,0.002481152057647705
1785290171.641823,0.0,0.0,0.0033096959590911863
1785290171.644779,0.0,0.0,0.0025577919483184813
1785290171.6477327,0.0,0.0,0.002561919927597046
1785290171.65064,0.0,0.0,0.0025144319534301757
1785290171.6535547,0.0,0.0,0.002526463985443115
1785290171.6564918,0.0,0.0,0.0025543038845062256
1785290171.6593797,0.0,0.0,0.0024852800369262696
1785290171.662298,0.0,0.0,0.002527807950973511
1785290171.6651843,0.0,0.0,0.0024907519817352294
1785290171.6680472,0.0,0.0,0.0024724159240722657
1785290171.6709068,0.0,0.0,0.0024733119010925293
1785290171.673785,0.0,0.0,0.0024734721183776857
1785290171.6767147,0.0,0.0,0.0025377600193023683
1785290171.6796327,0.0,0.0,0.0025332798957824706
1785290171.6825433,0.0,0.0,0.0025176000595092773
1785290171.6854625,0.0,0.0,0.0025253119468688964
1785290171.6883597,0.0,0.0,0.002514400005340576
1785290171.6912727,0.0,0.0,0.0025258560180664064
1785290171.6941993,0.0,0.0,0.002533983945846558
1785290171.6979043,0.0,0.0,0.0033145599365234377
1785290171.700858,0.0,0.0,0.00256060791015625
1785290171.7037818,0.0,0.0,0.0025323200225830077
1785290171.7067075,0.0,0.0,0.0025376319885253907
1785290171.7096505,0.0,0.0,0.002557215929031372
1785290171.7125714,0.0,0.0,0.0025381760597229003
1785290171.7154684,0.0,0.0,0.0025065279006958006
1785290171.7183135,0.0,0.0,0.002458591938018799
1785290171.7212336,0.0,0.0,0.0025336639881134034
1785290171.7241292,0.0,0.0,0.0025091519355773927
1785290171.7269847,0.0,0.0,0.0024704639911651612
1785290171.7299151,0.0,0.0,0.002523967981338501
1785290171.7328792,0.0,0.0,0.002571392059326172
1785290171.73578,0.0,0.0,0.0025144319534301757
1785290171.7386692,0.0,0.0,0.0025011839866638185
1785290171.74155,0.0,0.0,0.00249401593208313
1785290171.744446,0.0,0.0,0.0025166079998016357
1785290171.747413,0.0,0.0,0.002577728033065796
1785290171.7510557,0.0,0.0,0.0032398080825805664
1785290171.7540822,0.0,0.0,0.00257590389251709
1785290171.7569873,0.0,0.0,0.002512415885925293
1785290171.7599027,0.0,0.0,0.00252124810218811
1785290171.7627904,0.0,0.0,0.002506175994873047
1785290171.765695,0.0,0.0,0.002499135971069336
1785290171.7685883,0.0,0.0,0.0025062720775604246
1785290171.7715313,0.0,0.0,0.0025457921028137205
1785290171.774386,0.0,0.0,0.002468767881393433
1785290171.7772686,0.0,0.0,0.0025012800693511965
1785290171.7801354,0.0,0.0,0.0024785919189453127
1785290171.7830129,0.0,0.0,0.0024888958930969238
1785290171.785864,0.0,0.0,0.0024456639289855957
1785290171.7887745,0.0,0.0,0.002528223991394043
1785290171.7916193,0.0,0.0,0.0024575679302215577
1785290171.794511,0.0,0.0,0.002504159927368164
1785290171.7973602,0.0,0.0,0.0024623360633850098
1785290171.8002284,0.0,0.0,0.002482111930847168
1785290171.8031573,0.0,0.0,0.0025456318855285646
1785290171.8068166,0.0,0.0,0.003262687921524048
1785290171.8098023,0.0,0.0,0.0025587520599365233
1785290171.812699,0.0,0.0,0.002508863925933838
1785290171.815597,0.0,0.0,0.0025075199604034423
1785290171.8184657,0.0,0.0,0.002482975959777832
1785290171.82138,0.0,0.0,0.002527616024017334
1785290171.8242857,0.0,0.0,0.002517343997955322
1785290171.8271637,0.0,0.0,0.002492192029953003
1785290171.8300583,0.0,0.0,0.0025000319480895997
1785290171.8329847,0.0,0.0,0.0025451838970184325
1785290171.8358834,0.0,0.0,0.0025091838836669923
1785290171.838797,0.0,0.0,0.002525696039199829
1785290171.8417308,0.0,0.0,0.002523519992828369
1785290171.8446658,0.0,0.0,0.002546880006790161
1785290171.8475556,0.0,0.0,0.00250543999671936
1785290171.8504322,0.0,0.0,0.0024890239238739014
1785290171.8533633,0.0,0.0,0.002544640064239502
1785290171.8562942,0.0,0.0,0.0025458879470825193
1785290171.8592327,0.0,0.0,0.0025400319099426268
1785290171.8625803,0.0,0.0,0.0029479680061340334
1785290171.8655264,0.0,0.0,0.002550879955291748
1785290171.8684442,0.0,0.0,0.00253436803817749
1785290171.8713439,0.0,0.0,0.0025127999782562256
1785290171.8741689,0.0,0.0,0.002441823959350586
1785290171.8770945,0.0,0.0,0.002536384105682373
1785290171.8799703,0.0,0.0,0.0024910080432891846
1785290171.8828666,0.0,0.0,0.002514208078384399
1785290171.885716,0.0,0.0,0.0024405438899993896
1785290171.8886561,0.0,0.0,0.0025572800636291504
1785290171.8915722,0.0,0.0,0.002524672031402588
1785290171.8944628,0.0,0.0,0.002506783962249756
1785290171.8973086,0.0,0.0,0.002462496042251587
1785290171.9002106,0.0,0.0,0.0025157759189605713
1785290171.903062,0.0,0.0,0.0024600639343261717
1785290171.90599,0.0,0.0,0.0025167040824890137
1785290171.9088893,0.0,0.0,0.002503711938858032
1785290171.9117742,0.0,0.0,0.0024963200092315676
1785290171.914704,0.0,0.0,0.0025311360359191893
1785290171.9183345,0.0,0.0,0.003241856098175049
1785290171.9213092,0.0,0.0,0.0025695359706878664
1785290171.9242046,0.0,0.0,0.002503232002258301
1785290171.9270623,0.0,0.0,0.0024663360118865967
1785290171.9299927,0.0,0.0,0.002520096063613892
1785290171.9329274,0.0,0.0,0.0025462400913238525
1785290171.9359112,0.0,0.0,0.002579391956329346
1785290171.9388168,0.0,0.0,0.002515136003494263
1785290171.9417415,0.0,0.0,0.0025220160484313967
1785290171.9446626,0.0,0.0,0.002531519889831543
1785290171.9475653,0.0,0.0,0.002504192113876343
1785290171.9504156,0.0,0.0,0.0024656960964202883
1785290171.9532554,0.0,0.0,0.002458303928375244
1785290171.9561234,0.0,0.0,0.0024879040718078613
1785290171.9589872,0.0,0.0,0.002485759973526001
1785290171.9618914,0.0,0.0,0.002497247934341431
1785290171.9648013,0.0,0.0,0.002521728038787842
1785290171.9676945,0.0,0.0,0.0025066559314727782
1785290171.970547,0.0,0.0,0.0024607999324798586
1785290171.974359,0.0,0.0,0.0034301440715789793
1785290171.9772246,0.0,0.0,0.0024705600738525392
1785290171.9800975,0.0,0.0,0.0024890239238739014
1785290171.982966,0.0,0.0,0.002481343984603882
1785290171.9858713,0.0,0.0,0.002500704050064087
1785290171.9887784,0.0,0.0,0.002525023937225342
1785290171.991714,0.0,0.0,0.0025457921028137205
1785290171.9946127,0.0,0.0,0.002512160062789917
1785290171.9974802,0.0,0.0,0.0024836800098419188
1785290172.0004535,0.0,0.0,0.0025898239612579346
1785290172.003352,0.0,0.0,0.0025072638988494875
1785290172.006218,0.0,0.0,0.002478463888168335
1785290172.0091808,0.0,0.0,0.002573983907699585
1785290172.0121253,0.0,0.0,0.002550559997558594
1785290172.015031,0.0,0.0,0.0025099520683288575
1785290172.017967,0.0,0.0,0.0025330240726470945
1785290172.0208957,0.0,0.0,0.002543519973754883
1785290172.0238545,0.0,0.0,0.002568543910980225
1785290172.0275512,0.0,0.0,0.003300287961959839
1785290172.0305452,0.0,0.0,0.0025631999969482422
1785290172.0334709,0.0,0.0,0.002541791915893555
1785290172.03637,0.0,0.0,0.002514080047607422
1785290172.039273,0.0,0.0,0.002518143892288208
1785290172.0421944,0.0,0.0,0.0025341439247131346
1785290172.0451474,0.0,0.0,0.0025682880878448488
1785290172.0480416,0.0,0.0,0.002509536027908325
1785290172.0508955,0.0,0.0,0.002470976114273071
1785290172.053783,0.0,0.0,0.0024724159240722657
1785290172.056673,0.0,0.0,0.0025064640045166014
1785290172.0595424,0.0,0.0,0.0024844160079956056
1785290172.0623667,0.0,0.0,0.002438143968582153
1785290172.0653064,0.0,0.0,0.002555232048034668
1785290172.0682194,0.0,0.0,0.0025294079780578613
1785290172.0710514,0.0,0.0,0.0024488959312438966
1785290172.0739381,0.0,0.0,0.0024714879989624025
1785290172.0768833,0.0,0.0,0.00256060791015625
1785290172.0798542,0.0,0.0,0.002570496082305908
1785290172.0835285,0.0,0.0,0.0032812800407409667
1785290172.0864258,0.0,0.0,0.0024971840381622316
1785290172.0893505,0.0,0.0,0.0025407040119171144
1785290172.0922976,0.0,0.0,0.002556384086608887
1785290172.0951912,0.0,0.0,0.002505376100540161
1785290172.0981116,0.0,0.0,0.002532543897628784
1785290172.101042,0.0,0.0,0.0025430080890655516
1785290172.1039596,0.0,0.0,0.0025324480533599853
1785290172.1068246,0.0,0.0,0.0024800639152526855
1785290172.1097395,0.0,0.0,0.002501919984817505
1785290172.1126025,0.0,0.0,0.0024761600494384766
1785290172.1155381,0.0,0.0,0.0025499520301818846
1785290172.1183717,0.0,0.0,0.002447455883026123
1785290172.1212838,0.0,0.0,0.002523904085159302
1785290172.1242096,0.0,0.0,0.0025380480289459227
1785290172.127138,0.0,0.0,0.002541311979293823
1785290172.1300385,0.0,0.0,0.002519263982772827
1785290172.13297,0.0,0.0,0.0025458879470825193
1785290172.1358633,0.0,0.0,0.002506943941116333
1785290172.1394553,0.0,0.0,0.0032020161151885985
1785290172.1423676,0.0,0.0,0.002514303922653198
1785290172.145267,0.0,0.0,0.0025156478881835937
1785290172.1481533,0.0,0.0,0.0024960319995880127
1785290172.1510077,0.0,0.0,0.0024632320404052734
1785290172.1538773,0.0,0.0,0.002456896066665649
1785290172.1567445,0.0,0.0,0.002476959943771362
1785290172.1596546,0.0,0.0,0.002521791934967041
1785290172.16253,0.0,0.0,0.002481823921203613
1785290172.1654766,0.0,0.0,0.00256329607963562
1785290172.168406,0.0,0.0,0.0025367679595947267
1785290172.1713204,0.0,0.0,0.0025275518894195556
1785290172.174241,0.0,0.0,0.002532095909118652
1785290172.177181,0.0,0.0,0.0025521280765533447
1785290172.180085,0.0,0.0,0.0025175039768218993
1785290172.1829617,0.0,0.0,0.0024932160377502443
1785290172.1858401,0.0,0.0,0.0024717121124267576
1785290172.1887813,0.0,0.0,0.002555327892303467
1785290172.1917114,0.0,0.0,0.0025375359058380127
1785290172.1954243,0.0,0.0,0.0033197760581970214
1785290172.1982915,0.0,0.0,0.002458847999572754
1785290172.2011852,0.0,0.0,0.002511039972305298
1785290172.2040966,0.0,0.0,0.0025286080837249756
1785290172.2069917,0.0,0.0,0.0025067520141601562
1785290172.2099147,0.0,0.0,0.00251580810546875
1785290172.2128525,0.0,0.0,0.0025525760650634767
1785290172.2157764,0.0,0.0,0.002535520076751709
1785290172.2186701,0.0,0.0,0.002507551908493042
1785290172.2215846,0.0,0.0,0.002536672115325928
1785290172.2244594,0.0,0.0,0.002488192081451416
1785290172.2273107,0.0,0.0,0.002455935955047607
1785290172.2301662,0.0,0.0,0.0024659841060638427
1785290172.233025,0.0,0.0,0.002475840091705322
1785290172.2358801,0.0,0.0,0.002468991994857788
1785290172.2387786,0.0,0.0,0.0025079679489135743
1785290172.241734,0.0,0.0,0.0025446720123291017
1785290172.2447033,0.0,0.0,0.0025789120197296143
1785290172.247648,0.0,0.0,0.0025446720123291017
1785290172.2513213,0.0,0.0,0.0025859520435333253
1785290172.254208,0.0,0.0,0.0025034880638122557
1785290172.2571268,0.0,0.0,0.002534111976623535
1785290172.259983,0.0,0.0,0.0024623680114746094
1785290172.2628126,0.0,0.0,0.0024459519386291506
1785290172.2657444,0.0,0.0,0.0025183680057525634
1785290172.2686353,0.0,0.0,0.002502592086791992
1785290172.2715173,0.0,0.0,0.002501152038574219
1785290172.274412,0.0,0.0,0.002505120038986206
1785290172.277332,0.0,0.0,0.0025355520248413086
1785290172.2802453,0.0,0.0,0.0025258560180664064
1785290172.2831063,0.0,0.0,0.002456671953201294
1785290172.2859924,0.0,0.0,0.0024952640533447267
1785290172.2889135,0.0,0.0,0.0025379838943481443
1785290172.2918139,0.0,0.0,0.002519520044326782
1785290172.294678,0.0,0.0,0.002477855920791626
1785290172.297563,0.0,0.0,0.0024980480670928956
1785290172.3005145,0.0,0.0,0.002562848091125488
1785290172.304205,0.0,0.0,0.0033052799701690674
1785290172.3071904,0.0,0.0,0.0025818240642547607
1785290172.3100934,0.0,0.0,0.0025104639530181883
1785290172.3130183,0.0,0.0,0.002536832094192505
1785290172.3159323,0.0,0.0,0.002529792070388794
1785290172.318761,0.0,0.0,0.002445631980895996
1785290172.3216794,0.0,0.0,0.0025093119144439695
1785290172.3246162,0.0,0.0,0.002551487922668457
1785290172.327525,0.0,0.0,0.0025184640884399413
1785290172.3304477,0.0,0.0,0.002527967929840088
1785290172.3333583,0.0,0.0,0.002519615888595581
1785290172.3362665,0.0,0.0,0.002511519908905029
1785290172.3391862,0.0,0.0,0.0025301439762115477
1785290172.3420873,0.0,0.0,0.0025119359493255616
1785290172.3450227,0.0,0.0,0.00255184006690979
1785290172.3479369,0.0,0.0,0.002524672031402588
1785290172.3508549,0.0,0.0,0.0025363519191741943
1785290172.3537264,0.0,0.0,0.0024593920707702637
1785290172.356791,0.0,0.0,0.00267411208152771
1785290172.3600771,0.0,0.0,0.002893631935119629
1785290172.3630278,0.0,0.0,0.0025513920783996583
1785290172.365985,0.0,0.0,0.0025401279926300048
1785290172.368856,0.0,0.0,0.002479840040206909
1785290172.3717613,0.0,0.0,0.0025259521007537844
1785290172.3746448,0.0,0.0,0.002495455980300903
1785290172.3775215,0.0,0.0,0.002489727973937988
1785290172.3804426,0.0,0.0,0.0025374720096588135
1785290172.3832872,0.0,0.0,0.0024577920436859133
1785290172.386177,0.0,0.0,0.0025023040771484377
1785290172.3890889,0.0,0.0,0.002527424097061157
1785290172.391978,0.0,0.0,0.0025003840923309324
1785290172.394871,0.0,0.0,0.0025067520141601562
1785290172.3977733,0.0,0.0,0.0024879679679870605
1785290172.4006283,0.0,0.0,0.0024685120582580568
1785290172.40348,0.0,0.0,0.002466655969619751
1785290172.406364,0.0,0.0,0.0024969921112060547
1785290172.409236,0.0,0.0,0.002480959892272949
1785290172.4121802,0.0,0.0,0.0025511040687561035
1785290172.415373,0.0,0.0,0.0028014719486236573
1785290172.418307,0.0,0.0,0.002533888101577759
1785290172.4211981,0.0,0.0,0.002511615991592407
1785290172.4241056,0.0,0.0,0.0025141119956970217
1785290172.4269974,0.0,0.0,0.00249945592880249
1785290172.4299147,0.0,0.0,0.0025034880638122557
1785290172.432758,0.0,0.0,0.0024611198902130126
1785290172.4356143,0.0,0.0,0.0024719679355621337
1785290172.4384737,0.0,0.0,0.0024760000705718994
1785290172.4413922,0.0,0.0,0.0025284159183502197
1785290172.4442885,0.0,0.0,0.0025092480182647707
1785290172.4471455,0.0,0.0,0.0024703679084777832
1785290172.4500296,0.0,0.0,0.0024881598949432373
1785290172.452926,0.0,0.0,0.0025140480995178224
1785290172.4558337,0.0,0.0,0.0025253760814666747
1785290172.458714,0.0,0.0,0.0024983360767364504
1785290172.4616344,0.0,0.0,0.0025288000106811525
1785290172.46457,0.0,0.0,0.002548640012741089
1785290172.4675467,0.0,0.0,0.0025816640853881835
1785290172.4711502,0.0,0.0,0.003208415985107422
1785290172.474004,0.0,0.0,0.0024531519412994383
1785290172.4769132,0.0,0.0,0.002519551992416382
1785290172.4798203,0.0,0.0,0.002525791883468628
1785290172.4826965,0.0,0.0,0.002491584062576294
1785290172.4855893,0.0,0.0,0.002502784013748169
1785290172.48848,0.0,0.0,0.002500351905822754
1785290172.4913867,0.0,0.0,0.0025171520709991453
1785290172.4942818,0.0,0.0,0.0025073919296264647
1785290172.4971964,0.0,0.0,0.0025310399532318113
1785290172.5001395,0.0,0.0,0.0025486719608306886
1785290172.5030262,0.0,0.0,0.0025043520927429197
1785290172.5059288,0.0,0.0,0.0024944000244140627
1785290172.5087922,0.0,0.0,0.0024830079078674316
1785290172.5117598,0.0,0.0,0.002581696033477783
1785290172.5146754,0.0,0.0,0.002520960092544556
1785290172.5175953,0.0,0.0,0.002533983945846558
1785290172.5205355,0.0,0.0,0.0025437440872192385
1785290172.5235121,0.0,0.0,0.0025775680541992186
1785290172.5272086,0.0,0.0,0.0033030719757080078
1785290172.5300808,0.0,0.0,0.0024728639125823973
1785290172.5330088,0.0,0.0,0.0025464320182800293
1785290172.5358639,0.0,0.0,0.002469248056411743
1785290172.538762,0.0,0.0,0.0025109760761260987
1785290172.5416787,0.0,0.0,0.002511552095413208
1785290172.5445685,0.0,0.0,0.002502847909927368
1785290172.5474799,0.0,0.0,0.0025216000080108643
1785290172.550385,0.0,0.0,0.002519263982772827
1785290172.5532985,0.0,0.0,0.002529344081878662
1785290172.5562208,0.0,0.0,0.002535808086395264
1785290172.5590584,0.0,0.0,0.0024504640102386475
1785290172.5619662,0.0,0.0,0.0024950718879699707
1785290172.5648339,0.0,0.0,0.002485343933105469
1785290172.5676873,0.0,0.0,0.00246287989616394
1785290172.570594,0.0,0.0,0.0025065279006958006
1785290172.573516,0.0,0.0,0.002535615921020508
1785290172.5764296,0.0,0.0,0.002527008056640625
1785290172.5793657,0.0,0.0,0.002541696071624756
1785290172.582947,0.0,0.0,0.0025053439140319826
1785290172.585888,0.0,0.0,0.002527904033660889
1785290172.5888019,0.0,0.0,0.0025315840244293213
1785290172.5917158,0.0,0.0,0.002527904033660889
1785290172.5946193,0.0,0.0,0.002521791934967041
1785290172.5975306,0.0,0.0,0.0025253760814666747
1785290172.6004357,0.0,0.0,0.0025170559883117677
1785290172.6033099,0.0,0.0,0.0024866559505462645
1785290172.606168,0.0,0.0,0.0024775679111480715
1785290172.6090782,0.0,0.0,0.002522144079208374
1785290172.6119304,0.0,0.0,0.0024612159729003906
1785290172.6147974,0.0,0.0,0.0024811840057373047
1785290172.6177163,0.0,0.0,0.0025088319778442383
1785290172.6206,0.0,0.0,0.0025013439655303957
1785290172.6234949,0.0,0.0,0.0025070080757141114
1785290172.6263745,0.0,0.0,0.002493727922439575
1785290172.6292605,0.0,0.0,0.00250543999671936
1785290172.632185,0.0,0.0,0.0025322558879852294
1785290172.6358447,0.0,0.0,0.0032633280754089354
1785290172.638768,0.0,0.0,0.0025136001110076904
1785290172.6416426,0.0,0.0,0.002466912031173706
1785290172.6445487,0.0,0.0,0.002522079944610596
1785290172.6474154,0.0,0.0,0.0024805440902709963
1785290172.6502943,0.0,0.0,0.0025006399154663085
1785290172.653208,0.0,0.0,0.0025285120010375976
1785290172.6560435,0.0,0.0,0.002446336030960083
1785290172.6588566,0.0,0.0,0.002431296110153198
1785290172.6617496,0.0,0.0,0.002487328052520752
1785290172.6646512,0.0,0.0,0.0025224640369415283
1785290172.6674879,0.0,0.0,0.002453088045120239
1785290172.6703844,0.0,0.0,0.0025096640586853027
1785290172.6732752,0.0,0.0,0.0025014081001281737
1785290172.6761832,0.0,0.0,0.0025210559368133547
1785290172.6790707,0.0,0.0,0.002498591899871826
1785290172.6819587,0.0,0.0,0.0024795839786529543
1785290172.6848853,0.0,0.0,0.0025451838970184325
1785290172.6878324,0.0,0.0,0.0025570878982543945
1785290172.691537,0.0,0.0,0.0033146560192108153
1785290172.6944392,0.0,0.0,0.002502496004104614
1785290172.6973577,0.0,0.0,0.002532095909118652
1785290172.7002568,0.0,0.0,0.0025152959823608397
1785290172.7031343,0.0,0.0,0.0024927680492401122
1785290172.7060285,0.0,0.0,0.002504159927368164
1785290172.7089636,0.0,0.0,0.002547424077987671
1785290172.7118802,0.0,0.0,0.0025260159969329836
1785290172.7147782,0.0,0.0,0.0025111680030822756
1785290172.7177136,0.0,0.0,0.002534751892089844
1785290172.7206318,0.0,0.0,0.0025444159507751465
1785290172.7234936,0.0,0.0,0.002478208065032959
1785290172.726407,0.0,0.0,0.002522495985031128
1785290172.7292962,0.0,0.0,0.002505536079406738
1785290172.7322235,0.0,0.0,0.0025487039089202882
1785290172.7351367,0.0,0.0,0.00252294397354126
1785290172.7380207,0.0,0.0,0.002496511936187744
1785290172.7409747,0.0,0.0,0.0025616641044616697
1785290172.743936,0.0,0.0,0.002562079906463623
1785290172.7476234,0.0,0.0,0.0032978560924530028
1785290172.7505827,0.0,0.0,0.0025622398853302002
1785290172.7535114,0.0,0.0,0.002536128044128418
1785290172.756425,0.0,0.0,0.002529887914657593
1785290172.7593477,0.0,0.0,0.0025386240482330323
1785290172.7622344,0.0,0.0,0.0025016961097717285
1785290172.7650912,0.0,0.0,0.0024735679626464845
1785290172.768011,0.0,0.0,0.002538464069366455
1785290172.770902,0.0,0.0,0.002502880096435547
1785290172.773819,0.0,0.0,0.0025033919811248777
1785290172.776715,0.0,0.0,0.002511231899261475
1785290172.7796443,0.0,0.0,0.0025408959388732912
1785290172.7825496,0.0,0.0,0.0025196800231933594
1785290172.785473,0.0,0.0,0.0025420479774475096
1785290172.7884004,0.0,0.0,0.0025392639636993408
1785290172.7913303,0.0,0.0,0.0025435841083526613
1785290172.794194,0.0,0.0,0.002477920055389404
1785290172.797094,0.0,0.0,0.0025149760246276857
1785290172.8000548,0.0,0.0,0.0025651841163635255
1785290172.803808,0.0,0.0,0.0033568000793457032
1785290172.8067224,0.0,0.0,0.002527424097061157
1785290172.809595,0.0,0.0,0.0024852800369262696
1785290172.812431,0.0,0.0,0.002452575922012329
1785290172.8152719,0.0,0.0,0.002456127882003784
1785290172.818145,0.0,0.0,0.0024843199253082276
1785290172.8210127,0.0,0.0,0.0024872961044311525
1785290172.8239064,0.0,0.0,0.002512511968612671
1785290172.8267407,0.0,0.0,0.0024446399211883545
1785290172.829654,0.0,0.0,0.0025043199062347414
1785290172.8325691,0.0,0.0,0.0025261440277099608
1785290172.835441,0.0,0.0,0.002483648061752319
1785290172.8383164,0.0,0.0,0.00248688006401062
1785290172.8412416,0.0,0.0,0.002539232015609741
1785290172.8441377,0.0,0.0,0.0025160319805145265
1785290172.8469882,0.0,0.0,0.0024625279903411866
1785290172.849875,0.0,0.0,0.002486720085144043
1785290172.8528104,0.0,0.0,0.0025547521114349363
1785290172.8557215,0.0,0.0,0.0025174720287322997
1785290172.8593633,0.0,0.0,0.0032439041137695313
1785290172.862254,0.0,0.0,0.002505023956298828
1785290172.865165,0.0,0.0,0.0025266880989074708
1785290172.8681056,0.0,0.0,0.0025532801151275635
1785290172.870947,0.0,0.0,0.0024519679546356203
1785290172.8738577,0.0,0.0,0.002501568078994751
1785290172.8767698,0.0,0.0,0.0025295679569244385
1785290172.8796732,0.0,0.0,0.002516416072845459
1785290172.8826034,0.0,0.0,0.0025466880798339846
1785290172.8854525,0.0,0.0,0.002462496042251587
1785290172.888301,0.0,0.0,0.002466048002243042
1785290172.8912175,0.0,0.0,0.002528320074081421
1785290172.894124,0.0,0.0,0.0025074880123138426
1785290172.8970296,0.0,0.0,0.002487744092941284
1785290172.8998952,0.0,0.0,0.0024641599655151366
1785290172.9027894,0.0,0.0,0.0025104320049285887
1785290172.905736,0.0,0.0,0.0025348799228668215
1785290172.9086974,0.0,0.0,0.002571712017059326
1785290172.9123435,0.0,0.0,0.0032561600208282472
1785290172.9153638,0.0,0.0,0.002615679979324341
1785290172.9182835,0.0,0.0,0.0025262401103973387
1785290172.9212165,0.0,0.0,0.0025488319396972654
1785290172.9241414,0.0,0.0,0.002545504093170166
1785290172.9270298,0.0,0.0,0.00250217604637146
1785290172.9299374,0.0,0.0,0.002496671915054321
1785290172.9328628,0.0,0.0,0.0025436480045318605
1785290172.935829,0.0,0.0,0.0025700159072875976
1785290172.938757,0.0,0.0,0.002533407926559448
1785290172.9416652,0.0,0.0,0.0025048959255218506
1785290172.9445984,0.0,0.0,0.002542272090911865
1785290172.947509,0.0,0.0,0.0025187199115753174
1785290172.9504163,0.0,0.0,0.002520927906036377
1785290172.953328,0.0,0.0,0.0025308799743652345
1785290172.9562733,0.0,0.0,0.0025556800365448
1785290172.9592001,0.0,0.0,0.0025361599922180175
1785290172.9620688,0.0,0.0,0.002484895944595337
1785290172.965052,0.0,0.0,0.002590751886367798
1785290172.9686723,0.0,0.0,0.003229439973831177
1785290172.9716272,0.0,0.0,0.002554176092147827
1785290172.9745026,0.0,0.0,0.002487328052520752
1785290172.9774463,0.0,0.0,0.002555039882659912
1785290172.9803617,0.0,0.0,0.0025250558853149416
1785290172.983275,0.0,0.0,0.002523616075515747
1785290172.986168,0.0,0.0,0.0024983038902282716
1785290172.9891157,0.0,0.0,0.0025597760677337645
1785290172.9920456,0.0,0.0,0.0025398399829864504
1785290172.9949398,0.0,0.0,0.00250380802154541
1785290172.9978418,0.0,0.0,0.002492448091506958
1785290173.000743,0.0,0.0,0.0025148160457611085
1785290173.003577,0.0,0.0,0.0024506239891052247
1785290173.006455,0.0,0.0,0.002494208097457886
1785290173.0093668,0.0,0.0,0.002529184103012085
1785290173.012237,0.0,0.0,0.0024825921058654783
1785290173.0151591,0.0,0.0,0.002533695936203003
1785290173.0179927,0.0,0.0,0.002449023962020874
1785290173.0209177,0.0,0.0,0.0025354878902435303
1785290173.0245607,0.0,0.0,0.003251807928085327
1785290173.0274837,0.0,0.0,0.0025265278816223144
1785290173.0303822,0.0,0.0,0.0025117759704589844
1785290173.0332992,0.0,0.0,0.002540447950363159
1785290173.0362344,0.0,0.0,0.002549920082092285
1785290173.039143,0.0,0.0,0.0025170559883117677
1785290173.0420575,0.0,0.0,0.002519263982772827
1785290173.0449839,0.0,0.0,0.0025412800312042236
1785290173.0479405,0.0,0.0,0.0025617599487304686
1785290173.0508382,0.0,0.0,0.0025136001110076904
1785290173.0536873,0.0,0.0,0.0024453120231628417
1785290173.0566072,0.0,0.0,0.0025305919647216797
1785290173.0595403,0.0,0.0,0.0025447680950164797
1785290173.062452,0.0,0.0,0.0025302720069885253
1785290173.0653915,0.0,0.0,0.002555936098098755
1785290173.068265,0.0,0.0,0.002485568046569824
1785290173.0711744,0.0,0.0,0.0025267839431762696
1785290173.0740652,0.0,0.0,0.002499488115310669
1785290173.07702,0.0,0.0,0.0025681281089782715
1785290173.0807781,0.0,0.0,0.003365567922592163
1785290173.083696,0.0,0.0,0.0025338559150695802
1785290173.0865905,0.0,0.0,0.0025105280876159667
1785290173.0895038,0.0,0.0,0.0025335679054260254
1785290173.0923855,0.0,0.0,0.0024917120933532714
1785290173.0952938,0.0,0.0,0.002527424097061157
1785290173.0981474,0.0,0.0,0.0024721920490264893
1785290173.1010704,0.0,0.0,0.0025336639881134034
1785290173.1039603,0.0,0.0,0.002499360084533691
1785290173.1068163,0.0,0.0,0.0024734079837799073
1785290173.1097364,0.0,0.0,0.0025092799663543703
1785290173.112637,0.0,0.0,0.0025208001136779786
1785290173.1155202,0.0,0.0,0.0024988479614257812
1785290173.1184256,0.0,0.0,0.0025181119441986086
1785290173.121353,0.0,0.0,0.0025486719608306886
1785290173.1242652,0.0,0.0,0.002529536008834839
1785290173.127192,0.0,0.0,0.0025397119522094728
1785290173.130155,0.0,0.0,0.0025735681056976317
1785290173.1338723,0.0,0.0,0.0033287041187286376
1785290173.1368728,0.0,0.0,0.0025818560123443603
1785290173.1398127,0.0,0.0,0.0025538880825042723
1785290173.1426733,0.0,0.0,0.0024728319644927977
1785290173.1455328,0.0,0.0,0.002473536014556885
1785290173.1484504,0.0,0.0,0.0025299520492553713
1785290173.1513746,0.0,0.0,0.0025397439002990724
1785290173.154256,0.0,0.0,0.0024976000785827636
1785290173.1571262,0.0,0.0,0.0024863998889923097
1785290173.15999,0.0,0.0,0.002478463888168335
1785290173.1628628,0.0,0.0,0.0024885439872741697
1785290173.1657698,0.0,0.0,0.002498944044113159
1785290173.168676,0.0,0.0,0.0025174400806427
1785290173.1715446,0.0,0.0,0.002483839988708496
1785290173.1744323,0.0,0.0,0.0024969921112060547
1785290173.1773326,0.0,0.0,0.0025207040309906006
1785290173.1801805,0.0,0.0,0.0024630401134490966
1785290173.183014,0.0,0.0,0.002448767900466919
1785290173.1859486,0.0,0.0,0.0025253760814666747
1785290173.189659,0.0,0.0,0.0033194561004638674
1785290173.1925938,0.0,0.0,0.0025331840515136718
1785290173.1954808,0.0,0.0,0.0025033919811248777
1785290173.1983998,0.0,0.0,0.002533152103424072
1785290173.2013226,0.0,0.0,0.0025407679080963136
1785290173.2042358,0.0,0.0,0.002527168035507202
1785290173.2071645,0.0,0.0,0.002542207956314087
1785290173.2100549,0.0,0.0,0.002502496004104614
1785290173.2129695,0.0,0.0,0.0025299201011657717
1785290173.215892,0.0,0.0,0.0025357439517974855
1785290173.2187786,0.0,0.0,0.002502592086791992
1785290173.22164,0.0,0.0,0.0024499518871307375
1785290173.2245727,0.0,0.0,0.002538271903991699
1785290173.2274678,0.0,0.0,0.002511264085769653
1785290173.2303507,0.0,0.0,0.002504512071609497
1785290173.2332258,0.0,0.0,0.0024923520088195802
1785290173.2361307,0.0,0.0,0.002513279914855957
1785290173.2390335,0.0,0.0,0.002518304109573364
1785290173.241919,0.0,0.0,0.002476991891860962
1785290173.2455673,0.0,0.0,0.0032576959133148193
1785290173.2484956,0.0,0.0,0.0025347840785980226
1785290173.2513936,0.0,0.0,0.002509119987487793
1785290173.254214,0.0,0.0,0.002436415910720825
1785290173.2571383,0.0,0.0,0.0025417280197143556
1785290173.260057,0.0,0.0,0.0025346879959106446
1785290173.2629404,0.0,0.0,0.002493407964706421
1785290173.2658734,0.0,0.0,0.0025164480209350585
1785290173.2688034,0.0,0.0,0.0025427839756011965
1785290173.2717133,0.0,0.0,0.0025229759216308595
1785290173.274563,0.0,0.0,0.0024667201042175295
1785290173.2775102,0.0,0.0,0.0025564799308776857
1785290173.2804546,0.0,0.0,0.002560544013977051
1785290173.2833574,0.0,0.0,0.0025149118900299073
1785290173.2861972,0.0,0.0,0.002459104061126709
1785290173.289089,0.0,0.0,0.002508415937423706
1785290173.292011,0.0,0.0,0.0025280640125274656
1785290173.2963536,0.0,0.0,0.0039519999027252195
1785290173.300262,0.0,0.0,0.0034575040340423585
1785290173.3032897,0.0,0.0,0.002617311954498291
1785290173.3061862,0.0,0.0,0.0025035839080810546
1785290173.3091404,0.0,0.0,0.0025583040714263917
1785290173.31208,0.0,0.0,0.0025481278896331786
1785290173.3150127,0.0,0.0,0.0025402560234069824
1785290173.3179572,0.0,0.0,0.0025332798957824706
1785290173.3209045,0.0,0.0,0.002554527997970581
1785290173.3237894,0.0,0.0,0.0024916160106658934
1785290173.3266442,0.0,0.0,0.002473088026046753
1785290173.3295949,0.0,0.0,0.0025606400966644285
1785290173.3325293,0.0,0.0,0.002545696020126343
1785290173.3354263,0.0,0.0,0.0025103681087493895
1785290173.3383572,0.0,0.0,0.0025464320182800293
1785290173.3412728,0.0,0.0,0.0025292160511016844
1785290173.3441265,0.0,0.0,0.0024638400077819822
1785290173.3469596,0.0,0.0,0.0024457600116729737
1785290173.349888,0.0,0.0,0.002525343894958496
1785290173.3527865,0.0,0.0,0.0025052800178527834
1785290173.3563826,0.0,0.0,0.0032017920017242433
1785290173.3593414,0.0,0.0,0.0025565760135650636
1785290173.3621974,0.0,0.0,0.0024589118957519533
1785290173.3651354,0.0,0.0,0.0025556800365448
1785290173.3680272,0.0,0.0,0.002504256010055542
1785290173.3709338,0.0,0.0,0.0025201280117034914
1785290173.373861,0.0,0.0,0.0025096960067749023
1785290173.3767912,0.0,0.0,0.002536479949951172
1785290173.3797212,0.0,0.0,0.0025408639907836916
1785290173.3826022,0.0,0.0,0.0024935359954833983
1785290173.3855226,0.0,0.0,0.0025392639636993408
1785290173.3884623,0.0,0.0,0.0025564799308776857
1785290173.3913853,0.0,0.0,0.0025333759784698486
1785290173.39426,0.0,0.0,0.0024869120121002197
1785290173.3971887,0.0,0.0,0.002538271903991699
1785290173.4000492,0.0,0.0,0.0024746239185333254
1785290173.4029405,0.0,0.0,0.0024985599517822264
1785290173.4058099,0.0,0.0,0.002459455966949463
1785290173.4087431,0.0,0.0,0.0025423998832702637
1785290173.4124277,0.0,0.0,0.003292736053466797
1785290173.4153636,0.0,0.0,0.002545248031616211
1785290173.4182973,0.0,0.0,0.0025486719608306886
1785290173.421243,0.0,0.0,0.002556288003921509
1785290173.424151,0.0,0.0,0.0025178558826446534
1785290173.4270318,0.0,0.0,0.0024978880882263184
1785290173.4299335,0.0,0.0,0.0024925758838653563
1785290173.4328687,0.0,0.0,0.0025485119819641114
1785290173.4357362,0.0,0.0,0.0024824960231781008
1785290173.438648,0.0,0.0,0.0025295040607452393
1785290173.4415889,0.0,0.0,0.0025622079372406006
1785290173.4445317,0.0,0.0,0.0025541119575500488
1785290173.4474533,0.0,0.0,0.002538016080856323
1785290173.4503567,0.0,0.0,0.002517280101776123
1785290173.4532225,0.0,0.0,0.0024851839542388916
1785290173.4561348,0.0,0.0,0.0025277440547943116
1785290173.4590633,0.0,0.0,0.002538304090499878
1785290173.4620273,0.0,0.0,0.002551424026489258
1785290173.4656873,0.0,0.0,0.0032678720951080324
1785290173.4687037,0.0,0.0,0.0026088318824768067
1785290173.4715667,0.0,0.0,0.0024712319374084473
1785290173.4744663,0.0,0.0,0.0025119359493255616
1785290173.4774,0.0,0.0,0.002547584056854248
1785290173.480331,0.0,0.0,0.0025428481101989744
1785290173.4832036,0.0,0.0,0.0024825921058654783
1785290173.4861138,0.0,0.0,0.002516576051712036
1785290173.4890392,0.0,0.0,0.0025365440845489503
1785290173.4919527,0.0,0.0,0.0025251200199127195
1785290173.494859,0.0,0.0,0.0025195839405059814
1785290173.497797,0.0,0.0,0.0025281600952148436
1785290173.5006874,0.0,0.0,0.00251094388961792
1785290173.5035703,0.0,0.0,0.0025005760192871093
1785290173.5064523,0.0,0.0,0.0025003840923309324
1785290173.509291,0.0,0.0,0.002454783916473389
1785290173.5122187,0.0,0.0,0.0025466880798339846
1785290173.5151458,0.0,0.0,0.0025359039306640627
1785290173.5180295,0.0,0.0,0.0024879040718078613
1785290173.5216138,0.0,0.0,0.0032000958919525145
1785290173.5245953,0.0,0.0,0.002581696033477783
1785290173.5275404,0.0,0.0,0.002551775932312012
1785290173.5304365,0.0,0.0,0.0025096960067749023
1785290173.5333724,0.0,0.0,0.002542655944824219
1785290173.5362499,0.0,0.0,0.0024865920543670652
1785290173.5391412,0.0,0.0,0.002503904104232788
1785290173.5420327,0.0,0.0,0.002501823902130127
1785290173.5449152,0.0,0.0,0.0024998719692230225
1785290173.5477598,0.0,0.0,0.002458751916885376
1785290173.5506363,0.0,0.0,0.0024873919486999513
1785290173.5534961,0.0,0.0,0.0024757759571075438
1785290173.5564277,0.0,0.0,0.0025464320182800293
1785290173.5593495,0.0,0.0,0.0025320000648498533
1785290173.562255,0.0,0.0,0.0025184640884399413
1785290173.5651762,0.0,0.0,0.002536736011505127
1785290173.5680425,0.0,0.0,0.002476032018661499
1785290173.5709596,0.0,0.0,0.002535360097885132
1785290173.573889,0.0,0.0,0.0025165119171142577
1785290173.5776112,0.0,0.0,0.0033336639404296874
1785290173.5806139,0.0,0.0,0.002600735902786255
1785290173.583554,0.0,0.0,0.0025489280223846434
1785290173.5864632,0.0,0.0,0.0025167999267578125
1785290173.5894206,0.0,0.0,0.0025729920864105225
1785290173.5923238,0.0,0.0,0.002522847890853882
1785290173.5952024,0.0,0.0,0.0024865920543670652
1785290173.598088,0.0,0.0,0.0025011839866638185
1785290173.6009912,0.0,0.0,0.0025160319805145265
1785290173.6038687,0.0,0.0,0.002497056007385254
1785290173.6068075,0.0,0.0,0.00255731201171875
1785290173.609764,0.0,0.0,0.0025438399314880373
1785290173.6126797,0.0,0.0,0.002530848026275635
1785290173.6155617,0.0,0.0,0.0024916160106658934
1785290173.6184952,0.0,0.0,0.002542975902557373
1785290173.6214533,0.0,0.0,0.0025714240074157717
1785290173.6243453,0.0,0.0,0.0025060479640960694
1785290173.62729,0.0,0.0,0.002557503938674927
1785290173.630199,0.0,0.0,0.002512063980102539
1785290173.6340127,0.0,0.0,0.003420639991760254
1785290173.636935,0.0,0.0,0.0025295679569244385
1785290173.6398304,0.0,0.0,0.0025101120471954347
1785290173.642729,0.0,0.0,0.0025079679489135743
1785290173.6455927,0.0,0.0,0.0024602560997009277
1785290173.6484838,0.0,0.0,0.002505311965942383
1785290173.6513736,0.0,0.0,0.002503232002258301
1785290173.6542335,0.0,0.0,0.002454400062561035
1785290173.6571505,0.0,0.0,0.0025339200496673586
1785290173.6600084,0.0,0.0,0.0024786560535430906
1785290173.6629019,0.0,0.0,0.002511904001235962
1785290173.6657627,0.0,0.0,0.002447904109954834
1785290173.6686244,0.0,0.0,0.0024807679653167723
1785290173.6715472,0.0,0.0,0.002533951997756958
1785290173.674432,0.0,0.0,0.002494591951370239
1785290173.6773221,0.0,0.0,0.002508512020111084
1785290173.6802235,0.0,0.0,0.0025122239589691164
1785290173.683158,0.0,0.0,0.002545759916305542
1785290173.68681,0.0,0.0,0.0032530241012573243
1785290173.6897895,0.0,0.0,0.002547584056854248
1785290173.692654,0.0,0.0,0.002477920055389404
1785290173.6955402,0.0,0.0,0.0025091519355773927
1785290173.6984043,0.0,0.0,0.002478559970855713
1785290173.701328,0.0,0.0,0.002541791915893555
1785290173.704179,0.0,0.0,0.0024597759246826174
1785290173.7070673,0.0,0.0,0.002505919933319092
1785290173.7099898,0.0,0.0,0.0025126399993896484
1785290173.7129245,0.0,0.0,0.0025450880527496337
1785290173.715807,0.0,0.0,0.002501535892486572
1785290173.7186956,0.0,0.0,0.0025001280307769777
1785290173.7216237,0.0,0.0,0.002544831991195679
1785290173.7245371,0.0,0.0,0.0025217599868774415
1785290173.7274497,0.0,0.0,0.002527168035507202
1785290173.7303207,0.0,0.0,0.002478303909301758
1785290173.7332735,0.0,0.0,0.0025648961067199706
1785290173.7361453,0.0,0.0,0.0024816000461578367
1785290173.7390883,0.0,0.0,0.002545919895172119
1785290173.7427666,0.0,0.0,0.0032441599369049073
1785290173.7457588,0.0,0.0,0.0025613760948181154
1785290173.7487073,0.0,0.0,0.002562527894973755
1785290173.7516098,0.0,0.0,0.00251145601272583
1785290173.754509,0.0,0.0,0.002506335973739624
1785290173.757369,0.0,0.0,0.0024812800884246827
1785290173.760264,0.0,0.0,0.002507999897003174
1785290173.7631137,0.0,0.0,0.0024498879909515383
1785290173.7660208,0.0,0.0,0.002514688014984131
1785290173.7688932,0.0,0.0,0.002490303993225098
1785290173.7718296,0.0,0.0,0.0025529279708862303
1785290173.7746897,0.0,0.0,0.0024676799774169924
1785290173.7776127,0.0,0.0,0.0025363519191741943
1785290173.780475,0.0,0.0,0.0024713280200958252
1785290173.7834177,0.0,0.0,0.002549823999404907
1785290173.7862942,0.0,0.0,0.0024896960258483885
1785290173.789214,0.0,0.0,0.0025355520248413086
1785290173.7921643,0.0,0.0,0.0025536320209503176
1785290173.7950876,0.0,0.0,0.0025319681167602537
1785290173.798731,0.0,0.0,0.0032324481010437014
1785290173.8016927,0.0,0.0,0.0025467519760131838
1785290173.804597,0.0,0.0,0.002520384073257446
1785290173.8075335,0.0,0.0,0.0025495679378509523
1785290173.8103747,0.0,0.0,0.002455647945404053
1785290173.813321,0.0,0.0,0.002560544013977051
1785290173.8162766,0.0,0.0,0.002571552038192749
1785290173.8192394,0.0,0.0,0.002574592113494873
1785290173.8221295,0.0,0.0,0.0024953920841217043
1785290173.8250613,0.0,0.0,0.0025433599948883057
1785290173.8279066,0.0,0.0,0.0024610240459442137
1785290173.8308675,0.0,0.0,0.002575968027114868
1785290173.8337922,0.0,0.0,0.0025142719745635984
1785290173.8367136,0.0,0.0,0.0025350399017333982
1785290173.8395808,0.0,0.0,0.0024804480075836183
1785290173.8424387,0.0,0.0,0.0024712319374084473
1785290173.8454041,0.0,0.0,0.0025731520652770997
1785290173.8483636,0.0,0.0,0.002566335916519165
1785290173.851327,0.0,0.0,0.0025686080455780027
1785290173.8551762,0.0,0.0,0.003452127933502197
1785290173.8581085,0.0,0.0,0.0025337278842926026
1785290173.8610284,0.0,0.0,0.0025308799743652345
1785290173.8639526,0.0,0.0,0.0025383999347686767
1785290173.8668425,0.0,0.0,0.002499840021133423
1785290173.869757,0.0,0.0,0.002497728109359741
1785290173.8726294,0.0,0.0,0.0024874560832977297
1785290173.8755307,0.0,0.0,0.002509727954864502
1785290173.8784268,0.0,0.0,0.002511231899261475
1785290173.8813586,0.0,0.0,0.002546175956726074
1785290173.8842614,0.0,0.0,0.0025191679000854494
1785290173.8871937,0.0,0.0,0.002547424077987671
1785290173.8900278,0.0,0.0,0.0024396800994873047
1785290173.892941,0.0,0.0,0.0025300800800323485
1785290173.8958464,0.0,0.0,0.0025170879364013674
1785290173.898752,0.0,0.0,0.00251692795753479
1785290173.9016922,0.0,0.0,0.002535232067108154
1785290173.904689,0.0,0.0,0.0026037440299987794
1785290173.9084344,0.0,0.0,0.0033468480110168458
1785290173.9113936,0.0,0.0,0.0025496640205383302
1785290173.9142947,0.0,0.0,0.00251200008392334
1785290173.9172337,0.0,0.0,0.0025491199493408202
1785290173.920162,0.0,0.0,0.002541919946670532
1785290173.923112,0.0,0.0,0.002537343978881836
1785290173.9260142,0.0,0.0,0.0025085439682006835
1785290173.928974,0.0,0.0,0.0025706241130828856
1785290173.9319124,0.0,0.0,0.002545344114303589
1785290173.9348083,0.0,0.0,0.002514303922653198
1785290173.9377863,0.0,0.0,0.0025612800121307374
1785290173.9407058,0.0,0.0,0.0025235519409179687
1785290173.9436252,0.0,0.0,0.0025290560722351072
1785290173.9465055,0.0,0.0,0.002493920087814331
1785290173.9494164,0.0,0.0,0.0025285439491271973
1785290173.9523315,0.0,0.0,0.002534912109375
1785290173.9552522,0.0,0.0,0.002526463985443115
1785290173.9581826,0.0,0.0,0.002545504093170166
1785290173.9611442,0.0,0.0,0.0025744640827178953
1785290173.9650223,0.0,0.0,0.0034898879528045654
1785290173.9679587,0.0,0.0,0.0025460801124572753
1785290173.9708393,0.0,0.0,0.0024944319725036623
1785290173.9737425,0.0,0.0,0.002494688034057617
1785290173.9766564,0.0,0.0,0.0025237441062927247
1785290173.9795973,0.0,0.0,0.0025542080402374268
1785290173.9825206,0.0,0.0,0.002533247947692871
1785290173.9854476,0.0,0.0,0.0025424959659576417
1785290173.9883535,0.0,0.0,0.0025186879634857178
1785290173.9912646,0.0,0.0,0.002519520044326782
1785290173.9941201,0.0,0.0,0.0024700798988342284
1785290173.9969964,0.0,0.0,0.0024928319454193115
1785290173.999925,0.0,0.0,0.00254367995262146
1785290174.002814,0.0,0.0,0.002499840021133423
1785290174.0057282,0.0,0.0,0.002513472080230713
1785290174.0086567,0.0,0.0,0.0025437440872192385
1785290174.011556,0.0,0.0,0.002508320093154907
1785290174.0144768,0.0,0.0,0.0025298240184783937
1785290174.0173724,0.0,0.0,0.002502079963684082
1785290174.02113,0.0,0.0,0.0026150720119476317
1785290174.0240626,0.0,0.0,0.002532639980316162
1785290174.0269375,0.0,0.0,0.0024801599979400635
1785290174.0298681,0.0,0.0,0.0025212159156799314
