time,in_time,out_time,inference_time
1785290286.8994474,0.0,0.0,0.00047212792560458183
1785290286.9000669,0.0,0.0,0.0004265920724719763
1785290286.9006743,0.0,0.0,0.00040931208059191704
1785290286.901273,0.0,0.0,0.0004078398924320936
1785290286.901872,0.0,0.0,0.0004088960122317076
1785290286.9024787,0.0,0.0,0.0004161279648542404
1785290286.9030833,0.0,0.0,0.00040899193845689297
1785290286.903715,0.0,0.0,0.0004133440088480711
1785290286.9043202,0.0,0.0,0.0004107840359210968
1785290286.9049058,0.0,0.0,0.00039119995199143887
1785290286.9054842,0.0,0.0,0.000392192043364048
1785290286.9060628,0.0,0.0,0.00039353594183921814
1785290286.9066465,0.0,0.0,0.0003968318924307823
1785290286.907259,0.0,0.0,0.00042678392492234707
1785290286.9078426,0.0,0.0,0.00039414409548044205
1785290286.9084315,0.0,0.0,0.00039935996755957603
1785290286.9090059,0.0,0.0,0.00039177597500383854
1785290286.9095907,0.0,0.0,0.0003974719438701868
1785290286.9101665,0.0,0.0,0.00039391987957060337
1785290286.9107466,0.0,0.0,0.0003969601821154356
1785290286.9113421,0.0,0.0,0.0004142080433666706
1785290286.9119277,0.0,0.0,0.00040111993439495564
1785290286.9125023,0.0,0.0,0.00039199995808303356
1785290286.913087,0.0,0.0,0.00039782398380339146
1785290286.9136662,0.0,0.0,0.0003938879817724228
1785290286.9142487,0.0,0.0,0.0003956800792366266
1785290286.914831,0.0,0.0,0.00039539183489978313
1785290286.9154928,0.0,0.0,0.0004807680379599333
1785290286.916072,0.0,0.0,0.00039734411984682083
1785290286.9166586,0.0,0.0,0.0004000638145953417
1785290286.917245,0.0,0.0,0.0003988801036030054
1785290286.9178317,0.0,0.0,0.00040300795808434486
1785290286.918421,0.0,0.0,0.000402271980419755
1785290286.9189954,0.0,0.0,0.00039161602035164833
1785290286.9196005,0.0,0.0,0.0003949759993702173
1785290286.9201787,0.0,0.0,0.0003920001909136772
1785290286.9207494,0.0,0.0,0.0003903680481016636
1785290286.9213343,0.0,0.0,0.0003977920860052109
1785290286.9219086,0.0,0.0,0.00038502411916852
1785290286.9224837,0.0,0.0,0.00039119995199143887
1785290286.923064,0.0,0.0,0.00039152009412646294
1785290286.9236639,0.0,0.0,0.0003915519919246435
1785290286.924237,0.0,0.0,0.0003912320826202631
1785290286.9248104,0.0,0.0,0.00038665602914988995
1785290286.9253693,0.0,0.0,0.00038432003930211067
1785290286.9259305,0.0,0.0,0.00038553611375391483
1785290286.9265008,0.0,0.0,0.0003897920250892639
1785290286.9270678,0.0,0.0,0.0003862080629914999
1785290286.9276834,0.0,0.0,0.0003962880000472069
1785290286.9282503,0.0,0.0,0.0003858881536871195
1785290286.928828,0.0,0.0,0.00039033591747283936
1785290286.9293911,0.0,0.0,0.00038505601696670055
1785290286.9299755,0.0,0.0,0.0003996160812675953
1785290286.930544,0.0,0.0,0.00038956780917942524
1785290286.931131,0.0,0.0,0.00040832022204995155
1785290286.931722,0.0,0.0,0.00039391987957060337
1785290286.9322963,0.0,0.0,0.00039340811781585217
1785290286.9328613,0.0,0.0,0.0003932160325348377
1785290286.9334168,0.0,0.0,0.0003825598396360874
1785290286.9339757,0.0,0.0,0.0003842241130769253
1785290286.9345412,0.0,0.0,0.0003899838775396347
1785290286.9351308,0.0,0.0,0.00040716794319450855
1785290286.9357278,0.0,0.0,0.0004028158728033304
1785290286.9362946,0.0,0.0,0.0003855039831250906
1785290286.9368637,0.0,0.0,0.00038816011510789394
1785290286.9374268,0.0,0.0,0.0003847039770334959
1785290286.9379869,0.0,0.0,0.00038585602305829525
1785290286.938551,0.0,0.0,0.0003845759201794863
1785290286.9391499,0.0,0.0,0.00041968002915382385
1785290286.939731,0.0,0.0,0.00039344001561403275
1785290286.940303,0.0,0.0,0.0003884481266140938
1785290286.9408746,0.0,0.0,0.0003942078910768032
1785290286.9414454,0.0,0.0,0.00038579199463129044
1785290286.9420073,0.0,0.0,0.0003834241069853306
1785290286.9425654,0.0,0.0,0.0003860481083393097
1785290286.9431446,0.0,0.0,0.00040166405960917473
1785290286.943715,0.0,0.0,0.00038643181324005127
1785290286.9442825,0.0,0.0,0.00038166390731930733
1785290286.9448378,0.0,0.0,0.00037683197297155857
1785290286.9453921,0.0,0.0,0.0003799358382821083
1785290286.9459682,0.0,0.0,0.00039081601426005363
1785290286.9465363,0.0,0.0,0.0003895040135830641
1785290286.947132,0.0,0.0,0.00041273608803749084
1785290286.9477093,0.0,0.0,0.0003892481327056885
1785290286.9482734,0.0,0.0,0.00038358382880687714
1785290286.9488397,0.0,0.0,0.00038278382271528244
1785290286.9494057,0.0,0.0,0.0003845121245831251
1785290286.9499657,0.0,0.0,0.00038009602576494217
1785290286.950529,0.0,0.0,0.0003874879330396652
1785290286.9511209,0.0,0.0,0.0004068799316883087
1785290286.9517038,0.0,0.0,0.00039008003659546375
1785290286.9522772,0.0,0.0,0.00039023999124765396
1785290286.9528422,0.0,0.0,0.0003812799695879221
1785290286.953417,0.0,0.0,0.00038358382880687714
1785290286.9539886,0.0,0.0,0.00038937595672905445
1785290286.9545524,0.0,0.0,0.0003825922030955553
1785290286.9551568,0.0,0.0,0.00042198412120342255
1785290286.9557273,0.0,0.0,0.00038931192830204964
1785290286.9562976,0.0,0.0,0.000386752188205719
1785290286.9568603,0.0,0.0,0.00038048019632697105
1785290286.9574306,0.0,0.0,0.00038518384099006653
1785290286.9579897,0.0,0.0,0.00037884805351495743
1785290286.9585474,0.0,0.0,0.0003746559377759695
1785290286.9591322,0.0,0.0,0.00040390389040112495
1785290286.9606068,0.0,0.0,0.0012853119987994432
1785290286.961227,0.0,0.0,0.00041689607314765453
1785290286.9618073,0.0,0.0,0.000395776005461812
1785290286.9623792,0.0,0.0,0.0003866881597787142
1785290286.9629457,0.0,0.0,0.00038544018752872944
1785290286.9635715,0.0,0.0,0.0004105598200112581
1785290286.9641528,0.0,0.0,0.0003920639865100384
1785290286.9647238,0.0,0.0,0.0003882879391312599
1785290286.9652865,0.0,0.0,0.00038537592627108097
1785290286.9658515,0.0,0.0,0.00038358382880687714
1785290286.9664276,0.0,0.0,0.00039004813879728317
1785290286.966999,0.0,0.0,0.0003925119526684284
1785290286.967606,0.0,0.0,0.00039990409277379513
1785290286.9681807,0.0,0.0,0.0003889279905706644
1785290286.968758,0.0,0.0,0.0003879680298268795
1785290286.9693246,0.0,0.0,0.00038998411037027836
1785290286.9698915,0.0,0.0,0.0003913280088454485
1785290286.9704564,0.0,0.0,0.0003890239167958498
1785290286.9710321,0.0,0.0,0.000385248102247715
1785290286.9716318,0.0,0.0,0.00039072008803486824
1785290286.9721901,0.0,0.0,0.0003789758775383234
1785290286.9727592,0.0,0.0,0.000382463913410902
1785290286.9733229,0.0,0.0,0.0003829440101981163
1785290286.9738915,0.0,0.0,0.00039353594183921814
1785290286.9744625,0.0,0.0,0.0003881920129060745
1785290286.9750159,0.0,0.0,0.0003784960135817528
1785290286.9756088,0.0,0.0,0.0003879999276250601
1785290286.9761705,0.0,0.0,0.0003829440101981163
1785290286.9767323,0.0,0.0,0.00039004813879728317
1785290286.977321,0.0,0.0,0.0004009602125734091
1785290286.977878,0.0,0.0,0.00038035190664231777
1785290286.978432,0.0,0.0,0.0003845440223813057
1785290286.9790053,0.0,0.0,0.00038992008194327354
1785290286.9796019,0.0,0.0,0.00039344001561403275
1785290286.980173,0.0,0.0,0.00039033591747283936
1785290286.9807503,0.0,0.0,0.00039612804539501667
1785290286.9813116,0.0,0.0,0.00038675195537507534
1785290286.9818847,0.0,0.0,0.00038928003050386906
1785290286.9824467,0.0,0.0,0.0003868481144309044
1785290286.9830256,0.0,0.0,0.0003949119709432125
1785290286.9836245,0.0,0.0,0.00039215991273522377
1785290286.984188,0.0,0.0,0.00038956780917942524
1785290286.9847562,0.0,0.0,0.0003890239167958498
1785290286.9853165,0.0,0.0,0.00038409605622291565
1785290286.98588,0.0,0.0,0.00038345600478351116
1785290286.9864502,0.0,0.0,0.0003895999398082495
1785290286.987009,0.0,0.0,0.00038160011172294617
1785290286.9875934,0.0,0.0,0.0003843840677291155
1785290286.988166,0.0,0.0,0.0003899519797414541
1785290286.988737,0.0,0.0,0.0003918078728020191
1785290286.9893005,0.0,0.0,0.00038464018143713474
1785290286.989865,0.0,0.0,0.00038502411916852
1785290286.9904358,0.0,0.0,0.00039267190732061863
1785290286.9910002,0.0,0.0,0.00038464018143713474
1785290286.991599,0.0,0.0,0.00039283186197280884
1785290286.9921656,0.0,0.0,0.0003844480961561203
1785290286.9927335,0.0,0.0,0.0003881920129060745
1785290286.9933062,0.0,0.0,0.0003981760237365961
1785290286.9938734,0.0,0.0,0.0003857279662042856
1785290286.9944308,0.0,0.0,0.0003810559865087271
1785290286.994993,0.0,0.0,0.00037734396755695343
1785290286.9955873,0.0,0.0,0.00039136013947427273
1785290286.996166,0.0,0.0,0.0003945280332118273
1785290286.996743,0.0,0.0,0.0003950719255954027
1785290286.997309,0.0,0.0,0.0003882879391312599
1785290286.9978664,0.0,0.0,0.0003786880988627672
1785290286.9984324,0.0,0.0,0.0003859840799123049
1785290286.9989946,0.0,0.0,0.00038339197635650635
1785290286.999601,0.0,0.0,0.0003951678518205881
1785290287.0001674,0.0,0.0,0.00038499198853969574
1785290287.000744,0.0,0.0,0.0003917438443750143
1785290287.0013134,0.0,0.0,0.0003945601638406515
1785290287.0018826,0.0,0.0,0.0003925119526684284
1785290287.00246,0.0,0.0,0.0003922879695892334
1785290287.0030274,0.0,0.0,0.0003872639499604702
1785290287.0036306,0.0,0.0,0.0004000959452241659
1785290287.0041983,0.0,0.0,0.0003890239167958498
1785290287.0047696,0.0,0.0,0.00039103999733924866
1785290287.0053415,0.0,0.0,0.0003888960927724838
1785290287.005906,0.0,0.0,0.0003852800000458956
1785290287.006476,0.0,0.0,0.0003874879330396652
1785290287.0070372,0.0,0.0,0.0003838720731437206
1785290287.007636,0.0,0.0,0.0003919361624866724
1785290287.0082047,0.0,0.0,0.00038505601696670055
1785290287.0087664,0.0,0.0,0.0003853440284729004
1785290287.009327,0.0,0.0,0.000382015947252512
1785290287.0098882,0.0,0.0,0.00038003199733793736
1785290287.0104825,0.0,0.0,0.00040268804877996445
1785290287.0110645,0.0,0.0,0.00039439997635781765
1785290287.011684,0.0,0.0,0.0003989441320300102
1785290287.0122452,0.0,0.0,0.00037862383760511875
1785290287.0128164,0.0,0.0,0.0003907519858330488
1785290287.01339,0.0,0.0,0.0003918081056326628
1785290287.0139513,0.0,0.0,0.00037971208803355694
1785290287.0145183,0.0,0.0,0.0003888639621436596
1785290287.0158892,0.0,0.0,0.001184095861390233
1785290287.0165317,0.0,0.0,0.00042972806841135025
1785290287.01712,0.0,0.0,0.000395328039303422
1785290287.017685,0.0,0.0,0.0003871999215334654
1785290287.0182555,0.0,0.0,0.0003874881658703089
1785290287.018832,0.0,0.0,0.00039859209209680557
1785290287.0194397,0.0,0.0,0.0004292801022529602
1785290287.020021,0.0,0.0,0.000393696129322052
1785290287.0205958,0.0,0.0,0.00039097596891224384
1785290287.0211732,0.0,0.0,0.00039321579970419407
1785290287.021729,0.0,0.0,0.00038163200952112675
1785290287.022296,0.0,0.0,0.0003811521455645561
1785290287.022867,0.0,0.0,0.00038601597771048546
1785290287.023487,0.0,0.0,0.0004344319459050894
1785290287.0240662,0.0,0.0,0.0003898879513144493
1785290287.0246487,0.0,0.0,0.0003905920311808586
1785290287.0252225,0.0,0.0,0.00038835196755826473
1785290287.0257962,0.0,0.0,0.00038848002441227436
1785290287.0263731,0.0,0.0,0.00039721583016216755
1785290287.0269463,0.0,0.0,0.0003864958416670561
1785290287.0275528,0.0,0.0,0.00039769592694938183
1785290287.0281315,0.0,0.0,0.00038953591138124466
1785290287.028701,0.0,0.0,0.0003895999398082495
1785290287.0292664,0.0,0.0,0.0003892478998750448
1785290287.029827,0.0,0.0,0.0003824641462415457
1785290287.0303986,0.0,0.0,0.0003914879634976387
1785290287.0309792,0.0,0.0,0.0003904961049556732
1785290287.0315852,0.0,0.0,0.00040204799734055996
1785290287.0321558,0.0,0.0,0.0003897279966622591
1785290287.032723,0.0,0.0,0.0003895040135830641
1785290287.0332963,0.0,0.0,0.00038793589919805527
1785290287.0338502,0.0,0.0,0.00038172793574631214
1785290287.0344183,0.0,0.0,0.0003914879634976387
1785290287.0349715,0.0,0.0,0.0003789439797401428
1785290287.0355744,0.0,0.0,0.0003931520041078329
1785290287.0361392,0.0,0.0,0.0003828159533441067
1785290287.0367048,0.0,0.0,0.0003851198125630617
1785290287.0372694,0.0,0.0,0.0003855358809232712
1785290287.0378313,0.0,0.0,0.00038832006976008415
1785290287.038404,0.0,0.0,0.0003908798098564148
1785290287.0389686,0.0,0.0,0.0003843840677291155
1785290287.0395615,0.0,0.0,0.0003884478937834501
1785290287.0401287,0.0,0.0,0.000390112167224288
1785290287.0406957,0.0,0.0,0.0003840639255940914
1785290287.0412564,0.0,0.0,0.0003818240948021412
1785290287.041838,0.0,0.0,0.00039344001561403275
1785290287.0424147,0.0,0.0,0.00039225583896040916
1785290287.0429962,0.0,0.0,0.0003956479486078024
1785290287.043598,0.0,0.0,0.00039184000343084335
1785290287.0441794,0.0,0.0,0.00039702397771179676
1785290287.0447397,0.0,0.0,0.0003805439919233322
1785290287.0453045,0.0,0.0,0.00038656010292470455
1785290287.0458808,0.0,0.0,0.0003903680481016636
1785290287.0464451,0.0,0.0,0.000383967999368906
1785290287.0470114,0.0,0.0,0.000383967999368906
1785290287.0476127,0.0,0.0,0.0003939839079976082
1785290287.048179,0.0,0.0,0.00039123184978961945
1785290287.0487456,0.0,0.0,0.0003827200271189213
1785290287.0493007,0.0,0.0,0.0003770559560507536
1785290287.0498593,0.0,0.0,0.0003848958294838667
1785290287.0504339,0.0,0.0,0.00038860784843564034
1785290287.0510066,0.0,0.0,0.0003896320704370737
1785290287.0515954,0.0,0.0,0.0003922879695892334
1785290287.0521648,0.0,0.0,0.0003888960927724838
1785290287.0527534,0.0,0.0,0.000399135984480381
1785290287.0533323,0.0,0.0,0.000392319867387414
1785290287.053907,0.0,0.0,0.0003939520101994276
1785290287.0544734,0.0,0.0,0.0003906239289790392
1785290287.055038,0.0,0.0,0.00038742413744330406
1785290287.055648,0.0,0.0,0.0003928320948034525
1785290287.056219,0.0,0.0,0.0003816958051174879
1785290287.056775,0.0,0.0,0.0003831998910754919
1785290287.0573516,0.0,0.0,0.00039459182880818844
1785290287.0579278,0.0,0.0,0.0003971520345658064
1785290287.0585146,0.0,0.0,0.0004008638206869364
1785290287.0590792,0.0,0.0,0.0003949119709432125
1785290287.0596783,0.0,0.0,0.00039193592965602875
1785290287.060246,0.0,0.0,0.0003846080508083105
1785290287.0608144,0.0,0.0,0.00039094407111406326
1785290287.0613844,0.0,0.0,0.0003863358870148659
1785290287.0619535,0.0,0.0,0.0003878399729728699
1785290287.0625198,0.0,0.0,0.00038681598380208015
1785290287.0630825,0.0,0.0,0.00038649607449769974
1785290287.0636811,0.0,0.0,0.00039385585114359856
1785290287.0642633,0.0,0.0,0.00039948802441358566
1785290287.064831,0.0,0.0,0.00038508791476488113
1785290287.065405,0.0,0.0,0.00039039994589984417
1785290287.0659828,0.0,0.0,0.0003937920555472374
1785290287.0665493,0.0,0.0,0.0003843840677291155
1785290287.0671542,0.0,0.0,0.00041983998380601406
1785290287.0677302,0.0,0.0,0.00039414409548044205
1785290287.0683043,0.0,0.0,0.000392767833545804
1785290287.0688767,0.0,0.0,0.0003889279905706644
1785290287.069452,0.0,0.0,0.0003957119770348072
1785290287.0700216,0.0,0.0,0.00038985605351626873
1785290287.071365,0.0,0.0,0.001153408084064722
1785290287.071977,0.0,0.0,0.0004084159154444933
1785290287.0725675,0.0,0.0,0.00039785588160157204
1785290287.0731468,0.0,0.0,0.00039494410157203674
1785290287.0737402,0.0,0.0,0.00040012807585299015
1785290287.0743043,0.0,0.0,0.0003863039892166853
1785290287.0748844,0.0,0.0,0.0003930879756808281
1785290287.075492,0.0,0.0,0.0004243201110512018
1785290287.0760841,0.0,0.0,0.00039859209209680557
1785290287.0766513,0.0,0.0,0.00039353594183921814
1785290287.0772295,0.0,0.0,0.0003945920616388321
1785290287.077799,0.0,0.0,0.00038534379564225674
1785290287.0783687,0.0,0.0,0.0003822080325335264
1785290287.0789373,0.0,0.0,0.00038537592627108097
1785290287.0795307,0.0,0.0,0.00039526401087641716
1785290287.0800946,0.0,0.0,0.0003762240521609783
1785290287.080659,0.0,0.0,0.0003807041794061661
1785290287.0812247,0.0,0.0,0.00038371188566088676
1785290287.0817928,0.0,0.0,0.0003844799939543009
1785290287.0823584,0.0,0.0,0.0003871361259371042
1785290287.082927,0.0,0.0,0.0003815039526671171
1785290287.0835295,0.0,0.0,0.0003966079093515873
1785290287.0840993,0.0,0.0,0.00038649607449769974
1785290287.0846639,0.0,0.0,0.0003842241130769253
1785290287.0852273,0.0,0.0,0.0003828799817711115
1785290287.0857813,0.0,0.0,0.0003835198003798723
1785290287.086351,0.0,0.0,0.00038649607449769974
1785290287.0869164,0.0,0.0,0.00038361595943570137
1785290287.0875213,0.0,0.0,0.00040339212864637375
1785290287.0880842,0.0,0.0,0.000378528144210577
1785290287.0886536,0.0,0.0,0.00038217613473534584
1785290287.0892243,0.0,0.0,0.0003890879452228546
1785290287.0897887,0.0,0.0,0.0003821759019047022
1785290287.0905836,0.0,0.0,0.0004007040988653898
1785290287.0911958,0.0,0.0,0.0004225601442158222
1785290287.0917757,0.0,0.0,0.000391968060284853
1785290287.092343,0.0,0.0,0.00039312010630965233
1785290287.0929163,0.0,0.0,0.00038707186467945576
1785290287.0934756,0.0,0.0,0.0003812159411609173
1785290287.0940392,0.0,0.0,0.000382015947252512
1785290287.0946045,0.0,0.0,0.0003814718220382929
1785290287.0952082,0.0,0.0,0.000420672120526433
1785290287.0957873,0.0,0.0,0.00039359997026622295
1785290287.0963533,0.0,0.0,0.00038179196417331696
1785290287.096919,0.0,0.0,0.0003838720731437206
1785290287.0974872,0.0,0.0,0.00038838409818708897
1785290287.0980644,0.0,0.0,0.00039366399869322777
1785290287.098637,0.0,0.0,0.00039161602035164833
1785290287.099231,0.0,0.0,0.00041529606096446514
1785290287.099794,0.0,0.0,0.00038659200072288513
1785290287.1003592,0.0,0.0,0.00038620783016085625
1785290287.1009264,0.0,0.0,0.00039449590258300304
1785290287.101492,0.0,0.0,0.0003904961049556732
1785290287.1020598,0.0,0.0,0.0003858557902276516
1785290287.102635,0.0,0.0,0.0003957438748329878
1785290287.1032298,0.0,0.0,0.00040969601832330227
1785290287.1038148,0.0,0.0,0.0004015679005533457
1785290287.1043875,0.0,0.0,0.0003887999337166548
1785290287.1049588,0.0,0.0,0.0003863999154418707
1785290287.1055386,0.0,0.0,0.0003904320765286684
1785290287.1061053,0.0,0.0,0.0003843521699309349
1785290287.1066897,0.0,0.0,0.00039734411984682083
1785290287.1072943,0.0,0.0,0.00041785603389143944
1785290287.1078732,0.0,0.0,0.000392192043364048
1785290287.1084435,0.0,0.0,0.000388832064345479
1785290287.109017,0.0,0.0,0.00038863997906446457
1785290287.1095777,0.0,0.0,0.00038412795402109623
1785290287.1101432,0.0,0.0,0.00039036781527101994
1785290287.1107144,0.0,0.0,0.0003915519919246435
1785290287.1113062,0.0,0.0,0.0004183999262750149
1785290287.1118774,0.0,0.0,0.0003884797915816307
1785290287.1124434,0.0,0.0,0.0003836799878627062
1785290287.1130128,0.0,0.0,0.0003853121306747198
1785290287.1135862,0.0,0.0,0.0003897598944604397
1785290287.1141632,0.0,0.0,0.0003960321191698313
1785290287.114745,0.0,0.0,0.00039526401087641716
1785290287.1153681,0.0,0.0,0.0004401600454002619
1785290287.1159587,0.0,0.0,0.00040636793710291386
1785290287.1165326,0.0,0.0,0.00038918410427868366
1785290287.1171079,0.0,0.0,0.00039023999124765396
1785290287.1176853,0.0,0.0,0.000395424198359251
1785290287.1182663,0.0,0.0,0.00039414409548044205
1785290287.1188512,0.0,0.0,0.0004065919201821089
1785290287.1194575,0.0,0.0,0.000426335958763957
1785290287.120031,0.0,0.0,0.00039257598109543324
1785290287.1206024,0.0,0.0,0.0003917119465768337
1785290287.1211793,0.0,0.0,0.00039164815098047256
1785290287.1217556,0.0,0.0,0.00039248005487024784
1785290287.122324,0.0,0.0,0.0003879361320286989
1785290287.122882,0.0,0.0,0.0003880958538502455
1785290287.1234791,0.0,0.0,0.00041705602779984474
1785290287.1240597,0.0,0.0,0.00039711990393698215
1785290287.1246262,0.0,0.0,0.0003878080751746893
1785290287.1252031,0.0,0.0,0.0003905280027538538
1785290287.1264877,0.0,0.0,0.0011083520948886871
1785290287.1271358,0.0,0.0,0.0004442238714545965
1785290287.1277337,0.0,0.0,0.0004030719865113497
1785290287.1283069,0.0,0.0,0.00039455993101000786
1785290287.1288857,0.0,0.0,0.0003956479486078024
1785290287.1294599,0.0,0.0,0.00038787187077105045
1785290287.130029,0.0,0.0,0.00038662413135170937
1785290287.130609,0.0,0.0,0.0003996801096946001
1785290287.131209,0.0,0.0,0.00041737593710422516
1785290287.1317875,0.0,0.0,0.0003956800792366266
1785290287.1323633,0.0,0.0,0.0003945280332118273
1785290287.1329336,0.0,0.0,0.0003906560596078634
1785290287.1335087,0.0,0.0,0.00039286399260163307
1785290287.134087,0.0,0.0,0.0003948479425162077
1785290287.1346545,0.0,0.0,0.00038576009683310986
1785290287.135256,0.0,0.0,0.00041737593710422516
1785290287.1358314,0.0,0.0,0.0003923838958144188
1785290287.1363895,0.0,0.0,0.00037859193980693817
1785290287.136941,0.0,0.0,0.0003797439858317375
1785290287.1375034,0.0,0.0,0.0003825598396360874
1785290287.1380641,0.0,0.0,0.00038067204877734184
1785290287.138634,0.0,0.0,0.000382463913410902
1785290287.1392338,0.0,0.0,0.00041705602779984474
1785290287.1398125,0.0,0.0,0.0003966079093515873
1785290287.1403828,0.0,0.0,0.00038937595672905445
1785290287.1409583,0.0,0.0,0.00039014406502246857
1785290287.1415253,0.0,0.0,0.0003846399486064911
1785290287.142097,0.0,0.0,0.00039161602035164833
1785290287.1426654,0.0,0.0,0.00039193592965602875
1785290287.1432765,0.0,0.0,0.0004246719181537628
1785290287.1438668,0.0,0.0,0.0003991038538515568
1785290287.1444423,0.0,0.0,0.0003890879452228546
1785290287.1450078,0.0,0.0,0.00038835196755826473
1785290287.145585,0.0,0.0,0.00039136013947427273
1785290287.1461518,0.0,0.0,0.00038243201561272144
1785290287.146714,0.0,0.0,0.0003820799756795168
1785290287.1473181,0.0,0.0,0.00041872006841003895
1785290287.147891,0.0,0.0,0.00038943998515605927
1785290287.1484604,0.0,0.0,0.00038601597771048546
1785290287.1490283,0.0,0.0,0.0003870720975100994
1785290287.149595,0.0,0.0,0.00038863997906446457
1785290287.1501575,0.0,0.0,0.0003897279966622591
1785290287.1507273,0.0,0.0,0.0003881279844790697
1785290287.1513247,0.0,0.0,0.00041792006231844425
1785290287.1518962,0.0,0.0,0.0003875198308378458
1785290287.152462,0.0,0.0,0.0003867840860038996
1785290287.1530266,0.0,0.0,0.00038681598380208015
1785290287.1536016,0.0,0.0,0.0003941119648516178
1785290287.1541784,0.0,0.0,0.00039478414691984653
1785290287.1547542,0.0,0.0,0.00039017596282064915
1785290287.1553445,0.0,0.0,0.0004118399228900671
1785290287.1559172,0.0,0.0,0.0003820799756795168
1785290287.156476,0.0,0.0,0.0003878399729728699
1785290287.1570346,0.0,0.0,0.0003812480717897415
1785290287.1576009,0.0,0.0,0.0003865279722958803
1785290287.1581604,0.0,0.0,0.00038828817196190357
1785290287.158738,0.0,0.0,0.0003885121550410986
1785290287.1593487,0.0,0.0,0.00042406399734318256
1785290287.1599329,0.0,0.0,0.0003926078788936138
1785290287.1604977,0.0,0.0,0.0003838080447167158
1785290287.1610582,0.0,0.0,0.00037916796281933784
1785290287.1616325,0.0,0.0,0.0003863680176436901
1785290287.1621902,0.0,0.0,0.00038409605622291565
1785290287.162753,0.0,0.0,0.00038547185249626637
1785290287.1633582,0.0,0.0,0.0004200639668852091
1785290287.1639333,0.0,0.0,0.00039516808465123177
1785290287.164502,0.0,0.0,0.00039395177736878395
1785290287.1650734,0.0,0.0,0.00038988818414509296
1785290287.1656442,0.0,0.0,0.0003862080629914999
1785290287.1662138,0.0,0.0,0.00038838409818708897
1785290287.1667917,0.0,0.0,0.00039097596891224384
1785290287.1673903,0.0,0.0,0.00041603180579841137
1785290287.1679506,0.0,0.0,0.00038128020241856575
1785290287.1685123,0.0,0.0,0.0003873598761856556
1785290287.1690817,0.0,0.0,0.0003906560596078634
1785290287.1696317,0.0,0.0,0.0003810881171375513
1785290287.1702042,0.0,0.0,0.0003905599005520344
1785290287.170762,0.0,0.0,0.000382463913410902
1785290287.1713612,0.0,0.0,0.00041567999869585037
1785290287.1719303,0.0,0.0,0.0003856318071484566
1785290287.1725073,0.0,0.0,0.0003942721523344517
1785290287.1730661,0.0,0.0,0.0003835840616375208
1785290287.1736326,0.0,0.0,0.0003838080447167158
1785290287.1742105,0.0,0.0,0.00039622397162020206
1785290287.1747794,0.0,0.0,0.0003878399729728699
1785290287.1753724,0.0,0.0,0.0004168320447206497
1785290287.1759465,0.0,0.0,0.0003908479120582342
1785290287.1765301,0.0,0.0,0.000393920112401247
1785290287.1771,0.0,0.0,0.0003877761773765087
1785290287.1776786,0.0,0.0,0.0003923519980162382
1785290287.1782484,0.0,0.0,0.00038761598989367485
1785290287.178828,0.0,0.0,0.0003931198734790087
1785290287.1794279,0.0,0.0,0.00041651190258562565
1785290287.1799974,0.0,0.0,0.0003914879634976387
1785290287.1805713,0.0,0.0,0.00038563203997910023
1785290287.1818886,0.0,0.0,0.0004386559594422579
1785290287.1824856,0.0,0.0,0.0004121598321944475
1785290287.1830778,0.0,0.0,0.0004021120257675648
1785290287.1836898,0.0,0.0,0.00039807986468076706
1785290287.18427,0.0,0.0,0.0003915838897228241
1785290287.184844,0.0,0.0,0.0003848318010568619
1785290287.1854095,0.0,0.0,0.000382112106308341
1785290287.1859758,0.0,0.0,0.00039158412255346775
1785290287.1865487,0.0,0.0,0.0003905920311808586
1785290287.1871362,0.0,0.0,0.000404000049456954
1785290287.1877127,0.0,0.0,0.0003894721157848835
1785290287.1882763,0.0,0.0,0.00038275192491710186
1785290287.188849,0.0,0.0,0.00038537592627108097
1785290287.189413,0.0,0.0,0.000382015947252512
1785290287.1899903,0.0,0.0,0.0003945601638406515
1785290287.1905656,0.0,0.0,0.00038707186467945576
1785290287.1911495,0.0,0.0,0.00040108803659677505
1785290287.1917279,0.0,0.0,0.0003943678457289934
1785290287.1923082,0.0,0.0,0.00039615994319319725
1785290287.1928713,0.0,0.0,0.0003828799817711115
1785290287.1934292,0.0,0.0,0.00038012792356312275
1785290287.194005,0.0,0.0,0.00039264000952243805
1785290287.1945689,0.0,0.0,0.00039107189513742924
1785290287.1951523,0.0,0.0,0.00040521612390875816
1785290287.1957326,0.0,0.0,0.0003903680481016636
1785290287.1963034,0.0,0.0,0.0003845121245831251
1785290287.1968768,0.0,0.0,0.00039136013947427273
1785290287.1974502,0.0,0.0,0.00039305584505200386
1785290287.1980207,0.0,0.0,0.0003910080995410681
1785290287.1985812,0.0,0.0,0.000380511861294508
1785290287.1991875,0.0,0.0,0.00042294408194720745
1785290287.1997807,0.0,0.0,0.00040342402644455433
1785290287.2003412,0.0,0.0,0.00038659200072288513
1785290287.2009006,0.0,0.0,0.00038076797500252724
1785290287.2014666,0.0,0.0,0.00039004813879728317
1785290287.202023,0.0,0.0,0.0003787840250879526
1785290287.2025871,0.0,0.0,0.0003804159350693226
1785290287.2031822,0.0,0.0,0.00041753589175641537
1785290287.2037625,0.0,0.0,0.0003899838775396347
1785290287.2043366,0.0,0.0,0.00039036781527101994
1785290287.2049015,0.0,0.0,0.00038473610766232014
1785290287.2054749,0.0,0.0,0.0003923519980162382
1785290287.206041,0.0,0.0,0.00038848002441227436
1785290287.2066002,0.0,0.0,0.00037766387686133385
1785290287.2071931,0.0,0.0,0.000412575900554657
1785290287.2077596,0.0,0.0,0.0003926721401512623
1785290287.2083263,0.0,0.0,0.00038576009683310986
1785290287.2088928,0.0,0.0,0.00038483203388750553
1785290287.2094593,0.0,0.0,0.00037916796281933784
1785290287.2100286,0.0,0.0,0.0003913280088454485
1785290287.210594,0.0,0.0,0.00038675195537507534
1785290287.2111888,0.0,0.0,0.0004134399350732565
1785290287.211769,0.0,0.0,0.00039168004877865314
1785290287.2123432,0.0,0.0,0.0003895680420100689
1785290287.212918,0.0,0.0,0.00038873590528964996
1785290287.213488,0.0,0.0,0.00038547185249626637
1785290287.2140527,0.0,0.0,0.0003821759019047022
1785290287.2146244,0.0,0.0,0.000392767833545804
1785290287.2152295,0.0,0.0,0.00042079994454979897
1785290287.2158303,0.0,0.0,0.0004065600223839283
1785290287.21644,0.0,0.0,0.0004150080494582653
1785290287.2170546,0.0,0.0,0.00041712005622684956
1785290287.217653,0.0,0.0,0.00040614395402371883
1785290287.2182262,0.0,0.0,0.00038713589310646057
1785290287.218807,0.0,0.0,0.0003963839262723923
1785290287.2194161,0.0,0.0,0.0004247678443789482
1785290287.2199967,0.0,0.0,0.0003938879817724228
1785290287.2205703,0.0,0.0,0.00039116782136261463
1785290287.2211463,0.0,0.0,0.0003931839019060135
1785290287.2217114,0.0,0.0,0.0003846399486064911
1785290287.2222838,0.0,0.0,0.0003893121611326933
1785290287.222858,0.0,0.0,0.00039158412255346775
1785290287.2234592,0.0,0.0,0.0004219198599457741
1785290287.2240217,0.0,0.0,0.00038656010292470455
1785290287.2245877,0.0,0.0,0.00038505601696670055
1785290287.2251549,0.0,0.0,0.0003819200210273266
1785290287.2257226,0.0,0.0,0.00039129587821662426
1785290287.2262976,0.0,0.0,0.00039286399260163307
1785290287.2268682,0.0,0.0,0.0003862080629914999
1785290287.2274745,0.0,0.0,0.00041731190867722034
1785290287.2280443,0.0,0.0,0.00038419198244810104
1785290287.2286162,0.0,0.0,0.00038704019971191883
1785290287.229183,0.0,0.0,0.0003856639377772808
1785290287.229756,0.0,0.0,0.00039318413473665714
1785290287.230328,0.0,0.0,0.00038627185858786106
1785290287.2308981,0.0,0.0,0.0003869440406560898
1785290287.231526,0.0,0.0,0.0004384641069918871
1785290287.232102,0.0,0.0,0.0003916479181498289
1785290287.2326744,0.0,0.0,0.00039449590258300304
1785290287.233233,0.0,0.0,0.0003841598518192768
1785290287.233806,0.0,0.0,0.0003916479181498289
1785290287.2343683,0.0,0.0,0.00038384017534554005
1785290287.2349336,0.0,0.0,0.00039113592356443405
1785290287.2355497,0.0,0.0,0.0004151680041104555
1785290287.2369363,0.0,0.0,0.0011978880502283573
1785290287.2375503,0.0,0.0,0.0004131840541958809
1785290287.2381425,0.0,0.0,0.00039840000681579113
1785290287.2387218,0.0,0.0,0.0003900479059666395
1785290287.2393472,0.0,0.0,0.0004388480447232723
1785290287.2399378,0.0,0.0,0.00040579214692115784
1785290287.2405078,0.0,0.0,0.000395776005461812
1785290287.2410858,0.0,0.0,0.00038841599598526955
1785290287.241661,0.0,0.0,0.00038976012729108334
1785290287.2422233,0.0,0.0,0.0003800000995397568
1785290287.2427917,0.0,0.0,0.00038502411916852
1785290287.2433767,0.0,0.0,0.0004054401069879532
1785290287.2439377,0.0,0.0,0.0003777600359171629
1785290287.2445047,0.0,0.0,0.00038883183151483536
1785290287.2450562,0.0,0.0,0.0003792641218751669
1785290287.2456288,0.0,0.0,0.00039123184978961945
1785290287.246199,0.0,0.0,0.0003821759019047022
1785290287.2467678,0.0,0.0,0.0003842881415039301
1785290287.2473652,0.0,0.0,0.00041820784099400043
1785290287.2479267,0.0,0.0,0.0003808957990258932
1785290287.2484832,0.0,0.0,0.00038649607449769974
1785290287.2490506,0.0,0.0,0.0003839998971670866
1785290287.2496214,0.0,0.0,0.0003920639865100384
1785290287.2501955,0.0,0.0,0.0003881279844790697
1785290287.2507658,0.0,0.0,0.00038857595063745975
1785290287.251374,0.0,0.0,0.0004202239215373993
1785290287.2519567,0.0,0.0,0.000397407915443182
1785290287.2525346,0.0,0.0,0.00039232010021805763
1785290287.253104,0.0,0.0,0.0003863680176436901
1785290287.2536664,0.0,0.0,0.0003885440528392792
1785290287.2542334,0.0,0.0,0.0003831679932773113
1785290287.2547927,0.0,0.0,0.00038169603794813156
1785290287.2553792,0.0,0.0,0.00040790392085909843
1785290287.2559524,0.0,0.0,0.00038988818414509296
1785290287.256506,0.0,0.0,0.0003781439736485481
1785290287.2570615,0.0,0.0,0.00037801614962518215
1785290287.2576108,0.0,0.0,0.00037753605283796787
1785290287.258169,0.0,0.0,0.0003769281320273876
1785290287.2587368,0.0,0.0,0.0003904320765286684
1785290287.2593238,0.0,0.0,0.00040620798245072365
1785290287.259889,0.0,0.0,0.00038515194319188595
1785290287.2604446,0.0,0.0,0.0003862399607896805
1785290287.2609987,0.0,0.0,0.0003854080568999052
1785290287.2615623,0.0,0.0,0.00038601597771048546
1785290287.2621293,0.0,0.0,0.000385599909350276
1785290287.2626927,0.0,0.0,0.00038086390122771263
1785290287.2632978,0.0,0.0,0.0004275520332157612
1785290287.2638597,0.0,0.0,0.0003816958051174879
1785290287.2644203,0.0,0.0,0.0003800641279667616
1785290287.2649825,0.0,0.0,0.00038515194319188595
1785290287.2655447,0.0,0.0,0.00037939194589853287
1785290287.2661035,0.0,0.0,0.00037830392830073833
1785290287.2666628,0.0,0.0,0.00038345600478351116
1785290287.267249,0.0,0.0,0.0004127679858356714
1785290287.2678187,0.0,0.0,0.00038579199463129044
1785290287.2683697,0.0,0.0,0.00037948787212371826
1785290287.2689385,0.0,0.0,0.0003832639195024967
1785290287.2695003,0.0,0.0,0.0003819200210273266
1785290287.2700684,0.0,0.0,0.0003900479059666395
1785290287.2706263,0.0,0.0,0.0003775041550397873
1785290287.2712023,0.0,0.0,0.00040604802779853344
1785290287.2717733,0.0,0.0,0.0003882879391312599
1785290287.2723384,0.0,0.0,0.00038742413744330406
1785290287.2729166,0.0,0.0,0.000399135984480381
1785290287.2734876,0.0,0.0,0.00038915197364985943
1785290287.274045,0.0,0.0,0.00037740799598395824
1785290287.274601,0.0,0.0,0.0003798718098551035
1785290287.2751918,0.0,0.0,0.0004146241117268801
1785290287.275763,0.0,0.0,0.0003914239350706339
1785290287.2763462,0.0,0.0,0.00039516808465123177
1785290287.2769077,0.0,0.0,0.00038166390731930733
1785290287.2774782,0.0,0.0,0.00038934405893087387
1785290287.2780373,0.0,0.0,0.00038483203388750553
1785290287.2786005,0.0,0.0,0.00038547208532691
1785290287.279188,0.0,0.0,0.0004051518626511097
1785290287.279761,0.0,0.0,0.0003920320887118578
1785290287.2803423,0.0,0.0,0.00039424002170562744
1785290287.2809167,0.0,0.0,0.00038428790867328644
1785290287.2814894,0.0,0.0,0.000393472146242857
1785290287.2820575,0.0,0.0,0.0003845440223813057
1785290287.282616,0.0,0.0,0.0003830080386251211
1785290287.2832112,0.0,0.0,0.0004130240995436907
1785290287.2837806,0.0,0.0,0.0003879040013998747
1785290287.2843385,0.0,0.0,0.00038483203388750553
1785290287.2849095,0.0,0.0,0.0003913280088454485
1785290287.285486,0.0,0.0,0.00039039994589984417
1785290287.2860632,0.0,0.0,0.0003939520101994276
1785290287.2866392,0.0,0.0,0.000394047936424613
1785290287.2872348,0.0,0.0,0.00041337613947689533
1785290287.2878222,0.0,0.0,0.0003934719134122133
1785290287.2884748,0.0,0.0,0.00038851192221045494
1785290287.2890427,0.0,0.0,0.0003838399425148964
1785290287.28961,0.0,0.0,0.0003792960196733475
1785290287.2901807,0.0,0.0,0.00038755196146667004
1785290287.2907572,0.0,0.0,0.0003918081056326628
1785290287.2920783,0.0,0.0,0.0011428480502218008
1785290287.2927027,0.0,0.0,0.00041539198718965054
1785290287.293292,0.0,0.0,0.0003989760298281908
1785290287.29386,0.0,0.0,0.000385599909350276
1785290287.2944407,0.0,0.0,0.00039337598718702793
1785290287.2950184,0.0,0.0,0.0003899838775396347
1785290287.2956424,0.0,0.0,0.0004053118173032999
1785290287.2962246,0.0,0.0,0.0003965119831264019
1785290287.2967994,0.0,0.0,0.0003896320704370737
1785290287.2973788,0.0,0.0,0.00039737578481435776
1785290287.297958,0.0,0.0,0.0003862080629914999
1785290287.2985113,0.0,0.0,0.0003808957990258932
1785290287.2990801,0.0,0.0,0.0003915519919246435
1785290287.2996964,0.0,0.0,0.00039507215842604637
1785290287.3002644,0.0,0.0,0.0003812159411609173
1785290287.30083,0.0,0.0,0.0003811200149357319
1785290287.3013945,0.0,0.0,0.00038323202170431614
1785290287.3019462,0.0,0.0,0.0003777281381189823
1785290287.3025234,0.0,0.0,0.00038499198853969574
1785290287.3031106,0.0,0.0,0.00038793589919805527
1785290287.3036916,0.0,0.0,0.00039369589649140835
1785290287.3042562,0.0,0.0,0.0003845440223813057
1785290287.3048327,0.0,0.0,0.0003925119526684284
1785290287.3053975,0.0,0.0,0.0003828159533441067
1785290287.305981,0.0,0.0,0.00039679999463260174
1785290287.3065376,0.0,0.0,0.0003820799756795168
1785290287.307121,0.0,0.0,0.00040479982271790504
1785290287.30771,0.0,0.0,0.00039615994319319725
1785290287.30828,0.0,0.0,0.00038195191882550716
1785290287.3088434,0.0,0.0,0.00038089603185653687
1785290287.309414,0.0,0.0,0.00039264000952243805
1785290287.309998,0.0,0.0,0.00039318413473665714
1785290287.3105655,0.0,0.0,0.00039219181053340435
1785290287.3111634,0.0,0.0,0.0004185279831290245
1785290287.3117445,0.0,0.0,0.0003921280149370432
1785290287.3123047,0.0,0.0,0.0003875838592648506
1785290287.3128734,0.0,0.0,0.00038579199463129044
1785290287.3134487,0.0,0.0,0.0003927680663764477
1785290287.3140168,0.0,0.0,0.00038848002441227436
1785290287.3145757,0.0,0.0,0.0003804159350693226
1785290287.3151598,0.0,0.0,0.00041049602441489697
1785290287.3157244,0.0,0.0,0.0003889279905706644
1785290287.316292,0.0,0.0,0.00038953591138124466
1785290287.3168583,0.0,0.0,0.00039190403185784817
1785290287.317435,0.0,0.0,0.0003922560717910528
1785290287.3180087,0.0,0.0,0.0003926078788936138
1785290287.318564,0.0,0.0,0.0003792641218751669
1785290287.3191555,0.0,0.0,0.0004066559486091137
1785290287.319742,0.0,0.0,0.0003948798403143883
1785290287.3203154,0.0,0.0,0.0003899519797414541
1785290287.3208919,0.0,0.0,0.000393920112401247
1785290287.3214655,0.0,0.0,0.0003932479303330183
1785290287.322029,0.0,0.0,0.0003859838470816612
1785290287.3225925,0.0,0.0,0.0003829440101981163
1785290287.3231852,0.0,0.0,0.00041385600343346596
1785290287.323739,0.0,0.0,0.0003781758714467287
1785290287.3242953,0.0,0.0,0.00038220779970288277
1785290287.324853,0.0,0.0,0.00037897611036896706
1785290287.325422,0.0,0.0,0.000386976171284914
1785290287.3259835,0.0,0.0,0.00037980801425874233
1785290287.326545,0.0,0.0,0.00038659200072288513
1785290287.3271286,0.0,0.0,0.0004006079398095608
1785290287.3277242,0.0,0.0,0.0004025599919259548
1785290287.3282993,0.0,0.0,0.0003889920189976692
1785290287.328868,0.0,0.0,0.0003913920372724533
1785290287.3294353,0.0,0.0,0.00038768001832067966
1785290287.3299952,0.0,0.0,0.00038243201561272144
1785290287.330564,0.0,0.0,0.0003949759993702173
1785290287.3311467,0.0,0.0,0.00040931208059191704
1785290287.3317184,0.0,0.0,0.00038921600207686424
1785290287.332295,0.0,0.0,0.0003917119465768337
1785290287.3328488,0.0,0.0,0.0003760959953069687
1785290287.333423,0.0,0.0,0.0003896639682352543
1785290287.3339942,0.0,0.0,0.00038937595672905445
1785290287.3345547,0.0,0.0,0.00038732821121811867
1785290287.3351445,0.0,0.0,0.00040764803998172283
1785290287.3357208,0.0,0.0,0.00039084814488887787
1785290287.33628,0.0,0.0,0.0003736000508069992
1785290287.336838,0.0,0.0,0.00038601597771048546
1785290287.3373997,0.0,0.0,0.00037756795063614845
1785290287.3379686,0.0,0.0,0.0003847039770334959
1785290287.3385303,0.0,0.0,0.00038480013608932495
1785290287.3391063,0.0,0.0,0.0003843840677291155
1785290287.3396919,0.0,0.0,0.0003912639804184437
1785290287.3402622,0.0,0.0,0.0003904320765286684
1785290287.3408296,0.0,0.0,0.00039084814488887787
1785290287.3413932,0.0,0.0,0.0003839039709419012
1785290287.3419807,0.0,0.0,0.00040454394184052944
1785290287.3425653,0.0,0.0,0.0003965119831264019
1785290287.3431695,0.0,0.0,0.0004209920298308134
1785290287.3437502,0.0,0.0,0.0003953920677304268
1785290287.3443313,0.0,0.0,0.0003929920494556427
1785290287.3449032,0.0,0.0,0.00038825604133307934
1785290287.3454819,0.0,0.0,0.0003965438809245825
1785290287.346064,0.0,0.0,0.00039897579699754715
1785290287.3473525,0.0,0.0,0.0011047360021620989
1785290287.3479757,0.0,0.0,0.0004210879560559988
1785290287.348583,0.0,0.0,0.0004097921773791313
1785290287.3491669,0.0,0.0,0.00039679999463260174
1785290287.349727,0.0,0.0,0.00038720015436410904
1785290287.3502913,0.0,0.0,0.00038448022678494453
1785290287.3508565,0.0,0.0,0.00038521597161889076
1785290287.3514528,0.0,0.0,0.00041420781053602695
1785290287.352031,0.0,0.0,0.000390687957406044
1785290287.3526032,0.0,0.0,0.0003842241130769253
1785290287.353179,0.0,0.0,0.0003916479181498289
1785290287.353755,0.0,0.0,0.0003938560839742422
1785290287.35433,0.0,0.0,0.0003932160325348377
1785290287.3548903,0.0,0.0,0.0003810881171375513
1785290287.3555076,0.0,0.0,0.00044051208533346653
1785290287.3560796,0.0,0.0,0.00038704019971191883
1785290287.3566399,0.0,0.0,0.00038156798109412193
1785290287.3572114,0.0,0.0,0.00039145583286881447
1785290287.3577793,0.0,0.0,0.00038857595063745975
1785290287.358346,0.0,0.0,0.00038451189175248146
1785290287.3589087,0.0,0.0,0.0003802559804171324
1785290287.3595092,0.0,0.0,0.00042041600681841373
1785290287.360071,0.0,0.0,0.0003846399486064911
1785290287.3606246,0.0,0.0,0.00038521597161889076
1785290287.361205,0.0,0.0,0.0003966398071497679
1785290287.36178,0.0,0.0,0.00039366399869322777
1785290287.3623514,0.0,0.0,0.00038745603524148464
1785290287.3629272,0.0,0.0,0.00039270403794944286
1785290287.3635194,0.0,0.0,0.00039446400478482246
1785290287.3640902,0.0,0.0,0.00038348790258169174
1785290287.3646483,0.0,0.0,0.00037747202441096306
1785290287.365226,0.0,0.0,0.00039609591476619244
1785290287.3657956,0.0,0.0,0.00038969586603343487
1785290287.3663545,0.0,0.0,0.0003847680054605007
1785290287.3669045,0.0,0.0,0.00037792022339999676
1785290287.3674994,0.0,0.0,0.00041315192356705666
1785290287.3680758,0.0,0.0,0.0003987201489508152
1785290287.3686357,0.0,0.0,0.00038745603524148464
1785290287.3691967,0.0,0.0,0.0003855358809232712
1785290287.3697636,0.0,0.0,0.000383967999368906
1785290287.3703332,0.0,0.0,0.00038905604742467403
1785290287.370893,0.0,0.0,0.00038252794183790684
1785290287.3714938,0.0,0.0,0.000421023927628994
1785290287.3720617,0.0,0.0,0.00038601597771048546
1785290287.3726308,0.0,0.0,0.00038547208532691
1785290287.3731835,0.0,0.0,0.00037862383760511875
1785290287.3737566,0.0,0.0,0.000387327978387475
1785290287.374321,0.0,0.0,0.0003838399425148964
1785290287.3748853,0.0,0.0,0.00037961616180837154
1785290287.375491,0.0,0.0,0.0004256961401551962
1785290287.376067,0.0,0.0,0.0003882879391312599
1785290287.376638,0.0,0.0,0.00038793589919805527
1785290287.3771977,0.0,0.0,0.00038579199463129044
1785290287.377767,0.0,0.0,0.00038825604133307934
1785290287.3783352,0.0,0.0,0.0003854080568999052
1785290287.3789058,0.0,0.0,0.0003861440345644951
1785290287.3795047,0.0,0.0,0.00041913590393960476
1785290287.3800783,0.0,0.0,0.00039369589649140835
1785290287.3806448,0.0,0.0,0.0003881598822772503
1785290287.381221,0.0,0.0,0.0003981760237365961
1785290287.3817828,0.0,0.0,0.0003813439980149269
1785290287.3823407,0.0,0.0,0.00039008003659546375
1785290287.3829095,0.0,0.0,0.0003893438261002302
1785290287.3835099,0.0,0.0,0.0004200639668852091
1785290287.3840806,0.0,0.0,0.0003828480839729309
1785290287.3846421,0.0,0.0,0.0003827840555459261
1785290287.3851945,0.0,0.0,0.0003725120332092047
1785290287.3857515,0.0,0.0,0.00037820800207555294
1785290287.3863082,0.0,0.0,0.00038006389513611794
1785290287.3868637,0.0,0.0,0.00037875212728977203
1785290287.3874621,0.0,0.0,0.00041945604607462883
1785290287.38803,0.0,0.0,0.00039068819023668766
1785290287.388584,0.0,0.0,0.0003775681834667921
1785290287.3891397,0.0,0.0,0.00038230419158935547
1785290287.3897126,0.0,0.0,0.0003899519797414541
1785290287.3902762,0.0,0.0,0.00038163200952112675
1785290287.3908353,0.0,0.0,0.0003810881171375513
1785290287.3914137,0.0,0.0,0.00039894389919936657
1785290287.391979,0.0,0.0,0.0003829759079962969
1785290287.392538,0.0,0.0,0.00038217613473534584
1785290287.3930993,0.0,0.0,0.00038060802035033703
1785290287.393667,0.0,0.0,0.0003859840799123049
1785290287.3942282,0.0,0.0,0.00038019195199012756
1785290287.3947883,0.0,0.0,0.00038156798109412193
1785290287.3953795,0.0,0.0,0.0004146238788962364
1785290287.3959544,0.0,0.0,0.00038761598989367485
1785290287.3965068,0.0,0.0,0.00037420797161757946
1785290287.3970764,0.0,0.0,0.0003939839079976082
1785290287.39766,0.0,0.0,0.0003933119587600231
1785290287.3982155,0.0,0.0,0.00038403202779591084
1785290287.398773,0.0,0.0,0.0003796799574047327
1785290287.399365,0.0,0.0,0.00041331187821924686
1785290287.3999324,0.0,0.0,0.00038627185858786106
1785290287.400493,0.0,0.0,0.00038361595943570137
1785290287.4010675,0.0,0.0,0.00038953591138124466
1785290287.4016306,0.0,0.0,0.0003879040013998747
1785290287.4029083,0.0,0.0,0.00043683196417987347
1785290287.4035318,0.0,0.0,0.00041686417534947395
1785290287.4041145,0.0,0.0,0.00039459182880818844
1785290287.4046946,0.0,0.0,0.0003927680663764477
1785290287.405268,0.0,0.0,0.0003889920189976692
1785290287.4058301,0.0,0.0,0.0003894721157848835
1785290287.4064016,0.0,0.0,0.00038355193100869656
1785290287.4069724,0.0,0.0,0.00038499198853969574
1785290287.4075797,0.0,0.0,0.00039500812999904156
1785290287.408142,0.0,0.0,0.0003767360467463732
1785290287.4087179,0.0,0.0,0.00039615994319319725
1785290287.409289,0.0,0.0,0.00039478414691984653
1785290287.4098575,0.0,0.0,0.00038156798109412193
1785290287.4104326,0.0,0.0,0.00039414409548044205
1785290287.4109938,0.0,0.0,0.0003839039709419012
1785290287.4115908,0.0,0.0,0.00039279996417462826
1785290287.4121532,0.0,0.0,0.0003792960196733475
1785290287.4127145,0.0,0.0,0.0003829121123999357
1785290287.4132614,0.0,0.0,0.0003744959831237793
1785290287.4138196,0.0,0.0,0.0003814080264419317
1785290287.4143717,0.0,0.0,0.00037638377398252487
1785290287.4149432,0.0,0.0,0.00038947188295423985
1785290287.4155521,0.0,0.0,0.00040022400207817554
1785290287.4161258,0.0,0.0,0.00038768001832067966
1785290287.4166849,0.0,0.0,0.00037977611646056175
1785290287.4172418,0.0,0.0,0.000378655968233943
1785290287.4178069,0.0,0.0,0.0003845121245831251
1785290287.4183545,0.0,0.0,0.0003773118369281292
1785290287.4189167,0.0,0.0,0.00038012792356312275
1785290287.4195213,0.0,0.0,0.0003997760359197855
1785290287.4200964,0.0,0.0,0.00039065582677721977
1785290287.4206605,0.0,0.0,0.0003846080508083105
1785290287.4212344,0.0,0.0,0.00039113592356443405
1785290287.421805,0.0,0.0,0.0003880320582538843
1785290287.4223657,0.0,0.0,0.0003809921909123659
1785290287.422928,0.0,0.0,0.0003780159167945385
1785290287.423515,0.0,0.0,0.0003949759993702173
1785290287.4240685,0.0,0.0,0.0003746559377759695
1785290287.42464,0.0,0.0,0.0003914239350706339
1785290287.4252057,0.0,0.0,0.0003833598457276821
1785290287.4257746,0.0,0.0,0.0003890239167958498
1785290287.4263353,0.0,0.0,0.00038620783016085625
1785290287.4269063,0.0,0.0,0.00038758409209549427
1785290287.4275138,0.0,0.0,0.000421023927628994
1785290287.4280853,0.0,0.0,0.0003898239228874445
1785290287.4286427,0.0,0.0,0.0003754240460693836
1785290287.4292078,0.0,0.0,0.0003820480778813362
1785290287.4297771,0.0,0.0,0.0003837759140878916
1785290287.4303334,0.0,0.0,0.0003804799634963274
1785290287.4308982,0.0,0.0,0.00038681598380208015
1785290287.4315038,0.0,0.0,0.00041999993845820427
1785290287.432083,0.0,0.0,0.00039286399260163307
1785290287.432639,0.0,0.0,0.00038233608938753605
1785290287.4332097,0.0,0.0,0.0003886721096932888
1785290287.4337714,0.0,0.0,0.00038259197026491165
1785290287.4343429,0.0,0.0,0.0003897920250892639
1785290287.434906,0.0,0.0,0.0003784960135817528
1785290287.4354994,0.0,0.0,0.0004157121293246746
1785290287.436072,0.0,0.0,0.000382112106308341
1785290287.4366398,0.0,0.0,0.0003892481327056885
1785290287.4372153,0.0,0.0,0.000393823953345418
1785290287.4377909,0.0,0.0,0.000391968060284853
1785290287.4383569,0.0,0.0,0.00038163200952112675
1785290287.4389262,0.0,0.0,0.00038185599260032177
1785290287.4397593,0.0,0.0,0.0005874240305274725
1785290287.44059,0.0,0.0,0.0005562561564147472
1785290287.4411776,0.0,0.0,0.0003961601760238409
1785290287.441758,0.0,0.0,0.0003944002091884613
1785290287.4423363,0.0,0.0,0.00039158412255346775
1785290287.442912,0.0,0.0,0.0003920639865100384
1785290287.443517,0.0,0.0,0.0003943038173019886
1785290287.444076,0.0,0.0,0.00037788785994052887
1785290287.4446454,0.0,0.0,0.00038588792085647583
1785290287.4452193,0.0,0.0,0.00039084814488887787
1785290287.4457943,0.0,0.0,0.00039091194048523903
1785290287.4463725,0.0,0.0,0.0003963520284742117
1785290287.4469476,0.0,0.0,0.00039369589649140835
1785290287.4475482,0.0,0.0,0.00039676809683442116
1785290287.4481084,0.0,0.0,0.0003780799452215433
1785290287.4486773,0.0,0.0,0.0003828480839729309
1785290287.4492373,0.0,0.0,0.0003859198186546564
1785290287.449792,0.0,0.0,0.00038323202170431614
1785290287.4503727,0.0,0.0,0.00039686402305960655
1785290287.4509478,0.0,0.0,0.0003840639255940914
1785290287.4515479,0.0,0.0,0.0003963841591030359
1785290287.452117,0.0,0.0,0.0003895040135830641
1785290287.452694,0.0,0.0,0.0003926397766917944
1785290287.4532578,0.0,0.0,0.0003814080264419317
1785290287.4538157,0.0,0.0,0.00038480013608932495
1785290287.4543886,0.0,0.0,0.000388608081266284
1785290287.4549553,0.0,0.0,0.0003812159411609173
1785290287.4555585,0.0,0.0,0.00040015997365117073
1785290287.4561374,0.0,0.0,0.00039139180444180965
1785290287.456708,0.0,0.0,0.00039580813609063625
1785290287.4580152,0.0,0.0,0.0011121921706944704
1785290287.4586098,0.0,0.0,0.00040108803659677505
1785290287.459229,0.0,0.0,0.000434336019679904
1785290287.459809,0.0,0.0,0.00039462395943701267
1785290287.4603853,0.0,0.0,0.0003921601455658674
1785290287.46096,0.0,0.0,0.0003874881658703089
1785290287.461533,0.0,0.0,0.0003923519980162382
1785290287.4621103,0.0,0.0,0.0003950078971683979
1785290287.4626703,0.0,0.0,0.0003807998728007078
1785290287.4632719,0.0,0.0,0.000421023927628994
1785290287.4638555,0.0,0.0,0.0003933762200176716
1785290287.4644258,0.0,0.0,0.0003937280271202326
1785290287.4649966,0.0,0.0,0.00039145583286881447
1785290287.4655585,0.0,0.0,0.00038745603524148464
1785290287.4661398,0.0,0.0,0.0003952961415052414
1785290287.4667106,0.0,0.0,0.00038435193710029125
1785290287.467304,0.0,0.0,0.0004193279892206192
1785290287.4678905,0.0,0.0,0.00039791991002857685
1785290287.468459,0.0,0.0,0.0003931520041078329
1785290287.469038,0.0,0.0,0.0003923519980162382
1785290287.4696152,0.0,0.0,0.0003934078849852085
1785290287.4701936,0.0,0.0,0.0003957119770348072
1785290287.470768,0.0,0.0,0.0003921280149370432
1785290287.4713702,0.0,0.0,0.00042137596756219864
1785290287.4719336,0.0,0.0,0.0003831039648503065
1785290287.4725087,0.0,0.0,0.00039072008803486824
1785290287.4730768,0.0,0.0,0.0003874879330396652
1785290287.4736474,0.0,0.0,0.0003870399668812752
1785290287.4742198,0.0,0.0,0.0003900479059666395
1785290287.4747868,0.0,0.0,0.000382239930331707
1785290287.4753828,0.0,0.0,0.0004177920054644346
1785290287.4759622,0.0,0.0,0.0003883198369294405
1785290287.4765267,0.0,0.0,0.0003895680420100689
1785290287.4770865,0.0,0.0,0.00038060802035033703
1785290287.4776454,0.0,0.0,0.00037987204268574715
1785290287.478202,0.0,0.0,0.0003840317949652672
1785290287.4787726,0.0,0.0,0.000394047936424613
1785290287.4793744,0.0,0.0,0.00041788793168962
1785290287.4799485,0.0,0.0,0.00039305584505200386
1785290287.4805083,0.0,0.0,0.00038182386197149754
1785290287.4810693,0.0,0.0,0.0003820799756795168
1785290287.4816318,0.0,0.0,0.00038179196417331696
1785290287.4821942,0.0,0.0,0.0003896960988640785
1785290287.4827733,0.0,0.0,0.0003932798281311989
1785290287.4833643,0.0,0.0,0.0004127039574086666
1785290287.4839234,0.0,0.0,0.00038419198244810104
1785290287.484484,0.0,0.0,0.0003832639195024967
1785290287.4850402,0.0,0.0,0.0003787199966609478
1785290287.485594,0.0,0.0,0.0003736319486051798
1785290287.486241,0.0,0.0,0.00038838409818708897
1785290287.4868014,0.0,0.0,0.00038435193710029125
1785290287.4873986,0.0,0.0,0.0004233280196785927
1785290287.4879766,0.0,0.0,0.0003889279905706644
1785290287.4885397,0.0,0.0,0.00038432003930211067
1785290287.4891047,0.0,0.0,0.0003839039709419012
1785290287.4896672,0.0,0.0,0.0003833281807601452
1785290287.490228,0.0,0.0,0.0003797439858317375
1785290287.490782,0.0,0.0,0.0003830399364233017
1785290287.4913673,0.0,0.0,0.00041267205961048603
1785290287.4919264,0.0,0.0,0.0003824958112090826
1785290287.4924865,0.0,0.0,0.0003814080264419317
1785290287.4930472,0.0,0.0,0.00037913606502115726
1785290287.4936101,0.0,0.0,0.0003820480778813362
1785290287.4941797,0.0,0.0,0.000388608081266284
1785290287.4947422,0.0,0.0,0.0003815039526671171
1785290287.4953282,0.0,0.0,0.00040278397500514984
1785290287.4959023,0.0,0.0,0.0003912001848220825
1785290287.49647,0.0,0.0,0.00038908817805349827
1785290287.4970412,0.0,0.0,0.000390112167224288
1785290287.4976056,0.0,0.0,0.00038441596552729607
1785290287.498171,0.0,0.0,0.00039312010630965233
1785290287.49873,0.0,0.0,0.0003830399364233017
1785290287.4993324,0.0,0.0,0.0004237759858369827
1785290287.4999142,0.0,0.0,0.000397407915443182
1785290287.5004907,0.0,0.0,0.0003960318863391876
1785290287.50106,0.0,0.0,0.0003880320582538843
1785290287.5016258,0.0,0.0,0.0003878402058035135
1785290287.5021858,0.0,0.0,0.00037980801425874233
1785290287.5027483,0.0,0.0,0.0003774401266127825
1785290287.50335,0.0,0.0,0.00041974405758082867
1785290287.503936,0.0,0.0,0.0004007359966635704
1785290287.504501,0.0,0.0,0.0003818240948021412
1785290287.5050676,0.0,0.0,0.0003878080751746893
1785290287.5056322,0.0,0.0,0.00038755196146667004
1785290287.506208,0.0,0.0,0.00039366399869322777
1785290287.5067816,0.0,0.0,0.00039248005487024784
1785290287.5073733,0.0,0.0,0.00041292794048786163
1785290287.5079448,0.0,0.0,0.0003906239289790392
1785290287.5085208,0.0,0.0,0.00038937595672905445
1785290287.5090933,0.0,0.0,0.00038832006976008415
1785290287.509664,0.0,0.0,0.00039004813879728317
1785290287.5102365,0.0,0.0,0.00038851192221045494
1785290287.510802,0.0,0.0,0.0003891198430210352
1785290287.5113847,0.0,0.0,0.000410943990573287
1785290287.5119593,0.0,0.0,0.0003910080995410681
1785290287.5131986,0.0,0.0,0.001039871945977211
1785290287.5138032,0.0,0.0,0.0004100159276276827
1785290287.514389,0.0,0.0,0.0003950719255954027
1785290287.5149693,0.0,0.0,0.00039459182880818844
1785290287.5155725,0.0,0.0,0.0003952961415052414
1785290287.5161502,0.0,0.0,0.0003928320948034525
1785290287.516716,0.0,0.0,0.0003880639560520649
1785290287.5172753,0.0,0.0,0.0003794881049543619
1785290287.5178394,0.0,0.0,0.0003811521455645561
1785290287.5184066,0.0,0.0,0.00038348790258169174
1785290287.5189846,0.0,0.0,0.0003926078788936138
1785290287.519592,0.0,0.0,0.00039580813609063625
1785290287.5201707,0.0,0.0,0.0003927361685782671
1785290287.520732,0.0,0.0,0.0003819521516561508
1785290287.521297,0.0,0.0,0.0003827200271189213
1785290287.5218697,0.0,0.0,0.0003878399729728699
1785290287.5224314,0.0,0.0,0.00038483203388750553
1785290287.5230055,0.0,0.0,0.00039222417399287224
1785290287.523607,0.0,0.0,0.0003920639865100384
1785290287.5241752,0.0,0.0,0.0003857598640024662
1785290287.52474,0.0,0.0,0.0003885438200086355
1785290287.5253003,0.0,0.0,0.0003801921848207712
1785290287.525859,0.0,0.0,0.0003781442064791918
1785290287.5264215,0.0,0.0,0.0003802559804171324
1785290287.5269768,0.0,0.0,0.0003760959953069687
1785290287.5275648,0.0,0.0,0.00038188789039850235
1785290287.5281274,0.0,0.0,0.00038051209412515163
1785290287.5286856,0.0,0.0,0.0003802559804171324
1785290287.5292552,0.0,0.0,0.00038656010292470455
1785290287.5298326,0.0,0.0,0.00039363186806440353
1785290287.5304062,0.0,0.0,0.0003923519980162382
1785290287.530974,0.0,0.0,0.0003802559804171324
1785290287.5315614,0.0,0.0,0.00038323202170431614
1785290287.5321262,0.0,0.0,0.0003828480839729309
1785290287.5327032,0.0,0.0,0.00038915197364985943
1785290287.5332718,0.0,0.0,0.0003912961110472679
1785290287.5338354,0.0,0.0,0.0003862080629914999
1785290287.5344026,0.0,0.0,0.0003809921909123659
1785290287.5349612,0.0,0.0,0.0003812799695879221
1785290287.535571,0.0,0.0,0.0003920639865100384
1785290287.5361576,0.0,0.0,0.0003954879939556122
1785290287.5367293,0.0,0.0,0.00038675195537507534
1785290287.5372946,0.0,0.0,0.0003843521699309349
1785290287.5378652,0.0,0.0,0.00038729608058929443
1785290287.5384257,0.0,0.0,0.00038236798718571663
1785290287.5389798,0.0,0.0,0.00037923199124634266
1785290287.539578,0.0,0.0,0.00038918387144804
1785290287.5401425,0.0,0.0,0.000384095823392272
1785290287.5407064,0.0,0.0,0.00038256007246673107
1785290287.5412781,0.0,0.0,0.0003804799634963274
1785290287.5418408,0.0,0.0,0.00038198381662368774
1785290287.5424,0.0,0.0,0.0003821440041065216
1785290287.5429702,0.0,0.0,0.00039008003659546375
1785290287.5435765,0.0,0.0,0.00039529590867459774
1785290287.5441494,0.0,0.0,0.00039158412255346775
1785290287.5447178,0.0,0.0,0.0003855680115520954
1785290287.5452862,0.0,0.0,0.00038320012390613556
1785290287.545843,0.0,0.0,0.00038441596552729607
1785290287.5464046,0.0,0.0,0.0003815358504652977
1785290287.5469713,0.0,0.0,0.0003828799817711115
1785290287.547555,0.0,0.0,0.00039049587212502956
1785290287.548132,0.0,0.0,0.00038672005757689476
1785290287.5486948,0.0,0.0,0.0003914239350706339
1785290287.549255,0.0,0.0,0.00038003199733793736
1785290287.549804,0.0,0.0,0.00037833605892956257
1785290287.5503652,0.0,0.0,0.00037830392830073833
1785290287.5509198,0.0,0.0,0.00037910393439233303
1785290287.5515273,0.0,0.0,0.0004116159398108721
1785290287.5520866,0.0,0.0,0.0003802559804171324
1785290287.5526521,0.0,0.0,0.0003867198247462511
1785290287.5532272,0.0,0.0,0.0003913280088454485
1785290287.553793,0.0,0.0,0.0003851840738207102
1785290287.5543475,0.0,0.0,0.0003756158985197544
1785290287.5548985,0.0,0.0,0.00037494394928216934
1785290287.555484,0.0,0.0,0.0004088960122317076
1785290287.5560646,0.0,0.0,0.00039791991002857685
1785290287.5566401,0.0,0.0,0.00039340811781585217
1785290287.5572155,0.0,0.0,0.0003921601455658674
1785290287.5577915,0.0,0.0,0.000399135984480381
1785290287.5583644,0.0,0.0,0.0003872320521622896
1785290287.5589335,0.0,0.0,0.00038233608938753605
1785290287.559529,0.0,0.0,0.00039199995808303356
1785290287.5600867,0.0,0.0,0.0003803200088441372
1785290287.5606663,0.0,0.0,0.0003950719255954027
1785290287.561235,0.0,0.0,0.0003862720914185047
1785290287.5618098,0.0,0.0,0.0003930879756808281
1785290287.5623853,0.0,0.0,0.0003933119587600231
1785290287.5629718,0.0,0.0,0.0004045760724693537
1785290287.5635746,0.0,0.0,0.00039324816316366196
1785290287.5641468,0.0,0.0,0.00039072008803486824
1785290287.56472,0.0,0.0,0.00038838409818708897
1785290287.5652843,0.0,0.0,0.0003810240887105465
1785290287.565844,0.0,0.0,0.0003778880927711725
1785290287.5664146,0.0,0.0,0.000388832064345479
1785290287.566981,0.0,0.0,0.00039264000952243805
1785290287.5683186,0.0,0.0,0.001129247946664691
1785290287.5689309,0.0,0.0,0.0004113600589334965
1785290287.569521,0.0,0.0,0.000398912001401186
1785290287.5701044,0.0,0.0,0.0003947839140892029
1785290287.5706675,0.0,0.0,0.00038937595672905445
1785290287.5712771,0.0,0.0,0.00042678392492234707
1785290287.571854,0.0,0.0,0.0003917438443750143
1785290287.572423,0.0,0.0,0.0003855039831250906
1785290287.5729973,0.0,0.0,0.0003931198734790087
1785290287.5735729,0.0,0.0,0.00038982415571808815
1785290287.5741374,0.0,0.0,0.0003845759201794863
1785290287.5746984,0.0,0.0,0.0003857279662042856
1785290287.575286,0.0,0.0,0.00041011208668351173
1785290287.5758474,0.0,0.0,0.00037491205148398876
1785290287.5764036,0.0,0.0,0.0003769600298255682
1785290287.5769637,0.0,0.0,0.0003844799939543009
1785290287.5775278,0.0,0.0,0.00038185599260032177
1785290287.5780845,0.0,0.0,0.00037830392830073833
1785290287.5786521,0.0,0.0,0.0003922239411622286
1785290287.5792372,0.0,0.0,0.0004002877976745367
1785290287.5797997,0.0,0.0,0.00037916796281933784
1785290287.5803785,0.0,0.0,0.00039264000952243805
1785290287.5809548,0.0,0.0,0.00038902414962649345
1785290287.5815356,0.0,0.0,0.0003947520162910223
1785290287.5820894,0.0,0.0,0.0003784957807511091
1785290287.5826554,0.0,0.0,0.00038310419768095016
1785290287.5832667,0.0,0.0,0.00042508821934461594
1785290287.5838418,0.0,0.0,0.0003895040135830641
1785290287.5843995,0.0,0.0,0.0003786240704357624
1785290287.5849733,0.0,0.0,0.00039193592965602875
1785290287.5855508,0.0,0.0,0.00038835196755826473
1785290287.58612,0.0,0.0,0.0003880639560520649
1785290287.586679,0.0,0.0,0.00037932791747152805
1785290287.5872781,0.0,0.0,0.00041673588566482067
1785290287.5878477,0.0,0.0,0.0003844480961561203
1785290287.5884094,0.0,0.0,0.0003879361320286989
1785290287.588975,0.0,0.0,0.0003806077875196934
1785290287.5895479,0.0,0.0,0.00038604787550866604
1785290287.5901082,0.0,0.0,0.0003874879330396652
1785290287.5906758,0.0,0.0,0.0003805439919233322
1785290287.5912712,0.0,0.0,0.00041155191138386726
1785290287.591847,0.0,0.0,0.0003884481266140938
1785290287.592414,0.0,0.0,0.000382239930331707
1785290287.592995,0.0,0.0,0.00039513595402240753
1785290287.5935593,0.0,0.0,0.0003867840860038996
1785290287.5941207,0.0,0.0,0.0003814080264419317
1785290287.5946743,0.0,0.0,0.0003819840494543314
1785290287.595276,0.0,0.0,0.0004227838944643736
1785290287.595846,0.0,0.0,0.00038934405893087387
1785290287.596417,0.0,0.0,0.0003907519858330488
1785290287.596991,0.0,0.0,0.00038863997906446457
1785290287.5975513,0.0,0.0,0.000377024058252573
1785290287.598108,0.0,0.0,0.0003806399181485176
1785290287.5986657,0.0,0.0,0.00037436792626976967
1785290287.5992653,0.0,0.0,0.0004201598931103945
1785290287.5998356,0.0,0.0,0.00038675195537507534
1785290287.6004074,0.0,0.0,0.00038886419497430325
1785290287.6009636,0.0,0.0,0.00038332794792950153
1785290287.601547,0.0,0.0,0.00039513595402240753
1785290287.6021163,0.0,0.0,0.0003895361442118883
1785290287.6026766,0.0,0.0,0.00037958379834890366
1785290287.6032748,0.0,0.0,0.0004171838518232107
1785290287.6038446,0.0,0.0,0.00038377614691853523
1785290287.604419,0.0,0.0,0.0003870080690830946
1785290287.6049826,0.0,0.0,0.00038512004539370537
1785290287.6055448,0.0,0.0,0.00038364785723388195
1785290287.6061018,0.0,0.0,0.0003786880988627672
1785290287.6066601,0.0,0.0,0.00038044783286750317
1785290287.6072724,0.0,0.0,0.0004306558985263109
1785290287.6078384,0.0,0.0,0.00038425601087510586
1785290287.608394,0.0,0.0,0.00038185599260032177
1785290287.608969,0.0,0.0,0.0003914560656994581
1785290287.609536,0.0,0.0,0.00038412795402109623
1785290287.6101048,0.0,0.0,0.0003881598822772503
1785290287.6106703,0.0,0.0,0.0003827521577477455
1785290287.611263,0.0,0.0,0.0004139840602874756
1785290287.6118305,0.0,0.0,0.0003882239107042551
1785290287.6123943,0.0,0.0,0.0003802559804171324
1785290287.6129556,0.0,0.0,0.00038083200342953205
1785290287.6135218,0.0,0.0,0.00038758409209549427
1785290287.614107,0.0,0.0,0.00039519998244941235
1785290287.6146834,0.0,0.0,0.0003895040135830641
1785290287.6152866,0.0,0.0,0.0004174720961600542
1785290287.6158636,0.0,0.0,0.0003940798342227936
1785290287.6164384,0.0,0.0,0.00038863997906446457
1785290287.6170018,0.0,0.0,0.0003861440345644951
1785290287.6175718,0.0,0.0,0.000386976171284914
1785290287.618155,0.0,0.0,0.0003907519858330488
1785290287.6187284,0.0,0.0,0.0003874239046126604
1785290287.6193295,0.0,0.0,0.00041539198718965054
1785290287.6199117,0.0,0.0,0.0003970880061388016
1785290287.6204705,0.0,0.0,0.00037759984843432903
1785290287.6210303,0.0,0.0,0.0003853440284729004
1785290287.6216006,0.0,0.0,0.00038531189784407616
1785290287.6221719,0.0,0.0,0.0003906239289790392
1785290287.6234686,0.0,0.0,0.001115487888455391
1785290287.6240804,0.0,0.0,0.0004087041597813368
1785290287.6246655,0.0,0.0,0.00039366399869322777
1785290287.6252403,0.0,0.0,0.0003910080995410681
1785290287.6258154,0.0,0.0,0.00039001600816845894
1785290287.6263802,0.0,0.0,0.00038601597771048546
1785290287.6269448,0.0,0.0,0.00038777594454586506
1785290287.6275506,0.0,0.0,0.0003996801096946001
1785290287.6281242,0.0,0.0,0.00039279996417462826
1785290287.6286936,0.0,0.0,0.0003870080690830946
1785290287.6292627,0.0,0.0,0.00038809608668088913
1785290287.6298213,0.0,0.0,0.0003787840250879526
1785290287.6303856,0.0,0.0,0.00038992008194327354
1785290287.630961,0.0,0.0,0.00039011193439364433
1785290287.631551,0.0,0.0,0.0003892481327056885
1785290287.6321146,0.0,0.0,0.00037964782677590847
1785290287.632688,0.0,0.0,0.00039107189513742924
1785290287.63325,0.0,0.0,0.0003859838470816612
1785290287.63382,0.0,0.0,0.00038806418888270855
1785290287.6343842,0.0,0.0,0.0003819200210273266
1785290287.6349432,0.0,0.0,0.0003806399181485176
1785290287.6355383,0.0,0.0,0.00039344001561403275
1785290287.6361008,0.0,0.0,0.00038755196146667004
1785290287.6366673,0.0,0.0,0.0003843521699309349
1785290287.6372287,0.0,0.0,0.0003865279722958803
1785290287.6377835,0.0,0.0,0.00037686387076973915
1785290287.638348,0.0,0.0,0.00038137612864375114
1785290287.6389093,0.0,0.0,0.00038073607720434666
1785290287.639508,0.0,0.0,0.0004151039756834507
1785290287.640081,0.0,0.0,0.00038896012119948864
1785290287.6406403,0.0,0.0,0.000380160054191947
1785290287.6411994,0.0,0.0,0.00038742413744330406
1785290287.6417618,0.0,0.0,0.0003831998910754919
1785290287.642338,0.0,0.0,0.00039692805148661137
1785290287.6428995,0.0,0.0,0.0003847680054605007
1785290287.6434906,0.0,0.0,0.0004069758579134941
1785290287.6440744,0.0,0.0,0.00039177597500383854
1785290287.6446493,0.0,0.0,0.0003881920129060745
1785290287.6452222,0.0,0.0,0.00039014406502246857
1785290287.6457853,0.0,0.0,0.00038083200342953205
1785290287.646367,0.0,0.0,0.0003963520284742117
1785290287.6469269,0.0,0.0,0.0003768960013985634
1785290287.647521,0.0,0.0,0.00039289589039981365
1785290287.6480942,0.0,0.0,0.00038576009683310986
1785290287.648668,0.0,0.0,0.0003912639804184437
1785290287.649228,0.0,0.0,0.00038236798718571663
1785290287.649802,0.0,0.0,0.0003917119465768337
1785290287.6503673,0.0,0.0,0.0003821440041065216
1785290287.6509242,0.0,0.0,0.00038697593845427036
1785290287.6515079,0.0,0.0,0.0003888639621436596
1785290287.6520717,0.0,0.0,0.0003813439980149269
1785290287.652641,0.0,0.0,0.00038665602914988995
1785290287.6532187,0.0,0.0,0.00039606401696801186
1785290287.6537826,0.0,0.0,0.00037958379834890366
1785290287.6543481,0.0,0.0,0.00038409605622291565
1785290287.654905,0.0,0.0,0.00038163200952112675
1785290287.6555061,0.0,0.0,0.00041619199328124523
1785290287.6560614,0.0,0.0,0.0003774398937821388
1785290287.656626,0.0,0.0,0.000382463913410902
1785290287.6571982,0.0,0.0,0.00039107189513742924
1785290287.6577632,0.0,0.0,0.0003922879695892334
1785290287.6583347,0.0,0.0,0.0003863358870148659
1785290287.6588998,0.0,0.0,0.00038320012390613556
1785290287.659502,0.0,0.0,0.0004216639790683985
1785290287.6600704,0.0,0.0,0.0003863039892166853
1785290287.6606364,0.0,0.0,0.00038918387144804
1785290287.6611967,0.0,0.0,0.00038060802035033703
1785290287.6617584,0.0,0.0,0.00038969586603343487
1785290287.6623309,0.0,0.0,0.00038947188295423985
1785290287.6629152,0.0,0.0,0.0003990079276263714
1785290287.663519,0.0,0.0,0.00039174407720565796
1785290287.664088,0.0,0.0,0.0003837759140878916
1785290287.6646564,0.0,0.0,0.00038672005757689476
1785290287.6652176,0.0,0.0,0.0003905920311808586
1785290287.6657808,0.0,0.0,0.00038083200342953205
1785290287.6663482,0.0,0.0,0.00039027188904583454
1785290287.6669056,0.0,0.0,0.0003792641218751669
1785290287.667501,0.0,0.0,0.0004138238728046417
1785290287.66807,0.0,0.0,0.00039088004268705845
1785290287.6686366,0.0,0.0,0.00038297614082694054
1785290287.669215,0.0,0.0,0.0003938879817724228
1785290287.6697867,0.0,0.0,0.00039161602035164833
1785290287.670353,0.0,0.0,0.0003887999337166548
1785290287.6709154,0.0,0.0,0.0003810559865087271
1785290287.6715117,0.0,0.0,0.00039756810292601585
1785290287.6720734,0.0,0.0,0.0003819840494543314
1785290287.6726375,0.0,0.0,0.0003854080568999052
1785290287.6732113,0.0,0.0,0.0003980160690844059
1785290287.673776,0.0,0.0,0.000390687957406044
1785290287.6743567,0.0,0.0,0.00039404816925525665
1785290287.6749156,0.0,0.0,0.000380384037271142
1785290287.6755266,0.0,0.0,0.0004091518931090832
1785290287.6761096,0.0,0.0,0.00039942399598658085
1785290287.676692,0.0,0.0,0.0003973438870161772
1785290287.6772623,0.0,0.0,0.0003895999398082495
1785290287.6786222,0.0,0.0,0.0011857280042022467
1785290287.679274,0.0,0.0,0.00045078410767018795
1785290287.6798644,0.0,0.0,0.00040204799734055996
1785290287.680431,0.0,0.0,0.0003880320582538843
1785290287.681018,0.0,0.0,0.00039526401087641716
1785290287.681599,0.0,0.0,0.00039203185588121414
1785290287.6821775,0.0,0.0,0.0003963520284742117
1785290287.6827362,0.0,0.0,0.00038505601696670055
1785290287.6833348,0.0,0.0,0.00042063998989760876
1785290287.6839173,0.0,0.0,0.00039907218888401985
1785290287.6844885,0.0,0.0,0.0003861121367663145
1785290287.6850584,0.0,0.0,0.00038883183151483536
1785290287.6856277,0.0,0.0,0.0003895999398082495
1785290287.6861775,0.0,0.0,0.0003784960135817528
1785290287.6867366,0.0,0.0,0.0003799998667091131
1785290287.687335,0.0,0.0,0.00041497591882944107
1785290287.6879084,0.0,0.0,0.00039244815707206726
1785290287.6884825,0.0,0.0,0.0003877121489495039
1785290287.689048,0.0,0.0,0.0003892478998750448
1785290287.6896036,0.0,0.0,0.0003792960196733475
1785290287.690159,0.0,0.0,0.00037788785994052887
1785290287.6907156,0.0,0.0,0.0003803200088441372
1785290287.6912973,0.0,0.0,0.0004103998653590679
1785290287.691873,0.0,0.0,0.00038998411037027836
1785290287.692447,0.0,0.0,0.0003902080934494734
1785290287.693013,0.0,0.0,0.00039097596891224384
1785290287.6935725,0.0,0.0,0.00038969586603343487
1785290287.6941385,0.0,0.0,0.00038838409818708897
1785290287.6947138,0.0,0.0,0.0003888639621436596
1785290287.695375,0.0,0.0,0.0004807680379599333
1785290287.6959388,0.0,0.0,0.0003877121489495039
1785290287.6965094,0.0,0.0,0.0003923519980162382
1785290287.6970782,0.0,0.0,0.0003883838653564453
1785290287.6976497,0.0,0.0,0.00038771191611886024
1785290287.6982114,0.0,0.0,0.00038345600478351116
1785290287.6987808,0.0,0.0,0.00038934405893087387
1785290287.6993704,0.0,0.0,0.0004091199953109026
1785290287.6999414,0.0,0.0,0.0003876481205224991
1785290287.70052,0.0,0.0,0.000391968060284853
1785290287.7010727,0.0,0.0,0.0003796159289777279
1785290287.7016344,0.0,0.0,0.0003813439980149269
1785290287.7022166,0.0,0.0,0.00039619184099137783
1785290287.7027717,0.0,0.0,0.0003771840129047632
1785290287.7033777,0.0,0.0,0.00042239995673298836
1785290287.7039518,0.0,0.0,0.00038912007585167885
1785290287.7045221,0.0,0.0,0.0003961601760238409
1785290287.7051044,0.0,0.0,0.00039599998854100704
1785290287.7056575,0.0,0.0,0.0003797758836299181
1785290287.706223,0.0,0.0,0.0003877761773765087
1785290287.7067783,0.0,0.0,0.00037913606502115726
1785290287.7073836,0.0,0.0,0.0004184320569038391
1785290287.707962,0.0,0.0,0.0003852800000458956
1785290287.7085276,0.0,0.0,0.00038681598380208015
1785290287.7090926,0.0,0.0,0.0003852800000458956
1785290287.7096553,0.0,0.0,0.0003819840494543314
1785290287.710227,0.0,0.0,0.0003935680724680424
1785290287.7107978,0.0,0.0,0.00038412795402109623
1785290287.711385,0.0,0.0,0.000407360028475523
1785290287.7119486,0.0,0.0,0.00038739200681447983
1785290287.7125149,0.0,0.0,0.00038092792965471745
1785290287.7130797,0.0,0.0,0.00038489606231451035
1785290287.7136414,0.0,0.0,0.0003813439980149269
1785290287.7142031,0.0,0.0,0.00038393610157072544
1785290287.714762,0.0,0.0,0.0003760319668799639
1785290287.71537,0.0,0.0,0.0004338240250945091
1785290287.7159412,0.0,0.0,0.00039219181053340435
1785290287.7165084,0.0,0.0,0.00038649607449769974
1785290287.7170672,0.0,0.0,0.0003746559377759695
1785290287.7176473,0.0,0.0,0.00039516808465123177
1785290287.718229,0.0,0.0,0.00039868801832199097
1785290287.7187884,0.0,0.0,0.00038323202170431614
1785290287.719402,0.0,0.0,0.00042854389175772667
1785290287.7199655,0.0,0.0,0.0003814399242401123
1785290287.7205389,0.0,0.0,0.0003950078971683979
1785290287.72109,0.0,0.0,0.00038067204877734184
1785290287.7216713,0.0,0.0,0.00039676809683442116
1785290287.7222354,0.0,0.0,0.00038390420377254486
1785290287.722794,0.0,0.0,0.00037923199124634266
1785290287.7233915,0.0,0.0,0.0004195519722998142
1785290287.7239726,0.0,0.0,0.00039036781527101994
1785290287.7245302,0.0,0.0,0.00037827203050255775
1785290287.725122,0.0,0.0,0.0003999359905719757
1785290287.7257016,0.0,0.0,0.00038921600207686424
1785290287.7262714,0.0,0.0,0.0003802559804171324
1785290287.7268417,0.0,0.0,0.00038659200072288513
1785290287.727455,0.0,0.0,0.0004308160860091448
1785290287.7280216,0.0,0.0,0.00038608000613749027
1785290287.7286074,0.0,0.0,0.0003970880061388016
1785290287.7291822,0.0,0.0,0.00039062416180968285
1785290287.729753,0.0,0.0,0.0003931520041078329
1785290287.730327,0.0,0.0,0.00038627185858786106
1785290287.7308922,0.0,0.0,0.0003838720731437206
1785290287.7315302,0.0,0.0,0.0004539201036095619
1785290287.7321045,0.0,0.0,0.0003959361929446459
1785290287.7326686,0.0,0.0,0.00038928003050386906
1785290287.7339284,0.0,0.0,0.0010847360827028751
1785290287.734533,0.0,0.0,0.0003995201550424099
1785290287.7351472,0.0,0.0,0.0004244479350745678
1785290287.7357414,0.0,0.0,0.00039788801223039627
1785290287.736312,0.0,0.0,0.0003863999154418707
1785290287.736887,0.0,0.0,0.0003909438382834196
1785290287.73747,0.0,0.0,0.00039103999733924866
1785290287.7380424,0.0,0.0,0.0003907519858330488
1785290287.7386122,0.0,0.0,0.0003886721096932888
1785290287.7392073,0.0,0.0,0.0004136639181524515
1785290287.739784,0.0,0.0,0.0003874881658703089
1785290287.740359,0.0,0.0,0.0003884481266140938
1785290287.7409236,0.0,0.0,0.0003832317888736725
1785290287.7414978,0.0,0.0,0.0003906560596078634
1785290287.7420757,0.0,0.0,0.00039017596282064915
1785290287.742651,0.0,0.0,0.000388832064345479
1785290287.74325,0.0,0.0,0.00042079994454979897
1785290287.7438226,0.0,0.0,0.00038928003050386906
1785290287.7443938,0.0,0.0,0.0003887040074914694
1785290287.7449613,0.0,0.0,0.00038588792085647583
1785290287.7455237,0.0,0.0,0.0003820799756795168
1785290287.7460988,0.0,0.0,0.00038918410427868366
1785290287.7466836,0.0,0.0,0.00040191994048655033
1785290287.7472935,0.0,0.0,0.0004246719181537628
1785290287.747866,0.0,0.0,0.00038672005757689476
1785290287.7484362,0.0,0.0,0.0003875838592648506
1785290287.7490122,0.0,0.0,0.00038841599598526955
1785290287.7495892,0.0,0.0,0.0003917119465768337
1785290287.7501636,0.0,0.0,0.0003917438443750143
1785290287.7507281,0.0,0.0,0.00038563203997910023
1785290287.751317,0.0,0.0,0.00040543987415730953
1785290287.7518837,0.0,0.0,0.00038659200072288513
1785290287.7524583,0.0,0.0,0.00038921600207686424
1785290287.7530274,0.0,0.0,0.000385248102247715
1785290287.7535913,0.0,0.0,0.0003844799939543009
1785290287.7541494,0.0,0.0,0.00037900800816714764
1785290287.7547295,0.0,0.0,0.00039366399869322777
1785290287.7553248,0.0,0.0,0.0004111039452254772
1785290287.7559102,0.0,0.0,0.0003982400521636009
1785290287.75648,0.0,0.0,0.00038643181324005127
1785290287.7570353,0.0,0.0,0.000378528144210577
1785290287.7576003,0.0,0.0,0.00038835196755826473
1785290287.7581682,0.0,0.0,0.0003811200149357319
1785290287.7587256,0.0,0.0,0.00038297614082694054
1785290287.7593148,0.0,0.0,0.0004161279648542404
1785290287.7598934,0.0,0.0,0.00039760000072419643
1785290287.7604547,0.0,0.0,0.0003815358504652977
1785290287.7610214,0.0,0.0,0.00038553611375391483
1785290287.7615814,0.0,0.0,0.00038691191002726555
1785290287.7621439,0.0,0.0,0.00038252794183790684
1785290287.762709,0.0,0.0,0.00038739200681447983
1785290287.7632966,0.0,0.0,0.0004141440149396658
1785290287.7638748,0.0,0.0,0.0003884481266140938
1785290287.764447,0.0,0.0,0.0003886721096932888
1785290287.7650166,0.0,0.0,0.0003795200027525425
1785290287.7655692,0.0,0.0,0.00037420797161757946
1785290287.7661242,0.0,0.0,0.0003732158802449703
1785290287.7666824,0.0,0.0,0.00037955213338136673
1785290287.7672775,0.0,0.0,0.00041040009818971157
1785290287.7678418,0.0,0.0,0.00038227206096053123
1785290287.7684002,0.0,0.0,0.00038198381662368774
1785290287.7689593,0.0,0.0,0.000380735844373703
1785290287.7695317,0.0,0.0,0.0003920639865100384
1785290287.7701056,0.0,0.0,0.0003900479059666395
1785290287.7706761,0.0,0.0,0.000387455802410841
1785290287.7712686,0.0,0.0,0.0004107840359210968
1785290287.771845,0.0,0.0,0.0003953920677304268
1785290287.772416,0.0,0.0,0.00038547208532691
1785290287.7729905,0.0,0.0,0.00039248005487024784
1785290287.7735565,0.0,0.0,0.0003866881597787142
1785290287.7741315,0.0,0.0,0.00038729608058929443
1785290287.774696,0.0,0.0,0.00038547208532691
1785290287.7752783,0.0,0.0,0.0004015041049569845
1785290287.77584,0.0,0.0,0.00038329605013132095
1785290287.7763956,0.0,0.0,0.000376800075173378
1785290287.7769513,0.0,0.0,0.00037731206975877285
1785290287.7775104,0.0,0.0,0.0003800000995397568
1785290287.7780735,0.0,0.0,0.00037926388904452324
1785290287.778642,0.0,0.0,0.00038073607720434666
1785290287.779238,0.0,0.0,0.0004117439966648817
1785290287.7798033,0.0,0.0,0.00038035190664231777
1785290287.7803547,0.0,0.0,0.0003797758836299181
1785290287.7809153,0.0,0.0,0.0003777919337153435
1785290287.7814777,0.0,0.0,0.0003796480596065521
1785290287.7820349,0.0,0.0,0.0003777919337153435
1785290287.7825952,0.0,0.0,0.0003767041489481926
1785290287.7831898,0.0,0.0,0.0004124159459024668
1785290287.783773,0.0,0.0,0.0003899198491126299
1785290287.7843387,0.0,0.0,0.00039049587212502956
1785290287.7849004,0.0,0.0,0.00038521597161889076
1785290287.7854648,0.0,0.0,0.0003849598579108715
1785290287.7860346,0.0,0.0,0.0003887680359184742
1785290287.7865946,0.0,0.0,0.0003749118186533451
1785290287.7871811,0.0,0.0,0.00041372794657945633
1785290287.787761,0.0,0.0,0.0003954879939556122
1785290287.788995,0.0,0.0,0.0010533761233091354
1785290287.7896123,0.0,0.0,0.0004118080250918865
1785290287.790205,0.0,0.0,0.0004009599797427654
1785290287.790783,0.0,0.0,0.0003916479181498289
1785290287.7913988,0.0,0.0,0.0004312319215387106
1785290287.7919834,0.0,0.0,0.0003949119709432125
1785290287.7925558,0.0,0.0,0.00039081601426005363
1785290287.7931209,0.0,0.0,0.00038835196755826473
1785290287.79368,0.0,0.0,0.0003803200088441372
1785290287.7942493,0.0,0.0,0.00039023999124765396
1785290287.794826,0.0,0.0,0.000390463974326849
1785290287.795408,0.0,0.0,0.00039977580308914185
1785290287.7959702,0.0,0.0,0.0003804480656981468
1785290287.796543,0.0,0.0,0.0003929601516574621
1785290287.7971168,0.0,0.0,0.0003926078788936138
1785290287.7976873,0.0,0.0,0.0003903040196746588
1785290287.7982578,0.0,0.0,0.0003872639499604702
1785290287.7988303,0.0,0.0,0.00039232010021805763
1785290287.7994342,0.0,0.0,0.0004179838579148054
1785290287.8000135,0.0,0.0,0.0003920961171388626
1785290287.8005729,0.0,0.0,0.0003850238863378763
1785290287.801152,0.0,0.0,0.00039238412864506245
1785290287.80172,0.0,0.0,0.00038108788430690765
1785290287.8022954,0.0,0.0,0.0003897279966622591
1785290287.802849,0.0,0.0,0.0003809281624853611
1785290287.8034477,0.0,0.0,0.00041968002915382385
1785290287.8040257,0.0,0.0,0.0003922879695892334
1785290287.8045962,0.0,0.0,0.00039088004268705845
1785290287.80517,0.0,0.0,0.00039094407111406326
1785290287.805737,0.0,0.0,0.0003846399486064911
1785290287.8063025,0.0,0.0,0.0003882879391312599
1785290287.8068607,0.0,0.0,0.00038384017534554005
1785290287.8074634,0.0,0.0,0.0004195838700979948
1785290287.80803,0.0,0.0,0.00038579199463129044
1785290287.808611,0.0,0.0,0.0003927361685782671
1785290287.8091724,0.0,0.0,0.00038019195199012756
1785290287.8097346,0.0,0.0,0.0003799039404839277
1785290287.81029,0.0,0.0,0.0003799039404839277
1785290287.8108473,0.0,0.0,0.0003877440467476845
1785290287.8114533,0.0,0.0,0.00042326399125158787
1785290287.8120408,0.0,0.0,0.0003964479546993971
1785290287.8126104,0.0,0.0,0.00038227206096053123
1785290287.8131752,0.0,0.0,0.0003826881293207407
1785290287.8137338,0.0,0.0,0.00037948787212371826
1785290287.8142943,0.0,0.0,0.00038233608938753605
1785290287.8148506,0.0,0.0,0.0003779518883675337
1785290287.8154674,0.0,0.0,0.0004319678992033005
1785290287.8160417,0.0,0.0,0.00038934405893087387
1785290287.8166242,0.0,0.0,0.0003934719134122133
1785290287.81719,0.0,0.0,0.0003794559743255377
1785290287.8177526,0.0,0.0,0.000385823892429471
1785290287.8183134,0.0,0.0,0.00038265599869191647
1785290287.8188875,0.0,0.0,0.0003912961110472679
1785290287.8194914,0.0,0.0,0.0004166399594396353
1785290287.820055,0.0,0.0,0.0003778559621423483
1785290287.8206182,0.0,0.0,0.0003820480778813362
1785290287.8211832,0.0,0.0,0.0003838399425148964
1785290287.8217554,0.0,0.0,0.0003842241130769253
1785290287.822307,0.0,0.0,0.00037641613744199276
1785290287.8228571,0.0,0.0,0.00038185599260032177
1785290287.8234494,0.0,0.0,0.00040860800072550774
1785290287.824027,0.0,0.0,0.00038848002441227436
1785290287.8245952,0.0,0.0,0.0003878721036016941
1785290287.825158,0.0,0.0,0.0003870720975100994
1785290287.8257291,0.0,0.0,0.00038863997906446457
1785290287.8262885,0.0,0.0,0.00038697593845427036
1785290287.8268523,0.0,0.0,0.00038688001222908497
1785290287.82746,0.0,0.0,0.0004268479533493519
1785290287.8280268,0.0,0.0,0.00037881615571677685
1785290287.828597,0.0,0.0,0.0003878399729728699
1785290287.829154,0.0,0.0,0.00037747202441096306
1785290287.829711,0.0,0.0,0.00037580798380076885
1785290287.8302655,0.0,0.0,0.00038179196417331696
1785290287.830816,0.0,0.0,0.00037724804133176804
1785290287.8313985,0.0,0.0,0.00040086405351758003
1785290287.8319762,0.0,0.0,0.00039011193439364433
1785290287.8325422,0.0,0.0,0.0003839998971670866
1785290287.8331115,0.0,0.0,0.0003872958477586508
1785290287.8336809,0.0,0.0,0.0003826241008937359
1785290287.8342597,0.0,0.0,0.0003913920372724533
1785290287.834825,0.0,0.0,0.0003906239289790392
1785290287.8354115,0.0,0.0,0.0004029760602861643
1785290287.8359797,0.0,0.0,0.00038691191002726555
1785290287.8365326,0.0,0.0,0.00037644803524017334
1785290287.8370907,0.0,0.0,0.00038252794183790684
1785290287.8376453,0.0,0.0,0.0003789439797401428
1785290287.838205,0.0,0.0,0.0003768641036003828
1785290287.8387759,0.0,0.0,0.0003854080568999052
1785290287.839389,0.0,0.0,0.0004284479655325413
1785290287.8399696,0.0,0.0,0.00039081601426005363
1785290287.8405416,0.0,0.0,0.0003912320826202631
1785290287.841121,0.0,0.0,0.0003948160447180271
1785290287.8416934,0.0,0.0,0.0003923838958144188
1785290287.842271,0.0,0.0,0.00039609591476619244
1785290287.8428473,0.0,0.0,0.00038937595672905445
1785290287.8441637,0.0,0.0,0.0011329920962452888
1785290287.844782,0.0,0.0,0.000416159862652421
1785290287.845368,0.0,0.0,0.0004050559364259243
1785290287.8459506,0.0,0.0,0.0003931839019060135
1785290287.8465245,0.0,0.0,0.0003896320704370737
1785290287.8471348,0.0,0.0,0.0004218239337205887
1785290287.8477113,0.0,0.0,0.000390336150303483
1785290287.84828,0.0,0.0,0.00038403202779591084
1785290287.8488517,0.0,0.0,0.0003896639682352543
1785290287.8494194,0.0,0.0,0.0003890879452228546
1785290287.8499885,0.0,0.0,0.00038979179225862026
1785290287.850548,0.0,0.0,0.0003842238802462816
1785290287.8511412,0.0,0.0,0.0004132799804210663
1785290287.8517225,0.0,0.0,0.00039187190122902393
1785290287.8522987,0.0,0.0,0.00038736010901629925
1785290287.8528738,0.0,0.0,0.0003922239411622286
1785290287.853445,0.0,0.0,0.0003881920129060745
1785290287.854012,0.0,0.0,0.00038243201561272144
1785290287.8545732,0.0,0.0,0.00038649607449769974
1785290287.8551621,0.0,0.0,0.00040294392965734005
1785290287.8557358,0.0,0.0,0.00039097596891224384
1785290287.856309,0.0,0.0,0.0003842241130769253
1785290287.856872,0.0,0.0,0.000382239930331707
1785290287.857429,0.0,0.0,0.00037939194589853287
1785290287.857985,0.0,0.0,0.0003790718037635088
1785290287.858554,0.0,0.0,0.00039286399260163307
1785290287.859135,0.0,0.0,0.0004004801157861948
1785290287.8597124,0.0,0.0,0.0003930239472538233
1785290287.8602893,0.0,0.0,0.0003857279662042856
1785290287.8608615,0.0,0.0,0.0003913920372724533
1785290287.8614156,0.0,0.0,0.0003752000629901886
1785290287.861974,0.0,0.0,0.0003800000995397568
1785290287.8625507,0.0,0.0,0.0003894080873578787
1785290287.8631341,0.0,0.0,0.0004081281367689371
1785290287.8637128,0.0,0.0,0.000392416026443243
1785290287.8642619,0.0,0.0,0.00037343986332416534
1785290287.8648224,0.0,0.0,0.00038486416451632977
1785290287.8653862,0.0,0.0,0.000382015947252512
1785290287.865955,0.0,0.0,0.0003851840738207102
1785290287.866514,0.0,0.0,0.0003777281381189823
1785290287.8670807,0.0,0.0,0.00037904013879597187
1785290287.867674,0.0,0.0,0.00038793589919805527
1785290287.8682387,0.0,0.0,0.00037804804742336273
1785290287.8688083,0.0,0.0,0.0003881920129060745
1785290287.8693666,0.0,0.0,0.0003794240765273571
1785290287.8699377,0.0,0.0,0.0003921280149370432
1785290287.8705168,0.0,0.0,0.0003966719377785921
1785290287.8710773,0.0,0.0,0.0003855358809232712
1785290287.8716934,0.0,0.0,0.000395328039303422
1785290287.8722737,0.0,0.0,0.0003953920677304268
1785290287.8728392,0.0,0.0,0.0003930879756808281
1785290287.873409,0.0,0.0,0.00039119995199143887
1785290287.8739717,0.0,0.0,0.0003853121306747198
1785290287.8745327,0.0,0.0,0.00037942384369671345
1785290287.8751245,0.0,0.0,0.00041305599734187126
1785290287.875793,0.0,0.0,0.0003984959330409765
1785290287.8763673,0.0,0.0,0.00039199995808303356
1785290287.876934,0.0,0.0,0.00038515194319188595
1785290287.877509,0.0,0.0,0.0003907198552042246
1785290287.8780835,0.0,0.0,0.0003939520101994276
1785290287.8786466,0.0,0.0,0.00037478399462997913
1785290287.8792462,0.0,0.0,0.0004197121597826481
1785290287.8798127,0.0,0.0,0.00037846388295292854
1785290287.8803768,0.0,0.0,0.00037907203659415245
1785290287.8809352,0.0,0.0,0.0003801281563937664
1785290287.881509,0.0,0.0,0.0003916479181498289
1785290287.8820736,0.0,0.0,0.000388959888368845
1785290287.8826485,0.0,0.0,0.00039155222475528717
1785290287.8832393,0.0,0.0,0.0004099521320313215
1785290287.8838112,0.0,0.0,0.00038793589919805527
1785290287.8843832,0.0,0.0,0.00038547208532691
1785290287.8849463,0.0,0.0,0.00038064015097916126
1785290287.8855214,0.0,0.0,0.00039152009412646294
1785290287.8860917,0.0,0.0,0.00038816011510789394
1785290287.8866615,0.0,0.0,0.0003894080873578787
1785290287.8872573,0.0,0.0,0.0004144639242440462
1785290287.8878257,0.0,0.0,0.00038499198853969574
1785290287.888388,0.0,0.0,0.0003788159228861332
1785290287.8889465,0.0,0.0,0.0003797118552029133
1785290287.889505,0.0,0.0,0.000378879951313138
1785290287.8900795,0.0,0.0,0.00038323202170431614
1785290287.8906384,0.0,0.0,0.00038451189175248146
1785290287.8912232,0.0,0.0,0.0004085439722985029
1785290287.8918078,0.0,0.0,0.0003951038233935833
1785290287.8923774,0.0,0.0,0.0003879040013998747
1785290287.8929362,0.0,0.0,0.00037820800207555294
1785290287.89351,0.0,0.0,0.0003916798159480095
1785290287.8940797,0.0,0.0,0.00038918387144804
1785290287.8946488,0.0,0.0,0.00038377614691853523
1785290287.895233,0.0,0.0,0.0004087681882083416
1785290287.8958037,0.0,0.0,0.0003898879513144493
1785290287.8963609,0.0,0.0,0.0003763199783861637
1785290287.896919,0.0,0.0,0.00037910393439233303
1785290287.8974996,0.0,0.0,0.00039270403794944286
1785290287.898071,0.0,0.0,0.00038233608938753605
1785290287.8993602,0.0,0.0,0.001112672034651041
1785290287.899988,0.0,0.0,0.00042121601291000843
1785290287.900563,0.0,0.0,0.00039443187415599823
1785290287.9011369,0.0,0.0,0.00039228820241987705
1785290287.9017103,0.0,0.0,0.00039081601426005363
1785290287.9022958,0.0,0.0,0.00039599998854100704
1785290287.9028761,0.0,0.0,0.0003925121854990721
1785290287.9034977,0.0,0.0,0.0004316801205277443
1785290287.9040742,0.0,0.0,0.00039702397771179676
1785290287.9046402,0.0,0.0,0.00038432003930211067
1785290287.905198,0.0,0.0,0.00038547208532691
1785290287.9057634,0.0,0.0,0.0003895040135830641
1785290287.9063327,0.0,0.0,0.00038675195537507534
1785290287.9068973,0.0,0.0,0.00038521597161889076
1785290287.9074972,0.0,0.0,0.00041993591003119946
1785290287.9080753,0.0,0.0,0.0003907519858330488
1785290287.9086406,0.0,0.0,0.0003802559804171324
1785290287.9092152,0.0,0.0,0.00039433594793081284
1785290287.9097905,0.0,0.0,0.0003932160325348377
1785290287.910358,0.0,0.0,0.00038617593236267567
1785290287.910929,0.0,0.0,0.0003878399729728699
1785290287.9115345,0.0,0.0,0.0004075199831277132
1785290287.9121115,0.0,0.0,0.0003887999337166548
1785290287.9126706,0.0,0.0,0.0003845440223813057
1785290287.9132273,0.0,0.0,0.00038524786941707134
1785290287.9137816,0.0,0.0,0.00038067204877734184
1785290287.9143605,0.0,0.0,0.000392319867387414
1785290287.9149265,0.0,0.0,0.00037948787212371826
1785290287.915536,0.0,0.0,0.0003989441320300102
1785290287.9161031,0.0,0.0,0.00037932791747152805
1785290287.9166594,0.0,0.0,0.0003852800000458956
1785290287.917231,0.0,0.0,0.000386976171284914
1785290287.9177933,0.0,0.0,0.0003804799634963274
1785290287.9183717,0.0,0.0,0.0003917121794074774
1785290287.918941,0.0,0.0,0.0003838720731437206
1785290287.9195313,0.0,0.0,0.00039344001561403275
1785290287.9201021,0.0,0.0,0.0003871680237352848
1785290287.9206786,0.0,0.0,0.00038947188295423985
1785290287.9212313,0.0,0.0,0.0003712959587574005
1785290287.9218054,0.0,0.0,0.0003937280271202326
1785290287.9223723,0.0,0.0,0.0003842238802462816
1785290287.922942,0.0,0.0,0.0003856639377772808
1785290287.9235501,0.0,0.0,0.00039974390529096127
1785290287.9241114,0.0,0.0,0.0003797758836299181
1785290287.9246736,0.0,0.0,0.00038227206096053123
1785290287.9252343,0.0,0.0,0.00038345600478351116
1785290287.9257913,0.0,0.0,0.0003808641340583563
1785290287.9263499,0.0,0.0,0.00038118381053209305
1785290287.9269128,0.0,0.0,0.0003842238802462816
1785290287.9275057,0.0,0.0,0.00041705602779984474
1785290287.9280705,0.0,0.0,0.00038560014218091965
1785290287.9286356,0.0,0.0,0.00037955213338136673
1785290287.929203,0.0,0.0,0.00038009602576494217
1785290287.9297645,0.0,0.0,0.0003853440284729004
1785290287.9303322,0.0,0.0,0.0003879040013998747
1785290287.9308972,0.0,0.0,0.00038332794792950153
1785290287.9314885,0.0,0.0,0.00040963198989629745
1785290287.932049,0.0,0.0,0.0003804159350693226
1785290287.932618,0.0,0.0,0.00038825604133307934
1785290287.9331756,0.0,0.0,0.0003812799695879221
1785290287.9337428,0.0,0.0,0.00038435193710029125
1785290287.9343,0.0,0.0,0.00037766387686133385
1785290287.9348574,0.0,0.0,0.0003795840311795473
1785290287.9354537,0.0,0.0,0.00042345584370195866
1785290287.9360087,0.0,0.0,0.0003819521516561508
1785290287.9365578,0.0,0.0,0.0003712000325322151
1785290287.9371278,0.0,0.0,0.00039129587821662426
1785290287.9376888,0.0,0.0,0.0003823039587587118
1785290287.9382482,0.0,0.0,0.00037897611036896706
1785290287.9388165,0.0,0.0,0.0003871999215334654
1785290287.939397,0.0,0.0,0.0003969920799136162
1785290287.9399529,0.0,0.0,0.00037606386467814445
1785290287.9405127,0.0,0.0,0.0003771199844777584
1785290287.9410734,0.0,0.0,0.00038067204877734184
1785290287.9416294,0.0,0.0,0.00038073607720434666
1785290287.942198,0.0,0.0,0.00038502411916852
1785290287.9427552,0.0,0.0,0.0003778559621423483
1785290287.9433553,0.0,0.0,0.00041155191138386726
1785290287.9439242,0.0,0.0,0.00038700783625245094
1785290287.9444962,0.0,0.0,0.0003848639316856861
1785290287.9450593,0.0,0.0,0.0003849281929433346
1785290287.945618,0.0,0.0,0.0003771840129047632
1785290287.9461725,0.0,0.0,0.0003840317949652672
1785290287.9467487,0.0,0.0,0.00039279996417462826
1785290287.9473348,0.0,0.0,0.00040470389649271965
1785290287.9478896,0.0,0.0,0.000380511861294508
1785290287.9484606,0.0,0.0,0.00039097596891224384
1785290287.9490247,0.0,0.0,0.00038489606231451035
1785290287.9495873,0.0,0.0,0.0003767358139157295
1785290287.9501486,0.0,0.0,0.0003767360467463732
1785290287.9507325,0.0,0.0,0.00039654411375522614
1785290287.9513316,0.0,0.0,0.0004143679980188608
1785290287.951894,0.0,0.0,0.0003817598335444927
1785290287.952468,0.0,0.0,0.00038672005757689476
1785290287.953029,0.0,0.0,0.0003792960196733475
1785290287.9535928,0.0,0.0,0.0003800641279667616
1785290287.9548805,0.0,0.0,0.001110048033297062
1785290287.9555209,0.0,0.0,0.0004429440014064312
1785290287.9561083,0.0,0.0,0.00039734411984682083
1785290287.9566898,0.0,0.0,0.00039667217060923576
1785290287.9572697,0.0,0.0,0.0003952318802475929
1785290287.9578354,0.0,0.0,0.00038323202170431614
1785290287.958411,0.0,0.0,0.0003941119648516178
1785290287.958981,0.0,0.0,0.000383520033210516
1785290287.9595838,0.0,0.0,0.00038710399530828
1785290287.9601433,0.0,0.0,0.00037881615571677685
1785290287.9606934,0.0,0.0,0.0003810559865087271
1785290287.9612575,0.0,0.0,0.0003811200149357319
1785290287.96182,0.0,0.0,0.00038204784505069256
1785290287.9623897,0.0,0.0,0.0003904961049556732
1785290287.96297,0.0,0.0,0.00038969586603343487
1785290287.9635801,0.0,0.0,0.0003937920555472374
1785290287.96415,0.0,0.0,0.00038339197635650635
1785290287.964721,0.0,0.0,0.0003889920189976692
1785290287.9652936,0.0,0.0,0.00038675195537507534
1785290287.9658434,0.0,0.0,0.0003784960135817528
1785290287.9664116,0.0,0.0,0.0003824958112090826
1785290287.966979,0.0,0.0,0.000383520033210516
1785290287.9675858,0.0,0.0,0.00039081578142941
1785290287.9681482,0.0,0.0,0.0003812799695879221
1785290287.9687142,0.0,0.0,0.0003794240765273571
1785290287.9692764,0.0,0.0,0.0003822080325335264
1785290287.9698386,0.0,0.0,0.0003815358504652977
1785290287.9704077,0.0,0.0,0.00038377614691853523
1785290287.9709845,0.0,0.0,0.00039225583896040916
1785290287.9715946,0.0,0.0,0.0003911680541932583
1785290287.9721503,0.0,0.0,0.0003795840311795473
1785290287.9727137,0.0,0.0,0.0003833281807601452
1785290287.9732735,0.0,0.0,0.00037500797770917416
1785290287.9738367,0.0,0.0,0.0003776960074901581
1785290287.974393,0.0,0.0,0.0003728000447154045
1785290287.9749653,0.0,0.0,0.00038943998515605927
1785290287.9755638,0.0,0.0,0.00039446400478482246
1785290287.97614,0.0,0.0,0.0003934719134122133
1785290287.9767096,0.0,0.0,0.0003847999032586813
1785290287.9772809,0.0,0.0,0.0003873598761856556
1785290287.9778433,0.0,0.0,0.00038249604403972626
1785290287.9784117,0.0,0.0,0.0003852800000458956
1785290287.9789703,0.0,0.0,0.0003763518761843443
1785290287.9795601,0.0,0.0,0.00038608000613749027
1785290287.9801269,0.0,0.0,0.00038435193710029125
1785290287.9807022,0.0,0.0,0.00039286399260163307
1785290287.9812787,0.0,0.0,0.00039417599327862263
1785290287.9818394,0.0,0.0,0.00038179196417331696
1785290287.9823983,0.0,0.0,0.0003819200210273266
1785290287.9829705,0.0,0.0,0.00039184000343084335
1785290287.9835713,0.0,0.0,0.00039289589039981365
1785290287.984142,0.0,0.0,0.00038912007585167885
1785290287.9847107,0.0,0.0,0.00038540782406926155
1785290287.985273,0.0,0.0,0.00038825604133307934
1785290287.98584,0.0,0.0,0.00038521597161889076
1785290287.9863958,0.0,0.0,0.0003737278748303652
1785290287.9869583,0.0,0.0,0.0003780159167945385
1785290287.987547,0.0,0.0,0.0003932160325348377
1785290287.9881167,0.0,0.0,0.0003849598579108715
1785290287.9886792,0.0,0.0,0.00038163200952112675
1785290287.9892356,0.0,0.0,0.0003733760677278042
1785290287.9897962,0.0,0.0,0.0003777600359171629
1785290287.9903502,0.0,0.0,0.00037667201831936836
1785290287.9909048,0.0,0.0,0.00037660798989236355
1785290287.9914973,0.0,0.0,0.00041388790123164654
1785290287.9920619,0.0,0.0,0.0003815682139247656
1785290287.9926343,0.0,0.0,0.000390336150303483
1785290287.9931989,0.0,0.0,0.00038265599869191647
1785290287.9937618,0.0,0.0,0.0003805439919233322
1785290287.9943254,0.0,0.0,0.000380384037271142
1785290287.994893,0.0,0.0,0.00037996796891093254
1785290287.995492,0.0,0.0,0.0004167680162936449
1785290287.9960585,0.0,0.0,0.0003812480717897415
1785290287.9966235,0.0,0.0,0.00037692789919674397
1785290287.9971876,0.0,0.0,0.0003868481144309044
1785290287.9977489,0.0,0.0,0.0003881598822772503
1785290287.9983127,0.0,0.0,0.0003823039587587118
1785290287.9988754,0.0,0.0,0.0003819840494543314
1785290287.9994767,0.0,0.0,0.0004201920237392187
1785290288.000048,0.0,0.0,0.0003866238985210657
1785290288.0005994,0.0,0.0,0.0003694719634950161
1785290288.001158,0.0,0.0,0.0003760640975087881
1785290288.001703,0.0,0.0,0.00037180795334279537
1785290288.0022762,0.0,0.0,0.0003899519797414541
1785290288.002836,0.0,0.0,0.000377375865355134
1785290288.0034218,0.0,0.0,0.0004042559303343296
1785290288.003993,0.0,0.0,0.0003895999398082495
1785290288.00458,0.0,0.0,0.000400640070438385
1785290288.0051615,0.0,0.0,0.00039161602035164833
1785290288.0057275,0.0,0.0,0.0003822080325335264
1785290288.0062842,0.0,0.0,0.00037987204268574715
1785290288.0068479,0.0,0.0,0.0003800957929342985
1785290288.007431,0.0,0.0,0.00041225599125027657
1785290288.0080056,0.0,0.0,0.00039023999124765396
1785290288.0085747,0.0,0.0,0.0003827840555459261
1785290288.009808,0.0,0.0,0.0010575358755886555
1785290288.010435,0.0,0.0,0.00041971192695200443
1785290288.011033,0.0,0.0,0.0004064959939569235
1785290288.0116477,0.0,0.0,0.0003968318924307823
1785290288.0122306,0.0,0.0,0.0003945920616388321
1785290288.0127988,0.0,0.0,0.0003879040013998747
1785290288.0133727,0.0,0.0,0.0003926078788936138
1785290288.013932,0.0,0.0,0.00037820800207555294
1785290288.0144942,0.0,0.0,0.00038204784505069256
1785290288.0150645,0.0,0.0,0.00038889585994184017
1785290288.0156674,0.0,0.0,0.0003916479181498289
1785290288.0162368,0.0,0.0,0.00038508791476488113
1785290288.0168083,0.0,0.0,0.000392192043364048
1785290288.0173721,0.0,0.0,0.0003833598457276821
1785290288.0179303,0.0,0.0,0.00038425601087510586
1785290288.0185053,0.0,0.0,0.00039017596282064915
1785290288.01907,0.0,0.0,0.0003811200149357319
1785290288.0196776,0.0,0.0,0.0003949759993702173
1785290288.0202332,0.0,0.0,0.00038320012390613556
1785290288.0207958,0.0,0.0,0.0003826241008937359
1785290288.021357,0.0,0.0,0.00038089603185653687
1785290288.0219195,0.0,0.0,0.0003838399425148964
1785290288.0224829,0.0,0.0,0.000382015947252512
1785290288.0230546,0.0,0.0,0.0003946560900658369
1785290288.0236623,0.0,0.0,0.0003903680481016636
1785290288.0242238,0.0,0.0,0.0003846080508083105
1785290288.0247796,0.0,0.0,0.0003787840250879526
1785290288.0253398,0.0,0.0,0.0003795840311795473
1785290288.0258915,0.0,0.0,0.00037571205757558346
1785290288.0264573,0.0,0.0,0.00038659200072288513
1785290288.0270307,0.0,0.0,0.00038915197364985943
1785290288.0276375,0.0,0.0,0.0003933119587600231
1785290288.0282106,0.0,0.0,0.00038739200681447983
1785290288.0287762,0.0,0.0,0.00038489606231451035
1785290288.0293384,0.0,0.0,0.00038742413744330406
1785290288.0299125,0.0,0.0,0.000392416026443243
1785290288.030477,0.0,0.0,0.0003887040074914694
1785290288.0310256,0.0,0.0,0.0003777600359171629
1785290288.0316293,0.0,0.0,0.00039887987077236176
1785290288.0322094,0.0,0.0,0.0003926397766917944
1785290288.0327609,0.0,0.0,0.00037228805013000965
1785290288.0333223,0.0,0.0,0.0003797118552029133
1785290288.0338852,0.0,0.0,0.0003879040013998747
1785290288.0344546,0.0,0.0,0.00038323202170431614
1785290288.0350204,0.0,0.0,0.0003884478937834501
1785290288.0356126,0.0,0.0,0.00038659200072288513
1785290288.0361702,0.0,0.0,0.00038496009074151516
1785290288.036732,0.0,0.0,0.0003798399120569229
1785290288.03729,0.0,0.0,0.00038355193100869656
1785290288.0378497,0.0,0.0,0.0003827840555459261
1785290288.0384195,0.0,0.0,0.0003887999337166548
1785290288.0389793,0.0,0.0,0.0003799998667091131
1785290288.0395675,0.0,0.0,0.00038656010292470455
1785290288.040119,0.0,0.0,0.00038015982136130333
1785290288.0406806,0.0,0.0,0.00038137612864375114
1785290288.041246,0.0,0.0,0.00038083200342953205
1785290288.041815,0.0,0.0,0.00038761598989367485
1785290288.042376,0.0,0.0,0.00037875212728977203
1785290288.0429392,0.0,0.0,0.00038115191273391247
1785290288.0435538,0.0,0.0,0.00040844804607331753
1785290288.0441332,0.0,0.0,0.00039379182271659374
1785290288.0446959,0.0,0.0,0.0003885440528392792
1785290288.0452635,0.0,0.0,0.00038496009074151516
1785290288.0458353,0.0,0.0,0.0003930560778826475
1785290288.0464015,0.0,0.0,0.00038809608668088913
1785290288.0469606,0.0,0.0,0.0003795519005507231
1785290288.0475595,0.0,0.0,0.00039484817534685135
1785290288.0481381,0.0,0.0,0.00039718393236398697
1785290288.0487065,0.0,0.0,0.00038835196755826473
1785290288.0492625,0.0,0.0,0.000387327978387475
1785290288.0498247,0.0,0.0,0.0003812159411609173
1785290288.0503972,0.0,0.0,0.00039206421934068203
1785290288.0509522,0.0,0.0,0.00037740799598395824
1785290288.051542,0.0,0.0,0.00039414409548044205
1785290288.0521166,0.0,0.0,0.00038934405893087387
1785290288.0526807,0.0,0.0,0.00038172793574631214
1785290288.0532439,0.0,0.0,0.00038166390731930733
1785290288.0538054,0.0,0.0,0.00038185599260032177
1785290288.0543683,0.0,0.0,0.0003787840250879526
1785290288.0549233,0.0,0.0,0.00037081586197018623
1785290288.0555367,0.0,0.0,0.00040547200478613377
1785290288.0561104,0.0,0.0,0.000387327978387475
1785290288.0566823,0.0,0.0,0.00038569606840610504
1785290288.0572457,0.0,0.0,0.0003833281807601452
1785290288.0578134,0.0,0.0,0.0003885761834681034
1785290288.058367,0.0,0.0,0.0003807041794061661
1785290288.058927,0.0,0.0,0.00038220779970288277
1785290288.0595145,0.0,0.0,0.00039184000343084335
1785290288.0600936,0.0,0.0,0.00038940785452723503
1785290288.0606472,0.0,0.0,0.00037750392220914364
1785290288.0612178,0.0,0.0,0.0003893761895596981
1785290288.0617805,0.0,0.0,0.0003804799634963274
1785290288.0623403,0.0,0.0,0.0003753278870135546
1785290288.062905,0.0,0.0,0.0003845440223813057
1785290288.0635068,0.0,0.0,0.0004215680528432131
1785290288.064092,0.0,0.0,0.0003949759993702173
1785290288.065382,0.0,0.0,0.00043651205487549305
1785290288.0659804,0.0,0.0,0.0003987201489508152
1785290288.066544,0.0,0.0,0.00038291187956929207
1785290288.0671437,0.0,0.0,0.00041641597636044025
1785290288.0677295,0.0,0.0,0.000395328039303422
1785290288.068295,0.0,0.0,0.000385248102247715
1785290288.0688562,0.0,0.0,0.00038179196417331696
1785290288.0694156,0.0,0.0,0.00038489606231451035
1785290288.0699983,0.0,0.0,0.00039308820851147175
1785290288.0705674,0.0,0.0,0.0003907838836312294
1785290288.0711622,0.0,0.0,0.0004116799682378769
1785290288.0717282,0.0,0.0,0.00038515194319188595
1785290288.072375,0.0,0.0,0.0003877440467476845
1785290288.0729494,0.0,0.0,0.0003902721218764782
1785290288.0735068,0.0,0.0,0.0003810240887105465
1785290288.0740647,0.0,0.0,0.0003787199966609478
1785290288.0746212,0.0,0.0,0.0003769600298255682
1785290288.0752053,0.0,0.0,0.0004038400948047638
1785290288.075772,0.0,0.0,0.0003921280149370432
1785290288.0763447,0.0,0.0,0.0003913280088454485
1785290288.0769024,0.0,0.0,0.00037817610427737236
1785290288.0774736,0.0,0.0,0.0003878080751746893
1785290288.078037,0.0,0.0,0.00038256007246673107
1785290288.0785873,0.0,0.0,0.00036630406975746155
1785290288.079181,0.0,0.0,0.0004145598504692316
1785290288.079758,0.0,0.0,0.0003879040013998747
1785290288.0803232,0.0,0.0,0.00038476777262985706
1785290288.0808923,0.0,0.0,0.00038649607449769974
1785290288.0814538,0.0,0.0,0.00038057612255215645
1785290288.0820186,0.0,0.0,0.0003817600663751364
1785290288.0825763,0.0,0.0,0.00037766387686133385
1785290288.08316,0.0,0.0,0.0004039360210299492
1785290288.083742,0.0,0.0,0.00039443187415599823
1785290288.0843093,0.0,0.0,0.00039017596282064915
1785290288.0848792,0.0,0.0,0.0003834881354123354
1785290288.085456,0.0,0.0,0.0003880958538502455
1785290288.0860267,0.0,0.0,0.00038675195537507534
1785290288.0865977,0.0,0.0,0.0003872958477586508
1785290288.0872033,0.0,0.0,0.00041865603998303413
1785290288.087781,0.0,0.0,0.00038985605351626873
1785290288.0883443,0.0,0.0,0.00038918410427868366
1785290288.0889246,0.0,0.0,0.00039417599327862263
1785290288.0895011,0.0,0.0,0.0003905920311808586
1785290288.0900655,0.0,0.0,0.00038182386197149754
1785290288.0906382,0.0,0.0,0.00039119995199143887
1785290288.091223,0.0,0.0,0.000400640070438385
1785290288.0917888,0.0,0.0,0.00037820800207555294
1785290288.0923555,0.0,0.0,0.0003853121306747198
1785290288.0929117,0.0,0.0,0.0003793281503021717
1785290288.0934832,0.0,0.0,0.00039094407111406326
1785290288.0940537,0.0,0.0,0.00038345600478351116
1785290288.0946066,0.0,0.0,0.0003737600054591894
1785290288.0951962,0.0,0.0,0.0004070398863404989
1785290288.0957694,0.0,0.0,0.00038684788160026073
1785290288.0963268,0.0,0.0,0.0003726400900632143
1785290288.0968869,0.0,0.0,0.00038332794792950153
1785290288.0974572,0.0,0.0,0.0003895680420100689
1785290288.0980198,0.0,0.0,0.00037904013879597187
1785290288.0985732,0.0,0.0,0.00037302402779459953
1785290288.0991478,0.0,0.0,0.0003981119953095913
1785290288.099716,0.0,0.0,0.00038758409209549427
1785290288.1002758,0.0,0.0,0.0003785600420087576
1785290288.1008332,0.0,0.0,0.000385823892429471
1785290288.1013975,0.0,0.0,0.0003803200088441372
1785290288.1019633,0.0,0.0,0.0003821759019047022
1785290288.102516,0.0,0.0,0.0003741441760212183
1785290288.1030664,0.0,0.0,0.00036908802576363087
1785290288.1036394,0.0,0.0,0.0003741118125617504
1785290288.1041949,0.0,0.0,0.0003775681834667921
1785290288.104779,0.0,0.0,0.00039951992221176624
1785290288.1053538,0.0,0.0,0.0003904001787304878
1785290288.1059058,0.0,0.0,0.00037808017805218697
1785290288.1064553,0.0,0.0,0.0003737600054591894
1785290288.1070092,0.0,0.0,0.0003731518518179655
1785290288.1075983,0.0,0.0,0.00038592005148530006
1785290288.108169,0.0,0.0,0.00038931192830204964
1785290288.108738,0.0,0.0,0.0003823039587587118
1785290288.1093073,0.0,0.0,0.0003819200210273266
1785290288.1098826,0.0,0.0,0.00039446400478482246
1785290288.1104398,0.0,0.0,0.0003799039404839277
1785290288.111003,0.0,0.0,0.0003809600602835417
1785290288.1116066,0.0,0.0,0.000397056108340621
1785290288.1121721,0.0,0.0,0.00039097596891224384
1785290288.112737,0.0,0.0,0.0003827840555459261
1785290288.113292,0.0,0.0,0.00037884805351495743
1785290288.113864,0.0,0.0,0.000390687957406044
1785290288.1144176,0.0,0.0,0.0003725120332092047
1785290288.1149821,0.0,0.0,0.00038204784505069256
1785290288.1155846,0.0,0.0,0.0003965438809245825
1785290288.116167,0.0,0.0,0.0003990719560533762
1785290288.1167476,0.0,0.0,0.0003960318863391876
1785290288.117314,0.0,0.0,0.00038710399530828
1785290288.117883,0.0,0.0,0.0003903680481016636
1785290288.1184535,0.0,0.0,0.0003892478998750448
1785290288.1190226,0.0,0.0,0.0003866238985210657
1785290288.1203692,0.0,0.0,0.0011342721991240978
1785290288.1209774,0.0,0.0,0.0004117439966648817
1785290288.1215577,0.0,0.0,0.00040012807585299015
1785290288.122138,0.0,0.0,0.00039535993710160255
1785290288.1227055,0.0,0.0,0.0003933438565582037
1785290288.1233125,0.0,0.0,0.00042886403389275074
1785290288.1238942,0.0,0.0,0.0003931520041078329
1785290288.1244752,0.0,0.0,0.00039091194048523903
1785290288.1250432,0.0,0.0,0.0003878721036016941
1785290288.1256304,0.0,0.0,0.0004012160934507847
1785290288.1261966,0.0,0.0,0.00039286399260163307
1785290288.126766,0.0,0.0,0.0003856639377772808
1785290288.1273708,0.0,0.0,0.00042339181527495384
1785290288.1279438,0.0,0.0,0.0003867840860038996
1785290288.128526,0.0,0.0,0.00039679999463260174
1785290288.129084,0.0,0.0,0.00037968019023537636
1785290288.1296468,0.0,0.0,0.0003826241008937359
1785290288.1302118,0.0,0.0,0.0003930239472538233
1785290288.1307836,0.0,0.0,0.0003848639316856861
1785290288.131365,0.0,0.0,0.00040748785249888897
1785290288.131933,0.0,0.0,0.00038553611375391483
1785290288.1324892,0.0,0.0,0.00038412795402109623
1785290288.1330545,0.0,0.0,0.000383616192266345
1785290288.1336195,0.0,0.0,0.0003859521821141243
1785290288.1341777,0.0,0.0,0.0003881279844790697
1785290288.1347387,0.0,0.0,0.00037974421866238117
1785290288.1353376,0.0,0.0,0.0004223361611366272
1785290288.1359158,0.0,0.0,0.00039267190732061863
1785290288.1364868,0.0,0.0,0.0003830080386251211
1785290288.137063,0.0,0.0,0.00039267190732061863
1785290288.1376173,0.0,0.0,0.0003802559804171324
1785290288.138175,0.0,0.0,0.00038483203388750553
1785290288.1387382,0.0,0.0,0.00038992008194327354
1785290288.1393514,0.0,0.0,0.00043148803524672985
1785290288.1399217,0.0,0.0,0.00038403202779591084
1785290288.1405003,0.0,0.0,0.0003925119526684284
1785290288.1410697,0.0,0.0,0.00039081601426005363
1785290288.141631,0.0,0.0,0.00037910393439233303
1785290288.142187,0.0,0.0,0.0003781118430197239
1785290288.1427455,0.0,0.0,0.00038035190664231777
1785290288.1433287,0.0,0.0,0.00040876795537769794
1785290288.1438951,0.0,0.0,0.0003854080568999052
1785290288.144446,0.0,0.0,0.0003781439736485481
1785290288.1450007,0.0,0.0,0.00038185599260032177
1785290288.145573,0.0,0.0,0.0003894721157848835
1785290288.1461406,0.0,0.0,0.0003845759201794863
1785290288.1467037,0.0,0.0,0.0003815358504652977
1785290288.1473093,0.0,0.0,0.00042991992086172104
1785290288.1478827,0.0,0.0,0.00038288021460175514
1785290288.1484525,0.0,0.0,0.00039267190732061863
1785290288.1490278,0.0,0.0,0.0003835840616375208
1785290288.1496012,0.0,0.0,0.00039740814827382565
1785290288.1501737,0.0,0.0,0.0003910721279680729
1785290288.1507497,0.0,0.0,0.0003863680176436901
1785290288.151345,0.0,0.0,0.00041788816452026367
1785290288.1519125,0.0,0.0,0.0003839039709419012
1785290288.1524935,0.0,0.0,0.00039455993101000786
1785290288.1530693,0.0,0.0,0.0003895040135830641
1785290288.1536303,0.0,0.0,0.00038115191273391247
1785290288.1541967,0.0,0.0,0.0003849279601126909
1785290288.1547656,0.0,0.0,0.00038656010292470455
1785290288.1553543,0.0,0.0,0.00041465600952506065
1785290288.1559348,0.0,0.0,0.0003986561205238104
1785290288.156499,0.0,0.0,0.0003802240826189518
1785290288.1570673,0.0,0.0,0.000383744016289711
1785290288.1576362,0.0,0.0,0.00038604787550866604
1785290288.1581984,0.0,0.0,0.00038156798109412193
1785290288.1587667,0.0,0.0,0.00038160011172294617
1785290288.159367,0.0,0.0,0.00041497591882944107
1785290288.159942,0.0,0.0,0.00038576009683310986
1785290288.1605113,0.0,0.0,0.0003877438139170408
1785290288.1610754,0.0,0.0,0.00037926388904452324
1785290288.16164,0.0,0.0,0.00038588792085647583
1785290288.1622055,0.0,0.0,0.0003890879452228546
1785290288.1627638,0.0,0.0,0.00038419198244810104
1785290288.163342,0.0,0.0,0.0004010559059679508
1785290288.1639142,0.0,0.0,0.000390336150303483
1785290288.164484,0.0,0.0,0.00038905604742467403
1785290288.1650562,0.0,0.0,0.0003831998910754919
1785290288.165616,0.0,0.0,0.00038172793574631214
1785290288.166187,0.0,0.0,0.00038320012390613556
1785290288.1667507,0.0,0.0,0.0003800957929342985
1785290288.1673515,0.0,0.0,0.0004116799682378769
1785290288.167914,0.0,0.0,0.00037971208803355694
1785290288.1684725,0.0,0.0,0.00037612789310514927
1785290288.1690254,0.0,0.0,0.000376800075173378
1785290288.1695924,0.0,0.0,0.00038761598989367485
1785290288.170163,0.0,0.0,0.0003832641523331404
1785290288.170727,0.0,0.0,0.00038403202779591084
1785290288.1713235,0.0,0.0,0.00042649591341614723
1785290288.1718965,0.0,0.0,0.00038800016045570374
1785290288.1724634,0.0,0.0,0.00038089603185653687
1785290288.1730385,0.0,0.0,0.0003914239350706339
1785290288.1736004,0.0,0.0,0.0003814080264419317
1785290288.1741633,0.0,0.0,0.0003889279905706644
1785290288.1754394,0.0,0.0,0.0010939838830381632
1785290288.1760862,0.0,0.0,0.00043833605013787746
1785290288.1766949,0.0,0.0,0.00041702413000166416
1785290288.177268,0.0,0.0,0.00039177597500383854
1785290288.1778517,0.0,0.0,0.0003924479242414236
1785290288.1784189,0.0,0.0,0.0003914239350706339
1785290288.1789913,0.0,0.0,0.0003887040074914694
1785290288.1795914,0.0,0.0,0.00039398414082825184
1785290288.1801531,0.0,0.0,0.00038848002441227436
1785290288.1807365,0.0,0.0,0.0003960318863391876
1785290288.1813087,0.0,0.0,0.00039078411646187305
1785290288.1818683,0.0,0.0,0.0003805439919233322
1785290288.1824234,0.0,0.0,0.00038083200342953205
1785290288.1829746,0.0,0.0,0.00037945620715618134
1785290288.1835864,0.0,0.0,0.00039782398380339146
1785290288.1841586,0.0,0.0,0.0003870080690830946
1785290288.184725,0.0,0.0,0.00039119995199143887
1785290288.185303,0.0,0.0,0.000395328039303422
1785290288.1858737,0.0,0.0,0.000390112167224288
1785290288.1864426,0.0,0.0,0.0003840639255940914
1785290288.187013,0.0,0.0,0.00039023999124765396
1785290288.1876082,0.0,0.0,0.0003871680237352848
1785290288.1881692,0.0,0.0,0.0003822080325335264
1785290288.188738,0.0,0.0,0.0003934719134122133
1785290288.189314,0.0,0.0,0.00039014406502246857
1785290288.1898744,0.0,0.0,0.00038019195199012756
1785290288.1904333,0.0,0.0,0.0003780799452215433
1785290288.1910088,0.0,0.0,0.00038822414353489876
1785290288.191612,0.0,0.0,0.0003961601760238409
1785290288.1921818,0.0,0.0,0.00038291187956929207
1785290288.1927457,0.0,0.0,0.0003829121123999357
1785290288.193304,0.0,0.0,0.00038339197635650635
1785290288.1938694,0.0,0.0,0.0003858881536871195
1785290288.1944363,0.0,0.0,0.0003839039709419012
1785290288.195004,0.0,0.0,0.0003903680481016636
1785290288.195603,0.0,0.0,0.00039273593574762344
1785290288.1961644,0.0,0.0,0.00038188789039850235
1785290288.1967332,0.0,0.0,0.00038672005757689476
1785290288.1973076,0.0,0.0,0.0003922560717910528
1785290288.197879,0.0,0.0,0.0003849598579108715
1785290288.198433,0.0,0.0,0.00037500797770917416
1785290288.1989782,0.0,0.0,0.00037676794454455376
1785290288.1995728,0.0,0.0,0.0003854080568999052
1785290288.2001371,0.0,0.0,0.0003796799574047327
1785290288.2006958,0.0,0.0,0.00037942384369671345
1785290288.2012668,0.0,0.0,0.00038921600207686424
1785290288.2018344,0.0,0.0,0.0003900479059666395
1785290288.2024043,0.0,0.0,0.00039119995199143887
1785290288.2029693,0.0,0.0,0.0003804799634963274
1785290288.2035732,0.0,0.0,0.0003951038233935833
1785290288.2041526,0.0,0.0,0.0003956479486078024
1785290288.2047222,0.0,0.0,0.0003853121306747198
1785290288.2052872,0.0,0.0,0.00038147205486893654
1785290288.2058501,0.0,0.0,0.0003811840433627367
1785290288.2064137,0.0,0.0,0.00038204784505069256
1785290288.2069857,0.0,0.0,0.0003906560596078634
1785290288.2075737,0.0,0.0,0.0003862080629914999
1785290288.2081385,0.0,0.0,0.00037926388904452324
1785290288.2087228,0.0,0.0,0.0004017918836325407
1785290288.2092822,0.0,0.0,0.0003838720731437206
1785290288.20985,0.0,0.0,0.0003859198186546564
1785290288.2104175,0.0,0.0,0.0003869440406560898
1785290288.2109904,0.0,0.0,0.00038588792085647583
1785290288.2115989,0.0,0.0,0.00039782398380339146
1785290288.2121606,0.0,0.0,0.00037859193980693817
1785290288.2127216,0.0,0.0,0.00038140779361128807
1785290288.21328,0.0,0.0,0.00037724804133176804
1785290288.2138445,0.0,0.0,0.00038403202779591084
1785290288.21441,0.0,0.0,0.000382463913410902
1785290288.214978,0.0,0.0,0.0003824641462415457
1785290288.2155662,0.0,0.0,0.0003827200271189213
1785290288.2161393,0.0,0.0,0.00039295991882681847
1785290288.2167087,0.0,0.0,0.0003835840616375208
1785290288.2172732,0.0,0.0,0.0003797439858317375
1785290288.21783,0.0,0.0,0.0003777600359171629
1785290288.2183912,0.0,0.0,0.000382015947252512
1785290288.2189522,0.0,0.0,0.00037862383760511875
1785290288.2195518,0.0,0.0,0.0003968318924307823
1785290288.2201312,0.0,0.0,0.0003945280332118273
1785290288.2207143,0.0,0.0,0.00039286399260163307
1785290288.221291,0.0,0.0,0.0003940160386264324
1785290288.2218542,0.0,0.0,0.00038236798718571663
1785290288.2224145,0.0,0.0,0.00037804804742336273
1785290288.2229722,0.0,0.0,0.00037881615571677685
1785290288.2235682,0.0,0.0,0.00038848002441227436
1785290288.2241335,0.0,0.0,0.00038006389513611794
1785290288.2246976,0.0,0.0,0.00038355193100869656
1785290288.2252808,0.0,0.0,0.00039539183489978313
1785290288.2258565,0.0,0.0,0.0003862080629914999
1785290288.2264218,0.0,0.0,0.00039177597500383854
1785290288.226988,0.0,0.0,0.00038393610157072544
1785290288.227593,0.0,0.0,0.00039843213744461536
1785290288.2281692,0.0,0.0,0.00039107189513742924
1785290288.2287517,0.0,0.0,0.00039664003998041153
1785290288.2293284,0.0,0.0,0.0003876481205224991
1785290288.2305589,0.0,0.0,0.0010429120156913996
1785290288.231226,0.0,0.0,0.00045331218279898167
1785290288.2318296,0.0,0.0,0.0004153279587626457
1785290288.2324107,0.0,0.0,0.0003982400521636009
1785290288.232989,0.0,0.0,0.0003922879695892334
1785290288.2335584,0.0,0.0,0.00038851192221045494
1785290288.2341309,0.0,0.0,0.00038755196146667004
1785290288.2346935,0.0,0.0,0.00038739200681447983
1785290288.2353046,0.0,0.0,0.00042550405487418175
1785290288.2358794,0.0,0.0,0.00038918410427868366
1785290288.2364562,0.0,0.0,0.0003892481327056885
1785290288.2370393,0.0,0.0,0.0003949119709432125
1785290288.2376153,0.0,0.0,0.00039430405013263226
1785290288.2381947,0.0,0.0,0.00039110402576625347
1785290288.2387671,0.0,0.0,0.0003922239411622286
1785290288.2393484,0.0,0.0,0.00040588807314634323
1785290288.2399108,0.0,0.0,0.00038547185249626637
1785290288.240483,0.0,0.0,0.00038515194319188595
1785290288.241043,0.0,0.0,0.0003836799878627062
1785290288.241613,0.0,0.0,0.00039043184369802475
1785290288.2421722,0.0,0.0,0.00037904013879597187
1785290288.2427363,0.0,0.0,0.0003882879391312599
1785290288.243326,0.0,0.0,0.00041267205961048603
1785290288.2439325,0.0,0.0,0.0004100799560546875
1785290288.2445405,0.0,0.0,0.00041897594928741455
1785290288.2451434,0.0,0.0,0.00041212793439626694
1785290288.2457376,0.0,0.0,0.00040601613000035286
1785290288.2463214,0.0,0.0,0.000397280091419816
1785290288.2469018,0.0,0.0,0.0003932479303330183
1785290288.2475138,0.0,0.0,0.0004319360014051199
1785290288.2480953,0.0,0.0,0.000394271919503808
1785290288.2486737,0.0,0.0,0.0003938879817724228
1785290288.2492461,0.0,0.0,0.0003863680176436901
1785290288.249826,0.0,0.0,0.0003930560778826475
1785290288.2503903,0.0,0.0,0.0003905599005520344
1785290288.2509515,0.0,0.0,0.0003803521394729614
1785290288.2515554,0.0,0.0,0.0003987201489508152
1785290288.2521284,0.0,0.0,0.0003849281929433346
1785290288.2526977,0.0,0.0,0.00039023999124765396
1785290288.2532582,0.0,0.0,0.00037948787212371826
1785290288.2538216,0.0,0.0,0.0003827840555459261
1785290288.254384,0.0,0.0,0.0003811521455645561
1785290288.2549446,0.0,0.0,0.0003853121306747198
1785290288.2555585,0.0,0.0,0.0004064000677317381
1785290288.256129,0.0,0.0,0.000383967999368906
1785290288.2567077,0.0,0.0,0.00039504002779722214
1785290288.2572842,0.0,0.0,0.0003944961354136467
1785290288.2578514,0.0,0.0,0.00038608000613749027
1785290288.2584295,0.0,0.0,0.00039344001561403275
1785290288.2589931,0.0,0.0,0.0003827200271189213
1785290288.2595923,0.0,0.0,0.00038934405893087387
1785290288.260155,0.0,0.0,0.0003872639499604702
1785290288.260732,0.0,0.0,0.00039424002170562744
1785290288.2613037,0.0,0.0,0.00039273593574762344
1785290288.261882,0.0,0.0,0.00039331219159066677
1785290288.262452,0.0,0.0,0.00039091194048523903
1785290288.263014,0.0,0.0,0.0003846399486064911
1785290288.263624,0.0,0.0,0.00039590406231582165
1785290288.2641964,0.0,0.0,0.0003892478998750448
1785290288.2647629,0.0,0.0,0.00038860784843564034
1785290288.2653284,0.0,0.0,0.00038547185249626637
1785290288.265902,0.0,0.0,0.00038992008194327354
1785290288.2664585,0.0,0.0,0.00037772790528833866
1785290288.2670228,0.0,0.0,0.00037913606502115726
1785290288.2676275,0.0,0.0,0.0003921601455658674
1785290288.2681925,0.0,0.0,0.00038825604133307934
1785290288.26876,0.0,0.0,0.00038275192491710186
1785290288.2694016,0.0,0.0,0.0003895040135830641
1785290288.26999,0.0,0.0,0.0003964479546993971
1785290288.270562,0.0,0.0,0.0003880320582538843
1785290288.2711642,0.0,0.0,0.00042079994454979897
1785290288.271744,0.0,0.0,0.00039232010021805763
1785290288.2723215,0.0,0.0,0.0003936321008950472
1785290288.2728872,0.0,0.0,0.00038006389513611794
1785290288.2734458,0.0,0.0,0.000383967999368906
1785290288.2740152,0.0,0.0,0.0003905920311808586
1785290288.274577,0.0,0.0,0.0003784960135817528
1785290288.2751691,0.0,0.0,0.0004112638998776674
1785290288.275743,0.0,0.0,0.0003881279844790697
1785290288.2763197,0.0,0.0,0.0003872958477586508
1785290288.2768807,0.0,0.0,0.0003870399668812752
1785290288.2774498,0.0,0.0,0.0003851840738207102
1785290288.2780104,0.0,0.0,0.00038249604403972626
1785290288.2785854,0.0,0.0,0.0003918721340596676
1785290288.2791908,0.0,0.0,0.0004193279892206192
1785290288.2797682,0.0,0.0,0.00039190403185784817
1785290288.2803528,0.0,0.0,0.0003999038599431515
1785290288.2809365,0.0,0.0,0.00039248005487024784
1785290288.2815027,0.0,0.0,0.00038204784505069256
1785290288.2820778,0.0,0.0,0.0003920961171388626
1785290288.2826438,0.0,0.0,0.00039190403185784817
1785290288.2832444,0.0,0.0,0.00041443202644586563
1785290288.2838151,0.0,0.0,0.00038800016045570374
1785290288.2843885,0.0,0.0,0.0003877438139170408
1785290288.2849648,0.0,0.0,0.00039190403185784817
1785290288.2862961,0.0,0.0,0.0011507521849125624
1785290288.2869053,0.0,0.0,0.0004081281367689371
1785290288.2875268,0.0,0.0,0.00041267205961048603
1785290288.2881026,0.0,0.0,0.000385599909350276
1785290288.288682,0.0,0.0,0.00039257598109543324
1785290288.2892563,0.0,0.0,0.0003971201367676258
