time,in_time,out_time,inference_time
1785289892.902243,0.0,0.0,0.0005479360222816467
1785289892.9035206,0.0,0.0,0.0007719359993934631
1785289892.9046202,0.0,0.0,0.000569216012954712
1785289892.9056747,0.0,0.0,0.0005601599812507629
1785289892.9067304,0.0,0.0,0.0005493760108947754
1785289892.9078505,0.0,0.0,0.0006199359893798828
1785289892.90891,0.0,0.0,0.0005549759864807128
1785289892.9099767,0.0,0.0,0.0005602560043334961
1785289892.911062,0.0,0.0,0.0005817919969558716
1785289892.9121423,0.0,0.0,0.0005740159749984741
1785289892.9131854,0.0,0.0,0.0005455999970436096
1785289892.9142287,0.0,0.0,0.0005379199981689453
1785289892.9153285,0.0,0.0,0.0006008960008621215
1785289892.916395,0.0,0.0,0.0005679360032081604
1785289892.917432,0.0,0.0,0.0005314559936523438
1785289892.9184785,0.0,0.0,0.0005433599948883056
1785289892.9195642,0.0,0.0,0.0005922880172729492
1785289892.920615,0.0,0.0,0.0005442879796028138
1785289892.9216547,0.0,0.0,0.000547648012638092
1785289892.9226952,0.0,0.0,0.0005339840054512024
1785289892.9237957,0.0,0.0,0.0005981760025024414
1785289892.924841,0.0,0.0,0.0005422080159187317
1785289892.9258943,0.0,0.0,0.0005549119710922242
1785289892.9269376,0.0,0.0,0.0005361279845237732
1785289892.9280062,0.0,0.0,0.0005590400099754334
1785289892.9290597,0.0,0.0,0.0005454720258712769
1785289892.9301023,0.0,0.0,0.000543071985244751
1785289892.9311728,0.0,0.0,0.0005772479772567749
1785289892.932232,0.0,0.0,0.0005728639960289002
1785289892.9332788,0.0,0.0,0.0005464320182800293
1785289892.9343176,0.0,0.0,0.0005325120091438293
1785289892.935414,0.0,0.0,0.0005949119925498963
1785289892.9364667,0.0,0.0,0.000550271987915039
1785289892.9375052,0.0,0.0,0.0005329920053482055
1785289892.9385524,0.0,0.0,0.0005405759811401368
1785289892.939631,0.0,0.0,0.0005735999941825867
1785289892.9406881,0.0,0.0,0.0005536320209503174
1785289892.9417303,0.0,0.0,0.0005435839891433715
1785289892.94279,0.0,0.0,0.0005541759729385376
1785289892.9438717,0.0,0.0,0.0005895040035247803
1785289892.9449165,0.0,0.0,0.0005408639907836914
1785289892.9459581,0.0,0.0,0.0005360320210456848
1785289892.9470034,0.0,0.0,0.0005440319776535035
1785289892.948083,0.0,0.0,0.0005671359896659851
1785289892.94914,0.0,0.0,0.0005579839944839477
1785289892.950184,0.0,0.0,0.0005377280116081238
1785289892.9512458,0.0,0.0,0.0005555520057678223
1785289892.9524202,0.0,0.0,0.0005897600054740906
1785289892.9534578,0.0,0.0,0.0005538560152053833
1785289892.9544861,0.0,0.0,0.0005211840271949768
1785289892.9555569,0.0,0.0,0.0005621119737625123
1785289892.9566083,0.0,0.0,0.0005488640069961548
1785289892.9586298,0.0,0.0,0.0004184960126876831
1785289892.9597173,0.0,0.0,0.0005891839861869812
1785289892.9607604,0.0,0.0,0.0005398719906806946
1785289892.9618027,0.0,0.0,0.0005349760055541992
1785289892.9628508,0.0,0.0,0.0005406079888343812
1785289892.9639285,0.0,0.0,0.000570688009262085
1785289892.9649704,0.0,0.0,0.000537343978881836
1785289892.9660163,0.0,0.0,0.0005411520004272461
1785289892.9670784,0.0,0.0,0.0005590400099754334
1785289892.968135,0.0,0.0,0.0005398079752922058
1785289892.9691722,0.0,0.0,0.0005288959741592407
1785289892.9701986,0.0,0.0,0.0005175359845161438
1785289892.971285,0.0,0.0,0.0005726079940795898
1785289892.9723659,0.0,0.0,0.000594111979007721
1785289892.9734197,0.0,0.0,0.0005471680164337158
1785289892.9744685,0.0,0.0,0.0005438399910926818
1785289892.9755516,0.0,0.0,0.0005841280221939087
1785289892.9766524,0.0,0.0,0.0006027200222015381
1785289892.9777071,0.0,0.0,0.0005571839809417724
1785289892.978772,0.0,0.0,0.0005575680136680603
1785289892.979847,0.0,0.0,0.0005744640231132507
1785289892.9808793,0.0,0.0,0.0005250560045242309
1785289892.9819136,0.0,0.0,0.0005304319858551026
1785289892.9829545,0.0,0.0,0.0005368959903717041
1785289892.9840496,0.0,0.0,0.0005921919941902161
1785289892.9850905,0.0,0.0,0.0005453760027885437
1785289892.986146,0.0,0.0,0.0005467519760131836
1785289892.987202,0.0,0.0,0.0005572159886360168
1785289892.9882503,0.0,0.0,0.0005639039874076843
1785289892.9893181,0.0,0.0,0.0005668479800224304
1785289892.990367,0.0,0.0,0.000550495982170105
1785289892.99145,0.0,0.0,0.0005800639986991883
1785289892.9925003,0.0,0.0,0.0005482239723205567
1785289892.9935524,0.0,0.0,0.0005538880228996277
1785289892.9945881,0.0,0.0,0.0005327680110931396
1785289892.9956539,0.0,0.0,0.0005590400099754334
1785289892.9967043,0.0,0.0,0.0005513280034065246
1785289892.997741,0.0,0.0,0.0005354239940643311
1785289892.9987829,0.0,0.0,0.0005377600193023682
1785289892.9998658,0.0,0.0,0.0005777599811553955
1785289893.000905,0.0,0.0,0.0005367040038108825
1785289893.0019505,0.0,0.0,0.0005440959930419921
1785289893.002991,0.0,0.0,0.0005338240265846253
1785289893.0040596,0.0,0.0,0.0005623040199279786
1785289893.0051122,0.0,0.0,0.0005466880202293396
1785289893.0061612,0.0,0.0,0.0005489599704742432
1785289893.0072606,0.0,0.0,0.0005706560015678406
1785289893.0084465,0.0,0.0,0.0006941120028495788
1785289893.009505,0.0,0.0,0.0005556480288505555
1785289893.0105507,0.0,0.0,0.0005464320182800293
1785289893.0116165,0.0,0.0,0.0005591359734535218
1785289893.0135212,0.0,0.0,0.0014009280204772948
1785289893.014588,0.0,0.0,0.0005701760053634644
1785289893.0156589,0.0,0.0,0.0005752639770507812
1785289893.0167027,0.0,0.0,0.0005405759811401368
1785289893.017739,0.0,0.0,0.0005302079916000367
1785289893.0187843,0.0,0.0,0.000537056028842926
1785289893.0198786,0.0,0.0,0.000590399980545044
1785289893.0209415,0.0,0.0,0.0005680959820747375
1785289893.0219831,0.0,0.0,0.0005431360006332397
1785289893.0230346,0.0,0.0,0.0005461440086364746
1785289893.0241199,0.0,0.0,0.0005776960253715515
1785289893.0251746,0.0,0.0,0.000558239996433258
1785289893.0262175,0.0,0.0,0.0005468479990959167
1785289893.027299,0.0,0.0,0.0005755839943885803
1785289893.0283577,0.0,0.0,0.0005611199736595154
1785289893.0294168,0.0,0.0,0.0005629119873046875
1785289893.030475,0.0,0.0,0.000561855971813202
1785289893.0315382,0.0,0.0,0.0005720000267028808
1785289893.0325806,0.0,0.0,0.0005448639988899231
1785289893.033626,0.0,0.0,0.0005381760001182556
1785289893.034667,0.0,0.0,0.0005356159806251526
1785289893.035734,0.0,0.0,0.0005614399909973144
1785289893.0367877,0.0,0.0,0.0005509120225906372
1785289893.0378451,0.0,0.0,0.0005539519786834717
1785289893.0388896,0.0,0.0,0.0005415359735488892
1785289893.039973,0.0,0.0,0.0005828160047531128
1785289893.041048,0.0,0.0,0.0005676800012588501
1785289893.042103,0.0,0.0,0.0005481280088424683
1785289893.0431805,0.0,0.0,0.0005862720012664795
1785289893.0442288,0.0,0.0,0.0005594239830970764
1785289893.0452917,0.0,0.0,0.0005731840133666993
1785289893.0463407,0.0,0.0,0.0005468800067901611
1785289893.0474133,0.0,0.0,0.0005676159858703613
1785289893.0484872,0.0,0.0,0.0005750079751014709
1785289893.0495265,0.0,0.0,0.0005390400290489197
1785289893.0505776,0.0,0.0,0.0005480960011482239
1785289893.0516431,0.0,0.0,0.0005618240237236023
1785289893.0526803,0.0,0.0,0.0005288959741592407
1785289893.0537305,0.0,0.0,0.0005452479720115662
1785289893.054769,0.0,0.0,0.0005386880040168762
1785289893.0558448,0.0,0.0,0.0005648319721221924
1785289893.0568788,0.0,0.0,0.0005449600219726563
1785289893.057921,0.0,0.0,0.0005348799824714661
1785289893.0589542,0.0,0.0,0.0005249599814414978
1785289893.0600214,0.0,0.0,0.0005562880039215088
1785289893.0610569,0.0,0.0,0.0005289919972419739
1785289893.0621016,0.0,0.0,0.0005346239805221558
1785289893.063272,0.0,0.0,0.0008088639974594117
1785289893.0643187,0.0,0.0,0.0005613440275192261
1785289893.0653727,0.0,0.0,0.0005479040145874023
1785289893.066418,0.0,0.0,0.0005422080159187317
1785289893.0675,0.0,0.0,0.0005866559743881225
1785289893.0691833,0.0,0.0,0.0004984639883041382
1785289893.070245,0.0,0.0,0.0005538240075111389
1785289893.0713282,0.0,0.0,0.0005960320234298706
1785289893.0723844,0.0,0.0,0.0005533440113067627
1785289893.0734093,0.0,0.0,0.0005224320292472839
1785289893.074446,0.0,0.0,0.0005363519787788391
1785289893.07551,0.0,0.0,0.0005573440194129944
1785289893.0765748,0.0,0.0,0.0005610560178756714
1785289893.0776107,0.0,0.0,0.0005418239831924439
1785289893.0786564,0.0,0.0,0.0005363199710845947
1785289893.0797184,0.0,0.0,0.0005565119981765747
1785289893.0807745,0.0,0.0,0.0005548480153083801
1785289893.0818102,0.0,0.0,0.0005377600193023682
1785289893.0828454,0.0,0.0,0.000533631980419159
1785289893.0839162,0.0,0.0,0.0005643200278282165
1785289893.0849714,0.0,0.0,0.0005536959767341614
1785289893.0860295,0.0,0.0,0.0005576000213623047
1785289893.0870705,0.0,0.0,0.0005341439843177796
1785289893.088147,0.0,0.0,0.000565280020236969
1785289893.0891879,0.0,0.0,0.0005421760082244873
1785289893.0902455,0.0,0.0,0.000549888014793396
1785289893.0913212,0.0,0.0,0.0005774400234222412
1785289893.092375,0.0,0.0,0.0005585920214653015
1785289893.0934412,0.0,0.0,0.0005696960091590882
1785289893.0944755,0.0,0.0,0.0005397120118141174
1785289893.0955355,0.0,0.0,0.0005566719770431519
1785289893.0965655,0.0,0.0,0.0005313599705696106
1785289893.097613,0.0,0.0,0.0005370879769325257
1785289893.098671,0.0,0.0,0.0005570560097694397
1785289893.09975,0.0,0.0,0.0005784639716148376
1785289893.1007857,0.0,0.0,0.0005348479747772217
1785289893.1018145,0.0,0.0,0.0005221120119094848
1785289893.1028411,0.0,0.0,0.0005173760056495667
1785289893.1039288,0.0,0.0,0.0005759999752044677
1785289893.104984,0.0,0.0,0.0005537279844284057
1785289893.1060212,0.0,0.0,0.000526304006576538
1785289893.1070693,0.0,0.0,0.0005522559881210327
1785289893.1081364,0.0,0.0,0.0005603520274162293
1785289893.1091838,0.0,0.0,0.0005432639718055725
1785289893.110241,0.0,0.0,0.0005624960064888001
1785289893.111315,0.0,0.0,0.0005778880119323731
1785289893.1123703,0.0,0.0,0.000555296003818512
1785289893.1134055,0.0,0.0,0.000537280023097992
1785289893.1144593,0.0,0.0,0.0005487040281295777
1785289893.115538,0.0,0.0,0.0005793280005455017
1785289893.1165793,0.0,0.0,0.0005484480261802674
1785289893.1176412,0.0,0.0,0.0005519040226936341
1785289893.1188087,0.0,0.0,0.0008106880187988281
1785289893.1198895,0.0,0.0,0.0005921599864959717
1785289893.1209447,0.0,0.0,0.000556384027004242
1785289893.1219742,0.0,0.0,0.0005310080051422119
1785289893.1230254,0.0,0.0,0.0005356799960136413
1785289893.124734,0.0,0.0,0.0005902720093727111
1785289893.1257734,0.0,0.0,0.0005373119711875916
1785289893.1268213,0.0,0.0,0.0005483840107917786
1785289893.1279054,0.0,0.0,0.0005904639959335327
1785289893.1289616,0.0,0.0,0.0005585600137710571
1785289893.1300054,0.0,0.0,0.0005464000105857849
1785289893.131058,0.0,0.0,0.0005479360222816467
1785289893.1321373,0.0,0.0,0.0005639039874076843
1785289893.133193,0.0,0.0,0.0005491200089454651
1785289893.1342216,0.0,0.0,0.0005264959931373597
1785289893.135304,0.0,0.0,0.0005772160291671753
1785289893.1363564,0.0,0.0,0.0005548480153083801
1785289893.1373966,0.0,0.0,0.0005418559908866882
1785289893.1384335,0.0,0.0,0.0005320320129394531
1785289893.1394975,0.0,0.0,0.0005564799904823303
1785289893.1405466,0.0,0.0,0.000549344003200531
1785289893.141599,0.0,0.0,0.0005568640232086182
1785289893.142631,0.0,0.0,0.0005310720205307007
1785289893.143696,0.0,0.0,0.0005572800040245056
1785289893.1447499,0.0,0.0,0.0005586879849433899
1785289893.1457999,0.0,0.0,0.0005528320074081421
1785289893.1468403,0.0,0.0,0.0005338559746742249
1785289893.1479056,0.0,0.0,0.000557695984840393
1785289893.1489382,0.0,0.0,0.0005343040227890015
1785289893.149972,0.0,0.0,0.0005262719988822937
1785289893.151004,0.0,0.0,0.0005268800258636475
1785289893.1520748,0.0,0.0,0.000552191972732544
1785289893.153123,0.0,0.0,0.0005432320237159729
1785289893.1541836,0.0,0.0,0.0005686079859733581
1785289893.155253,0.0,0.0,0.0005846080183982849
1785289893.1562965,0.0,0.0,0.0005515519976615906
1785289893.1573384,0.0,0.0,0.0005373759865760804
1785289893.1583705,0.0,0.0,0.000526207983493805
1785289893.1594439,0.0,0.0,0.000568992018699646
1785289893.1604772,0.0,0.0,0.0005287680029869079
1785289893.161509,0.0,0.0,0.0005301120281219482
1785289893.1625555,0.0,0.0,0.0005448960065841675
1785289893.1636093,0.0,0.0,0.0005522879958152771
1785289893.1646566,0.0,0.0,0.0005462719798088074
1785289893.1657045,0.0,0.0,0.0005429440140724182
1785289893.166744,0.0,0.0,0.0005427200198173523
1785289893.1678367,0.0,0.0,0.0005874879956245423
1785289893.1688838,0.0,0.0,0.0005526400208473206
1785289893.1699307,0.0,0.0,0.0005427839756011963
1785289893.1709616,0.0,0.0,0.0005226240158081054
1785289893.1720269,0.0,0.0,0.0005522239804267884
1785289893.1730828,0.0,0.0,0.0005510720014572143
1785289893.1742568,0.0,0.0,0.0008157759904861451
1785289893.175335,0.0,0.0,0.0005925120115280151
1785289893.1763787,0.0,0.0,0.0005416640043258667
1785289893.1774247,0.0,0.0,0.000540287971496582
1785289893.179038,0.0,0.0,0.0010944960117340089
1785289893.180141,0.0,0.0,0.0005861120223999023
1785289893.181193,0.0,0.0,0.0005577600002288818
1785289893.1822546,0.0,0.0,0.0005551040172576905
1785289893.1833417,0.0,0.0,0.0005967680215835571
1785289893.1844125,0.0,0.0,0.0005719040036201477
1785289893.1854658,0.0,0.0,0.0005623679757118225
1785289893.1865149,0.0,0.0,0.0005526080131530762
1785289893.187571,0.0,0.0,0.0005544000267982483
1785289893.1886091,0.0,0.0,0.00053193598985672
1785289893.189647,0.0,0.0,0.0005414400100708008
1785289893.190697,0.0,0.0,0.0005410240292549134
1785289893.1917677,0.0,0.0,0.0005747519731521606
1785289893.192804,0.0,0.0,0.0005358719825744629
1785289893.1938531,0.0,0.0,0.0005442559719085694
1785289893.1948915,0.0,0.0,0.0005432000160217285
1785289893.195962,0.0,0.0,0.0005491520166397095
1785289893.1970174,0.0,0.0,0.0005618879795074462
1785289893.19807,0.0,0.0,0.0005558080077171326
1785289893.199127,0.0,0.0,0.0005386559963226318
1785289893.2001817,0.0,0.0,0.0005633599758148193
1785289893.201238,0.0,0.0,0.0005516160130500794
1785289893.2022753,0.0,0.0,0.000533631980419159
1785289893.2033436,0.0,0.0,0.0005631679892539978
1785289893.2043943,0.0,0.0,0.0005474879741668701
1785289893.2054384,0.0,0.0,0.0005405120253562927
1785289893.2064753,0.0,0.0,0.0005386559963226318
1785289893.2075396,0.0,0.0,0.0005620800256729126
1785289893.2085762,0.0,0.0,0.000537663996219635
1785289893.2096167,0.0,0.0,0.0005313599705696106
1785289893.210679,0.0,0.0,0.0005592319965362549
1785289893.211765,0.0,0.0,0.000579584002494812
1785289893.2128131,0.0,0.0,0.0005438399910926818
1785289893.2138546,0.0,0.0,0.0005399360060691833
1785289893.214889,0.0,0.0,0.0005275840163230896
1785289893.2159586,0.0,0.0,0.0005563520193099976
1785289893.2170138,0.0,0.0,0.0005568640232086182
1785289893.2180629,0.0,0.0,0.0005496640205383301
1785289893.2191334,0.0,0.0,0.0005630080103874207
1785289893.2201784,0.0,0.0,0.0005606399774551391
1785289893.221226,0.0,0.0,0.0005403839945793151
1785289893.2222779,0.0,0.0,0.0005441920161247253
1785289893.2233467,0.0,0.0,0.0005763840079307557
1785289893.2244165,0.0,0.0,0.0005708799958229065
1785289893.2254574,0.0,0.0,0.0005476800203323364
1785289893.226484,0.0,0.0,0.0005203520059585572
1785289893.2275445,0.0,0.0,0.0005559359788894654
1785289893.2285898,0.0,0.0,0.0005509439706802368
1785289893.229618,0.0,0.0,0.00046112000942230227
1785289893.2308009,0.0,0.0,0.0006798080205917358
1785289893.231869,0.0,0.0,0.0005648959875106811
1785289893.2329316,0.0,0.0,0.0005546560287475586
1785289893.233977,0.0,0.0,0.000546783983707428
1785289893.2356558,0.0,0.0,0.0011708799600601196
1785289893.2367086,0.0,0.0,0.0005479040145874023
1785289893.2377503,0.0,0.0,0.0005399680137634277
1785289893.2388034,0.0,0.0,0.0005414080023765564
1785289893.239888,0.0,0.0,0.0005930879712104797
1785289893.2409484,0.0,0.0,0.0005566080212593079
1785289893.241989,0.0,0.0,0.000541599988937378
1785289893.2430282,0.0,0.0,0.0005304960012435913
1785289893.2441099,0.0,0.0,0.0005651839971542358
1785289893.2451546,0.0,0.0,0.0005392000079154968
1785289893.246198,0.0,0.0,0.0005389119982719421
1785289893.2472599,0.0,0.0,0.0005547839999198913
1785289893.2482996,0.0,0.0,0.0005532159805297852
1785289893.2496095,0.0,0.0,0.0006104639768600464
1785289893.250669,0.0,0.0,0.0005593600273132325
1785289893.2517576,0.0,0.0,0.0005833280086517334
1785289893.2528248,0.0,0.0,0.0005641599893569946
1785289893.2538712,0.0,0.0,0.0005567359924316406
1785289893.2549047,0.0,0.0,0.0005357760190963745
1785289893.2559636,0.0,0.0,0.0005482559800148011
1785289893.2570145,0.0,0.0,0.0005541120171546936
1785289893.2580624,0.0,0.0,0.0005466560125350952
1785289893.2591393,0.0,0.0,0.0005687999725341796
1785289893.2602012,0.0,0.0,0.0005704320073127747
1785289893.2612414,0.0,0.0,0.0005407360196113586
1785289893.2622888,0.0,0.0,0.000539680004119873
1785289893.2633722,0.0,0.0,0.0005780159831047058
1785289893.2644331,0.0,0.0,0.0005612480044364929
1785289893.2654765,0.0,0.0,0.0005397440195083618
1785289893.2665422,0.0,0.0,0.0005686079859733581
1785289893.2676077,0.0,0.0,0.0005748159885406494
1785289893.2686622,0.0,0.0,0.0005452799797058106
1785289893.2697098,0.0,0.0,0.0005490559935569763
1785289893.2707586,0.0,0.0,0.0005419840216636658
1785289893.271834,0.0,0.0,0.0005738239884376526
1785289893.2728841,0.0,0.0,0.0005514240264892578
1785289893.2739391,0.0,0.0,0.0005537599921226501
1785289893.2749882,0.0,0.0,0.0005448319911956787
1785289893.276057,0.0,0.0,0.0005644800066947937
1785289893.2770865,0.0,0.0,0.000523904025554657
1785289893.2781117,0.0,0.0,0.000524511992931366
1785289893.2791848,0.0,0.0,0.0005676800012588501
1785289893.2802448,0.0,0.0,0.0005588480234146119
1785289893.2813041,0.0,0.0,0.00056358402967453
1785289893.282352,0.0,0.0,0.000548479974269867
1785289893.2834206,0.0,0.0,0.000562336027622223
1785289893.284471,0.0,0.0,0.0005485439896583557
1785289893.285529,0.0,0.0,0.0005215680003166199
1785289893.2867095,0.0,0.0,0.0005707839727401733
1785289893.2877848,0.0,0.0,0.0005788480043411255
1785289893.2888331,0.0,0.0,0.0005509759783744812
1785289893.2898736,0.0,0.0,0.0005347840189933777
1785289893.2914927,0.0,0.0,0.0004435200095176697
1785289893.292564,0.0,0.0,0.0005753920078277588
1785289893.293607,0.0,0.0,0.0005390080213546753
1785289893.2946613,0.0,0.0,0.0005507839918136596
1785289893.2957265,0.0,0.0,0.0005693759918212891
1785289893.2967758,0.0,0.0,0.000545087993144989
1785289893.297824,0.0,0.0,0.0005432320237159729
1785289893.298858,0.0,0.0,0.0005326399803161621
1785289893.2999353,0.0,0.0,0.0005701760053634644
1785289893.3009918,0.0,0.0,0.0005569599866867065
1785289893.302047,0.0,0.0,0.0005526080131530762
1785289893.3031209,0.0,0.0,0.0005462080240249634
1785289893.3041694,0.0,0.0,0.0005592640042304993
1785289893.3052204,0.0,0.0,0.0005431039929389953
1785289893.3062618,0.0,0.0,0.000549344003200531
1785289893.3073232,0.0,0.0,0.0005571839809417724
1785289893.3083823,0.0,0.0,0.0005536640286445618
1785289893.3094351,0.0,0.0,0.0005511040091514587
1785289893.31048,0.0,0.0,0.0005425919890403748
1785289893.311557,0.0,0.0,0.00057123202085495
1785289893.312639,0.0,0.0,0.0005801280140876771
1785289893.3137028,0.0,0.0,0.0005640320181846619
1785289893.3147602,0.0,0.0,0.0005607360005378723
1785289893.3158276,0.0,0.0,0.0005705919861793518
1785289893.3168762,0.0,0.0,0.000551360011100769
1785289893.3179193,0.0,0.0,0.0005384960174560547
1785289893.3189552,0.0,0.0,0.0005286719799041748
1785289893.3200376,0.0,0.0,0.000564736008644104
1785289893.3210812,0.0,0.0,0.0005445439815521241
1785289893.3221326,0.0,0.0,0.0005497599840164184
1785289893.3232143,0.0,0.0,0.0005805439949035645
1785289893.324255,0.0,0.0,0.00055622398853302
1785289893.3252923,0.0,0.0,0.0005297600030899047
1785289893.3263278,0.0,0.0,0.0005288000106811523
1785289893.327393,0.0,0.0,0.0005597119927406311
1785289893.3284397,0.0,0.0,0.0005414080023765564
1785289893.3294935,0.0,0.0,0.0005583999752998353
1785289893.330534,0.0,0.0,0.0005431360006332397
1785289893.3316133,0.0,0.0,0.0005744640231132507
1785289893.3326628,0.0,0.0,0.0005433279871940613
1785289893.3337088,0.0,0.0,0.0005529599785804749
1785289893.3347666,0.0,0.0,0.0005559999942779541
1785289893.3358316,0.0,0.0,0.0005579199790954589
1785289893.3368905,0.0,0.0,0.0005513280034065246
1785289893.3379297,0.0,0.0,0.0005410879850387574
1785289893.3389778,0.0,0.0,0.0005413119792938233
1785289893.3400369,0.0,0.0,0.0005487359762191773
1785289893.3412125,0.0,0.0,0.00043372800946235655
1785289893.3422782,0.0,0.0,0.0005692480206489563
1785289893.3433604,0.0,0.0,0.0005764480233192443
1785289893.3444037,0.0,0.0,0.0005424960255622864
1785289893.3454518,0.0,0.0,0.0005412480235099793
1785289893.3470109,0.0,0.0,0.0004278720021247864
1785289893.34808,0.0,0.0,0.0005613759756088256
1785289893.349117,0.0,0.0,0.0005340480208396912
1785289893.3501418,0.0,0.0,0.000522592008113861
1785289893.3512223,0.0,0.0,0.0005742719769477844
1785289893.3522892,0.0,0.0,0.0005782719850540161
1785289893.3533294,0.0,0.0,0.0005368319749832153
1785289893.3543856,0.0,0.0,0.0005523840188980103
1785289893.3554688,0.0,0.0,0.0005840319991111756
1785289893.356514,0.0,0.0,0.0005497919917106628
1785289893.3575685,0.0,0.0,0.0005488960146903992
1785289893.3586223,0.0,0.0,0.00055731201171875
1785289893.3597023,0.0,0.0,0.0005846400260925293
1785289893.3607516,0.0,0.0,0.0005596160292625428
1785289893.3618038,0.0,0.0,0.0005515199899673462
1785289893.3628635,0.0,0.0,0.000558143973350525
1785289893.3639374,0.0,0.0,0.0005699200034141541
1785289893.3649933,0.0,0.0,0.0005565119981765747
1785289893.3660395,0.0,0.0,0.0005506240129470825
1785289893.367081,0.0,0.0,0.0005379520058631897
1785289893.3681524,0.0,0.0,0.0005602880120277405
1785289893.3692105,0.0,0.0,0.0005637760162353516
1785289893.3702545,0.0,0.0,0.0005464959740638733
1785289893.371324,0.0,0.0,0.0005634559988975525
1785289893.3723722,0.0,0.0,0.0005434560179710388
1785289893.3734272,0.0,0.0,0.0005614719986915588
1785289893.3744733,0.0,0.0,0.0005440959930419921
1785289893.375535,0.0,0.0,0.0005540800094604492
1785289893.3765779,0.0,0.0,0.0005442879796028138
1785289893.3776283,0.0,0.0,0.0005436480045318603
1785289893.3786798,0.0,0.0,0.0005505279898643493
1785289893.3797655,0.0,0.0,0.0005796480178833007
1785289893.3808208,0.0,0.0,0.0005633280277252197
1785289893.3818583,0.0,0.0,0.0005379520058631897
1785289893.3829012,0.0,0.0,0.0005329599976539611
1785289893.3839736,0.0,0.0,0.0005676159858703613
1785289893.3850176,0.0,0.0,0.0005385919809341431
1785289893.3860517,0.0,0.0,0.0005282880067825317
1785289893.3871183,0.0,0.0,0.0005404800176620483
1785289893.3881621,0.0,0.0,0.0005503680109977722
1785289893.3892004,0.0,0.0,0.0005304319858551026
1785289893.3902276,0.0,0.0,0.0005210880041122437
1785289893.3912787,0.0,0.0,0.0005423359870910645
1785289893.3923426,0.0,0.0,0.000572767972946167
1785289893.393387,0.0,0.0,0.0005506880283355713
1785289893.3944259,0.0,0.0,0.0005360959768295288
1785289893.3955061,0.0,0.0,0.000571071982383728
1785289893.3966885,0.0,0.0,0.0005926719903945923
1785289893.3977404,0.0,0.0,0.0005645440220832825
1785289893.3987834,0.0,0.0,0.0005436159968376159
1785289893.3998523,0.0,0.0,0.0005599679946899414
1785289893.400902,0.0,0.0,0.0005481920242309571
1785289893.402518,0.0,0.0,0.0005814080238342285
1785289893.4036016,0.0,0.0,0.0005893440246582031
1785289893.4046614,0.0,0.0,0.0005571519732475281
1785289893.4057167,0.0,0.0,0.0005551360249519349
1785289893.406786,0.0,0.0,0.0005653439760208129
1785289893.4078648,0.0,0.0,0.0005755199790000915
1785289893.4089093,0.0,0.0,0.0005408639907836914
1785289893.4099514,0.0,0.0,0.0005444160103797913
1785289893.4109945,0.0,0.0,0.0005387840270996094
1785289893.4120688,0.0,0.0,0.0005689600110054016
1785289893.4131114,0.0,0.0,0.0005367680191993713
1785289893.4141529,0.0,0.0,0.0005399680137634277
1785289893.4152138,0.0,0.0,0.0005548160076141357
1785289893.4162648,0.0,0.0,0.0005616000294685363
1785289893.4172907,0.0,0.0,0.0005213440060615539
1785289893.4183288,0.0,0.0,0.0005314559936523438
1785289893.419393,0.0,0.0,0.0005575360059738159
1785289893.4204383,0.0,0.0,0.0005469120144844055
1785289893.4214988,0.0,0.0,0.0005545920133590698
1785289893.4225495,0.0,0.0,0.0005454400181770325
1785289893.423635,0.0,0.0,0.0005888959765434265
1785289893.4246993,0.0,0.0,0.0005662720203399659
1785289893.4257474,0.0,0.0,0.0005487679839134217
1785289893.4267924,0.0,0.0,0.0005403199791908264
1785289893.4278603,0.0,0.0,0.0005695679783821106
1785289893.4288957,0.0,0.0,0.000545632004737854
1785289893.4299185,0.0,0.0,0.0005196160078048706
1785289893.430968,0.0,0.0,0.0005403199791908264
1785289893.432024,0.0,0.0,0.0005481280088424683
1785289893.4330747,0.0,0.0,0.0005432000160217285
1785289893.4341304,0.0,0.0,0.0005641599893569946
1785289893.4352045,0.0,0.0,0.0005782399773597717
1785289893.4362552,0.0,0.0,0.0005658239722251892
1785289893.43728,0.0,0.0,0.0005244160294532776
1785289893.438313,0.0,0.0,0.0005361599922180176
1785289893.4393752,0.0,0.0,0.0005531839728355408
1785289893.4404218,0.0,0.0,0.0005475839972496032
1785289893.4414623,0.0,0.0,0.0005345919728279114
1785289893.4425142,0.0,0.0,0.0005502079725265503
1785289893.4435904,0.0,0.0,0.0005723519921302795
1785289893.444632,0.0,0.0,0.0005411199927330017
1785289893.4456725,0.0,0.0,0.0005366079807281494
1785289893.4467049,0.0,0.0,0.000530016005039215
1785289893.4477942,0.0,0.0,0.0005736640095710755
1785289893.4488583,0.0,0.0,0.0005698239803314209
1785289893.449898,0.0,0.0,0.0005381760001182556
1785289893.450919,0.0,0.0,0.0005224000215530395
1785289893.4521089,0.0,0.0,0.0006025279760360718
1785289893.453171,0.0,0.0,0.0005775359869003296
1785289893.4542193,0.0,0.0,0.0005449920296669007
1785289893.4552734,0.0,0.0,0.0005605440139770508
1785289893.4563286,0.0,0.0,0.0005648000240325928
1785289893.4579735,0.0,0.0,0.0005766720175743102
1785289893.4590192,0.0,0.0,0.0005430399775505066
1785289893.4601178,0.0,0.0,0.0005849279761314392
1785289893.4611518,0.0,0.0,0.000529151976108551
1785289893.462194,0.0,0.0,0.000540224015712738
1785289893.4632695,0.0,0.0,0.0005692480206489563
1785289893.4643333,0.0,0.0,0.000577023983001709
1785289893.4653766,0.0,0.0,0.0005456960201263428
1785289893.466426,0.0,0.0,0.0005435199737548828
1785289893.4674988,0.0,0.0,0.0005714240074157715
1785289893.468547,0.0,0.0,0.0005507199764251709
1785289893.4695933,0.0,0.0,0.0005403199791908264
1785289893.4706511,0.0,0.0,0.0005537279844284057
1785289893.4717307,0.0,0.0,0.0005741440057754517
1785289893.4727886,0.0,0.0,0.0005564159750938416
1785289893.473846,0.0,0.0,0.000556768000125885
1785289893.4748914,0.0,0.0,0.0005473920106887817
1785289893.4759603,0.0,0.0,0.0005634880065917969
1785289893.4770148,0.0,0.0,0.0005495679974555969
1785289893.4780595,0.0,0.0,0.0005531839728355408
1785289893.4791176,0.0,0.0,0.0005392320156097412
1785289893.4801934,0.0,0.0,0.0005824959874153137
1785289893.4812498,0.0,0.0,0.0005643519759178161
1785289893.482302,0.0,0.0,0.0005475519895553588
1785289893.4833817,0.0,0.0,0.0005777919888496399
1785289893.4844298,0.0,0.0,0.0005478079915046691
1785289893.4854877,0.0,0.0,0.0005572159886360168
1785289893.4865367,0.0,0.0,0.000550495982170105
1785289893.4875884,0.0,0.0,0.0005476800203323364
1785289893.488637,0.0,0.0,0.0005468800067901611
1785289893.4896882,0.0,0.0,0.0005459200143814087
1785289893.4907503,0.0,0.0,0.0005684159994125366
1785289893.491822,0.0,0.0,0.0005780479907989502
1785289893.4928722,0.0,0.0,0.0005467519760131836
1785289893.4939077,0.0,0.0,0.0005335360169410705
1785289893.494953,0.0,0.0,0.0005480960011482239
1785289893.4960318,0.0,0.0,0.000572160005569458
1785289893.4970849,0.0,0.0,0.0005464320182800293
1785289893.4981353,0.0,0.0,0.0005482879877090454
1785289893.4991982,0.0,0.0,0.0005588480234146119
1785289893.500254,0.0,0.0,0.0005613440275192261
1785289893.5012817,0.0,0.0,0.0005206720232963562
1785289893.502314,0.0,0.0,0.0005229120254516601
1785289893.5033717,0.0,0.0,0.0005490880012512207
1785289893.5044262,0.0,0.0,0.0005564159750938416
1785289893.5054812,0.0,0.0,0.0005636799931526184
1785289893.5065036,0.0,0.0,0.0005181120038032532
1785289893.5076847,0.0,0.0,0.0008206080198287964
1785289893.508745,0.0,0.0,0.0005709120035171509
1785289893.509787,0.0,0.0,0.0005362560153007507
1785289893.5108187,0.0,0.0,0.0005264000296592712
1785289893.5125337,0.0,0.0,0.0012038719654083251
1785289893.5136025,0.0,0.0,0.0005782080292701721
1785289893.5146499,0.0,0.0,0.0005406720042228698
1785289893.51573,0.0,0.0,0.0005824639797210693
1785289893.5167675,0.0,0.0,0.000534175992012024
1785289893.5177996,0.0,0.0,0.0005257920026779174
1785289893.5188577,0.0,0.0,0.0005444480180740357
1785289893.5199594,0.0,0.0,0.0006058239936828614
1785289893.521003,0.0,0.0,0.0005404160022735595
1785289893.5220616,0.0,0.0,0.000558239996433258
1785289893.5231218,0.0,0.0,0.0005441280007362365
1785289893.524165,0.0,0.0,0.0005532159805297852
1785289893.5252035,0.0,0.0,0.0005169600248336792
1785289893.5262532,0.0,0.0,0.0005535680055618286
1785289893.527325,0.0,0.0,0.0005666559934616089
1785289893.52838,0.0,0.0,0.0005602239966392517
1785289893.5294433,0.0,0.0,0.0005578240156173706
1785289893.5304894,0.0,0.0,0.0005449600219726563
1785289893.5315561,0.0,0.0,0.0005618240237236023
1785289893.5326085,0.0,0.0,0.0005497599840164184
1785289893.5336566,0.0,0.0,0.000543071985244751
1785289893.5347056,0.0,0.0,0.000540224015712738
1785289893.535788,0.0,0.0,0.000588096022605896
1785289893.5368426,0.0,0.0,0.0005449600219726563
1785289893.5378754,0.0,0.0,0.0005302720069885254
1785289893.5389123,0.0,0.0,0.000531328022480011
1785289893.5399961,0.0,0.0,0.000577567994594574
1785289893.5410502,0.0,0.0,0.0005474240183830261
1785289893.5420907,0.0,0.0,0.0005402560234069824
1785289893.5431547,0.0,0.0,0.0005596160292625428
1785289893.544208,0.0,0.0,0.0005602239966392517
1785289893.5452473,0.0,0.0,0.000538752019405365
1785289893.546298,0.0,0.0,0.0005493760108947754
1785289893.547375,0.0,0.0,0.0005726720094680786
1785289893.5484097,0.0,0.0,0.0005341119766235352
1785289893.5494478,0.0,0.0,0.0005311999917030335
1785289893.5504909,0.0,0.0,0.0005319679975509643
1785289893.551547,0.0,0.0,0.0005506560206413269
1785289893.5525906,0.0,0.0,0.0005427520275115967
1785289893.553617,0.0,0.0,0.0005173760056495667
1785289893.5546684,0.0,0.0,0.0005299839973449708
1785289893.555742,0.0,0.0,0.0005703039765357971
1785289893.556789,0.0,0.0,0.0005464320182800293
1785289893.5578341,0.0,0.0,0.0005534080266952515
1785289893.5588696,0.0,0.0,0.0005333120226860046
1785289893.5599205,0.0,0.0,0.000546559989452362
1785289893.560956,0.0,0.0,0.0005291839838027954
1785289893.5619915,0.0,0.0,0.0005423359870910645
1785289893.5630312,0.0,0.0,0.00047513601183891296
1785289893.5642436,0.0,0.0,0.0006980159878730774
1785289893.5652835,0.0,0.0,0.0005416960120201111
1785289893.5663142,0.0,0.0,0.000522816002368927
1785289893.567382,0.0,0.0,0.0005613440275192261
1785289893.5690405,0.0,0.0,0.0011627839803695678
1785289893.5700877,0.0,0.0,0.0005500159859657287
1785289893.571165,0.0,0.0,0.0005693439841270447
1785289893.57221,0.0,0.0,0.0005555520057678223
1785289893.5732505,0.0,0.0,0.0005386559963226318
1785289893.5742822,0.0,0.0,0.0005213440060615539
1785289893.5753667,0.0,0.0,0.0005769280195236206
1785289893.5764291,0.0,0.0,0.0005607680082321167
1785289893.5774655,0.0,0.0,0.0006787199974060058
1785289893.5785186,0.0,0.0,0.0006971520185470581
1785289893.5795856,0.0,0.0,0.0007133119702339172
1785289893.5806453,0.0,0.0,0.0006912959814071656
1785289893.5816882,0.0,0.0,0.0006800640225410462
1785289893.5827334,0.0,0.0,0.0006854079961776733
1785289893.5838702,0.0,0.0,0.0007796800136566162
1785289893.5849197,0.0,0.0,0.0006816959977149963
1785289893.5859513,0.0,0.0,0.0006762239933013917
1785289893.5870047,0.0,0.0,0.0006878079771995545
1785289893.5880806,0.0,0.0,0.0006937280297279358
1785289893.5891225,0.0,0.0,0.0006863679885864257
1785289893.5901673,0.0,0.0,0.0006828479766845703
1785289893.591241,0.0,0.0,0.0007071359753608703
1785289893.592287,0.0,0.0,0.0006802240014076233
1785289893.593324,0.0,0.0,0.0006783360242843628
1785289893.594382,0.0,0.0,0.0007009279727935791
1785289893.595458,0.0,0.0,0.0007146880030632019
1785289893.596504,0.0,0.0,0.000681119978427887
1785289893.5975516,0.0,0.0,0.0006894400119781494
1785289893.598591,0.0,0.0,0.0006832000017166137
1785289893.599661,0.0,0.0,0.0007123519778251648
1785289893.6007087,0.0,0.0,0.0006876159906387329
1785289893.6017668,0.0,0.0,0.000696448028087616
1785289893.602827,0.0,0.0,0.0007009919881820678
1785289893.6038966,0.0,0.0,0.00068476802110672
1785289893.6049294,0.0,0.0,0.0006756160259246826
1785289893.6059678,0.0,0.0,0.0006830080151557922
1785289893.6070123,0.0,0.0,0.0006877120137214661
1785289893.608081,0.0,0.0,0.0006830400228500366
1785289893.609218,0.0,0.0,0.0006910719871520996
1785289893.61027,0.0,0.0,0.0006786879897117615
1785289893.6113262,0.0,0.0,0.0006958400011062622
1785289893.6123786,0.0,0.0,0.0006905279755592347
1785289893.6134138,0.0,0.0,0.0006801599860191346
1785289893.6144514,0.0,0.0,0.0006800640225410462
1785289893.6155248,0.0,0.0,0.0007116479873657226
1785289893.6165774,0.0,0.0,0.000687071979045868
1785289893.6176298,0.0,0.0,0.0006859520077705383
1785289893.6188009,0.0,0.0,0.0008125119805335999
1785289893.6198673,0.0,0.0,0.000686240017414093
1785289893.6209042,0.0,0.0,0.0006766399741172791
1785289893.6219578,0.0,0.0,0.0006874880194664002
1785289893.62358,0.0,0.0,0.0012640960216522216
1785289893.6246383,0.0,0.0,0.000683456003665924
1785289893.6256707,0.0,0.0,0.0006769919991493225
1785289893.626702,0.0,0.0,0.0006706240177154541
1785289893.6277905,0.0,0.0,0.000723904013633728
1785289893.6288347,0.0,0.0,0.0006806079745292664
1785289893.6298587,0.0,0.0,0.0006704000234603882
1785289893.6308944,0.0,0.0,0.0006782400012016296
1785289893.6319716,0.0,0.0,0.0006909120082855225
1785289893.6330159,0.0,0.0,0.0006824640035629272
1785289893.6340666,0.0,0.0,0.0006912320256233216
1785289893.6351275,0.0,0.0,0.0006776639819145203
1785289893.6361892,0.0,0.0,0.0006894720196723938
1785289893.6372235,0.0,0.0,0.0006750400066375732
1785289893.6382577,0.0,0.0,0.0006772480010986328
1785289893.639322,0.0,0.0,0.0007036799788475036
1785289893.640382,0.0,0.0,0.0006950079798698426
1785289893.6414406,0.0,0.0,0.0006968640089035034
1785289893.6424794,0.0,0.0,0.0006772800087928772
1785289893.6435337,0.0,0.0,0.0006956160068511963
1785289893.6445775,0.0,0.0,0.0006823999881744385
1785289893.645625,0.0,0.0,0.0006902719736099243
1785289893.646668,0.0,0.0,0.000680512011051178
1785289893.647727,0.0,0.0,0.0006986560225486756
1785289893.6487746,0.0,0.0,0.0006852160096168518
1785289893.6498165,0.0,0.0,0.0006862720251083374
1785289893.6508543,0.0,0.0,0.0006783360242843628
1785289893.6519048,0.0,0.0,0.0006771199703216553
1785289893.6529412,0.0,0.0,0.0006785600185394287
1785289893.653982,0.0,0.0,0.000682911992073059
1785289893.6550105,0.0,0.0,0.0006725440025329589
1785289893.6560862,0.0,0.0,0.0006895999908447265
1785289893.6571233,0.0,0.0,0.0006795200109481811
1785289893.6581612,0.0,0.0,0.0006746879816055298
1785289893.6592257,0.0,0.0,0.0007067520022392273
1785289893.6602638,0.0,0.0,0.0006771199703216553
1785289893.6612988,0.0,0.0,0.0006808320283889771
1785289893.6623344,0.0,0.0,0.0006794880032539367
1785289893.6633933,0.0,0.0,0.000699679970741272
1785289893.6644433,0.0,0.0,0.0006848000288009644
1785289893.6654708,0.0,0.0,0.0006744959950447083
1785289893.6665068,0.0,0.0,0.0006840320229530335
1785289893.6675773,0.0,0.0,0.0007143999934196472
1785289893.6686218,0.0,0.0,0.0006823999881744385
1785289893.6696694,0.0,0.0,0.000687168002128601
1785289893.6707118,0.0,0.0,0.0006875200271606446
1785289893.6717823,0.0,0.0,0.0007126079797744751
1785289893.6728287,0.0,0.0,0.0006847040057182312
1785289893.6739833,0.0,0.0,0.0008008000254631042
1785289893.6750188,0.0,0.0,0.000669983983039856
1785289893.6761103,0.0,0.0,0.0006980800032615662
1785289893.677155,0.0,0.0,0.0006794559955596923
1785289893.6787572,0.0,0.0,0.0012446399927139283
1785289893.6798406,0.0,0.0,0.0006965439915657043
1785289893.6808937,0.0,0.0,0.000695904016494751
1785289893.6819339,0.0,0.0,0.0006826559901237487
1785289893.6829774,0.0,0.0,0.0006854079961776733
1785289893.684051,0.0,0.0,0.0006832320094108581
1785289893.6850944,0.0,0.0,0.0006845120191574097
1785289893.6861372,0.0,0.0,0.0006827520132064819
1785289893.6872098,0.0,0.0,0.0007126079797744751
1785289893.6882687,0.0,0.0,0.0006903679966926574
1785289893.6893039,0.0,0.0,0.0006765120029449463
1785289893.6903489,0.0,0.0,0.00068476802110672
1785289893.69142,0.0,0.0,0.0007085440158843995
1785289893.692453,0.0,0.0,0.0006713280081748962
1785289893.6934977,0.0,0.0,0.0006827840209007263
1785289893.6945353,0.0,0.0,0.0006799359917640687
1785289893.6956017,0.0,0.0,0.0007082560062408447
1785289893.6966667,0.0,0.0,0.0007000960111618042
1785289893.6976936,0.0,0.0,0.0006755200028419494
1785289893.6987402,0.0,0.0,0.0006882879734039307
1785289893.699808,0.0,0.0,0.0007172480225563049
1785289893.700862,0.0,0.0,0.0006905279755592347
1785289893.701909,0.0,0.0,0.0006824960112571716
1785289893.7029483,0.0,0.0,0.0006795520186424255
1785289893.7040348,0.0,0.0,0.0006895359754562378
1785289893.7050855,0.0,0.0,0.0006886720061302185
1785289893.7061212,0.0,0.0,0.0006820799708366394
1785289893.7071826,0.0,0.0,0.0007022079825401306
1785289893.7082279,0.0,0.0,0.0006836159825325013
1785289893.7092683,0.0,0.0,0.0006853759884834289
1785289893.7102973,0.0,0.0,0.0006759679913520813
1785289893.7113698,0.0,0.0,0.0007098240256309509
1785289893.7124107,0.0,0.0,0.0006787840127944946
1785289893.713454,0.0,0.0,0.0006868159770965577
1785289893.7145057,0.0,0.0,0.0006951040029525757
1785289893.715577,0.0,0.0,0.0007048959732055664
1785289893.7166297,0.0,0.0,0.0006911360025405884
1785289893.7176628,0.0,0.0,0.0006777920126914978
1785289893.7186952,0.0,0.0,0.0006789439916610718
1785289893.7197654,0.0,0.0,0.0007103360295295715
1785289893.7208045,0.0,0.0,0.0006808000206947327
1785289893.7218392,0.0,0.0,0.00067740797996521
1785289893.7228882,0.0,0.0,0.0006875839829444886
1785289893.7239501,0.0,0.0,0.0006775040030479431
1785289893.7250004,0.0,0.0,0.000692575991153717
1785289893.7260482,0.0,0.0,0.0006838080286979676
1785289893.7271202,0.0,0.0,0.0006942399740219117
1785289893.728166,0.0,0.0,0.0006877120137214661
1785289893.7293465,0.0,0.0,0.0007486720085144043
1785289893.7303944,0.0,0.0,0.0006862720251083374
1785289893.7314885,0.0,0.0,0.0007360640168190002
1785289893.7325408,0.0,0.0,0.0006887040138244629
1785289893.7341475,0.0,0.0,0.0012431039810180664
1785289893.73523,0.0,0.0,0.0007075520157814026
1785289893.73628,0.0,0.0,0.0006862720251083374
1785289893.7373235,0.0,0.0,0.0006832960247993469
1785289893.738392,0.0,0.0,0.0007091839909553528
1785289893.7394614,0.0,0.0,0.0007145599722862243
1785289893.740509,0.0,0.0,0.000686303973197937
1785289893.7415514,0.0,0.0,0.0006784319877624512
1785289893.7425876,0.0,0.0,0.0006769919991493225
1785289893.7436795,0.0,0.0,0.0007352319955825806
1785289893.7447295,0.0,0.0,0.0006881600022315979
1785289893.745771,0.0,0.0,0.0006780480146408081
1785289893.746825,0.0,0.0,0.0006881279945373535
1785289893.7478905,0.0,0.0,0.0006846399903297424
1785289893.7489495,0.0,0.0,0.0006950719952583313
1785289893.7499945,0.0,0.0,0.0006899840235710144
1785289893.751044,0.0,0.0,0.0006881920099258423
1785289893.7521188,0.0,0.0,0.0006870080232620239
1785289893.7531857,0.0,0.0,0.0007030720114707947
1785289893.7542295,0.0,0.0,0.0006852160096168518
1785289893.7552974,0.0,0.0,0.0007084800004959107
1785289893.7563422,0.0,0.0,0.0006874560117721558
1785289893.757405,0.0,0.0,0.0007012799978256225
1785289893.7584512,0.0,0.0,0.0006830400228500366
1785289893.7595127,0.0,0.0,0.0007008320093154907
1785289893.760563,0.0,0.0,0.0006854720115661621
1785289893.7616103,0.0,0.0,0.0006835200190544128
1785289893.7626522,0.0,0.0,0.000679744005203247
1785289893.7637072,0.0,0.0,0.0006983680129051209
1785289893.7647698,0.0,0.0,0.000695360004901886
1785289893.7658114,0.0,0.0,0.0006754879951477051
1785289893.7668457,0.0,0.0,0.000673695981502533
1785289893.76792,0.0,0.0,0.000694271981716156
1785289893.7689645,0.0,0.0,0.0006857600212097168
1785289893.770005,0.0,0.0,0.0006802880167961121
1785289893.7710629,0.0,0.0,0.0007015039920806885
1785289893.7721465,0.0,0.0,0.0006945599913597107
1785289893.773196,0.0,0.0,0.0006911680102348328
1785289893.774252,0.0,0.0,0.0006950399875640869
1785289893.77532,0.0,0.0,0.0007083839774131775
1785289893.7763636,0.0,0.0,0.000684224009513855
1785289893.7774003,0.0,0.0,0.000679199993610382
1785289893.7784538,0.0,0.0,0.0006919040083885193
1785289893.7794986,0.0,0.0,0.0006907520294189454
1785289893.780538,0.0,0.0,0.0006806399822235108
1785289893.7815785,0.0,0.0,0.0006783360242843628
1785289893.782616,0.0,0.0,0.0006752640008926391
1785289893.783802,0.0,0.0,0.0008287039995193481
1785289893.7848654,0.0,0.0,0.0006945279836654663
1785289893.7859077,0.0,0.0,0.000685151994228363
1785289893.7869408,0.0,0.0,0.0006760960221290588
1785289893.7879977,0.0,0.0,0.0006744319796562195
1785289893.789631,0.0,0.0,0.0006949120163917542
1785289893.7906854,0.0,0.0,0.000694271981716156
1785289893.7917573,0.0,0.0,0.0007176960110664368
1785289893.792811,0.0,0.0,0.0006952000260353089
1785289893.7938557,0.0,0.0,0.0006809920072555542
1785289893.7948942,0.0,0.0,0.00068367999792099
1785289893.7959788,0.0,0.0,0.0006976000070571899
1785289893.7970188,0.0,0.0,0.0006838080286979676
1785289893.7980454,0.0,0.0,0.0006722239851951599
1785289893.7991164,0.0,0.0,0.0006953279972076416
1785289893.8001633,0.0,0.0,0.00068259197473526
1785289893.8012245,0.0,0.0,0.0006997119784355163
1785289893.8022642,0.0,0.0,0.0006849600076675415
1785289893.8033347,0.0,0.0,0.0007105600237846374
1785289893.8043816,0.0,0.0,0.0006867520213127136
1785289893.8054225,0.0,0.0,0.0006849279999732971
1785289893.8064752,0.0,0.0,0.0006912959814071656
1785289893.807533,0.0,0.0,0.0007018880248069764
1785289893.8085725,0.0,0.0,0.0006850240230560303
1785289893.8096037,0.0,0.0,0.0006793919801712036
1785289893.8106627,0.0,0.0,0.0006811519861221314
1785289893.8117495,0.0,0.0,0.000726368010044098
1785289893.8128002,0.0,0.0,0.0006868799924850463
1785289893.8138587,0.0,0.0,0.0007008320093154907
1785289893.8148866,0.0,0.0,0.0006721600294113159
1785289893.8159757,0.0,0.0,0.0007002879977226257
1785289893.8170373,0.0,0.0,0.0006990399956703186
1785289893.8180792,0.0,0.0,0.0006845759749412537
1785289893.8191495,0.0,0.0,0.00071561598777771
1785289893.820191,0.0,0.0,0.0006806399822235108
1785289893.8212438,0.0,0.0,0.0006904320120811462
1785289893.8223011,0.0,0.0,0.0006886720061302185
1785289893.8233743,0.0,0.0,0.0007156800031661988
1785289893.8244214,0.0,0.0,0.000679647982120514
1785289893.8254688,0.0,0.0,0.0006875200271606446
1785289893.826527,0.0,0.0,0.0006933760046958923
1785289893.8276033,0.0,0.0,0.0007158719897270203
1785289893.828651,0.0,0.0,0.0006912959814071656
1785289893.8296843,0.0,0.0,0.0006710720062255859
1785289893.8307266,0.0,0.0,0.0006857280135154724
1785289893.8317974,0.0,0.0,0.0007164480090141297
1785289893.8328452,0.0,0.0,0.0006855360269546509
1785289893.833891,0.0,0.0,0.0006887040138244629
1785289893.8349314,0.0,0.0,0.000681984007358551
1785289893.8360136,0.0,0.0,0.0006922240257263184
1785289893.8370676,0.0,0.0,0.0006873599886894226
1785289893.8381157,0.0,0.0,0.00068886399269104
1785289893.839308,0.0,0.0,0.0008341760039329529
1785289893.8403697,0.0,0.0,0.0006919040083885193
1785289893.841433,0.0,0.0,0.0006913279891014099
1785289893.8424811,0.0,0.0,0.0006875519752502442
1785289893.8440983,0.0,0.0,0.0012535040378570557
1785289893.8451655,0.0,0.0,0.0006970559954643249
1785289893.8462129,0.0,0.0,0.0006872000098228455
1785289893.847274,0.0,0.0,0.0007053760290145874
1785289893.8483229,0.0,0.0,0.0006849920153617859
1785289893.84936,0.0,0.0,0.0006718400120735168
1785289893.8503952,0.0,0.0,0.0006792960166931152
1785289893.8514717,0.0,0.0,0.0007194880247116089
1785289893.8525221,0.0,0.0,0.0006842560172080994
1785289893.8535664,0.0,0.0,0.000687936007976532
1785289893.8546064,0.0,0.0,0.0006799039840698243
1785289893.8556898,0.0,0.0,0.0007275519967079163
1785289893.856731,0.0,0.0,0.0006805440187454224
1785289893.857773,0.0,0.0,0.0006858879923820495
1785289893.8587952,0.0,0.0,0.0006699519753456116
1785289893.8598573,0.0,0.0,0.0006832640171051025
1785289893.8609037,0.0,0.0,0.0006842880249023438
1785289893.8619463,0.0,0.0,0.0006853119730949402
1785289893.8629766,0.0,0.0,0.0006768959760665894
1785289893.8640363,0.0,0.0,0.0006770560145378113
1785289893.8650875,0.0,0.0,0.0006895679831504822
1785289893.8661218,0.0,0.0,0.0006806719899177552
1785289893.8671854,0.0,0.0,0.0007058240175247193
1785289893.8682504,0.0,0.0,0.0006977919936180115
1785289893.8693116,0.0,0.0,0.0007014080286026002
1785289893.8703513,0.0,0.0,0.0006791039705276489
1785289893.8714197,0.0,0.0,0.0007085440158843995
1785289893.872467,0.0,0.0,0.0006850240230560303
1785289893.8735096,0.0,0.0,0.0006833279728889466
1785289893.8745418,0.0,0.0,0.000676576018333435
1785289893.8755896,0.0,0.0,0.0006990079879760742
1785289893.876622,0.0,0.0,0.000674015998840332
1785289893.8776631,0.0,0.0,0.0006841920018196106
1785289893.8787081,0.0,0.0,0.0006861439943313598
1785289893.8797815,0.0,0.0,0.0007203199863433838
1785289893.8808384,0.0,0.0,0.000698527991771698
1785289893.8818839,0.0,0.0,0.0006847360134124756
1785289893.882938,0.0,0.0,0.0006952000260353089
1785289893.884009,0.0,0.0,0.0006872959733009339
1785289893.8850539,0.0,0.0,0.0006815040111541748
1785289893.8860989,0.0,0.0,0.0006833919882774354
1785289893.8871648,0.0,0.0,0.0007072319984436035
1785289893.8882337,0.0,0.0,0.0007008960247039795
1785289893.8892734,0.0,0.0,0.0006759679913520813
1785289893.8903081,0.0,0.0,0.0006807680130004883
1785289893.8913631,0.0,0.0,0.0006990399956703186
1785289893.8924,0.0,0.0,0.0006753919720649719
1785289893.8934407,0.0,0.0,0.0006806719899177552
1785289893.894617,0.0,0.0,0.0007483839988708496
1785289893.895703,0.0,0.0,0.000716159999370575
1785289893.8967621,0.0,0.0,0.0007024000287055969
1785289893.8978071,0.0,0.0,0.0006819199919700622
1785289893.8994167,0.0,0.0,0.0012533119916915893
1785289893.900479,0.0,0.0,0.0006881600022315979
1785289893.9015303,0.0,0.0,0.0006930879950523376
1785289893.9025633,0.0,0.0,0.0006743680238723755
1785289893.903635,0.0,0.0,0.0007086719870567322
1785289893.904695,0.0,0.0,0.0006985599994659424
1785289893.9057527,0.0,0.0,0.0006923840045928955
1785289893.9067943,0.0,0.0,0.0006842560172080994
1785289893.9078863,0.0,0.0,0.0007078719735145568
1785289893.9089293,0.0,0.0,0.0006830080151557922
1785289893.9099648,0.0,0.0,0.0006789759993553161
1785289893.9110107,0.0,0.0,0.0006863359808921814
1785289893.9120758,0.0,0.0,0.0006869440078735351
1785289893.91312,0.0,0.0,0.0006880959868431091
1785289893.9141622,0.0,0.0,0.000682528018951416
1785289893.915234,0.0,0.0,0.0007124159932136536
1785289893.91629,0.0,0.0,0.0006892160177230835
1785289893.917334,0.0,0.0,0.0006846399903297424
1785289893.9183722,0.0,0.0,0.0006763839721679688
1785289893.9194293,0.0,0.0,0.0006988480091094971
1785289893.9204726,0.0,0.0,0.0006835839748382569
1785289893.9215105,0.0,0.0,0.0006793599724769592
1785289893.9225411,0.0,0.0,0.0006718080043792724
1785289893.9236267,0.0,0.0,0.0007248640060424805
1785289893.92469,0.0,0.0,0.0007004799842834472
1785289893.92573,0.0,0.0,0.0006768640279769898
1785289893.9267707,0.0,0.0,0.0006855360269546509
1785289893.9278448,0.0,0.0,0.000699616014957428
1785289893.9288983,0.0,0.0,0.0006924480199813843
1785289893.9299355,0.0,0.0,0.0006819199919700622
1785289893.9309673,0.0,0.0,0.0006753280162811279
1785289893.9320402,0.0,0.0,0.0006896319985389709
1785289893.933061,0.0,0.0,0.0006627519726753235
1785289893.9340944,0.0,0.0,0.000676576018333435
1785289893.9351652,0.0,0.0,0.0007058240175247193
1785289893.9362292,0.0,0.0,0.0006983039975166321
1785289893.9372647,0.0,0.0,0.0006797760128974914
1785289893.9383335,0.0,0.0,0.000708512008190155
1785289893.9394069,0.0,0.0,0.0007098879814147949
1785289893.9404414,0.0,0.0,0.0006764479875564576
1785289893.941501,0.0,0.0,0.000677951991558075
1785289893.9425623,0.0,0.0,0.0006966080069541931
1785289893.9436123,0.0,0.0,0.0006967039704322815
1785289893.9446466,0.0,0.0,0.0006811839938163757
1785289893.9456806,0.0,0.0,0.0006780800223350525
1785289893.9467273,0.0,0.0,0.0006841920018196106
1785289893.947793,0.0,0.0,0.0007077760100364685
1785289893.948836,0.0,0.0,0.0006848000288009644
1785289893.9500136,0.0,0.0,0.0006866559982299804
1785289893.95105,0.0,0.0,0.000674015998840332
1785289893.9521096,0.0,0.0,0.0006797760128974914
1785289893.953171,0.0,0.0,0.000705024003982544
1785289893.9548411,0.0,0.0,0.000695360004901886
1785289893.9559076,0.0,0.0,0.0006740800142288208
1785289893.9569705,0.0,0.0,0.0006989120244979859
1785289893.958016,0.0,0.0,0.0006808000206947327
1785289893.9590523,0.0,0.0,0.0006798080205917358
1785289893.960129,0.0,0.0,0.0006872000098228455
1785289893.9611917,0.0,0.0,0.0007004479765892028
1785289893.9622297,0.0,0.0,0.0006800000071525573
1785289893.9632945,0.0,0.0,0.000709663987159729
1785289893.9643438,0.0,0.0,0.0006913920044898987
1785289893.965379,0.0,0.0,0.0006751360297203064
1785289893.9664447,0.0,0.0,0.0007043520212173462
1785289893.9675295,0.0,0.0,0.0007271999716758728
1785289893.9685733,0.0,0.0,0.0006795520186424255
1785289893.9696002,0.0,0.0,0.000670304000377655
1785289893.9706364,0.0,0.0,0.0006780160069465637
1785289893.9717145,0.0,0.0,0.0007198079824447632
1785289893.9727476,0.0,0.0,0.0006734719872474671
1785289893.9737859,0.0,0.0,0.0006849600076675415
1785289893.9748158,0.0,0.0,0.0006731520295143128
1785289893.9758775,0.0,0.0,0.0006846079826354981
1785289893.9769056,0.0,0.0,0.0006702079772949219
1785289893.9779341,0.0,0.0,0.0006724159717559814
1785289893.9789624,0.0,0.0,0.000672864019870758
1785289893.9800339,0.0,0.0,0.0006963520050048828
1785289893.981101,0.0,0.0,0.0006972479820251464
1785289893.982139,0.0,0.0,0.0006781119704246521
1785289893.9831963,0.0,0.0,0.0006983680129051209
1785289893.9842448,0.0,0.0,0.0006803200244903565
1785289893.9852953,0.0,0.0,0.0006932479739189148
1785289893.9863193,0.0,0.0,0.0006675840020179748
1785289893.9873781,0.0,0.0,0.0007028800249099732
1785289893.9884086,0.0,0.0,0.0006697919964790345
1785289893.9894402,0.0,0.0,0.000673695981502533
1785289893.9904702,0.0,0.0,0.0006729279756546021
1785289893.9915278,0.0,0.0,0.0007032960057258606
1785289893.9925597,0.0,0.0,0.0006744959950447083
1785289893.9935927,0.0,0.0,0.0006792320013046264
1785289893.9946377,0.0,0.0,0.000689408004283905
1785289893.9956853,0.0,0.0,0.000692575991153717
1785289893.9967248,0.0,0.0,0.0006789119839668274
1785289893.9977698,0.0,0.0,0.0006861760020256042
1785289893.9988058,0.0,0.0,0.000680512011051178
1785289893.99989,0.0,0.0,0.0007076479792594909
1785289894.0009677,0.0,0.0,0.0006943039894104004
1785289894.002016,0.0,0.0,0.0006807039976119995
1785289894.0030625,0.0,0.0,0.0006889920234680176
1785289894.0042675,0.0,0.0,0.0008149440288543701
1785289894.0053246,0.0,0.0,0.000692575991153717
1785289894.0063558,0.0,0.0,0.0006753600239753723
1785289894.0074282,0.0,0.0,0.0007142720222473144
1785289894.0084682,0.0,0.0,0.0006820799708366394
1785289894.0101776,0.0,0.0,0.0006892160177230835
1785289894.0112464,0.0,0.0,0.0007049279808998108
1785289894.0122874,0.0,0.0,0.0006759359836578369
1785289894.0133407,0.0,0.0,0.0006898239850997924
1785289894.0143764,0.0,0.0,0.0006751360297203064
1785289894.015443,0.0,0.0,0.0007096319794654846
1785289894.0164845,0.0,0.0,0.0006799359917640687
1785289894.017534,0.0,0.0,0.0006811839938163757
1785289894.01858,0.0,0.0,0.0006852800250053406
1785289894.0196395,0.0,0.0,0.0006990399956703186
1785289894.0206997,0.0,0.0,0.0006965759992599487
1785289894.0217357,0.0,0.0,0.0006755840182304382
1785289894.0227816,0.0,0.0,0.0006872640252113343
1785289894.0238674,0.0,0.0,0.000706496000289917
1785289894.0249116,0.0,0.0,0.0006847040057182312
1785289894.0259523,0.0,0.0,0.000675104022026062
1785289894.0269947,0.0,0.0,0.0006889280080795288
1785289894.0280645,0.0,0.0,0.0006880639791488648
1785289894.0290835,0.0,0.0,0.0006676160097122192
1785289894.0301256,0.0,0.0,0.0006857920289039612
1785289894.0311785,0.0,0.0,0.0006963199973106384
1785289894.0322287,0.0,0.0,0.0006871359944343567
1785289894.033252,0.0,0.0,0.0006704319715499878
1785289894.0342872,0.0,0.0,0.0006800320148468018
1785289894.0353634,0.0,0.0,0.0007159360051155091
1785289894.0364246,0.0,0.0,0.0007016320228576661
1785289894.0374453,0.0,0.0,0.0006665920019149781
1785289894.0384922,0.0,0.0,0.0006854079961776733
1785289894.0395691,0.0,0.0,0.0007160000205039978
1785289894.040609,0.0,0.0,0.0006806079745292664
1785289894.0416443,0.0,0.0,0.0006751999855041504
1785289894.0426736,0.0,0.0,0.0006739199757575989
1785289894.0437515,0.0,0.0,0.000717631995677948
1785289894.0447772,0.0,0.0,0.0006661120057106018
1785289894.0458121,0.0,0.0,0.0006789759993553161
1785289894.0468512,0.0,0.0,0.0006848959922790527
1785289894.0479147,0.0,0.0,0.0006897919774055481
1785289894.0489554,0.0,0.0,0.0006835520267486572
1785289894.0500004,0.0,0.0,0.0006821759939193725
1785289894.0510247,0.0,0.0,0.0006670079827308655
1785289894.0521023,0.0,0.0,0.0006897600293159485
1785289894.0531383,0.0,0.0,0.0006736000180244446
1785289894.0541608,0.0,0.0,0.0006664959788322449
1785289894.0552177,0.0,0.0,0.0007044159770011901
1785289894.056252,0.0,0.0,0.0006762880086898803
1785289894.0572848,0.0,0.0,0.0006817600131034851
1785289894.0583303,0.0,0.0,0.0006825600266456604
1785289894.0595188,0.0,0.0,0.0008280320167541504
1785289894.060571,0.0,0.0,0.0006883199810981751
1785289894.0616097,0.0,0.0,0.0006827200055122375
1785289894.062635,0.0,0.0,0.0006690239906311036
1785289894.0636897,0.0,0.0,0.0007002559900283813
1785289894.0653114,0.0,0.0,0.0007061759829521179
1785289894.0663853,0.0,0.0,0.0006853439807891846
1785289894.067462,0.0,0.0,0.0007086399793624878
1785289894.0685139,0.0,0.0,0.00068995201587677
1785289894.0695465,0.0,0.0,0.0006781439781188965
1785289894.0705807,0.0,0.0,0.0006785280108451843
1785289894.0716555,0.0,0.0,0.0007161279916763306
1785289894.0727127,0.0,0.0,0.0006840959787368775
1785289894.0737505,0.0,0.0,0.0006770880222320557
1785289894.074795,0.0,0.0,0.0006870080232620239
1785289894.0758684,0.0,0.0,0.0006945279836654663
1785289894.0768945,0.0,0.0,0.0006656960248947143
1785289894.0779526,0.0,0.0,0.0006919360160827637
1785289894.0790038,0.0,0.0,0.0006952319741249085
1785289894.0800724,0.0,0.0,0.0006725760102272033
1785289894.0811152,0.0,0.0,0.0006797760128974914
1785289894.082152,0.0,0.0,0.0006756479740142822
1785289894.0832217,0.0,0.0,0.0007124159932136536
1785289894.0842657,0.0,0.0,0.0006809279918670654
1785289894.0852997,0.0,0.0,0.0006770880222320557
1785289894.0863369,0.0,0.0,0.0006803839802742005
1785289894.0874114,0.0,0.0,0.0007168639898300171
1785289894.0884614,0.0,0.0,0.0006904000043869018
1785289894.089494,0.0,0.0,0.0006753280162811279
1785289894.0905244,0.0,0.0,0.0006715199947357178
1785289894.0915844,0.0,0.0,0.0006967359781265259
1785289894.0926569,0.0,0.0,0.0007103040218353272
1785289894.0937045,0.0,0.0,0.0006854720115661621
1785289894.0947523,0.0,0.0,0.0006886079907417297
1785289894.0958316,0.0,0.0,0.0007028480172157288
1785289894.0968735,0.0,0.0,0.0006787199974060058
1785289894.0979075,0.0,0.0,0.0006718080043792724
1785289894.0989382,0.0,0.0,0.0006728960275650024
1785289894.1000187,0.0,0.0,0.0006934720277786255
1785289894.1010585,0.0,0.0,0.0006798719763755799
1785289894.102094,0.0,0.0,0.0006786239743232727
1785289894.1031485,0.0,0.0,0.0006959999799728393
1785289894.1041853,0.0,0.0,0.0006774399876594544
1785289894.10523,0.0,0.0,0.0006864640116691589
1785289894.106274,0.0,0.0,0.0006852160096168518
1785289894.1073384,0.0,0.0,0.0007029119729995728
1785289894.108384,0.0,0.0,0.0006828160285949707
1785289894.1094317,0.0,0.0,0.0006853759884834289
1785289894.1104667,0.0,0.0,0.0006737920045852661
1785289894.111537,0.0,0.0,0.0007120000123977661
1785289894.1125696,0.0,0.0,0.0006766719818115235
1785289894.1135933,0.0,0.0,0.0006681600213050842
1785289894.114756,0.0,0.0,0.0008017600178718567
1785289894.1158369,0.0,0.0,0.0006989439725875855
1785289894.1168752,0.0,0.0,0.0006759679913520813
1785289894.1179295,0.0,0.0,0.000694271981716156
1785289894.1195633,0.0,0.0,0.001273311972618103
1785289894.1206257,0.0,0.0,0.0006889600157737732
1785289894.1216626,0.0,0.0,0.0006810240149497986
1785289894.122704,0.0,0.0,0.0006809279918670654
1785289894.1237848,0.0,0.0,0.0007179200053215027
1785289894.1248183,0.0,0.0,0.0006724799871444702
1785289894.125856,0.0,0.0,0.0006790400147438049
1785289894.12689,0.0,0.0,0.0006766399741172791
1785289894.1279461,0.0,0.0,0.0006728320121765136
1785289894.128987,0.0,0.0,0.0006794880032539367
1785289894.1300454,0.0,0.0,0.0006940799951553344
1785289894.1310844,0.0,0.0,0.0006852160096168518
1785289894.1321604,0.0,0.0,0.000692575991153717
1785289894.1331894,0.0,0.0,0.0006683200001716614
1785289894.1342368,0.0,0.0,0.0006947839856147766
1785289894.1353016,0.0,0.0,0.0007008320093154907
1785289894.13636,0.0,0.0,0.000698207974433899
1785289894.1374083,0.0,0.0,0.0006823999881744385
1785289894.1384487,0.0,0.0,0.000679423987865448
1785289894.1395092,0.0,0.0,0.0007026559710502625
1785289894.140567,0.0,0.0,0.0006947199702262879
1785289894.1416004,0.0,0.0,0.0006814079880714417
1785289894.142627,0.0,0.0,0.0006685119867324829
1785289894.143714,0.0,0.0,0.0007249600291252136
1785289894.1447616,0.0,0.0,0.0006896640062332153
1785289894.1457865,0.0,0.0,0.0006712639927864075
1785289894.1468356,0.0,0.0,0.0006828799843788147
1785289894.1479206,0.0,0.0,0.0007046719789505004
1785289894.1489592,0.0,0.0,0.0006757439970970153
1785289894.1500022,0.0,0.0,0.0006880319714546204
1785289894.1510491,0.0,0.0,0.0006881279945373535
1785289894.1521063,0.0,0.0,0.0006733760237693787
1785289894.1531436,0.0,0.0,0.0006817600131034851
1785289894.154182,0.0,0.0,0.000681984007358551
1785289894.155248,0.0,0.0,0.0007098879814147949
1785289894.156293,0.0,0.0,0.0006795840263366699
1785289894.1573324,0.0,0.0,0.0006819199919700622
1785289894.1583722,0.0,0.0,0.0006797760128974914
1785289894.1594334,0.0,0.0,0.0007021120190620423
1785289894.160465,0.0,0.0,0.0006757439970970153
1785289894.1615117,0.0,0.0,0.0006924800276756287
1785289894.1625693,0.0,0.0,0.00068995201587677
1785289894.1636496,0.0,0.0,0.0007219840288162231
1785289894.1647015,0.0,0.0,0.0006966080069541931
1785289894.1657512,0.0,0.0,0.0006886720061302185
1785289894.1668053,0.0,0.0,0.0006918720006942749
1785289894.1678672,0.0,0.0,0.0006797119975090026
1785289894.1689029,0.0,0.0,0.0006738880276679993
1785289894.1700766,0.0,0.0,0.0008170880079269409
1785289894.171161,0.0,0.0,0.0007146880030632019
1785289894.1722085,0.0,0.0,0.000688543975353241
1785289894.1732483,0.0,0.0,0.0006866559982299804
1785289894.1748493,0.0,0.0,0.0012441920042037965
1785289894.175937,0.0,0.0,0.000695904016494751
1785289894.177009,0.0,0.0,0.0007047039866447448
1785289894.1780474,0.0,0.0,0.000676576018333435
1785289894.1790829,0.0,0.0,0.000682528018951416
1785289894.1801553,0.0,0.0,0.0006868159770965577
1785289894.1811879,0.0,0.0,0.0006756479740142822
1785289894.1822262,0.0,0.0,0.0006798080205917358
1785289894.1832957,0.0,0.0,0.0007085760235786439
1785289894.1843538,0.0,0.0,0.0006975359916687011
1785289894.1854,0.0,0.0,0.0006820480227470398
1785289894.1864398,0.0,0.0,0.0006853119730949402
1785289894.1875067,0.0,0.0,0.0007076159715652465
1785289894.1885564,0.0,0.0,0.0006797119975090026
1785289894.189593,0.0,0.0,0.0006785600185394287
1785289894.1906505,0.0,0.0,0.0007008320093154907
1785289894.1917334,0.0,0.0,0.0007232959866523743
1785289894.1927872,0.0,0.0,0.0006859840154647827
1785289894.1938357,0.0,0.0,0.0006898239850997924
1785289894.1948755,0.0,0.0,0.0006730239987373352
1785289894.195949,0.0,0.0,0.0006902400255203247
1785289894.1969903,0.0,0.0,0.0006812800168991089
1785289894.1980388,0.0,0.0,0.0006927999854087829
1785289894.199073,0.0,0.0,0.0006757439970970153
1785289894.2001338,0.0,0.0,0.0006778879761695862
1785289894.2011557,0.0,0.0,0.0006670079827308655
1785289894.2021885,0.0,0.0,0.0006800959706306458
1785289894.2032394,0.0,0.0,0.0006958079934120178
1785289894.2042904,0.0,0.0,0.0006947839856147766
1785289894.20533,0.0,0.0,0.0006864320039749145
1785289894.2063646,0.0,0.0,0.0006808000206947327
1785289894.2074416,0.0,0.0,0.0007193599939346314
1785289894.2084846,0.0,0.0,0.0006814079880714417
1785289894.2095213,0.0,0.0,0.000678272008895874
1785289894.2105672,0.0,0.0,0.000688480019569397
1785289894.211637,0.0,0.0,0.0007136319875717163
1785289894.2126882,0.0,0.0,0.0006861439943313598
1785289894.2137222,0.0,0.0,0.0006757439970970153
1785289894.214751,0.0,0.0,0.0006714879870414734
1785289894.2158024,0.0,0.0,0.0006994559764862061
1785289894.2168517,0.0,0.0,0.0006882240176200867
1785289894.2179077,0.0,0.0,0.0006974719762802125
1785289894.2189512,0.0,0.0,0.0006798719763755799
1785289894.2200458,0.0,0.0,0.000701312005519867
1785289894.22109,0.0,0.0,0.0006802880167961121
1785289894.222126,0.0,0.0,0.0006764159798622132
1785289894.2231889,0.0,0.0,0.0007105280160903931
1785289894.2242317,0.0,0.0,0.000678879976272583
1785289894.2254078,0.0,0.0,0.0008179839849472046
1785289894.2264497,0.0,0.0,0.0006806719899177552
1785289894.2275124,0.0,0.0,0.0007089279890060425
1785289894.2285483,0.0,0.0,0.0006782079935073852
1785289894.2301269,0.0,0.0,0.00122544002532959
1785289894.231236,0.0,0.0,0.0007114560008049011
1785289894.232309,0.0,0.0,0.0007086719870567322
1785289894.2333574,0.0,0.0,0.0006881600022315979
1785289894.2343986,0.0,0.0,0.0006776319742202759
1785289894.235469,0.0,0.0,0.0007123200297355651
1785289894.236512,0.0,0.0,0.0006774719953536987
1785289894.2375498,0.0,0.0,0.0006800000071525573
1785289894.2385843,0.0,0.0,0.0006718720197677612
1785289894.2396588,0.0,0.0,0.0007170559763908386
1785289894.2407134,0.0,0.0,0.0006918399930000305
1785289894.2417638,0.0,0.0,0.000692192018032074
1785289894.2428133,0.0,0.0,0.0006905919909477233
1785289894.2438948,0.0,0.0,0.0006950079798698426
1785289894.2449474,0.0,0.0,0.0006877120137214661
1785289894.2460072,0.0,0.0,0.0007017279863357544
1785289894.2470634,0.0,0.0,0.0006923519968986511
1785289894.2481325,0.0,0.0,0.0006828479766845703
1785289894.2491603,0.0,0.0,0.0006682559847831726
1785289894.2501917,0.0,0.0,0.0006744959950447083
1785289894.251243,0.0,0.0,0.0006969599723815918
1785289894.2522933,0.0,0.0,0.000687936007976532
1785289894.253336,0.0,0.0,0.0006817600131034851
1785289894.2543693,0.0,0.0,0.0006747519969940185
1785289894.2554197,0.0,0.0,0.0006961280107498169
1785289894.2564492,0.0,0.0,0.0006662399768829346
1785289894.2574863,0.0,0.0,0.0006816959977149963
1785289894.2585247,0.0,0.0,0.0006812480092048645
1785289894.259588,0.0,0.0,0.0007064639925956726
1785289894.2606184,0.0,0.0,0.000669055998325348
1785289894.2616484,0.0,0.0,0.0006762239933013917
1785289894.2626913,0.0,0.0,0.000681663990020752
1785289894.2637396,0.0,0.0,0.0006914560198783875
1785289894.2647743,0.0,0.0,0.0006782079935073852
1785289894.2658,0.0,0.0,0.0006733440160751343
1785289894.2668264,0.0,0.0,0.0006732159852981568
1785289894.2678788,0.0,0.0,0.0006787199974060058
1785289894.2689145,0.0,0.0,0.0006758080124855041
1785289894.2699459,0.0,0.0,0.0006748800277709961
1785289894.2709901,0.0,0.0,0.0006840000152587891
1785289894.2720544,0.0,0.0,0.0006847360134124756
1785289894.2731056,0.0,0.0,0.0006977919936180115
1785289894.2741513,0.0,0.0,0.0006885759830474854
1785289894.2751985,0.0,0.0,0.0006897919774055481
1785289894.2762554,0.0,0.0,0.0006923519968986511
1785289894.2773116,0.0,0.0,0.0006940159797668458
1785289894.2783415,0.0,0.0,0.0006680960059165954
1785289894.2794142,0.0,0.0,0.0007113280296325683
1785289894.2805946,0.0,0.0,0.0006951040029525757
1785289894.2816432,0.0,0.0,0.0006854079961776733
1785289894.282686,0.0,0.0,0.0006852160096168518
1785289894.2837427,0.0,0.0,0.0007021120190620423
1785289894.285339,0.0,0.0,0.001237056016921997
1785289894.2863965,0.0,0.0,0.0006854720115661621
1785289894.2874649,0.0,0.0,0.0007048320174217224
1785289894.28852,0.0,0.0,0.0006955519914627075
1785289894.2895467,0.0,0.0,0.0006690880060195922
1785289894.2905807,0.0,0.0,0.0006781439781188965
1785289894.2916448,0.0,0.0,0.0007052479982376099
1785289894.2926996,0.0,0.0,0.0006926079988479614
1785289894.2937312,0.0,0.0,0.0006756799817085266
1785289894.294762,0.0,0.0,0.0006722559928894043
1785289894.2958322,0.0,0.0,0.0006863359808921814
1785289894.296878,0.0,0.0,0.000687071979045868
1785289894.2979012,0.0,0.0,0.0006694080233573914
1785289894.2989473,0.0,0.0,0.0006841279864311219
1785289894.3000352,0.0,0.0,0.0006965759992599487
1785289894.3010674,0.0,0.0,0.0006710399985313416
1785289894.3021123,0.0,0.0,0.0006884480118751526
1785289894.30316,0.0,0.0,0.0006939520239830017
1785289894.3042107,0.0,0.0,0.0006876479983329773
1785289894.3052518,0.0,0.0,0.0006840320229530335
1785289894.306285,0.0,0.0,0.0006750400066375732
1785289894.3073463,0.0,0.0,0.0007043840289115905
1785289894.308377,0.0,0.0,0.0006718720197677612
1785289894.3094175,0.0,0.0,0.0006818240284919739
1785289894.3104625,0.0,0.0,0.0006873599886894226
1785289894.3115342,0.0,0.0,0.0007138879895210266
1785289894.3126745,0.0,0.0,0.0006867520213127136
1785289894.3137376,0.0,0.0,0.000697920024394989
1785289894.3147776,0.0,0.0,0.0006802880167961121
1785289894.3158622,0.0,0.0,0.0007056639790534973
1785289894.3169115,0.0,0.0,0.0006854720115661621
1785289894.317958,0.0,0.0,0.0006838719844818116
1785289894.3189993,0.0,0.0,0.0006804479956626892
1785289894.3200574,0.0,0.0,0.0006735680103302002
1785289894.3211043,0.0,0.0,0.0006858239769935608
1785289894.322144,0.0,0.0,0.0006827520132064819
1785289894.3231933,0.0,0.0,0.000688543975353241
1785289894.3242385,0.0,0.0,0.0006819519996643066
1785289894.325289,0.0,0.0,0.0006912959814071656
1785289894.3263416,0.0,0.0,0.000692736029624939
1785289894.327404,0.0,0.0,0.00070278400182724
1785289894.3284533,0.0,0.0,0.0006835839748382569
1785289894.3295124,0.0,0.0,0.0007008640170097351
1785289894.3305426,0.0,0.0,0.0006676480174064636
1785289894.331612,0.0,0.0,0.0007093440294265747
1785289894.3326356,0.0,0.0,0.0006643519997596741
1785289894.333661,0.0,0.0,0.0006685760021209716
1785289894.3346949,0.0,0.0,0.0006767359972000122
1785289894.3358908,0.0,0.0,0.0006909440159797669
1785289894.3369312,0.0,0.0,0.0006780480146408081
1785289894.3379738,0.0,0.0,0.0006806079745292664
1785289894.3390162,0.0,0.0,0.0006902719736099243
1785289894.340597,0.0,0.0,0.0006966720223426819
1785289894.3416517,0.0,0.0,0.0006830400228500366
1785289894.342692,0.0,0.0,0.0006782079935073852
1785289894.3437805,0.0,0.0,0.0007289599776268005
1785289894.3448458,0.0,0.0,0.0007008960247039795
1785289894.345888,0.0,0.0,0.0006813759803771973
1785289894.3469334,0.0,0.0,0.0006887360215187073
1785289894.3480074,0.0,0.0,0.0006908159852027893
1785289894.3490622,0.0,0.0,0.0006927679777145386
1785289894.3501065,0.0,0.0,0.0006860160231590271
1785289894.3511739,0.0,0.0,0.0007082239985466003
1785289894.352226,0.0,0.0,0.0006864640116691589
1785289894.3532786,0.0,0.0,0.0006906880140304565
1785289894.3543184,0.0,0.0,0.0006790720224380493
1785289894.355375,0.0,0.0,0.0006983039975166321
1785289894.3564162,0.0,0.0,0.0006840959787368775
1785289894.3574512,0.0,0.0,0.0006735360026359558
1785289894.358502,0.0,0.0,0.0006872640252113343
1785289894.3595715,0.0,0.0,0.0007058560252189637
1785289894.3606038,0.0,0.0,0.0006732159852981568
1785289894.36164,0.0,0.0,0.0006792640089988708
1785289894.3626652,0.0,0.0,0.00067084801197052
1785289894.3637404,0.0,0.0,0.0007176640033721924
1785289894.3647785,0.0,0.0,0.00067740797996521
1785289894.3658073,0.0,0.0,0.0006703680157661438
1785289894.3668408,0.0,0.0,0.000676800012588501
1785289894.3679225,0.0,0.0,0.0006961920261383057
1785289894.3689427,0.0,0.0,0.0006665920019149781
1785289894.369984,0.0,0.0,0.0006807360053062439
1785289894.371031,0.0,0.0,0.00068367999792099
1785289894.3721166,0.0,0.0,0.0007029439806938171
1785289894.3731565,0.0,0.0,0.000680512011051178
1785289894.374195,0.0,0.0,0.0006839680075645447
1785289894.3752522,0.0,0.0,0.000704255998134613
1785289894.376296,0.0,0.0,0.0006782079935073852
1785289894.377331,0.0,0.0,0.0006827200055122375
1785289894.3783815,0.0,0.0,0.0006874880194664002
1785289894.3794434,0.0,0.0,0.0007081919908523559
1785289894.3804886,0.0,0.0,0.0006852800250053406
1785289894.3815255,0.0,0.0,0.0006827520132064819
1785289894.3825576,0.0,0.0,0.0006737279891967774
1785289894.3836274,0.0,0.0,0.0007077440023422241
1785289894.3846717,0.0,0.0,0.000683359980583191
1785289894.3857186,0.0,0.0,0.0006853759884834289
1785289894.386762,0.0,0.0,0.0006838399767875672
1785289894.3878243,0.0,0.0,0.0006844480037689209
1785289894.3888834,0.0,0.0,0.0006719040274620056
1785289894.3900542,0.0,0.0,0.0008076480031013488
1785289894.3911335,0.0,0.0,0.0007095360159873963
1785289894.392171,0.0,0.0,0.0006784319877624512
1785289894.3932037,0.0,0.0,0.0006775360107421875
1785289894.39424,0.0,0.0,0.0006792960166931152
1785289894.3958042,0.0,0.0,0.0007109760046005249
1785289894.3968444,0.0,0.0,0.0006785280108451843
1785289894.3978872,0.0,0.0,0.0006839359998703003
1785289894.3989298,0.0,0.0,0.0006807360053062439
1785289894.4000034,0.0,0.0,0.0006867200136184692
1785289894.4010463,0.0,0.0,0.0006821759939193725
1785289894.4020817,0.0,0.0,0.0006784319877624512
1785289894.4031482,0.0,0.0,0.0007080960273742675
1785289894.4042,0.0,0.0,0.0006837440133094788
1785289894.4052286,0.0,0.0,0.0006702399849891663
1785289894.406274,0.0,0.0,0.0006848639845848084
1785289894.407339,0.0,0.0,0.0007057279944419861
1785289894.4083831,0.0,0.0,0.000679967999458313
1785289894.409445,0.0,0.0,0.0006937919855117797
1785289894.4104798,0.0,0.0,0.0006748160123825073
1785289894.4115477,0.0,0.0,0.0007098879814147949
1785289894.4125903,0.0,0.0,0.000682911992073059
1785289894.4136384,0.0,0.0,0.0006904320120811462
1785289894.4146788,0.0,0.0,0.0006775040030479431
1785289894.4157512,0.0,0.0,0.0007106879949569702
1785289894.4167833,0.0,0.0,0.0006748160123825073
1785289894.417802,0.0,0.0,0.0006632000207901001
1785289894.4188383,0.0,0.0,0.0006786239743232727
1785289894.4199038,0.0,0.0,0.0006828479766845703
1785289894.4209464,0.0,0.0,0.000678816020488739
1785289894.4219878,0.0,0.0,0.0006835839748382569
1785289894.4230163,0.0,0.0,0.000674560010433197
1785289894.4240983,0.0,0.0,0.0006962559819221496
1785289894.4251301,0.0,0.0,0.0006719359755516052
1785289894.4261608,0.0,0.0,0.0006738560199737549
1785289894.4272332,0.0,0.0,0.0007178879976272583
1785289894.428281,0.0,0.0,0.0006885759830474854
1785289894.4293249,0.0,0.0,0.0006836479902267456
1785289894.4303677,0.0,0.0,0.0006846399903297424
1785289894.4314358,0.0,0.0,0.0007041599750518798
1785289894.432471,0.0,0.0,0.0006727039813995362
1785289894.4334953,0.0,0.0,0.0006719359755516052
1785289894.43453,0.0,0.0,0.0006759999990463256
1785289894.4355912,0.0,0.0,0.0007002879977226257
1785289894.4366355,0.0,0.0,0.0006863999962806701
1785289894.4376676,0.0,0.0,0.0006711680293083191
1785289894.4386914,0.0,0.0,0.000670527994632721
1785289894.4397578,0.0,0.0,0.0007071679830551147
1785289894.4408216,0.0,0.0,0.0007014399766921997
1785289894.4418616,0.0,0.0,0.0006807680130004883
1785289894.4428818,0.0,0.0,0.0006639360189437866
1785289894.4439502,0.0,0.0,0.0006860160231590271
1785289894.4449794,0.0,0.0,0.0006712639927864075
1785289894.4461756,0.0,0.0,0.000696287989616394
1785289894.4472363,0.0,0.0,0.0006990399956703186
1785289894.4482772,0.0,0.0,0.0006804159879684449
1785289894.449302,0.0,0.0,0.0006682239770889282
1785289894.4508674,0.0,0.0,0.0006869440078735351
1785289894.451943,0.0,0.0,0.0006852800250053406
1785289894.452986,0.0,0.0,0.0006801279783248902
1785289894.4540212,0.0,0.0,0.0006767039895057679
1785289894.455047,0.0,0.0,0.0006703680157661438
1785289894.456127,0.0,0.0,0.0006951360106468201
1785289894.4571702,0.0,0.0,0.0006762560009956359
1785289894.4582014,0.0,0.0,0.0006769919991493225
1785289894.4592507,0.0,0.0,0.0006938880085945129
1785289894.4603016,0.0,0.0,0.0006924480199813843
1785289894.4613345,0.0,0.0,0.0006721280217170715
1785289894.4623597,0.0,0.0,0.0006719040274620056
1785289894.4634247,0.0,0.0,0.0007103679776191711
1785289894.464467,0.0,0.0,0.0006792640089988708
1785289894.46551,0.0,0.0,0.0006832640171051025
1785289894.4665394,0.0,0.0,0.0006735360026359558
1785289894.4675984,0.0,0.0,0.0007017599940299988
1785289894.468632,0.0,0.0,0.0006787520051002502
1785289894.4696815,0.0,0.0,0.0006910079717636109
1785289894.4707048,0.0,0.0,0.0006664320230484009
1785289894.4717784,0.0,0.0,0.0007167360186576843
1785289894.472814,0.0,0.0,0.0006711999773979187
1785289894.4738567,0.0,0.0,0.000681439995765686
1785289894.4748843,0.0,0.0,0.0006696000099182129
1785289894.475948,0.0,0.0,0.0006808639764785767
1785289894.4769907,0.0,0.0,0.0006799359917640687
1785289894.4780426,0.0,0.0,0.0006869760155677795
1785289894.479132,0.0,0.0,0.0007194560170173645
1785289894.4802043,0.0,0.0,0.000705120027065277
1785289894.4812574,0.0,0.0,0.0006978240013122559
1785289894.4823205,0.0,0.0,0.0006993600130081177
1785289894.4833975,0.0,0.0,0.0007128000259399414
1785289894.484449,0.0,0.0,0.0006853439807891846
1785289894.4854894,0.0,0.0,0.0006799359917640687
1785289894.4865294,0.0,0.0,0.0006798400282859802
1785289894.4875786,0.0,0.0,0.0006945599913597107
1785289894.4886231,0.0,0.0,0.0006778240203857422
1785289894.4896638,0.0,0.0,0.00067740797996521
1785289894.490714,0.0,0.0,0.0006964160203933716
1785289894.4917815,0.0,0.0,0.0007002239823341369
1785289894.4928207,0.0,0.0,0.0006798400282859802
1785289894.4938598,0.0,0.0,0.0006761599779129029
1785289894.4949028,0.0,0.0,0.0006786239743232727
1785289894.495981,0.0,0.0,0.0006902080178260803
1785289894.4970305,0.0,0.0,0.000682911992073059
1785289894.498062,0.0,0.0,0.000674239993095398
1785289894.499129,0.0,0.0,0.0006844480037689209
1785289894.5003138,0.0,0.0,0.0008188480138778686
1785289894.5013616,0.0,0.0,0.0006836479902267456
1785289894.5024066,0.0,0.0,0.0006848959922790527
1785289894.503465,0.0,0.0,0.0006976959705352784
1785289894.5044947,0.0,0.0,0.0006701440215110779
1785289894.506145,0.0,0.0,0.0006981760263442994
1785289894.5072002,0.0,0.0,0.0006967039704322815
1785289894.5082383,0.0,0.0,0.00067603200674057
1785289894.5092988,0.0,0.0,0.000696448028087616
1785289894.5103624,0.0,0.0,0.0007007039785385131
1785289894.511432,0.0,0.0,0.0007116159796714782
1785289894.5124888,0.0,0.0,0.0006958079934120178
1785289894.5135279,0.0,0.0,0.0006826239824295044
1785289894.51456,0.0,0.0,0.0006784960031509399
1785289894.5156524,0.0,0.0,0.0007304959893226624
1785289894.5166986,0.0,0.0,0.0006808320283889771
1785289894.517732,0.0,0.0,0.0006775680184364319
1785289894.5187697,0.0,0.0,0.0006788480281829834
1785289894.5198514,0.0,0.0,0.0007039999961853027
1785289894.5208979,0.0,0.0,0.0006835200190544128
1785289894.521952,0.0,0.0,0.000698527991771698
1785289894.52299,0.0,0.0,0.0006804800033569336
1785289894.5240607,0.0,0.0,0.0006851840019226074
1785289894.5251062,0.0,0.0,0.0006854400038719177
1785289894.5261338,0.0,0.0,0.0006677759885787964
1785289894.5271854,0.0,0.0,0.0006969599723815918
1785289894.528242,0.0,0.0,0.0006974719762802125
1785289894.5292861,0.0,0.0,0.0006871359944343567
1785289894.530325,0.0,0.0,0.0006784960031509399
1785289894.5313802,0.0,0.0,0.0006988160014152527
1785289894.5324314,0.0,0.0,0.0006890239715576172
1785289894.533459,0.0,0.0,0.0006722559928894043
1785289894.5344818,0.0,0.0,0.0006657919883728028
1785289894.5355392,0.0,0.0,0.0007031040191650391
1785289894.5365753,0.0,0.0,0.0006783999800682068
1785289894.5376203,0.0,0.0,0.0006801279783248902
1785289894.5386617,0.0,0.0,0.0006845120191574097
1785289894.5397422,0.0,0.0,0.0007163199782371521
1785289894.5407813,0.0,0.0,0.0006811519861221314
1785289894.5418196,0.0,0.0,0.0006805440187454224
1785289894.542856,0.0,0.0,0.0006769599914550782
1785289894.5439188,0.0,0.0,0.0006856639981269836
1785289894.5449648,0.0,0.0,0.0006899200081825256
1785289894.5459933,0.0,0.0,0.0006735680103302002
1785289894.5470307,0.0,0.0,0.0006869760155677795
1785289894.5480912,0.0,0.0,0.0006835839748382569
1785289894.5491197,0.0,0.0,0.0006747199892997742
1785289894.5501487,0.0,0.0,0.0006752319931983948
1785289894.5511954,0.0,0.0,0.0006927999854087829
1785289894.552253,0.0,0.0,0.000694271981716156
1785289894.5533032,0.0,0.0,0.0006852160096168518
1785289894.5543373,0.0,0.0,0.0006776319742202759
1785289894.5555248,0.0,0.0,0.0008292800188064575
1785289894.5565727,0.0,0.0,0.0006781119704246521
1785289894.55761,0.0,0.0,0.000681119978427887
1785289894.5586472,0.0,0.0,0.0006800959706306458
1785289894.5602272,0.0,0.0,0.0012265280485153197
1785289894.5612955,0.0,0.0,0.0006958720088005066
1785289894.5623348,0.0,0.0,0.0006824960112571716
1785289894.5634212,0.0,0.0,0.0007236480116844178
1785289894.564473,0.0,0.0,0.0006875519752502442
1785289894.5655177,0.0,0.0,0.0006865599751472473
1785289894.5665662,0.0,0.0,0.0006908479928970337
1785289894.5676575,0.0,0.0,0.0007290239930152893
1785289894.5687075,0.0,0.0,0.0006850879788398743
1785289894.569743,0.0,0.0,0.0006781119704246521
1785289894.5707822,0.0,0.0,0.0006792960166931152
1785289894.571863,0.0,0.0,0.0007069439888000488
1785289894.5729094,0.0,0.0,0.0006859520077705383
1785289894.573941,0.0,0.0,0.000675104022026062
1785289894.574994,0.0,0.0,0.0006920319795608521
1785289894.576087,0.0,0.0,0.0006990079879760742
1785289894.5771472,0.0,0.0,0.000703328013420105
1785289894.5781841,0.0,0.0,0.0006787199974060058
1785289894.5792434,0.0,0.0,0.000699616014957428
1785289894.5802984,0.0,0.0,0.0006761919856071473
1785289894.581364,0.0,0.0,0.0007025279998779297
1785289894.5824013,0.0,0.0,0.0006748480200767517
1785289894.5834887,0.0,0.0,0.0007289919853210449
1785289894.5845277,0.0,0.0,0.0006748160123825073
1785289894.585573,0.0,0.0,0.0006930239796638489
1785289894.586617,0.0,0.0,0.0006863679885864257
1785289894.5877004,0.0,0.0,0.0007247359752655029
1785289894.5887423,0.0,0.0,0.000679423987865448
1785289894.5897844,0.0,0.0,0.0006864320039749145
1785289894.5908191,0.0,0.0,0.0006824640035629272
1785289894.591897,0.0,0.0,0.0006900799870491027
1785289894.5929396,0.0,0.0,0.0006875200271606446
1785289894.593973,0.0,0.0,0.0006748160123825073
1785289894.5950286,0.0,0.0,0.0006993280053138733
1785289894.5960975,0.0,0.0,0.0006807680130004883
1785289894.5971437,0.0,0.0,0.0006856639981269836
1785289894.5981817,0.0,0.0,0.0006770880222320557
1785289894.5992556,0.0,0.0,0.0007178879976272583
1785289894.6003122,0.0,0.0,0.0006890879869461059
1785289894.6013455,0.0,0.0,0.0006730239987373352
1785289894.602389,0.0,0.0,0.0006886079907417297
1785289894.6034617,0.0,0.0,0.0007103040218353272
1785289894.6045012,0.0,0.0,0.0006791359782218933
1785289894.6055355,0.0,0.0,0.0006791039705276489
1785289894.6065726,0.0,0.0,0.0006804479956626892
1785289894.60772,0.0,0.0,0.0007926080226898193
1785289894.6087713,0.0,0.0,0.0006870080232620239
1785289894.6098163,0.0,0.0,0.0006853759884834289
1785289894.610991,0.0,0.0,0.0008169919848442078
1785289894.6120522,0.0,0.0,0.0006787199974060058
1785289894.6130931,0.0,0.0,0.0006853759884834289
1785289894.614142,0.0,0.0,0.0006896960139274597
1785289894.6157203,0.0,0.0,0.0012186559438705444
1785289894.6167831,0.0,0.0,0.0006947839856147766
1785289894.6178331,0.0,0.0,0.0006905599832534791
1785289894.6188817,0.0,0.0,0.0006864640116691589
1785289894.6199613,0.0,0.0,0.000695360004901886
1785289894.6210084,0.0,0.0,0.000687391996383667
1785289894.6220741,0.0,0.0,0.0007024639844894409
1785289894.623143,0.0,0.0,0.0007104640007019043
1785289894.6242,0.0,0.0,0.0006902719736099243
1785289894.6252367,0.0,0.0,0.0006775680184364319
1785289894.6262872,0.0,0.0,0.0006923519968986511
1785289894.6273537,0.0,0.0,0.0007092480063438416
1785289894.628401,0.0,0.0,0.0006876159906387329
1785289894.6294303,0.0,0.0,0.0006660159826278687
1785289894.6304748,0.0,0.0,0.0006886399984359741
1785289894.631544,0.0,0.0,0.0007113919854164123
1785289894.632593,0.0,0.0,0.0006915839910507202
1785289894.6336234,0.0,0.0,0.0006740480065345764
1785289894.6346686,0.0,0.0,0.0006862720251083374
1785289894.6357386,0.0,0.0,0.0007155519723892212
1785289894.6367848,0.0,0.0,0.0006846719980239868
1785289894.6378264,0.0,0.0,0.0006827840209007263
1785289894.6388745,0.0,0.0,0.0006936320066452026
1785289894.6399486,0.0,0.0,0.0006937280297279358
1785289894.6409876,0.0,0.0,0.000681984007358551
1785289894.6420386,0.0,0.0,0.0006941440105438232
1785289894.6430833,0.0,0.0,0.0006898559927940368
1785289894.6441717,0.0,0.0,0.0007030079960823059
1785289894.6452303,0.0,0.0,0.0006938239932060241
1785289894.6462593,0.0,0.0,0.0006739519834518433
1785289894.6473289,0.0,0.0,0.000707040011882782
1785289894.648384,0.0,0.0,0.0006933760046958923
1785289894.6494346,0.0,0.0,0.0006945279836654663
1785289894.65048,0.0,0.0,0.0006865919828414917
1785289894.651542,0.0,0.0,0.0006988800168037415
1785289894.6525915,0.0,0.0,0.0006895999908447265
1785289894.6536412,0.0,0.0,0.0006895359754562378
1785289894.6546695,0.0,0.0,0.0006703360080718994
1785289894.655736,0.0,0.0,0.00070796799659729
1785289894.656781,0.0,0.0,0.0006912959814071656
1785289894.657815,0.0,0.0,0.0006768959760665894
1785289894.6588483,0.0,0.0,0.0006776639819145203
1785289894.6599178,0.0,0.0,0.0006965119838714599
1785289894.660949,0.0,0.0,0.0006702079772949219
1785289894.6619868,0.0,0.0,0.0006787520051002502
1785289894.6630409,0.0,0.0,0.0006915199756622315
1785289894.6641145,0.0,0.0,0.0006908479928970337
1785289894.6651747,0.0,0.0,0.0007013760209083558
1785289894.6663535,0.0,0.0,0.0006919360160827637
1785289894.6674068,0.0,0.0,0.0006974400281906128
1785289894.6684399,0.0,0.0,0.0006730239987373352
1785289894.6694846,0.0,0.0,0.0006915839910507202
1785289894.671454,0.0,0.0,0.0010244799852371215
1785289894.6725137,0.0,0.0,0.0006824640035629272
1785289894.6735573,0.0,0.0,0.0006796159744262695
1785289894.6745982,0.0,0.0,0.000679967999458313
1785289894.6756778,0.0,0.0,0.0007230079770088196
1785289894.6767201,0.0,0.0,0.0006813759803771973
1785289894.677773,0.0,0.0,0.0006945279836654663
1785289894.6788204,0.0,0.0,0.0006880000233650208
1785289894.6799102,0.0,0.0,0.0007037439942359924
1785289894.6809585,0.0,0.0,0.0006913920044898987
1785289894.6820004,0.0,0.0,0.0006865599751472473
1785289894.683019,0.0,0.0,0.0006636800169944763
1785289894.6841018,0.0,0.0,0.0006936960220336914
1785289894.6851532,0.0,0.0,0.0006920639872550964
1785289894.6861978,0.0,0.0,0.0006877120137214661
1785289894.6872692,0.0,0.0,0.0007133439779281616
1785289894.6883326,0.0,0.0,0.0006963520050048828
1785289894.6893861,0.0,0.0,0.000687936007976532
1785289894.6904213,0.0,0.0,0.0006767680048942566
1785289894.6915004,0.0,0.0,0.0007240319848060608
1785289894.6925468,0.0,0.0,0.0006860160231590271
1785289894.6936085,0.0,0.0,0.0007024319767951965
1785289894.694666,0.0,0.0,0.0006990399956703186
1785289894.695746,0.0,0.0,0.000720736026763916
1785289894.6967857,0.0,0.0,0.0006762560009956359
1785289894.6978335,0.0,0.0,0.0006868159770965577
1785289894.6988866,0.0,0.0,0.0006904320120811462
1785289894.6999516,0.0,0.0,0.0006800640225410462
1785289894.7010074,0.0,0.0,0.0006914560198783875
1785289894.7020411,0.0,0.0,0.0006727039813995362
1785289894.7030706,0.0,0.0,0.0006705920100212097
1785289894.704157,0.0,0.0,0.0007012799978256225
1785289894.7052073,0.0,0.0,0.000689408004283905
1785289894.7062404,0.0,0.0,0.0006791359782218933
1785289894.7073233,0.0,0.0,0.0007216320037841797
1785289894.7083745,0.0,0.0,0.0006879680156707764
1785289894.7094145,0.0,0.0,0.0006775040030479431
1785289894.7104578,0.0,0.0,0.0006834880113601684
1785289894.711527,0.0,0.0,0.0007149760127067566
1785289894.7125778,0.0,0.0,0.0006882560253143311
1785289894.7136106,0.0,0.0,0.0006779839992523193
1785289894.714652,0.0,0.0,0.0006859200000762939
1785289894.7157276,0.0,0.0,0.0007184640169143676
1785289894.7167647,0.0,0.0,0.0006770880222320557
1785289894.7178035,0.0,0.0,0.0006822400093078613
1785289894.7188458,0.0,0.0,0.0006855999827384949
1785289894.719914,0.0,0.0,0.0006879680156707764
1785289894.721104,0.0,0.0,0.0008289920091629028
1785289894.7221534,0.0,0.0,0.0006833919882774354
1785289894.7232177,0.0,0.0,0.0007067199945449829
1785289894.7242622,0.0,0.0,0.0006792320013046264
1785289894.7258172,0.0,0.0,0.001196992039680481
1785289894.7268734,0.0,0.0,0.0006857920289039612
1785289894.7279494,0.0,0.0,0.0006873279809951783
1785289894.728993,0.0,0.0,0.0006811519861221314
1785289894.7300234,0.0,0.0,0.0006758080124855041
1785289894.731053,0.0,0.0,0.0006718720197677612
1785289894.7321203,0.0,0.0,0.0006804479956626892
1785289894.7331686,0.0,0.0,0.0006903039813041687
1785289894.734216,0.0,0.0,0.0006843199729919434
1785289894.7353003,0.0,0.0,0.0007231680154800415
1785289894.7363484,0.0,0.0,0.0006849279999732971
1785289894.7373784,0.0,0.0,0.0006769279837608338
1785289894.7384334,0.0,0.0,0.000692736029624939
1785289894.7395046,0.0,0.0,0.000712448000907898
1785289894.7405446,0.0,0.0,0.0006710720062255859
1785289894.7415917,0.0,0.0,0.0006883199810981751
1785289894.7426312,0.0,0.0,0.0006802880167961121
1785289894.743697,0.0,0.0,0.0007074559926986694
1785289894.744747,0.0,0.0,0.0006872640252113343
1785289894.7457914,0.0,0.0,0.0006882879734039307
1785289894.7468328,0.0,0.0,0.0006808000206947327
1785289894.7478943,0.0,0.0,0.0006780800223350525
1785289894.748956,0.0,0.0,0.0006964799761772156
1785289894.7499995,0.0,0.0,0.0006808320283889771
1785289894.7510478,0.0,0.0,0.0006882560253143311
1785289894.7521079,0.0,0.0,0.0006731839776039124
1785289894.7531493,0.0,0.0,0.0006828479766845703
1785289894.754202,0.0,0.0,0.0006931520104408264
1785289894.755263,0.0,0.0,0.0006966720223426819
1785289894.7562985,0.0,0.0,0.0006772800087928772
1785289894.7573512,0.0,0.0,0.00068886399269104
1785289894.758394,0.0,0.0,0.0006849920153617859
1785289894.7594614,0.0,0.0,0.0007059839963912964
1785289894.7605116,0.0,0.0,0.000681119978427887
1785289894.76156,0.0,0.0,0.0006871039867401123
1785289894.762617,0.0,0.0,0.0006924800276756287
1785289894.7636967,0.0,0.0,0.0007119680047035217
1785289894.7647345,0.0,0.0,0.000675167977809906
1785289894.7657876,0.0,0.0,0.0006962559819221496
1785289894.7668276,0.0,0.0,0.0006798080205917358
1785289894.7678945,0.0,0.0,0.0006826559901237487
1785289894.76894,0.0,0.0,0.0006891840100288391
1785289894.7699656,0.0,0.0,0.0006673600077629089
1785289894.770998,0.0,0.0,0.0006752319931983948
1785289894.7720559,0.0,0.0,0.0006790400147438049
1785289894.7730942,0.0,0.0,0.0006801919937133789
1785289894.7741215,0.0,0.0,0.0006713600158691406
1785289894.7751775,0.0,0.0,0.0006978560090065003
1785289894.7763789,0.0,0.0,0.000841759979724884
1785289894.777436,0.0,0.0,0.0006908159852027893
1785289894.7784927,0.0,0.0,0.0006957439780235291
1785289894.779572,0.0,0.0,0.0007203199863433838
1785289894.781169,0.0,0.0,0.0012331520318984985
1785289894.782225,0.0,0.0,0.0006817280054092407
1785289894.7832885,0.0,0.0,0.00070387202501297
1785289894.7843308,0.0,0.0,0.0006792640089988708
1785289894.7853773,0.0,0.0,0.0006870399713516236
1785289894.7864149,0.0,0.0,0.000676576018333435
1785289894.7874768,0.0,0.0,0.0007057279944419861
1785289894.7885165,0.0,0.0,0.000678879976272583
1785289894.7895532,0.0,0.0,0.0006748800277709961
1785289894.790605,0.0,0.0,0.0006862720251083374
1785289894.7916782,0.0,0.0,0.0007125120162963868
1785289894.7927303,0.0,0.0,0.0006893439888954162
1785289894.7937515,0.0,0.0,0.0006664639711380005
1785289894.794793,0.0,0.0,0.0006818240284919739
1785289894.7958615,0.0,0.0,0.0006775040030479431
1785289894.7968946,0.0,0.0,0.0006732479929924012
1785289894.7979307,0.0,0.0,0.0006753600239753723
1785289894.798992,0.0,0.0,0.000693120002746582
1785289894.8000593,0.0,0.0,0.0006846079826354981
1785289894.8010998,0.0,0.0,0.0006795840263366699
1785289894.8021264,0.0,0.0,0.0006656000018119813
1785289894.8031774,0.0,0.0,0.0006932799816131592
1785289894.8042235,0.0,0.0,0.0006794880032539367
1785289894.8052738,0.0,0.0,0.0006890879869461059
1785289894.8063169,0.0,0.0,0.0006829760074615478
1785289894.8073902,0.0,0.0,0.0007103360295295715
1785289894.8084402,0.0,0.0,0.0006862080097198486
1785289894.8094764,0.0,0.0,0.0006783679723739624
1785289894.8105185,0.0,0.0,0.0006840320229530335
1785289894.8115811,0.0,0.0,0.0007078400254249572
1785289894.8126442,0.0,0.0,0.000698144018650055
1785289894.8136811,0.0,0.0,0.0006780480146408081
1785289894.814727,0.0,0.0,0.000687071979045868
1785289894.815801,0.0,0.0,0.0007130560278892517
1785289894.8168447,0.0,0.0,0.0006840320229530335
1785289894.8178818,0.0,0.0,0.000680512011051178
1785289894.8189268,0.0,0.0,0.0006923519968986511
1785289894.8199818,0.0,0.0,0.0006751999855041504
1785289894.8210206,0.0,0.0,0.0006830719709396362
1785289894.8220394,0.0,0.0,0.0006624000072479248
1785289894.8230658,0.0,0.0,0.0006695359945297242
1785289894.8241477,0.0,0.0,0.0006964160203933716
1785289894.8251877,0.0,0.0,0.0006764159798622132
1785289894.8262136,0.0,0.0,0.0006710399985313416
1785289894.8272762,0.0,0.0,0.0007080000042915344
1785289894.8283403,0.0,0.0,0.0006983039975166321
1785289894.8293953,0.0,0.0,0.0006897280216217041
1785289894.830431,0.0,0.0,0.0006753919720649719
1785289894.831617,0.0,0.0,0.000705024003982544
1785289894.8326728,0.0,0.0,0.0006932479739189148
1785289894.8337038,0.0,0.0,0.0006734719872474671
1785289894.8347416,0.0,0.0,0.0006804800033569336
1785289894.8363633,0.0,0.0,0.000709119975566864
1785289894.8374364,0.0,0.0,0.0006901440024375915
1785289894.8384955,0.0,0.0,0.0006948480010032654
1785289894.8395827,0.0,0.0,0.0007247679829597473
1785289894.840642,0.0,0.0,0.0006958079934120178
1785289894.8416865,0.0,0.0,0.0006813439726829529
1785289894.8427336,0.0,0.0,0.000685696005821228
1785289894.843807,0.0,0.0,0.0007152000069618225
1785289894.8448544,0.0,0.0,0.0006813759803771973
1785289894.8459008,0.0,0.0,0.0006880319714546204
1785289894.846952,0.0,0.0,0.0006947519779205323
1785289894.8480191,0.0,0.0,0.0006808639764785767
1785289894.8490655,0.0,0.0,0.0006875200271606446
1785289894.8500974,0.0,0.0,0.0006755840182304382
1785289894.8511593,0.0,0.0,0.0007029759883880615
1785289894.8522098,0.0,0.0,0.0006882879734039307
1785289894.8532503,0.0,0.0,0.0006835520267486572
1785289894.8542922,0.0,0.0,0.0006827200055122375
1785289894.8553565,0.0,0.0,0.0007022719979286194
1785289894.8564107,0.0,0.0,0.0006902400255203247
1785289894.8574727,0.0,0.0,0.000699999988079071
1785289894.858508,0.0,0.0,0.000678879976272583
1785289894.8595831,0.0,0.0,0.0007164480090141297
1785289894.8606267,0.0,0.0,0.0006824960112571716
1785289894.8616614,0.0,0.0,0.0006759999990463256
1785289894.8626945,0.0,0.0,0.000674015998840332
1785289894.8637664,0.0,0.0,0.0007120000123977661
1785289894.8648102,0.0,0.0,0.0006835839748382569
1785289894.8658547,0.0,0.0,0.0006838080286979676
1785289894.8669252,0.0,0.0,0.0007034239768981933
1785289894.8680053,0.0,0.0,0.0006904640197753906
1785289894.8690572,0.0,0.0,0.000685151994228363
1785289894.8701046,0.0,0.0,0.0006890559792518616
1785289894.871167,0.0,0.0,0.0007040960192680359
1785289894.8722117,0.0,0.0,0.0006810879707336426
1785289894.8732574,0.0,0.0,0.0006821119785308838
1785289894.8743095,0.0,0.0,0.0006923519968986511
1785289894.8753815,0.0,0.0,0.0007031040191650391
1785289894.876425,0.0,0.0,0.0006807360053062439
1785289894.8774629,0.0,0.0,0.0006776639819145203
1785289894.878502,0.0,0.0,0.0006840959787368775
1785289894.8795621,0.0,0.0,0.0007031040191650391
1785289894.8806067,0.0,0.0,0.0006793280243873596
1785289894.8816402,0.0,0.0,0.0006766080260276795
1785289894.882674,0.0,0.0,0.0006758080124855041
1785289894.8837383,0.0,0.0,0.000707040011882782
1785289894.8847888,0.0,0.0,0.0006871359944343567
1785289894.8859448,0.0,0.0,0.0007973759770393371
1785289894.8869855,0.0,0.0,0.000679647982120514
1785289894.8880343,0.0,0.0,0.0006698240041732788
1785289894.8890805,0.0,0.0,0.0006878399848937989
1785289894.890638,0.0,0.0,0.0006749759912490845
1785289894.8917446,0.0,0.0,0.0007301759719848633
1785289894.892791,0.0,0.0,0.0006804800033569336
1785289894.8938482,0.0,0.0,0.0006908800005912781
1785289894.8948867,0.0,0.0,0.0006829439997673034
1785289894.8959665,0.0,0.0,0.0006921600103378296
1785289894.897013,0.0,0.0,0.0006871359944343567
1785289894.8980613,0.0,0.0,0.0006903679966926574
1785289894.8991256,0.0,0.0,0.0006812480092048645
1785289894.9001722,0.0,0.0,0.0006847360134124756
1785289894.9012215,0.0,0.0,0.0006892160177230835
1785289894.9022691,0.0,0.0,0.0006924480199813843
1785289894.9033527,0.0,0.0,0.0007265599966049195
1785289894.9044025,0.0,0.0,0.0006830400228500366
1785289894.9054446,0.0,0.0,0.0006844159960746765
1785289894.9064925,0.0,0.0,0.0006855040192604065
1785289894.9075558,0.0,0.0,0.000705951988697052
1785289894.9086027,0.0,0.0,0.0006853759884834289
1785289894.9096336,0.0,0.0,0.0006740800142288208
1785289894.9106736,0.0,0.0,0.0006814720034599304
1785289894.9117389,0.0,0.0,0.0007072640061378479
1785289894.912784,0.0,0.0,0.00068367999792099
1785289894.9138217,0.0,0.0,0.0006817920207977295
1785289894.9148648,0.0,0.0,0.0006841599941253662
1785289894.9159198,0.0,0.0,0.0006740480065345764
1785289894.9169657,0.0,0.0,0.0006858559846878052
1785289894.918001,0.0,0.0,0.0006756799817085266
1785289894.919041,0.0,0.0,0.0006804800033569336
1785289894.920124,0.0,0.0,0.0006941440105438232
1785289894.9211752,0.0,0.0,0.0006885120272636414
1785289894.922214,0.0,0.0,0.0006818240284919739
1785289894.9232988,0.0,0.0,0.0007220159769058227
1785289894.9243517,0.0,0.0,0.0006858879923820495
1785289894.9253817,0.0,0.0,0.0006748160123825073
1785289894.9264286,0.0,0.0,0.000690783977508545
1785289894.9275162,0.0,0.0,0.0007246080040931702
1785289894.9285676,0.0,0.0,0.0006837120056152344
1785289894.929614,0.0,0.0,0.0006826239824295044
1785289894.9306643,0.0,0.0,0.0006904320120811462
1785289894.9317286,0.0,0.0,0.0007071679830551147
1785289894.9327683,0.0,0.0,0.0006800640225410462
1785289894.9338145,0.0,0.0,0.0006868799924850463
1785289894.9348655,0.0,0.0,0.0006884480118751526
1785289894.9359386,0.0,0.0,0.0006935679912567138
1785289894.9369886,0.0,0.0,0.0006929280161857605
1785289894.938024,0.0,0.0,0.0006768320202827454
1785289894.9390686,0.0,0.0,0.0006848959922790527
1785289894.9401445,0.0,0.0,0.0006866880059242248
1785289894.941318,0.0,0.0,0.000818015992641449
1785289894.942373,0.0,0.0,0.0006956160068511963
1785289894.9434435,0.0,0.0,0.0007099840044975281
1785289894.9445202,0.0,0.0,0.0007135999798774719
1785289894.9460957,0.0,0.0,0.0012155840396881105
1785289894.94718,0.0,0.0,0.0007181439995765686
1785289894.9482236,0.0,0.0,0.0006835520267486572
1785289894.949273,0.0,0.0,0.000692575991153717
1785289894.950322,0.0,0.0,0.0006884160041809082
1785289894.9513958,0.0,0.0,0.0007159039974212647
1785289894.9524372,0.0,0.0,0.0006810240149497986
1785289894.9534767,0.0,0.0,0.0006809599995613098
1785289894.9545152,0.0,0.0,0.000677951991558075
1785289894.955579,0.0,0.0,0.0007059839963912964
1785289894.9566307,0.0,0.0,0.0006861439943313598
1785289894.9576714,0.0,0.0,0.0006862080097198486
1785289894.9587219,0.0,0.0,0.0006931520104408264
1785289894.959824,0.0,0.0,0.000744383990764618
1785289894.9608727,0.0,0.0,0.0006859840154647827
1785289894.961916,0.0,0.0,0.0006841920018196106
1785289894.962957,0.0,0.0,0.0006852480173110962
1785289894.9640095,0.0,0.0,0.0006749119758605957
1785289894.9650705,0.0,0.0,0.0007031999826431274
1785289894.9661143,0.0,0.0,0.0006809279918670654
1785289894.9671733,0.0,0.0,0.0007022719979286194
1785289894.9682338,0.0,0.0,0.0006928319931030273
1785289894.9692814,0.0,0.0,0.0006858559846878052
1785289894.970313,0.0,0.0,0.0006743680238723755
1785289894.971379,0.0,0.0,0.0007084479928016663
1785289894.9724429,0.0,0.0,0.000707360029220581
1785289894.9734886,0.0,0.0,0.0006834239959716796
1785289894.9745147,0.0,0.0,0.0006674559712409973
1785289894.9755785,0.0,0.0,0.0007061439752578735
1785289894.976622,0.0,0.0,0.0006867520213127136
1785289894.9776714,0.0,0.0,0.0006855040192604065
1785289894.9787095,0.0,0.0,0.0006821439862251282
1785289894.9797711,0.0,0.0,0.0007039039731025696
1785289894.980829,0.0,0.0,0.0006920319795608521
1785289894.9818761,0.0,0.0,0.000684224009513855
1785289894.9829175,0.0,0.0,0.0006809279918670654
1785289894.983976,0.0,0.0,0.0006793599724769592
1785289894.9850125,0.0,0.0,0.0006779839992523193
1785289894.9860666,0.0,0.0,0.0006944000124931336
1785289894.9871416,0.0,0.0,0.0007137600183486939
1785289894.9882026,0.0,0.0,0.0006910719871520996
1785289894.989234,0.0,0.0,0.0006759679913520813
1785289894.9902747,0.0,0.0,0.0006849920153617859
1785289894.9913328,0.0,0.0,0.0007032319903373718
1785289894.9923897,0.0,0.0,0.0006976640224456787
1785289894.99344,0.0,0.0,0.0006899200081825256
1785289894.9944777,0.0,0.0,0.0006758080124855041
1785289894.995547,0.0,0.0,0.0007069119811058044
1785289894.9967253,0.0,0.0,0.0007034879922866821
1785289894.9977634,0.0,0.0,0.0006794880032539367
1785289894.9988039,0.0,0.0,0.0006840959787368775
1785289894.9998708,0.0,0.0,0.0006851840019226074
1785289895.0014224,0.0,0.0,0.0011847360134124756
1785289895.0024705,0.0,0.0,0.0006807039976119995
1785289895.003556,0.0,0.0,0.0007271040081977845
1785289895.004599,0.0,0.0,0.0006818240284919739
1785289895.0056453,0.0,0.0,0.0006886720061302185
1785289895.006683,0.0,0.0,0.0006780480146408081
1785289895.0077372,0.0,0.0,0.0006918399930000305
1785289895.0087786,0.0,0.0,0.0006864960193634033
1785289895.0098171,0.0,0.0,0.0006802880167961121
1785289895.0108502,0.0,0.0,0.000676576018333435
1785289895.0119145,0.0,0.0,0.0006783679723739624
1785289895.0129547,0.0,0.0,0.0006774719953536987
1785289895.0139966,0.0,0.0,0.0006847040057182312
1785289895.0150495,0.0,0.0,0.0006968640089035034
1785289895.0161211,0.0,0.0,0.0006853439807891846
1785289895.0171685,0.0,0.0,0.0006916159987449646
1785289895.0182185,0.0,0.0,0.0006861119866371155
1785289895.0192792,0.0,0.0,0.0007034559845924377
1785289895.0203357,0.0,0.0,0.0006918079853057861
1785289895.0213764,0.0,0.0,0.0006827520132064819
1785289895.0224164,0.0,0.0,0.0006792320013046264
1785289895.0234778,0.0,0.0,0.0007028800249099732
1785289895.024564,0.0,0.0,0.0007084479928016663
1785289895.0256212,0.0,0.0,0.0006860479712486267
1785289895.0266676,0.0,0.0,0.0006873599886894226
1785289895.0277412,0.0,0.0,0.0007111039757728576
1785289895.028793,0.0,0.0,0.0006934720277786255
1785289895.029923,0.0,0.0,0.00068995201587677
1785289895.030965,0.0,0.0,0.0006809279918670654
1785289895.032039,0.0,0.0,0.0006988160014152527
1785289895.0330734,0.0,0.0,0.0006722559928894043
1785289895.0341067,0.0,0.0,0.0006747840046882629
1785289895.035153,0.0,0.0,0.0006910079717636109
1785289895.036199,0.0,0.0,0.0006785600185394287
1785289895.0372279,0.0,0.0,0.0006758400201797485
1785289895.038265,0.0,0.0,0.0006800640225410462
1785289895.0393553,0.0,0.0,0.0007271360158920288
1785289895.0404644,0.0,0.0,0.0006914880275726319
1785289895.0415137,0.0,0.0,0.0006881279945373535
1785289895.0425677,0.0,0.0,0.0006927040219306946
1785289895.043646,0.0,0.0,0.0007192000150680543
1785289895.0446908,0.0,0.0,0.0006823359727859497
1785289895.045736,0.0,0.0,0.0006858559846878052
1785289895.0467873,0.0,0.0,0.0006892799735069275
1785289895.0478685,0.0,0.0,0.0007012479901313781
1785289895.0489147,0.0,0.0,0.0006857600212097168
1785289895.049959,0.0,0.0,0.0006820160150527954
1785289895.0510068,0.0,0.0,0.0006909760236740113
1785289895.052214,0.0,0.0,0.0006908479928970337
1785289895.053265,0.0,0.0,0.0006904640197753906
1785289895.0542965,0.0,0.0,0.0006763839721679688
1785289895.0553825,0.0,0.0,0.0007221760153770446
1785289895.0571501,0.0,0.0,0.0006974719762802125
1785289895.0582001,0.0,0.0,0.0006877120137214661
1785289895.059279,0.0,0.0,0.0007216640114784241
1785289895.0603383,0.0,0.0,0.0006898880004882812
1785289895.0613887,0.0,0.0,0.0006901440024375915
1785289895.062444,0.0,0.0,0.0006984959840774536
1785289895.0635126,0.0,0.0,0.0007072319984436035
1785289895.0645587,0.0,0.0,0.0006809279918670654
1785289895.06561,0.0,0.0,0.0006884480118751526
1785289895.0666683,0.0,0.0,0.0006971840262413025
1785289895.0677524,0.0,0.0,0.0007183679938316345
1785289895.0688033,0.0,0.0,0.0006901760101318359
1785289895.0698504,0.0,0.0,0.0006886720061302185
1785289895.070896,0.0,0.0,0.0006870080232620239
1785289895.0719683,0.0,0.0,0.0006931840181350708
1785289895.0730307,0.0,0.0,0.0006995199918746948
1785289895.074069,0.0,0.0,0.0006799359917640687
1785289895.0751388,0.0,0.0,0.000703328013420105
1785289895.0762088,0.0,0.0,0.0007031040191650391
1785289895.0772533,0.0,0.0,0.0006797119975090026
1785289895.0783007,0.0,0.0,0.000690496027469635
1785289895.0793693,0.0,0.0,0.0007073919773101806
1785289895.0804052,0.0,0.0,0.0006742720007896423
1785289895.081444,0.0,0.0,0.0006812160015106201
1785289895.082489,0.0,0.0,0.000686784029006958
1785289895.0835714,0.0,0.0,0.0007216960191726684
1785289895.08463,0.0,0.0,0.000696832001209259
1785289895.085669,0.0,0.0,0.0006723840236663818
1785289895.0867026,0.0,0.0,0.0006719040274620056
1785289895.0877707,0.0,0.0,0.0007130240201950074
1785289895.0888138,0.0,0.0,0.0006814720034599304
1785289895.089842,0.0,0.0,0.000672767996788025
1785289895.0908794,0.0,0.0,0.0006815360188484192
1785289895.0919447,0.0,0.0,0.0006912320256233216
1785289895.0929928,0.0,0.0,0.0006886720061302185
1785289895.0940232,0.0,0.0,0.0006749439835548401
1785289895.0950644,0.0,0.0,0.0006822720170021057
1785289895.0961485,0.0,0.0,0.0006945919990539551
1785289895.0971828,0.0,0.0,0.0006775360107421875
1785289895.0982366,0.0,0.0,0.0006891199946403503
1785289895.0993135,0.0,0.0,0.0007152959704399108
1785289895.1003647,0.0,0.0,0.0006883839964866638
1785289895.1014194,0.0,0.0,0.0006946560144424439
1785289895.1024678,0.0,0.0,0.00068886399269104
1785289895.1035273,0.0,0.0,0.000705951988697052
1785289895.1045814,0.0,0.0,0.0006920319795608521
1785289895.1056259,0.0,0.0,0.0006917120218276978
1785289895.1068099,0.0,0.0,0.0008330240249633789
1785289895.1078923,0.0,0.0,0.0006917120218276978
1785289895.1089427,0.0,0.0,0.0006895679831504822
1785289895.1099918,0.0,0.0,0.0006872640252113343
1785289895.1116104,0.0,0.0,0.0012571200132369994
1785289895.1126812,0.0,0.0,0.0006995199918746948
1785289895.1137438,0.0,0.0,0.0007053120136260987
1785289895.1147902,0.0,0.0,0.0006913279891014099
1785289895.1158593,0.0,0.0,0.0006873279809951783
1785289895.1169004,0.0,0.0,0.0006821439862251282
1785289895.1179411,0.0,0.0,0.0006806079745292664
1785289895.1189747,0.0,0.0,0.0006758080124855041
1785289895.1200428,0.0,0.0,0.0006865599751472473
1785289895.1210756,0.0,0.0,0.0006750400066375732
1785289895.1221135,0.0,0.0,0.0006775680184364319
1785289895.1231823,0.0,0.0,0.0007093759775161743
1785289895.1242487,0.0,0.0,0.0006956480145454407
1785289895.1253035,0.0,0.0,0.0006906239986419677
1785289895.1263492,0.0,0.0,0.0006880000233650208
1785289895.1274207,0.0,0.0,0.0007122560143470765
1785289895.128472,0.0,0.0,0.0006857600212097168
1785289895.1295214,0.0,0.0,0.0006848639845848084
1785289895.1305604,0.0,0.0,0.0006785600185394287
1785289895.1316364,0.0,0.0,0.0007185279726982116
1785289895.1326797,0.0,0.0,0.0006833279728889466
1785289895.133723,0.0,0.0,0.0006848639845848084
1785289895.1347663,0.0,0.0,0.0006877440214157105
1785289895.1358378,0.0,0.0,0.0006895040273666382
1785289895.1368833,0.0,0.0,0.0006827840209007263
1785289895.1379344,0.0,0.0,0.0006916159987449646
1785289895.1389718,0.0,0.0,0.0006822720170021057
1785289895.1400416,0.0,0.0,0.0006860479712486267
1785289895.1410947,0.0,0.0,0.0006983039975166321
1785289895.1421359,0.0,0.0,0.0006839359998703003
1785289895.1432028,0.0,0.0,0.0007112640142440796
1785289895.1442409,0.0,0.0,0.0006792960166931152
1785289895.1452885,0.0,0.0,0.0006847040057182312
1785289895.1463137,0.0,0.0,0.0006671680212020874
1785289895.1473851,0.0,0.0,0.000715391993522644
1785289895.1484387,0.0,0.0,0.0006918399930000305
1785289895.1494815,0.0,0.0,0.0006817920207977295
1785289895.1505244,0.0,0.0,0.0006818240284919739
1785289895.1515863,0.0,0.0,0.0007064319849014282
1785289895.152618,0.0,0.0,0.0006703680157661438
1785289895.1536543,0.0,0.0,0.0006790400147438049
1785289895.1547048,0.0,0.0,0.0006913279891014099
1785289895.155783,0.0,0.0,0.0007165120244026184
1785289895.1568198,0.0,0.0,0.0006767359972000122
1785289895.1578622,0.0,0.0,0.0006812800168991089
1785289895.1588926,0.0,0.0,0.0006812160015106201
1785289895.15995,0.0,0.0,0.0006755200028419494
1785289895.1609929,0.0,0.0,0.0006847360134124756
1785289895.1621656,0.0,0.0,0.0008194559812545777
1785289895.1632416,0.0,0.0,0.0007116479873657226
1785289895.164285,0.0,0.0,0.0006773120164871216
1785289895.165317,0.0,0.0,0.0006672959923744202
1785289895.1669014,0.0,0.0,0.00122816002368927
1785289895.1679757,0.0,0.0,0.0006770560145378113
1785289895.1690428,0.0,0.0,0.0007013760209083558
1785289895.1700935,0.0,0.0,0.0006869440078735351
1785289895.171163,0.0,0.0,0.0007059199810028076
1785289895.1722088,0.0,0.0,0.0006868799924850463
1785289895.1732519,0.0,0.0,0.0006857920289039612
1785289895.1742887,0.0,0.0,0.0006762239933013917
1785289895.1753428,0.0,0.0,0.0006991040110588074
1785289895.1763809,0.0,0.0,0.0006783999800682068
1785289895.1774151,0.0,0.0,0.0006785920262336731
1785289895.1784616,0.0,0.0,0.000687071979045868
1785289895.1795373,0.0,0.0,0.0007100160121917725
1785289895.1805677,0.0,0.0,0.0006759359836578369
1785289895.1816075,0.0,0.0,0.0006790400147438049
1785289895.18265,0.0,0.0,0.0006826559901237487
1785289895.1837296,0.0,0.0,0.0007185919880867004
1785289895.1847742,0.0,0.0,0.0006782400012016296
1785289895.1858158,0.0,0.0,0.0006850879788398743
1785289895.1868727,0.0,0.0,0.0006929919719696045
1785289895.1879227,0.0,0.0,0.0006737920045852661
1785289895.1889622,0.0,0.0,0.0006855360269546509
1785289895.1899989,0.0,0.0,0.00068259197473526
1785289895.1910377,0.0,0.0,0.0006827200055122375
1785289895.192119,0.0,0.0,0.0006963199973106384
1785289895.1931722,0.0,0.0,0.0006861439943313598
1785289895.194216,0.0,0.0,0.0006807680130004883
1785289895.1952748,0.0,0.0,0.000697983980178833
1785289895.196328,0.0,0.0,0.0006919680237770081
1785289895.1973796,0.0,0.0,0.0006818240284919739
1785289895.19842,0.0,0.0,0.0006794559955596923
1785289895.1994874,0.0,0.0,0.0007096959948539734
1785289895.2005315,0.0,0.0,0.0006816959977149963
1785289895.2015548,0.0,0.0,0.0006688320040702819
1785289895.2026045,0.0,0.0,0.000685696005821228
1785289895.203662,0.0,0.0,0.0006970239877700805
1785289895.2047102,0.0,0.0,0.0006848639845848084
1785289895.2057579,0.0,0.0,0.0006850559711456299
1785289895.2067974,0.0,0.0,0.0006776639819145203
1785289895.2078533,0.0,0.0,0.0006785280108451843
1785289895.208895,0.0,0.0,0.0006860479712486267
1785289895.2099264,0.0,0.0,0.0006752319931983948
1785289895.2109797,0.0,0.0,0.000695360004901886
1785289895.2120402,0.0,0.0,0.000679647982120514
1785289895.2130651,0.0,0.0,0.0006696000099182129
1785289895.2141104,0.0,0.0,0.0006820799708366394
1785289895.2151675,0.0,0.0,0.0006962239742279053
1785289895.2161987,0.0,0.0,0.0006736639738082886
1785289895.2173715,0.0,0.0,0.0006869760155677795
1785289895.2184184,0.0,0.0,0.0006797119975090026
1785289895.219473,0.0,0.0,0.000700160026550293
1785289895.2205215,0.0,0.0,0.0006823359727859497
1785289895.222148,0.0,0.0,0.0012596800327301025
1785289895.223236,0.0,0.0,0.0007122240066528321
1785289895.2242882,0.0,0.0,0.0006842880249023438
1785289895.225343,0.0,0.0,0.00069404798746109
1785289895.2263913,0.0,0.0,0.0006850879788398743
1785289895.2274537,0.0,0.0,0.0007026879787445068
1785289895.2284992,0.0,0.0,0.0006843199729919434
1785289895.229538,0.0,0.0,0.0006813120245933533
1785289895.2305827,0.0,0.0,0.000679744005203247
1785289895.2316554,0.0,0.0,0.0007112640142440796
1785289895.2327163,0.0,0.0,0.0006953279972076416
1785289895.2337747,0.0,0.0,0.0007000640034675598
1785289895.2348192,0.0,0.0,0.000690015971660614
1785289895.2358832,0.0,0.0,0.0006822400093078613
1785289895.2369313,0.0,0.0,0.00068476802110672
1785289895.237981,0.0,0.0,0.000686847984790802
1785289895.2390168,0.0,0.0,0.0006758720278739929
1785289895.2400894,0.0,0.0,0.0006878399848937989
1785289895.2411306,0.0,0.0,0.0006800640225410462
1785289895.2421725,0.0,0.0,0.0006836479902267456
1785289895.2432244,0.0,0.0,0.0006949440240859986
1785289895.2442598,0.0,0.0,0.000676576018333435
1785289895.2452848,0.0,0.0,0.0006682559847831726
1785289895.2463179,0.0,0.0,0.0006716799736022949
1785289895.2473943,0.0,0.0,0.0007146880030632019
1785289895.248446,0.0,0.0,0.0006856639981269836
1785289895.2494802,0.0,0.0,0.0006769279837608338
1785289895.250524,0.0,0.0,0.0006823999881744385
1785289895.2515783,0.0,0.0,0.0006928960084915161
1785289895.2526262,0.0,0.0,0.0006892480254173279
1785289895.2536633,0.0,0.0,0.0006762560009956359
1785289895.2546954,0.0,0.0,0.0006769279837608338
1785289895.2557647,0.0,0.0,0.0007042880058288574
1785289895.2568085,0.0,0.0,0.0006789759993553161
1785289895.2578375,0.0,0.0,0.0006773759722709656
1785289895.258882,0.0,0.0,0.0006878399848937989
1785289895.259949,0.0,0.0,0.0006853759884834289
1785289895.2609904,0.0,0.0,0.0006809279918670654
1785289895.262038,0.0,0.0,0.0006844159960746765
1785289895.2630868,0.0,0.0,0.0006878719925880432
1785289895.2641642,0.0,0.0,0.0006922240257263184
1785289895.265214,0.0,0.0,0.0006859840154647827
1785289895.2662745,0.0,0.0,0.0007067520022392273
1785289895.267348,0.0,0.0,0.0007115839719772338
1785289895.2683935,0.0,0.0,0.0006860479712486267
1785289895.2694292,0.0,0.0,0.0006779199838638306
1785289895.2704732,0.0,0.0,0.0006853439807891846
1785289895.271665,0.0,0.0,0.0007139520049095154
1785289895.2727273,0.0,0.0,0.0006901760101318359
1785289895.273781,0.0,0.0,0.0006912000179290772
1785289895.2748368,0.0,0.0,0.0006929600238800049
1785289895.2759109,0.0,0.0,0.0006934720277786255
1785289895.2774563,0.0,0.0,0.0006913920044898987
1785289895.2785146,0.0,0.0,0.0006930239796638489
1785289895.279607,0.0,0.0,0.0007272319793701172
1785289895.280653,0.0,0.0,0.0006859200000762939
1785289895.2816982,0.0,0.0,0.0006893759965896606
1785289895.2827451,0.0,0.0,0.0006866880059242248
1785289895.283829,0.0,0.0,0.000726207971572876
1785289895.2848687,0.0,0.0,0.0006765120029449463
1785289895.285913,0.0,0.0,0.0006889280080795288
1785289895.2869604,0.0,0.0,0.0006866559982299804
1785289895.288041,0.0,0.0,0.0006921280026435852
1785289895.2890823,0.0,0.0,0.000678879976272583
1785289895.2901342,0.0,0.0,0.0006915519833564758
1785289895.2912033,0.0,0.0,0.0007071999907493591
1785289895.2922575,0.0,0.0,0.0006893759965896606
1785289895.2932825,0.0,0.0,0.0006684799790382385
1785289895.2943254,0.0,0.0,0.0006830080151557922
1785289895.295399,0.0,0.0,0.000711072027683258
1785289895.2964597,0.0,0.0,0.0006947519779205323
1785289895.2974951,0.0,0.0,0.0006717119812965393
1785289895.2985382,0.0,0.0,0.0006875519752502442
1785289895.2996137,0.0,0.0,0.0007164160013198853
1785289895.3006654,0.0,0.0,0.0006854400038719177
1785289895.3017118,0.0,0.0,0.0006876159906387329
1785289895.3027413,0.0,0.0,0.0006735360026359558
1785289895.3038085,0.0,0.0,0.0007093120217323304
1785289895.3048413,0.0,0.0,0.000674560010433197
1785289895.3058746,0.0,0.0,0.0006768959760665894
1785289895.3069122,0.0,0.0,0.0006764159798622132
1785289895.3079798,0.0,0.0,0.0006846719980239868
1785289895.3090427,0.0,0.0,0.0006992959976196289
1785289895.3100717,0.0,0.0,0.0006708800196647644
1785289895.3111258,0.0,0.0,0.0006783360242843628
1785289895.312195,0.0,0.0,0.0006961600184440613
1785289895.3132489,0.0,0.0,0.0006780480146408081
1785289895.3143015,0.0,0.0,0.0006898880004882812
1785289895.3153737,0.0,0.0,0.0007110400199890137
1785289895.3164227,0.0,0.0,0.0006844480037689209
1785289895.3174717,0.0,0.0,0.0006882560253143311
1785289895.3185158,0.0,0.0,0.0006814079880714417
1785289895.3196023,0.0,0.0,0.0007216960191726684
1785289895.3206418,0.0,0.0,0.0006772159934043885
1785289895.3216658,0.0,0.0,0.0006680319905281067
1785289895.3227043,0.0,0.0,0.0006807039976119995
1785289895.3237612,0.0,0.0,0.0007002559900283813
1785289895.3248103,0.0,0.0,0.0006767359972000122
1785289895.3258505,0.0,0.0,0.0006772480010986328
1785289895.3270223,0.0,0.0,0.0008106880187988281
1785289895.3281014,0.0,0.0,0.0006898559927940368
1785289895.3291416,0.0,0.0,0.0006788480281829834
1785289895.3301773,0.0,0.0,0.0006757760047912597
1785289895.3317606,0.0,0.0,0.0012243200540542603
1785289895.332827,0.0,0.0,0.0006912959814071656
1785289895.333865,0.0,0.0,0.0006822720170021057
1785289895.334915,0.0,0.0,0.0006883199810981751
1785289895.335994,0.0,0.0,0.0006978880167007447
1785289895.3370621,0.0,0.0,0.0007044159770011901
1785289895.3380997,0.0,0.0,0.0006795520186424255
1785289895.3391612,0.0,0.0,0.0007043200135231018
1785289895.3402033,0.0,0.0,0.0006817920207977295
1785289895.3412404,0.0,0.0,0.0006818559765815735
1785289895.3422923,0.0,0.0,0.0006878719925880432
1785289895.343368,0.0,0.0,0.000722271978855133
1785289895.344407,0.0,0.0,0.0006800000071525573
1785289895.345439,0.0,0.0,0.0006747199892997742
1785289895.346504,0.0,0.0,0.0007008640170097351
1785289895.3475828,0.0,0.0,0.0007200639843940735
1785289895.3486233,0.0,0.0,0.0006781439781188965
1785289895.349663,0.0,0.0,0.0006839359998703003
1785289895.3507106,0.0,0.0,0.0006914560198783875
1785289895.3517673,0.0,0.0,0.0006970559954643249
1785289895.3528163,0.0,0.0,0.000679423987865448
1785289895.3538718,0.0,0.0,0.0006987199783325195
1785289895.354908,0.0,0.0,0.0006779839992523193
1785289895.3559785,0.0,0.0,0.0006853759884834289
1785289895.3570366,0.0,0.0,0.0006925439834594726
1785289895.3580875,0.0,0.0,0.0006932479739189148
1785289895.3591716,0.0,0.0,0.0007194880247116089
1785289895.3602304,0.0,0.0,0.0006919680237770081
1785289895.3612893,0.0,0.0,0.0006972159743309021
1785289895.3623362,0.0,0.0,0.0006881920099258423
1785289895.3634017,0.0,0.0,0.0007097280025482178
1785289895.3644738,0.0,0.0,0.0007086719870567322
1785289895.3655055,0.0,0.0,0.0006750079989433288
1785289895.3665369,0.0,0.0,0.0006756799817085266
1785289895.3675878,0.0,0.0,0.0006930239796638489
1785289895.3686395,0.0,0.0,0.000686623990535736
1785289895.3696866,0.0,0.0,0.0006820799708366394
1785289895.3707287,0.0,0.0,0.0006830080151557922
1785289895.3717895,0.0,0.0,0.0007080320119857788
1785289895.3728266,0.0,0.0,0.0006816319823265076
1785289895.373864,0.0,0.0,0.0006843839883804322
1785289895.374895,0.0,0.0,0.0006761919856071473
1785289895.3759577,0.0,0.0,0.0006848000288009644
1785289895.3769991,0.0,0.0,0.0006810240149497986
1785289895.3780532,0.0,0.0,0.0006924480199813843
1785289895.3791165,0.0,0.0,0.0006832960247993469
1785289895.3801682,0.0,0.0,0.000688543975353241
1785289895.3812027,0.0,0.0,0.00067603200674057
1785289895.3823712,0.0,0.0,0.0008133119940757752
1785289895.3834436,0.0,0.0,0.0007134400010108948
1785289895.3844736,0.0,0.0,0.000672864019870758
1785289895.3854995,0.0,0.0,0.0006678720116615295
1785289895.3871858,0.0,0.0,0.0013259520530700683
1785289895.3882656,0.0,0.0,0.0007034239768981933
1785289895.389311,0.0,0.0,0.0006836479902267456
1785289895.3903542,0.0,0.0,0.0006822080016136169
1785289895.3914535,0.0,0.0,0.0007329919934272766
1785289895.3925192,0.0,0.0,0.0006990399956703186
1785289895.3935623,0.0,0.0,0.0006857920289039612
1785289895.3946164,0.0,0.0,0.0006922879815101624
1785289895.395682,0.0,0.0,0.0007101439833641052
1785289895.3967333,0.0,0.0,0.0006884480118751526
1785289895.397772,0.0,0.0,0.000679647982120514
1785289895.3988104,0.0,0.0,0.000682528018951416
1785289895.399872,0.0,0.0,0.0006832960247993469
1785289895.4009163,0.0,0.0,0.0006835520267486572
1785289895.401947,0.0,0.0,0.0006762239933013917
1785289895.4029794,0.0,0.0,0.000675104022026062
1785289895.4040592,0.0,0.0,0.0006972799897193908
1785289895.4051042,0.0,0.0,0.0006891199946403503
1785289895.4061594,0.0,0.0,0.000695360004901886
1785289895.4072273,0.0,0.0,0.0007024000287055969
1785289895.4082675,0.0,0.0,0.0006764159798622132
1785289895.4093006,0.0,0.0,0.0006751999855041504
1785289895.4103327,0.0,0.0,0.0006786879897117615
1785289895.4113808,0.0,0.0,0.0006928319931030273
1785289895.412415,0.0,0.0,0.0006721600294113159
1785289895.4134467,0.0,0.0,0.000675167977809906
1785289895.4144912,0.0,0.0,0.0006854079961776733
1785289895.415565,0.0,0.0,0.0007106879949569702
1785289895.4166224,0.0,0.0,0.0006914240121841431
1785289895.4176638,0.0,0.0,0.0006809599995613098
1785289895.418709,0.0,0.0,0.0006839039921760559
1785289895.419781,0.0,0.0,0.0007088639736175537
1785289895.4208376,0.0,0.0,0.000690720021724701
1785289895.4218676,0.0,0.0,0.0006718080043792724
1785289895.422909,0.0,0.0,0.0006863359808921814
1785289895.4239895,0.0,0.0,0.0006897280216217041
1785289895.4250295,0.0,0.0,0.0006798400282859802
1785289895.4260557,0.0,0.0,0.0006688320040702819
1785289895.4270837,0.0,0.0,0.0006716480255126953
1785289895.4281597,0.0,0.0,0.0006969919800758361
1785289895.4292078,0.0,0.0,0.0006919360160827637
1785289895.430247,0.0,0.0,0.0006783360242843628
1785289895.4313302,0.0,0.0,0.0007213119864463806
1785289895.4323792,0.0,0.0,0.0006871359944343567
1785289895.4334078,0.0,0.0,0.0006770560145378113
1785289895.4344642,0.0,0.0,0.0006984320282936097
1785289895.4355376,0.0,0.0,0.0007112960219383239
1785289895.4366055,0.0,0.0,0.0007041599750518798
1785289895.4377759,0.0,0.0,0.0006835520267486572
1785289895.4388213,0.0,0.0,0.0006827200055122375
1785289895.4398975,0.0,0.0,0.0006938239932060241
1785289895.4409356,0.0,0.0,0.0006770240068435669
1785289895.4425626,0.0,0.0,0.0006935039758682251
1785289895.4436593,0.0,0.0,0.0007175359725952148
1785289895.4447174,0.0,0.0,0.0006930559873580932
1785289895.4457853,0.0,0.0,0.0007083520293235778
1785289895.4468231,0.0,0.0,0.0006803839802742005
1785289895.447887,0.0,0.0,0.0006793280243873596
1785289895.4489353,0.0,0.0,0.0006831039786338806
