time,in_time,out_time,inference_time
1785289970.666398,0.0,0.0,0.0005713599920272827
1785289970.6675544,0.0,0.0,0.0006251519918441772
1785289970.6686654,0.0,0.0,0.0005788800120353699
1785289970.6697779,0.0,0.0,0.0005847679972648621
1785289970.6708996,0.0,0.0,0.0005890880227088928
1785289970.672036,0.0,0.0,0.0006106560230255127
1785289970.6731489,0.0,0.0,0.0005806080102920533
1785289970.674241,0.0,0.0,0.0005501440167427063
1785289970.6753564,0.0,0.0,0.0005880320072174073
1785289970.6764598,0.0,0.0,0.0005695359706878662
1785289970.6775527,0.0,0.0,0.000565887987613678
1785289970.6786566,0.0,0.0,0.0005718719959259033
1785289970.6799035,0.0,0.0,0.0007188159823417663
1785289970.6810248,0.0,0.0,0.0005837759971618653
1785289970.6821198,0.0,0.0,0.000551360011100769
1785289970.6832466,0.0,0.0,0.0005987520217895508
1785289970.6843512,0.0,0.0,0.0005897600054740906
1785289970.6854348,0.0,0.0,0.0005522239804267884
1785289970.686529,0.0,0.0,0.0005499200224876404
1785289970.6876395,0.0,0.0,0.000578495979309082
1785289970.6887245,0.0,0.0,0.0005499839782714844
1785289970.6898026,0.0,0.0,0.0005354880094528198
1785289970.6908944,0.0,0.0,0.0005471680164337158
1785289970.6920047,0.0,0.0,0.0005771840214729309
1785289970.6930964,0.0,0.0,0.0005579839944839477
1785289970.6942,0.0,0.0,0.000561951994895935
1785289970.6953177,0.0,0.0,0.0005831360220909118
1785289970.696421,0.0,0.0,0.0005653759837150573
1785289970.6975033,0.0,0.0,0.0005559359788894654
1785289970.6985877,0.0,0.0,0.0005550079941749573
1785289970.6997082,0.0,0.0,0.0005857920050621033
1785289970.7007911,0.0,0.0,0.0005562559962272644
1785289970.7018793,0.0,0.0,0.0005587520003318787
1785289970.7029598,0.0,0.0,0.0005452799797058106
1785289970.704108,0.0,0.0,0.0006008639931678772
1785289970.7051926,0.0,0.0,0.0005555199980735779
1785289970.7062702,0.0,0.0,0.000535968005657196
1785289970.7073984,0.0,0.0,0.0005843200087547303
1785289970.708493,0.0,0.0,0.0005654399991035461
1785289970.7095914,0.0,0.0,0.0005739840269088745
1785289970.7106707,0.0,0.0,0.0005536320209503174
1785289970.7118049,0.0,0.0,0.000592415988445282
1785289970.712885,0.0,0.0,0.0005439040064811706
1785289970.7139568,0.0,0.0,0.0005309119820594788
1785289970.7150562,0.0,0.0,0.0005555199980735779
1785289970.7161975,0.0,0.0,0.0004913600087165833
1785289970.7174184,0.0,0.0,0.0006092479825019837
1785289970.7185102,0.0,0.0,0.0005649279952049255
1785289970.7196217,0.0,0.0,0.000570688009262085
1785289970.7206893,0.0,0.0,0.0005346879959106445
1785289970.7226796,0.0,0.0,0.0005486720204353333
1785289970.7238111,0.0,0.0,0.0005999040007591247
1785289970.7249,0.0,0.0,0.0005609599947929382
1785289970.7259784,0.0,0.0,0.0005474240183830261
1785289970.7270622,0.0,0.0,0.0005392959713935852
1785289970.728174,0.0,0.0,0.0005735039710998535
1785289970.7292676,0.0,0.0,0.0005611839890480041
1785289970.7303617,0.0,0.0,0.0005525760054588318
1785289970.7314656,0.0,0.0,0.0005701760053634644
1785289970.7325723,0.0,0.0,0.0005671359896659851
1785289970.733657,0.0,0.0,0.0005547839999198913
1785289970.73474,0.0,0.0,0.0005411520004272461
1785289970.7358372,0.0,0.0,0.0005724480152130127
1785289970.7369342,0.0,0.0,0.0005528640151023865
1785289970.738046,0.0,0.0,0.0005881279706954956
1785289970.7391415,0.0,0.0,0.0005628160238265992
1785289970.740234,0.0,0.0,0.0005726720094680786
1785289970.7413313,0.0,0.0,0.0005686720013618469
1785289970.7424014,0.0,0.0,0.0005388799905776978
1785289970.743509,0.0,0.0,0.0005736640095710755
1785289970.744604,0.0,0.0,0.0005639680027961731
1785289970.7456906,0.0,0.0,0.0005525439977645874
1785289970.7467859,0.0,0.0,0.0005642240047454834
1785289970.7479014,0.0,0.0,0.0005738880038261414
1785289970.7489944,0.0,0.0,0.000546176016330719
1785289970.7500718,0.0,0.0,0.0005488960146903992
1785289970.7512062,0.0,0.0,0.0006007360219955444
1785289970.7523174,0.0,0.0,0.0005925760269165039
1785289970.7534156,0.0,0.0,0.000576192021369934
1785289970.7544947,0.0,0.0,0.0005338240265846253
1785289970.755609,0.0,0.0,0.0005804479718208313
1785289970.7566824,0.0,0.0,0.0005439040064811706
1785289970.7577653,0.0,0.0,0.0005414720177650452
1785289970.7588422,0.0,0.0,0.0005309119820594788
1785289970.7599602,0.0,0.0,0.0005788800120353699
1785289970.7610426,0.0,0.0,0.0005514879822731019
1785289970.762121,0.0,0.0,0.0005369920134544372
1785289970.7632153,0.0,0.0,0.0005648319721221924
1785289970.7643065,0.0,0.0,0.0005742400288581848
1785289970.76538,0.0,0.0,0.0005448639988899231
1785289970.7664516,0.0,0.0,0.0005343679785728455
1785289970.7675674,0.0,0.0,0.0005712640285491943
1785289970.7686512,0.0,0.0,0.0005494080185890198
1785289970.7697368,0.0,0.0,0.0005551999807357788
1785289970.770807,0.0,0.0,0.0005292159914970398
1785289970.7720299,0.0,0.0,0.0008377919793128967
1785289970.7731292,0.0,0.0,0.0006119679808616639
1785289970.7742078,0.0,0.0,0.0005337920188903809
1785289970.7753408,0.0,0.0,0.0005730559825897217
1785289970.7773702,0.0,0.0,0.0014608639478683471
1785289970.7784796,0.0,0.0,0.0005657600164413453
1785289970.7795997,0.0,0.0,0.0005855039954185486
1785289970.7806947,0.0,0.0,0.0005646399855613708
1785289970.7817726,0.0,0.0,0.0005443840026855469
1785289970.7828696,0.0,0.0,0.0005576320290565491
1785289970.7839766,0.0,0.0,0.0005802879929542542
1785289970.7850626,0.0,0.0,0.000541599988937378
1785289970.7861414,0.0,0.0,0.0005513920187950134
1785289970.7872393,0.0,0.0,0.0005645440220832825
1785289970.7883246,0.0,0.0,0.0005725119709968566
1785289970.7894132,0.0,0.0,0.0005537599921226501
1785289970.7904987,0.0,0.0,0.0005579199790954589
1785289970.7916162,0.0,0.0,0.0005750079751014709
1785289970.7926958,0.0,0.0,0.0005383679866790772
1785289970.7937875,0.0,0.0,0.0005615360140800476
1785289970.7948625,0.0,0.0,0.000533407986164093
1785289970.7959676,0.0,0.0,0.0005759999752044677
1785289970.7970672,0.0,0.0,0.0005654399991035461
1785289970.7981572,0.0,0.0,0.0005421440005302429
1785289970.7992835,0.0,0.0,0.0005995519757270813
1785289970.800382,0.0,0.0,0.0005244160294532776
1785289970.8014617,0.0,0.0,0.000533407986164093
1785289970.802543,0.0,0.0,0.0005339840054512024
1785289970.8036613,0.0,0.0,0.0005752639770507812
1785289970.804749,0.0,0.0,0.0005586879849433899
1785289970.8058233,0.0,0.0,0.0005424960255622864
1785289970.8069158,0.0,0.0,0.0005601599812507629
1785289970.8080173,0.0,0.0,0.0005623040199279786
1785289970.8091094,0.0,0.0,0.0005493760108947754
1785289970.8102098,0.0,0.0,0.0005683839917182922
1785289970.8113363,0.0,0.0,0.0005896639823913574
1785289970.8124313,0.0,0.0,0.0005716800093650818
1785289970.8135154,0.0,0.0,0.0005397120118141174
1785289970.8146083,0.0,0.0,0.0005592319965362549
1785289970.815729,0.0,0.0,0.0005816959738731384
1785289970.8168254,0.0,0.0,0.0005543360114097595
1785289970.817896,0.0,0.0,0.0005392320156097412
1785289970.818966,0.0,0.0,0.0005398079752922058
1785289970.820097,0.0,0.0,0.0005854719877243042
1785289970.8211687,0.0,0.0,0.0005500479936599731
1785289970.8222554,0.0,0.0,0.0005442559719085694
1785289970.8233876,0.0,0.0,0.0005926399827003479
1785289970.82447,0.0,0.0,0.0005536959767341614
1785289970.8255544,0.0,0.0,0.0005547199845314025
1785289970.8266406,0.0,0.0,0.0005638399720191956
1785289970.8278675,0.0,0.0,0.0007006719708442688
1785289970.8289578,0.0,0.0,0.000551584005355835
1785289970.8300357,0.0,0.0,0.0005328320264816284
1785289970.8311188,0.0,0.0,0.0005221440196037292
1785289970.8330162,0.0,0.0,0.0013746559619903565
1785289970.8341272,0.0,0.0,0.0005809599757194519
1785289970.8352318,0.0,0.0,0.000561855971813202
1785289970.8363066,0.0,0.0,0.0005563200116157532
1785289970.837403,0.0,0.0,0.0005534719824790954
1785289970.8384752,0.0,0.0,0.0005435519814491272
1785289970.839589,0.0,0.0,0.0005701119899749756
1785289970.8406947,0.0,0.0,0.0005729600191116334
1785289970.8417764,0.0,0.0,0.0005525760054588318
1785289970.8428524,0.0,0.0,0.0005412480235099793
1785289970.8439496,0.0,0.0,0.0005653759837150573
1785289970.8450217,0.0,0.0,0.0005303360223770142
1785289970.8461008,0.0,0.0,0.000537056028842926
1785289970.847212,0.0,0.0,0.0005571839809417724
1785289970.8483047,0.0,0.0,0.0005802879929542542
1785289970.8493912,0.0,0.0,0.0005441280007362365
1785289970.8504581,0.0,0.0,0.0005294399857521057
1785289970.8515682,0.0,0.0,0.0005700799822807312
1785289970.8526535,0.0,0.0,0.0005439040064811706
1785289970.8537333,0.0,0.0,0.0005359039902687073
1785289970.8548152,0.0,0.0,0.0005519999861717224
1785289970.8559272,0.0,0.0,0.0005891839861869812
1785289970.8569992,0.0,0.0,0.0005295680165290832
1785289970.858081,0.0,0.0,0.0005379520058631897
1785289970.859166,0.0,0.0,0.0005564799904823303
1785289970.8602495,0.0,0.0,0.0005587199926376343
1785289970.8613205,0.0,0.0,0.0005311359763145447
1785289970.8623939,0.0,0.0,0.0005393919944763183
1785289970.8634913,0.0,0.0,0.0005604159832000732
1785289970.8645833,0.0,0.0,0.000557695984840393
1785289970.8656557,0.0,0.0,0.0005308480262756348
1785289970.8667417,0.0,0.0,0.0005415040254592896
1785289970.8678575,0.0,0.0,0.0005788800120353699
1785289970.8689501,0.0,0.0,0.0005570880174636841
1785289970.8700397,0.0,0.0,0.0005455999970436096
1785289970.871133,0.0,0.0,0.0005603520274162293
1785289970.8722258,0.0,0.0,0.0005754879713058471
1785289970.8733094,0.0,0.0,0.0005555840134620667
1785289970.8743997,0.0,0.0,0.0005481920242309571
1785289970.8755107,0.0,0.0,0.0005791040062904358
1785289970.8765783,0.0,0.0,0.0005335680246353149
1785289970.8776674,0.0,0.0,0.0005497279763221741
1785289970.8787458,0.0,0.0,0.0005516160130500794
1785289970.879872,0.0,0.0,0.0005838720202445984
1785289970.8809423,0.0,0.0,0.0005393279790878296
1785289970.8820431,0.0,0.0,0.0005544959902763366
1785289970.8832924,0.0,0.0,0.0006383680105209351
1785289970.8843815,0.0,0.0,0.0005569279789924621
1785289970.8854675,0.0,0.0,0.0005412799715995789
1785289970.8865626,0.0,0.0,0.0005661439895629883
1785289970.8882356,0.0,0.0,0.0004809919893741608
1785289970.8893406,0.0,0.0,0.0005693439841270447
1785289970.8904195,0.0,0.0,0.0005452160239219666
1785289970.8915524,0.0,0.0,0.0005898879766464233
1785289970.8926353,0.0,0.0,0.0005499200224876404
1785289970.8937101,0.0,0.0,0.0005345919728279114
1785289970.8948002,0.0,0.0,0.0005477759838104249
1785289970.8959196,0.0,0.0,0.0005824319720268249
1785289970.8969975,0.0,0.0,0.0005441600084304809
1785289970.8980768,0.0,0.0,0.0005462080240249634
1785289970.8991864,0.0,0.0,0.0005686720013618469
1785289970.9002905,0.0,0.0,0.0005922560095787048
1785289970.9013593,0.0,0.0,0.0005381760001182556
1785289970.902444,0.0,0.0,0.000552511990070343
1785289970.903559,0.0,0.0,0.0005765119791030884
1785289970.904657,0.0,0.0,0.0005754240155220032
1785289970.9057405,0.0,0.0,0.000546176016330719
1785289970.9068153,0.0,0.0,0.0005453119874000549
1785289970.9079359,0.0,0.0,0.0005813120007514954
1785289970.9090388,0.0,0.0,0.0005731520056724549
1785289970.9101198,0.0,0.0,0.0005392959713935852
1785289970.911224,0.0,0.0,0.0005782080292701721
1785289970.9123056,0.0,0.0,0.000557856023311615
1785289970.913401,0.0,0.0,0.0005586879849433899
1785289970.9144855,0.0,0.0,0.0005640959739685058
1785289970.9155877,0.0,0.0,0.0005653439760208129
1785289970.9166675,0.0,0.0,0.000550271987915039
1785289970.917766,0.0,0.0,0.0005687360167503357
1785289970.9188535,0.0,0.0,0.0005572159886360168
1785289970.9199622,0.0,0.0,0.0005650879740715026
1785289970.9210577,0.0,0.0,0.0005624960064888001
1785289970.9221315,0.0,0.0,0.0005375999808311463
1785289970.9232514,0.0,0.0,0.0005852479934692383
1785289970.9243352,0.0,0.0,0.0005642560124397278
1785289970.9254222,0.0,0.0,0.0005505279898643493
1785289970.9265203,0.0,0.0,0.0005652480125427246
1785289970.9276261,0.0,0.0,0.0005754879713058471
1785289970.928723,0.0,0.0,0.0005664640069007874
1785289970.9298236,0.0,0.0,0.0005663679838180542
1785289970.930921,0.0,0.0,0.0005682240128517151
1785289970.9320178,0.0,0.0,0.0005708159804344177
1785289970.9331086,0.0,0.0,0.0005463680028915405
1785289970.934178,0.0,0.0,0.0005364159941673278
1785289970.935285,0.0,0.0,0.0005738239884376526
1785289970.936366,0.0,0.0,0.0005478079915046691
1785289970.9374468,0.0,0.0,0.0004237119853496552
1785289970.938658,0.0,0.0,0.000607583999633789
1785289970.9397738,0.0,0.0,0.0005727999806404114
1785289970.940863,0.0,0.0,0.0005598719716072083
1785289970.9419427,0.0,0.0,0.0005377280116081238
1785289970.9435651,0.0,0.0,0.0007463999986648559
1785289970.9446623,0.0,0.0,0.0005666559934616089
1785289970.9457395,0.0,0.0,0.0005384320020675659
1785289970.946824,0.0,0.0,0.000543071985244751
1785289970.9479294,0.0,0.0,0.0005632320046424866
1785289970.9490135,0.0,0.0,0.0005522559881210327
1785289970.950089,0.0,0.0,0.0005331199765205383
1785289970.9512017,0.0,0.0,0.0005709440112113953
1785289970.9522848,0.0,0.0,0.0005659199953079224
1785289970.9533582,0.0,0.0,0.0005454400181770325
1785289970.9544299,0.0,0.0,0.0005389760136604309
1785289970.9555333,0.0,0.0,0.0005763520002365113
1785289970.9566038,0.0,0.0,0.0005274879932403565
1785289970.95768,0.0,0.0,0.0005342079997062683
1785289970.958772,0.0,0.0,0.0005483840107917786
1785289970.959888,0.0,0.0,0.0005820800065994263
1785289970.96096,0.0,0.0,0.0005386880040168762
1785289970.9620419,0.0,0.0,0.0005458559989929199
1785289970.9631343,0.0,0.0,0.0005478399991989135
1785289970.9642212,0.0,0.0,0.0005772160291671753
1785289970.9653134,0.0,0.0,0.0005607680082321167
1785289970.9663734,0.0,0.0,0.0005192000269889831
1785289970.9674761,0.0,0.0,0.0005586559772491455
1785289970.9685547,0.0,0.0,0.0005567359924316406
1785289970.9696348,0.0,0.0,0.0005379520058631897
1785289970.9707143,0.0,0.0,0.0005499839782714844
1785289970.9718268,0.0,0.0,0.0005778880119323731
1785289970.972898,0.0,0.0,0.0005357120037078857
1785289970.9739804,0.0,0.0,0.000549344003200531
1785289970.9750497,0.0,0.0,0.0005279999971389771
1785289970.9761481,0.0,0.0,0.0005576639771461487
1785289970.977227,0.0,0.0,0.0005468479990959167
1785289970.978299,0.0,0.0,0.000529919981956482
1785289970.9794152,0.0,0.0,0.0005744640231132507
1785289970.9805045,0.0,0.0,0.0005594879984855652
1785289970.9815876,0.0,0.0,0.0005380799770355225
1785289970.9826825,0.0,0.0,0.0005527039766311646
1785289970.983804,0.0,0.0,0.0005926079750061035
1785289970.9848964,0.0,0.0,0.000557695984840393
1785289970.9859698,0.0,0.0,0.0005338879823684693
1785289970.9870548,0.0,0.0,0.0005391680002212524
1785289970.988159,0.0,0.0,0.000563103973865509
1785289970.989241,0.0,0.0,0.0005401279926300048
1785289970.990335,0.0,0.0,0.0005663359761238098
1785289970.991444,0.0,0.0,0.0005697280168533326
1785289970.9925337,0.0,0.0,0.0005591679811477661
1785289970.9937627,0.0,0.0,0.0006823359727859497
1785289970.9948392,0.0,0.0,0.0005320320129394531
1785289970.9959378,0.0,0.0,0.0005552319884300232
1785289970.9970376,0.0,0.0,0.0005659520030021668
1785289970.9986491,0.0,0.0,0.0007310720086097717
1785289970.999776,0.0,0.0,0.0005970879793167114
1785289971.0008714,0.0,0.0,0.0005624319911003113
1785289971.00196,0.0,0.0,0.0005550400018692017
1785289971.0030413,0.0,0.0,0.0005413439869880677
1785289971.0041604,0.0,0.0,0.0005741440057754517
1785289971.0052316,0.0,0.0,0.0005273280143737793
1785289971.0062973,0.0,0.0,0.0005265920162200927
1785289971.007411,0.0,0.0,0.0005712640285491943
1785289971.0084925,0.0,0.0,0.000555903971195221
1785289971.009573,0.0,0.0,0.0005379199981689453
1785289971.0106564,0.0,0.0,0.0005439680218696594
1785289971.0117812,0.0,0.0,0.0005907199978828431
1785289971.0128686,0.0,0.0,0.0005510720014572143
1785289971.0139596,0.0,0.0,0.0005464320182800293
1785289971.0150487,0.0,0.0,0.0005542719960212707
1785289971.0161533,0.0,0.0,0.0005654720067977905
1785289971.0172486,0.0,0.0,0.000567359983921051
1785289971.0183306,0.0,0.0,0.0005392000079154968
1785289971.019455,0.0,0.0,0.0005932480096817016
1785289971.020548,0.0,0.0,0.0005573760271072388
1785289971.0216248,0.0,0.0,0.0005333120226860046
1785289971.0227,0.0,0.0,0.0005383039712905884
1785289971.0238054,0.0,0.0,0.0005619199872016906
1785289971.0248888,0.0,0.0,0.0005554879903793335
1785289971.026218,0.0,0.0,0.0006384000182151795
1785289971.0273352,0.0,0.0,0.0005846400260925293
1785289971.0284352,0.0,0.0,0.0005722240209579467
1785289971.0295227,0.0,0.0,0.0005499839782714844
1785289971.0305996,0.0,0.0,0.0005358399748802185
1785289971.0317059,0.0,0.0,0.0005621119737625123
1785289971.0327935,0.0,0.0,0.000557695984840393
1785289971.0338664,0.0,0.0,0.000533951997756958
1785289971.034951,0.0,0.0,0.0005335360169410705
1785289971.0360496,0.0,0.0,0.0005625920295715332
1785289971.0371265,0.0,0.0,0.0005348160266876221
1785289971.038214,0.0,0.0,0.0005557439923286438
1785289971.0393257,0.0,0.0,0.000590399980545044
1785289971.0404172,0.0,0.0,0.0005643519759178161
1785289971.0415032,0.0,0.0,0.0005446400046348572
1785289971.042599,0.0,0.0,0.0005629119873046875
1785289971.0436993,0.0,0.0,0.0005702720284461975
1785289971.0447764,0.0,0.0,0.0005441920161247253
1785289971.0458648,0.0,0.0,0.0005323839783668518
1785289971.0469365,0.0,0.0,0.0005430399775505066
1785289971.0480409,0.0,0.0,0.0004469119906425476
1785289971.049244,0.0,0.0,0.000599295973777771
1785289971.0503285,0.0,0.0,0.0005416319966316223
1785289971.051438,0.0,0.0,0.0005750079751014709
1785289971.052519,0.0,0.0,0.0005377920269966126
1785289971.0541174,0.0,0.0,0.0007200639843940735
1785289971.0552204,0.0,0.0,0.0005778560042381287
1785289971.0563173,0.0,0.0,0.0005744320154190064
1785289971.0573952,0.0,0.0,0.0005469120144844055
1785289971.058483,0.0,0.0,0.0005550079941749573
1785289971.0595922,0.0,0.0,0.0005668799877166748
1785289971.0606854,0.0,0.0,0.0005643200278282165
1785289971.0617511,0.0,0.0,0.0005274559855461121
1785289971.0628343,0.0,0.0,0.0005388479828834534
1785289971.0639439,0.0,0.0,0.000568831980228424
1785289971.065038,0.0,0.0,0.0005654079914093017
1785289971.066125,0.0,0.0,0.0005516480207443238
1785289971.0672405,0.0,0.0,0.0005856959819793701
1785289971.0683346,0.0,0.0,0.0005773760080337525
1785289971.069412,0.0,0.0,0.0005353919863700867
1785289971.0705035,0.0,0.0,0.0005486080050468445
1785289971.0716147,0.0,0.0,0.000574400007724762
1785289971.0726912,0.0,0.0,0.0005492479801177979
1785289971.073766,0.0,0.0,0.0005393919944763183
1785289971.074827,0.0,0.0,0.0005314239859580994
1785289971.0759308,0.0,0.0,0.0005729600191116334
1785289971.0770202,0.0,0.0,0.0005442559719085694
1785289971.0781105,0.0,0.0,0.0005561280250549317
1785289971.0791998,0.0,0.0,0.0005609279870986938
1785289971.0802786,0.0,0.0,0.0005414400100708008
1785289971.0813496,0.0,0.0,0.0005343679785728455
1785289971.0824149,0.0,0.0,0.0005321919918060303
1785289971.0835166,0.0,0.0,0.000572160005569458
1785289971.084601,0.0,0.0,0.0005393919944763183
1785289971.0856764,0.0,0.0,0.0005477439761161805
1785289971.0867503,0.0,0.0,0.0005334399938583375
1785289971.0878618,0.0,0.0,0.0005767040252685547
1785289971.088938,0.0,0.0,0.000550495982170105
1785289971.0900352,0.0,0.0,0.0005622079968452454
1785289971.0911455,0.0,0.0,0.0005837439894676209
1785289971.092234,0.0,0.0,0.0005652160048484802
1785289971.0933225,0.0,0.0,0.0005469120144844055
1785289971.094409,0.0,0.0,0.0005441600084304809
1785289971.095521,0.0,0.0,0.0005793280005455017
1785289971.0966148,0.0,0.0,0.00055731201171875
1785289971.0977068,0.0,0.0,0.0005644159913063049
1785289971.0988038,0.0,0.0,0.0005430399775505066
1785289971.099909,0.0,0.0,0.0005854719877243042
1785289971.1009834,0.0,0.0,0.0005325440168380737
1785289971.1020534,0.0,0.0,0.0005288640260696411
1785289971.1031473,0.0,0.0,0.0005549119710922242
1785289971.104358,0.0,0.0,0.0005994240045547485
1785289971.1054447,0.0,0.0,0.0005416960120201111
1785289971.1065192,0.0,0.0,0.000546720027923584
1785289971.1076243,0.0,0.0,0.0005755519866943359
1785289971.1092198,0.0,0.0,0.0007073280215263367
1785289971.1103,0.0,0.0,0.0005531200170516968
1785289971.1114206,0.0,0.0,0.0005873919725418091
1785289971.1125019,0.0,0.0,0.0005377600193023682
1785289971.1135821,0.0,0.0,0.0007184320092201233
1785289971.114655,0.0,0.0,0.000712831974029541
1785289971.1157506,0.0,0.0,0.0007418559789657593
1785289971.116837,0.0,0.0,0.0007238399982452393
1785289971.117905,0.0,0.0,0.0007075200080871582
1785289971.1189785,0.0,0.0,0.0007175679802894592
1785289971.1200943,0.0,0.0,0.0007255039811134338
1785289971.1211822,0.0,0.0,0.0007253119945526123
1785289971.1222546,0.0,0.0,0.0007103999853134155
1785289971.1233602,0.0,0.0,0.0007457919716835022
1785289971.1244423,0.0,0.0,0.0007201600074768067
1785289971.125508,0.0,0.0,0.0007061120271682739
1785289971.1265874,0.0,0.0,0.000720255970954895
1785289971.1277022,0.0,0.0,0.0007506880164146423
1785289971.1287746,0.0,0.0,0.0007058879733085632
1785289971.1298552,0.0,0.0,0.0007164480090141297
1785289971.1309178,0.0,0.0,0.0007039359807968139
1785289971.1320171,0.0,0.0,0.0007094399929046631
1785289971.13309,0.0,0.0,0.0007070080041885376
1785289971.1341856,0.0,0.0,0.0007359039783477783
1785289971.1352935,0.0,0.0,0.0007408959865570069
1785289971.1363857,0.0,0.0,0.0007227200269699096
1785289971.1374657,0.0,0.0,0.0007210559844970703
1785289971.1385317,0.0,0.0,0.0007096959948539734
1785289971.1396358,0.0,0.0,0.0007379519939422608
1785289971.1407213,0.0,0.0,0.0007175679802894592
1785289971.1418078,0.0,0.0,0.0007227519750595093
1785289971.1428833,0.0,0.0,0.0007166079878807068
1785289971.1439767,0.0,0.0,0.0007167999744415283
1785289971.1450536,0.0,0.0,0.000718559980392456
1785289971.1461484,0.0,0.0,0.0007324479818344116
1785289971.1472502,0.0,0.0,0.0007413759827613831
1785289971.1483266,0.0,0.0,0.0007166399955749512
1785289971.1494188,0.0,0.0,0.0007334719896316529
1785289971.1504915,0.0,0.0,0.0007098559737205505
1785289971.1516058,0.0,0.0,0.0007551360130310059
1785289971.152683,0.0,0.0,0.0007156479954719544
1785289971.1537664,0.0,0.0,0.0007264639735221863
1785289971.154817,0.0,0.0,0.0006943039894104004
1785289971.155926,0.0,0.0,0.0007272639870643616
1785289971.1569939,0.0,0.0,0.0007064319849014282
1785289971.158077,0.0,0.0,0.0007206400036811829
1785289971.159338,0.0,0.0,0.0007664639949798584
1785289971.1604538,0.0,0.0,0.0007321599721908569
1785289971.161535,0.0,0.0,0.0007159039974212647
1785289971.1626167,0.0,0.0,0.000723583996295929
1785289971.1642618,0.0,0.0,0.000728223979473114
1785289971.1653447,0.0,0.0,0.0007138239741325378
1785289971.1664152,0.0,0.0,0.0007122560143470765
1785289971.1675158,0.0,0.0,0.0007404800057411193
1785289971.1686025,0.0,0.0,0.0007236800193786621
1785289971.1696813,0.0,0.0,0.000719103991985321
1785289971.170751,0.0,0.0,0.0007114239931106567
1785289971.171887,0.0,0.0,0.000750432014465332
1785289971.172975,0.0,0.0,0.0007134720087051392
1785289971.1740503,0.0,0.0,0.0007144960165023804
1785289971.1751487,0.0,0.0,0.00074099200963974
1785289971.1762397,0.0,0.0,0.0007211199998855591
1785289971.1773095,0.0,0.0,0.0007072319984436035
1785289971.1783879,0.0,0.0,0.0007202879786491394
1785289971.179471,0.0,0.0,0.0007277119755744934
1785289971.180547,0.0,0.0,0.0007143359780311584
1785289971.1816285,0.0,0.0,0.00072598397731781
1785289971.18273,0.0,0.0,0.000739296019077301
1785289971.1838627,0.0,0.0,0.0007688320279121399
1785289971.1849337,0.0,0.0,0.0007054399847984314
1785289971.1860044,0.0,0.0,0.0007067199945449829
1785289971.187073,0.0,0.0,0.0007100160121917725
1785289971.1881735,0.0,0.0,0.0007187520265579223
1785289971.189247,0.0,0.0,0.0007180160284042358
1785289971.1903296,0.0,0.0,0.0007202240228652954
1785289971.1914332,0.0,0.0,0.0007442560195922851
1785289971.1925125,0.0,0.0,0.0007211840152740478
1785289971.1936,0.0,0.0,0.000725600004196167
1785289971.1946745,0.0,0.0,0.0007164800167083741
1785289971.1957839,0.0,0.0,0.0007500479817390442
1785289971.1968627,0.0,0.0,0.0007157120108604432
1785289971.197929,0.0,0.0,0.0007069119811058044
1785289971.199025,0.0,0.0,0.0007321280241012573
1785289971.2001357,0.0,0.0,0.0007225599884986877
1785289971.2012274,0.0,0.0,0.0007328320145606994
1785289971.2023194,0.0,0.0,0.0007316480278968811
1785289971.2034183,0.0,0.0,0.0007417600154876709
1785289971.2044985,0.0,0.0,0.0007195839881896973
1785289971.205579,0.0,0.0,0.0007167360186576843
1785289971.2066743,0.0,0.0,0.0007342399954795838
1785289971.207792,0.0,0.0,0.0007540799975395202
1785289971.2088761,0.0,0.0,0.0007174400091171265
1785289971.2099671,0.0,0.0,0.0007225279808044433
1785289971.2110562,0.0,0.0,0.000727840006351471
1785289971.2121603,0.0,0.0,0.0007193920016288758
1785289971.2132435,0.0,0.0,0.0007198399901390076
1785289971.214454,0.0,0.0,0.0007254080176353454
1785289971.2155643,0.0,0.0,0.0007442560195922851
1785289971.2166553,0.0,0.0,0.0007261760234832763
1785289971.2177413,0.0,0.0,0.0007290239930152893
1785289971.219382,0.0,0.0,0.0007537599802017212
1785289971.2204735,0.0,0.0,0.0007203199863433838
1785289971.22156,0.0,0.0,0.0007294080257415771
1785289971.222633,0.0,0.0,0.0007180160284042358
1785289971.2237575,0.0,0.0,0.0007638720273971558
1785289971.224846,0.0,0.0,0.0007209600210189819
1785289971.2259207,0.0,0.0,0.0007123519778251648
1785289971.2269988,0.0,0.0,0.0007127040028572083
1785289971.2281091,0.0,0.0,0.0007277119755744934
1785289971.229196,0.0,0.0,0.0007245439887046814
1785289971.2302861,0.0,0.0,0.0007301440238952637
1785289971.2313955,0.0,0.0,0.0007462400197982788
1785289971.2324815,0.0,0.0,0.0007161279916763306
1785289971.233567,0.0,0.0,0.0007241920232772827
1785289971.2346332,0.0,0.0,0.000705951988697052
1785289971.2357297,0.0,0.0,0.0007381439805030823
1785289971.2368073,0.0,0.0,0.0007130560278892517
1785289971.2378926,0.0,0.0,0.0007260800004005432
1785289971.2389646,0.0,0.0,0.0007160959839820862
1785289971.2400641,0.0,0.0,0.0007174720168113709
1785289971.2411485,0.0,0.0,0.0007192959785461426
1785289971.24223,0.0,0.0,0.0007212799787521362
1785289971.2433455,0.0,0.0,0.0007364159822463989
1785289971.2444265,0.0,0.0,0.0007179520130157471
1785289971.2454958,0.0,0.0,0.0007106879949569702
1785289971.246558,0.0,0.0,0.0007052479982376099
1785289971.2476513,0.0,0.0,0.0007343040108680725
1785289971.2487254,0.0,0.0,0.0007104319930076599
1785289971.249798,0.0,0.0,0.0007152320146560669
1785289971.2508812,0.0,0.0,0.0007232319712638855
1785289971.2519703,0.0,0.0,0.0007140160202980041
1785289971.253051,0.0,0.0,0.0007198399901390076
1785289971.2541373,0.0,0.0,0.0007251840233802795
1785289971.2552273,0.0,0.0,0.000730463981628418
1785289971.2563002,0.0,0.0,0.0007084800004959107
1785289971.2573814,0.0,0.0,0.0007207040190696716
1785289971.2584727,0.0,0.0,0.0007236480116844178
1785289971.25958,0.0,0.0,0.0007423679828643799
1785289971.2606683,0.0,0.0,0.000722656011581421
1785289971.2617416,0.0,0.0,0.0007102400064468384
1785289971.2628167,0.0,0.0,0.0007157120108604432
1785289971.2639353,0.0,0.0,0.000728767991065979
1785289971.265006,0.0,0.0,0.0007085760235786439
1785289971.2660823,0.0,0.0,0.0007166399955749512
1785289971.2671943,0.0,0.0,0.0007576959729194641
1785289971.2682712,0.0,0.0,0.0007139840126037598
1785289971.2694778,0.0,0.0,0.0007223680019378662
1785289971.2705603,0.0,0.0,0.0007174080014228821
1785289971.2716725,0.0,0.0,0.00075135999917984
1785289971.272762,0.0,0.0,0.0007260159850120544
1785289971.2744393,0.0,0.0,0.001291648030281067
1785289971.2755895,0.0,0.0,0.0007728639841079712
1785289971.2766764,0.0,0.0,0.000717087984085083
1785289971.2777538,0.0,0.0,0.0007159360051155091
1785289971.278823,0.0,0.0,0.0007092159986495972
1785289971.2802472,0.0,0.0,0.0007353280186653137
1785289971.2813303,0.0,0.0,0.0007228159904479981
1785289971.2824197,0.0,0.0,0.0007303040027618409
1785289971.283542,0.0,0.0,0.0007543680071830749
1785289971.2846403,0.0,0.0,0.0007281919717788696
1785289971.2857165,0.0,0.0,0.0007142400145530701
1785289971.2867966,0.0,0.0,0.0007209280133247376
1785289971.2879033,0.0,0.0,0.0007255359888076782
1785289971.28899,0.0,0.0,0.000722208023071289
1785289971.290063,0.0,0.0,0.0007096319794654846
1785289971.2911708,0.0,0.0,0.0007463359832763672
1785289971.292269,0.0,0.0,0.0007347840070724487
1785289971.2933452,0.0,0.0,0.0007153279781341552
1785289971.2944167,0.0,0.0,0.0007115839719772338
1785289971.2955368,0.0,0.0,0.0007544320225715637
1785289971.2966247,0.0,0.0,0.0007229120135307311
1785289971.297707,0.0,0.0,0.0007186239957809448
1785289971.2987776,0.0,0.0,0.0007113919854164123
1785289971.2998884,0.0,0.0,0.0007260800004005432
1785289971.3009605,0.0,0.0,0.0007133439779281616
1785289971.3020363,0.0,0.0,0.0007126079797744751
1785289971.3031378,0.0,0.0,0.0007412800192832947
1785289971.304223,0.0,0.0,0.000723904013633728
1785289971.3053093,0.0,0.0,0.0007225919961929321
1785289971.3064055,0.0,0.0,0.0007362239956855774
1785289971.3075104,0.0,0.0,0.0007461439967155456
1785289971.3085842,0.0,0.0,0.0007136319875717163
1785289971.3096552,0.0,0.0,0.0007124159932136536
1785289971.3107526,0.0,0.0,0.0007274879813194275
1785289971.3118582,0.0,0.0,0.000723583996295929
1785289971.3129272,0.0,0.0,0.0007044799923896789
1785289971.3140006,0.0,0.0,0.0007113280296325683
1785289971.3150785,0.0,0.0,0.0007141119837760925
1785289971.3161824,0.0,0.0,0.0007229120135307311
1785289971.3172674,0.0,0.0,0.000725920021533966
1785289971.3183422,0.0,0.0,0.0007180479764938354
1785289971.319432,0.0,0.0,0.0007284799814224243
1785289971.3205202,0.0,0.0,0.0007243840098381043
1785289971.3216195,0.0,0.0,0.0007348799705505371
1785289971.3227108,0.0,0.0,0.0007199360132217408
1785289971.3239639,0.0,0.0,0.0008923519849777222
1785289971.3250487,0.0,0.0,0.0007184640169143676
1785289971.3261423,0.0,0.0,0.0007292479872703552
1785289971.32725,0.0,0.0,0.0007455679774284363
1785289971.3288875,0.0,0.0,0.0012678719758987427
1785289971.3299966,0.0,0.0,0.000735647976398468
1785289971.3311172,0.0,0.0,0.0007323520183563232
1785289971.3321946,0.0,0.0,0.0007133439779281616
1785289971.3332708,0.0,0.0,0.0007162560224533081
1785289971.3343518,0.0,0.0,0.0007214400172233581
1785289971.3354657,0.0,0.0,0.0007576959729194641
1785289971.3365629,0.0,0.0,0.0007320960164070129
1785289971.3376453,0.0,0.0,0.0007224000096321106
1785289971.3387272,0.0,0.0,0.000712992012500763
1785289971.339835,0.0,0.0,0.0007434560060501098
1785289971.3409328,0.0,0.0,0.0007304319739341736
1785289971.3420246,0.0,0.0,0.0007293760180473327
1785289971.343132,0.0,0.0,0.0007223680019378662
1785289971.3442283,0.0,0.0,0.0007291200160980224
1785289971.3453116,0.0,0.0,0.0007257279753684997
1785289971.3463955,0.0,0.0,0.0007247999906539917
1785289971.347503,0.0,0.0,0.0007469120025634765
1785289971.348573,0.0,0.0,0.0007109119892120361
1785289971.3496544,0.0,0.0,0.0007195199728012085
1785289971.3507512,0.0,0.0,0.0007396159768104553
1785289971.3518581,0.0,0.0,0.000720192015171051
1785289971.352942,0.0,0.0,0.0007158719897270203
1785289971.354026,0.0,0.0,0.0007252159714698791
1785289971.3551297,0.0,0.0,0.0007364799976348877
1785289971.356201,0.0,0.0,0.0007025279998779297
1785289971.3572898,0.0,0.0,0.0007250880002975464
1785289971.3583634,0.0,0.0,0.0007139840126037598
1785289971.3594716,0.0,0.0,0.0007476159930229188
1785289971.360562,0.0,0.0,0.0007256320118904113
1785289971.3616583,0.0,0.0,0.0007345600128173828
1785289971.3627245,0.0,0.0,0.0007020480036735535
1785289971.3638315,0.0,0.0,0.0007478079795837403
1785289971.364932,0.0,0.0,0.0007400320172309875
1785289971.3659966,0.0,0.0,0.0007044799923896789
1785289971.3670635,0.0,0.0,0.0007086079716682434
1785289971.3681788,0.0,0.0,0.0007229120135307311
1785289971.3692522,0.0,0.0,0.0007119359970092773
1785289971.370336,0.0,0.0,0.0007218239903450012
1785289971.3714418,0.0,0.0,0.0007464960217475891
1785289971.3725214,0.0,0.0,0.0007168639898300171
1785289971.3736062,0.0,0.0,0.0007219200134277344
1785289971.3746932,0.0,0.0,0.0007282559871673584
1785289971.375793,0.0,0.0,0.0007403839826583863
1785289971.3768814,0.0,0.0,0.0007196800112724305
1785289971.377974,0.0,0.0,0.0007281919717788696
1785289971.379215,0.0,0.0,0.0008774399757385254
1785289971.3803222,0.0,0.0,0.000734112024307251
1785289971.381403,0.0,0.0,0.0007239999771118164
1785289971.3824923,0.0,0.0,0.000729695975780487
1785289971.3842297,0.0,0.0,0.0013733119964599609
1785289971.3853455,0.0,0.0,0.0007348799705505371
1785289971.3864315,0.0,0.0,0.0007220159769058227
1785289971.387549,0.0,0.0,0.0007567359805107117
1785289971.3886414,0.0,0.0,0.0007289280295372009
1785289971.3897188,0.0,0.0,0.0007163519859313965
1785289971.3907974,0.0,0.0,0.0007146559953689575
1785289971.391903,0.0,0.0,0.0007252799868583679
1785289971.3929868,0.0,0.0,0.000722495973110199
1785289971.394073,0.0,0.0,0.0007261120080947876
1785289971.395182,0.0,0.0,0.0007438079714775085
1785289971.3962624,0.0,0.0,0.0007184640169143676
1785289971.3973336,0.0,0.0,0.0007141759991645813
1785289971.3984158,0.0,0.0,0.0007169280052185059
1785289971.3995368,0.0,0.0,0.0007472000122070312
1785289971.4006405,0.0,0.0,0.0007363839745521545
1785289971.401724,0.0,0.0,0.0007203199863433838
1785289971.40279,0.0,0.0,0.0007083839774131775
1785289971.4039197,0.0,0.0,0.0007374399900436402
1785289971.4050066,0.0,0.0,0.000721343994140625
1785289971.4060905,0.0,0.0,0.0007189440131187439
1785289971.4072754,0.0,0.0,0.0008261439800262452
1785289971.4083772,0.0,0.0,0.0007362239956855774
1785289971.4094832,0.0,0.0,0.0007392320036888122
1785289971.4105635,0.0,0.0,0.0007201600074768067
1785289971.4116802,0.0,0.0,0.0007452800273895264
1785289971.412751,0.0,0.0,0.0007052159905433655
1785289971.413832,0.0,0.0,0.000721343994140625
1785289971.414913,0.0,0.0,0.000720416009426117
1785289971.4160216,0.0,0.0,0.0007259520292282104
1785289971.4171066,0.0,0.0,0.0007227200269699096
1785289971.4181886,0.0,0.0,0.0007243840098381043
1785289971.4192784,0.0,0.0,0.0007311999797821045
1785289971.4203572,0.0,0.0,0.000715391993522644
1785289971.421446,0.0,0.0,0.0007279999852180481
1785289971.4225283,0.0,0.0,0.0007166399955749512
1785289971.4236362,0.0,0.0,0.0007506880164146423
1785289971.4247148,0.0,0.0,0.0007171519994735718
1785289971.4258,0.0,0.0,0.0007259520292282104
1785289971.4268727,0.0,0.0,0.0007143679857254028
1785289971.4279869,0.0,0.0,0.0007328640222549438
1785289971.429066,0.0,0.0,0.0007121279835700989
1785289971.4301581,0.0,0.0,0.0007272639870643616
1785289971.431249,0.0,0.0,0.0007276480197906494
1785289971.4323254,0.0,0.0,0.0007215359807014465
1785289971.433402,0.0,0.0,0.0007151359915733337
1785289971.4346206,0.0,0.0,0.0008558080196380615
1785289971.4357219,0.0,0.0,0.0007387199997901917
1785289971.4367962,0.0,0.0,0.000713919997215271
1785289971.4378748,0.0,0.0,0.0007272319793701172
1785289971.439515,0.0,0.0,0.0012846720218658448
1785289971.4406078,0.0,0.0,0.000719327986240387
1785289971.44168,0.0,0.0,0.0007088639736175537
1785289971.442751,0.0,0.0,0.0007097600102424622
1785289971.4438512,0.0,0.0,0.0007210559844970703
1785289971.4449255,0.0,0.0,0.0007087039947509766
1785289971.446014,0.0,0.0,0.0007215359807014465
1785289971.4470797,0.0,0.0,0.0007060160040855408
1785289971.4481843,0.0,0.0,0.0007176640033721924
1785289971.4492538,0.0,0.0,0.0007099199891090393
1785289971.4503198,0.0,0.0,0.0007105600237846374
1785289971.451402,0.0,0.0,0.0007247359752655029
1785289971.4524944,0.0,0.0,0.0007329919934272766
1785289971.4535675,0.0,0.0,0.0007181439995765686
1785289971.4546418,0.0,0.0,0.0007187200188636779
1785289971.4557452,0.0,0.0,0.0007449280023574829
1785289971.456821,0.0,0.0,0.0007151679992675781
1785289971.4578972,0.0,0.0,0.0007177600264549255
1785289971.4589689,0.0,0.0,0.0007137920260429382
1785289971.4600759,0.0,0.0,0.0007292799949645996
1785289971.4611602,0.0,0.0,0.00072297602891922
1785289971.4622362,0.0,0.0,0.0007176640033721924
1785289971.4633226,0.0,0.0,0.0007309759855270386
1785289971.4643998,0.0,0.0,0.0007187839746475219
1785289971.465461,0.0,0.0,0.0007054719924926758
1785289971.4665465,0.0,0.0,0.0007308480143547058
1785289971.4676704,0.0,0.0,0.0007620800137519837
1785289971.4687536,0.0,0.0,0.0007208639979362488
1785289971.4698446,0.0,0.0,0.0007255359888076782
1785289971.4709125,0.0,0.0,0.0007123839855194092
1785289971.4720018,0.0,0.0,0.0007174400091171265
1785289971.473076,0.0,0.0,0.0007149440050125122
1785289971.474154,0.0,0.0,0.00071670401096344
1785289971.4752376,0.0,0.0,0.00072598397731781
1785289971.4763274,0.0,0.0,0.0007258239984512329
1785289971.4773853,0.0,0.0,0.0007017599940299988
1785289971.4784462,0.0,0.0,0.0007104319930076599
1785289971.479551,0.0,0.0,0.0007520959973335266
1785289971.4806423,0.0,0.0,0.0007342720031738282
1785289971.481702,0.0,0.0,0.0007032319903373718
1785289971.4827647,0.0,0.0,0.0007112320065498352
1785289971.483849,0.0,0.0,0.000709663987159729
1785289971.4849124,0.0,0.0,0.0007089920043945313
1785289971.485983,0.0,0.0,0.00071670401096344
1785289971.4870582,0.0,0.0,0.000720736026763916
1785289971.4881465,0.0,0.0,0.0007022719979286194
1785289971.4893546,0.0,0.0,0.0008462399840354919
1785289971.4904213,0.0,0.0,0.000709119975566864
1785289971.491536,0.0,0.0,0.0007496640086174011
1785289971.4926207,0.0,0.0,0.0007212160229682922
1785289971.494174,0.0,0.0,0.0011950399875640869
1785289971.4952898,0.0,0.0,0.0007463359832763672
1785289971.4964142,0.0,0.0,0.0007440959811210633
1785289971.4974873,0.0,0.0,0.0007138239741325378
1785289971.498559,0.0,0.0,0.0007102400064468384
1785289971.4996367,0.0,0.0,0.0007211520075798035
1785289971.5007045,0.0,0.0,0.0007127360105514527
1785289971.5017784,0.0,0.0,0.0007109439969062805
1785289971.5028565,0.0,0.0,0.0007264639735221863
1785289971.5039618,0.0,0.0,0.0007319679856300354
1785289971.5050364,0.0,0.0,0.0007142400145530701
1785289971.506127,0.0,0.0,0.000735264003276825
1785289971.5072427,0.0,0.0,0.0007537599802017212
1785289971.5083122,0.0,0.0,0.0007006400227546692
1785289971.5093834,0.0,0.0,0.000720192015171051
1785289971.5104656,0.0,0.0,0.0007243199944496155
1785289971.5115838,0.0,0.0,0.0007614399790763855
1785289971.5126662,0.0,0.0,0.0007163839936256409
1785289971.5137272,0.0,0.0,0.0007062399983406067
1785289971.514786,0.0,0.0,0.0007006719708442688
1785289971.5158994,0.0,0.0,0.0007325760126113891
1785289971.516964,0.0,0.0,0.0007078719735145568
1785289971.5180426,0.0,0.0,0.0007144320011138916
1785289971.5191445,0.0,0.0,0.0007455999851226807
1785289971.520251,0.0,0.0,0.0007277119755744934
1785289971.5213246,0.0,0.0,0.0007114239931106567
1785289971.5223997,0.0,0.0,0.0007132800221443176
1785289971.5235016,0.0,0.0,0.0007423359751701355
1785289971.5245945,0.0,0.0,0.0007265920042991639
1785289971.5256803,0.0,0.0,0.0007212799787521362
1785289971.5267503,0.0,0.0,0.0007103679776191711
1785289971.5278594,0.0,0.0,0.0007216320037841797
1785289971.528936,0.0,0.0,0.000716543972492218
1785289971.530002,0.0,0.0,0.0007047359943389892
1785289971.531081,0.0,0.0,0.0007200319766998291
1785289971.5321834,0.0,0.0,0.0007209920287132263
1785289971.5332596,0.0,0.0,0.0007160959839820862
1785289971.5343523,0.0,0.0,0.0007270720005035401
1785289971.5354543,0.0,0.0,0.0007370880246162414
1785289971.5365355,0.0,0.0,0.000719871997833252
1785289971.5376356,0.0,0.0,0.0007324479818344116
1785289971.5387232,0.0,0.0,0.0007226880192756652
1785289971.539848,0.0,0.0,0.0007645440101623535
1785289971.5409188,0.0,0.0,0.0007092159986495972
1785289971.5419784,0.0,0.0,0.00070278400182724
1785289971.5430462,0.0,0.0,0.000711679995059967
1785289971.5441625,0.0,0.0,0.0007319679856300354
1785289971.5453882,0.0,0.0,0.0007313920259475708
1785289971.5464754,0.0,0.0,0.0007259520292282104
1785289971.5475852,0.0,0.0,0.0007533760070800781
1785289971.5492587,0.0,0.0,0.0013113280534744263
1785289971.5503786,0.0,0.0,0.0007461439967155456
1785289971.551476,0.0,0.0,0.0007350720167160034
1785289971.552555,0.0,0.0,0.000717087984085083
1785289971.5536456,0.0,0.0,0.0007302719950675965
1785289971.5547256,0.0,0.0,0.000723039984703064
1785289971.555839,0.0,0.0,0.000749504029750824
1785289971.5569208,0.0,0.0,0.000719103991985321
1785289971.5579827,0.0,0.0,0.0007071359753608703
1785289971.559052,0.0,0.0,0.0007114239931106567
1785289971.5601661,0.0,0.0,0.0007254400253295898
1785289971.5612571,0.0,0.0,0.0007269759774208069
1785289971.5623298,0.0,0.0,0.0007121919989585877
1785289971.5634358,0.0,0.0,0.0007434239983558654
1785289971.5645237,0.0,0.0,0.0007245439887046814
1785289971.5656059,0.0,0.0,0.0007158079743385315
1785289971.5666795,0.0,0.0,0.0007138559818267822
1785289971.5677972,0.0,0.0,0.0007612800002098083
1785289971.568881,0.0,0.0,0.0007228800058364869
1785289971.5699692,0.0,0.0,0.0007274879813194275
1785289971.5710425,0.0,0.0,0.0007176960110664368
1785289971.5721586,0.0,0.0,0.0007255039811134338
1785289971.5732405,0.0,0.0,0.0007212160229682922
1785289971.5743232,0.0,0.0,0.0007256640195846557
1785289971.5754404,0.0,0.0,0.0007536960244178772
1785289971.576523,0.0,0.0,0.0007221760153770446
1785289971.5775871,0.0,0.0,0.0007112320065498352
1785289971.578648,0.0,0.0,0.000701312005519867
1785289971.5797307,0.0,0.0,0.0007291520237922668
1785289971.5808144,0.0,0.0,0.000727295994758606
1785289971.5818975,0.0,0.0,0.0007214720249176025
1785289971.5829666,0.0,0.0,0.0007053440213203431
1785289971.5840695,0.0,0.0,0.0007214720249176025
1785289971.5851505,0.0,0.0,0.0007258880138397216
1785289971.5862288,0.0,0.0,0.0007179840207099914
1785289971.587332,0.0,0.0,0.000744704008102417
1785289971.5884154,0.0,0.0,0.0007227200269699096
1785289971.5894945,0.0,0.0,0.0007197759747505188
1785289971.5905592,0.0,0.0,0.0007047680020332336
1785289971.5916502,0.0,0.0,0.0007357760071754455
1785289971.5927417,0.0,0.0,0.0007284160256385803
1785289971.5938141,0.0,0.0,0.0007114239931106567
1785289971.594878,0.0,0.0,0.000707423985004425
1785289971.595995,0.0,0.0,0.0007314559817314148
1785289971.5970826,0.0,0.0,0.0007186239957809448
1785289971.5981436,0.0,0.0,0.0007058240175247193
1785289971.599256,0.0,0.0,0.0007479360103607178
1785289971.6004858,0.0,0.0,0.0007331839799880981
1785289971.6015782,0.0,0.0,0.0007288640141487121
1785289971.6026623,0.0,0.0,0.0007183039784431457
1785289971.6043189,0.0,0.0,0.0013013440370559693
1785289971.6054137,0.0,0.0,0.0007179520130157471
1785289971.6064904,0.0,0.0,0.0007206720113754273
1785289971.607587,0.0,0.0,0.0007420480251312256
1785289971.6086602,0.0,0.0,0.0007151679992675781
1785289971.6097288,0.0,0.0,0.0007105280160903931
1785289971.6108174,0.0,0.0,0.0007303040027618409
1785289971.6119397,0.0,0.0,0.0007379199862480164
1785289971.6130345,0.0,0.0,0.0007309120297431946
1785289971.614113,0.0,0.0,0.0007130560278892517
1785289971.6152253,0.0,0.0,0.0007534080147743225
1785289971.616294,0.0,0.0,0.0007063040137290955
1785289971.6173856,0.0,0.0,0.0007286080121994018
1785289971.6184871,0.0,0.0,0.0007179200053215027
1785289971.6195953,0.0,0.0,0.0007522559762001038
1785289971.620683,0.0,0.0,0.0007200639843940735
1785289971.621771,0.0,0.0,0.0007304959893226624
1785289971.6228552,0.0,0.0,0.0007227519750595093
1785289971.6239705,0.0,0.0,0.000732800006866455
1785289971.6250489,0.0,0.0,0.000715391993522644
1785289971.6261408,0.0,0.0,0.0007350720167160034
1785289971.6272345,0.0,0.0,0.0007310720086097717
1785289971.6283255,0.0,0.0,0.0007276480197906494
1785289971.629404,0.0,0.0,0.0007167360186576843
1785289971.6304948,0.0,0.0,0.0007282559871673584
1785289971.6316109,0.0,0.0,0.000756447970867157
1785289971.6326995,0.0,0.0,0.0007260800004005432
1785289971.6337795,0.0,0.0,0.0007126399874687195
1785289971.6348565,0.0,0.0,0.0007190719842910767
1785289971.6359718,0.0,0.0,0.0007269120216369629
1785289971.637044,0.0,0.0,0.0007063360214233399
1785289971.6381185,0.0,0.0,0.0007175999879837036
1785289971.6392,0.0,0.0,0.0007200959920883179
1785289971.6402926,0.0,0.0,0.000731935977935791
1785289971.6413763,0.0,0.0,0.0007280960083007813
1785289971.6424475,0.0,0.0,0.0007134400010108948
1785289971.6435575,0.0,0.0,0.000750495970249176
1785289971.6446488,0.0,0.0,0.0007251840233802795
1785289971.6457274,0.0,0.0,0.0007196480035781861
1785289971.6468046,0.0,0.0,0.0007185919880867004
1785289971.647917,0.0,0.0,0.0007276800274848938
1785289971.648988,0.0,0.0,0.0007121279835700989
1785289971.6500733,0.0,0.0,0.0007275519967079163
1785289971.6511822,0.0,0.0,0.0007481920123100281
1785289971.6522644,0.0,0.0,0.000726368010044098
1785289971.6533484,0.0,0.0,0.0007245439887046814
1785289971.6545746,0.0,0.0,0.0008625919818878174
1785289971.6556835,0.0,0.0,0.0007400959730148315
1785289971.6567662,0.0,0.0,0.0007208960056304932
1785289971.65783,0.0,0.0,0.0007072640061378479
1785289971.6589146,0.0,0.0,0.0007152000069618225
1785289971.6606588,0.0,0.0,0.0007374719977378846
1785289971.6617403,0.0,0.0,0.0007214400172233581
1785289971.6628213,0.0,0.0,0.0007187839746475219
1785289971.66396,0.0,0.0,0.0007271360158920288
1785289971.6650493,0.0,0.0,0.000726751983165741
1785289971.666135,0.0,0.0,0.0007286720275878906
1785289971.6672387,0.0,0.0,0.0007465280294418335
1785289971.6683316,0.0,0.0,0.0007267199754714966
1785289971.6694293,0.0,0.0,0.0007345280051231384
1785289971.670495,0.0,0.0,0.0007044799923896789
1785289971.6716022,0.0,0.0,0.0007489920258522034
1785289971.672682,0.0,0.0,0.0007201600074768067
1785289971.6737585,0.0,0.0,0.0007180479764938354
1785289971.6748424,0.0,0.0,0.0007178239822387695
1785289971.6759462,0.0,0.0,0.00072598397731781
1785289971.6770396,0.0,0.0,0.0007243520021438599
1785289971.6781132,0.0,0.0,0.0007064319849014282
1785289971.6792035,0.0,0.0,0.0007242239713668823
1785289971.6802964,0.0,0.0,0.0007241920232772827
1785289971.6813805,0.0,0.0,0.0007199040055274964
1785289971.6824484,0.0,0.0,0.0007114560008049011
1785289971.683553,0.0,0.0,0.0007454720139503479
1785289971.6846414,0.0,0.0,0.0007202240228652954
1785289971.6857061,0.0,0.0,0.0007065600156784058
1785289971.6867805,0.0,0.0,0.0007163199782371521
1785289971.687892,0.0,0.0,0.0007292159795761108
1785289971.688969,0.0,0.0,0.0007135360240936279
1785289971.690047,0.0,0.0,0.0007149119973182678
1785289971.691148,0.0,0.0,0.0007396159768104553
1785289971.6922238,0.0,0.0,0.0007152320146560669
1785289971.6933043,0.0,0.0,0.0007241600155830383
1785289971.6943746,0.0,0.0,0.0007116479873657226
1785289971.6954682,0.0,0.0,0.0007356799840927124
1785289971.696542,0.0,0.0,0.0007165120244026184
1785289971.697625,0.0,0.0,0.0007174080014228821
1785289971.698717,0.0,0.0,0.0007342079877853394
1785289971.6998339,0.0,0.0,0.0007540159821510315
1785289971.7009113,0.0,0.0,0.0007154240012168884
1785289971.701983,0.0,0.0,0.0007112640142440796
1785289971.7030551,0.0,0.0,0.0007178239822387695
1785289971.7041652,0.0,0.0,0.0007219840288162231
1785289971.7052407,0.0,0.0,0.0007200959920883179
1785289971.7063317,0.0,0.0,0.0007287039756774902
1785289971.7074294,0.0,0.0,0.0007365440130233764
1785289971.708513,0.0,0.0,0.0007175679802894592
1785289971.709729,0.0,0.0,0.0008446080088615418
1785289971.710823,0.0,0.0,0.0007258880138397216
1785289971.71194,0.0,0.0,0.0007308480143547058
1785289971.7130315,0.0,0.0,0.000735040009021759
1785289971.7146485,0.0,0.0,0.0012565759420394898
1785289971.7157898,0.0,0.0,0.0007724480032920837
1785289971.7168906,0.0,0.0,0.000736512005329132
1785289971.717977,0.0,0.0,0.0007284160256385803
1785289971.7190652,0.0,0.0,0.0007268159985542298
1785289971.7201977,0.0,0.0,0.0007406399846076966
1785289971.721292,0.0,0.0,0.000733568012714386
1785289971.722382,0.0,0.0,0.0007287999987602234
1785289971.7235062,0.0,0.0,0.0007575680017471313
1785289971.7246015,0.0,0.0,0.0007258880138397216
1785289971.7256675,0.0,0.0,0.0007095680236816406
1785289971.7267497,0.0,0.0,0.0007224320173263549
1785289971.7278848,0.0,0.0,0.0007761920094490051
1785289971.7289655,0.0,0.0,0.0007164160013198853
1785289971.7300684,0.0,0.0,0.0007237439751625061
1785289971.7311645,0.0,0.0,0.0007342720031738282
1785289971.732261,0.0,0.0,0.0007273920178413391
1785289971.733335,0.0,0.0,0.0007168319821357727
1785289971.7344215,0.0,0.0,0.0007303040027618409
1785289971.7355247,0.0,0.0,0.0007437760233879089
1785289971.7366004,0.0,0.0,0.0007118719816207885
1785289971.737691,0.0,0.0,0.0007313920259475708
1785289971.7387757,0.0,0.0,0.0007285760045051575
1785289971.7398772,0.0,0.0,0.0007226880192756652
1785289971.7409477,0.0,0.0,0.0007110400199890137
1785289971.7420352,0.0,0.0,0.0007271040081977845
1785289971.7431412,0.0,0.0,0.0007423999905586243
1785289971.7442467,0.0,0.0,0.0007406399846076966
1785289971.7453394,0.0,0.0,0.0007220159769058227
1785289971.7464185,0.0,0.0,0.0007209600210189819
1785289971.7475116,0.0,0.0,0.000737280011177063
1785289971.7485952,0.0,0.0,0.0007216320037841797
1785289971.7496774,0.0,0.0,0.0007297279834747315
1785289971.7507617,0.0,0.0,0.0007214400172233581
1785289971.7518694,0.0,0.0,0.0007274879813194275
1785289971.7529483,0.0,0.0,0.0007162560224533081
1785289971.7540438,0.0,0.0,0.0007338560223579407
1785289971.755254,0.0,0.0,0.0007664960026741028
1785289971.756362,0.0,0.0,0.0007407360076904297
1785289971.757449,0.0,0.0,0.000727616012096405
1785289971.7585382,0.0,0.0,0.0007279040217399597
1785289971.7596347,0.0,0.0,0.0007404159903526307
1785289971.760731,0.0,0.0,0.0007309759855270386
1785289971.7618105,0.0,0.0,0.0007228479981422425
1785289971.7628856,0.0,0.0,0.0007125120162963868
1785289971.7640054,0.0,0.0,0.0007396159768104553
1785289971.7652435,0.0,0.0,0.0008714879751205444
1785289971.766338,0.0,0.0,0.0007233920097351075
1785289971.7674425,0.0,0.0,0.0007430400252342224
1785289971.7685301,0.0,0.0,0.0007271680235862732
1785289971.770139,0.0,0.0,0.001250432014465332
1785289971.771235,0.0,0.0,0.0007340800166130066
1785289971.772321,0.0,0.0,0.0007263360023498536
1785289971.7734058,0.0,0.0,0.0007270720005035401
1785289971.7744894,0.0,0.0,0.0007210239768028259
1785289971.7755928,0.0,0.0,0.0007455360293388367
1785289971.7766778,0.0,0.0,0.0007228800058364869
1785289971.7777646,0.0,0.0,0.0007242239713668823
1785289971.778841,0.0,0.0,0.000718496024608612
1785289971.779957,0.0,0.0,0.0007331519722938537
1785289971.781045,0.0,0.0,0.0007232959866523743
1785289971.782129,0.0,0.0,0.0007255039811134338
1785289971.7832315,0.0,0.0,0.0007390400171279907
1785289971.784314,0.0,0.0,0.0007184000015258789
1785289971.7854013,0.0,0.0,0.0007237759828567505
1785289971.7864795,0.0,0.0,0.0007215679883956909
1785289971.787587,0.0,0.0,0.0007471039891242981
1785289971.7886624,0.0,0.0,0.0007088959813117981
1785289971.7897344,0.0,0.0,0.0007131519913673401
1785289971.7908196,0.0,0.0,0.0007243840098381043
1785289971.7919323,0.0,0.0,0.0007254400253295898
1785289971.7930188,0.0,0.0,0.0007260159850120544
1785289971.7941022,0.0,0.0,0.0007236800193786621
1785289971.795199,0.0,0.0,0.0007336639761924744
1785289971.7962751,0.0,0.0,0.0007154240012168884
1785289971.7973664,0.0,0.0,0.0007277759909629822
1785289971.7984636,0.0,0.0,0.0007327359914779663
1785289971.7995627,0.0,0.0,0.0007373759746551514
1785289971.8006608,0.0,0.0,0.0007342079877853394
1785289971.8017418,0.0,0.0,0.0007216960191726684
1785289971.8028278,0.0,0.0,0.0007269120216369629
1785289971.803945,0.0,0.0,0.0007302399873733521
1785289971.8050485,0.0,0.0,0.0007382720112800598
1785289971.8061368,0.0,0.0,0.0007330880165100097
1785289971.8072166,0.0,0.0,0.0007208319902420044
1785289971.8082952,0.0,0.0,0.0007189120054244995
1785289971.8093712,0.0,0.0,0.000720736026763916
1785289971.8104367,0.0,0.0,0.0007098559737205505
1785289971.8115554,0.0,0.0,0.0007575680017471313
1785289971.8126338,0.0,0.0,0.0007191680073738099
1785289971.8137052,0.0,0.0,0.0007122880220413207
1785289971.8147728,0.0,0.0,0.0007076159715652465
1785289971.8158674,0.0,0.0,0.0007239680290222168
1785289971.8169365,0.0,0.0,0.0007085440158843995
1785289971.81802,0.0,0.0,0.0007261120080947876
1785289971.8191185,0.0,0.0,0.0007189120054244995
1785289971.8203447,0.0,0.0,0.0008660159707069397
1785289971.821427,0.0,0.0,0.000720192015171051
1785289971.8225012,0.0,0.0,0.0007128639817237854
1785289971.823599,0.0,0.0,0.0007381119728088379
1785289971.8252347,0.0,0.0,0.001270751953125
1785289971.8263342,0.0,0.0,0.0007264000177383422
1785289971.8274493,0.0,0.0,0.000748960018157959
1785289971.8285356,0.0,0.0,0.0007223039865493774
1785289971.8296158,0.0,0.0,0.000714303970336914
1785289971.8306818,0.0,0.0,0.0007060800194740296
1785289971.8317714,0.0,0.0,0.0007376959919929505
1785289971.8328617,0.0,0.0,0.0007202879786491394
1785289971.8339424,0.0,0.0,0.0007163199782371521
1785289971.8350198,0.0,0.0,0.0007140799760818481
1785289971.83613,0.0,0.0,0.0007285119891166687
1785289971.837205,0.0,0.0,0.0007124159932136536
1785289971.8382792,0.0,0.0,0.0007159360051155091
1785289971.8393698,0.0,0.0,0.000734175980091095
1785289971.8404455,0.0,0.0,0.0007214400172233581
1785289971.841511,0.0,0.0,0.000707584023475647
1785289971.8425665,0.0,0.0,0.0007007679939270019
1785289971.8436713,0.0,0.0,0.0007485120296478272
1785289971.8447545,0.0,0.0,0.0007166720032691956
1785289971.8458414,0.0,0.0,0.000726368010044098
1785289971.8469272,0.0,0.0,0.0007255039811134338
1785289971.8480368,0.0,0.0,0.0007197120189666748
1785289971.8491068,0.0,0.0,0.000711903989315033
1785289971.8501852,0.0,0.0,0.0007179520130157471
1785289971.8512847,0.0,0.0,0.0007425919771194458
1785289971.8523653,0.0,0.0,0.0007225279808044433
1785289971.8534236,0.0,0.0,0.0006964799761772156
1785289971.8544748,0.0,0.0,0.0006992319822311401
1785289971.8555834,0.0,0.0,0.000749888002872467
1785289971.856658,0.0,0.0,0.0007125759720802307
1785289971.8577209,0.0,0.0,0.0007072960138320923
1785289971.8587756,0.0,0.0,0.0006992319822311401
1785289971.8598797,0.0,0.0,0.0007277759909629822
1785289971.860954,0.0,0.0,0.0007106879949569702
1785289971.8620322,0.0,0.0,0.0007238720059394837
1785289971.863133,0.0,0.0,0.000741599977016449
1785289971.864216,0.0,0.0,0.0007228800058364869
1785289971.8653042,0.0,0.0,0.0007308800220489502
1785289971.8663769,0.0,0.0,0.0007177280187606811
1785289971.8674762,0.0,0.0,0.0007426559925079346
1785289971.8685703,0.0,0.0,0.0007300159931182862
1785289971.8696387,0.0,0.0,0.0007137600183486939
1785289971.8707259,0.0,0.0,0.0007063040137290955
1785289971.871818,0.0,0.0,0.0007344959974288941
1785289971.8728917,0.0,0.0,0.000714784026145935
1785289971.8739667,0.0,0.0,0.0007160959839820862
1785289971.8751945,0.0,0.0,0.0008674560189247131
1785289971.87629,0.0,0.0,0.000733568012714386
1785289971.8773723,0.0,0.0,0.0007214080095291138
1785289971.8784406,0.0,0.0,0.0007148799896240234
1785289971.880272,0.0,0.0,0.001469823956489563
1785289971.881362,0.0,0.0,0.0007161920070648194
1785289971.8824492,0.0,0.0,0.0007227200269699096
1785289971.8835504,0.0,0.0,0.0007322880029678345
1785289971.884619,0.0,0.0,0.0007068480253219604
1785289971.8857021,0.0,0.0,0.0007261440157890319
1785289971.8867934,0.0,0.0,0.0007310400009155274
1785289971.8879201,0.0,0.0,0.0007432960271835327
1785289971.8889902,0.0,0.0,0.0007101119756698608
1785289971.8900878,0.0,0.0,0.000737056016921997
1785289971.8911963,0.0,0.0,0.0007491199970245361
1785289971.892289,0.0,0.0,0.0007254400253295898
1785289971.8933651,0.0,0.0,0.000714464008808136
1785289971.8944457,0.0,0.0,0.000719871997833252
1785289971.8955355,0.0,0.0,0.0007265599966049195
1785289971.896609,0.0,0.0,0.0007121279835700989
1785289971.8976839,0.0,0.0,0.0007113280296325683
1785289971.8987584,0.0,0.0,0.0007142720222473144
1785289971.8998709,0.0,0.0,0.0007300800085067749
1785289971.9009383,0.0,0.0,0.0007085760235786439
1785289971.9020042,0.0,0.0,0.0007065280079841614
1785289971.903082,0.0,0.0,0.0007216960191726684
1785289971.9041884,0.0,0.0,0.0007258560061454773
1785289971.905263,0.0,0.0,0.0007131839990615845
1785289971.90635,0.0,0.0,0.0007265279889106751
1785289971.9074464,0.0,0.0,0.0007403519749641419
1785289971.9085262,0.0,0.0,0.0007242879867553711
1785289971.90959,0.0,0.0,0.0007058240175247193
1785289971.9106562,0.0,0.0,0.0007062399983406067
1785289971.9117582,0.0,0.0,0.0007448639869689942
1785289971.91286,0.0,0.0,0.0007350080013275147
1785289971.9139383,0.0,0.0,0.0007157760262489318
1785289971.9150088,0.0,0.0,0.0007120959758758545
1785289971.9161139,0.0,0.0,0.0007249600291252136
1785289971.9172,0.0,0.0,0.00072598397731781
1785289971.9182746,0.0,0.0,0.0007144960165023804
1785289971.9193895,0.0,0.0,0.0007546560168266296
1785289971.9204667,0.0,0.0,0.0007163839936256409
1785289971.9215465,0.0,0.0,0.0007260479927062988
1785289971.9226139,0.0,0.0,0.0007131839990615845
1785289971.9237103,0.0,0.0,0.0007406079769134522
1785289971.924793,0.0,0.0,0.0007211840152740478
1785289971.9258666,0.0,0.0,0.0007175040245056152
1785289971.926934,0.0,0.0,0.0007076479792594909
1785289971.928032,0.0,0.0,0.0007168319821357727
1785289971.9291198,0.0,0.0,0.0007258239984512329
1785289971.9303355,0.0,0.0,0.0008549439907073975
1785289971.9314597,0.0,0.0,0.0007608640193939209
1785289971.9325461,0.0,0.0,0.0007195839881896973
1785289971.933635,0.0,0.0,0.0007203840017318726
1785289971.9353004,0.0,0.0,0.001302623987197876
1785289971.9364085,0.0,0.0,0.0007343999743461609
1785289971.9374838,0.0,0.0,0.0007136639952659607
1785289971.9385626,0.0,0.0,0.0007137280106544495
1785289971.9396908,0.0,0.0,0.0007637439966201782
1785289971.9407485,0.0,0.0,0.0006997119784355163
1785289971.9418204,0.0,0.0,0.0007144960165023804
1785289971.9428935,0.0,0.0,0.0007178879976272583
1785289971.9439769,0.0,0.0,0.0007071040272712707
1785289971.9450643,0.0,0.0,0.0007287359833717346
1785289971.9461503,0.0,0.0,0.0007214080095291138
1785289971.9472525,0.0,0.0,0.0007391679883003235
1785289971.9483428,0.0,0.0,0.0007270399928092957
1785289971.949426,0.0,0.0,0.0007202240228652954
1785289971.9505093,0.0,0.0,0.0007214400172233581
1785289971.951596,0.0,0.0,0.0007314239740371704
1785289971.9526682,0.0,0.0,0.0007096319794654846
1785289971.953758,0.0,0.0,0.0007300800085067749
1785289971.9548333,0.0,0.0,0.0007171840071678162
1785289971.955948,0.0,0.0,0.0007296640276908874
1785289971.9570386,0.0,0.0,0.0007226240038871765
1785289971.9581268,0.0,0.0,0.000726688027381897
1785289971.9592457,0.0,0.0,0.0007553920149803162
1785289971.9603343,0.0,0.0,0.0007247999906539917
1785289971.961419,0.0,0.0,0.0007189760208129882
1785289971.9625022,0.0,0.0,0.0007201279997825623
1785289971.9636168,0.0,0.0,0.0007565119862556458
1785289971.964698,0.0,0.0,0.0007194240093231202
1785289971.9657931,0.0,0.0,0.0007306240200996399
1785289971.9668782,0.0,0.0,0.0007197440266609192
1785289971.9679954,0.0,0.0,0.0007301120162010193
1785289971.9690866,0.0,0.0,0.0007288640141487121
1785289971.9701807,0.0,0.0,0.0007327039837837219
1785289971.9712765,0.0,0.0,0.000736512005329132
1785289971.9723606,0.0,0.0,0.0007208960056304932
1785289971.973437,0.0,0.0,0.0007187839746475219
1785289971.9745224,0.0,0.0,0.0007240639925003052
1785289971.975629,0.0,0.0,0.0007431039810180664
1785289971.9767253,0.0,0.0,0.000729695975780487
1785289971.977802,0.0,0.0,0.0007198399901390076
1785289971.9788845,0.0,0.0,0.0007260479927062988
1785289971.9799902,0.0,0.0,0.0007188479900360107
1785289971.9810774,0.0,0.0,0.0007242879867553711
1785289971.9821637,0.0,0.0,0.0007220479846000671
1785289971.9832609,0.0,0.0,0.0007404800057411193
1785289971.9843504,0.0,0.0,0.000724511981010437
1785289971.9855776,0.0,0.0,0.0008638719916343689
1785289971.9866645,0.0,0.0,0.0007224320173263549
1785289971.9877768,0.0,0.0,0.000749888002872467
1785289971.9888623,0.0,0.0,0.0007143999934196472
1785289971.9905117,0.0,0.0,0.0012899199724197387
1785289971.9916508,0.0,0.0,0.0007678080201148987
1785289971.9927547,0.0,0.0,0.0007360320091247558
1785289971.9938524,0.0,0.0,0.0007307519912719727
1785289971.9949322,0.0,0.0,0.0007212160229682922
1785289971.9960392,0.0,0.0,0.0007192000150680543
1785289971.9971278,0.0,0.0,0.0007224320173263549
1785289971.9982116,0.0,0.0,0.0007231360077857972
1785289971.999324,0.0,0.0,0.0007468479871749878
1785289972.0004182,0.0,0.0,0.0007325119972229004
1785289972.0015097,0.0,0.0,0.0007342720031738282
1785289972.0025923,0.0,0.0,0.0007204800248146057
1785289972.003711,0.0,0.0,0.0007526080012321472
1785289972.0048006,0.0,0.0,0.0007274240255355835
1785289972.005892,0.0,0.0,0.0007276800274848938
1785289972.0069642,0.0,0.0,0.0007143999934196472
1785289972.0080843,0.0,0.0,0.0007394880056381225
1785289972.0091705,0.0,0.0,0.0007192000150680543
1785289972.0102546,0.0,0.0,0.000719871997833252
1785289972.0113666,0.0,0.0,0.0007490559816360474
1785289972.0124536,0.0,0.0,0.0007251840233802795
1785289972.0135317,0.0,0.0,0.0007180799841880798
1785289972.014611,0.0,0.0,0.0007175359725952148
1785289972.015706,0.0,0.0,0.0007348799705505371
1785289972.0167732,0.0,0.0,0.0007076799869537353
1785289972.017845,0.0,0.0,0.0007098240256309509
1785289972.0189204,0.0,0.0,0.0007179520130157471
1785289972.0200496,0.0,0.0,0.0007400000095367431
1785289972.0211253,0.0,0.0,0.0007124159932136536
1785289972.022196,0.0,0.0,0.0007148159742355346
1785289972.023299,0.0,0.0,0.0007412480115890503
1785289972.024383,0.0,0.0,0.0007255679965019226
1785289972.0254612,0.0,0.0,0.0007168639898300171
1785289972.026537,0.0,0.0,0.0007152640223503112
1785289972.027641,0.0,0.0,0.000746783971786499
1785289972.0287042,0.0,0.0,0.0007023360133171082
1785289972.029799,0.0,0.0,0.0007141119837760925
1785289972.0308805,0.0,0.0,0.0007194240093231202
1785289972.031989,0.0,0.0,0.0007225599884986877
1785289972.033064,0.0,0.0,0.0007143359780311584
1785289972.0341392,0.0,0.0,0.0007208960056304932
1785289972.0352328,0.0,0.0,0.0007347840070724487
1785289972.0363147,0.0,0.0,0.0007204480171203613
1785289972.0373824,0.0,0.0,0.0007066879868507385
1785289972.0384734,0.0,0.0,0.0007283840179443359
1785289972.0395746,0.0,0.0,0.0007383040189743042
1785289972.0407965,0.0,0.0,0.000864031970500946
1785289972.0418806,0.0,0.0,0.0007183039784431457
1785289972.0429611,0.0,0.0,0.0007206079959869385
1785289972.044059,0.0,0.0,0.000716159999370575
1785289972.0456672,0.0,0.0,0.001242400050163269
1785289972.0467677,0.0,0.0,0.0007288960218429565
1785289972.0478823,0.0,0.0,0.0007263039946556092
1785289972.0489826,0.0,0.0,0.0007274240255355835
1785289972.0500574,0.0,0.0,0.0007146559953689575
1785289972.0511713,0.0,0.0,0.0007520959973335266
1785289972.052258,0.0,0.0,0.0007188159823417663
1785289972.0533357,0.0,0.0,0.0007167680263519287
1785289972.0544174,0.0,0.0,0.0007208960056304932
1785289972.0555346,0.0,0.0,0.0007539839744567871
1785289972.0566146,0.0,0.0,0.000724128007888794
1785289972.0576756,0.0,0.0,0.0007002879977226257
1785289972.0587423,0.0,0.0,0.0007094079852104187
1785289972.059852,0.0,0.0,0.0007493119835853577
1785289972.0609262,0.0,0.0,0.0007108160257339477
1785289972.0620067,0.0,0.0,0.0007189120054244995
1785289972.0631216,0.0,0.0,0.000732479989528656
1785289972.064197,0.0,0.0,0.0007112320065498352
1785289972.0652795,0.0,0.0,0.0007218559980392456
1785289972.0663579,0.0,0.0,0.0007254719734191894
1785289972.067467,0.0,0.0,0.0007473599910736084
1785289972.0685523,0.0,0.0,0.0007196159958839417
1785289972.0696406,0.0,0.0,0.0007308800220489502
1785289972.070725,0.0,0.0,0.0007213760018348694
1785289972.0718231,0.0,0.0,0.0007389439940452576
1785289972.0729113,0.0,0.0,0.0007270399928092957
1785289972.073994,0.0,0.0,0.0007237759828567505
1785289972.075077,0.0,0.0,0.000720416009426117
1785289972.0761929,0.0,0.0,0.0007320960164070129
1785289972.0772738,0.0,0.0,0.0007199680209159851
1785289972.0783503,0.0,0.0,0.0007176640033721924
1785289972.0794692,0.0,0.0,0.0007543680071830749
1785289972.0805593,0.0,0.0,0.000724448025226593
1785289972.081639,0.0,0.0,0.0007215999960899353
1785289972.08272,0.0,0.0,0.0007188159823417663
1785289972.0838325,0.0,0.0,0.0007491840124130249
1785289972.0849373,0.0,0.0,0.000735647976398468
1785289972.0860262,0.0,0.0,0.0007235199809074402
1785289972.0871525,0.0,0.0,0.0007608640193939209
1785289972.0882409,0.0,0.0,0.0007196800112724305
1785289972.0893245,0.0,0.0,0.0007182080149650574
1785289972.0904012,0.0,0.0,0.000714784026145935
1785289972.0915184,0.0,0.0,0.000753279983997345
1785289972.0926046,0.0,0.0,0.000717024028301239
1785289972.0936747,0.0,0.0,0.0007117120027542114
1785289972.0947633,0.0,0.0,0.0007268159985542298
1785289972.0960028,0.0,0.0,0.0008616639971733093
1785289972.0970917,0.0,0.0,0.0007200639843940735
1785289972.098184,0.0,0.0,0.000725055992603302
1785289972.0992758,0.0,0.0,0.0007335360050201415
1785289972.1009116,0.0,0.0,0.0012725440263748168
1785289972.102003,0.0,0.0,0.0007208960056304932
1785289972.1030881,0.0,0.0,0.0007251520156860351
1785289972.1042042,0.0,0.0,0.0007221760153770446
1785289972.1052961,0.0,0.0,0.0007299519777297974
1785289972.106377,0.0,0.0,0.0007240960001945496
1785289972.1074898,0.0,0.0,0.000752672016620636
1785289972.1085763,0.0,0.0,0.0007203199863433838
1785289972.1096606,0.0,0.0,0.0007212799787521362
1785289972.1107478,0.0,0.0,0.0007285760045051575
1785289972.1118584,0.0,0.0,0.0007268480062484742
1785289972.1129477,0.0,0.0,0.0007283520102500915
1785289972.1140382,0.0,0.0,0.0007302719950675965
1785289972.1151514,0.0,0.0,0.0007528640031814575
1785289972.1162512,0.0,0.0,0.000731552004814148
1785289972.1173434,0.0,0.0,0.0007300480008125306
1785289972.118413,0.0,0.0,0.0007112640142440796
1785289972.1195154,0.0,0.0,0.0007420799732208252
1785289972.1206033,0.0,0.0,0.0007237439751625061
1785289972.1216812,0.0,0.0,0.0007163839936256409
1785289972.1227458,0.0,0.0,0.0007009599804878234
1785289972.123854,0.0,0.0,0.000750495970249176
1785289972.1249423,0.0,0.0,0.0007215679883956909
1785289972.126128,0.0,0.0,0.0007366399765014648
1785289972.1272414,0.0,0.0,0.0007459520101547241
1785289972.1283329,0.0,0.0,0.0007247999906539917
1785289972.1294112,0.0,0.0,0.0007183039784431457
1785289972.1304834,0.0,0.0,0.0007115520238876342
1785289972.1315875,0.0,0.0,0.000741536021232605
1785289972.1326652,0.0,0.0,0.0007082880139350891
1785289972.133738,0.0,0.0,0.0007134720087051392
1785289972.134809,0.0,0.0,0.0007172799706459045
1785289972.135912,0.0,0.0,0.0007186880111694336
1785289972.1369958,0.0,0.0,0.0007186880111694336
1785289972.1380873,0.0,0.0,0.0007274240255355835
1785289972.1391814,0.0,0.0,0.0007307839989662171
1785289972.1402707,0.0,0.0,0.000719103991985321
1785289972.1413438,0.0,0.0,0.000714847981929779
1785289972.1424205,0.0,0.0,0.0007217599749565124
1785289972.1435275,0.0,0.0,0.0007482240200042725
1785289972.1446102,0.0,0.0,0.0007149119973182678
1785289972.1457038,0.0,0.0,0.0007339199781417847
1785289972.1467812,0.0,0.0,0.0007178879976272583
1785289972.1478956,0.0,0.0,0.0007302079796791077
1785289972.1489754,0.0,0.0,0.0007192639708518982
1785289972.150045,0.0,0.0,0.0007070080041885376
1785289972.1512797,0.0,0.0,0.0008731520175933838
1785289972.1523707,0.0,0.0,0.0007245439887046814
1785289972.1534545,0.0,0.0,0.0007162560224533081
1785289972.1545146,0.0,0.0,0.0007054719924926758
1785289972.1561787,0.0,0.0,0.0013123840093612672
1785289972.1572783,0.0,0.0,0.0007225599884986877
1785289972.1583629,0.0,0.0,0.000719103991985321
1785289972.1594694,0.0,0.0,0.0007451840043067932
1785289972.1605651,0.0,0.0,0.0007241920232772827
1785289972.161647,0.0,0.0,0.0007190399765968323
1785289972.162729,0.0,0.0,0.0007172480225563049
1785289972.1638227,0.0,0.0,0.0007297919988632203
1785289972.1648989,0.0,0.0,0.0007118399739265441
1785289972.1659667,0.0,0.0,0.0007097920179367066
1785289972.1670365,0.0,0.0,0.000708512008190155
1785289972.1681583,0.0,0.0,0.0007325119972229004
1785289972.1692224,0.0,0.0,0.0007093759775161743
1785289972.1702828,0.0,0.0,0.0007046399712562562
1785289972.171367,0.0,0.0,0.0007290239930152893
1785289972.17245,0.0,0.0,0.000717024028301239
1785289972.1735377,0.0,0.0,0.0007278079986572266
1785289972.174624,0.0,0.0,0.0007232639789581299
1785289972.175736,0.0,0.0,0.000747871994972229
1785289972.176838,0.0,0.0,0.0007328320145606994
1785289972.1779287,0.0,0.0,0.0007297279834747315
1785289972.1790192,0.0,0.0,0.0007279040217399597
1785289972.180139,0.0,0.0,0.0007346879839897156
1785289972.1812346,0.0,0.0,0.0007334719896316529
1785289972.1823351,0.0,0.0,0.0007397119998931885
1785289972.1834438,0.0,0.0,0.0007497599720954895
1785289972.1845345,0.0,0.0,0.0007288640141487121
1785289972.185621,0.0,0.0,0.0007240639925003052
1785289972.1866841,0.0,0.0,0.0007063680291175842
1785289972.1877913,0.0,0.0,0.0007520639896392823
1785289972.18888,0.0,0.0,0.0007244160175323486
1785289972.189969,0.0,0.0,0.0007247040271759033
1785289972.1910462,0.0,0.0,0.0007186880111694336
1785289972.1921408,0.0,0.0,0.0007116159796714782
1785289972.1932123,0.0,0.0,0.0007103679776191711
1785289972.1942856,0.0,0.0,0.0007151359915733337
1785289972.195381,0.0,0.0,0.0007376639842987061
1785289972.196461,0.0,0.0,0.0007154560089111328
1785289972.197546,0.0,0.0,0.0007241920232772827
1785289972.1986191,0.0,0.0,0.0007131839990615845
1785289972.1997128,0.0,0.0,0.0007386239767074585
1785289972.200788,0.0,0.0,0.000715391993522644
1785289972.2018778,0.0,0.0,0.0007329919934272766
1785289972.202944,0.0,0.0,0.0007059199810028076
1785289972.2040613,0.0,0.0,0.0007305279970169068
1785289972.2051394,0.0,0.0,0.0007138239741325378
1785289972.2063842,0.0,0.0,0.0008632959723472595
1785289972.2075026,0.0,0.0,0.0007500479817390442
1785289972.2085795,0.0,0.0,0.0007125120162963868
1785289972.2096827,0.0,0.0,0.00073990398645401
1785289972.2113655,0.0,0.0,0.0013186559677124024
1785289972.2124617,0.0,0.0,0.0007223359942436218
1785289972.2135339,0.0,0.0,0.0007133119702339172
1785289972.214608,0.0,0.0,0.0007225599884986877
1785289972.2157214,0.0,0.0,0.0007501760125160217
1785289972.216818,0.0,0.0,0.0007259520292282104
1785289972.2179077,0.0,0.0,0.0007270079851150513
1785289972.2190046,0.0,0.0,0.0007208639979362488
1785289972.220106,0.0,0.0,0.0007145919799804687
1785289972.221176,0.0,0.0,0.0007064319849014282
1785289972.2222598,0.0,0.0,0.0007232319712638855
1785289972.2233703,0.0,0.0,0.000747871994972229
1785289972.2244582,0.0,0.0,0.0007220479846000671
1785289972.2255306,0.0,0.0,0.0007174720168113709
1785289972.2266173,0.0,0.0,0.0007247040271759033
1785289972.227728,0.0,0.0,0.0007485439777374268
1785289972.2288098,0.0,0.0,0.0007149440050125122
1785289972.229885,0.0,0.0,0.0007161279916763306
1785289972.230967,0.0,0.0,0.0007184640169143676
1785289972.2320628,0.0,0.0,0.0007140480279922485
1785289972.2331636,0.0,0.0,0.0007392640113830566
1785289972.234242,0.0,0.0,0.0007189440131187439
1785289972.2353582,0.0,0.0,0.0007573440074920654
1785289972.2364533,0.0,0.0,0.0007308480143547058
1785289972.2375233,0.0,0.0,0.0007043840289115905
1785289972.238595,0.0,0.0,0.0007109760046005249
1785289972.2396939,0.0,0.0,0.0007365760207176208
1785289972.2407835,0.0,0.0,0.0007260800004005432
1785289972.2418685,0.0,0.0,0.0007234879732131958
1785289972.2429326,0.0,0.0,0.000705120027065277
1785289972.2440398,0.0,0.0,0.0007187200188636779
1785289972.2451248,0.0,0.0,0.0007218239903450012
1785289972.246211,0.0,0.0,0.0007242239713668823
1785289972.2473223,0.0,0.0,0.0007516480088233948
1785289972.2484055,0.0,0.0,0.0007208319902420044
1785289972.2494805,0.0,0.0,0.0007122560143470765
1785289972.2505476,0.0,0.0,0.0007057600021362305
1785289972.251645,0.0,0.0,0.0007368320226669311
1785289972.2527342,0.0,0.0,0.0007224640250205993
1785289972.2538135,0.0,0.0,0.0007140799760818481
1785289972.2548754,0.0,0.0,0.0007058879733085632
1785289972.255986,0.0,0.0,0.0007287039756774902
1785289972.2570815,0.0,0.0,0.0007330880165100097
1785289972.2581587,0.0,0.0,0.0007165120244026184
1785289972.2592533,0.0,0.0,0.0007369920015335084
1785289972.2603402,0.0,0.0,0.0007230719923973084
1785289972.2615585,0.0,0.0,0.0008549119830131531
1785289972.2626438,0.0,0.0,0.0007242879867553711
1785289972.2637465,0.0,0.0,0.0007402560114860534
1785289972.2648296,0.0,0.0,0.000720736026763916
1785289972.2664785,0.0,0.0,0.0007393280267715454
1785289972.2676055,0.0,0.0,0.0007556160092353821
1785289972.2686768,0.0,0.0,0.0007068480253219604
1785289972.2697573,0.0,0.0,0.000719327986240387
1785289972.2708476,0.0,0.0,0.0007274240255355835
1785289972.2719514,0.0,0.0,0.000725055992603302
1785289972.2730222,0.0,0.0,0.0007127360105514527
1785289972.2740977,0.0,0.0,0.0007131839990615845
1785289972.2751868,0.0,0.0,0.0007325119972229004
1785289972.2762744,0.0,0.0,0.0007228479981422425
1785289972.2773464,0.0,0.0,0.0007125759720802307
1785289972.278431,0.0,0.0,0.0007226880192756652
1785289972.2795384,0.0,0.0,0.0007442560195922851
1785289972.2806275,0.0,0.0,0.0007271360158920288
1785289972.2817104,0.0,0.0,0.000723039984703064
1785289972.2827888,0.0,0.0,0.000718559980392456
1785289972.283903,0.0,0.0,0.0007347840070724487
1785289972.2849808,0.0,0.0,0.000714303970336914
1785289972.2860482,0.0,0.0,0.0007112320065498352
1785289972.287134,0.0,0.0,0.000719327986240387
1785289972.2882195,0.0,0.0,0.0007206400036811829
1785289972.2892883,0.0,0.0,0.0007085760235786439
1785289972.2903717,0.0,0.0,0.0007236480116844178
1785289972.2914703,0.0,0.0,0.0007385920286178589
1785289972.2925334,0.0,0.0,0.0007065920233726502
1785289972.2936018,0.0,0.0,0.0007074559926986694
1785289972.29469,0.0,0.0,0.0007255039811134338
1785289972.2957911,0.0,0.0,0.0007389439940452576
1785289972.2968621,0.0,0.0,0.0007106879949569702
1785289972.297947,0.0,0.0,0.0007254719734191894
1785289972.2990417,0.0,0.0,0.0007309759855270386
1785289972.3001673,0.0,0.0,0.0007362880110740661
1785289972.3012383,0.0,0.0,0.0007140160202980041
1785289972.3023148,0.0,0.0,0.0007238720059394837
1785289972.303425,0.0,0.0,0.0007526080012321472
1785289972.3045094,0.0,0.0,0.0007206720113754273
1785289972.3055918,0.0,0.0,0.0007208319902420044
1785289972.3066707,0.0,0.0,0.0007227519750595093
1785289972.3077908,0.0,0.0,0.0007592960000038147
1785289972.3088682,0.0,0.0,0.0007123839855194092
1785289972.3099403,0.0,0.0,0.0007094720005989075
1785289972.311007,0.0,0.0,0.0007098879814147949
1785289972.3121147,0.0,0.0,0.0007233920097351075
1785289972.3131907,0.0,0.0,0.0007177919745445251
1785289972.3142881,0.0,0.0,0.0007350720167160034
1785289972.3153949,0.0,0.0,0.0007454720139503479
1785289972.316607,0.0,0.0,0.0008501440286636352
1785289972.317691,0.0,0.0,0.0007239680290222168
1785289972.3187757,0.0,0.0,0.0007219840288162231
1785289972.3198762,0.0,0.0,0.0007215359807014465
1785289972.321536,0.0,0.0,0.0012993279695510864
1785289972.3226328,0.0,0.0,0.000723583996295929
1785289972.323755,0.0,0.0,0.0007593920230865479
1785289972.3248348,0.0,0.0,0.000718559980392456
1785289972.325904,0.0,0.0,0.0007094079852104187
1785289972.3269906,0.0,0.0,0.0007267839908599854
1785289972.328116,0.0,0.0,0.0007382720112800598
1785289972.3291895,0.0,0.0,0.0007131519913673401
1785289972.3302681,0.0,0.0,0.0007177600264549255
1785289972.3313665,0.0,0.0,0.0007369279861450196
1785289972.3324585,0.0,0.0,0.0007269759774208069
1785289972.3335238,0.0,0.0,0.0007039039731025696
1785289972.334619,0.0,0.0,0.000732800006866455
1785289972.3357394,0.0,0.0,0.0007578880190849304
1785289972.3368225,0.0,0.0,0.0007174720168113709
1785289972.337899,0.0,0.0,0.0007126719951629639
1785289972.338985,0.0,0.0,0.0007213760018348694
1785289972.3400953,0.0,0.0,0.0007205119729042053
1785289972.3411613,0.0,0.0,0.0007073280215263367
1785289972.342254,0.0,0.0,0.0007270720005035401
1785289972.3433688,0.0,0.0,0.0007537599802017212
1785289972.3444335,0.0,0.0,0.0007012159824371337
1785289972.3455074,0.0,0.0,0.0007190080285072326
1785289972.3465836,0.0,0.0,0.0007185279726982116
1785289972.3476994,0.0,0.0,0.0007542399764060974
1785289972.348774,0.0,0.0,0.0007093440294265747
1785289972.3498437,0.0,0.0,0.0007108799815177917
1785289972.350908,0.0,0.0,0.0007052159905433655
1785289972.3520231,0.0,0.0,0.0007288960218429565
1785289972.3530939,0.0,0.0,0.0007099840044975281
1785289972.3541615,0.0,0.0,0.0007100160121917725
1785289972.3552473,0.0,0.0,0.0007263360023498536
1785289972.3563313,0.0,0.0,0.0007247359752655029
1785289972.3573937,0.0,0.0,0.0007020800113677979
1785289972.3584707,0.0,0.0,0.0007174720168113709
1785289972.3595846,0.0,0.0,0.000751039981842041
1785289972.360668,0.0,0.0,0.0007179200053215027
1785289972.3617418,0.0,0.0,0.0007140480279922485
1785289972.362805,0.0,0.0,0.0007050560116767884
1785289972.3639207,0.0,0.0,0.0007303360104560852
1785289972.365006,0.0,0.0,0.0007221760153770446
1785289972.366094,0.0,0.0,0.0007258560061454773
1785289972.3672035,0.0,0.0,0.0007483199834823609
1785289972.3682814,0.0,0.0,0.0007125440239906311
1785289972.3693569,0.0,0.0,0.0007176960110664368
1785289972.3704312,0.0,0.0,0.0007159360051155091
1785289972.371655,0.0,0.0,0.0008650559782981872
1785289972.372755,0.0,0.0,0.0007343680262565613
1785289972.3738415,0.0,0.0,0.0007250239849090576
1785289972.374916,0.0,0.0,0.0007200000286102295
1785289972.3765497,0.0,0.0,0.00125491201877594
1785289972.3776417,0.0,0.0,0.0007230719923973084
1785289972.3787415,0.0,0.0,0.0007398399710655212
1785289972.3798676,0.0,0.0,0.0007634239792823792
1785289972.3809533,0.0,0.0,0.0007207040190696716
1785289972.3820388,0.0,0.0,0.0007226240038871765
1785289972.383139,0.0,0.0,0.0007399359941482544
1785289972.3842285,0.0,0.0,0.0007310720086097717
1785289972.3852997,0.0,0.0,0.0007169280052185059
1785289972.3863733,0.0,0.0,0.000712831974029541
1785289972.3874795,0.0,0.0,0.0007515519857406617
1785289972.3885632,0.0,0.0,0.0007182080149650574
1785289972.389655,0.0,0.0,0.000729088008403778
1785289972.3907266,0.0,0.0,0.0007104319930076599
1785289972.3918254,0.0,0.0,0.0007373759746551514
1785289972.3929136,0.0,0.0,0.0007216960191726684
1785289972.3939934,0.0,0.0,0.0007247679829597473
1785289972.395072,0.0,0.0,0.0007212479710578918
1785289972.3961973,0.0,0.0,0.00072816002368927
1785289972.3972785,0.0,0.0,0.0007158079743385315
1785289972.3983657,0.0,0.0,0.0007309120297431946
1785289972.399469,0.0,0.0,0.0007419840097427368
1785289972.400561,0.0,0.0,0.0007258880138397216
1785289972.4016294,0.0,0.0,0.0007070720195770264
1785289972.4027064,0.0,0.0,0.0007193920016288758
1785289972.4038002,0.0,0.0,0.0007384960055351257
1785289972.404952,0.0,0.0,0.0007191359996795655
1785289972.4060395,0.0,0.0,0.0007225599884986877
1785289972.4071343,0.0,0.0,0.0007390080094337463
1785289972.408216,0.0,0.0,0.0007193920016288758
1785289972.409292,0.0,0.0,0.0007159680128097535
1785289972.4103725,0.0,0.0,0.0007163839936256409
1785289972.4114795,0.0,0.0,0.0007488639950752258
1785289972.4125557,0.0,0.0,0.0007131839990615845
1785289972.4136362,0.0,0.0,0.0007233600020408631
1785289972.4147112,0.0,0.0,0.0007181439995765686
1785289972.4158025,0.0,0.0,0.0007357439994812012
1785289972.41692,0.0,0.0,0.0007222399711608886
1785289972.4179964,0.0,0.0,0.0007178559899330139
1785289972.4190562,0.0,0.0,0.0007028800249099732
1785289972.4201725,0.0,0.0,0.0007376000285148621
1785289972.4212477,0.0,0.0,0.0007131519913673401
1785289972.422307,0.0,0.0,0.0007039039731025696
1785289972.4233956,0.0,0.0,0.0007352319955825806
1785289972.4244714,0.0,0.0,0.0007162560224533081
1785289972.425538,0.0,0.0,0.0007094720005989075
1785289972.426766,0.0,0.0,0.0008664960265159607
1785289972.4278753,0.0,0.0,0.0007285119891166687
1785289972.428951,0.0,0.0,0.0007095680236816406
1785289972.4300382,0.0,0.0,0.0007314879894256592
1785289972.43175,0.0,0.0,0.0013543039560317994
1785289972.4328496,0.0,0.0,0.0007247040271759033
1785289972.433931,0.0,0.0,0.0007202879786491394
1785289972.4350088,0.0,0.0,0.0007202879786491394
1785289972.4361348,0.0,0.0,0.0007301440238952637
1785289972.4372034,0.0,0.0,0.0007025920152664185
1785289972.4382944,0.0,0.0,0.0007265599966049195
1785289972.4393806,0.0,0.0,0.0007281280159950256
1785289972.4404688,0.0,0.0,0.000718496024608612
1785289972.4415605,0.0,0.0,0.0007281280159950256
1785289972.442651,0.0,0.0,0.0007300159931182862
1785289972.4437664,0.0,0.0,0.0007537279725074768
1785289972.444846,0.0,0.0,0.0007191359996795655
1785289972.4459302,0.0,0.0,0.0007282879948616028
1785289972.4469998,0.0,0.0,0.0007113280296325683
1785289972.4480946,0.0,0.0,0.0007178239822387695
1785289972.4491687,0.0,0.0,0.0007163199782371521
1785289972.450245,0.0,0.0,0.0007166079878807068
1785289972.451351,0.0,0.0,0.0007424960136413574
1785289972.4524393,0.0,0.0,0.0007203199863433838
1785289972.4535322,0.0,0.0,0.000726751983165741
1785289972.4545987,0.0,0.0,0.0007071999907493591
1785289972.4557102,0.0,0.0,0.0007529919743537903
1785289972.456794,0.0,0.0,0.0007189440131187439
1785289972.4578767,0.0,0.0,0.0007194560170173645
1785289972.4589624,0.0,0.0,0.0007239360213279724
1785289972.4600844,0.0,0.0,0.0007339519858360291
1785289972.4611607,0.0,0.0,0.0007103999853134155
1785289972.4622262,0.0,0.0,0.0007056959867477417
1785289972.4633207,0.0,0.0,0.0007322559952735901
1785289972.464403,0.0,0.0,0.0007190080285072326
1785289972.4654708,0.0,0.0,0.0007087680101394654
1785289972.4665477,0.0,0.0,0.0007187839746475219
1785289972.467654,0.0,0.0,0.0007408639788627625
1785289972.4687476,0.0,0.0,0.0007299519777297974
1785289972.4698386,0.0,0.0,0.0007280640006065369
1785289972.4708972,0.0,0.0,0.0006987839937210083
1785289972.471993,0.0,0.0,0.0007100480198860169
1785289972.4730737,0.0,0.0,0.0007166399955749512
1785289972.4741435,0.0,0.0,0.0007082560062408447
1785289972.4752448,0.0,0.0,0.0007439680099487304
1785289972.4763424,0.0,0.0,0.0007368639707565308
1785289972.4774134,0.0,0.0,0.0007147200107574463
1785289972.478491,0.0,0.0,0.0007241920232772827
1785289972.4796085,0.0,0.0,0.0007586560249328614
1785289972.4806783,0.0,0.0,0.0007103360295295715
1785289972.4819047,0.0,0.0,0.0008683840036392212
1785289972.4829774,0.0,0.0,0.0007086079716682434
1785289972.4840772,0.0,0.0,0.0007152000069618225
1785289972.485172,0.0,0.0,0.0007345920205116272
1785289972.4869142,0.0,0.0,0.0013775360584259034
1785289972.4880314,0.0,0.0,0.0007180479764938354
1785289972.4891274,0.0,0.0,0.000734175980091095
1785289972.4902022,0.0,0.0,0.0007189440131187439
1785289972.4913003,0.0,0.0,0.0007406079769134522
1785289972.4923868,0.0,0.0,0.0007264639735221863
1785289972.4934814,0.0,0.0,0.0007299200296401977
1785289972.4946005,0.0,0.0,0.0007499200105667114
1785289972.4957173,0.0,0.0,0.0007434560060501098
1785289972.4967806,0.0,0.0,0.0007056639790534973
1785289972.4978464,0.0,0.0,0.0007118719816207885
1785289972.4989126,0.0,0.0,0.0007087039947509766
1785289972.4999957,0.0,0.0,0.0007016639709472657
1785289972.5010583,0.0,0.0,0.0007107200026512146
1785289972.502119,0.0,0.0,0.0007034559845924377
1785289972.5032105,0.0,0.0,0.000730400025844574
1785289972.504298,0.0,0.0,0.0007280319929122925
1785289972.5053742,0.0,0.0,0.0007212479710578918
1785289972.5064476,0.0,0.0,0.0007143679857254028
1785289972.5075448,0.0,0.0,0.0007405120134353637
1785289972.5086439,0.0,0.0,0.0007325119972229004
1785289972.509711,0.0,0.0,0.0007123200297355651
1785289972.510775,0.0,0.0,0.0007106239795684814
1785289972.5118926,0.0,0.0,0.0007298240065574647
1785289972.512973,0.0,0.0,0.0007178239822387695
1785289972.514047,0.0,0.0,0.0007124800086021424
1785289972.515141,0.0,0.0,0.0007361599802970886
1785289972.5162292,0.0,0.0,0.0007208639979362488
1785289972.5173256,0.0,0.0,0.0007329599857330322
1785289972.5184,0.0,0.0,0.000714303970336914
1785289972.5195081,0.0,0.0,0.0007492160201072693
1785289972.520583,0.0,0.0,0.0007179200053215027
1785289972.5216603,0.0,0.0,0.0007234560251235962
1785289972.522743,0.0,0.0,0.0007251840233802795
1785289972.5238638,0.0,0.0,0.000762336015701294
1785289972.5249457,0.0,0.0,0.000712448000907898
1785289972.5260127,0.0,0.0,0.0007081599831581115
1785289972.5270832,0.0,0.0,0.0007132160067558289
1785289972.5281732,0.0,0.0,0.0007021440267562867
1785289972.5292528,0.0,0.0,0.0007162240147590638
1785289972.530311,0.0,0.0,0.0007039359807968139
1785289972.5314248,0.0,0.0,0.0007538239955902099
1785289972.5324943,0.0,0.0,0.0007064319849014282
1785289972.5335763,0.0,0.0,0.0007200959920883179
1785289972.534664,0.0,0.0,0.0007255679965019226
1785289972.5357633,0.0,0.0,0.0007431679964065552
1785289972.5369813,0.0,0.0,0.0008519039750099182
1785289972.538068,0.0,0.0,0.0007248319983482361
1785289972.539178,0.0,0.0,0.0007524160146713257
1785289972.5402677,0.0,0.0,0.0007270079851150513
1785289972.5419335,0.0,0.0,0.0013045120239257814
1785289972.5430326,0.0,0.0,0.0007247999906539917
1785289972.5441437,0.0,0.0,0.0007204800248146057
1785289972.5452173,0.0,0.0,0.0007162560224533081
1785289972.5463066,0.0,0.0,0.0007264000177383422
1785289972.547415,0.0,0.0,0.0007484480142593384
1785289972.548499,0.0,0.0,0.0007251200079917908
1785289972.5495667,0.0,0.0,0.0007113919854164123
1785289972.550639,0.0,0.0,0.000714784026145935
1785289972.5517373,0.0,0.0,0.0007388479709625244
1785289972.552829,0.0,0.0,0.0007276800274848938
1785289972.5538943,0.0,0.0,0.0007034879922866821
1785289972.5549495,0.0,0.0,0.0006976959705352784
1785289972.5560563,0.0,0.0,0.0007208960056304932
1785289972.5571434,0.0,0.0,0.0007283520102500915
1785289972.5582368,0.0,0.0,0.0007362239956855774
1785289972.559352,0.0,0.0,0.0007562559843063355
1785289972.5604413,0.0,0.0,0.0007280319929122925
1785289972.5615304,0.0,0.0,0.0007221760153770446
1785289972.562623,0.0,0.0,0.0007264959812164307
1785289972.5637345,0.0,0.0,0.0007482879757881165
1785289972.5648031,0.0,0.0,0.0007071040272712707
1785289972.5658743,0.0,0.0,0.0007182400226593017
1785289972.5669458,0.0,0.0,0.0007130560278892517
1785289972.568057,0.0,0.0,0.000724128007888794
1785289972.5691354,0.0,0.0,0.0007178879976272583
1785289972.5702078,0.0,0.0,0.000718176007270813
1785289972.5712914,0.0,0.0,0.0007273280024528504
1785289972.5723827,0.0,0.0,0.0007303360104560852
1785289972.5734653,0.0,0.0,0.0007153599858283996
1785289972.5745404,0.0,0.0,0.0007143359780311584
1785289972.5756528,0.0,0.0,0.0007525439858436585
1785289972.5767362,0.0,0.0,0.0007196800112724305
1785289972.5778115,0.0,0.0,0.0007105280160903931
1785289972.5788841,0.0,0.0,0.0007131839990615845
1785289972.5799985,0.0,0.0,0.0007257279753684997
1785289972.581068,0.0,0.0,0.0007072960138320923
1785289972.5821416,0.0,0.0,0.0007167999744415283
1785289972.5832338,0.0,0.0,0.000731328010559082
1785289972.5843284,0.0,0.0,0.0007335360050201415
1785289972.5854297,0.0,0.0,0.0007396159768104553
1785289972.5865126,0.0,0.0,0.0007283520102500915
1785289972.5876353,0.0,0.0,0.0007615360021591186
1785289972.5887208,0.0,0.0,0.0007219520211219787
1785289972.5897996,0.0,0.0,0.0007158079743385315
1785289972.5908709,0.0,0.0,0.000717024028301239
1785289972.5921228,0.0,0.0,0.0008711680173873901
1785289972.5931983,0.0,0.0,0.0007129600048065186
1785289972.5942936,0.0,0.0,0.000731328010559082
1785289972.595396,0.0,0.0,0.0007381439805030823
1785289972.5970163,0.0,0.0,0.0012615360021591188
1785289972.598099,0.0,0.0,0.0007151679992675781
1785289972.599197,0.0,0.0,0.0007395840287208557
1785289972.6002932,0.0,0.0,0.000729695975780487
1785289972.6013618,0.0,0.0,0.0007103679776191711
1785289972.6024318,0.0,0.0,0.0007130879759788513
1785289972.6035497,0.0,0.0,0.0007640960216522217
1785289972.6046267,0.0,0.0,0.0007159680128097535
1785289972.605712,0.0,0.0,0.0007263039946556092
1785289972.6067874,0.0,0.0,0.00071670401096344
1785289972.6078937,0.0,0.0,0.0007196800112724305
1785289972.6089807,0.0,0.0,0.0007237120270729065
1785289972.6100683,0.0,0.0,0.0007242559790611267
1785289972.6111662,0.0,0.0,0.0007359679937362671
1785289972.612251,0.0,0.0,0.0007200639843940735
1785289972.6133325,0.0,0.0,0.0007186560034751892
1785289972.6144156,0.0,0.0,0.0007254400253295898
1785289972.6155062,0.0,0.0,0.0007314879894256592
1785289972.61659,0.0,0.0,0.0007186880111694336
1785289972.6176615,0.0,0.0,0.000710207998752594
1785289972.618739,0.0,0.0,0.0007164800167083741
1785289972.619853,0.0,0.0,0.0007514879703521729
1785289972.6209497,0.0,0.0,0.000729312002658844
1785289972.6220129,0.0,0.0,0.0007051519751548767
1785289972.6231275,0.0,0.0,0.0007249280214309692
1785289972.6242237,0.0,0.0,0.0007305920124053955
1785289972.6253064,0.0,0.0,0.0007196800112724305
1785289972.6263835,0.0,0.0,0.0007172160148620606
1785289972.6274836,0.0,0.0,0.0007491840124130249
1785289972.62856,0.0,0.0,0.0007141119837760925
1785289972.6296978,0.0,0.0,0.0007298560142517089
1785289972.6307855,0.0,0.0,0.000722656011581421
1785289972.631888,0.0,0.0,0.000720736026763916
1785289972.632962,0.0,0.0,0.0007103679776191711
1785289972.63405,0.0,0.0,0.0007284160256385803
1785289972.6351612,0.0,0.0,0.0007545599937438964
1785289972.6362731,0.0,0.0,0.0007401279807090759
1785289972.6373413,0.0,0.0,0.000703328013420105
1785289972.6384106,0.0,0.0,0.0007063360214233399
1785289972.6395144,0.0,0.0,0.0007447360157966614
1785289972.640597,0.0,0.0,0.0007182719707489013
1785289972.6417136,0.0,0.0,0.0007183679938316345
1785289972.642799,0.0,0.0,0.0007256640195846557
1785289972.6438935,0.0,0.0,0.0007179840207099914
1785289972.6449697,0.0,0.0,0.0007115200161933899
1785289972.6460621,0.0,0.0,0.0007327679991722107
1785289972.6473126,0.0,0.0,0.0008837760090827942
1785289972.6483948,0.0,0.0,0.0007139840126037598
1785289972.6494699,0.0,0.0,0.0007161279916763306
1785289972.6505623,0.0,0.0,0.0007279360294342041
1785289972.6522102,0.0,0.0,0.0012851200103759766
1785289972.6532881,0.0,0.0,0.000711072027683258
1785289972.6543593,0.0,0.0,0.0007088959813117981
1785289972.6554737,0.0,0.0,0.0007544320225715637
1785289972.656571,0.0,0.0,0.0007336959838867188
1785289972.6576583,0.0,0.0,0.0007238399982452393
1785289972.658739,0.0,0.0,0.0007192000150680543
1785289972.6598442,0.0,0.0,0.0007434560060501098
1785289972.660933,0.0,0.0,0.0007222399711608886
1785289972.6620314,0.0,0.0,0.0007376000285148621
1785289972.6631253,0.0,0.0,0.0007149760127067566
1785289972.664209,0.0,0.0,0.0007154560089111328
1785289972.6652794,0.0,0.0,0.0007140480279922485
1785289972.6663675,0.0,0.0,0.000729312002658844
1785289972.6674948,0.0,0.0,0.0007605440020561218
1785289972.6685774,0.0,0.0,0.0007217919826507568
1785289972.6696637,0.0,0.0,0.0007291200160980224
1785289972.6707504,0.0,0.0,0.0007249919772148132
1785289972.6718884,0.0,0.0,0.0007556160092353821
1785289972.6729827,0.0,0.0,0.0007328320145606994
1785289972.674079,0.0,0.0,0.0007320960164070129
1785289972.6751926,0.0,0.0,0.0007502080202102661
1785289972.6762967,0.0,0.0,0.0007369279861450196
1785289972.677381,0.0,0.0,0.0007175999879837036
1785289972.6784532,0.0,0.0,0.0007062079906463623
1785289972.6795452,0.0,0.0,0.0007291520237922668
1785289972.6806176,0.0,0.0,0.0007126079797744751
1785289972.6816869,0.0,0.0,0.0007104960083961487
1785289972.6827683,0.0,0.0,0.0007244160175323486
1785289972.6838791,0.0,0.0,0.0007314879894256592
1785289972.6849518,0.0,0.0,0.0007120640277862548
1785289972.686023,0.0,0.0,0.0007159039974212647
1785289972.687124,0.0,0.0,0.0007224320173263549
1785289972.6881955,0.0,0.0,0.0007116159796714782
1785289972.6892886,0.0,0.0,0.000737056016921997
1785289972.6903577,0.0,0.0,0.0007104319930076599
1785289972.691474,0.0,0.0,0.0007543039917945861
1785289972.6925495,0.0,0.0,0.000714784026145935
1785289972.6936224,0.0,0.0,0.0007157120108604432
1785289972.6946938,0.0,0.0,0.0007164800167083741
1785289972.6958125,0.0,0.0,0.0007602239847183227
1785289972.6968925,0.0,0.0,0.0007164480090141297
1785289972.6979644,0.0,0.0,0.0007103679776191711
1785289972.699027,0.0,0.0,0.0007034239768981933
1785289972.700116,0.0,0.0,0.0007044159770011901
1785289972.7011878,0.0,0.0,0.0007111039757728576
1785289972.702411,0.0,0.0,0.0008661119937896729
1785289972.703516,0.0,0.0,0.0007396479845046997
1785289972.7046068,0.0,0.0,0.0007293760180473327
1785289972.705686,0.0,0.0,0.0007225599884986877
1785289972.7073472,0.0,0.0,0.0012988159656524658
1785289972.7084613,0.0,0.0,0.0007383679747581482
1785289972.709561,0.0,0.0,0.0007336000204086303
1785289972.7106318,0.0,0.0,0.0007103360295295715
1785289972.711758,0.0,0.0,0.0007684800028800964
1785289972.7128465,0.0,0.0,0.0007243520021438599
1785289972.7139297,0.0,0.0,0.0007182719707489013
1785289972.7150116,0.0,0.0,0.0007193920016288758
1785289972.7161252,0.0,0.0,0.0007239999771118164
1785289972.7172244,0.0,0.0,0.0007368320226669311
1785289972.7182999,0.0,0.0,0.0007154880166053772
1785289972.7194102,0.0,0.0,0.0007476800084114074
1785289972.720487,0.0,0.0,0.0007137600183486939
1785289972.7215602,0.0,0.0,0.000713375985622406
1785289972.7226338,0.0,0.0,0.0007057279944419861
1785289972.7237377,0.0,0.0,0.0007488960027694702
1785289972.7248251,0.0,0.0,0.0007275199890136719
1785289972.7258937,0.0,0.0,0.0007086399793624878
1785289972.7269778,0.0,0.0,0.0007273600101470947
1785289972.7280948,0.0,0.0,0.0007067520022392273
1785289972.7291586,0.0,0.0,0.0007063040137290955
1785289972.73023,0.0,0.0,0.0007136319875717163
1785289972.7313385,0.0,0.0,0.0007486720085144043
1785289972.7324092,0.0,0.0,0.0007094079852104187
1785289972.7334795,0.0,0.0,0.0007158079743385315
1785289972.7345526,0.0,0.0,0.0007128000259399414
1785289972.735648,0.0,0.0,0.0007388799786567688
1785289972.736731,0.0,0.0,0.0007214080095291138
1785289972.737811,0.0,0.0,0.00072079998254776
1785289972.738893,0.0,0.0,0.000718496024608612
1785289972.7399893,0.0,0.0,0.0007196800112724305
1785289972.7410545,0.0,0.0,0.0007090560197830201
1785289972.742139,0.0,0.0,0.0007272639870643616
1785289972.7432153,0.0,0.0,0.0007236480116844178
1785289972.7442935,0.0,0.0,0.0007219520211219787
1785289972.7453728,0.0,0.0,0.0007231040000915528
1785289972.7464423,0.0,0.0,0.0007101759910583496
1785289972.7475412,0.0,0.0,0.0007431039810180664
1785289972.7486084,0.0,0.0,0.0007033920288085937
1785289972.749677,0.0,0.0,0.0007142720222473144
1785289972.7507682,0.0,0.0,0.0007312960028648377
1785289972.7518682,0.0,0.0,0.0007215039730072021
1785289972.752958,0.0,0.0,0.0007177919745445251
1785289972.7540529,0.0,0.0,0.0007342720031738282
1785289972.7551665,0.0,0.0,0.000749567985534668
1785289972.7562618,0.0,0.0,0.0007264000177383422
1785289972.75747,0.0,0.0,0.0008514879941940308
1785289972.7585516,0.0,0.0,0.0007206079959869385
1785289972.759665,0.0,0.0,0.0007513279914855956
1785289972.7607422,0.0,0.0,0.0007148159742355346
1785289972.7623208,0.0,0.0,0.0012181440591812133
1785289972.7634327,0.0,0.0,0.0007389760017395019
1785289972.7645173,0.0,0.0,0.0007192320227622985
1785289972.76561,0.0,0.0,0.0007299839854240418
1785289972.7667062,0.0,0.0,0.0007354239821434021
1785289972.7678227,0.0,0.0,0.0007561920285224915
1785289972.7689006,0.0,0.0,0.0007183039784431457
1785289972.7699876,0.0,0.0,0.0007288320064544678
1785289972.771062,0.0,0.0,0.0007088000178337098
1785289972.7721667,0.0,0.0,0.0007048320174217224
1785289972.773246,0.0,0.0,0.0007233600020408631
1785289972.7743123,0.0,0.0,0.0007076799869537353
1785289972.7754061,0.0,0.0,0.0007340480089187622
1785289972.7764723,0.0,0.0,0.0007101759910583496
1785289972.7775438,0.0,0.0,0.0007100800275802612
1785289972.778632,0.0,0.0,0.0007240639925003052
1785289972.7797484,0.0,0.0,0.000753216028213501
1785289972.7808251,0.0,0.0,0.000714784026145935
1785289972.7819123,0.0,0.0,0.0007297919988632203
1785289972.7830017,0.0,0.0,0.0007336320281028747
1785289972.7841072,0.0,0.0,0.0007212160229682922
1785289972.7851777,0.0,0.0,0.0007111999988555908
1785289972.7862515,0.0,0.0,0.0007150719761848449
1785289972.7873473,0.0,0.0,0.0007363839745521545
1785289972.7884235,0.0,0.0,0.0007130879759788513
1785289972.7895086,0.0,0.0,0.000724448025226593
1785289972.7905893,0.0,0.0,0.0007219840288162231
1785289972.7916918,0.0,0.0,0.0007416639924049378
1785289972.7927504,0.0,0.0,0.0006979519724845887
1785289972.793835,0.0,0.0,0.0007218559980392456
1785289972.7949302,0.0,0.0,0.0007234240174293518
1785289972.7960477,0.0,0.0,0.0007248960137367248
1785289972.797132,0.0,0.0,0.0007254080176353454
1785289972.7982059,0.0,0.0,0.000714847981929779
1785289972.799298,0.0,0.0,0.0007343360185623169
1785289972.800355,0.0,0.0,0.0006980159878730774
1785289972.8014362,0.0,0.0,0.00072297602891922
1785289972.8025265,0.0,0.0,0.0007331200242042541
1785289972.8036432,0.0,0.0,0.0007551360130310059
1785289972.804729,0.0,0.0,0.0007169280052185059
1785289972.8058178,0.0,0.0,0.0007215679883956909
1785289972.8068855,0.0,0.0,0.0007078080177307129
1785289972.8079953,0.0,0.0,0.0007246720194816589
1785289972.8090694,0.0,0.0,0.0007106559872627258
1785289972.8101451,0.0,0.0,0.0007183679938316345
1785289972.811247,0.0,0.0,0.0007453439831733704
1785289972.8124666,0.0,0.0,0.0008531519770622253
1785289972.8135552,0.0,0.0,0.000724128007888794
1785289972.8146365,0.0,0.0,0.0007240639925003052
1785289972.8157492,0.0,0.0,0.000753600001335144
1785289972.8175035,0.0,0.0,0.0013916800022125244
1785289972.8186092,0.0,0.0,0.0007321599721908569
1785289972.819725,0.0,0.0,0.0007512320280075073
1785289972.8208055,0.0,0.0,0.0007177600264549255
1785289972.8218782,0.0,0.0,0.0007080640196800232
1785289972.822955,0.0,0.0,0.0007182719707489013
1785289972.824057,0.0,0.0,0.0007212160229682922
1785289972.8251433,0.0,0.0,0.0007216960191726684
1785289972.8262296,0.0,0.0,0.0007280319929122925
1785289972.8273475,0.0,0.0,0.0007548159956932067
1785289972.8284457,0.0,0.0,0.0007292159795761108
1785289972.8295224,0.0,0.0,0.0007171840071678162
1785289972.8305964,0.0,0.0,0.0007175359725952148
1785289972.8317065,0.0,0.0,0.0007538560032844543
1785289972.8327773,0.0,0.0,0.0007064319849014282
1785289972.8338351,0.0,0.0,0.0007016320228576661
1785289972.834898,0.0,0.0,0.0007047359943389892
1785289972.8359892,0.0,0.0,0.0007169280052185059
1785289972.8370726,0.0,0.0,0.0007205439805984497
1785289972.8381555,0.0,0.0,0.0007259520292282104
1785289972.8392673,0.0,0.0,0.0007509440183639526
1785289972.8403368,0.0,0.0,0.0007077760100364685
1785289972.841418,0.0,0.0,0.0007233600020408631
1785289972.8424845,0.0,0.0,0.0007066879868507385
1785289972.8435733,0.0,0.0,0.0007311040163040161
1785289972.8446343,0.0,0.0,0.0007020480036735535
1785289972.8457158,0.0,0.0,0.000724448025226593
1785289972.8467832,0.0,0.0,0.0007098879814147949
1785289972.8479064,0.0,0.0,0.0007415680289268494
1785289972.848977,0.0,0.0,0.0007093759775161743
1785289972.850055,0.0,0.0,0.0007175679802894592
1785289972.8511565,0.0,0.0,0.0007372480034828186
1785289972.8522418,0.0,0.0,0.0007221119999885559
1785289972.8533084,0.0,0.0,0.0007044159770011901
1785289972.8543756,0.0,0.0,0.0007118399739265441
1785289972.8554788,0.0,0.0,0.0007429119944572449
1785289972.8565638,0.0,0.0,0.0007231680154800415
1785289972.85774,0.0,0.0,0.000728223979473114
1785289972.8588417,0.0,0.0,0.0007351679801940918
1785289972.8599634,0.0,0.0,0.0007423679828643799
1785289972.8610482,0.0,0.0,0.0007241600155830383
1785289972.862113,0.0,0.0,0.0007081919908523559
1785289972.863213,0.0,0.0,0.0007464960217475891
1785289972.864297,0.0,0.0,0.0007188799977302551
1785289972.865379,0.0,0.0,0.0007223359942436218
1785289972.8664556,0.0,0.0,0.0007225279808044433
1785289972.8676882,0.0,0.0,0.0008734080195426941
1785289972.868794,0.0,0.0,0.0007355200052261352
1785289972.8698752,0.0,0.0,0.0007216960191726684
1785289972.8709435,0.0,0.0,0.0007113280296325683
1785289972.8727896,0.0,0.0,0.0014612799882888793
1785289972.8738673,0.0,0.0,0.0007080960273742675
1785289972.8749611,0.0,0.0,0.0007311360239982605
1785289972.8760715,0.0,0.0,0.0007193599939346314
1785289972.8771446,0.0,0.0,0.0007091519832611084
1785289972.8782248,0.0,0.0,0.000724448025226593
1785289972.879324,0.0,0.0,0.0007439680099487304
1785289972.8804035,0.0,0.0,0.000714464008808136
1785289972.881514,0.0,0.0,0.0007159360051155091
1785289972.8826034,0.0,0.0,0.0007249600291252136
1785289972.883713,0.0,0.0,0.0007502719759941101
1785289972.884795,0.0,0.0,0.0007207679748535156
1785289972.8858721,0.0,0.0,0.0007230719923973084
1785289972.886945,0.0,0.0,0.0007112320065498352
1785289972.888057,0.0,0.0,0.0007216640114784241
1785289972.8891325,0.0,0.0,0.0007146880030632019
1785289972.8902154,0.0,0.0,0.0007213760018348694
1785289972.8913252,0.0,0.0,0.0007527040243148804
1785289972.8924198,0.0,0.0,0.000731007993221283
1785289972.8934972,0.0,0.0,0.000710591971874237
1785289972.8945687,0.0,0.0,0.0007140480279922485
1785289972.8956802,0.0,0.0,0.0007488960027694702
1785289972.8967762,0.0,0.0,0.0007343999743461609
1785289972.8978457,0.0,0.0,0.0007091839909553528
1785289972.8989418,0.0,0.0,0.0007351999878883362
1785289972.9000368,0.0,0.0,0.0007074880003929138
1785289972.9011357,0.0,0.0,0.0007338560223579407
1785289972.9021952,0.0,0.0,0.0006997759938240051
1785289972.9032967,0.0,0.0,0.0007432000041007995
1785289972.9043856,0.0,0.0,0.0007293760180473327
1785289972.9054763,0.0,0.0,0.0007302399873733521
1785289972.9065619,0.0,0.0,0.000725055992603302
1785289972.9076784,0.0,0.0,0.0007533439993858337
1785289972.9087663,0.0,0.0,0.000723904013633728
1785289972.9098537,0.0,0.0,0.0007252799868583679
1785289972.9109318,0.0,0.0,0.0007192000150680543
1785289972.9120297,0.0,0.0,0.0007185919880867004
1785289972.9131036,0.0,0.0,0.0007098879814147949
1785289972.9141865,0.0,0.0,0.0007243520021438599
1785289972.9152784,0.0,0.0,0.0007289919853210449
1785289972.9163618,0.0,0.0,0.0007208639979362488
1785289972.9174309,0.0,0.0,0.0007105280160903931
1785289972.9185243,0.0,0.0,0.0007325440049171448
1785289972.9196217,0.0,0.0,0.0007326719760894775
1785289972.9206963,0.0,0.0,0.0007212479710578918
1785289972.9217608,0.0,0.0,0.0007045760154724121
1785289972.9229643,0.0,0.0,0.000843392014503479
1785289972.9240665,0.0,0.0,0.0007209280133247376
1785289972.9251542,0.0,0.0,0.0007271680235862732
1785289972.9262178,0.0,0.0,0.0007079359889030456
1785289972.927876,0.0,0.0,0.0013002879619598388
1785289972.9289758,0.0,0.0,0.0007285439968109131
1785289972.9300623,0.0,0.0,0.000728223979473114
1785289972.9311516,0.0,0.0,0.0007258239984512329
1785289972.932265,0.0,0.0,0.0007485120296478272
1785289972.9333339,0.0,0.0,0.0007113280296325683
1785289972.93442,0.0,0.0,0.000728223979473114
1785289972.9355276,0.0,0.0,0.0007463359832763672
1785289972.9366267,0.0,0.0,0.0007351359724998474
1785289972.937706,0.0,0.0,0.0007159039974212647
1785289972.938792,0.0,0.0,0.0007251840233802795
1785289972.9398954,0.0,0.0,0.0007236800193786621
1785289972.9409869,0.0,0.0,0.0007264959812164307
1785289972.9420588,0.0,0.0,0.0007140480279922485
1785289972.9431643,0.0,0.0,0.0007416960000991821
1785289972.944254,0.0,0.0,0.0007216320037841797
1785289972.9453444,0.0,0.0,0.0007306240200996399
1785289972.946427,0.0,0.0,0.0007237759828567505
1785289972.9475183,0.0,0.0,0.0007371199727058411
1785289972.9486015,0.0,0.0,0.0007178559899330139
1785289972.94968,0.0,0.0,0.0007191680073738099
1785289972.95077,0.0,0.0,0.0007312639951705933
1785289972.9518924,0.0,0.0,0.0007385280132293701
1785289972.9529855,0.0,0.0,0.0007298560142517089
1785289972.9540784,0.0,0.0,0.000733024001121521
1785289972.9551864,0.0,0.0,0.0007427840232849121
1785289972.9562783,0.0,0.0,0.0007316799759864807
1785289972.9573486,0.0,0.0,0.0007143999934196472
1785289972.9584446,0.0,0.0,0.0007359039783477783
1785289972.959552,0.0,0.0,0.0007435839772224426
1785289972.9606285,0.0,0.0,0.0007137920260429382
1785289972.9616997,0.0,0.0,0.0007147520184516907
1785289972.9627874,0.0,0.0,0.0007272639870643616
1785289972.9638958,0.0,0.0,0.0007200000286102295
1785289972.964981,0.0,0.0,0.0007245439887046814
1785289972.9660518,0.0,0.0,0.0007106239795684814
1785289972.9671614,0.0,0.0,0.000748960018157959
1785289972.96824,0.0,0.0,0.000711903989315033
1785289972.9693265,0.0,0.0,0.0007273600101470947
1785289972.9704084,0.0,0.0,0.0007237120270729065
1785289972.9715145,0.0,0.0,0.0007434880137443542
1785289972.9725924,0.0,0.0,0.0007159039974212647
1785289972.9736795,0.0,0.0,0.0007240639925003052
1785289972.9747512,0.0,0.0,0.0007126399874687195
1785289972.9758527,0.0,0.0,0.0007140799760818481
1785289972.9769306,0.0,0.0,0.0007145919799804687
1785289972.97815,0.0,0.0,0.0008599680066108704
1785289972.9792564,0.0,0.0,0.0007383999824523926
1785289972.9803438,0.0,0.0,0.0007175679802894592
1785289972.981435,0.0,0.0,0.0007333760261535644
1785289972.983046,0.0,0.0,0.0012478400468826293
1785289972.9841876,0.0,0.0,0.0007401279807090759
1785289972.9852667,0.0,0.0,0.0007135360240936279
1785289972.9863455,0.0,0.0,0.0007162879705429077
1785289972.9874518,0.0,0.0,0.0007366719841957092
1785289972.9885402,0.0,0.0,0.0007254719734191894
1785289972.989628,0.0,0.0,0.0007283840179443359
1785289972.990717,0.0,0.0,0.0007308160066604615
1785289972.9918272,0.0,0.0,0.000749888002872467
1785289972.9928997,0.0,0.0,0.0007084479928016663
1785289972.9939759,0.0,0.0,0.000717024028301239
1785289972.995031,0.0,0.0,0.000698207974433899
1785289972.996143,0.0,0.0,0.0007300159931182862
1785289972.9972236,0.0,0.0,0.0007151679992675781
1785289972.9983177,0.0,0.0,0.0007327679991722107
1785289972.999444,0.0,0.0,0.000762880027294159
1785289973.0005202,0.0,0.0,0.000716543972492218
1785289973.0016048,0.0,0.0,0.0007260479927062988
1785289973.0026898,0.0,0.0,0.0007257279753684997
1785289973.0037968,0.0,0.0,0.0007451840043067932
1785289973.0048938,0.0,0.0,0.0007337279915809632
1785289973.0059595,0.0,0.0,0.0007087039947509766
1785289973.0070288,0.0,0.0,0.0007083520293235778
1785289973.0081453,0.0,0.0,0.0007265279889106751
1785289973.009216,0.0,0.0,0.0007104640007019043
1785289973.0102904,0.0,0.0,0.0007113919854164123
1785289973.0114143,0.0,0.0,0.0007647039890289306
1785289973.012509,0.0,0.0,0.0007319039702415466
1785289973.0136,0.0,0.0,0.0007296000123023986
1785289973.0146792,0.0,0.0,0.0007178559899330139
1785289973.0157833,0.0,0.0,0.0007455040216445923
1785289973.016869,0.0,0.0,0.0007208639979362488
1785289973.0179431,0.0,0.0,0.0007186880111694336
1785289973.0190008,0.0,0.0,0.00070278400182724
1785289973.0200994,0.0,0.0,0.0007186560034751892
1785289973.021182,0.0,0.0,0.0007241920232772827
1785289973.0222607,0.0,0.0,0.0007177919745445251
1785289973.023356,0.0,0.0,0.0007374079823493958
1785289973.0244472,0.0,0.0,0.0007249280214309692
1785289973.0255437,0.0,0.0,0.0007338240146636963
1785289973.0266306,0.0,0.0,0.0007298880219459533
1785289973.0277364,0.0,0.0,0.0007451519966125488
1785289973.0288084,0.0,0.0,0.0007080320119857788
1785289973.0298827,0.0,0.0,0.0007173119783401489
1785289973.030956,0.0,0.0,0.0007114560008049011
1785289973.0320601,0.0,0.0,0.0007225919961929321
1785289973.033291,0.0,0.0,0.0008703039884567261
1785289973.0343733,0.0,0.0,0.0007183359861373901
1785289973.0354753,0.0,0.0,0.0007408000230789185
1785289973.0365486,0.0,0.0,0.0007095680236816406
1785289973.038184,0.0,0.0,0.001272704005241394
1785289973.0392945,0.0,0.0,0.0007395200133323669
1785289973.0403774,0.0,0.0,0.0007157760262489318
1785289973.0414739,0.0,0.0,0.000732479989528656
1785289973.0425427,0.0,0.0,0.0007075520157814026
1785289973.0436497,0.0,0.0,0.0007425919771194458
1785289973.0447302,0.0,0.0,0.0007170559763908386
1785289973.0458066,0.0,0.0,0.0007141439914703369
1785289973.0468848,0.0,0.0,0.0007182400226593017
1785289973.048001,0.0,0.0,0.0007268159985542298
1785289973.0490823,0.0,0.0,0.000722495973110199
1785289973.0501645,0.0,0.0,0.00071561598777771
1785289973.0512714,0.0,0.0,0.0007463039755821228
1785289973.0523527,0.0,0.0,0.0007173119783401489
1785289973.0534365,0.0,0.0,0.0007225599884986877
1785289973.0545182,0.0,0.0,0.0007277119755744934
1785289973.05564,0.0,0.0,0.0007598080039024353
1785289973.0567288,0.0,0.0,0.0007226880192756652
1785289973.0578144,0.0,0.0,0.000724511981010437
1785289973.0588932,0.0,0.0,0.0007220159769058227
1785289973.0599937,0.0,0.0,0.0007180799841880798
1785289973.0610585,0.0,0.0,0.0007078719735145568
1785289973.062126,0.0,0.0,0.000713375985622406
1785289973.0632157,0.0,0.0,0.0007297919988632203
1785289973.0642812,0.0,0.0,0.0007023040056228638
1785289973.0653434,0.0,0.0,0.000697759985923767
1785289973.0664244,0.0,0.0,0.0007155200242996215
1785289973.0675483,0.0,0.0,0.0007656000256538391
1785289973.068627,0.0,0.0,0.0007175679802894592
1785289973.0697112,0.0,0.0,0.0007243840098381043
1785289973.0707922,0.0,0.0,0.0007157440185546874
1785289973.0718868,0.0,0.0,0.0007128959894180298
1785289973.0729547,0.0,0.0,0.0007069759964942932
1785289973.0740309,0.0,0.0,0.0007140799760818481
1785289973.075128,0.0,0.0,0.0007360960245132446
1785289973.0762105,0.0,0.0,0.0007207040190696716
1785289973.0772922,0.0,0.0,0.0007249600291252136
1785289973.0783625,0.0,0.0,0.0007143679857254028
1785289973.0794544,0.0,0.0,0.0007391359806060791
1785289973.0805326,0.0,0.0,0.0007166720032691956
1785289973.0816185,0.0,0.0,0.0007255039811134338
1785289973.0826948,0.0,0.0,0.0007174720168113709
1785289973.0837913,0.0,0.0,0.0007376959919929505
1785289973.0848768,0.0,0.0,0.0007279999852180481
1785289973.0859635,0.0,0.0,0.0007258880138397216
1785289973.0870287,0.0,0.0,0.0007074880003929138
1785289973.0882823,0.0,0.0,0.0008689600229263305
1785289973.0893838,0.0,0.0,0.000729632019996643
1785289973.0904574,0.0,0.0,0.0007090880274772644
1785289973.0915594,0.0,0.0,0.0007353600263595581
1785289973.093213,0.0,0.0,0.0012911360263824464
1785289973.094295,0.0,0.0,0.0007081919908523559
1785289973.0954077,0.0,0.0,0.0007537599802017212
1785289973.096504,0.0,0.0,0.0007317439913749695
1785289973.0975943,0.0,0.0,0.0007272319793701172
1785289973.098678,0.0,0.0,0.0007212799787521362
1785289973.0998042,0.0,0.0,0.0007644799947738647
1785289973.100883,0.0,0.0,0.0007132480144500733
1785289973.1019604,0.0,0.0,0.0007181119918823242
1785289973.1030352,0.0,0.0,0.0007141759991645813
1785289973.104129,0.0,0.0,0.000711903989315033
1785289973.105184,0.0,0.0,0.0006967999935150146
1785289973.1062524,0.0,0.0,0.0007117760181427002
1785289973.1073613,0.0,0.0,0.000751039981842041
1785289973.1084642,0.0,0.0,0.0007360320091247558
1785289973.1095424,0.0,0.0,0.0007166720032691956
1785289973.1106262,0.0,0.0,0.000722271978855133
1785289973.1117399,0.0,0.0,0.0007505279779434204
1785289973.1128192,0.0,0.0,0.0007150080204010009
1785289973.1139224,0.0,0.0,0.0007399359941482544
1785289973.1150038,0.0,0.0,0.0007205119729042053
1785289973.116136,0.0,0.0,0.0007377920150756836
1785289973.1172276,0.0,0.0,0.0007269440293312073
1785289973.1183257,0.0,0.0,0.0007343040108680725
1785289973.1194246,0.0,0.0,0.0007381439805030823
1785289973.1204963,0.0,0.0,0.0007105280160903931
1785289973.1215699,0.0,0.0,0.0007180479764938354
1785289973.1226535,0.0,0.0,0.0007211520075798035
1785289973.1237621,0.0,0.0,0.0007451199889183045
1785289973.124847,0.0,0.0,0.0007252159714698791
1785289973.1259153,0.0,0.0,0.0007093759775161743
1785289973.1269932,0.0,0.0,0.0007156800031661988
1785289973.1281106,0.0,0.0,0.0007391039729118347
1785289973.1291778,0.0,0.0,0.000707584023475647
1785289973.130265,0.0,0.0,0.0007288320064544678
1785289973.1313727,0.0,0.0,0.0007453439831733704
1785289973.1324646,0.0,0.0,0.0007307199835777283
1785289973.1335447,0.0,0.0,0.0007206720113754273
1785289973.13463,0.0,0.0,0.0007305920124053955
1785289973.135735,0.0,0.0,0.00074617600440979
1785289973.1368196,0.0,0.0,0.0007217280268669128
1785289973.137904,0.0,0.0,0.0007217919826507568
1785289973.1389837,0.0,0.0,0.0007215679883956909
1785289973.140086,0.0,0.0,0.000722656011581421
1785289973.1411672,0.0,0.0,0.0007211520075798035
1785289973.1422641,0.0,0.0,0.0007355520129203796
1785289973.1434994,0.0,0.0,0.0008778560161590576
1785289973.1445813,0.0,0.0,0.0007159680128097535
1785289973.1456642,0.0,0.0,0.000726751983165741
1785289973.146752,0.0,0.0,0.0007307199835777283
1785289973.1483948,0.0,0.0,0.0012861759662628175
1785289973.1494894,0.0,0.0,0.0007193599939346314
1785289973.1505768,0.0,0.0,0.0007263039946556092
1785289973.1517036,0.0,0.0,0.0007650560140609741
1785289973.1527886,0.0,0.0,0.0007225279808044433
1785289973.153875,0.0,0.0,0.0007253119945526123
1785289973.154959,0.0,0.0,0.0007229440212249755
1785289973.156068,0.0,0.0,0.0007261440157890319
1785289973.157156,0.0,0.0,0.0007238720059394837
1785289973.1582396,0.0,0.0,0.0007272319793701172
1785289973.1593654,0.0,0.0,0.0007620159983634948
1785289973.1604478,0.0,0.0,0.0007172480225563049
1785289973.1615186,0.0,0.0,0.0007145599722862243
1785289973.16259,0.0,0.0,0.000713375985622406
1785289973.1637623,0.0,0.0,0.0007462720274925232
1785289973.1648695,0.0,0.0,0.000731935977935791
1785289973.1659582,0.0,0.0,0.0007279040217399597
1785289973.1670392,0.0,0.0,0.0007238079905509949
1785289973.1681461,0.0,0.0,0.0007152000069618225
1785289973.1692252,0.0,0.0,0.0007169920206069946
1785289973.1702948,0.0,0.0,0.0007114880084991455
1785289973.1714203,0.0,0.0,0.0007617920041084289
1785289973.1725225,0.0,0.0,0.0007310400009155274
1785289973.1735916,0.0,0.0,0.0007080000042915344
1785289973.1746747,0.0,0.0,0.0007231680154800415
1785289973.17579,0.0,0.0,0.0007419199943542481
1785289973.176882,0.0,0.0,0.0007230079770088196
1785289973.1779552,0.0,0.0,0.0007138879895210266
1785289973.1790254,0.0,0.0,0.000711072027683258
1785289973.1801155,0.0,0.0,0.0007045440077781677
1785289973.1811855,0.0,0.0,0.0007102400064468384
1785289973.1822507,0.0,0.0,0.0007062079906463623
1785289973.1833558,0.0,0.0,0.0007479680180549622
1785289973.1844501,0.0,0.0,0.0007275519967079163
1785289973.1855354,0.0,0.0,0.0007200000286102295
1785289973.186625,0.0,0.0,0.0007292799949645996
1785289973.187731,0.0,0.0,0.0007423359751701355
1785289973.188799,0.0,0.0,0.0007026559710502625
1785289973.1898806,0.0,0.0,0.0007263039946556092
1785289973.1909678,0.0,0.0,0.0007275519967079163
1785289973.1920617,0.0,0.0,0.0007148799896240234
1785289973.193152,0.0,0.0,0.0007254719734191894
1785289973.1942217,0.0,0.0,0.0007098559737205505
1785289973.1953201,0.0,0.0,0.0007403200268745422
1785289973.196402,0.0,0.0,0.0007161279916763306
1785289973.197484,0.0,0.0,0.0007213760018348694
1785289973.1987047,0.0,0.0,0.000862272024154663
1785289973.199811,0.0,0.0,0.0007433599829673767
1785289973.2009103,0.0,0.0,0.0007369279861450196
1785289973.2019868,0.0,0.0,0.0007138559818267822
1785289973.2036593,0.0,0.0,0.0013123840093612672
1785289973.2047374,0.0,0.0,0.0006992959976196289
1785289973.205815,0.0,0.0,0.0007159360051155091
1785289973.2068841,0.0,0.0,0.0007102720141410828
1785289973.207998,0.0,0.0,0.0007299839854240418
1785289973.209072,0.0,0.0,0.000711135983467102
1785289973.2101438,0.0,0.0,0.0007096319794654846
1785289973.2112415,0.0,0.0,0.000740671992301941
1785289973.2123294,0.0,0.0,0.0007231680154800415
1785289973.213415,0.0,0.0,0.00072188800573349
1785289973.2144911,0.0,0.0,0.0007165120244026184
1785289973.2156112,0.0,0.0,0.0007588160037994385
1785289973.2166777,0.0,0.0,0.0007013440132141113
1785289973.2177696,0.0,0.0,0.0007302399873733521
1785289973.2188523,0.0,0.0,0.000723583996295929
1785289973.2199502,0.0,0.0,0.0007203840017318726
1785289973.22103,0.0,0.0,0.0007160000205039978
1785289973.2220945,0.0,0.0,0.0007040640115737915
1785289973.2231967,0.0,0.0,0.0007390400171279907
1785289973.2242808,0.0,0.0,0.0007234560251235962
1785289973.225369,0.0,0.0,0.000726688027381897
1785289973.22644,0.0,0.0,0.0007111999988555908
1785289973.2275708,0.0,0.0,0.0007708479762077332
1785289973.2287657,0.0,0.0,0.0007325119972229004
1785289973.229881,0.0,0.0,0.0007464320063591003
1785289973.2309587,0.0,0.0,0.000713375985622406
1785289973.2320669,0.0,0.0,0.0007174720168113709
1785289973.2331367,0.0,0.0,0.0007093120217323304
1785289973.2342238,0.0,0.0,0.0007244799733161926
1785289973.2353163,0.0,0.0,0.0007320960164070129
1785289973.2363904,0.0,0.0,0.0007149440050125122
1785289973.2374585,0.0,0.0,0.0007081279754638671
1785289973.238528,0.0,0.0,0.0007122880220413207
1785289973.2396364,0.0,0.0,0.0007437760233879089
1785289973.240727,0.0,0.0,0.0007306240200996399
1785289973.2418158,0.0,0.0,0.0007301759719848633
1785289973.2429085,0.0,0.0,0.0007291839718818664
1785289973.244017,0.0,0.0,0.0007294719815254211
1785289973.2451036,0.0,0.0,0.0007242559790611267
1785289973.246189,0.0,0.0,0.0007242559790611267
1785289973.2472978,0.0,0.0,0.0007496640086174011
1785289973.2483852,0.0,0.0,0.0007252479791641235
1785289973.249468,0.0,0.0,0.0007213760018348694
1785289973.2505388,0.0,0.0,0.000714784026145935
1785289973.2516441,0.0,0.0,0.000746720016002655
1785289973.252718,0.0,0.0,0.0007129600048065186
1785289973.2539358,0.0,0.0,0.0007294719815254211
1785289973.2550125,0.0,0.0,0.0007103040218353272
1785289973.2561166,0.0,0.0,0.0007178239822387695
1785289973.2571998,0.0,0.0,0.0007211199998855591
1785289973.2588446,0.0,0.0,0.0007234879732131958
1785289973.2599611,0.0,0.0,0.0007211840152740478
1785289973.261038,0.0,0.0,0.00071561598777771
1785289973.262121,0.0,0.0,0.000725600004196167
1785289973.263228,0.0,0.0,0.0007455360293388367
1785289973.264314,0.0,0.0,0.0007199040055274964
1785289973.2654123,0.0,0.0,0.0007376639842987061
1785289973.2664976,0.0,0.0,0.000724128007888794
1785289973.2676177,0.0,0.0,0.0007589439749717713
1785289973.2687001,0.0,0.0,0.0007209600210189819
1785289973.2697806,0.0,0.0,0.0007223680019378662
1785289973.2708535,0.0,0.0,0.0007156479954719544
1785289973.2719705,0.0,0.0,0.000733247995376587
1785289973.273056,0.0,0.0,0.0007238399982452393
1785289973.2741501,0.0,0.0,0.0007300480008125306
1785289973.2752404,0.0,0.0,0.0007296640276908874
1785289973.2763274,0.0,0.0,0.0007250239849090576
1785289973.2773895,0.0,0.0,0.0007061759829521179
1785289973.2784617,0.0,0.0,0.0007172160148620606
1785289973.2795544,0.0,0.0,0.00073471999168396
1785289973.2806234,0.0,0.0,0.0007092159986495972
1785289973.2816966,0.0,0.0,0.0007149440050125122
1785289973.2827678,0.0,0.0,0.0007136319875717163
1785289973.283875,0.0,0.0,0.000722208023071289
1785289973.2849581,0.0,0.0,0.0007219840288162231
1785289973.286038,0.0,0.0,0.0007184320092201233
1785289973.2871604,0.0,0.0,0.000759168028831482
1785289973.2882452,0.0,0.0,0.0007192959785461426
1785289973.28932,0.0,0.0,0.0007169600129127503
1785289973.2904105,0.0,0.0,0.0007297599911689759
1785289973.2915244,0.0,0.0,0.0007541120052337646
1785289973.2925978,0.0,0.0,0.0007163199782371521
1785289973.293666,0.0,0.0,0.0007113599777221679
1785289973.2947252,0.0,0.0,0.000702239990234375
1785289973.2961438,0.0,0.0,0.0010613759756088257
1785289973.297223,0.0,0.0,0.0007150719761848449
1785289973.2983098,0.0,0.0,0.0007274879813194275
1785289973.299411,0.0,0.0,0.0007446399927139283
1785289973.300486,0.0,0.0,0.0007106239795684814
1785289973.3015456,0.0,0.0,0.000699616014957428
1785289973.3026378,0.0,0.0,0.000737280011177063
1785289973.303753,0.0,0.0,0.0007525119781494141
