time,in_time,out_time,inference_time
1785289697.5863864,0.0,0.0,0.01735443115234375
1785289697.604036,0.0,0.0,0.017140768051147462
1785289697.6209636,0.0,0.0,0.016419328689575196
1785289697.639429,0.0,0.0,0.01795414352416992
1785289697.6568122,0.0,0.0,0.01687215995788574
1785289697.673175,0.0,0.0,0.015855551719665528
1785289697.690133,0.0,0.0,0.016566560745239257
1785289697.7064624,0.0,0.0,0.015926336288452147
1785289697.7228215,0.0,0.0,0.015965184211730956
1785289697.739781,0.0,0.0,0.016544416427612306
1785289697.756139,0.0,0.0,0.01595407962799072
1785289697.7724473,0.0,0.0,0.01591481590270996
1785289697.7887754,0.0,0.0,0.01593654441833496
1785289697.805949,0.0,0.0,0.016775136947631837
1785289697.8222735,0.0,0.0,0.01591817569732666
1785289697.838732,0.0,0.0,0.01606470489501953
1785289697.8558762,0.0,0.0,0.016728864669799805
1785289697.872319,0.0,0.0,0.01603264045715332
1785289697.8887808,0.0,0.0,0.01607049560546875
1785289697.9060407,0.0,0.0,0.01686252784729004
1785289697.9225445,0.0,0.0,0.01609462356567383
1785289697.938969,0.0,0.0,0.01602911949157715
1785289697.9553409,0.0,0.0,0.015955936431884764
1785289697.9724512,0.0,0.0,0.016706016540527342
1785289697.988926,0.0,0.0,0.016071584701538084
1785289698.0053377,0.0,0.0,0.016020160675048828
1785289698.0223124,0.0,0.0,0.01657913589477539
1785289698.0388076,0.0,0.0,0.016090143203735353
1785289698.0553067,0.0,0.0,0.016072576522827148
1785289698.0724912,0.0,0.0,0.016788639068603516
1785289698.0889556,0.0,0.0,0.016058847427368163
1785289698.1054618,0.0,0.0,0.016111871719360352
1785289698.1218653,0.0,0.0,0.01601011276245117
1785289698.1389253,0.0,0.0,0.016046655654907226
1785289698.1554072,0.0,0.0,0.01606447982788086
1785289698.171877,0.0,0.0,0.016081727981567383
1785289698.1890512,0.0,0.0,0.016777215957641603
1785289698.2055764,0.0,0.0,0.01611676788330078
1785289698.222039,0.0,0.0,0.016068384170532225
1785289698.2392094,0.0,0.0,0.016771039962768554
1785289698.255532,0.0,0.0,0.015916704177856445
1785289698.27189,0.0,0.0,0.01594655990600586
1785289698.2889028,0.0,0.0,0.016619808197021486
1785289698.3052936,0.0,0.0,0.01599888038635254
1785289698.3217273,0.0,0.0,0.01604047966003418
1785289698.3380618,0.0,0.0,0.015945504188537598
1785289698.3551433,0.0,0.0,0.016684864044189455
1785289698.3715632,0.0,0.0,0.016016576766967775
1785289698.3878553,0.0,0.0,0.01590608024597168
1785289698.4049926,0.0,0.0,0.01673788833618164
1785289698.421592,0.0,0.0,0.016185312271118163
1785289698.438273,0.0,0.0,0.016187744140625
1785289698.4557664,0.0,0.0,0.01707222366333008
1785289698.4721403,0.0,0.0,0.01595971202850342
1785289698.48853,0.0,0.0,0.01599555206298828
1785289698.504926,0.0,0.0,0.016007999420166015
1785289698.5220723,0.0,0.0,0.016753408432006837
1785289698.5385845,0.0,0.0,0.01609926414489746
1785289698.5550184,0.0,0.0,0.016037824630737305
1785289698.5720685,0.0,0.0,0.016634527206420897
1785289698.588495,0.0,0.0,0.016022783279418945
1785289698.6049554,0.0,0.0,0.016064159393310545
1785289698.621969,0.0,0.0,0.01662112045288086
1785289698.6383874,0.0,0.0,0.01601353645324707
1785289698.6547356,0.0,0.0,0.01595312023162842
1785289698.6711812,0.0,0.0,0.0160262393951416
1785289698.6880968,0.0,0.0,0.016509855270385742
1785289698.7045429,0.0,0.0,0.016042240142822267
1785289698.7209077,0.0,0.0,0.015970687866210937
1785289698.7379014,0.0,0.0,0.016607839584350585
1785289698.754362,0.0,0.0,0.01605580711364746
1785289698.770797,0.0,0.0,0.016044544219970702
1785289698.7878687,0.0,0.0,0.016666976928710938
1785289698.8043532,0.0,0.0,0.016080991744995117
1785289698.82065,0.0,0.0,0.015905632019042968
1785289698.8370895,0.0,0.0,0.016040704727172853
1785289698.8540323,0.0,0.0,0.016542720794677734
1785289698.8704534,0.0,0.0,0.01601273536682129
1785289698.8868248,0.0,0.0,0.015970815658569337
1785289698.9038541,0.0,0.0,0.016615007400512697
1785289698.9203663,0.0,0.0,0.016107263565063475
1785289698.936867,0.0,0.0,0.016108224868774414
1785289698.9538565,0.0,0.0,0.016590496063232422
1785289698.9701638,0.0,0.0,0.015903807640075682
1785289698.9865458,0.0,0.0,0.01599126434326172
1785289699.0028853,0.0,0.0,0.015954143524169923
1785289699.019982,0.0,0.0,0.016671424865722657
1785289699.0362828,0.0,0.0,0.015900992393493654
1785289699.0526721,0.0,0.0,0.015997471809387206
1785289699.0697947,0.0,0.0,0.016731008529663086
1785289699.0862203,0.0,0.0,0.016022880554199218
1785289699.102659,0.0,0.0,0.016047456741333007
1785289699.1197133,0.0,0.0,0.016660287857055665
1785289699.1361787,0.0,0.0,0.01605615997314453
1785289699.1525378,0.0,0.0,0.01596777629852295
1785289699.1689842,0.0,0.0,0.016053632736206056
1785289699.185992,0.0,0.0,0.016610240936279295
1785289699.2025177,0.0,0.0,0.016110912322998047
1785289699.2189193,0.0,0.0,0.015977120399475096
1785289699.2361333,0.0,0.0,0.0167890567779541
1785289699.2524037,0.0,0.0,0.015863871574401854
1785289699.268807,0.0,0.0,0.016009695053100587
1785289699.285704,0.0,0.0,0.016500959396362303
1785289699.3021297,0.0,0.0,0.016020416259765625
1785289699.3185139,0.0,0.0,0.01598966407775879
1785289699.334978,0.0,0.0,0.016069248199462892
1785289699.3519576,0.0,0.0,0.016547103881835938
1785289699.3684392,0.0,0.0,0.01607046318054199
1785289699.384766,0.0,0.0,0.01593008041381836
1785289699.4018068,0.0,0.0,0.01663324737548828
1785289699.418315,0.0,0.0,0.01609836769104004
1785289699.4346857,0.0,0.0,0.015976863861083983
1785289699.4519198,0.0,0.0,0.016843456268310547
1785289699.468354,0.0,0.0,0.01602390480041504
1785289699.4848306,0.0,0.0,0.016082496643066407
1785289699.5012946,0.0,0.0,0.016070335388183594
1785289699.5183008,0.0,0.0,0.01661030387878418
1785289699.534764,0.0,0.0,0.016066368103027345
1785289699.5511925,0.0,0.0,0.016009056091308593
1785289699.56818,0.0,0.0,0.016595935821533202
1785289699.5845695,0.0,0.0,0.015978912353515624
1785289699.6010027,0.0,0.0,0.016043935775756836
1785289699.6180787,0.0,0.0,0.016681055068969726
1785289699.6344354,0.0,0.0,0.01595529556274414
1785289699.6508203,0.0,0.0,0.015996576309204102
1785289699.6673248,0.0,0.0,0.01609440040588379
1785289699.6843886,0.0,0.0,0.016652095794677736
1785289699.700758,0.0,0.0,0.015962528228759765
1785289699.717151,0.0,0.0,0.016006656646728516
1785289699.7341554,0.0,0.0,0.01660652732849121
1785289699.7505455,0.0,0.0,0.015989952087402344
1785289699.766995,0.0,0.0,0.016061216354370116
1785289699.7839985,0.0,0.0,0.016582784652709962
1785289699.8004332,0.0,0.0,0.01603513526916504
1785289699.8167071,0.0,0.0,0.015887392044067382
1785289699.8332152,0.0,0.0,0.016118175506591798
1785289699.85036,0.0,0.0,0.016075679779052734
1785289699.8667443,0.0,0.0,0.015983936309814453
1785289699.883058,0.0,0.0,0.015894880294799806
1785289699.9001842,0.0,0.0,0.016713024139404297
1785289699.916671,0.0,0.0,0.01607676887512207
1785289699.933029,0.0,0.0,0.015968064308166503
1785289699.9500492,0.0,0.0,0.016625215530395508
1785289699.966436,0.0,0.0,0.015990143775939943
1785289699.9827337,0.0,0.0,0.01590873622894287
1785289699.9998727,0.0,0.0,0.016737695693969726
1785289700.0163033,0.0,0.0,0.01602889633178711
1785289700.032627,0.0,0.0,0.015921695709228516
1785289700.048915,0.0,0.0,0.015894944190979005
1785289700.0659523,0.0,0.0,0.016627712249755858
1785289700.0823452,0.0,0.0,0.015989791870117186
1785289700.0987015,0.0,0.0,0.01596345615386963
1785289700.1157303,0.0,0.0,0.016638399124145508
1785289700.1321204,0.0,0.0,0.015984736442565917
1785289700.1484928,0.0,0.0,0.01597721576690674
1785289700.1654432,0.0,0.0,0.0165565128326416
1785289700.1817687,0.0,0.0,0.015924256324768068
1785289700.1981812,0.0,0.0,0.01601980781555176
1785289700.2145,0.0,0.0,0.015918944358825685
1785289700.2316172,0.0,0.0,0.01671945571899414
1785289700.2480407,0.0,0.0,0.01601603126525879
1785289700.2642996,0.0,0.0,0.015867712020874024
1785289700.2811208,0.0,0.0,0.01643017578125
1785289700.2975657,0.0,0.0,0.016040895462036135
1785289700.313937,0.0,0.0,0.015972928047180177
1785289700.3309891,0.0,0.0,0.01666377639770508
1785289700.3472865,0.0,0.0,0.015875776290893553
1785289700.3636162,0.0,0.0,0.015935232162475586
1785289700.3798177,0.0,0.0,0.01580953598022461
1785289700.3969426,0.0,0.0,0.016724672317504883
1785289700.4133208,0.0,0.0,0.015968704223632814
1785289700.4297738,0.0,0.0,0.016063840866088867
1785289700.4468603,0.0,0.0,0.016700384140014648
1785289700.463331,0.0,0.0,0.01603308868408203
1785289700.4797978,0.0,0.0,0.01607347106933594
1785289700.4969938,0.0,0.0,0.016786720275878905
1785289700.5134275,0.0,0.0,0.01602390480041504
1785289700.5299098,0.0,0.0,0.016084800720214842
1785289700.5464044,0.0,0.0,0.0160994873046875
1785289700.563612,0.0,0.0,0.01681059265136719
1785289700.580022,0.0,0.0,0.016000064849853515
1785289700.5964847,0.0,0.0,0.01607244873046875
1785289700.613487,0.0,0.0,0.016607263565063476
1785289700.6299205,0.0,0.0,0.01602332878112793
1785289700.6462388,0.0,0.0,0.0159169921875
1785289700.6633663,0.0,0.0,0.016737600326538087
1785289700.679879,0.0,0.0,0.0161080322265625
1785289700.696318,0.0,0.0,0.016044544219970702
1785289700.7127097,0.0,0.0,0.01599516773223877
1785289700.7299323,0.0,0.0,0.016827360153198242
1785289700.7463546,0.0,0.0,0.01601519966125488
1785289700.7628496,0.0,0.0,0.016107648849487306
1785289700.7799313,0.0,0.0,0.016676319122314452
1785289700.796462,0.0,0.0,0.016133087158203125
1785289700.8128295,0.0,0.0,0.015970720291137695
1785289700.8298442,0.0,0.0,0.016629024505615233
1785289700.8461661,0.0,0.0,0.015919520378112794
1785289700.8625178,0.0,0.0,0.015959839820861816
1785289700.8789282,0.0,0.0,0.016019039154052735
1785289700.8960314,0.0,0.0,0.016682016372680665
1785289700.9123917,0.0,0.0,0.015958368301391603
1785289700.9288547,0.0,0.0,0.01605491256713867
1785289700.945908,0.0,0.0,0.016661247253417968
1785289700.9624221,0.0,0.0,0.01610851287841797
1785289700.9787304,0.0,0.0,0.01591648006439209
1785289700.995816,0.0,0.0,0.016681440353393556
1785289701.0122068,0.0,0.0,0.015987456321716307
1785289701.0286362,0.0,0.0,0.016035743713378906
1785289701.0449607,0.0,0.0,0.015928640365600585
1785289701.0619836,0.0,0.0,0.01662508773803711
1785289701.0783634,0.0,0.0,0.015968768119812012
1785289701.0947397,0.0,0.0,0.015990303993225097
1785289701.1117153,0.0,0.0,0.0165631046295166
1785289701.128034,0.0,0.0,0.01591257572174072
1785289701.1442435,0.0,0.0,0.015816479682922362
1785289701.1612542,0.0,0.0,0.01662406349182129
1785289701.177727,0.0,0.0,0.016071744918823242
1785289701.1941652,0.0,0.0,0.016053855895996092
1785289701.210528,0.0,0.0,0.015962528228759765
1785289701.2276373,0.0,0.0,0.016711328506469728
1785289701.2440667,0.0,0.0,0.016025184631347656
1785289701.2604403,0.0,0.0,0.015986687660217287
1785289701.2775443,0.0,0.0,0.01671683120727539
1785289701.293999,0.0,0.0,0.016049856185913085
1785289701.3103454,0.0,0.0,0.015958208084106446
1785289701.3277233,0.0,0.0,0.01698246383666992
1785289701.344077,0.0,0.0,0.015947168350219726
1785289701.360545,0.0,0.0,0.01607334327697754
1785289701.3768797,0.0,0.0,0.015942720413208007
1785289701.3939586,0.0,0.0,0.016682271957397462
1785289701.4102914,0.0,0.0,0.015925760269165038
1785289701.426594,0.0,0.0,0.0159137601852417
1785289701.4435847,0.0,0.0,0.016602079391479493
1785289701.4599283,0.0,0.0,0.015919424057006835
1785289701.4762025,0.0,0.0,0.015880640029907227
1785289701.4935966,0.0,0.0,0.017000255584716798
1785289701.5100195,0.0,0.0,0.01597644805908203
1785289701.5264287,0.0,0.0,0.016011871337890626
1785289701.5427039,0.0,0.0,0.01587670421600342
1785289701.5596514,0.0,0.0,0.01654438400268555
1785289701.575986,0.0,0.0,0.01592742443084717
1785289701.592409,0.0,0.0,0.016031679153442384
1785289701.6095378,0.0,0.0,0.01673686408996582
1785289701.6258907,0.0,0.0,0.01593337631225586
1785289701.6422334,0.0,0.0,0.015946623802185058
1785289701.6593752,0.0,0.0,0.016748128890991212
1785289701.6758316,0.0,0.0,0.016052064895629884
1785289701.6921933,0.0,0.0,0.01596560001373291
1785289701.7085657,0.0,0.0,0.015984928131103516
1785289701.7257218,0.0,0.0,0.016755584716796876
1785289701.7421732,0.0,0.0,0.01604899215698242
1785289701.7587183,0.0,0.0,0.016151071548461914
1785289701.7758915,0.0,0.0,0.016780416488647462
1785289701.7922852,0.0,0.0,0.01598947238922119
1785289701.8088193,0.0,0.0,0.016144224166870117
1785289701.8260682,0.0,0.0,0.01685686492919922
1785289701.8425374,0.0,0.0,0.016067647933959962
1785289701.8589752,0.0,0.0,0.016046592712402344
1785289701.8755462,0.0,0.0,0.016147199630737304
1785289701.892809,0.0,0.0,0.016197919845581055
1785289701.9093611,0.0,0.0,0.016142976760864257
1785289701.925754,0.0,0.0,0.015996895790100097
1785289701.9428768,0.0,0.0,0.01672723197937012
1785289701.9593682,0.0,0.0,0.016060863494873047
1785289701.9757192,0.0,0.0,0.01595084762573242
1785289701.992942,0.0,0.0,0.016829919815063477
1785289702.0093632,0.0,0.0,0.01600668716430664
1785289702.0258338,0.0,0.0,0.01607347106933594
1785289702.0429378,0.0,0.0,0.016708192825317384
1785289702.0594702,0.0,0.0,0.016091167449951174
1785289702.0758636,0.0,0.0,0.01599775981903076
1785289702.09236,0.0,0.0,0.01610204887390137
1785289702.1096053,0.0,0.0,0.01684502410888672
1785289702.1260295,0.0,0.0,0.01602000045776367
1785289702.1424863,0.0,0.0,0.01606537628173828
1785289702.1597111,0.0,0.0,0.016831455230712892
1785289702.1761577,0.0,0.0,0.016040927886962892
1785289702.192472,0.0,0.0,0.015917247772216796
1785289702.2097363,0.0,0.0,0.01685487937927246
1785289702.226335,0.0,0.0,0.016187456130981444
1785289702.2427967,0.0,0.0,0.016054880142211913
1785289702.2593844,0.0,0.0,0.016164480209350587
1785289702.2766411,0.0,0.0,0.016848480224609375
1785289702.2931962,0.0,0.0,0.01614563179016113
1785289702.3096235,0.0,0.0,0.01602582359313965
1785289702.3267076,0.0,0.0,0.016688512802124023
1785289702.3431716,0.0,0.0,0.01602672004699707
1785289702.3596666,0.0,0.0,0.01609654426574707
1785289702.3767724,0.0,0.0,0.01670992088317871
1785289702.3931727,0.0,0.0,0.015992159843444823
1785289702.4095974,0.0,0.0,0.016033695220947265
1785289702.4260178,0.0,0.0,0.016025632858276368
1785289702.443033,0.0,0.0,0.01661248016357422
1785289702.4595582,0.0,0.0,0.016099103927612303
1785289702.476038,0.0,0.0,0.016088672637939453
1785289702.4930606,0.0,0.0,0.016629568099975588
1785289702.5094733,0.0,0.0,0.015999648094177248
1785289702.5259852,0.0,0.0,0.0161213436126709
1785289702.5434322,0.0,0.0,0.01700896072387695
1785289702.5599551,0.0,0.0,0.01610655975341797
1785289702.576364,0.0,0.0,0.016008159637451173
1785289702.5928936,0.0,0.0,0.01613273620605469
1785289702.6099572,0.0,0.0,0.016662208557128907
1785289702.6263754,0.0,0.0,0.016012287139892577
1785289702.642855,0.0,0.0,0.016080991744995117
1785289702.6599748,0.0,0.0,0.016717023849487304
1785289702.6764927,0.0,0.0,0.016107072830200197
1785289702.6928492,0.0,0.0,0.0159649600982666
1785289702.7099826,0.0,0.0,0.016743423461914063
1785289702.726488,0.0,0.0,0.016086816787719727
1785289702.7428958,0.0,0.0,0.016014368057250976
1785289702.760066,0.0,0.0,0.016759008407592774
1785289702.776493,0.0,0.0,0.01602000045776367
1785289702.7928727,0.0,0.0,0.0159835844039917
1785289702.8093853,0.0,0.0,0.016115680694580078
1785289702.8265455,0.0,0.0,0.016757312774658202
1785289702.8429585,0.0,0.0,0.016009120941162108
1785289702.8593907,0.0,0.0,0.016016416549682617
1785289702.876457,0.0,0.0,0.0166727352142334
1785289702.892895,0.0,0.0,0.016023136138916014
1785289702.9093676,0.0,0.0,0.016074335098266602
1785289702.9265933,0.0,0.0,0.016831743240356446
1785289702.9431138,0.0,0.0,0.016091136932373046
1785289702.9595838,0.0,0.0,0.016063360214233397
1785289702.9759455,0.0,0.0,0.01596668815612793
1785289702.9930742,0.0,0.0,0.01673094367980957
1785289703.0095272,0.0,0.0,0.016052000045776366
1785289703.0259435,0.0,0.0,0.01602351951599121
1785289703.0429986,0.0,0.0,0.016667072296142577
1785289703.0593593,0.0,0.0,0.015935839653015135
1785289703.0757325,0.0,0.0,0.015982879638671874
1785289703.092818,0.0,0.0,0.016695072174072265
1785289703.1092224,0.0,0.0,0.016002912521362305
1785289703.1256819,0.0,0.0,0.01606643295288086
1785289703.1421378,0.0,0.0,0.016059328079223632
1785289703.159156,0.0,0.0,0.016617599487304686
1785289703.1756048,0.0,0.0,0.016043455123901366
1785289703.1920044,0.0,0.0,0.01600924873352051
1785289703.2092223,0.0,0.0,0.016827007293701172
1785289703.2257853,0.0,0.0,0.01614406394958496
1785289703.242213,0.0,0.0,0.016023136138916014
1785289703.2594802,0.0,0.0,0.016863391876220702
1785289703.275869,0.0,0.0,0.01595353603363037
1785289703.2923653,0.0,0.0,0.01608899116516113
1785289703.308821,0.0,0.0,0.01605833625793457
1785289703.3260643,0.0,0.0,0.01683807945251465
1785289703.342599,0.0,0.0,0.01613225555419922
1785289703.3590233,0.0,0.0,0.016031776428222656
1785289703.3760927,0.0,0.0,0.016652416229248047
1785289703.3924885,0.0,0.0,0.015989343643188478
1785289703.4088352,0.0,0.0,0.015953791618347167
1785289703.4259758,0.0,0.0,0.0167509765625
1785289703.4424515,0.0,0.0,0.016063167572021485
1785289703.458938,0.0,0.0,0.016077632904052733
1785289703.475336,0.0,0.0,0.01598787212371826
1785289703.4925008,0.0,0.0,0.016756351470947266
1785289703.50893,0.0,0.0,0.016029279708862306
1785289703.5253785,0.0,0.0,0.016043872833251954
1785289703.5425403,0.0,0.0,0.016763647079467772
1785289703.5590796,0.0,0.0,0.016113855361938476
1785289703.575574,0.0,0.0,0.016080511093139647
1785289703.5929437,0.0,0.0,0.016972415924072264
1785289703.6094317,0.0,0.0,0.01607504081726074
1785289703.6259038,0.0,0.0,0.016074079513549805
1785289703.6422634,0.0,0.0,0.015962143898010255
1785289703.65936,0.0,0.0,0.016693727493286133
1785289703.675694,0.0,0.0,0.0159237756729126
1785289703.6920524,0.0,0.0,0.015962528228759765
1785289703.7091236,0.0,0.0,0.01667500877380371
1785289703.7255383,0.0,0.0,0.016008319854736327
1785289703.7418642,0.0,0.0,0.015938112258911133
1785289703.7590258,0.0,0.0,0.01676915168762207
1785289703.7759464,0.0,0.0,0.016331647872924803
1785289703.792516,0.0,0.0,0.016174911499023437
1785289703.8095577,0.0,0.0,0.016652223587036132
1785289703.8260133,0.0,0.0,0.016055871963500976
1785289703.8424773,0.0,0.0,0.016070175170898437
1785289703.8589559,0.0,0.0,0.016076671600341798
1785289703.876207,0.0,0.0,0.01682499122619629
1785289703.8926938,0.0,0.0,0.01607596778869629
1785289703.9090931,0.0,0.0,0.016001407623291015
1785289703.9264367,0.0,0.0,0.016950431823730468
1785289703.9429297,0.0,0.0,0.016056352615356446
1785289703.9594095,0.0,0.0,0.016058208465576172
1785289703.9766517,0.0,0.0,0.01684294319152832
1785289703.9931946,0.0,0.0,0.016128576278686524
1785289704.0097046,0.0,0.0,0.016105472564697267
1785289704.0261917,0.0,0.0,0.016096160888671874
1785289704.0434082,0.0,0.0,0.01681145668029785
1785289704.0600057,0.0,0.0,0.016187583923339844
1785289704.0765731,0.0,0.0,0.0161657600402832
1785289704.093813,0.0,0.0,0.016843135833740235
1785289704.1102328,0.0,0.0,0.016007392883300782
1785289704.1266723,0.0,0.0,0.01604351997375488
1785289704.1436286,0.0,0.0,0.01655571174621582
1785289704.1602015,0.0,0.0,0.01617171287536621
1785289704.1766326,0.0,0.0,0.016038591384887696
1785289704.1931112,0.0,0.0,0.01608460807800293
1785289704.2103465,0.0,0.0,0.01683510398864746
1785289704.2268493,0.0,0.0,0.016094751358032226
1785289704.2432973,0.0,0.0,0.01603708839416504
1785289704.260529,0.0,0.0,0.016817472457885743
1785289704.2769809,0.0,0.0,0.016045919418334963
1785289704.2933788,0.0,0.0,0.01600422477722168
1785289704.3104577,0.0,0.0,0.016681440353393556
1785289704.3267734,0.0,0.0,0.015908127784729005
1785289704.3431737,0.0,0.0,0.015990912437438966
1785289704.3596919,0.0,0.0,0.016121280670166015
1785289704.3766563,0.0,0.0,0.01655868721008301
1785289704.3931384,0.0,0.0,0.016073631286621093
1785289704.4094849,0.0,0.0,0.015943807601928713
1785289704.4264932,0.0,0.0,0.016604223251342774
1785289704.4430027,0.0,0.0,0.01609609603881836
1785289704.4594102,0.0,0.0,0.015987199783325197
1785289704.4766407,0.0,0.0,0.016833759307861327
1785289704.4931564,0.0,0.0,0.016101375579833984
1785289704.5095448,0.0,0.0,0.01599007987976074
1785289704.5267375,0.0,0.0,0.016130815505981444
1785289704.5432827,0.0,0.0,0.01609542465209961
1785289704.5596874,0.0,0.0,0.01600873565673828
1785289704.576249,0.0,0.0,0.01614784049987793
1785289704.5935254,0.0,0.0,0.016858432769775392
1785289704.6099312,0.0,0.0,0.015987199783325197
1785289704.62627,0.0,0.0,0.01594223976135254
1785289704.6431975,0.0,0.0,0.01653215980529785
1785289704.6595504,0.0,0.0,0.015945376396179198
1785289704.6759067,0.0,0.0,0.015963744163513184
1785289704.6930518,0.0,0.0,0.016755104064941406
1785289704.7094831,0.0,0.0,0.016032447814941408
1785289704.7259188,0.0,0.0,0.016045984268188478
1785289704.7423773,0.0,0.0,0.016060863494873047
1785289704.7595358,0.0,0.0,0.0167589111328125
1785289704.7759552,0.0,0.0,0.016006559371948243
1785289704.7923784,0.0,0.0,0.016028448104858397
1785289704.8095055,0.0,0.0,0.016730079650878905
1785289704.8259928,0.0,0.0,0.016080575942993162
1785289704.8423648,0.0,0.0,0.015978976249694823
1785289704.8594084,0.0,0.0,0.016648319244384764
1785289704.8758008,0.0,0.0,0.015985312461853026
1785289704.8921478,0.0,0.0,0.015943519592285155
1785289704.908536,0.0,0.0,0.01599292755126953
1785289704.9255939,0.0,0.0,0.01665977668762207
1785289704.9420104,0.0,0.0,0.01601519966125488
1785289704.9585736,0.0,0.0,0.01617353630065918
1785289704.9756894,0.0,0.0,0.016719392776489258
1785289704.9921923,0.0,0.0,0.01610099220275879
1785289705.0086906,0.0,0.0,0.016087743759155275
1785289705.0257454,0.0,0.0,0.01665292739868164
1785289705.0422492,0.0,0.0,0.016100351333618163
1785289705.058734,0.0,0.0,0.016092767715454103
1785289705.0751348,0.0,0.0,0.015987168312072753
1785289705.0922778,0.0,0.0,0.016735551834106445
1785289705.1086297,0.0,0.0,0.015951711654663085
1785289705.1250088,0.0,0.0,0.01598902416229248
1785289705.1420183,0.0,0.0,0.016619808197021486
1785289705.1585116,0.0,0.0,0.01607891273498535
1785289705.1748815,0.0,0.0,0.015978400230407714
1785289705.1919417,0.0,0.0,0.0166395206451416
1785289705.2083588,0.0,0.0,0.016006431579589843
1785289705.2248616,0.0,0.0,0.016095455169677735
1785289705.2412822,0.0,0.0,0.016018495559692383
1785289705.258518,0.0,0.0,0.016828895568847656
1785289705.2749999,0.0,0.0,0.01607865524291992
1785289705.2913609,0.0,0.0,0.015948320388793947
1785289705.3083732,0.0,0.0,0.016610944747924804
1785289705.3247132,0.0,0.0,0.015925600051879884
1785289705.341141,0.0,0.0,0.016024127960205078
1785289705.3582098,0.0,0.0,0.016668672561645507
1785289705.3746674,0.0,0.0,0.016049663543701173
1785289705.3910494,0.0,0.0,0.015987199783325197
1785289705.4073884,0.0,0.0,0.015922112464904783
1785289705.4244041,0.0,0.0,0.016616863250732423
1785289705.4409072,0.0,0.0,0.01610163116455078
1785289705.4573061,0.0,0.0,0.015999744415283203
1785289705.4742978,0.0,0.0,0.016598911285400392
1785289705.4906957,0.0,0.0,0.01599007987976074
1785289705.5071814,0.0,0.0,0.016091264724731446
1785289705.5243976,0.0,0.0,0.01682307243347168
1785289705.540829,0.0,0.0,0.016020416259765625
1785289705.557146,0.0,0.0,0.015917344093322752
1785289705.5735188,0.0,0.0,0.015985664367675782
1785289705.5906794,0.0,0.0,0.01676214408874512
1785289705.607179,0.0,0.0,0.016073280334472657
1785289705.6237488,0.0,0.0,0.016165376663208008
1785289705.6410089,0.0,0.0,0.016859840393066407
1785289705.6575968,0.0,0.0,0.016181631088256834
1785289705.673914,0.0,0.0,0.015917728424072266
1785289705.6911867,0.0,0.0,0.01688150405883789
1785289705.7075784,0.0,0.0,0.01598703956604004
1785289705.7239554,0.0,0.0,0.015984607696533204
1785289705.7403615,0.0,0.0,0.016016704559326172
1785289705.7574918,0.0,0.0,0.016728992462158202
1785289705.7739928,0.0,0.0,0.01609222412109375
1785289705.7903757,0.0,0.0,0.015988256454467772
1785289705.8075058,0.0,0.0,0.01673263931274414
1785289705.8239558,0.0,0.0,0.01604185676574707
1785289705.8402457,0.0,0.0,0.0158919038772583
1785289705.8574092,0.0,0.0,0.016769216537475585
1785289705.8738012,0.0,0.0,0.015986399650573732
1785289705.8902137,0.0,0.0,0.016015647888183594
1785289705.907277,0.0,0.0,0.016663936614990233
1785289705.9238005,0.0,0.0,0.016120288848876955
1785289705.9402308,0.0,0.0,0.016033727645874022
1785289705.956699,0.0,0.0,0.016071935653686524
1785289705.9738684,0.0,0.0,0.01675628852844238
1785289705.9902985,0.0,0.0,0.016030368804931642
1785289706.0067399,0.0,0.0,0.016050304412841797
1785289706.0239112,0.0,0.0,0.01676291275024414
1785289706.0402966,0.0,0.0,0.01597871971130371
1785289706.0568612,0.0,0.0,0.016169376373291015
1785289706.0739098,0.0,0.0,0.016643455505371094
1785289706.0902941,0.0,0.0,0.01598076820373535
1785289706.1067295,0.0,0.0,0.016044864654541014
1785289706.123241,0.0,0.0,0.016104991912841798
1785289706.1404696,0.0,0.0,0.016829151153564453
1785289706.156944,0.0,0.0,0.016070112228393555
1785289706.1732616,0.0,0.0,0.015930463790893554
1785289706.1903818,0.0,0.0,0.01673344039916992
1785289706.2068527,0.0,0.0,0.016055200576782228
1785289706.2233343,0.0,0.0,0.016051551818847657
1785289706.2405667,0.0,0.0,0.01682931137084961
1785289706.2569504,0.0,0.0,0.015959424018859865
1785289706.2734022,0.0,0.0,0.016051679611206054
1785289706.2898943,0.0,0.0,0.016096031188964844
1785289706.3069623,0.0,0.0,0.01666201591491699
1785289706.323454,0.0,0.0,0.01605868721008301
1785289706.3399348,0.0,0.0,0.016077760696411134
1785289706.3569407,0.0,0.0,0.016617504119873047
1785289706.373352,0.0,0.0,0.015996352195739746
1785289706.3897676,0.0,0.0,0.016017887115478517
1785289706.4069214,0.0,0.0,0.016760511398315428
1785289706.4233303,0.0,0.0,0.01597164821624756
1785289706.4395993,0.0,0.0,0.015870176315307617
1785289706.4560096,0.0,0.0,0.01601686477661133
1785289706.4730139,0.0,0.0,0.016600767135620118
1785289706.489427,0.0,0.0,0.01600998306274414
1785289706.505741,0.0,0.0,0.015922592163085936
1785289706.522885,0.0,0.0,0.016752384185791017
1785289706.5394027,0.0,0.0,0.016091039657592773
1785289706.5557935,0.0,0.0,0.0159966402053833
1785289706.5727463,0.0,0.0,0.016562528610229492
1785289706.589178,0.0,0.0,0.016026336669921874
1785289706.6054442,0.0,0.0,0.0158699836730957
1785289706.6219525,0.0,0.0,0.016115007400512697
1785289706.639171,0.0,0.0,0.016797567367553713
1785289706.6556973,0.0,0.0,0.016117696762084962
1785289706.6720972,0.0,0.0,0.01600041580200195
1785289706.689291,0.0,0.0,0.016791936874389648
1785289706.7056634,0.0,0.0,0.0159615364074707
1785289706.722103,0.0,0.0,0.016041759490966798
1785289706.7392108,0.0,0.0,0.01671046447753906
1785289706.7556055,0.0,0.0,0.015980031967163084
1785289706.772007,0.0,0.0,0.0159998722076416
1785289706.7883985,0.0,0.0,0.01599555206298828
1785289706.8054945,0.0,0.0,0.016686496734619142
1785289706.8219604,0.0,0.0,0.01606108856201172
1785289706.8383155,0.0,0.0,0.015954527854919433
1785289706.8554955,0.0,0.0,0.01678704071044922
1785289706.87206,0.0,0.0,0.016151744842529295
1785289706.8884926,0.0,0.0,0.01603308868408203
1785289706.9056149,0.0,0.0,0.01673139190673828
1785289706.921989,0.0,0.0,0.015965120315551758
1785289706.9382756,0.0,0.0,0.01588828754425049
1785289706.954644,0.0,0.0,0.01597110366821289
1785289706.9717937,0.0,0.0,0.016074560165405274
1785289706.9882333,0.0,0.0,0.01603955268859863
1785289707.0047147,0.0,0.0,0.016089248657226562
1785289707.021809,0.0,0.0,0.016696767807006838
1785289707.0382433,0.0,0.0,0.01602921676635742
1785289707.0546157,0.0,0.0,0.015979968070983886
1785289707.0717394,0.0,0.0,0.01673360061645508
1785289707.0881672,0.0,0.0,0.0160196475982666
1785289707.1045601,0.0,0.0,0.015988927841186523
1785289707.1216676,0.0,0.0,0.016712127685546876
1785289707.138171,0.0,0.0,0.016094879150390626
1785289707.1547534,0.0,0.0,0.01618307113647461
1785289707.171129,0.0,0.0,0.015959232330322266
1785289707.1883318,0.0,0.0,0.016791296005249024
1785289707.2048461,0.0,0.0,0.016092639923095703
1785289707.2212684,0.0,0.0,0.016006080627441407
1785289707.2384207,0.0,0.0,0.016751455307006835
1785289707.2548766,0.0,0.0,0.016047935485839843
1785289707.27119,0.0,0.0,0.01590294361114502
1785289707.2882588,0.0,0.0,0.016672319412231445
1785289707.3047464,0.0,0.0,0.016077663421630858
1785289707.3212612,0.0,0.0,0.016117088317871092
1785289707.337652,0.0,0.0,0.015998432159423828
1785289707.3547862,0.0,0.0,0.01673187255859375
1785289707.3713205,0.0,0.0,0.016100095748901366
1785289707.387777,0.0,0.0,0.016058176040649415
1785289707.4049575,0.0,0.0,0.01679046440124512
1785289707.421345,0.0,0.0,0.015978207588195802
1785289707.4377906,0.0,0.0,0.01605241584777832
1785289707.4550476,0.0,0.0,0.016787712097167968
1785289707.471498,0.0,0.0,0.016016544342041014
1785289707.4878774,0.0,0.0,0.015973119735717772
1785289707.5042472,0.0,0.0,0.01597062397003174
1785289707.5214279,0.0,0.0,0.016780031204223632
1785289707.5378792,0.0,0.0,0.016040704727172853
1785289707.55438,0.0,0.0,0.01610665512084961
1785289707.5714242,0.0,0.0,0.01664473533630371
1785289707.587996,0.0,0.0,0.01615286445617676
1785289707.604443,0.0,0.0,0.016049312591552733
1785289707.621606,0.0,0.0,0.016764575958251954
1785289707.6382434,0.0,0.0,0.016225503921508788
1785289707.6547532,0.0,0.0,0.01607961654663086
1785289707.6711886,0.0,0.0,0.016015424728393554
1785289707.6885233,0.0,0.0,0.01691846466064453
1785289707.7049367,0.0,0.0,0.016003551483154296
1785289707.7213655,0.0,0.0,0.01602796745300293
1785289707.7384949,0.0,0.0,0.01672652816772461
1785289707.7550747,0.0,0.0,0.01616582489013672
1785289707.7714965,0.0,0.0,0.016001567840576172
1785289707.7887788,0.0,0.0,0.016882112503051758
1785289707.8052902,0.0,0.0,0.01608700752258301
1785289707.8218155,0.0,0.0,0.016120895385742188
1785289707.8389935,0.0,0.0,0.01677846336364746
1785289707.8555338,0.0,0.0,0.016100000381469727
1785289707.8719664,0.0,0.0,0.01602035140991211
1785289707.8883598,0.0,0.0,0.015984479904174804
1785289707.9055839,0.0,0.0,0.01681715202331543
1785289707.9222085,0.0,0.0,0.01620636749267578
1785289707.9386802,0.0,0.0,0.01607206344604492
1785289707.955795,0.0,0.0,0.016712255477905273
1785289707.9722993,0.0,0.0,0.016091583251953125
1785289707.9887655,0.0,0.0,0.016067007064819335
1785289708.005991,0.0,0.0,0.0168288631439209
1785289708.0225627,0.0,0.0,0.01615987205505371
1785289708.0390713,0.0,0.0,0.0161060791015625
1785289708.0555966,0.0,0.0,0.01611142349243164
1785289708.072809,0.0,0.0,0.016811040878295897
1785289708.0891838,0.0,0.0,0.015975872039794923
1785289708.1056612,0.0,0.0,0.016085151672363282
1785289708.122675,0.0,0.0,0.016617408752441408
1785289708.139205,0.0,0.0,0.016120351791381837
1785289708.1555996,0.0,0.0,0.015998175621032715
1785289708.172731,0.0,0.0,0.016735328674316406
1785289708.1892576,0.0,0.0,0.016118080139160156
1785289708.205648,0.0,0.0,0.015993760108947753
1785289708.2220912,0.0,0.0,0.016049280166625976
1785289708.2392218,0.0,0.0,0.01673232078552246
1785289708.2557943,0.0,0.0,0.01616044807434082
1785289708.2722113,0.0,0.0,0.01602115249633789
1785289708.2893693,0.0,0.0,0.016766336441040038
1785289708.3059282,0.0,0.0,0.016147968292236328
1785289708.322453,0.0,0.0,0.016130720138549805
1785289708.3394988,0.0,0.0,0.016651519775390623
1785289708.3559537,0.0,0.0,0.016048608779907228
1785289708.3724723,0.0,0.0,0.01612393569946289
1785289708.3890467,0.0,0.0,0.016177343368530273
1785289708.406236,0.0,0.0,0.016780319213867186
1785289708.4227831,0.0,0.0,0.016141056060791015
1785289708.4391918,0.0,0.0,0.01598966407775879
1785289708.4563205,0.0,0.0,0.016731584548950195
1785289708.472785,0.0,0.0,0.0160565128326416
1785289708.48926,0.0,0.0,0.016080480575561523
1785289708.5063217,0.0,0.0,0.016673248291015626
1785289708.5226643,0.0,0.0,0.015939711570739746
1785289708.5389705,0.0,0.0,0.015916223526000976
1785289708.5560353,0.0,0.0,0.015988736152648925
1785289708.5726175,0.0,0.0,0.016162847518920897
1785289708.589109,0.0,0.0,0.016094175338745118
1785289708.6055357,0.0,0.0,0.01598736000061035
1785289708.622787,0.0,0.0,0.016854944229125975
1785289708.6392674,0.0,0.0,0.01605011177062988
1785289708.6558306,0.0,0.0,0.016167232513427734
1785289708.6731863,0.0,0.0,0.016945663452148436
1785289708.6897018,0.0,0.0,0.016105695724487303
1785289708.706099,0.0,0.0,0.015989888191223146
1785289708.7231777,0.0,0.0,0.01668003273010254
1785289708.7395878,0.0,0.0,0.01599350357055664
1785289708.7560885,0.0,0.0,0.016101119995117187
1785289708.7725937,0.0,0.0,0.01611136054992676
1785289708.7897553,0.0,0.0,0.016742656707763672
1785289708.806144,0.0,0.0,0.015974528312683107
1785289708.8226435,0.0,0.0,0.016105728149414064
1785289708.8397982,0.0,0.0,0.016758432388305666
1785289708.8562186,0.0,0.0,0.01599878406524658
1785289708.8726935,0.0,0.0,0.016074623107910156
1785289708.8902876,0.0,0.0,0.017197759628295898
1785289708.906709,0.0,0.0,0.016014623641967773
1785289708.9231293,0.0,0.0,0.01602227210998535
1785289708.9396858,0.0,0.0,0.016153919219970704
1785289708.95694,0.0,0.0,0.01684454345703125
1785289708.9734273,0.0,0.0,0.016075296401977537
1785289708.9901018,0.0,0.0,0.016275392532348634
1785289709.0071821,0.0,0.0,0.01668515205383301
1785289709.023653,0.0,0.0,0.01606287956237793
1785289709.0400546,0.0,0.0,0.016006975173950194
1785289709.0571084,0.0,0.0,0.016661184310913086
1785289709.0735323,0.0,0.0,0.01600985527038574
1785289709.089913,0.0,0.0,0.015989407539367676
1785289709.1063447,0.0,0.0,0.016032352447509765
1785289709.1234605,0.0,0.0,0.016716863632202147
1785289709.1398704,0.0,0.0,0.01600547218322754
1785289709.1562972,0.0,0.0,0.016040927886962892
1785289709.17338,0.0,0.0,0.016688095092773438
1785289709.1898983,0.0,0.0,0.01611507225036621
1785289709.2063153,0.0,0.0,0.016020416259765625
1785289709.2237594,0.0,0.0,0.01703193664550781
1785289709.2401807,0.0,0.0,0.01600374412536621
1785289709.2566957,0.0,0.0,0.016116512298583983
1785289709.2736993,0.0,0.0,0.016611167907714844
1785289709.2902765,0.0,0.0,0.016166847229003908
1785289709.3066335,0.0,0.0,0.015958592414855956
1785289709.3231928,0.0,0.0,0.01616876792907715
1785289709.3404243,0.0,0.0,0.016828224182128905
1785289709.3569343,0.0,0.0,0.01610550308227539
1785289709.3732796,0.0,0.0,0.015948320388793947
1785289709.3903964,0.0,0.0,0.016723936080932617
1785289709.406979,0.0,0.0,0.01616876792907715
1785289709.423536,0.0,0.0,0.01614473533630371
1785289709.4406428,0.0,0.0,0.01670966339111328
1785289709.4571724,0.0,0.0,0.016126943588256837
1785289709.4735618,0.0,0.0,0.015998047828674318
1785289709.4900413,0.0,0.0,0.01608995246887207
1785289709.507198,0.0,0.0,0.016742303848266603
1785289709.5236735,0.0,0.0,0.01607094383239746
1785289709.5401404,0.0,0.0,0.016067424774169923
1785289709.5572984,0.0,0.0,0.016767999649047852
1785289709.5737648,0.0,0.0,0.016058368682861326
1785289709.5902123,0.0,0.0,0.016053760528564453
1785289709.6072495,0.0,0.0,0.01664214324951172
1785289709.6237516,0.0,0.0,0.016095840454101562
1785289709.6400974,0.0,0.0,0.01595260810852051
1785289709.656512,0.0,0.0,0.016026432037353516
1785289709.67353,0.0,0.0,0.016618816375732422
1785289709.6900578,0.0,0.0,0.01612614440917969
1785289709.7064471,0.0,0.0,0.01597103977203369
1785289709.7237973,0.0,0.0,0.016950687408447265
1785289709.740345,0.0,0.0,0.016136831283569335
1785289709.7568498,0.0,0.0,0.01611110305786133
1785289709.7737844,0.0,0.0,0.016535680770874025
1785289709.7903414,0.0,0.0,0.016154560089111328
1785289709.8067944,0.0,0.0,0.016060224533081056
1785289709.8232687,0.0,0.0,0.016065696716308593
1785289709.8405023,0.0,0.0,0.01682713508605957
1785289709.8571637,0.0,0.0,0.01624684715270996
1785289709.8735352,0.0,0.0,0.015975872039794923
1785289709.8907852,0.0,0.0,0.016861312866210936
1785289709.9072268,0.0,0.0,0.01601251220703125
1785289709.9236012,0.0,0.0,0.015979424476623535
1785289709.9406805,0.0,0.0,0.016689952850341798
1785289709.957138,0.0,0.0,0.016052064895629884
1785289709.9735515,0.0,0.0,0.016021791458129882
1785289709.9900086,0.0,0.0,0.016059104919433593
1785289710.0071836,0.0,0.0,0.016771936416625978
1785289710.0236268,0.0,0.0,0.016041120529174804
1785289710.0400305,0.0,0.0,0.016013824462890625
1785289710.057162,0.0,0.0,0.0167425594329834
1785289710.0735774,0.0,0.0,0.016007200241088867
1785289710.0900433,0.0,0.0,0.01607142448425293
1785289710.107179,0.0,0.0,0.01674518394470215
1785289710.1237037,0.0,0.0,0.01611654472351074
1785289710.1402192,0.0,0.0,0.01611747169494629
1785289710.1573737,0.0,0.0,0.01676192092895508
1785289710.1739423,0.0,0.0,0.016164287567138672
1785289710.1904137,0.0,0.0,0.016078336715698242
1785289710.2068596,0.0,0.0,0.016046592712402344
1785289710.224092,0.0,0.0,0.01680601692199707
1785289710.2405937,0.0,0.0,0.01608915138244629
1785289710.2571843,0.0,0.0,0.01613667106628418
1785289710.2742333,0.0,0.0,0.01665340805053711
1785289710.2906702,0.0,0.0,0.01603104019165039
1785289710.307026,0.0,0.0,0.015960927963256835
1785289710.3242087,0.0,0.0,0.016754751205444337
1785289710.3406382,0.0,0.0,0.016022079467773436
1785289710.357168,0.0,0.0,0.01613327980041504
1785289710.3735275,0.0,0.0,0.01596668815612793
1785289710.3906558,0.0,0.0,0.016733760833740233
1785289710.4070883,0.0,0.0,0.016027040481567383
1785289710.4235356,0.0,0.0,0.016034879684448243
1785289710.4406853,0.0,0.0,0.016751232147216796
1785289710.4572084,0.0,0.0,0.016106143951416015
1785289710.4736621,0.0,0.0,0.016052127838134766
1785289710.4907677,0.0,0.0,0.0167093448638916
1785289710.5072696,0.0,0.0,0.016067808151245117
1785289710.523689,0.0,0.0,0.01601820755004883
1785289710.5401213,0.0,0.0,0.016032384872436523
1785289710.5571904,0.0,0.0,0.016669471740722655
1785289710.5736628,0.0,0.0,0.01606483268737793
1785289710.590124,0.0,0.0,0.016065887451171875
1785289710.6073418,0.0,0.0,0.016822879791259765
1785289710.623843,0.0,0.0,0.016093568801879884
1785289710.6401777,0.0,0.0,0.015935359954833986
1785289710.6573215,0.0,0.0,0.01674675178527832
1785289710.6737535,0.0,0.0,0.016026527404785156
1785289710.6901433,0.0,0.0,0.01599779224395752
1785289710.7066233,0.0,0.0,0.01608185577392578
1785289710.7240067,0.0,0.0,0.01697011184692383
1785289710.740489,0.0,0.0,0.016075904846191407
1785289710.7570386,0.0,0.0,0.01615683174133301
1785289710.7741585,0.0,0.0,0.016726079940795897
1785289710.7906327,0.0,0.0,0.016067487716674805
1785289710.807013,0.0,0.0,0.015985664367675782
1785289710.824128,0.0,0.0,0.016699424743652345
1785289710.8405044,0.0,0.0,0.015963616371154784
1785289710.8568807,0.0,0.0,0.01597923183441162
1785289710.873208,0.0,0.0,0.01593513584136963
1785289710.8903074,0.0,0.0,0.01669548797607422
1785289710.9067602,0.0,0.0,0.016043071746826173
1785289710.923238,0.0,0.0,0.016058080673217772
1785289710.9402902,0.0,0.0,0.016660192489624023
1785289710.9569068,0.0,0.0,0.01620707130432129
1785289710.9733605,0.0,0.0,0.016053056716918944
1785289710.990485,0.0,0.0,0.016728511810302736
1785289711.0069497,0.0,0.0,0.016060415267944335
1785289711.0233243,0.0,0.0,0.015954879760742186
1785289711.0397005,0.0,0.0,0.01597875213623047
1785289711.0568316,0.0,0.0,0.016039424896240235
1785289711.0732136,0.0,0.0,0.015977439880371095
1785289711.0897007,0.0,0.0,0.016090879440307616
1785289711.1068513,0.0,0.0,0.01675254440307617
1785289711.1233187,0.0,0.0,0.016044256210327148
1785289711.1397018,0.0,0.0,0.015987775802612306
1785289711.15677,0.0,0.0,0.016676416397094728
1785289711.1730552,0.0,0.0,0.015884096145629883
1785289711.1895363,0.0,0.0,0.01608675193786621
1785289711.20657,0.0,0.0,0.016637535095214845
1785289711.2231338,0.0,0.0,0.016147327423095704
1785289711.2395837,0.0,0.0,0.016049280166625976
1785289711.2560184,0.0,0.0,0.01602457618713379
1785289711.273153,0.0,0.0,0.016727872848510742
1785289711.2896242,0.0,0.0,0.01606707191467285
1785289711.305981,0.0,0.0,0.015958944320678712
1785289711.3231375,0.0,0.0,0.01676572799682617
1785289711.3396392,0.0,0.0,0.01609337615966797
1785289711.356,0.0,0.0,0.015968671798706056
1785289711.3729427,0.0,0.0,0.016550304412841797
1785289711.3894029,0.0,0.0,0.01605894470214844
1785289711.405761,0.0,0.0,0.015956159591674804
1785289711.4222574,0.0,0.0,0.016108543395996093
1785289711.439355,0.0,0.0,0.016692832946777345
1785289711.4558241,0.0,0.0,0.016063743591308594
1785289711.472192,0.0,0.0,0.01597062397003174
1785289711.489382,0.0,0.0,0.016797632217407227
1785289711.50578,0.0,0.0,0.0159935998916626
1785289711.522193,0.0,0.0,0.01601535987854004
1785289711.539266,0.0,0.0,0.016679424285888672
1785289711.5557735,0.0,0.0,0.016096960067749022
1785289711.5721471,0.0,0.0,0.01597273635864258
1785289711.5885587,0.0,0.0,0.01601568031311035
1785289711.6057482,0.0,0.0,0.01678822326660156
1785289711.6222222,0.0,0.0,0.01607196807861328
1785289711.6385727,0.0,0.0,0.01595151996612549
1785289711.6558948,0.0,0.0,0.016926687240600587
1785289711.6723433,0.0,0.0,0.01603398323059082
1785289711.6888053,0.0,0.0,0.016059295654296875
1785289711.7060368,0.0,0.0,0.01683468818664551
1785289711.722544,0.0,0.0,0.01610006332397461
1785289711.7391458,0.0,0.0,0.016134496688842773
1785289711.7557333,0.0,0.0,0.0161646728515625
1785289711.7730575,0.0,0.0,0.016912288665771484
1785289711.7895188,0.0,0.0,0.016042816162109376
1785289711.805903,0.0,0.0,0.015981087684631346
1785289711.8229742,0.0,0.0,0.016673152923583984
1785289711.839482,0.0,0.0,0.016079008102416994
1785289711.8560493,0.0,0.0,0.01615999984741211
1785289711.873379,0.0,0.0,0.016924800872802733
1785289711.8899198,0.0,0.0,0.01611891174316406
1785289711.9063163,0.0,0.0,0.01599459171295166
1785289711.9228523,0.0,0.0,0.01612335968017578
1785289711.9401453,0.0,0.0,0.01616169548034668
1785289711.9566734,0.0,0.0,0.016121055603027342
1785289711.973106,0.0,0.0,0.01603334426879883
1785289711.9902608,0.0,0.0,0.016753984451293946
1785289712.0067034,0.0,0.0,0.01603049659729004
1785289712.02324,0.0,0.0,0.016135551452636718
1785289712.0404623,0.0,0.0,0.01682655906677246
1785289712.0570083,0.0,0.0,0.01613830375671387
1785289712.073455,0.0,0.0,0.016045536041259766
1785289712.090468,0.0,0.0,0.01662063980102539
1785289712.1068282,0.0,0.0,0.015959648132324217
1785289712.1232367,0.0,0.0,0.0159968318939209
1785289712.1396255,0.0,0.0,0.015994367599487306
1785289712.1568017,0.0,0.0,0.016779712677001953
1785289712.1733105,0.0,0.0,0.016095584869384765
1785289712.189749,0.0,0.0,0.016043231964111327
1785289712.2068663,0.0,0.0,0.016721248626708984
1785289712.2234542,0.0,0.0,0.016141599655151367
1785289712.23988,0.0,0.0,0.016022048950195312
1785289712.257067,0.0,0.0,0.016784704208374024
1785289712.2736309,0.0,0.0,0.01615190315246582
1785289712.2900984,0.0,0.0,0.01606649589538574
1785289712.3064187,0.0,0.0,0.01591932773590088
1785289712.3236642,0.0,0.0,0.016842784881591796
1785289712.3401482,0.0,0.0,0.016068864822387695
1785289712.3566785,0.0,0.0,0.016122623443603514
1785289712.373882,0.0,0.0,0.016803007125854492
1785289712.39033,0.0,0.0,0.016041248321533204
1785289712.4067643,0.0,0.0,0.016037120819091796
1785289712.423913,0.0,0.0,0.01673632049560547
1785289712.4402366,0.0,0.0,0.015916735649108886
1785289712.4566708,0.0,0.0,0.016035776138305664
1785289712.4730887,0.0,0.0,0.016021312713623045
1785289712.49024,0.0,0.0,0.01674313545227051
1785289712.5067313,0.0,0.0,0.01608016014099121
1785289712.523321,0.0,0.0,0.016176000595092773
1785289712.5404727,0.0,0.0,0.016755680084228515
1785289712.556964,0.0,0.0,0.016083200454711913
1785289712.573301,0.0,0.0,0.015935040473937987
1785289712.5904684,0.0,0.0,0.016770559310913084
1785289712.606935,0.0,0.0,0.01605331230163574
1785289712.6233995,0.0,0.0,0.016037120819091796
1785289712.639817,0.0,0.0,0.016019840240478516
1785289712.6569865,0.0,0.0,0.01676095962524414
1785289712.6734085,0.0,0.0,0.016011552810668947
1785289712.689837,0.0,0.0,0.016029151916503906
1785289712.706951,0.0,0.0,0.016716703414916993
1785289712.7234857,0.0,0.0,0.016097856521606446
1785289712.7399774,0.0,0.0,0.01608982467651367
1785289712.757265,0.0,0.0,0.016888063430786134
1785289712.773701,0.0,0.0,0.016013151168823243
1785289712.7901447,0.0,0.0,0.016042047500610352
1785289712.8073351,0.0,0.0,0.016794656753540037
1785289712.8238797,0.0,0.0,0.01612553596496582
1785289712.8403218,0.0,0.0,0.016039520263671874
1785289712.8568075,0.0,0.0,0.016085792541503906
1785289712.8740342,0.0,0.0,0.016826080322265624
1785289712.8905032,0.0,0.0,0.01605788803100586
1785289712.906968,0.0,0.0,0.016066047668457033
1785289712.924197,0.0,0.0,0.016816320419311522
1785289712.9405577,0.0,0.0,0.015955488204956056
1785289712.957015,0.0,0.0,0.016061695098876953
1785289712.9741058,0.0,0.0,0.01669526481628418
1785289712.9906573,0.0,0.0,0.016139711380004883
1785289713.0072372,0.0,0.0,0.01617820739746094
1785289713.0237322,0.0,0.0,0.016098112106323243
1785289713.0409527,0.0,0.0,0.01681203269958496
1785289713.0575404,0.0,0.0,0.016172927856445314
1785289713.0739932,0.0,0.0,0.016050016403198242
1785289713.0910463,0.0,0.0,0.01665398406982422
1785289713.1075778,0.0,0.0,0.016098175048828125
1785289713.1241128,0.0,0.0,0.016136127471923827
1785289713.1412852,0.0,0.0,0.01677766418457031
1785289713.157747,0.0,0.0,0.016052223205566405
1785289713.1741056,0.0,0.0,0.015961119651794434
1785289713.1905434,0.0,0.0,0.016040735244750977
1785289713.2078261,0.0,0.0,0.01687881660461426
1785289713.2242372,0.0,0.0,0.016003040313720702
1785289713.2406166,0.0,0.0,0.01597334384918213
1785289713.2576914,0.0,0.0,0.016672319412231445
1785289713.2741704,0.0,0.0,0.016064895629882812
1785289713.290553,0.0,0.0,0.01598198413848877
1785289713.3078868,0.0,0.0,0.016933887481689454
1785289713.3243423,0.0,0.0,0.016046144485473632
1785289713.3406332,0.0,0.0,0.015899040222167968
1785289713.3571134,0.0,0.0,0.01608844757080078
1785289713.3741045,0.0,0.0,0.016587295532226563
1785289713.3905969,0.0,0.0,0.016076831817626952
1785289713.406994,0.0,0.0,0.016002944946289063
1785289713.4240339,0.0,0.0,0.01661801528930664
1785289713.4404392,0.0,0.0,0.01598787212371826
1785289713.4568756,0.0,0.0,0.016033056259155274
1785289713.474241,0.0,0.0,0.016965856552124025
1785289713.4907491,0.0,0.0,0.01610028839111328
1785289713.5072112,0.0,0.0,0.01604435157775879
1785289713.523721,0.0,0.0,0.016111040115356447
1785289713.5408235,0.0,0.0,0.016694175720214845
1785289713.5571995,0.0,0.0,0.015972127914428712
1785289713.5735803,0.0,0.0,0.015986047744750976
1785289713.5906177,0.0,0.0,0.016643775939941406
1785289713.6071715,0.0,0.0,0.016140512466430664
1785289713.6236398,0.0,0.0,0.016069984436035155
1785289713.6407838,0.0,0.0,0.016748287200927733
1785289713.657315,0.0,0.0,0.016121664047241212
1785289713.673701,0.0,0.0,0.015994239807128906
1785289713.6908753,0.0,0.0,0.016780319213867186
1785289713.7073257,0.0,0.0,0.016015520095825197
1785289713.7237408,0.0,0.0,0.016011327743530274
1785289713.7401261,0.0,0.0,0.015988800048828126
1785289713.7572503,0.0,0.0,0.01671731185913086
1785289713.7737365,0.0,0.0,0.016078847885131836
1785289713.7904258,0.0,0.0,0.01623456001281738
1785289713.80769,0.0,0.0,0.01684543991088867
1785289713.8242314,0.0,0.0,0.016131744384765626
1785289713.8406825,0.0,0.0,0.01605174446105957
1785289713.8579633,0.0,0.0,0.016873247146606447
1785289713.8744268,0.0,0.0,0.016056032180786134
1785289713.8909097,0.0,0.0,0.016089120864868165
1785289713.9072807,0.0,0.0,0.015946240425109864
1785289713.924535,0.0,0.0,0.016852800369262694
1785289713.9409137,0.0,0.0,0.015972448348999024
1785289713.957426,0.0,0.0,0.01611350440979004
1785289713.9745297,0.0,0.0,0.016704383850097655
1785289713.990912,0.0,0.0,0.01597596836090088
1785289714.0078042,0.0,0.0,0.016470783233642577
1785289714.0247352,0.0,0.0,0.016535648345947264
1785289714.0411618,0.0,0.0,0.016022079467773436
1785289714.0575864,0.0,0.0,0.01602943992614746
1785289714.0739677,0.0,0.0,0.015985312461853026
1785289714.0912127,0.0,0.0,0.016836063385009765
1785289714.1075325,0.0,0.0,0.01591545581817627
1785289714.1239495,0.0,0.0,0.01601478385925293
1785289714.1410549,0.0,0.0,0.01670956802368164
1785289714.1574814,0.0,0.0,0.01601580810546875
1785289714.1738958,0.0,0.0,0.016012287139892577
1785289714.190986,0.0,0.0,0.016692256927490233
1785289714.2074234,0.0,0.0,0.01600489616394043
1785289714.2238014,0.0,0.0,0.01597481632232666
1785289714.2402625,0.0,0.0,0.016051071166992188
1785289714.2573044,0.0,0.0,0.016633888244628907
1785289714.2738144,0.0,0.0,0.016102848052978517
1785289714.2902691,0.0,0.0,0.016057600021362306
1785289714.3074985,0.0,0.0,0.016833759307861327
1785289714.3239477,0.0,0.0,0.016039104461669923
1785289714.3403935,0.0,0.0,0.01604435157775879
1785289714.357396,0.0,0.0,0.016604543685913086
1785289714.373806,0.0,0.0,0.01600102424621582
1785289714.390396,0.0,0.0,0.01619536018371582
1785289714.406916,0.0,0.0,0.01612281608581543
1785289714.4241135,0.0,0.0,0.01676803207397461
1785289714.4405243,0.0,0.0,0.016015039443969727
1785289714.456988,0.0,0.0,0.01606950378417969
1785289714.473981,0.0,0.0,0.016597440719604492
1785289714.4904096,0.0,0.0,0.016017183303833008
1785289714.5068069,0.0,0.0,0.01599846363067627
1785289714.5240102,0.0,0.0,0.016787519454956056
1785289714.5404892,0.0,0.0,0.016069791793823243
1785289714.5569835,0.0,0.0,0.016096160888671874
1785289714.5739715,0.0,0.0,0.016594144821166994
1785289714.5904539,0.0,0.0,0.016080575942993162
1785289714.6067843,0.0,0.0,0.015935999870300293
1785289714.6232688,0.0,0.0,0.01606537628173828
1785289714.6404564,0.0,0.0,0.016788000106811522
1785289714.6569498,0.0,0.0,0.016083776473999025
1785289714.673342,0.0,0.0,0.015994239807128906
1785289714.6903944,0.0,0.0,0.016657215118408203
1785289714.706773,0.0,0.0,0.015970784187316893
1785289714.7232835,0.0,0.0,0.016092863082885742
1785289714.740312,0.0,0.0,0.016630336761474608
1785289714.7568119,0.0,0.0,0.016095359802246093
1785289714.7732406,0.0,0.0,0.016030656814575196
1785289714.7897854,0.0,0.0,0.016153472900390625
1785289714.8068006,0.0,0.0,0.016614336013793946
1785289714.8233469,0.0,0.0,0.016113759994506836
1785289714.8398376,0.0,0.0,0.01608448028564453
1785289714.856985,0.0,0.0,0.016752384185791017
1785289714.8734136,0.0,0.0,0.016022720336914063
1785289714.889784,0.0,0.0,0.015966815948486326
1785289714.906834,0.0,0.0,0.016657344818115233
1785289714.9232597,0.0,0.0,0.01599503993988037
1785289714.9395332,0.0,0.0,0.015876192092895508
1785289714.956011,0.0,0.0,0.016080127716064454
1785289714.9730518,0.0,0.0,0.016633472442626952
1785289714.9896135,0.0,0.0,0.016153600692749022
1785289715.0060878,0.0,0.0,0.01607449531555176
1785289715.023322,0.0,0.0,0.016832735061645506
1785289715.0398295,0.0,0.0,0.016094720840454102
1785289715.0562422,0.0,0.0,0.0160183048248291
1785289715.0734096,0.0,0.0,0.016773344039916992
1785289715.089727,0.0,0.0,0.015910143852233886
1785289715.106032,0.0,0.0,0.015905983924865724
1785289715.1224396,0.0,0.0,0.01601363182067871
1785289715.139531,0.0,0.0,0.016685312271118163
1785289715.1561027,0.0,0.0,0.01616214370727539
1785289715.172366,0.0,0.0,0.015868576049804687
1785289715.18946,0.0,0.0,0.016700544357299806
1785289715.2058854,0.0,0.0,0.01601590347290039
1785289715.2224355,0.0,0.0,0.016156448364257812
1785289715.2395623,0.0,0.0,0.016720735549926757
1785289715.2560773,0.0,0.0,0.016109247207641602
1785289715.2724652,0.0,0.0,0.015991488456726075
1785289715.288869,0.0,0.0,0.016008960723876954
1785289715.3059638,0.0,0.0,0.01668239974975586
1785289715.3224468,0.0,0.0,0.016075456619262695
1785289715.3388956,0.0,0.0,0.016054464340209962
1785289715.3560367,0.0,0.0,0.016726879119873046
1785289715.3724673,0.0,0.0,0.01602102470397949
1785289715.3889291,0.0,0.0,0.016068767547607422
1785289715.4060495,0.0,0.0,0.01672438430786133
1785289715.4224453,0.0,0.0,0.015991904258728026
1785289715.4388359,0.0,0.0,0.015993535995483397
1785289715.4552836,0.0,0.0,0.0160383358001709
1785289715.4723434,0.0,0.0,0.01665987205505371
1785289715.4887135,0.0,0.0,0.0159615364074707
1785289715.5051842,0.0,0.0,0.016074752807617186
1785289715.5223973,0.0,0.0,0.016822751998901368
1785289715.5389023,0.0,0.0,0.01609836769104004
1785289715.5554183,0.0,0.0,0.01609856033325195
1785289715.5725825,0.0,0.0,0.01677257537841797
1785289715.5890121,0.0,0.0,0.016019359588623047
1785289715.6055417,0.0,0.0,0.01613257598876953
1785289715.6226225,0.0,0.0,0.016683391571044922
1785289715.639048,0.0,0.0,0.01600873565673828
1785289715.65539,0.0,0.0,0.015925024032592775
1785289715.6717346,0.0,0.0,0.015954943656921388
1785289715.6887634,0.0,0.0,0.016633087158203125
1785289715.705211,0.0,0.0,0.016040639877319338
1785289715.721542,0.0,0.0,0.01593785572052002
1785289715.7385228,0.0,0.0,0.016527679443359374
1785289715.7550137,0.0,0.0,0.01607747268676758
1785289715.7714148,0.0,0.0,0.01597881603240967
1785289715.7883942,0.0,0.0,0.0165893440246582
1785289715.8048875,0.0,0.0,0.016093759536743163
1785289715.8214765,0.0,0.0,0.016196640014648437
1785289715.8379998,0.0,0.0,0.016128543853759766
1785289715.8551822,0.0,0.0,0.016769664764404297
1785289715.8716705,0.0,0.0,0.016080448150634766
1785289715.8880303,0.0,0.0,0.015968095779418944
1785289715.9051154,0.0,0.0,0.016693824768066405
1785289715.921545,0.0,0.0,0.016012351989746095
1785289715.9380016,0.0,0.0,0.016062047958374022
1785289715.9551983,0.0,0.0,0.01680463981628418
1785289715.9717176,0.0,0.0,0.016113279342651367
1785289715.9881456,0.0,0.0,0.01603215980529785
1785289716.0046096,0.0,0.0,0.016068544387817383
1785289716.021518,0.0,0.0,0.016509151458740233
1785289716.0379636,0.0,0.0,0.01604278373718262
1785289716.0544975,0.0,0.0,0.016142431259155272
1785289716.0715263,0.0,0.0,0.016638271331787108
1785289716.0880175,0.0,0.0,0.01607823944091797
1785289716.1043174,0.0,0.0,0.015909119606018065
1785289716.1214788,0.0,0.0,0.016771007537841796
1785289716.1378934,0.0,0.0,0.01600476837158203
1785289716.1544054,0.0,0.0,0.01610700798034668
1785289716.1708875,0.0,0.0,0.016074304580688478
1785289716.18799,0.0,0.0,0.016683168411254883
1785289716.204429,0.0,0.0,0.01603206443786621
1785289716.2210188,0.0,0.0,0.016186431884765626
1785289716.2380488,0.0,0.0,0.016611871719360353
1785289716.254502,0.0,0.0,0.01604150390625
1785289716.2709935,0.0,0.0,0.016090431213378907
1785289716.2880683,0.0,0.0,0.016651519775390623
1785289716.3045113,0.0,0.0,0.016031839370727538
1785289716.3210204,0.0,0.0,0.0161125431060791
1785289716.3374171,0.0,0.0,0.015996095657348632
1785289716.354303,0.0,0.0,0.01648134422302246
1785289716.3708918,0.0,0.0,0.01618409538269043
1785289716.387404,0.0,0.0,0.016095552444458008
1785289716.4044616,0.0,0.0,0.016662464141845704
1785289716.4209447,0.0,0.0,0.016067424774169923
1785289716.437384,0.0,0.0,0.016039871215820314
1785289716.454347,0.0,0.0,0.016563295364379883
1785289716.4706936,0.0,0.0,0.015939519882202147
1785289716.4871306,0.0,0.0,0.016012800216674804
1785289716.5034504,0.0,0.0,0.015913663864135744
1785289716.5205293,0.0,0.0,0.016671903610229494
1785289716.537024,0.0,0.0,0.016082304000854492
1785289716.5533895,0.0,0.0,0.015963040351867675
1785289716.5703883,0.0,0.0,0.016599552154541015
1785289716.5869415,0.0,0.0,0.016142656326293945
1785289716.6033828,0.0,0.0,0.016022464752197266
1785289716.6204221,0.0,0.0,0.016639551162719726
1785289716.6369016,0.0,0.0,0.016071168899536133
1785289716.6534283,0.0,0.0,0.016121664047241212
1785289716.6699193,0.0,0.0,0.01609324836730957
1785289716.6869109,0.0,0.0,0.01605824089050293
1785289716.7033901,0.0,0.0,0.01605392074584961
1785289716.7197733,0.0,0.0,0.015983263969421388
1785289716.736747,0.0,0.0,0.01657468795776367
1785289716.753246,0.0,0.0,0.016088672637939453
1785289716.7697902,0.0,0.0,0.016146656036376952
1785289716.78681,0.0,0.0,0.01662473678588867
1785289716.8032482,0.0,0.0,0.016008703231811524
1785289716.8197148,0.0,0.0,0.01606393623352051
1785289716.8366773,0.0,0.0,0.016562944412231446
1785289716.8532486,0.0,0.0,0.016162464141845703
1785289716.8698547,0.0,0.0,0.016178783416748048
1785289716.8864946,0.0,0.0,0.01624015998840332
1785289716.9037173,0.0,0.0,0.016818208694458006
1785289716.9203184,0.0,0.0,0.01619945526123047
1785289716.9368186,0.0,0.0,0.016098623275756837
1785289716.9537864,0.0,0.0,0.016571935653686524
1785289716.970331,0.0,0.0,0.016129247665405272
1785289716.9868152,0.0,0.0,0.01608563232421875
1785289717.0038636,0.0,0.0,0.016631616592407226
1785289717.0203476,0.0,0.0,0.016076736450195313
1785289717.0367236,0.0,0.0,0.015971327781677248
1785289717.0532763,0.0,0.0,0.016156160354614257
1785289717.0702562,0.0,0.0,0.016586111068725585
1785289717.0868137,0.0,0.0,0.016146879196166992
1785289717.1033301,0.0,0.0,0.01609881591796875
1785289717.1203291,0.0,0.0,0.016594944000244142
1785289717.1368341,0.0,0.0,0.016094655990600587
1785289717.1532779,0.0,0.0,0.016046464920043944
1785289717.1703603,0.0,0.0,0.016686080932617187
1785289717.186832,0.0,0.0,0.016065216064453124
1785289717.2034607,0.0,0.0,0.01620800018310547
1785289717.2198443,0.0,0.0,0.015985535621643066
1785289717.2367935,0.0,0.0,0.016534847259521486
1785289717.253235,0.0,0.0,0.016027168273925783
1785289717.269745,0.0,0.0,0.01610246467590332
1785289717.2867272,0.0,0.0,0.016580799102783202
1785289717.3031363,0.0,0.0,0.01598307228088379
1785289717.3195467,0.0,0.0,0.01600979232788086
1785289717.3364832,0.0,0.0,0.01653603172302246
1785289717.35296,0.0,0.0,0.016073823928833008
1785289717.3693528,0.0,0.0,0.015992863655090332
1785289717.3858635,0.0,0.0,0.01610870361328125
1785289717.4027698,0.0,0.0,0.016503231048583984
1785289717.4192255,0.0,0.0,0.016026624679565428
1785289717.4356494,0.0,0.0,0.016023296356201172
1785289717.4526262,0.0,0.0,0.016583072662353517
1785289717.4690585,0.0,0.0,0.016024320602416993
1785289717.4855146,0.0,0.0,0.016056640625
1785289717.5025184,0.0,0.0,0.01659766387939453
1785289717.51901,0.0,0.0,0.016077951431274416
1785289717.535402,0.0,0.0,0.015960895538330078
1785289717.5518153,0.0,0.0,0.016015104293823242
1785289717.5689435,0.0,0.0,0.016118623733520507
1785289717.5853586,0.0,0.0,0.016008127212524415
1785289717.6017654,0.0,0.0,0.01600230407714844
1785289717.6188514,0.0,0.0,0.016687488555908202
1785289717.6353414,0.0,0.0,0.01605727958679199
1785289717.6517947,0.0,0.0,0.016052448272705078
1785289717.6688323,0.0,0.0,0.016634624481201173
1785289717.685351,0.0,0.0,0.016101472854614256
1785289717.7017794,0.0,0.0,0.016022880554199218
1785289717.718639,0.0,0.0,0.016460447311401366
1785289717.7351518,0.0,0.0,0.01610316848754883
1785289717.7516537,0.0,0.0,0.01609219169616699
1785289717.7682471,0.0,0.0,0.016195072174072265
1785289717.7853181,0.0,0.0,0.016663040161132812
1785289717.801728,0.0,0.0,0.015995648384094237
1785289717.8182259,0.0,0.0,0.016089088439941408
1785289717.8352017,0.0,0.0,0.016572959899902345
1785289717.8515832,0.0,0.0,0.01597276782989502
1785289717.8681104,0.0,0.0,0.016118240356445313
1785289717.885152,0.0,0.0,0.016638048171997072
1785289717.9015448,0.0,0.0,0.015970015525817872
1785289717.9178808,0.0,0.0,0.015930591583251955
1785289717.9341893,0.0,0.0,0.015909600257873534
1785289717.9511793,0.0,0.0,0.01658243179321289
1785289717.9675343,0.0,0.0,0.01593299198150635
1785289717.9839926,0.0,0.0,0.01605567932128906
1785289718.0007815,0.0,0.0,0.016388736724853515
1785289718.0172436,0.0,0.0,0.016055488586425783
1785289718.0337648,0.0,0.0,0.016119104385375976
1785289718.050785,0.0,0.0,0.016618463516235353
1785289718.067291,0.0,0.0,0.016073856353759765
1785289718.0838327,0.0,0.0,0.01613862419128418
1785289718.1003883,0.0,0.0,0.01615001678466797
1785289718.1173508,0.0,0.0,0.016559200286865236
1785289718.1338732,0.0,0.0,0.016109855651855468
1785289718.150446,0.0,0.0,0.016172767639160156
1785289718.1675923,0.0,0.0,0.016746047973632813
1785289718.1841934,0.0,0.0,0.01619436836242676
1785289718.2006986,0.0,0.0,0.016106815338134767
1785289718.2177958,0.0,0.0,0.01669424057006836
1785289718.2344005,0.0,0.0,0.016186399459838866
1785289718.2509692,0.0,0.0,0.01616201591491699
1785289718.2675903,0.0,0.0,0.016195039749145507
1785289718.2847662,0.0,0.0,0.01676748847961426
1785289718.3013124,0.0,0.0,0.016139808654785155
1785289718.3178487,0.0,0.0,0.01609225654602051
1785289718.3348536,0.0,0.0,0.016605632781982422
1785289718.3515546,0.0,0.0,0.016275423049926758
1785289718.3681026,0.0,0.0,0.016144319534301756
1785289718.3852205,0.0,0.0,0.016715871810913087
1785289718.4017434,0.0,0.0,0.01611452865600586
1785289718.4182196,0.0,0.0,0.01607468795776367
1785289718.4352214,0.0,0.0,0.016602848052978517
1785289718.451821,0.0,0.0,0.016181919097900392
1785289718.4682505,0.0,0.0,0.016030368804931642
1785289718.4847674,0.0,0.0,0.016112768173217773
1785289718.5017726,0.0,0.0,0.01660095977783203
1785289718.5182068,0.0,0.0,0.016025344848632814
1785289718.5347166,0.0,0.0,0.016103551864624022
1785289718.5516088,0.0,0.0,0.016482816696166993
1785289718.5680318,0.0,0.0,0.016008928298950197
1785289718.5845134,0.0,0.0,0.016080320358276366
1785289718.601376,0.0,0.0,0.01645996856689453
1785289718.6179543,0.0,0.0,0.016172544479370117
1785289718.6342928,0.0,0.0,0.015935423851013184
1785289718.6508417,0.0,0.0,0.01614508819580078
1785289718.6679308,0.0,0.0,0.01666521644592285
1785289718.6844828,0.0,0.0,0.016142847061157227
1785289718.7009978,0.0,0.0,0.016110528945922853
1785289718.7180471,0.0,0.0,0.016652511596679687
1785289718.7344666,0.0,0.0,0.016000127792358397
1785289718.750928,0.0,0.0,0.016063743591308594
1785289718.768015,0.0,0.0,0.01666067123413086
1785289718.78462,0.0,0.0,0.016202592849731447
1785289718.8011322,0.0,0.0,0.016120000839233397
1785289718.8176913,0.0,0.0,0.016162847518920897
1785289718.8346982,0.0,0.0,0.01660476875305176
1785289718.8513443,0.0,0.0,0.016235488891601563
1785289718.8676732,0.0,0.0,0.015928383827209472
1785289718.8846784,0.0,0.0,0.016607168197631837
1785289718.901152,0.0,0.0,0.01605718421936035
1785289718.9177005,0.0,0.0,0.016117599487304686
1785289718.9347372,0.0,0.0,0.016634143829345704
1785289718.9512308,0.0,0.0,0.016060800552368165
1785289718.9677143,0.0,0.0,0.01607721519470215
1785289718.9841208,0.0,0.0,0.01600169563293457
1785289719.0010731,0.0,0.0,0.016551200866699218
1785289719.0176387,0.0,0.0,0.016152320861816408
1785289719.0341425,0.0,0.0,0.016102016448974608
1785289719.0510263,0.0,0.0,0.01649113655090332
1785289719.0675197,0.0,0.0,0.016067615509033205
1785289719.0840266,0.0,0.0,0.016104703903198243
1785289719.101022,0.0,0.0,0.016589439392089844
1785289719.1175606,0.0,0.0,0.01612668800354004
1785289719.1345675,0.0,0.0,0.016603328704833983
1785289719.1516583,0.0,0.0,0.016686176300048827
1785289719.1681488,0.0,0.0,0.016079967498779296
1785289719.1846852,0.0,0.0,0.016137887954711914
1785289719.2011552,0.0,0.0,0.016068767547607422
1785289719.218184,0.0,0.0,0.01662723159790039
1785289719.2348568,0.0,0.0,0.016254560470581055
1785289719.2512853,0.0,0.0,0.01598847961425781
1785289719.2683337,0.0,0.0,0.01664300727844238
1785289719.2848222,0.0,0.0,0.016078527450561524
1785289719.3013115,0.0,0.0,0.016090879440307616
1785289719.3182433,0.0,0.0,0.016532960891723632
1785289719.3347626,0.0,0.0,0.016110944747924804
1785289719.3513153,0.0,0.0,0.016133663177490234
1785289719.3679068,0.0,0.0,0.01619081687927246
1785289719.3848903,0.0,0.0,0.01658163261413574
1785289719.40137,0.0,0.0,0.016068191528320314
1785289719.4178462,0.0,0.0,0.01607926368713379
1785289719.4349,0.0,0.0,0.016649696350097658
1785289719.451493,0.0,0.0,0.016166208267211914
1785289719.4679706,0.0,0.0,0.016078048706054688
1785289719.484969,0.0,0.0,0.016605024337768556
1785289719.5015478,0.0,0.0,0.016171775817871093
1785289719.517954,0.0,0.0,0.016011423110961914
1785289719.5344865,0.0,0.0,0.016134431838989258
1785289719.5515208,0.0,0.0,0.0166329288482666
1785289719.5679996,0.0,0.0,0.016071807861328124
1785289719.5844662,0.0,0.0,0.016064735412597658
1785289719.6013365,0.0,0.0,0.016471103668212892
1785289719.6178231,0.0,0.0,0.01607436752319336
1785289719.6342921,0.0,0.0,0.016068159103393556
1785289719.6511667,0.0,0.0,0.01646710395812988
1785289719.6677012,0.0,0.0,0.016120832443237306
1785289719.684185,0.0,0.0,0.016083488464355467
1785289719.7008076,0.0,0.0,0.016219135284423827
1785289719.71774,0.0,0.0,0.016526079177856444
1785289719.734315,0.0,0.0,0.01616716766357422
1785289719.7507207,0.0,0.0,0.015998111724853516
1785289719.7678242,0.0,0.0,0.016684383392333985
1785289719.7843935,0.0,0.0,0.016165952682495117
1785289719.800918,0.0,0.0,0.01612563133239746
1785289719.8179932,0.0,0.0,0.01667356872558594
1785289719.8344414,0.0,0.0,0.01603318405151367
1785289719.8509877,0.0,0.0,0.016137184143066405
1785289719.8681128,0.0,0.0,0.016709535598754884
1785289719.8845818,0.0,0.0,0.0160579833984375
1785289719.901076,0.0,0.0,0.01608576011657715
1785289719.9176543,0.0,0.0,0.016175647735595704
1785289719.9346533,0.0,0.0,0.016592096328735352
1785289719.951239,0.0,0.0,0.016158784866333008
1785289719.9677036,0.0,0.0,0.016058719635009766
1785289719.9848492,0.0,0.0,0.016743295669555663
1785289720.0014672,0.0,0.0,0.016205024719238282
1785289720.017949,0.0,0.0,0.016080095291137696
1785289720.0349343,0.0,0.0,0.01657868766784668
1785289720.0515032,0.0,0.0,0.016131423950195314
1785289720.068071,0.0,0.0,0.01616092872619629
1785289720.0846229,0.0,0.0,0.01615785598754883
1785289720.101739,0.0,0.0,0.016716287612915038
1785289720.1181579,0.0,0.0,0.016010944366455077
1785289720.134543,0.0,0.0,0.015986528396606445
1785289720.1515555,0.0,0.0,0.01660995292663574
1785289720.168104,0.0,0.0,0.01613542366027832
1785289720.184723,0.0,0.0,0.016216768264770507
1785289720.2016332,0.0,0.0,0.0165118408203125
1785289720.218156,0.0,0.0,0.016113983154296876
1785289720.234776,0.0,0.0,0.016213983535766602
1785289720.2513986,0.0,0.0,0.016175807952880858
1785289720.2684917,0.0,0.0,0.016688640594482423
1785289720.2850058,0.0,0.0,0.016102304458618166
1785289720.3014882,0.0,0.0,0.016083839416503907
1785289720.318471,0.0,0.0,0.016583711624145507
1785289720.3350089,0.0,0.0,0.016132959365844725
1785289720.3516192,0.0,0.0,0.016194015502929687
1785289720.368772,0.0,0.0,0.016747871398925782
1785289720.3854792,0.0,0.0,0.016298463821411133
1785289720.402038,0.0,0.0,0.016157087326049806
1785289720.4189785,0.0,0.0,0.01653740882873535
1785289720.4355214,0.0,0.0,0.01611212730407715
1785289720.4519444,0.0,0.0,0.01601968002319336
1785289720.4684627,0.0,0.0,0.016115392684936523
1785289720.485503,0.0,0.0,0.016635711669921876
1785289720.5019884,0.0,0.0,0.016077375411987303
1785289720.518544,0.0,0.0,0.016158815383911132
1785289720.5356278,0.0,0.0,0.016685279846191406
1785289720.5520976,0.0,0.0,0.016059551239013672
1785289720.5686808,0.0,0.0,0.016185983657836914
1785289720.5858319,0.0,0.0,0.016746623992919922
1785289720.6023903,0.0,0.0,0.016146240234375
1785289720.6188622,0.0,0.0,0.01606915283203125
1785289720.6353488,0.0,0.0,0.016059423446655275
1785289720.652384,0.0,0.0,0.016636320114135742
1785289720.6689506,0.0,0.0,0.01615523147583008
1785289720.685451,0.0,0.0,0.01609644889831543
1785289720.7025557,0.0,0.0,0.01670387268066406
1785289720.7190318,0.0,0.0,0.016065280914306642
1785289720.7354252,0.0,0.0,0.01597580814361572
1785289720.7524538,0.0,0.0,0.01662531280517578
1785289720.7690022,0.0,0.0,0.016136991500854493
1785289720.7856379,0.0,0.0,0.016234752655029296
1785289720.802304,0.0,0.0,0.016205791473388673
1785289720.8193336,0.0,0.0,0.016620031356811525
1785289720.8358839,0.0,0.0,0.01613920021057129
1785289720.8523586,0.0,0.0,0.016080991744995117
1785289720.8692524,0.0,0.0,0.016486207962036134
1785289720.8858273,0.0,0.0,0.016165664672851562
1785289720.9023285,0.0,0.0,0.016096288681030274
1785289720.9194374,0.0,0.0,0.01671481513977051
1785289720.935944,0.0,0.0,0.016098880767822267
1785289720.9524822,0.0,0.0,0.016132480621337892
1785289720.9688487,0.0,0.0,0.015952159881591797
1785289720.9860065,0.0,0.0,0.01610537528991699
1785289721.0024374,0.0,0.0,0.016021535873413085
1785289721.0189207,0.0,0.0,0.01608540725708008
1785289721.0360134,0.0,0.0,0.0166759033203125
1785289721.0524316,0.0,0.0,0.016010784149169923
1785289721.068783,0.0,0.0,0.015952896118164063
1785289721.0856707,0.0,0.0,0.016487871170043945
1785289721.102126,0.0,0.0,0.016044639587402345
1785289721.1186306,0.0,0.0,0.01610441589355469
1785289721.13578,0.0,0.0,0.01674553680419922
1785289721.152335,0.0,0.0,0.016144287109375
1785289721.1687813,0.0,0.0,0.016045215606689454
1785289721.185213,0.0,0.0,0.01603152084350586
1785289721.2022085,0.0,0.0,0.01659619140625
1785289721.2187483,0.0,0.0,0.016128959655761718
1785289721.2353177,0.0,0.0,0.01614236831665039
1785289721.2522979,0.0,0.0,0.016568639755249023
1785289721.2687502,0.0,0.0,0.016043136596679688
1785289721.2852297,0.0,0.0,0.0160797119140625
1785289721.3021402,0.0,0.0,0.016509023666381836
1785289721.318598,0.0,0.0,0.016053600311279295
1785289721.3351464,0.0,0.0,0.016145727157592774
1785289721.3516421,0.0,0.0,0.016085792541503906
1785289721.3686337,0.0,0.0,0.016593151092529297
1785289721.3850942,0.0,0.0,0.016052640914916993
1785289721.4015987,0.0,0.0,0.016096479415893556
1785289721.4186063,0.0,0.0,0.01660032081604004
1785289721.435116,0.0,0.0,0.016082368850708007
1785289721.4516692,0.0,0.0,0.016147647857666016
1785289721.4685295,0.0,0.0,0.01646143913269043
1785289721.4850001,0.0,0.0,0.016057504653930663
1785289721.5014422,0.0,0.0,0.016035360336303713
1785289721.517971,0.0,0.0,0.016126752853393555
1785289721.5354805,0.0,0.0,0.017111488342285156
1785289721.5520484,0.0,0.0,0.016145151138305665
1785289721.5686584,0.0,0.0,0.016209503173828126
1785289721.5858252,0.0,0.0,0.016767263412475586
1785289721.6023092,0.0,0.0,0.01606403160095215
1785289721.618731,0.0,0.0,0.016020479202270507
1785289721.6358871,0.0,0.0,0.016732704162597655
1785289721.6523886,0.0,0.0,0.0160864315032959
1785289721.6689212,0.0,0.0,0.016134239196777343
1785289721.6853528,0.0,0.0,0.016028511047363282
1785289721.7024372,0.0,0.0,0.016677728652954103
1785289721.718903,0.0,0.0,0.016051263809204103
1785289721.7353144,0.0,0.0,0.015988736152648925
1785289721.7525144,0.0,0.0,0.016792959213256835
1785289721.769127,0.0,0.0,0.016196895599365234
1785289721.785605,0.0,0.0,0.016069568634033204
1785289721.8027358,0.0,0.0,0.01672902488708496
1785289721.8191373,0.0,0.0,0.015963520050048828
1785289721.835577,0.0,0.0,0.01603046417236328
1785289721.8526747,0.0,0.0,0.01669068717956543
1785289721.8691943,0.0,0.0,0.01610905647277832
1785289721.8857682,0.0,0.0,0.016173471450805665
1785289721.902201,0.0,0.0,0.016031135559082033
1785289721.9193358,0.0,0.0,0.016721759796142578
1785289721.9357648,0.0,0.0,0.0160196475982666
1785289721.9523053,0.0,0.0,0.016141759872436524
1785289721.9694486,0.0,0.0,0.0167425594329834
1785289721.9860263,0.0,0.0,0.0161627197265625
1785289722.0024834,0.0,0.0,0.016035232543945312
1785289722.0197105,0.0,0.0,0.016827392578125
1785289722.03623,0.0,0.0,0.016102912902832032
1785289722.0527751,0.0,0.0,0.016143775939941405
1785289722.0692437,0.0,0.0,0.016065280914306642
1785289722.0864258,0.0,0.0,0.016771327972412108
1785289722.1029837,0.0,0.0,0.016149728775024415
1785289722.1195645,0.0,0.0,0.01615964889526367
1785289722.1368663,0.0,0.0,0.01690153694152832
1785289722.153358,0.0,0.0,0.01607731246948242
1785289722.1697552,0.0,0.0,0.01599395179748535
1785289722.1869586,0.0,0.0,0.01680099105834961
1785289722.203435,0.0,0.0,0.016045568466186523
1785289722.2199664,0.0,0.0,0.016126976013183594
1785289722.2365298,0.0,0.0,0.016164031982421875
1785289722.2538931,0.0,0.0,0.016949951171875
1785289722.27042,0.0,0.0,0.016115936279296875
1785289722.2869217,0.0,0.0,0.01609814453125
1785289722.3046176,0.0,0.0,0.017264543533325197
1785289722.3211052,0.0,0.0,0.016025535583496092
1785289722.337392,0.0,0.0,0.01587440013885498
1785289722.3546777,0.0,0.0,0.01687798309326172
1785289722.371371,0.0,0.0,0.016264575958251953
1785289722.3878345,0.0,0.0,0.01604832077026367
1785289722.4049678,0.0,0.0,0.016720928192138673
1785289722.4214005,0.0,0.0,0.01601158332824707
1785289722.43784,0.0,0.0,0.016029056549072267
1785289722.4543004,0.0,0.0,0.01605718421936035
1785289722.4714806,0.0,0.0,0.016774688720703125
1785289722.4881613,0.0,0.0,0.016265279769897462
1785289722.5046701,0.0,0.0,0.016099136352539064
1785289722.5218608,0.0,0.0,0.01678892707824707
1785289722.5383484,0.0,0.0,0.016066272735595702
1785289722.5548167,0.0,0.0,0.016065120697021484
1785289722.5718384,0.0,0.0,0.01660393524169922
1785289722.5884094,0.0,0.0,0.01616374397277832
1785289722.604888,0.0,0.0,0.01607644844055176
1785289722.6214712,0.0,0.0,0.01618320083618164
1785289722.6385872,0.0,0.0,0.01671241569519043
1785289722.655054,0.0,0.0,0.016060735702514647
1785289722.6714952,0.0,0.0,0.01601411247253418
1785289722.6884756,0.0,0.0,0.016571744918823243
1785289722.704982,0.0,0.0,0.016086591720581054
1785289722.7214062,0.0,0.0,0.016019392013549804
1785289722.7385597,0.0,0.0,0.016751808166503908
1785289722.755039,0.0,0.0,0.016070207595825194
1785289722.7715762,0.0,0.0,0.01611903953552246
1785289722.7883701,0.0,0.0,0.01639936065673828
1785289722.80526,0.0,0.0,0.01648896026611328
1785289722.8216841,0.0,0.0,0.01601958465576172
1785289722.838007,0.0,0.0,0.015922143936157228
1785289722.8551934,0.0,0.0,0.016785696029663087
1785289722.8717844,0.0,0.0,0.016170528411865233
1785289722.8883119,0.0,0.0,0.016123008728027344
1785289722.9054322,0.0,0.0,0.016719551086425782
1785289722.921909,0.0,0.0,0.016068992614746095
1785289722.9382641,0.0,0.0,0.01594595241546631
1785289722.9548545,0.0,0.0,0.016191232681274415
1785289722.97189,0.0,0.0,0.016081024169921875
1785289722.9882889,0.0,0.0,0.015991168022155763
1785289723.0046725,0.0,0.0,0.015984928131103516
1785289723.0220106,0.0,0.0,0.016923007965087892
1785289723.0385616,0.0,0.0,0.016138431549072265
1785289723.0551445,0.0,0.0,0.01617958450317383
1785289723.072396,0.0,0.0,0.016845727920532228
1785289723.0889227,0.0,0.0,0.01611516761779785
1785289723.1055326,0.0,0.0,0.016211200714111328
1785289723.1225936,0.0,0.0,0.01665558433532715
1785289723.1390424,0.0,0.0,0.01604275131225586
1785289723.1556535,0.0,0.0,0.016185216903686524
1785289723.1721857,0.0,0.0,0.016127967834472658
1785289723.189085,0.0,0.0,0.016507007598876952
1785289723.2056756,0.0,0.0,0.01618115234375
1785289723.2222133,0.0,0.0,0.016135839462280272
1785289723.239611,0.0,0.0,0.017005088806152344
1785289723.2561576,0.0,0.0,0.016134815216064455
1785289723.2726943,0.0,0.0,0.01613497543334961
1785289723.2897913,0.0,0.0,0.016698144912719728
1785289723.3063178,0.0,0.0,0.016117919921875
1785289723.3232353,0.0,0.0,0.016518592834472656
1785289723.339821,0.0,0.0,0.016189088821411134
1785289723.3569088,0.0,0.0,0.016685792922973633
1785289723.3734078,0.0,0.0,0.01609779167175293
1785289723.389931,0.0,0.0,0.016120800018310545
1785289723.4070628,0.0,0.0,0.016724096298217774
1785289723.423572,0.0,0.0,0.0160863037109375
1785289723.4401088,0.0,0.0,0.01614028739929199
1785289723.4573286,0.0,0.0,0.016816448211669922
1785289723.4737802,0.0,0.0,0.01604422378540039
1785289723.490209,0.0,0.0,0.016030336380004884
1785289723.5074317,0.0,0.0,0.016829631805419923
1785289723.5240064,0.0,0.0,0.016170848846435548
1785289723.5406861,0.0,0.0,0.016273792266845704
1785289723.5573542,0.0,0.0,0.01626963233947754
1785289723.5744097,0.0,0.0,0.016656768798828124
1785289723.5909286,0.0,0.0,0.016112895965576173
1785289723.607586,0.0,0.0,0.016237728118896483
1785289723.624635,0.0,0.0,0.016653375625610353
1785289723.641042,0.0,0.0,0.01599465560913086
1785289723.6574798,0.0,0.0,0.016042591094970703
1785289723.6745992,0.0,0.0,0.016721824645996093
1785289723.6911786,0.0,0.0,0.016171327590942385
1785289723.707602,0.0,0.0,0.01602854347229004
1785289723.7242315,0.0,0.0,0.01623520088195801
1785289723.7410028,0.0,0.0,0.016373983383178713
1785289723.757468,0.0,0.0,0.016059295654296875
1785289723.773979,0.0,0.0,0.01611414337158203
1785289723.7911913,0.0,0.0,0.01681171226501465
1785289723.8076863,0.0,0.0,0.016082048416137695
1785289723.8242567,0.0,0.0,0.01616752052307129
1785289723.8414183,0.0,0.0,0.016759199142456056
1785289723.8579276,0.0,0.0,0.01609539222717285
1785289723.8743832,0.0,0.0,0.016057247161865233
1785289723.8910758,0.0,0.0,0.01628691291809082
1785289723.9081807,0.0,0.0,0.016682687759399413
1785289723.9247143,0.0,0.0,0.016126495361328125
1785289723.9412634,0.0,0.0,0.016142656326293945
1785289723.958399,0.0,0.0,0.016731424331665037
1785289723.974933,0.0,0.0,0.016119104385375976
1785289723.9915662,0.0,0.0,0.016209280014038086
1785289724.0087729,0.0,0.0,0.016806976318359375
1785289724.0252907,0.0,0.0,0.01610972785949707
1785289724.041889,0.0,0.0,0.016191328048706054
1785289724.059176,0.0,0.0,0.016883295059204103
1785289724.075678,0.0,0.0,0.016093055725097657
1785289724.0921319,0.0,0.0,0.016052928924560547
1785289724.10877,0.0,0.0,0.016238975524902343
1785289724.1257463,0.0,0.0,0.01658003234863281
1785289724.142197,0.0,0.0,0.01604547119140625
1785289724.1587732,0.0,0.0,0.016168479919433595
1785289724.176008,0.0,0.0,0.016816864013671873
1785289724.1925495,0.0,0.0,0.016131423950195314
1785289724.209066,0.0,0.0,0.016113855361938476
1785289724.2261455,0.0,0.0,0.01667299270629883
1785289724.242626,0.0,0.0,0.016072864532470702
1785289724.2591276,0.0,0.0,0.016079872131347657
1785289724.2757492,0.0,0.0,0.016224479675292967
1785289724.2927241,0.0,0.0,0.016573055267333985
1785289724.3091433,0.0,0.0,0.016015647888183594
1785289724.325682,0.0,0.0,0.016142080307006836
1785289724.3428276,0.0,0.0,0.016751232147216796
1785289724.3593106,0.0,0.0,0.016053983688354492
1785289724.375673,0.0,0.0,0.015967328071594237
1785289724.392828,0.0,0.0,0.0167542724609375
1785289724.4094152,0.0,0.0,0.016180736541748047
1785289724.425839,0.0,0.0,0.01602899169921875
1785289724.442371,0.0,0.0,0.01614147186279297
1785289724.4593637,0.0,0.0,0.016595487594604493
1785289724.4757712,0.0,0.0,0.0160034236907959
1785289724.4921744,0.0,0.0,0.016004415512084962
1785289724.509112,0.0,0.0,0.016536575317382812
1785289724.5255096,0.0,0.0,0.0159932804107666
1785289724.541872,0.0,0.0,0.01596076774597168
1785289724.5589602,0.0,0.0,0.01669647979736328
1785289724.5755365,0.0,0.0,0.01614959907531738
1785289724.5921073,0.0,0.0,0.016170560836791994
1785289724.6090941,0.0,0.0,0.01659017562866211
1785289724.6257415,0.0,0.0,0.016239200592041016
1785289724.642157,0.0,0.0,0.016019519805908204
1785289724.6586916,0.0,0.0,0.01613792037963867
1785289724.6758425,0.0,0.0,0.016614175796508788
1785289724.6924465,0.0,0.0,0.016187936782836913
1785289724.708955,0.0,0.0,0.016105344772338867
1785289724.7260075,0.0,0.0,0.016648544311523437
1785289724.7425437,0.0,0.0,0.016124576568603517
1785289724.759079,0.0,0.0,0.016135839462280272
1785289724.776229,0.0,0.0,0.016733919143676758
1785289724.7927523,0.0,0.0,0.016108831405639647
1785289724.8091688,0.0,0.0,0.01601750373840332
1785289724.8258567,0.0,0.0,0.01628179168701172
1785289724.8427408,0.0,0.0,0.016479135513305664
1785289724.8593273,0.0,0.0,0.016158527374267578
1785289724.875749,0.0,0.0,0.016014272689819337
1785289724.892847,0.0,0.0,0.016697536468505858
1785289724.9093757,0.0,0.0,0.01612201690673828
1785289724.925778,0.0,0.0,0.01600249671936035
1785289724.9428189,0.0,0.0,0.016640064239501953
1785289724.9592364,0.0,0.0,0.015981535911560058
1785289724.9755607,0.0,0.0,0.015924063682556153
1785289724.9920688,0.0,0.0,0.01610665512084961
1785289725.0090346,0.0,0.0,0.0165599365234375
1785289725.0254679,0.0,0.0,0.0160247688293457
1785289725.042058,0.0,0.0,0.0161845760345459
1785289725.0592995,0.0,0.0,0.016828575134277345
1785289725.0757427,0.0,0.0,0.016036415100097658
1785289725.0921535,0.0,0.0,0.01601011276245117
1785289725.1093633,0.0,0.0,0.016813312530517578
1785289725.125906,0.0,0.0,0.016133087158203125
1785289725.142378,0.0,0.0,0.01607151985168457
1785289725.1589327,0.0,0.0,0.016143903732299805
1785289725.1758718,0.0,0.0,0.016520191192626953
1785289725.1924102,0.0,0.0,0.016127424240112306
1785289725.2087452,0.0,0.0,0.01593404769897461
1785289725.225925,0.0,0.0,0.016774688720703125
1785289725.24243,0.0,0.0,0.016093664169311524
1785289725.2588673,0.0,0.0,0.01602796745300293
1785289725.2759664,0.0,0.0,0.016682111740112304
1785289725.2923243,0.0,0.0,0.015945504188537598
1785289725.3088381,0.0,0.0,0.016113183975219728
1785289725.3259306,0.0,0.0,0.01669536018371582
1785289725.3428423,0.0,0.0,0.0164979190826416
1785289725.3593335,0.0,0.0,0.01606947135925293
1785289725.3759274,0.0,0.0,0.016197599411010743
1785289725.3929625,0.0,0.0,0.016634464263916016
1785289725.4095175,0.0,0.0,0.01614409637451172
1785289725.4260094,0.0,0.0,0.016093568801879884
1785289725.4428847,0.0,0.0,0.016474559783935548
1785289725.4593468,0.0,0.0,0.016030080795288087
1785289725.47588,0.0,0.0,0.01613577651977539
1785289725.4930298,0.0,0.0,0.016751232147216796
1785289725.5094733,0.0,0.0,0.016036575317382812
1785289725.5260248,0.0,0.0,0.016148735046386718
1785289725.5427196,0.0,0.0,0.01629100799560547
1785289725.5597496,0.0,0.0,0.016611263275146483
1785289725.576128,0.0,0.0,0.01596739196777344
1785289725.592635,0.0,0.0,0.01610960006713867
1785289725.6097052,0.0,0.0,0.016672960281372072
1785289725.6261177,0.0,0.0,0.016003679275512696
1785289725.6426888,0.0,0.0,0.016170879364013672
1785289725.659807,0.0,0.0,0.016717119216918944
1785289725.6762412,0.0,0.0,0.016023584365844726
1785289725.6926868,0.0,0.0,0.016041696548461912
1785289725.7091851,0.0,0.0,0.016099199295043946
1785289725.7261133,0.0,0.0,0.016527360916137695
1785289725.7426581,0.0,0.0,0.016139711380004883
1785289725.759184,0.0,0.0,0.01612214469909668
1785289725.7762885,0.0,0.0,0.016702751159667968
1785289725.7928507,0.0,0.0,0.01615132713317871
1785289725.8092206,0.0,0.0,0.015973728179931642
1785289725.8262944,0.0,0.0,0.016671039581298827
1785289725.842711,0.0,0.0,0.016004095077514647
1785289725.8593366,0.0,0.0,0.016204992294311524
1785289725.8764598,0.0,0.0,0.0167238712310791
1785289725.8929057,0.0,0.0,0.01603500747680664
1785289725.9094448,0.0,0.0,0.01613520050048828
1785289725.9258897,0.0,0.0,0.01604368019104004
1785289725.9429238,0.0,0.0,0.016634912490844728
1785289725.959394,0.0,0.0,0.01604528045654297
1785289725.9757829,0.0,0.0,0.015987199783325197
1785289725.992862,0.0,0.0,0.01667695999145508
1785289726.0092447,0.0,0.0,0.015971872329711916
1785289726.0258527,0.0,0.0,0.01620886421203613
1785289726.0431185,0.0,0.0,0.016844480514526368
1785289726.059592,0.0,0.0,0.016052864074707032
1785289726.0760262,0.0,0.0,0.016023487091064454
1785289726.0925646,0.0,0.0,0.016119199752807616
1785289726.1096232,0.0,0.0,0.0166582088470459
1785289726.126192,0.0,0.0,0.016157920837402345
1785289726.1426036,0.0,0.0,0.016018335342407226
1785289726.1596954,0.0,0.0,0.016692960739135742
1785289726.1760898,0.0,0.0,0.01599135971069336
1785289726.1924784,0.0,0.0,0.01599020767211914
1785289726.2094433,0.0,0.0,0.01656777572631836
1785289726.2258258,0.0,0.0,0.01597219181060791
1785289726.2422636,0.0,0.0,0.016040607452392577
1785289726.2587607,0.0,0.0,0.016096511840820314
1785289726.2757926,0.0,0.0,0.016611551284790037
1785289726.2922714,0.0,0.0,0.01607040023803711
1785289726.3086288,0.0,0.0,0.015954527854919433
1785289726.3257992,0.0,0.0,0.016774784088134764
1785289726.3423498,0.0,0.0,0.016142719268798827
1785289726.3589618,0.0,0.0,0.016214303970336914
1785289726.3761845,0.0,0.0,0.01680009651184082
1785289726.392777,0.0,0.0,0.016181888580322264
1785289726.4092112,0.0,0.0,0.016036767959594727
1785289726.4258146,0.0,0.0,0.016204416275024416
1785289726.4428225,0.0,0.0,0.016603519439697265
1785289726.459281,0.0,0.0,0.016027711868286134
1785289726.4756527,0.0,0.0,0.01597542381286621
1785289726.4927666,0.0,0.0,0.016714975357055663
1785289726.5092993,0.0,0.0,0.016123680114746092
1785289726.5256805,0.0,0.0,0.01598243236541748
1785289726.5426514,0.0,0.0,0.01657142448425293
1785289726.559172,0.0,0.0,0.016107776641845702
1785289726.5756278,0.0,0.0,0.016058975219726563
1785289726.5927727,0.0,0.0,0.016742847442626954
1785289726.6092553,0.0,0.0,0.016079519271850588
1785289726.6256578,0.0,0.0,0.016004064559936523
1785289726.6421416,0.0,0.0,0.016087968826293944
1785289726.6592941,0.0,0.0,0.01675200080871582
1785289726.6758568,0.0,0.0,0.016157535552978514
1785289726.6922746,0.0,0.0,0.016014400482177733
1785289726.709415,0.0,0.0,0.016740800857543946
1785289726.725953,0.0,0.0,0.016127679824829103
1785289726.7425163,0.0,0.0,0.016158464431762696
1785289726.7596645,0.0,0.0,0.016747135162353516
1785289726.7760928,0.0,0.0,0.01602035140991211
1785289726.7924805,0.0,0.0,0.015990559577941894
1785289726.8090491,0.0,0.0,0.016170272827148436
1785289726.825872,0.0,0.0,0.016420352935791017
1785289726.842366,0.0,0.0,0.016083072662353516
1785289726.858856,0.0,0.0,0.016083776473999025
1785289726.8760266,0.0,0.0,0.01675276756286621
1785289726.8925161,0.0,0.0,0.016080799102783202
1785289726.9090455,0.0,0.0,0.01613270378112793
1785289726.9261525,0.0,0.0,0.01670672035217285
1785289726.9425871,0.0,0.0,0.016031936645507814
1785289726.9590676,0.0,0.0,0.016079967498779296
1785289726.975701,0.0,0.0,0.01621993637084961
1785289726.992743,0.0,0.0,0.016640703201293947
1785289727.0093656,0.0,0.0,0.016215808868408205
1785289727.0258863,0.0,0.0,0.016120256423950194
1785289727.0429666,0.0,0.0,0.01668262481689453
1785289727.0595036,0.0,0.0,0.01611849594116211
1785289727.0759196,0.0,0.0,0.01601215934753418
1785289727.092951,0.0,0.0,0.016632383346557617
1785289727.109348,0.0,0.0,0.015983296394348145
1785289727.1258183,0.0,0.0,0.01607334327697754
1785289727.1423714,0.0,0.0,0.01614886474609375
1785289727.1594605,0.0,0.0,0.016687231063842775
1785289727.1759484,0.0,0.0,0.016078720092773436
1785289727.1923225,0.0,0.0,0.01597043228149414
1785289727.2093427,0.0,0.0,0.016558431625366212
1785289727.2259119,0.0,0.0,0.016154943466186525
1785289727.2423038,0.0,0.0,0.015993408203125
1785289727.2596993,0.0,0.0,0.016993247985839843
1785289727.276277,0.0,0.0,0.016167936325073243
1785289727.2927358,0.0,0.0,0.01606003189086914
1785289727.3097951,0.0,0.0,0.01666115188598633
1785289727.3262303,0.0,0.0,0.016024383544921875
1785289727.3426821,0.0,0.0,0.016053760528564453
1785289727.3595734,0.0,0.0,0.016489408493041993
1785289727.3765495,0.0,0.0,0.016572128295898436
1785289727.3931034,0.0,0.0,0.016133216857910155
1785289727.4095802,0.0,0.0,0.01607926368713379
1785289727.4267433,0.0,0.0,0.016767744064331055
1785289727.4432535,0.0,0.0,0.016077983856201173
1785289727.4597006,0.0,0.0,0.016048736572265625
1785289727.47663,0.0,0.0,0.0165296630859375
1785289727.4931543,0.0,0.0,0.016120256423950194
1785289727.5095294,0.0,0.0,0.01597862434387207
1785289727.5261936,0.0,0.0,0.016271968841552735
1785289727.543191,0.0,0.0,0.016587520599365236
1785289727.5595903,0.0,0.0,0.015993408203125
1785289727.5759382,0.0,0.0,0.01595257568359375
1785289727.5929837,0.0,0.0,0.016647680282592774
1785289727.60951,0.0,0.0,0.01611849594116211
1785289727.6260862,0.0,0.0,0.016180448532104492
1785289727.6431599,0.0,0.0,0.016676063537597655
1785289727.6596062,0.0,0.0,0.016040544509887695
1785289727.675951,0.0,0.0,0.015940159797668458
1785289727.6925402,0.0,0.0,0.016191104888916015
1785289727.709609,0.0,0.0,0.016669023513793946
1785289727.7260997,0.0,0.0,0.01608483123779297
1785289727.7424848,0.0,0.0,0.01598502445220947
1785289727.7597144,0.0,0.0,0.01683475112915039
1785289727.7761724,0.0,0.0,0.016047040939331056
1785289727.7925725,0.0,0.0,0.015999744415283203
1785289727.8095338,0.0,0.0,0.016566207885742187
1785289727.8260036,0.0,0.0,0.016067455291748047
1785289727.8423352,0.0,0.0,0.015939552307128905
1785289727.8589115,0.0,0.0,0.016177087783813476
1785289727.875808,0.0,0.0,0.01646793556213379
1785289727.8921773,0.0,0.0,0.015961119651794434
1785289727.9086566,0.0,0.0,0.01607263946533203
1785289727.9257557,0.0,0.0,0.016698272705078124
1785289727.942174,0.0,0.0,0.016005664825439452
1785289727.9585514,0.0,0.0,0.015975680351257324
1785289727.9756074,0.0,0.0,0.016655519485473634
1785289727.9920921,0.0,0.0,0.016076160430908204
1785289728.0084124,0.0,0.0,0.015924832344055177
1785289728.0249157,0.0,0.0,0.016105472564697267
1785289728.0419104,0.0,0.0,0.016102624893188477
1785289728.0584035,0.0,0.0,0.01608812713623047
1785289728.0748188,0.0,0.0,0.016016511917114257
1785289728.0918896,0.0,0.0,0.016654111862182616
1785289728.1083202,0.0,0.0,0.016025087356567384
1785289728.124769,0.0,0.0,0.016051136016845702
1785289728.141966,0.0,0.0,0.016786848068237305
1785289728.1584334,0.0,0.0,0.016059328079223632
1785289728.1747696,0.0,0.0,0.015939167976379395
1785289728.1918695,0.0,0.0,0.016684192657470703
1785289728.2083552,0.0,0.0,0.01608025550842285
1785289728.2248302,0.0,0.0,0.016073280334472657
1785289728.241427,0.0,0.0,0.016200767517089844
1785289728.2583163,0.0,0.0,0.01648307228088379
1785289728.2747655,0.0,0.0,0.016044256210327148
1785289728.2911997,0.0,0.0,0.016019296646118165
1785289728.3086,0.0,0.0,0.01700399971008301
1785289728.325197,0.0,0.0,0.016185855865478514
1785289728.3417208,0.0,0.0,0.01612544059753418
1785289728.3587015,0.0,0.0,0.0165882568359375
1785289728.375159,0.0,0.0,0.016057600021362306
1785289728.3916812,0.0,0.0,0.01611891174316406
1785289728.4083345,0.0,0.0,0.01625644874572754
1785289728.4254408,0.0,0.0,0.016701215744018554
1785289728.4418406,0.0,0.0,0.015992671966552734
1785289728.4583619,0.0,0.0,0.016113855361938476
1785289728.475393,0.0,0.0,0.016631296157836914
1785289728.4919736,0.0,0.0,0.016175615310668946
1785289728.5084364,0.0,0.0,0.016062847137451174
1785289728.5254555,0.0,0.0,0.01662067222595215
1785289728.5418727,0.0,0.0,0.016007200241088867
1785289728.5583115,0.0,0.0,0.01604115104675293
1785289728.574892,0.0,0.0,0.01617718315124512
1785289728.591937,0.0,0.0,0.016626527786254883
1785289728.6084886,0.0,0.0,0.016147327423095704
1785289728.624925,0.0,0.0,0.016030368804931642
1785289728.642057,0.0,0.0,0.01673302459716797
1785289728.658569,0.0,0.0,0.016100416183471678
1785289728.675031,0.0,0.0,0.016062976837158204
1785289728.6921883,0.0,0.0,0.01674339294433594
1785289728.7086105,0.0,0.0,0.016012704849243165
1785289728.7251754,0.0,0.0,0.016162431716918946
1785289728.7423007,0.0,0.0,0.016722175598144533
1785289728.7588677,0.0,0.0,0.01615964889526367
1785289728.7753072,0.0,0.0,0.01601433563232422
1785289728.7917435,0.0,0.0,0.01602943992614746
1785289728.8087735,0.0,0.0,0.016629919052124024
1785289728.8252416,0.0,0.0,0.016062559127807616
1785289728.841671,0.0,0.0,0.016030784606933593
1785289728.8587837,0.0,0.0,0.01670796775817871
1785289728.8752418,0.0,0.0,0.01602409553527832
1785289728.891658,0.0,0.0,0.01601923179626465
1785289728.9087489,0.0,0.0,0.016693023681640624
1785289728.9251783,0.0,0.0,0.016023839950561523
1785289728.9415922,0.0,0.0,0.01601750373840332
1785289728.958114,0.0,0.0,0.01612384033203125
1785289728.974964,0.0,0.0,0.016453184127807618
1785289728.9914496,0.0,0.0,0.016064863204956054
1785289729.0078886,0.0,0.0,0.01604105567932129
1785289729.024904,0.0,0.0,0.01661734390258789
1785289729.0413961,0.0,0.0,0.016088863372802735
1785289729.0577059,0.0,0.0,0.01591001605987549
1785289729.0747473,0.0,0.0,0.016643360137939454
1785289729.091157,0.0,0.0,0.01598025608062744
1785289729.1076498,0.0,0.0,0.01609199905395508
1785289729.1243656,0.0,0.0,0.016312320709228514
1785289729.1412432,0.0,0.0,0.01646905517578125
1785289729.1577404,0.0,0.0,0.016082496643066407
1785289729.1741056,0.0,0.0,0.0159649600982666
1785289729.191446,0.0,0.0,0.016944671630859377
1785289729.2077663,0.0,0.0,0.015910752296447755
1785289729.2241788,0.0,0.0,0.01601286315917969
1785289729.241351,0.0,0.0,0.016773567199707032
1785289729.2578213,0.0,0.0,0.016066783905029296
1785289729.2743456,0.0,0.0,0.016123392105102538
1785289729.2908459,0.0,0.0,0.01610019111633301
1785289729.3078005,0.0,0.0,0.01653651237487793
1785289729.324163,0.0,0.0,0.0159554557800293
1785289729.3405538,0.0,0.0,0.015989727973937988
1785289729.3575726,0.0,0.0,0.016615968704223633
1785289729.3742743,0.0,0.0,0.01629635238647461
1785289729.3906844,0.0,0.0,0.016007999420166015
1785289729.4077904,0.0,0.0,0.016702688217163086
1785289729.4242444,0.0,0.0,0.016045984268188478
1785289729.440682,0.0,0.0,0.016030752182006835
1785289729.4573114,0.0,0.0,0.01623072052001953
1785289729.474357,0.0,0.0,0.01664556884765625
1785289729.4908197,0.0,0.0,0.016056032180786134
1785289729.5072322,0.0,0.0,0.015989888191223146
1785289729.524427,0.0,0.0,0.01679801559448242
1785289729.5408335,0.0,0.0,0.01599433612823486
1785289729.557433,0.0,0.0,0.016200319290161132
1785289729.5744457,0.0,0.0,0.01661497688293457
1785289729.5909376,0.0,0.0,0.016089759826660156
1785289729.6072946,0.0,0.0,0.015930815696716307
1785289729.6244347,0.0,0.0,0.016740928649902342
1785289729.640751,0.0,0.0,0.01590841579437256
1785289729.6571133,0.0,0.0,0.015959487915039063
1785289729.673557,0.0,0.0,0.016041631698608397
1785289729.6907442,0.0,0.0,0.01666236877441406
1785289729.7072062,0.0,0.0,0.016040000915527344
1785289729.7236016,0.0,0.0,0.016000959396362306
1785289729.7407131,0.0,0.0,0.01671683120727539
1785289729.7572215,0.0,0.0,0.016100799560546875
1785289729.7735808,0.0,0.0,0.01596083164215088
1785289729.7908132,0.0,0.0,0.0168371524810791
1785289729.8072865,0.0,0.0,0.016041536331176758
1785289729.823741,0.0,0.0,0.016056640625
1785289729.8401792,0.0,0.0,0.016037792205810548
1785289729.8571851,0.0,0.0,0.016608064651489257
1785289729.8735735,0.0,0.0,0.015986623764038085
1785289729.8900692,0.0,0.0,0.01609440040588379
1785289729.9072633,0.0,0.0,0.016794559478759765
1785289729.9237814,0.0,0.0,0.01610476875305176
1785289729.9401448,0.0,0.0,0.015965951919555663
1785289729.9573166,0.0,0.0,0.016775392532348634
1785289729.9737475,0.0,0.0,0.01601740837097168
1785289729.9901369,0.0,0.0,0.015986080169677733
1785289730.0066833,0.0,0.0,0.01614793586730957
1785289730.0234962,0.0,0.0,0.01640889549255371
1785289730.0399022,0.0,0.0,0.01599785614013672
1785289730.0563033,0.0,0.0,0.01600556755065918
1785289730.0732749,0.0,0.0,0.01656867218017578
1785289730.089646,0.0,0.0,0.015965920448303222
1785289730.1061141,0.0,0.0,0.01606707191467285
1785289730.1231143,0.0,0.0,0.016575551986694335
1785289730.1396148,0.0,0.0,0.016084928512573243
1785289730.156061,0.0,0.0,0.01604572868347168
1785289730.172663,0.0,0.0,0.01620185661315918
1785289730.189848,0.0,0.0,0.01677225685119629
1785289730.2063112,0.0,0.0,0.016052288055419923
1785289730.2226694,0.0,0.0,0.015958175659179688
1785289730.2398257,0.0,0.0,0.016754880905151367
1785289730.2562459,0.0,0.0,0.0160086727142334
1785289730.2725806,0.0,0.0,0.015929535865783693
1785289730.2899172,0.0,0.0,0.016937183380126952
1785289730.3063664,0.0,0.0,0.016042463302612303
1785289730.322797,0.0,0.0,0.016035999298095703
1785289730.3393128,0.0,0.0,0.01609519958496094
1785289730.356306,0.0,0.0,0.01606879997253418
1785289730.3727212,0.0,0.0,0.016011423110961914
1785289730.389311,0.0,0.0,0.01618556785583496
1785289730.406557,0.0,0.0,0.01684806442260742
1785289730.423052,0.0,0.0,0.016082847595214844
1785289730.4394667,0.0,0.0,0.015998496055603027
1785289730.4565399,0.0,0.0,0.01667715263366699
1785289730.4729629,0.0,0.0,0.01600716781616211
1785289730.48943,0.0,0.0,0.01606697654724121
1785289730.506686,0.0,0.0,0.016854848861694336
1785289730.5231893,0.0,0.0,0.01609062385559082
1785289730.5396268,0.0,0.0,0.016035999298095703
1785289730.5562122,0.0,0.0,0.01618627166748047
1785289730.5730143,0.0,0.0,0.01639852714538574
1785289730.5895035,0.0,0.0,0.01607734489440918
1785289730.6060033,0.0,0.0,0.01609939193725586
1785289730.6232388,0.0,0.0,0.016841920852661132
1785289730.6397848,0.0,0.0,0.01613475227355957
1785289730.6564257,0.0,0.0,0.016242528915405275
1785289730.6736999,0.0,0.0,0.016876895904541014
1785289730.690218,0.0,0.0,0.016116512298583983
1785289730.706643,0.0,0.0,0.016027008056640625
1785289730.723226,0.0,0.0,0.016190591812133788
1785289730.7401636,0.0,0.0,0.016536544799804688
1785289730.7566628,0.0,0.0,0.016092704772949218
1785289730.7731876,0.0,0.0,0.016125471115112304
1785289730.7903438,0.0,0.0,0.016754816055297852
1785289730.8068547,0.0,0.0,0.016104639053344725
1785289730.823358,0.0,0.0,0.01608899116516113
1785289730.8405097,0.0,0.0,0.016747295379638674
1785289730.8570502,0.0,0.0,0.01613315200805664
1785289730.8735702,0.0,0.0,0.01612041664123535
1785289730.890269,0.0,0.0,0.016301088333129883
1785289730.9073963,0.0,0.0,0.016147647857666016
1785289730.9239874,0.0,0.0,0.01618729591369629
1785289730.9405737,0.0,0.0,0.01618764877319336
1785289730.9576087,0.0,0.0,0.01663577651977539
1785289730.9740355,0.0,0.0,0.016023584365844726
1785289730.990471,0.0,0.0,0.01603436851501465
1785289731.007692,0.0,0.0,0.01681955146789551
1785289731.024174,0.0,0.0,0.016075551986694334
1785289731.0407298,0.0,0.0,0.01615216064453125
1785289731.0578206,0.0,0.0,0.016685535430908203
1785289731.0744033,0.0,0.0,0.01617363166809082
1785289731.0909925,0.0,0.0,0.016180032730102538
1785289731.1076524,0.0,0.0,0.016237119674682617
1785289731.1247246,0.0,0.0,0.016662527084350585
1785289731.1412241,0.0,0.0,0.01609059143066406
1785289731.157746,0.0,0.0,0.016117023468017577
1785289731.1748798,0.0,0.0,0.016734880447387697
1785289731.1914816,0.0,0.0,0.01608064079284668
1785289731.208009,0.0,0.0,0.016108928680419923
1785289731.2253392,0.0,0.0,0.016932512283325197
1785289731.2418795,0.0,0.0,0.01612828826904297
1785289731.2583625,0.0,0.0,0.01608518409729004
1785289731.2750905,0.0,0.0,0.01632259178161621
1785289731.292177,0.0,0.0,0.016673791885375978
1785289731.3087664,0.0,0.0,0.016183231353759767
1785289731.3252099,0.0,0.0,0.016047456741333007
1785289731.3423042,0.0,0.0,0.016696159362792968
1785289731.3587914,0.0,0.0,0.016075616836547853
1785289731.3755565,0.0,0.0,0.01634739112854004
1785289731.392668,0.0,0.0,0.01671104049682617
1785289731.4091449,0.0,0.0,0.016072511672973633
1785289731.4256258,0.0,0.0,0.016088415145874023
1785289731.4427505,0.0,0.0,0.01672876739501953
1785289731.4593103,0.0,0.0,0.016132160186767577
1785289731.475685,0.0,0.0,0.01597449588775635
1785289731.492051,0.0,0.0,0.015968928337097166
1785289731.5091107,0.0,0.0,0.0165283203125
1785289731.5255625,0.0,0.0,0.016038496017456053
1785289731.542036,0.0,0.0,0.01606662368774414
1785289731.5590653,0.0,0.0,0.01663030433654785
1785289731.5755937,0.0,0.0,0.016100639343261718
1785289731.5919135,0.0,0.0,0.015920063972473145
1785289731.6089854,0.0,0.0,0.01667843246459961
1785289731.625437,0.0,0.0,0.016046272277832032
1785289731.6418538,0.0,0.0,0.016017824172973632
1785289731.6584542,0.0,0.0,0.016204448699951173
1785289731.6753247,0.0,0.0,0.01646620750427246
1785289731.6918058,0.0,0.0,0.016075103759765626
1785289731.7082758,0.0,0.0,0.01606585693359375
1785289731.7254195,0.0,0.0,0.016745088577270507
1785289731.74183,0.0,0.0,0.016001375198364257
1785289731.7582848,0.0,0.0,0.016059776306152344
1785289731.7754676,0.0,0.0,0.01678553581237793
1785289731.7920606,0.0,0.0,0.016182815551757813
1785289731.8084621,0.0,0.0,0.01600070381164551
1785289731.8249378,0.0,0.0,0.016076736450195313
1785289731.841946,0.0,0.0,0.01659913635253906
1785289731.8583915,0.0,0.0,0.016033504486083986
1785289731.874807,0.0,0.0,0.016019168853759765
1785289731.8917885,0.0,0.0,0.01656617546081543
1785289731.9080875,0.0,0.0,0.015887392044067382
1785289731.9245205,0.0,0.0,0.016033504486083986
1785289731.94168,0.0,0.0,0.01675775909423828
1785289731.9582336,0.0,0.0,0.01614784049987793
1785289731.974808,0.0,0.0,0.016179008483886717
1785289731.9914653,0.0,0.0,0.01623644828796387
1785289732.0083692,0.0,0.0,0.01650454330444336
1785289732.0248682,0.0,0.0,0.016090400695800783
1785289732.0412686,0.0,0.0,0.016000959396362306
1785289732.0583081,0.0,0.0,0.0166408634185791
1785289732.074784,0.0,0.0,0.016071231842041015
1785289732.091221,0.0,0.0,0.01601257514953613
1785289732.1082354,0.0,0.0,0.01662281608581543
1785289732.1247103,0.0,0.0,0.016071392059326173
1785289732.1410673,0.0,0.0,0.01595312023162842
1785289732.157651,0.0,0.0,0.01619161605834961
1785289732.174734,0.0,0.0,0.016182111740112304
1785289732.1912339,0.0,0.0,0.016076351165771486
1785289732.2077155,0.0,0.0,0.016082176208496092
1785289732.2252274,0.0,0.0,0.017105215072631835
1785289732.2416832,0.0,0.0,0.01605673599243164
1785289732.258149,0.0,0.0,0.016063615798950194
1785289732.2756355,0.0,0.0,0.017092159271240234
1785289732.2921789,0.0,0.0,0.0161429443359375
1785289732.3087053,0.0,0.0,0.016128959655761718
1785289732.3259587,0.0,0.0,0.016855712890625
1785289732.3424194,0.0,0.0,0.01605727958679199
1785289732.3589764,0.0,0.0,0.016156576156616212
1785289732.3756456,0.0,0.0,0.01625651168823242
1785289732.3925886,0.0,0.0,0.01654003143310547
1785289732.4091096,0.0,0.0,0.01611996841430664
1785289732.4256365,0.0,0.0,0.01612607955932617
1785289732.4427545,0.0,0.0,0.01672105598449707
1785289732.459223,0.0,0.0,0.0160392951965332
1785289732.4756284,0.0,0.0,0.01600124740600586
1785289732.4927902,0.0,0.0,0.016758848190307617
1785289732.5092316,0.0,0.0,0.016037183761596678
1785289732.5256834,0.0,0.0,0.016055103302001952
1785289732.5422766,0.0,0.0,0.016196479797363283
1785289732.5593755,0.0,0.0,0.016700223922729494
1785289732.575872,0.0,0.0,0.016083072662353516
1785289732.5924442,0.0,0.0,0.016171136856079103
1785289732.6094658,0.0,0.0,0.016624576568603517
1785289732.6258848,0.0,0.0,0.016012287139892577
1785289732.6423655,0.0,0.0,0.016080928802490235
1785289732.659547,0.0,0.0,0.016779359817504884
1785289732.6760674,0.0,0.0,0.016112512588500976
1785289732.6925738,0.0,0.0,0.01610588836669922
1785289732.70972,0.0,0.0,0.016743648529052736
1785289732.7260928,0.0,0.0,0.01596335983276367
1785289732.7424948,0.0,0.0,0.016005983352661134
1785289732.7589889,0.0,0.0,0.01610166358947754
1785289732.7761524,0.0,0.0,0.01674742317199707
1785289732.7925708,0.0,0.0,0.016009952545166014
1785289732.8090258,0.0,0.0,0.01605433654785156
1785289732.8262832,0.0,0.0,0.01685433578491211
1785289732.8428502,0.0,0.0,0.016154815673828125
1785289732.8593194,0.0,0.0,0.016047168731689453
1785289732.8764794,0.0,0.0,0.016759391784667968
1785289732.8929133,0.0,0.0,0.01602403259277344
1785289732.9094436,0.0,0.0,0.01613113594055176
1785289732.9261382,0.0,0.0,0.016294015884399413
1785289732.9431624,0.0,0.0,0.016626047134399413
1785289732.95965,0.0,0.0,0.016072799682617187
1785289732.976073,0.0,0.0,0.01602012825012207
1785289732.993084,0.0,0.0,0.016612287521362304
1785289733.0095053,0.0,0.0,0.016015520095825197
1785289733.025994,0.0,0.0,0.016086399078369142
1785289733.0430756,0.0,0.0,0.01667878341674805
1785289733.05955,0.0,0.0,0.01604150390625
1785289733.0758827,0.0,0.0,0.015935168266296387
1785289733.0923533,0.0,0.0,0.016063039779663085
1785289733.1093464,0.0,0.0,0.016590656280517577
1785289733.1257908,0.0,0.0,0.016034496307373046
1785289733.1422555,0.0,0.0,0.01606025505065918
1785289733.1594265,0.0,0.0,0.01677107238769531
1785289733.1758869,0.0,0.0,0.016050559997558594
1785289733.1923764,0.0,0.0,0.016089536666870116
1785289733.2094715,0.0,0.0,0.016695135116577147
1785289733.2260363,0.0,0.0,0.016154079437255858
1785289733.2425232,0.0,0.0,0.016085344314575194
1785289733.2591279,0.0,0.0,0.016166080474853517
1785289733.276326,0.0,0.0,0.016778976440429687
1785289733.292781,0.0,0.0,0.016052928924560547
1785289733.3091846,0.0,0.0,0.016008800506591796
1785289733.326338,0.0,0.0,0.016753408432006837
1785289733.3427594,0.0,0.0,0.016013280868530273
1785289733.3592484,0.0,0.0,0.016076128005981447
1785289733.3764539,0.0,0.0,0.01680415916442871
1785289733.3932493,0.0,0.0,0.01638809585571289
1785289733.4096737,0.0,0.0,0.016028831481933594
1785289733.4268672,0.0,0.0,0.016791391372680663
1785289733.443385,0.0,0.0,0.01608291244506836
1785289733.4597182,0.0,0.0,0.015931967735290528
1785289733.4762588,0.0,0.0,0.016141056060791015
1785289733.4934556,0.0,0.0,0.016794496536254883
1785289733.5099058,0.0,0.0,0.016033119201660156
1785289733.526404,0.0,0.0,0.016090911865234377
1785289733.543574,0.0,0.0,0.01676006317138672
1785289733.5600233,0.0,0.0,0.016035104751586916
1785289733.5764832,0.0,0.0,0.016056192398071288
1785289733.5935845,0.0,0.0,0.016705055236816407
1785289733.6099353,0.0,0.0,0.01593977642059326
1785289733.6263435,0.0,0.0,0.016005727767944337
1785289733.6427982,0.0,0.0,0.01605379295349121
1785289733.659837,0.0,0.0,0.016613151550292967
1785289733.6763005,0.0,0.0,0.0160501766204834
1785289733.6927612,0.0,0.0,0.01606038475036621
1785289733.7098777,0.0,0.0,0.016715263366699217
1785289733.726348,0.0,0.0,0.01606185531616211
1785289733.742848,0.0,0.0,0.016100799560546875
1785289733.7600393,0.0,0.0,0.016776191711425782
1785289733.7764516,0.0,0.0,0.0160032958984375
1785289733.7928667,0.0,0.0,0.01601353645324707
1785289733.8093736,0.0,0.0,0.016103391647338868
1785289733.8261662,0.0,0.0,0.01638774490356445
1785289733.8426275,0.0,0.0,0.016055551528930664
1785289733.8589768,0.0,0.0,0.015944479942321777
1785289733.8760831,0.0,0.0,0.016693376541137697
1785289733.892467,0.0,0.0,0.01597651195526123
1785289733.9088116,0.0,0.0,0.015937472343444826
1785289733.926227,0.0,0.0,0.01701513671875
1785289733.9427538,0.0,0.0,0.01611564826965332
1785289733.9590862,0.0,0.0,0.015916895866394044
1785289733.9756007,0.0,0.0,0.016102848052978517
1785289733.9925842,0.0,0.0,0.016580768585205078
1785289734.0090406,0.0,0.0,0.016046079635620117
1785289734.0255284,0.0,0.0,0.016087135314941405
1785289734.042645,0.0,0.0,0.016711999893188476
1785289734.059106,0.0,0.0,0.016042495727539064
1785289734.0755394,0.0,0.0,0.01603049659729004
1785289734.0926905,0.0,0.0,0.01675046348571777
1785289734.1091921,0.0,0.0,0.0160898551940918
1785289734.125702,0.0,0.0,0.016111520767211913
1785289734.1422966,0.0,0.0,0.016196287155151368
1785289734.1592822,0.0,0.0,0.016053567886352538
1785289734.1757312,0.0,0.0,0.016040927886962892
1785289734.1921194,0.0,0.0,0.0159870080947876
1785289734.2089844,0.0,0.0,0.016469919204711914
1785289734.2253492,0.0,0.0,0.01596003246307373
1785289734.241742,0.0,0.0,0.01599020767211914
1785289734.258901,0.0,0.0,0.01675516891479492
1785289734.2754052,0.0,0.0,0.01607436752319336
1785289734.291891,0.0,0.0,0.016077056884765625
1785289734.3092244,0.0,0.0,0.016931711196899416
1785289734.325891,0.0,0.0,0.01625872039794922
1785289734.3424304,0.0,0.0,0.016142143249511718
1785289734.3590257,0.0,0.0,0.016196096420288086
1785289734.3759906,0.0,0.0,0.016549184799194337
1785289734.3924148,0.0,0.0,0.016017311096191405
1785289734.4088392,0.0,0.0,0.016029951095581054
1785289734.4260895,0.0,0.0,0.016847936630249024
1785289734.4426568,0.0,0.0,0.01615363121032715
1785289734.4592752,0.0,0.0,0.016216064453125
1785289734.4762778,0.0,0.0,0.016605279922485353
1785289734.4927871,0.0,0.0,0.016100704193115236
1785289734.5092547,0.0,0.0,0.016068191528320314
1785289734.5258565,0.0,0.0,0.01620672035217285
1785289734.5426185,0.0,0.0,0.016363296508789062
1785289734.559043,0.0,0.0,0.016014848709106445
1785289734.5755334,0.0,0.0,0.016070783615112303
1785289734.592763,0.0,0.0,0.016827775955200196
1785289734.6092217,0.0,0.0,0.0160449275970459
1785289734.6257534,0.0,0.0,0.016133535385131837
1785289734.6428363,0.0,0.0,0.01668262481689453
1785289734.6592991,0.0,0.0,0.01603139114379883
1785289734.6757383,0.0,0.0,0.01603798484802246
1785289734.6923084,0.0,0.0,0.0161713924407959
1785289734.7092283,0.0,0.0,0.01651728057861328
1785289734.7257378,0.0,0.0,0.01610620880126953
1785289734.742128,0.0,0.0,0.015991935729980467
1785289734.7593071,0.0,0.0,0.016780736923217774
1785289734.7756872,0.0,0.0,0.015969280242919923
1785289734.7921665,0.0,0.0,0.01608006477355957
1785289734.8093524,0.0,0.0,0.01678927993774414
1785289734.8258448,0.0,0.0,0.01607449531555176
1785289734.8422394,0.0,0.0,0.0159935998916626
1785289734.8594186,0.0,0.0,0.016771743774414063
1785289734.8758724,0.0,0.0,0.01603945541381836
1785289734.8923132,0.0,0.0,0.016037504196166993
1785289734.9088454,0.0,0.0,0.016132064819335937
1785289734.9259768,0.0,0.0,0.01673456001281738
1785289734.9423592,0.0,0.0,0.015979711532592773
1785289734.9588296,0.0,0.0,0.016069087982177734
1785289734.9758694,0.0,0.0,0.016628639221191406
1785289734.9923751,0.0,0.0,0.016100704193115236
1785289735.0087497,0.0,0.0,0.015972479820251465
1785289735.0258393,0.0,0.0,0.016689888000488283
1785289735.0423124,0.0,0.0,0.016064191818237306
1785289735.0587273,0.0,0.0,0.016009632110595702
1785289735.0753326,0.0,0.0,0.01618454360961914
1785289735.092318,0.0,0.0,0.016580543518066405
1785289735.1088064,0.0,0.0,0.016081375122070314
1785289735.125122,0.0,0.0,0.015908512115478515
1785289735.142202,0.0,0.0,0.016673152923583984
1785289735.1587315,0.0,0.0,0.016120832443237306
1785289735.1751404,0.0,0.0,0.015980544090270995
1785289735.1922762,0.0,0.0,0.01673302459716797
1785289735.2087445,0.0,0.0,0.01605887985229492
1785289735.2251685,0.0,0.0,0.016027040481567383
1785289735.2418284,0.0,0.0,0.016256767272949217
1785289735.2588518,0.0,0.0,0.016618560791015625
1785289735.2753825,0.0,0.0,0.016000448226928712
1785289735.2919834,0.0,0.0,0.01618671989440918
1785289735.3093414,0.0,0.0,0.016942399978637696
1785289735.32588,0.0,0.0,0.01612851142883301
1785289735.3422303,0.0,0.0,0.015948863983154298
1785289735.3593543,0.0,0.0,0.016720800399780272
1785289735.3758845,0.0,0.0,0.016125247955322265
1785289735.3923235,0.0,0.0,0.016036640167236327
1785289735.4091935,0.0,0.0,0.01647171211242676
1785289735.4261858,0.0,0.0,0.01658720016479492
1785289735.4426446,0.0,0.0,0.016049951553344727
1785289735.459055,0.0,0.0,0.015990336418151854
1785289735.4761643,0.0,0.0,0.016693695068359375
1785289735.49265,0.0,0.0,0.016072479248046875
1785289735.5091126,0.0,0.0,0.01605868721008301
1785289735.5262635,0.0,0.0,0.01674281692504883
1785289735.5427265,0.0,0.0,0.016045759201049805
1785289735.5591815,0.0,0.0,0.016025440216064453
1785289735.5762198,0.0,0.0,0.016638368606567384
1785289735.5928135,0.0,0.0,0.016178911209106445
1785289735.6092257,0.0,0.0,0.016008640289306642
1785289735.6258738,0.0,0.0,0.016248159408569336
1785289735.6427479,0.0,0.0,0.016475679397583008
1785289735.659226,0.0,0.0,0.016055360794067382
1785289735.6756327,0.0,0.0,0.01600985527038574
1785289735.6926908,0.0,0.0,0.0166625919342041
1785289735.7092116,0.0,0.0,0.016117439270019532
1785289735.7256923,0.0,0.0,0.016078079223632812
1785289735.7428718,0.0,0.0,0.01677644729614258
1785289735.7593114,0.0,0.0,0.016011199951171874
1785289735.7758167,0.0,0.0,0.01610745620727539
1785289735.7924685,0.0,0.0,0.016254751205444336
1785289735.809316,0.0,0.0,0.01644700813293457
1785289735.8257928,0.0,0.0,0.016069536209106446
1785289735.842197,0.0,0.0,0.016006879806518555
1785289735.8592277,0.0,0.0,0.016627967834472655
1785289735.8757095,0.0,0.0,0.01607232093811035
1785289735.8921225,0.0,0.0,0.016013248443603516
1785289735.9093087,0.0,0.0,0.016793184280395508
1785289735.9259014,0.0,0.0,0.01618921661376953
1785289735.9422977,0.0,0.0,0.015995200157165528
1785289735.9589207,0.0,0.0,0.016226079940795897
1785289735.9759028,0.0,0.0,0.01656447982788086
1785289735.9924223,0.0,0.0,0.01610963249206543
1785289736.0088341,0.0,0.0,0.01601161575317383
1785289736.0259733,0.0,0.0,0.016735296249389648
1785289736.042324,0.0,0.0,0.015942848205566407
1785289736.058798,0.0,0.0,0.01606553649902344
1785289736.0759299,0.0,0.0,0.01671116828918457
1785289736.0924127,0.0,0.0,0.01607244873046875
1785289736.1089458,0.0,0.0,0.016128959655761718
1785289736.1255362,0.0,0.0,0.016189407348632813
1785289736.1424904,0.0,0.0,0.016547615051269532
1785289736.158959,0.0,0.0,0.01606166458129883
1785289736.1753044,0.0,0.0,0.015931808471679687
1785289736.192479,0.0,0.0,0.016770431518554688
1785289736.2090194,0.0,0.0,0.016133056640625
1785289736.2254782,0.0,0.0,0.016058975219726563
1785289736.2427387,0.0,0.0,0.01685964775085449
1785289736.259386,0.0,0.0,0.01621548843383789
1785289736.2758932,0.0,0.0,0.01609622383117676
1785289736.2930706,0.0,0.0,0.016780704498291017
1785289736.309531,0.0,0.0,0.016047264099121095
1785289736.3259187,0.0,0.0,0.015982144355773924
1785289736.3425782,0.0,0.0,0.016261247634887694
1785289736.3599055,0.0,0.0,0.01692630386352539
1785289736.3763752,0.0,0.0,0.016060224533081056
1785289736.3928313,0.0,0.0,0.016055519104003907
1785289736.41008,0.0,0.0,0.016850400924682617
1785289736.426641,0.0,0.0,0.01615945625305176
1785289736.4430747,0.0,0.0,0.016040159225463868
1785289736.4602466,0.0,0.0,0.01675174331665039
1785289736.4768455,0.0,0.0,0.01619113540649414
1785289736.4934006,0.0,0.0,0.016153215408325195
1785289736.5099328,0.0,0.0,0.01613520050048828
1785289736.527083,0.0,0.0,0.016748960494995118
1785289736.5434937,0.0,0.0,0.015984064102172853
1785289736.5599794,0.0,0.0,0.016087263107299805
1785289736.576923,0.0,0.0,0.016547775268554686
1785289736.5934265,0.0,0.0,0.016096128463745116
1785289736.6098459,0.0,0.0,0.016020959854125976
1785289736.6268659,0.0,0.0,0.016623903274536132
1785289736.6433148,0.0,0.0,0.01602070426940918
1785289736.6598213,0.0,0.0,0.016102399826049805
1785289736.6763875,0.0,0.0,0.01615951919555664
1785289736.693374,0.0,0.0,0.0165883846282959
1785289736.7097788,0.0,0.0,0.015997823715209962
1785289736.7261763,0.0,0.0,0.016000736236572267
1785289736.7433553,0.0,0.0,0.016770912170410157
1785289736.759847,0.0,0.0,0.01608073616027832
1785289736.7762263,0.0,0.0,0.015978303909301758
1785289736.793389,0.0,0.0,0.016767391204833983
1785289736.8098557,0.0,0.0,0.016062559127807616
1785289736.826343,0.0,0.0,0.016091039657592773
1785289736.8435707,0.0,0.0,0.016822624206542968
1785289736.8600612,0.0,0.0,0.01609110450744629
1785289736.8765368,0.0,0.0,0.016080991744995117
1785289736.892971,0.0,0.0,0.016039104461669923
1785289736.9100072,0.0,0.0,0.016509376525878906
1785289736.9266183,0.0,0.0,0.016200191497802736
1785289736.9430826,0.0,0.0,0.016058143615722657
1785289736.9603093,0.0,0.0,0.01680227279663086
1785289736.9768734,0.0,0.0,0.016157695770263672
1785289736.99338,0.0,0.0,0.01610678482055664
1785289737.0104046,0.0,0.0,0.01663654327392578
1785289737.0268562,0.0,0.0,0.016053728103637695
1785289737.043347,0.0,0.0,0.016069728851318358
1785289737.0599668,0.0,0.0,0.016217376708984373
1785289737.0770051,0.0,0.0,0.016636768341064454
1785289737.0934021,0.0,0.0,0.015987968444824217
1785289737.1097121,0.0,0.0,0.015912768363952636
1785289737.126747,0.0,0.0,0.016637311935424805
1785289737.1431408,0.0,0.0,0.015970080375671387
1785289737.1595454,0.0,0.0,0.015991904258728026
1785289737.1765532,0.0,0.0,0.016607744216918945
1785289737.1929855,0.0,0.0,0.016022783279418945
1785289737.2094407,0.0,0.0,0.01605526351928711
1785289737.2259874,0.0,0.0,0.016140895843505858
1785289737.2429152,0.0,0.0,0.016527328491210937
1785289737.2593765,0.0,0.0,0.016027711868286134
1785289737.275771,0.0,0.0,0.01598966407775879
1785289737.2928615,0.0,0.0,0.016696767807006838
1785289737.3092513,0.0,0.0,0.015989503860473632
1785289737.3255928,0.0,0.0,0.015940095901489256
1785289737.3428538,0.0,0.0,0.016861856460571287
1785289737.3592875,0.0,0.0,0.015997247695922853
1785289737.3756738,0.0,0.0,0.015989439964294434
1785289737.3922276,0.0,0.0,0.016152576446533205
