time,in_time,out_time,inference_time
1785289660.7323174,0.0,0.0,0.002259552001953125
1785289660.7348807,0.0,0.0,0.002163167953491211
1785289660.737479,0.0,0.0,0.00217795205116272
1785289660.7400632,0.0,0.0,0.0021914238929748534
1785289660.7426379,0.0,0.0,0.0021809918880462647
1785289660.745424,0.0,0.0,0.0023948800563812255
1785289660.7480648,0.0,0.0,0.002250272035598755
1785289660.7506592,0.0,0.0,0.0022094719409942627
1785289660.753356,0.0,0.0,0.0023118720054626464
1785289660.7559426,0.0,0.0,0.002196127891540527
1785289660.7585237,0.0,0.0,0.002191648006439209
1785289660.7610688,0.0,0.0,0.0021609599590301514
1785289660.7640574,0.0,0.0,0.0026080958843231203
1785289660.7669935,0.0,0.0,0.002284096002578735
1785289660.7712834,0.0,0.0,0.0036402881145477296
1785289660.7738702,0.0,0.0,0.002173919916152954
1785289660.776458,0.0,0.0,0.0021987519264221192
1785289660.7790072,0.0,0.0,0.002160543918609619
1785289660.781559,0.0,0.0,0.0021451520919799805
1785289660.7841527,0.0,0.0,0.0022040960788726805
1785289660.7867012,0.0,0.0,0.0021572160720825196
1785289660.7894502,0.0,0.0,0.0023471999168396
1785289660.7921,0.0,0.0,0.0022592000961303713
1785289660.7946477,0.0,0.0,0.0021600959300994873
1785289660.7973874,0.0,0.0,0.002356735944747925
1785289660.800084,0.0,0.0,0.0023051838874816894
1785289660.8026843,0.0,0.0,0.0022130239009857176
1785289660.80542,0.0,0.0,0.002348160028457642
1785289660.808027,0.0,0.0,0.002211616039276123
1785289660.8105779,0.0,0.0,0.002159071922302246
1785289660.8131318,0.0,0.0,0.002171263933181763
1785289660.8157554,0.0,0.0,0.0022434558868408205
1785289660.8183155,0.0,0.0,0.002173471927642822
1785289660.8214462,0.0,0.0,0.0026732800006866457
1785289660.8254533,0.0,0.0,0.0035803520679473875
1785289660.8281252,0.0,0.0,0.0022642879486083982
1785289660.8307035,0.0,0.0,0.0021846721172332764
1785289660.833452,0.0,0.0,0.0023543360233306884
1785289660.8360643,0.0,0.0,0.002222111940383911
1785289660.8386235,0.0,0.0,0.00215395188331604
1785289660.8413382,0.0,0.0,0.002328671932220459
1785289660.8439715,0.0,0.0,0.0022421760559082032
1785289660.8465183,0.0,0.0,0.0021584320068359377
1785289660.8490915,0.0,0.0,0.0021728320121765137
1785289660.8517072,0.0,0.0,0.0022084479331970215
1785289660.8542562,0.0,0.0,0.0021581120491027833
1785289660.8568463,0.0,0.0,0.002206847906112671
1785289660.8594139,0.0,0.0,0.002179392099380493
1785289660.8619738,0.0,0.0,0.0021728320121765137
1785289660.8645644,0.0,0.0,0.0022040960788726805
1785289660.8675456,0.0,0.0,0.0025884160995483397
1785289660.8701482,0.0,0.0,0.0022043519020080566
1785289660.8726804,0.0,0.0,0.002141855955123901
1785289660.8755918,0.0,0.0,0.0025215680599212646
1785289660.8786387,0.0,0.0,0.00259881591796875
1785289660.8821151,0.0,0.0,0.003039423942565918
1785289660.8847263,0.0,0.0,0.0022091519832611083
1785289660.8873205,0.0,0.0,0.002204992055892944
1785289660.8898666,0.0,0.0,0.002153759956359863
1785289660.8924184,0.0,0.0,0.0021684160232543943
1785289660.8949711,0.0,0.0,0.0021601920127868653
1785289660.8975222,0.0,0.0,0.0021416959762573244
1785289660.9000783,0.0,0.0,0.002169919967651367
1785289660.9026477,0.0,0.0,0.0021849279403686524
1785289660.9053888,0.0,0.0,0.0023397440910339355
1785289660.90798,0.0,0.0,0.0022016000747680665
1785289660.910504,0.0,0.0,0.0021322879791259765
1785289660.9130552,0.0,0.0,0.0021680641174316407
1785289660.9156437,0.0,0.0,0.0022104320526123047
1785289660.9181933,0.0,0.0,0.002151616096496582
1785289660.9207373,0.0,0.0,0.0021646080017089842
1785289660.9233022,0.0,0.0,0.0021782081127166746
1785289660.9258294,0.0,0.0,0.0021433279514312745
1785289660.9283924,0.0,0.0,0.002179935932159424
1785289660.9314299,0.0,0.0,0.0026515839099884035
1785289660.9343712,0.0,0.0,0.0024810879230499267
1785289660.938061,0.0,0.0,0.0032403199672698976
1785289660.9407115,0.0,0.0,0.002214816093444824
1785289660.9433148,0.0,0.0,0.0022032320499420165
1785289660.945869,0.0,0.0,0.002163968086242676
1785289660.9484658,0.0,0.0,0.0022115840911865236
1785289660.951005,0.0,0.0,0.0021535680294036863
1785289660.9536145,0.0,0.0,0.002193183898925781
1785289660.956169,0.0,0.0,0.002169663906097412
1785289660.9586918,0.0,0.0,0.0021207680702209474
1785289660.9614277,0.0,0.0,0.0023499200344085694
1785289660.9640217,0.0,0.0,0.002197983980178833
1785289660.9665868,0.0,0.0,0.0021763200759887693
1785289660.9692876,0.0,0.0,0.0023200318813323974
1785289660.9718564,0.0,0.0,0.0021823039054870604
1785289660.974433,0.0,0.0,0.0021604800224304197
1785289660.9770267,0.0,0.0,0.0022037758827209474
1785289660.979624,0.0,0.0,0.002208224058151245
1785289660.982184,0.0,0.0,0.0021674559116363523
1785289660.9847622,0.0,0.0,0.0021931519508361814
1785289660.9873753,0.0,0.0,0.002226592063903809
1785289660.989973,0.0,0.0,0.0022011198997497557
1785289660.99335,0.0,0.0,0.0029843521118164064
1785289660.995963,0.0,0.0,0.0021928319931030275
1785289660.998537,0.0,0.0,0.0021793279647827147
1785289661.001089,0.0,0.0,0.0021670401096343995
1785289661.0036626,0.0,0.0,0.002187135934829712
1785289661.0061963,0.0,0.0,0.002141216039657593
1785289661.0087864,0.0,0.0,0.002205888032913208
1785289661.0113237,0.0,0.0,0.002154815912246704
1785289661.0138917,0.0,0.0,0.0021803839206695555
1785289661.0164642,0.0,0.0,0.0021876800060272217
1785289661.0190084,0.0,0.0,0.0021585280895233152
1785289661.0215466,0.0,0.0,0.0021342079639434814
1785289661.0240905,0.0,0.0,0.002147552013397217
1785289661.0267656,0.0,0.0,0.002292479991912842
1785289661.0293806,0.0,0.0,0.00220630407333374
1785289661.031978,0.0,0.0,0.0021915841102600098
1785289661.034509,0.0,0.0,0.0021473278999328614
1785289661.0371048,0.0,0.0,0.0022056961059570314
1785289661.0397198,0.0,0.0,0.0022141120433807372
1785289661.0422907,0.0,0.0,0.0021890881061553953
1785289661.044863,0.0,0.0,0.0021771199703216554
1785289661.048145,0.0,0.0,0.002881279945373535
1785289661.0507061,0.0,0.0,0.0021634559631347654
1785289661.0532818,0.0,0.0,0.0021842238903045656
1785289661.0558639,0.0,0.0,0.0021928958892822267
1785289661.0584521,0.0,0.0,0.002198335886001587
1785289661.061074,0.0,0.0,0.0022420480251312256
1785289661.0636477,0.0,0.0,0.0021864960193634033
1785289661.0662026,0.0,0.0,0.0021661760807037355
1785289661.0687973,0.0,0.0,0.002192415952682495
1785289661.0713584,0.0,0.0,0.002170975923538208
1785289661.073868,0.0,0.0,0.0021283841133117676
1785289661.0764303,0.0,0.0,0.0021717119216918945
1785289661.078962,0.0,0.0,0.002146143913269043
1785289661.081557,0.0,0.0,0.002185184001922607
1785289661.0841143,0.0,0.0,0.002175935983657837
1785289661.086695,0.0,0.0,0.002193471908569336
1785289661.0892303,0.0,0.0,0.002152735948562622
1785289661.0917869,0.0,0.0,0.002171263933181763
1785289661.094323,0.0,0.0,0.002155839920043945
1785289661.0969386,0.0,0.0,0.002230783939361572
1785289661.0996284,0.0,0.0,0.002291136026382446
1785289661.1029415,0.0,0.0,0.002919680118560791
1785289661.1055183,0.0,0.0,0.0021521921157836915
1785289661.1081216,0.0,0.0,0.0021995840072631836
1785289661.1106791,0.0,0.0,0.0021693758964538576
1785289661.1132774,0.0,0.0,0.0022154240608215333
1785289661.1158712,0.0,0.0,0.0022067520618438722
1785289661.1184123,0.0,0.0,0.0021562879085540772
1785289661.1209698,0.0,0.0,0.002174720048904419
1785289661.1235185,0.0,0.0,0.00216646409034729
1785289661.1260457,0.0,0.0,0.002142848014831543
1785289661.128682,0.0,0.0,0.0022277119159698484
1785289661.1312551,0.0,0.0,0.0021775360107421874
1785289661.1338215,0.0,0.0,0.002183903932571411
1785289661.1363518,0.0,0.0,0.0021470398902893066
1785289661.1388817,0.0,0.0,0.0021457281112670897
1785289661.1414165,0.0,0.0,0.002131968021392822
1785289661.143934,0.0,0.0,0.0021439039707183837
1785289661.1464365,0.0,0.0,0.0021168639659881593
1785289661.1490185,0.0,0.0,0.0021827199459075928
1785289661.1515942,0.0,0.0,0.0021941759586334227
1785289661.1541662,0.0,0.0,0.0021749439239501954
1785289661.1574857,0.0,0.0,0.002932032108306885
1785289661.1600418,0.0,0.0,0.0021618878841400146
1785289661.1625772,0.0,0.0,0.0021342720985412598
1785289661.165167,0.0,0.0,0.002208224058151245
1785289661.167698,0.0,0.0,0.002140928030014038
1785289661.1702352,0.0,0.0,0.0021521599292755127
1785289661.1728566,0.0,0.0,0.002220992088317871
1785289661.1754436,0.0,0.0,0.0021866559982299805
1785289661.1779585,0.0,0.0,0.0021332480907440186
1785289661.1805148,0.0,0.0,0.0021718719005584717
1785289661.1832228,0.0,0.0,0.0023235840797424315
1785289661.1902905,0.0,0.0,0.006674047946929932
1785289661.1930404,0.0,0.0,0.002260096073150635
1785289661.1956825,0.0,0.0,0.0022179200649261473
1785289661.198246,0.0,0.0,0.0021711039543151857
1785289661.200824,0.0,0.0,0.0021928958892822267
1785289661.2033892,0.0,0.0,0.0021757760047912598
1785289661.2059224,0.0,0.0,0.0021453440189361573
1785289661.208524,0.0,0.0,0.0022165439128875733
1785289661.2110686,0.0,0.0,0.002147968053817749
1785289661.2145977,0.0,0.0,0.0030975680351257324
1785289661.2172394,0.0,0.0,0.002242208003997803
1785289661.219821,0.0,0.0,0.0021840639114379884
1785289661.2223804,0.0,0.0,0.0021684160232543943
1785289661.2249427,0.0,0.0,0.002178015947341919
1785289661.227504,0.0,0.0,0.002181056022644043
1785289661.2300093,0.0,0.0,0.0021199998855590822
1785289661.2326252,0.0,0.0,0.002208672046661377
1785289661.235178,0.0,0.0,0.0021631360054016114
1785289661.2377148,0.0,0.0,0.0021460800170898437
1785289661.2402644,0.0,0.0,0.002163935899734497
1785289661.2427711,0.0,0.0,0.0021155200004577637
1785289661.2453797,0.0,0.0,0.0021732800006866457
1785289661.2479582,0.0,0.0,0.0021921920776367186
1785289661.2504797,0.0,0.0,0.0021364800930023195
1785289661.253021,0.0,0.0,0.002163487911224365
1785289661.255554,0.0,0.0,0.0021514880657196047
1785289661.2580874,0.0,0.0,0.002150815963745117
1785289661.26066,0.0,0.0,0.0021871039867401125
1785289661.263218,0.0,0.0,0.0021711039543151857
1785289661.265785,0.0,0.0,0.0021535038948059084
1785289661.2690976,0.0,0.0,0.002909696102142334
1785289661.2717097,0.0,0.0,0.0022162559032440185
1785289661.2742531,0.0,0.0,0.0021548480987548828
1785289661.2767937,0.0,0.0,0.0021626560688018798
1785289661.2793295,0.0,0.0,0.0021542720794677736
1785289661.281861,0.0,0.0,0.0021448960304260253
1785289661.2844253,0.0,0.0,0.00218287992477417
1785289661.286959,0.0,0.0,0.002147775888442993
1785289661.2895315,0.0,0.0,0.0021665599346160887
1785289661.2920508,0.0,0.0,0.0021396160125732424
1785289661.2945569,0.0,0.0,0.002126719951629639
1785289661.29711,0.0,0.0,0.0021666879653930663
1785289661.2996671,0.0,0.0,0.0021711359024047853
1785289661.3021748,0.0,0.0,0.002121119976043701
1785289661.3047526,0.0,0.0,0.002199264049530029
1785289661.3073165,0.0,0.0,0.0021636159420013426
1785289661.3098435,0.0,0.0,0.0021243200302124023
1785289661.3123991,0.0,0.0,0.0021697919368743896
1785289661.3149474,0.0,0.0,0.002159679889678955
1785289661.3175292,0.0,0.0,0.002178015947341919
1785289661.3201184,0.0,0.0,0.0021965761184692383
1785289661.3234031,0.0,0.0,0.0028811519145965575
1785289661.326103,0.0,0.0,0.0022995519638061524
1785289661.3287284,0.0,0.0,0.0022433600425720217
1785289661.331303,0.0,0.0,0.0021890881061553953
1785289661.333842,0.0,0.0,0.0021539199352264404
1785289661.336392,0.0,0.0,0.0021683840751647947
1785289661.3388906,0.0,0.0,0.0021159040927886965
1785289661.3414311,0.0,0.0,0.0021379199028015135
1785289661.3440742,0.0,0.0,0.002262271881103516
1785289661.34665,0.0,0.0,0.002190079927444458
1785289661.3491907,0.0,0.0,0.002154815912246704
1785289661.351772,0.0,0.0,0.002176959991455078
1785289661.3543303,0.0,0.0,0.0021467840671539305
1785289661.3568707,0.0,0.0,0.002158560037612915
1785289661.359436,0.0,0.0,0.0021717119216918945
1785289661.3619678,0.0,0.0,0.0021406400203704836
1785289661.364502,0.0,0.0,0.002150399923324585
1785289661.367011,0.0,0.0,0.0021166720390319825
1785289661.369559,0.0,0.0,0.0021420159339904784
1785289661.3720896,0.0,0.0,0.002149280071258545
1785289661.3746517,0.0,0.0,0.002172287940979004
1785289661.3772457,0.0,0.0,0.0021764800548553466
1785289661.3806293,0.0,0.0,0.0021884799003601073
1785289661.3831744,0.0,0.0,0.0021552319526672364
1785289661.3857162,0.0,0.0,0.0021531200408935547
1785289661.3882575,0.0,0.0,0.002160896062850952
1785289661.3907967,0.0,0.0,0.0021521599292755127
1785289661.393339,0.0,0.0,0.002130336046218872
1785289661.395898,0.0,0.0,0.0021763839721679686
1785289661.3984668,0.0,0.0,0.0021646718978881835
1785289661.4010375,0.0,0.0,0.0021873281002044677
1785289661.403571,0.0,0.0,0.0021519041061401367
1785289661.4060757,0.0,0.0,0.0021133759021759032
1785289661.4086297,0.0,0.0,0.002176032066345215
1785289661.4111888,0.0,0.0,0.0021711039543151857
1785289661.4137447,0.0,0.0,0.002165503978729248
1785289661.41632,0.0,0.0,0.0021526720523834227
1785289661.4188774,0.0,0.0,0.0021634559631347654
1785289661.4214046,0.0,0.0,0.0021163198947906493
1785289661.4239635,0.0,0.0,0.0021757760047912598
1785289661.426477,0.0,0.0,0.0021232640743255615
1785289661.4290335,0.0,0.0,0.0021730239391326905
1785289661.4316268,0.0,0.0,0.002192224025726318
1785289661.4349115,0.0,0.0,0.002890399932861328
1785289661.43749,0.0,0.0,0.0021601600646972657
1785289661.4400923,0.0,0.0,0.002200063943862915
1785289661.4426057,0.0,0.0,0.0021300480365753173
1785289661.4452052,0.0,0.0,0.002186111927032471
1785289661.4477532,0.0,0.0,0.0021645119190216063
1785289661.4502828,0.0,0.0,0.0021490559577941894
1785289661.4528425,0.0,0.0,0.0021776959896087646
1785289661.4553843,0.0,0.0,0.0021586558818817137
1785289661.4579108,0.0,0.0,0.002138495922088623
1785289661.4604576,0.0,0.0,0.002166304111480713
1785289661.4629729,0.0,0.0,0.0021247680187225343
1785289661.465554,0.0,0.0,0.0021666560173034667
1785289661.4680867,0.0,0.0,0.0021484479904174806
1785289661.4705994,0.0,0.0,0.002130687952041626
1785289661.4731407,0.0,0.0,0.0021610240936279297
1785289661.4756727,0.0,0.0,0.002148031949996948
1785289661.4781997,0.0,0.0,0.002141792058944702
1785289661.4807289,0.0,0.0,0.0021494400501251222
1785289661.4833026,0.0,0.0,0.0021676480770111083
1785289661.4859607,0.0,0.0,0.0022590079307556153
1785289661.4892108,0.0,0.0,0.002863487958908081
1785289661.4918497,0.0,0.0,0.002237152099609375
1785289661.4943736,0.0,0.0,0.00212988805770874
1785289661.4969285,0.0,0.0,0.002176543951034546
1785289661.4996493,0.0,0.0,0.0023342080116271974
1785289661.5022213,0.0,0.0,0.0021829440593719484
1785289661.5047688,0.0,0.0,0.0021582720279693605
1785289661.5073364,0.0,0.0,0.0021683518886566164
1785289661.5098705,0.0,0.0,0.002144160032272339
1785289661.512446,0.0,0.0,0.002190432071685791
1785289661.5149522,0.0,0.0,0.0021207358837127687
1785289661.517492,0.0,0.0,0.0021220159530639647
1785289661.5200706,0.0,0.0,0.002180032014846802
1785289661.5226247,0.0,0.0,0.0021652159690856935
1785289661.5251665,0.0,0.0,0.0021531200408935547
1785289661.52771,0.0,0.0,0.002159008026123047
1785289661.5302594,0.0,0.0,0.0021508479118347167
1785289661.5328357,0.0,0.0,0.0021906239986419678
1785289661.5353525,0.0,0.0,0.0021343679428100586
1785289661.5378637,0.0,0.0,0.0021263999938964844
1785289661.540437,0.0,0.0,0.0021870400905609133
1785289661.5429974,0.0,0.0,0.0021647679805755615
1785289661.5463428,0.0,0.0,0.0022043840885162353
1785289661.549067,0.0,0.0,0.0023215680122375486
1785289661.5516644,0.0,0.0,0.0022011520862579344
1785289661.5543282,0.0,0.0,0.0022519679069519043
1785289661.5568998,0.0,0.0,0.0021711039543151857
1785289661.5594554,0.0,0.0,0.0021780800819396974
1785289661.561987,0.0,0.0,0.0021462080478668213
1785289661.564576,0.0,0.0,0.0022069439888000486
1785289661.5671272,0.0,0.0,0.002143296003341675
1785289661.5696337,0.0,0.0,0.0021159679889678957
1785289661.5721755,0.0,0.0,0.0021619200706481934
1785289661.574734,0.0,0.0,0.002155359983444214
1785289661.5773082,0.0,0.0,0.0021613759994506838
1785289661.5798879,0.0,0.0,0.0021806399822235107
1785289661.5824006,0.0,0.0,0.0021313600540161133
1785289661.5849488,0.0,0.0,0.002158495903015137
1785289661.5875266,0.0,0.0,0.0021928958892822267
1785289661.5900412,0.0,0.0,0.002135584115982056
1785289661.592606,0.0,0.0,0.0021832320690155027
1785289661.5951896,0.0,0.0,0.0022024319171905517
1785289661.5977538,0.0,0.0,0.0021676480770111083
1785289661.6011848,0.0,0.0,0.00304419207572937
1785289661.603721,0.0,0.0,0.0021353919506073
1785289661.606261,0.0,0.0,0.0021618878841400146
1785289661.6088276,0.0,0.0,0.002183039903640747
1785289661.6113882,0.0,0.0,0.002174976110458374
1785289661.613925,0.0,0.0,0.002153088092803955
1785289661.6164875,0.0,0.0,0.002182111978530884
1785289661.619026,0.0,0.0,0.002140671968460083
1785289661.621726,0.0,0.0,0.00228601598739624
1785289661.6243272,0.0,0.0,0.0022172799110412597
1785289661.6268468,0.0,0.0,0.0021321918964385986
1785289661.629433,0.0,0.0,0.002182240009307861
1785289661.6319962,0.0,0.0,0.002162879943847656
1785289661.63452,0.0,0.0,0.0021245760917663575
1785289661.6370726,0.0,0.0,0.002169280052185059
1785289661.639652,0.0,0.0,0.0021744639873504637
1785289661.642195,0.0,0.0,0.00215120005607605
1785289661.6447337,0.0,0.0,0.0021568000316619872
1785289661.6472776,0.0,0.0,0.0021564478874206545
1785289661.649798,0.0,0.0,0.0021422080993652344
1785289661.6523554,0.0,0.0,0.0021686398983001708
1785289661.6557965,0.0,0.0,0.0030537600517272947
1785289661.658407,0.0,0.0,0.002200671911239624
1785289661.660987,0.0,0.0,0.0021895039081573486
1785289661.6635773,0.0,0.0,0.00219270396232605
1785289661.6661277,0.0,0.0,0.002162208080291748
1785289661.6687045,0.0,0.0,0.002199392080307007
1785289661.6712723,0.0,0.0,0.0021814401149749755
1785289661.6738079,0.0,0.0,0.002147104024887085
1785289661.676358,0.0,0.0,0.002166624069213867
1785289661.6788876,0.0,0.0,0.0021296319961547853
1785289661.6814332,0.0,0.0,0.002138848066329956
1785289661.6840022,0.0,0.0,0.0021836159229278564
1785289661.6865518,0.0,0.0,0.0021636159420013426
1785289661.6890953,0.0,0.0,0.0021595520973205565
1785289661.6916382,0.0,0.0,0.002158240079879761
1785289661.694156,0.0,0.0,0.002137120008468628
1785289661.6966853,0.0,0.0,0.0021415040493011476
1785289661.699218,0.0,0.0,0.002148319959640503
1785289661.7017272,0.0,0.0,0.0021283841133117676
1785289661.704397,0.0,0.0,0.0022710719108581545
1785289661.7069898,0.0,0.0,0.002196768045425415
1785289661.710275,0.0,0.0,0.002869920015335083
1785289661.7129035,0.0,0.0,0.002218400001525879
1785289661.7154932,0.0,0.0,0.002193120002746582
1785289661.7180383,0.0,0.0,0.002151103973388672
1785289661.7205884,0.0,0.0,0.0021682560443878176
1785289661.7231498,0.0,0.0,0.002166208028793335
1785289661.7257063,0.0,0.0,0.002143647909164429
1785289661.7282648,0.0,0.0,0.0021761600971221926
1785289661.7307925,0.0,0.0,0.0021401920318603516
1785289661.7334645,0.0,0.0,0.0022671999931335447
1785289661.7360399,0.0,0.0,0.0021907520294189454
1785289661.7385669,0.0,0.0,0.0021391680240631103
1785289661.7411606,0.0,0.0,0.0022108159065246584
1785289661.7437334,0.0,0.0,0.002191296100616455
1785289661.7462683,0.0,0.0,0.0021519360542297363
1785289661.7488282,0.0,0.0,0.002176543951034546
1785289661.7514062,0.0,0.0,0.002197920083999634
1785289661.753976,0.0,0.0,0.002184704065322876
1785289661.7565393,0.0,0.0,0.002179296016693115
1785289661.7590687,0.0,0.0,0.002122431993484497
1785289661.7616527,0.0,0.0,0.0021679999828338624
1785289661.7642274,0.0,0.0,0.002183903932571411
1785289661.7674966,0.0,0.0,0.00224070405960083
1785289661.7700539,0.0,0.0,0.0021588480472564697
1785289661.7726395,0.0,0.0,0.0021799681186676027
1785289661.7751834,0.0,0.0,0.00215830397605896
1785289661.7777176,0.0,0.0,0.0021474881172180178
1785289661.7803802,0.0,0.0,0.002279871940612793
1785289661.7829416,0.0,0.0,0.00217737603187561
1785289661.7854886,0.0,0.0,0.002139359951019287
1785289661.7880573,0.0,0.0,0.002170720100402832
1785289661.7906058,0.0,0.0,0.0021674239635467527
1785289661.7931454,0.0,0.0,0.002160736083984375
1785289661.7956948,0.0,0.0,0.0021723198890686037
1785289661.798232,0.0,0.0,0.00215065598487854
1785289661.800805,0.0,0.0,0.0021942079067230223
1785289661.803355,0.0,0.0,0.0021694400310516356
1785289661.8059106,0.0,0.0,0.0021683518886566164
1785289661.8084667,0.0,0.0,0.002165087938308716
1785289661.8111346,0.0,0.0,0.002281248092651367
1785289661.813678,0.0,0.0,0.002163072109222412
1785289661.8162465,0.0,0.0,0.00218505597114563
1785289661.8188386,0.0,0.0,0.002173856019973755
1785289661.822074,0.0,0.0,0.0028204159736633302
1785289661.8246644,0.0,0.0,0.002194080114364624
1785289661.8272097,0.0,0.0,0.0021621758937835694
1785289661.8297484,0.0,0.0,0.002150336027145386
1785289661.8323114,0.0,0.0,0.002175935983657837
1785289661.8348422,0.0,0.0,0.002150752067565918
1785289661.837391,0.0,0.0,0.0021519041061401367
1785289661.839983,0.0,0.0,0.0021934399604797363
1785289661.8425305,0.0,0.0,0.0021669440269470215
1785289661.8451006,0.0,0.0,0.002187648057937622
1785289661.8476605,0.0,0.0,0.002179647922515869
1785289661.8501768,0.0,0.0,0.0021319038867950437
1785289661.8528502,0.0,0.0,0.0022912960052490234
1785289661.85544,0.0,0.0,0.0022048320770263674
1785289661.858005,0.0,0.0,0.0021804800033569335
1785289661.860563,0.0,0.0,0.002170975923538208
1785289661.8631184,0.0,0.0,0.0021518399715423583
1785289661.8656523,0.0,0.0,0.0021515200138092043
1785289661.868195,0.0,0.0,0.002164639949798584
1785289661.8707607,0.0,0.0,0.002163583993911743
1785289661.8733497,0.0,0.0,0.0021768319606781006
1785289661.8766928,0.0,0.0,0.0029521598815917967
1785289661.8792698,0.0,0.0,0.002178783893585205
1785289661.8818262,0.0,0.0,0.0021738879680633545
1785289661.8843799,0.0,0.0,0.0021751999855041506
1785289661.8869832,0.0,0.0,0.0022035200595855713
1785289661.8895319,0.0,0.0,0.002137376070022583
1785289661.8920817,0.0,0.0,0.002172607898712158
1785289661.8946311,0.0,0.0,0.0021577279567718505
1785289661.8971667,0.0,0.0,0.0021604158878326418
1785289661.8997312,0.0,0.0,0.002182976007461548
1785289661.9022484,0.0,0.0,0.0021329920291900633
1785289661.9048107,0.0,0.0,0.0021529600620269775
1785289661.9073532,0.0,0.0,0.0021548800468444824
1785289661.9099138,0.0,0.0,0.00217737603187561
1785289661.9124544,0.0,0.0,0.00215993595123291
1785289661.9149706,0.0,0.0,0.0021272320747375488
1785289661.917532,0.0,0.0,0.002153759956359863
1785289661.9201965,0.0,0.0,0.002265439987182617
1785289661.9227657,0.0,0.0,0.002190943956375122
1785289661.9253345,0.0,0.0,0.002158240079879761
1785289661.9279256,0.0,0.0,0.0021987519264221192
1785289661.93137,0.0,0.0,0.0030542399883270264
1785289661.9339857,0.0,0.0,0.0021906239986419678
1785289661.9365315,0.0,0.0,0.0021586558818817137
1785289661.9390535,0.0,0.0,0.002136352062225342
1785289661.9416218,0.0,0.0,0.0021596479415893553
1785289661.944319,0.0,0.0,0.0023127360343933104
1785289661.9468498,0.0,0.0,0.0021423039436340332
1785289661.9494283,0.0,0.0,0.002173088073730469
1785289661.95197,0.0,0.0,0.002161952018737793
1785289661.9545057,0.0,0.0,0.0021504640579223635
1785289661.9570358,0.0,0.0,0.0021452159881591797
1785289661.9595659,0.0,0.0,0.00214736008644104
1785289661.9621022,0.0,0.0,0.0021508479118347167
1785289661.9646618,0.0,0.0,0.002176703929901123
1785289661.9673302,0.0,0.0,0.0022887680530548097
1785289661.9700236,0.0,0.0,0.0022932159900665283
1785289661.9726117,0.0,0.0,0.0021856319904327392
1785289661.9751654,0.0,0.0,0.002160128116607666
1785289661.9776728,0.0,0.0,0.0021204800605773926
1785289661.980201,0.0,0.0,0.002148128032684326
1785289661.9827337,0.0,0.0,0.002144608020782471
1785289661.9853168,0.0,0.0,0.0021673600673675535
1785289661.9886994,0.0,0.0,0.0022351999282836914
1785289661.9912271,0.0,0.0,0.0021375360488891603
1785289661.9937522,0.0,0.0,0.0021342079639434814
1785289661.9962876,0.0,0.0,0.002154207944869995
1785289661.9988,0.0,0.0,0.002129472017288208
1785289662.001353,0.0,0.0,0.0021377599239349367
1785289662.0038943,0.0,0.0,0.002160543918609619
1785289662.0064163,0.0,0.0,0.002135103940963745
1785289662.0089672,0.0,0.0,0.0021735999584197997
1785289662.0115087,0.0,0.0,0.0021608319282531738
1785289662.014032,0.0,0.0,0.0021403520107269288
1785289662.0165975,0.0,0.0,0.002176127910614014
1785289662.0191662,0.0,0.0,0.0021629440784454346
1785289662.0217044,0.0,0.0,0.0021560959815979004
1785289662.024257,0.0,0.0,0.002167167901992798
1785289662.0267901,0.0,0.0,0.0021492159366607666
1785289662.0293732,0.0,0.0,0.0021697280406951904
1785289662.031933,0.0,0.0,0.002154720067977905
1785289662.0344691,0.0,0.0,0.002151360034942627
1785289662.0370429,0.0,0.0,0.0021887359619140625
1785289662.039621,0.0,0.0,0.0021828479766845704
1785289662.042874,0.0,0.0,0.0028651518821716307
1785289662.0454392,0.0,0.0,0.0021394879817962648
1785289662.0480008,0.0,0.0,0.0021744000911712645
1785289662.0505486,0.0,0.0,0.002163583993911743
1785289662.0531216,0.0,0.0,0.0021906239986419678
1785289662.0556757,0.0,0.0,0.002168800115585327
1785289662.0582225,0.0,0.0,0.002159456014633179
1785289662.0607872,0.0,0.0,0.002184128046035767
1785289662.0633724,0.0,0.0,0.0022016000747680665
1785289662.0659418,0.0,0.0,0.0021559040546417236
1785289662.0685203,0.0,0.0,0.0021996159553527832
1785289662.0710676,0.0,0.0,0.0021364479064941407
1785289662.0736368,0.0,0.0,0.002164544105529785
1785289662.0761986,0.0,0.0,0.0021807680130004883
1785289662.0787082,0.0,0.0,0.002131808042526245
1785289662.0812564,0.0,0.0,0.0021611199378967286
1785289662.0838223,0.0,0.0,0.002183039903640747
1785289662.0863485,0.0,0.0,0.0021440000534057617
1785289662.088911,0.0,0.0,0.0021770238876342774
1785289662.091489,0.0,0.0,0.0021896960735321045
1785289662.0940495,0.0,0.0,0.0021652159690856935
1785289662.097398,0.0,0.0,0.002941663980484009
1785289662.1000042,0.0,0.0,0.002192224025726318
1785289662.102678,0.0,0.0,0.0022858560085296633
1785289662.1052654,0.0,0.0,0.002204864025115967
1785289662.1078491,0.0,0.0,0.002198784112930298
1785289662.1103761,0.0,0.0,0.002145535945892334
1785289662.1129637,0.0,0.0,0.002199167966842651
1785289662.115526,0.0,0.0,0.002167072057723999
1785289662.118044,0.0,0.0,0.0021264638900756836
1785289662.120597,0.0,0.0,0.0021694400310516356
1785289662.1232476,0.0,0.0,0.002269023895263672
1785289662.1258132,0.0,0.0,0.002185280084609985
1785289662.128383,0.0,0.0,0.0021864960193634033
1785289662.1309342,0.0,0.0,0.0021519999504089355
1785289662.1335132,0.0,0.0,0.0021766400337219238
1785289662.136084,0.0,0.0,0.0021871678829193117
1785289662.1386256,0.0,0.0,0.0021600959300994873
1785289662.1411903,0.0,0.0,0.0021825599670410156
1785289662.1437285,0.0,0.0,0.002155776023864746
1785289662.1462445,0.0,0.0,0.0021281280517578124
1785289662.1488063,0.0,0.0,0.002165503978729248
1785289662.1521904,0.0,0.0,0.0029873600006103517
1785289662.154751,0.0,0.0,0.0021603519916534425
1785289662.1572871,0.0,0.0,0.0021318399906158445
1785289662.1598244,0.0,0.0,0.0021536641120910643
1785289662.1623356,0.0,0.0,0.002127039909362793
1785289662.1648803,0.0,0.0,0.0021631999015808106
1785289662.1674242,0.0,0.0,0.0021418240070343016
1785289662.1699443,0.0,0.0,0.002138240098953247
1785289662.1724753,0.0,0.0,0.0021508479118347167
1785289662.1750076,0.0,0.0,0.0021387200355529783
1785289662.177525,0.0,0.0,0.0021112000942230223
1785289662.1800706,0.0,0.0,0.0021679039001464844
1785289662.1825562,0.0,0.0,0.0021014719009399413
1785289662.1851041,0.0,0.0,0.0021719040870666504
1785289662.18767,0.0,0.0,0.002180191993713379
1785289662.1901836,0.0,0.0,0.0021333119869232178
1785289662.1927671,0.0,0.0,0.0021976640224456788
1785289662.1953104,0.0,0.0,0.002164639949798584
1785289662.1978645,0.0,0.0,0.002163520097732544
1785289662.2003891,0.0,0.0,0.0021475839614868166
1785289662.2029462,0.0,0.0,0.0021713600158691404
1785289662.2055395,0.0,0.0,0.0021620800495147706
1785289662.2088768,0.0,0.0,0.0029524800777435303
1785289662.2114577,0.0,0.0,0.002184544086456299
1785289662.2139752,0.0,0.0,0.002132767915725708
1785289662.2165442,0.0,0.0,0.002187135934829712
1785289662.2190695,0.0,0.0,0.002144063949584961
1785289662.2217336,0.0,0.0,0.002253376007080078
1785289662.2242887,0.0,0.0,0.0021717441082000732
1785289662.2267864,0.0,0.0,0.0021155519485473633
1785289662.229463,0.0,0.0,0.002252608060836792
1785289662.2320414,0.0,0.0,0.002185920000076294
1785289662.2345903,0.0,0.0,0.0021617920398712158
1785289662.2371645,0.0,0.0,0.0021885440349578857
1785289662.2397099,0.0,0.0,0.0021612160205841066
1785289662.2422125,0.0,0.0,0.002115488052368164
1785289662.2447681,0.0,0.0,0.0021777920722961426
1785289662.2473016,0.0,0.0,0.0021455678939819338
1785289662.2498193,0.0,0.0,0.002119776010513306
1785289662.2523727,0.0,0.0,0.0021747519969940185
1785289662.2549217,0.0,0.0,0.002169248104095459
1785289662.257508,0.0,0.0,0.0021405439376831056
1785289662.2600977,0.0,0.0,0.0021981759071350096
1785289662.2633684,0.0,0.0,0.0028823039531707764
1785289662.2659607,0.0,0.0,0.002189280033111572
1785289662.2685025,0.0,0.0,0.002158623933792114
1785289662.2710328,0.0,0.0,0.0021470720767974853
1785289662.2735775,0.0,0.0,0.00214083194732666
1785289662.2761664,0.0,0.0,0.0022062718868255614
1785289662.2788026,0.0,0.0,0.002256288051605225
1785289662.2814302,0.0,0.0,0.002212415933609009
1785289662.2839987,0.0,0.0,0.0021857280731201172
1785289662.2865784,0.0,0.0,0.0021818881034851075
1785289662.2891195,0.0,0.0,0.002165600061416626
1785289662.2916949,0.0,0.0,0.002182591915130615
1785289662.2942727,0.0,0.0,0.0021725120544433593
1785289662.296926,0.0,0.0,0.002259360074996948
1785289662.2995043,0.0,0.0,0.002197824001312256
1785289662.302029,0.0,0.0,0.0021362240314483642
1785289662.304724,0.0,0.0,0.0023139519691467284
1785289662.3073254,0.0,0.0,0.002217695951461792
1785289662.3098414,0.0,0.0,0.002124799966812134
1785289662.312387,0.0,0.0,0.0021651520729064943
1785289662.3149369,0.0,0.0,0.0021543359756469728
1785289662.3182752,0.0,0.0,0.002918720006942749
1785289662.3210068,0.0,0.0,0.002323199987411499
1785289662.3235555,0.0,0.0,0.002165343999862671
1785289662.3260732,0.0,0.0,0.0021349759101867674
1785289662.3286452,0.0,0.0,0.0021930239200592043
1785289662.3312004,0.0,0.0,0.0021666879653930663
1785289662.3337398,0.0,0.0,0.002148927927017212
1785289662.336301,0.0,0.0,0.0021791360378265383
1785289662.3388128,0.0,0.0,0.0021357119083404543
1785289662.3413672,0.0,0.0,0.002140671968460083
1785289662.3439395,0.0,0.0,0.0021910080909729006
1785289662.346488,0.0,0.0,0.0021460158824920653
1785289662.3491685,0.0,0.0,0.002296096086502075
1785289662.3517554,0.0,0.0,0.0022009921073913572
1785289662.3542693,0.0,0.0,0.0021329600811004637
1785289662.3568106,0.0,0.0,0.002163167953491211
1785289662.3593433,0.0,0.0,0.002155263900756836
1785289662.3618999,0.0,0.0,0.002146496057510376
1785289662.3644516,0.0,0.0,0.0021685760021209716
1785289662.366973,0.0,0.0,0.0021380159854888915
1785289662.3695579,0.0,0.0,0.0021775999069213866
1785289662.3728445,0.0,0.0,0.002899104118347168
1785289662.3754573,0.0,0.0,0.0022150399684906005
1785289662.3781059,0.0,0.0,0.0022537920475006103
1785289662.3807075,0.0,0.0,0.0022209599018096922
1785289662.3832958,0.0,0.0,0.0022028799057006838
1785289662.385919,0.0,0.0,0.002244191884994507
1785289662.3885,0.0,0.0,0.0022026240825653077
1785289662.3910413,0.0,0.0,0.00215395188331604
1785289662.393581,0.0,0.0,0.002127680063247681
1785289662.396145,0.0,0.0,0.0021692159175872804
1785289662.3986566,0.0,0.0,0.0021282880306243896
1785289662.4012156,0.0,0.0,0.0021758720874786378
1785289662.403833,0.0,0.0,0.0022335679531097414
1785289662.4064102,0.0,0.0,0.002191648006439209
1785289662.4089856,0.0,0.0,0.002185280084609985
1785289662.411581,0.0,0.0,0.002206912040710449
1785289662.4141278,0.0,0.0,0.002162976026535034
1785289662.4166756,0.0,0.0,0.0021721599102020265
1785289662.4192228,0.0,0.0,0.0021679680347442627
1785289662.4217732,0.0,0.0,0.0021635520458221434
1785289662.4244769,0.0,0.0,0.002314464092254639
1785289662.4278831,0.0,0.0,0.0023197760581970214
1785289662.4305944,0.0,0.0,0.0022974400520324708
1785289662.4332154,0.0,0.0,0.0022398719787597656
1785289662.4359107,0.0,0.0,0.0023100481033325195
1785289662.4385,0.0,0.0,0.002196959972381592
1785289662.44108,0.0,0.0,0.0021759679317474366
1785289662.4436362,0.0,0.0,0.0021703040599823
1785289662.4461963,0.0,0.0,0.0021676158905029295
1785289662.4487402,0.0,0.0,0.002157855987548828
1785289662.4512854,0.0,0.0,0.0021609599590301514
1785289662.4538302,0.0,0.0,0.0021580159664154053
1785289662.4563901,0.0,0.0,0.002172991991043091
1785289662.4589386,0.0,0.0,0.002165663957595825
1785289662.4615147,0.0,0.0,0.002160736083984375
1785289662.4640877,0.0,0.0,0.0021882879734039305
1785289662.4666572,0.0,0.0,0.002144511938095093
1785289662.4692118,0.0,0.0,0.002170975923538208
1785289662.471765,0.0,0.0,0.002170144081115723
1785289662.4742713,0.0,0.0,0.002126688003540039
1785289662.4768515,0.0,0.0,0.00219270396232605
1785289662.4794295,0.0,0.0,0.0021970560550689695
1785289662.481987,0.0,0.0,0.002163487911224365
1785289662.4854193,0.0,0.0,0.0030433919429779053
1785289662.4879785,0.0,0.0,0.0021624960899353026
1785289662.4905136,0.0,0.0,0.0021456639766693113
1785289662.4930508,0.0,0.0,0.0021570239067077637
1785289662.4956236,0.0,0.0,0.0021564800739288332
1785289662.4981494,0.0,0.0,0.0021434240341186525
1785289662.5008006,0.0,0.0,0.0022698559761047364
1785289662.503361,0.0,0.0,0.002176959991455078
1785289662.5058956,0.0,0.0,0.0021515839099884035
1785289662.5084488,0.0,0.0,0.00216975998878479
1785289662.5110106,0.0,0.0,0.0021751360893249513
1785289662.5135572,0.0,0.0,0.00213372802734375
1785289662.5160882,0.0,0.0,0.0021502079963684083
1785289662.5185692,0.0,0.0,0.0021040639877319338
1785289662.5210848,0.0,0.0,0.0021403520107269288
1785289662.52374,0.0,0.0,0.0022689919471740724
1785289662.5262973,0.0,0.0,0.002171679973602295
1785289662.5288618,0.0,0.0,0.002176095962524414
1785289662.53144,0.0,0.0,0.002179296016693115
1785289662.5339544,0.0,0.0,0.002133568048477173
1785289662.5365443,0.0,0.0,0.0022009921073913572
1785289662.5397906,0.0,0.0,0.002855967998504639
1785289662.5423274,0.0,0.0,0.0021399359703063964
1785289662.5448864,0.0,0.0,0.002172607898712158
1785289662.5474281,0.0,0.0,0.0021649599075317383
1785289662.5499222,0.0,0.0,0.0021169281005859377
1785289662.552468,0.0,0.0,0.0021680960655212403
1785289662.5550056,0.0,0.0,0.0021534080505371095
1785289662.5575593,0.0,0.0,0.002151551961898804
1785289662.5601242,0.0,0.0,0.0021654400825500486
1785289662.562778,0.0,0.0,0.0022643520832061766
1785289662.56536,0.0,0.0,0.002177056074142456
1785289662.5679002,0.0,0.0,0.0021612160205841066
1785289662.5704098,0.0,0.0,0.002128063917160034
1785289662.5731065,0.0,0.0,0.00231987190246582
1785289662.5756667,0.0,0.0,0.0021784000396728514
1785289662.5781772,0.0,0.0,0.0021254079341888428
1785289662.5808418,0.0,0.0,0.002289407968521118
1785289662.5835438,0.0,0.0,0.0022625279426574706
1785289662.5860708,0.0,0.0,0.002136255979537964
1785289662.5886028,0.0,0.0,0.0021500799655914307
1785289662.5913072,0.0,0.0,0.002306943893432617
1785289662.5949016,0.0,0.0,0.0032019839286804197
1785289662.5975108,0.0,0.0,0.002189824104309082
1785289662.6000953,0.0,0.0,0.0021995840072631836
1785289662.6026464,0.0,0.0,0.0021640961170196534
1785289662.6052015,0.0,0.0,0.00217305588722229
1785289662.6077285,0.0,0.0,0.002148128032684326
1785289662.6102386,0.0,0.0,0.00212444806098938
1785289662.6127415,0.0,0.0,0.0021257920265197756
1785289662.615284,0.0,0.0,0.0021586558818817137
1785289662.6177914,0.0,0.0,0.002122175931930542
1785289662.6203268,0.0,0.0,0.0021570239067077637
1785289662.622842,0.0,0.0,0.0021303999423980713
1785289662.6254041,0.0,0.0,0.002152512073516846
1785289662.6280012,0.0,0.0,0.0021810879707336427
1785289662.630551,0.0,0.0,0.0021547520160675048
1785289662.6330957,0.0,0.0,0.0021697919368743896
1785289662.6356287,0.0,0.0,0.0021562559604644776
1785289662.6381867,0.0,0.0,0.002173759937286377
1785289662.6407118,0.0,0.0,0.0021440000534057617
1785289662.643267,0.0,0.0,0.002173248052597046
1785289662.6457946,0.0,0.0,0.0021365439891815187
1785289662.649083,0.0,0.0,0.0029022719860076905
1785289662.6516714,0.0,0.0,0.0021815040111541747
1785289662.654194,0.0,0.0,0.0021349759101867674
1785289662.6567411,0.0,0.0,0.002169087886810303
1785289662.6592813,0.0,0.0,0.002153856039047241
1785289662.661775,0.0,0.0,0.002109855890274048
1785289662.6643033,0.0,0.0,0.002150048017501831
1785289662.6668317,0.0,0.0,0.0021483840942382814
1785289662.6693861,0.0,0.0,0.0021562879085540772
1785289662.671951,0.0,0.0,0.002182240009307861
1785289662.674474,0.0,0.0,0.0021410560607910156
1785289662.6770365,0.0,0.0,0.002169919967651367
1785289662.679575,0.0,0.0,0.002156320095062256
1785289662.6821353,0.0,0.0,0.0021783039569854734
1785289662.68466,0.0,0.0,0.002141727924346924
1785289662.6871917,0.0,0.0,0.0021535360813140867
1785289662.6897135,0.0,0.0,0.00213756799697876
1785289662.6923666,0.0,0.0,0.002264319896697998
1785289662.6949966,0.0,0.0,0.0021961920261383055
1785289662.6975675,0.0,0.0,0.0021557118892669676
1785289662.7001681,0.0,0.0,0.002209952116012573
1785289662.702731,0.0,0.0,0.002173151969909668
1785289662.7060437,0.0,0.0,0.0029081599712371827
1785289662.7086344,0.0,0.0,0.00218831992149353
1785289662.7112074,0.0,0.0,0.00218451189994812
1785289662.7137253,0.0,0.0,0.002134624004364014
1785289662.7162743,0.0,0.0,0.002160320043563843
1785289662.718807,0.0,0.0,0.002152640104293823
1785289662.7213695,0.0,0.0,0.002152575969696045
1785289662.7239397,0.0,0.0,0.0021846721172332764
1785289662.7264416,0.0,0.0,0.002118335962295532
1785289662.7289577,0.0,0.0,0.002137984037399292
1785289662.7314832,0.0,0.0,0.002145024061203003
1785289662.7340372,0.0,0.0,0.0021686398983001708
1785289662.7365975,0.0,0.0,0.002161247968673706
1785289662.7391322,0.0,0.0,0.0021455678939819338
1785289662.741649,0.0,0.0,0.002132256031036377
1785289662.7442005,0.0,0.0,0.0021718080043792725
1785289662.7468014,0.0,0.0,0.0022180800437927245
1785289662.749369,0.0,0.0,0.0021661760807037355
1785289662.7518957,0.0,0.0,0.002150239944458008
1785289662.7544281,0.0,0.0,0.002147007942199707
1785289662.7569983,0.0,0.0,0.0021743040084838865
1785289662.760339,0.0,0.0,0.002933311939239502
1785289662.7628925,0.0,0.0,0.002147552013397217
1785289662.765443,0.0,0.0,0.0021397440433502195
1785289662.7680128,0.0,0.0,0.002186176061630249
1785289662.7705731,0.0,0.0,0.002169408082962036
1785289662.7731292,0.0,0.0,0.0021800639629364015
1785289662.7756631,0.0,0.0,0.0021521921157836915
1785289662.778163,0.0,0.0,0.002113408088684082
1785289662.7807436,0.0,0.0,0.0021975998878479004
1785289662.7833023,0.0,0.0,0.00217523193359375
1785289662.7858233,0.0,0.0,0.002125727891921997
1785289662.7883558,0.0,0.0,0.00215395188331604
1785289662.7908926,0.0,0.0,0.0021529600620269775
1785289662.7934341,0.0,0.0,0.0021366720199584963
1785289662.7959802,0.0,0.0,0.002163167953491211
1785289662.798474,0.0,0.0,0.0021136319637298584
1785289662.8010628,0.0,0.0,0.002204576015472412
1785289662.8035674,0.0,0.0,0.0021220159530639647
1785289662.8060946,0.0,0.0,0.0021486721038818358
1785289662.8086073,0.0,0.0,0.002132767915725708
1785289662.8111792,0.0,0.0,0.0021846399307250976
1785289662.8137217,0.0,0.0,0.002149375915527344
1785289662.8169587,0.0,0.0,0.002222815990447998
1785289662.8195295,0.0,0.0,0.002179231882095337
1785289662.8220308,0.0,0.0,0.002120255947113037
1785289662.8245876,0.0,0.0,0.0021600639820098877
1785289662.8271255,0.0,0.0,0.0021312639713287353
1785289662.8296611,0.0,0.0,0.002150239944458008
1785289662.8322258,0.0,0.0,0.002178879976272583
1785289662.8347745,0.0,0.0,0.0021618239879608154
1785289662.8373582,0.0,0.0,0.0021671040058135987
1785289662.839912,0.0,0.0,0.002168224096298218
1785289662.8424406,0.0,0.0,0.0021491520404815674
1785289662.8450198,0.0,0.0,0.0021969919204711916
1785289662.8475828,0.0,0.0,0.002177664041519165
1785289662.8501174,0.0,0.0,0.0021484799385070802
1785289662.8526704,0.0,0.0,0.0021708478927612304
1785289662.855224,0.0,0.0,0.0021716480255126952
1785289662.8578372,0.0,0.0,0.0022309439182281493
1785289662.8604226,0.0,0.0,0.0021929280757904054
1785289662.8629606,0.0,0.0,0.0021532480716705323
1785289662.8655345,0.0,0.0,0.0021657280921936035
1785289662.8681037,0.0,0.0,0.002181279897689819
1785289662.8714004,0.0,0.0,0.0029008638858795165
1785289662.873933,0.0,0.0,0.0021430718898773193
1785289662.8765094,0.0,0.0,0.0021925759315490722
1785289662.8790298,0.0,0.0,0.002137279987335205
1785289662.8815804,0.0,0.0,0.0021390399932861327
1785289662.8841343,0.0,0.0,0.0021727681159973145
1785289662.8866484,0.0,0.0,0.0021308159828186037
1785289662.889221,0.0,0.0,0.0021952319145202635
1785289662.8917682,0.0,0.0,0.0021482880115509034
1785289662.8942666,0.0,0.0,0.0021190080642700193
1785289662.8968172,0.0,0.0,0.002177759885787964
1785289662.8993795,0.0,0.0,0.0021804161071777343
1785289662.9020753,0.0,0.0,0.0023072640895843506
1785289662.9046693,0.0,0.0,0.0022128000259399416
1785289662.9072533,0.0,0.0,0.002196959972381592
1785289662.9097786,0.0,0.0,0.002134047985076904
1785289662.9124386,0.0,0.0,0.0022786240577697754
1785289662.9150224,0.0,0.0,0.0021978878974914552
1785289662.917593,0.0,0.0,0.0021554880142211916
1785289662.9202316,0.0,0.0,0.0022535679340362547
1785289662.9227724,0.0,0.0,0.0021462080478668213
1785289662.926019,0.0,0.0,0.0028415679931640624
1785289662.9286442,0.0,0.0,0.0022147839069366457
1785289662.9311433,0.0,0.0,0.0021169281005859377
1785289662.9336827,0.0,0.0,0.0021586880683898925
1785289662.9362078,0.0,0.0,0.0021435840129852297
1785289662.9387276,0.0,0.0,0.0021335039138793946
1785289662.9412937,0.0,0.0,0.002149600028991699
1785289662.9438674,0.0,0.0,0.0021918718814849854
1785289662.9464083,0.0,0.0,0.0021502079963684083
1785289662.948964,0.0,0.0,0.0021734399795532225
1785289662.9515197,0.0,0.0,0.0021741440296173097
1785289662.9540455,0.0,0.0,0.002141952037811279
1785289662.9566221,0.0,0.0,0.002179296016693115
1785289662.9591613,0.0,0.0,0.002149951934814453
1785289662.9617038,0.0,0.0,0.00216214394569397
1785289662.964256,0.0,0.0,0.002167776107788086
1785289662.966822,0.0,0.0,0.0021845760345458984
1785289662.9693942,0.0,0.0,0.002159071922302246
1785289662.9719353,0.0,0.0,0.0021499838829040527
1785289662.9744911,0.0,0.0,0.002166048049926758
1785289662.9770439,0.0,0.0,0.002171839952468872
1785289662.9795995,0.0,0.0,0.00215993595123291
1785289662.9829524,0.0,0.0,0.002178368091583252
1785289662.9855232,0.0,0.0,0.002155872106552124
1785289662.9880817,0.0,0.0,0.002176223993301392
1785289662.9905925,0.0,0.0,0.0021265599727630616
1785289662.9931576,0.0,0.0,0.0021872320175170897
1785289662.99573,0.0,0.0,0.0021885440349578857
1785289662.9982808,0.0,0.0,0.0021606080532073973
1785289663.0009265,0.0,0.0,0.002265023946762085
1785289663.0034947,0.0,0.0,0.0021810879707336427
1785289663.0060127,0.0,0.0,0.0021299200057983397
1785289663.0085344,0.0,0.0,0.0021392641067504883
1785289663.0110567,0.0,0.0,0.0021393280029296875
1785289663.0135796,0.0,0.0,0.002116031885147095
1785289663.0161462,0.0,0.0,0.0021866559982299805
1785289663.0186846,0.0,0.0,0.0021545279026031496
1785289663.0212238,0.0,0.0,0.0021367359161376955
1785289663.023777,0.0,0.0,0.002176608085632324
1785289663.0262883,0.0,0.0,0.002124511957168579
1785289663.0288224,0.0,0.0,0.0021558079719543456
1785289663.031377,0.0,0.0,0.002170016050338745
1785289663.0339336,0.0,0.0,0.002165184020996094
1785289663.0373049,0.0,0.0,0.0029832000732421876
1785289663.0398858,0.0,0.0,0.0021855359077453613
1785289663.0424237,0.0,0.0,0.002152224063873291
1785289663.0449991,0.0,0.0,0.002193567991256714
1785289663.0475638,0.0,0.0,0.002176415920257568
1785289663.050104,0.0,0.0,0.0021389760971069335
1785289663.052626,0.0,0.0,0.0021425600051879884
1785289663.0551777,0.0,0.0,0.002171488046646118
1785289663.0578427,0.0,0.0,0.0022777600288391114
1785289663.060405,0.0,0.0,0.00217523193359375
1785289663.0629404,0.0,0.0,0.0021465280055999758
1785289663.0655088,0.0,0.0,0.002159456014633179
1785289663.068139,0.0,0.0,0.0022422399520874024
1785289663.0706744,0.0,0.0,0.002148031949996948
1785289663.073213,0.0,0.0,0.0021613121032714845
1785289663.0757396,0.0,0.0,0.002136607885360718
1785289663.0782843,0.0,0.0,0.002152895927429199
1785289663.080828,0.0,0.0,0.002156224012374878
1785289663.0833642,0.0,0.0,0.0021519999504089355
1785289663.0859294,0.0,0.0,0.002177504062652588
1785289663.0885315,0.0,0.0,0.0021891520023345945
1785289663.0918622,0.0,0.0,0.0029411520957946776
1785289663.0944316,0.0,0.0,0.002170144081115723
1785289663.0969887,0.0,0.0,0.0021755199432373046
1785289663.099533,0.0,0.0,0.00215830397605896
1785289663.1020508,0.0,0.0,0.0021368958950042723
1785289663.104581,0.0,0.0,0.0021480000019073486
1785289663.1070662,0.0,0.0,0.002106719970703125
1785289663.109618,0.0,0.0,0.0021365759372711183
1785289663.112157,0.0,0.0,0.0021564478874206545
1785289663.1146572,0.0,0.0,0.002116447925567627
1785289663.1171856,0.0,0.0,0.002147968053817749
1785289663.1197612,0.0,0.0,0.002189120054244995
1785289663.1222827,0.0,0.0,0.002137792110443115
1785289663.124831,0.0,0.0,0.002167936086654663
1785289663.1273794,0.0,0.0,0.0021606719493865965
1785289663.1299076,0.0,0.0,0.0021388800144195555
1785289663.1325097,0.0,0.0,0.0022059841156005858
1785289663.1350608,0.0,0.0,0.0021633279323577882
1785289663.1376104,0.0,0.0,0.0021373438835144043
1785289663.1401622,0.0,0.0,0.002170111894607544
1785289663.1427314,0.0,0.0,0.0021781759262084963
1785289663.1453063,0.0,0.0,0.002160799980163574
1785289663.14862,0.0,0.0,0.0022376320362091063
1785289663.1511788,0.0,0.0,0.002163104057312012
1785289663.1537006,0.0,0.0,0.002135488033294678
1785289663.156248,0.0,0.0,0.0021462080478668213
1785289663.1587677,0.0,0.0,0.002136064052581787
1785289663.1613243,0.0,0.0,0.0021479361057281494
1785289663.1638832,0.0,0.0,0.0021776959896087646
1785289663.1663957,0.0,0.0,0.0021296958923339845
1785289663.168946,0.0,0.0,0.0021645760536193846
1785289663.1714776,0.0,0.0,0.0021477439403533934
1785289663.1739943,0.0,0.0,0.002134720087051392
1785289663.1765509,0.0,0.0,0.002173664093017578
1785289663.1790845,0.0,0.0,0.0021522879600524903
1785289663.181634,0.0,0.0,0.002139359951019287
1785289663.184157,0.0,0.0,0.0021441919803619385
1785289663.1866784,0.0,0.0,0.00214736008644104
1785289663.189247,0.0,0.0,0.0021906239986419678
1785289663.1917775,0.0,0.0,0.002152928113937378
1785289663.1943033,0.0,0.0,0.002143455982208252
1785289663.196846,0.0,0.0,0.002163968086242676
1785289663.199456,0.0,0.0,0.002215552091598511
1785289663.2027957,0.0,0.0,0.002955359935760498
1785289663.2053862,0.0,0.0,0.002159584045410156
1785289663.207985,0.0,0.0,0.0022133119106292724
1785289663.2105148,0.0,0.0,0.002150815963745117
1785289663.2131958,0.0,0.0,0.0023011200428009033
1785289663.2157788,0.0,0.0,0.002206847906112671
1785289663.2183166,0.0,0.0,0.002153759956359863
1785289663.2208827,0.0,0.0,0.0021887359619140625
1785289663.2234359,0.0,0.0,0.002167263984680176
1785289663.2259495,0.0,0.0,0.0021384639739990235
1785289663.2284994,0.0,0.0,0.0021683199405670168
1785289663.2310424,0.0,0.0,0.0021617279052734374
1785289663.2335956,0.0,0.0,0.0021442880630493165
1785289663.2361226,0.0,0.0,0.002147615909576416
1785289663.2386487,0.0,0.0,0.002136928081512451
1785289663.241213,0.0,0.0,0.002188800096511841
1785289663.2437813,0.0,0.0,0.002179744005203247
1785289663.2463088,0.0,0.0,0.002142335891723633
1785289663.248835,0.0,0.0,0.002155263900756836
1785289663.2514052,0.0,0.0,0.0021876800060272217
1785289663.25394,0.0,0.0,0.002126784086227417
1785289663.2572286,0.0,0.0,0.002900736093521118
1785289663.2598453,0.0,0.0,0.002218751907348633
1785289663.2624037,0.0,0.0,0.0021658239364624023
1785289663.2649682,0.0,0.0,0.0021815040111541747
1785289663.267614,0.0,0.0,0.0022667200565338135
1785289663.270164,0.0,0.0,0.002167680025100708
1785289663.2727997,0.0,0.0,0.0021736960411071777
1785289663.2772286,0.0,0.0,0.004045824050903321
1785289663.279835,0.0,0.0,0.0022170240879058837
1785289663.2823904,0.0,0.0,0.00216431999206543
1785289663.2850475,0.0,0.0,0.002275903940200806
1785289663.2876253,0.0,0.0,0.0021766400337219238
1785289663.290191,0.0,0.0,0.0021803839206695555
1785289663.2927597,0.0,0.0,0.002185408115386963
1785289663.2953296,0.0,0.0,0.0021832640171051024
1785289663.2978692,0.0,0.0,0.002158623933792114
1785289663.3004553,0.0,0.0,0.002199968099594116
1785289663.3029685,0.0,0.0,0.0021315839290618897
1785289663.3055212,0.0,0.0,0.0021473920345306398
1785289663.308133,0.0,0.0,0.002210400104522705
1785289663.3107026,0.0,0.0,0.002180959939956665
1785289663.3139133,0.0,0.0,0.0028235840797424315
1785289663.316483,0.0,0.0,0.002175296068191528
1785289663.31904,0.0,0.0,0.002165247917175293
1785289663.3216195,0.0,0.0,0.0021697919368743896
1785289663.3241744,0.0,0.0,0.0021642880439758302
1785289663.326731,0.0,0.0,0.0021770238876342774
1785289663.3293061,0.0,0.0,0.002172032117843628
1785289663.331863,0.0,0.0,0.002178368091583252
1785289663.3344998,0.0,0.0,0.002255647897720337
1785289663.337057,0.0,0.0,0.002179647922515869
1785289663.3396218,0.0,0.0,0.0021858880519866944
1785289663.3421385,0.0,0.0,0.002133951902389526
1785289663.3446918,0.0,0.0,0.00217792010307312
1785289663.3472288,0.0,0.0,0.0021553919315338136
1785289663.3497667,0.0,0.0,0.002141088008880615
1785289663.352298,0.0,0.0,0.00215775990486145
1785289663.3548086,0.0,0.0,0.0021341118812561034
1785289663.357349,0.0,0.0,0.002138432025909424
1785289663.359907,0.0,0.0,0.0021650240421295167
1785289663.3624542,0.0,0.0,0.0021656320095062255
1785289663.365023,0.0,0.0,0.002179487943649292
1785289663.3683193,0.0,0.0,0.0029142720699310305
1785289663.3710003,0.0,0.0,0.0022885119915008545
1785289663.3735948,0.0,0.0,0.0021921920776367186
1785289663.3761592,0.0,0.0,0.0021805760860443115
1785289663.3786926,0.0,0.0,0.002152479887008667
1785289663.381275,0.0,0.0,0.002202143907546997
1785289663.3838193,0.0,0.0,0.002166719913482666
1785289663.386325,0.0,0.0,0.002127392053604126
1785289663.3888772,0.0,0.0,0.002169183969497681
1785289663.39142,0.0,0.0,0.00216431999206543
1785289663.3939312,0.0,0.0,0.0021326398849487306
1785289663.3964798,0.0,0.0,0.0021743679046630857
1785289663.3989904,0.0,0.0,0.0021303999423980713
1785289663.4015212,0.0,0.0,0.0021295359134674073
1785289663.404092,0.0,0.0,0.002192960023880005
1785289663.406649,0.0,0.0,0.002166111946105957
1785289663.4092078,0.0,0.0,0.002177504062652588
1785289663.4117792,0.0,0.0,0.0021704959869384764
1785289663.414339,0.0,0.0,0.00215993595123291
1785289663.4168823,0.0,0.0,0.0021610240936279297
1785289663.4194515,0.0,0.0,0.0021783039569854734
1785289663.4227474,0.0,0.0,0.0029115519523620604
1785289663.425373,0.0,0.0,0.0022013120651245117
1785289663.4279537,0.0,0.0,0.002191744089126587
1785289663.4305816,0.0,0.0,0.002244767904281616
1785289663.433164,0.0,0.0,0.002203968048095703
1785289663.4357345,0.0,0.0,0.0021902720928192137
1785289663.4382443,0.0,0.0,0.0021287679672241213
1785289663.4407806,0.0,0.0,0.002160383939743042
1785289663.443321,0.0,0.0,0.0021572480201721192
1785289663.4458532,0.0,0.0,0.0021473920345306398
1785289663.4483962,0.0,0.0,0.0021616959571838378
1785289663.4508946,0.0,0.0,0.0021215360164642334
1785289663.4534504,0.0,0.0,0.002150496006011963
1785289663.4560237,0.0,0.0,0.0021968319416046144
1785289663.4585145,0.0,0.0,0.002113856077194214
1785289663.4610431,0.0,0.0,0.0021483840942382814
1785289663.4635866,0.0,0.0,0.002169183969497681
1785289663.4661398,0.0,0.0,0.00215993595123291
1785289663.4686563,0.0,0.0,0.002141024112701416
1785289663.4711854,0.0,0.0,0.002152735948562622
1785289663.4737096,0.0,0.0,0.0021423039436340332
1785289663.4762847,0.0,0.0,0.002191135883331299
1785289663.4795198,0.0,0.0,0.002851423978805542
1785289663.4821692,0.0,0.0,0.0022607040405273437
1785289663.4847252,0.0,0.0,0.002182624101638794
1785289663.4872968,0.0,0.0,0.002188352108001709
1785289663.4898174,0.0,0.0,0.0021396799087524416
1785289663.492324,0.0,0.0,0.002132927894592285
1785289663.4948149,0.0,0.0,0.0021154561042785644
1785289663.4973862,0.0,0.0,0.0021664319038391115
1785289663.5000222,0.0,0.0,0.002258271932601929
1785289663.5025856,0.0,0.0,0.002182784080505371
1785289663.505145,0.0,0.0,0.00218176007270813
1785289663.5076778,0.0,0.0,0.0021535038948059084
1785289663.5101962,0.0,0.0,0.0021360960006713866
1785289663.512751,0.0,0.0,0.002171328067779541
1785289663.5153103,0.0,0.0,0.0021576640605926512
1785289663.5178132,0.0,0.0,0.002123136043548584
1785289663.5203733,0.0,0.0,0.0021800000667572023
1785289663.5229075,0.0,0.0,0.002161952018737793
1785289663.525583,0.0,0.0,0.0022613120079040525
1785289663.5281835,0.0,0.0,0.0022182719707489014
1785289663.5307448,0.0,0.0,0.0021708478927612304
1785289663.534046,0.0,0.0,0.0028879039287567137
1785289663.5366313,0.0,0.0,0.002187135934829712
1785289663.5392003,0.0,0.0,0.0021798720359802247
1785289663.5417361,0.0,0.0,0.0021562879085540772
1785289663.5442777,0.0,0.0,0.0021634240150451662
1785289663.546819,0.0,0.0,0.0021395199298858644
1785289663.5493827,0.0,0.0,0.0021668479442596435
1785289663.5519416,0.0,0.0,0.002178431987762451
1785289663.5544727,0.0,0.0,0.0021530239582061767
1785289663.5570447,0.0,0.0,0.002192320108413696
1785289663.5595868,0.0,0.0,0.0021640961170196534
1785289663.562123,0.0,0.0,0.0021506240367889402
1785289663.564681,0.0,0.0,0.002181472063064575
1785289663.5672274,0.0,0.0,0.0021658880710601807
1785289663.5697546,0.0,0.0,0.002132607936859131
1785289663.5723047,0.0,0.0,0.002172703981399536
1785289663.5748084,0.0,0.0,0.0021264638900756836
1785289663.5774403,0.0,0.0,0.0021434879302978517
1785289663.5799942,0.0,0.0,0.0021667520999908447
1785289663.5824986,0.0,0.0,0.0021229760646820067
1785289663.5850475,0.0,0.0,0.0021653759479522707
1785289663.5883868,0.0,0.0,0.0021953918933868407
1785289663.5909808,0.0,0.0,0.002184000015258789
1785289663.5935419,0.0,0.0,0.0021530239582061767
1785289663.5961068,0.0,0.0,0.002185920000076294
1785289663.5985992,0.0,0.0,0.002117568016052246
1785289663.60122,0.0,0.0,0.0022375359535217287
1785289663.60385,0.0,0.0,0.0022116479873657228
1785289663.6065414,0.0,0.0,0.0022848000526428224
1785289663.609109,0.0,0.0,0.002192863941192627
1785289663.6116905,0.0,0.0,0.0021706559658050536
1785289663.6142075,0.0,0.0,0.002136831998825073
1785289663.616779,0.0,0.0,0.0021928958892822267
1785289663.619314,0.0,0.0,0.002156831979751587
1785289663.621837,0.0,0.0,0.00212444806098938
1785289663.6243773,0.0,0.0,0.0021647679805755615
1785289663.626887,0.0,0.0,0.0021341118812561034
1785289663.629411,0.0,0.0,0.0021279358863830564
1785289663.6319625,0.0,0.0,0.0021777920722961426
1785289663.6344812,0.0,0.0,0.0021403520107269288
1785289663.6370258,0.0,0.0,0.0021656959056854247
1785289663.6396027,0.0,0.0,0.002197920083999634
1785289663.6421752,0.0,0.0,0.002176448106765747
1785289663.645593,0.0,0.0,0.0030377600193023683
1785289663.6481826,0.0,0.0,0.0021941120624542234
1785289663.650716,0.0,0.0,0.002147264003753662
1785289663.653258,0.0,0.0,0.0021564800739288332
1785289663.6558964,0.0,0.0,0.002255647897720337
1785289663.6584604,0.0,0.0,0.0021810240745544435
1785289663.6610112,0.0,0.0,0.0021736960411071777
1785289663.6636105,0.0,0.0,0.002212863922119141
1785289663.6661587,0.0,0.0,0.0021664319038391115
1785289663.6687036,0.0,0.0,0.0021593279838562013
1785289663.6712132,0.0,0.0,0.0021356799602508547
1785289663.673763,0.0,0.0,0.002167743921279907
1785289663.676308,0.0,0.0,0.002146752119064331
1785289663.678858,0.0,0.0,0.0021463680267333985
1785289663.6815019,0.0,0.0,0.002243936061859131
1785289663.6840677,0.0,0.0,0.0021892158985137937
1785289663.6865773,0.0,0.0,0.0021250560283660887
1785289663.689116,0.0,0.0,0.002163167953491211
1785289663.691672,0.0,0.0,0.002175296068191528
1785289663.694201,0.0,0.0,0.0021523840427398683
1785289663.6968215,0.0,0.0,0.0022323520183563234
1785289663.7001333,0.0,0.0,0.002925951957702637
1785289663.7027328,0.0,0.0,0.0022026560306549073
1785289663.7053375,0.0,0.0,0.0022022080421447753
1785289663.7078838,0.0,0.0,0.0021646080017089842
1785289663.7104049,0.0,0.0,0.002140320062637329
1785289663.7129502,0.0,0.0,0.0021676480770111083
1785289663.7155719,0.0,0.0,0.0022403199672698976
1785289663.7182057,0.0,0.0,0.0022503681182861326
1785289663.7207527,0.0,0.0,0.0021702721118927004
1785289663.7232733,0.0,0.0,0.002145855903625488
1785289663.725809,0.0,0.0,0.002137216091156006
1785289663.728365,0.0,0.0,0.002175839900970459
1785289663.730871,0.0,0.0,0.0021230080127716063
1785289663.7334027,0.0,0.0,0.0021255359649658204
1785289663.7359335,0.0,0.0,0.0021591360569000245
1785289663.7384686,0.0,0.0,0.0021537280082702635
1785289663.7410338,0.0,0.0,0.0021888959407806398
1785289663.7435622,0.0,0.0,0.0021489601135253906
1785289663.7461517,0.0,0.0,0.0021875200271606445
1785289663.7487025,0.0,0.0,0.0021666879653930663
1785289663.7512767,0.0,0.0,0.0021858880519866944
1785289663.7544813,0.0,0.0,0.0028172800540924073
1785289663.7570877,0.0,0.0,0.0022074880599975586
1785289663.7596333,0.0,0.0,0.002161087989807129
1785289663.762164,0.0,0.0,0.00215500807762146
1785289663.7646933,0.0,0.0,0.002152127981185913
1785289663.7673402,0.0,0.0,0.0022693760395050048
1785289663.7698894,0.0,0.0,0.002166975975036621
1785289663.772451,0.0,0.0,0.002182015895843506
1785289663.7749686,0.0,0.0,0.002133631944656372
1785289663.777625,0.0,0.0,0.002233311891555786
1785289663.7802029,0.0,0.0,0.0021956799030303955
1785289663.7827303,0.0,0.0,0.002145695924758911
1785289663.7852929,0.0,0.0,0.0021855039596557616
1785289663.7878432,0.0,0.0,0.0021707520484924316
1785289663.7903857,0.0,0.0,0.0021624960899353026
1785289663.7929494,0.0,0.0,0.0021902079582214354
1785289663.7955363,0.0,0.0,0.0021983680725097656
1785289663.7980745,0.0,0.0,0.002159584045410156
1785289663.8006775,0.0,0.0,0.0022230401039123535
1785289663.8032424,0.0,0.0,0.0021846399307250976
1785289663.8058188,0.0,0.0,0.0021960000991821287
1785289663.8083782,0.0,0.0,0.0021745600700378417
1785289663.8116684,0.0,0.0,0.0028819200992584227
1785289663.8142064,0.0,0.0,0.002148159980773926
1785289663.81673,0.0,0.0,0.0021467840671539305
1785289663.819286,0.0,0.0,0.002177504062652588
1785289663.821845,0.0,0.0,0.0021599678993225097
1785289663.8244102,0.0,0.0,0.002194015979766846
1785289663.8269098,0.0,0.0,0.002120928049087524
1785289663.829598,0.0,0.0,0.0021753599643707273
1785289663.8322048,0.0,0.0,0.0022160639762878417
1785289663.8347335,0.0,0.0,0.002147167921066284
1785289663.8374693,0.0,0.0,0.002328671932220459
1785289663.8400385,0.0,0.0,0.002187455892562866
1785289663.8425708,0.0,0.0,0.0021487998962402342
1785289663.8451393,0.0,0.0,0.002184256076812744
1785289663.8476584,0.0,0.0,0.002136928081512451
1785289663.8501823,0.0,0.0,0.002146752119064331
1785289663.8527322,0.0,0.0,0.002164383888244629
1785289663.8553028,0.0,0.0,0.002191551923751831
1785289663.8578098,0.0,0.0,0.0021204159259796142
1785289663.8603976,0.0,0.0,0.002210975885391235
1785289663.8629432,0.0,0.0,0.0021584639549255373
1785289663.866239,0.0,0.0,0.0028847041130065916
1785289663.868809,0.0,0.0,0.0021815040111541747
1785289663.8713815,0.0,0.0,0.002186784029006958
1785289663.8738956,0.0,0.0,0.0021300160884857177
1785289663.876477,0.0,0.0,0.0021820800304412843
1785289663.8790073,0.0,0.0,0.002153183937072754
1785289663.8815618,0.0,0.0,0.0021453120708465577
1785289663.8841164,0.0,0.0,0.0021742401123046877
1785289663.8866727,0.0,0.0,0.0021784958839416503
1785289663.8893354,0.0,0.0,0.0022800641059875486
1785289663.8919256,0.0,0.0,0.0022139840126037596
1785289663.8944256,0.0,0.0,0.00212009596824646
1785289663.8969784,0.0,0.0,0.0021828160285949708
1785289663.8994973,0.0,0.0,0.002144927978515625
1785289663.902002,0.0,0.0,0.002129472017288208
1785289663.9045453,0.0,0.0,0.002159679889678955
1785289663.907056,0.0,0.0,0.0021378560066223143
1785289663.9095712,0.0,0.0,0.0021185600757598877
1785289663.912094,0.0,0.0,0.002153088092803955
1785289663.9146228,0.0,0.0,0.0021515839099884035
1785289663.9172215,0.0,0.0,0.0022180800437927245
1785289663.9204757,0.0,0.0,0.0028733439445495605
1785289663.9230402,0.0,0.0,0.0021745600700378417
1785289663.9255924,0.0,0.0,0.0021468479633331298
1785289663.9281423,0.0,0.0,0.002168992042541504
1785289663.930642,0.0,0.0,0.002119296073913574
1785289663.9332113,0.0,0.0,0.0021942079067230223
1785289663.9357328,0.0,0.0,0.0021406400203704836
1785289663.9382396,0.0,0.0,0.00212444806098938
1785289663.940767,0.0,0.0,0.002154911994934082
1785289663.943323,0.0,0.0,0.002165600061416626
1785289663.9457936,0.0,0.0,0.002093503952026367
1785289663.9483154,0.0,0.0,0.0021523840427398683
1785289663.9508922,0.0,0.0,0.0021052799224853514
1785289663.95344,0.0,0.0,0.002141567945480347
1785289663.9559639,0.0,0.0,0.002146752119064331
1785289663.9584856,0.0,0.0,0.0021432321071624756
1785289663.9610112,0.0,0.0,0.0021546878814697264
1785289663.9635894,0.0,0.0,0.0021769280433654786
1785289663.9660866,0.0,0.0,0.002115328073501587
1785289663.968635,0.0,0.0,0.002166719913482666
1785289663.9711905,0.0,0.0,0.002177151918411255
1785289663.9737034,0.0,0.0,0.0021209919452667234
1785289663.9768615,0.0,0.0,0.0027731521129608153
1785289663.9794505,0.0,0.0,0.002178623914718628
1785289663.9819763,0.0,0.0,0.002147775888442993
1785289663.9845219,0.0,0.0,0.002166304111480713
1785289663.9870512,0.0,0.0,0.0021490559577941894
1785289663.9896152,0.0,0.0,0.0021531519889831543
1785289663.9923005,0.0,0.0,0.0023100159168243407
1785289663.9948437,0.0,0.0,0.0021685121059417723
1785289663.9973915,0.0,0.0,0.0021410560607910156
1785289663.999911,0.0,0.0,0.0021427199840545652
1785289664.002445,0.0,0.0,0.002153759956359863
1785289664.0049944,0.0,0.0,0.0021706559658050536
1785289664.007497,0.0,0.0,0.0021232318878173827
1785289664.0100327,0.0,0.0,0.0021597440242767333
1785289664.0125468,0.0,0.0,0.0021430399417877197
1785289664.0150774,0.0,0.0,0.002134624004364014
1785289664.0176291,0.0,0.0,0.002146656036376953
1785289664.02019,0.0,0.0,0.0021776320934295654
1785289664.022704,0.0,0.0,0.002133375883102417
1785289664.0252666,0.0,0.0,0.002190239906311035
1785289664.0278678,0.0,0.0,0.002217535972595215
1785289664.031146,0.0,0.0,0.0028928959369659423
1785289664.033734,0.0,0.0,0.0021855039596557616
1785289664.036295,0.0,0.0,0.002176192045211792
1785289664.0388134,0.0,0.0,0.0021416959762573244
1785289664.041337,0.0,0.0,0.0021252479553222656
1785289664.043911,0.0,0.0,0.0021973440647125243
1785289664.0464196,0.0,0.0,0.0021335039138793946
1785289664.0489478,0.0,0.0,0.0021553280353546144
1785289664.0514596,0.0,0.0,0.002135488033294678
1785289664.0539794,0.0,0.0,0.0021403839588165284
1785289664.0565386,0.0,0.0,0.002186176061630249
1785289664.0590796,0.0,0.0,0.0021456000804901125
1785289664.0616074,0.0,0.0,0.0021275200843811036
1785289664.0641146,0.0,0.0,0.0021221439838409423
1785289664.0666094,0.0,0.0,0.0021146559715270997
1785289664.069124,0.0,0.0,0.002134687900543213
1785289664.071671,0.0,0.0,0.002167263984680176
1785289664.074213,0.0,0.0,0.0021400001049041747
1785289664.0767753,0.0,0.0,0.0021878719329833985
1785289664.0793066,0.0,0.0,0.002150336027145386
1785289664.0818453,0.0,0.0,0.0021602559089660646
1785289664.084412,0.0,0.0,0.002184128046035767
1785289664.0876215,0.0,0.0,0.0028172800540924073
1785289664.0901406,0.0,0.0,0.002127680063247681
1785289664.092679,0.0,0.0,0.0021661438941955567
1785289664.095208,0.0,0.0,0.002149375915527344
1785289664.0977461,0.0,0.0,0.002154144048690796
1785289664.1003087,0.0,0.0,0.0021814079284667967
1785289664.1029723,0.0,0.0,0.0022867200374603273
1785289664.105535,0.0,0.0,0.0021594879627227785
1785289664.1080954,0.0,0.0,0.002176703929901123
1785289664.1107187,0.0,0.0,0.002241312026977539
1785289664.1132874,0.0,0.0,0.0021910719871521
1785289664.1158252,0.0,0.0,0.002158623933792114
1785289664.1183434,0.0,0.0,0.0021354238986968995
1785289664.1208751,0.0,0.0,0.002153343915939331
1785289664.1234133,0.0,0.0,0.0021600000858306885
1785289664.125955,0.0,0.0,0.0021588799953460693
1785289664.1285014,0.0,0.0,0.0021673600673675535
1785289664.1309922,0.0,0.0,0.0021095681190490723
1785289664.1335347,0.0,0.0,0.0021280319690704344
1785289664.1360784,0.0,0.0,0.002161439895629883
1785289664.138627,0.0,0.0,0.0021394240856170655
1785289664.1419656,0.0,0.0,0.0029487359523773194
1785289664.1445453,0.0,0.0,0.0021802558898925783
1785289664.1472542,0.0,0.0,0.0023289918899536133
1785289664.149813,0.0,0.0,0.0021732800006866457
1785289664.1523314,0.0,0.0,0.0021427199840545652
1785289664.154874,0.0,0.0,0.0021641919612884523
1785289664.1574373,0.0,0.0,0.0021574718952178957
1785289664.1599586,0.0,0.0,0.002144416093826294
1785289664.1624815,0.0,0.0,0.0021426239013671877
1785289664.1650572,0.0,0.0,0.002193919897079468
1785289664.1676111,0.0,0.0,0.002154720067977905
1785289664.170126,0.0,0.0,0.0021358399391174314
1785289664.1726687,0.0,0.0,0.002162719964981079
1785289664.1752121,0.0,0.0,0.002164992094039917
1785289664.1777396,0.0,0.0,0.0021329920291900633
1785289664.1802921,0.0,0.0,0.0021715519428253172
1785289664.1828747,0.0,0.0,0.002193471908569336
1785289664.1854262,0.0,0.0,0.0021518080234527587
1785289664.1879742,0.0,0.0,0.0021657280921936035
1785289664.1904948,0.0,0.0,0.0021374399662017823
1785289664.1930714,0.0,0.0,0.002190975904464722
1785289664.1963947,0.0,0.0,0.0029317119121551514
1785289664.198984,0.0,0.0,0.002192352056503296
1785289664.2015574,0.0,0.0,0.0021581759452819825
1785289664.2041483,0.0,0.0,0.0022050559520721434
1785289664.2067142,0.0,0.0,0.0021647040843963622
1785289664.209249,0.0,0.0,0.002154815912246704
1785289664.2118366,0.0,0.0,0.0022034239768981933
1785289664.2143917,0.0,0.0,0.002170880079269409
1785289664.2169635,0.0,0.0,0.0021931519508361814
1785289664.2195194,0.0,0.0,0.002171776056289673
1785289664.22208,0.0,0.0,0.00216483211517334
1785289664.2246115,0.0,0.0,0.002152735948562622
1785289664.227144,0.0,0.0,0.0021459200382232665
1785289664.2296536,0.0,0.0,0.0021286718845367433
1785289664.2322133,0.0,0.0,0.0021816959381103515
1785289664.2347572,0.0,0.0,0.0021664960384368895
1785289664.2373016,0.0,0.0,0.002144223928451538
1785289664.2398536,0.0,0.0,0.002171072006225586
1785289664.2423809,0.0,0.0,0.002146591901779175
1785289664.2448997,0.0,0.0,0.002141024112701416
1785289664.2474356,0.0,0.0,0.0021581120491027833
1785289664.2499914,0.0,0.0,0.0021734399795532225
1785289664.2532387,0.0,0.0,0.0028595519065856933
1785289664.255823,0.0,0.0,0.0021928958892822267
1785289664.2583435,0.0,0.0,0.0021401920318603516
1785289664.2608738,0.0,0.0,0.0021515839099884035
1785289664.263417,0.0,0.0,0.002166304111480713
1785289664.2659254,0.0,0.0,0.0021314239501953125
1785289664.2684538,0.0,0.0,0.00215231990814209
1785289664.270968,0.0,0.0,0.0021334080696105958
1785289664.2735698,0.0,0.0,0.002173919916152954
1785289664.2761517,0.0,0.0,0.0021773440837860106
1785289664.2786605,0.0,0.0,0.002124927997589111
1785289664.2811825,0.0,0.0,0.0021378240585327147
1785289664.2837064,0.0,0.0,0.00213919997215271
1785289664.2863107,0.0,0.0,0.0022222399711608887
1785289664.2889645,0.0,0.0,0.0022791039943695066
1785289664.291502,0.0,0.0,0.0021592960357666017
1785289664.2940319,0.0,0.0,0.0021512320041656495
1785289664.29657,0.0,0.0,0.0021591360569000245
1785289664.2990773,0.0,0.0,0.0021238720417022707
1785289664.301744,0.0,0.0,0.0022638719081878663
1785289664.3043609,0.0,0.0,0.0022278718948364256
1785289664.307619,0.0,0.0,0.0028612480163574218
1785289664.3101778,0.0,0.0,0.002166719913482666
1785289664.3127446,0.0,0.0,0.0021902079582214354
1785289664.3152742,0.0,0.0,0.0021539199352264404
1785289664.317809,0.0,0.0,0.00215449595451355
1785289664.3203938,0.0,0.0,0.002210655927658081
1785289664.3229024,0.0,0.0,0.0021259200572967527
1785289664.3254964,0.0,0.0,0.0021809279918670655
1785289664.3280425,0.0,0.0,0.002168031930923462
1785289664.330568,0.0,0.0,0.002144160032272339
1785289664.333128,0.0,0.0,0.0021845760345458984
1785289664.3356674,0.0,0.0,0.0021596479415893553
1785289664.338212,0.0,0.0,0.002148159980773926
1785289664.3407545,0.0,0.0,0.0021662399768829347
1785289664.3432696,0.0,0.0,0.002135551929473877
1785289664.3458316,0.0,0.0,0.002180799961090088
1785289664.348446,0.0,0.0,0.002232032060623169
1785289664.3509884,0.0,0.0,0.0021595520973205565
1785289664.353517,0.0,0.0,0.0021229760646820067
1785289664.3560593,0.0,0.0,0.0021633920669555666
1785289664.3586135,0.0,0.0,0.0021655359268188475
1785289664.3611796,0.0,0.0,0.002176800012588501
1785289664.3645868,0.0,0.0,0.0022030720710754393
1785289664.367149,0.0,0.0,0.0021731200218200685
1785289664.3696878,0.0,0.0,0.002154047966003418
1785289664.3722456,0.0,0.0,0.0021796159744262695
1785289664.3747745,0.0,0.0,0.002147007942199707
1785289664.3773384,0.0,0.0,0.002147455930709839
1785289664.3798964,0.0,0.0,0.0021627840995788574
1785289664.3824275,0.0,0.0,0.0021568000316619872
1785289664.3849547,0.0,0.0,0.0021509439945220947
1785289664.387587,0.0,0.0,0.002251904010772705
1785289664.3901248,0.0,0.0,0.002156415939331055
1785289664.3926823,0.0,0.0,0.0021578879356384277
1785289664.3952274,0.0,0.0,0.0021649279594421387
1785289664.397755,0.0,0.0,0.0021478400230407714
1785289664.4002795,0.0,0.0,0.0021429760456085204
1785289664.4027998,0.0,0.0,0.002126336097717285
1785289664.4053628,0.0,0.0,0.0021641600131988526
1785289664.4079328,0.0,0.0,0.0021895999908447266
1785289664.410462,0.0,0.0,0.0021476480960845945
1785289664.413048,0.0,0.0,0.0022088320255279543
1785289664.4156418,0.0,0.0,0.0022020800113677977
1785289664.4188714,0.0,0.0,0.0028396480083465576
1785289664.4214225,0.0,0.0,0.002137664079666138
1785289664.4239728,0.0,0.0,0.002176543951034546
1785289664.4264863,0.0,0.0,0.00213375997543335
1785289664.4290218,0.0,0.0,0.0021535680294036863
1785289664.431572,0.0,0.0,0.0021717119216918945
1785289664.434103,0.0,0.0,0.0021507840156555174
1785289664.436635,0.0,0.0,0.0021573441028594972
1785289664.439181,0.0,0.0,0.002163007974624634
1785289664.4416907,0.0,0.0,0.0021273601055145264
1785289664.444222,0.0,0.0,0.002156928062438965
1785289664.4467258,0.0,0.0,0.0021181120872497557
1785289664.4492602,0.0,0.0,0.0021612160205841066
1785289664.4518085,0.0,0.0,0.0021712319850921633
1785289664.454349,0.0,0.0,0.00215881609916687
1785289664.4570467,0.0,0.0,0.0023233599662780763
1785289664.4596093,0.0,0.0,0.0021798079013824463
1785289664.4621167,0.0,0.0,0.0021308479309082033
1785289664.4646373,0.0,0.0,0.0021431360244750976
1785289664.467173,0.0,0.0,0.002150815963745117
1785289664.4697478,0.0,0.0,0.002164992094039917
1785289664.4730024,0.0,0.0,0.0028709759712219236
1785289664.47561,0.0,0.0,0.002211551904678345
1785289664.478125,0.0,0.0,0.0021317119598388674
1785289664.4807024,0.0,0.0,0.0022022080421447753
1785289664.4832642,0.0,0.0,0.0021769280433654786
1785289664.4857957,0.0,0.0,0.0021496639251708982
1785289664.4883249,0.0,0.0,0.0021511359214782715
1785289664.490858,0.0,0.0,0.002156224012374878
1785289664.4934072,0.0,0.0,0.0021579198837280273
1785289664.4959707,0.0,0.0,0.002187455892562866
1785289664.4984877,0.0,0.0,0.0021415040493011476
1785289664.501035,0.0,0.0,0.002169408082962036
1785289664.503592,0.0,0.0,0.002172640085220337
1785289664.5061061,0.0,0.0,0.002135296106338501
1785289664.5086284,0.0,0.0,0.0021441280841827393
1785289664.5111675,0.0,0.0,0.002163007974624634
1785289664.5136638,0.0,0.0,0.0021205759048461914
1785289664.5162187,0.0,0.0,0.0021749439239501954
1785289664.51871,0.0,0.0,0.0021136319637298584
1785289664.5212557,0.0,0.0,0.0021691200733184816
1785289664.523792,0.0,0.0,0.002149375915527344
1785289664.5264368,0.0,0.0,0.002238111972808838
1785289664.5296466,0.0,0.0,0.002829279899597168
1785289664.5321972,0.0,0.0,0.0021579198837280273
1785289664.5347226,0.0,0.0,0.002141664028167725
1785289664.537281,0.0,0.0,0.0021792640686035154
1785289664.5398283,0.0,0.0,0.0021649279594421387
1785289664.5423458,0.0,0.0,0.002141279935836792
1785289664.5449057,0.0,0.0,0.0021794240474700926
1785289664.5474706,0.0,0.0,0.002184607982635498
1785289664.549979,0.0,0.0,0.0021229760646820067
1785289664.5525157,0.0,0.0,0.0021605761051177977
1785289664.5550182,0.0,0.0,0.0021219520568847654
1785289664.5575855,0.0,0.0,0.002157504081726074
1785289664.5601194,0.0,0.0,0.0021566720008850096
1785289664.562646,0.0,0.0,0.0021439039707183837
1785289664.565191,0.0,0.0,0.0021740479469299317
1785289664.56776,0.0,0.0,0.002190592050552368
1785289664.5702841,0.0,0.0,0.002134079933166504
1785289664.5728345,0.0,0.0,0.002167743921279907
1785289664.5753512,0.0,0.0,0.0021387200355529783
1785289664.5778441,0.0,0.0,0.0021075520515441894
1785289664.5804374,0.0,0.0,0.002192032098770142
1785289664.5837066,0.0,0.0,0.0028830718994140624
1785289664.586259,0.0,0.0,0.002153696060180664
1785289664.5888155,0.0,0.0,0.0021774399280548094
1785289664.5913756,0.0,0.0,0.002184000015258789
1785289664.593896,0.0,0.0,0.0021356799602508547
1785289664.5964432,0.0,0.0,0.0021678719520568848
1785289664.5990107,0.0,0.0,0.0021876800060272217
1785289664.6015847,0.0,0.0,0.0021512959003448487
1785289664.604117,0.0,0.0,0.0021556479930877684
1785289664.6066382,0.0,0.0,0.002138592004776001
1785289664.6093016,0.0,0.0,0.0022812159061431883
1785289664.611975,0.0,0.0,0.00229369592666626
1785289664.6145215,0.0,0.0,0.002169471979141235
1785289664.6170583,0.0,0.0,0.002157504081726074
1785289664.619571,0.0,0.0,0.002134432077407837
1785289664.6220987,0.0,0.0,0.0021519999504089355
1785289664.6246927,0.0,0.0,0.0022166399955749513
1785289664.6273305,0.0,0.0,0.002218976020812988
1785289664.6298926,0.0,0.0,0.002170111894607544
1785289664.6324563,0.0,0.0,0.0021801600456237795
1785289664.6349897,0.0,0.0,0.0021513919830322267
1785289664.6375847,0.0,0.0,0.0021667840480804443
1785289664.6409352,0.0,0.0,0.0021828479766845704
1785289664.6435113,0.0,0.0,0.0021842238903045656
1785289664.646045,0.0,0.0,0.0021535038948059084
1785289664.6485507,0.0,0.0,0.0021285760402679444
1785289664.6510682,0.0,0.0,0.002138528108596802
1785289664.6536245,0.0,0.0,0.002152224063873291
1785289664.6562793,0.0,0.0,0.002275264024734497
1785289664.6588411,0.0,0.0,0.002180799961090088
1785289664.6613967,0.0,0.0,0.0021508800983428954
1785289664.663945,0.0,0.0,0.0021667520999908447
1785289664.6665137,0.0,0.0,0.002167167901992798
1785289664.66906,0.0,0.0,0.002169152021408081
1785289664.671613,0.0,0.0,0.0021763200759887693
1785289664.6741273,0.0,0.0,0.0021343998908996582
1785289664.6767972,0.0,0.0,0.0022886080741882325
1785289664.6793723,0.0,0.0,0.0021926720142364502
1785289664.6818666,0.0,0.0,0.0021147840023040773
1785289664.6844072,0.0,0.0,0.0021649599075317383
1785289664.6869657,0.0,0.0,0.0021802239418029787
1785289664.6896694,0.0,0.0,0.002281599998474121
1785289664.6922846,0.0,0.0,0.002223360061645508
1785289664.6957061,0.0,0.0,0.0030126399993896484
1785289664.698262,0.0,0.0,0.0021672000885009767
1785289664.7008135,0.0,0.0,0.0021694400310516356
1785289664.703373,0.0,0.0,0.002178719997406006
1785289664.7059016,0.0,0.0,0.0021475839614868166
1785289664.7084248,0.0,0.0,0.002149087905883789
1785289664.7109432,0.0,0.0,0.0021332480907440186
1785289664.7134886,0.0,0.0,0.002139647960662842
1785289664.716018,0.0,0.0,0.002152575969696045
1785289664.718506,0.0,0.0,0.00211081600189209
1785289664.7210412,0.0,0.0,0.002162400007247925
1785289664.7235692,0.0,0.0,0.0021491520404815674
1785289664.72608,0.0,0.0,0.0021329920291900633
1785289664.728617,0.0,0.0,0.002158207893371582
1785289664.73116,0.0,0.0,0.002159168004989624
1785289664.7337182,0.0,0.0,0.0021619200706481934
1785289664.7362356,0.0,0.0,0.0021444480419158937
1785289664.7387574,0.0,0.0,0.002140671968460083
1785289664.741303,0.0,0.0,0.0021400001049041747
1785289664.743848,0.0,0.0,0.002144320011138916
1785289664.7463992,0.0,0.0,0.002162400007247925
1785289664.74967,0.0,0.0,0.002885312080383301
1785289664.7522562,0.0,0.0,0.0021862080097198484
1785289664.7548168,0.0,0.0,0.0021756799221038818
1785289664.7573822,0.0,0.0,0.0021599040031433105
1785289664.7599447,0.0,0.0,0.00218556809425354
1785289664.762454,0.0,0.0,0.002123967885971069
1785289664.7650018,0.0,0.0,0.0021727681159973145
1785289664.767647,0.0,0.0,0.00226582407951355
1785289664.7702088,0.0,0.0,0.0021786561012268066
1785289664.7727594,0.0,0.0,0.002170912027359009
1785289664.775299,0.0,0.0,0.0021578240394592284
1785289664.777826,0.0,0.0,0.0021480960845947266
1785289664.7803864,0.0,0.0,0.0021874239444732665
1785289664.7829185,0.0,0.0,0.002147200107574463
1785289664.785475,0.0,0.0,0.0021541121006011963
1785289664.7880197,0.0,0.0,0.002166624069213867
1785289664.7905264,0.0,0.0,0.0021269760131835936
1785289664.7930624,0.0,0.0,0.0021561279296875
1785289664.7956753,0.0,0.0,0.0022368640899658203
1785289664.798225,0.0,0.0,0.0021626880168914794
1785289664.8008041,0.0,0.0,0.002178368091583252
1785289664.8033822,0.0,0.0,0.002188607931137085
1785289664.8066463,0.0,0.0,0.0021852478981018064
1785289664.8091807,0.0,0.0,0.0021523520946502687
1785289664.8117445,0.0,0.0,0.002182431936264038
1785289664.814265,0.0,0.0,0.0021421759128570556
1785289664.8168185,0.0,0.0,0.002175071954727173
1785289664.8193488,0.0,0.0,0.0021489601135253906
1785289664.8219676,0.0,0.0,0.0022396800518035887
1785289664.824526,0.0,0.0,0.0021842880249023436
1785289664.8270361,0.0,0.0,0.002126688003540039
1785289664.829595,0.0,0.0,0.00215449595451355
1785289664.8321433,0.0,0.0,0.0021711039543151857
1785289664.834645,0.0,0.0,0.0021199040412902834
1785289664.8371942,0.0,0.0,0.002168607950210571
1785289664.839726,0.0,0.0,0.0021456639766693113
1785289664.8422647,0.0,0.0,0.0021519041061401367
1785289664.8448045,0.0,0.0,0.002163872003555298
1785289664.8473713,0.0,0.0,0.002184416055679321
1785289664.8499284,0.0,0.0,0.002156831979751587
1785289664.8524864,0.0,0.0,0.002175391912460327
1785289664.8550375,0.0,0.0,0.002162911891937256
1785289664.8575912,0.0,0.0,0.002144223928451538
1785289664.8608203,0.0,0.0,0.0028481919765472414
1785289664.8633757,0.0,0.0,0.0021642560958862306
1785289664.8659449,0.0,0.0,0.0021694400310516356
1785289664.8685024,0.0,0.0,0.002177088022232056
1785289664.8710246,0.0,0.0,0.0021429760456085204
1785289664.873583,0.0,0.0,0.002154975891113281
1785289664.8761318,0.0,0.0,0.0021720640659332277
1785289664.8786728,0.0,0.0,0.0021572480201721192
1785289664.881232,0.0,0.0,0.002178623914718628
1785289664.883774,0.0,0.0,0.0021615359783172606
1785289664.8863072,0.0,0.0,0.002150048017501831
1785289664.88884,0.0,0.0,0.002158911943435669
1785289664.89136,0.0,0.0,0.0021422080993652344
1785289664.89391,0.0,0.0,0.002172607898712158
1785289664.8964255,0.0,0.0,0.0021445760726928713
1785289664.898974,0.0,0.0,0.002169248104095459
1785289664.9015129,0.0,0.0,0.0021359360218048094
1785289664.904086,0.0,0.0,0.0021712319850921633
1785289664.9066129,0.0,0.0,0.002141119956970215
1785289664.909173,0.0,0.0,0.0021822719573974607
1785289664.91177,0.0,0.0,0.002199455976486206
1785289664.9149966,0.0,0.0,0.0028409600257873536
1785289664.9176924,0.0,0.0,0.0022800319194793703
1785289664.9202886,0.0,0.0,0.0022134718894958496
1785289664.9229562,0.0,0.0,0.002286848068237305
1785289664.9255414,0.0,0.0,0.00217411208152771
1785289664.928083,0.0,0.0,0.002160383939743042
1785289664.9306269,0.0,0.0,0.002148063898086548
1785289664.933157,0.0,0.0,0.0021545279026031496
1785289664.935691,0.0,0.0,0.0021582720279693605
1785289664.9381928,0.0,0.0,0.002127295970916748
1785289664.9407406,0.0,0.0,0.002176223993301392
1785289664.9432566,0.0,0.0,0.0021338560581207274
1785289664.945776,0.0,0.0,0.0021353600025177002
1785289664.9483128,0.0,0.0,0.002155872106552124
1785289664.950841,0.0,0.0,0.0021453440189361573
1785289664.9534042,0.0,0.0,0.0021562559604644776
1785289664.9560187,0.0,0.0,0.002183487892150879
1785289664.9585342,0.0,0.0,0.002135648012161255
1785289664.9610999,0.0,0.0,0.002187295913696289
1785289664.9636388,0.0,0.0,0.002162879943847656
1785289664.9661858,0.0,0.0,0.0021601600646972657
1785289664.9687383,0.0,0.0,0.0021655681133270262
1785289664.9720252,0.0,0.0,0.0028965439796447756
1785289664.9745703,0.0,0.0,0.0021572480201721192
1785289664.9771004,0.0,0.0,0.002152064085006714
1785289664.979625,0.0,0.0,0.0021488640308380126
1785289664.9821334,0.0,0.0,0.0021268479824066164
1785289664.984771,0.0,0.0,0.002256704092025757
1785289664.987347,0.0,0.0,0.0021954240798950195
1785289664.9898665,0.0,0.0,0.0021307520866394045
1785289664.9923995,0.0,0.0,0.0021576321125030516
1785289664.994896,0.0,0.0,0.002116031885147095
1785289664.9974527,0.0,0.0,0.0021387839317321775
1785289665.000002,0.0,0.0,0.002173504114151001
1785289665.0025263,0.0,0.0,0.0021454401016235353
1785289665.0050616,0.0,0.0,0.0021537280082702635
1785289665.0076144,0.0,0.0,0.002165184020996094
1785289665.0101588,0.0,0.0,0.0021474881172180178
1785289665.0126715,0.0,0.0,0.0021366400718688967
1785289665.0152216,0.0,0.0,0.002170207977294922
1785289665.0177505,0.0,0.0,0.0021468479633331298
1785289665.0202858,0.0,0.0,0.0021572480201721192
1785289665.02286,0.0,0.0,0.002184544086456299
1785289665.0260947,0.0,0.0,0.0028321919441223146
1785289665.0287092,0.0,0.0,0.002220832109451294
1785289665.0312388,0.0,0.0,0.0021485440731048586
1785289665.033758,0.0,0.0,0.0021356160640716554
1785289665.0363162,0.0,0.0,0.0021821439266204836
1785289665.0388045,0.0,0.0,0.002111583948135376
1785289665.041355,0.0,0.0,0.002146143913269043
1785289665.0438864,0.0,0.0,0.0021503679752349855
1785289665.0464094,0.0,0.0,0.0021435201168060304
1785289665.0489783,0.0,0.0,0.002190335988998413
1785289665.0515134,0.0,0.0,0.0021585919857025145
1785289665.0540445,0.0,0.0,0.0021473278999328614
1785289665.0565765,0.0,0.0,0.00215500807762146
1785289665.0591486,0.0,0.0,0.0021711359024047853
1785289665.0616634,0.0,0.0,0.00214137601852417
1785289665.0642319,0.0,0.0,0.002188960075378418
1785289665.0667276,0.0,0.0,0.0021129601001739504
1785289665.0693142,0.0,0.0,0.002179935932159424
1785289665.0718644,0.0,0.0,0.002170720100402832
1785289665.0743804,0.0,0.0,0.0021405439376831056
1785289665.0770893,0.0,0.0,0.002321216106414795
1785289665.0796616,0.0,0.0,0.002183135986328125
1785289665.0828564,0.0,0.0,0.0021876800060272217
1785289665.085408,0.0,0.0,0.0021441280841827393
1785289665.0879443,0.0,0.0,0.002159264087677002
1785289665.0904758,0.0,0.0,0.002153343915939331
1785289665.0930374,0.0,0.0,0.0021768639087677
1785289665.095629,0.0,0.0,0.0022104640007019043
1785289665.0981333,0.0,0.0,0.002125855922698975
1785289665.1006675,0.0,0.0,0.0021632959842681886
1785289665.1032252,0.0,0.0,0.002174976110458374
1785289665.1057377,0.0,0.0,0.0021307199001312257
1785289665.108313,0.0,0.0,0.0021958398818969728
1785289665.1108887,0.0,0.0,0.0021692159175872804
1785289665.1134236,0.0,0.0,0.002132927894592285
1785289665.1159763,0.0,0.0,0.0021771199703216554
1785289665.1184905,0.0,0.0,0.002136159896850586
1785289665.12104,0.0,0.0,0.0021722559928894045
1785289665.1235714,0.0,0.0,0.002146048069000244
1785289665.1261983,0.0,0.0,0.0022462079524993898
1785289665.1287875,0.0,0.0,0.0021950719356536867
1785289665.1313548,0.0,0.0,0.0021856958866119385
1785289665.1338913,0.0,0.0,0.0021500799655914307
1785289665.1371794,0.0,0.0,0.002895296096801758
1785289665.1397572,0.0,0.0,0.0021791360378265383
1785289665.1422698,0.0,0.0,0.0021311359405517577
1785289665.1448178,0.0,0.0,0.00216758394241333
1785289665.147364,0.0,0.0,0.0021592960357666017
1785289665.149845,0.0,0.0,0.002109951972961426
1785289665.152389,0.0,0.0,0.002169408082962036
1785289665.1549015,0.0,0.0,0.0021364479064941407
1785289665.1574392,0.0,0.0,0.002128704071044922
1785289665.1599915,0.0,0.0,0.002152224063873291
1785289665.162467,0.0,0.0,0.0021010239124298097
1785289665.1650114,0.0,0.0,0.002168224096298218
1785289665.1675353,0.0,0.0,0.0021501119136810303
1785289665.170031,0.0,0.0,0.002118720054626465
1785289665.1725695,0.0,0.0,0.002162719964981079
1785289665.1750686,0.0,0.0,0.0021251840591430663
1785289665.1776483,0.0,0.0,0.002170912027359009
1785289665.1801858,0.0,0.0,0.0021553919315338136
1785289665.1826868,0.0,0.0,0.002119839906692505
1785289665.1853373,0.0,0.0,0.002271712064743042
1785289665.187954,0.0,0.0,0.0022221438884735107
1785289665.191232,0.0,0.0,0.002894592046737671
1785289665.1937923,0.0,0.0,0.0021647679805755615
1785289665.1963768,0.0,0.0,0.002198591947555542
1785289665.198922,0.0,0.0,0.0021585280895233152
1785289665.201492,0.0,0.0,0.00216431999206543
1785289665.20406,0.0,0.0,0.002186016082763672
1785289665.206569,0.0,0.0,0.0021304640769958497
1785289665.209126,0.0,0.0,0.0021800000667572023
1785289665.2117114,0.0,0.0,0.0022021760940551757
1785289665.2142556,0.0,0.0,0.0021487040519714354
1785289665.2168021,0.0,0.0,0.002161760091781616
1785289665.2193568,0.0,0.0,0.002174623966217041
1785289665.221909,0.0,0.0,0.0021715199947357176
1785289665.2244613,0.0,0.0,0.0021778240203857422
1785289665.226962,0.0,0.0,0.0021199040412902834
1785289665.2294888,0.0,0.0,0.00212393593788147
1785289665.2321556,0.0,0.0,0.0022923519611358642
1785289665.2347312,0.0,0.0,0.0021925439834594726
1785289665.237291,0.0,0.0,0.0021848320960998536
1785289665.2398362,0.0,0.0,0.002157088041305542
1785289665.2423632,0.0,0.0,0.002139775991439819
1785289665.2449436,0.0,0.0,0.0021927359104156495
1785289665.248259,0.0,0.0,0.0029237759113311767
1785289665.2507925,0.0,0.0,0.0021426239013671877
1785289665.253355,0.0,0.0,0.002157696008682251
1785289665.2559144,0.0,0.0,0.0021742720603942873
1785289665.2584207,0.0,0.0,0.0021256000995635987
1785289665.2610114,0.0,0.0,0.002188512086868286
1785289665.2635705,0.0,0.0,0.0021780478954315187
1785289665.2660816,0.0,0.0,0.0021315839290618897
1785289665.2686303,0.0,0.0,0.0021502079963684083
1785289665.271159,0.0,0.0,0.0021410560607910156
1785289665.2736773,0.0,0.0,0.002136768102645874
1785289665.2762144,0.0,0.0,0.002162048101425171
1785289665.2787397,0.0,0.0,0.0021461760997772217
1785289665.2813017,0.0,0.0,0.0021608641147613525
1785289665.2838504,0.0,0.0,0.0021735360622406005
1785289665.2863564,0.0,0.0,0.0021292800903320312
1785289665.2889104,0.0,0.0,0.0021757121086120605
1785289665.29145,0.0,0.0,0.0021625919342041014
1785289665.2939718,0.0,0.0,0.0021403839588165284
1785289665.296521,0.0,0.0,0.0021692159175872804
1785289665.2990327,0.0,0.0,0.0021272640228271484
1785289665.3023133,0.0,0.0,0.0028630080223083494
1785289665.3049123,0.0,0.0,0.00221068811416626
1785289665.3074708,0.0,0.0,0.002176192045211792
1785289665.310099,0.0,0.0,0.002244096040725708
1785289665.3126702,0.0,0.0,0.0021927680969238282
1785289665.3152115,0.0,0.0,0.002155936002731323
1785289665.317716,0.0,0.0,0.0021241281032562255
1785289665.3202558,0.0,0.0,0.0021671359539031983
1785289665.3227985,0.0,0.0,0.002140703916549683
1785289665.325332,0.0,0.0,0.002131743907928467
1785289665.3278935,0.0,0.0,0.002183648109436035
1785289665.3304207,0.0,0.0,0.0021436159610748293
1785289665.3329518,0.0,0.0,0.002157279968261719
1785289665.3354733,0.0,0.0,0.0021412479877471924
1785289665.337997,0.0,0.0,0.00214851188659668
1785289665.3405101,0.0,0.0,0.0021387200355529783
1785289665.3430252,0.0,0.0,0.002132512092590332
1785289665.3455675,0.0,0.0,0.0021363840103149415
1785289665.3481288,0.0,0.0,0.002177472114562988
1785289665.350654,0.0,0.0,0.0021479361057281494
1785289665.3532095,0.0,0.0,0.002174976110458374
1785289665.355812,0.0,0.0,0.0021703040599823
1785289665.3590574,0.0,0.0,0.0028547520637512208
1785289665.3616378,0.0,0.0,0.002161344051361084
1785289665.3641734,0.0,0.0,0.002157376050949097
1785289665.3667111,0.0,0.0,0.0021598079204559325
1785289665.3692482,0.0,0.0,0.0021571199893951416
1785289665.3717747,0.0,0.0,0.0021443839073181153
1785289665.374432,0.0,0.0,0.0022582080364227297
1785289665.3769836,0.0,0.0,0.0021719040870666504
1785289665.3795252,0.0,0.0,0.002161247968673706
1785289665.3820734,0.0,0.0,0.0021617279052734374
1785289665.3846307,0.0,0.0,0.002173504114151001
1785289665.3872654,0.0,0.0,0.002251904010772705
1785289665.3897786,0.0,0.0,0.0021319999694824217
1785289665.3923616,0.0,0.0,0.0021862719058990477
1785289665.3948767,0.0,0.0,0.0021351358890533446
1785289665.3974395,0.0,0.0,0.0021587839126586913
1785289665.4000168,0.0,0.0,0.0022032959461212157
1785289665.4025407,0.0,0.0,0.002149856090545654
1785289665.4050987,0.0,0.0,0.0021790080070495607
1785289665.4077199,0.0,0.0,0.0022395839691162107
1785289665.4102874,0.0,0.0,0.002178335905075073
1785289665.4135394,0.0,0.0,0.0028743999004364014
1785289665.4161484,0.0,0.0,0.002218303918838501
1785289665.4186482,0.0,0.0,0.002116703987121582
1785289665.4211884,0.0,0.0,0.002161504030227661
1785289665.4237432,0.0,0.0,0.002176032066345215
1785289665.4262886,0.0,0.0,0.002163840055465698
1785289665.4288292,0.0,0.0,0.0021675200462341307
1785289665.4313843,0.0,0.0,0.002175551891326904
1785289665.4339073,0.0,0.0,0.002148256063461304
1785289665.436445,0.0,0.0,0.002161760091781616
1785289665.4389658,0.0,0.0,0.002140736103057861
1785289665.4414957,0.0,0.0,0.0021309759616851805
1785289665.444045,0.0,0.0,0.0021735680103302
1785289665.4466674,0.0,0.0,0.002243839979171753
1785289665.4492493,0.0,0.0,0.0021837120056152344
1785289665.4518147,0.0,0.0,0.0021816959381103515
1785289665.4543316,0.0,0.0,0.00212719988822937
1785289665.456897,0.0,0.0,0.0021703679561614992
1785289665.459456,0.0,0.0,0.0021738240718841553
1785289665.4619884,0.0,0.0,0.00215775990486145
1785289665.4645722,0.0,0.0,0.0021930561065673826
1785289665.4678595,0.0,0.0,0.0029055359363555906
1785289665.4704294,0.0,0.0,0.0021676158905029295
1785289665.4729915,0.0,0.0,0.0021810240745544435
1785289665.475565,0.0,0.0,0.0021996800899505616
1785289665.4781399,0.0,0.0,0.0021906239986419678
1785289665.4807973,0.0,0.0,0.002276288032531738
1785289665.483406,0.0,0.0,0.0022271358966827392
1785289665.4859586,0.0,0.0,0.002163583993911743
1785289665.4885259,0.0,0.0,0.002183135986328125
1785289665.4910424,0.0,0.0,0.0021353919506073
1785289665.4936137,0.0,0.0,0.0021721920967102053
1785289665.4961715,0.0,0.0,0.0021763839721679686
1785289665.4986908,0.0,0.0,0.002137279987335205
1785289665.5012143,0.0,0.0,0.002144831895828247
1785289665.5037446,0.0,0.0,0.0021522879600524903
1785289665.506242,0.0,0.0,0.002126944065093994
1785289665.5087776,0.0,0.0,0.002155584096908569
1785289665.5113513,0.0,0.0,0.0021932480335235594
1785289665.5138795,0.0,0.0,0.002151679992675781
1785289665.5164256,0.0,0.0,0.002165760040283203
1785289665.5189285,0.0,0.0,0.0021220479011535643
1785289665.5215542,0.0,0.0,0.0022058560848236086
1785289665.5248258,0.0,0.0,0.0028698239326477052
1785289665.5273728,0.0,0.0,0.0021538879871368407
1785289665.5298996,0.0,0.0,0.0021485440731048586
1785289665.5324395,0.0,0.0,0.0021596159934997557
1785289665.534979,0.0,0.0,0.0021584639549255373
1785289665.537525,0.0,0.0,0.002139103889465332
1785289665.540096,0.0,0.0,0.002188607931137085
1785289665.5427897,0.0,0.0,0.0023125119209289552
1785289665.5453708,0.0,0.0,0.0021799681186676027
1785289665.5479052,0.0,0.0,0.0021561279296875
1785289665.5504189,0.0,0.0,0.0021352319717407226
1785289665.55297,0.0,0.0,0.0021732161045074465
1785289665.555561,0.0,0.0,0.002209791898727417
1785289665.558078,0.0,0.0,0.0021328001022338865
1785289665.5606146,0.0,0.0,0.00215881609916687
1785289665.5631473,0.0,0.0,0.0021519360542297363
1785289665.5656443,0.0,0.0,0.0021175360679626465
1785289665.5682542,0.0,0.0,0.002235840082168579
1785289665.5707984,0.0,0.0,0.0021647679805755615
1785289665.5733638,0.0,0.0,0.0021583359241485597
1785289665.5759485,0.0,0.0,0.0021956160068511963
1785289665.5791967,0.0,0.0,0.0028630719184875486
1785289665.5817728,0.0,0.0,0.002188512086868286
1785289665.5843272,0.0,0.0,0.0021781439781188966
1785289665.5868666,0.0,0.0,0.0021538879871368407
1785289665.5894313,0.0,0.0,0.0021432640552520752
1785289665.5920186,0.0,0.0,0.0022038400173187258
1785289665.5945175,0.0,0.0,0.002119296073913574
1785289665.59705,0.0,0.0,0.002147680044174194
1785289665.5996232,0.0,0.0,0.002193183898925781
1785289665.6021533,0.0,0.0,0.0021522560119628907
1785289665.6047041,0.0,0.0,0.0021706879138946532
1785289665.6072257,0.0,0.0,0.0021415040493011476
1785289665.609714,0.0,0.0,0.0021064960956573486
1785289665.6122725,0.0,0.0,0.0021677119731903075
1785289665.6147826,0.0,0.0,0.002126240015029907
1785289665.617321,0.0,0.0,0.002136928081512451
1785289665.619894,0.0,0.0,0.002188512086868286
1785289665.6224122,0.0,0.0,0.002140928030014038
1785289665.6249418,0.0,0.0,0.002151360034942627
1785289665.62749,0.0,0.0,0.002162911891937256
1785289665.6300173,0.0,0.0,0.0021377599239349367
1785289665.6325586,0.0,0.0,0.0021553280353546144
1785289665.6357906,0.0,0.0,0.0022294719219207765
1785289665.6383095,0.0,0.0,0.0021362879276275635
1785289665.6408799,0.0,0.0,0.0021972160339355467
1785289665.6434174,0.0,0.0,0.002158240079879761
1785289665.645956,0.0,0.0,0.002156224012374878
1785289665.6485324,0.0,0.0,0.0022033920288085937
1785289665.6511683,0.0,0.0,0.002224639892578125
1785289665.653755,0.0,0.0,0.0021910719871521
1785289665.6563585,0.0,0.0,0.0022010560035705565
1785289665.6590242,0.0,0.0,0.0022859199047088625
1785289665.6616483,0.0,0.0,0.0022148799896240232
1785289665.6642334,0.0,0.0,0.0022007999420166017
1785289665.6667497,0.0,0.0,0.0021357760429382322
1785289665.6693199,0.0,0.0,0.0021672320365905763
1785289665.6718595,0.0,0.0,0.0021626560688018798
1785289665.6743903,0.0,0.0,0.0021477439403533934
1785289665.6769161,0.0,0.0,0.002145375967025757
1785289665.6796033,0.0,0.0,0.0023044800758361818
1785289665.6821632,0.0,0.0,0.00216646409034729
1785289665.68474,0.0,0.0,0.0022006399631500245
1785289665.6872988,0.0,0.0,0.0021683518886566164
1785289665.6907284,0.0,0.0,0.0030398399829864504
1785289665.6933012,0.0,0.0,0.002160736083984375
1785289665.695891,0.0,0.0,0.002209183931350708
1785289665.698517,0.0,0.0,0.0022453439235687257
1785289665.701076,0.0,0.0,0.002181312084197998
1785289665.7036273,0.0,0.0,0.002171488046646118
1785289665.7061245,0.0,0.0,0.0021178879737854006
1785289665.7086434,0.0,0.0,0.002142591953277588
1785289665.7112136,0.0,0.0,0.0021869440078735353
1785289665.7137299,0.0,0.0,0.0021316800117492677
1785289665.716267,0.0,0.0,0.002156224012374878
1785289665.7187896,0.0,0.0,0.002134912014007568
1785289665.7213726,0.0,0.0,0.002165855884552002
1785289665.7240007,0.0,0.0,0.0022526400089263915
1785289665.7265584,0.0,0.0,0.0021732161045074465
1785289665.729119,0.0,0.0,0.002181375980377197
1785289665.7316864,0.0,0.0,0.00219215989112854
1785289665.7342176,0.0,0.0,0.002151679992675781
1785289665.736782,0.0,0.0,0.0021863679885864257
1785289665.7393482,0.0,0.0,0.002182784080505371
1785289665.7418983,0.0,0.0,0.0021598401069641113
1785289665.745199,0.0,0.0,0.0029213440418243406
1785289665.747788,0.0,0.0,0.0021941120624542234
1785289665.750287,0.0,0.0,0.0021165759563446045
1785289665.7528408,0.0,0.0,0.002175551891326904
1785289665.7553916,0.0,0.0,0.002171072006225586
1785289665.757925,0.0,0.0,0.002153856039047241
1785289665.7604759,0.0,0.0,0.002166912078857422
1785289665.762993,0.0,0.0,0.0021370880603790283
1785289665.7655392,0.0,0.0,0.002139296054840088
1785289665.7681131,0.0,0.0,0.0021964480876922607
1785289665.7706478,0.0,0.0,0.002154239892959595
1785289665.7732105,0.0,0.0,0.0021804800033569335
1785289665.7757757,0.0,0.0,0.0021631999015808106
1785289665.7783077,0.0,0.0,0.002145792007446289
1785289665.7808535,0.0,0.0,0.002166719913482666
1785289665.7834184,0.0,0.0,0.0021767680644989014
1785289665.7859542,0.0,0.0,0.0021583359241485597
1785289665.7885218,0.0,0.0,0.0021673600673675535
1785289665.7910407,0.0,0.0,0.002129472017288208
1785289665.7935586,0.0,0.0,0.0021159679889678957
1785289665.796267,0.0,0.0,0.0023196480274200438
1785289665.7995343,0.0,0.0,0.0028771839141845702
1785289665.8021126,0.0,0.0,0.0021703999042510984
1785289665.8046682,0.0,0.0,0.0021747519969940185
1785289665.8072057,0.0,0.0,0.0021556160449981688
1785289665.8097203,0.0,0.0,0.0021316161155700685
1785289665.812289,0.0,0.0,0.0021929919719696047
1785289665.8148203,0.0,0.0,0.002147264003753662
1785289665.817353,0.0,0.0,0.0021311678886413573
1785289665.819902,0.0,0.0,0.0021678719520568848
1785289665.8224225,0.0,0.0,0.0021375360488891603
1785289665.8249507,0.0,0.0,0.0021495680809020994
1785289665.8275118,0.0,0.0,0.002178431987762451
1785289665.8300595,0.0,0.0,0.0021583359241485597
1785289665.8326502,0.0,0.0,0.0022096641063690187
1785289665.835218,0.0,0.0,0.0021816000938415527
1785289665.8377264,0.0,0.0,0.002122944116592407
1785289665.8403137,0.0,0.0,0.002209824085235596
1785289665.8428466,0.0,0.0,0.002144416093826294
1785289665.845413,0.0,0.0,0.002160128116607666
1785289665.8479376,0.0,0.0,0.002143712043762207
1785289665.8504727,0.0,0.0,0.0021535038948059084
1785289665.853173,0.0,0.0,0.002314016103744507
1785289665.856573,0.0,0.0,0.0029910080432891846
1785289665.859148,0.0,0.0,0.0021760001182556154
1785289665.8616989,0.0,0.0,0.0021631999015808106
1785289665.8642595,0.0,0.0,0.002181823968887329
1785289665.8667965,0.0,0.0,0.0021546559333801268
1785289665.8693402,0.0,0.0,0.0021436159610748293
1785289665.871993,0.0,0.0,0.0022748160362243653
1785289665.8745546,0.0,0.0,0.0021856000423431396
1785289665.8771365,0.0,0.0,0.0022000000476837156
1785289665.879679,0.0,0.0,0.00216044807434082
1785289665.8821874,0.0,0.0,0.0021263999938964844
1785289665.8847404,0.0,0.0,0.00217740797996521
1785289665.8872745,0.0,0.0,0.0021543359756469728
1785289665.8897662,0.0,0.0,0.0021174399852752685
1785289665.8922913,0.0,0.0,0.00214137601852417
1785289665.8948283,0.0,0.0,0.0021565120220184324
1785289665.897376,0.0,0.0,0.002142431974411011
1785289665.8999498,0.0,0.0,0.0021893439292907713
1785289665.9024353,0.0,0.0,0.0021085119247436523
1785289665.9049866,0.0,0.0,0.0021805438995361327
1785289665.9075751,0.0,0.0,0.0021995201110839844
1785289665.9108756,0.0,0.0,0.002908224105834961
1785289665.9134562,0.0,0.0,0.002162015914916992
1785289665.9160047,0.0,0.0,0.0021641600131988526
1785289665.9185152,0.0,0.0,0.0021296319961547853
1785289665.9210775,0.0,0.0,0.0021703679561614992
1785289665.9236414,0.0,0.0,0.002179296016693115
1785289665.9261277,0.0,0.0,0.002102911949157715
1785289665.9286344,0.0,0.0,0.002133888006210327
1785289665.9312913,0.0,0.0,0.002276864051818848
1785289665.933835,0.0,0.0,0.0021572480201721192
1785289665.9363885,0.0,0.0,0.0021740798950195313
1785289665.938915,0.0,0.0,0.0021508800983428954
1785289665.941453,0.0,0.0,0.0021379520893096923
1785289665.9440236,0.0,0.0,0.002168224096298218
1785289665.9465387,0.0,0.0,0.0021318399906158445
1785289665.9491088,0.0,0.0,0.0021863040924072264
1785289665.9516401,0.0,0.0,0.002154911994934082
1785289665.954176,0.0,0.0,0.0021514880657196047
1785289665.9567173,0.0,0.0,0.0021624960899353026
1785289665.959244,0.0,0.0,0.002144736051559448
1785289665.9617934,0.0,0.0,0.0021623680591583254
1785289665.9643784,0.0,0.0,0.0021959359645843507
1785289665.9676614,0.0,0.0,0.002238464117050171
1785289665.9701838,0.0,0.0,0.002134912014007568
1785289665.9727376,0.0,0.0,0.0021771199703216554
1785289665.975458,0.0,0.0,0.00222489595413208
1785289665.9780161,0.0,0.0,0.0021753280162811277
1785289665.9805813,0.0,0.0,0.0021889278888702394
1785289665.9831457,0.0,0.0,0.0021841599941253664
1785289665.9857001,0.0,0.0,0.002148895978927612
1785289665.9882615,0.0,0.0,0.002182784080505371
1785289665.990782,0.0,0.0,0.002136512041091919
1785289665.9932957,0.0,0.0,0.002117408037185669
1785289665.9958744,0.0,0.0,0.0022013440132141113
1785289665.9984057,0.0,0.0,0.0021506879329681395
1785289666.0009477,0.0,0.0,0.0021648640632629394
1785289666.0034804,0.0,0.0,0.0021587839126586913
1785289666.0060306,0.0,0.0,0.0021688320636749268
1785289666.0087512,0.0,0.0,0.002337984085083008
1785289666.0113523,0.0,0.0,0.0022171521186828613
1785289666.0138977,0.0,0.0,0.0021590399742126465
1785289666.016476,0.0,0.0,0.0021914238929748534
1785289666.0190268,0.0,0.0,0.0021598079204559325
1785289666.0234442,0.0,0.0,0.004004384040832519
1785289666.0260487,0.0,0.0,0.0021946239471435547
1785289666.0286043,0.0,0.0,0.00217907190322876
1785289666.0311384,0.0,0.0,0.00214899206161499
1785289666.033665,0.0,0.0,0.0021449921131134033
1785289666.03621,0.0,0.0,0.0021675519943237303
1785289666.0387418,0.0,0.0,0.002152640104293823
1785289666.0413063,0.0,0.0,0.0021614079475402834
1785289666.0438712,0.0,0.0,0.0021910080909729006
1785289666.0464032,0.0,0.0,0.0021576321125030516
1785289666.0489707,0.0,0.0,0.002189120054244995
1785289666.0515716,0.0,0.0,0.0022021760940551757
1785289666.0541942,0.0,0.0,0.002206048011779785
1785289666.0568457,0.0,0.0,0.002246592044830322
1785289666.0594401,0.0,0.0,0.0021958398818969728
1785289666.0620327,0.0,0.0,0.002199167966842651
1785289666.0646248,0.0,0.0,0.00219321608543396
1785289666.0672102,0.0,0.0,0.002190239906311035
1785289666.069753,0.0,0.0,0.0021585280895233152
1785289666.0723257,0.0,0.0,0.002194528102874756
1785289666.0748382,0.0,0.0,0.0021305921077728273
1785289666.0783756,0.0,0.0,0.0031361279487609863
1785289666.080973,0.0,0.0,0.0022067520618438722
1785289666.083483,0.0,0.0,0.002132767915725708
1785289666.08599,0.0,0.0,0.002131392002105713
1785289666.088517,0.0,0.0,0.002149183988571167
1785289666.091022,0.0,0.0,0.002121664047241211
1785289666.09353,0.0,0.0,0.0021080000400543215
1785289666.0960822,0.0,0.0,0.0021740798950195313
1785289666.098615,0.0,0.0,0.0021464319229125978
1785289666.101141,0.0,0.0,0.0021502079963684083
1785289666.103713,0.0,0.0,0.002168992042541504
1785289666.106215,0.0,0.0,0.0021250879764556883
1785289666.108764,0.0,0.0,0.0021741440296173097
1785289666.1113093,0.0,0.0,0.0021616320610046385
1785289666.1138191,0.0,0.0,0.0021306560039520265
1785289666.116386,0.0,0.0,0.0021897919178009034
1785289666.1189208,0.0,0.0,0.002152064085006714
1785289666.1214364,0.0,0.0,0.0021160640716552733
1785289666.1239552,0.0,0.0,0.002142047882080078
1785289666.1264942,0.0,0.0,0.0021561279296875
1785289666.1291916,0.0,0.0,0.002314271926879883
1785289666.1325505,0.0,0.0,0.0029720959663391113
1785289666.135161,0.0,0.0,0.002203007936477661
1785289666.137725,0.0,0.0,0.0021662719249725343
1785289666.1402664,0.0,0.0,0.0021587519645690917
1785289666.1427977,0.0,0.0,0.0021557440757751464
1785289666.1453242,0.0,0.0,0.0021244800090789795
1785289666.1478984,0.0,0.0,0.0021902079582214354
1785289666.1504052,0.0,0.0,0.00212825608253479
1785289666.1529737,0.0,0.0,0.002186975955963135
1785289666.1554832,0.0,0.0,0.002125216007232666
1785289666.1579676,0.0,0.0,0.0021032640933990477
1785289666.1604803,0.0,0.0,0.0021370561122894286
1785289666.1629822,0.0,0.0,0.002122368097305298
1785289666.1656392,0.0,0.0,0.002254400014877319
1785289666.168311,0.0,0.0,0.002290560007095337
1785289666.1708338,0.0,0.0,0.002146591901779175
1785289666.173399,0.0,0.0,0.0021585280895233152
1785289666.1759377,0.0,0.0,0.0021589760780334473
1785289666.178474,0.0,0.0,0.0021557118892669676
1785289666.181029,0.0,0.0,0.0021695361137390136
1785289666.1836047,0.0,0.0,0.0021855359077453613
1785289666.1868844,0.0,0.0,0.002876415967941284
1785289666.1894913,0.0,0.0,0.0021789119243621827
1785289666.1920373,0.0,0.0,0.0021613121032714845
1785289666.1945806,0.0,0.0,0.0021606719493865965
1785289666.19712,0.0,0.0,0.002156543970108032
1785289666.199674,0.0,0.0,0.0021721599102020265
1785289666.202164,0.0,0.0,0.002115231990814209
1785289666.2046967,0.0,0.0,0.0021559040546417236
1785289666.2072115,0.0,0.0,0.0021325440406799318
1785289666.2097278,0.0,0.0,0.002137376070022583
1785289666.212265,0.0,0.0,0.0021604158878326418
1785289666.2147958,0.0,0.0,0.002146912097930908
1785289666.2173073,0.0,0.0,0.0021124160289764404
1785289666.2198334,0.0,0.0,0.0021499838829040527
1785289666.2223458,0.0,0.0,0.0021336960792541506
1785289666.2248874,0.0,0.0,0.002167263984680176
1785289666.2274196,0.0,0.0,0.002153856039047241
1785289666.229961,0.0,0.0,0.002161855936050415
1785289666.232475,0.0,0.0,0.002139296054840088
1785289666.2350035,0.0,0.0,0.0021410560607910156
1785289666.2375376,0.0,0.0,0.002133951902389526
1785289666.2400973,0.0,0.0,0.0021790399551391603
1785289666.2433634,0.0,0.0,0.002876255989074707
1785289666.2459273,0.0,0.0,0.0021697919368743896
1785289666.2484758,0.0,0.0,0.002171679973602295
1785289666.2510042,0.0,0.0,0.002129312038421631
1785289666.2535422,0.0,0.0,0.0021306560039520265
1785289666.2560573,0.0,0.0,0.002130944013595581
1785289666.258546,0.0,0.0,0.002106719970703125
1785289666.261083,0.0,0.0,0.002167327880859375
1785289666.2636204,0.0,0.0,0.0021575360298156736
1785289666.2661374,0.0,0.0,0.0021431679725646973
1785289666.2686608,0.0,0.0,0.002147552013397217
1785289666.271192,0.0,0.0,0.002154239892959595
1785289666.2736888,0.0,0.0,0.0021186881065368653
1785289666.2762654,0.0,0.0,0.0021786561012268066
1785289666.2787836,0.0,0.0,0.0021328001022338865
1785289666.2813504,0.0,0.0,0.0021656959056854247
1785289666.2839065,0.0,0.0,0.0021784639358520506
1785289666.2864277,0.0,0.0,0.002140703916549683
1785289666.2889564,0.0,0.0,0.0021537919044494628
1785289666.2915113,0.0,0.0,0.002176415920257568
1785289666.2940338,0.0,0.0,0.002132319927215576
1785289666.2973554,0.0,0.0,0.0029419519901275636
1785289666.2999592,0.0,0.0,0.002201920032501221
1785289666.3024626,0.0,0.0,0.0021241281032562255
1785289666.3049846,0.0,0.0,0.0021444480419158937
1785289666.3075175,0.0,0.0,0.0021543359756469728
1785289666.3099961,0.0,0.0,0.0021028800010681153
1785289666.3125222,0.0,0.0,0.002147200107574463
1785289666.3150287,0.0,0.0,0.002129024028778076
1785289666.3176005,0.0,0.0,0.002155679941177368
1785289666.320306,0.0,0.0,0.002332736015319824
1785289666.3228598,0.0,0.0,0.00217411208152771
1785289666.3255215,0.0,0.0,0.0022621119022369386
1785289666.3280776,0.0,0.0,0.002181375980377197
1785289666.3305676,0.0,0.0,0.002117023944854736
1785289666.3331296,0.0,0.0,0.002181920051574707
1785289666.3356457,0.0,0.0,0.002141535997390747
1785289666.3381395,0.0,0.0,0.002120543956756592
1785289666.3406599,0.0,0.0,0.00214630389213562
1785289666.3432086,0.0,0.0,0.0021717441082000732
1785289666.3457398,0.0,0.0,0.002153343915939331
1785289666.3483105,0.0,0.0,0.0021888320446014405
1785289666.3508682,0.0,0.0,0.002171328067779541
1785289666.3541489,0.0,0.0,0.0028761279582977294
1785289666.3567512,0.0,0.0,0.0022027199268341065
1785289666.3592985,0.0,0.0,0.0021634559631347654
1785289666.3618383,0.0,0.0,0.0021580801010131836
1785289666.36442,0.0,0.0,0.0022012479305267333
1785289666.366955,0.0,0.0,0.0021510400772094727
1785289666.3694978,0.0,0.0,0.002144223928451538
1785289666.3720846,0.0,0.0,0.002205919981002808
1785289666.3746243,0.0,0.0,0.0021574079990386965
1785289666.3771863,0.0,0.0,0.0021831040382385256
1785289666.3797507,0.0,0.0,0.002190975904464722
1785289666.382292,0.0,0.0,0.0021479039192199706
1785289666.3848145,0.0,0.0,0.002141983985900879
1785289666.3874967,0.0,0.0,0.0022992959022521972
1785289666.390029,0.0,0.0,0.002147775888442993
1785289666.3925738,0.0,0.0,0.0021631360054016114
1785289666.3950715,0.0,0.0,0.0021193599700927734
1785289666.3975961,0.0,0.0,0.002117216110229492
1785289666.4001622,0.0,0.0,0.0021819839477539064
1785289666.4026818,0.0,0.0,0.002134720087051392
1785289666.4052608,0.0,0.0,0.0021948161125183107
1785289666.40853,0.0,0.0,0.0028849918842315673
1785289666.4111133,0.0,0.0,0.0021715519428253172
1785289666.4136577,0.0,0.0,0.002156928062438965
1785289666.4162486,0.0,0.0,0.0022117760181427004
1785289666.4187567,0.0,0.0,0.0021275200843811036
1785289666.421305,0.0,0.0,0.0021466879844665525
1785289666.423882,0.0,0.0,0.002197472095489502
1785289666.4264266,0.0,0.0,0.0021620800495147706
1785289666.4289505,0.0,0.0,0.002151551961898804
1785289666.4315138,0.0,0.0,0.0021816000938415527
1785289666.4340358,0.0,0.0,0.002143104076385498
1785289666.436595,0.0,0.0,0.0021647679805755615
1785289666.4391541,0.0,0.0,0.0021754240989685057
1785289666.441671,0.0,0.0,0.00213155198097229
1785289666.4441867,0.0,0.0,0.0021401920318603516
1785289666.4467266,0.0,0.0,0.00216044807434082
1785289666.4492753,0.0,0.0,0.00213155198097229
1785289666.4518445,0.0,0.0,0.0021855359077453613
1785289666.4543805,0.0,0.0,0.0021548480987548828
1785289666.4569144,0.0,0.0,0.002155263900756836
1785289666.459486,0.0,0.0,0.0021885440349578857
1785289666.4620712,0.0,0.0,0.002195744037628174
1785289666.4652987,0.0,0.0,0.00221887993812561
1785289666.4678369,0.0,0.0,0.0021502079963684083
1785289666.470354,0.0,0.0,0.0021309759616851805
1785289666.4729376,0.0,0.0,0.0022014079093933105
1785289666.4756129,0.0,0.0,0.0022938239574432375
1785289666.4781926,0.0,0.0,0.002194591999053955
1785289666.480735,0.0,0.0,0.0021650240421295167
1785289666.483268,0.0,0.0,0.002150144100189209
1785289666.4857693,0.0,0.0,0.0021169600486755373
1785289666.488302,0.0,0.0,0.002159264087677002
1785289666.490803,0.0,0.0,0.002120959997177124
1785289666.4933221,0.0,0.0,0.0021182079315185546
1785289666.4958708,0.0,0.0,0.0021667840480804443
1785289666.4983826,0.0,0.0,0.00213372802734375
1785289666.5009522,0.0,0.0,0.0021865599155426025
1785289666.503502,0.0,0.0,0.0021703679561614992
1785289666.5060337,0.0,0.0,0.0021556479930877684
1785289666.5085785,0.0,0.0,0.0021725759506225585
1785289666.5110853,0.0,0.0,0.0021293439865112305
1785289666.5136683,0.0,0.0,0.0021741759777069093
1785289666.5162542,0.0,0.0,0.00218505597114563
1785289666.5195365,0.0,0.0,0.002895103931427002
1785289666.5220551,0.0,0.0,0.002126719951629639
1785289666.5246284,0.0,0.0,0.0021959679126739504
1785289666.5271454,0.0,0.0,0.0021392641067504883
1785289666.529679,0.0,0.0,0.0021570239067077637
1785289666.5322416,0.0,0.0,0.002183552026748657
1785289666.5347779,0.0,0.0,0.002154623985290527
1785289666.5372937,0.0,0.0,0.0021207358837127687
1785289666.5398228,0.0,0.0,0.00215337610244751
1785289666.5423179,0.0,0.0,0.00212227201461792
1785289666.544893,0.0,0.0,0.002197535991668701
1785289666.5474262,0.0,0.0,0.002152224063873291
1785289666.5499575,0.0,0.0,0.0021553919315338136
1785289666.5526345,0.0,0.0,0.002296799898147583
1785289666.5552192,0.0,0.0,0.0022024641036987305
1785289666.5577211,0.0,0.0,0.00211680006980896
1785289666.5603006,0.0,0.0,0.002210592031478882
1785289666.562809,0.0,0.0,0.0021334080696105958
1785289666.5653484,0.0,0.0,0.0021329920291900633
1785289666.5678885,0.0,0.0,0.002163264036178589
1785289666.570461,0.0,0.0,0.0021851520538330076
1785289666.5737162,0.0,0.0,0.0028673601150512695
1785289666.576344,0.0,0.0,0.002230783939361572
1785289666.5789206,0.0,0.0,0.002190079927444458
1785289666.581501,0.0,0.0,0.0021576321125030516
1785289666.584061,0.0,0.0,0.0021808640956878663
1785289666.5865836,0.0,0.0,0.0021462719440460206
1785289666.5891154,0.0,0.0,0.0021581120491027833
1785289666.591664,0.0,0.0,0.0021746559143066405
1785289666.5942416,0.0,0.0,0.0021930239200592043
1785289666.5967999,0.0,0.0,0.002176448106765747
1785289666.5993173,0.0,0.0,0.002144063949584961
1785289666.6020432,0.0,0.0,0.0023422400951385496
1785289666.6046083,0.0,0.0,0.0021758720874786378
1785289666.6071942,0.0,0.0,0.0021882240772247313
1785289666.6097453,0.0,0.0,0.002168704032897949
1785289666.6122801,0.0,0.0,0.0021554241180419924
1785289666.6147802,0.0,0.0,0.002119296073913574
1785289666.6173182,0.0,0.0,0.0021434240341186525
1785289666.619866,0.0,0.0,0.0021697919368743896
1785289666.622397,0.0,0.0,0.002143647909164429
1785289666.6250014,0.0,0.0,0.0022214720249176026
1785289666.6275828,0.0,0.0,0.00218886399269104
1785289666.6309433,0.0,0.0,0.002347071886062622
1785289666.6335244,0.0,0.0,0.002166399955749512
1785289666.6360812,0.0,0.0,0.0021718719005584717
1785289666.6386313,0.0,0.0,0.0021661760807037355
1785289666.6411862,0.0,0.0,0.002183840036392212
1785289666.6437485,0.0,0.0,0.0021717119216918945
1785289666.646281,0.0,0.0,0.0021556160449981688
1785289666.6488404,0.0,0.0,0.0021753599643707273
1785289666.651386,0.0,0.0,0.0021604158878326418
1785289666.6539195,0.0,0.0,0.0021511359214782715
1785289666.6564476,0.0,0.0,0.0021537919044494628
1785289666.6589904,0.0,0.0,0.0021571199893951416
1785289666.661528,0.0,0.0,0.002129663944244385
1785289666.664063,0.0,0.0,0.002151616096496582
1785289666.6665738,0.0,0.0,0.002129312038421631
1785289666.6691213,0.0,0.0,0.0021675200462341307
1785289666.6716962,0.0,0.0,0.002189280033111572
1785289666.6743395,0.0,0.0,0.0022395839691162107
1785289666.6769032,0.0,0.0,0.0021637120246887206
1785289666.6795805,0.0,0.0,0.0022962241172790527
1785289666.68226,0.0,0.0,0.0022924480438232422
1785289666.685702,0.0,0.0,0.003054847955703735
1785289666.6882725,0.0,0.0,0.002179680109024048
1785289666.6907926,0.0,0.0,0.0021338560581207274
1785289666.6933324,0.0,0.0,0.0021351680755615234
1785289666.695888,0.0,0.0,0.0021743679046630857
1785289666.698408,0.0,0.0,0.00213481593132019
1785289666.7009678,0.0,0.0,0.0021750400066375733
1785289666.703512,0.0,0.0,0.0021624960899353026
1785289666.7060366,0.0,0.0,0.002139552116394043
1785289666.708609,0.0,0.0,0.002195744037628174
1785289666.711145,0.0,0.0,0.002157504081726074
1785289666.7136712,0.0,0.0,0.0021254079341888428
1785289666.716253,0.0,0.0,0.002204416036605835
1785289666.7187638,0.0,0.0,0.002132704019546509
1785289666.7212844,0.0,0.0,0.0021265599727630616
1785289666.7237997,0.0,0.0,0.002142944097518921
1785289666.7263052,0.0,0.0,0.0021305921077728273
1785289666.7288308,0.0,0.0,0.0021491520404815674
1785289666.7313735,0.0,0.0,0.002162400007247925
1785289666.7339027,0.0,0.0,0.002149856090545654
1785289666.7364476,0.0,0.0,0.0021611199378967286
1785289666.7397559,0.0,0.0,0.00292412805557251
1785289666.7423148,0.0,0.0,0.002162048101425171
1785289666.7448783,0.0,0.0,0.0021856000423431396
1785289666.747429,0.0,0.0,0.0021742401123046877
1785289666.7499387,0.0,0.0,0.0021291520595550536
1785289666.752475,0.0,0.0,0.0021631360054016114
1785289666.7550035,0.0,0.0,0.0021464641094207765
1785289666.7576542,0.0,0.0,0.0022463359832763674
1785289666.7602,0.0,0.0,0.002170111894607544
1785289666.7627041,0.0,0.0,0.0021226561069488527
1785289666.7652411,0.0,0.0,0.002159775972366333
1785289666.7678332,0.0,0.0,0.002194080114364624
1785289666.7703514,0.0,0.0,0.0021375041007995607
1785289666.7729025,0.0,0.0,0.0021756160259246825
1785289666.7754486,0.0,0.0,0.0021665918827056883
1785289666.777961,0.0,0.0,0.0021212480068206786
1785289666.780486,0.0,0.0,0.00214681601524353
1785289666.7829673,0.0,0.0,0.002101599931716919
1785289666.785584,0.0,0.0,0.002214143991470337
1785289666.7881234,0.0,0.0,0.0021601920127868653
1785289666.790656,0.0,0.0,0.002152575969696045
1785289666.7932127,0.0,0.0,0.0021748480796813965
1785289666.79648,0.0,0.0,0.002875839948654175
1785289666.7990217,0.0,0.0,0.0021522560119628907
1785289666.8015985,0.0,0.0,0.00216975998878479
1785289666.8041766,0.0,0.0,0.002194976091384888
1785289666.8067079,0.0,0.0,0.0021531200408935547
1785289666.809259,0.0,0.0,0.002169408082962036
1785289666.8118083,0.0,0.0,0.002167263984680176
1785289666.8144307,0.0,0.0,0.0022398719787597656
1785289666.817079,0.0,0.0,0.002264575958251953
1785289666.8196638,0.0,0.0,0.0022038719654083254
1785289666.8222106,0.0,0.0,0.0021556479930877684
1785289666.8247473,0.0,0.0,0.002156032085418701
1785289666.8272805,0.0,0.0,0.002150912046432495
1785289666.829788,0.0,0.0,0.0021309120655059813
1785289666.8323486,0.0,0.0,0.0021828479766845704
1785289666.8348641,0.0,0.0,0.0021303679943084717
1785289666.8373923,0.0,0.0,0.0021274240016937256
1785289666.8399084,0.0,0.0,0.002141216039657593
1785289666.842463,0.0,0.0,0.002155071973800659
1785289666.8450508,0.0,0.0,0.0021913280487060546
1785289666.8476286,0.0,0.0,0.0021854400634765624
1785289666.8509462,0.0,0.0,0.0029320640563964846
1785289666.853526,0.0,0.0,0.0021550400257110596
1785289666.8561165,0.0,0.0,0.002201823949813843
1785289666.8586502,0.0,0.0,0.0021456000804901125
1785289666.861201,0.0,0.0,0.0021733119487762453
1785289666.863751,0.0,0.0,0.0021738879680633545
1785289666.8662753,0.0,0.0,0.0021519360542297363
1785289666.8688102,0.0,0.0,0.0021572160720825196
1785289666.8713725,0.0,0.0,0.0021808319091796875
1785289666.8738654,0.0,0.0,0.0021120638847351076
1785289666.8763592,0.0,0.0,0.0021112000942230223
1785289666.878875,0.0,0.0,0.002136512041091919
1785289666.8814178,0.0,0.0,0.0021407680511474608
1785289666.8839867,0.0,0.0,0.0021882240772247313
1785289666.8865068,0.0,0.0,0.0021382720470428467
1785289666.8890476,0.0,0.0,0.002161760091781616
1785289666.891583,0.0,0.0,0.002153439998626709
1785289666.8940732,0.0,0.0,0.002113215923309326
1785289666.8966112,0.0,0.0,0.002164639949798584
1785289666.8991477,0.0,0.0,0.0021522560119628907
1785289666.9017048,0.0,0.0,0.002163680076599121
1785289666.9050457,0.0,0.0,0.002959455966949463
1785289666.9077399,0.0,0.0,0.0022993600368499756
1785289666.9103081,0.0,0.0,0.0021668479442596435
1785289666.9129314,0.0,0.0,0.002243488073348999
1785289666.9155078,0.0,0.0,0.002196959972381592
1785289666.9180667,0.0,0.0,0.0021768639087677
1785289666.9205916,0.0,0.0,0.002146719932556152
1785289666.9232569,0.0,0.0,0.002286655902862549
1785289666.9257843,0.0,0.0,0.0021482880115509034
1785289666.928364,0.0,0.0,0.0021950080394744875
1785289666.9308984,0.0,0.0,0.0021299519538879393
1785289666.9334388,0.0,0.0,0.002125119924545288
1785289666.9359653,0.0,0.0,0.0021490559577941894
1785289666.938486,0.0,0.0,0.002140575885772705
