time,in_time,out_time,inference_time
1785290410.7891076,0.0,0.0,0.0008064640164375305
1785290410.790414,0.0,0.0,0.0008112000226974487
1785290410.791811,0.0,0.0,0.000902783989906311
1785290410.7931302,0.0,0.0,0.0008194879889488221
1785290410.7944417,0.0,0.0,0.0008167679905891419
1785290410.7958517,0.0,0.0,0.0009131199717521668
1785290410.797171,0.0,0.0,0.0008184319734573364
1785290410.7984664,0.0,0.0,0.0007989760041236878
1785290410.7998056,0.0,0.0,0.0008434879779815673
1785290410.8011277,0.0,0.0,0.0008234879970550537
1785290410.802432,0.0,0.0,0.000803551971912384
1785290410.803748,0.0,0.0,0.0008281919956207275
1785290410.805052,0.0,0.0,0.0008072959780693054
1785290410.8063567,0.0,0.0,0.0008082879781723023
1785290410.8077023,0.0,0.0,0.0008517119884490967
1785290410.8090298,0.0,0.0,0.0008288000226020813
1785290410.8103206,0.0,0.0,0.0007976319789886475
1785290410.811646,0.0,0.0,0.000838208019733429
1785290410.812931,0.0,0.0,0.0007783359885215759
1785290410.8142254,0.0,0.0,0.000803551971912384
1785290410.8155458,0.0,0.0,0.0008310719728469849
1785290410.816851,0.0,0.0,0.0008050240278244018
1785290410.818129,0.0,0.0,0.0007864959836006164
1785290410.8194392,0.0,0.0,0.0008182079792022705
1785290410.820736,0.0,0.0,0.0008055679798126221
1785290410.822025,0.0,0.0,0.0007955840229988098
1785290410.8233395,0.0,0.0,0.0008227840065956116
1785290410.8246253,0.0,0.0,0.0007923840284347534
1785290410.8259237,0.0,0.0,0.000805728018283844
1785290410.8272507,0.0,0.0,0.0008327360153198242
1785290410.828555,0.0,0.0,0.0008096640110015869
1785290410.8298342,0.0,0.0,0.0007874879837036133
1785290410.831136,0.0,0.0,0.0008112319707870483
1785290410.8324225,0.0,0.0,0.0007944639921188355
1785290410.8337035,0.0,0.0,0.0007856320142745972
1785290410.8349898,0.0,0.0,0.0007997120022773743
1785290410.8363173,0.0,0.0,0.0008095679879188538
1785290410.8376093,0.0,0.0,0.0008021759986877442
1785290410.838883,0.0,0.0,0.000781440019607544
1785290410.840194,0.0,0.0,0.0008218240141868591
1785290410.8424451,0.0,0.0,0.0017578239440917969
1785290410.843835,0.0,0.0,0.0008499199748039245
1785290410.845126,0.0,0.0,0.0007963839769363403
1785290410.8464189,0.0,0.0,0.0008000640273094177
1785290410.8477683,0.0,0.0,0.0008561279773712158
1785290410.8490615,0.0,0.0,0.0007974079847335815
1785290410.8503506,0.0,0.0,0.000795199990272522
1785290410.851671,0.0,0.0,0.0008256639838218689
1785290410.852961,0.0,0.0,0.0007922239899635315
1785290410.854249,0.0,0.0,0.0007968959808349609
1785290410.855566,0.0,0.0,0.0008206400275230408
1785290410.856849,0.0,0.0,0.000789792001247406
1785290410.8581417,0.0,0.0,0.0008020480275154114
1785290410.8594446,0.0,0.0,0.0008123199939727784
1785290410.8607385,0.0,0.0,0.0007992640137672424
1785290410.8620222,0.0,0.0,0.0007884799838066101
1785290410.863357,0.0,0.0,0.0008432000279426575
1785290410.8646462,0.0,0.0,0.0007916479706764221
1785290410.86592,0.0,0.0,0.0007811840176582337
1785290410.8672354,0.0,0.0,0.0008236479759216309
1785290410.8685045,0.0,0.0,0.0007799680233001708
1785290410.8697894,0.0,0.0,0.000794655978679657
1785290410.8710685,0.0,0.0,0.0007899519801139831
1785290410.8723786,0.0,0.0,0.0007996479868888855
1785290410.8736603,0.0,0.0,0.0007970240116119384
1785290410.8749447,0.0,0.0,0.0007909759879112244
1785290410.876257,0.0,0.0,0.000793503999710083
1785290410.8775506,0.0,0.0,0.0007990080118179321
1785290410.8788466,0.0,0.0,0.0008022720217704773
1785290410.8801785,0.0,0.0,0.0008364480137825012
1785290410.8814929,0.0,0.0,0.0008165119886398316
1785290410.8827925,0.0,0.0,0.0008087040185928345
1785290410.8841064,0.0,0.0,0.0008206080198287964
1785290410.8853996,0.0,0.0,0.0007991359829902649
1785290410.8866901,0.0,0.0,0.0008023679852485657
1785290410.888017,0.0,0.0,0.0008336960077285767
1785290410.8893063,0.0,0.0,0.0007917760014533997
1785290410.8906097,0.0,0.0,0.0007875840067863465
1785290410.8919103,0.0,0.0,0.0008060160279273987
1785290410.8931901,0.0,0.0,0.0007833920121192933
1785290410.894486,0.0,0.0,0.0008029440045356751
1785290410.8958368,0.0,0.0,0.0008552640080451966
1785290410.897985,0.0,0.0,0.0007803199887275696
1785290410.8993142,0.0,0.0,0.0008261119723320008
1785290410.900595,0.0,0.0,0.0007854719758033752
1785290410.901886,0.0,0.0,0.0007953600287437439
1785290410.903213,0.0,0.0,0.0008332800269126892
1785290410.9045305,0.0,0.0,0.0008200960159301758
1785290410.9058115,0.0,0.0,0.0007904639840126038
1785290410.9071262,0.0,0.0,0.0007946239709854126
1785290410.9084342,0.0,0.0,0.0008114879727363586
1785290410.9097202,0.0,0.0,0.0007953280210494995
1785290410.9110165,0.0,0.0,0.000801472008228302
1785290410.91237,0.0,0.0,0.0008286399841308594
1785290410.9136665,0.0,0.0,0.0007982720136642456
1785290410.9149358,0.0,0.0,0.0007747200131416321
1785290410.91626,0.0,0.0,0.0008088319897651673
1785290410.9175575,0.0,0.0,0.0008033599853515625
1785290410.9188414,0.0,0.0,0.0007782719731330871
1785290410.9201808,0.0,0.0,0.0008438400030136108
1785290410.9214723,0.0,0.0,0.0007982079982757569
1785290410.9227614,0.0,0.0,0.0007936000227928161
1785290410.9240868,0.0,0.0,0.0008325120210647583
1785290410.9253736,0.0,0.0,0.0007953600287437439
1785290410.9266562,0.0,0.0,0.0007898240089416504
1785290410.92798,0.0,0.0,0.0008267840147018433
1785290410.929284,0.0,0.0,0.0008093760013580322
1785290410.9305813,0.0,0.0,0.0008027200102806091
1785290410.9319031,0.0,0.0,0.0008313599824905396
1785290410.9331908,0.0,0.0,0.0007905279994010926
1785290410.9344804,0.0,0.0,0.0007977280020713807
1785290410.9358268,0.0,0.0,0.0008575040102005005
1785290410.9371197,0.0,0.0,0.0007972800135612487
1785290410.9384067,0.0,0.0,0.0008001599907875061
1785290410.9397137,0.0,0.0,0.0008184000253677368
1785290410.9409838,0.0,0.0,0.0007747840285301208
1785290410.9422708,0.0,0.0,0.0007912639975547791
1785290410.9435995,0.0,0.0,0.0008330559730529786
1785290410.9448912,0.0,0.0,0.0007982400059700013
1785290410.9461899,0.0,0.0,0.000805184006690979
1785290410.947512,0.0,0.0,0.0008025919795036316
1785290410.9488149,0.0,0.0,0.0008051519989967347
1785290410.9500918,0.0,0.0,0.0007816960215568543
1785290410.9514174,0.0,0.0,0.0008337280154228211
1785290410.953324,0.0,0.0,0.0007559679746627808
1785290410.9546204,0.0,0.0,0.0008012800216674804
1785290410.955945,0.0,0.0,0.0008299520015716553
1785290410.9572358,0.0,0.0,0.0007985919713973999
1785290410.9585216,0.0,0.0,0.0008004480004310608
1785290410.959865,0.0,0.0,0.0008427839875221252
1785290410.961167,0.0,0.0,0.0008057600259780884
1785290410.9624581,0.0,0.0,0.0007964159846305847
1785290410.9637697,0.0,0.0,0.0008185600042343139
1785290410.9650726,0.0,0.0,0.0008074880242347717
1785290410.966343,0.0,0.0,0.0007743359804153442
1785290410.967645,0.0,0.0,0.0008039039969444275
1785290410.968926,0.0,0.0,0.0007871999740600586
1785290410.9702108,0.0,0.0,0.0007942079901695252
1785290410.97152,0.0,0.0,0.000810591995716095
1785290410.9728248,0.0,0.0,0.0008104000091552734
1785290410.9741044,0.0,0.0,0.0007874240279197693
1785290410.9754052,0.0,0.0,0.000809440016746521
1785290410.9766805,0.0,0.0,0.0007759360074996948
1785290410.9779685,0.0,0.0,0.0007930240035057068
1785290410.979269,0.0,0.0,0.0008080959916114807
1785290410.9805465,0.0,0.0,0.0007791360020637512
1785290410.9818497,0.0,0.0,0.000807200014591217
1785290410.9831462,0.0,0.0,0.0008036159873008728
1785290410.984426,0.0,0.0,0.0007874559760093689
1785290410.9857042,0.0,0.0,0.0007808319926261902
1785290410.9869962,0.0,0.0,0.0007953919768333435
1785290410.988308,0.0,0.0,0.0008010560274124145
1785290410.989583,0.0,0.0,0.0007835519909858704
1785290410.9908578,0.0,0.0,0.000779583990573883
1785290410.9921527,0.0,0.0,0.0008055999875068665
1785290410.993426,0.0,0.0,0.0007805759906768799
1785290410.9947062,0.0,0.0,0.0007835839986801148
1785290410.9960256,0.0,0.0,0.0008255040049552917
1785290410.997311,0.0,0.0,0.0007923200130462647
1785290410.9986265,0.0,0.0,0.0008233280181884766
1785290410.999957,0.0,0.0,0.0008343999981880188
1785290411.001246,0.0,0.0,0.0007973440289497375
1785290411.002655,0.0,0.0,0.000794272005558014
1785290411.0039985,0.0,0.0,0.0008447359800338745
1785290411.0053043,0.0,0.0,0.0007953600287437439
1785290411.0066068,0.0,0.0,0.0008087999820709229
1785290411.0087888,0.0,0.0,0.0016871360540390015
1785290411.010096,0.0,0.0,0.0008013759851455689
1785290411.01142,0.0,0.0,0.0008258240222930908
1785290411.0127094,0.0,0.0,0.0007940800189971923
1785290411.0140014,0.0,0.0,0.0008023999929428101
1785290411.0153408,0.0,0.0,0.0008457279801368713
1785290411.016652,0.0,0.0,0.0008142079710960388
1785290411.0179465,0.0,0.0,0.0007926399707794189
1785290411.0192475,0.0,0.0,0.0008078719973564148
1785290411.0205503,0.0,0.0,0.0008065919876098633
1785290411.0218363,0.0,0.0,0.0007866880297660827
1785290411.023163,0.0,0.0,0.0008324800133705139
1785290411.0244558,0.0,0.0,0.0007988799810409546
1785290411.0257416,0.0,0.0,0.000797439992427826
1785290411.0270352,0.0,0.0,0.0007910400032997132
1785290411.0283477,0.0,0.0,0.000799456000328064
1785290411.0296242,0.0,0.0,0.0007877119779586792
1785290411.0309005,0.0,0.0,0.0007835519909858704
1785290411.032221,0.0,0.0,0.0008291839957237243
1785290411.033527,0.0,0.0,0.0008135679960250855
1785290411.0348222,0.0,0.0,0.0008041279911994934
1785290411.0361497,0.0,0.0,0.000839136004447937
1785290411.037444,0.0,0.0,0.000799456000328064
1785290411.0387342,0.0,0.0,0.00079721599817276
1785290411.0400712,0.0,0.0,0.0008387200236320496
1785290411.0413692,0.0,0.0,0.0008048959970474244
1785290411.0426633,0.0,0.0,0.0007939839959144592
1785290411.0440092,0.0,0.0,0.000854848027229309
1785290411.0452907,0.0,0.0,0.0007852159738540649
1785290411.0465686,0.0,0.0,0.0007848640084266663
1785290411.0478826,0.0,0.0,0.0008240000009536743
1785290411.049179,0.0,0.0,0.0008068159818649292
1785290411.0504782,0.0,0.0,0.0008015040159225464
1785290411.0517852,0.0,0.0,0.000814303994178772
1785290411.0530772,0.0,0.0,0.0008002560138702392
1785290411.0543609,0.0,0.0,0.0007839360237121582
1785290411.0556846,0.0,0.0,0.0008290240168571472
1785290411.056969,0.0,0.0,0.0007913280129432679
1785290411.0582542,0.0,0.0,0.000784928023815155
1785290411.0595672,0.0,0.0,0.0008191999793052674
1785290411.0608697,0.0,0.0,0.0008084800243377685
1785290411.0621476,0.0,0.0,0.0007861440181732178
1785290411.0640519,0.0,0.0,0.0007609599828720093
1785290411.0653563,0.0,0.0,0.0008042880296707153
1785290411.0666473,0.0,0.0,0.0007961919903755188
1785290411.0679977,0.0,0.0,0.0008561919927597046
1785290411.0692933,0.0,0.0,0.0007994239926338196
1785290411.070584,0.0,0.0,0.000797760009765625
1785290411.071914,0.0,0.0,0.0008406720161437989
1785290411.0732079,0.0,0.0,0.0008007040023803711
1785290411.0744855,0.0,0.0,0.000782912015914917
1785290411.0758064,0.0,0.0,0.0008258879780769348
1785290411.077104,0.0,0.0,0.0008043199777603149
1785290411.0783737,0.0,0.0,0.0007772160172462464
1785290411.0796833,0.0,0.0,0.000819104015827179
1785290411.080972,0.0,0.0,0.0007971199750900268
1785290411.0822484,0.0,0.0,0.0007796800136566162
1785290411.08357,0.0,0.0,0.0008292800188064575
1785290411.0848563,0.0,0.0,0.0007937279939651489
1785290411.0861528,0.0,0.0,0.000801696002483368
1785290411.0874672,0.0,0.0,0.0008201919794082642
1785290411.088744,0.0,0.0,0.000788640022277832
1785290411.0900316,0.0,0.0,0.0007973120212554931
1785290411.0913432,0.0,0.0,0.0008211519718170166
1785290411.0926437,0.0,0.0,0.0008064960241317749
1785290411.0939307,0.0,0.0,0.0007890239953994751
1785290411.0952313,0.0,0.0,0.0008067839741706848
1785290411.0965307,0.0,0.0,0.0007959679961204529
1785290411.0978281,0.0,0.0,0.0008021439909934998
1785290411.0991461,0.0,0.0,0.0008239679932594299
1785290411.100437,0.0,0.0,0.0007944959998130799
1785290411.1017404,0.0,0.0,0.0008089600205421448
1785290411.1030161,0.0,0.0,0.0007796159982681274
1785290411.1043346,0.0,0.0,0.0007951040267944336
1785290411.105621,0.0,0.0,0.0007925760149955749
1785290411.1069102,0.0,0.0,0.0007978240251541137
1785290411.108232,0.0,0.0,0.0008320000171661377
1785290411.109513,0.0,0.0,0.000786080002784729
1785290411.1107924,0.0,0.0,0.0007884160280227661
1785290411.1121008,0.0,0.0,0.0008190400004386901
1785290411.1134927,0.0,0.0,0.0007829440236091613
1785290411.1147897,0.0,0.0,0.0007967039942741394
1785290411.1161087,0.0,0.0,0.0008256000280380249
1785290411.1173806,0.0,0.0,0.0008956800103187561
1785290411.1193085,0.0,0.0,0.0015329920053482056
1785290411.1206174,0.0,0.0,0.0009127039909362793
1785290411.121898,0.0,0.0,0.0009001280069351196
1785290411.1231878,0.0,0.0,0.0009189119935035705
1785290411.124476,0.0,0.0,0.0009066879749298096
1785290411.125753,0.0,0.0,0.0009014719724655152
1785290411.127042,0.0,0.0,0.0009142400026321411
1785290411.1283867,0.0,0.0,0.0009221760034561157
1785290411.1296854,0.0,0.0,0.0009141119718551636
1785290411.1309893,0.0,0.0,0.0009262080192565917
1785290411.132301,0.0,0.0,0.000908352017402649
1785290411.1335833,0.0,0.0,0.0009052159786224366
1785290411.1348693,0.0,0.0,0.0009122560024261475
1785290411.1362162,0.0,0.0,0.0009234880208969117
1785290411.13753,0.0,0.0,0.0009353280067443848
1785290411.1388023,0.0,0.0,0.0008958079814910889
1785290411.14013,0.0,0.0,0.00092467200756073
1785290411.141416,0.0,0.0,0.0009064000248908997
1785290411.142688,0.0,0.0,0.0009017599821090699
1785290411.1439972,0.0,0.0,0.0009336000084877015
1785290411.1452682,0.0,0.0,0.0009030719995498657
1785290411.1465342,0.0,0.0,0.000897376000881195
1785290411.1478508,0.0,0.0,0.0009468160271644592
1785290411.1491477,0.0,0.0,0.0009256319999694824
1785290411.1504169,0.0,0.0,0.0008990399837493897
1785290411.1517398,0.0,0.0,0.0009492480158805847
1785290411.1530185,0.0,0.0,0.0009058880209922791
1785290411.1542945,0.0,0.0,0.0009093760251998902
1785290411.1555898,0.0,0.0,0.0009251199960708618
1785290411.1568763,0.0,0.0,0.0009125120043754578
1785290411.1581495,0.0,0.0,0.0009017279744148255
1785290411.1594522,0.0,0.0,0.0009315199851989746
1785290411.16072,0.0,0.0,0.0009019200205802918
1785290411.1619925,0.0,0.0,0.0009064639806747436
1785290411.163296,0.0,0.0,0.0009243519902229309
1785290411.164581,0.0,0.0,0.0009051520228385926
1785290411.1658702,0.0,0.0,0.0009166719913482666
1785290411.1671798,0.0,0.0,0.0009382079839706421
1785290411.1684642,0.0,0.0,0.0009134719967842102
1785290411.1697695,0.0,0.0,0.0009265279769897461
1785290411.1710727,0.0,0.0,0.0009268159866333008
1785290411.172376,0.0,0.0,0.000906495988368988
1785290411.1743672,0.0,0.0,0.001625920057296753
1785290411.1756995,0.0,0.0,0.0009453120231628418
1785290411.1769624,0.0,0.0,0.0008887360095977783
1785290411.1782467,0.0,0.0,0.0009102720022201538
1785290411.179537,0.0,0.0,0.000919327974319458
1785290411.1808274,0.0,0.0,0.0009163519740104675
1785290411.1821353,0.0,0.0,0.0009208639860153198
1785290411.1834736,0.0,0.0,0.0009571200013160705
1785290411.1847744,0.0,0.0,0.0009217280149459839
1785290411.186055,0.0,0.0,0.0009088000059127808
1785290411.187364,0.0,0.0,0.0009386240243911743
1785290411.188673,0.0,0.0,0.0009297919869422913
1785290411.1899552,0.0,0.0,0.0009106559753417969
1785290411.1912756,0.0,0.0,0.000948095977306366
1785290411.1925616,0.0,0.0,0.0009087679982185364
1785290411.1938422,0.0,0.0,0.0009090240001678467
1785290411.1951447,0.0,0.0,0.0009326080083847046
1785290411.1964533,0.0,0.0,0.0009170879721641541
1785290411.1977427,0.0,0.0,0.0009162880182266236
1785290411.1990147,0.0,0.0,0.0008995199799537659
1785290411.2003453,0.0,0.0,0.0009267839789390564
1785290411.2016234,0.0,0.0,0.0009013760089874268
1785290411.2029035,0.0,0.0,0.0009075520038604736
1785290411.2041974,0.0,0.0,0.0009004799723625183
1785290411.2054846,0.0,0.0,0.0009147199988365173
1785290411.206762,0.0,0.0,0.0009039999842643737
1785290411.2080677,0.0,0.0,0.0009142720103263855
1785290411.2093327,0.0,0.0,0.0008935359716415405
1785290411.2106037,0.0,0.0,0.0008999999761581421
1785290411.2119207,0.0,0.0,0.000940288007259369
1785290411.213195,0.0,0.0,0.0008985919952392578
1785290411.214738,0.0,0.0,0.0009512959718704224
1785290411.216075,0.0,0.0,0.0009300159811973572
1785290411.217366,0.0,0.0,0.0009115520119667053
1785290411.2186472,0.0,0.0,0.0009039040207862854
1785290411.2199562,0.0,0.0,0.0009372479915618897
1785290411.2212489,0.0,0.0,0.0009126399755477906
1785290411.222549,0.0,0.0,0.0009232640266418457
1785290411.2238603,0.0,0.0,0.0009376000165939331
1785290411.2251499,0.0,0.0,0.0009147520065307617
1785290411.2264388,0.0,0.0,0.0009158400297164917
1785290411.2277572,0.0,0.0,0.0009392960071563721
1785290411.229679,0.0,0.0,0.0009243839979171753
1785290411.2309928,0.0,0.0,0.0009229440093040467
1785290411.2323139,0.0,0.0,0.0009117119908332824
1785290411.2336085,0.0,0.0,0.0009158080220222474
1785290411.2348924,0.0,0.0,0.0009109119772911071
1785290411.236211,0.0,0.0,0.0009219520092010498
1785290411.2375095,0.0,0.0,0.0009155200123786927
1785290411.2387948,0.0,0.0,0.000904416024684906
1785290411.240156,0.0,0.0,0.0009281920194625854
1785290411.2414591,0.0,0.0,0.0009182720184326172
1785290411.242744,0.0,0.0,0.0009088640213012696
1785290411.2440724,0.0,0.0,0.0009349759817123413
1785290411.2453694,0.0,0.0,0.0009175360202789307
1785290411.2466607,0.0,0.0,0.000915552020072937
1785290411.247981,0.0,0.0,0.0009470400214195251
1785290411.2492955,0.0,0.0,0.0009289600253105163
1785290411.2505836,0.0,0.0,0.0009129599928855896
1785290411.2519135,0.0,0.0,0.0009502720236778259
1785290411.2531934,0.0,0.0,0.0009017599821090699
1785290411.2544816,0.0,0.0,0.0009063680171966553
1785290411.255795,0.0,0.0,0.0009367679953575135
1785290411.2570896,0.0,0.0,0.0009136319756507873
1785290411.258383,0.0,0.0,0.0009156799912452698
1785290411.2596955,0.0,0.0,0.0009369919896125794
1785290411.2609866,0.0,0.0,0.0009074879884719848
1785290411.262254,0.0,0.0,0.0008929920196533203
1785290411.2635667,0.0,0.0,0.0009399359822273254
1785290411.264866,0.0,0.0,0.0009237440228462219
1785290411.266138,0.0,0.0,0.0009068160057067871
1785290411.267425,0.0,0.0,0.0009088000059127808
1785290411.2687044,0.0,0.0,0.0009106240272521973
1785290411.2699974,0.0,0.0,0.000922432005405426
1785290411.271306,0.0,0.0,0.0009359040260314941
1785290411.2726092,0.0,0.0,0.0009266240000724793
1785290411.273903,0.0,0.0,0.0009168000221252442
1785290411.275209,0.0,0.0,0.0009344000220298767
1785290411.276493,0.0,0.0,0.0009093440175056458
1785290411.277773,0.0,0.0,0.0009070720076560974
1785290411.2790682,0.0,0.0,0.0009171199798583984
1785290411.2803738,0.0,0.0,0.0009046400189399719
1785290411.281661,0.0,0.0,0.0009164479970932007
1785290411.2829463,0.0,0.0,0.0009105600118637085
1785290411.2847931,0.0,0.0,0.0009223039746284484
1785290411.2861,0.0,0.0,0.0009205120205879212
1785290411.287418,0.0,0.0,0.0009458240270614624
1785290411.2886925,0.0,0.0,0.0009008319973945617
1785290411.2899694,0.0,0.0,0.0009048640131950379
1785290411.29129,0.0,0.0,0.0009448320269584656
1785290411.2926044,0.0,0.0,0.0009320639967918396
1785290411.293893,0.0,0.0,0.0009096320271492005
1785290411.29521,0.0,0.0,0.0009348160028457642
1785290411.2965088,0.0,0.0,0.0009154239892959595
1785290411.2977982,0.0,0.0,0.0009131839871406555
1785290411.299079,0.0,0.0,0.0009079040288925171
1785290411.3003912,0.0,0.0,0.0009166079759597778
1785290411.3016868,0.0,0.0,0.0009203839898109436
1785290411.302979,0.0,0.0,0.0009040639996528625
1785290411.3042803,0.0,0.0,0.000912064015865326
1785290411.3055701,0.0,0.0,0.000915552020072937
1785290411.3068717,0.0,0.0,0.0009208959937095642
1785290411.308189,0.0,0.0,0.0009088320136070252
1785290411.3094978,0.0,0.0,0.0009290559887886047
1785290411.3107924,0.0,0.0,0.000914080023765564
1785290411.3121095,0.0,0.0,0.0009175040125846863
1785290411.313401,0.0,0.0,0.0009211199879646301
1785290411.3146906,0.0,0.0,0.0009177280068397522
1785290411.3159857,0.0,0.0,0.0009245439767837524
1785290411.3172827,0.0,0.0,0.0009156479835510254
1785290411.3185499,0.0,0.0,0.0008966079950332641
1785290411.3198562,0.0,0.0,0.0009326720237731933
1785290411.3211572,0.0,0.0,0.0009229760169982911
1785290411.322448,0.0,0.0,0.0009218559861183166
1785290411.3237538,0.0,0.0,0.0009309120178222656
1785290411.3250535,0.0,0.0,0.0009253119826316833
1785290411.3263383,0.0,0.0,0.0009101759791374206
1785290411.3276386,0.0,0.0,0.0009301760196685791
1785290411.3289108,0.0,0.0,0.000902463972568512
1785290411.330189,0.0,0.0,0.0009045439958572387
1785290411.3314831,0.0,0.0,0.0009308159947395325
1785290411.3327725,0.0,0.0,0.0009098560214042664
1785290411.3340547,0.0,0.0,0.0009107199907302856
1785290411.3353696,0.0,0.0,0.0009393919706344604
1785290411.3366535,0.0,0.0,0.0009141119718551636
1785290411.3379366,0.0,0.0,0.0009152640104293823
1785290411.3398106,0.0,0.0,0.0009502720236778259
1785290411.3411167,0.0,0.0,0.0009198399782180786
1785290411.3424096,0.0,0.0,0.0009234560132026673
1785290411.3437243,0.0,0.0,0.0009448639750480652
1785290411.345018,0.0,0.0,0.0009171519875526428
1785290411.3462846,0.0,0.0,0.0008961279988288879
1785290411.3475788,0.0,0.0,0.0009214720129966736
1785290411.348864,0.0,0.0,0.0009132480025291443
1785290411.3501396,0.0,0.0,0.0009001280069351196
1785290411.3514729,0.0,0.0,0.0009608640074729919
1785290411.352744,0.0,0.0,0.0008983680009841919
1785290411.3540099,0.0,0.0,0.0008981760144233704
1785290411.3553197,0.0,0.0,0.0009367039799690246
1785290411.3566053,0.0,0.0,0.0009093760251998902
1785290411.3578846,0.0,0.0,0.0009063680171966553
1785290411.3591805,0.0,0.0,0.0009257919788360595
1785290411.3604774,0.0,0.0,0.0009242879748344421
1785290411.3617487,0.0,0.0,0.0008981119990348816
1785290411.3630407,0.0,0.0,0.0009181439876556396
1785290411.3643398,0.0,0.0,0.000902463972568512
1785290411.3656337,0.0,0.0,0.0009192320108413697
1785290411.3669002,0.0,0.0,0.00089273601770401
1785290411.3682027,0.0,0.0,0.0008976320028305053
1785290411.3695002,0.0,0.0,0.0009236800074577332
1785290411.3707824,0.0,0.0,0.0009133759737014771
1785290411.3720903,0.0,0.0,0.0009135040044784546
1785290411.3733695,0.0,0.0,0.0009037759900093078
1785290411.3746548,0.0,0.0,0.0009111679792404174
1785290411.375969,0.0,0.0,0.000927295982837677
1785290411.3772652,0.0,0.0,0.0009169279932975769
1785290411.3785603,0.0,0.0,0.0009228159785270691
1785290411.3799,0.0,0.0,0.0009650239944458007
1785290411.3811984,0.0,0.0,0.0009176639914512634
1785290411.3824935,0.0,0.0,0.0009162240028381348
1785290411.3838139,0.0,0.0,0.0009417279958724976
1785290411.3851047,0.0,0.0,0.0009120320081710816
1785290411.3863902,0.0,0.0,0.0009164479970932007
1785290411.3877032,0.0,0.0,0.0009367039799690246
1785290411.3889868,0.0,0.0,0.0009114879965782165
1785290411.3902798,0.0,0.0,0.0009077119827270507
1785290411.3915884,0.0,0.0,0.0009356480240821838
1785290411.3928888,0.0,0.0,0.0009234560132026673
1785290411.3947747,0.0,0.0,0.0015053759813308716
1785290411.3961065,0.0,0.0,0.0009184960126876831
1785290411.3973913,0.0,0.0,0.0009098880290985108
1785290411.3986707,0.0,0.0,0.0009062079787254334
1785290411.3999724,0.0,0.0,0.0009289600253105163
1785290411.4012692,0.0,0.0,0.0009157440066337586
1785290411.402571,0.0,0.0,0.000923520028591156
1785290411.4038904,0.0,0.0,0.0009473599791526794
1785290411.405179,0.0,0.0,0.0009160640239715577
1785290411.406468,0.0,0.0,0.0009183040261268615
1785290411.4077773,0.0,0.0,0.0009350720047950745
1785290411.409031,0.0,0.0,0.0008815039992332459
1785290411.4102972,0.0,0.0,0.0008925759792327881
1785290411.4116008,0.0,0.0,0.0009289280176162719
1785290411.412889,0.0,0.0,0.0009065279960632324
1785290411.4141853,0.0,0.0,0.0009181439876556396
1785290411.4154823,0.0,0.0,0.0009239680171012879
1785290411.4167557,0.0,0.0,0.0009022399783134461
1785290411.4180233,0.0,0.0,0.000894976019859314
1785290411.4193358,0.0,0.0,0.0009402559995651245
1785290411.4206126,0.0,0.0,0.0008992959856987
1785290411.421893,0.0,0.0,0.0009087679982185364
1785290411.4231842,0.0,0.0,0.0009165760278701782
1785290411.424469,0.0,0.0,0.0009091839790344238
1785290411.4257507,0.0,0.0,0.0009155840277671813
1785290411.4270234,0.0,0.0,0.0009023680090904236
1785290411.428361,0.0,0.0,0.0009314560294151306
1785290411.4296625,0.0,0.0,0.0009228159785270691
1785290411.430941,0.0,0.0,0.0009049919843673706
1785290411.432241,0.0,0.0,0.0009022399783134461
1785290411.4335015,0.0,0.0,0.0008850560188293457
1785290411.4347723,0.0,0.0,0.0009020799994468689
1785290411.436079,0.0,0.0,0.0009116160273551941
1785290411.4373634,0.0,0.0,0.0009105920195579529
1785290411.4386544,0.0,0.0,0.0009195520281791687
1785290411.4399652,0.0,0.0,0.0009336640238761902
1785290411.441237,0.0,0.0,0.00089683198928833
1785290411.4425182,0.0,0.0,0.0009116160273551941
1785290411.4438362,0.0,0.0,0.0009438080191612243
1785290411.4451227,0.0,0.0,0.0009054719805717469
1785290411.4464114,0.0,0.0,0.0009137920141220093
1785290411.4476993,0.0,0.0,0.0009170240163803101
1785290411.4495037,0.0,0.0,0.0014294719696044923
1785290411.4508004,0.0,0.0,0.0009104959964752197
1785290411.4521182,0.0,0.0,0.0009124799966812134
1785290411.453407,0.0,0.0,0.0009169279932975769
1785290411.4546933,0.0,0.0,0.0009108800292015076
1785290411.4559906,0.0,0.0,0.00092467200756073
1785290411.4572852,0.0,0.0,0.0009172160029411316
1785290411.4585772,0.0,0.0,0.0009124799966812134
1785290411.4599416,0.0,0.0,0.0009401919841766357
1785290411.4612563,0.0,0.0,0.0009249600172042847
1785290411.4625535,0.0,0.0,0.0009182080030441284
1785290411.463901,0.0,0.0,0.0009742079973220825
1785290411.4651814,0.0,0.0,0.0009000639915466308
1785290411.4664686,0.0,0.0,0.0009144960045814514
1785290411.4677758,0.0,0.0,0.0009342719912528992
1785290411.4690619,0.0,0.0,0.0009100160002708435
1785290411.4703462,0.0,0.0,0.0009134719967842102
1785290411.4716437,0.0,0.0,0.000920415997505188
1785290411.4729397,0.0,0.0,0.0009191679954528809
1785290411.4742236,0.0,0.0,0.0009025279879570007
1785290411.4755147,0.0,0.0,0.0009174720048904419
1785290411.4768112,0.0,0.0,0.0009228159785270691
1785290411.478093,0.0,0.0,0.0009097599983215332
1785290411.4794,0.0,0.0,0.0009374079704284668
1785290411.4806643,0.0,0.0,0.0008908479809761048
1785290411.4819562,0.0,0.0,0.0009182720184326172
1785290411.4832613,0.0,0.0,0.0009327359795570373
1785290411.4845607,0.0,0.0,0.0009202560186386109
1785290411.4858296,0.0,0.0,0.0008946880102157593
1785290411.4871366,0.0,0.0,0.0009086400270462037
1785290411.488414,0.0,0.0,0.0008991360068321228
1785290411.4897003,0.0,0.0,0.0009107840061187744
1785290411.4910038,0.0,0.0,0.0009176959991455078
1785290411.4923205,0.0,0.0,0.0009183999896049499
1785290411.4936042,0.0,0.0,0.0009077439904212951
1785290411.4948947,0.0,0.0,0.0009120320081710816
1785290411.496215,0.0,0.0,0.0009184319972991943
1785290411.4975173,0.0,0.0,0.0009241600036621094
1785290411.4987934,0.0,0.0,0.0009059519767761231
1785290411.5000982,0.0,0.0,0.0009146239757537841
1785290411.5013888,0.0,0.0,0.0009130240082740784
1785290411.5026639,0.0,0.0,0.00090447998046875
1785290411.5044916,0.0,0.0,0.0014560320377349854
1785290411.5057967,0.0,0.0,0.0009156479835510254
1785290411.5070806,0.0,0.0,0.0009028480052947998
1785290411.5084143,0.0,0.0,0.0009224640130996704
1785290411.509684,0.0,0.0,0.0008906239867210389
1785290411.5109508,0.0,0.0,0.0008941439986228943
1785290411.512259,0.0,0.0,0.0009065600037574768
1785290411.513543,0.0,0.0,0.0009078720211982727
1785290411.5148244,0.0,0.0,0.0009080320000648498
1785290411.516132,0.0,0.0,0.0009063680171966553
1785290411.517404,0.0,0.0,0.0009025279879570007
1785290411.5186882,0.0,0.0,0.0009104639887809753
1785290411.520018,0.0,0.0,0.0009526399970054627
1785290411.5213037,0.0,0.0,0.000903328001499176
1785290411.5226011,0.0,0.0,0.0009174399971961975
1785290411.5239184,0.0,0.0,0.0009365760087966919
1785290411.5252147,0.0,0.0,0.0009187840223312378
1785290411.5264869,0.0,0.0,0.0008968960046768188
1785290411.5277934,0.0,0.0,0.0009327359795570373
1785290411.5290835,0.0,0.0,0.0009128959774971008
1785290411.530384,0.0,0.0,0.0009236800074577332
1785290411.531692,0.0,0.0,0.0009363200068473816
1785290411.53299,0.0,0.0,0.0009177600145339966
1785290411.5342689,0.0,0.0,0.0009030399918556213
1785290411.5355723,0.0,0.0,0.000926144003868103
1785290411.5368695,0.0,0.0,0.0009245439767837524
1785290411.5381458,0.0,0.0,0.0008999680280685425
1785290411.5394554,0.0,0.0,0.0009292160272598266
1785290411.5407498,0.0,0.0,0.0009183359742164611
1785290411.542017,0.0,0.0,0.0008968960046768188
1785290411.5433419,0.0,0.0,0.0009520959854125977
1785290411.544609,0.0,0.0,0.0008911039829254151
1785290411.5458918,0.0,0.0,0.0009152320027351379
1785290411.54721,0.0,0.0,0.0009432640075683593
1785290411.548515,0.0,0.0,0.0009242240190505982
1785290411.549794,0.0,0.0,0.0009011840224266052
1785290411.551055,0.0,0.0,0.0008919680118560791
1785290411.5523632,0.0,0.0,0.0009143040180206299
1785290411.5536337,0.0,0.0,0.0009006080031394958
1785290411.5549066,0.0,0.0,0.0009003840088844299
1785290411.5562038,0.0,0.0,0.0008960959911346435
1785290411.5574818,0.0,0.0,0.0009046080112457275
1785290411.5593245,0.0,0.0,0.0014658880233764649
1785290411.5606544,0.0,0.0,0.0009348480105400086
1785290411.561954,0.0,0.0,0.0009179840087890625
1785290411.5632703,0.0,0.0,0.0009427520036697388
1785290411.5645664,0.0,0.0,0.000918944001197815
1785290411.5658603,0.0,0.0,0.0009210240244865417
1785290411.567166,0.0,0.0,0.000929311990737915
1785290411.5684986,0.0,0.0,0.0009148799777030944
1785290411.5697892,0.0,0.0,0.0009137920141220093
1785290411.5710735,0.0,0.0,0.0009105600118637085
1785290411.5723915,0.0,0.0,0.0009132480025291443
1785290411.5736704,0.0,0.0,0.0009082239866256713
1785290411.5749414,0.0,0.0,0.0009035199880599975
1785290411.5762799,0.0,0.0,0.0009183040261268615
1785290411.5775483,0.0,0.0,0.0008942400217056275
1785290411.5788176,0.0,0.0,0.0008957440257072449
1785290411.5801227,0.0,0.0,0.0009066240191459656
1785290411.581413,0.0,0.0,0.0009089599847793579
1785290411.582688,0.0,0.0,0.0008996800184249878
1785290411.5839956,0.0,0.0,0.0009296320080757141
1785290411.5852816,0.0,0.0,0.0009125120043754578
1785290411.5865595,0.0,0.0,0.0009060800075531006
1785290411.5878656,0.0,0.0,0.0009371200203895569
1785290411.5891383,0.0,0.0,0.0008948159813880921
1785290411.5904243,0.0,0.0,0.0009132159948348999
1785290411.5917418,0.0,0.0,0.0009419199824333191
1785290411.5930283,0.0,0.0,0.0009160640239715577
1785290411.5943127,0.0,0.0,0.0009094079732894898
1785290411.5956166,0.0,0.0,0.0009338240027427674
1785290411.5968866,0.0,0.0,0.0008950080275535584
1785290411.5981672,0.0,0.0,0.0009091839790344238
1785290411.599474,0.0,0.0,0.0009296320080757141
1785290411.6007593,0.0,0.0,0.0009087679982185364
1785290411.6020448,0.0,0.0,0.000910368025302887
1785290411.6033359,0.0,0.0,0.0009175999760627746
1785290411.604631,0.0,0.0,0.0009195520281791687
1785290411.605913,0.0,0.0,0.0009094399809837341
1785290411.607217,0.0,0.0,0.0009225599765777588
1785290411.6085074,0.0,0.0,0.0009158719778060913
1785290411.609796,0.0,0.0,0.0009127039909362793
1785290411.6110733,0.0,0.0,0.0009014719724655152
1785290411.6123908,0.0,0.0,0.0009185919761657714
1785290411.6142085,0.0,0.0,0.0014413759708404542
1785290411.6155522,0.0,0.0,0.0009550719857215882
1785290411.6168473,0.0,0.0,0.0009160320162773133
1785290411.618133,0.0,0.0,0.0009136319756507873
1785290411.6194663,0.0,0.0,0.0009548479914665223
1785290411.6207442,0.0,0.0,0.000897055983543396
1785290411.6220117,0.0,0.0,0.0008960000276565552
1785290411.6233282,0.0,0.0,0.0009372479915618897
1785290411.6245997,0.0,0.0,0.0008983680009841919
1785290411.6258893,0.0,0.0,0.0009160640239715577
1785290411.6272023,0.0,0.0,0.0009346879720687866
1785290411.6285126,0.0,0.0,0.0009282559752464294
1785290411.6297984,0.0,0.0,0.0009105920195579529
1785290411.631073,0.0,0.0,0.0009078400135040283
1785290411.6324022,0.0,0.0,0.0009135040044784546
1785290411.633683,0.0,0.0,0.0009117119908332824
1785290411.634974,0.0,0.0,0.0009167680144309998
1785290411.6362953,0.0,0.0,0.0009196159839630127
1785290411.6375637,0.0,0.0,0.0008996480107307434
1785290411.6388395,0.0,0.0,0.000902400016784668
1785290411.6401486,0.0,0.0,0.0009160640239715577
1785290411.6414464,0.0,0.0,0.0009188799858093261
1785290411.6427321,0.0,0.0,0.0009111679792404174
1785290411.6440456,0.0,0.0,0.000940608024597168
1785290411.6453502,0.0,0.0,0.0009273599982261658
1785290411.646634,0.0,0.0,0.0009087679982185364
1785290411.6479466,0.0,0.0,0.0009396479725837707
1785290411.649236,0.0,0.0,0.0009133120179176331
1785290411.6505218,0.0,0.0,0.0009103360176086426
1785290411.651834,0.0,0.0,0.0009426239728927612
1785290411.6532261,0.0,0.0,0.0009276160001754761
1785290411.6545038,0.0,0.0,0.0008996480107307434
1785290411.6558063,0.0,0.0,0.0009294720292091369
1785290411.657099,0.0,0.0,0.0009161279797554016
1785290411.6584134,0.0,0.0,0.0009152320027351379
1785290411.659722,0.0,0.0,0.0009317439794540405
1785290411.6610055,0.0,0.0,0.0009035840034484863
1785290411.6622772,0.0,0.0,0.0008971520066261291
1785290411.6636186,0.0,0.0,0.000961567997932434
1785290411.6649373,0.0,0.0,0.0009361600279808044
1785290411.666215,0.0,0.0,0.0009017279744148255
1785290411.6675513,0.0,0.0,0.0009665600061416626
1785290411.6693888,0.0,0.0,0.0014597120285034179
1785290411.6706972,0.0,0.0,0.0009236159920692444
1785290411.672015,0.0,0.0,0.0009427840113639831
1785290411.6733239,0.0,0.0,0.0009221760034561157
1785290411.6746027,0.0,0.0,0.0009034559726715088
1785290411.6759229,0.0,0.0,0.0009489920139312744
1785290411.677202,0.0,0.0,0.0009056000113487244
1785290411.6784804,0.0,0.0,0.0009018239974975586
1785290411.6797974,0.0,0.0,0.000940288007259369
1785290411.681087,0.0,0.0,0.0009065600037574768
1785290411.6823618,0.0,0.0,0.0009050880074501038
1785290411.6836505,0.0,0.0,0.0009143679738044739
1785290411.6849234,0.0,0.0,0.0008984000086784363
1785290411.6862016,0.0,0.0,0.0009106879830360412
1785290411.6875298,0.0,0.0,0.000950655996799469
1785290411.688823,0.0,0.0,0.0009145600199699402
1785290411.690128,0.0,0.0,0.0009303359985351563
1785290411.6914268,0.0,0.0,0.000925216019153595
1785290411.692703,0.0,0.0,0.0009004480242729187
1785290411.693987,0.0,0.0,0.0009118080139160156
1785290411.6952765,0.0,0.0,0.0009182400107383728
1785290411.6965468,0.0,0.0,0.0008923519849777222
1785290411.6978443,0.0,0.0,0.0009198079705238342
1785290411.69914,0.0,0.0,0.0009239040017127991
1785290411.7004333,0.0,0.0,0.000916703999042511
1785290411.7017198,0.0,0.0,0.0009151999950408935
1785290411.7030034,0.0,0.0,0.0009121599793434143
1785290411.70431,0.0,0.0,0.0009113280177116394
1785290411.7055817,0.0,0.0,0.0008979840278625489
1785290411.7068772,0.0,0.0,0.0009214720129966736
1785290411.7081861,0.0,0.0,0.0009067199826240539
1785290411.709457,0.0,0.0,0.000895039975643158
1785290411.7107267,0.0,0.0,0.0008939520120620727
1785290411.7120233,0.0,0.0,0.0009249280095100403
1785290411.7133198,0.0,0.0,0.000919871985912323
1785290411.7146115,0.0,0.0,0.0009151359796524047
1785290411.715917,0.0,0.0,0.0009327359795570373
1785290411.7172148,0.0,0.0,0.0009151039719581605
1785290411.7184803,0.0,0.0,0.0008915200233459473
1785290411.7198067,0.0,0.0,0.0009455999732017517
1785290411.7211056,0.0,0.0,0.0009203839898109436
1785290411.7223902,0.0,0.0,0.0009091200232505799
1785290411.7236953,0.0,0.0,0.0009292479753494262
1785290411.7255528,0.0,0.0,0.0009191679954528809
1785290411.7268214,0.0,0.0,0.0008901759982109069
1785290411.7281477,0.0,0.0,0.0009244800209999084
1785290411.729436,0.0,0.0,0.0009112319946289062
1785290411.7307196,0.0,0.0,0.0009105600118637085
1785290411.7320344,0.0,0.0,0.0009373440146446228
1785290411.7333193,0.0,0.0,0.0009045119881629943
1785290411.7346067,0.0,0.0,0.0009101439714431763
1785290411.7359104,0.0,0.0,0.0009317759871482849
1785290411.7371752,0.0,0.0,0.000890496015548706
1785290411.738464,0.0,0.0,0.0009153599739074706
1785290411.739782,0.0,0.0,0.0009414719939231873
1785290411.7410848,0.0,0.0,0.0009232959747314453
1785290411.7423637,0.0,0.0,0.0009039360284805298
1785290411.7437022,0.0,0.0,0.0009672960042953491
1785290411.744983,0.0,0.0,0.0009014400243759156
1785290411.746265,0.0,0.0,0.0009092159867286682
1785290411.7475674,0.0,0.0,0.0009314879775047302
1785290411.7488587,0.0,0.0,0.0009108160138130188
1785290411.750144,0.0,0.0,0.0009115520119667053
1785290411.751469,0.0,0.0,0.0009502720236778259
1785290411.7527635,0.0,0.0,0.0009114879965782165
1785290411.754053,0.0,0.0,0.0009141439795494079
1785290411.7553616,0.0,0.0,0.0009355520009994507
1785290411.7566633,0.0,0.0,0.0009198079705238342
1785290411.7579582,0.0,0.0,0.0009171839952468872
1785290411.7592995,0.0,0.0,0.0009611200094223022
1785290411.760593,0.0,0.0,0.0009169600009918213
1785290411.76188,0.0,0.0,0.00091075199842453
1785290411.7631981,0.0,0.0,0.0009396479725837707
1785290411.764487,0.0,0.0,0.0009114239811897277
1785290411.765772,0.0,0.0,0.0009121919870376587
1785290411.7670405,0.0,0.0,0.0008933119773864746
1785290411.7683506,0.0,0.0,0.0009114239811897277
1785290411.7696285,0.0,0.0,0.0009035199880599975
1785290411.7709007,0.0,0.0,0.0008980799913406372
1785290411.7722225,0.0,0.0,0.0009177280068397522
1785290411.7735207,0.0,0.0,0.0009265599846839905
1785290411.7748098,0.0,0.0,0.0009106240272521973
1785290411.7761388,0.0,0.0,0.0009251840114593506
1785290411.7774174,0.0,0.0,0.0009008960127830505
1785290411.778697,0.0,0.0,0.0009070720076560974
1785290411.7805111,0.0,0.0,0.0009222400188446045
1785290411.7818117,0.0,0.0,0.0009206719994544983
1785290411.783129,0.0,0.0,0.0009207360148429871
1785290411.7844257,0.0,0.0,0.0009170879721641541
1785290411.7857182,0.0,0.0,0.000917568027973175
1785290411.7869973,0.0,0.0,0.0009014080166816712
1785290411.7883193,0.0,0.0,0.0009151679873466491
1785290411.7896047,0.0,0.0,0.0009086719751358033
1785290411.790879,0.0,0.0,0.0009014719724655152
1785290411.792198,0.0,0.0,0.0009184960126876831
1785290411.7934818,0.0,0.0,0.0009076799750328064
1785290411.7947545,0.0,0.0,0.0009017919898033142
1785290411.7960584,0.0,0.0,0.0009110720157623291
1785290411.7973642,0.0,0.0,0.0009286720156669617
1785290411.7986617,0.0,0.0,0.0009175360202789307
1785290411.799993,0.0,0.0,0.000958400011062622
1785290411.8012886,0.0,0.0,0.0009114239811897277
1785290411.8025727,0.0,0.0,0.0009100800156593323
1785290411.8038979,0.0,0.0,0.0009465600252151489
1785290411.805187,0.0,0.0,0.0009125440120697022
1785290411.8064709,0.0,0.0,0.0009018880128860474
1785290411.807787,0.0,0.0,0.0009454399943351746
1785290411.8090746,0.0,0.0,0.0009118720293045044
1785290411.810361,0.0,0.0,0.0009104959964752197
1785290411.8116622,0.0,0.0,0.0009286720156669617
1785290411.8129451,0.0,0.0,0.0009074879884719848
1785290411.8142362,0.0,0.0,0.0009166399836540222
1785290411.8155355,0.0,0.0,0.0009312959909439087
1785290411.8168156,0.0,0.0,0.0009023680090904236
1785290411.8180964,0.0,0.0,0.000904799997806549
1785290411.8193974,0.0,0.0,0.0009268159866333008
1785290411.820683,0.0,0.0,0.0009156799912452698
1785290411.8219914,0.0,0.0,0.0009325119853019714
1785290411.8233082,0.0,0.0,0.0009424960017204285
1785290411.8245852,0.0,0.0,0.000903328001499176
1785290411.8258708,0.0,0.0,0.0009105920195579529
1785290411.8271878,0.0,0.0,0.0009402559995651245
1785290411.8284707,0.0,0.0,0.0009059839844703674
1785290411.8297362,0.0,0.0,0.0008953279852867127
1785290411.831005,0.0,0.0,0.0008940160274505615
1785290411.832323,0.0,0.0,0.0009147520065307617
1785290411.8336124,0.0,0.0,0.0009115520119667053
1785290411.8354955,0.0,0.0,0.0015035519599914551
1785290411.8367915,0.0,0.0,0.0009040960073471069
1785290411.8380575,0.0,0.0,0.0008926079869270325
1785290411.839383,0.0,0.0,0.0009444159865379334
1785290411.8406916,0.0,0.0,0.0009291200041770935
1785290411.841963,0.0,0.0,0.0008972160220146179
1785290411.8432648,0.0,0.0,0.0009248319864273071
1785290411.8445537,0.0,0.0,0.000912447988986969
1785290411.8458414,0.0,0.0,0.0009115840196609497
1785290411.8471372,0.0,0.0,0.0008988479971885681
1785290411.8484333,0.0,0.0,0.0009133440256118775
1785290411.8497083,0.0,0.0,0.0009033600091934204
1785290411.8509822,0.0,0.0,0.0009006400108337402
1785290411.8522837,0.0,0.0,0.0009057599902153015
1785290411.8535798,0.0,0.0,0.0009197440147399903
1785290411.8548667,0.0,0.0,0.0009110080003738403
1785290411.8561833,0.0,0.0,0.000904799997806549
1785290411.8574572,0.0,0.0,0.000896511971950531
1785290411.858744,0.0,0.0,0.0009100800156593323
1785290411.8600478,0.0,0.0,0.0009129279851913452
1785290411.8613408,0.0,0.0,0.0009134079813957214
1785290411.8626068,0.0,0.0,0.0008920959830284119
1785290411.8639083,0.0,0.0,0.0009320639967918396
1785290411.865187,0.0,0.0,0.0009012159705162049
1785290411.8664565,0.0,0.0,0.0008936960101127624
1785290411.8677642,0.0,0.0,0.0009339200258255005
1785290411.8690398,0.0,0.0,0.0008952640295028687
1785290411.870344,0.0,0.0,0.0009307519793510437
1785290411.8716538,0.0,0.0,0.0009344639778137207
1785290411.872952,0.0,0.0,0.0009142079949378967
1785290411.8742363,0.0,0.0,0.0009126719832420349
1785290411.8755474,0.0,0.0,0.0009322559833526611
1785290411.8768282,0.0,0.0,0.0009002559781074524
1785290411.8781188,0.0,0.0,0.0009134719967842102
1785290411.879408,0.0,0.0,0.0009154239892959595
1785290411.8806808,0.0,0.0,0.0008961920142173767
1785290411.8819628,0.0,0.0,0.0009090880155563355
1785290411.8832815,0.0,0.0,0.0009431679844856262
1785290411.88458,0.0,0.0,0.0009173759818077087
1785290411.8858664,0.0,0.0,0.0009146239757537841
1785290411.8871748,0.0,0.0,0.0009310399889945984
1785290411.888476,0.0,0.0,0.0009224960207939148
1785290411.8902788,0.0,0.0,0.0014235520362854005
1785290411.8916144,0.0,0.0,0.000944320023059845
1785290411.892898,0.0,0.0,0.0009066240191459656
1785290411.8941598,0.0,0.0,0.0008887360095977783
1785290411.8954787,0.0,0.0,0.0009470400214195251
1785290411.8967679,0.0,0.0,0.0009100800156593323
1785290411.8980448,0.0,0.0,0.0009014080166816712
1785290411.8993797,0.0,0.0,0.0009599040150642395
1785290411.9006681,0.0,0.0,0.0009108480215072632
1785290411.90194,0.0,0.0,0.000893343985080719
1785290411.9032466,0.0,0.0,0.0009285119771957397
1785290411.9045525,0.0,0.0,0.000900767982006073
1785290411.905855,0.0,0.0,0.0009232959747314453
1785290411.9071672,0.0,0.0,0.0009351999759674072
1785290411.9084673,0.0,0.0,0.0009217280149459839
1785290411.909755,0.0,0.0,0.0009100480079650879
1785290411.911034,0.0,0.0,0.0009066879749298096
1785290411.9123957,0.0,0.0,0.0009325439929962158
1785290411.9136918,0.0,0.0,0.0009201920032501221
1785290411.9149601,0.0,0.0,0.0008929280042648315
1785290411.9162686,0.0,0.0,0.0009183040261268615
1785290411.91758,0.0,0.0,0.0009314240217208862
1785290411.9189017,0.0,0.0,0.0009048640131950379
1785290411.9202228,0.0,0.0,0.0009254400134086609
1785290411.921532,0.0,0.0,0.0009303359985351563
1785290411.9228206,0.0,0.0,0.0009144319891929626
1785290411.9241266,0.0,0.0,0.0009095039963722229
1785290411.9254098,0.0,0.0,0.0009083840250968933
1785290411.926698,0.0,0.0,0.000917631983757019
1785290411.9280171,0.0,0.0,0.0009382079839706421
1785290411.9293077,0.0,0.0,0.0009082880020141601
1785290411.9305916,0.0,0.0,0.000910207986831665
1785290411.9319198,0.0,0.0,0.0009545279741287232
1785290411.933212,0.0,0.0,0.0009158080220222474
1785290411.9345062,0.0,0.0,0.0009220160245895385
1785290411.9358299,0.0,0.0,0.000956063985824585
1785290411.9371054,0.0,0.0,0.0009007359743118286
1785290411.9383872,0.0,0.0,0.0009089599847793579
1785290411.93972,0.0,0.0,0.0009540159702301025
1785290411.9410322,0.0,0.0,0.0009314560294151306
1785290411.9423056,0.0,0.0,0.0009014080166816712
1785290411.9436028,0.0,0.0,0.000923583984375
1785290411.9454262,0.0,0.0,0.0014473919868469238
1785290411.9467354,0.0,0.0,0.0009169920086860657
1785290411.9480572,0.0,0.0,0.000946943998336792
1785290411.9493437,0.0,0.0,0.0009123520255088807
1785290411.950633,0.0,0.0,0.0009117439985275268
1785290411.951965,0.0,0.0,0.0009584320187568664
1785290411.9532661,0.0,0.0,0.0009180799722671508
1785290411.954558,0.0,0.0,0.0009207360148429871
1785290411.9558878,0.0,0.0,0.0009591360092163086
1785290411.9572003,0.0,0.0,0.0009350720047950745
1785290411.9584916,0.0,0.0,0.0009170240163803101
1785290411.959804,0.0,0.0,0.0009377920031547547
1785290411.961099,0.0,0.0,0.000921343982219696
1785290411.9623728,0.0,0.0,0.0009052159786224366
1785290411.963679,0.0,0.0,0.0009359679818153381
1785290411.9649718,0.0,0.0,0.0009182080030441284
1785290411.966275,0.0,0.0,0.0009211519956588745
1785290411.9676158,0.0,0.0,0.0009625920057296753
1785290411.9689147,0.0,0.0,0.0009171519875526428
1785290411.9701898,0.0,0.0,0.0009021760225296021
1785290411.9715118,0.0,0.0,0.000944927990436554
1785290411.9728022,0.0,0.0,0.0009130560159683228
1785290411.9740775,0.0,0.0,0.000900704026222229
1785290411.9753828,0.0,0.0,0.0009335039854049683
1785290411.976685,0.0,0.0,0.0009228799939155579
1785290411.9779694,0.0,0.0,0.0009136319756507873
1785290411.9792645,0.0,0.0,0.0009225280284881591
1785290411.9805534,0.0,0.0,0.0009126719832420349
1785290411.9818463,0.0,0.0,0.0009154880046844483
1785290411.9831536,0.0,0.0,0.0009273279905319214
1785290411.9844472,0.0,0.0,0.0009153280258178711
1785290411.98574,0.0,0.0,0.000915776014328003
1785290411.9870374,0.0,0.0,0.0009202880263328552
1785290411.988352,0.0,0.0,0.0009086719751358033
1785290411.9896452,0.0,0.0,0.0009138240218162537
1785290411.9909256,0.0,0.0,0.000906112015247345
1785290411.99223,0.0,0.0,0.000911296010017395
1785290411.9935207,0.0,0.0,0.0009209280014038086
1785290411.9948006,0.0,0.0,0.0009053760170936585
1785290411.9961069,0.0,0.0,0.0009086400270462037
1785290411.9973931,0.0,0.0,0.0009142400026321411
1785290411.9986646,0.0,0.0,0.0008997439742088318
1785290412.0005188,0.0,0.0,0.0014777599573135376
1785290412.0018258,0.0,0.0,0.0009146239757537841
1785290412.0031545,0.0,0.0,0.0009459519982337952
1785290412.0044622,0.0,0.0,0.0009270399808883667
1785290412.005783,0.0,0.0,0.0009312000274658203
1785290412.0070689,0.0,0.0,0.0009034879803657532
1785290412.0083852,0.0,0.0,0.0009099839925765991
1785290412.00966,0.0,0.0,0.0008989760279655457
1785290412.0109284,0.0,0.0,0.000897376000881195
1785290412.0122378,0.0,0.0,0.0009174399971961975
1785290412.0135114,0.0,0.0,0.0009062719941139221
1785290412.0147908,0.0,0.0,0.0009040639996528625
1785290412.0161033,0.0,0.0,0.0009151039719581605
1785290412.0174038,0.0,0.0,0.0009217280149459839
1785290412.0186713,0.0,0.0,0.0008937600255012512
1785290412.0199904,0.0,0.0,0.0009408000111579895
1785290412.0212681,0.0,0.0,0.000904799997806549
1785290412.0225608,0.0,0.0,0.000916159987449646
1785290412.0238984,0.0,0.0,0.0009616000056266784
1785290412.0251763,0.0,0.0,0.0009052799940109253
1785290412.026467,0.0,0.0,0.0009153599739074706
1785290412.027781,0.0,0.0,0.0009414079785346985
1785290412.0290678,0.0,0.0,0.0009079040288925171
1785290412.0303504,0.0,0.0,0.000906175971031189
1785290412.0316656,0.0,0.0,0.0009400960206985473
1785290412.032969,0.0,0.0,0.0009251840114593506
1785290412.0342762,0.0,0.0,0.0009279680252075195
1785290412.0356112,0.0,0.0,0.0009552000164985657
1785290412.036895,0.0,0.0,0.0009072319865226745
1785290412.0381715,0.0,0.0,0.0009042879939079284
1785290412.0394728,0.0,0.0,0.0009262400269508361
1785290412.0407584,0.0,0.0,0.0009152320027351379
1785290412.04205,0.0,0.0,0.0009125440120697022
1785290412.0433517,0.0,0.0,0.0009271039962768555
1785290412.0446477,0.0,0.0,0.0009160320162773133
1785290412.0459275,0.0,0.0,0.0009064639806747436
1785290412.04723,0.0,0.0,0.0009280959963798523
1785290412.0485215,0.0,0.0,0.0009149439930915832
1785290412.049801,0.0,0.0,0.0009055039882659912
1785290412.0511339,0.0,0.0,0.000912064015865326
1785290412.052426,0.0,0.0,0.0009078720211982727
1785290412.0537214,0.0,0.0,0.0009225599765777588
1785290412.055584,0.0,0.0,0.0014803199768066407
1785290412.056894,0.0,0.0,0.0009224640130996704
1785290412.0581875,0.0,0.0,0.0009166719913482666
1785290412.059509,0.0,0.0,0.0009480000138282776
1785290412.0607953,0.0,0.0,0.0009089599847793579
1785290412.0620751,0.0,0.0,0.0009076480269432068
1785290412.063385,0.0,0.0,0.0009340479969978333
1785290412.0646708,0.0,0.0,0.0009138879776000976
1785290412.0659835,0.0,0.0,0.000908735990524292
1785290412.0672927,0.0,0.0,0.0009371520280838013
1785290412.0685875,0.0,0.0,0.0009225919842720032
1785290412.069875,0.0,0.0,0.0009112640023231506
1785290412.0711813,0.0,0.0,0.0009329599738121032
1785290412.0724697,0.0,0.0,0.0009107199907302856
1785290412.0737526,0.0,0.0,0.0009038079977035522
1785290412.0750422,0.0,0.0,0.000911679983139038
1785290412.0763643,0.0,0.0,0.0009169600009918213
1785290412.0776565,0.0,0.0,0.0009141759872436523
1785290412.0789485,0.0,0.0,0.0009132480025291443
1785290412.080292,0.0,0.0,0.000917631983757019
1785290412.081586,0.0,0.0,0.0009097279906272888
1785290412.0828667,0.0,0.0,0.0009019200205802918
1785290412.0841792,0.0,0.0,0.0009149119853973388
1785290412.0854592,0.0,0.0,0.0009031360149383545
1785290412.0867453,0.0,0.0,0.0009146879911422729
1785290412.0880747,0.0,0.0,0.0009313920140266419
1785290412.0893786,0.0,0.0,0.0009230080246925354
1785290412.0906754,0.0,0.0,0.0009153280258178711
1785290412.0921147,0.0,0.0,0.0009540799856185913
1785290412.0934174,0.0,0.0,0.0009200320243835449
1785290412.0947082,0.0,0.0,0.0009153599739074706
1785290412.0960102,0.0,0.0,0.0009313920140266419
1785290412.09729,0.0,0.0,0.0009032959938049316
1785290412.0985777,0.0,0.0,0.00091075199842453
1785290412.0999053,0.0,0.0,0.0009470080137252807
1785290412.1012,0.0,0.0,0.0009156479835510254
1785290412.1024816,0.0,0.0,0.0009008960127830505
1785290412.1037898,0.0,0.0,0.0009345600008964539
1785290412.105071,0.0,0.0,0.0009037119746208191
1785290412.1063628,0.0,0.0,0.0009171199798583984
1785290412.1076658,0.0,0.0,0.0009258559942245483
1785290412.1089482,0.0,0.0,0.0009054080247879029
1785290412.110786,0.0,0.0,0.001468127965927124
1785290412.11212,0.0,0.0,0.0009212480187416077
1785290412.1134038,0.0,0.0,0.0009108480215072632
1785290412.1146932,0.0,0.0,0.0009134079813957214
1785290412.1160073,0.0,0.0,0.0009326720237731933
1785290412.1172807,0.0,0.0,0.0008979200124740601
1785290412.1185646,0.0,0.0,0.0009063360095024109
1785290412.1198738,0.0,0.0,0.0009347519874572754
1785290412.1211686,0.0,0.0,0.0009215679764747619
1785290412.1224449,0.0,0.0,0.000906175971031189
1785290412.1237707,0.0,0.0,0.000952672004699707
1785290412.1250556,0.0,0.0,0.0009085760116577149
1785290412.126347,0.0,0.0,0.000914080023765564
1785290412.1276615,0.0,0.0,0.0009423040151596069
1785290412.128951,0.0,0.0,0.000911903977394104
1785290412.1302297,0.0,0.0,0.0009027519822120667
1785290412.1315536,0.0,0.0,0.0009390400052070618
1785290412.1328452,0.0,0.0,0.0009169279932975769
1785290412.1341088,0.0,0.0,0.0008924480080604553
1785290412.1354475,0.0,0.0,0.0009605439901351929
1785290412.1367486,0.0,0.0,0.0009236800074577332
1785290412.138036,0.0,0.0,0.0009096320271492005
1785290412.139338,0.0,0.0,0.0009281600117683411
1785290412.1406243,0.0,0.0,0.0009070720076560974
1785290412.1419003,0.0,0.0,0.0008962240219116211
1785290412.1432116,0.0,0.0,0.0009329919815063476
1785290412.1445034,0.0,0.0,0.0009100480079650879
1785290412.1457999,0.0,0.0,0.000913536012172699
1785290412.1471198,0.0,0.0,0.0009144960045814514
1785290412.148421,0.0,0.0,0.0009172160029411316
1785290412.1496875,0.0,0.0,0.000896511971950531
1785290412.1509662,0.0,0.0,0.0009080960154533386
1785290412.1522799,0.0,0.0,0.0009134399890899658
1785290412.1535664,0.0,0.0,0.0009147520065307617
1785290412.1548584,0.0,0.0,0.0009168959856033325
1785290412.1561592,0.0,0.0,0.0009057599902153015
1785290412.1574297,0.0,0.0,0.0009001920223236084
1785290412.158713,0.0,0.0,0.0009130240082740784
1785290412.1600337,0.0,0.0,0.0009471359848976135
1785290412.1613393,0.0,0.0,0.0009218239784240722
1785290412.1626222,0.0,0.0,0.0009072639942169189
1785290412.1639242,0.0,0.0,0.0009311360120773316
1785290412.1658173,0.0,0.0,0.0015161600112915039
1785290412.1671426,0.0,0.0,0.0009308480024337769
1785290412.168453,0.0,0.0,0.0009291200041770935
1785290412.1697402,0.0,0.0,0.0009165440201759339
1785290412.1710272,0.0,0.0,0.0009143360257148743
1785290412.1723413,0.0,0.0,0.0009170240163803101
1785290412.173609,0.0,0.0,0.0008961279988288879
1785290412.174886,0.0,0.0,0.0009078400135040283
1785290412.1761925,0.0,0.0,0.0009070079922676086
1785290412.1774683,0.0,0.0,0.0008996480107307434
1785290412.1787393,0.0,0.0,0.0008998720049858093
1785290412.1800504,0.0,0.0,0.000916703999042511
1785290412.1813362,0.0,0.0,0.000909824013710022
1785290412.182613,0.0,0.0,0.0009076160192489624
1785290412.1839182,0.0,0.0,0.0009378560185432434
1785290412.1852055,0.0,0.0,0.0009110720157623291
1785290412.1864927,0.0,0.0,0.0009056959748268128
1785290412.187784,0.0,0.0,0.0009183040261268615
1785290412.1890736,0.0,0.0,0.0009156799912452698
1785290412.190353,0.0,0.0,0.0009112640023231506
1785290412.1916833,0.0,0.0,0.0009514240026473999
1785290412.1929684,0.0,0.0,0.0009036480188369751
1785290412.194239,0.0,0.0,0.000900223970413208
1785290412.195547,0.0,0.0,0.0009340800046920777
1785290412.1968327,0.0,0.0,0.0009058560132980347
1785290412.198122,0.0,0.0,0.000915615975856781
1785290412.199429,0.0,0.0,0.0009367039799690246
1785290412.200724,0.0,0.0,0.0009153599739074706
1785290412.202007,0.0,0.0,0.0009142400026321411
1785290412.2033145,0.0,0.0,0.0009339200258255005
1785290412.204605,0.0,0.0,0.0009162240028381348
1785290412.2058904,0.0,0.0,0.000911296010017395
1785290412.2071998,0.0,0.0,0.0009352319836616516
1785290412.2084908,0.0,0.0,0.0009108800292015076
1785290412.2098136,0.0,0.0,0.000951200008392334
1785290412.2111228,0.0,0.0,0.0009133440256118775
1785290412.2124214,0.0,0.0,0.0009137600064277649
1785290412.2137148,0.0,0.0,0.0009192960262298583
1785290412.2150009,0.0,0.0,0.0009128320217132569
1785290412.2163157,0.0,0.0,0.0009154239892959595
1785290412.2175953,0.0,0.0,0.0009090880155563355
1785290412.2188964,0.0,0.0,0.0009067199826240539
1785290412.2208629,0.0,0.0,0.0015648959875106813
1785290412.2221792,0.0,0.0,0.0009305599927902222
1785290412.2234955,0.0,0.0,0.0009390720129013061
1785290412.224776,0.0,0.0,0.0009028800129890442
1785290412.2260594,0.0,0.0,0.0009026240110397339
1785290412.2273905,0.0,0.0,0.0009540799856185913
1785290412.228664,0.0,0.0,0.000897376000881195
1785290412.2299547,0.0,0.0,0.0009180160164833069
1785290412.2312586,0.0,0.0,0.0009280639886856079
1785290412.2325494,0.0,0.0,0.0009140160083770752
1785290412.233853,0.0,0.0,0.0009236159920692444
1785290412.2351582,0.0,0.0,0.0009296960234642028
1785290412.2364593,0.0,0.0,0.0009222080111503601
1785290412.2377622,0.0,0.0,0.0009257599711418151
1785290412.2390528,0.0,0.0,0.0009147199988365173
1785290412.240373,0.0,0.0,0.0009186879992485046
1785290412.2416701,0.0,0.0,0.0009160959720611573
1785290412.2429602,0.0,0.0,0.0009141119718551636
1785290412.244268,0.0,0.0,0.0009096959829330444
1785290412.2455528,0.0,0.0,0.0009081919789314271
1785290412.2468474,0.0,0.0,0.000921343982219696
1785290412.2481866,0.0,0.0,0.0009216960072517395
1785290412.249473,0.0,0.0,0.0009101439714431763
1785290412.2507367,0.0,0.0,0.0008927040100097656
1785290412.2520568,0.0,0.0,0.0009230719804763794
1785290412.2533572,0.0,0.0,0.000915615975856781
1785290412.2546291,0.0,0.0,0.0009045760035514831
1785290412.2559354,0.0,0.0,0.000934719979763031
1785290412.2572236,0.0,0.0,0.0009127359986305237
1785290412.2585073,0.0,0.0,0.0009103040099143982
1785290412.259821,0.0,0.0,0.0009397119879722595
1785290412.2610989,0.0,0.0,0.0008980159759521485
1785290412.2623758,0.0,0.0,0.0009021760225296021
1785290412.2636862,0.0,0.0,0.0009339200258255005
1785290412.2649662,0.0,0.0,0.0009034879803657532
1785290412.2662406,0.0,0.0,0.0008975679874420165
1785290412.2675729,0.0,0.0,0.0009549440145492554
1785290412.2688746,0.0,0.0,0.0009233279824256897
1785290412.2701485,0.0,0.0,0.0009043520092964172
1785290412.2714632,0.0,0.0,0.0009401599764823913
1785290412.2727523,0.0,0.0,0.0009134079813957214
1785290412.274048,0.0,0.0,0.000916703999042511
1785290412.2759094,0.0,0.0,0.0014770560264587402
1785290412.2772212,0.0,0.0,0.0009164800047874451
1785290412.278507,0.0,0.0,0.000912608027458191
1785290412.279831,0.0,0.0,0.0009450240135192871
1785290412.281115,0.0,0.0,0.0009008640050888061
1785290412.2824094,0.0,0.0,0.0009150400161743164
1785290412.2837431,0.0,0.0,0.000956384003162384
1785290412.2850406,0.0,0.0,0.0009146879911422729
1785290412.2863238,0.0,0.0,0.0009079999923706054
1785290412.2876334,0.0,0.0,0.0009355520009994507
1785290412.2889185,0.0,0.0,0.0009075520038604736
1785290412.290194,0.0,0.0,0.0009011520147323608
1785290412.291507,0.0,0.0,0.0009346240162849426
1785290412.2927928,0.0,0.0,0.0009106879830360412
1785290412.2940784,0.0,0.0,0.0009060159921646118
1785290412.2953904,0.0,0.0,0.0009353920221328735
1785290412.2966826,0.0,0.0,0.0009145280122756958
1785290412.2979589,0.0,0.0,0.0009041280150413513
1785290412.29927,0.0,0.0,0.0009373440146446228
1785290412.3005567,0.0,0.0,0.0009117760062217712
1785290412.3018274,0.0,0.0,0.0008999360203742981
1785290412.303156,0.0,0.0,0.0009530240297317505
1785290412.304467,0.0,0.0,0.0009233919978141785
1785290412.3057597,0.0,0.0,0.000916703999042511
1785290412.3070595,0.0,0.0,0.0009248960018157959
1785290412.3083665,0.0,0.0,0.0009028800129890442
1785290412.3096445,0.0,0.0,0.0009027519822120667
1785290412.3109179,0.0,0.0,0.000902400016784668
1785290412.3122437,0.0,0.0,0.0009304000139236451
1785290412.3135157,0.0,0.0,0.0008942400217056275
1785290412.3147736,0.0,0.0,0.0008844159841537476
1785290412.316072,0.0,0.0,0.0009030719995498657
1785290412.317341,0.0,0.0,0.0008997759819030762
1785290412.3186135,0.0,0.0,0.0008977599740028382
1785290412.3199387,0.0,0.0,0.0009491199851036072
1785290412.3212304,0.0,0.0,0.0009156799912452698
1785290412.3225029,0.0,0.0,0.0008998399972915649
1785290412.3238187,0.0,0.0,0.0009405440092086791
1785290412.325099,0.0,0.0,0.0009107840061187744
1785290412.3263857,0.0,0.0,0.0009104319810867309
1785290412.3276956,0.0,0.0,0.0009396799802780151
1785290412.3289773,0.0,0.0,0.0009022719860076904
1785290412.330866,0.0,0.0,0.0015119359493255616
1785290412.3321855,0.0,0.0,0.0009105600118637085
1785290412.3334696,0.0,0.0,0.0009085440039634705
1785290412.334739,0.0,0.0,0.0008970879912376403
1785290412.3360724,0.0,0.0,0.0009310719966888428
1785290412.3373616,0.0,0.0,0.0009105920195579529
1785290412.3386369,0.0,0.0,0.0008995839953422546
1785290412.3399372,0.0,0.0,0.0009266240000724793
1785290412.3412216,0.0,0.0,0.0009057919979095459
1785290412.3425033,0.0,0.0,0.0009057599902153015
1785290412.3438175,0.0,0.0,0.0009336320161819458
1785290412.3451178,0.0,0.0,0.0009151999950408935
1785290412.3464007,0.0,0.0,0.0009110720157623291
1785290412.347714,0.0,0.0,0.0009409599900245667
1785290412.349008,0.0,0.0,0.0009193599820137024
1785290412.350285,0.0,0.0,0.0009023039937019348
1785290412.3515944,0.0,0.0,0.0009349439740180969
1785290412.3528972,0.0,0.0,0.0009256960153579712
1785290412.3541718,0.0,0.0,0.0009042239785194397
1785290412.3554811,0.0,0.0,0.000935808002948761
1785290412.3567798,0.0,0.0,0.0009197760224342347
1785290412.3580487,0.0,0.0,0.0008964160084724426
1785290412.3593655,0.0,0.0,0.0009457280039787293
1785290412.3606539,0.0,0.0,0.0009111999869346618
1785290412.3619342,0.0,0.0,0.0009053760170936585
1785290412.3632472,0.0,0.0,0.0009405440092086791
1785290412.364536,0.0,0.0,0.0009145600199699402
1785290412.3658147,0.0,0.0,0.0009045439958572387
1785290412.36712,0.0,0.0,0.0009160320162773133
1785290412.3684103,0.0,0.0,0.0009099199771881104
1785290412.3696818,0.0,0.0,0.0008976320028305053
1785290412.3709717,0.0,0.0,0.0009162240028381348
1785290412.3722844,0.0,0.0,0.0009150400161743164
1785290412.3735795,0.0,0.0,0.0009172160029411316
1785290412.374868,0.0,0.0,0.0009115520119667053
1785290412.3761632,0.0,0.0,0.0009014080166816712
1785290412.3774533,0.0,0.0,0.0009150400161743164
1785290412.3787427,0.0,0.0,0.0009167360067367554
1785290412.3800337,0.0,0.0,0.0008940160274505615
1785290412.3813105,0.0,0.0,0.0009027519822120667
1785290412.3825936,0.0,0.0,0.0009098880290985108
1785290412.3839107,0.0,0.0,0.000944320023059845
1785290412.385724,0.0,0.0,0.0014330240488052367
1785290412.387032,0.0,0.0,0.0009145920276641846
1785290412.38835,0.0,0.0,0.0009077119827270507
1785290412.3896415,0.0,0.0,0.0009128320217132569
1785290412.3909247,0.0,0.0,0.0009062719941139221
1785290412.3922439,0.0,0.0,0.0009069439768791199
1785290412.3935275,0.0,0.0,0.0009081599712371827
1785290412.3948128,0.0,0.0,0.0009162240028381348
1785290412.3961256,0.0,0.0,0.0009100480079650879
1785290412.397401,0.0,0.0,0.0009020799994468689
1785290412.3986857,0.0,0.0,0.0009110720157623291
1785290412.3999836,0.0,0.0,0.0009265919923782349
1785290412.4012697,0.0,0.0,0.0009126399755477906
1785290412.4025497,0.0,0.0,0.0009060159921646118
1785290412.4038901,0.0,0.0,0.0009622399806976319
1785290412.4051888,0.0,0.0,0.0009226239919662476
1785290412.4064746,0.0,0.0,0.000914463996887207
1785290412.4078252,0.0,0.0,0.0009314879775047302
1785290412.4091408,0.0,0.0,0.0009256640076637268
1785290412.4104226,0.0,0.0,0.0009068800210952759
1785290412.4117372,0.0,0.0,0.0009390400052070618
1785290412.413023,0.0,0.0,0.0009073920249938965
1785290412.4143097,0.0,0.0,0.0009079040288925171
1785290412.4156606,0.0,0.0,0.0009747520089149475
1785290412.416935,0.0,0.0,0.0008977599740028382
1785290412.4182155,0.0,0.0,0.0009052159786224366
1785290412.419514,0.0,0.0,0.000923520028591156
1785290412.4208064,0.0,0.0,0.0009181439876556396
1785290412.4220846,0.0,0.0,0.0009003520011901855
1785290412.4233902,0.0,0.0,0.0009243199825286865
1785290412.4246833,0.0,0.0,0.0009131839871406555
1785290412.4259732,0.0,0.0,0.0009109439849853515
1785290412.4272869,0.0,0.0,0.0009404159784317017
1785290412.4285905,0.0,0.0,0.000926367998123169
1785290412.4298959,0.0,0.0,0.0009215360283851623
1785290412.431204,0.0,0.0,0.0009281600117683411
1785290412.432491,0.0,0.0,0.0009010239839553834
1785290412.4337773,0.0,0.0,0.0009097599983215332
1785290412.4350698,0.0,0.0,0.0009149439930915832
1785290412.436376,0.0,0.0,0.0009091519713401795
1785290412.4376538,0.0,0.0,0.0009052479863166809
1785290412.4389498,0.0,0.0,0.0009217280149459839
1785290412.4408092,0.0,0.0,0.0014566080570220948
1785290412.4421227,0.0,0.0,0.0009221119880676269
1785290412.4434493,0.0,0.0,0.0009503999948501587
1785290412.4447246,0.0,0.0,0.0008996480107307434
1785290412.446002,0.0,0.0,0.0009047679901123047
1785290412.4473202,0.0,0.0,0.0009470080137252807
1785290412.448602,0.0,0.0,0.0009029120206832886
1785290412.449885,0.0,0.0,0.000906112015247345
1785290412.4511888,0.0,0.0,0.0009318079948425293
1785290412.45247,0.0,0.0,0.0009071679711341858
1785290412.453734,0.0,0.0,0.0008897280097007751
1785290412.45503,0.0,0.0,0.0009228159785270691
1785290412.4563334,0.0,0.0,0.0009037759900093078
1785290412.45762,0.0,0.0,0.0009100480079650879
1785290412.458903,0.0,0.0,0.0009093760251998902
1785290412.4602284,0.0,0.0,0.0009194239974021912
1785290412.4615095,0.0,0.0,0.0009051839709281922
1785290412.462786,0.0,0.0,0.0009017279744148255
1785290412.464113,0.0,0.0,0.0009254080057144165
1785290412.4653876,0.0,0.0,0.0008992639780044556
1785290412.4666755,0.0,0.0,0.0009116479754447938
1785290412.4679837,0.0,0.0,0.0009356160163879394
1785290412.4692585,0.0,0.0,0.0008970879912376403
1785290412.4705148,0.0,0.0,0.0008887680172920227
1785290412.471835,0.0,0.0,0.0009500160217285156
1785290412.4731257,0.0,0.0,0.0009085119962692261
1785290412.4744055,0.0,0.0,0.000908896028995514
1785290412.475705,0.0,0.0,0.0009269760251045227
1785290412.476985,0.0,0.0,0.0009043840169906616
1785290412.4782724,0.0,0.0,0.0009143999814987182
1785290412.4795895,0.0,0.0,0.0009441919922828675
1785290412.480882,0.0,0.0,0.0009145920276641846
1785290412.482171,0.0,0.0,0.000912608027458191
1785290412.4834895,0.0,0.0,0.0009424960017204285
1785290412.4847887,0.0,0.0,0.0009217600226402282
1785290412.4860804,0.0,0.0,0.0009159039855003357
1785290412.4873881,0.0,0.0,0.0009295039772987365
1785290412.4886615,0.0,0.0,0.0008928639888763428
1785290412.4899483,0.0,0.0,0.0009166399836540222
1785290412.4912512,0.0,0.0,0.0009272639751434326
1785290412.492533,0.0,0.0,0.0009045119881629943
1785290412.493818,0.0,0.0,0.0009074239730834961
1785290412.4951212,0.0,0.0,0.000908352017402649
1785290412.49692,0.0,0.0,0.0009307839870452881
1785290412.4982026,0.0,0.0,0.0008988800048828125
1785290412.4995215,0.0,0.0,0.0009487360119819641
1785290412.500809,0.0,0.0,0.000910207986831665
1785290412.5020864,0.0,0.0,0.0009066879749298096
1785290412.5033894,0.0,0.0,0.0009333760142326354
1785290412.5046773,0.0,0.0,0.0009132159948348999
1785290412.5059404,0.0,0.0,0.0008936960101127624
1785290412.5072465,0.0,0.0,0.0009354879856109619
1785290412.5085511,0.0,0.0,0.0009292479753494262
1785290412.5098128,0.0,0.0,0.0008823040127754211
1785290412.5111105,0.0,0.0,0.0009047359824180602
1785290412.5124018,0.0,0.0,0.0009123520255088807
1785290412.513685,0.0,0.0,0.00091212797164917
1785290412.5149796,0.0,0.0,0.0009225280284881591
1785290412.5162907,0.0,0.0,0.0009126719832420349
1785290412.517574,0.0,0.0,0.0009075199961662292
1785290412.5188608,0.0,0.0,0.0009132159948348999
1785290412.520179,0.0,0.0,0.000927232027053833
1785290412.521455,0.0,0.0,0.0008991360068321228
1785290412.522735,0.0,0.0,0.0009076160192489624
1785290412.5240276,0.0,0.0,0.00092467200756073
1785290412.52531,0.0,0.0,0.0009102720022201538
1785290412.5265923,0.0,0.0,0.0009084479808807373
1785290412.5279253,0.0,0.0,0.0009582080245018005
1785290412.5292263,0.0,0.0,0.000921343982219696
1785290412.5306108,0.0,0.0,0.0009172160029411316
1785290412.5319307,0.0,0.0,0.0009445760250091553
1785290412.533222,0.0,0.0,0.0009111040234565735
1785290412.534524,0.0,0.0,0.0009213759899139404
1785290412.5358486,0.0,0.0,0.0009367039799690246
1785290412.5371494,0.0,0.0,0.0009216639995574951
1785290412.53843,0.0,0.0,0.0009094719886779785
1785290412.539754,0.0,0.0,0.0009505919814109802
1785290412.541017,0.0,0.0,0.0008880320191383362
1785290412.542303,0.0,0.0,0.0009149119853973388
1785290412.543619,0.0,0.0,0.0009404799938201905
1785290412.5449216,0.0,0.0,0.0009254400134086609
1785290412.5461917,0.0,0.0,0.0008967040181159973
1785290412.5475154,0.0,0.0,0.0009488959908485413
1785290412.5487938,0.0,0.0,0.0008976320028305053
1785290412.550058,0.0,0.0,0.0008955199718475342
1785290412.5519836,0.0,0.0,0.0009477120041847228
1785290412.5532832,0.0,0.0,0.00090556800365448
1785290412.5545657,0.0,0.0,0.0009056000113487244
1785290412.555857,0.0,0.0,0.0009154559969902039
1785290412.557128,0.0,0.0,0.0008993600010871887
1785290412.558438,0.0,0.0,0.0009304320216178894
1785290412.5597615,0.0,0.0,0.0009471039772033691
1785290412.5610502,0.0,0.0,0.0009136959910392761
1785290412.5623226,0.0,0.0,0.0008963519930839538
1785290412.5636377,0.0,0.0,0.0009322559833526611
1785290412.564915,0.0,0.0,0.0008959680199623108
1785290412.5662127,0.0,0.0,0.0009161279797554016
1785290412.567529,0.0,0.0,0.0009382079839706421
1785290412.5688183,0.0,0.0,0.0009071360230445862
1785290412.5701013,0.0,0.0,0.0009094079732894898
1785290412.571397,0.0,0.0,0.0009212480187416077
1785290412.5726764,0.0,0.0,0.0009026560187339783
1785290412.5739534,0.0,0.0,0.0009046720266342163
1785290412.5752735,0.0,0.0,0.0009489279985427857
1785290412.576571,0.0,0.0,0.0009173120260238647
1785290412.5778408,0.0,0.0,0.0008954240083694458
1785290412.579145,0.0,0.0,0.0009258880019187927
1785290412.5804474,0.0,0.0,0.0009237120151519776
1785290412.5817356,0.0,0.0,0.0009117119908332824
1785290412.583003,0.0,0.0,0.0008994240164756775
1785290412.5843399,0.0,0.0,0.0009167360067367554
1785290412.585602,0.0,0.0,0.0008883200287818909
1785290412.5868895,0.0,0.0,0.0009125440120697022
1785290412.588188,0.0,0.0,0.000904703974723816
1785290412.589476,0.0,0.0,0.0009139519929885864
1785290412.5907614,0.0,0.0,0.0009146559834480285
1785290412.5920765,0.0,0.0,0.0009206079840660095
1785290412.593353,0.0,0.0,0.000903328001499176
1785290412.5946429,0.0,0.0,0.0009145920276641846
1785290412.5959513,0.0,0.0,0.0009372479915618897
1785290412.597238,0.0,0.0,0.0009136319756507873
1785290412.598512,0.0,0.0,0.0009033920168876648
1785290412.5998285,0.0,0.0,0.0009336959719657898
1785290412.6011095,0.0,0.0,0.0009064639806747436
1785290412.6023881,0.0,0.0,0.0009039999842643737
1785290412.603721,0.0,0.0,0.0009528639912605286
1785290412.6050153,0.0,0.0,0.0009201599955558777
1785290412.6068144,0.0,0.0,0.0014219839572906495
1785290412.608141,0.0,0.0,0.0009101439714431763
1785290412.609418,0.0,0.0,0.0009027519822120667
1785290412.6106844,0.0,0.0,0.000891264021396637
1785290412.611982,0.0,0.0,0.0009222080111503601
1785290412.613269,0.0,0.0,0.0009073600172996521
1785290412.6145623,0.0,0.0,0.000912608027458191
1785290412.6158683,0.0,0.0,0.0009314879775047302
1785290412.6171968,0.0,0.0,0.0009114559888839721
1785290412.6184947,0.0,0.0,0.0009115520119667053
1785290412.6198008,0.0,0.0,0.0009308800101280213
1785290412.621087,0.0,0.0,0.0009056640267372132
1785290412.6223726,0.0,0.0,0.0009103999733924866
1785290412.6236877,0.0,0.0,0.0009405440092086791
1785290412.6249807,0.0,0.0,0.000914463996887207
1785290412.626265,0.0,0.0,0.0009141119718551636
1785290412.6275704,0.0,0.0,0.0009301120042800904
1785290412.6288548,0.0,0.0,0.0009089919924736023
1785290412.6301236,0.0,0.0,0.0008972160220146179
1785290412.6314495,0.0,0.0,0.0009364479780197143
1785290412.6327333,0.0,0.0,0.0009032319784164429
1785290412.6340177,0.0,0.0,0.0009152320027351379
1785290412.6353185,0.0,0.0,0.0009307519793510437
1785290412.636599,0.0,0.0,0.0009025279879570007
1785290412.6378767,0.0,0.0,0.0009008960127830505
1785290412.6391935,0.0,0.0,0.0009461439847946167
1785290412.6404881,0.0,0.0,0.0009124159812927246
1785290412.6417742,0.0,0.0,0.0009118080139160156
1785290412.6430557,0.0,0.0,0.0009083840250968933
1785290412.6443734,0.0,0.0,0.0009161919951438904
1785290412.6456473,0.0,0.0,0.0009077759981155395
1785290412.6469195,0.0,0.0,0.0008963840007781982
1785290412.6482139,0.0,0.0,0.0008950719833374024
1785290412.649496,0.0,0.0,0.0009057599902153015
1785290412.6507843,0.0,0.0,0.0009126399755477906
1785290412.6521058,0.0,0.0,0.0009151359796524047
1785290412.653377,0.0,0.0,0.0008942400217056275
1785290412.6546586,0.0,0.0,0.0009058560132980347
1785290412.6559908,0.0,0.0,0.0009559040069580078
1785290412.6572857,0.0,0.0,0.0009132159948348999
1785290412.6585815,0.0,0.0,0.0009208319783210754
1785290412.6598873,0.0,0.0,0.0009310719966888428
1785290412.6617136,0.0,0.0,0.0014552639722824096
1785290412.6629946,0.0,0.0,0.0008964800238609314
1785290412.664309,0.0,0.0,0.0009075199961662292
1785290412.6655924,0.0,0.0,0.0009019839763641358
1785290412.6668708,0.0,0.0,0.0009030079841613769
1785290412.6681857,0.0,0.0,0.0009116160273551941
1785290412.6694627,0.0,0.0,0.000904703974723816
1785290412.6707346,0.0,0.0,0.0009034240245819092
1785290412.672044,0.0,0.0,0.0009393919706344604
1785290412.6733158,0.0,0.0,0.0008955199718475342
1785290412.6745877,0.0,0.0,0.0009004799723625183
1785290412.6758995,0.0,0.0,0.0009422720074653625
1785290412.6771955,0.0,0.0,0.0009150720238685608
1785290412.6784887,0.0,0.0,0.0009172800183296204
1785290412.6797996,0.0,0.0,0.0009385920166969299
1785290412.681083,0.0,0.0,0.0009083840250968933
1785290412.6823635,0.0,0.0,0.0009065279960632324
1785290412.6836767,0.0,0.0,0.0009387840032577515
1785290412.6849558,0.0,0.0,0.000904799997806549
1785290412.6862316,0.0,0.0,0.0009054080247879029
1785290412.6875355,0.0,0.0,0.0009277759790420532
1785290412.6888251,0.0,0.0,0.0009127359986305237
1785290412.690103,0.0,0.0,0.0008983359932899475
1785290412.6914096,0.0,0.0,0.0009254080057144165
1785290412.6927047,0.0,0.0,0.000921343982219696
1785290412.6939843,0.0,0.0,0.0008998720049858093
1785290412.6953232,0.0,0.0,0.0009588800072669983
1785290412.6966302,0.0,0.0,0.0009282879829406738
1785290412.6979063,0.0,0.0,0.0009003199934959411
1785290412.6992056,0.0,0.0,0.0009274240136146546
1785290412.7004938,0.0,0.0,0.0009078720211982727
1785290412.7017865,0.0,0.0,0.0009107840061187744
1785290412.7030725,0.0,0.0,0.0009157440066337586
1785290412.7043889,0.0,0.0,0.0009171519875526428
1785290412.705666,0.0,0.0,0.0009005119800567627
1785290412.7069368,0.0,0.0,0.0008975039720535279
1785290412.7082424,0.0,0.0,0.0009017279744148255
1785290412.7095132,0.0,0.0,0.0008976320028305053
1785290412.710801,0.0,0.0,0.0009097920060157776
1785290412.7121077,0.0,0.0,0.0009074879884719848
1785290412.7133858,0.0,0.0,0.000900704026222229
1785290412.7146783,0.0,0.0,0.0009174079895019531
1785290412.716463,0.0,0.0,0.0014109439849853515
1785290412.7177646,0.0,0.0,0.0009101120233535767
1785290412.7190442,0.0,0.0,0.0009004480242729187
1785290412.7203608,0.0,0.0,0.0009096320271492005
1785290412.7216425,0.0,0.0,0.0009070079922676086
1785290412.7229364,0.0,0.0,0.0009181439876556396
1785290412.7242396,0.0,0.0,0.0009095360040664673
1785290412.7255113,0.0,0.0,0.0008993920087814331
1785290412.7267773,0.0,0.0,0.0008964160084724426
1785290412.728094,0.0,0.0,0.0009209920167922974
1785290412.7293947,0.0,0.0,0.0009228159785270691
1785290412.7306683,0.0,0.0,0.0009018239974975586
1785290412.7319822,0.0,0.0,0.000935808002948761
1785290412.7332582,0.0,0.0,0.0009018880128860474
1785290412.7345285,0.0,0.0,0.0008999040126800537
1785290412.735852,0.0,0.0,0.0009491199851036072
1785290412.7371323,0.0,0.0,0.0009038079977035522
1785290412.7384267,0.0,0.0,0.0009180799722671508
1785290412.7397273,0.0,0.0,0.000925055980682373
1785290412.7410274,0.0,0.0,0.0009183040261268615
1785290412.7423172,0.0,0.0,0.0009142079949378967
1785290412.743631,0.0,0.0,0.0009355199933052063
1785290412.7449248,0.0,0.0,0.0009175999760627746
1785290412.746206,0.0,0.0,0.0009086400270462037
1785290412.7475107,0.0,0.0,0.0009328640103340149
1785290412.7488065,0.0,0.0,0.000913856029510498
1785290412.7500968,0.0,0.0,0.0009140480160713196
1785290412.7514153,0.0,0.0,0.0009492480158805847
1785290412.7526999,0.0,0.0,0.0009051200151443482
1785290412.7539814,0.0,0.0,0.0009077439904212951
1785290412.7552779,0.0,0.0,0.0009218239784240722
1785290412.7565665,0.0,0.0,0.0009164800047874451
1785290412.7578304,0.0,0.0,0.0008919039964675903
1785290412.7591274,0.0,0.0,0.0008961600065231323
1785290412.7604158,0.0,0.0,0.0009103360176086426
1785290412.7617068,0.0,0.0,0.0009190719723701477
1785290412.7629821,0.0,0.0,0.000903872013092041
1785290412.764287,0.0,0.0,0.0009092159867286682
1785290412.7655585,0.0,0.0,0.0008953920006752014
1785290412.7668452,0.0,0.0,0.0009061440229415894
1785290412.7681432,0.0,0.0,0.0009026560187339783
1785290412.7694204,0.0,0.0,0.0008981119990348816
1785290412.77126,0.0,0.0,0.0014637759923934936
1785290412.7725768,0.0,0.0,0.0009258880019187927
1785290412.7738664,0.0,0.0,0.000911903977394104
1785290412.775181,0.0,0.0,0.0009390400052070618
1785290412.7764678,0.0,0.0,0.0009126719832420349
1785290412.7777476,0.0,0.0,0.0009054080247879029
1785290412.7790303,0.0,0.0,0.0009114239811897277
1785290412.780351,0.0,0.0,0.0009210559725761413
1785290412.7816272,0.0,0.0,0.0009008640050888061
1785290412.7829094,0.0,0.0,0.0009072639942169189
1785290412.7842302,0.0,0.0,0.0009053440093994141
1785290412.7855105,0.0,0.0,0.0009070079922676086
1785290412.786801,0.0,0.0,0.0009128000140190125
1785290412.7881012,0.0,0.0,0.0009079040288925171
1785290412.7893856,0.0,0.0,0.0009077439904212951
1785290412.7906754,0.0,0.0,0.0009184319972991943
1785290412.7919946,0.0,0.0,0.0009407039880752564
1785290412.7932715,0.0,0.0,0.0009033920168876648
1785290412.7945535,0.0,0.0,0.0009142720103263855
1785290412.7958574,0.0,0.0,0.0009337279796600342
1785290412.797136,0.0,0.0,0.0009076480269432068
1785290412.7984242,0.0,0.0,0.0009099199771881104
1785290412.7997215,0.0,0.0,0.0009234240055084229
1785290412.801015,0.0,0.0,0.0009133120179176331
1785290412.802299,0.0,0.0,0.0009088000059127808
1785290412.8036163,0.0,0.0,0.0009437119960784912
1785290412.804903,0.0,0.0,0.0009014719724655152
1785290412.8061821,0.0,0.0,0.000902400016784668
1785290412.8075063,0.0,0.0,0.0009533759951591492
1785290412.8088055,0.0,0.0,0.0009168639779090881
1785290412.8100717,0.0,0.0,0.0008974720239639282
1785290412.811363,0.0,0.0,0.0009160959720611573
1785290412.8126574,0.0,0.0,0.0009164159893989563
1785290412.813937,0.0,0.0,0.0009071360230445862
1785290412.8152416,0.0,0.0,0.0009355520009994507
1785290412.8165271,0.0,0.0,0.0009148160219192505
1785290412.817792,0.0,0.0,0.0008924160003662109
1785290412.819069,0.0,0.0,0.000905023992061615
1785290412.8203883,0.0,0.0,0.0009247040152549744
1785290412.8216743,0.0,0.0,0.0009136639833450317
1785290412.8229375,0.0,0.0,0.0008920320272445679
1785290412.824247,0.0,0.0,0.0009122239947319031
1785290412.8255374,0.0,0.0,0.000912992000579834
1785290412.8273668,0.0,0.0,0.000942080020904541
1785290412.8286746,0.0,0.0,0.0009268159866333008
1785290412.829958,0.0,0.0,0.000908128023147583
1785290412.8312862,0.0,0.0,0.0009536640048027038
1785290412.8325791,0.0,0.0,0.0009111040234565735
1785290412.8338428,0.0,0.0,0.0008885120153427124
1785290412.83517,0.0,0.0,0.0009503359794616699
1785290412.8364515,0.0,0.0,0.0008988159894943237
1785290412.8377259,0.0,0.0,0.0009027519822120667
1785290412.8390243,0.0,0.0,0.0009242560267448425
1785290412.8403492,0.0,0.0,0.0009223679900169372
1785290412.8416338,0.0,0.0,0.000912992000579834
1785290412.8429403,0.0,0.0,0.0009309120178222656
1785290412.8442411,0.0,0.0,0.0009060479998588562
1785290412.8455293,0.0,0.0,0.0009161279797554016
1785290412.846807,0.0,0.0,0.0009029759764671326
1785290412.8481045,0.0,0.0,0.0008958719968795776
1785290412.8493934,0.0,0.0,0.0009124799966812134
1785290412.8506832,0.0,0.0,0.0009173439741134643
1785290412.8520193,0.0,0.0,0.0009253439903259277
1785290412.853311,0.0,0.0,0.0009135040044784546
1785290412.854592,0.0,0.0,0.0009067519903182983
1785290412.8558908,0.0,0.0,0.0009241920113563538
1785290412.8571754,0.0,0.0,0.0009104959964752197
1785290412.8584604,0.0,0.0,0.0009111359715461731
1785290412.859769,0.0,0.0,0.0009314879775047302
1785290412.8610463,0.0,0.0,0.0009020479917526245
1785290412.8623211,0.0,0.0,0.0008998399972915649
1785290412.8636596,0.0,0.0,0.0009631680250167847
1785290412.864948,0.0,0.0,0.0009090240001678467
1785290412.8662336,0.0,0.0,0.0009136319756507873
1785290412.867546,0.0,0.0,0.0009417279958724976
1785290412.868821,0.0,0.0,0.0008984320163726807
1785290412.8700979,0.0,0.0,0.0009051200151443482
1785290412.8713944,0.0,0.0,0.0009207360148429871
1785290412.8726718,0.0,0.0,0.0009011840224266052
1785290412.8739564,0.0,0.0,0.0009104959964752197
1785290412.8752694,0.0,0.0,0.0009354239702224731
1785290412.8765633,0.0,0.0,0.0009151679873466491
1785290412.8778443,0.0,0.0,0.0009088640213012696
1785290412.8791552,0.0,0.0,0.0009402239918708801
1785290412.8804488,0.0,0.0,0.0009125440120697022
1785290412.8822825,0.0,0.0,0.0014587199687957763
1785290412.8836143,0.0,0.0,0.0009473599791526794
1785290412.8849118,0.0,0.0,0.0009156799912452698
1785290412.8861992,0.0,0.0,0.0009132480025291443
1785290412.8875043,0.0,0.0,0.0009294080138206482
1785290412.8887916,0.0,0.0,0.0009067519903182983
1785290412.890076,0.0,0.0,0.0009119679927825928
1785290412.8914022,0.0,0.0,0.0009502720236778259
1785290412.8927042,0.0,0.0,0.0009209280014038086
1785290412.893999,0.0,0.0,0.0009205759763717651
1785290412.8953357,0.0,0.0,0.0009561920166015625
1785290412.8966293,0.0,0.0,0.0009145600199699402
1785290412.897918,0.0,0.0,0.0009148160219192505
1785290412.8992257,0.0,0.0,0.0009353920221328735
1785290412.9005232,0.0,0.0,0.0009139519929885864
1785290412.901812,0.0,0.0,0.0009171839952468872
1785290412.9030862,0.0,0.0,0.0009048640131950379
1785290412.9043767,0.0,0.0,0.0008961279988288879
1785290412.9056585,0.0,0.0,0.0009096639752388001
1785290412.906941,0.0,0.0,0.0009097920060157776
1785290412.908232,0.0,0.0,0.0008962879776954651
1785290412.9095092,0.0,0.0,0.0009052799940109253
1785290412.9107857,0.0,0.0,0.0008994879722595215
1785290412.912116,0.0,0.0,0.0009306560158729553
1785290412.9134061,0.0,0.0,0.0009136319756507873
1785290412.914687,0.0,0.0,0.0009081599712371827
1785290412.9160028,0.0,0.0,0.000939903974533081
1785290412.917291,0.0,0.0,0.0009084479808807373
1785290412.9185708,0.0,0.0,0.0009067519903182983
1785290412.9199033,0.0,0.0,0.0009532480239868164
1785290412.9211824,0.0,0.0,0.000904703974723816
1785290412.9224603,0.0,0.0,0.0008982719779014588
1785290412.9237728,0.0,0.0,0.0009387519955635071
1785290412.9250805,0.0,0.0,0.0009271039962768555
1785290412.926359,0.0,0.0,0.0009052799940109253
1785290412.9276702,0.0,0.0,0.0009371520280838013
1785290412.9289474,0.0,0.0,0.0009005759954452514
1785290412.9302251,0.0,0.0,0.0009072960019111633
1785290412.9315257,0.0,0.0,0.0009295039772987365
1785290412.932804,0.0,0.0,0.0009025920033454895
1785290412.934099,0.0,0.0,0.0009148480296134948
1785290412.9354079,0.0,0.0,0.0009332799911499024
1785290412.9371884,0.0,0.0,0.0014051200151443482
1785290412.9384875,0.0,0.0,0.000913856029510498
1785290412.939813,0.0,0.0,0.0009507840275764465
1785290412.9411118,0.0,0.0,0.0009198399782180786
1785290412.9424024,0.0,0.0,0.0009205759763717651
1785290412.9437165,0.0,0.0,0.000939520001411438
1785290412.9450026,0.0,0.0,0.0009069120287895203
1785290412.9462926,0.0,0.0,0.000915391981601715
1785290412.9476032,0.0,0.0,0.000935808002948761
1785290412.9488943,0.0,0.0,0.0009149439930915832
1785290412.9501724,0.0,0.0,0.0009013440012931824
1785290412.9514763,0.0,0.0,0.0009284800291061401
1785290412.9527555,0.0,0.0,0.0008998720049858093
1785290412.9540548,0.0,0.0,0.0009213119745254516
1785290412.955351,0.0,0.0,0.0009239680171012879
1785290412.9566393,0.0,0.0,0.0009117439985275268
1785290412.9579208,0.0,0.0,0.0009114559888839721
1785290412.9592214,0.0,0.0,0.0009223999977111816
1785290412.960493,0.0,0.0,0.0008973119854927063
1785290412.961778,0.0,0.0,0.0009134719967842102
1785290412.9630632,0.0,0.0,0.0009096000194549561
1785290412.9643812,0.0,0.0,0.0009104319810867309
1785290412.9656582,0.0,0.0,0.0009054719805717469
1785290412.9669342,0.0,0.0,0.0009050880074501038
1785290412.9683518,0.0,0.0,0.0009325439929962158
1785290412.9696305,0.0,0.0,0.0008990079760551453
1785290412.9708943,0.0,0.0,0.0008903359770774842
1785290412.972207,0.0,0.0,0.0009135680198669434
1785290412.973494,0.0,0.0,0.0009147840142250061
1785290412.9747632,0.0,0.0,0.0008970879912376403
1785290412.9761112,0.0,0.0,0.0009329280257225036
1785290412.9773972,0.0,0.0,0.0009080960154533386
1785290412.978684,0.0,0.0,0.0009103360176086426
1785290412.9799867,0.0,0.0,0.0009270719885826111
1785290412.981263,0.0,0.0,0.0009031360149383545
1785290412.982555,0.0,0.0,0.0009162560105323792
1785290412.9838681,0.0,0.0,0.0009363840222358703
1785290412.9851565,0.0,0.0,0.0009097599983215332
1785290412.9864454,0.0,0.0,0.0009176959991455078
1785290412.9877598,0.0,0.0,0.000935263991355896
1785290412.9890635,0.0,0.0,0.0009240959882736206
1785290412.99036,0.0,0.0,0.000916703999042511
1785290412.9922516,0.0,0.0,0.0015198400020599366
1785290412.9935668,0.0,0.0,0.0009220799803733825
1785290412.994861,0.0,0.0,0.0009169920086860657
1785290412.996178,0.0,0.0,0.0009154880046844483
1785290412.997456,0.0,0.0,0.0009035199880599975
1785290412.9987423,0.0,0.0,0.0009127359986305237
1785290413.0000584,0.0,0.0,0.0009196479916572571
1785290413.0013506,0.0,0.0,0.0009166719913482666
1785290413.0026357,0.0,0.0,0.0009129599928855896
1785290413.0039442,0.0,0.0,0.000933023989200592
1785290413.0052373,0.0,0.0,0.0009103999733924866
1785290413.0065393,0.0,0.0,0.0009281920194625854
1785290413.007869,0.0,0.0,0.0009426559805870056
1785290413.0091503,0.0,0.0,0.000895904004573822
1785290413.0104356,0.0,0.0,0.0009083200097084045
1785290413.0117505,0.0,0.0,0.000942080020904541
1785290413.0130515,0.0,0.0,0.0009237440228462219
1785290413.0143397,0.0,0.0,0.0009136319756507873
1785290413.0156431,0.0,0.0,0.0009293760061264038
1785290413.016924,0.0,0.0,0.0009079999923706054
1785290413.018204,0.0,0.0,0.0009102720022201538
1785290413.0195057,0.0,0.0,0.0009291520118713379
1785290413.0207882,0.0,0.0,0.0009079359769821167
1785290413.022077,0.0,0.0,0.0009182720184326172
1785290413.023384,0.0,0.0,0.0009333760142326354
1785290413.0246694,0.0,0.0,0.0009089919924736023
1785290413.0259452,0.0,0.0,0.0009046400189399719
1785290413.0272543,0.0,0.0,0.0009368960261344909
1785290413.0285392,0.0,0.0,0.0009109759926795959
1785290413.0298235,0.0,0.0,0.0009091839790344238
1785290413.031148,0.0,0.0,0.0009095360040664673
1785290413.0324473,0.0,0.0,0.0009152640104293823
1785290413.0337355,0.0,0.0,0.0009159359931945801
1785290413.0350223,0.0,0.0,0.0009140480160713196
1785290413.0363474,0.0,0.0,0.0009209920167922974
1785290413.0376213,0.0,0.0,0.0008977919816970826
1785290413.0388985,0.0,0.0,0.0009050880074501038
1785290413.0402193,0.0,0.0,0.0009192960262298583
1785290413.041502,0.0,0.0,0.0009030399918556213
1785290413.0427787,0.0,0.0,0.0009066879749298096
1785290413.0441062,0.0,0.0,0.0009319999814033508
1785290413.0453963,0.0,0.0,0.0009112640023231506
1785290413.0472362,0.0,0.0,0.001466207981109619
1785290413.0485578,0.0,0.0,0.0009316800236701965
1785290413.0498502,0.0,0.0,0.0009158080220222474
1785290413.051167,0.0,0.0,0.0009383040070533753
1785290413.052455,0.0,0.0,0.0009101439714431763
1785290413.0537324,0.0,0.0,0.0009002559781074524
1785290413.0550187,0.0,0.0,0.000912447988986969
1785290413.0563438,0.0,0.0,0.0009216960072517395
1785290413.0576375,0.0,0.0,0.0009127039909362793
1785290413.0589206,0.0,0.0,0.0009054719805717469
1785290413.0602276,0.0,0.0,0.0009118720293045044
1785290413.0615122,0.0,0.0,0.0009143679738044739
1785290413.0627904,0.0,0.0,0.0009108480215072632
1785290413.0640957,0.0,0.0,0.0009106879830360412
1785290413.065383,0.0,0.0,0.0009077439904212951
1785290413.0666637,0.0,0.0,0.0009047359824180602
1785290413.0679944,0.0,0.0,0.0009549760222434998
1785290413.0692818,0.0,0.0,0.0009057279825210571
1785290413.0705504,0.0,0.0,0.0008952320218086243
1785290413.0718777,0.0,0.0,0.0009551039934158326
1785290413.0731637,0.0,0.0,0.0009085760116577149
1785290413.074452,0.0,0.0,0.0009109119772911071
1785290413.0757518,0.0,0.0,0.0009252799749374389
1785290413.077043,0.0,0.0,0.0009118720293045044
1785290413.078321,0.0,0.0,0.000906112015247345
1785290413.0796356,0.0,0.0,0.0009450240135192871
1785290413.0809314,0.0,0.0,0.0009136959910392761
1785290413.0822031,0.0,0.0,0.0009018239974975586
1785290413.0835092,0.0,0.0,0.0009334400296211242
1785290413.0848057,0.0,0.0,0.0009146559834480285
1785290413.0860772,0.0,0.0,0.0009011200070381164
1785290413.0874088,0.0,0.0,0.0009612799882888794
1785290413.0887034,0.0,0.0,0.0009151999950408935
1785290413.0899835,0.0,0.0,0.0009001920223236084
1785290413.0912786,0.0,0.0,0.0009221119880676269
1785290413.0925586,0.0,0.0,0.0009026240110397339
1785290413.0938437,0.0,0.0,0.0009123200178146363
1785290413.0951638,0.0,0.0,0.0009463679790496826
1785290413.0964618,0.0,0.0,0.0009163519740104675
1785290413.0977297,0.0,0.0,0.0008947200179100037
1785290413.0990055,0.0,0.0,0.0009071999788284302
1785290413.1003115,0.0,0.0,0.0009039360284805298
1785290413.1021247,0.0,0.0,0.0014352320432662964
1785290413.1034918,0.0,0.0,0.0009740480184555054
1785290413.1047943,0.0,0.0,0.0009229760169982911
1785290413.106072,0.0,0.0,0.000903872013092041
1785290413.1073718,0.0,0.0,0.0009285759925842285
1785290413.108667,0.0,0.0,0.0009186239838600158
1785290413.1099417,0.0,0.0,0.0009052479863166809
1785290413.1112576,0.0,0.0,0.0009415680170059204
1785290413.1125693,0.0,0.0,0.000931007981300354
1785290413.1138396,0.0,0.0,0.0008946560025215149
1785290413.1151352,0.0,0.0,0.0009174079895019531
1785290413.116427,0.0,0.0,0.0009077119827270507
1785290413.1177175,0.0,0.0,0.000916703999042511
1785290413.119064,0.0,0.0,0.0009272639751434326
1785290413.120411,0.0,0.0,0.0009327039718627929
1785290413.1216922,0.0,0.0,0.0009071040153503418
1785290413.1229901,0.0,0.0,0.0009202880263328552
1785290413.1242995,0.0,0.0,0.0009086400270462037
1785290413.1255877,0.0,0.0,0.000911296010017395
1785290413.1268618,0.0,0.0,0.000903872013092041
1785290413.128165,0.0,0.0,0.0009034559726715088
1785290413.1294599,0.0,0.0,0.000915391981601715
1785290413.1307373,0.0,0.0,0.0009053440093994141
1785290413.1320488,0.0,0.0,0.0009391040205955505
1785290413.1333442,0.0,0.0,0.0009032319784164429
1785290413.1346226,0.0,0.0,0.0008989120125770569
1785290413.135928,0.0,0.0,0.0009285119771957397
1785290413.1372066,0.0,0.0,0.0009031680226325989
1785290413.1384876,0.0,0.0,0.0009077439904212951
1785290413.1398022,0.0,0.0,0.0009391040205955505
1785290413.1410718,0.0,0.0,0.0008913919925689697
1785290413.1423507,0.0,0.0,0.0009104959964752197
1785290413.1436875,0.0,0.0,0.0009631680250167847
1785290413.1449873,0.0,0.0,0.000914463996887207
1785290413.1462758,0.0,0.0,0.0009117760062217712
1785290413.1475756,0.0,0.0,0.000926464021205902
1785290413.1488628,0.0,0.0,0.0009108160138130188
1785290413.150166,0.0,0.0,0.0009261119961738587
1785290413.151473,0.0,0.0,0.0009294720292091369
1785290413.1527698,0.0,0.0,0.0009169279932975769
1785290413.154047,0.0,0.0,0.0008999360203742981
1785290413.155357,0.0,0.0,0.0009354239702224731
1785290413.1571696,0.0,0.0,0.0014373760223388673
1785290413.1584792,0.0,0.0,0.0009207360148429871
1785290413.1597955,0.0,0.0,0.0009405440092086791
1785290413.1610794,0.0,0.0,0.0009049599766731263
1785290413.162355,0.0,0.0,0.0008973439931869506
1785290413.1636696,0.0,0.0,0.0009395520091056823
1785290413.1649597,0.0,0.0,0.0009112640023231506
1785290413.1662245,0.0,0.0,0.0008910080194473267
1785290413.1675427,0.0,0.0,0.0009457600116729736
1785290413.1688285,0.0,0.0,0.0009036480188369751
1785290413.1701097,0.0,0.0,0.000904703974723816
1785290413.1714227,0.0,0.0,0.0009366080164909362
1785290413.1727204,0.0,0.0,0.0009171199798583984
1785290413.1740043,0.0,0.0,0.0009041919708251953
1785290413.1753051,0.0,0.0,0.0009272000193595886
1785290413.1765823,0.0,0.0,0.0009002879858016967
1785290413.177858,0.0,0.0,0.0009093760251998902
1785290413.1791537,0.0,0.0,0.0009201920032501221
1785290413.180444,0.0,0.0,0.0009160959720611573
1785290413.181721,0.0,0.0,0.0009083200097084045
1785290413.1829982,0.0,0.0,0.0009021120071411133
1785290413.1843047,0.0,0.0,0.0009052479863166809
1785290413.1855893,0.0,0.0,0.0009128959774971008
1785290413.186848,0.0,0.0,0.0008900160193443298
1785290413.18817,0.0,0.0,0.0009175040125846863
1785290413.1894448,0.0,0.0,0.0009014719724655152
1785290413.1907253,0.0,0.0,0.0009128640294075012
1785290413.1920216,0.0,0.0,0.0009267200231552124
1785290413.1932998,0.0,0.0,0.0009048320055007935
1785290413.1945713,0.0,0.0,0.0009018239974975586
1785290413.1958752,0.0,0.0,0.0009340159893035889
1785290413.1971548,0.0,0.0,0.0009036480188369751
1785290413.198441,0.0,0.0,0.0009137279987335205
1785290413.1997647,0.0,0.0,0.0009476159811019898
1785290413.20105,0.0,0.0,0.0008990079760551453
1785290413.2023158,0.0,0.0,0.0008887680172920227
1785290413.2036219,0.0,0.0,0.0009352319836616516
1785290413.2048898,0.0,0.0,0.0008998399972915649
1785290413.2061682,0.0,0.0,0.0009113280177116394
1785290413.2074718,0.0,0.0,0.0009276480078697205
1785290413.2087479,0.0,0.0,0.0008993279933929443
1785290413.2100294,0.0,0.0,0.000912992000579834
1785290413.2120926,0.0,0.0,0.0016908799409866334
1785290413.2134175,0.0,0.0,0.0009236159920692444
1785290413.2147038,0.0,0.0,0.0009096320271492005
1785290413.2160158,0.0,0.0,0.000940671980381012
1785290413.217303,0.0,0.0,0.0009122239947319031
1785290413.218582,0.0,0.0,0.0009078400135040283
1785290413.2198963,0.0,0.0,0.0009405440092086791
1785290413.2211814,0.0,0.0,0.0009160640239715577
1785290413.2224677,0.0,0.0,0.000913856029510498
1785290413.2237887,0.0,0.0,0.0009471679925918579
1785290413.2250752,0.0,0.0,0.0009017599821090699
1785290413.226353,0.0,0.0,0.0009005759954452514
1785290413.2276583,0.0,0.0,0.0009313920140266419
1785290413.2289338,0.0,0.0,0.0009009280204772949
1785290413.2302208,0.0,0.0,0.0009104959964752197
1785290413.2315402,0.0,0.0,0.0009429119825363159
1785290413.2328327,0.0,0.0,0.0009151679873466491
1785290413.2340949,0.0,0.0,0.0008936960101127624
1785290413.2354147,0.0,0.0,0.0009473599791526794
1785290413.2367017,0.0,0.0,0.0009103360176086426
1785290413.2379951,0.0,0.0,0.0009178559780120849
1785290413.2392857,0.0,0.0,0.0009181119799613952
1785290413.240567,0.0,0.0,0.0009034559726715088
1785290413.2418494,0.0,0.0,0.0009080960154533386
1785290413.2431655,0.0,0.0,0.0009397439956665039
1785290413.2444537,0.0,0.0,0.0009074239730834961
1785290413.2457378,0.0,0.0,0.0009083840250968933
1785290413.2470176,0.0,0.0,0.0009053760170936585
1785290413.2483175,0.0,0.0,0.0009059200286865235
1785290413.2495918,0.0,0.0,0.0008970239758491516
1785290413.2508616,0.0,0.0,0.0008992639780044556
1785290413.252163,0.0,0.0,0.0009090880155563355
1785290413.2534425,0.0,0.0,0.0009064319729804993
1785290413.2547228,0.0,0.0,0.0009103360176086426
1785290413.25605,0.0,0.0,0.0009554240107536316
1785290413.2573476,0.0,0.0,0.000915552020072937
1785290413.2586317,0.0,0.0,0.0009154559969902039
1785290413.2599473,0.0,0.0,0.0009421120285987854
1785290413.261249,0.0,0.0,0.0009276160001754761
1785290413.2625337,0.0,0.0,0.0009110720157623291
1785290413.2638555,0.0,0.0,0.0009450880289077759
1785290413.26513,0.0,0.0,0.0008974080085754394
1785290413.2669897,0.0,0.0,0.0009173759818077087
1785290413.2683291,0.0,0.0,0.0009173759818077087
1785290413.2696009,0.0,0.0,0.0008938879966735839
1785290413.2708879,0.0,0.0,0.0009111999869346618
1785290413.2721944,0.0,0.0,0.0009103360176086426
1785290413.273487,0.0,0.0,0.0009173439741134643
1785290413.2747595,0.0,0.0,0.0008982719779014588
1785290413.276077,0.0,0.0,0.0009247360229492187
1785290413.2773552,0.0,0.0,0.0009020799994468689
1785290413.2786462,0.0,0.0,0.0009160640239715577
1785290413.2799625,0.0,0.0,0.000942143976688385
1785290413.2812552,0.0,0.0,0.0009128320217132569
1785290413.282541,0.0,0.0,0.0009143679738044739
1785290413.2838516,0.0,0.0,0.0009411200284957886
1785290413.2851348,0.0,0.0,0.0009049280285835267
1785290413.286418,0.0,0.0,0.0009081919789314271
1785290413.2877243,0.0,0.0,0.0009285119771957397
1785290413.2889953,0.0,0.0,0.0008948159813880921
1785290413.290283,0.0,0.0,0.0009094079732894898
1785290413.2916007,0.0,0.0,0.0009450240135192871
1785290413.2928987,0.0,0.0,0.0009168959856033325
1785290413.294184,0.0,0.0,0.0009110400080680847
1785290413.2954874,0.0,0.0,0.0009315840005874634
1785290413.296771,0.0,0.0,0.0009040960073471069
1785290413.298051,0.0,0.0,0.0009029120206832886
1785290413.2993577,0.0,0.0,0.0009327359795570373
1785290413.3006358,0.0,0.0,0.0009037759900093078
1785290413.3019185,0.0,0.0,0.0009049280285835267
1785290413.3032243,0.0,0.0,0.0009343680143356323
1785290413.3045115,0.0,0.0,0.0009137600064277649
1785290413.3057806,0.0,0.0,0.0008928319811820984
1785290413.307064,0.0,0.0,0.0009091200232505799
1785290413.308374,0.0,0.0,0.0009063040018081665
1785290413.3096516,0.0,0.0,0.0009068800210952759
1785290413.3109329,0.0,0.0,0.0009110400080680847
1785290413.312278,0.0,0.0,0.0009220799803733825
1785290413.3135793,0.0,0.0,0.000924127995967865
1785290413.314865,0.0,0.0,0.000912992000579834
1785290413.3161833,0.0,0.0,0.0009156799912452698
1785290413.3174748,0.0,0.0,0.0009191359877586365
1785290413.3187637,0.0,0.0,0.0009159359931945801
1785290413.3200788,0.0,0.0,0.0009165760278701782
1785290413.3213506,0.0,0.0,0.0008947520256042481
1785290413.3231976,0.0,0.0,0.0009465919733047485
1785290413.3245015,0.0,0.0,0.0009191359877586365
1785290413.325784,0.0,0.0,0.0009060479998588562
1785290413.3270447,0.0,0.0,0.0008931840062141418
1785290413.328359,0.0,0.0,0.0009136959910392761
1785290413.3296263,0.0,0.0,0.0008974400162696838
1785290413.330914,0.0,0.0,0.0009164479970932007
1785290413.3322318,0.0,0.0,0.0009147520065307617
1785290413.3335032,0.0,0.0,0.0008987839818000794
1785290413.334772,0.0,0.0,0.0008962879776954651
1785290413.336089,0.0,0.0,0.0009209280014038086
1785290413.337378,0.0,0.0,0.000912064015865326
1785290413.338663,0.0,0.0,0.0009076480269432068
1785290413.339981,0.0,0.0,0.0009422399997711182
1785290413.3412688,0.0,0.0,0.0009158400297164917
1785290413.342558,0.0,0.0,0.0009136639833450317
1785290413.3438842,0.0,0.0,0.0009544640183448791
1785290413.3451746,0.0,0.0,0.000912064015865326
1785290413.3464632,0.0,0.0,0.0009139840006828308
1785290413.3477695,0.0,0.0,0.0009344639778137207
1785290413.34904,0.0,0.0,0.0008916800022125244
1785290413.3503048,0.0,0.0,0.0008904640078544616
1785290413.3516047,0.0,0.0,0.000925216019153595
1785290413.3528874,0.0,0.0,0.0009142720103263855
1785290413.3541706,0.0,0.0,0.0009089919924736023
1785290413.3554804,0.0,0.0,0.0009377599954605103
1785290413.3567796,0.0,0.0,0.0009153280258178711
1785290413.3580687,0.0,0.0,0.0009103040099143982
1785290413.3593593,0.0,0.0,0.000917568027973175
1785290413.3606403,0.0,0.0,0.0009056000113487244
1785290413.3619106,0.0,0.0,0.0008999040126800537
1785290413.3632107,0.0,0.0,0.0009247040152549744
1785290413.3644984,0.0,0.0,0.0009114879965782165
1785290413.3657773,0.0,0.0,0.0009062079787254334
1785290413.3670497,0.0,0.0,0.0009018880128860474
1785290413.3684006,0.0,0.0,0.0009240639805793762
1785290413.3696923,0.0,0.0,0.0009201599955558777
1785290413.370994,0.0,0.0,0.0009206079840660095
1785290413.3723114,0.0,0.0,0.000918720006942749
1785290413.3736055,0.0,0.0,0.0009155840277671813
1785290413.3748856,0.0,0.0,0.0009076160192489624
1785290413.376196,0.0,0.0,0.0009117119908332824
1785290413.3780336,0.0,0.0,0.0014643839597702026
1785290413.3793676,0.0,0.0,0.0009438719749450684
1785290413.3806655,0.0,0.0,0.0009203839898109436
1785290413.381938,0.0,0.0,0.0008955519795417786
1785290413.3832428,0.0,0.0,0.0009286720156669617
1785290413.3845346,0.0,0.0,0.0009152640104293823
1785290413.3858185,0.0,0.0,0.0009128320217132569
1785290413.3871183,0.0,0.0,0.0008958719968795776
1785290413.388396,0.0,0.0,0.0008991039991378784
1785290413.3896677,0.0,0.0,0.0009034559726715088
1785290413.3909419,0.0,0.0,0.0008988800048828125
1785290413.3922565,0.0,0.0,0.0009118080139160156
1785290413.3935375,0.0,0.0,0.0009090240001678467
1785290413.3948214,0.0,0.0,0.0009094719886779785
1785290413.3961227,0.0,0.0,0.0009139519929885864
1785290413.3974001,0.0,0.0,0.0009043840169906616
1785290413.398664,0.0,0.0,0.0008872320055961609
1785290413.3999739,0.0,0.0,0.0009377279877662659
1785290413.4012597,0.0,0.0,0.0009097920060157776
1785290413.402538,0.0,0.0,0.0009032959938049316
1785290413.4038298,0.0,0.0,0.0009220479726791381
1785290413.405157,0.0,0.0,0.0009505280256271362
1785290413.4065547,0.0,0.0,0.0009253439903259277
1785290413.4078777,0.0,0.0,0.0009459199905395508
1785290413.4091744,0.0,0.0,0.0009152640104293823
1785290413.4104486,0.0,0.0,0.0009026240110397339
1785290413.4117498,0.0,0.0,0.0009290239810943603
1785290413.4130478,0.0,0.0,0.0009202880263328552
1785290413.4143262,0.0,0.0,0.0009090880155563355
1785290413.4156523,0.0,0.0,0.000954912006855011
1785290413.4169283,0.0,0.0,0.0008984640240669251
1785290413.4182034,0.0,0.0,0.0009023680090904236
1785290413.4195163,0.0,0.0,0.0009364799857139587
1785290413.420815,0.0,0.0,0.0009199039936065674
1785290413.4220939,0.0,0.0,0.0009066879749298096
1785290413.4234338,0.0,0.0,0.0009614080190658569
1785290413.4247282,0.0,0.0,0.0009126399755477906
1785290413.4260137,0.0,0.0,0.0009104639887809753
1785290413.4273238,0.0,0.0,0.0009407039880752564
1785290413.4286144,0.0,0.0,0.000916320025920868
1785290413.4298942,0.0,0.0,0.0009040639996528625
1785290413.431206,0.0,0.0,0.000922752022743225
1785290413.4329836,0.0,0.0,0.0014003839492797853
1785290413.434277,0.0,0.0,0.0009050559997558594
1785290413.4355755,0.0,0.0,0.0009254720211029052
1785290413.4368675,0.0,0.0,0.0009148799777030944
1785290413.438145,0.0,0.0,0.000902463972568512
1785290413.4394531,0.0,0.0,0.000939903974533081
1785290413.4407227,0.0,0.0,0.0008965439796447754
1785290413.441997,0.0,0.0,0.0009010559916496276
1785290413.4433038,0.0,0.0,0.000932479977607727
1785290413.444586,0.0,0.0,0.0009084479808807373
1785290413.4458606,0.0,0.0,0.0008993920087814331
1785290413.447164,0.0,0.0,0.0009303680062294007
1785290413.4484417,0.0,0.0,0.0009015039801597596
1785290413.449725,0.0,0.0,0.0009072319865226745
1785290413.4509885,0.0,0.0,0.0008949120044708252
1785290413.4522943,0.0,0.0,0.000900991976261139
1785290413.453572,0.0,0.0,0.0009083200097084045
1785290413.454848,0.0,0.0,0.000903872013092041
1785290413.4561524,0.0,0.0,0.0009086719751358033
1785290413.457418,0.0,0.0,0.0008923199772834778
1785290413.458694,0.0,0.0,0.0009036800265312195
1785290413.459991,0.0,0.0,0.0009226239919662476
1785290413.4612682,0.0,0.0,0.000899071991443634
1785290413.4625404,0.0,0.0,0.000902400016784668
1785290413.4638357,0.0,0.0,0.0009183999896049499
1785290413.4651108,0.0,0.0,0.0008936960101127624
1785290413.4663768,0.0,0.0,0.0008990079760551453
1785290413.467686,0.0,0.0,0.0009318400025367737
1785290413.4689636,0.0,0.0,0.0008959680199623108
1785290413.4702513,0.0,0.0,0.000911296010017395
1785290413.4715483,0.0,0.0,0.0009313600063323975
1785290413.4728408,0.0,0.0,0.0009171519875526428
1785290413.4741213,0.0,0.0,0.000906495988368988
1785290413.4754257,0.0,0.0,0.0009317439794540405
1785290413.4766972,0.0,0.0,0.0008960959911346435
1785290413.4779668,0.0,0.0,0.0008941119909286499
1785290413.4792824,0.0,0.0,0.000945472002029419
1785290413.4805715,0.0,0.0,0.0009086400270462037
1785290413.4818587,0.0,0.0,0.0009117439985275268
1785290413.4831538,0.0,0.0,0.0009242240190505982
1785290413.4844522,0.0,0.0,0.0009208319783210754
1785290413.4857295,0.0,0.0,0.0009076480269432068
1785290413.4875722,0.0,0.0,0.0014743679761886597
1785290413.4888766,0.0,0.0,0.00091075199842453
1785290413.49016,0.0,0.0,0.0009061440229415894
1785290413.4914815,0.0,0.0,0.000944383978843689
1785290413.492777,0.0,0.0,0.0009171839952468872
1785290413.4940636,0.0,0.0,0.0009069759845733642
1785290413.4953797,0.0,0.0,0.000941215991973877
1785290413.496663,0.0,0.0,0.0009067199826240539
1785290413.497958,0.0,0.0,0.0009180480241775513
1785290413.499264,0.0,0.0,0.000930624008178711
1785290413.500542,0.0,0.0,0.0009002879858016967
1785290413.5018268,0.0,0.0,0.0009160959720611573
1785290413.503129,0.0,0.0,0.0009072960019111633
1785290413.5044258,0.0,0.0,0.0009134399890899658
1785290413.505693,0.0,0.0,0.000894208014011383
1785290413.506961,0.0,0.0,0.0008999999761581421
1785290413.5082738,0.0,0.0,0.0009158080220222474
1785290413.50956,0.0,0.0,0.0009058880209922791
1785290413.5108404,0.0,0.0,0.0009078400135040283
1785290413.512155,0.0,0.0,0.0009151039719581605
1785290413.5134444,0.0,0.0,0.0009109119772911071
1785290413.5147312,0.0,0.0,0.0009132159948348999
1785290413.5160375,0.0,0.0,0.00093094402551651
1785290413.5173275,0.0,0.0,0.0009135680198669434
1785290413.5186098,0.0,0.0,0.0009100480079650879
1785290413.51993,0.0,0.0,0.0009429759979248047
1785290413.5212054,0.0,0.0,0.0008984320163726807
1785290413.522486,0.0,0.0,0.0009103040099143982
1785290413.523808,0.0,0.0,0.0009437760114669799
1785290413.525092,0.0,0.0,0.0009046720266342163
1785290413.52637,0.0,0.0,0.0009080960154533386
1785290413.5276756,0.0,0.0,0.0009319360256195068
1785290413.5289545,0.0,0.0,0.0009031999707221985
1785290413.5302267,0.0,0.0,0.0008979520201683045
1785290413.531532,0.0,0.0,0.0009330880045890808
1785290413.5328155,0.0,0.0,0.000906112015247345
1785290413.5340796,0.0,0.0,0.0008904640078544616
1785290413.5354104,0.0,0.0,0.0009538559913635254
1785290413.5367007,0.0,0.0,0.0009091839790344238
1785290413.5379882,0.0,0.0,0.0009110080003738403
1785290413.5393012,0.0,0.0,0.0009351040124893188
1785290413.540593,0.0,0.0,0.0009152640104293823
1785290413.5424232,0.0,0.0,0.0014561920166015626
1785290413.543767,0.0,0.0,0.0009567999839782715
1785290413.5450625,0.0,0.0,0.0009136639833450317
1785290413.5463517,0.0,0.0,0.0009162240028381348
1785290413.5476687,0.0,0.0,0.0009456319808959961
1785290413.548957,0.0,0.0,0.0009122239947319031
1785290413.5502403,0.0,0.0,0.0009079040288925171
1785290413.5515425,0.0,0.0,0.000931551992893219
1785290413.5528388,0.0,0.0,0.000918944001197815
1785290413.554124,0.0,0.0,0.0009065600037574768
1785290413.555428,0.0,0.0,0.0009356160163879394
1785290413.5566962,0.0,0.0,0.0008959680199623108
1785290413.557981,0.0,0.0,0.0009125440120697022
1785290413.5593023,0.0,0.0,0.0009459840059280395
1785290413.5605943,0.0,0.0,0.0009115520119667053
1785290413.5618815,0.0,0.0,0.0009149119853973388
1785290413.5631847,0.0,0.0,0.000932479977607727
1785290413.5644934,0.0,0.0,0.0009268800020217896
1785290413.5657804,0.0,0.0,0.0009125760197639466
1785290413.567055,0.0,0.0,0.000901856005191803
1785290413.56837,0.0,0.0,0.0009151999950408935
1785290413.5696418,0.0,0.0,0.0008974080085754394
1785290413.5709093,0.0,0.0,0.0008956480026245117
1785290413.572206,0.0,0.0,0.0009028800129890442
1785290413.5734885,0.0,0.0,0.0009127039909362793
1785290413.574785,0.0,0.0,0.0009190719723701477
1785290413.5761116,0.0,0.0,0.0009300479888916016
1785290413.5773966,0.0,0.0,0.0009085760116577149
1785290413.578685,0.0,0.0,0.0009109439849853515
1785290413.5799844,0.0,0.0,0.0009272639751434326
1785290413.5812695,0.0,0.0,0.0009073600172996521
1785290413.5825584,0.0,0.0,0.0009158719778060913
1785290413.5838678,0.0,0.0,0.000934656023979187
1785290413.585175,0.0,0.0,0.0009258559942245483
1785290413.5864456,0.0,0.0,0.000894208014011383
1785290413.587752,0.0,0.0,0.0009332799911499024
1785290413.589037,0.0,0.0,0.0009054080247879029
1785290413.5903287,0.0,0.0,0.0009148160219192505
1785290413.591652,0.0,0.0,0.0009492800235748291
1785290413.5929375,0.0,0.0,0.0009068800210952759
1785290413.5942147,0.0,0.0,0.0009045119881629943
1785290413.595519,0.0,0.0,0.0009385600090026856
1785290413.5968144,0.0,0.0,0.0009070079922676086
1785290413.5987058,0.0,0.0,0.000930624008178711
1785290413.6000292,0.0,0.0,0.0009490560293197632
1785290413.6013014,0.0,0.0,0.0008980159759521485
1785290413.602587,0.0,0.0,0.0009116160273551941
1785290413.6039236,0.0,0.0,0.0009598720073699951
1785290413.6052287,0.0,0.0,0.0009220799803733825
1785290413.606517,0.0,0.0,0.0009141759872436523
1785290413.6078331,0.0,0.0,0.0009398720264434814
1785290413.6091244,0.0,0.0,0.0009099519848823547
1785290413.6104064,0.0,0.0,0.0009078400135040283
1785290413.6117196,0.0,0.0,0.0009404159784317017
1785290413.6129935,0.0,0.0,0.000893664002418518
1785290413.6142743,0.0,0.0,0.00090665602684021
1785290413.6155856,0.0,0.0,0.0009388800263404846
1785290413.6168644,0.0,0.0,0.0008996800184249878
1785290413.6181457,0.0,0.0,0.0009083840250968933
1785290413.619456,0.0,0.0,0.0009396799802780151
1785290413.6207376,0.0,0.0,0.0009067839980125427
1785290413.6220112,0.0,0.0,0.0009054719805717469
1785290413.6233234,0.0,0.0,0.0009402559995651245
1785290413.624603,0.0,0.0,0.0009035199880599975
1785290413.6258836,0.0,0.0,0.0009112640023231506
1785290413.6271865,0.0,0.0,0.0009254080057144165
1785290413.6284695,0.0,0.0,0.0009074559807777404
1785290413.6297388,0.0,0.0,0.0008971199989318847
1785290413.6310225,0.0,0.0,0.0009128000140190125
1785290413.6323407,0.0,0.0,0.0009195200204849244
1785290413.6336246,0.0,0.0,0.0009108160138130188
1785290413.6348996,0.0,0.0,0.000904703974723816
1785290413.6362011,0.0,0.0,0.0009068800210952759
1785290413.6374996,0.0,0.0,0.0009158719778060913
1785290413.6387663,0.0,0.0,0.000896511971950531
1785290413.640086,0.0,0.0,0.0009188159704208375
1785290413.6413631,0.0,0.0,0.0009016640186309815
1785290413.6426492,0.0,0.0,0.0009105600118637085
1785290413.6439626,0.0,0.0,0.0009307519793510437
1785290413.6452389,0.0,0.0,0.0009006080031394958
1785290413.6465356,0.0,0.0,0.0009199360013008118
1785290413.6478775,0.0,0.0,0.0009631999731063843
1785290413.649154,0.0,0.0,0.0008972480297088623
1785290413.650441,0.0,0.0,0.0009136639833450317
1785290413.6517417,0.0,0.0,0.0009275839924812317
1785290413.6535451,0.0,0.0,0.0009276800155639649
1785290413.654834,0.0,0.0,0.0009098880290985108
1785290413.6561487,0.0,0.0,0.0009133440256118775
1785290413.6574523,0.0,0.0,0.0009234240055084229
1785290413.6587315,0.0,0.0,0.0009091200232505799
1785290413.6600502,0.0,0.0,0.0009451519846916199
1785290413.6613343,0.0,0.0,0.0009077759981155395
1785290413.6626081,0.0,0.0,0.0008980799913406372
1785290413.6639287,0.0,0.0,0.0009491199851036072
1785290413.6652164,0.0,0.0,0.0009136000275611878
1785290413.666495,0.0,0.0,0.0009038400053977966
1785290413.6678202,0.0,0.0,0.0009517120122909546
1785290413.6691184,0.0,0.0,0.0009193919897079468
1785290413.6704,0.0,0.0,0.0009087679982185364
1785290413.6717093,0.0,0.0,0.000933023989200592
1785290413.6729977,0.0,0.0,0.0009088320136070252
1785290413.674295,0.0,0.0,0.0009206399917602539
1785290413.6756167,0.0,0.0,0.0009466879963874817
1785290413.6769006,0.0,0.0,0.0009051200151443482
1785290413.6781943,0.0,0.0,0.0009108800292015076
1785290413.6795058,0.0,0.0,0.0009344320297241211
1785290413.6807926,0.0,0.0,0.0009092159867286682
1785290413.682084,0.0,0.0,0.0009142400026321411
1785290413.683404,0.0,0.0,0.0009445760250091553
1785290413.684691,0.0,0.0,0.0009053120017051697
1785290413.68595,0.0,0.0,0.0008862079977989196
1785290413.687261,0.0,0.0,0.0009332159757614136
1785290413.6885865,0.0,0.0,0.0009463359713554382
1785290413.6898787,0.0,0.0,0.0009134079813957214
1785290413.6911926,0.0,0.0,0.0009328640103340149
1785290413.692488,0.0,0.0,0.0009188159704208375
1785290413.6937568,0.0,0.0,0.0008961600065231323
1785290413.6950426,0.0,0.0,0.0009127680063247681
1785290413.6963673,0.0,0.0,0.0009257919788360595
1785290413.6976595,0.0,0.0,0.0009186239838600158
1785290413.698929,0.0,0.0,0.0009007999897003173
1785290413.7002614,0.0,0.0,0.0009346879720687866
1785290413.7015312,0.0,0.0,0.000898688018321991
1785290413.7028024,0.0,0.0,0.0009050880074501038
1785290413.7041395,0.0,0.0,0.0009177280068397522
1785290413.705434,0.0,0.0,0.0009152320027351379
1785290413.706723,0.0,0.0,0.0009157119989395142
1785290413.7085533,0.0,0.0,0.0009218559861183166
1785290413.7098448,0.0,0.0,0.0009154559969902039
1785290413.7111487,0.0,0.0,0.000926464021205902
1785290413.7124567,0.0,0.0,0.0009301120042800904
1785290413.7137399,0.0,0.0,0.0009113919734954834
1785290413.7150233,0.0,0.0,0.0009093760251998902
1785290413.7163444,0.0,0.0,0.0009144319891929626
1785290413.7176156,0.0,0.0,0.0008979840278625489
1785290413.7188926,0.0,0.0,0.0009010239839553834
1785290413.7202122,0.0,0.0,0.0009236479997634888
1785290413.721501,0.0,0.0,0.0009097920060157776
1785290413.7227685,0.0,0.0,0.0008954560160636902
1785290413.7240849,0.0,0.0,0.0009209920167922974
1785290413.7253718,0.0,0.0,0.0009110400080680847
1785290413.726663,0.0,0.0,0.0009102720022201538
1785290413.7279723,0.0,0.0,0.0009326080083847046
1785290413.729269,0.0,0.0,0.0009147199988365173
1785290413.7305446,0.0,0.0,0.0009018239974975586
1785290413.7318509,0.0,0.0,0.0009283519983291626
1785290413.7331429,0.0,0.0,0.0009190400242805481
1785290413.7344153,0.0,0.0,0.0009021120071411133
1785290413.7357235,0.0,0.0,0.0009393919706344604
1785290413.737017,0.0,0.0,0.0009192000031471253
1785290413.7383006,0.0,0.0,0.0009107199907302856
1785290413.7396011,0.0,0.0,0.0009329280257225036
1785290413.7408924,0.0,0.0,0.000915615975856781
1785290413.7421706,0.0,0.0,0.0009057599902153015
1785290413.7434738,0.0,0.0,0.0009350720047950745
1785290413.7447636,0.0,0.0,0.0009144319891929626
1785290413.7460408,0.0,0.0,0.0009047359824180602
1785290413.7473588,0.0,0.0,0.00095004802942276
1785290413.7486577,0.0,0.0,0.0009255359768867492
1785290413.7499318,0.0,0.0,0.0009038079977035522
1785290413.7512343,0.0,0.0,0.0009129599928855896
1785290413.7525344,0.0,0.0,0.0009202240109443665
1785290413.7538264,0.0,0.0,0.0009183359742164611
1785290413.7551582,0.0,0.0,0.0009483199715614319
1785290413.7564456,0.0,0.0,0.0009128320217132569
1785290413.757731,0.0,0.0,0.0009095360040664673
1785290413.7590115,0.0,0.0,0.0009063040018081665
1785290413.7603507,0.0,0.0,0.0009203199744224548
1785290413.7616405,0.0,0.0,0.0009134079813957214
1785290413.7635047,0.0,0.0,0.0014916479587554932
1785290413.7648158,0.0,0.0,0.0009168959856033325
1785290413.7661202,0.0,0.0,0.0009148160219192505
1785290413.7674415,0.0,0.0,0.0009443519711494446
1785290413.7687368,0.0,0.0,0.0009178559780120849
1785290413.770021,0.0,0.0,0.0009064319729804993
1785290413.7713358,0.0,0.0,0.0009385920166969299
1785290413.7726164,0.0,0.0,0.0009056959748268128
1785290413.7738833,0.0,0.0,0.0008905919790267945
1785290413.775177,0.0,0.0,0.0009226239919662476
1785290413.7764883,0.0,0.0,0.0009260479807853698
1785290413.7777803,0.0,0.0,0.0009138240218162537
1785290413.7790587,0.0,0.0,0.000901087999343872
1785290413.7803745,0.0,0.0,0.0009158719778060913
1785290413.78166,0.0,0.0,0.000915552020072937
1785290413.7829466,0.0,0.0,0.0009110400080680847
1785290413.784275,0.0,0.0,0.0009264960289001465
1785290413.7855694,0.0,0.0,0.0009165440201759339
1785290413.7868447,0.0,0.0,0.0009016640186309815
1785290413.7881484,0.0,0.0,0.000909824013710022
1785290413.789422,0.0,0.0,0.0009019520282745362
1785290413.7906985,0.0,0.0,0.0009052799940109253
1785290413.7920115,0.0,0.0,0.0009400320053100586
1785290413.7933068,0.0,0.0,0.0009189760088920593
1785290413.7945883,0.0,0.0,0.0009088640213012696
1785290413.7958903,0.0,0.0,0.0009279999732971191
1785290413.797157,0.0,0.0,0.0008924480080604553
1785290413.7984395,0.0,0.0,0.0009095360040664673
1785290413.799756,0.0,0.0,0.0009417279958724976
1785290413.8010309,0.0,0.0,0.0008971199989318847
1785290413.8023121,0.0,0.0,0.0009111359715461731
1785290413.80362,0.0,0.0,0.0009383360147476196
1785290413.8048992,0.0,0.0,0.0009028480052947998
1785290413.80618,0.0,0.0,0.0009069439768791199
1785290413.8074946,0.0,0.0,0.0009418879747390747
1785290413.8087811,0.0,0.0,0.0009099519848823547
1785290413.8100662,0.0,0.0,0.0009073600172996521
1785290413.8113554,0.0,0.0,0.0009190080165863037
1785290413.812639,0.0,0.0,0.0009062079787254334
1785290413.813912,0.0,0.0,0.0008983039855957032
1785290413.8152459,0.0,0.0,0.0009560319781303406
1785290413.8165386,0.0,0.0,0.0009122880101203919
1785290413.8183537,0.0,0.0,0.0014389439821243285
1785290413.8196876,0.0,0.0,0.0009438719749450684
1785290413.8209872,0.0,0.0,0.0009187520146369934
1785290413.822259,0.0,0.0,0.0008977919816970826
1785290413.8235502,0.0,0.0,0.0009175360202789307
1785290413.8248358,0.0,0.0,0.0009072960019111633
1785290413.826104,0.0,0.0,0.0008892480134963989
1785290413.8274221,0.0,0.0,0.0009421759843826294
1785290413.828699,0.0,0.0,0.0009016960263252259
1785290413.8299868,0.0,0.0,0.0009131199717521668
1785290413.8313165,0.0,0.0,0.0009518719911575318
1785290413.8326023,0.0,0.0,0.0009058240056037903
1785290413.833888,0.0,0.0,0.0009103360176086426
1785290413.8351953,0.0,0.0,0.0009345279932022095
1785290413.8364897,0.0,0.0,0.0009187520146369934
1785290413.8377638,0.0,0.0,0.0008973439931869506
1785290413.8390365,0.0,0.0,0.0008971840143203735
1785290413.8403542,0.0,0.0,0.0009200639724731445
1785290413.841632,0.0,0.0,0.0009075520038604736
1785290413.8429081,0.0,0.0,0.0009016000032424927
1785290413.844318,0.0,0.0,0.0009246079921722412
1785290413.8456092,0.0,0.0,0.0009125120043754578
1785290413.8469028,0.0,0.0,0.0009200639724731445
1785290413.8482125,0.0,0.0,0.000913856029510498
1785290413.8494866,0.0,0.0,0.0009020159840583801
1785290413.85078,0.0,0.0,0.0009223679900169372
1785290413.8520896,0.0,0.0,0.0009138240218162537
1785290413.8533692,0.0,0.0,0.0009018239974975586
1785290413.8546598,0.0,0.0,0.0009145920276641846
1785290413.855962,0.0,0.0,0.0009290239810943603
1785290413.8572538,0.0,0.0,0.0009125440120697022
1785290413.8585267,0.0,0.0,0.000896992027759552
1785290413.8598447,0.0,0.0,0.0009437119960784912
1785290413.8611279,0.0,0.0,0.0009074239730834961
1785290413.8624203,0.0,0.0,0.0009154239892959595
1785290413.8637228,0.0,0.0,0.0009293760061264038
1785290413.865008,0.0,0.0,0.0009094719886779785
1785290413.8662775,0.0,0.0,0.0008967679738998413
1785290413.867588,0.0,0.0,0.0009327359795570373
1785290413.868883,0.0,0.0,0.0009195839762687683
1785290413.8701527,0.0,0.0,0.0008997439742088318
1785290413.871463,0.0,0.0,0.0009402239918708801
1785290413.8732715,0.0,0.0,0.001426751971244812
1785290413.8745866,0.0,0.0,0.0009234880208969117
1785290413.8759146,0.0,0.0,0.0009480640292167664
1785290413.8771968,0.0,0.0,0.0009046400189399719
1785290413.8784912,0.0,0.0,0.0009163839817047119
1785290413.879827,0.0,0.0,0.0009589120149612427
1785290413.8811114,0.0,0.0,0.0009026560187339783
1785290413.8823907,0.0,0.0,0.0009041919708251953
1785290413.8836992,0.0,0.0,0.0009357439875602722
1785290413.8849945,0.0,0.0,0.0009175360202789307
1785290413.8862686,0.0,0.0,0.0008973439931869506
1785290413.8875735,0.0,0.0,0.0009284160137176514
1785290413.8888638,0.0,0.0,0.0009117119908332824
1785290413.8901448,0.0,0.0,0.0009077119827270507
1785290413.8914435,0.0,0.0,0.0009245439767837524
1785290413.892714,0.0,0.0,0.0008935040235519409
1785290413.893982,0.0,0.0,0.000895904004573822
1785290413.8952894,0.0,0.0,0.0009317759871482849
1785290413.89658,0.0,0.0,0.0009147520065307617
1785290413.8978713,0.0,0.0,0.0009122239947319031
1785290413.8991787,0.0,0.0,0.0009335680007934571
1785290413.9004586,0.0,0.0,0.0009012159705162049
1785290413.9017618,0.0,0.0,0.0009259520173072815
1785290413.9030476,0.0,0.0,0.0009119679927825928
1785290413.9043689,0.0,0.0,0.0009185919761657714
1785290413.9056418,0.0,0.0,0.0008991360068321228
1785290413.906924,0.0,0.0,0.000911296010017395
1785290413.9082255,0.0,0.0,0.0009053440093994141
1785290413.9095094,0.0,0.0,0.0009073920249938965
1785290413.9107974,0.0,0.0,0.0009148799777030944
1785290413.9121008,0.0,0.0,0.0009085760116577149
1785290413.9133925,0.0,0.0,0.0009150720238685608
1785290413.9146638,0.0,0.0,0.000900223970413208
1785290413.9159603,0.0,0.0,0.0009250879883766174
1785290413.9172502,0.0,0.0,0.0009164479970932007
