time,in_time,out_time,inference_time
1785289772.7180867,0.0,0.0,0.0008922561537474394
1785289772.7192101,0.0,0.0,0.0009282880928367376
1785289772.720303,0.0,0.0,0.0009049598593264818
1785289772.7213748,0.0,0.0,0.0008822719100862741
1785289772.7224996,0.0,0.0,0.0009172158315777779
1785289772.7236292,0.0,0.0,0.0009395519737154245
1785289772.7247164,0.0,0.0,0.0008940799161791801
1785289772.725781,0.0,0.0,0.0008748800028115511
1785289772.7268636,0.0,0.0,0.0008895359933376312
1785289772.7280023,0.0,0.0,0.000953504117205739
1785289772.7290742,0.0,0.0,0.0008820800576359034
1785289772.7301507,0.0,0.0,0.0008888640441000462
1785289772.7312698,0.0,0.0,0.0009321281686425209
1785289772.7323685,0.0,0.0,0.0009143680799752474
1785289772.7334692,0.0,0.0,0.0008923199493438005
1785289772.734546,0.0,0.0,0.0008898561354726553
1785289772.7356825,0.0,0.0,0.0009296960197389126
1785289772.736779,0.0,0.0,0.0009106560610234737
1785289772.7378745,0.0,0.0,0.0009046399500221014
1785289772.7389634,0.0,0.0,0.0009033281821757555
1785289772.7401078,0.0,0.0,0.0009363519493490458
1785289772.7411969,0.0,0.0,0.000899455975741148
1785289772.7422924,0.0,0.0,0.0009133759886026382
1785289772.7433963,0.0,0.0,0.000914720119908452
1785289772.744466,0.0,0.0,0.0008864961564540863
1785289772.7455554,0.0,0.0,0.0008930561598390341
1785289772.7466958,0.0,0.0,0.0009290240705013275
1785289772.747796,0.0,0.0,0.0009129277896136045
1785289772.7488945,0.0,0.0,0.0008928319439291954
1785289772.7499864,0.0,0.0,0.0009067840874195099
1785289772.7510703,0.0,0.0,0.0008986559696495533
1785289772.7521799,0.0,0.0,0.0008940158877521753
1785289772.7532604,0.0,0.0,0.0008896640501916409
1785289772.7543495,0.0,0.0,0.0009014720562845469
1785289772.755478,0.0,0.0,0.0009365759324282408
1785289772.7565536,0.0,0.0,0.0008847040589898825
1785289772.7576447,0.0,0.0,0.0009025600738823414
1785289772.758722,0.0,0.0,0.0008880319073796272
1785289772.7598429,0.0,0.0,0.000934879994019866
1785289772.760937,0.0,0.0,0.0009065920021384954
1785289772.7620423,0.0,0.0,0.0008994238451123238
1785289772.763135,0.0,0.0,0.000906623899936676
1785289772.7642355,0.0,0.0,0.0008918722160160542
1785289772.7653098,0.0,0.0,0.0008863040711730719
1785289772.7663872,0.0,0.0,0.000894240103662014
1785289772.7674844,0.0,0.0,0.000914399977773428
1785289772.7685587,0.0,0.0,0.0008907520677894354
1785289772.7696366,0.0,0.0,0.0008925439324229956
1785289772.7707121,0.0,0.0,0.0008864640258252621
1785289772.7717957,0.0,0.0,0.0008992960210889578
1785289772.7740436,0.0,0.0,0.0020580480340868235
1785289772.7752576,0.0,0.0,0.0009928001090884209
1785289772.7763574,0.0,0.0,0.0009084159974008799
1785289772.7774272,0.0,0.0,0.0008802560623735189
1785289772.7784934,0.0,0.0,0.0008780159987509251
1785289772.7796633,0.0,0.0,0.0009639679919928312
1785289772.7807481,0.0,0.0,0.0008935038931667805
1785289772.781799,0.0,0.0,0.0008735039737075567
1785289772.7828538,0.0,0.0,0.0008735358715057373
1785289772.7839713,0.0,0.0,0.000928608002141118
1785289772.7850251,0.0,0.0,0.0008666240610182285
1785289772.7860918,0.0,0.0,0.0008816639892756939
1785289772.787193,0.0,0.0,0.0009171199053525925
1785289772.788267,0.0,0.0,0.000891007948666811
1785289772.7893672,0.0,0.0,0.0008952000644057989
1785289772.7904305,0.0,0.0,0.000874559860676527
1785289772.791518,0.0,0.0,0.0009016001131385565
1785289772.7926152,0.0,0.0,0.0009143678471446037
1785289772.7937102,0.0,0.0,0.0008965760935097933
1785289772.7947638,0.0,0.0,0.0008689919486641884
1785289772.7958694,0.0,0.0,0.0009282240644097328
1785289772.7969482,0.0,0.0,0.0008877760265022516
1785289772.798001,0.0,0.0,0.0008704639039933681
1785289772.7990623,0.0,0.0,0.0008765121456235647
1785289772.800164,0.0,0.0,0.0008887681178748608
1785289772.8012347,0.0,0.0,0.0008889599703252316
1785289772.802296,0.0,0.0,0.0008853760082274675
1785289772.8033924,0.0,0.0,0.0009178558830171824
1785289772.804449,0.0,0.0,0.0008768318220973015
1785289772.805557,0.0,0.0,0.0009318080265074968
1785289772.8066375,0.0,0.0,0.0008927038870751858
1785289772.807757,0.0,0.0,0.0009327358566224575
1785289772.808828,0.0,0.0,0.0008861119858920574
1785289772.8099074,0.0,0.0,0.000898048048838973
1785289772.8109982,0.0,0.0,0.0008983360603451729
1785289772.8120766,0.0,0.0,0.0008746881503611803
1785289772.8131313,0.0,0.0,0.0008731519337743521
1785289772.8141625,0.0,0.0,0.0008478078525513411
1785289772.815315,0.0,0.0,0.0009711999446153641
1785289772.816407,0.0,0.0,0.0008842239622026682
1785289772.8174558,0.0,0.0,0.0008629441726952791
1785289772.8185143,0.0,0.0,0.0008773119188845158
1785289772.8196213,0.0,0.0,0.0009260158985853195
1785289772.820733,0.0,0.0,0.0009130558464676142
1785289772.8217962,0.0,0.0,0.0008766721002757549
1785289772.822873,0.0,0.0,0.0008954559452831745
1785289772.8239655,0.0,0.0,0.0009099519811570644
1785289772.825064,0.0,0.0,0.0009051838424056768
1785289772.8261704,0.0,0.0,0.0009050560183823109
1785289772.8272831,0.0,0.0,0.0009255041368305683
1785289772.8291988,0.0,0.0,0.0017232638783752918
1785289772.8303397,0.0,0.0,0.0009225921239703894
1785289772.831462,0.0,0.0,0.0009262720122933388
1785289772.8325534,0.0,0.0,0.0008970880880951881
1785289772.8336334,0.0,0.0,0.0008888959418982267
1785289772.8346865,0.0,0.0,0.0008662401232868433
1785289772.8357968,0.0,0.0,0.0009221120271831751
1785289772.8368385,0.0,0.0,0.0008540481794625521
1785289772.8379118,0.0,0.0,0.0008853760082274675
1785289772.8389766,0.0,0.0,0.0008746881503611803
1785289772.8400571,0.0,0.0,0.0008706559892743826
1785289772.8411415,0.0,0.0,0.0008958079852163792
1785289772.8422225,0.0,0.0,0.0008961281273514032
1785289772.843342,0.0,0.0,0.0009176959283649921
1785289772.8444207,0.0,0.0,0.0008847680874168873
1785289772.845538,0.0,0.0,0.0009123519994318485
1785289772.8466268,0.0,0.0,0.0009052800014615059
1785289772.847732,0.0,0.0,0.0009210240095853806
1785289772.8487875,0.0,0.0,0.0008699840400367975
1785289772.8498406,0.0,0.0,0.0008713919669389725
1785289772.850888,0.0,0.0,0.0008672638796269894
1785289772.8519614,0.0,0.0,0.0008965758606791496
1785289772.8530407,0.0,0.0,0.0008929278701543808
1785289772.8540862,0.0,0.0,0.0008617599960416555
1785289772.8551474,0.0,0.0,0.0008814081083983183
1785289772.856187,0.0,0.0,0.000857184175401926
1785289772.857272,0.0,0.0,0.0008901120163500309
1785289772.8583548,0.0,0.0,0.0008997120894491673
1785289772.859435,0.0,0.0,0.0008972799405455589
1785289772.8604858,0.0,0.0,0.0008709440007805824
1785289772.861541,0.0,0.0,0.0008681600447744131
1785289772.8625994,0.0,0.0,0.0008749759290367365
1785289772.8636968,0.0,0.0,0.0009117762092500925
1785289772.8647654,0.0,0.0,0.0008829759899526834
1785289772.8658407,0.0,0.0,0.0008905599825084209
1785289772.8669076,0.0,0.0,0.0008826239500194788
1785289772.8680499,0.0,0.0,0.0009560640901327133
1785289772.8691094,0.0,0.0,0.0008731200359761715
1785289772.8701627,0.0,0.0,0.000868672039359808
1785289772.8712494,0.0,0.0,0.0009007679764181376
1785289772.8723216,0.0,0.0,0.0008842560928314924
1785289772.8734007,0.0,0.0,0.0008752960711717606
1785289772.8744829,0.0,0.0,0.0008950079791247845
1785289772.8755467,0.0,0.0,0.0008780800271779299
1785289772.876587,0.0,0.0,0.0008573438972234726
1785289772.8776364,0.0,0.0,0.0008618559222668409
1785289772.8786957,0.0,0.0,0.0008829759899526834
1785289772.879786,0.0,0.0,0.000903039937838912
1785289772.8808637,0.0,0.0,0.0008885441347956657
1785289772.8819234,0.0,0.0,0.0008729600813239813
1785289772.8829818,0.0,0.0,0.0008732159622013569
1785289772.8848634,0.0,0.0,0.001670848112553358
1785289772.8859818,0.0,0.0,0.0009167359676212072
1785289772.8870645,0.0,0.0,0.0008920959662646055
1785289772.8881946,0.0,0.0,0.0009039680007845163
1785289772.8892708,0.0,0.0,0.000884511973708868
1785289772.8903491,0.0,0.0,0.0008926079608500004
1785289772.8914595,0.0,0.0,0.0009168318938463926
1785289772.8925383,0.0,0.0,0.0008888640441000462
1785289772.8936203,0.0,0.0,0.0008966720197349787
1785289772.8947017,0.0,0.0,0.0008965120650827885
1785289772.8958046,0.0,0.0,0.0009183359798043966
1785289772.8968914,0.0,0.0,0.0008975041564553976
1785289772.8979545,0.0,0.0,0.0008769279811531305
1785289772.899012,0.0,0.0,0.0008742720820009708
1785289772.9000971,0.0,0.0,0.0008773759473115206
1785289772.9011703,0.0,0.0,0.0008716799784451723
1785289772.9022157,0.0,0.0,0.0008619518484920263
1785289772.9032905,0.0,0.0,0.0008921918924897909
1785289772.904342,0.0,0.0,0.0008748481050133705
1785289772.9053705,0.0,0.0,0.0008415360935032368
1785289772.906415,0.0,0.0,0.000860224012285471
1785289772.9075012,0.0,0.0,0.0009122239425778389
1785289772.9085968,0.0,0.0,0.0008882558904588223
1785289772.909662,0.0,0.0,0.0008820160292088985
1785289772.9107444,0.0,0.0,0.0008931201882660389
1785289772.9118593,0.0,0.0,0.0009332159534096718
1785289772.9129298,0.0,0.0,0.0008841599337756634
1785289772.9139924,0.0,0.0,0.0008763200603425503
1785289772.915049,0.0,0.0,0.0008749437984079123
1785289772.9161253,0.0,0.0,0.0008742718491703272
1785289772.9171739,0.0,0.0,0.0008685439825057983
1785289772.9182193,0.0,0.0,0.0008619199506938457
1785289772.9192662,0.0,0.0,0.0008789440616965294
1785289772.9203286,0.0,0.0,0.0008828479330986738
1785289772.9213924,0.0,0.0,0.0008762560319155455
1785289772.9224298,0.0,0.0,0.0008601280860602856
1785289772.923502,0.0,0.0,0.0008964161388576031
1785289772.92457,0.0,0.0,0.0008789119310677052
1785289772.9256227,0.0,0.0,0.0008636158891022205
1785289772.9266784,0.0,0.0,0.0008684159256517887
1785289772.9277782,0.0,0.0,0.0009003519080579281
1785289772.9288912,0.0,0.0,0.0009118078742176294
1785289772.9299586,0.0,0.0,0.0008789121638983488
1785289772.9309814,0.0,0.0,0.0008403521496802568
1785289772.9320512,0.0,0.0,0.0008741440251469612
1785289772.9331083,0.0,0.0,0.000872032018378377
1785289772.9341624,0.0,0.0,0.0008710720576345921
1785289772.9352562,0.0,0.0,0.0009044480975717306
1785289772.9363248,0.0,0.0,0.0008794239256531
1785289772.9373796,0.0,0.0,0.000865536043420434
1785289772.9384494,0.0,0.0,0.0008872637990862131
1785289772.940326,0.0,0.0,0.0009564799256622791
1785289772.941397,0.0,0.0,0.0008770879358053207
1785289772.94248,0.0,0.0,0.0008929281029850245
1785289772.9436235,0.0,0.0,0.00095340795814991
1785289772.9447005,0.0,0.0,0.0008827198762446642
1785289772.9457755,0.0,0.0,0.0008803200908005238
1785289772.9468334,0.0,0.0,0.0008706238586455584
1785289772.9479065,0.0,0.0,0.0008865280542522669
1785289772.9489655,0.0,0.0,0.0008677439764142036
1785289772.9500268,0.0,0.0,0.000874335877597332
1785289772.9511204,0.0,0.0,0.0009012159425765276
1785289772.952194,0.0,0.0,0.0008835201151669025
1785289772.953273,0.0,0.0,0.0008886719588190317
1785289772.9543064,0.0,0.0,0.0008511359337717295
1785289772.9553723,0.0,0.0,0.0008806721307337284
1785289772.9564297,0.0,0.0,0.0008559038396924734
1785289772.9574738,0.0,0.0,0.0008580479770898819
1785289772.9585333,0.0,0.0,0.0008763521909713745
1785289772.9596107,0.0,0.0,0.0008946559391915798
1785289772.960694,0.0,0.0,0.0009012799710035324
1785289772.9617991,0.0,0.0,0.0009061121381819248
1785289772.9628544,0.0,0.0,0.0008711039554327726
1785289772.96395,0.0,0.0,0.0009122239425778389
1785289772.965007,0.0,0.0,0.0008695358410477638
1785289772.9660563,0.0,0.0,0.0008646720089018345
1785289772.9671447,0.0,0.0,0.0009056320413947105
1785289772.968254,0.0,0.0,0.0009155198931694031
1785289772.969319,0.0,0.0,0.0008767358958721161
1785289772.9703777,0.0,0.0,0.000872479984536767
1785289772.9714503,0.0,0.0,0.0008917758241295815
1785289772.9725444,0.0,0.0,0.000902240164577961
1785289772.9735832,0.0,0.0,0.0008492800407111645
1785289772.9746437,0.0,0.0,0.0008776001632213593
1785289772.9757233,0.0,0.0,0.0009028480853885412
1785289772.9767947,0.0,0.0,0.0008855359628796577
1785289772.9778225,0.0,0.0,0.000848863972350955
1785289772.9788828,0.0,0.0,0.000875488156452775
1785289772.9800296,0.0,0.0,0.0009447999764233828
1785289772.9811084,0.0,0.0,0.0008957760874181986
1785289772.9821937,0.0,0.0,0.000899679958820343
1785289772.9833128,0.0,0.0,0.0009346238803118467
1785289772.9844232,0.0,0.0,0.0009108479134738445
1785289772.985494,0.0,0.0,0.0008874558843672276
1785289772.9865904,0.0,0.0,0.0009114560671150684
1785289772.9876785,0.0,0.0,0.0009021759033203125
1785289772.9887571,0.0,0.0,0.0008933439385145903
1785289772.9898348,0.0,0.0,0.0008938240353018045
1785289772.9909098,0.0,0.0,0.0008893439080566168
1785289772.992006,0.0,0.0,0.0009122239425778389
1785289772.9930594,0.0,0.0,0.00086447992362082
1785289772.994879,0.0,0.0,0.0016307199839502573
1785289772.9960494,0.0,0.0,0.0009574079886078835
1785289772.9971707,0.0,0.0,0.0009215681347995996
1785289772.9982512,0.0,0.0,0.0008878400549292564
1785289772.9993548,0.0,0.0,0.0009200959466397762
1785289773.0004265,0.0,0.0,0.0008800320792943239
1785289773.001493,0.0,0.0,0.0008824639953672886
1785289773.0025508,0.0,0.0,0.0008760960772633553
1785289773.003653,0.0,0.0,0.0009111999534070492
1785289773.0047283,0.0,0.0,0.0008852479513734579
1785289773.005811,0.0,0.0,0.000893792137503624
1785289773.0068734,0.0,0.0,0.0008745919913053513
1785289773.0079827,0.0,0.0,0.000926431966945529
1785289773.0090473,0.0,0.0,0.0008764159865677357
1785289773.0101156,0.0,0.0,0.0008815999608486891
1785289773.0112407,0.0,0.0,0.0009271679446101189
1785289773.0123386,0.0,0.0,0.0009098239243030548
1785289773.0134144,0.0,0.0,0.0008887678850442171
1785289773.0144796,0.0,0.0,0.0008794239256531
1785289773.0156171,0.0,0.0,0.0009355519432574511
1785289773.0166962,0.0,0.0,0.0008870719466358423
1785289773.017767,0.0,0.0,0.0008851520251482725
1785289773.0188327,0.0,0.0,0.0008822400122880936
1785289773.0199614,0.0,0.0,0.0009413119405508041
1785289773.0210268,0.0,0.0,0.0008807361591607332
1785289773.0220854,0.0,0.0,0.0008759999182075262
1785289773.0231462,0.0,0.0,0.0008812479209154844
1785289773.0241969,0.0,0.0,0.0008673279080539942
1785289773.0252764,0.0,0.0,0.0008894081693142653
1785289773.026341,0.0,0.0,0.0008826879784464836
1785289773.0274296,0.0,0.0,0.0009051840752363205
1785289773.0285294,0.0,0.0,0.0009050560183823109
1785289773.029601,0.0,0.0,0.0008882239926606417
1785289773.0306554,0.0,0.0,0.0008715840522199869
1785289773.0317526,0.0,0.0,0.0009136961307376623
1785289773.03287,0.0,0.0,0.0009242561645805836
1785289773.033965,0.0,0.0,0.0008928640745580196
1785289773.0350358,0.0,0.0,0.0008806078694760799
1785289773.0361252,0.0,0.0,0.0008788160048425198
1785289773.0372262,0.0,0.0,0.000916799996048212
1785289773.0382957,0.0,0.0,0.0008839678484946489
1785289773.0394106,0.0,0.0,0.0009145601652562618
1785289773.0404577,0.0,0.0,0.0008607038762420416
1785289773.0415497,0.0,0.0,0.000906399916857481
1785289773.0426307,0.0,0.0,0.0008962559513747692
1785289773.0437167,0.0,0.0,0.0008994240779429674
1785289773.0447838,0.0,0.0,0.0008757440373301506
1785289773.045853,0.0,0.0,0.0008836798369884491
1785289773.0469198,0.0,0.0,0.0008841599337756634
1785289773.0480454,0.0,0.0,0.0009219839703291655
1785289773.0498166,0.0,0.0,0.0015799358952790499
1785289773.050958,0.0,0.0,0.0009370879270136356
1785289773.0520792,0.0,0.0,0.000899903941899538
1785289773.053151,0.0,0.0,0.0008797759655863047
1785289773.0542228,0.0,0.0,0.0008861119858920574
1785289773.0553424,0.0,0.0,0.000913343857973814
1785289773.0564508,0.0,0.0,0.0009160961490124464
1785289773.057494,0.0,0.0,0.0008556479588150978
1785289773.0585794,0.0,0.0,0.0008951041381806135
1785289773.0597188,0.0,0.0,0.0009565439540892839
1785289773.060795,0.0,0.0,0.0008910400792956352
1785289773.0618856,0.0,0.0,0.0009036480914801359
1785289773.0629694,0.0,0.0,0.0008999682031571865
1785289773.0640972,0.0,0.0,0.0009134081192314625
1785289773.0651865,0.0,0.0,0.0009061440359801054
1785289773.0662582,0.0,0.0,0.0008830081205815077
1785289773.0673542,0.0,0.0,0.000908960122615099
1785289773.0684752,0.0,0.0,0.0009140479378402233
1785289773.0695348,0.0,0.0,0.0008798080962151289
1785289773.0705953,0.0,0.0,0.0008768001571297646
1785289773.0716982,0.0,0.0,0.00092351995408535
1785289773.0727534,0.0,0.0,0.0008650240488350391
1785289773.0738132,0.0,0.0,0.0008792001754045486
1785289773.0748687,0.0,0.0,0.0008818239439278841
1785289773.0759325,0.0,0.0,0.0008856640197336674
1785289773.0769885,0.0,0.0,0.0008689281530678272
1785289773.0780406,0.0,0.0,0.000869695795699954
1785289773.0790815,0.0,0.0,0.0008616000413894653
1785289773.080146,0.0,0.0,0.0008648959919810295
1785289773.0812051,0.0,0.0,0.0008764481171965599
1785289773.0822546,0.0,0.0,0.0008696960285305977
1785289773.0833318,0.0,0.0,0.0008915839716792107
1785289773.0843723,0.0,0.0,0.0008518078830093145
1785289773.085435,0.0,0.0,0.000883007887750864
1785289773.0865004,0.0,0.0,0.0008832640014588833
1785289773.0875852,0.0,0.0,0.0009006720501929522
1785289773.088657,0.0,0.0,0.0008874561171978712
1785289773.0897567,0.0,0.0,0.0009199678897857666
1785289773.0908778,0.0,0.0,0.0009256000630557537
1785289773.0920274,0.0,0.0,0.0009472640231251717
1785289773.0931122,0.0,0.0,0.0008936640806496143
1785289773.0941758,0.0,0.0,0.0008752639405429363
1785289773.0952854,0.0,0.0,0.0009077119175344706
1785289773.096349,0.0,0.0,0.0008735680021345615
1785289773.0974355,0.0,0.0,0.0009050241205841303
1785289773.0985084,0.0,0.0,0.0008888961747288704
1785289773.099598,0.0,0.0,0.00090812798589468
1785289773.1006858,0.0,0.0,0.0008982401341199875
1785289773.1017635,0.0,0.0,0.00089020817540586
1785289773.1028636,0.0,0.0,0.0009211839642375708
1785289773.1039677,0.0,0.0,0.0009143040515482426
1785289773.1057985,0.0,0.0,0.0016231359913945198
1785289773.1069374,0.0,0.0,0.0009338879026472569
1785289773.1080625,0.0,0.0,0.0009044159669429064
1785289773.1091433,0.0,0.0,0.000894240103662014
1785289773.1102228,0.0,0.0,0.0008904000278562307
1785289773.1113179,0.0,0.0,0.0009083840996026993
1785289773.1124191,0.0,0.0,0.0009107519872486591
1785289773.1135094,0.0,0.0,0.0009066881611943245
1785289773.1146107,0.0,0.0,0.0009021759033203125
1785289773.1157267,0.0,0.0,0.0009322878904640675
1785289773.1168416,0.0,0.0,0.0009289281442761421
1785289773.117968,0.0,0.0,0.0009354238864034414
1785289773.1190472,0.0,0.0,0.0008945281151682138
1785289773.1201508,0.0,0.0,0.0009028799831867218
1785289773.1212213,0.0,0.0,0.0008939839899539948
1785289773.1222641,0.0,0.0,0.0008611520752310753
1785289773.1233585,0.0,0.0,0.0008902400732040405
1785289773.1244452,0.0,0.0,0.0008979199919849634
1785289773.1255496,0.0,0.0,0.0009056320413947105
1785289773.1266332,0.0,0.0,0.0008979199919849634
1785289773.127728,0.0,0.0,0.0009066241327673197
1785289773.1287837,0.0,0.0,0.0008709118701517582
1785289773.1298485,0.0,0.0,0.0008781440556049347
1785289773.1309435,0.0,0.0,0.0008907518349587917
1785289773.1320508,0.0,0.0,0.0008951679337769747
1785289773.1331313,0.0,0.0,0.0008880319073796272
1785289773.1342342,0.0,0.0,0.0009171839337795973
1785289773.1353042,0.0,0.0,0.0008912959601730108
1785289773.1364055,0.0,0.0,0.0009076481219381094
1785289773.1374996,0.0,0.0,0.0009023039601743221
1785289773.1385772,0.0,0.0,0.0008920000400394201
1785289773.1396747,0.0,0.0,0.0009115841239690781
1785289773.1407344,0.0,0.0,0.0008832958992570639
1785289773.1418164,0.0,0.0,0.0008982080034911633
1785289773.142883,0.0,0.0,0.0008773759473115206
1785289773.1440115,0.0,0.0,0.0009396800305694342
1785289773.145102,0.0,0.0,0.0009037440177053213
1785289773.1462064,0.0,0.0,0.0009189120028167963
1785289773.147305,0.0,0.0,0.0009135999716818333
1785289773.1484094,0.0,0.0,0.0009185920935124159
1785289773.1495233,0.0,0.0,0.0009257600177079439
1785289773.1506417,0.0,0.0,0.000914399977773428
1785289773.1517863,0.0,0.0,0.0009355838410556316
1785289773.1528926,0.0,0.0,0.0009108479134738445
1785289773.1539786,0.0,0.0,0.0008991681970655918
1785289773.1550589,0.0,0.0,0.0008900798857212067
1785289773.1562123,0.0,0.0,0.0009318401571363211
1785289773.1573007,0.0,0.0,0.0008932480122894049
1785289773.158388,0.0,0.0,0.0008983360603451729
1785289773.1602256,0.0,0.0,0.001650592079386115
1785289773.1613855,0.0,0.0,0.000944608123973012
1785289773.1624975,0.0,0.0,0.000911039998754859
1785289773.1636395,0.0,0.0,0.0009522561449557543
1785289773.1647258,0.0,0.0,0.0008931842166930437
1785289773.1658201,0.0,0.0,0.000902464147657156
1785289773.1668806,0.0,0.0,0.000874335877597332
1785289773.1679919,0.0,0.0,0.0009223360102623701
1785289773.1690876,0.0,0.0,0.0008976641111075878
1785289773.1702166,0.0,0.0,0.0009300480596721172
1785289773.1713545,0.0,0.0,0.0009395519737154245
1785289773.172461,0.0,0.0,0.0009130879770964384
1785289773.1735601,0.0,0.0,0.0009074558038264513
1785289773.1746538,0.0,0.0,0.0009039680007845163
1785289773.1757596,0.0,0.0,0.0009206400718539953
1785289773.1768932,0.0,0.0,0.0009259840007871389
1785289773.177993,0.0,0.0,0.0009110721293836832
1785289773.1790833,0.0,0.0,0.0009038720745593309
1785289773.1802084,0.0,0.0,0.0009122560732066631
1785289773.181325,0.0,0.0,0.0009141438640654087
1785289773.1824114,0.0,0.0,0.000897503923624754
1785289773.183531,0.0,0.0,0.0009355198126286268
1785289773.1846118,0.0,0.0,0.0008990720380097628
1785289773.1857038,0.0,0.0,0.0009028799831867218
1785289773.1867807,0.0,0.0,0.0008903041016310453
1785289773.1878963,0.0,0.0,0.0009285120759159327
1785289773.188999,0.0,0.0,0.0009096001740545034
1785289773.1900902,0.0,0.0,0.0009002881124615669
1785289773.191199,0.0,0.0,0.0009231679141521454
1785289773.1922824,0.0,0.0,0.0008977600373327732
1785289773.1933398,0.0,0.0,0.0008709121029824018
1785289773.1944118,0.0,0.0,0.0008895997889339924
1785289773.1955173,0.0,0.0,0.0009233921300619841
1785289773.196614,0.0,0.0,0.0009061119053512812
1785289773.1977122,0.0,0.0,0.0008938880637288094
1785289773.1987934,0.0,0.0,0.0008919360116124153
1785289773.1998935,0.0,0.0,0.0009189120028167963
1785289773.2009878,0.0,0.0,0.0009065598715096712
1785289773.2020552,0.0,0.0,0.0008794879540801048
1785289773.2031603,0.0,0.0,0.0009128639940172434
1785289773.204253,0.0,0.0,0.0009050560183823109
1785289773.2053325,0.0,0.0,0.00089436792768538
1785289773.2064173,0.0,0.0,0.0008964799344539642
1785289773.2075617,0.0,0.0,0.0009589761029928923
1785289773.2086785,0.0,0.0,0.0009260161314159632
1785289773.2097673,0.0,0.0,0.0008993600495159626
1785289773.2108715,0.0,0.0,0.0009105599019676447
1785289773.2120028,0.0,0.0,0.0009416958782821894
1785289773.2130957,0.0,0.0,0.0009000641293823719
1785289773.214204,0.0,0.0,0.000918304082006216
1785289773.2160826,0.0,0.0,0.0016873921267688274
1785289773.217248,0.0,0.0,0.0009509439114481211
1785289773.218362,0.0,0.0,0.0009100160095840693
1785289773.2195015,0.0,0.0,0.0009495359845459461
1785289773.2206116,0.0,0.0,0.000912895891815424
1785289773.2217193,0.0,0.0,0.0009167359676212072
1785289773.2228336,0.0,0.0,0.0009239041246473789
1785289773.2239575,0.0,0.0,0.0009418241679668427
1785289773.2250605,0.0,0.0,0.000917856115847826
1785289773.2261488,0.0,0.0,0.0009035200346261263
1785289773.2272851,0.0,0.0,0.0009567998349666595
1785289773.2283766,0.0,0.0,0.0009012799710035324
1785289773.2294827,0.0,0.0,0.0009169599507004023
1785289773.2305799,0.0,0.0,0.0009114239364862442
1785289773.231697,0.0,0.0,0.0009341121185570955
1785289773.2327912,0.0,0.0,0.0009049600921571255
1785289773.2338789,0.0,0.0,0.0009020799770951271
1785289773.2349763,0.0,0.0,0.0009136640001088381
1785289773.2360802,0.0,0.0,0.000899328151717782
1785289773.2371805,0.0,0.0,0.0008958079852163792
1785289773.2382662,0.0,0.0,0.0009017919655889273
1785289773.2394176,0.0,0.0,0.0009441920556128025
1785289773.2405026,0.0,0.0,0.0008953600190579891
1785289773.2415872,0.0,0.0,0.0008905280847102404
1785289773.2426875,0.0,0.0,0.0009174400474876165
1785289773.243805,0.0,0.0,0.0009289919398725033
1785289773.2448902,0.0,0.0,0.0008969281334429979
1785289773.2459736,0.0,0.0,0.0009003519080579281
1785289773.2470512,0.0,0.0,0.0008882561232894659
1785289773.2481692,0.0,0.0,0.0008999360725283623
1785289773.2492712,0.0,0.0,0.000914847943931818
1785289773.2503526,0.0,0.0,0.0008978880941867828
1785289773.2514622,0.0,0.0,0.0009317761287093163
1785289773.2525618,0.0,0.0,0.0009120958857238293
1785289773.253638,0.0,0.0,0.0008853760082274675
1785289773.2547083,0.0,0.0,0.0008873280603438616
1785289773.2558122,0.0,0.0,0.0009211841970682144
1785289773.2568867,0.0,0.0,0.0008880000095814466
1785289773.2579505,0.0,0.0,0.0008753600995987654
1785289773.2590632,0.0,0.0,0.0009049279615283012
1785289773.2601929,0.0,0.0,0.0009134078864008188
1785289773.2613075,0.0,0.0,0.0009256640914827585
1785289773.262403,0.0,0.0,0.0009073920082300901
1785289773.2635057,0.0,0.0,0.00092144007794559
1785289773.2645943,0.0,0.0,0.0008898880332708359
1785289773.2656834,0.0,0.0,0.0008998720441013575
1785289773.266769,0.0,0.0,0.0008938878308981657
1785289773.2679071,0.0,0.0,0.0009507839567959309
1785289773.2690122,0.0,0.0,0.0009111680556088686
1785289773.2708044,0.0,0.0,0.001603360055014491
1785289773.2719996,0.0,0.0,0.000977247953414917
1785289773.2731082,0.0,0.0,0.0009070399682968855
1785289773.2742064,0.0,0.0,0.0009081920143216848
1785289773.27532,0.0,0.0,0.0009239360224455595
1785289773.2764065,0.0,0.0,0.0009016639087349176
1785289773.2774968,0.0,0.0,0.0008994238451123238
1785289773.2786257,0.0,0.0,0.0009213120210915804
1785289773.2797415,0.0,0.0,0.0009309120941907167
1785289773.2808306,0.0,0.0,0.0008992957882583141
1785289773.2819092,0.0,0.0,0.0008952321950346231
1785289773.2829847,0.0,0.0,0.0008890239987522364
1785289773.2841232,0.0,0.0,0.000928287860006094
1785289773.2852106,0.0,0.0,0.0008988799527287483
1785289773.2862914,0.0,0.0,0.0008975041564553976
1785289773.2873979,0.0,0.0,0.0009244161192327738
1785289773.2884698,0.0,0.0,0.000888928072527051
1785289773.2895334,0.0,0.0,0.0008818879723548889
1785289773.290608,0.0,0.0,0.0008877119980752468
1785289773.2917082,0.0,0.0,0.0009177918545901775
1785289773.2927904,0.0,0.0,0.0008939199615269899
1785289773.2938983,0.0,0.0,0.0009045118931680918
1785289773.2950544,0.0,0.0,0.0009689601138234138
1785289773.2962291,0.0,0.0,0.0009380800183862448
1785289773.2973216,0.0,0.0,0.0009003521408885717
1785289773.2984045,0.0,0.0,0.0008932801429182291
1785289773.2995107,0.0,0.0,0.0009156800806522369
1785289773.3005836,0.0,0.0,0.0008858239743858576
1785289773.3016706,0.0,0.0,0.0009037761483341455
1785289773.3027213,0.0,0.0,0.0008645758498460054
1785289773.303805,0.0,0.0,0.0008924158755689859
1785289773.304901,0.0,0.0,0.0009031679946929216
1785289773.3060048,0.0,0.0,0.0009100481402128935
1785289773.3070855,0.0,0.0,0.0008935679215937853
1785289773.3082035,0.0,0.0,0.0009043838363140821
1785289773.3092816,0.0,0.0,0.0008908160962164402
1785289773.310392,0.0,0.0,0.0009288960136473179
1785289773.3114812,0.0,0.0,0.0009133440908044577
1785289773.3125906,0.0,0.0,0.000916352029889822
1785289773.3136718,0.0,0.0,0.0008952959906309843
1785289773.314755,0.0,0.0,0.0008997118566185236
1785289773.3158665,0.0,0.0,0.0009257281199097633
1785289773.3169432,0.0,0.0,0.0008856318891048431
1785289773.3180504,0.0,0.0,0.0009132479317486286
1785289773.3191495,0.0,0.0,0.0009135680738836527
1785289773.3202336,0.0,0.0,0.0008959358092397451
1785289773.3213308,0.0,0.0,0.0008938561659306288
1785289773.3224225,0.0,0.0,0.0009009598288685083
1785289773.323532,0.0,0.0,0.0009209599811583757
1785289773.3246117,0.0,0.0,0.0008889921009540558
1785289773.3264036,0.0,0.0,0.001601759810000658
1785289773.327577,0.0,0.0,0.0009598720353096724
1785289773.3286843,0.0,0.0,0.0009093440603464842
1785289773.3297472,0.0,0.0,0.0008720641490072012
1785289773.3308115,0.0,0.0,0.0008773761801421642
1785289773.331946,0.0,0.0,0.0009462079033255577
1785289773.333049,0.0,0.0,0.000912768067792058
1785289773.3341346,0.0,0.0,0.000894464086741209
1785289773.335242,0.0,0.0,0.0009200321510434151
1785289773.3363638,0.0,0.0,0.0009175681043416262
1785289773.3374577,0.0,0.0,0.0009024001192301512
1785289773.3385384,0.0,0.0,0.0008936319500207901
1785289773.3396585,0.0,0.0,0.0009271358139812946
1785289773.3407116,0.0,0.0,0.0008715521544218063
1785289773.3417861,0.0,0.0,0.000886143883690238
1785289773.3428488,0.0,0.0,0.0008721600752323866
1785289773.3439746,0.0,0.0,0.0009383680298924446
1785289773.3450432,0.0,0.0,0.0008713919669389725
1785289773.3461533,0.0,0.0,0.0009225278627127409
1785289773.3472762,0.0,0.0,0.0009310080204159021
1785289773.3483248,0.0,0.0,0.0008594559039920568
1785289773.3494651,0.0,0.0,0.000960351899266243
1785289773.350585,0.0,0.0,0.000907456036657095
1785289773.3517005,0.0,0.0,0.0009250880684703588
1785289773.3527908,0.0,0.0,0.000898175872862339
1785289773.353878,0.0,0.0,0.0009004480671137571
1785289773.3549707,0.0,0.0,0.0009038720745593309
1785289773.356107,0.0,0.0,0.0009263358078896999
1785289773.357201,0.0,0.0,0.000907776178792119
1785289773.3582811,0.0,0.0,0.0008916480001062155
1785289773.359379,0.0,0.0,0.0009135040454566479
1785289773.3604882,0.0,0.0,0.0009016320109367371
1785289773.361561,0.0,0.0,0.0008815040346235037
1785289773.3626444,0.0,0.0,0.0009011200163513422
1785289773.3638082,0.0,0.0,0.0009760961402207613
1785289773.3649132,0.0,0.0,0.000914272153750062
1785289773.3660007,0.0,0.0,0.0008983679581433535
1785289773.3670812,0.0,0.0,0.0008974401280283928
1785289773.3682015,0.0,0.0,0.0009129599202424288
1785289773.3692575,0.0,0.0,0.000872927950695157
1785289773.3703418,0.0,0.0,0.0009024320170283318
1785289773.3714442,0.0,0.0,0.0009172798600047827
1785289773.3725467,0.0,0.0,0.0009071361273527145
1785289773.3736274,0.0,0.0,0.0008953600190579891
1785289773.374712,0.0,0.0,0.0008995840325951576
1785289773.3758626,0.0,0.0,0.0009582079946994781
1785289773.3769543,0.0,0.0,0.000897152116522193
1785289773.3780804,0.0,0.0,0.0009174400474876165
1785289773.3792236,0.0,0.0,0.0009453438688069582
1785289773.3803363,0.0,0.0,0.0009175359737128019
1785289773.3821645,0.0,0.0,0.000982432160526514
1785289773.3833058,0.0,0.0,0.0009387840982526541
1785289773.3844092,0.0,0.0,0.000909535912796855
1785289773.3854887,0.0,0.0,0.0008940799161791801
1785289773.386576,0.0,0.0,0.0009000960271805525
1785289773.3877048,0.0,0.0,0.0009411200881004333
1785289773.3888133,0.0,0.0,0.0009169280529022217
1785289773.3899133,0.0,0.0,0.0009089920204132795
1785289773.3910108,0.0,0.0,0.0009118081070482731
1785289773.3921466,0.0,0.0,0.0009210240095853806
1785289773.3932598,0.0,0.0,0.0009226880501955748
1785289773.3943532,0.0,0.0,0.000905951950699091
1785289773.3954513,0.0,0.0,0.0009085440542548895
1785289773.3965387,0.0,0.0,0.0009098879527300596
1785289773.397629,0.0,0.0,0.0009027838241308928
1785289773.398721,0.0,0.0,0.0009078399743884802
1785289773.3998213,0.0,0.0,0.000914272153750062
1785289773.4008865,0.0,0.0,0.000878751976415515
1785289773.4019604,0.0,0.0,0.0008847999852150679
1785289773.403039,0.0,0.0,0.0008928319439291954
1785289773.4041812,0.0,0.0,0.0009230079594999552
1785289773.4052627,0.0,0.0,0.0008969921618700027
1785289773.406379,0.0,0.0,0.0009236480109393597
1785289773.4075613,0.0,0.0,0.0009629761334508657
1785289773.408661,0.0,0.0,0.0009065279737114906
1785289773.4097536,0.0,0.0,0.0009058879222720861
1785289773.4108589,0.0,0.0,0.0009169599507004023
1785289773.4119658,0.0,0.0,0.000916576012969017
1785289773.413071,0.0,0.0,0.0009172479622066021
1785289773.414161,0.0,0.0,0.0009002881124615669
1785289773.4152458,0.0,0.0,0.0009055039845407009
1785289773.416347,0.0,0.0,0.0009154241997748613
1785289773.4174433,0.0,0.0,0.0009072958491742611
1785289773.418537,0.0,0.0,0.0009076159913092852
1785289773.4196434,0.0,0.0,0.0009237120393663645
1785289773.4207516,0.0,0.0,0.0009184640366584063
1785289773.421859,0.0,0.0,0.0009203199297189713
1785289773.4229484,0.0,0.0,0.0009020799770951271
1785289773.42409,0.0,0.0,0.0009312641341239214
1785289773.4251797,0.0,0.0,0.0009022080339491367
1785289773.4262793,0.0,0.0,0.000913216033950448
1785289773.427406,0.0,0.0,0.0009427519980818033
1785289773.4285023,0.0,0.0,0.0009148800745606422
1785289773.429598,0.0,0.0,0.0009075198322534561
1785289773.4307275,0.0,0.0,0.0009188479743897915
1785289773.4318433,0.0,0.0,0.0009202240034937859
1785289773.4329476,0.0,0.0,0.00090768001973629
1785289773.4339998,0.0,0.0,0.0008716159500181675
1785289773.4351635,0.0,0.0,0.0009568000677973032
1785289773.4369092,0.0,0.0,0.001558943884447217
1785289773.4380918,0.0,0.0,0.0009725440759211779
1785289773.4392505,0.0,0.0,0.0009660159703344107
1785289773.440352,0.0,0.0,0.0009140798356384039
1785289773.441456,0.0,0.0,0.0009138560853898525
1785289773.4425797,0.0,0.0,0.000935103977099061
1785289773.4437532,0.0,0.0,0.000986591912806034
1785289773.4449053,0.0,0.0,0.0009518398437649012
1785289773.4460018,0.0,0.0,0.0009059840813279152
1785289773.4471176,0.0,0.0,0.0009299200028181076
1785289773.448246,0.0,0.0,0.0009274238254874945
1785289773.4493473,0.0,0.0,0.000912768067792058
1785289773.4504433,0.0,0.0,0.000904991989955306
1785289773.4515967,0.0,0.0,0.0009712318424135447
1785289773.452735,0.0,0.0,0.0009340799879282713
1785289773.4538841,0.0,0.0,0.0009566720109432936
1785289773.4549782,0.0,0.0,0.0009057279676198959
1785289773.4561317,0.0,0.0,0.0009444479364901781
1785289773.4572601,0.0,0.0,0.0009338881354779005
1785289773.4583523,0.0,0.0,0.0009071680251508951
1785289773.4594703,0.0,0.0,0.0009401601273566484
1785289773.4605746,0.0,0.0,0.000919264042750001
1785289773.4616544,0.0,0.0,0.0008957118261605501
1785289773.462751,0.0,0.0,0.0009097279980778694
1785289773.4639263,0.0,0.0,0.000987999839708209
1785289773.4650538,0.0,0.0,0.0009196160826832056
1785289773.4661536,0.0,0.0,0.0009124481584876776
1785289773.4672806,0.0,0.0,0.0009447999764233828
1785289773.4683836,0.0,0.0,0.0009116160217672586
1785289773.4695115,0.0,0.0,0.0009371519554406404
1785289773.4706314,0.0,0.0,0.0009302080143243074
1785289773.471765,0.0,0.0,0.0009449920617043972
1785289773.4729002,0.0,0.0,0.0009284799452871084
1785289773.4740226,0.0,0.0,0.0009311679750680923
1785289773.475138,0.0,0.0,0.0009259199723601341
1785289773.476262,0.0,0.0,0.0009273597970604897
1785289773.4773452,0.0,0.0,0.0008960640989243984
1785289773.4784381,0.0,0.0,0.0009020799770951271
1785289773.4795637,0.0,0.0,0.0009402879513800144
1785289773.4806502,0.0,0.0,0.0009025281760841608
1785289773.4817486,0.0,0.0,0.000915071927011013
1785289773.4828355,0.0,0.0,0.0008980159182101488
1785289773.4839654,0.0,0.0,0.0009457280393689871
1785289773.4850852,0.0,0.0,0.0009321598336100578
1785289773.4862218,0.0,0.0,0.0009520319290459156
1785289773.4873872,0.0,0.0,0.0009672639425843954
1785289773.4885006,0.0,0.0,0.0009181119967252016
1785289773.4896069,0.0,0.0,0.00091139180585742
1785289773.490723,0.0,0.0,0.0009267840068787336
1785289773.4926405,0.0,0.0,0.0017149760387837887
1785289773.4938846,0.0,0.0,0.0010326080955564976
1785289773.4950447,0.0,0.0,0.0009576000738888979
1785289773.4962053,0.0,0.0,0.0009367999155074358
1785289773.4973233,0.0,0.0,0.0009241919033229351
1785289773.498449,0.0,0.0,0.0009296000935137272
1785289773.4996278,0.0,0.0,0.0009890240617096424
1785289773.5007346,0.0,0.0,0.0009112958796322346
1785289773.5018497,0.0,0.0,0.0009243839886039495
1785289773.5029523,0.0,0.0,0.0009111999534070492
1785289773.5041142,0.0,0.0,0.0009518079459667206
1785289773.5052104,0.0,0.0,0.0009038399439305067
1785289773.5063527,0.0,0.0,0.0009552962146699429
1785289773.5074837,0.0,0.0,0.0009471040684729815
1785289773.5086129,0.0,0.0,0.0009359358809888363
1785289773.5097036,0.0,0.0,0.0009091838728636503
1785289773.5108197,0.0,0.0,0.0009228161070495844
1785289773.511962,0.0,0.0,0.0009563199710100889
1785289773.5130835,0.0,0.0,0.000926528126001358
1785289773.5141978,0.0,0.0,0.0009209280833601952
1785289773.5153348,0.0,0.0,0.0009448640048503876
1785289773.5164506,0.0,0.0,0.0009202559012919664
1785289773.5175772,0.0,0.0,0.000928160035982728
1785289773.5186784,0.0,0.0,0.000912544084712863
1785289773.5198128,0.0,0.0,0.0009446719195693731
1785289773.52098,0.0,0.0,0.000958272023126483
1785289773.5221117,0.0,0.0,0.0009428481571376324
1785289773.5232692,0.0,0.0,0.0009449920617043972
1785289773.524371,0.0,0.0,0.0009137280285358429
1785289773.5254545,0.0,0.0,0.0008991681970655918
1785289773.5265667,0.0,0.0,0.000922944163903594
1785289773.5277135,0.0,0.0,0.000958496006205678
1785289773.5288289,0.0,0.0,0.0009261120576411486
1785289773.5299418,0.0,0.0,0.0009254720062017441
1785289773.5310423,0.0,0.0,0.0009119040332734585
1785289773.5322034,0.0,0.0,0.0009462719317525625
1785289773.5333118,0.0,0.0,0.0009232638403773308
1785289773.53443,0.0,0.0,0.0009296000935137272
1785289773.5355642,0.0,0.0,0.0009399361442774534
1785289773.5366662,0.0,0.0,0.0009074881672859192
1785289773.537774,0.0,0.0,0.0009231357835233212
1785289773.5388825,0.0,0.0,0.0009226880501955748
1785289773.5400326,0.0,0.0,0.0009644159581512213
1785289773.541151,0.0,0.0,0.0009311998728662729
1785289773.5423079,0.0,0.0,0.0009437762200832367
1785289773.5434613,0.0,0.0,0.0009594878647476435
1785289773.5446563,0.0,0.0,0.0009968960657715797
1785289773.545773,0.0,0.0,0.0009280319791287184
1785289773.5476277,0.0,0.0,0.001662975875660777
1785289773.5487697,0.0,0.0,0.0009267199784517288
1785289773.5498927,0.0,0.0,0.0009188160765916109
1785289773.5510385,0.0,0.0,0.0009473601821810007
1785289773.5522192,0.0,0.0,0.0009518079459667206
1785289773.5533104,0.0,0.0,0.0009028799831867218
1785289773.5544164,0.0,0.0,0.0009131520055234432
1785289773.5555887,0.0,0.0,0.0009775359649211168
1785289773.556707,0.0,0.0,0.0009257919155061245
1785289773.5578105,0.0,0.0,0.0009130560792982578
1785289773.5589068,0.0,0.0,0.0009104958735406399
1785289773.5600374,0.0,0.0,0.0009431999642401934
1785289773.5611506,0.0,0.0,0.0009229760617017746
1785289773.5622532,0.0,0.0,0.0009231360163539648
1785289773.5634487,0.0,0.0,0.0010080640204250813
1785289773.5645828,0.0,0.0,0.0009426558390259743
1785289773.5656948,0.0,0.0,0.0009277118369936943
1785289773.5668044,0.0,0.0,0.0009176640305668116
1785289773.567968,0.0,0.0,0.0009588159155100584
1785289773.5690708,0.0,0.0,0.0009107519872486591
1785289773.5701818,0.0,0.0,0.0009217599872499704
1785289773.57132,0.0,0.0,0.000946815824136138
1785289773.5724294,0.0,0.0,0.0009182719513773918
1785289773.573517,0.0,0.0,0.000901087885722518
1785289773.5746229,0.0,0.0,0.0009151359554380178
1785289773.5757372,0.0,0.0,0.0009252158924937248
1785289773.5768292,0.0,0.0,0.0009035521652549505
1785289773.5779448,0.0,0.0,0.0009290559682995081
1785289773.5790756,0.0,0.0,0.0009403519798070192
1785289773.5801997,0.0,0.0,0.0009180482011288404
1785289773.581352,0.0,0.0,0.0009385920129716396
1785289773.5824606,0.0,0.0,0.0009192959405481815
1785289773.5835965,0.0,0.0,0.0009439999703317881
1785289773.5847056,0.0,0.0,0.0009237120393663645
1785289773.5858138,0.0,0.0,0.0009218880441039801
1785289773.5869038,0.0,0.0,0.0009040641598403454
1785289773.5880845,0.0,0.0,0.0009575360454618931
1785289773.5891998,0.0,0.0,0.0009286720305681229
1785289773.5903196,0.0,0.0,0.0009311039466410875
1785289773.5914712,0.0,0.0,0.0009597120806574821
1785289773.5925777,0.0,0.0,0.000916255870833993
1785289773.5936902,0.0,0.0,0.0009287039283663034
1785289773.5948076,0.0,0.0,0.0009308799635618925
1785289773.5960047,0.0,0.0,0.001006911974400282
1785289773.597137,0.0,0.0,0.0009364481084048748
1785289773.5982904,0.0,0.0,0.0009605439845472574
1785289773.5994232,0.0,0.0,0.0009457920677959919
1785289773.6005368,0.0,0.0,0.0009249919094145298
1785289773.6023424,0.0,0.0,0.0016172800678759813
1785289773.603546,0.0,0.0,0.0009942080359905958
1785289773.60466,0.0,0.0,0.0009162880014628172
1785289773.6057646,0.0,0.0,0.0009139201138168573
1785289773.6068645,0.0,0.0,0.0009098879527300596
1785289773.6079893,0.0,0.0,0.0009412160143256187
1785289773.60909,0.0,0.0,0.0009135038126260042
1785289773.6101935,0.0,0.0,0.0009022399317473173
1785289773.61135,0.0,0.0,0.0009556158911436796
1785289773.6124516,0.0,0.0,0.0009100160095840693
1785289773.6135538,0.0,0.0,0.0009095999412238598
1785289773.6146417,0.0,0.0,0.0009029440116137266
1785289773.6157727,0.0,0.0,0.0009438400156795979
1785289773.616898,0.0,0.0,0.0009394560474902391
1785289773.6179917,0.0,0.0,0.0009044799953699112
1785289773.6191165,0.0,0.0,0.0009382080752402544
1785289773.620229,0.0,0.0,0.0009180158376693726
1785289773.6213615,0.0,0.0,0.0009457599371671677
1785289773.6224818,0.0,0.0,0.0009279039222747087
1785289773.6236548,0.0,0.0,0.0009848640765994787
1785289773.6247814,0.0,0.0,0.0009328320156782866
1785289773.6258898,0.0,0.0,0.0009215681347995996
1785289773.6270084,0.0,0.0,0.0009288000874221325
1785289773.6281412,0.0,0.0,0.0009250559378415346
1785289773.629249,0.0,0.0,0.000924576073884964
1785289773.630355,0.0,0.0,0.0009213117882609367
1785289773.6314986,0.0,0.0,0.0009560640901327133
1785289773.6326225,0.0,0.0,0.0009342720732092857
1785289773.6337276,0.0,0.0,0.0009092160034924746
1785289773.6348293,0.0,0.0,0.0009200640488415956
1785289773.6359963,0.0,0.0,0.0009820479899644852
1785289773.6371179,0.0,0.0,0.0009287360589951277
1785289773.638252,0.0,0.0,0.0009471999946981668
1785289773.6394336,0.0,0.0,0.0009746560826897621
1785289773.6405616,0.0,0.0,0.0009385598823428154
1785289773.6416728,0.0,0.0,0.0009239041246473789
1785289773.6428084,0.0,0.0,0.0009440958965569735
1785289773.6439674,0.0,0.0,0.000960351899266243
1785289773.645091,0.0,0.0,0.0009344639256596565
1785289773.6462052,0.0,0.0,0.0009273600298911333
1785289773.6474173,0.0,0.0,0.0010173758491873741
1785289773.6485603,0.0,0.0,0.0009391999337822199
1785289773.6496634,0.0,0.0,0.0009174079168587923
1785289773.6507576,0.0,0.0,0.0009086399804800749
1785289773.651898,0.0,0.0,0.0009525439236313105
1785289773.653049,0.0,0.0,0.0009478400461375713
1785289773.654165,0.0,0.0,0.0009254079777747393
1785289773.6553037,0.0,0.0,0.0009491518139839172
1785289773.6564617,0.0,0.0,0.0009509117808192968
1785289773.6583803,0.0,0.0,0.001703775953501463
1785289773.6596093,0.0,0.0,0.0010188799351453781
1785289773.6607535,0.0,0.0,0.0009435201063752174
1785289773.6618834,0.0,0.0,0.0009370560292154551
1785289773.6630173,0.0,0.0,0.0009450879879295826
1785289773.6641772,0.0,0.0,0.0009499839507043362
1785289773.6652765,0.0,0.0,0.0009119999594986439
1785289773.6663706,0.0,0.0,0.0009070720989257097
1785289773.667536,0.0,0.0,0.0009685438126325607
1785289773.6686916,0.0,0.0,0.0009632641449570656
1785289773.6698246,0.0,0.0,0.0009482558816671371
1785289773.6709542,0.0,0.0,0.0009416958782821894
1785289773.672118,0.0,0.0,0.0009444481693208218
1785289773.6732323,0.0,0.0,0.0009254082106053829
1785289773.6743324,0.0,0.0,0.0009145918302237988
1785289773.675516,0.0,0.0,0.0009892801754176617
1785289773.676629,0.0,0.0,0.000924927880987525
1785289773.6777534,0.0,0.0,0.0009352960623800755
1785289773.6788588,0.0,0.0,0.0009189760312438011
1785289773.6800246,0.0,0.0,0.0009773438796401024
1785289773.6811829,0.0,0.0,0.0009466239716857672
1785289773.6822977,0.0,0.0,0.0009269758593291044
1785289773.6834478,0.0,0.0,0.0009633598383516073
1785289773.6845326,0.0,0.0,0.0008945921435952187
1785289773.685606,0.0,0.0,0.0008939839899539948
1785289773.6867363,0.0,0.0,0.0009453759994357824
1785289773.6878705,0.0,0.0,0.0009448961354792118
1785289773.6889815,0.0,0.0,0.0009204798843711615
1785289773.690073,0.0,0.0,0.000905343797057867
1785289773.6911993,0.0,0.0,0.0009403519798070192
1785289773.69231,0.0,0.0,0.0009226880501955748
1785289773.6934226,0.0,0.0,0.0009237758349627256
1785289773.6945305,0.0,0.0,0.0009226559195667505
1785289773.695674,0.0,0.0,0.0009576319716870785
1785289773.6967802,0.0,0.0,0.0009195201564580202
1785289773.6979048,0.0,0.0,0.0009164800867438316
1785289773.699018,0.0,0.0,0.0009272960014641285
1785289773.7001612,0.0,0.0,0.0009326401632279158
1785289773.701274,0.0,0.0,0.0009172158315777779
1785289773.7023857,0.0,0.0,0.0009297600481659174
1785289773.703544,0.0,0.0,0.0009665598627179861
1785289773.7046793,0.0,0.0,0.000942271901294589
1785289773.7058132,0.0,0.0,0.0009262720122933388
1785289773.7069354,0.0,0.0,0.0009301439858973026
1785289773.7080922,0.0,0.0,0.0009514559060335159
1785289773.7092311,0.0,0.0,0.0009443201124668121
1785289773.7103624,0.0,0.0,0.0009410558268427849
1785289773.7115479,0.0,0.0,0.0009973759297281504
1785289773.7134326,0.0,0.0,0.0016877120360732079
1785289773.7146163,0.0,0.0,0.0009733440820127726
1785289773.7157712,0.0,0.0,0.000961504178121686
1785289773.7169168,0.0,0.0,0.0009493438992649317
1785289773.718053,0.0,0.0,0.0009430081117898226
1785289773.7192154,0.0,0.0,0.000973088201135397
1785289773.720338,0.0,0.0,0.0009290559682995081
1785289773.7214506,0.0,0.0,0.0009223681408911943
1785289773.7225578,0.0,0.0,0.0009214398451149464
1785289773.7237413,0.0,0.0,0.0010000960901379585
1785289773.724891,0.0,0.0,0.0009589761029928923
1785289773.726041,0.0,0.0,0.0009561600163578987
1785289773.7272215,0.0,0.0,0.0009719999507069588
1785289773.728368,0.0,0.0,0.0009565760847181082
1785289773.729511,0.0,0.0,0.0009502400644123554
1785289773.7306492,0.0,0.0,0.0009361919946968555
1785289773.7317798,0.0,0.0,0.000945056090131402
1785289773.73288,0.0,0.0,0.0009103999473154545
1785289773.7339966,0.0,0.0,0.0009299521334469318
1785289773.7351358,0.0,0.0,0.0009525439236313105
1785289773.7362487,0.0,0.0,0.0009216321632266045
1785289773.7373369,0.0,0.0,0.0009007998742163181
1785289773.7384348,0.0,0.0,0.0009121920447796583
1785289773.7395728,0.0,0.0,0.000950047979131341
1785289773.7406855,0.0,0.0,0.0009229439310729504
1785289773.741796,0.0,0.0,0.0009232319425791502
1785289773.7429311,0.0,0.0,0.0009482880122959614
1785289773.744119,0.0,0.0,0.000977856107056141
1785289773.7452588,0.0,0.0,0.0009477119892835617
1785289773.746399,0.0,0.0,0.0009538559243083
1785289773.7475808,0.0,0.0,0.0009923200123012066
1785289773.7487023,0.0,0.0,0.0009275199845433235
1785289773.7498066,0.0,0.0,0.00092470389790833
1785289773.7509208,0.0,0.0,0.0009285439737141132
1785289773.7520673,0.0,0.0,0.0009224321693181992
1785289773.753184,0.0,0.0,0.0009257919155061245
1785289773.7542958,0.0,0.0,0.0009209918789565563
1785289773.7554302,0.0,0.0,0.0009455680847167969
1785289773.7565756,0.0,0.0,0.0009424320887774229
1785289773.7576845,0.0,0.0,0.0009207359980791807
1785289773.7588017,0.0,0.0,0.0009241278748959303
1785289773.7599409,0.0,0.0,0.0009531199466437101
1785289773.761048,0.0,0.0,0.0009203839581459761
1785289773.7621737,0.0,0.0,0.0009339200332760811
1785289773.763317,0.0,0.0,0.0009535360150039196
1785289773.7644322,0.0,0.0,0.0009256638586521149
1785289773.765534,0.0,0.0,0.0009136640001088381
1785289773.7666569,0.0,0.0,0.0009368001483380795
1785289773.7685328,0.0,0.0,0.0016866880469024181
1785289773.7697077,0.0,0.0,0.0009591360576450825
1785289773.7708466,0.0,0.0,0.0009390078485012054
1785289773.7720208,0.0,0.0,0.0009821760468184948
1785289773.7731543,0.0,0.0,0.0009388159960508347
1785289773.77427,0.0,0.0,0.0009252480231225491
1785289773.775424,0.0,0.0,0.0009642238728702068
1785289773.7765408,0.0,0.0,0.0009264959953725338
1785289773.7776656,0.0,0.0,0.0009372159838676453
1785289773.7788122,0.0,0.0,0.0009570240508764982
1785289773.7799127,0.0,0.0,0.0009119361639022827
1785289773.7810528,0.0,0.0,0.0009485119953751564
1785289773.782157,0.0,0.0,0.000914496136829257
1785289773.7832975,0.0,0.0,0.0009584319777786732
1785289773.784416,0.0,0.0,0.0009247679263353348
1785289773.7855434,0.0,0.0,0.0009240319486707449
1785289773.7866416,0.0,0.0,0.0009083838667720556
1785289773.7877877,0.0,0.0,0.0009579840116202831
1785289773.7889009,0.0,0.0,0.0009202880319207907
1785289773.790004,0.0,0.0,0.0009130560792982578
1785289773.7911613,0.0,0.0,0.0009680320508778095
1785289773.7922847,0.0,0.0,0.0009284480474889278
1785289773.7934084,0.0,0.0,0.0009397119283676147
1785289773.7945116,0.0,0.0,0.0009160959161818027
1785289773.7956595,0.0,0.0,0.0009595518931746483
1785289773.7968154,0.0,0.0,0.0009697920177131891
1785289773.7979367,0.0,0.0,0.0009303358383476734
1785289773.7990623,0.0,0.0,0.000925856176763773
1785289773.8002234,0.0,0.0,0.0009449280332773924
1785289773.8013625,0.0,0.0,0.0009497599676251411
1785289773.8024955,0.0,0.0,0.0009404479060322046
1785289773.8036215,0.0,0.0,0.0009398399852216244
1785289773.8047805,0.0,0.0,0.0009643519297242165
1785289773.8059254,0.0,0.0,0.0009437438566237688
1785289773.8078663,0.0,0.0,0.0017473921179771423
1785289773.809028,0.0,0.0,0.0009615039452910423
1785289773.8101482,0.0,0.0,0.0009309439919888973
1785289773.8112667,0.0,0.0,0.0009349759202450514
1785289773.8124096,0.0,0.0,0.0009537918958812952
1785289773.8135295,0.0,0.0,0.000931296031922102
1785289773.8146365,0.0,0.0,0.0009138239547610283
1785289773.8158,0.0,0.0,0.000952000031247735
1785289773.8169203,0.0,0.0,0.0009274238254874945
1785289773.818038,0.0,0.0,0.0009299200028181076
1785289773.8192065,0.0,0.0,0.000978528056293726
1785289773.820341,0.0,0.0,0.000939520075917244
1785289773.8214643,0.0,0.0,0.000930112088099122
1785289773.8233044,0.0,0.0,0.0016520640347152948
1785289773.8245134,0.0,0.0,0.000991231994703412
1785289773.825668,0.0,0.0,0.0009576000738888979
1785289773.8267944,0.0,0.0,0.0009322878904640675
1785289773.8280046,0.0,0.0,0.0010172799229621887
1785289773.829164,0.0,0.0,0.0009382721036672592
1785289773.83031,0.0,0.0,0.0009541439358144999
1785289773.8314502,0.0,0.0,0.0009511678945273161
1785289773.8325791,0.0,0.0,0.0009322878904640675
1785289773.8336763,0.0,0.0,0.0009139839094132185
1785289773.834823,0.0,0.0,0.0009540158789604902
1785289773.8359945,0.0,0.0,0.0009808640461415052
1785289773.8371274,0.0,0.0,0.0009428160265088081
1785289773.838245,0.0,0.0,0.0009375039953738451
1785289773.8394196,0.0,0.0,0.0009853439405560493
1785289773.8405569,0.0,0.0,0.0009464959148317575
1785289773.841698,0.0,0.0,0.0009547518566250801
1785289773.8428373,0.0,0.0,0.0009356800001114607
1785289773.8440342,0.0,0.0,0.001003999961540103
1785289773.8452146,0.0,0.0,0.0009692800231277943
1785289773.8463423,0.0,0.0,0.0009368639439344406
1785289773.8475215,0.0,0.0,0.0009864638559520245
1785289773.8486636,0.0,0.0,0.0009497280698269606
1785289773.8497427,0.0,0.0,0.0008901760447770357
1785289773.8508706,0.0,0.0,0.0009538240265101194
1785289773.8520195,0.0,0.0,0.0009576319716870785
1785289773.853118,0.0,0.0,0.000916352029889822
1785289773.854224,0.0,0.0,0.0009216638281941414
1785289773.8553836,0.0,0.0,0.0009706879500299692
1785289773.8565247,0.0,0.0,0.000950399786233902
1785289773.8576725,0.0,0.0,0.0009603200014680624
1785289773.8588037,0.0,0.0,0.000940416008234024
1785289773.859991,0.0,0.0,0.0010015678126364946
1785289773.8611283,0.0,0.0,0.0009491520468145609
1785289773.8622606,0.0,0.0,0.0009438400156795979
1785289773.8634334,0.0,0.0,0.000981727847829461
1785289773.8645415,0.0,0.0,0.0009218880441039801
1785289773.8656497,0.0,0.0,0.0009181119967252016
1785289773.8667722,0.0,0.0,0.0009365759324282408
1785289773.8679295,0.0,0.0,0.0009716157801449299
1785289773.8690836,0.0,0.0,0.000950271962210536
1785289773.8701975,0.0,0.0,0.0009307840373367071
1785289773.8713253,0.0,0.0,0.0009422400034964085
1785289773.8725126,0.0,0.0,0.0009696639608591795
1785289773.873662,0.0,0.0,0.0009577600285410881
1785289773.8748126,0.0,0.0,0.0009586559608578682
1785289773.8759708,0.0,0.0,0.0009671039879322052
1785289773.8771262,0.0,0.0,0.0009588799439370632
1785289773.8789918,0.0,0.0,0.0016773438546806574
1785289773.8802314,0.0,0.0,0.0009993601124733686
1785289773.8814063,0.0,0.0,0.000971935922279954
1785289773.8825693,0.0,0.0,0.0009679999202489853
1785289773.8837466,0.0,0.0,0.0009857600089162588
1785289773.8848822,0.0,0.0,0.0009435201063752174
1785289773.8860073,0.0,0.0,0.0009445440955460072
1785289773.887163,0.0,0.0,0.0009714239276945591
1785289773.8883235,0.0,0.0,0.0009664641693234444
1785289773.8894415,0.0,0.0,0.0009294080082327127
1785289773.8905532,0.0,0.0,0.0009286398999392986
1785289773.8917098,0.0,0.0,0.0009701440576463938
1785289773.892826,0.0,0.0,0.000930239912122488
1785289773.8939738,0.0,0.0,0.000939744058996439
1785289773.895081,0.0,0.0,0.0009218559134751558
1785289773.8962407,0.0,0.0,0.0009622080251574516
1785289773.8973691,0.0,0.0,0.0009410560596734285
1785289773.8984976,0.0,0.0,0.0009398080874234438
1785289773.8996599,0.0,0.0,0.0009764800779521465
1785289773.9008334,0.0,0.0,0.0009776321239769459
1785289773.901948,0.0,0.0,0.0009242240339517593
1785289773.9030578,0.0,0.0,0.000923199811950326
1785289773.9041984,0.0,0.0,0.000927936052903533
1785289773.9053023,0.0,0.0,0.0009187199175357819
1785289773.9064143,0.0,0.0,0.0009320001117885113
1785289773.9075556,0.0,0.0,0.000958719989284873
1785289773.9086742,0.0,0.0,0.0009310080204159021
1785289773.90979,0.0,0.0,0.0009320001117885113
1785289773.9109023,0.0,0.0,0.0009250559378415346
1785289773.912031,0.0,0.0,0.0009447359479963779
1785289773.91316,0.0,0.0,0.0009380478877574205
1785289773.9142892,0.0,0.0,0.0009405440650880337
1785289773.9154842,0.0,0.0,0.0009910401422530413
1785289773.9166243,0.0,0.0,0.0009451520163565874
1785289773.9177518,0.0,0.0,0.0009358080569654703
1785289773.9188545,0.0,0.0,0.0009151361882686615
1785289773.9200664,0.0,0.0,0.0010287042241543531
1785289773.921223,0.0,0.0,0.0009565760847181082
1785289773.9223373,0.0,0.0,0.0009359039831906557
1785289773.9234896,0.0,0.0,0.0009710399899631739
1785289773.924625,0.0,0.0,0.0009478398133069277
1785289773.9257445,0.0,0.0,0.0009331840556114912
1785289773.926852,0.0,0.0,0.0009223360102623701
1785289773.9280071,0.0,0.0,0.0009689917787909508
1785289773.9291475,0.0,0.0,0.000945056090131402
1785289773.9302983,0.0,0.0,0.000941375968977809
1785289773.9314609,0.0,0.0,0.0009710721205919981
1785289773.9325955,0.0,0.0,0.0009446078911423683
1785289773.934485,0.0,0.0,0.0016930561978369951
1785289773.935671,0.0,0.0,0.0009811839554458857
1785289773.9368105,0.0,0.0,0.0009363519493490458
1785289773.9379332,0.0,0.0,0.0009337281808257103
1785289773.939053,0.0,0.0,0.0009441280271857977
1785289773.9402208,0.0,0.0,0.0009510079398751259
1785289773.941333,0.0,0.0,0.000925024040043354
1785289773.9424543,0.0,0.0,0.000928384019061923
1785289773.9436343,0.0,0.0,0.0009960639290511608
1785289773.9447763,0.0,0.0,0.0009510719683021307
1785289773.945915,0.0,0.0,0.0009519360028207302
1785289773.947037,0.0,0.0,0.0009327039588242769
1785289773.948173,0.0,0.0,0.0009222719818353653
1785289773.9493022,0.0,0.0,0.0009372159838676453
1785289773.9504094,0.0,0.0,0.000918207922950387
1785289773.9515362,0.0,0.0,0.0009454400278627872
1785289773.952673,0.0,0.0,0.000946688000112772
1785289773.9537878,0.0,0.0,0.0009291518945246935
1785289773.9549563,0.0,0.0,0.000983168138191104
1785289773.9561536,0.0,0.0,0.00098092807456851
1785289773.9573019,0.0,0.0,0.000963136088103056
1785289773.958438,0.0,0.0,0.0009477119892835617
1785289773.9596303,0.0,0.0,0.001006623962894082
1785289773.9608383,0.0,0.0,0.0009897919371724129
1785289773.961973,0.0,0.0,0.0009460160508751869
1785289773.9631238,0.0,0.0,0.0009719040244817734
1785289773.9642634,0.0,0.0,0.0009491520468145609
1785289773.9654093,0.0,0.0,0.0009581120684742928
1785289773.9665444,0.0,0.0,0.0009509120136499405
1785289773.9677107,0.0,0.0,0.0009746882133185863
1785289773.968848,0.0,0.0,0.0009496321436017752
1785289773.969976,0.0,0.0,0.0009406399913132191
1785289773.9711232,0.0,0.0,0.0009592960122972727
1785289773.9722788,0.0,0.0,0.0009617279283702374
1785289773.9733946,0.0,0.0,0.0009328639134764671
1785289773.9745426,0.0,0.0,0.0009592641144990921
1785289773.975676,0.0,0.0,0.0009490880183875561
1785289773.9767754,0.0,0.0,0.0009122879710048437
1785289773.9779127,0.0,0.0,0.0009501439053565264
1785289773.979072,0.0,0.0,0.0009712318424135447
1785289773.9802508,0.0,0.0,0.0009610240813344717
1785289773.981438,0.0,0.0,0.0009787518065422773
1785289773.9825726,0.0,0.0,0.0009481280576437712
1785289773.9837308,0.0,0.0,0.0009738882072269917
1785289773.9848628,0.0,0.0,0.0009381759446114302
1785289773.986007,0.0,0.0,0.0009504000190645456
1785289773.9871545,0.0,0.0,0.00096553610637784
1785289773.9889657,0.0,0.0,0.0016147838905453682
1785289773.990202,0.0,0.0,0.0010279680136591196
1785289773.9913878,0.0,0.0,0.000988704152405262
1785289773.9925592,0.0,0.0,0.0009800319094210863
1785289773.9937055,0.0,0.0,0.0009549439419060946
1785289773.9948595,0.0,0.0,0.0009606399107724428
1785289773.9960623,0.0,0.0,0.0010144319385290146
1785289773.9972181,0.0,0.0,0.0009623360820114613
1785289773.9983752,0.0,0.0,0.000963584054261446
1785289773.9995718,0.0,0.0,0.0010086719412356615
1785289774.0007458,0.0,0.0,0.000984064070507884
1785289774.0018754,0.0,0.0,0.0009408001787960529
1785289774.0029917,0.0,0.0,0.000936511904001236
1785289774.0041354,0.0,0.0,0.0009309758897870779
1785289774.0052426,0.0,0.0,0.0009186880197376013
1785289774.0064516,0.0,0.0,0.000995648093521595
1785289774.0076485,0.0,0.0,0.0010062400251626968
1785289774.0087903,0.0,0.0,0.0009469760116189718
1785289774.009931,0.0,0.0,0.0009491199161857367
1785289774.0110633,0.0,0.0,0.0009439999703317881
1785289774.012238,0.0,0.0,0.0009509120136499405
1785289774.0133712,0.0,0.0,0.0009434879757463932
1785289774.0145195,0.0,0.0,0.0009630718268454075
1785289774.0156782,0.0,0.0,0.0009684800170361996
1785289774.0168283,0.0,0.0,0.0009624320082366467
1785289774.0179892,0.0,0.0,0.0009734081104397774
1785289774.019157,0.0,0.0,0.0009759040549397469
1785289774.0202975,0.0,0.0,0.0009455040562897921
1785289774.021444,0.0,0.0,0.000957088079303503
1785289774.0225916,0.0,0.0,0.0009632960427552462
1785289774.0237393,0.0,0.0,0.0009629440028220415
1785289774.024864,0.0,0.0,0.000935103977099061
1785289774.0260112,0.0,0.0,0.0009560638573020697
1785289774.0271578,0.0,0.0,0.0009593919385224581
1785289774.0283036,0.0,0.0,0.0009563839994370937
1785289774.0294752,0.0,0.0,0.0009672639425843954
1785289774.0306199,0.0,0.0,0.0009544319473206997
1785289774.0317762,0.0,0.0,0.0009663039818406105
1785289774.0329292,0.0,0.0,0.0009690241422504187
1785289774.0340812,0.0,0.0,0.0009614720474928617
1785289774.0352738,0.0,0.0,0.0009952320251613855
1785289774.0364068,0.0,0.0,0.0009421119466423988
1785289774.0375483,0.0,0.0,0.0009459201246500015
1785289774.0386758,0.0,0.0,0.000936608063057065
1785289774.0398543,0.0,0.0,0.0009879039134830236
1785289774.0409782,0.0,0.0,0.0009331521578133106
1785289774.042122,0.0,0.0,0.0009548480156809092
1785289774.0440245,0.0,0.0,0.0017095040529966354
1785289774.0452497,0.0,0.0,0.0010047359392046928
1785289774.046414,0.0,0.0,0.000964991981163621
1785289774.0476127,0.0,0.0,0.0010087040718644857
1785289774.0487897,0.0,0.0,0.000989055959507823
1785289774.049994,0.0,0.0,0.0009940480813384056
1785289774.05117,0.0,0.0,0.000987999839708209
1785289774.052313,0.0,0.0,0.000952127855271101
1785289774.053459,0.0,0.0,0.0009575679432600737
1785289774.0545976,0.0,0.0,0.0009532161056995392
1785289774.0557742,0.0,0.0,0.0009886401239782572
1785289774.0569093,0.0,0.0,0.0009486081544309855
1785289774.058076,0.0,0.0,0.0009730239398777485
1785289774.0592191,0.0,0.0,0.0009528000373393297
1785289774.0604157,0.0,0.0,0.000999232055619359
1785289774.061562,0.0,0.0,0.0009597439784556627
1785289774.062707,0.0,0.0,0.0009593279100954533
1785289774.0638735,0.0,0.0,0.000977695919573307
1785289774.0650184,0.0,0.0,0.0009569600224494934
1785289774.0661592,0.0,0.0,0.0009540161117911339
1785289774.0673172,0.0,0.0,0.0009696320630609989
1785289774.0684412,0.0,0.0,0.0009362879209220409
1785289774.0695446,0.0,0.0,0.0009230079594999552
1785289774.0706763,0.0,0.0,0.0009472640231251717
1785289774.0718439,0.0,0.0,0.0009809602051973343
1785289774.072992,0.0,0.0,0.0009580799378454685
1785289774.0741484,0.0,0.0,0.0009514880366623402
1785289774.075311,0.0,0.0,0.000972159905359149
1785289774.0764258,0.0,0.0,0.0009324161801487207
1785289774.077553,0.0,0.0,0.0009405440650880337
1785289774.078682,0.0,0.0,0.0009514240082353354
1785289774.0798788,0.0,0.0,0.0009866878390312195
1785289774.0810251,0.0,0.0,0.0009517758153378963
1785289774.0821545,0.0,0.0,0.0009381440468132496
1785289774.0833607,0.0,0.0,0.0010150400921702385
1785289774.0845034,0.0,0.0,0.0009511359967291355
1785289774.0856173,0.0,0.0,0.000930015929043293
1785289774.0867915,0.0,0.0,0.000979712000116706
1785289774.0879743,0.0,0.0,0.0009920001029968262
1785289774.0891533,0.0,0.0,0.0009912000969052315
1785289774.0902965,0.0,0.0,0.0009584319777786732
1785289774.0914605,0.0,0.0,0.0009763198904693127
1785289774.0925963,0.0,0.0,0.0009462400339543819
1785289774.0937288,0.0,0.0,0.0009395841043442488
1785289774.0948677,0.0,0.0,0.0009494719561189413
1785289774.0960665,0.0,0.0,0.0010096959304064512
1785289774.0972252,0.0,0.0,0.0009391040075570345
1785289774.0983555,0.0,0.0,0.0009390080813318491
1785289774.1002285,0.0,0.0,0.0010079359635710716
1785289774.1013937,0.0,0.0,0.0009613118600100279
1785289774.1025183,0.0,0.0,0.0009325440041720867
1785289774.1036983,0.0,0.0,0.0009891518857330084
1785289774.1048908,0.0,0.0,0.0009917442221194506
1785289774.1060493,0.0,0.0,0.0009684800170361996
1785289774.1072104,0.0,0.0,0.000973760150372982
1785289774.1083398,0.0,0.0,0.0009393598884344101
1785289774.1094701,0.0,0.0,0.0009513921104371548
1785289774.1106484,0.0,0.0,0.0009578880853950977
1785289774.11183,0.0,0.0,0.0009971840772777796
1785289774.1129723,0.0,0.0,0.000955583993345499
1785289774.1141024,0.0,0.0,0.0009493438992649317
1785289774.115256,0.0,0.0,0.0009759359527379274
1785289774.1164043,0.0,0.0,0.0009588159155100584
1785289774.1175508,0.0,0.0,0.00093891192227602
1785289774.1186748,0.0,0.0,0.0009460479486733675
1785289774.1198425,0.0,0.0,0.000978752039372921
1785289774.1209912,0.0,0.0,0.0009536959696561098
1785289774.1221228,0.0,0.0,0.0009463359601795673
1785289774.1233115,0.0,0.0,0.0009707838762551546
1785289774.1244206,0.0,0.0,0.0009248640853911638
1785289774.1255443,0.0,0.0,0.0009458239655941725
1785289774.1266782,0.0,0.0,0.0009446078911423683
1785289774.1278448,0.0,0.0,0.000980704091489315
1785289774.128962,0.0,0.0,0.0009265278931707144
1785289774.1300805,0.0,0.0,0.0009309761226177216
1785289774.131233,0.0,0.0,0.0009625919628888369
1785289774.1323888,0.0,0.0,0.0009626238606870174
1785289774.1335273,0.0,0.0,0.0009525760542601347
1785289774.1346786,0.0,0.0,0.000961632002145052
1785289774.1358607,0.0,0.0,0.0009976960718631744
1785289774.1370113,0.0,0.0,0.0009550398681312799
1785289774.138151,0.0,0.0,0.0009509760420769453
1785289774.1393495,0.0,0.0,0.0009924478363245726
1785289774.1404972,0.0,0.0,0.0009594240691512823
1785289774.1416497,0.0,0.0,0.0009693761821836233
1785289774.14278,0.0,0.0,0.0009474239777773619
1785289774.1439352,0.0,0.0,0.0009645121172070503
1785289774.1450589,0.0,0.0,0.0009339200332760811
1785289774.1461856,0.0,0.0,0.0009451841469854116
1785289774.1473532,0.0,0.0,0.0009750400204211473
1785289774.1484828,0.0,0.0,0.0009424639865756035
1785289774.1496358,0.0,0.0,0.0009607682004570961
1785289774.1507814,0.0,0.0,0.0009523839689791203
1785289774.151982,0.0,0.0,0.0010080640204250813
1785289774.1531134,0.0,0.0,0.0009378239046782255
1785289774.1549563,0.0,0.0,0.0016477119643241167
1785289774.1561835,0.0,0.0,0.000985471997410059
1785289774.1573431,0.0,0.0,0.0009660162031650543
1785289774.1585011,0.0,0.0,0.0009674879256635904
1785289774.159664,0.0,0.0,0.0009703999385237694
1785289774.1608124,0.0,0.0,0.0009553281124681234
1785289774.1619523,0.0,0.0,0.0009506558999419212
1785289774.1630707,0.0,0.0,0.0009326399303972721
1785289774.1642814,0.0,0.0,0.0009859839919954538
1785289774.165422,0.0,0.0,0.0009495040867477655
1785289774.166565,0.0,0.0,0.0009589118417352438
1785289774.1677177,0.0,0.0,0.0009704639669507742
1785289774.1688817,0.0,0.0,0.0009593919385224581
1785289774.170024,0.0,0.0,0.000953728100284934
1785289774.171199,0.0,0.0,0.0009839360136538744
1785289774.1723447,0.0,0.0,0.0009545919019728899
1785289774.1734746,0.0,0.0,0.0009414718952029943
1785289774.1746254,0.0,0.0,0.0009605439845472574
1785289774.1757884,0.0,0.0,0.000978976022452116
1785289774.1769361,0.0,0.0,0.000963584054261446
1785289774.178072,0.0,0.0,0.0009454400278627872
1785289774.1792097,0.0,0.0,0.00095222401432693
1785289774.1803706,0.0,0.0,0.0009728639852255583
1785289774.1815355,0.0,0.0,0.0009797441307455301
1785289774.1826632,0.0,0.0,0.0009391040075570345
1785289774.1838496,0.0,0.0,0.0010078719351440668
1785289774.185025,0.0,0.0,0.0009636159520596266
1785289774.1861522,0.0,0.0,0.0009381759446114302
1785289774.1873431,0.0,0.0,0.001001823926344514
1785289774.1884966,0.0,0.0,0.0009618240874260664
1785289774.189635,0.0,0.0,0.0009516479913145304
1785289774.190787,0.0,0.0,0.0009633598383516073
1785289774.1919587,0.0,0.0,0.0009840000420808792
1785289774.193176,0.0,0.0,0.0010039040353149176
1785289774.1943693,0.0,0.0,0.0009840319398790598
1785289774.1955593,0.0,0.0,0.0009867202024906874
1785289774.1967068,0.0,0.0,0.0009557760786265135
1785289774.1978457,0.0,0.0,0.0009480640292167664
1785289774.1989894,0.0,0.0,0.0009342401754111052
1785289774.2001905,0.0,0.0,0.0009847041219472885
1785289774.2013462,0.0,0.0,0.0009675840847194195
1785289774.2025099,0.0,0.0,0.0009734081104397774
1785289774.203692,0.0,0.0,0.0009912960231304169
1785289774.2048492,0.0,0.0,0.0009554240386933088
1785289774.2060022,0.0,0.0,0.0009556158911436796
1785289774.2071884,0.0,0.0,0.00097929616458714
1785289774.2083461,0.0,0.0,0.0009593598078936338
1785289774.2102942,0.0,0.0,0.0017581440042704344
1785289774.2115054,0.0,0.0,0.0010042879730463028
1785289774.2126584,0.0,0.0,0.0009615360759198666
1785289774.2137983,0.0,0.0,0.0009512319229543209
1785289774.2149394,0.0,0.0,0.00095177604816854
1785289774.2161212,0.0,0.0,0.0009666879195719957
1785289774.2172956,0.0,0.0,0.0009856000542640686
1785289774.2184222,0.0,0.0,0.0009367999155074358
1785289774.2196012,0.0,0.0,0.0009956478606909513
1785289774.22077,0.0,0.0,0.0009717440698295832
1785289774.221883,0.0,0.0,0.0009196479804813862
1785289774.2230437,0.0,0.0,0.0009708479046821594
1785289774.224232,0.0,0.0,0.0009657598566263914
1785289774.2253976,0.0,0.0,0.0009738239459693432
1785289774.2265472,0.0,0.0,0.0009612799622118473
1785289774.2277012,0.0,0.0,0.0009709119331091642
1785289774.2288456,0.0,0.0,0.0009607679676264524
1785289774.2300234,0.0,0.0,0.0009685761760920286
1785289774.2311974,0.0,0.0,0.0009834880474954844
1785289774.2323425,0.0,0.0,0.0009549439419060946
1785289774.233457,0.0,0.0,0.0009345600847154856
1785289774.2345822,0.0,0.0,0.0009379840921610594
1785289774.2357202,0.0,0.0,0.0009550398681312799
1785289774.2368956,0.0,0.0,0.0009842559229582548
1785289774.2380466,0.0,0.0,0.0009648639243096113
1785289774.23924,0.0,0.0,0.0010050879791378975
1785289774.2403827,0.0,0.0,0.0009508801158517599
1785289774.2415278,0.0,0.0,0.0009595840238034725
1785289774.2426755,0.0,0.0,0.0009623358491808176
1785289774.2438443,0.0,0.0,0.0009788158349692822
1785289774.2449996,0.0,0.0,0.0009666879195719957
1785289774.246146,0.0,0.0,0.0009595199953764677
1785289774.2473137,0.0,0.0,0.0009801920969039202
1785289774.248468,0.0,0.0,0.000964991981163621
1785289774.24959,0.0,0.0,0.000933248084038496
1785289774.2507122,0.0,0.0,0.000940416008234024
1785289774.2518578,0.0,0.0,0.0009612159337848425
1785289774.2529867,0.0,0.0,0.0009437119588255882
1785289774.2541223,0.0,0.0,0.000931296031922102
1785289774.25527,0.0,0.0,0.0009547839872539043
1785289774.2564347,0.0,0.0,0.0009692800231277943
1785289774.2575996,0.0,0.0,0.0009760640095919371
1785289774.2587667,0.0,0.0,0.0009616638999432325
1785289774.2599645,0.0,0.0,0.0010072640143334866
1785289774.2611265,0.0,0.0,0.000963584054261446
1785289774.26226,0.0,0.0,0.0009426558390259743
1785289774.2634032,0.0,0.0,0.0009586878586560488
1785289774.2653117,0.0,0.0,0.0017181760631501675
1785289774.2665167,0.0,0.0,0.0009941118769347668
1785289774.2677288,0.0,0.0,0.0010165120474994183
1785289774.2689004,0.0,0.0,0.0009794558864086866
1785289774.2700336,0.0,0.0,0.0009436160326004028
1785289774.2712119,0.0,0.0,0.0009918399155139923
1785289774.2723775,0.0,0.0,0.0009720001835376024
1785289774.2735567,0.0,0.0,0.0009816000238060951
1785289774.2747247,0.0,0.0,0.0009747201111167669
1785289774.275904,0.0,0.0,0.0009906240738928318
1785289774.2770758,0.0,0.0,0.000981503864750266
1785289774.2782245,0.0,0.0,0.0009590401314198971
1785289774.2794101,0.0,0.0,0.0009961600881069899
1785289774.2805855,0.0,0.0,0.0009831679053604603
1785289774.2817442,0.0,0.0,0.0009702718816697598
1785289774.2829082,0.0,0.0,0.0009567041415721178
1785289774.2840924,0.0,0.0,0.0009733438491821289
1785289774.2852552,0.0,0.0,0.0009733440820127726
1785289774.2863808,0.0,0.0,0.000936735887080431
1785289774.2875705,0.0,0.0,0.0009966720826923847
1785289774.288747,0.0,0.0,0.0009610559791326523
1785289774.289919,0.0,0.0,0.0009836480021476746
1785289774.291051,0.0,0.0,0.000940192025154829
1785289774.2922535,0.0,0.0,0.0009831360075622797
1785289774.2934203,0.0,0.0,0.0009703359100967646
1785289774.294588,0.0,0.0,0.0009731198661029339
1785289774.295797,0.0,0.0,0.0010143360123038292
1785289774.2969623,0.0,0.0,0.0009727040305733681
1785289774.2981274,0.0,0.0,0.0009699200745671988
1785289774.29932,0.0,0.0,0.0010066879913210869
1785289774.3004823,0.0,0.0,0.0009691838640719652
1785289774.3016443,0.0,0.0,0.0009740160312503576
1785289774.302786,0.0,0.0,0.0009504319168627262
1785289774.3040583,0.0,0.0,0.0010689280461519957
1785289774.305228,0.0,0.0,0.0009548161178827286
1785289774.3063614,0.0,0.0,0.0009423359297215939
1785289774.3075304,0.0,0.0,0.0009810240007936954
1785289774.308654,0.0,0.0,0.0009286720305681229
1785289774.3098202,0.0,0.0,0.0009813120122998953
1785289774.3109975,0.0,0.0,0.0009662718512117863
1785289774.3122153,0.0,0.0,0.0009984320495277643
1785289774.3133616,0.0,0.0,0.0009528319351375103
1785289774.3145256,0.0,0.0,0.0009726081043481827
1785289774.3157175,0.0,0.0,0.0009958080481737852
1785289774.3169024,0.0,0.0,0.000990015920251608
1785289774.318056,0.0,0.0,0.0009582079946994781
1785289774.3192675,0.0,0.0,0.0009989759419113398
1785289774.3211288,0.0,0.0,0.001668063923716545
1785289774.3223343,0.0,0.0,0.0009970238897949457
1785289774.3235507,0.0,0.0,0.0010234881192445755
1785289774.324744,0.0,0.0,0.0009938881266862154
1785289774.3259096,0.0,0.0,0.0009732800535857677
1785289774.3270504,0.0,0.0,0.0009622080251574516
1785289774.3282206,0.0,0.0,0.0009607039391994476
1785289774.3293512,0.0,0.0,0.0009474239777773619
1785289774.330491,0.0,0.0,0.000953280134126544
1785289774.3316903,0.0,0.0,0.0010073280427604914
1785289774.3328521,0.0,0.0,0.0009704960975795984
1785289774.3339915,0.0,0.0,0.0009490561205893755
1785289774.335165,0.0,0.0,0.0009892480447888374
1785289774.336335,0.0,0.0,0.0009815359953790903
1785289774.3375037,0.0,0.0,0.0009739198721945286
1785289774.3386521,0.0,0.0,0.0009622720535844564
1785289774.3398361,0.0,0.0,0.0009971200488507748
1785289774.3409684,0.0,0.0,0.0009432958904653788
1785289774.3421474,0.0,0.0,0.000986655941233039
1785289774.3433533,0.0,0.0,0.0010190398897975683
1785289774.3445601,0.0,0.0,0.0010121599771082401
1785289774.3457546,0.0,0.0,0.0010002239141613245
1785289774.3469014,0.0,0.0,0.0009499518200755119
1785289774.3481326,0.0,0.0,0.0010397438891232014
1785289774.349305,0.0,0.0,0.0009768640156835318
1785289774.350508,0.0,0.0,0.0009889279026538134
1785289774.3516896,0.0,0.0,0.0009922562167048454
1785289774.3528478,0.0,0.0,0.0009667840786278248
1785289774.35399,0.0,0.0,0.0009541439358144999
1785289774.355164,0.0,0.0,0.0009875840041786432
1785289774.356394,0.0,0.0,0.0010167041327804327
1785289774.3575697,0.0,0.0,0.0009829439222812653
1785289774.3587255,0.0,0.0,0.000967391999438405
1785289774.3598983,0.0,0.0,0.0009882240556180477
1785289774.361039,0.0,0.0,0.0009549760725349188
1785289774.3621802,0.0,0.0,0.0009563199710100889
1785289774.3633595,0.0,0.0,0.0009913919493556023
1785289774.364507,0.0,0.0,0.0009552319534122944
1785289774.365657,0.0,0.0,0.0009630718268454075
1785289774.3668053,0.0,0.0,0.0009598080068826675
1785289774.36796,0.0,0.0,0.0009658241178840399
1785289774.3691068,0.0,0.0,0.0009591998532414436
1785289774.370272,0.0,0.0,0.000973440008237958
1785289774.3714612,0.0,0.0,0.0009953281842172146
1785289774.372606,0.0,0.0,0.0009503359906375408
1785289774.3737783,0.0,0.0,0.0009820801205933094
1785289774.3756344,0.0,0.0,0.0016624319832772017
1785289774.3768847,0.0,0.0,0.0010319359134882689
1785289774.3780773,0.0,0.0,0.0009943998884409666
1785289774.3792925,0.0,0.0,0.0010217279195785522
1785289774.3804631,0.0,0.0,0.0009813439100980759
1785289774.3816364,0.0,0.0,0.0009661121293902397
1785289774.3828087,0.0,0.0,0.0009819520637392998
1785289774.383983,0.0,0.0,0.0009840000420808792
1785289774.385157,0.0,0.0,0.0009782398119568825
1785289774.3863087,0.0,0.0,0.0009586880914866924
1785289774.387504,0.0,0.0,0.0010048961266875267
1785289774.388685,0.0,0.0,0.0009898561984300613
1785289774.3898723,0.0,0.0,0.00099868793040514
1785289774.391032,0.0,0.0,0.0009725440759211779
1785289774.3922133,0.0,0.0,0.0009614720474928617
1785289774.393376,0.0,0.0,0.0009717119392007589
1785289774.3945324,0.0,0.0,0.0009660159703344107
1785289774.3957438,0.0,0.0,0.0010136000346392393
1785289774.3969097,0.0,0.0,0.0009727680590003729
1785289774.3980758,0.0,0.0,0.0009777599480003119
1785289774.3992848,0.0,0.0,0.0010163839906454086
1785289774.4004316,0.0,0.0,0.0009566079825162888
1785289774.401584,0.0,0.0,0.000961023848503828
1785289774.4027221,0.0,0.0,0.0009550401009619236
1785289774.4039004,0.0,0.0,0.000988607993349433
1785289774.4050562,0.0,0.0,0.0009483520407229662
1785289774.4062145,0.0,0.0,0.0009685438126325607
1785289774.407395,0.0,0.0,0.0009970881510525942
1785289774.4085581,0.0,0.0,0.0009715200867503881
1785289774.4097211,0.0,0.0,0.0009621758945286274
1785289774.4108407,0.0,0.0,0.0009339519310742617
1785289774.4120202,0.0,0.0,0.000996832037344575
1785289774.4132006,0.0,0.0,0.000985471997410059
1785289774.4143553,0.0,0.0,0.0009667521808296442
1785289774.4155374,0.0,0.0,0.0009980800095945597
1785289774.4167004,0.0,0.0,0.0009742719121277332
1785289774.4178412,0.0,0.0,0.0009486719500273466
1785289774.4190042,0.0,0.0,0.0009807359892874956
1785289774.4202137,0.0,0.0,0.0010007680393755436
1785289774.421373,0.0,0.0,0.0009801280684769154
1785289774.42253,0.0,0.0,0.0009667519479990005
1785289774.423739,0.0,0.0,0.001013216096907854
1785289774.4249115,0.0,0.0,0.0009756479412317276
1785289774.4260821,0.0,0.0,0.0009745920542627573
1785289774.4272776,0.0,0.0,0.001009088009595871
1785289774.4284983,0.0,0.0,0.0010060800705105066
1785289774.429677,0.0,0.0,0.0009778242092579603
1785289774.431623,0.0,0.0,0.0017487041186541319
1785289774.4328177,0.0,0.0,0.0009899199940264225
1785289774.4340234,0.0,0.0,0.001010271953418851
1785289774.435246,0.0,0.0,0.0010265279561281204
1785289774.4364076,0.0,0.0,0.0009601600468158722
1785289774.4375665,0.0,0.0,0.0009705598931759596
1785289774.4387326,0.0,0.0,0.0009800959378480911
1785289774.4399493,0.0,0.0,0.001028608065098524
1785289774.4411576,0.0,0.0,0.0009924480691552162
1785289774.442279,0.0,0.0,0.0009350080508738756
1785289774.4434962,0.0,0.0,0.0010254720691591501
1785289774.4446592,0.0,0.0,0.0009727359283715487
1785289774.4458408,0.0,0.0,0.0009896319825202227
1785289774.446996,0.0,0.0,0.000967040192335844
1785289774.44817,0.0,0.0,0.0009571199771016836
1785289774.4493337,0.0,0.0,0.0009764800779521465
1785289774.450488,0.0,0.0,0.0009596159216016531
1785289774.4516904,0.0,0.0,0.0010134719777852297
1785289774.4528737,0.0,0.0,0.0009937919676303864
1785289774.454038,0.0,0.0,0.0009775038342922926
1785289774.4552197,0.0,0.0,0.0009943360928446054
1785289774.4563963,0.0,0.0,0.0009656001348048449
1785289774.4575474,0.0,0.0,0.0009629440028220415
1785289774.458693,0.0,0.0,0.0009593279100954533
1785289774.4598622,0.0,0.0,0.0009838079567998648
1785289774.461001,0.0,0.0,0.000948319910094142
1785289774.4621413,0.0,0.0,0.0009517120197415352
1785289774.4633026,0.0,0.0,0.000975519884377718
1785289774.4644556,0.0,0.0,0.000970080029219389
1785289774.4655926,0.0,0.0,0.0009477119892835617
1785289774.4667294,0.0,0.0,0.0009511040989309549
1785289774.4678826,0.0,0.0,0.000965663930401206
1785289774.4690108,0.0,0.0,0.0009392958600074053
1785289774.4701693,0.0,0.0,0.0009691519662737846
1785289774.4713824,0.0,0.0,0.0010101119987666607
1785289774.4725194,0.0,0.0,0.0009549760725349188
1785289774.4736795,0.0,0.0,0.0009681920055299997
1785289774.4748359,0.0,0.0,0.0009719040244817734
1785289774.4760644,0.0,0.0,0.0010344639886170626
1785289774.4772465,0.0,0.0,0.0009849921334534883
1785289774.478434,0.0,0.0,0.0009840000420808792
1785289774.4796038,0.0,0.0,0.0009860799182206392
1785289774.4807844,0.0,0.0,0.000987872015684843
1785289774.4819477,0.0,0.0,0.000970751978456974
1785289774.483113,0.0,0.0,0.0009562878403812647
1785289774.4843225,0.0,0.0,0.0010101760271936655
1785289774.486208,0.0,0.0,0.0016961919609457254
1785289774.4874737,0.0,0.0,0.001054367981851101
1785289774.4886482,0.0,0.0,0.0009783359710127115
1785289774.4898052,0.0,0.0,0.0009689601138234138
1785289774.4909587,0.0,0.0,0.00096464017406106
1785289774.4921465,0.0,0.0,0.0009762879926711321
1785289774.4933286,0.0,0.0,0.0009878401178866625
1785289774.4944935,0.0,0.0,0.0009706881828606129
1785289774.4957008,0.0,0.0,0.0010161600075662136
1785289774.4968517,0.0,0.0,0.0009604799561202526
1785289774.4980085,0.0,0.0,0.0009670720901340246
1785289774.499204,0.0,0.0,0.0010035200975835323
1785289774.5003738,0.0,0.0,0.000978528056293726
1785289774.501532,0.0,0.0,0.0009737280197441578
1785289774.5026968,0.0,0.0,0.000970080029219389
1785289774.5039375,0.0,0.0,0.0010289920028299093
1785289774.505099,0.0,0.0,0.0009704320691525936
1785289774.506295,0.0,0.0,0.0010043198708444834
1785289774.507494,0.0,0.0,0.00101036811247468
1785289774.5086486,0.0,0.0,0.0009609919507056475
1785289774.5098479,0.0,0.0,0.0010109441354870796
1785289774.5110233,0.0,0.0,0.0009844801388680935
1785289774.5122197,0.0,0.0,0.0009739520028233528
1785289774.5133944,0.0,0.0,0.00098419189453125
1785289774.5145643,0.0,0.0,0.0009785601869225502
1785289774.5157752,0.0,0.0,0.001017536036670208
1785289774.5169647,0.0,0.0,0.00099705602042377
1785289774.5181444,0.0,0.0,0.000987648032605648
1785289774.5193334,0.0,0.0,0.0010059198830276728
1785289774.5205233,0.0,0.0,0.000992288114503026
1785289774.5216758,0.0,0.0,0.0009609600529074669
1785289774.5228233,0.0,0.0,0.0009551357943564653
1785289774.5240185,0.0,0.0,0.0010062078945338726
1785289774.525239,0.0,0.0,0.00098329596221447
1785289774.5264218,0.0,0.0,0.000985792139545083
1785289774.527618,0.0,0.0,0.0010018241591751575
1785289774.528842,0.0,0.0,0.0010171839967370033
1785289774.5300152,0.0,0.0,0.00098255998454988
1785289774.53124,0.0,0.0,0.001018207985907793
1785289774.532425,0.0,0.0,0.0009934080298990011
1785289774.533589,0.0,0.0,0.0009725440759211779
1785289774.534742,0.0,0.0,0.0009624320082366467
1785289774.535935,0.0,0.0,0.001003263983875513
1785289774.5371037,0.0,0.0,0.0009799038525670767
1785289774.5382738,0.0,0.0,0.000972480047494173
1785289774.5394623,0.0,0.0,0.0009953919798135757
1785289774.5413039,0.0,0.0,0.001648543868213892
1785289774.542518,0.0,0.0,0.0010015040170401335
1785289774.5437663,0.0,0.0,0.0010499840136617422
1785289774.5449665,0.0,0.0,0.001002592034637928
1785289774.5461266,0.0,0.0,0.0009695680346339941
1785289774.5473263,0.0,0.0,0.0010077760089188814
1785289774.5484812,0.0,0.0,0.0009695359040051699
1785289774.5496466,0.0,0.0,0.0009758719243109226
1785289774.5508163,0.0,0.0,0.000980607932433486
1785289774.5520096,0.0,0.0,0.001004895893856883
1785289774.5531363,0.0,0.0,0.0009370238985866308
1785289774.5542812,0.0,0.0,0.00095222401432693
1785289774.555484,0.0,0.0,0.0009919039439409971
1785289774.5566661,0.0,0.0,0.0009876799304038286
1785289774.5578258,0.0,0.0,0.0009697279892861843
1785289774.558987,0.0,0.0,0.000968575943261385
1785289774.5601788,0.0,0.0,0.000979423988610506
1785289774.5613413,0.0,0.0,0.0009694399777799845
1785289774.5625231,0.0,0.0,0.0009755841456353664
1785289774.5637076,0.0,0.0,0.0010020798072218895
1785289774.5648794,0.0,0.0,0.0009795199148356915
1785289774.566041,0.0,0.0,0.0009751040488481522
1785289774.5672824,0.0,0.0,0.001051552128046751
1785289774.5684397,0.0,0.0,0.0009630080312490463
1785289774.569617,0.0,0.0,0.0009907521307468414
1785289774.5707788,0.0,0.0,0.0009708481375128031
1785289774.5719488,0.0,0.0,0.0009803518187254667
1785289774.5730941,0.0,0.0,0.0009528319351375103
1785289774.5742695,0.0,0.0,0.0009801601991057396
1785289774.5754628,0.0,0.0,0.0010029440745711327
1785289774.5766304,0.0,0.0,0.0009786561131477356
1785289774.577784,0.0,0.0,0.0009601600468158722
1785289774.578986,0.0,0.0,0.0009969279635697603
1785289774.5801764,0.0,0.0,0.0009747839067131281
1785289774.581365,0.0,0.0,0.000996544025838375
1785289774.5825057,0.0,0.0,0.0009496319107711315
1785289774.5836709,0.0,0.0,0.0009749438613653183
1785289774.584851,0.0,0.0,0.0009891840163618326
1785289774.586002,0.0,0.0,0.0009606718085706234
1785289774.5871913,0.0,0.0,0.0009976641740649939
1785289774.5883386,0.0,0.0,0.0009549758397042751
1785289774.5895002,0.0,0.0,0.0009722881950438023
1785289774.5906591,0.0,0.0,0.0009660162031650543
1785289774.5918787,0.0,0.0,0.0010217600502073765
1785289774.5931125,0.0,0.0,0.0010116479825228453
1785289774.5943136,0.0,0.0,0.0010057277977466583
1785289774.5955288,0.0,0.0,0.0010289601050317287
1785289774.5975332,0.0,0.0,0.0018046400509774685
1785289774.5987487,0.0,0.0,0.0010072002187371254
1785289774.599958,0.0,0.0,0.001013280125334859
1785289774.6011403,0.0,0.0,0.0009878401178866625
1785289774.6023204,0.0,0.0,0.0009874561801552773
1785289774.6035428,0.0,0.0,0.0010301440488547087
1785289774.60474,0.0,0.0,0.000993920024484396
1785289774.6059384,0.0,0.0,0.0010092160664498806
1785289774.6071124,0.0,0.0,0.000959167955443263
1785289774.6083093,0.0,0.0,0.0009951679967343807
1785289774.609483,0.0,0.0,0.0009836158715188503
1785289774.6106532,0.0,0.0,0.000979935983195901
1785289774.6118548,0.0,0.0,0.0010120959486812353
1785289774.6130254,0.0,0.0,0.0009800000116229057
1785289774.614188,0.0,0.0,0.0009748481679707766
1785289774.615378,0.0,0.0,0.001005952013656497
1785289774.6165385,0.0,0.0,0.000964991981163621
1785289774.6177073,0.0,0.0,0.0009762879926711321
1785289774.6188712,0.0,0.0,0.0009774400386959314
1785289774.6200624,0.0,0.0,0.001003775978460908
1785289774.6212363,0.0,0.0,0.000982336001470685
1785289774.6224139,0.0,0.0,0.0009933440014719963
1785289774.6236064,0.0,0.0,0.0010086721740663052
1785289774.6247728,0.0,0.0,0.000977792078629136
1785289774.6259482,0.0,0.0,0.0009924799669533968
1785289774.6271572,0.0,0.0,0.0009663361124694347
1785289774.628356,0.0,0.0,0.000999008072540164
1785289774.6295612,0.0,0.0,0.0010111040901392698
1785289774.6307425,0.0,0.0,0.0009934080298990011
1785289774.6319742,0.0,0.0,0.0010422400664538145
1785289774.6331422,0.0,0.0,0.0009730560705065727
1785289774.634305,0.0,0.0,0.0009711680468171835
1785289774.635485,0.0,0.0,0.0009941759053617716
1785289774.63664,0.0,0.0,0.000965215964242816
1785289774.6377928,0.0,0.0,0.0009663039818406105
1785289774.638968,0.0,0.0,0.0009827520698308945
1785289774.640185,0.0,0.0,0.0010002560447901487
1785289774.6413696,0.0,0.0,0.0009922559838742018
1785289774.642505,0.0,0.0,0.000943328021094203
1785289774.643679,0.0,0.0,0.0009884480386972427
1785289774.6448526,0.0,0.0,0.0009770561009645462
1785289774.6460164,0.0,0.0,0.000975616043433547
1785289774.6472147,0.0,0.0,0.001012127846479416
1785289774.6484058,0.0,0.0,0.000997600145637989
1785289774.649568,0.0,0.0,0.0009668478742241859
1785289774.65076,0.0,0.0,0.0009931521490216255
1785289774.65277,0.0,0.0,0.0011104319710284472
1785289774.6540208,0.0,0.0,0.0010349119547754526
1785289774.655266,0.0,0.0,0.0010492480359971523
1785289774.6564567,0.0,0.0,0.0009889279026538134
1785289774.657644,0.0,0.0,0.0009959680028259754
1785289774.6588209,0.0,0.0,0.0009872319642454386
1785289774.6600318,0.0,0.0,0.0010172480251640081
1785289774.6611962,0.0,0.0,0.0009715200867503881
1785289774.6623857,0.0,0.0,0.0009968641679733992
1785289774.6635916,0.0,0.0,0.0010137599892914295
1785289774.664765,0.0,0.0,0.0009764160495251417
1785289774.6659021,0.0,0.0,0.0009459198918193579
1785289774.6670494,0.0,0.0,0.000958272023126483
1785289774.6682463,0.0,0.0,0.000978976022452116
1785289774.6693823,0.0,0.0,0.0009428798221051693
1785289774.6705306,0.0,0.0,0.0009568959940224886
1785289774.671772,0.0,0.0,0.0010529921855777502
1785289774.67295,0.0,0.0,0.0009841278661042452
1785289774.6741009,0.0,0.0,0.0009598080068826675
1785289774.6752973,0.0,0.0,0.0010115839540958405
1785289774.6764674,0.0,0.0,0.0009771839249879122
1785289774.677634,0.0,0.0,0.0009728639852255583
1785289774.6788573,0.0,0.0,0.0010040639899671078
1785289774.6800792,0.0,0.0,0.0010253440123051405
1785289774.6812472,0.0,0.0,0.0009739198721945286
1785289774.6824026,0.0,0.0,0.0009635200258344412
1785289774.6835585,0.0,0.0,0.000968896085396409
1785289774.6847258,0.0,0.0,0.0009579840116202831
1785289774.6858797,0.0,0.0,0.000968575943261385
1785289774.687061,0.0,0.0,0.0009916159324347973
1785289774.6882641,0.0,0.0,0.0009809278417378664
1785289774.689444,0.0,0.0,0.0009879679419100285
1785289774.690607,0.0,0.0,0.0009738239459693432
1785289774.6917944,0.0,0.0,0.0010003838688135147
1785289774.6929471,0.0,0.0,0.0009589758701622486
1785289774.6941452,0.0,0.0,0.000993696041405201
1785289774.695326,0.0,0.0,0.0009945600759238005
1785289774.696495,0.0,0.0,0.000975743867456913
1785289774.69764,0.0,0.0,0.0009569278918206692
1785289774.6988099,0.0,0.0,0.0009761280380189419
1785289774.7000113,0.0,0.0,0.0010207360610365868
1785289774.7012281,0.0,0.0,0.0010080959182232618
1785289774.7024167,0.0,0.0,0.0009920320007950068
1785289774.7036104,0.0,0.0,0.0009958080481737852
1785289774.70477,0.0,0.0,0.0009691519662737846
1785289774.705937,0.0,0.0,0.0009751999750733376
1785289774.707901,0.0,0.0,0.001771839801222086
1785289774.709117,0.0,0.0,0.0010082880035042763
1785289774.7103,0.0,0.0,0.0009867839980870485
1785289774.7115152,0.0,0.0,0.0010251200292259455
1785289774.7126977,0.0,0.0,0.0009847041219472885
1785289774.7138612,0.0,0.0,0.0009754558559507132
1785289774.7150366,0.0,0.0,0.000985248014330864
1785289774.7162583,0.0,0.0,0.0009805439040064812
1785289774.717434,0.0,0.0,0.0009858559351414442
1785289774.7186172,0.0,0.0,0.0009863681625574827
1785289774.7198443,0.0,0.0,0.0010344639886170626
1785289774.7210357,0.0,0.0,0.0010006080847233534
1785289774.7222161,0.0,0.0,0.0009849278721958399
1785289774.7234128,0.0,0.0,0.001006175996735692
1785289774.7245858,0.0,0.0,0.0009821439161896706
1785289774.7257502,0.0,0.0,0.0009757759980857372
1785289774.7269251,0.0,0.0,0.000989503925666213
1785289774.7281625,0.0,0.0,0.001026432029902935
1785289774.729319,0.0,0.0,0.0009649600833654404
1785289774.7304919,0.0,0.0,0.0009830398485064507
1785289774.7316916,0.0,0.0,0.0010108479764312506
1785289774.7328615,0.0,0.0,0.0009808000177145004
1785289774.7340293,0.0,0.0,0.0009749438613653183
1785289774.735201,0.0,0.0,0.000980607932433486
1785289774.7364101,0.0,0.0,0.0010159360244870186
1785289774.7375965,0.0,0.0,0.000996832037344575
1785289774.7387621,0.0,0.0,0.0009731519967317581
1785289774.7400064,0.0,0.0,0.0010548161808401346
1785289774.7412024,0.0,0.0,0.0010009920224547386
1785289774.742384,0.0,0.0,0.0009922878816723824
1785289774.7435968,0.0,0.0,0.0010221118573099375
1785289774.7447655,0.0,0.0,0.0009816000238060951
1785289774.7459476,0.0,0.0,0.0009753280319273472
1785289774.747145,0.0,0.0,0.0010074558667838573
1785289774.748336,0.0,0.0,0.0009910720400512218
1785289774.749532,0.0,0.0,0.000986016122624278
1785289774.7507024,0.0,0.0,0.0009793280623853207
1785289774.7518868,0.0,0.0,0.0009936320129781961
1785289774.753061,0.0,0.0,0.0009808321483433247
1785289774.7542355,0.0,0.0,0.0009863360319286585
1785289774.7554164,0.0,0.0,0.0009874559473246336
1785289774.7566235,0.0,0.0,0.0009836158715188503
1785289774.7577999,0.0,0.0,0.000982783967629075
1785289774.7589712,0.0,0.0,0.0009744958952069283
1785289774.7602034,0.0,0.0,0.0010156480129808187
1785289774.7620504,0.0,0.0,0.0016507201362401247
1785289774.7633505,0.0,0.0,0.0010812480468302965
1785289774.7645533,0.0,0.0,0.0010031040292233229
1785289774.7657084,0.0,0.0,0.0009649600833654404
1785289774.7669015,0.0,0.0,0.0009971840772777796
1785289774.768134,0.0,0.0,0.0010196799412369728
1785289774.7692897,0.0,0.0,0.000961023848503828
1785289774.7704918,0.0,0.0,0.0009756800718605518
1785289774.7716513,0.0,0.0,0.0009687040001153946
1785289774.7728298,0.0,0.0,0.0009883199818432331
1785289774.774001,0.0,0.0,0.0009832961950451136
1785289774.775221,0.0,0.0,0.001030112151056528
1785289774.7764518,0.0,0.0,0.0010038719046860933
1785289774.7776327,0.0,0.0,0.000986879924312234
1785289774.7788062,0.0,0.0,0.0009837760590016842
1785289774.7800064,0.0,0.0,0.0010070721618831158
1785289774.7811892,0.0,0.0,0.0009911360684782267
1785289774.7823684,0.0,0.0,0.0009840321727097034
1785289774.7835732,0.0,0.0,0.0010085760150104761
1785289774.7847333,0.0,0.0,0.0009637121111154556
1785289774.7859006,0.0,0.0,0.000978431897237897
1785289774.7870665,0.0,0.0,0.0009776321239769459
1785289774.7882743,0.0,0.0,0.000990175874903798
1785289774.7894704,0.0,0.0,0.000999904004856944
1785289774.7906578,0.0,0.0,0.0009990721009671688
1785289774.7918534,0.0,0.0,0.0010051839053630829
1785289774.793042,0.0,0.0,0.0010003841016441584
1785289774.7942219,0.0,0.0,0.0009913919493556023
1785289774.7954109,0.0,0.0,0.0009972481057047844
1785289774.7965753,0.0,0.0,0.0009674238972365856
1785289774.797743,0.0,0.0,0.0009739520028233528
1785289774.798905,0.0,0.0,0.0009508160874247551
1785289774.800099,0.0,0.0,0.0010086719412356615
1785289774.8012872,0.0,0.0,0.000994591973721981
1785289774.8024635,0.0,0.0,0.0009841599967330694
1785289774.8036397,0.0,0.0,0.0009831360075622797
1785289774.8047926,0.0,0.0,0.0009615679737180471
1785289774.8059561,0.0,0.0,0.0009709121659398079
1785289774.8071606,0.0,0.0,0.000998784089460969
1785289774.8083184,0.0,0.0,0.0009643200319260359
1785289774.8095412,0.0,0.0,0.0010266879107803106
1785289774.8107245,0.0,0.0,0.0009894720278680325
1785289774.8119998,0.0,0.0,0.0010853121057152748
1785289774.8132017,0.0,0.0,0.000997183844447136
1785289774.8143604,0.0,0.0,0.0009615360759198666
1785289774.8155773,0.0,0.0,0.0010221120901405811
1785289774.817431,0.0,0.0,0.0016523839440196753
1785289774.8186662,0.0,0.0,0.0010248960461467505
1785289774.819909,0.0,0.0,0.0010415359865874052
1785289774.8211079,0.0,0.0,0.0010030078701674938
1785289774.8223088,0.0,0.0,0.0010071999859064817
1785289774.8235393,0.0,0.0,0.0010390081442892551
1785289774.8247364,0.0,0.0,0.000997727969661355
1785289774.825908,0.0,0.0,0.0009842561557888985
1785289774.8270729,0.0,0.0,0.0009735999628901482
1785289774.8283167,0.0,0.0,0.0010211837943643332
1785289774.8295243,0.0,0.0,0.0010155842173844576
1785289774.8307397,0.0,0.0,0.001024032011628151
1785289774.832009,0.0,0.0,0.0010839041788130999
1785289774.8332722,0.0,0.0,0.0010720959398895502
1785289774.83447,0.0,0.0,0.000999008072540164
1785289774.8356879,0.0,0.0,0.0010221758857369423
1785289774.8369076,0.0,0.0,0.0010237758979201317
1785289774.8381178,0.0,0.0,0.000999968033283949
1785289774.8393497,0.0,0.0,0.0010399359744042158
1785289774.8405516,0.0,0.0,0.0010064318776130676
1785289774.8417532,0.0,0.0,0.0010078721679747105
1785289774.8429472,0.0,0.0,0.0010002239141613245
1785289774.8441794,0.0,0.0,0.0010129278525710106
1785289774.8453875,0.0,0.0,0.0010130240116268396
1785289774.846583,0.0,0.0,0.0010003838688135147
1785289774.8478036,0.0,0.0,0.0010326399933546782
1785289774.8489861,0.0,0.0,0.0009889600332826376
1785289774.8501801,0.0,0.0,0.0010026560630649328
1785289774.8514395,0.0,0.0,0.0010428160894662142
1785289774.8526464,0.0,0.0,0.0010143681429326534
1785289774.8538413,0.0,0.0,0.001000512158498168
1785289774.8550272,0.0,0.0,0.0009985279757529497
1785289774.8562348,0.0,0.0,0.000989600084722042
1785289774.857463,0.0,0.0,0.0010346879716962576
1785289774.8586664,0.0,0.0,0.0010083517991006374
1785289774.8598871,0.0,0.0,0.0010277759283781052
1785289774.8610623,0.0,0.0,0.0009775999933481216
1785289774.862246,0.0,0.0,0.0009939521551132202
1785289774.8634517,0.0,0.0,0.0010161919053643942
1785289774.8646328,0.0,0.0,0.000986143946647644
1785289774.8658173,0.0,0.0,0.0009936001151800156
1785289774.86702,0.0,0.0,0.0010076479520648718
1785289774.8682818,0.0,0.0,0.0010386561043560505
1785289774.869535,0.0,0.0,0.0010313920211046934
1785289774.8707492,0.0,0.0,0.0010175041388720274
1785289774.8726666,0.0,0.0,0.0017227840144187212
1785289774.873902,0.0,0.0,0.0010169921442866325
1785289774.8751204,0.0,0.0,0.001022079959511757
1785289774.876314,0.0,0.0,0.0009962560143321753
1785289774.8774853,0.0,0.0,0.0009753599297255278
1785289774.8786647,0.0,0.0,0.0009823997970670462
1785289774.8798707,0.0,0.0,0.0010119040962308645
1785289774.8810432,0.0,0.0,0.000984512036666274
1785289774.8821945,0.0,0.0,0.0009616641327738762
1785289774.8834016,0.0,0.0,0.0010179521050304174
1785289774.8845866,0.0,0.0,0.0009890880901366472
1785289774.8857653,0.0,0.0,0.0009841280989348888
1785289774.8869357,0.0,0.0,0.0009824640583246946
1785289774.8881786,0.0,0.0,0.0010251840576529503
1785289774.88937,0.0,0.0,0.0009991039987653494
1785289774.8905265,0.0,0.0,0.0009637761395424604
1785289774.8917701,0.0,0.0,0.0010493439622223377
1785289774.8929725,0.0,0.0,0.001006399979814887
1785289774.8941734,0.0,0.0,0.0010097601916640997
1785289774.8954353,0.0,0.0,0.0010610560420900583
1785289774.896626,0.0,0.0,0.0009915519040077925
1785289774.8978202,0.0,0.0,0.0010044798254966736
1785289774.8989832,0.0,0.0,0.0009719680529087782
1785289774.900271,0.0,0.0,0.0010381119791418314
1785289774.9015005,0.0,0.0,0.0010274241212755442
1785289774.9026856,0.0,0.0,0.0009911360684782267
1785289774.903889,0.0,0.0,0.0010145918931812048
1785289774.9050713,0.0,0.0,0.0009826240129768848
1785289774.906247,0.0,0.0,0.0009907200001180172
1785289774.9074583,0.0,0.0,0.0010182401165366173
1785289774.9086483,0.0,0.0,0.0009934080298990011
1785289774.9098625,0.0,0.0,0.0010173760820180178
1785289774.9110608,0.0,0.0,0.000998784089460969
1785289774.9123065,0.0,0.0,0.0010081599466502666
1785289774.9134994,0.0,0.0,0.0010002560447901487
1785289774.914685,0.0,0.0,0.0009917118586599827
1785289774.9159179,0.0,0.0,0.001038976013660431
1785289774.9171119,0.0,0.0,0.0010036800522357225
1785289774.9183395,0.0,0.0,0.0010373438708484173
1785289774.9195633,0.0,0.0,0.0010284797754138708
1785289774.920785,0.0,0.0,0.0010284159798175097
1785289774.9220085,0.0,0.0,0.0010327680502086878
1785289774.9232512,0.0,0.0,0.0010454719886183739
1785289774.9244623,0.0,0.0,0.001005600206553936
1785289774.925645,0.0,0.0,0.0009849281050264835
1785289774.9268613,0.0,0.0,0.0010257279500365257
1785289774.9288008,0.0,0.0,0.0010778880678117275
1785289774.9300199,0.0,0.0,0.0010083199013024569
1785289774.9312296,0.0,0.0,0.0010181758552789688
1785289774.932462,0.0,0.0,0.001010495936498046
1785289774.9336514,0.0,0.0,0.0009955200366675854
1785289774.9348345,0.0,0.0,0.0009887360502034426
1785289774.9360836,0.0,0.0,0.0010554241016507149
1785289774.9373033,0.0,0.0,0.0010156799107789993
1785289774.9384835,0.0,0.0,0.0009846400935202837
1785289774.939701,0.0,0.0,0.0010274560190737247
1785289774.9408932,0.0,0.0,0.0009933121036738157
1785289774.942093,0.0,0.0,0.0010066879913210869
1785289774.9433084,0.0,0.0,0.0010198079980909824
1785289774.944508,0.0,0.0,0.0009996159933507442
1785289774.9457042,0.0,0.0,0.0010043520014733076
1785289774.9469018,0.0,0.0,0.001003167824819684
1785289774.9481196,0.0,0.0,0.001006399979814887
1785289774.9493048,0.0,0.0,0.0009883837774395943
1785289774.9505217,0.0,0.0,0.0010227840393781662
1785289774.9517317,0.0,0.0,0.0010163199622184038
1785289774.9529335,0.0,0.0,0.0010058879852294922
1785289774.9541175,0.0,0.0,0.0009931197855621576
1785289774.9553325,0.0,0.0,0.0010281279683113098
1785289774.9565425,0.0,0.0,0.0010141439270228148
1785289774.957722,0.0,0.0,0.0009866880718618631
1785289774.9589076,0.0,0.0,0.0009970241226255894
1785289774.9601254,0.0,0.0,0.0010045119561254978
1785289774.961315,0.0,0.0,0.0009962560143321753
1785289774.9625058,0.0,0.0,0.0009786880109459162
1785289774.9636886,0.0,0.0,0.000988831976428628
1785289774.9648876,0.0,0.0,0.0010037121828645468
1785289774.9660738,0.0,0.0,0.000991520006209612
1785289774.967293,0.0,0.0,0.001029120059683919
1785289774.9684803,0.0,0.0,0.000995103968307376
1785289774.9696727,0.0,0.0,0.0010035200975835323
1785289774.9708729,0.0,0.0,0.0010084479581564665
1785289774.9721034,0.0,0.0,0.0010453760623931885
1785289774.9733312,0.0,0.0,0.0010261121205985546
1785289774.974549,0.0,0.0,0.0010216000955551863
1785289774.9757793,0.0,0.0,0.0010360321030020714
1785289774.9769804,0.0,0.0,0.0010088321287184954
1785289774.9782064,0.0,0.0,0.0010347841307520866
1785289774.979444,0.0,0.0,0.001037120120599866
1785289774.9806628,0.0,0.0,0.0010194559581577778
1785289774.981876,0.0,0.0,0.0010176319628953934
1785289774.983858,0.0,0.0,0.0017790081910789013
1785289774.9851158,0.0,0.0,0.0010406719520688057
1785289774.9863153,0.0,0.0,0.0009998080786317587
1785289774.9875267,0.0,0.0,0.0010208641178905964
1785289774.988716,0.0,0.0,0.0009919358417391777
1785289774.9898996,0.0,0.0,0.0009861760772764683
1785289774.991068,0.0,0.0,0.0009804160799831152
1785289774.9923282,0.0,0.0,0.0010269440244883299
1785289774.9935102,0.0,0.0,0.0009929919615387917
1785289774.9947014,0.0,0.0,0.0010005119256675243
1785289774.9959416,0.0,0.0,0.0010442559141665697
1785289774.9971225,0.0,0.0,0.0009864959865808487
1785289774.9982994,0.0,0.0,0.0009814719669520855
1785289774.9995039,0.0,0.0,0.0010111359879374504
1785289775.0007434,0.0,0.0,0.0010451199486851692
1785289775.0019536,0.0,0.0,0.0010122561361640692
1785289775.0031896,0.0,0.0,0.0010436479933559895
1785289775.0043957,0.0,0.0,0.0010098558850586414
1785289775.0056064,0.0,0.0,0.0010136000346392393
1785289775.0068235,0.0,0.0,0.0010203518904745579
1785289775.0080826,0.0,0.0,0.0010668160393834114
1785289775.0092502,0.0,0.0,0.0009659519419074059
1785289775.010456,0.0,0.0,0.0010141120292246342
1785289775.011701,0.0,0.0,0.0010500799398869276
1785289775.0128753,0.0,0.0,0.0009763839188963175
1785289775.0140564,0.0,0.0,0.0009888000786304474
1785289775.0153325,0.0,0.0,0.0010765439365059137
1785289775.01653,0.0,0.0,0.000996544025838375
1785289775.017729,0.0,0.0,0.001007135957479477
1785289775.0189369,0.0,0.0,0.0010202559642493725
1785289775.0201552,0.0,0.0,0.0010026239324361086
1785289775.0213523,0.0,0.0,0.001005280064418912
1785289775.0225368,0.0,0.0,0.0009872319642454386
1785289775.023764,0.0,0.0,0.0010377280414104462
1785289775.0250168,0.0,0.0,0.0010104000102728605
1785289775.026224,0.0,0.0,0.0010061762295663357
1785289775.0274115,0.0,0.0,0.0009966399520635605
1785289775.0285735,0.0,0.0,0.0009730241727083921
1785289775.0297637,0.0,0.0,0.0009997759480029345
1785289775.0309515,0.0,0.0,0.0009979840833693743
1785289775.0322077,0.0,0.0,0.0010408640373498201
1785289775.033403,0.0,0.0,0.0010043198708444834
1785289775.0346103,0.0,0.0,0.001000863965600729
1785289775.0358162,0.0,0.0,0.0010215358342975378
1785289775.0370064,0.0,0.0,0.0009975361172109842
1785289775.0389261,0.0,0.0,0.0017264960333704948
1785289775.0401914,0.0,0.0,0.001030015992000699
1785289775.0413895,0.0,0.0,0.0010041920468211174
1785289775.0425973,0.0,0.0,0.0010098880156874657
1785289775.0438354,0.0,0.0,0.0010464319493621588
1785289775.045039,0.0,0.0,0.001007456099614501
1785289775.0462239,0.0,0.0,0.0009960641618818045
1785289775.0474665,0.0,0.0,0.001048864098265767
1785289775.0487015,0.0,0.0,0.0010121599771082401
1785289775.0499086,0.0,0.0,0.0010151360183954239
1785289775.0511334,0.0,0.0,0.0010330879595130682
1785289775.052378,0.0,0.0,0.0010470079723745584
1785289775.053564,0.0,0.0,0.0009928320068866014
1785289775.0547667,0.0,0.0,0.0010083841625601053
1785289775.055983,0.0,0.0,0.0010290241334587336
1785289775.057208,0.0,0.0,0.0010068800766021013
1785289775.058392,0.0,0.0,0.0009922559838742018
1785289775.059609,0.0,0.0,0.001019391929730773
1785289775.060827,0.0,0.0,0.0010167360305786133
1785289775.0620067,0.0,0.0,0.0009879041463136673
1785289775.0632145,0.0,0.0,0.0010173760820180178
1785289775.064435,0.0,0.0,0.0010060800705105066
1785289775.0656524,0.0,0.0,0.001020672032609582
1785289775.0668669,0.0,0.0,0.0010165439452975988
1785289775.0681124,0.0,0.0,0.0010536001063883305
1785289775.0693362,0.0,0.0,0.0010220801923424006
1785289775.0705419,0.0,0.0,0.0010055038146674633
1785289775.0717883,0.0,0.0,0.0010505279060453176
1785289775.072993,0.0,0.0,0.0010108479764312506
1785289775.074179,0.0,0.0,0.0009917120914906263
1785289775.0754058,0.0,0.0,0.0010337280109524727
1785289775.076599,0.0,0.0,0.0009991999249905348
1785289775.0777848,0.0,0.0,0.000990560045465827
1785289775.0789704,0.0,0.0,0.0009923200123012066
1785289775.0802155,0.0,0.0,0.001025248086079955
1785289775.0814238,0.0,0.0,0.0010118400678038597
1785289775.082608,0.0,0.0,0.0009873281233012676
1785289775.0838234,0.0,0.0,0.0010184000711888075
1785289775.0850475,0.0,0.0,0.0010262399446219206
1785289775.0862648,0.0,0.0,0.0010252799838781357
1785289775.0875256,0.0,0.0,0.0010467839892953634
1785289775.0887551,0.0,0.0,0.0010302080772817135
1785289775.0899763,0.0,0.0,0.001024032011628151
1785289775.0911841,0.0,0.0,0.0010145278647542
1785289775.0923762,0.0,0.0,0.0009922559838742018
1785289775.0942342,0.0,0.0,0.0016573441680520773
1785289775.0955176,0.0,0.0,0.0010784638579934835
1785289775.0967138,0.0,0.0,0.0009985598735511303
1785289775.0979142,0.0,0.0,0.0010049599222838879
1785289775.0991278,0.0,0.0,0.001019615912809968
1785289775.1003072,0.0,0.0,0.000987648032605648
1785289775.1015103,0.0,0.0,0.0010067839175462723
1785289775.1026816,0.0,0.0,0.0009784640278667212
1785289775.1039088,0.0,0.0,0.0010350400116294622
1785289775.1050928,0.0,0.0,0.0009884161408990622
1785289775.1062915,0.0,0.0,0.0010047040414065123
1785289775.1075459,0.0,0.0,0.001058944035321474
1785289775.1087623,0.0,0.0,0.0010177278891205788
1785289775.1099768,0.0,0.0,0.0010166401043534279
1785289775.1111982,0.0,0.0,0.0010265600867569447
1785289775.1123815,0.0,0.0,0.0009871041402220726
1785289775.1135879,0.0,0.0,0.0010156158823519945
1785289775.1148071,0.0,0.0,0.0010203521233052015
1785289775.1160336,0.0,0.0,0.0010296320542693138
1785289775.117234,0.0,0.0,0.0010112000163644552
1785289775.1184382,0.0,0.0,0.0010119040962308645
1785289775.1197152,0.0,0.0,0.0010520319920033216
1785289775.1209004,0.0,0.0,0.0009894079994410276
1785289775.1221304,0.0,0.0,0.0010376637801527977
1785289775.1233482,0.0,0.0,0.001019839895889163
1785289775.1245754,0.0,0.0,0.0010303999297320843
1785289775.1257842,0.0,0.0,0.0010155199561268091
1785289775.1270013,0.0,0.0,0.0010236799716949463
1785289775.1282046,0.0,0.0,0.0009847679175436497
1785289775.1294336,0.0,0.0,0.001032256055623293
1785289775.1306534,0.0,0.0,0.0010254718363285065
1785289775.1318746,0.0,0.0,0.00102873588912189
1785289775.1330652,0.0,0.0,0.0009974399581551552
1785289775.1342447,0.0,0.0,0.0009849278721958399
1785289775.135447,0.0,0.0,0.0010155199561268091
1785289775.136628,0.0,0.0,0.0009900799486786127
1785289775.1377857,0.0,0.0,0.0009674881584942341
1785289775.138944,0.0,0.0,0.0009697920177131891
1785289775.1402376,0.0,0.0,0.0010769600048661232
1785289775.1414425,0.0,0.0,0.0010078721679747105
1785289775.1426687,0.0,0.0,0.001029344042763114
1785289775.1439652,0.0,0.0,0.001076800050213933
1785289775.1451895,0.0,0.0,0.001021567964926362
1785289775.1464088,0.0,0.0,0.0010195521172136068
1785289775.1476865,0.0,0.0,0.0010828159283846617
1785289775.1495996,0.0,0.0,0.0010509120766073465
1785289775.150818,0.0,0.0,0.001013440079987049
1785289775.1520894,0.0,0.0,0.0010739839635789394
1785289775.1533153,0.0,0.0,0.0010274879168719053
1785289775.154531,0.0,0.0,0.0010197761002928019
1785289775.1557724,0.0,0.0,0.0010453758295625448
1785289775.156968,0.0,0.0,0.001008352031931281
1785289775.1581948,0.0,0.0,0.0010335040278732777
1785289775.1594436,0.0,0.0,0.0010565759148448706
1785289775.1607094,0.0,0.0,0.001062592025846243
1785289775.1619556,0.0,0.0,0.0010493439622223377
1785289775.1631804,0.0,0.0,0.001026559853926301
1785289775.1643867,0.0,0.0,0.0010139839723706245
1785289775.1655967,0.0,0.0,0.0010153918992727995
1785289775.1667752,0.0,0.0,0.0009846719913184643
1785289775.1679978,0.0,0.0,0.0010330879595130682
1785289775.1691706,0.0,0.0,0.0009754879865795374
1785289775.1703548,0.0,0.0,0.0009953919798135757
1785289775.171631,0.0,0.0,0.0010758719872683287
1785289775.1728597,0.0,0.0,0.0010289920028299093
1785289775.1740506,0.0,0.0,0.0009962560143321753
1785289775.1752877,0.0,0.0,0.0010391038376837969
1785289775.1764798,0.0,0.0,0.0009960001334547997
1785289775.1776676,0.0,0.0,0.0009902080055326223
1785289775.178858,0.0,0.0,0.0009978881571441889
1785289775.1800818,0.0,0.0,0.0010302080772817135
1785289775.1813297,0.0,0.0,0.0010262720752507448
1785289775.1825838,0.0,0.0,0.0010315519757568836
1785289775.1838183,0.0,0.0,0.001038815826177597
1785289775.1850343,0.0,0.0,0.0010189120657742023
1785289775.1862352,0.0,0.0,0.0010059839114546776
1785289775.1874688,0.0,0.0,0.0010422398336231709
1785289775.188673,0.0,0.0,0.0010048639960587025
1785289775.1898627,0.0,0.0,0.0009957440197467804
1785289775.1910553,0.0,0.0,0.0009985920041799545
1785289775.1923015,0.0,0.0,0.0010224641300737858
1785289775.1935039,0.0,0.0,0.0010091518051922321
1785289775.1946936,0.0,0.0,0.0009984001517295837
1785289775.195919,0.0,0.0,0.0010336639825254679
1785289775.1971052,0.0,0.0,0.0009913279209285975
1785289775.198289,0.0,0.0,0.0009902720339596272
1785289775.199526,0.0,0.0,0.0010409920942038298
1785289775.2007358,0.0,0.0,0.0010150079615414143
1785289775.2019286,0.0,0.0,0.0009987200610339642
1785289775.2031543,0.0,0.0,0.00102576008066535
1785289775.2060544,0.0,0.0,0.0011261759791523218
1785289775.2073529,0.0,0.0,0.0010819840244948864
1785289775.2085724,0.0,0.0,0.001021023839712143
1785289775.2097847,0.0,0.0,0.0010138880461454391
1785289775.2110069,0.0,0.0,0.0010226881131529808
1785289775.212245,0.0,0.0,0.001020160038024187
1785289775.2134032,0.0,0.0,0.0009636799804866314
1785289775.2146406,0.0,0.0,0.0010259200353175402
1785289775.2158625,0.0,0.0,0.0010203199926763773
1785289775.217051,0.0,0.0,0.0009895360562950373
1785289775.2182722,0.0,0.0,0.0010247679892927408
1785289775.2194881,0.0,0.0,0.0010261759161949158
1785289775.2207525,0.0,0.0,0.0010399359744042158
1785289775.2220056,0.0,0.0,0.0010383040644228458
1785289775.2232451,0.0,0.0,0.001033984124660492
1785289775.2244577,0.0,0.0,0.0010175679344683886
1785289775.2256665,0.0,0.0,0.0010170561727136374
1785289775.2268605,0.0,0.0,0.001003775978460908
1785289775.2281063,0.0,0.0,0.001051903935149312
1785289775.2293248,0.0,0.0,0.0010187840089201927
1785289775.2304964,0.0,0.0,0.000979551812633872
1785289775.2317324,0.0,0.0,0.0010417918674647808
1785289775.232923,0.0,0.0,0.0009913279209285975
1785289775.2341177,0.0,0.0,0.0010045438539236784
1785289775.2353642,0.0,0.0,0.0010516161564737558
1785289775.2366161,0.0,0.0,0.0010539840441197157
1785289775.2378244,0.0,0.0,0.0010045438539236784
1785289775.2390242,0.0,0.0,0.0010041280183941126
1785289775.2402642,0.0,0.0,0.0010236480738967657
1785289775.2414691,0.0,0.0,0.0010056961327791214
1785289775.2426765,0.0,0.0,0.0010127041023224592
1785289775.2439284,0.0,0.0,0.0010551039595156908
1785289775.2451174,0.0,0.0,0.0009908799547702074
1785289775.2463055,0.0,0.0,0.0009904000908136368
1785289775.2475812,0.0,0.0,0.0010771839879453182
1785289775.2487886,0.0,0.0,0.0010110719595104456
1785289775.2499905,0.0,0.0,0.0010056640021502972
1785289775.2512221,0.0,0.0,0.0010388160590082407
1785289775.2524269,0.0,0.0,0.0010081599466502666
1785289775.2536616,0.0,0.0,0.001037344103679061
1785289775.2549071,0.0,0.0,0.0010446400847285986
1785289775.2561786,0.0,0.0,0.0010548480786383152
1785289775.2574003,0.0,0.0,0.0010230077896267176
1785289775.2586133,0.0,0.0,0.0010171839967370033
1785289775.2608154,0.0,0.0,0.0011086398735642433
1785289775.262059,0.0,0.0,0.001038143876940012
1785289775.2633302,0.0,0.0,0.0010735359974205494
1785289775.26457,0.0,0.0,0.0010419199243187904
1785289775.2657766,0.0,0.0,0.0010152319446206093
1785289775.2669873,0.0,0.0,0.001018655952066183
1785289775.2682645,0.0,0.0,0.0010464321821928024
1785289775.269474,0.0,0.0,0.0010203840211033821
1785289775.2706635,0.0,0.0,0.0009962560143321753
1785289775.2718992,0.0,0.0,0.0010433278512209654
1785289775.2731109,0.0,0.0,0.001017536036670208
1785289775.2743242,0.0,0.0,0.0010208319872617722
1785289775.2755592,0.0,0.0,0.0010425280779600143
1785289775.2767775,0.0,0.0,0.0010254399385303259
1785289775.2780235,0.0,0.0,0.0010313920211046934
1785289775.2792656,0.0,0.0,0.0010476158931851387
1785289775.2804875,0.0,0.0,0.0010293759405612946
1785289775.2817035,0.0,0.0,0.0010213761124759912
1785289775.2829087,0.0,0.0,0.001012992113828659
1785289775.2841415,0.0,0.0,0.0010203840211033821
1785289775.2853444,0.0,0.0,0.0010067839175462723
1785289775.2865415,0.0,0.0,0.0010023999493569136
1785289775.287768,0.0,0.0,0.0010330879595130682
1785289775.2890093,0.0,0.0,0.0010453760623931885
1785289775.290221,0.0,0.0,0.0010140480007976294
1785289775.2914426,0.0,0.0,0.0010293119121342897
1785289775.29264,0.0,0.0,0.0010029440745711327
1785289775.2938173,0.0,0.0,0.0009874880779534578
1785289775.2950282,0.0,0.0,0.00101200002245605
1785289775.2962992,0.0,0.0,0.0010538240894675255
1785289775.297509,0.0,0.0,0.001004768069833517
1785289775.2986891,0.0,0.0,0.0009967999067157507
1785289775.2999322,0.0,0.0,0.001055136090144515
1785289775.3011632,0.0,0.0,0.0010139839723706245
1785289775.3023767,0.0,0.0,0.0010174401104450226
1785289775.3036284,0.0,0.0,0.0010588800068944693
1785289775.3048651,0.0,0.0,0.0010430719703435898
1785289775.306091,0.0,0.0,0.0010216319933533669
1785289775.3073263,0.0,0.0,0.0010352958925068378
1785289775.308504,0.0,0.0,0.0009813760407269
1785289775.309719,0.0,0.0,0.0009982718620449305
1785289775.3109283,0.0,0.0,0.0010039040353149176
1785289775.3122022,0.0,0.0,0.001049600075930357
1785289775.3134315,0.0,0.0,0.0010298560373485088
1785289775.3154187,0.0,0.0,0.0017987519968301058
1785289775.3166783,0.0,0.0,0.0010453760623931885
1785289775.3178957,0.0,0.0,0.0010219838004559278
1785289775.319131,0.0,0.0,0.0010405760258436203
1785289775.3203368,0.0,0.0,0.0010059839114546776
1785289775.3215454,0.0,0.0,0.001015935791656375
1785289775.3227508,0.0,0.0,0.0010115839540958405
1785289775.3239903,0.0,0.0,0.0010421439073979855
1785289775.3251853,0.0,0.0,0.0009960641618818045
1785289775.3263984,0.0,0.0,0.001019391929730773
1785289775.327669,0.0,0.0,0.0010799998417496681
1785289775.328905,0.0,0.0,0.0010342400055378675
1785289775.3301282,0.0,0.0,0.001025887904688716
1785289775.3313859,0.0,0.0,0.0010625598952174187
1785289775.3325958,0.0,0.0,0.0010133120231330395
1785289775.3338225,0.0,0.0,0.0010427199304103851
1785289775.3350441,0.0,0.0,0.0010257919784635305
1785289775.336311,0.0,0.0,0.0010424640495330095
1785289775.3374884,0.0,0.0,0.0009861758444458246
1785289775.3386946,0.0,0.0,0.0009985920041799545
1785289775.3399072,0.0,0.0,0.001020575873553753
1785289775.3411155,0.0,0.0,0.0009964159689843655
1785289775.3423233,0.0,0.0,0.001009535975754261
1785289775.3435445,0.0,0.0,0.001025375910103321
1785289775.3447478,0.0,0.0,0.0010071040596812963
1785289775.3459637,0.0,0.0,0.001023744000121951
1785289775.347184,0.0,0.0,0.0010241600684821606
1785289775.3484013,0.0,0.0,0.0010137278586626053
1785289775.3496256,0.0,0.0,0.0010293759405612946
1785289775.3508296,0.0,0.0,0.0010084158275276423
1785289775.3521192,0.0,0.0,0.0010718400590121746
1785289775.3533573,0.0,0.0,0.0010298241395503283
1785289775.3545475,0.0,0.0,0.0009954241104424
1785289775.355768,0.0,0.0,0.0010281919967383146
1785289775.3569672,0.0,0.0,0.001001823926344514
1785289775.3581803,0.0,0.0,0.0010209919419139624
1785289775.3594334,0.0,0.0,0.001055711880326271
1785289775.3606527,0.0,0.0,0.001023199874907732
1785289775.3618546,0.0,0.0,0.0010131518356502056
1785289775.3630881,0.0,0.0,0.001037792069837451
1785289775.364347,0.0,0.0,0.001033887965604663
1785289775.3655903,0.0,0.0,0.0010068800766021013
1785289775.3667908,0.0,0.0,0.0010063040535897017
1785289775.3680222,0.0,0.0,0.0010343361645936966
1785289775.3692422,0.0,0.0,0.0010215358342975378
1785289775.3712676,0.0,0.0,0.0011187519412487745
1785289775.3725057,0.0,0.0,0.001034559914842248
1785289775.3737264,0.0,0.0,0.0010229439940303564
1785289775.374933,0.0,0.0,0.0010128000285476446
1785289775.3761907,0.0,0.0,0.0010380479507148266
1785289775.3774,0.0,0.0,0.0010166398715227842
1785289775.3786213,0.0,0.0,0.0010277118999511003
1785289775.3798862,0.0,0.0,0.0010752321686595678
1785289775.3811169,0.0,0.0,0.001034559914842248
1785289775.382376,0.0,0.0,0.0010550078004598618
1785289775.3836408,0.0,0.0,0.0010694079101085663
1785289775.3848586,0.0,0.0,0.0010164480190724134
1785289775.386041,0.0,0.0,0.0009869758505374193
1785289775.387265,0.0,0.0,0.0010373438708484173
1785289775.3884792,0.0,0.0,0.001014848006889224
1785289775.3896935,0.0,0.0,0.001021343981847167
1785289775.3909087,0.0,0.0,0.0010222720447927713
1785289775.3921483,0.0,0.0,0.00102947186678648
1785289775.3933792,0.0,0.0,0.0010293759405612946
1785289775.394587,0.0,0.0,0.0010142400860786438
1785289775.3958316,0.0,0.0,0.0010484158992767334
1785289775.397054,0.0,0.0,0.0010272960644215345
1785289775.3982635,0.0,0.0,0.001014944165945053
1785289775.3995285,0.0,0.0,0.0010687680914998055
1785289775.4007468,0.0,0.0,0.0010200000833719969
1785289775.4019442,0.0,0.0,0.0010023359209299088
1785289775.4031641,0.0,0.0,0.0010231360793113708
1785289775.4043937,0.0,0.0,0.001016800059005618
1785289775.4055808,0.0,0.0,0.000993696041405201
1785289775.4067733,0.0,0.0,0.00099424016661942
1785289775.4080217,0.0,0.0,0.0010551039595156908
1785289775.4092312,0.0,0.0,0.0010126400738954544
1785289775.4104476,0.0,0.0,0.0010200319811701775
1785289775.4116864,0.0,0.0,0.0010462398640811443
1785289775.4128866,0.0,0.0,0.001005631871521473
1785289775.414135,0.0,0.0,0.0010346239432692528
1785289775.4153845,0.0,0.0,0.0010539840441197157
1785289775.4166012,0.0,0.0,0.0010172480251640081
1785289775.4178293,0.0,0.0,0.0010287680197507143
1785289775.4190233,0.0,0.0,0.0010002239141613245
1785289775.4202754,0.0,0.0,0.0010308478958904743
1785289775.4215205,0.0,0.0,0.001044064061716199
1785289775.4227169,0.0,0.0,0.0010058879852294922
1785289775.4239502,0.0,0.0,0.0010390079114586115
1785289775.4259293,0.0,0.0,0.0017877761274576187
1785289775.4272184,0.0,0.0,0.001080063870176673
1785289775.4284656,0.0,0.0,0.0010497597977519035
1785289775.42968,0.0,0.0,0.001013216096907854
1785289775.4308937,0.0,0.0,0.0010162880644202232
1785289775.4321485,0.0,0.0,0.0010570241138339043
1785289775.4333742,0.0,0.0,0.001024479977786541
1785289775.4345894,0.0,0.0,0.0010269118938595057
1785289775.4358456,0.0,0.0,0.0010606399737298489
1785289775.4370735,0.0,0.0,0.001007263781502843
1785289775.438323,0.0,0.0,0.001059168018400669
1785289775.4396234,0.0,0.0,0.001103104092180729
1785289775.4408672,0.0,0.0,0.001038911985233426
1785289775.4420972,0.0,0.0,0.0010336639825254679
1785289775.4433699,0.0,0.0,0.0010759038850665092
1785289775.444618,0.0,0.0,0.0010495360475033522
1785289775.445847,0.0,0.0,0.001030463958159089
1785289775.447046,0.0,0.0,0.0010025918018072844
1785289775.4483154,0.0,0.0,0.0010416640434414148
1785289775.4495063,0.0,0.0,0.0009958080481737852
1785289775.4506977,0.0,0.0,0.0009998399764299393
1785289775.4519386,0.0,0.0,0.0010366719216108322
1785289775.45314,0.0,0.0,0.0010060160420835018
1785289775.4543538,0.0,0.0,0.0010185600258409977
1785289775.4556406,0.0,0.0,0.0010748801287263632
1785289775.4569051,0.0,0.0,0.001060799928382039
1785289775.458156,0.0,0.0,0.0010488322004675865
1785289775.459405,0.0,0.0,0.0010524799581617117
1785289775.4606366,0.0,0.0,0.0010313279926776886
1785289775.4618702,0.0,0.0,0.0010375359561294317
1785289775.463067,0.0,0.0,0.0010000320617109537
1785289775.464319,0.0,0.0,0.0010257919784635305
1785289775.4655435,0.0,0.0,0.0010287680197507143
1785289775.4667506,0.0,0.0,0.0010121599771082401
1785289775.4680438,0.0,0.0,0.0010754880495369434
1785289775.4692593,0.0,0.0,0.0010097920894622803
1785289775.4704704,0.0,0.0,0.00101289595477283
1785289775.4717245,0.0,0.0,0.0010537600610405207
1785289775.4729412,0.0,0.0,0.0010209600441157818
1785289775.4741547,0.0,0.0,0.0010147839784622192
1785289775.4754238,0.0,0.0,0.0010760000441223383
1785289775.4766598,0.0,0.0,0.0010336639825254679
1785289775.4778895,0.0,0.0,0.0010354239493608475
1785289775.4791427,0.0,0.0,0.0010527679696679115
1785289775.4810884,0.0,0.0,0.0017443199176341295
1785289775.482346,0.0,0.0,0.0010481278877705336
1785289775.4836268,0.0,0.0,0.0010805439669638872
1785289775.484862,0.0,0.0,0.0010306560434401035
1785289775.4860656,0.0,0.0,0.0010095681063830853
1785289775.4873211,0.0,0.0,0.0010611522011458874
1785289775.4885948,0.0,0.0,0.0010699841659516096
1785289775.4898236,0.0,0.0,0.001029247883707285
1785289775.4910507,0.0,0.0,0.0010319359134882689
1785289775.4923275,0.0,0.0,0.0010367999784648418
1785289775.4935594,0.0,0.0,0.0010349759832024574
1785289775.4947762,0.0,0.0,0.0010244161821901798
1785289775.496017,0.0,0.0,0.00103996810503304
1785289775.4972496,0.0,0.0,0.0010361280292272568
1785289775.4984233,0.0,0.0,0.0009823678992688656
1785289775.4996774,0.0,0.0,0.0010632320772856474
1785289775.500882,0.0,0.0,0.00101244798861444
1785289775.502083,0.0,0.0,0.001001823926344514
1785289775.5032973,0.0,0.0,0.0010240639094263315
1785289775.504507,0.0,0.0,0.0010142398532480001
1785289775.5057027,0.0,0.0,0.0010010560508817434
1785289775.506895,0.0,0.0,0.0010006080847233534
1785289775.508158,0.0,0.0,0.0010677760001271963
1785289775.5093913,0.0,0.0,0.0010416319128125906
1785289775.510623,0.0,0.0,0.0010333121754229069
