time,in_time,out_time,inference_time
1785289930.8656757,0.0,0.0,0.0009609919786453247
1785289930.8669932,0.0,0.0,0.0009289600253105163
1785289930.868328,0.0,0.0,0.0009339839816093445
1785289930.8696146,0.0,0.0,0.0009211199879646301
1785289930.8709066,0.0,0.0,0.0009318079948425293
1785289930.8722498,0.0,0.0,0.0009402559995651245
1785289930.873545,0.0,0.0,0.0009315840005874634
1785289930.8748267,0.0,0.0,0.0009224960207939148
1785289930.8761446,0.0,0.0,0.0009347839951515198
1785289930.8774052,0.0,0.0,0.0009040639996528625
1785289930.8787072,0.0,0.0,0.0009328640103340149
1785289930.8800225,0.0,0.0,0.0009609919786453247
1785289930.881303,0.0,0.0,0.0009184319972991943
1785289930.8825874,0.0,0.0,0.0009255040287971496
1785289930.8838875,0.0,0.0,0.0009403200149536132
1785289930.8852086,0.0,0.0,0.0009360640048980713
1785289930.8865361,0.0,0.0,0.0009709439873695373
1785289930.8879254,0.0,0.0,0.001020416021347046
1785289930.8892808,0.0,0.0,0.0009838399887084962
1785289930.8906047,0.0,0.0,0.0009644160270690918
1785289930.8919685,0.0,0.0,0.0010043840408325195
1785289930.8933382,0.0,0.0,0.0010024000406265259
1785289930.8946772,0.0,0.0,0.0009777920246124268
1785289930.8960485,0.0,0.0,0.0010066239833831788
1785289930.8973954,0.0,0.0,0.0009768959879875184
1785289930.8987043,0.0,0.0,0.0009437440037727356
1785289930.9000232,0.0,0.0,0.0009577280282974243
1785289930.9013026,0.0,0.0,0.000917631983757019
1785289930.9025795,0.0,0.0,0.0009182400107383728
1785289930.9038653,0.0,0.0,0.0009304000139236451
1785289930.9051309,0.0,0.0,0.0009043520092964172
1785289930.9064062,0.0,0.0,0.0009111359715461731
1785289930.9077046,0.0,0.0,0.0009364799857139587
1785289930.908959,0.0,0.0,0.0008938559889793397
1785289930.9102182,0.0,0.0,0.0009036160111427307
1785289930.9115152,0.0,0.0,0.0009419199824333191
1785289930.9127896,0.0,0.0,0.000915776014328003
1785289930.9140775,0.0,0.0,0.0009284800291061401
1785289930.9153874,0.0,0.0,0.0009423360228538513
1785289930.916671,0.0,0.0,0.0009152960181236267
1785289930.9179466,0.0,0.0,0.0009186239838600158
1785289930.9205399,0.0,0.0,0.0022072319984436034
1785289930.9218678,0.0,0.0,0.0009309120178222656
1785289930.9231741,0.0,0.0,0.0009439359903335572
1785289930.9244554,0.0,0.0,0.0009181439876556396
1785289930.9257338,0.0,0.0,0.0009247040152549744
1785289930.927013,0.0,0.0,0.0009069120287895203
1785289930.9283133,0.0,0.0,0.0009207360148429871
1785289930.9295776,0.0,0.0,0.0009072319865226745
1785289930.9308317,0.0,0.0,0.0008976960182189941
1785289930.9321432,0.0,0.0,0.000934336006641388
1785289930.933407,0.0,0.0,0.0009039679765701294
1785289930.9346647,0.0,0.0,0.0009012159705162049
1785289930.9359639,0.0,0.0,0.0009216639995574951
1785289930.9372191,0.0,0.0,0.0009004799723625183
1785289930.9385033,0.0,0.0,0.0009322239756584167
1785289930.9397988,0.0,0.0,0.0009363520145416259
1785289930.9410884,0.0,0.0,0.0009319679737091064
1785289930.942343,0.0,0.0,0.0009007359743118286
1785289930.9436166,0.0,0.0,0.0009233919978141785
1785289930.9448843,0.0,0.0,0.0009119679927825928
1785289930.9461632,0.0,0.0,0.0009090560078620911
1785289930.9474437,0.0,0.0,0.0009261760115623475
1785289930.9487147,0.0,0.0,0.0009145600199699402
1785289930.9499724,0.0,0.0,0.000901087999343872
1785289930.951281,0.0,0.0,0.0009373120069503785
1785289930.9525392,0.0,0.0,0.0008913599848747254
1785289930.953901,0.0,0.0,0.0009178879857063293
1785289930.955171,0.0,0.0,0.0009141119718551636
1785289930.956433,0.0,0.0,0.0009037759900093078
1785289930.9576879,0.0,0.0,0.0008994560241699219
1785289930.9589317,0.0,0.0,0.0008942720293998719
1785289930.9602058,0.0,0.0,0.0008963199853897095
1785289930.961474,0.0,0.0,0.0009078400135040283
1785289930.962729,0.0,0.0,0.0009017279744148255
1785289930.9640117,0.0,0.0,0.0009282240271568298
1785289930.9652889,0.0,0.0,0.0009250879883766174
1785289930.9665542,0.0,0.0,0.0008864319920539856
1785289930.9678414,0.0,0.0,0.0009350399971008301
1785289930.9691296,0.0,0.0,0.0009312959909439087
1785289930.9704049,0.0,0.0,0.0009083200097084045
1785289930.9717064,0.0,0.0,0.0009384959936141968
1785289930.9729822,0.0,0.0,0.0009128000140190125
1785289930.975026,0.0,0.0,0.0016769920587539674
1785289930.9763663,0.0,0.0,0.0009285759925842285
1785289930.977664,0.0,0.0,0.000934656023979187
1785289930.9789245,0.0,0.0,0.0009000319838523865
1785289930.9802175,0.0,0.0,0.0009096320271492005
1785289930.9814715,0.0,0.0,0.0008982719779014588
1785289930.982739,0.0,0.0,0.0009093120098114014
1785289930.9840064,0.0,0.0,0.0009163839817047119
1785289930.9852948,0.0,0.0,0.0009121599793434143
1785289930.9865441,0.0,0.0,0.0008974080085754394
1785289930.9878423,0.0,0.0,0.0009275839924812317
1785289930.989136,0.0,0.0,0.0009221119880676269
1785289930.990394,0.0,0.0,0.000903328001499176
1785289930.9916685,0.0,0.0,0.0009222400188446045
1785289930.9929297,0.0,0.0,0.0009022719860076904
1785289930.994196,0.0,0.0,0.0008954240083694458
1785289930.9954805,0.0,0.0,0.0009291200041770935
1785289930.9967313,0.0,0.0,0.0008914240002632141
1785289930.997991,0.0,0.0,0.0009031999707221985
1785289930.9992537,0.0,0.0,0.0009101120233535767
1785289931.0005262,0.0,0.0,0.0009183040261268615
1785289931.0017922,0.0,0.0,0.0009100800156593323
1785289931.003047,0.0,0.0,0.0009012479782104493
1785289931.0043445,0.0,0.0,0.0009185600280761718
1785289931.0055926,0.0,0.0,0.0008966720104217529
1785289931.0068467,0.0,0.0,0.0008993600010871887
1785289931.008152,0.0,0.0,0.0009166719913482666
1785289931.009416,0.0,0.0,0.0009071999788284302
1785289931.0106854,0.0,0.0,0.0009077759981155395
1785289931.0119805,0.0,0.0,0.000940608024597168
1785289931.0132496,0.0,0.0,0.000906175971031189
1785289931.0145109,0.0,0.0,0.0009109439849853515
1785289931.0157924,0.0,0.0,0.0009282240271568298
1785289931.0170681,0.0,0.0,0.0009154239892959595
1785289931.018337,0.0,0.0,0.0008995839953422546
1785289931.0196238,0.0,0.0,0.000931551992893219
1785289931.0208783,0.0,0.0,0.0009011840224266052
1785289931.0221395,0.0,0.0,0.0009049919843673706
1785289931.02343,0.0,0.0,0.0009287999868392944
1785289931.0246806,0.0,0.0,0.0008882240056991577
1785289931.0259683,0.0,0.0,0.0009243519902229309
1785289931.0272677,0.0,0.0,0.0009414079785346985
1785289931.028558,0.0,0.0,0.0009076480269432068
1785289931.0305243,0.0,0.0,0.0016030080318450927
1785289931.0318725,0.0,0.0,0.0009610239863395691
1785289931.0331461,0.0,0.0,0.0009116479754447938
1785289931.0344121,0.0,0.0,0.0009059519767761231
1785289931.0356915,0.0,0.0,0.0009257919788360595
1785289931.0369556,0.0,0.0,0.0009062079787254334
1785289931.0381951,0.0,0.0,0.0008895360231399536
1785289931.039485,0.0,0.0,0.0009314240217208862
1785289931.040749,0.0,0.0,0.0009108800292015076
1785289931.0420141,0.0,0.0,0.0009108480215072632
1785289931.0433009,0.0,0.0,0.0009373760223388672
1785289931.0445771,0.0,0.0,0.0009171839952468872
1785289931.045846,0.0,0.0,0.000910207986831665
1785289931.0471315,0.0,0.0,0.0009286400079727173
1785289931.0484202,0.0,0.0,0.0009186559915542602
1785289931.049665,0.0,0.0,0.0008906559944152832
1785289931.050929,0.0,0.0,0.0008945599794387818
1785289931.0522444,0.0,0.0,0.0009216319918632507
1785289931.0535147,0.0,0.0,0.0009112640023231506
1785289931.0547655,0.0,0.0,0.0009008319973945617
1785289931.056051,0.0,0.0,0.0009182400107383728
1785289931.0573046,0.0,0.0,0.0009030399918556213
1785289931.0585623,0.0,0.0,0.000900767982006073
1785289931.0598588,0.0,0.0,0.0009325760006904602
1785289931.061121,0.0,0.0,0.0008995519876480102
1785289931.0623953,0.0,0.0,0.0009149760007858276
1785289931.0636857,0.0,0.0,0.0009390400052070618
1785289931.0649257,0.0,0.0,0.0008930559754371643
1785289931.0662155,0.0,0.0,0.0009202240109443665
1785289931.0674808,0.0,0.0,0.0009133759737014771
1785289931.0687401,0.0,0.0,0.0009022399783134461
1785289931.0699883,0.0,0.0,0.0008967999815940857
1785289931.0712595,0.0,0.0,0.0009247360229492187
1785289931.0725188,0.0,0.0,0.0008981760144233704
1785289931.0737712,0.0,0.0,0.0009016640186309815
1785289931.0750272,0.0,0.0,0.0009040319919586181
1785289931.0763302,0.0,0.0,0.0009170560240745545
1785289931.077569,0.0,0.0,0.0008860160112380981
1785289931.0788243,0.0,0.0,0.0008998079895973205
1785289931.0801249,0.0,0.0,0.000926367998123169
1785289931.0814276,0.0,0.0,0.0009197440147399903
1785289931.08272,0.0,0.0,0.0009155200123786927
1785289931.084011,0.0,0.0,0.0009332159757614136
1785289931.0859447,0.0,0.0,0.0015711040496826172
1785289931.087276,0.0,0.0,0.0009505280256271362
1785289931.0885434,0.0,0.0,0.0009055039882659912
1785289931.0898132,0.0,0.0,0.0009168959856033325
1785289931.0910797,0.0,0.0,0.0009083200097084045
1785289931.0923946,0.0,0.0,0.0009323520064353943
1785289931.0936744,0.0,0.0,0.0009235519766807556
1785289931.0949397,0.0,0.0,0.0009082880020141601
1785289931.0962374,0.0,0.0,0.0009143360257148743
1785289931.097518,0.0,0.0,0.0009274560213088989
1785289931.0987985,0.0,0.0,0.0009126719832420349
1785289931.1000946,0.0,0.0,0.000922752022743225
1785289931.1013608,0.0,0.0,0.0009108800292015076
1785289931.1026063,0.0,0.0,0.0008977599740028382
1785289931.1038938,0.0,0.0,0.0009318400025367737
1785289931.1051588,0.0,0.0,0.000907967984676361
1785289931.1064117,0.0,0.0,0.0009021760225296021
1785289931.10771,0.0,0.0,0.0009438080191612243
1785289931.1089907,0.0,0.0,0.0009231680035591126
1785289931.1102402,0.0,0.0,0.0008989120125770569
1785289931.111522,0.0,0.0,0.0009313279986381531
1785289931.1128044,0.0,0.0,0.0009155840277671813
1785289931.1141038,0.0,0.0,0.0009304640293121338
1785289931.115384,0.0,0.0,0.0009254400134086609
1785289931.116658,0.0,0.0,0.0009074239730834961
1785289931.1179264,0.0,0.0,0.0009121919870376587
1785289931.1192207,0.0,0.0,0.0009446079730987549
1785289931.120496,0.0,0.0,0.000915008008480072
1785289931.1217527,0.0,0.0,0.0009026240110397339
1785289931.1229987,0.0,0.0,0.0008939520120620727
1785289931.1242902,0.0,0.0,0.0009130560159683228
1785289931.12554,0.0,0.0,0.000895904004573822
1785289931.1268003,0.0,0.0,0.0008972480297088623
1785289931.1281214,0.0,0.0,0.0009471359848976135
1785289931.1293762,0.0,0.0,0.0009022399783134461
1785289931.1306288,0.0,0.0,0.0009036800265312195
1785289931.1319,0.0,0.0,0.000918944001197815
1785289931.1331644,0.0,0.0,0.0009063040018081665
1785289931.134439,0.0,0.0,0.0009029120206832886
1785289931.1357455,0.0,0.0,0.0009496960043907165
1785289931.1370234,0.0,0.0,0.0009134079813957214
1785289931.138286,0.0,0.0,0.000902783989906311
1785289931.13956,0.0,0.0,0.0009213119745254516
1785289931.1415846,0.0,0.0,0.0016524800062179565
1785289931.1428607,0.0,0.0,0.0008978559970855713
1785289931.1441607,0.0,0.0,0.0009221439957618713
1785289931.1454298,0.0,0.0,0.0009094079732894898
1785289931.1466827,0.0,0.0,0.0009014719724655152
1785289931.1479783,0.0,0.0,0.000943231999874115
1785289931.149237,0.0,0.0,0.0009022399783134461
1785289931.1505375,0.0,0.0,0.0009248960018157959
1785289931.1518083,0.0,0.0,0.0009129279851913452
1785289931.153065,0.0,0.0,0.0008996800184249878
1785289931.1543283,0.0,0.0,0.0009012159705162049
1785289931.1556082,0.0,0.0,0.0009311680197715759
1785289931.1568735,0.0,0.0,0.0009101120233535767
1785289931.1581655,0.0,0.0,0.0009253759980201721
1785289931.1594539,0.0,0.0,0.0009359040260314941
1785289931.1607165,0.0,0.0,0.0009058880209922791
1785289931.1619773,0.0,0.0,0.0009134719967842102
1785289931.163271,0.0,0.0,0.0009384959936141968
1785289931.164531,0.0,0.0,0.0009063040018081665
1785289931.165786,0.0,0.0,0.0009050559997558594
1785289931.167049,0.0,0.0,0.0009117760062217712
1785289931.1683476,0.0,0.0,0.0009151999950408935
1785289931.1696305,0.0,0.0,0.0009259200096130371
1785289931.170886,0.0,0.0,0.0009014719724655152
1785289931.1721745,0.0,0.0,0.0009097599983215332
1785289931.173456,0.0,0.0,0.0009197760224342347
1785289931.1747143,0.0,0.0,0.0009022399783134461
1785289931.1760092,0.0,0.0,0.0009436799883842468
1785289931.177268,0.0,0.0,0.0009022719860076904
1785289931.1785493,0.0,0.0,0.0009114879965782165
1785289931.1798236,0.0,0.0,0.0009246399998664856
1785289931.1811059,0.0,0.0,0.0009242240190505982
1785289931.1823914,0.0,0.0,0.0009062399864196777
1785289931.1836815,0.0,0.0,0.0009360640048980713
1785289931.1849387,0.0,0.0,0.0009028480052947998
1785289931.1862192,0.0,0.0,0.0009211840033531189
1785289931.1874933,0.0,0.0,0.0009192000031471253
1785289931.1887493,0.0,0.0,0.0008980479836463929
1785289931.1900094,0.0,0.0,0.0009075199961662292
1785289931.1912916,0.0,0.0,0.0009229760169982911
1785289931.1925685,0.0,0.0,0.0009142079949378967
1785289931.1938381,0.0,0.0,0.0009080320000648498
1785289931.1951265,0.0,0.0,0.0009121919870376587
1785289931.1970913,0.0,0.0,0.0016004480123519898
1785289931.198371,0.0,0.0,0.0009026560187339783
1785289931.1996746,0.0,0.0,0.0009388160109519958
1785289931.2009492,0.0,0.0,0.0009111040234565735
1785289931.2022252,0.0,0.0,0.0009162240028381348
1785289931.2035136,0.0,0.0,0.000934656023979187
1785289931.2047842,0.0,0.0,0.000908352017402649
1785289931.2060516,0.0,0.0,0.0009094079732894898
1785289931.2073364,0.0,0.0,0.000926751971244812
1785289931.2085984,0.0,0.0,0.0009058560132980347
1785289931.209855,0.0,0.0,0.000901087999343872
1785289931.211135,0.0,0.0,0.0009247679710388183
1785289931.2124102,0.0,0.0,0.000910207986831665
1785289931.2136803,0.0,0.0,0.0009145600199699402
1785289931.2149556,0.0,0.0,0.0009080640077590942
1785289931.2162428,0.0,0.0,0.000911679983139038
1785289931.2175,0.0,0.0,0.000900160014629364
1785289931.2187548,0.0,0.0,0.0009005119800567627
1785289931.2200458,0.0,0.0,0.0009373120069503785
1785289931.221309,0.0,0.0,0.000912064015865326
1785289931.222583,0.0,0.0,0.0009174079895019531
1785289931.2238789,0.0,0.0,0.0009425280094146728
1785289931.2251325,0.0,0.0,0.0008918399810791016
1785289931.2263994,0.0,0.0,0.0009000639915466308
1785289931.227672,0.0,0.0,0.0009220160245895385
1785289931.2289371,0.0,0.0,0.0009142400026321411
1785289931.2302527,0.0,0.0,0.0009110720157623291
1785289931.2315607,0.0,0.0,0.0009512640237808227
1785289931.232811,0.0,0.0,0.0008928639888763428
1785289931.234063,0.0,0.0,0.0008984320163726807
1785289931.2353325,0.0,0.0,0.0009194560050964356
1785289931.2366002,0.0,0.0,0.0009091839790344238
1785289931.2378635,0.0,0.0,0.000907967984676361
1785289931.2391334,0.0,0.0,0.0009174399971961975
1785289931.2404041,0.0,0.0,0.0009091200232505799
1785289931.2416642,0.0,0.0,0.0009100160002708435
1785289931.2429175,0.0,0.0,0.000902944028377533
1785289931.2441983,0.0,0.0,0.0009086400270462037
1785289931.2454593,0.0,0.0,0.000900704026222229
1785289931.2467504,0.0,0.0,0.0008930559754371643
1785289931.2480507,0.0,0.0,0.000921887993812561
1785289931.2493234,0.0,0.0,0.0009095680117607117
1785289931.2505963,0.0,0.0,0.0009070079922676086
1785289931.252567,0.0,0.0,0.0016102720499038697
1785289931.2538807,0.0,0.0,0.000926912009716034
1785289931.2551758,0.0,0.0,0.0009359999895095825
1785289931.256452,0.0,0.0,0.0009131839871406555
1785289931.2577035,0.0,0.0,0.000898144006729126
1785289931.2589726,0.0,0.0,0.0009160320162773133
1785289931.2602572,0.0,0.0,0.0009051839709281922
1785289931.261508,0.0,0.0,0.0008986560106277466
1785289931.262759,0.0,0.0,0.0009027519822120667
1785289931.2640517,0.0,0.0,0.0009143999814987182
1785289931.265322,0.0,0.0,0.0009100480079650879
1785289931.2666,0.0,0.0,0.0009146559834480285
1785289931.2679002,0.0,0.0,0.0009398080110549926
1785289931.2691627,0.0,0.0,0.0009071040153503418
1785289931.2704325,0.0,0.0,0.0009178239703178406
1785289931.271706,0.0,0.0,0.0009203199744224548
1785289931.2729697,0.0,0.0,0.0009090240001678467
1785289931.2742689,0.0,0.0,0.0009242560267448425
1785289931.2755582,0.0,0.0,0.0009303359985351563
1785289931.2768495,0.0,0.0,0.0009321600198745727
1785289931.278112,0.0,0.0,0.0009082559943199157
1785289931.2794096,0.0,0.0,0.0009430720210075378
1785289931.2806935,0.0,0.0,0.0009092159867286682
1785289931.2819486,0.0,0.0,0.0008994560241699219
1785289931.283236,0.0,0.0,0.0009354559779167175
1785289931.2845173,0.0,0.0,0.0009226239919662476
1785289931.2857826,0.0,0.0,0.00090665602684021
1785289931.287039,0.0,0.0,0.000899071991443634
1785289931.288335,0.0,0.0,0.0009182400107383728
1785289931.2895951,0.0,0.0,0.0009015679955482483
1785289931.2908502,0.0,0.0,0.0008998720049858093
1785289931.292132,0.0,0.0,0.0009060479998588562
1785289931.2933905,0.0,0.0,0.0009036800265312195
1785289931.2946448,0.0,0.0,0.000900223970413208
1785289931.2959306,0.0,0.0,0.0009323520064353943
1785289931.2971692,0.0,0.0,0.0008873280286788941
1785289931.2984428,0.0,0.0,0.0009017919898033142
1785289931.299726,0.0,0.0,0.0009299200177192687
1785289931.300973,0.0,0.0,0.000890496015548706
1785289931.3022213,0.0,0.0,0.0009012479782104493
1785289931.3035064,0.0,0.0,0.0009231680035591126
1785289931.3047638,0.0,0.0,0.0008948479890823365
1785289931.3060367,0.0,0.0,0.0009128320217132569
1785289931.3080163,0.0,0.0,0.0016190400123596192
1785289931.3093104,0.0,0.0,0.0009034559726715088
1785289931.31057,0.0,0.0,0.0009023680090904236
1785289931.3118508,0.0,0.0,0.0009296320080757141
1785289931.31312,0.0,0.0,0.0009119359850883484
1785289931.3143573,0.0,0.0,0.0008868160247802734
1785289931.3156285,0.0,0.0,0.0009214720129966736
1785289931.3168736,0.0,0.0,0.0008898559808731079
1785289931.318123,0.0,0.0,0.0008995839953422546
1785289931.3194118,0.0,0.0,0.0009350399971008301
1785289931.3206737,0.0,0.0,0.000908735990524292
1785289931.3219311,0.0,0.0,0.0009032319784164429
1785289931.3232245,0.0,0.0,0.0009360319972038269
1785289931.3244832,0.0,0.0,0.0009057279825210571
1785289931.3257446,0.0,0.0,0.000896511971950531
1785289931.3269887,0.0,0.0,0.0008925759792327881
1785289931.328255,0.0,0.0,0.0009003520011901855
1785289931.3295019,0.0,0.0,0.0008955519795417786
1785289931.3307517,0.0,0.0,0.0009063360095024109
1785289931.3320162,0.0,0.0,0.0009152640104293823
1785289931.3332646,0.0,0.0,0.0008955199718475342
1785289931.3345108,0.0,0.0,0.0008958079814910889
1785289931.3357737,0.0,0.0,0.0009151359796524047
1785289931.337017,0.0,0.0,0.0008986560106277466
1785289931.3382678,0.0,0.0,0.0009048640131950379
1785289931.3395514,0.0,0.0,0.0009310399889945984
1785289931.3408062,0.0,0.0,0.0009035840034484863
1785289931.3420584,0.0,0.0,0.0009037759900093078
1785289931.3433409,0.0,0.0,0.0009325439929962158
1785289931.3446136,0.0,0.0,0.0009146559834480285
1785289931.3458831,0.0,0.0,0.000901856005191803
1785289931.3471522,0.0,0.0,0.0009201279878616333
1785289931.3484082,0.0,0.0,0.0009003199934959411
1785289931.3496344,0.0,0.0,0.0008792639970779419
1785289931.3508964,0.0,0.0,0.0009025279879570007
1785289931.352163,0.0,0.0,0.0008992639780044556
1785289931.3534172,0.0,0.0,0.0009016320109367371
1785289931.3546593,0.0,0.0,0.0008887360095977783
1785289931.355946,0.0,0.0,0.0009399679899215698
1785289931.3572028,0.0,0.0,0.000900223970413208
1785289931.3584833,0.0,0.0,0.0009145920276641846
1785289931.359755,0.0,0.0,0.0009186559915542602
1785289931.361011,0.0,0.0,0.0008977919816970826
1785289931.3629284,0.0,0.0,0.0015563520193099976
1785289931.3642576,0.0,0.0,0.0009242240190505982
1785289931.3655303,0.0,0.0,0.0009174720048904419
1785289931.3667922,0.0,0.0,0.0009092159867286682
1785289931.3680649,0.0,0.0,0.0008961279988288879
1785289931.369315,0.0,0.0,0.0008990079760551453
1785289931.3705833,0.0,0.0,0.0008962879776954651
1785289931.3718638,0.0,0.0,0.0009260479807853698
1785289931.3731406,0.0,0.0,0.0009190400242805481
1785289931.3743994,0.0,0.0,0.0009068160057067871
1785289931.3756785,0.0,0.0,0.0009316800236701965
1785289931.376972,0.0,0.0,0.0009209920167922974
1785289931.3782501,0.0,0.0,0.0009092159867286682
1785289931.379542,0.0,0.0,0.0009388480186462402
1785289931.3808055,0.0,0.0,0.0009098880290985108
1785289931.3820565,0.0,0.0,0.0009033600091934204
1785289931.3833547,0.0,0.0,0.0009450880289077759
1785289931.384627,0.0,0.0,0.00091212797164917
1785289931.3858995,0.0,0.0,0.0009172160029411316
1785289931.3871818,0.0,0.0,0.0009314879775047302
1785289931.3884544,0.0,0.0,0.0009158080220222474
1785289931.3897114,0.0,0.0,0.0009049599766731263
1785289931.3909671,0.0,0.0,0.0009073920249938965
1785289931.392248,0.0,0.0,0.0009079040288925171
1785289931.3935106,0.0,0.0,0.0009086719751358033
1785289931.3947673,0.0,0.0,0.0009076799750328064
1785289931.3960447,0.0,0.0,0.0009136959910392761
1785289931.3973083,0.0,0.0,0.0009121599793434143
1785289931.398572,0.0,0.0,0.0009145280122756958
1785289931.3998637,0.0,0.0,0.0009420160055160523
1785289931.401129,0.0,0.0,0.0009091519713401795
1785289931.4024065,0.0,0.0,0.0009109759926795959
1785289931.4036744,0.0,0.0,0.0009162880182266236
1785289931.4049227,0.0,0.0,0.0008982719779014588
1785289931.4061782,0.0,0.0,0.0009032639861106872
1785289931.4074476,0.0,0.0,0.0009203199744224548
1785289931.4087093,0.0,0.0,0.0009097599983215332
1785289931.409964,0.0,0.0,0.0009045439958572387
1785289931.411273,0.0,0.0,0.0009399999976158142
1785289931.4125397,0.0,0.0,0.0009074559807777404
1785289931.4138288,0.0,0.0,0.0009234240055084229
1785289931.4151146,0.0,0.0,0.000907967984676361
1785289931.4163928,0.0,0.0,0.0009122239947319031
1785289931.4183123,0.0,0.0,0.001561311960220337
1785289931.4196143,0.0,0.0,0.0009253759980201721
1785289931.4208834,0.0,0.0,0.0009180160164833069
1785289931.422143,0.0,0.0,0.0009069439768791199
1785289931.4234576,0.0,0.0,0.0009489920139312744
1785289931.4247155,0.0,0.0,0.0009022719860076904
1785289931.425965,0.0,0.0,0.0008967679738998413
1785289931.4272487,0.0,0.0,0.0009357759952545166
1785289931.4285064,0.0,0.0,0.0009038400053977966
1785289931.4297504,0.0,0.0,0.0008932160139083862
1785289931.431019,0.0,0.0,0.000914463996887207
1785289931.4323134,0.0,0.0,0.0009170240163803101
1785289931.4335794,0.0,0.0,0.0009114559888839721
1785289931.4348376,0.0,0.0,0.0009097599983215332
1785289931.436123,0.0,0.0,0.0009123200178146363
1785289931.4373786,0.0,0.0,0.0009004160165786743
1785289931.438619,0.0,0.0,0.0008909119963645935
1785289931.439891,0.0,0.0,0.0009109439849853515
1785289931.4411557,0.0,0.0,0.0009106240272521973
1785289931.4424176,0.0,0.0,0.0009070720076560974
1785289931.443744,0.0,0.0,0.000961471974849701
1785289931.4450092,0.0,0.0,0.0009071360230445862
1785289931.4462664,0.0,0.0,0.0009084799885749817
1785289931.447545,0.0,0.0,0.0009283519983291626
1785289931.4488106,0.0,0.0,0.0009139519929885864
1785289931.450072,0.0,0.0,0.0009127680063247681
1785289931.451364,0.0,0.0,0.0009409599900245667
1785289931.4526162,0.0,0.0,0.000898751974105835
1785289931.4538815,0.0,0.0,0.0009123520255088807
1785289931.455144,0.0,0.0,0.0009113280177116394
1785289931.4564464,0.0,0.0,0.0009072639942169189
1785289931.4577184,0.0,0.0,0.0009093120098114014
1785289931.4589975,0.0,0.0,0.0009167680144309998
1785289931.460296,0.0,0.0,0.0009192960262298583
1785289931.46155,0.0,0.0,0.0008992959856987
1785289931.4628115,0.0,0.0,0.0009093760251998902
1785289931.4640923,0.0,0.0,0.0009110080003738403
1785289931.4653609,0.0,0.0,0.0009109439849853515
1785289931.466625,0.0,0.0,0.0009183999896049499
1785289931.4679327,0.0,0.0,0.0009553279876708985
1785289931.4692023,0.0,0.0,0.0009045119881629943
1785289931.4704645,0.0,0.0,0.0009080640077590942
1785289931.471782,0.0,0.0,0.0009518399834632874
1785289931.4737575,0.0,0.0,0.0009484159946441651
1785289931.4750502,0.0,0.0,0.00091184002161026
1785289931.4763844,0.0,0.0,0.0009286080002784729
1785289931.477666,0.0,0.0,0.0009189119935035705
1785289931.4789364,0.0,0.0,0.0009115840196609497
1785289931.4802108,0.0,0.0,0.0009003840088844299
1785289931.4814632,0.0,0.0,0.0009018880128860474
1785289931.4827151,0.0,0.0,0.0009067199826240539
1785289931.4840088,0.0,0.0,0.0009421120285987854
1785289931.4852629,0.0,0.0,0.0008988159894943237
1785289931.48653,0.0,0.0,0.00091212797164917
1785289931.4878263,0.0,0.0,0.0009452800154685974
1785289931.4890954,0.0,0.0,0.0009138879776000976
1785289931.49036,0.0,0.0,0.0009151999950408935
1785289931.4916556,0.0,0.0,0.0009433599710464477
1785289931.4929252,0.0,0.0,0.0009121919870376587
1785289931.494182,0.0,0.0,0.0009047359824180602
1785289931.4954746,0.0,0.0,0.0009420160055160523
1785289931.4967277,0.0,0.0,0.000899071991443634
1785289931.4980085,0.0,0.0,0.0009145600199699402
1785289931.499295,0.0,0.0,0.0009348800182342529
1785289931.500557,0.0,0.0,0.0009121919870376587
1785289931.50181,0.0,0.0,0.0009031360149383545
1785289931.5030575,0.0,0.0,0.0008983680009841919
1785289931.5043488,0.0,0.0,0.0009133759737014771
1785289931.5056102,0.0,0.0,0.0009081599712371827
1785289931.506875,0.0,0.0,0.0009101759791374206
1785289931.5081923,0.0,0.0,0.0009216639995574951
1785289931.509466,0.0,0.0,0.0009200959801673889
1785289931.5107107,0.0,0.0,0.0008948159813880921
1785289931.5119998,0.0,0.0,0.0009396160244941711
1785289931.513278,0.0,0.0,0.0009158080220222474
1785289931.514536,0.0,0.0,0.0009052799940109253
1785289931.5158613,0.0,0.0,0.0009281600117683411
1785289931.5171142,0.0,0.0,0.0008991039991378784
1785289931.5183914,0.0,0.0,0.0009127359986305237
1785289931.5196702,0.0,0.0,0.0009258880019187927
1785289931.5209062,0.0,0.0,0.0008844159841537476
1785289931.5221353,0.0,0.0,0.0008843520283699036
1785289931.5234308,0.0,0.0,0.0009361600279808044
1785289931.524706,0.0,0.0,0.0008989120125770569
1785289931.525994,0.0,0.0,0.0009291520118713379
1785289931.5272655,0.0,0.0,0.0009178559780120849
1785289931.5292134,0.0,0.0,0.0009170560240745545
1785289931.530467,0.0,0.0,0.0008976960182189941
1785289931.5317614,0.0,0.0,0.0009462080001831055
1785289931.5330288,0.0,0.0,0.0009120320081710816
1785289931.5342925,0.0,0.0,0.0009134399890899658
1785289931.535574,0.0,0.0,0.0009315840005874634
1785289931.536826,0.0,0.0,0.0008993920087814331
1785289931.5380566,0.0,0.0,0.0008797439932823182
1785289931.53938,0.0,0.0,0.0009331520199775695
1785289931.5406437,0.0,0.0,0.0009076799750328064
1785289931.5419095,0.0,0.0,0.0009156479835510254
1785289931.5431764,0.0,0.0,0.0009191679954528809
1785289931.5444155,0.0,0.0,0.0008874239921569825
1785289931.5456617,0.0,0.0,0.0008948479890823365
1785289931.5469227,0.0,0.0,0.0009086400270462037
1785289931.5482066,0.0,0.0,0.0009142400026321411
1785289931.549465,0.0,0.0,0.0009121599793434143
1785289931.5507193,0.0,0.0,0.0009055039882659912
1785289931.5520377,0.0,0.0,0.0009498879909515381
1785289931.5533092,0.0,0.0,0.0009030719995498657
1785289931.5545573,0.0,0.0,0.00089683198928833
1785289931.555848,0.0,0.0,0.0009423999786376953
1785289931.5571175,0.0,0.0,0.0009156479835510254
1785289931.5583863,0.0,0.0,0.0009046080112457275
1785289931.5596704,0.0,0.0,0.0009315840005874634
1785289931.560935,0.0,0.0,0.0009070079922676086
1785289931.5621932,0.0,0.0,0.0009054399728775025
1785289931.5634701,0.0,0.0,0.0009262719750404358
1785289931.5647435,0.0,0.0,0.0009111999869346618
1785289931.565994,0.0,0.0,0.0008960319757461548
1785289931.5672681,0.0,0.0,0.0009257599711418151
1785289931.5685203,0.0,0.0,0.0008990079760551453
1785289931.569766,0.0,0.0,0.0008982080221176148
1785289931.5710282,0.0,0.0,0.0009096000194549561
1785289931.5723321,0.0,0.0,0.0009151999950408935
1785289931.5735874,0.0,0.0,0.0009038400053977966
1785289931.5748432,0.0,0.0,0.0009058880209922791
1785289931.576124,0.0,0.0,0.0009096000194549561
1785289931.5773878,0.0,0.0,0.0009110400080680847
1785289931.5786686,0.0,0.0,0.0009216960072517395
1785289931.5799701,0.0,0.0,0.0009415680170059204
1785289931.5812542,0.0,0.0,0.0009111359715461731
1785289931.5825367,0.0,0.0,0.000920415997505188
1785289931.584466,0.0,0.0,0.0009344000220298767
1785289931.5857358,0.0,0.0,0.0009056320190429688
1785289931.5869985,0.0,0.0,0.0009097279906272888
1785289931.588267,0.0,0.0,0.0009026560187339783
1785289931.589526,0.0,0.0,0.0009072319865226745
1785289931.590771,0.0,0.0,0.0008965759873390198
1785289931.5920625,0.0,0.0,0.0009147520065307617
1785289931.5933216,0.0,0.0,0.0009019520282745362
1785289931.5945582,0.0,0.0,0.000888480007648468
1785289931.595841,0.0,0.0,0.0009323199987411499
1785289931.5970993,0.0,0.0,0.0009069120287895203
1785289931.5983536,0.0,0.0,0.0009020479917526245
1785289931.5996366,0.0,0.0,0.0009292160272598266
1785289931.6008966,0.0,0.0,0.0009080640077590942
1785289931.6021564,0.0,0.0,0.0009068800210952759
1785289931.6034386,0.0,0.0,0.0009274560213088989
1785289931.6047263,0.0,0.0,0.0009124159812927246
1785289931.6060092,0.0,0.0,0.0009168319702148438
1785289931.6072876,0.0,0.0,0.0009272639751434326
1785289931.6085446,0.0,0.0,0.0008993600010871887
1785289931.6098185,0.0,0.0,0.0009227200150489808
1785289931.611076,0.0,0.0,0.0009056320190429688
1785289931.6123717,0.0,0.0,0.0009178559780120849
1785289931.613618,0.0,0.0,0.000895904004573822
1785289931.6148765,0.0,0.0,0.0009049919843673706
1785289931.6161816,0.0,0.0,0.0009305920004844666
1785289931.6174417,0.0,0.0,0.0008928639888763428
1785289931.6186974,0.0,0.0,0.0009053120017051697
1785289931.6199691,0.0,0.0,0.0009192000031471253
1785289931.621233,0.0,0.0,0.0009106879830360412
1785289931.6225011,0.0,0.0,0.000916320025920868
1785289931.6237686,0.0,0.0,0.0009149439930915832
1785289931.6250224,0.0,0.0,0.0008994879722595215
1785289931.6262894,0.0,0.0,0.0009163519740104675
1785289931.627552,0.0,0.0,0.0009132159948348999
1785289931.6288385,0.0,0.0,0.0009158719778060913
1785289931.630113,0.0,0.0,0.0009190719723701477
1785289931.6314154,0.0,0.0,0.0009441599845886231
1785289931.6326642,0.0,0.0,0.0008951039910316467
1785289931.6339324,0.0,0.0,0.0009153599739074706
1785289931.6352057,0.0,0.0,0.0009151359796524047
1785289931.636474,0.0,0.0,0.0009094719886779785
1785289931.6377652,0.0,0.0,0.0009135680198669434
1785289931.6396897,0.0,0.0,0.0009690240025520324
1785289931.6409616,0.0,0.0,0.0009025920033454895
1785289931.6422148,0.0,0.0,0.0008986240029335022
1785289931.6435077,0.0,0.0,0.0009465600252151489
1785289931.6447575,0.0,0.0,0.0008988800048828125
1785289931.6460032,0.0,0.0,0.0008914560079574585
1785289931.6472802,0.0,0.0,0.0009238719940185547
1785289931.6485431,0.0,0.0,0.0009084479808807373
1785289931.649799,0.0,0.0,0.0009106559753417969
1785289931.6510434,0.0,0.0,0.000896992027759552
1785289931.652328,0.0,0.0,0.0009153599739074706
1785289931.653609,0.0,0.0,0.000924992024898529
1785289931.654875,0.0,0.0,0.0009040639996528625
1785289931.6561654,0.0,0.0,0.0009166079759597778
1785289931.657436,0.0,0.0,0.0009184319972991943
1785289931.6587074,0.0,0.0,0.0009178239703178406
1785289931.6600087,0.0,0.0,0.0009447680115699768
1785289931.6612523,0.0,0.0,0.0008958079814910889
1785289931.6625118,0.0,0.0,0.0009114239811897277
1785289931.6638064,0.0,0.0,0.0009438719749450684
1785289931.6650782,0.0,0.0,0.0009198399782180786
1785289931.6663444,0.0,0.0,0.0009128000140190125
1785289931.6676173,0.0,0.0,0.0009184319972991943
1785289931.6688666,0.0,0.0,0.0008967360258102417
1785289931.670129,0.0,0.0,0.000902400016784668
1785289931.6714242,0.0,0.0,0.0009396479725837707
1785289931.672679,0.0,0.0,0.0009034240245819092
1785289931.6739287,0.0,0.0,0.0009012799859046936
1785289931.6752076,0.0,0.0,0.0009295039772987365
1785289931.6764908,0.0,0.0,0.0009264960289001465
1785289931.6777506,0.0,0.0,0.0009064639806747436
1785289931.67903,0.0,0.0,0.0009145600199699402
1785289931.6803164,0.0,0.0,0.0009095360040664673
1785289931.6815689,0.0,0.0,0.0009036800265312195
1785289931.6828208,0.0,0.0,0.0009014080166816712
1785289931.6840909,0.0,0.0,0.0008988479971885681
1785289931.685339,0.0,0.0,0.0009037759900093078
1785289931.686603,0.0,0.0,0.0009134079813957214
1785289931.6878667,0.0,0.0,0.0009127039909362793
1785289931.6891496,0.0,0.0,0.0009285119771957397
1785289931.6904123,0.0,0.0,0.0009019520282745362
1785289931.691692,0.0,0.0,0.0009312000274658203
1785289931.6929598,0.0,0.0,0.0009144960045814514
1785289931.6948397,0.0,0.0,0.0009334719777107239
1785289931.6961539,0.0,0.0,0.0009278720021247864
1785289931.6974337,0.0,0.0,0.0009125440120697022
1785289931.6987085,0.0,0.0,0.0009213119745254516
1785289931.699998,0.0,0.0,0.0009396479725837707
1785289931.7012608,0.0,0.0,0.0009085760116577149
1785289931.7025144,0.0,0.0,0.0009068480134010315
1785289931.7038116,0.0,0.0,0.0009316160082817078
1785289931.7050855,0.0,0.0,0.0009035519957542419
1785289931.7063422,0.0,0.0,0.0008998399972915649
1785289931.707636,0.0,0.0,0.0009471359848976135
1785289931.7088928,0.0,0.0,0.0009025279879570007
1785289931.7101548,0.0,0.0,0.0009116160273551941
1785289931.7114272,0.0,0.0,0.0009214079976081848
1785289931.7126985,0.0,0.0,0.0009139519929885864
1785289931.7139463,0.0,0.0,0.0008951359987258911
1785289931.715219,0.0,0.0,0.0009199680089950562
1785289931.7164736,0.0,0.0,0.0009005759954452514
1785289931.7177343,0.0,0.0,0.0009088000059127808
1785289931.7189791,0.0,0.0,0.000893280029296875
1785289931.7203002,0.0,0.0,0.0009133120179176331
1785289931.7215738,0.0,0.0,0.0009145920276641846
1785289931.722819,0.0,0.0,0.0008971840143203735
1785289931.724113,0.0,0.0,0.0009194239974021912
1785289931.7253687,0.0,0.0,0.0009022079706192017
1785289931.7266407,0.0,0.0,0.0009179520010948181
1785289931.7279367,0.0,0.0,0.0009446079730987549
1785289931.729231,0.0,0.0,0.0009272639751434326
1785289931.7304947,0.0,0.0,0.0009081599712371827
1785289931.7317655,0.0,0.0,0.0009151039719581605
1785289931.7330313,0.0,0.0,0.0009117119908332824
1785289931.734305,0.0,0.0,0.0009184319972991943
1785289931.7355945,0.0,0.0,0.0009218559861183166
1785289931.736847,0.0,0.0,0.000900543987751007
1785289931.7380872,0.0,0.0,0.0008911679983139038
1785289931.739358,0.0,0.0,0.0009235519766807556
1785289931.7406178,0.0,0.0,0.0009098880290985108
1785289931.741884,0.0,0.0,0.0009170560240745545
1785289931.7431583,0.0,0.0,0.0009236479997634888
1785289931.7444408,0.0,0.0,0.0009220479726791381
1785289931.7456996,0.0,0.0,0.0009033600091934204
1785289931.7469373,0.0,0.0,0.0008897920250892639
1785289931.748245,0.0,0.0,0.0009185280203819275
1785289931.750162,0.0,0.0,0.0009364159703254699
1785289931.7514641,0.0,0.0,0.0009403520226478576
1785289931.7527235,0.0,0.0,0.0009083200097084045
1785289931.753973,0.0,0.0,0.0008967999815940857
1785289931.7552729,0.0,0.0,0.0009444800019264222
1785289931.7565575,0.0,0.0,0.0009253119826316833
1785289931.7578335,0.0,0.0,0.0009101439714431763
1785289931.7590868,0.0,0.0,0.0009034879803657532
1785289931.7603688,0.0,0.0,0.0009087679982185364
1785289931.7616327,0.0,0.0,0.000915391981601715
1785289931.762882,0.0,0.0,0.0008936960101127624
1785289931.7641797,0.0,0.0,0.0009236159920692444
1785289931.765446,0.0,0.0,0.0009145600199699402
1785289931.7666972,0.0,0.0,0.0009013760089874268
1785289931.7679658,0.0,0.0,0.0009192960262298583
1785289931.7692373,0.0,0.0,0.000900704026222229
1785289931.770492,0.0,0.0,0.0009036800265312195
1785289931.7717643,0.0,0.0,0.0009217919707298278
1785289931.7730274,0.0,0.0,0.0009093440175056458
1785289931.7742789,0.0,0.0,0.0009008960127830505
1785289931.7755513,0.0,0.0,0.0009223039746284484
1785289931.7768137,0.0,0.0,0.0009059839844703674
1785289931.778063,0.0,0.0,0.0008973119854927063
1785289931.7793257,0.0,0.0,0.0009219520092010498
1785289931.780589,0.0,0.0,0.0009072960019111633
1785289931.781856,0.0,0.0,0.0009207680225372315
1785289931.783146,0.0,0.0,0.0009241920113563538
1785289931.7844095,0.0,0.0,0.0009043840169906616
1785289931.7856743,0.0,0.0,0.0009116160273551941
1785289931.7869368,0.0,0.0,0.0009087039828300476
1785289931.7882333,0.0,0.0,0.0009240000247955322
1785289931.7894862,0.0,0.0,0.0008997120261192322
1785289931.7907476,0.0,0.0,0.0009099199771881104
1785289931.7920313,0.0,0.0,0.0009379839897155762
1785289931.7932985,0.0,0.0,0.0009127359986305237
1785289931.7945535,0.0,0.0,0.0009040960073471069
1785289931.7958426,0.0,0.0,0.0009397119879722595
1785289931.7970908,0.0,0.0,0.0008956800103187561
1785289931.7983434,0.0,0.0,0.0008995199799537659
1785289931.799634,0.0,0.0,0.000938431978225708
1785289931.8009899,0.0,0.0,0.0009313279986381531
1785289931.8022482,0.0,0.0,0.000900767982006073
1785289931.8042264,0.0,0.0,0.0009520639777183533
1785289931.8055496,0.0,0.0,0.0009330559968948364
1785289931.8068118,0.0,0.0,0.0009048320055007935
1785289931.8081234,0.0,0.0,0.0009297279715538025
1785289931.8093643,0.0,0.0,0.0008882880210876465
1785289931.8106372,0.0,0.0,0.0009064319729804993
1785289931.8119173,0.0,0.0,0.000929311990737915
1785289931.8131769,0.0,0.0,0.0009008319973945617
1785289931.8144407,0.0,0.0,0.0009165120124816895
1785289931.8157346,0.0,0.0,0.0009409599900245667
1785289931.8169873,0.0,0.0,0.0008962560296058655
1785289931.8182557,0.0,0.0,0.0009160640239715577
1785289931.8195553,0.0,0.0,0.000949567973613739
1785289931.8208163,0.0,0.0,0.0009059200286865235
1785289931.822079,0.0,0.0,0.0009103360176086426
1785289931.8233445,0.0,0.0,0.0009224640130996704
1785289931.824609,0.0,0.0,0.0009113280177116394
1785289931.8258653,0.0,0.0,0.000902944028377533
1785289931.82716,0.0,0.0,0.0009433599710464477
1785289931.828432,0.0,0.0,0.0009168959856033325
1785289931.829694,0.0,0.0,0.0009095680117607117
1785289931.8309443,0.0,0.0,0.0008981119990348816
1785289931.8322072,0.0,0.0,0.0008865280151367187
1785289931.8334615,0.0,0.0,0.0009041600227355957
1785289931.8347223,0.0,0.0,0.0008960319757461548
1785289931.836001,0.0,0.0,0.0009268159866333008
1785289931.8372679,0.0,0.0,0.0009107840061187744
1785289931.8385296,0.0,0.0,0.0009087679982185364
1785289931.8398125,0.0,0.0,0.0009318079948425293
1785289931.841065,0.0,0.0,0.0008992639780044556
1785289931.8423293,0.0,0.0,0.0009145280122756958
1785289931.8436084,0.0,0.0,0.0009273920059204102
1785289931.844874,0.0,0.0,0.0009106240272521973
1785289931.846135,0.0,0.0,0.0009113600254058838
1785289931.8474588,0.0,0.0,0.000938368022441864
1785289931.8487265,0.0,0.0,0.0009117439985275268
1785289931.8499947,0.0,0.0,0.0009105280041694641
1785289931.8512807,0.0,0.0,0.0009345279932022095
1785289931.8525386,0.0,0.0,0.0009048320055007935
1785289931.8538082,0.0,0.0,0.0009182400107383728
1785289931.8550856,0.0,0.0,0.0009140480160713196
1785289931.856377,0.0,0.0,0.000915008008480072
1785289931.857643,0.0,0.0,0.000910368025302887
1785289931.8596413,0.0,0.0,0.001625823974609375
1785289931.8609538,0.0,0.0,0.0009339839816093445
1785289931.862212,0.0,0.0,0.0009016640186309815
1785289931.8635013,0.0,0.0,0.0009359040260314941
1785289931.864755,0.0,0.0,0.0008967360258102417
1785289931.8659995,0.0,0.0,0.0008932160139083862
1785289931.8672965,0.0,0.0,0.0009326720237731933
1785289931.86857,0.0,0.0,0.0009134399890899658
1785289931.8698313,0.0,0.0,0.0009074879884719848
1785289931.8710742,0.0,0.0,0.0008922880291938782
1785289931.8723526,0.0,0.0,0.0009058880209922791
1785289931.8736258,0.0,0.0,0.0009230719804763794
1785289931.8748918,0.0,0.0,0.0009124799966812134
1785289931.8761718,0.0,0.0,0.000908735990524292
1785289931.877402,0.0,0.0,0.000887935996055603
1785289931.878665,0.0,0.0,0.0009104319810867309
1785289931.8799386,0.0,0.0,0.0009215999841690063
1785289931.8812017,0.0,0.0,0.0009104319810867309
1785289931.882469,0.0,0.0,0.0009129599928855896
1785289931.8837614,0.0,0.0,0.0009393600225448608
1785289931.8850274,0.0,0.0,0.0009128320217132569
1785289931.886286,0.0,0.0,0.0008991360068321228
1785289931.8875468,0.0,0.0,0.0009128959774971008
1785289931.888804,0.0,0.0,0.0009071360230445862
1785289931.8900447,0.0,0.0,0.0008963519930839538
1785289931.8913133,0.0,0.0,0.0009183679819107055
1785289931.8926036,0.0,0.0,0.0009301760196685791
1785289931.8939064,0.0,0.0,0.0009215679764747619
1785289931.8952138,0.0,0.0,0.0009416959881782532
1785289931.896475,0.0,0.0,0.0009016000032424927
1785289931.8977215,0.0,0.0,0.0008994240164756775
1785289931.8989735,0.0,0.0,0.0009047679901123047
1785289931.9002588,0.0,0.0,0.000889952003955841
1785289931.9015172,0.0,0.0,0.0009085760116577149
1785289931.9027576,0.0,0.0,0.0008967360258102417
1785289931.9040308,0.0,0.0,0.0009029120206832886
1785289931.9052873,0.0,0.0,0.0009086719751358033
1785289931.9065259,0.0,0.0,0.0008929920196533203
1785289931.9077911,0.0,0.0,0.0009196159839630127
1785289931.9090335,0.0,0.0,0.0008903679847717286
1785289931.910284,0.0,0.0,0.0009002879858016967
1785289931.911603,0.0,0.0,0.0009458879828453064
1785289931.9128668,0.0,0.0,0.0009062719941139221
1785289931.9147854,0.0,0.0,0.0009003520011901855
1785289931.916117,0.0,0.0,0.0009266880154609681
1785289931.9173796,0.0,0.0,0.0009007999897003173
1785289931.9186606,0.0,0.0,0.000921504020690918
1785289931.9199395,0.0,0.0,0.0009264320135116578
1785289931.921196,0.0,0.0,0.0008964800238609314
1785289931.9224334,0.0,0.0,0.0008884479999542236
1785289931.923712,0.0,0.0,0.0009318400025367737
1785289931.9249856,0.0,0.0,0.0009205759763717651
1785289931.926236,0.0,0.0,0.0008941439986228943
1785289931.9275212,0.0,0.0,0.0009336640238761902
1785289931.92878,0.0,0.0,0.0009066240191459656
1785289931.930036,0.0,0.0,0.0009037439823150635
1785289931.9312978,0.0,0.0,0.000917568027973175
1785289931.932578,0.0,0.0,0.0009156799912452698
1785289931.9338295,0.0,0.0,0.0008990399837493897
1785289931.9350803,0.0,0.0,0.0009026880264282227
1785289931.9363427,0.0,0.0,0.0008952320218086243
1785289931.937589,0.0,0.0,0.0009019520282745362
1785289931.9388366,0.0,0.0,0.0008882880210876465
1785289931.9401255,0.0,0.0,0.0009208319783210754
1785289931.9413812,0.0,0.0,0.0009020479917526245
1785289931.9426324,0.0,0.0,0.000902783989906311
1785289931.9439085,0.0,0.0,0.0009297279715538025
1785289931.9451702,0.0,0.0,0.0009069120287895203
1785289931.9464333,0.0,0.0,0.0009073920249938965
1785289931.947714,0.0,0.0,0.0009301120042800904
1785289931.948985,0.0,0.0,0.0009139519929885864
1785289931.9502547,0.0,0.0,0.0009143679738044739
1785289931.9515483,0.0,0.0,0.0009465600252151489
1785289931.9528177,0.0,0.0,0.0009155200123786927
1785289931.9540834,0.0,0.0,0.0009152640104293823
1785289931.9553552,0.0,0.0,0.0009193919897079468
1785289931.9566102,0.0,0.0,0.0009030079841613769
1785289931.957882,0.0,0.0,0.0009174399971961975
1785289931.9591467,0.0,0.0,0.0009119679927825928
1785289931.9604099,0.0,0.0,0.0009104959964752197
1785289931.9616637,0.0,0.0,0.0008930879831314087
1785289931.9629202,0.0,0.0,0.0009040319919586181
1785289931.9642048,0.0,0.0,0.0009122560024261475
1785289931.965513,0.0,0.0,0.0009277759790420532
1785289931.9667985,0.0,0.0,0.0009217600226402282
1785289931.9681098,0.0,0.0,0.0009349759817123413
1785289931.9700391,0.0,0.0,0.0009162240028381348
1785289931.9713893,0.0,0.0,0.0009631040096282959
1785289931.9726758,0.0,0.0,0.0009260159730911254
1785289931.9739366,0.0,0.0,0.000906112015247345
1785289931.9752429,0.0,0.0,0.0009562559723854065
1785289931.9765384,0.0,0.0,0.000915391981601715
1785289931.9778082,0.0,0.0,0.0009182720184326172
1785289931.9790602,0.0,0.0,0.0009012479782104493
1785289931.9803483,0.0,0.0,0.0009122880101203919
1785289931.9816055,0.0,0.0,0.0009094399809837341
1785289931.982838,0.0,0.0,0.0008820800185203552
1785289931.9841256,0.0,0.0,0.0009141119718551636
1785289931.9853742,0.0,0.0,0.0008963519930839538
1785289931.9866254,0.0,0.0,0.0009041919708251953
1785289931.9879153,0.0,0.0,0.0009404799938201905
1785289931.9891934,0.0,0.0,0.0009075520038604736
1785289931.9904459,0.0,0.0,0.0009023039937019348
1785289931.9917402,0.0,0.0,0.0009407680034637452
1785289931.9929986,0.0,0.0,0.0009119679927825928
1785289931.9942589,0.0,0.0,0.00091075199842453
1785289931.995541,0.0,0.0,0.0009313600063323975
1785289931.9967918,0.0,0.0,0.000902944028377533
1785289931.9980643,0.0,0.0,0.0009108480215072632
1785289931.999345,0.0,0.0,0.0009311360120773316
1785289932.0006087,0.0,0.0,0.0009104639887809753
1785289932.0018773,0.0,0.0,0.000916159987449646
1785289932.003145,0.0,0.0,0.0009179520010948181
1785289932.004391,0.0,0.0,0.000894976019859314
1785289932.0056393,0.0,0.0,0.0009062079787254334
1785289932.0068867,0.0,0.0,0.0008949440121650696
1785289932.0081558,0.0,0.0,0.0008966079950332641
1785289932.0094185,0.0,0.0,0.0009003199934959411
1785289932.0106635,0.0,0.0,0.0008960639834403992
1785289932.0119357,0.0,0.0,0.0009195200204849244
1785289932.013196,0.0,0.0,0.0009071679711341858
1785289932.0144458,0.0,0.0,0.000900991976261139
1785289932.0157247,0.0,0.0,0.0009233919978141785
1785289932.0169861,0.0,0.0,0.0009074239730834961
1785289932.0182295,0.0,0.0,0.0008950080275535584
1785289932.0195172,0.0,0.0,0.0009357119798660278
1785289932.0207882,0.0,0.0,0.0009119359850883484
1785289932.022068,0.0,0.0,0.0009228159785270691
1785289932.0233529,0.0,0.0,0.0009308159947395325
1785289932.0253062,0.0,0.0,0.0009228159785270691
1785289932.026637,0.0,0.0,0.0009409919977188111
1785289932.0279334,0.0,0.0,0.0009390400052070618
1785289932.0291965,0.0,0.0,0.0009068160057067871
1785289932.0304527,0.0,0.0,0.0009063680171966553
1785289932.031768,0.0,0.0,0.0009448320269584656
1785289932.0330565,0.0,0.0,0.0009158719778060913
1785289932.034304,0.0,0.0,0.0008934720158576965
1785289932.0355802,0.0,0.0,0.0009298560023307801
1785289932.036832,0.0,0.0,0.0009000319838523865
1785289932.0380757,0.0,0.0,0.0008975039720535279
1785289932.0393527,0.0,0.0,0.0009265919923782349
1785289932.0406277,0.0,0.0,0.0009210879802703857
1785289932.0418882,0.0,0.0,0.0009104959964752197
1785289932.0431597,0.0,0.0,0.0009198079705238342
1785289932.0444224,0.0,0.0,0.0009088320136070252
1785289932.0456717,0.0,0.0,0.0009004160165786743
1785289932.0469265,0.0,0.0,0.0009023360013961792
1785289932.0482233,0.0,0.0,0.0009160000085830689
1785289932.0494943,0.0,0.0,0.0009190719723701477
1785289932.0507607,0.0,0.0,0.000912608027458191
1785289932.0520623,0.0,0.0,0.0009312000274658203
1785289932.0533214,0.0,0.0,0.0009017919898033142
1785289932.054573,0.0,0.0,0.0008990079760551453
1785289932.0558617,0.0,0.0,0.0009375360012054444
1785289932.0571098,0.0,0.0,0.0008943039774894715
1785289932.05837,0.0,0.0,0.0009109759926795959
1785289932.0596435,0.0,0.0,0.0009262400269508361
1785289932.0609038,0.0,0.0,0.0009096639752388001
1785289932.062155,0.0,0.0,0.0009016640186309815
1785289932.0634568,0.0,0.0,0.0009359999895095825
1785289932.0647054,0.0,0.0,0.0008988479971885681
1785289932.0659614,0.0,0.0,0.0009058880209922791
1785289932.067226,0.0,0.0,0.0009148480296134948
1785289932.068495,0.0,0.0,0.0009182400107383728
1785289932.0697508,0.0,0.0,0.0009012159705162049
1785289932.070985,0.0,0.0,0.0008869760036468505
1785289932.0722575,0.0,0.0,0.0009013440012931824
1785289932.0735047,0.0,0.0,0.0008976640105247497
1785289932.0747566,0.0,0.0,0.0008989760279655457
1785289932.076064,0.0,0.0,0.0009210240244865417
1785289932.0773351,0.0,0.0,0.0009095039963722229
1785289932.0785973,0.0,0.0,0.0009078720211982727
1785289932.0806067,0.0,0.0,0.0016516799926757813
1785289932.0819042,0.0,0.0,0.000916703999042511
1785289932.0831938,0.0,0.0,0.0009343680143356323
1785289932.0844712,0.0,0.0,0.000926144003868103
1785289932.0857153,0.0,0.0,0.0008935359716415405
1785289932.086965,0.0,0.0,0.00089273601770401
1785289932.0882363,0.0,0.0,0.0008992319703102112
1785289932.0894818,0.0,0.0,0.0008946880102157593
1785289932.0907156,0.0,0.0,0.0008888959884643555
1785289932.0919907,0.0,0.0,0.0009289919734001159
1785289932.0932393,0.0,0.0,0.0008992639780044556
1785289932.0944824,0.0,0.0,0.0008917440176010132
1785289932.0957696,0.0,0.0,0.0009342719912528992
1785289932.0970554,0.0,0.0,0.0009130880236625672
1785289932.0983,0.0,0.0,0.0008937919735908509
1785289932.0996141,0.0,0.0,0.0009469760060310363
1785289932.1008766,0.0,0.0,0.0009062719941139221
1785289932.1021383,0.0,0.0,0.0009100480079650879
1785289932.1034217,0.0,0.0,0.0009365440011024475
1785289932.1046894,0.0,0.0,0.0009149760007858276
1785289932.1059573,0.0,0.0,0.0009035199880599975
1785289932.1072373,0.0,0.0,0.0009285119771957397
1785289932.1084898,0.0,0.0,0.000895583987236023
1785289932.1097472,0.0,0.0,0.0009052799940109253
1785289932.1109889,0.0,0.0,0.0008926079869270325
1785289932.1122637,0.0,0.0,0.000906175971031189
1785289932.1135268,0.0,0.0,0.0009078080058097839
1785289932.1147792,0.0,0.0,0.0009052479863166809
1785289932.1160638,0.0,0.0,0.0009136959910392761
1785289932.1173382,0.0,0.0,0.0009188159704208375
1785289932.1186001,0.0,0.0,0.0009105920195579529
1785289932.1199136,0.0,0.0,0.0009372799992561341
1785289932.1211784,0.0,0.0,0.0009088000059127808
1785289932.122461,0.0,0.0,0.0009180799722671508
1785289932.1237562,0.0,0.0,0.0009402239918708801
1785289932.1250203,0.0,0.0,0.0009147520065307617
1785289932.1262705,0.0,0.0,0.000900767982006073
1785289932.127548,0.0,0.0,0.0009245120286941528
1785289932.128816,0.0,0.0,0.0008994879722595215
1785289932.1300838,0.0,0.0,0.0009136319756507873
1785289932.1313796,0.0,0.0,0.0009400320053100586
1785289932.1326501,0.0,0.0,0.0009076799750328064
1785289932.1339192,0.0,0.0,0.0009104959964752197
1785289932.1351905,0.0,0.0,0.0009226880073547364
1785289932.137136,0.0,0.0,0.0009339839816093445
1785289932.1383955,0.0,0.0,0.0008998399972915649
1785289932.1396792,0.0,0.0,0.0009312000274658203
1785289932.1409595,0.0,0.0,0.0009208639860153198
1785289932.1422105,0.0,0.0,0.0009008319973945617
1785289932.1435091,0.0,0.0,0.0009454399943351746
1785289932.1448002,0.0,0.0,0.0009198399782180786
1785289932.14606,0.0,0.0,0.0009111359715461731
1785289932.1473563,0.0,0.0,0.0009460480213165283
1785289932.1486037,0.0,0.0,0.0008948479890823365
1785289932.1498477,0.0,0.0,0.0008956159949302673
1785289932.1511164,0.0,0.0,0.0008983680009841919
1785289932.1523669,0.0,0.0,0.000900704026222229
1785289932.1536133,0.0,0.0,0.0009036160111427307
1785289932.1548529,0.0,0.0,0.0008930879831314087
1785289932.1561124,0.0,0.0,0.0008946239948272705
1785289932.1573536,0.0,0.0,0.0008908479809761048
1785289932.1585836,0.0,0.0,0.0008882240056991577
1785289932.1598938,0.0,0.0,0.0009485440254211426
1785289932.161153,0.0,0.0,0.0009101759791374206
1785289932.1624126,0.0,0.0,0.0009080320000648498
1785289932.1636808,0.0,0.0,0.000924992024898529
1785289932.1649437,0.0,0.0,0.0009169920086860657
1785289932.1662047,0.0,0.0,0.000908415973186493
1785289932.1674867,0.0,0.0,0.0009335680007934571
1785289932.1687553,0.0,0.0,0.0009045760035514831
1785289932.1699886,0.0,0.0,0.0008874559998512268
1785289932.1712584,0.0,0.0,0.0009211199879646301
1785289932.1725206,0.0,0.0,0.0009111999869346618
1785289932.1737554,0.0,0.0,0.0008910400271415711
1785289932.175005,0.0,0.0,0.0009050880074501038
1785289932.1762774,0.0,0.0,0.000902400016784668
1785289932.177514,0.0,0.0,0.0008877440094947815
1785289932.1787527,0.0,0.0,0.000893664002418518
1785289932.1800344,0.0,0.0,0.0009336640238761902
1785289932.1812959,0.0,0.0,0.0009116160273551941
1785289932.1825414,0.0,0.0,0.0009005119800567627
1785289932.1838229,0.0,0.0,0.0009350399971008301
1785289932.185075,0.0,0.0,0.0009034240245819092
1785289932.1863408,0.0,0.0,0.0009142720103263855
1785289932.1876302,0.0,0.0,0.000932416021823883
1785289932.188899,0.0,0.0,0.0009143360257148743
1785289932.190159,0.0,0.0,0.0009095360040664673
1785289932.1921666,0.0,0.0,0.0009437119960784912
1785289932.1934266,0.0,0.0,0.000898751974105835
1785289932.1946733,0.0,0.0,0.0008954240083694458
1785289932.1959522,0.0,0.0,0.0009289919734001159
1785289932.1972075,0.0,0.0,0.0009039999842643737
1785289932.1984606,0.0,0.0,0.0009019839763641358
1785289932.1997328,0.0,0.0,0.0009251840114593506
1785289932.2009923,0.0,0.0,0.0009088320136070252
1785289932.2022426,0.0,0.0,0.0009026240110397339
1785289932.2035182,0.0,0.0,0.0009296320080757141
1785289932.2047722,0.0,0.0,0.0009045119881629943
1785289932.2060175,0.0,0.0,0.0008954240083694458
1785289932.2072945,0.0,0.0,0.0009273599982261658
1785289932.2085476,0.0,0.0,0.0009036480188369751
1785289932.2098086,0.0,0.0,0.0009126719832420349
1785289932.2110481,0.0,0.0,0.0008957759737968445
1785289932.2123294,0.0,0.0,0.0009085760116577149
1785289932.2135768,0.0,0.0,0.0008994560241699219
1785289932.2148244,0.0,0.0,0.0009058560132980347
1785289932.2161217,0.0,0.0,0.0009254080057144165
1785289932.2173953,0.0,0.0,0.0009071679711341858
1785289932.218633,0.0,0.0,0.0008927680253982544
1785289932.2199278,0.0,0.0,0.000945792019367218
1785289932.22119,0.0,0.0,0.0009111679792404174
1785289932.222447,0.0,0.0,0.000904416024684906
1785289932.2237568,0.0,0.0,0.0009618880152702331
1785289932.225016,0.0,0.0,0.0009113280177116394
1785289932.2262712,0.0,0.0,0.0009084799885749817
1785289932.2275534,0.0,0.0,0.0009312319755554199
1785289932.2288337,0.0,0.0,0.0009291520118713379
1785289932.2301016,0.0,0.0,0.000918720006942749
1785289932.2313833,0.0,0.0,0.0009349759817123413
1785289932.2326458,0.0,0.0,0.000911296010017395
1785289932.2339187,0.0,0.0,0.0009259520173072815
1785289932.2352045,0.0,0.0,0.0009383360147476196
1785289932.2364764,0.0,0.0,0.0009179840087890625
1785289932.2377472,0.0,0.0,0.0009188479781150817
1785289932.2390175,0.0,0.0,0.0009217600226402282
1785289932.2403295,0.0,0.0,0.0009232959747314453
1785289932.241606,0.0,0.0,0.0009221119880676269
1785289932.2428827,0.0,0.0,0.0009193919897079468
1785289932.244167,0.0,0.0,0.0009081919789314271
1785289932.2454414,0.0,0.0,0.0009164479970932007
1785289932.2474144,0.0,0.0,0.0009503039717674255
1785289932.2486846,0.0,0.0,0.000908352017402649
1785289932.2499323,0.0,0.0,0.0009027519822120667
1785289932.2512066,0.0,0.0,0.0009268800020217896
1785289932.2524664,0.0,0.0,0.0009053760170936585
1785289932.2537005,0.0,0.0,0.0008905280232429504
1785289932.2549424,0.0,0.0,0.0008940160274505615
1785289932.2562382,0.0,0.0,0.0009215360283851623
1785289932.2575042,0.0,0.0,0.0008902720212936401
1785289932.2587667,0.0,0.0,0.000913536012172699
1785289932.2600446,0.0,0.0,0.0009080960154533386
1785289932.2612967,0.0,0.0,0.0009006400108337402
1785289932.262525,0.0,0.0,0.0008829759955406189
1785289932.2638092,0.0,0.0,0.0009240319728851318
1785289932.265064,0.0,0.0,0.0009006400108337402
1785289932.2663023,0.0,0.0,0.000891327977180481
1785289932.2675862,0.0,0.0,0.0009312319755554199
1785289932.2688441,0.0,0.0,0.0009054719805717469
1785289932.2701252,0.0,0.0,0.0008960959911346435
1785289932.2714076,0.0,0.0,0.0009287359714508056
1785289932.2726743,0.0,0.0,0.0009161919951438904
1785289932.2739222,0.0,0.0,0.0009030079841613769
1785289932.2751882,0.0,0.0,0.0009205759763717651
1785289932.2764328,0.0,0.0,0.0008936960101127624
1785289932.2776895,0.0,0.0,0.0009114559888839721
1785289932.2789228,0.0,0.0,0.000886687994003296
1785289932.2801743,0.0,0.0,0.0008896639943122863
1785289932.281416,0.0,0.0,0.0008980479836463929
1785289932.282654,0.0,0.0,0.0008872640132904053
1785289932.2839296,0.0,0.0,0.0009151679873466491
1785289932.2851799,0.0,0.0,0.0008985279798507691
1785289932.2864234,0.0,0.0,0.0009008319973945617
1785289932.287698,0.0,0.0,0.0009256319999694824
1785289932.2889657,0.0,0.0,0.0009034559726715088
1785289932.2902222,0.0,0.0,0.0008893759846687317
1785289932.2914882,0.0,0.0,0.0009208319783210754
1785289932.2927403,0.0,0.0,0.0009011520147323608
1785289932.2939928,0.0,0.0,0.0009040960073471069
1785289932.295268,0.0,0.0,0.0009245759844779968
1785289932.296528,0.0,0.0,0.00091075199842453
1785289932.2977736,0.0,0.0,0.0008945279717445374
1785289932.2990406,0.0,0.0,0.0009190400242805481
1785289932.3003335,0.0,0.0,0.0009180799722671508
1785289932.3022509,0.0,0.0,0.001564031958580017
1785289932.3035576,0.0,0.0,0.0009399359822273254
1785289932.3048084,0.0,0.0,0.0008951680064201355
1785289932.3060844,0.0,0.0,0.0009164800047874451
1785289932.307365,0.0,0.0,0.0009314560294151306
1785289932.3086233,0.0,0.0,0.0009089279770851136
1785289932.3098855,0.0,0.0,0.0009166719913482666
1785289932.3111513,0.0,0.0,0.0009191359877586365
1785289932.312405,0.0,0.0,0.0009049599766731263
1785289932.3136516,0.0,0.0,0.0008980159759521485
1785289932.3149061,0.0,0.0,0.0009087039828300476
1785289932.3161767,0.0,0.0,0.0008963199853897095
1785289932.3174293,0.0,0.0,0.0009085440039634705
1785289932.318717,0.0,0.0,0.000921504020690918
1785289932.3200195,0.0,0.0,0.0009504960179328918
1785289932.3212824,0.0,0.0,0.0009081599712371827
1785289932.322549,0.0,0.0,0.0009066240191459656
1785289932.3238432,0.0,0.0,0.0009467520117759704
1785289932.3251064,0.0,0.0,0.0009131839871406555
1785289932.3263428,0.0,0.0,0.0008863040208816528
1785289932.3276393,0.0,0.0,0.0009487360119819641
1785289932.3288956,0.0,0.0,0.0009051839709281922
1785289932.3301544,0.0,0.0,0.0009077439904212951
1785289932.3314333,0.0,0.0,0.0009343680143356323
1785289932.3326783,0.0,0.0,0.0008959360122680664
1785289932.3339205,0.0,0.0,0.0009004160165786743
1785289932.3351834,0.0,0.0,0.0009165120124816895
1785289932.336433,0.0,0.0,0.0008993600010871887
1785289932.3376775,0.0,0.0,0.0008989120125770569
1785289932.3389127,0.0,0.0,0.0008928319811820984
1785289932.3402085,0.0,0.0,0.0009259200096130371
1785289932.3414607,0.0,0.0,0.0009039999842643737
1785289932.3426971,0.0,0.0,0.0008889920115470886
1785289932.3439674,0.0,0.0,0.000922655999660492
1785289932.3452132,0.0,0.0,0.0009019200205802918
1785289932.3464515,0.0,0.0,0.0008881919980049133
1785289932.347722,0.0,0.0,0.0009231680035591126
1785289932.3489647,0.0,0.0,0.0008966400027275085
1785289932.3502204,0.0,0.0,0.0009064319729804993
1785289932.3514898,0.0,0.0,0.0009239680171012879
1785289932.3527782,0.0,0.0,0.0009271360039710999
1785289932.3540606,0.0,0.0,0.0009123200178146363
1785289932.3553655,0.0,0.0,0.0009503039717674255
1785289932.3573353,0.0,0.0,0.0016050560474395752
1785289932.358618,0.0,0.0,0.0009107199907302856
1785289932.359914,0.0,0.0,0.0009460160136222839
1785289932.3611658,0.0,0.0,0.0008984640240669251
1785289932.3624177,0.0,0.0,0.000903328001499176
1785289932.3636968,0.0,0.0,0.0009322239756584167
1785289932.3649294,0.0,0.0,0.0008855680227279663
1785289932.3661873,0.0,0.0,0.0009097920060157776
1785289932.367447,0.0,0.0,0.0009134079813957214
1785289932.3687005,0.0,0.0,0.0009054399728775025
1785289932.369953,0.0,0.0,0.0008898559808731079
1785289932.3712058,0.0,0.0,0.0009085440039634705
1785289932.372456,0.0,0.0,0.0008983359932899475
1785289932.373721,0.0,0.0,0.0009155840277671813
1785289932.374964,0.0,0.0,0.0008941439986228943
1785289932.3762708,0.0,0.0,0.0009351999759674072
1785289932.3775232,0.0,0.0,0.0009000319838523865
1785289932.3787866,0.0,0.0,0.0009129279851913452
1785289932.380081,0.0,0.0,0.0009240639805793762
1785289932.3813229,0.0,0.0,0.0008931519985198974
1785289932.3825576,0.0,0.0,0.0008863679766654968
1785289932.3838422,0.0,0.0,0.0009372159838676453
1785289932.3851,0.0,0.0,0.0009096639752388001
1785289932.386352,0.0,0.0,0.0009060800075531006
1785289932.3876624,0.0,0.0,0.0009416319727897644
1785289932.3889196,0.0,0.0,0.0009077119827270507
1785289932.39017,0.0,0.0,0.0008986240029335022
1785289932.3914533,0.0,0.0,0.000936959981918335
1785289932.3926978,0.0,0.0,0.0008959680199623108
1785289932.393964,0.0,0.0,0.0009058560132980347
1785289932.3952253,0.0,0.0,0.0009158400297164917
1785289932.3964815,0.0,0.0,0.0008985279798507691
1785289932.397728,0.0,0.0,0.0008968960046768188
1785289932.3989792,0.0,0.0,0.0008962879776954651
1785289932.4002624,0.0,0.0,0.0009212160110473633
1785289932.4015229,0.0,0.0,0.0009123520255088807
1785289932.4027753,0.0,0.0,0.0009055039882659912
1785289932.4040446,0.0,0.0,0.000903328001499176
1785289932.4052966,0.0,0.0,0.0009015679955482483
1785289932.4065475,0.0,0.0,0.0009011200070381164
1785289932.407838,0.0,0.0,0.0009301440119743348
1785289932.4090912,0.0,0.0,0.0008988159894943237
1785289932.4103343,0.0,0.0,0.0008924480080604553
1785289932.412248,0.0,0.0,0.0015587519407272339
1785289932.413531,0.0,0.0,0.0009101439714431763
1785289932.414785,0.0,0.0,0.0009026560187339783
1785289932.4160733,0.0,0.0,0.00091075199842453
1785289932.417317,0.0,0.0,0.0008904640078544616
1785289932.418563,0.0,0.0,0.0009029120206832886
1785289932.419886,0.0,0.0,0.0009538559913635254
1785289932.4211736,0.0,0.0,0.00091948801279068
1785289932.4224157,0.0,0.0,0.000894432008266449
1785289932.423698,0.0,0.0,0.0009393280148506164
1785289932.424945,0.0,0.0,0.0008996800184249878
1785289932.4261782,0.0,0.0,0.0008883519768714905
1785289932.4274561,0.0,0.0,0.0009286400079727173
1785289932.4286954,0.0,0.0,0.00088755202293396
1785289932.4299383,0.0,0.0,0.0008978239893913269
1785289932.4312062,0.0,0.0,0.0009183040261268615
1785289932.4324615,0.0,0.0,0.0009028159976005554
1785289932.433745,0.0,0.0,0.0009297279715538025
1785289932.4350004,0.0,0.0,0.0009064639806747436
1785289932.4362817,0.0,0.0,0.00090556800365448
1785289932.4375384,0.0,0.0,0.0009095039963722229
1785289932.4387753,0.0,0.0,0.0008868479728698731
1785289932.4400485,0.0,0.0,0.0009074239730834961
1785289932.441286,0.0,0.0,0.0008871999979019165
1785289932.4425485,0.0,0.0,0.0009154880046844483
1785289932.4438188,0.0,0.0,0.0009222400188446045
1785289932.445077,0.0,0.0,0.0009033600091934204
1785289932.4463356,0.0,0.0,0.0009068480134010315
1785289932.4476035,0.0,0.0,0.0009191679954528809
1785289932.448861,0.0,0.0,0.0009070720076560974
1785289932.4501166,0.0,0.0,0.000904799997806549
1785289932.451388,0.0,0.0,0.0009288960099220276
1785289932.4526749,0.0,0.0,0.0009251199960708618
1785289932.4539335,0.0,0.0,0.000913856029510498
1785289932.4552054,0.0,0.0,0.0009216319918632507
1785289932.4564588,0.0,0.0,0.0009057919979095459
1785289932.4576995,0.0,0.0,0.0008984640240669251
1785289932.4589317,0.0,0.0,0.0008874559998512268
1785289932.4602118,0.0,0.0,0.0009168639779090881
1785289932.4614782,0.0,0.0,0.000914463996887207
1785289932.462764,0.0,0.0,0.0009284800291061401
1785289932.4640622,0.0,0.0,0.0009258880019187927
1785289932.4653306,0.0,0.0,0.0009054719805717469
1785289932.4672558,0.0,0.0,0.001574079990386963
1785289932.4685996,0.0,0.0,0.0009267839789390564
1785289932.4698706,0.0,0.0,0.0009204480051994324
1785289932.4711561,0.0,0.0,0.0009332159757614136
1785289932.4724472,0.0,0.0,0.0009212160110473633
1785289932.4737172,0.0,0.0,0.0009063040018081665
1785289932.4749715,0.0,0.0,0.0009038079977035522
1785289932.4762416,0.0,0.0,0.0009000319838523865
1785289932.4775035,0.0,0.0,0.0009133440256118775
1785289932.4787514,0.0,0.0,0.0008939520120620727
1785289932.48005,0.0,0.0,0.0009592959880828858
1785289932.4813204,0.0,0.0,0.0009166719913482666
1785289932.482579,0.0,0.0,0.0009097599983215332
1785289932.4838817,0.0,0.0,0.0009465280175209045
1785289932.4851553,0.0,0.0,0.0009151999950408935
1785289932.4864173,0.0,0.0,0.000910207986831665
1785289932.4876938,0.0,0.0,0.000926367998123169
1785289932.4889371,0.0,0.0,0.0008940479755401612
1785289932.4901927,0.0,0.0,0.0009094719886779785
1785289932.4914665,0.0,0.0,0.0009251840114593506
1785289932.4927242,0.0,0.0,0.0009070720076560974
1785289932.4939806,0.0,0.0,0.0009097920060157776
1785289932.4952621,0.0,0.0,0.0009311360120773316
1785289932.4965253,0.0,0.0,0.0009096320271492005
1785289932.497779,0.0,0.0,0.000906495988368988
1785289932.4990463,0.0,0.0,0.0009067519903182983
1785289932.5003262,0.0,0.0,0.0009057919979095459
1785289932.5015855,0.0,0.0,0.000906112015247345
1785289932.5028472,0.0,0.0,0.000914463996887207
1785289932.5041285,0.0,0.0,0.0009125440120697022
1785289932.5053997,0.0,0.0,0.0009198399782180786
1785289932.506655,0.0,0.0,0.0009054399728775025
1785289932.5079327,0.0,0.0,0.0009286720156669617
1785289932.5091884,0.0,0.0,0.0009066879749298096
1785289932.5104232,0.0,0.0,0.0008936960101127624
1785289932.5117195,0.0,0.0,0.0009446399807929993
1785289932.5129662,0.0,0.0,0.0008961920142173767
1785289932.514217,0.0,0.0,0.0009088640213012696
1785289932.5154774,0.0,0.0,0.000914080023765564
1785289932.5167253,0.0,0.0,0.0008982080221176148
1785289932.5180035,0.0,0.0,0.0009067519903182983
1785289932.519279,0.0,0.0,0.0009196479916572571
1785289932.5205207,0.0,0.0,0.0008901759982109069
1785289932.5224226,0.0,0.0,0.0015472320318222045
1785289932.5237415,0.0,0.0,0.0009410240054130555
1785289932.5250056,0.0,0.0,0.0009102720022201538
1785289932.5262465,0.0,0.0,0.0008966400027275085
1785289932.5275054,0.0,0.0,0.0009143679738044739
1785289932.528765,0.0,0.0,0.0009055039882659912
1785289932.5300295,0.0,0.0,0.0009151999950408935
1785289932.531306,0.0,0.0,0.0009272639751434326
1785289932.5325618,0.0,0.0,0.0009045760035514831
1785289932.5337994,0.0,0.0,0.0008878719806671143
1785289932.5350597,0.0,0.0,0.0009108800292015076
1785289932.5363507,0.0,0.0,0.0009097599983215332
1785289932.5375974,0.0,0.0,0.0008963199853897095
1785289932.5388408,0.0,0.0,0.0008964800238609314
1785289932.540137,0.0,0.0,0.0009243839979171753
1785289932.5413978,0.0,0.0,0.0009075520038604736
1785289932.5426497,0.0,0.0,0.0009028800129890442
1785289932.5439286,0.0,0.0,0.0009339519739151001
1785289932.5451684,0.0,0.0,0.0008869119882583619
1785289932.5464156,0.0,0.0,0.0008989760279655457
1785289932.5476987,0.0,0.0,0.0009349120259284973
1785289932.5489438,0.0,0.0,0.0008923199772834778
1785289932.5502174,0.0,0.0,0.0009065279960632324
1785289932.551493,0.0,0.0,0.0009243839979171753
1785289932.552764,0.0,0.0,0.0009220799803733825
1785289932.55406,0.0,0.0,0.0009292160272598266
1785289932.5553586,0.0,0.0,0.0009404479861259461
1785289932.5566208,0.0,0.0,0.0009063040018081665
1785289932.5578804,0.0,0.0,0.0009128000140190125
1785289932.559164,0.0,0.0,0.0009324480295181274
1785289932.5604303,0.0,0.0,0.0009111999869346618
1785289932.561668,0.0,0.0,0.0008828799724578857
1785289932.562912,0.0,0.0,0.0008958399891853332
1785289932.5641637,0.0,0.0,0.0008871999979019165
1785289932.5654182,0.0,0.0,0.0009078400135040283
1785289932.5666442,0.0,0.0,0.0008815360069274902
1785289932.5679166,0.0,0.0,0.000926464021205902
1785289932.569167,0.0,0.0,0.0009051200151443482
1785289932.5704167,0.0,0.0,0.0009053760170936585
1785289932.5716915,0.0,0.0,0.0009279040098190308
1785289932.5729783,0.0,0.0,0.0009279680252075195
1785289932.57427,0.0,0.0,0.0009320319890975952
1785289932.5755985,0.0,0.0,0.000953760027885437
1785289932.5768673,0.0,0.0,0.0009082880020141601
1785289932.5787907,0.0,0.0,0.0009305920004844666
1785289932.5801024,0.0,0.0,0.0009303039908409119
1785289932.5813766,0.0,0.0,0.0009180799722671508
1785289932.5826254,0.0,0.0,0.0008979520201683045
1785289932.5839345,0.0,0.0,0.000941215991973877
1785289932.585209,0.0,0.0,0.0009203519821166992
1785289932.5864818,0.0,0.0,0.0009200320243835449
1785289932.5877542,0.0,0.0,0.0009229120016098023
1785289932.5890021,0.0,0.0,0.0008984640240669251
1785289932.5902653,0.0,0.0,0.000910207986831665
1785289932.5915577,0.0,0.0,0.0009377279877662659
1785289932.5928137,0.0,0.0,0.0009074879884719848
1785289932.5940702,0.0,0.0,0.00090447998046875
1785289932.5953524,0.0,0.0,0.0009377920031547547
1785289932.5966032,0.0,0.0,0.0009036480188369751
1785289932.597862,0.0,0.0,0.000913856029510498
1785289932.5991127,0.0,0.0,0.0008867200016975402
1785289932.6003726,0.0,0.0,0.0009053760170936585
1785289932.6016183,0.0,0.0,0.0008975359797477723
1785289932.602877,0.0,0.0,0.0009119679927825928
1785289932.604174,0.0,0.0,0.0009046080112457275
1785289932.60544,0.0,0.0,0.000913919985294342
1785289932.6066916,0.0,0.0,0.0009077119827270507
1785289932.6079612,0.0,0.0,0.0009202880263328552
1785289932.6091986,0.0,0.0,0.0008920959830284119
1785289932.6104488,0.0,0.0,0.0009057919979095459
1785289932.6117408,0.0,0.0,0.0009467840194702148
1785289932.6129901,0.0,0.0,0.0008994240164756775
1785289932.6142347,0.0,0.0,0.0008944960236549378
1785289932.615504,0.0,0.0,0.0009191679954528809
1785289932.6167672,0.0,0.0,0.0009095680117607117
1785289932.6180172,0.0,0.0,0.0009031360149383545
1785289932.619306,0.0,0.0,0.0009422079920768738
1785289932.6205466,0.0,0.0,0.0008888000249862671
1785289932.6218083,0.0,0.0,0.0009097599983215332
1785289932.6230624,0.0,0.0,0.000907967984676361
1785289932.6243594,0.0,0.0,0.0009141439795494079
1785289932.6256046,0.0,0.0,0.0008949120044708252
1785289932.6268532,0.0,0.0,0.0009034240245819092
1785289932.6281497,0.0,0.0,0.0009270719885826111
1785289932.6294475,0.0,0.0,0.0009192000031471253
1785289932.6306918,0.0,0.0,0.0008942720293998719
1785289932.631975,0.0,0.0,0.0009307839870452881
1785289932.6339607,0.0,0.0,0.0009231359958648682
1785289932.635254,0.0,0.0,0.0009248639941215515
1785289932.6365194,0.0,0.0,0.0009106559753417969
1785289932.6377614,0.0,0.0,0.0008995519876480102
1785289932.6389983,0.0,0.0,0.0008895999789237976
1785289932.640271,0.0,0.0,0.000897599995136261
1785289932.6415105,0.0,0.0,0.0008916800022125244
1785289932.6427577,0.0,0.0,0.0009012799859046936
1785289932.6440358,0.0,0.0,0.0009315199851989746
1785289932.6452813,0.0,0.0,0.0008954560160636902
1785289932.6465247,0.0,0.0,0.0008985279798507691
1785289932.6478097,0.0,0.0,0.0009368000030517579
1785289932.6490877,0.0,0.0,0.0009136639833450317
1785289932.6503363,0.0,0.0,0.0009030079841613769
1785289932.6516116,0.0,0.0,0.0009291520118713379
1785289932.6528614,0.0,0.0,0.0008976320028305053
1785289932.654108,0.0,0.0,0.0008982719779014588
1785289932.6554208,0.0,0.0,0.0009631360173225403
1785289932.656681,0.0,0.0,0.0009109439849853515
1785289932.657935,0.0,0.0,0.0009097599983215332
1785289932.659234,0.0,0.0,0.0009183999896049499
1785289932.660501,0.0,0.0,0.000913919985294342
1785289932.6617727,0.0,0.0,0.0009190080165863037
1785289932.6630363,0.0,0.0,0.000913856029510498
1785289932.6643164,0.0,0.0,0.0009123200178146363
1785289932.6655831,0.0,0.0,0.0009147840142250061
1785289932.6668324,0.0,0.0,0.0008990079760551453
1785289932.6681168,0.0,0.0,0.0009070720076560974
1785289932.669374,0.0,0.0,0.0009095360040664673
1785289932.6706269,0.0,0.0,0.0009054399728775025
1785289932.671906,0.0,0.0,0.0009377920031547547
1785289932.6731791,0.0,0.0,0.0009139840006828308
1785289932.6744254,0.0,0.0,0.0008977599740028382
1785289932.675717,0.0,0.0,0.0009407359957695008
1785289932.676982,0.0,0.0,0.0009125760197639466
1785289932.6782336,0.0,0.0,0.0009055039882659912
1785289932.6795473,0.0,0.0,0.0009551680088043213
1785289932.6808348,0.0,0.0,0.0009266880154609681
1785289932.6821,0.0,0.0,0.0009120320081710816
1785289932.6833792,0.0,0.0,0.0009274880290031433
1785289932.684661,0.0,0.0,0.0009145280122756958
1785289932.6859164,0.0,0.0,0.0009027199745178223
1785289932.6872327,0.0,0.0,0.0009619519710540772
1785289932.689156,0.0,0.0,0.0009502720236778259
1785289932.6904263,0.0,0.0,0.0009082239866256713
1785289932.6917217,0.0,0.0,0.0009424960017204285
1785289932.6929734,0.0,0.0,0.0008989760279655457
1785289932.6942167,0.0,0.0,0.0008967360258102417
1785289932.6954987,0.0,0.0,0.0009333119988441468
1785289932.6967638,0.0,0.0,0.0009192000031471253
1785289932.6980302,0.0,0.0,0.0009118720293045044
1785289932.6993165,0.0,0.0,0.0009384959936141968
1785289932.700574,0.0,0.0,0.0009067519903182983
1785289932.7018256,0.0,0.0,0.0009026880264282227
1785289932.7030706,0.0,0.0,0.0008995839953422546
1785289932.704373,0.0,0.0,0.0009221119880676269
1785289932.7056253,0.0,0.0,0.0008994560241699219
1785289932.7068806,0.0,0.0,0.0009066879749298096
1785289932.7081609,0.0,0.0,0.0009021120071411133
1785289932.7094288,0.0,0.0,0.0009148160219192505
1785289932.7106848,0.0,0.0,0.0009076799750328064
1785289932.7119699,0.0,0.0,0.0009338560104370118
1785289932.7132409,0.0,0.0,0.0009116479754447938
1785289932.7145088,0.0,0.0,0.0009037119746208191
1785289932.7157936,0.0,0.0,0.0009353600144386291
1785289932.7170484,0.0,0.0,0.0009041280150413513
1785289932.7182918,0.0,0.0,0.0008960319757461548
1785289932.7195594,0.0,0.0,0.0009213119745254516
1785289932.7208295,0.0,0.0,0.0009148799777030944
1785289932.7220726,0.0,0.0,0.000900991976261139
1785289932.723352,0.0,0.0,0.0009371520280838013
1785289932.7246034,0.0,0.0,0.0009012479782104493
1785289932.7258546,0.0,0.0,0.000905023992061615
1785289932.7271323,0.0,0.0,0.0009032319784164429
1785289932.7283924,0.0,0.0,0.0009077759981155395
1785289932.729643,0.0,0.0,0.0009064319729804993
1785289932.7308996,0.0,0.0,0.0009097599983215332
1785289932.7321966,0.0,0.0,0.0009137920141220093
1785289932.7334437,0.0,0.0,0.000901087999343872
1785289932.734682,0.0,0.0,0.0008934400081634521
1785289932.7359622,0.0,0.0,0.0009340159893035889
1785289932.7372296,0.0,0.0,0.0009131519794464111
1785289932.738492,0.0,0.0,0.0009120000004768372
1785289932.73981,0.0,0.0,0.0009562559723854065
1785289932.7410734,0.0,0.0,0.000905023992061615
1785289932.7423341,0.0,0.0,0.0009051200151443482
1785289932.7443335,0.0,0.0,0.0016417920589447022
1785289932.7456038,0.0,0.0,0.0009036480188369751
1785289932.746858,0.0,0.0,0.0009011200070381164
1785289932.748146,0.0,0.0,0.0009179199934005737
1785289932.7493896,0.0,0.0,0.0008926399946212768
1785289932.7506452,0.0,0.0,0.000908735990524292
1785289932.7519195,0.0,0.0,0.0009309120178222656
1785289932.7531743,0.0,0.0,0.0009009280204772949
1785289932.754404,0.0,0.0,0.0008846079707145691
1785289932.7556875,0.0,0.0,0.00094268798828125
1785289932.7569463,0.0,0.0,0.0009117439985275268
1785289932.7581751,0.0,0.0,0.0008827520012855529
1785289932.759431,0.0,0.0,0.0009127039909362793
1785289932.7606905,0.0,0.0,0.0008924480080604553
1785289932.761947,0.0,0.0,0.0009086719751358033
1785289932.7632117,0.0,0.0,0.0009202880263328552
1785289932.7644665,0.0,0.0,0.000903872013092041
1785289932.7657144,0.0,0.0,0.0008981119990348816
1785289932.766958,0.0,0.0,0.0009048320055007935
1785289932.768265,0.0,0.0,0.0009360960125923156
1785289932.7695296,0.0,0.0,0.0009169279932975769
1785289932.7707813,0.0,0.0,0.0009067199826240539
1785289932.7720585,0.0,0.0,0.0009191359877586365
1785289932.7733078,0.0,0.0,0.0009039360284805298
1785289932.7745645,0.0,0.0,0.0009096000194549561
1785289932.7758474,0.0,0.0,0.000934719979763031
1785289932.7771032,0.0,0.0,0.0009078400135040283
1785289932.778347,0.0,0.0,0.0008913919925689697
1785289932.7796247,0.0,0.0,0.0009168639779090881
1785289932.7808838,0.0,0.0,0.0009082239866256713
1785289932.782121,0.0,0.0,0.0008929920196533203
1785289932.7833905,0.0,0.0,0.0009248639941215515
1785289932.7846477,0.0,0.0,0.0009059200286865235
1785289932.7859259,0.0,0.0,0.0009149119853973388
1785289932.7871933,0.0,0.0,0.0009180799722671508
1785289932.788445,0.0,0.0,0.0008989760279655457
1785289932.7897031,0.0,0.0,0.0009074559807777404
1785289932.7909606,0.0,0.0,0.0009081919789314271
1785289932.7922254,0.0,0.0,0.0008917760252952576
1785289932.793514,0.0,0.0,0.0009372159838676453
1785289932.7947893,0.0,0.0,0.0009172160029411316
1785289932.7960885,0.0,0.0,0.0009285759925842285
1785289932.7973583,0.0,0.0,0.0009191039800643921
1785289932.7992861,0.0,0.0,0.0015709760189056396
1785289932.80057,0.0,0.0,0.0009110080003738403
1785289932.8018265,0.0,0.0,0.0009001280069351196
1785289932.8030863,0.0,0.0,0.0009091839790344238
1785289932.8043807,0.0,0.0,0.0009183999896049499
1785289932.805622,0.0,0.0,0.0008942400217056275
1785289932.8068645,0.0,0.0,0.0008977919816970826
1785289932.8081484,0.0,0.0,0.0009162240028381348
1785289932.8093984,0.0,0.0,0.0009012799859046936
1785289932.8106716,0.0,0.0,0.0009316800236701965
1785289932.8119714,0.0,0.0,0.0009329919815063476
1785289932.8132195,0.0,0.0,0.0008872960209846497
1785289932.8144708,0.0,0.0,0.0009054719805717469
1785289932.8157725,0.0,0.0,0.0009551360011100769
1785289932.8170447,0.0,0.0,0.0009178239703178406
1785289932.8183131,0.0,0.0,0.0009243199825286865
1785289932.8195891,0.0,0.0,0.0009263039827346802
1785289932.82084,0.0,0.0,0.0009049919843673706
1785289932.822094,0.0,0.0,0.0009064319729804993
1785289932.8233707,0.0,0.0,0.0009318400025367737
1785289932.8246136,0.0,0.0,0.0008927040100097656
1785289932.8258588,0.0,0.0,0.0008966400027275085
1785289932.8271127,0.0,0.0,0.0008912000060081482
1785289932.8283713,0.0,0.0,0.0009045119881629943
1785289932.8296263,0.0,0.0,0.0009043520092964172
1785289932.830893,0.0,0.0,0.0009159359931945801
1785289932.8321762,0.0,0.0,0.0009103999733924866
1785289932.8334346,0.0,0.0,0.0009086719751358033
1785289932.8346846,0.0,0.0,0.000903872013092041
1785289932.835968,0.0,0.0,0.0009353280067443848
1785289932.8372161,0.0,0.0,0.0009008640050888061
1785289932.8384798,0.0,0.0,0.0009059200286865235
1785289932.8397486,0.0,0.0,0.0009208959937095642
1785289932.8410006,0.0,0.0,0.0009021440148353577
1785289932.8422499,0.0,0.0,0.0009036480188369751
1785289932.8435287,0.0,0.0,0.0009335039854049683
1785289932.844811,0.0,0.0,0.0009173439741134643
1785289932.8460565,0.0,0.0,0.0008967679738998413
1785289932.847342,0.0,0.0,0.0009308159947395325
1785289932.8486173,0.0,0.0,0.0009247679710388183
1785289932.849899,0.0,0.0,0.0009207680225372315
1785289932.8511653,0.0,0.0,0.0009172800183296204
1785289932.852425,0.0,0.0,0.000906495988368988
1785289932.8543627,0.0,0.0,0.0015768959522247314
1785289932.8556738,0.0,0.0,0.0009380159974098206
1785289932.8569171,0.0,0.0,0.0008942720293998719
1785289932.8581803,0.0,0.0,0.0009125440120697022
1785289932.8594444,0.0,0.0,0.0009182400107383728
1785289932.8606956,0.0,0.0,0.000900160014629364
1785289932.8619502,0.0,0.0,0.0009077119827270507
1785289932.8632073,0.0,0.0,0.0009127039909362793
1785289932.864446,0.0,0.0,0.0008924160003662109
1785289932.8656995,0.0,0.0,0.0009119359850883484
1785289932.866939,0.0,0.0,0.000888159990310669
1785289932.8682077,0.0,0.0,0.0008945919871330262
1785289932.8694503,0.0,0.0,0.0008944640159606934
1785289932.8706946,0.0,0.0,0.0008962560296058655
1785289932.8719635,0.0,0.0,0.0009200000166893006
1785289932.87321,0.0,0.0,0.0009012479782104493
1785289932.8744674,0.0,0.0,0.0009088320136070252
1785289932.8757627,0.0,0.0,0.000947327971458435
1785289932.8770337,0.0,0.0,0.0009055359959602356
1785289932.8782837,0.0,0.0,0.0008985919952392578
1785289932.8795671,0.0,0.0,0.0009321920275688171
1785289932.880827,0.0,0.0,0.0009115520119667053
1785289932.882075,0.0,0.0,0.0009020159840583801
1785289932.8833477,0.0,0.0,0.0009290559887886047
1785289932.8845966,0.0,0.0,0.0008973119854927063
1785289932.8858352,0.0,0.0,0.0008935679793357849
1785289932.8870769,0.0,0.0,0.000897279977798462
1785289932.8883417,0.0,0.0,0.000900223970413208
1785289932.8895965,0.0,0.0,0.0008986560106277466
1785289932.890865,0.0,0.0,0.0009098880290985108
1785289932.8921413,0.0,0.0,0.0009128000140190125
1785289932.8933792,0.0,0.0,0.0008895679712295532
1785289932.8946266,0.0,0.0,0.0009040960073471069
1785289932.8959033,0.0,0.0,0.0009303039908409119
1785289932.897159,0.0,0.0,0.0009071040153503418
1785289932.8984222,0.0,0.0,0.0009136639833450317
1785289932.899702,0.0,0.0,0.0009325760006904602
1785289932.9009635,0.0,0.0,0.000908735990524292
1785289932.9022205,0.0,0.0,0.0009094719886779785
1785289932.903554,0.0,0.0,0.0009403839707374573
1785289932.9048376,0.0,0.0,0.0009190400242805481
1785289932.9061048,0.0,0.0,0.0009128959774971008
1785289932.907397,0.0,0.0,0.0009418560266494751
1785289932.9093664,0.0,0.0,0.0016141120195388794
1785289932.910652,0.0,0.0,0.0009113280177116394
1785289932.9119394,0.0,0.0,0.0009341120123863221
1785289932.9131982,0.0,0.0,0.0009062079787254334
1785289932.914447,0.0,0.0,0.0008968639969825744
1785289932.9157367,0.0,0.0,0.0009425920248031616
1785289932.9170294,0.0,0.0,0.0009210559725761413
1785289932.9183252,0.0,0.0,0.0009152320027351379
1785289932.9196355,0.0,0.0,0.0009372479915618897
1785289932.9208863,0.0,0.0,0.0008969280123710632
1785289932.9221385,0.0,0.0,0.0009027199745178223
1785289932.923434,0.0,0.0,0.0009409919977188111
1785289932.9247007,0.0,0.0,0.0009125440120697022
1785289932.9259574,0.0,0.0,0.0009083200097084045
1785289932.927238,0.0,0.0,0.0009312639832496643
1785289932.9285045,0.0,0.0,0.0009147520065307617
1785289932.9297562,0.0,0.0,0.000900767982006073
1785289932.9310107,0.0,0.0,0.0009064319729804993
1785289932.9322932,0.0,0.0,0.0009036160111427307
1785289932.9335306,0.0,0.0,0.0008937280178070068
1785289932.9347842,0.0,0.0,0.0008988159894943237
1785289932.936059,0.0,0.0,0.00090665602684021
1785289932.9373238,0.0,0.0,0.0009139840006828308
1785289932.9385743,0.0,0.0,0.0009021440148353577
1785289932.939849,0.0,0.0,0.0009276800155639649
1785289932.9411082,0.0,0.0,0.000907584011554718
1785289932.9423785,0.0,0.0,0.0009060479998588562
1785289932.9436707,0.0,0.0,0.000945472002029419
1785289932.9449255,0.0,0.0,0.0009090560078620911
1785289932.9461908,0.0,0.0,0.0009019520282745362
1785289932.9474702,0.0,0.0,0.0009320319890975952
1785289932.9487338,0.0,0.0,0.0009121919870376587
1785289932.949994,0.0,0.0,0.0009116479754447938
1785289932.9512744,0.0,0.0,0.0009342399835586548
1785289932.9525225,0.0,0.0,0.0008972160220146179
1785289932.9537642,0.0,0.0,0.0008965759873390198
1785289932.9550192,0.0,0.0,0.0009034879803657532
1785289932.9563174,0.0,0.0,0.0009202240109443665
1785289932.9575694,0.0,0.0,0.0009001280069351196
1785289932.9588149,0.0,0.0,0.0008982399702072144
1785289932.9601173,0.0,0.0,0.0009142079949378967
1785289932.9613981,0.0,0.0,0.000922752022743225
1785289932.962671,0.0,0.0,0.0009206079840660095
1785289932.964572,0.0,0.0,0.0015439039468765259
1785289932.9658566,0.0,0.0,0.0009117439985275268
1785289932.9671202,0.0,0.0,0.0008918399810791016
1785289932.9683712,0.0,0.0,0.000895359992980957
1785289932.969611,0.0,0.0,0.0008935679793357849
1785289932.9708602,0.0,0.0,0.0009014719724655152
1785289932.972118,0.0,0.0,0.0008905599713325501
1785289932.9733675,0.0,0.0,0.000902783989906311
1785289932.9746146,0.0,0.0,0.0008985279798507691
1785289932.9759235,0.0,0.0,0.0009392319917678833
1785289932.9771883,0.0,0.0,0.0009139840006828308
1785289932.978447,0.0,0.0,0.0009103360176086426
1785289932.9797354,0.0,0.0,0.0009366400241851806
1785289932.980994,0.0,0.0,0.000908896028995514
1785289932.9822528,0.0,0.0,0.0009097279906272888
1785289932.9835486,0.0,0.0,0.0009483199715614319
1785289932.9848306,0.0,0.0,0.0009260799884796143
1785289932.9860926,0.0,0.0,0.000915615975856781
1785289932.9873812,0.0,0.0,0.0009422399997711182
1785289932.9886322,0.0,0.0,0.0009010239839553834
1785289932.9898703,0.0,0.0,0.0008937919735908509
1785289932.9911437,0.0,0.0,0.0009248319864273071
1785289932.9923947,0.0,0.0,0.0008995199799537659
1785289932.9936357,0.0,0.0,0.0008963519930839538
1785289932.9948816,0.0,0.0,0.0008952640295028687
1785289932.9961894,0.0,0.0,0.0009256319999694824
1785289932.9974532,0.0,0.0,0.0009091519713401795
1785289932.998701,0.0,0.0,0.000898688018321991
1785289933.0000038,0.0,0.0,0.0009386240243911743
1785289933.0012636,0.0,0.0,0.0009028159976005554
1785289933.0025122,0.0,0.0,0.0009008319973945617
1785289933.0038035,0.0,0.0,0.0009439039826393128
1785289933.005056,0.0,0.0,0.000901311993598938
1785289933.0063047,0.0,0.0,0.0009036160111427307
1785289933.0075967,0.0,0.0,0.0009265919923782349
1785289933.0088444,0.0,0.0,0.0008973439931869506
1785289933.0100899,0.0,0.0,0.0009010239839553834
1785289933.0113568,0.0,0.0,0.0009208319783210754
1785289933.0126092,0.0,0.0,0.0009053760170936585
1785289933.0138624,0.0,0.0,0.0009031040072441101
1785289933.0151434,0.0,0.0,0.0009265279769897461
1785289933.0164158,0.0,0.0,0.0009111359715461731
1785289933.0176802,0.0,0.0,0.0009118720293045044
1785289933.0196116,0.0,0.0,0.0008961920142173767
1785289933.0209131,0.0,0.0,0.0009113280177116394
1785289933.022179,0.0,0.0,0.0009117760062217712
1785289933.0234761,0.0,0.0,0.000946399986743927
1785289933.0247304,0.0,0.0,0.0009058560132980347
1785289933.025971,0.0,0.0,0.0008945599794387818
1785289933.0272636,0.0,0.0,0.0009330559968948364
1785289933.028527,0.0,0.0,0.000901311993598938
1785289933.0297923,0.0,0.0,0.0009181439876556396
1785289933.0310302,0.0,0.0,0.0008922560214996338
1785289933.0322962,0.0,0.0,0.0008935679793357849
1785289933.0335383,0.0,0.0,0.0008998720049858093
1785289933.0347922,0.0,0.0,0.000906112015247345
1785289933.0360484,0.0,0.0,0.0008880959749221802
1785289933.0372944,0.0,0.0,0.000895904004573822
1785289933.0385485,0.0,0.0,0.0009086080193519593
1785289933.0398424,0.0,0.0,0.0009324480295181274
1785289933.0411,0.0,0.0,0.0009008640050888061
1785289933.042359,0.0,0.0,0.0009094079732894898
1785289933.0436344,0.0,0.0,0.0009241920113563538
1785289933.0448685,0.0,0.0,0.0008799039721488953
1785289933.04611,0.0,0.0,0.000891871988773346
1785289933.0473967,0.0,0.0,0.0009370880126953124
1785289933.048649,0.0,0.0,0.0009008960127830505
1785289933.0498924,0.0,0.0,0.0008977919816970826
1785289933.0511591,0.0,0.0,0.0009192000031471253
1785289933.0524137,0.0,0.0,0.0008893439769744873
1785289933.0536747,0.0,0.0,0.0009127039909362793
1785289933.0549035,0.0,0.0,0.0008791040182113647
1785289933.0561676,0.0,0.0,0.0009038079977035522
1785289933.0574188,0.0,0.0,0.0008973439931869506
1785289933.0586698,0.0,0.0,0.0008985279798507691
1785289933.0599444,0.0,0.0,0.0009247360229492187
1785289933.0611975,0.0,0.0,0.0009010559916496276
1785289933.0624409,0.0,0.0,0.0008976320028305053
1785289933.0636966,0.0,0.0,0.0009154239892959595
1785289933.064943,0.0,0.0,0.0008987200260162354
1785289933.0661724,0.0,0.0,0.0008865919709205627
1785289933.0674467,0.0,0.0,0.0009255679845809936
1785289933.0686858,0.0,0.0,0.0008909119963645935
1785289933.0699399,0.0,0.0,0.0009042879939079284
1785289933.0712278,0.0,0.0,0.0009300159811973572
1785289933.072511,0.0,0.0,0.000913536012172699
1785289933.0737498,0.0,0.0,0.000894976019859314
1785289933.075728,0.0,0.0,0.001623296022415161
1785289933.0770123,0.0,0.0,0.0009104319810867309
1785289933.0782568,0.0,0.0,0.0008961600065231323
1785289933.079548,0.0,0.0,0.000945855975151062
1785289933.0808022,0.0,0.0,0.000897055983543396
1785289933.0820618,0.0,0.0,0.0009056320190429688
1785289933.083356,0.0,0.0,0.0009429119825363159
1785289933.0846076,0.0,0.0,0.0008976960182189941
1785289933.0858629,0.0,0.0,0.0009104639887809753
1785289933.0871458,0.0,0.0,0.0009303359985351563
1785289933.088402,0.0,0.0,0.0009041919708251953
1785289933.089664,0.0,0.0,0.0009117439985275268
1785289933.0909123,0.0,0.0,0.0009052479863166809
1785289933.092199,0.0,0.0,0.0009116479754447938
1785289933.0934575,0.0,0.0,0.0009109439849853515
1785289933.0947073,0.0,0.0,0.0009033600091934204
1785289933.0959797,0.0,0.0,0.0009252799749374389
1785289933.097237,0.0,0.0,0.0009060159921646118
1785289933.0984786,0.0,0.0,0.0008913919925689697
1785289933.0997517,0.0,0.0,0.0009251520037651062
1785289933.1010008,0.0,0.0,0.0008976320028305053
1785289933.1022394,0.0,0.0,0.0008917760252952576
1785289933.1035197,0.0,0.0,0.0009335359930992127
1785289933.104794,0.0,0.0,0.0009059200286865235
1785289933.1060607,0.0,0.0,0.0009065279960632324
1785289933.1073442,0.0,0.0,0.0009355520009994507
1785289933.1085963,0.0,0.0,0.0009010559916496276
1785289933.1098568,0.0,0.0,0.0009142720103263855
1785289933.1111152,0.0,0.0,0.0008912960290908814
1785289933.1123672,0.0,0.0,0.0009006400108337402
1785289933.113612,0.0,0.0,0.0008983359932899475
1785289933.114871,0.0,0.0,0.0009048320055007935
1785289933.1161482,0.0,0.0,0.000908415973186493
1785289933.1173985,0.0,0.0,0.0009027519822120667
1785289933.1186385,0.0,0.0,0.0008988800048828125
1785289933.1199188,0.0,0.0,0.000934656023979187
1785289933.1211765,0.0,0.0,0.0009089279770851136
1785289933.1224282,0.0,0.0,0.0009017279744148255
1785289933.1237142,0.0,0.0,0.00093094402551651
1785289933.1249726,0.0,0.0,0.0009015679955482483
1785289933.126237,0.0,0.0,0.0009034559726715088
1785289933.1275268,0.0,0.0,0.000936191976070404
1785289933.128783,0.0,0.0,0.000899616003036499
1785289933.1307573,0.0,0.0,0.0016240320205688477
1785289933.132065,0.0,0.0,0.0009199039936065674
1785289933.133322,0.0,0.0,0.0009029120206832886
1785289933.134567,0.0,0.0,0.0008957759737968445
1785289933.1358407,0.0,0.0,0.0009243839979171753
1785289933.1370943,0.0,0.0,0.0009000319838523865
1785289933.1383379,0.0,0.0,0.0008943359851837159
1785289933.139613,0.0,0.0,0.0009194560050964356
1785289933.140868,0.0,0.0,0.0009020799994468689
1785289933.1421163,0.0,0.0,0.0009006080031394958
1785289933.1433852,0.0,0.0,0.0009166399836540222
1785289933.144647,0.0,0.0,0.0009051839709281922
1785289933.1459167,0.0,0.0,0.0009181439876556396
1785289933.1471982,0.0,0.0,0.0009304320216178894
1785289933.1484616,0.0,0.0,0.0009087679982185364
1785289933.149719,0.0,0.0,0.0009095039963722229
1785289933.1509924,0.0,0.0,0.0008993920087814331
1785289933.1522784,0.0,0.0,0.0009121599793434143
1785289933.1535454,0.0,0.0,0.0009176639914512634
1785289933.1547952,0.0,0.0,0.0009022079706192017
1785289933.1560853,0.0,0.0,0.0009234240055084229
1785289933.1573455,0.0,0.0,0.0009077119827270507
1785289933.158631,0.0,0.0,0.000916159987449646
1785289933.1599205,0.0,0.0,0.0009429119825363159
1785289933.1611755,0.0,0.0,0.0009063040018081665
1785289933.162417,0.0,0.0,0.0008940799832344056
1785289933.1636965,0.0,0.0,0.0009305920004844666
1785289933.1649902,0.0,0.0,0.0009183040261268615
1785289933.1662366,0.0,0.0,0.000895904004573822
1785289933.167516,0.0,0.0,0.0009277759790420532
1785289933.1687603,0.0,0.0,0.0008993600010871887
1785289933.1700306,0.0,0.0,0.0009071999788284302
1785289933.1712973,0.0,0.0,0.0009180480241775513
1785289933.172552,0.0,0.0,0.0009021120071411133
1785289933.173802,0.0,0.0,0.0009003199934959411
1785289933.175043,0.0,0.0,0.0008938879966735839
1785289933.176315,0.0,0.0,0.000896992027759552
1785289933.1775508,0.0,0.0,0.0008877440094947815
1785289933.1787848,0.0,0.0,0.0008875839710235596
1785289933.1800604,0.0,0.0,0.0009065279960632324
1785289933.181325,0.0,0.0,0.0009043520092964172
1785289933.1825871,0.0,0.0,0.0009078400135040283
1785289933.183894,0.0,0.0,0.000938368022441864
1785289933.1859024,0.0,0.0,0.0016502079963684082
1785289933.1872084,0.0,0.0,0.0009286720156669617
1785289933.1884685,0.0,0.0,0.000906175971031189
1785289933.1897118,0.0,0.0,0.0008917760252952576
1785289933.190964,0.0,0.0,0.0009010559916496276
1785289933.1922348,0.0,0.0,0.0008985919952392578
1785289933.1934893,0.0,0.0,0.0009022079706192017
1785289933.1947265,0.0,0.0,0.0008910400271415711
1785289933.1959982,0.0,0.0,0.0009279360175132752
1785289933.1972594,0.0,0.0,0.0009089599847793579
1785289933.1985214,0.0,0.0,0.0009083840250968933
1785289933.199792,0.0,0.0,0.0009230080246925354
1785289933.2010589,0.0,0.0,0.0009123520255088807
1785289933.2023082,0.0,0.0,0.0009039040207862854
1785289933.203586,0.0,0.0,0.0009164800047874451
1785289933.2048292,0.0,0.0,0.0008925120234489441
1785289933.2060728,0.0,0.0,0.0008964800238609314
1785289933.2073452,0.0,0.0,0.0009195839762687683
1785289933.2085905,0.0,0.0,0.0008934080004692077
1785289933.2098253,0.0,0.0,0.0008909440040588379
1785289933.2111092,0.0,0.0,0.0009023360013961792
1785289933.212375,0.0,0.0,0.0009073600172996521
1785289933.2136345,0.0,0.0,0.0009077759981155395
1785289933.2148666,0.0,0.0,0.0008851519823074341
1785289933.2161534,0.0,0.0,0.000921280026435852
1785289933.2174191,0.0,0.0,0.0009125120043754578
1785289933.2186823,0.0,0.0,0.0009137920141220093
1785289933.219946,0.0,0.0,0.000916159987449646
1785289933.2211905,0.0,0.0,0.0008998720049858093
1785289933.2224312,0.0,0.0,0.0008952320218086243
1785289933.2237008,0.0,0.0,0.0009219520092010498
1785289933.224949,0.0,0.0,0.0009039679765701294
1785289933.2261944,0.0,0.0,0.0009035519957542419
1785289933.227461,0.0,0.0,0.0009223039746284484
1785289933.2287083,0.0,0.0,0.0008937919735908509
1785289933.2299545,0.0,0.0,0.0009017919898033142
1785289933.2312305,0.0,0.0,0.0009313920140266419
1785289933.2324924,0.0,0.0,0.0009133440256118775
1785289933.2337394,0.0,0.0,0.0008970239758491516
1785289933.234981,0.0,0.0,0.0008964160084724426
1785289933.2362914,0.0,0.0,0.0009170879721641541
1785289933.237576,0.0,0.0,0.0009151999950408935
1785289933.238821,0.0,0.0,0.0008911039829254151
1785289933.2407475,0.0,0.0,0.0015485759973526002
1785289933.2420256,0.0,0.0,0.0009054399728775025
1785289933.2432961,0.0,0.0,0.0009174720048904419
1785289933.2445552,0.0,0.0,0.0009033600091934204
1785289933.2458012,0.0,0.0,0.0008969600200653076
1785289933.2470329,0.0,0.0,0.0008848959803581238
1785289933.2483227,0.0,0.0,0.0009160320162773133
1785289933.2495744,0.0,0.0,0.0009027199745178223
1785289933.2508242,0.0,0.0,0.0009006400108337402
1785289933.2521124,0.0,0.0,0.0009154559969902039
1785289933.2533684,0.0,0.0,0.0009043520092964172
1785289933.2546375,0.0,0.0,0.0009234880208969117
1785289933.2559137,0.0,0.0,0.0009280959963798523
1785289933.2571733,0.0,0.0,0.0009054719805717469
1785289933.2584329,0.0,0.0,0.0009097279906272888
1785289933.259709,0.0,0.0,0.0009296640157699585
1785289933.2609742,0.0,0.0,0.0009130880236625672
1785289933.2622254,0.0,0.0,0.000906495988368988
1785289933.2635176,0.0,0.0,0.0009450560212135315
1785289933.2648144,0.0,0.0,0.0009218239784240722
1785289933.266059,0.0,0.0,0.0008982719779014588
1785289933.2673447,0.0,0.0,0.0009391999840736389
1785289933.268611,0.0,0.0,0.0009126399755477906
1785289933.2698665,0.0,0.0,0.0009039679765701294
1785289933.2711227,0.0,0.0,0.0008829759955406189
1785289933.272403,0.0,0.0,0.000923039972782135
1785289933.273659,0.0,0.0,0.000906495988368988
1785289933.2749195,0.0,0.0,0.000912064015865326
1785289933.276173,0.0,0.0,0.000889952003955841
1785289933.2774231,0.0,0.0,0.0008967999815940857
1785289933.2786784,0.0,0.0,0.0009022079706192017
1785289933.2799635,0.0,0.0,0.0009320319890975952
1785289933.2812104,0.0,0.0,0.0008963199853897095
1785289933.282458,0.0,0.0,0.0009016320109367371
1785289933.2837396,0.0,0.0,0.0009349439740180969
1785289933.2849896,0.0,0.0,0.0008982080221176148
1785289933.286253,0.0,0.0,0.0009172800183296204
1785289933.287517,0.0,0.0,0.0009230719804763794
1785289933.2887647,0.0,0.0,0.0008978559970855713
1785289933.2900257,0.0,0.0,0.000913919985294342
1785289933.291335,0.0,0.0,0.0009558719992637634
1785289933.2926075,0.0,0.0,0.0009152320027351379
1785289933.2938662,0.0,0.0,0.0009099199771881104
1785289933.2958307,0.0,0.0,0.0016171200275421143
1785289933.2971463,0.0,0.0,0.0009386879801750183
1785289933.2984118,0.0,0.0,0.0009095680117607117
1785289933.299682,0.0,0.0,0.0009220799803733825
1785289933.3009496,0.0,0.0,0.0009086719751358033
1785289933.3022068,0.0,0.0,0.0009102720022201538
1785289933.3034744,0.0,0.0,0.0009197120070457459
1785289933.3047318,0.0,0.0,0.0009072319865226745
1785289933.3059788,0.0,0.0,0.0008988159894943237
1785289933.3072605,0.0,0.0,0.0009306880235671997
1785289933.3085248,0.0,0.0,0.0009113600254058838
1785289933.3097808,0.0,0.0,0.0009113919734954834
1785289933.311046,0.0,0.0,0.0009168319702148438
1785289933.31234,0.0,0.0,0.0009219520092010498
1785289933.3136058,0.0,0.0,0.0009150400161743164
1785289933.3148615,0.0,0.0,0.0009073920249938965
1785289933.316139,0.0,0.0,0.0009117439985275268
1785289933.3174038,0.0,0.0,0.0009142079949378967
1785289933.3186517,0.0,0.0,0.0009012799859046936
1785289933.3199131,0.0,0.0,0.0009205759763717651
1785289933.3211744,0.0,0.0,0.000910207986831665
1785289933.3224206,0.0,0.0,0.0008977919816970826
1785289933.3236957,0.0,0.0,0.0009255679845809936
1785289933.324953,0.0,0.0,0.0009048640131950379
1785289933.326215,0.0,0.0,0.0009072639942169189
1785289933.3275018,0.0,0.0,0.000938975989818573
1785289933.3287544,0.0,0.0,0.0009039360284805298
1785289933.330004,0.0,0.0,0.0009080640077590942
1785289933.3312638,0.0,0.0,0.000912992000579834
1785289933.332536,0.0,0.0,0.0009219840168952942
1785289933.333806,0.0,0.0,0.0009014400243759156
1785289933.335088,0.0,0.0,0.0009244480133056641
1785289933.336371,0.0,0.0,0.0009069120287895203
1785289933.3376355,0.0,0.0,0.0009151999950408935
1785289933.338872,0.0,0.0,0.0008888639807701111
1785289933.34016,0.0,0.0,0.0009166399836540222
1785289933.3414328,0.0,0.0,0.0009188799858093261
1785289933.342723,0.0,0.0,0.0009244480133056641
1785289933.3439915,0.0,0.0,0.0009190400242805481
1785289933.3452394,0.0,0.0,0.0008951359987258911
1785289933.3465068,0.0,0.0,0.0009136000275611878
1785289933.3477895,0.0,0.0,0.0009277120232582092
1785289933.349045,0.0,0.0,0.0009049599766731263
1785289933.3509867,0.0,0.0,0.0009130240082740784
1785289933.3523364,0.0,0.0,0.0009366080164909362
1785289933.3536067,0.0,0.0,0.0009143040180206299
1785289933.3548744,0.0,0.0,0.0009195839762687683
1785289933.3561742,0.0,0.0,0.0009258239865303039
1785289933.3574448,0.0,0.0,0.0009165760278701782
1785289933.3587189,0.0,0.0,0.0009247679710388183
1785289933.3599966,0.0,0.0,0.0009313920140266419
1785289933.3612406,0.0,0.0,0.0008958719968795776
1785289933.3624938,0.0,0.0,0.0009033600091934204
1785289933.3637743,0.0,0.0,0.0009365440011024475
1785289933.3650208,0.0,0.0,0.000895904004573822
1785289933.3662755,0.0,0.0,0.0009041280150413513
1785289933.3675907,0.0,0.0,0.0009484800100326538
1785289933.36886,0.0,0.0,0.0009124159812927246
1785289933.3701186,0.0,0.0,0.0009073600172996521
1785289933.3713984,0.0,0.0,0.000932096004486084
1785289933.372657,0.0,0.0,0.0009048640131950379
1785289933.373904,0.0,0.0,0.000901311993598938
1785289933.3751795,0.0,0.0,0.0009301440119743348
1785289933.3764253,0.0,0.0,0.0008973119854927063
1785289933.3776789,0.0,0.0,0.0008994879722595215
1785289933.3789165,0.0,0.0,0.0008882240056991577
1785289933.3802106,0.0,0.0,0.0009188479781150817
1785289933.381484,0.0,0.0,0.000921280026435852
1785289933.382736,0.0,0.0,0.0009035840034484863
1785289933.384048,0.0,0.0,0.0009500799775123596
1785289933.385319,0.0,0.0,0.0009098880290985108
1785289933.3865736,0.0,0.0,0.0009056640267372132
1785289933.3878522,0.0,0.0,0.0009265599846839905
1785289933.3891134,0.0,0.0,0.0009096959829330444
1785289933.3903663,0.0,0.0,0.0009045439958572387
1785289933.3916345,0.0,0.0,0.0009172800183296204
1785289933.3928823,0.0,0.0,0.0008980479836463929
1785289933.3941305,0.0,0.0,0.0008976960182189941
1785289933.395405,0.0,0.0,0.000926912009716034
1785289933.3966608,0.0,0.0,0.0009045119881629943
1785289933.3979244,0.0,0.0,0.000914463996887207
1785289933.3992076,0.0,0.0,0.0009314560294151306
1785289933.4004498,0.0,0.0,0.0008857600092887878
1785289933.40171,0.0,0.0,0.0009069120287895203
1785289933.4029794,0.0,0.0,0.0009136000275611878
1785289933.404293,0.0,0.0,0.000936191976070404
1785289933.4062426,0.0,0.0,0.0009327359795570373
1785289933.4075933,0.0,0.0,0.0009596800208091736
1785289933.4088607,0.0,0.0,0.0009088320136070252
1785289933.4101038,0.0,0.0,0.0008946560025215149
1785289933.411366,0.0,0.0,0.0009155840277671813
1785289933.4126225,0.0,0.0,0.0009068160057067871
1785289933.4138658,0.0,0.0,0.0008990079760551453
1785289933.4151213,0.0,0.0,0.0008869439959526061
1785289933.4163814,0.0,0.0,0.0009062719941139221
1785289933.4176486,0.0,0.0,0.00091948801279068
1785289933.4188974,0.0,0.0,0.000904799997806549
1785289933.4201698,0.0,0.0,0.0008942720293998719
1785289933.4214306,0.0,0.0,0.0009106879830360412
1785289933.422696,0.0,0.0,0.0009205120205879212
1785289933.423976,0.0,0.0,0.0009277759790420532
1785289933.4252603,0.0,0.0,0.0009170879721641541
1785289933.4265306,0.0,0.0,0.0009201279878616333
1785289933.4278262,0.0,0.0,0.0009467840194702148
1785289933.4290783,0.0,0.0,0.0009051200151443482
1785289933.4303315,0.0,0.0,0.0009073920249938965
1785289933.4316027,0.0,0.0,0.0009174720048904419
1785289933.432848,0.0,0.0,0.0008930879831314087
1785289933.4341028,0.0,0.0,0.0009028480052947998
1785289933.4353619,0.0,0.0,0.0009125760197639466
1785289933.4366252,0.0,0.0,0.000912447988986969
1785289933.4378784,0.0,0.0,0.0009037439823150635
1785289933.4391682,0.0,0.0,0.0009377599954605103
1785289933.440416,0.0,0.0,0.0008933759927749633
1785289933.4416633,0.0,0.0,0.0008999040126800537
1785289933.4429615,0.0,0.0,0.0009037759900093078
1785289933.4442503,0.0,0.0,0.0009137600064277649
1785289933.4454987,0.0,0.0,0.0008996480107307434
1785289933.446749,0.0,0.0,0.0009022079706192017
1785289933.4480238,0.0,0.0,0.00092876797914505
1785289933.449273,0.0,0.0,0.0008992319703102112
1785289933.4505267,0.0,0.0,0.0008982080221176148
1785289933.4518144,0.0,0.0,0.000939520001411438
1785289933.4530752,0.0,0.0,0.0009093440175056458
1785289933.4543276,0.0,0.0,0.0008992639780044556
1785289933.4556036,0.0,0.0,0.0009262400269508361
1785289933.4568884,0.0,0.0,0.0009142079949378967
1785289933.4581518,0.0,0.0,0.0009032959938049316
1785289933.4594352,0.0,0.0,0.0009307839870452881
1785289933.4607072,0.0,0.0,0.000915391981601715
1785289933.4626784,0.0,0.0,0.0009206079840660095
1785289933.463973,0.0,0.0,0.0009389119744300842
1785289933.4652665,0.0,0.0,0.0009141119718551636
1785289933.466534,0.0,0.0,0.0009160959720611573
1785289933.4678183,0.0,0.0,0.000938975989818573
1785289933.4690714,0.0,0.0,0.0008997759819030762
1785289933.4703207,0.0,0.0,0.0009044479727745057
1785289933.4716003,0.0,0.0,0.0009294400215148925
1785289933.4728432,0.0,0.0,0.000894208014011383
1785289933.4741127,0.0,0.0,0.0009060159921646118
1785289933.4754138,0.0,0.0,0.0009470400214195251
1785289933.4766617,0.0,0.0,0.0008975039720535279
1785289933.4779208,0.0,0.0,0.0009059839844703674
1785289933.4791954,0.0,0.0,0.0009274560213088989
1785289933.4804516,0.0,0.0,0.0009077439904212951
1785289933.4817078,0.0,0.0,0.0009078080058097839
1785289933.4829617,0.0,0.0,0.0009103040099143982
1785289933.4842458,0.0,0.0,0.0009098880290985108
1785289933.4855173,0.0,0.0,0.0009182400107383728
1785289933.4867597,0.0,0.0,0.0008927680253982544
1785289933.488047,0.0,0.0,0.0009389119744300842
1785289933.4893105,0.0,0.0,0.0009132480025291443
1785289933.4905639,0.0,0.0,0.0009004160165786743
1785289933.4918585,0.0,0.0,0.0009497920274734497
1785289933.4931328,0.0,0.0,0.000917568027973175
1785289933.4943886,0.0,0.0,0.0009079359769821167
1785289933.495664,0.0,0.0,0.0009297599792480469
1785289933.496935,0.0,0.0,0.0009183040261268615
1785289933.4982185,0.0,0.0,0.0009172800183296204
1785289933.4994955,0.0,0.0,0.0009285119771957397
1785289933.500774,0.0,0.0,0.0009163519740104675
1785289933.5020397,0.0,0.0,0.0009111040234565735
1785289933.5033176,0.0,0.0,0.0009299839735031128
1785289933.5045872,0.0,0.0,0.0009041600227355957
1785289933.505825,0.0,0.0,0.0008934080004692077
1785289933.5071146,0.0,0.0,0.0009272000193595886
1785289933.5083625,0.0,0.0,0.0008915519714355469
1785289933.509621,0.0,0.0,0.0009058560132980347
1785289933.510892,0.0,0.0,0.0009197760224342347
1785289933.5121987,0.0,0.0,0.0009264320135116578
1785289933.5134802,0.0,0.0,0.000919871985912323
1785289933.5147483,0.0,0.0,0.0009120000004768372
1785289933.516035,0.0,0.0,0.0009366080164909362
1785289933.5180209,0.0,0.0,0.0009464640021324158
1785289933.5193126,0.0,0.0,0.0009297279715538025
1785289933.5205686,0.0,0.0,0.000900704026222229
1785289933.5218084,0.0,0.0,0.0008882880210876465
1785289933.5230536,0.0,0.0,0.0008960639834403992
1785289933.5243309,0.0,0.0,0.0009060479998588562
1785289933.525581,0.0,0.0,0.0008991039991378784
1785289933.526815,0.0,0.0,0.0008870400190353393
1785289933.528081,0.0,0.0,0.0008984959721565247
1785289933.529332,0.0,0.0,0.0008977280259132385
1785289933.5305831,0.0,0.0,0.0009042879939079284
1785289933.5318766,0.0,0.0,0.0009474560022354127
1785289933.5331278,0.0,0.0,0.0009051200151443482
1785289933.5343878,0.0,0.0,0.000911296010017395
1785289933.53566,0.0,0.0,0.0009268479943275452
1785289933.5369143,0.0,0.0,0.0009024959802627564
1785289933.5381744,0.0,0.0,0.0009114879965782165
1785289933.5394437,0.0,0.0,0.0009236479997634888
1785289933.5407014,0.0,0.0,0.000908352017402649
1785289933.5419586,0.0,0.0,0.0009073600172996521
1785289933.5432293,0.0,0.0,0.0009234560132026673
1785289933.544511,0.0,0.0,0.0009257919788360595
1785289933.5457783,0.0,0.0,0.0009041600227355957
1785289933.5470362,0.0,0.0,0.0009063680171966553
1785289933.5483348,0.0,0.0,0.000923200011253357
1785289933.549591,0.0,0.0,0.000906112015247345
1785289933.5508347,0.0,0.0,0.0008932160139083862
1785289933.5521004,0.0,0.0,0.0008954880237579346
1785289933.553345,0.0,0.0,0.0008958719968795776
1785289933.5545876,0.0,0.0,0.0008951680064201355
1785289933.5559087,0.0,0.0,0.0009524160027503967
1785289933.557179,0.0,0.0,0.0009121919870376587
1785289933.5584419,0.0,0.0,0.0009108160138130188
1785289933.5597296,0.0,0.0,0.0009364479780197143
1785289933.5609882,0.0,0.0,0.0009064639806747436
1785289933.5622528,0.0,0.0,0.0008975359797477723
1785289933.5635154,0.0,0.0,0.000913536012172699
1785289933.5647488,0.0,0.0,0.0008866239786148071
1785289933.565985,0.0,0.0,0.0008920000195503235
1785289933.5672705,0.0,0.0,0.0009337599873542786
1785289933.568557,0.0,0.0,0.0009160320162773133
1785289933.5698216,0.0,0.0,0.0009132159948348999
1785289933.571075,0.0,0.0,0.000901087999343872
1785289933.5739965,0.0,0.0,0.0009930239915847778
1785289933.5753324,0.0,0.0,0.0009470080137252807
1785289933.5766103,0.0,0.0,0.0009100160002708435
1785289933.5779023,0.0,0.0,0.0009345279932022095
1785289933.579198,0.0,0.0,0.0009369279742240906
1785289933.580462,0.0,0.0,0.0009080320000648498
1785289933.5817194,0.0,0.0,0.0009001920223236084
1785289933.5829885,0.0,0.0,0.0009161919951438904
1785289933.584282,0.0,0.0,0.0009174720048904419
1785289933.5855484,0.0,0.0,0.00090665602684021
1785289933.5868027,0.0,0.0,0.0009027519822120667
1785289933.588117,0.0,0.0,0.0009245439767837524
1785289933.5893846,0.0,0.0,0.0009120000004768372
1785289933.5906365,0.0,0.0,0.000901311993598938
1785289933.5919516,0.0,0.0,0.0009600639939308166
1785289933.5932045,0.0,0.0,0.000896992027759552
1785289933.5944812,0.0,0.0,0.0009185280203819275
1785289933.5957646,0.0,0.0,0.0009333440065383912
1785289933.5970576,0.0,0.0,0.000915776014328003
1785289933.5983255,0.0,0.0,0.0009142400026321411
1785289933.599611,0.0,0.0,0.0009302080273628235
1785289933.6008806,0.0,0.0,0.0009101439714431763
1785289933.6021533,0.0,0.0,0.0009253119826316833
1785289933.6034389,0.0,0.0,0.0009312959909439087
1785289933.604721,0.0,0.0,0.0009238079786300659
1785289933.6059823,0.0,0.0,0.0009091839790344238
1785289933.607255,0.0,0.0,0.0009244480133056641
1785289933.608522,0.0,0.0,0.0009116479754447938
1785289933.6097827,0.0,0.0,0.0009103999733924866
1785289933.6110294,0.0,0.0,0.0008976640105247497
1785289933.6123104,0.0,0.0,0.0009070079922676086
1785289933.6135714,0.0,0.0,0.0009068160057067871
1785289933.6148312,0.0,0.0,0.0009097279906272888
1785289933.6161132,0.0,0.0,0.0009111679792404174
1785289933.6173854,0.0,0.0,0.0009148160219192505
1785289933.6186492,0.0,0.0,0.0009119359850883484
1785289933.6199436,0.0,0.0,0.0009439679980278016
1785289933.6212194,0.0,0.0,0.0009151039719581605
1785289933.6224887,0.0,0.0,0.0009141439795494079
1785289933.6238081,0.0,0.0,0.000958303987979889
1785289933.6250846,0.0,0.0,0.000916320025920868
1785289933.6263626,0.0,0.0,0.0009193919897079468
1785289933.6283717,0.0,0.0,0.0016470719575881958
1785289933.6296594,0.0,0.0,0.0009150400161743164
1785289933.630916,0.0,0.0,0.0009070720076560974
1785289933.6322048,0.0,0.0,0.000916703999042511
1785289933.6334705,0.0,0.0,0.0009146239757537841
1785289933.6347253,0.0,0.0,0.0009067199826240539
1785289933.6360269,0.0,0.0,0.0009533119797706604
1785289933.6372898,0.0,0.0,0.0009057919979095459
1785289933.6385307,0.0,0.0,0.0008945599794387818
1785289933.6398087,0.0,0.0,0.0009292160272598266
1785289933.641075,0.0,0.0,0.0009132480025291443
1785289933.6423357,0.0,0.0,0.000913856029510498
1785289933.643625,0.0,0.0,0.0009337279796600342
1785289933.644885,0.0,0.0,0.000907039999961853
1785289933.646157,0.0,0.0,0.0009192960262298583
1785289933.6474195,0.0,0.0,0.0009166719913482666
1785289933.6486979,0.0,0.0,0.00092467200756073
1785289933.6499538,0.0,0.0,0.0009102720022201538
1785289933.6512318,0.0,0.0,0.0009248960018157959
1785289933.6524994,0.0,0.0,0.0009091200232505799
1785289933.6537392,0.0,0.0,0.0008879680037498474
1785289933.6549795,0.0,0.0,0.0008925120234489441
1785289933.6562634,0.0,0.0,0.0009097920060157776
1785289933.65751,0.0,0.0,0.0008955519795417786
1785289933.6587718,0.0,0.0,0.0009089599847793579
1785289933.6600428,0.0,0.0,0.0009027519822120667
1785289933.6613052,0.0,0.0,0.0009143999814987182
1785289933.6625717,0.0,0.0,0.0009129599928855896
1785289933.6638412,0.0,0.0,0.000930079996585846
1785289933.6651015,0.0,0.0,0.0009117119908332824
1785289933.6663597,0.0,0.0,0.000904799997806549
1785289933.6676462,0.0,0.0,0.0009259200096130371
1785289933.668912,0.0,0.0,0.0009102399945259094
1785289933.6701488,0.0,0.0,0.0008961920142173767
1785289933.6714306,0.0,0.0,0.0009315840005874634
1785289933.6726794,0.0,0.0,0.0009010559916496276
1785289933.6739416,0.0,0.0,0.0009110720157623291
1785289933.675221,0.0,0.0,0.0009295039772987365
1785289933.6764972,0.0,0.0,0.0009246399998664856
1785289933.6777666,0.0,0.0,0.0009158400297164917
1785289933.679063,0.0,0.0,0.000932416021823883
1785289933.6803925,0.0,0.0,0.0009232640266418457
1785289933.6816564,0.0,0.0,0.0009085119962692261
1785289933.6836274,0.0,0.0,0.0016119040250778198
1785289933.6849482,0.0,0.0,0.0009383360147476196
1785289933.6862116,0.0,0.0,0.0009115840196609497
1785289933.687482,0.0,0.0,0.0009221439957618713
1785289933.6887271,0.0,0.0,0.0008901759982109069
1785289933.6899798,0.0,0.0,0.0009044479727745057
1785289933.6912577,0.0,0.0,0.0009296320080757141
1785289933.6925223,0.0,0.0,0.0009107199907302856
1785289933.693755,0.0,0.0,0.0008861439824104309
1785289933.695012,0.0,0.0,0.0008940799832344056
1785289933.6962762,0.0,0.0,0.0008887360095977783
1785289933.6975303,0.0,0.0,0.0009045119881629943
1785289933.698769,0.0,0.0,0.0008911039829254151
1785289933.7000468,0.0,0.0,0.0009149439930915832
1785289933.7012947,0.0,0.0,0.0008954240083694458
1785289933.7025433,0.0,0.0,0.0008991680145263672
1785289933.703817,0.0,0.0,0.0009241920113563538
1785289933.7050793,0.0,0.0,0.0009084479808807373
1785289933.7063265,0.0,0.0,0.0008939840197563171
1785289933.7076073,0.0,0.0,0.0009303680062294007
1785289933.7088592,0.0,0.0,0.000901311993598938
1785289933.7101247,0.0,0.0,0.0009046720266342163
1785289933.7114038,0.0,0.0,0.0009266560077667237
1785289933.712667,0.0,0.0,0.0009056320190429688
1785289933.7139113,0.0,0.0,0.0008935359716415405
1785289933.7151713,0.0,0.0,0.0009195839762687683
1785289933.7164233,0.0,0.0,0.0009034879803657532
1785289933.7176816,0.0,0.0,0.000911679983139038
1785289933.7189257,0.0,0.0,0.0008968960046768188
1785289933.7201986,0.0,0.0,0.0009031680226325989
1785289933.7214446,0.0,0.0,0.0008946560025215149
1785289933.7226772,0.0,0.0,0.000890399992465973
1785289933.723945,0.0,0.0,0.0009229440093040467
1785289933.7252,0.0,0.0,0.0009018239974975586
1785289933.7264538,0.0,0.0,0.0009030399918556213
1785289933.7277462,0.0,0.0,0.0009285439848899841
1785289933.7289991,0.0,0.0,0.0008995839953422546
1785289933.7302375,0.0,0.0,0.0008933759927749633
1785289933.7315142,0.0,0.0,0.0009319360256195068
1785289933.7327733,0.0,0.0,0.0009063040018081665
1785289933.7340436,0.0,0.0,0.0009102399945259094
1785289933.7353432,0.0,0.0,0.0009450240135192871
1785289933.7365973,0.0,0.0,0.0008976960182189941
1785289933.7385046,0.0,0.0,0.001552512049674988
1785289933.7398486,0.0,0.0,0.000967199981212616
1785289933.7411246,0.0,0.0,0.0009174720048904419
1785289933.7423642,0.0,0.0,0.0008887360095977783
1785289933.7436604,0.0,0.0,0.0009470080137252807
1785289933.7449198,0.0,0.0,0.0009009600281715393
1785289933.7461774,0.0,0.0,0.0009093120098114014
1785289933.7474575,0.0,0.0,0.0009293439984321594
1785289933.748708,0.0,0.0,0.0009020159840583801
1785289933.749952,0.0,0.0,0.0008981760144233704
1785289933.751259,0.0,0.0,0.0009442239999771119
1785289933.7525237,0.0,0.0,0.0009090880155563355
1785289933.7537882,0.0,0.0,0.0009168319702148438
1785289933.7550385,0.0,0.0,0.0009053760170936585
1785289933.7563112,0.0,0.0,0.0008978880047798157
1785289933.757551,0.0,0.0,0.0008920000195503235
1785289933.7587972,0.0,0.0,0.0008997439742088318
1785289933.7600846,0.0,0.0,0.0009105920195579529
1785289933.7613657,0.0,0.0,0.000914463996887207
1785289933.7626243,0.0,0.0,0.0009098560214042664
1785289933.7638915,0.0,0.0,0.0009177600145339966
1785289933.7651553,0.0,0.0,0.0009067839980125427
1785289933.7664044,0.0,0.0,0.0009025920033454895
1785289933.767684,0.0,0.0,0.0009355840086936951
1785289933.7689419,0.0,0.0,0.0009098880290985108
1785289933.7701776,0.0,0.0,0.0008895999789237976
1785289933.7714639,0.0,0.0,0.0009364159703254699
1785289933.7727287,0.0,0.0,0.0008977280259132385
1785289933.7739644,0.0,0.0,0.0008887680172920227
1785289933.7752364,0.0,0.0,0.0009263039827346802
1785289933.7764747,0.0,0.0,0.0008885440230369568
1785289933.7777245,0.0,0.0,0.0009011840224266052
1785289933.7789986,0.0,0.0,0.0009187520146369934
1785289933.7802665,0.0,0.0,0.000902463972568512
1785289933.781516,0.0,0.0,0.0008961600065231323
1785289933.782783,0.0,0.0,0.0009143360257148743
1785289933.784068,0.0,0.0,0.0009123200178146363
1785289933.7853212,0.0,0.0,0.0009043200016021728
1785289933.7866604,0.0,0.0,0.000916320025920868
1785289933.7879467,0.0,0.0,0.0009368640184402465
1785289933.7892113,0.0,0.0,0.000903328001499176
1785289933.7904932,0.0,0.0,0.000921280026435852
1785289933.7917914,0.0,0.0,0.0009445440173149109
1785289933.793749,0.0,0.0,0.0015847359895706176
1785289933.7950268,0.0,0.0,0.000904255986213684
1785289933.7963276,0.0,0.0,0.0009163839817047119
1785289933.7975872,0.0,0.0,0.0009117439985275268
1785289933.7988386,0.0,0.0,0.000895904004573822
1785289933.8001158,0.0,0.0,0.0009045119881629943
1785289933.8013737,0.0,0.0,0.0009045119881629943
1785289933.8026264,0.0,0.0,0.0009069120287895203
1785289933.8039074,0.0,0.0,0.0009328320026397705
1785289933.8051534,0.0,0.0,0.0008960319757461548
1785289933.8064013,0.0,0.0,0.0008967999815940857
1785289933.8076894,0.0,0.0,0.0009407359957695008
1785289933.808931,0.0,0.0,0.0008917760252952576
1785289933.8101714,0.0,0.0,0.0008944640159606934
1785289933.8114493,0.0,0.0,0.0009277759790420532
1785289933.8127065,0.0,0.0,0.0009071360230445862
1785289933.8139613,0.0,0.0,0.0009046720266342163
1785289933.8152406,0.0,0.0,0.0009287359714508056
1785289933.8164992,0.0,0.0,0.0009024959802627564
1785289933.8177474,0.0,0.0,0.000904799997806549
1785289933.818993,0.0,0.0,0.0009019520282745362
1785289933.8202686,0.0,0.0,0.0009066240191459656
1785289933.821515,0.0,0.0,0.0008947520256042481
1785289933.8227575,0.0,0.0,0.0008944960236549378
1785289933.824046,0.0,0.0,0.0009386559724807739
1785289933.8253357,0.0,0.0,0.0009203519821166992
1785289933.826588,0.0,0.0,0.0008994879722595215
1785289933.8278759,0.0,0.0,0.0009389439821243286
1785289933.8291502,0.0,0.0,0.0009132800102233887
1785289933.8304167,0.0,0.0,0.0009035199880599975
1785289933.8316765,0.0,0.0,0.0009134399890899658
1785289933.8329349,0.0,0.0,0.0009071999788284302
1785289933.8341813,0.0,0.0,0.0008991039991378784
1785289933.8354495,0.0,0.0,0.0009282559752464294
1785289933.836703,0.0,0.0,0.0009006400108337402
1785289933.8379397,0.0,0.0,0.0008951680064201355
1785289933.8392162,0.0,0.0,0.0009260799884796143
1785289933.8404753,0.0,0.0,0.0009055039882659912
1785289933.8417325,0.0,0.0,0.0009106240272521973
1785289933.8429873,0.0,0.0,0.0009056959748268128
1785289933.8442912,0.0,0.0,0.0009205440282821655
1785289933.8455715,0.0,0.0,0.0009205120205879212
1785289933.8468306,0.0,0.0,0.000901311993598938
1785289933.8487604,0.0,0.0,0.001553536057472229
1785289933.8500566,0.0,0.0,0.0009198399782180786
1785289933.8513653,0.0,0.0,0.0009520639777183533
1785289933.8526378,0.0,0.0,0.0009141119718551636
1785289933.8538911,0.0,0.0,0.0009076160192489624
1785289933.8551571,0.0,0.0,0.0009208959937095642
1785289933.8564258,0.0,0.0,0.0009179840087890625
1785289933.857687,0.0,0.0,0.0009065600037574768
1785289933.8589754,0.0,0.0,0.0009168959856033325
1785289933.8602767,0.0,0.0,0.0009242240190505982
1785289933.8615324,0.0,0.0,0.0009041919708251953
1785289933.8628023,0.0,0.0,0.0009182720184326172
1785289933.8640952,0.0,0.0,0.0009183359742164611
1785289933.8653567,0.0,0.0,0.0009088000059127808
1785289933.8665953,0.0,0.0,0.0008911039829254151
1785289933.8678646,0.0,0.0,0.0009224640130996704
1785289933.8691258,0.0,0.0,0.0009115200042724609
1785289933.87038,0.0,0.0,0.0009092159867286682
1785289933.8716593,0.0,0.0,0.000932096004486084
1785289933.8729167,0.0,0.0,0.0009045439958572387
1785289933.8741765,0.0,0.0,0.0008992959856987
1785289933.8754587,0.0,0.0,0.0009304640293121338
1785289933.87671,0.0,0.0,0.0008986240029335022
1785289933.877954,0.0,0.0,0.0008972160220146179
1785289933.879222,0.0,0.0,0.000917248010635376
1785289933.88047,0.0,0.0,0.0008991360068321228
1785289933.8817244,0.0,0.0,0.000905023992061615
1785289933.882981,0.0,0.0,0.0009076480269432068
1785289933.8842435,0.0,0.0,0.0008946560025215149
1785289933.8855002,0.0,0.0,0.0009063360095024109
1785289933.8867476,0.0,0.0,0.0009021120071411133
1785289933.8880231,0.0,0.0,0.0009268479943275452
1785289933.8892953,0.0,0.0,0.0009143360257148743
1785289933.8905525,0.0,0.0,0.0009088320136070252
1785289933.8918579,0.0,0.0,0.0009377279877662659
1785289933.8931282,0.0,0.0,0.000917631983757019
1785289933.8943796,0.0,0.0,0.000903328001499176
1785289933.8956664,0.0,0.0,0.0009384959936141968
1785289933.896932,0.0,0.0,0.0009101439714431763
1785289933.8981755,0.0,0.0,0.0008947200179100037
1785289933.8994732,0.0,0.0,0.0009394879937171936
1785289933.900743,0.0,0.0,0.0009059839844703674
1785289933.9019995,0.0,0.0,0.0009028480052947998
1785289933.9038963,0.0,0.0,0.001546560049057007
1785289933.9051857,0.0,0.0,0.000915008008480072
1785289933.9064372,0.0,0.0,0.0008936319947242736
1785289933.9077325,0.0,0.0,0.000945472002029419
1785289933.9089975,0.0,0.0,0.0009051200151443482
1785289933.9102569,0.0,0.0,0.0009111679792404174
1785289933.9115477,0.0,0.0,0.0009441919922828675
1785289933.9128153,0.0,0.0,0.0009168000221252442
1785289933.9140615,0.0,0.0,0.0008961600065231323
1785289933.915359,0.0,0.0,0.0009339519739151001
1785289933.9165988,0.0,0.0,0.000892192006111145
1785289933.9178534,0.0,0.0,0.0009064319729804993
1785289933.9191408,0.0,0.0,0.0009346879720687866
1785289933.9204075,0.0,0.0,0.0009131199717521668
1785289933.9216712,0.0,0.0,0.0009189760088920593
1785289933.9229362,0.0,0.0,0.0009138879776000976
1785289933.9242272,0.0,0.0,0.0009178879857063293
1785289933.92548,0.0,0.0,0.0008986560106277466
1785289933.9267385,0.0,0.0,0.0009079999923706054
1785289933.9280307,0.0,0.0,0.0009473599791526794
1785289933.9292953,0.0,0.0,0.00091075199842453
1785289933.93056,0.0,0.0,0.0009162240028381348
1785289933.931833,0.0,0.0,0.0009247360229492187
1785289933.9330864,0.0,0.0,0.0009024320244789124
1785289933.9343412,0.0,0.0,0.0009033600091934204
1785289933.9356272,0.0,0.0,0.000939520001411438
1785289933.9371614,0.0,0.0,0.0009430080056190491
1785289933.9384413,0.0,0.0,0.0009073600172996521
1785289933.939733,0.0,0.0,0.0009369919896125794
1785289933.9410033,0.0,0.0,0.0009096639752388001
1785289933.9422574,0.0,0.0,0.0009012159705162049
1785289933.943539,0.0,0.0,0.0009322239756584167
1785289933.9448018,0.0,0.0,0.0009023360013961792
1785289933.9460678,0.0,0.0,0.0009165120124816895
1785289933.9473581,0.0,0.0,0.0009360960125923156
1785289933.9486175,0.0,0.0,0.0009039360284805298
1785289933.9498646,0.0,0.0,0.0008967040181159973
1785289933.9511292,0.0,0.0,0.0008948479890823365
1785289933.9523942,0.0,0.0,0.000905023992061615
1785289933.9536686,0.0,0.0,0.0009238719940185547
1785289933.9549394,0.0,0.0,0.0009076799750328064
1785289933.956235,0.0,0.0,0.000912447988986969
1785289933.9575264,0.0,0.0,0.0009142400026321411
1785289933.9594657,0.0,0.0,0.0015885119438171387
1785289933.9607546,0.0,0.0,0.000913856029510498
1785289933.9620125,0.0,0.0,0.0009016000032424927
1785289933.9633007,0.0,0.0,0.0009353280067443848
1785289933.9645755,0.0,0.0,0.0009201599955558777
1785289933.9658372,0.0,0.0,0.0009089599847793579
1785289933.9671195,0.0,0.0,0.0009101439714431763
1785289933.9684024,0.0,0.0,0.0009171839952468872
1785289933.9696522,0.0,0.0,0.000897279977798462
1785289933.9709103,0.0,0.0,0.000907584011554718
1785289933.9722044,0.0,0.0,0.0009194560050964356
1785289933.9734674,0.0,0.0,0.0009080960154533386
1785289933.9747195,0.0,0.0,0.0009030719995498657
1785289933.9760008,0.0,0.0,0.00093612802028656
1785289933.977254,0.0,0.0,0.0008989120125770569
1785289933.9785032,0.0,0.0,0.000908128023147583
1785289933.9797812,0.0,0.0,0.0009271680116653443
1785289933.9810317,0.0,0.0,0.0009008640050888061
1785289933.9822824,0.0,0.0,0.0009035519957542419
1785289933.983553,0.0,0.0,0.0009244160056114197
1785289933.9848166,0.0,0.0,0.0009131839871406555
1785289933.9860654,0.0,0.0,0.0008990079760551453
1785289933.9873307,0.0,0.0,0.0009220479726791381
1785289933.9885778,0.0,0.0,0.0009014719724655152
1785289933.989847,0.0,0.0,0.0009026240110397339
1785289933.991085,0.0,0.0,0.0008920320272445679
1785289933.9923513,0.0,0.0,0.000894432008266449
1785289933.9935904,0.0,0.0,0.0008906559944152832
1785289933.9948373,0.0,0.0,0.0008993279933929443
1785289933.9961147,0.0,0.0,0.0009037439823150635
1785289933.9973745,0.0,0.0,0.0009105280041694641
1785289933.9986486,0.0,0.0,0.0009134719967842102
1785289933.9999309,0.0,0.0,0.0009321280121803284
1785289934.001176,0.0,0.0,0.0008948159813880921
1785289934.0024378,0.0,0.0,0.0009132159948348999
1785289934.0037158,0.0,0.0,0.0009279680252075195
1785289934.005054,0.0,0.0,0.0009154239892959595
1785289934.0063055,0.0,0.0,0.0008980799913406372
1785289934.0075839,0.0,0.0,0.0009256640076637268
1785289934.0088396,0.0,0.0,0.0009085760116577149
1785289934.0101013,0.0,0.0,0.0009068480134010315
1785289934.0114055,0.0,0.0,0.0009468160271644592
1785289934.012674,0.0,0.0,0.0009107199907302856
1785289934.014569,0.0,0.0,0.001537760019302368
1785289934.0158768,0.0,0.0,0.0009365440011024475
1785289934.017142,0.0,0.0,0.0009069120287895203
1785289934.018405,0.0,0.0,0.0009101759791374206
1785289934.0196927,0.0,0.0,0.0009341440200805664
1785289934.020947,0.0,0.0,0.000901311993598938
1785289934.022202,0.0,0.0,0.0009058240056037903
1785289934.0235238,0.0,0.0,0.0009487680196762085
1785289934.0247896,0.0,0.0,0.0009157440066337586
1785289934.0260344,0.0,0.0,0.0009012799859046936
1785289934.0273185,0.0,0.0,0.0009355199933052063
1785289934.0285764,0.0,0.0,0.0009066879749298096
1785289934.0298233,0.0,0.0,0.000900767982006073
1785289934.0310903,0.0,0.0,0.0009152960181236267
1785289934.0323527,0.0,0.0,0.0008949120044708252
1785289934.0335906,0.0,0.0,0.0008913919925689697
1785289934.0348573,0.0,0.0,0.0009199680089950562
1785289934.036137,0.0,0.0,0.0009130880236625672
1785289934.0373821,0.0,0.0,0.0008905599713325501
1785289934.0386748,0.0,0.0,0.0009252799749374389
1785289934.039938,0.0,0.0,0.0009150400161743164
1785289934.0411859,0.0,0.0,0.0008962240219116211
1785289934.0424316,0.0,0.0,0.0008990079760551453
1785289934.043727,0.0,0.0,0.0009423679709434509
1785289934.0449886,0.0,0.0,0.0009095039963722229
1785289934.0462399,0.0,0.0,0.000900767982006073
1785289934.0475047,0.0,0.0,0.0009215360283851623
1785289934.0487616,0.0,0.0,0.0009073920249938965
1785289934.0500047,0.0,0.0,0.00089273601770401
1785289934.051288,0.0,0.0,0.0009328640103340149
1785289934.052554,0.0,0.0,0.0009076480269432068
1785289934.0538023,0.0,0.0,0.0009011840224266052
1785289934.0550482,0.0,0.0,0.0008952640295028687
1785289934.0563323,0.0,0.0,0.0009119679927825928
1785289934.0575771,0.0,0.0,0.0008952320218086243
1785289934.0588174,0.0,0.0,0.0008945919871330262
1785289934.0600948,0.0,0.0,0.0009111040234565735
1785289934.0613441,0.0,0.0,0.0008985599875450134
1785289934.0625944,0.0,0.0,0.0008967360258102417
1785289934.0638845,0.0,0.0,0.0009446079730987549
1785289934.0651505,0.0,0.0,0.0009102399945259094
1785289934.0664065,0.0,0.0,0.0009054719805717469
1785289934.0676966,0.0,0.0,0.0009371520280838013
1785289934.069595,0.0,0.0,0.0009041919708251953
1785289934.070894,0.0,0.0,0.000921343982219696
1785289934.0722027,0.0,0.0,0.0009203199744224548
1785289934.0734577,0.0,0.0,0.0009010239839553834
1785289934.0747051,0.0,0.0,0.0008939840197563171
1785289934.076006,0.0,0.0,0.0009493759870529175
1785289934.0772505,0.0,0.0,0.0008901759982109069
1785289934.0784733,0.0,0.0,0.0008735039830207825
1785289934.079762,0.0,0.0,0.000927839994430542
1785289934.081011,0.0,0.0,0.0008986560106277466
1785289934.0822759,0.0,0.0,0.0009099839925765991
1785289934.0835752,0.0,0.0,0.0009492800235748291
1785289934.0848703,0.0,0.0,0.0009298239946365357
1785289934.0861259,0.0,0.0,0.0009017599821090699
1785289934.0874045,0.0,0.0,0.0009325439929962158
1785289934.088668,0.0,0.0,0.0008930879831314087
1785289934.0899272,0.0,0.0,0.0009067839980125427
1785289934.0912132,0.0,0.0,0.0009353600144386291
1785289934.0924928,0.0,0.0,0.000926912009716034
1785289934.0937538,0.0,0.0,0.000911296010017395
1785289934.0950007,0.0,0.0,0.0009001920223236084
1785289934.0962784,0.0,0.0,0.0009096959829330444
1785289934.0975332,0.0,0.0,0.0009074559807777404
1785289934.0987747,0.0,0.0,0.0008956800103187561
1785289934.1000965,0.0,0.0,0.0009513279795646668
1785289934.1013703,0.0,0.0,0.000919871985912323
1785289934.102635,0.0,0.0,0.0009177600145339966
1785289934.1039014,0.0,0.0,0.0009188479781150817
1785289934.1051426,0.0,0.0,0.0008889279961585998
1785289934.1063793,0.0,0.0,0.000891327977180481
1785289934.1076398,0.0,0.0,0.0009133120179176331
1785289934.1088817,0.0,0.0,0.0008907520174980164
1785289934.1101296,0.0,0.0,0.0009031040072441101
1785289934.1114047,0.0,0.0,0.0009236800074577332
1785289934.1126447,0.0,0.0,0.0008922560214996338
1785289934.1138983,0.0,0.0,0.0009085440039634705
1785289934.1151578,0.0,0.0,0.0009103999733924866
1785289934.116416,0.0,0.0,0.0008966720104217529
1785289934.117652,0.0,0.0,0.0008915519714355469
1785289934.118907,0.0,0.0,0.00091184002161026
1785289934.1202002,0.0,0.0,0.0009145600199699402
1785289934.1214597,0.0,0.0,0.0008994240164756775
1785289934.1227138,0.0,0.0,0.0009012799859046936
1785289934.1240253,0.0,0.0,0.0009566079974174499
1785289934.126012,0.0,0.0,0.0009328640103340149
1785289934.1273165,0.0,0.0,0.0009454079866409302
1785289934.12859,0.0,0.0,0.0009172160029411316
1785289934.1298437,0.0,0.0,0.0009003840088844299
1785289934.1311107,0.0,0.0,0.000900223970413208
1785289934.1323745,0.0,0.0,0.000903872013092041
1785289934.1336412,0.0,0.0,0.0009159359931945801
1785289934.1348903,0.0,0.0,0.0008992319703102112
1785289934.1361744,0.0,0.0,0.0009131199717521668
1785289934.1374524,0.0,0.0,0.0009220160245895385
1785289934.1387315,0.0,0.0,0.0009284160137176514
1785289934.140004,0.0,0.0,0.0009265919923782349
1785289934.1412501,0.0,0.0,0.0008988479971885681
1785289934.1425197,0.0,0.0,0.0008912960290908814
1785289934.1438007,0.0,0.0,0.0009316160082817078
1785289934.1450527,0.0,0.0,0.0009016320109367371
1785289934.1463003,0.0,0.0,0.0009016000032424927
1785289934.147575,0.0,0.0,0.0009262080192565917
1785289934.1488216,0.0,0.0,0.0009001280069351196
1785289934.1500573,0.0,0.0,0.0008859519958496094
1785289934.15132,0.0,0.0,0.0009152320027351379
1785289934.1525755,0.0,0.0,0.0008960319757461548
1785289934.1538405,0.0,0.0,0.0008998399972915649
1785289934.1550825,0.0,0.0,0.0008907520174980164
1785289934.1563606,0.0,0.0,0.0008982399702072144
1785289934.1576047,0.0,0.0,0.0008920000195503235
1785289934.1588917,0.0,0.0,0.0009236479997634888
1785289934.1601894,0.0,0.0,0.0009197120070457459
1785289934.1614573,0.0,0.0,0.0009175040125846863
1785289934.1627164,0.0,0.0,0.0009089919924736023
1785289934.1640136,0.0,0.0,0.0009524480104446411
1785289934.1652646,0.0,0.0,0.0009020479917526245
1785289934.1665182,0.0,0.0,0.0009004799723625183
1785289934.1678197,0.0,0.0,0.0009514240026473999
1785289934.1690762,0.0,0.0,0.0008985919952392578
1785289934.1703498,0.0,0.0,0.000921343982219696
1785289934.1716306,0.0,0.0,0.0009267200231552124
1785289934.1728902,0.0,0.0,0.000905023992061615
1785289934.174135,0.0,0.0,0.0009021120071411133
1785289934.175408,0.0,0.0,0.0009239360094070435
1785289934.1766677,0.0,0.0,0.000896992027759552
1785289934.1779149,0.0,0.0,0.0008977599740028382
1785289934.1792068,0.0,0.0,0.0009408000111579895
1785289934.1811028,0.0,0.0,0.0009238719940185547
1785289934.1823654,0.0,0.0,0.000900223970413208
1785289934.1836407,0.0,0.0,0.0009300159811973572
1785289934.1848867,0.0,0.0,0.0008944640159606934
1785289934.186119,0.0,0.0,0.000881600022315979
1785289934.187394,0.0,0.0,0.0009245759844779968
1785289934.1886408,0.0,0.0,0.0008986240029335022
1785289934.1899004,0.0,0.0,0.0009126399755477906
1785289934.1911738,0.0,0.0,0.0009254400134086609
1785289934.1924129,0.0,0.0,0.0008923199772834778
1785289934.1936367,0.0,0.0,0.0008788800239562988
1785289934.1948872,0.0,0.0,0.000906495988368988
1785289934.196172,0.0,0.0,0.0009159039855003357
1785289934.1974392,0.0,0.0,0.0009144319891929626
1785289934.1986854,0.0,0.0,0.0008960319757461548
1785289934.1999907,0.0,0.0,0.0009572479724884033
1785289934.2012634,0.0,0.0,0.0009081919789314271
1785289934.2025135,0.0,0.0,0.0009073920249938965
1785289934.2037895,0.0,0.0,0.0009254720211029052
1785289934.2050414,0.0,0.0,0.000903328001499176
1785289934.2062938,0.0,0.0,0.0009080960154533386
1785289934.2075834,0.0,0.0,0.0009447360038757325
1785289934.2088263,0.0,0.0,0.0008933119773864746
1785289934.2100716,0.0,0.0,0.000896448016166687
1785289934.2113438,0.0,0.0,0.0009298239946365357
1785289934.2125947,0.0,0.0,0.0009030719995498657
1785289934.2138534,0.0,0.0,0.0009081599712371827
1785289934.2151372,0.0,0.0,0.0009364479780197143
1785289934.2163978,0.0,0.0,0.0009089279770851136
1785289934.2176583,0.0,0.0,0.000911296010017395
1785289934.2189548,0.0,0.0,0.0009234240055084229
1785289934.2202291,0.0,0.0,0.0009018239974975586
1785289934.2214754,0.0,0.0,0.0008921279907226563
1785289934.222731,0.0,0.0,0.0009105920195579529
1785289934.224,0.0,0.0,0.0009219200015068054
1785289934.2252436,0.0,0.0,0.0008994879722595215
1785289934.2264886,0.0,0.0,0.0009024959802627564
1785289934.2277658,0.0,0.0,0.0009343680143356323
1785289934.2289975,0.0,0.0,0.0008840640187263489
1785289934.2302527,0.0,0.0,0.0009064319729804993
1785289934.231552,0.0,0.0,0.0009428799748420715
1785289934.232824,0.0,0.0,0.0009149760007858276
1785289934.2340958,0.0,0.0,0.0009156479835510254
1785289934.2360613,0.0,0.0,0.0016119040250778198
1785289934.2373679,0.0,0.0,0.0009315199851989746
1785289934.2386274,0.0,0.0,0.0009089279770851136
1785289934.2399106,0.0,0.0,0.0009396160244941711
1785289934.241184,0.0,0.0,0.0009213759899139404
1785289934.2424116,0.0,0.0,0.0008793280124664306
1785289934.2437148,0.0,0.0,0.0009534080028533935
1785289934.2449715,0.0,0.0,0.0008973119854927063
1785289934.2462342,0.0,0.0,0.0009119679927825928
1785289934.2475193,0.0,0.0,0.0009400960206985473
1785289934.2487752,0.0,0.0,0.0009012799859046936
1785289934.2500439,0.0,0.0,0.0009110400080680847
1785289934.2513394,0.0,0.0,0.0009269760251045227
1785289934.252609,0.0,0.0,0.0009136639833450317
1785289934.2538624,0.0,0.0,0.0009046720266342163
1785289934.2551126,0.0,0.0,0.0008840320110321045
1785289934.2563767,0.0,0.0,0.0009064319729804993
1785289934.2576354,0.0,0.0,0.0009064639806747436
1785289934.2589133,0.0,0.0,0.0009285759925842285
1785289934.260216,0.0,0.0,0.0009239040017127991
1785289934.2614818,0.0,0.0,0.0009114879965782165
1785289934.2627542,0.0,0.0,0.0009239680171012879
1785289934.2640364,0.0,0.0,0.0009344320297241211
1785289934.2652955,0.0,0.0,0.0009014719724655152
1785289934.2665517,0.0,0.0,0.0009073920249938965
1785289934.2678397,0.0,0.0,0.0009388160109519958
1785289934.2690878,0.0,0.0,0.0009000959992408752
1785289934.270349,0.0,0.0,0.0009131199717521668
1785289934.2716327,0.0,0.0,0.0009311040043830872
1785289934.2728674,0.0,0.0,0.0008858559727668762
1785289934.2741199,0.0,0.0,0.0009086400270462037
1785289934.2753801,0.0,0.0,0.0009151359796524047
1785289934.2766347,0.0,0.0,0.0009056640267372132
1785289934.2778897,0.0,0.0,0.0009025599956512451
1785289934.2791595,0.0,0.0,0.0009226239919662476
1785289934.2804224,0.0,0.0,0.000912992000579834
1785289934.2816787,0.0,0.0,0.0009085760116577149
1785289934.282939,0.0,0.0,0.0009150720238685608
1785289934.2842453,0.0,0.0,0.0009197760224342347
1785289934.2855203,0.0,0.0,0.0009250239729881286
1785289934.286796,0.0,0.0,0.0009147840142250061
1785289934.2880826,0.0,0.0,0.0009170879721641541
1785289934.2893393,0.0,0.0,0.0009009600281715393
1785289934.291283,0.0,0.0,0.0015851199626922608
1785289934.2925713,0.0,0.0,0.0009161919951438904
1785289934.2938287,0.0,0.0,0.0009034879803657532
1785289934.2950687,0.0,0.0,0.0008906239867210389
1785289934.2963588,0.0,0.0,0.0009071360230445862
1785289934.2976124,0.0,0.0,0.0008980479836463929
1785289934.298895,0.0,0.0,0.0009263359904289246
1785289934.3001783,0.0,0.0,0.0009139519929885864
1785289934.3014317,0.0,0.0,0.0009005119800567627
1785289934.3026814,0.0,0.0,0.000900767982006073
1785289934.3039758,0.0,0.0,0.000940671980381012
1785289934.3052382,0.0,0.0,0.0009066879749298096
1785289934.306494,0.0,0.0,0.0009072960019111633
1785289934.3077674,0.0,0.0,0.0009285119771957397
1785289934.3090308,0.0,0.0,0.0009086719751358033
1785289934.3102815,0.0,0.0,0.0009013760089874268
1785289934.3115482,0.0,0.0,0.0009186879992485046
1785289934.3128035,0.0,0.0,0.0009068160057067871
1785289934.3140523,0.0,0.0,0.0008981760144233704
1785289934.3153267,0.0,0.0,0.0009228479862213135
1785289934.3165789,0.0,0.0,0.0009040960073471069
1785289934.3178177,0.0,0.0,0.0008919680118560791
1785289934.319079,0.0,0.0,0.0009099519848823547
1785289934.3203614,0.0,0.0,0.0009077119827270507
1785289934.3216178,0.0,0.0,0.0009041919708251953
1785289934.3228512,0.0,0.0,0.0008911039829254151
1785289934.324153,0.0,0.0,0.0009188159704208375
1785289934.3254194,0.0,0.0,0.0009156479835510254
1785289934.3266618,0.0,0.0,0.0008954560160636902
1785289934.3279517,0.0,0.0,0.0009402559995651245
1785289934.3292267,0.0,0.0,0.0009247999787330627
1785289934.3304822,0.0,0.0,0.0009064319729804993
1785289934.3317657,0.0,0.0,0.0009374399781227112
1785289934.3330197,0.0,0.0,0.00090447998046875
1785289934.334261,0.0,0.0,0.0008938879966735839
1785289934.3355324,0.0,0.0,0.000921887993812561
1785289934.3367906,0.0,0.0,0.0009052799940109253
1785289934.3380406,0.0,0.0,0.000897376000881195
1785289934.339316,0.0,0.0,0.0009276160001754761
1785289934.3405886,0.0,0.0,0.0009150400161743164
1785289934.3418715,0.0,0.0,0.000922655999660492
1785289934.3431668,0.0,0.0,0.0009392960071563721
1785289934.3444505,0.0,0.0,0.0009266240000724793
1785289934.3463821,0.0,0.0,0.0015742080211639405
1785289934.3477154,0.0,0.0,0.0009602879881858826
1785289934.3490102,0.0,0.0,0.0009210240244865417
1785289934.3502755,0.0,0.0,0.000909824013710022
1785289934.351555,0.0,0.0,0.0009278079867362976
1785289934.3528154,0.0,0.0,0.0009145920276641846
1785289934.354057,0.0,0.0,0.0008959360122680664
1785289934.3553312,0.0,0.0,0.0009286080002784729
1785289934.3566144,0.0,0.0,0.0009272000193595886
1785289934.357878,0.0,0.0,0.000911296010017395
1785289934.3591616,0.0,0.0,0.000935263991355896
1785289934.3604274,0.0,0.0,0.0009022719860076904
1785289934.3616726,0.0,0.0,0.0008992959856987
1785289934.3629346,0.0,0.0,0.0009099839925765991
1785289934.3642187,0.0,0.0,0.0009039999842643737
1785289934.3654594,0.0,0.0,0.000890496015548706
1785289934.366718,0.0,0.0,0.0009104959964752197
1785289934.368007,0.0,0.0,0.0009402559995651245
1785289934.3692598,0.0,0.0,0.0008976960182189941
1785289934.3705256,0.0,0.0,0.0009123520255088807
1785289934.3718011,0.0,0.0,0.0009274240136146546
1785289934.3730583,0.0,0.0,0.0009022719860076904
1785289934.3743312,0.0,0.0,0.000918175995349884
1785289934.3755894,0.0,0.0,0.000911296010017395
1785289934.3768508,0.0,0.0,0.0009107199907302856
1785289934.3781023,0.0,0.0,0.0009018239974975586
1785289934.379381,0.0,0.0,0.0009316480159759521
1785289934.380641,0.0,0.0,0.0009112319946289062
1785289934.3819284,0.0,0.0,0.0009156479835510254
1785289934.383192,0.0,0.0,0.0009120960235595704
1785289934.384453,0.0,0.0,0.0009132480025291443
1785289934.385703,0.0,0.0,0.000896511971950531
1785289934.3869598,0.0,0.0,0.0009093120098114014
1785289934.3882542,0.0,0.0,0.0009284800291061401
1785289934.3895037,0.0,0.0,0.0009025920033454895
1785289934.390757,0.0,0.0,0.0009076480269432068
1785289934.392037,0.0,0.0,0.0009357759952545166
1785289934.393281,0.0,0.0,0.0008932160139083862
1785289934.3945386,0.0,0.0,0.0009110400080680847
1785289934.3958411,0.0,0.0,0.0009477120041847228
1785289934.397144,0.0,0.0,0.0009353920221328735
1785289934.3984025,0.0,0.0,0.0009085440039634705
1785289934.3997097,0.0,0.0,0.0009482560157775879
1785289934.4016433,0.0,0.0,0.0015740480422973633
1785289934.4029353,0.0,0.0,0.0009247999787330627
1785289934.4042268,0.0,0.0,0.0009110400080680847
1785289934.4054854,0.0,0.0,0.0009034879803657532
1785289934.4067612,0.0,0.0,0.0009196159839630127
1785289934.4080517,0.0,0.0,0.0009439039826393128
1785289934.40932,0.0,0.0,0.0009169279932975769
1785289934.4105866,0.0,0.0,0.0009178239703178406
1785289934.4118853,0.0,0.0,0.0009450880289077759
1785289934.4131477,0.0,0.0,0.000910207986831665
1785289934.41439,0.0,0.0,0.0008910719752311707
1785289934.4157104,0.0,0.0,0.0009554240107536316
1785289934.4169593,0.0,0.0,0.0008974400162696838
1785289934.418213,0.0,0.0,0.0009016640186309815
1785289934.4194808,0.0,0.0,0.0009212160110473633
1785289934.4207392,0.0,0.0,0.0009046080112457275
1785289934.4219916,0.0,0.0,0.0009058240056037903
1785289934.4232743,0.0,0.0,0.0009335680007934571
1785289934.4245315,0.0,0.0,0.000900767982006073
1785289934.4258008,0.0,0.0,0.0009168639779090881
1785289934.4270408,0.0,0.0,0.0008946880102157593
1785289934.4283233,0.0,0.0,0.0009044479727745057
1785289934.429588,0.0,0.0,0.0009132159948348999
1785289934.4308355,0.0,0.0,0.0008976960182189941
1785289934.432121,0.0,0.0,0.0009108160138130188
1785289934.4333801,0.0,0.0,0.0009069120287895203
1785289934.434711,0.0,0.0,0.0009140480160713196
1785289934.435991,0.0,0.0,0.0009266560077667237
1785289934.4372458,0.0,0.0,0.0009021440148353577
1785289934.4385023,0.0,0.0,0.000908896028995514
1785289934.439793,0.0,0.0,0.0009412800073623658
1785289934.4410317,0.0,0.0,0.0008871039748191834
1785289934.442293,0.0,0.0,0.0009160640239715577
1785289934.4435635,0.0,0.0,0.0009260479807853698
1785289934.4448185,0.0,0.0,0.0009077759981155395
1785289934.4460616,0.0,0.0,0.0009003199934959411
1785289934.4473498,0.0,0.0,0.0009172800183296204
1785289934.4486053,0.0,0.0,0.0009042879939079284
1785289934.4498577,0.0,0.0,0.0009024320244789124
1785289934.451153,0.0,0.0,0.0009432640075683593
1785289934.4524217,0.0,0.0,0.0009024320244789124
1785289934.4536786,0.0,0.0,0.0009071360230445862
1785289934.4549594,0.0,0.0,0.0009313920140266419
1785289934.4569044,0.0,0.0,0.001570080041885376
1785289934.4581685,0.0,0.0,0.000898144006729126
1785289934.4594529,0.0,0.0,0.0009418240189552307
1785289934.460712,0.0,0.0,0.000906175971031189
1785289934.4619663,0.0,0.0,0.000904255986213684
1785289934.4632404,0.0,0.0,0.0009275519847869873
1785289934.4644978,0.0,0.0,0.0009048960208892823
1785289934.4657423,0.0,0.0,0.0008985599875450134
1785289934.4670005,0.0,0.0,0.0009163519740104675
1785289934.4682763,0.0,0.0,0.000898751974105835
1785289934.4695287,0.0,0.0,0.0009068480134010315
1785289934.4707716,0.0,0.0,0.0008935679793357849
1785289934.4720495,0.0,0.0,0.0009128000140190125
1785289934.4732969,0.0,0.0,0.0008934080004692077
1785289934.4745781,0.0,0.0,0.0009302719831466675
1785289934.4758582,0.0,0.0,0.0009249600172042847
1785289934.4771142,0.0,0.0,0.0008998079895973205
1785289934.4783537,0.0,0.0,0.0008892160058021545
1785289934.4796543,0.0,0.0,0.0009410880208015442
1785289934.4809186,0.0,0.0,0.0009128959774971008
1785289934.4821608,0.0,0.0,0.0008937919735908509
1785289934.483435,0.0,0.0,0.0009293439984321594
1785289934.4846878,0.0,0.0,0.0009062719941139221
1785289934.485931,0.0,0.0,0.0008988479971885681
1785289934.4872212,0.0,0.0,0.0009243199825286865
1785289934.4884892,0.0,0.0,0.0009154880046844483
1785289934.489758,0.0,0.0,0.0009111999869346618
1785289934.491006,0.0,0.0,0.0009016640186309815
1785289934.49229,0.0,0.0,0.0009136319756507873
1785289934.4935563,0.0,0.0,0.0009143040180206299
1785289934.4948153,0.0,0.0,0.0009117119908332824
1785289934.4960766,0.0,0.0,0.0009013760089874268
1785289934.4973454,0.0,0.0,0.0009198399782180786
1785289934.4985979,0.0,0.0,0.0008977599740028382
1785289934.4998686,0.0,0.0,0.0009243199825286865
1785289934.5011208,0.0,0.0,0.0008989440202713013
1785289934.5023532,0.0,0.0,0.0008884159922599793
1785289934.503622,0.0,0.0,0.0009230080246925354
1785289934.5048656,0.0,0.0,0.0008933119773864746
1785289934.5061207,0.0,0.0,0.0009039679765701294
1785289934.507419,0.0,0.0,0.0009399359822273254
1785289934.5086982,0.0,0.0,0.0009206719994544983
1785289934.5099564,0.0,0.0,0.0009044479727745057
1785289934.5119245,0.0,0.0,0.0016144319772720336
1785289934.5132391,0.0,0.0,0.000935263991355896
1785289934.5144958,0.0,0.0,0.0008963519930839538
1785289934.5157795,0.0,0.0,0.000938368022441864
1785289934.5170407,0.0,0.0,0.0009062399864196777
1785289934.5182855,0.0,0.0,0.0009036800265312195
1785289934.5195515,0.0,0.0,0.0009173120260238647
1785289934.520804,0.0,0.0,0.0009046720266342163
1785289934.5220506,0.0,0.0,0.0008991360068321228
1785289934.5233095,0.0,0.0,0.0009131519794464111
1785289934.5245662,0.0,0.0,0.0009016320109367371
1785289934.5258179,0.0,0.0,0.0009039360284805298
1785289934.5270844,0.0,0.0,0.0009022079706192017
1785289934.5283613,0.0,0.0,0.0009063360095024109
1785289934.529626,0.0,0.0,0.0009103040099143982
1785289934.53087,0.0,0.0,0.0008931840062141418
1785289934.5321572,0.0,0.0,0.000916159987449646
1785289934.53342,0.0,0.0,0.0009103999733924866
1785289934.5346591,0.0,0.0,0.0008913599848747254
1785289934.5359373,0.0,0.0,0.0009339839816093445
1785289934.5371957,0.0,0.0,0.0009035199880599975
1785289934.538438,0.0,0.0,0.0008941760063171387
1785289934.5397089,0.0,0.0,0.0009211840033531189
1785289934.5409741,0.0,0.0,0.0009122239947319031
1785289934.5422409,0.0,0.0,0.0009183999896049499
1785289934.5435297,0.0,0.0,0.0009389439821243286
1785289934.5447881,0.0,0.0,0.0009048960208892823
1785289934.5460541,0.0,0.0,0.000900704026222229
1785289934.54733,0.0,0.0,0.0009211840033531189
1785289934.5485814,0.0,0.0,0.0008997120261192322
1785289934.54984,0.0,0.0,0.0009101759791374206
1785289934.5510826,0.0,0.0,0.0008977280259132385
1785289934.5523891,0.0,0.0,0.00092467200756073
1785289934.5536482,0.0,0.0,0.0009101759791374206
1785289934.5548916,0.0,0.0,0.0008903679847717286
1785289934.5561864,0.0,0.0,0.0009196159839630127
1785289934.5575619,0.0,0.0,0.0009199039936065674
1785289934.5588546,0.0,0.0,0.0009248319864273071
1785289934.560128,0.0,0.0,0.0009037759900093078
1785289934.5613794,0.0,0.0,0.0008993600010871887
1785289934.5626478,0.0,0.0,0.0009115840196609497
1785289934.5639336,0.0,0.0,0.0009339519739151001
1785289934.565208,0.0,0.0,0.0009034240245819092
1785289934.5671418,0.0,0.0,0.0015770560503005982
1785289934.5684276,0.0,0.0,0.0009121919870376587
1785289934.569692,0.0,0.0,0.0009065279960632324
1785289934.5709655,0.0,0.0,0.000917631983757019
1785289934.5722647,0.0,0.0,0.000908735990524292
1785289934.5735517,0.0,0.0,0.0009286080002784729
1785289934.5748076,0.0,0.0,0.0009001920223236084
1785289934.5761034,0.0,0.0,0.0009291200041770935
1785289934.5773752,0.0,0.0,0.0009196159839630127
1785289934.5786233,0.0,0.0,0.0009028159976005554
1785289934.5799234,0.0,0.0,0.000952672004699707
1785289934.5811858,0.0,0.0,0.0009127359986305237
1785289934.5824392,0.0,0.0,0.0009066240191459656
1785289934.5837095,0.0,0.0,0.0009205120205879212
1785289934.5849633,0.0,0.0,0.0009058880209922791
1785289934.5862122,0.0,0.0,0.0009090560078620911
1785289934.5874982,0.0,0.0,0.0009420160055160523
1785289934.588763,0.0,0.0,0.0009133120179176331
1785289934.5900207,0.0,0.0,0.0009075520038604736
1785289934.5913155,0.0,0.0,0.000943231999874115
1785289934.592564,0.0,0.0,0.0008980799913406372
1785289934.593844,0.0,0.0,0.0009296640157699585
1785289934.5950904,0.0,0.0,0.0009009280204772949
1785289934.596364,0.0,0.0,0.0009017919898033142
1785289934.5976138,0.0,0.0,0.0009106559753417969
1785289934.5988693,0.0,0.0,0.0009044479727745057
1785289934.6001606,0.0,0.0,0.0009225599765777588
1785289934.6014233,0.0,0.0,0.000908352017402649
1785289934.6026802,0.0,0.0,0.0009058240056037903
1785289934.6039703,0.0,0.0,0.0009444159865379334
1785289934.6052144,0.0,0.0,0.0008908799886703492
1785289934.6064453,0.0,0.0,0.0008831679821014405
1785289934.6077569,0.0,0.0,0.0009420480132102966
1785289934.6090038,0.0,0.0,0.0008967360258102417
1785289934.610282,0.0,0.0,0.0009165760278701782
1785289934.6115656,0.0,0.0,0.0009292160272598266
1785289934.6128175,0.0,0.0,0.0009052479863166809
1785289934.614073,0.0,0.0,0.000904703974723816
1785289934.6153443,0.0,0.0,0.0009254400134086609
1785289934.6166065,0.0,0.0,0.00091184002161026
1785289934.617867,0.0,0.0,0.0009015039801597596
1785289934.6191614,0.0,0.0,0.0009439039826393128
1785289934.6204326,0.0,0.0,0.0009133440256118775
1785289934.622336,0.0,0.0,0.0015499839782714844
1785289934.6236567,0.0,0.0,0.000953216016292572
1785289934.6249282,0.0,0.0,0.0009142720103263855
1785289934.626181,0.0,0.0,0.0009042239785194397
1785289934.627454,0.0,0.0,0.0009256960153579712
1785289934.6287005,0.0,0.0,0.0008937280178070068
1785289934.6299293,0.0,0.0,0.0008853759765625
1785289934.6311884,0.0,0.0,0.0009147199988365173
1785289934.6324399,0.0,0.0,0.0009013440012931824
1785289934.6336932,0.0,0.0,0.0009031680226325989
1785289934.634939,0.0,0.0,0.0008987839818000794
1785289934.6362247,0.0,0.0,0.0009096000194549561
1785289934.6374834,0.0,0.0,0.0009105280041694641
1785289934.638736,0.0,0.0,0.0009028480052947998
1785289934.640018,0.0,0.0,0.0009360319972038269
1785289934.641278,0.0,0.0,0.0009113919734954834
1785289934.6425242,0.0,0.0,0.0008963840007781982
1785289934.6438231,0.0,0.0,0.0009349120259284973
1785289934.6450574,0.0,0.0,0.0008875200152397156
1785289934.646329,0.0,0.0,0.0009084799885749817
1785289934.6475995,0.0,0.0,0.0009192000031471253
1785289934.6488395,0.0,0.0,0.0008954240083694458
1785289934.6500814,0.0,0.0,0.0008903040289878845
1785289934.6513627,0.0,0.0,0.0009334400296211242
1785289934.65263,0.0,0.0,0.0009202560186386109
1785289934.6538737,0.0,0.0,0.0008964160084724426
1785289934.6551416,0.0,0.0,0.0009188479781150817
1785289934.65639,0.0,0.0,0.000895583987236023
1785289934.6576426,0.0,0.0,0.0009012159705162049
1785289934.658894,0.0,0.0,0.0009000319838523865
1785289934.6601644,0.0,0.0,0.0008996800184249878
1785289934.6614163,0.0,0.0,0.0009009600281715393
1785289934.662656,0.0,0.0,0.00089273601770401
1785289934.6639323,0.0,0.0,0.000932479977607727
1785289934.6651847,0.0,0.0,0.0009000959992408752
1785289934.6664448,0.0,0.0,0.0009100480079650879
1785289934.667714,0.0,0.0,0.0009200000166893006
1785289934.6689649,0.0,0.0,0.0008993279933929443
1785289934.6702015,0.0,0.0,0.0008925439715385437
1785289934.6714988,0.0,0.0,0.0009468799829483032
1785289934.672769,0.0,0.0,0.0009087039828300476
1785289934.6740355,0.0,0.0,0.0009103360176086426
1785289934.6753314,0.0,0.0,0.0009384959936141968
1785289934.677249,0.0,0.0,0.000913536012172699
1785289934.6785467,0.0,0.0,0.0009165760278701782
1785289934.6798353,0.0,0.0,0.0009328320026397705
1785289934.6810935,0.0,0.0,0.0009075520038604736
1785289934.6823514,0.0,0.0,0.0009077119827270507
1785289934.6836398,0.0,0.0,0.0009382399916648865
1785289934.6849132,0.0,0.0,0.0009168639779090881
1785289934.6861813,0.0,0.0,0.0009171519875526428
1785289934.687451,0.0,0.0,0.0009215360283851623
1785289934.6887093,0.0,0.0,0.0009076799750328064
1785289934.6899772,0.0,0.0,0.0009049599766731263
1785289934.691248,0.0,0.0,0.0009211519956588745
1785289934.6925302,0.0,0.0,0.000925216019153595
1785289934.6937854,0.0,0.0,0.0009053120017051697
1785289934.695048,0.0,0.0,0.0009136319756507873
1785289934.6963515,0.0,0.0,0.0009291840195655822
1785289934.6976144,0.0,0.0,0.000917631983757019
1785289934.6988792,0.0,0.0,0.000917792022228241
1785289934.7001574,0.0,0.0,0.0009042239785194397
1785289934.7014132,0.0,0.0,0.0009071360230445862
1785289934.702678,0.0,0.0,0.0009086400270462037
1785289934.703959,0.0,0.0,0.0009307839870452881
1785289934.705221,0.0,0.0,0.0009108480215072632
1785289934.7064948,0.0,0.0,0.0009146559834480285
1785289934.7078,0.0,0.0,0.0009488959908485413
1785289934.7090485,0.0,0.0,0.0008926720023155212
1785289934.7103112,0.0,0.0,0.0009123520255088807
1785289934.711605,0.0,0.0,0.0009417920112609863
1785289934.7128735,0.0,0.0,0.0009147840142250061
1785289934.714127,0.0,0.0,0.0009076160192489624
1785289934.715392,0.0,0.0,0.0009136959910392761
1785289934.7166355,0.0,0.0,0.0008944960236549378
1785289934.7178884,0.0,0.0,0.0009100800156593323
1785289934.7191648,0.0,0.0,0.0009261760115623475
1785289934.7204447,0.0,0.0,0.0009220160245895385
1785289934.7216911,0.0,0.0,0.0008981119990348816
1785289934.7229462,0.0,0.0,0.0009043840169906616
1785289934.724226,0.0,0.0,0.0009132480025291443
1785289934.725485,0.0,0.0,0.0009080960154533386
1785289934.7267392,0.0,0.0,0.0009071040153503418
1785289934.728035,0.0,0.0,0.0009433599710464477
1785289934.7293296,0.0,0.0,0.0009185919761657714
1785289934.7306132,0.0,0.0,0.0009253759980201721
1785289934.7325435,0.0,0.0,0.0009258559942245483
1785289934.7338738,0.0,0.0,0.000940671980381012
1785289934.735162,0.0,0.0,0.0009327039718627929
1785289934.73645,0.0,0.0,0.0009232959747314453
1785289934.7377121,0.0,0.0,0.0009105600118637085
1785289934.7389688,0.0,0.0,0.0009079359769821167
1785289934.740247,0.0,0.0,0.0009034240245819092
1785289934.741511,0.0,0.0,0.0009032319784164429
1785289934.7427578,0.0,0.0,0.000902944028377533
1785289934.7440588,0.0,0.0,0.0009524160027503967
1785289934.7453346,0.0,0.0,0.0009219520092010498
1785289934.746587,0.0,0.0,0.0009060479998588562
1785289934.747883,0.0,0.0,0.0009490240216255188
1785289934.749141,0.0,0.0,0.0009063360095024109
1785289934.750383,0.0,0.0,0.0008930879831314087
1785289934.7516491,0.0,0.0,0.0009197120070457459
1785289934.7528944,0.0,0.0,0.000890720009803772
1785289934.7541509,0.0,0.0,0.0009060159921646118
1785289934.7554216,0.0,0.0,0.0009244480133056641
1785289934.7566998,0.0,0.0,0.0009282559752464294
1785289934.7579558,0.0,0.0,0.0009075199961662292
1785289934.759242,0.0,0.0,0.0009391040205955505
1785289934.7604942,0.0,0.0,0.0009036480188369751
1785289934.7617464,0.0,0.0,0.000904703974723816
1785289934.7629962,0.0,0.0,0.0009035519957542419
1785289934.76427,0.0,0.0,0.0009060159921646118
1785289934.7655065,0.0,0.0,0.0008923519849777222
1785289934.7667644,0.0,0.0,0.0009105600118637085
1785289934.768047,0.0,0.0,0.0009224640130996704
1785289934.7693143,0.0,0.0,0.0009113280177116394
1785289934.7705536,0.0,0.0,0.0008977599740028382
1785289934.7718499,0.0,0.0,0.0009421120285987854
1785289934.7731147,0.0,0.0,0.0009110720157623291
1785289934.77441,0.0,0.0,0.0009219200015068054
1785289934.7756703,0.0,0.0,0.0009106879830360412
1785289934.7769446,0.0,0.0,0.00092876797914505
1785289934.7782032,0.0,0.0,0.0009127359986305237
1785289934.7795045,0.0,0.0,0.0009470720291137695
1785289934.7807841,0.0,0.0,0.000925055980682373
1785289934.7820473,0.0,0.0,0.0009106879830360412
1785289934.78337,0.0,0.0,0.000961567997932434
1785289934.7846477,0.0,0.0,0.0009157440066337586
1785289934.7859266,0.0,0.0,0.0009214079976081848
1785289934.787824,0.0,0.0,0.0015415040254592896
1785289934.78913,0.0,0.0,0.0009228159785270691
1785289934.7903812,0.0,0.0,0.0009016960263252259
1785289934.7916636,0.0,0.0,0.0009343680143356323
1785289934.7929227,0.0,0.0,0.0009074559807777404
1785289934.794158,0.0,0.0,0.0008890560269355774
1785289934.7954512,0.0,0.0,0.0009416319727897644
1785289934.7966914,0.0,0.0,0.0008951039910316467
1785289934.7979538,0.0,0.0,0.000915391981601715
1785289934.7992263,0.0,0.0,0.0009201279878616333
1785289934.80051,0.0,0.0,0.0009250239729881286
1785289934.801748,0.0,0.0,0.000891264021396637
1785289934.8030107,0.0,0.0,0.0009100480079650879
1785289934.804295,0.0,0.0,0.0009101439714431763
1785289934.8055434,0.0,0.0,0.0008983680009841919
1785289934.8067756,0.0,0.0,0.0008832640051841735
1785289934.808085,0.0,0.0,0.0009206079840660095
1785289934.8093472,0.0,0.0,0.0009120320081710816
1785289934.8105922,0.0,0.0,0.0008964800238609314
1785289934.8119118,0.0,0.0,0.0009523839950561524
1785289934.8131742,0.0,0.0,0.0009070079922676086
1785289934.8144386,0.0,0.0,0.0009136319756507873
1785289934.8157184,0.0,0.0,0.0009276480078697205
1785289934.816973,0.0,0.0,0.0009041600227355957
1785289934.8182216,0.0,0.0,0.0009010559916496276
1785289934.8195035,0.0,0.0,0.0009320639967918396
1785289934.8207633,0.0,0.0,0.0009123200178146363
1785289934.8220227,0.0,0.0,0.00091075199842453
1785289934.8232894,0.0,0.0,0.0009248319864273071
1785289934.8245442,0.0,0.0,0.0009058240056037903
1785289934.8257945,0.0,0.0,0.0009019200205802918
1785289934.827047,0.0,0.0,0.0009003840088844299
1785289934.8283207,0.0,0.0,0.0009022079706192017
1785289934.829568,0.0,0.0,0.000898144006729126
1785289934.830823,0.0,0.0,0.000906495988368988
1785289934.8321242,0.0,0.0,0.000922432005405426
1785289934.8334005,0.0,0.0,0.0009201920032501221
1785289934.8346522,0.0,0.0,0.0008998399972915649
1785289934.8359394,0.0,0.0,0.0009403839707374573
1785289934.837186,0.0,0.0,0.0008992319703102112
1785289934.8384523,0.0,0.0,0.0009099839925765991
1785289934.83973,0.0,0.0,0.000926912009716034
1785289934.84099,0.0,0.0,0.0009026560187339783
1785289934.8422322,0.0,0.0,0.0008911359906196595
1785289934.8442504,0.0,0.0,0.0009374719858169556
1785289934.845508,0.0,0.0,0.0008948159813880921
1785289934.8467555,0.0,0.0,0.0009008640050888061
1785289934.8480496,0.0,0.0,0.0009441599845886231
1785289934.84931,0.0,0.0,0.0009108480215072632
1785289934.8505578,0.0,0.0,0.0009015359878540039
1785289934.851878,0.0,0.0,0.0009656320214271546
1785289934.8531287,0.0,0.0,0.0008955519795417786
1785289934.8543782,0.0,0.0,0.0009010239839553834
1785289934.855666,0.0,0.0,0.0009414079785346985
1785289934.8569334,0.0,0.0,0.0009121919870376587
1785289934.858188,0.0,0.0,0.0009043200016021728
1785289934.859471,0.0,0.0,0.0009314560294151306
1785289934.860718,0.0,0.0,0.0009022079706192017
1785289934.8619657,0.0,0.0,0.0009023039937019348
1785289934.8632374,0.0,0.0,0.0009231359958648682
1785289934.8645,0.0,0.0,0.0009105280041694641
1785289934.8657458,0.0,0.0,0.0008951039910316467
1785289934.8669891,0.0,0.0,0.0008917120099067688
1785289934.8682687,0.0,0.0,0.0009048960208892823
1785289934.8695304,0.0,0.0,0.0009120000004768372
1785289934.8707914,0.0,0.0,0.0009133440256118775
1785289934.872096,0.0,0.0,0.0009271360039710999
1785289934.8733375,0.0,0.0,0.0008889600038528442
1785289934.8745959,0.0,0.0,0.0009074879884719848
1785289934.875867,0.0,0.0,0.000920415997505188
1785289934.8771148,0.0,0.0,0.0008962879776954651
1785289934.8783581,0.0,0.0,0.0008968639969825744
1785289934.8796234,0.0,0.0,0.0009195520281791687
1785289934.8808618,0.0,0.0,0.0008884159922599793
1785289934.8821132,0.0,0.0,0.0009023680090904236
1785289934.8833919,0.0,0.0,0.0009311040043830872
1785289934.8846433,0.0,0.0,0.0009035199880599975
1785289934.885887,0.0,0.0,0.0008996480107307434
1785289934.887152,0.0,0.0,0.0009203199744224548
1785289934.8883982,0.0,0.0,0.0008912960290908814
1785289934.8896568,0.0,0.0,0.0009092479944229126
1785289934.890919,0.0,0.0,0.0009077439904212951
1785289934.8922112,0.0,0.0,0.0009090880155563355
1785289934.893481,0.0,0.0,0.000915776014328003
1785289934.8947442,0.0,0.0,0.000898688018321991
1785289934.8960214,0.0,0.0,0.000921280026435852
1785289934.897295,0.0,0.0,0.0009196479916572571
1785289934.899221,0.0,0.0,0.0009349759817123413
1785289934.9004958,0.0,0.0,0.0009089279770851136
1785289934.901743,0.0,0.0,0.0008950719833374024
1785289934.9029858,0.0,0.0,0.0008942720293998719
1785289934.9042716,0.0,0.0,0.0009151679873466491
1785289934.905555,0.0,0.0,0.0009163839817047119
1785289934.9068117,0.0,0.0,0.0009085119962692261
1785289934.9080994,0.0,0.0,0.0009208319783210754
1785289934.9093583,0.0,0.0,0.0009070079922676086
1785289934.9106016,0.0,0.0,0.0008996480107307434
1785289934.9118695,0.0,0.0,0.000921280026435852
1785289934.913111,0.0,0.0,0.0008939200043678283
1785289934.9143753,0.0,0.0,0.000913536012172699
1785289934.9156525,0.0,0.0,0.0009268800020217896
1785289934.9168978,0.0,0.0,0.000896448016166687
1785289934.9181495,0.0,0.0,0.0009069759845733642
1785289934.9194102,0.0,0.0,0.0009134079813957214
1785289934.920655,0.0,0.0,0.0008921599984169006
1785289934.9218962,0.0,0.0,0.0008963840007781982
1785289934.9231577,0.0,0.0,0.0009125440120697022
1785289934.92441,0.0,0.0,0.000895904004573822
1785289934.925671,0.0,0.0,0.000910368025302887
1785289934.926927,0.0,0.0,0.000904255986213684
1785289934.9282038,0.0,0.0,0.0009091200232505799
1785289934.9294672,0.0,0.0,0.0009124159812927246
1785289934.930713,0.0,0.0,0.0008979840278625489
1785289934.9319856,0.0,0.0,0.0009274240136146546
1785289934.9332306,0.0,0.0,0.000897279977798462
1785289934.9345028,0.0,0.0,0.0009198399782180786
1785289934.935791,0.0,0.0,0.0009418879747390747
1785289934.9370332,0.0,0.0,0.0008924800157546997
1785289934.938307,0.0,0.0,0.0009125120043754578
1785289934.9395943,0.0,0.0,0.0009380159974098206
1785289934.9408476,0.0,0.0,0.0009030399918556213
1785289934.942095,0.0,0.0,0.0008971840143203735
1785289934.9433696,0.0,0.0,0.000926464021205902
1785289934.9446282,0.0,0.0,0.0009074879884719848
1785289934.9458718,0.0,0.0,0.0008984320163726807
1785289934.9471219,0.0,0.0,0.0008860800266265869
1785289934.9483893,0.0,0.0,0.0009150720238685608
1785289934.949651,0.0,0.0,0.0009109119772911071
1785289934.9509122,0.0,0.0,0.0009083200097084045
1785289934.9521973,0.0,0.0,0.0009091200232505799
1785289934.954108,0.0,0.0,0.0015533119440078735
1785289934.955423,0.0,0.0,0.0009422399997711182
1785289934.9566908,0.0,0.0,0.0009155200123786927
1785289934.9579544,0.0,0.0,0.0009075520038604736
1785289934.9592428,0.0,0.0,0.0009401280283927917
1785289934.960499,0.0,0.0,0.0009039040207862854
1785289934.9617426,0.0,0.0,0.0009007999897003173
1785289934.9630058,0.0,0.0,0.0009160640239715577
1785289934.9643238,0.0,0.0,0.0009425600171089172
1785289934.9656286,0.0,0.0,0.0009292160272598266
1785289934.966911,0.0,0.0,0.0009141119718551636
1785289934.968197,0.0,0.0,0.000908128023147583
1785289934.9694793,0.0,0.0,0.000923039972782135
1785289934.970731,0.0,0.0,0.0008960319757461548
1785289934.972028,0.0,0.0,0.0009434559941291809
1785289934.973333,0.0,0.0,0.0009337279796600342
1785289934.9745958,0.0,0.0,0.0009117760062217712
1785289934.975888,0.0,0.0,0.0009456959962844849
1785289934.9771473,0.0,0.0,0.0009084799885749817
1785289934.978397,0.0,0.0,0.0009041919708251953
1785289934.979659,0.0,0.0,0.0009116160273551941
1785289934.9809139,0.0,0.0,0.0009042239785194397
1785289934.9821744,0.0,0.0,0.0009120960235595704
1785289934.983447,0.0,0.0,0.0009252480268478393
1785289934.9847066,0.0,0.0,0.0009080640077590942
1785289934.9859579,0.0,0.0,0.0009037439823150635
1785289934.9872234,0.0,0.0,0.0009199680089950562
1785289934.9884777,0.0,0.0,0.0009006400108337402
1785289934.989727,0.0,0.0,0.0009032959938049316
1785289934.9909668,0.0,0.0,0.0008967999815940857
1785289934.992252,0.0,0.0,0.0009168319702148438
1785289934.9935088,0.0,0.0,0.0009079999923706054
1785289934.9947665,0.0,0.0,0.0009097920060157776
1785289934.9960446,0.0,0.0,0.0009065920114517212
1785289934.9973102,0.0,0.0,0.000913919985294342
1785289934.9985535,0.0,0.0,0.0008985919952392578
1785289934.999841,0.0,0.0,0.0009353600144386291
1785289935.00109,0.0,0.0,0.0008981119990348816
1785289935.0023568,0.0,0.0,0.000906112015247345
1785289935.003639,0.0,0.0,0.0009267839789390564
1785289935.0049276,0.0,0.0,0.0009290239810943603
1785289935.0062056,0.0,0.0,0.0009194239974021912
1785289935.007525,0.0,0.0,0.0009542400240898132
1785289935.009512,0.0,0.0,0.001617408037185669
1785289935.0108037,0.0,0.0,0.0009138240218162537
1785289935.012098,0.0,0.0,0.0009192320108413697
1785289935.0133648,0.0,0.0,0.0009089599847793579
1785289935.0146267,0.0,0.0,0.0009143999814987182
1785289935.0159245,0.0,0.0,0.0009447039961814881
1785289935.0171778,0.0,0.0,0.0008973119854927063
1785289935.0184352,0.0,0.0,0.0009079040288925171
1785289935.01971,0.0,0.0,0.0009275839924812317
1785289935.0209699,0.0,0.0,0.0009072960019111633
1785289935.0222328,0.0,0.0,0.0009113600254058838
1785289935.0235145,0.0,0.0,0.0009324480295181274
1785289935.02478,0.0,0.0,0.0009103360176086426
1785289935.0260344,0.0,0.0,0.0009031999707221985
1785289935.027311,0.0,0.0,0.0009274560213088989
1785289935.02858,0.0,0.0,0.0009186239838600158
1785289935.0298312,0.0,0.0,0.0009055359959602356
1785289935.031069,0.0,0.0,0.0008991039991378784
1785289935.0323658,0.0,0.0,0.0009184319972991943
1785289935.0336523,0.0,0.0,0.0009352319836616516
1785289935.0349004,0.0,0.0,0.0009031360149383545
1785289935.0362372,0.0,0.0,0.0009386240243911743
1785289935.03749,0.0,0.0,0.0009057919979095459
1785289935.0387948,0.0,0.0,0.0009171199798583984
1785289935.040101,0.0,0.0,0.0009372799992561341
1785289935.0413694,0.0,0.0,0.0009174399971961975
1785289935.0426393,0.0,0.0,0.0009216319918632507
1785289935.0439389,0.0,0.0,0.0009458240270614624
1785289935.0452049,0.0,0.0,0.0009134719967842102
1785289935.046457,0.0,0.0,0.0009034879803657532
1785289935.047747,0.0,0.0,0.0009388480186462402
1785289935.0490136,0.0,0.0,0.0009117119908332824
1785289935.0502672,0.0,0.0,0.0009074879884719848
1785289935.051552,0.0,0.0,0.0009323199987411499
1785289935.052818,0.0,0.0,0.0009132480025291443
1785289935.0540743,0.0,0.0,0.0009086400270462037
1785289935.0553708,0.0,0.0,0.0009368320107460023
1785289935.0566328,0.0,0.0,0.0009068160057067871
1785289935.0578766,0.0,0.0,0.0008936319947242736
1785289935.0591562,0.0,0.0,0.0009281280040740967
1785289935.0604317,0.0,0.0,0.0009074559807777404
1785289935.0616977,0.0,0.0,0.0009100160002708435
1785289935.06296,0.0,0.0,0.0009100480079650879
1785289935.0649283,0.0,0.0,0.0015896960496902465
1785289935.0662062,0.0,0.0,0.0009096639752388001
1785289935.067494,0.0,0.0,0.0009339200258255005
1785289935.0687568,0.0,0.0,0.0009031040072441101
1785289935.0700243,0.0,0.0,0.0008983680009841919
1785289935.0713053,0.0,0.0,0.0009322239756584167
1785289935.072573,0.0,0.0,0.0009169920086860657
1785289935.0738227,0.0,0.0,0.0009040639996528625
1785289935.0750747,0.0,0.0,0.0009058240056037903
1785289935.0763614,0.0,0.0,0.0009057919979095459
1785289935.0776165,0.0,0.0,0.0009041600227355957
1785289935.078868,0.0,0.0,0.0008998079895973205
1785289935.080149,0.0,0.0,0.000916703999042511
1785289935.081416,0.0,0.0,0.0009151679873466491
1785289935.0826848,0.0,0.0,0.0009171519875526428
1785289935.0839615,0.0,0.0,0.0009285119771957397
1785289935.0852096,0.0,0.0,0.0009000639915466308
1785289935.0864656,0.0,0.0,0.0009058880209922791
1785289935.0877516,0.0,0.0,0.0009403200149536132
1785289935.0890186,0.0,0.0,0.0009099839925765991
1785289935.0902581,0.0,0.0,0.0008941439986228943
1785289935.0915244,0.0,0.0,0.0009223999977111816
1785289935.092782,0.0,0.0,0.000909824013710022
1785289935.0940363,0.0,0.0,0.0009032639861106872
1785289935.0953128,0.0,0.0,0.0009313600063323975
1785289935.0965574,0.0,0.0,0.0008893439769744873
1785289935.0978205,0.0,0.0,0.0009120960235595704
1785289935.099072,0.0,0.0,0.0008998079895973205
1785289935.1003377,0.0,0.0,0.0008980479836463929
1785289935.1015797,0.0,0.0,0.0008910400271415711
1785289935.1028314,0.0,0.0,0.0009054399728775025
1785289935.1041117,0.0,0.0,0.0009096000194549561
1785289935.1053634,0.0,0.0,0.0009048960208892823
1785289935.1066177,0.0,0.0,0.0009084799885749817
1785289935.107895,0.0,0.0,0.00093094402551651
1785289935.1091607,0.0,0.0,0.0009114879965782165
1785289935.1104133,0.0,0.0,0.000905023992061615
1785289935.1116781,0.0,0.0,0.0009169279932975769
1785289935.1129282,0.0,0.0,0.0008980159759521485
1785289935.1142042,0.0,0.0,0.0009189119935035705
1785289935.1154995,0.0,0.0,0.0009314879775047302
1785289935.1167467,0.0,0.0,0.0008937600255012512
1785289935.1179912,0.0,0.0,0.0008960639834403992
1785289935.1199906,0.0,0.0,0.0016514879465103149
1785289935.1212835,0.0,0.0,0.0009158400297164917
1785289935.1225467,0.0,0.0,0.000907584011554718
1785289935.1238427,0.0,0.0,0.0009448320269584656
1785289935.1250882,0.0,0.0,0.0008934400081634521
1785289935.1263294,0.0,0.0,0.0008899199962615966
1785289935.127619,0.0,0.0,0.000942143976688385
1785289935.1288846,0.0,0.0,0.0009110400080680847
1785289935.1301486,0.0,0.0,0.0009115200042724609
1785289935.1314335,0.0,0.0,0.0009354559779167175
1785289935.132695,0.0,0.0,0.000908896028995514
1785289935.133979,0.0,0.0,0.0009227839708328247
1785289935.1352468,0.0,0.0,0.0009173439741134643
1785289935.136519,0.0,0.0,0.0009058560132980347
1785289935.13777,0.0,0.0,0.0009036160111427307
1785289935.1390028,0.0,0.0,0.0008836159706115723
1785289935.140272,0.0,0.0,0.0008992959856987
1785289935.1415148,0.0,0.0,0.0008961600065231323
1785289935.1427677,0.0,0.0,0.0009001920223236084
1785289935.1440678,0.0,0.0,0.0009353920221328735
1785289935.1453354,0.0,0.0,0.0009138879776000976
1785289935.146605,0.0,0.0,0.0009239360094070435
1785289935.1478982,0.0,0.0,0.0009442880153656006
1785289935.149172,0.0,0.0,0.0009202560186386109
1785289935.1504288,0.0,0.0,0.0009066879749298096
1785289935.1517088,0.0,0.0,0.0009319040179252624
1785289935.1529536,0.0,0.0,0.0008906239867210389
1785289935.1542084,0.0,0.0,0.0009082239866256713
1785289935.1554904,0.0,0.0,0.0009328640103340149
1785289935.156737,0.0,0.0,0.0008948799967765808
1785289935.1579952,0.0,0.0,0.0009091839790344238
1785289935.159284,0.0,0.0,0.0009330559968948364
1785289935.1605663,0.0,0.0,0.0009259840250015258
1785289935.1618433,0.0,0.0,0.0009242560267448425
1785289935.16313,0.0,0.0,0.0009281920194625854
1785289935.164387,0.0,0.0,0.0009001280069351196
1785289935.165647,0.0,0.0,0.0009052159786224366
1785289935.1669483,0.0,0.0,0.0009331840276718139
1785289935.1682222,0.0,0.0,0.0008978880047798157
1785289935.169485,0.0,0.0,0.0009122880101203919
1785289935.1707547,0.0,0.0,0.0009060479998588562
1785289935.1720617,0.0,0.0,0.0009360960125923156
1785289935.173322,0.0,0.0,0.000902944028377533
1785289935.1752827,0.0,0.0,0.0015918400287628174
1785289935.1765704,0.0,0.0,0.0009146559834480285
1785289935.1778283,0.0,0.0,0.0009084479808807373
1785289935.1790848,0.0,0.0,0.0009120320081710816
1785289935.1803596,0.0,0.0,0.0009042879939079284
1785289935.181608,0.0,0.0,0.0009016640186309815
1785289935.1828568,0.0,0.0,0.0009014080166816712
1785289935.1841133,0.0,0.0,0.00089273601770401
1785289935.1853642,0.0,0.0,0.0009047679901123047
1785289935.1866226,0.0,0.0,0.000908352017402649
1785289935.1878977,0.0,0.0,0.0009296320080757141
1785289935.189173,0.0,0.0,0.0009238079786300659
1785289935.1904192,0.0,0.0,0.0008981119990348816
1785289935.1916893,0.0,0.0,0.0009210559725761413
1785289935.1929657,0.0,0.0,0.0009210879802703857
1785289935.1942194,0.0,0.0,0.0009091519713401795
1785289935.195485,0.0,0.0,0.000919327974319458
1785289935.1967492,0.0,0.0,0.0009126719832420349
1785289935.198009,0.0,0.0,0.0009108800292015076
1785289935.1992729,0.0,0.0,0.0009130240082740784
1785289935.2005515,0.0,0.0,0.0009133440256118775
1785289935.2017958,0.0,0.0,0.0008960959911346435
1785289935.2030306,0.0,0.0,0.0008880320191383362
1785289935.2043376,0.0,0.0,0.0009243519902229309
1785289935.2056048,0.0,0.0,0.0009117439985275268
1785289935.2068615,0.0,0.0,0.0009059839844703674
1785289935.2081342,0.0,0.0,0.0009066240191459656
1785289935.2093964,0.0,0.0,0.0009100160002708435
1785289935.2106493,0.0,0.0,0.0009039040207862854
1785289935.2119431,0.0,0.0,0.0009468799829483032
1785289935.2132125,0.0,0.0,0.0009215360283851623
1785289935.214454,0.0,0.0,0.0008924160003662109
1785289935.2157261,0.0,0.0,0.000924127995967865
1785289935.2169788,0.0,0.0,0.0009009280204772949
1785289935.2182505,0.0,0.0,0.0009075520038604736
1785289935.219541,0.0,0.0,0.0009394239783287048
1785289935.2207932,0.0,0.0,0.0008935040235519409
1785289935.2220542,0.0,0.0,0.0009106240272521973
1785289935.2233274,0.0,0.0,0.0009263359904289246
1785289935.2245948,0.0,0.0,0.000916703999042511
1785289935.2258606,0.0,0.0,0.0009113600254058838
1785289935.2271721,0.0,0.0,0.0009485120177268982
1785289935.22846,0.0,0.0,0.0009316160082817078
1785289935.2304034,0.0,0.0,0.0015841599702835084
1785289935.2317061,0.0,0.0,0.0009378880262374878
1785289935.232981,0.0,0.0,0.0009146879911422729
1785289935.2342415,0.0,0.0,0.0009110400080680847
1785289935.235526,0.0,0.0,0.0009368320107460023
1785289935.2367864,0.0,0.0,0.0009074239730834961
1785289935.238049,0.0,0.0,0.000916159987449646
1785289935.2393484,0.0,0.0,0.0009499199986457825
1785289935.2406068,0.0,0.0,0.0009090240001678467
1785289935.2418563,0.0,0.0,0.0009056000113487244
1785289935.243124,0.0,0.0,0.0008958079814910889
1785289935.2444139,0.0,0.0,0.0009294080138206482
1785289935.2456584,0.0,0.0,0.0008934720158576965
1785289935.2469072,0.0,0.0,0.0009030079841613769
1785289935.2481863,0.0,0.0,0.000907967984676361
1785289935.249432,0.0,0.0,0.000900223970413208
1785289935.250676,0.0,0.0,0.0008992959856987
1785289935.251959,0.0,0.0,0.000934336006641388
1785289935.253224,0.0,0.0,0.0009097279906272888
1785289935.2544758,0.0,0.0,0.0009064000248908997
1785289935.2557585,0.0,0.0,0.0009348800182342529
1785289935.2570102,0.0,0.0,0.000900704026222229
1785289935.2582698,0.0,0.0,0.000908415973186493
1785289935.2595656,0.0,0.0,0.0009334719777107239
1785289935.2608185,0.0,0.0,0.0009024320244789124
1785289935.262072,0.0,0.0,0.0009054080247879029
1785289935.2633545,0.0,0.0,0.0009289280176162719
1785289935.2646337,0.0,0.0,0.0009111359715461731
1785289935.2658873,0.0,0.0,0.0009054399728775025
1785289935.2671554,0.0,0.0,0.0009212480187416077
1785289935.268419,0.0,0.0,0.0009133759737014771
1785289935.26968,0.0,0.0,0.0009129279851913452
1785289935.2709324,0.0,0.0,0.0009046080112457275
1785289935.2721918,0.0,0.0,0.0008917760252952576
1785289935.2734501,0.0,0.0,0.0009031360149383545
1785289935.2747765,0.0,0.0,0.0009089919924736023
1785289935.2760665,0.0,0.0,0.0009143360257148743
1785289935.277328,0.0,0.0,0.0009089279770851136
1785289935.2785664,0.0,0.0,0.0008935359716415405
1785289935.2798328,0.0,0.0,0.0009161919951438904
1785289935.281109,0.0,0.0,0.0009145280122756958
1785289935.2823792,0.0,0.0,0.000916703999042511
1785289935.2836893,0.0,0.0,0.0009555519819259644
1785289935.2856302,0.0,0.0,0.0015769599676132202
1785289935.2869072,0.0,0.0,0.0009091839790344238
1785289935.288193,0.0,0.0,0.00091075199842453
1785289935.2894495,0.0,0.0,0.0009078720211982727
1785289935.2907028,0.0,0.0,0.0009033600091934204
1785289935.2919629,0.0,0.0,0.0009141439795494079
1785289935.2932239,0.0,0.0,0.0009088320136070252
1785289935.2944844,0.0,0.0,0.0009098880290985108
1785289935.2957475,0.0,0.0,0.000918720006942749
1785289935.2969959,0.0,0.0,0.0009019520282745362
1785289935.2982576,0.0,0.0,0.0008967679738998413
1785289935.299539,0.0,0.0,0.0009317759871482849
1785289935.3007941,0.0,0.0,0.0009007999897003173
1785289935.302062,0.0,0.0,0.0009048960208892823
1785289935.3033624,0.0,0.0,0.0009515839815139771
1785289935.3046215,0.0,0.0,0.0009063360095024109
1785289935.3058681,0.0,0.0,0.0009031040072441101
1785289935.3071473,0.0,0.0,0.0009323840141296387
1785289935.3083992,0.0,0.0,0.0008980479836463929
1785289935.309673,0.0,0.0,0.0009266240000724793
1785289935.310918,0.0,0.0,0.0008969280123710632
1785289935.3122082,0.0,0.0,0.0009196799993515015
1785289935.313466,0.0,0.0,0.0009073280096054077
1785289935.3147304,0.0,0.0,0.0009172800183296204
1785289935.3160121,0.0,0.0,0.0009275839924812317
1785289935.317263,0.0,0.0,0.0008934080004692077
1785289935.3185182,0.0,0.0,0.000908352017402649
1785289935.3197992,0.0,0.0,0.0009302399754524231
1785289935.3210437,0.0,0.0,0.0008934400081634521
1785289935.3222914,0.0,0.0,0.0009004480242729187
1785289935.3235795,0.0,0.0,0.0009404799938201905
1785289935.3248413,0.0,0.0,0.0009072319865226745
1785289935.3260872,0.0,0.0,0.0008991039991378784
1785289935.3273718,0.0,0.0,0.0009353920221328735
1785289935.3286397,0.0,0.0,0.0009168000221252442
1785289935.3299112,0.0,0.0,0.0009068160057067871
1785289935.331182,0.0,0.0,0.0009212480187416077
1785289935.3324513,0.0,0.0,0.0009187520146369934
1785289935.333709,0.0,0.0,0.0009074559807777404
1785289935.3349576,0.0,0.0,0.0009033600091934204
1785289935.3362548,0.0,0.0,0.000917792022228241
1785289935.3375168,0.0,0.0,0.0009094719886779785
1785289935.3387816,0.0,0.0,0.000912992000579834
1785289935.3407385,0.0,0.0,0.0015663360357284547
1785289935.3420434,0.0,0.0,0.0009367039799690246
1785289935.3433425,0.0,0.0,0.0009459519982337952
1785289935.3446178,0.0,0.0,0.0009221760034561157
1785289935.3458748,0.0,0.0,0.0009063040018081665
1785289935.3471303,0.0,0.0,0.0009085760116577149
1785289935.3483908,0.0,0.0,0.0009045760035514831
1785289935.349629,0.0,0.0,0.0008917120099067688
1785289935.3508813,0.0,0.0,0.0009000319838523865
1785289935.3521402,0.0,0.0,0.0008904640078544616
1785289935.353388,0.0,0.0,0.0009013440012931824
1785289935.354646,0.0,0.0,0.0009099839925765991
1785289935.3559349,0.0,0.0,0.0009382079839706421
1785289935.3571854,0.0,0.0,0.0008952000141143799
1785289935.3584332,0.0,0.0,0.0008979200124740601
1785289935.3597035,0.0,0.0,0.0009239040017127991
1785289935.3609693,0.0,0.0,0.0009150400161743164
1785289935.3622282,0.0,0.0,0.000904799997806549
1785289935.3635123,0.0,0.0,0.0009311680197715759
1785289935.364762,0.0,0.0,0.0008989440202713013
1785289935.366033,0.0,0.0,0.0009231680035591126
1785289935.3673146,0.0,0.0,0.0009351680278778076
1785289935.3685837,0.0,0.0,0.0009148799777030944
1785289935.369833,0.0,0.0,0.0008978559970855713
1785289935.3710878,0.0,0.0,0.0009026240110397339
1785289935.37238,0.0,0.0,0.000912447988986969
1785289935.3736224,0.0,0.0,0.0008944000005722046
1785289935.3748639,0.0,0.0,0.000889952003955841
1785289935.376145,0.0,0.0,0.0009143040180206299
1785289935.3774126,0.0,0.0,0.0009101759791374206
1785289935.378661,0.0,0.0,0.0008997759819030762
1785289935.3799412,0.0,0.0,0.0009277759790420532
1785289935.3811958,0.0,0.0,0.0009022399783134461
1785289935.3824668,0.0,0.0,0.0009000639915466308
1785289935.3837378,0.0,0.0,0.0009187520146369934
1785289935.3850083,0.0,0.0,0.0009228159785270691
1785289935.3862655,0.0,0.0,0.000910368025302887
1785289935.3875496,0.0,0.0,0.0009342399835586548
1785289935.3887982,0.0,0.0,0.0008932160139083862
1785289935.3900654,0.0,0.0,0.0009171519875526428
1785289935.391356,0.0,0.0,0.0009321600198745727
1785289935.3926206,0.0,0.0,0.0009109439849853515
1785289935.3938704,0.0,0.0,0.0008953920006752014
1785289935.3958435,0.0,0.0,0.0015979839563369752
1785289935.3971329,0.0,0.0,0.0009145280122756958
1785289935.3983917,0.0,0.0,0.0008982080221176148
1785289935.399678,0.0,0.0,0.0009319679737091064
1785289935.4009566,0.0,0.0,0.0009199680089950562
1785289935.4022117,0.0,0.0,0.0008996800184249878
1785289935.4035103,0.0,0.0,0.000948095977306366
1785289935.4047472,0.0,0.0,0.0008833600282669067
1785289935.4059796,0.0,0.0,0.0008862720131874084
1785289935.407244,0.0,0.0,0.0009167360067367554
1785289935.4085004,0.0,0.0,0.0009055039882659912
1785289935.4097505,0.0,0.0,0.0009034559726715088
1785289935.4110038,0.0,0.0,0.0009075199961662292
1785289935.4123032,0.0,0.0,0.0009158080220222474
1785289935.4135566,0.0,0.0,0.0009004480242729187
1785289935.4147937,0.0,0.0,0.0008880000114440918
1785289935.4160798,0.0,0.0,0.000917631983757019
1785289935.4173496,0.0,0.0,0.0009149439930915832
1785289935.4186056,0.0,0.0,0.000905023992061615
1785289935.419865,0.0,0.0,0.0009106240272521973
1785289935.4211073,0.0,0.0,0.0008946880102157593
1785289935.4223506,0.0,0.0,0.0008984000086784363
1785289935.4236197,0.0,0.0,0.0009207360148429871
1785289935.4248846,0.0,0.0,0.0009135680198669434
1785289935.4261367,0.0,0.0,0.0009078720211982727
1785289935.4274037,0.0,0.0,0.0009193599820137024
1785289935.4286788,0.0,0.0,0.0009080960154533386
1785289935.4299128,0.0,0.0,0.0008931840062141418
1785289935.4311957,0.0,0.0,0.0009317759871482849
1785289935.4324284,0.0,0.0,0.0008857920169830322
1785289935.433662,0.0,0.0,0.0008829439878463745
1785289935.4348848,0.0,0.0,0.0008787519931793213
1785289935.43616,0.0,0.0,0.0009031680226325989
1785289935.4374175,0.0,0.0,0.000908896028995514
1785289935.4386644,0.0,0.0,0.0009055359959602356
1785289935.4399283,0.0,0.0,0.0009175040125846863
1785289935.441179,0.0,0.0,0.000895359992980957
1785289935.4424205,0.0,0.0,0.0008953279852867127
1785289935.4436884,0.0,0.0,0.0009213119745254516
1785289935.4449313,0.0,0.0,0.0008895360231399536
1785289935.4461987,0.0,0.0,0.0009130880236625672
1785289935.4474797,0.0,0.0,0.0009271680116653443
1785289935.4487438,0.0,0.0,0.000911903977394104
1785289935.4506624,0.0,0.0,0.0009029120206832886
1785289935.4520147,0.0,0.0,0.0009679679870605469
1785289935.4532764,0.0,0.0,0.000904416024684906
1785289935.4545214,0.0,0.0,0.0008971199989318847
1785289935.4557996,0.0,0.0,0.0009298560023307801
1785289935.4570427,0.0,0.0,0.0008888319730758667
1785289935.458299,0.0,0.0,0.0009081919789314271
1785289935.4595675,0.0,0.0,0.0009191039800643921
1785289935.4608445,0.0,0.0,0.0009058240056037903
1785289935.462098,0.0,0.0,0.000902944028377533
1785289935.46337,0.0,0.0,0.0009218559861183166
1785289935.464634,0.0,0.0,0.0008969600200653076
1785289935.4658816,0.0,0.0,0.0009012159705162049
1785289935.467166,0.0,0.0,0.0009335680007934571
1785289935.46843,0.0,0.0,0.0009093760251998902
1785289935.4696696,0.0,0.0,0.0008882560133934021
1785289935.470925,0.0,0.0,0.0009063680171966553
1785289935.4721982,0.0,0.0,0.0009067199826240539
1785289935.4734476,0.0,0.0,0.0008989440202713013
1785289935.4746957,0.0,0.0,0.0009015039801597596
1785289935.4759963,0.0,0.0,0.0009429439902305603
1785289935.4772651,0.0,0.0,0.0009109759926795959
1785289935.478495,0.0,0.0,0.000880735993385315
1785289935.4797795,0.0,0.0,0.0009393919706344604
1785289935.4810362,0.0,0.0,0.0009058240056037903
1785289935.4822989,0.0,0.0,0.0009118080139160156
1785289935.4835858,0.0,0.0,0.0009363840222358703
1785289935.4848258,0.0,0.0,0.0008886399865150452
1785289935.4860728,0.0,0.0,0.000901856005191803
1785289935.487353,0.0,0.0,0.0009375039935112
1785289935.4886217,0.0,0.0,0.0009160959720611573
1785289935.4898748,0.0,0.0,0.0009050880074501038
1785289935.4911382,0.0,0.0,0.0009150720238685608
1785289935.4924064,0.0,0.0,0.0009138240218162537
1785289935.493665,0.0,0.0,0.0009052799940109253
1785289935.4949317,0.0,0.0,0.0009182400107383728
1785289935.4962041,0.0,0.0,0.0009057919979095459
1785289935.4974692,0.0,0.0,0.0009152960181236267
1785289935.498731,0.0,0.0,0.0009084799885749817
1785289935.4999964,0.0,0.0,0.0009190400242805481
1785289935.501245,0.0,0.0,0.0008988800048828125
1785289935.5025144,0.0,0.0,0.0009157440066337586
1785289935.5038295,0.0,0.0,0.0009466239809989929
1785289935.50509,0.0,0.0,0.0009046720266342163
1785289935.5069776,0.0,0.0,0.000926464021205902
1785289935.5082655,0.0,0.0,0.0009062719941139221
1785289935.5095203,0.0,0.0,0.0009017919898033142
1785289935.5107834,0.0,0.0,0.0009128640294075012
1785289935.5120742,0.0,0.0,0.0009147520065307617
1785289935.5133235,0.0,0.0,0.0008983359932899475
1785289935.5145729,0.0,0.0,0.0009056320190429688
1785289935.515848,0.0,0.0,0.0009283199906349182
1785289935.5170934,0.0,0.0,0.0008951680064201355
1785289935.518333,0.0,0.0,0.0008910719752311707
1785289935.5196106,0.0,0.0,0.0009319040179252624
1785289935.5208826,0.0,0.0,0.0009156479835510254
1785289935.5221462,0.0,0.0,0.0009175040125846863
1785289935.523429,0.0,0.0,0.0009342719912528992
1785289935.524683,0.0,0.0,0.0009047359824180602
1785289935.5259442,0.0,0.0,0.000900160014629364
1785289935.5272217,0.0,0.0,0.000926464021205902
1785289935.5284815,0.0,0.0,0.0009091200232505799
1785289935.5297482,0.0,0.0,0.0009132159948348999
1785289935.5309966,0.0,0.0,0.0008997120261192322
1785289935.5322747,0.0,0.0,0.0009116160273551941
1785289935.5335376,0.0,0.0,0.0009054399728775025
1785289935.5347996,0.0,0.0,0.0009062079787254334
1785289935.5360875,0.0,0.0,0.0009192320108413697
1785289935.5373318,0.0,0.0,0.000893280029296875
1785289935.5385685,0.0,0.0,0.0008874880075454712
1785289935.5398502,0.0,0.0,0.0009347519874572754
1785289935.5411131,0.0,0.0,0.0009085760116577149
1785289935.5423603,0.0,0.0,0.0009007999897003173
1785289935.543649,0.0,0.0,0.0009391679763793945
1785289935.544901,0.0,0.0,0.0009003520011901855
1785289935.5461686,0.0,0.0,0.0009072319865226745
1785289935.5474308,0.0,0.0,0.000912447988986969
1785289935.5486722,0.0,0.0,0.0008919039964675903
1785289935.549918,0.0,0.0,0.0008977280259132385
1785289935.5511854,0.0,0.0,0.0009202560186386109
1785289935.5524733,0.0,0.0,0.000895904004573822
1785289935.5537245,0.0,0.0,0.0008978239893913269
1785289935.5549805,0.0,0.0,0.0009060479998588562
1785289935.5562742,0.0,0.0,0.0009206719994544983
1785289935.5575445,0.0,0.0,0.0009114879965782165
1785289935.5588522,0.0,0.0,0.0009277439713478088
1785289935.5601687,0.0,0.0,0.0009281280040740967
1785289935.5621095,0.0,0.0,0.0015758399963378905
1785289935.5634162,0.0,0.0,0.0009351999759674072
1785289935.5646741,0.0,0.0,0.000904416024684906
1785289935.5659225,0.0,0.0,0.0008995839953422546
1785289935.5672135,0.0,0.0,0.000925599992275238
1785289935.5684733,0.0,0.0,0.0009044479727745057
1785289935.5697055,0.0,0.0,0.0008841599822044373
1785289935.5709538,0.0,0.0,0.0009016320109367371
1785289935.5722287,0.0,0.0,0.000897279977798462
1785289935.5734773,0.0,0.0,0.0008998079895973205
1785289935.5747197,0.0,0.0,0.0008976640105247497
1785289935.5759835,0.0,0.0,0.0009174079895019531
1785289935.5772376,0.0,0.0,0.0009077119827270507
1785289935.5784872,0.0,0.0,0.0009012799859046936
1785289935.5797648,0.0,0.0,0.0009319679737091064
1785289935.5810082,0.0,0.0,0.0008916800022125244
1785289935.5822506,0.0,0.0,0.0008955199718475342
1785289935.583522,0.0,0.0,0.0009299839735031128
1785289935.5847762,0.0,0.0,0.0009045119881629943
1785289935.5860248,0.0,0.0,0.0008974080085754394
1785289935.5872982,0.0,0.0,0.0009251840114593506
1785289935.5885499,0.0,0.0,0.0008984320163726807
1785289935.5898032,0.0,0.0,0.0009030079841613769
1785289935.5910676,0.0,0.0,0.0008990079760551453
1785289935.5923336,0.0,0.0,0.0008950080275535584
1785289935.5935729,0.0,0.0,0.0008953920006752014
1785289935.5948193,0.0,0.0,0.0008994879722595215
1785289935.5961099,0.0,0.0,0.0009171839952468872
1785289935.5973713,0.0,0.0,0.0009084799885749817
1785289935.5986092,0.0,0.0,0.0008892480134963989
1785289935.5998812,0.0,0.0,0.0009212480187416077
1785289935.6011298,0.0,0.0,0.0008969280123710632
1785289935.602378,0.0,0.0,0.0009063360095024109
1785289935.6036634,0.0,0.0,0.0009386559724807739
1785289935.6049185,0.0,0.0,0.0009053120017051697
1785289935.6061914,0.0,0.0,0.0009233919978141785
1785289935.6074755,0.0,0.0,0.0009325760006904602
1785289935.6087253,0.0,0.0,0.0009017919898033142
1785289935.6099823,0.0,0.0,0.0009088320136070252
1785289935.6112523,0.0,0.0,0.0009243839979171753
1785289935.6125243,0.0,0.0,0.0009081919789314271
1785289935.6137867,0.0,0.0,0.0009089599847793579
1785289935.6150372,0.0,0.0,0.0009001280069351196
1785289935.6169407,0.0,0.0,0.0015275839567184448
1785289935.6182272,0.0,0.0,0.0009181439876556396
1785289935.619517,0.0,0.0,0.0009410560131072998
1785289935.6207578,0.0,0.0,0.0008898879885673523
1785289935.6220028,0.0,0.0,0.0008999999761581421
1785289935.623282,0.0,0.0,0.0009275839924812317
1785289935.6245365,0.0,0.0,0.0008987200260162354
1785289935.625781,0.0,0.0,0.0009005759954452514
1785289935.6270373,0.0,0.0,0.0009049599766731263
1785289935.6283438,0.0,0.0,0.0009145600199699402
1785289935.6296012,0.0,0.0,0.0009037439823150635
1785289935.6308491,0.0,0.0,0.0008967679738998413
1785289935.632128,0.0,0.0,0.0009085760116577149
1785289935.6333778,0.0,0.0,0.0009031999707221985
1785289935.6346204,0.0,0.0,0.0008990079760551453
1785289935.6359055,0.0,0.0,0.0009376320242881775
1785289935.6371584,0.0,0.0,0.0009024320244789124
1785289935.6384022,0.0,0.0,0.0008990079760551453
1785289935.6396794,0.0,0.0,0.0009322879910469055
1785289935.6409273,0.0,0.0,0.0008979520201683045
1785289935.6421607,0.0,0.0,0.0008887680172920227
1785289935.6434324,0.0,0.0,0.0009271360039710999
1785289935.64469,0.0,0.0,0.0009052479863166809
1785289935.6459439,0.0,0.0,0.0009082239866256713
1785289935.6472023,0.0,0.0,0.0009131519794464111
1785289935.648454,0.0,0.0,0.0009027519822120667
1785289935.649698,0.0,0.0,0.0008929920196533203
1785289935.6509464,0.0,0.0,0.000899616003036499
1785289935.652254,0.0,0.0,0.0009282559752464294
1785289935.653501,0.0,0.0,0.0008968960046768188
1785289935.6547487,0.0,0.0,0.0009002559781074524
1785289935.656039,0.0,0.0,0.0009120000004768372
1785289935.6573074,0.0,0.0,0.0009135680198669434
1785289935.6585584,0.0,0.0,0.0009007999897003173
1785289935.6598418,0.0,0.0,0.0009343680143356323
1785289935.6610944,0.0,0.0,0.0009018239974975586
1785289935.6623425,0.0,0.0,0.0009031040072441101
1785289935.663633,0.0,0.0,0.0009415040016174317
1785289935.6649003,0.0,0.0,0.0009120960235595704
1785289935.6661432,0.0,0.0,0.0008934720158576965
1785289935.6674497,0.0,0.0,0.0009282879829406738
1785289935.668718,0.0,0.0,0.0009092479944229126
1785289935.6699643,0.0,0.0,0.0008976960182189941
1785289935.6719213,0.0,0.0,0.0016015679836273193
1785289935.6732085,0.0,0.0,0.0009062399864196777
1785289935.6744454,0.0,0.0,0.0008852800130844116
1785289935.6757095,0.0,0.0,0.0009150400161743164
1785289935.6769717,0.0,0.0,0.0009095680117607117
1785289935.6782181,0.0,0.0,0.0009021760225296021
1785289935.6795125,0.0,0.0,0.0009458879828453064
1785289935.6807761,0.0,0.0,0.0009088320136070252
1785289935.6820376,0.0,0.0,0.0009101439714431763
1785289935.6833234,0.0,0.0,0.0009371520280838013
1785289935.684597,0.0,0.0,0.0009174399971961975
1785289935.6858554,0.0,0.0,0.0009095680117607117
1785289935.6871288,0.0,0.0,0.0009251520037651062
1785289935.6883802,0.0,0.0,0.0008938879966735839
1785289935.6896513,0.0,0.0,0.0009047359824180602
1785289935.6908925,0.0,0.0,0.0008912960290908814
1785289935.6921546,0.0,0.0,0.0009011520147323608
1785289935.6934183,0.0,0.0,0.0009127680063247681
1785289935.6946812,0.0,0.0,0.000913919985294342
1785289935.6959558,0.0,0.0,0.0009308480024337769
1785289935.697223,0.0,0.0,0.0009124159812927246
1785289935.6984947,0.0,0.0,0.0009160640239715577
1785289935.6997845,0.0,0.0,0.0009423999786376953
1785289935.7010584,0.0,0.0,0.0009194239974021912
1785289935.702322,0.0,0.0,0.0009128320217132569
1785289935.7036726,0.0,0.0,0.0009309759736061096
1785289935.7049427,0.0,0.0,0.0009066879749298096
1785289935.7062068,0.0,0.0,0.0009174399971961975
1785289935.7074792,0.0,0.0,0.0009245759844779968
1785289935.7087355,0.0,0.0,0.0009071360230445862
1785289935.7100086,0.0,0.0,0.0009043520092964172
1785289935.7112753,0.0,0.0,0.0009165120124816895
1785289935.712528,0.0,0.0,0.0009032959938049316
1785289935.713765,0.0,0.0,0.0008909440040588379
1785289935.7150283,0.0,0.0,0.0009141119718551636
1785289935.716307,0.0,0.0,0.0009092159867286682
1785289935.7175543,0.0,0.0,0.0008985919952392578
1785289935.7188244,0.0,0.0,0.0009253759980201721
1785289935.7201157,0.0,0.0,0.0009203199744224548
1785289935.7213962,0.0,0.0,0.0009034559726715088
1785289935.7226737,0.0,0.0,0.0009154559969902039
1785289935.7239745,0.0,0.0,0.0009413759708404541
1785289935.725245,0.0,0.0,0.0009099199771881104
1785289935.7271378,0.0,0.0,0.0015332159996032716
1785289935.728428,0.0,0.0,0.0009096639752388001
1785289935.7296758,0.0,0.0,0.0008989120125770569
1785289935.7309294,0.0,0.0,0.0009039360284805298
1785289935.7322023,0.0,0.0,0.0009018880128860474
1785289935.7334561,0.0,0.0,0.0008993600010871887
1785289935.7347221,0.0,0.0,0.0009097920060157776
1785289935.7360213,0.0,0.0,0.0009409599900245667
1785289935.7372913,0.0,0.0,0.0009128320217132569
1785289935.738554,0.0,0.0,0.0009110720157623291
1785289935.73984,0.0,0.0,0.0009302399754524231
1785289935.7411032,0.0,0.0,0.0009104639887809753
1785289935.742347,0.0,0.0,0.0008943039774894715
1785289935.743635,0.0,0.0,0.0009366719722747802
1785289935.7448878,0.0,0.0,0.0009028159976005554
1785289935.7461498,0.0,0.0,0.0009100480079650879
1785289935.747439,0.0,0.0,0.0009372479915618897
1785289935.7486975,0.0,0.0,0.0009022399783134461
1785289935.7499561,0.0,0.0,0.0009136000275611878
1785289935.751233,0.0,0.0,0.0009280639886856079
1785289935.7524977,0.0,0.0,0.0009126399755477906
1785289935.7537613,0.0,0.0,0.0009086400270462037
1785289935.7550507,0.0,0.0,0.0009172800183296204
1785289935.756322,0.0,0.0,0.0008978880047798157
1785289935.7575758,0.0,0.0,0.0009012799859046936
1785289935.7588058,0.0,0.0,0.0008886719942092895
1785289935.7600875,0.0,0.0,0.0009143999814987182
1785289935.7613435,0.0,0.0,0.0009014080166816712
1785289935.7626066,0.0,0.0,0.0009101759791374206
1785289935.7639012,0.0,0.0,0.0009455360174179077
1785289935.765151,0.0,0.0,0.0008984640240669251
1785289935.7663922,0.0,0.0,0.0008960000276565552
1785289935.767666,0.0,0.0,0.0009237759709358215
1785289935.7689292,0.0,0.0,0.0009051200151443482
1785289935.7701867,0.0,0.0,0.0009041280150413513
1785289935.7714555,0.0,0.0,0.0009255040287971496
1785289935.7727125,0.0,0.0,0.0009136639833450317
1785289935.7739427,0.0,0.0,0.0008888319730758667
1785289935.7751884,0.0,0.0,0.0009012799859046936
1785289935.7764168,0.0,0.0,0.0008858879804611206
1785289935.7776875,0.0,0.0,0.0009163519740104675
1785289935.7789602,0.0,0.0,0.000918175995349884
1785289935.7802632,0.0,0.0,0.0009192960262298583
1785289935.782183,0.0,0.0,0.0009002879858016967
1785289935.7835069,0.0,0.0,0.0009445120096206665
1785289935.7847722,0.0,0.0,0.0009105920195579529
1785289935.7860239,0.0,0.0,0.0009045439958572387
1785289935.7873397,0.0,0.0,0.0009475520253181457
1785289935.7885954,0.0,0.0,0.0009017599821090699
1785289935.789839,0.0,0.0,0.0008956800103187561
1785289935.7911174,0.0,0.0,0.0009080960154533386
1785289935.7924104,0.0,0.0,0.0009221119880676269
1785289935.7936761,0.0,0.0,0.000913536012172699
1785289935.794949,0.0,0.0,0.000921343982219696
1785289935.7962356,0.0,0.0,0.0009143679738044739
1785289935.7974858,0.0,0.0,0.0009030399918556213
1785289935.798753,0.0,0.0,0.0009194239974021912
1785289935.8000348,0.0,0.0,0.0009297279715538025
1785289935.8012874,0.0,0.0,0.0009077759981155395
1785289935.8025415,0.0,0.0,0.0009036800265312195
1785289935.8038177,0.0,0.0,0.0009285119771957397
1785289935.8050587,0.0,0.0,0.0008902080059051513
1785289935.8063147,0.0,0.0,0.0009051520228385926
1785289935.807608,0.0,0.0,0.0009428160190582275
1785289935.808849,0.0,0.0,0.000890720009803772
1785289935.810103,0.0,0.0,0.0009056000113487244
1785289935.8113658,0.0,0.0,0.0009152960181236267
1785289935.8126178,0.0,0.0,0.0009028480052947998
1785289935.8138683,0.0,0.0,0.0009000639915466308
1785289935.8151414,0.0,0.0,0.0009226880073547364
1785289935.8164027,0.0,0.0,0.0009084799885749817
1785289935.8176486,0.0,0.0,0.0008994879722595215
1785289935.8189008,0.0,0.0,0.0009006720185279846
1785289935.8202014,0.0,0.0,0.0009129279851913452
1785289935.821468,0.0,0.0,0.0009095039963722229
1785289935.8227377,0.0,0.0,0.0009208959937095642
1785289935.824042,0.0,0.0,0.0009542719721794128
1785289935.825294,0.0,0.0,0.0009012799859046936
1785289935.8265646,0.0,0.0,0.0009165440201759339
1785289935.8278654,0.0,0.0,0.0009512959718704224
1785289935.8291502,0.0,0.0,0.0009141759872436523
1785289935.8304212,0.0,0.0,0.0009116160273551941
1785289935.831699,0.0,0.0,0.0009280639886856079
1785289935.8329852,0.0,0.0,0.0009239680171012879
1785289935.8342443,0.0,0.0,0.0009008319973945617
1785289935.8355272,0.0,0.0,0.0009327679872512817
1785289935.8368144,0.0,0.0,0.0009168000221252442
1785289935.8387764,0.0,0.0,0.00094896000623703
1785289935.8400984,0.0,0.0,0.0009356480240821838
1785289935.8413582,0.0,0.0,0.0009011200070381164
1785289935.8426101,0.0,0.0,0.0009036800265312195
1785289935.8438811,0.0,0.0,0.0009200639724731445
1785289935.845133,0.0,0.0,0.0008999360203742981
1785289935.8463945,0.0,0.0,0.0009147199988365173
1785289935.8476968,0.0,0.0,0.0009530559778213501
1785289935.848975,0.0,0.0,0.0009247040152549744
1785289935.8502297,0.0,0.0,0.0009034240245819092
1785289935.8515077,0.0,0.0,0.0009316160082817078
1785289935.8527992,0.0,0.0,0.0009176959991455078
1785289935.8540628,0.0,0.0,0.0009115200042724609
1785289935.855328,0.0,0.0,0.0009193599820137024
1785289935.8565805,0.0,0.0,0.0009061440229415894
1785289935.8578424,0.0,0.0,0.0009125440120697022
1785289935.8591251,0.0,0.0,0.0009138240218162537
1785289935.860393,0.0,0.0,0.0009048960208892823
1785289935.8616576,0.0,0.0,0.000906495988368988
1785289935.862925,0.0,0.0,0.0009196479916572571
1785289935.8642027,0.0,0.0,0.0009052479863166809
1785289935.8654547,0.0,0.0,0.0008980799913406372
1785289935.8666945,0.0,0.0,0.0008919680118560791
1785289935.8679788,0.0,0.0,0.0009364159703254699
1785289935.8692262,0.0,0.0,0.000900160014629364
1785289935.870477,0.0,0.0,0.0009066879749298096
1785289935.8717847,0.0,0.0,0.0009483839869499207
1785289935.8730528,0.0,0.0,0.000913856029510498
1785289935.8742998,0.0,0.0,0.00089683198928833
1785289935.875592,0.0,0.0,0.000940608024597168
1785289935.87685,0.0,0.0,0.0009054719805717469
1785289935.8780985,0.0,0.0,0.0008992959856987
1785289935.8793712,0.0,0.0,0.000923520028591156
1785289935.880626,0.0,0.0,0.0008973439931869506
1785289935.8818715,0.0,0.0,0.0008933759927749633
1785289935.8831422,0.0,0.0,0.0009189760088920593
1785289935.884414,0.0,0.0,0.0009183359742164611
1785289935.8856668,0.0,0.0,0.0009009280204772949
1785289935.8869402,0.0,0.0,0.0009196799993515015
1785289935.8882442,0.0,0.0,0.0009270399808883667
1785289935.889521,0.0,0.0,0.0009117119908332824
1785289935.8907719,0.0,0.0,0.000894976019859314
1785289935.892057,0.0,0.0,0.000912064015865326
1785289935.8940468,0.0,0.0,0.0009202880263328552
1785289935.8953326,0.0,0.0,0.0009336640238761902
1785289935.896599,0.0,0.0,0.0009106240272521973
1785289935.897863,0.0,0.0,0.0009135680198669434
1785289935.899154,0.0,0.0,0.0009430720210075378
1785289935.9004064,0.0,0.0,0.0009021440148353577
1785289935.9016662,0.0,0.0,0.0009106240272521973
1785289935.9029279,0.0,0.0,0.0009095039963722229
1785289935.9042099,0.0,0.0,0.0009100160002708435
1785289935.9054692,0.0,0.0,0.0009062399864196777
1785289935.9067497,0.0,0.0,0.0009323520064353943
1785289935.9080582,0.0,0.0,0.0009562559723854065
1785289935.9093275,0.0,0.0,0.0009163839817047119
1785289935.9105883,0.0,0.0,0.000906175971031189
1785289935.9118974,0.0,0.0,0.0009581760168075561
1785289935.9131792,0.0,0.0,0.0009246079921722412
1785289935.9144368,0.0,0.0,0.0009036160111427307
1785289935.9157078,0.0,0.0,0.0009219520092010498
1785289935.9169633,0.0,0.0,0.0009015359878540039
1785289935.9182312,0.0,0.0,0.0009083200097084045
1785289935.9195142,0.0,0.0,0.0009371839761734009
1785289935.9207726,0.0,0.0,0.0009028159976005554
1785289935.9220204,0.0,0.0,0.0008993279933929443
1785289935.9233,0.0,0.0,0.0009298239946365357
1785289935.9245508,0.0,0.0,0.0009008640050888061
1785289935.925803,0.0,0.0,0.0009039679765701294
1785289935.9270816,0.0,0.0,0.0009309120178222656
1785289935.9283645,0.0,0.0,0.0009076160192489624
1785289935.9296148,0.0,0.0,0.0009019520282745362
1785289935.9308622,0.0,0.0,0.0009032319784164429
1785289935.932123,0.0,0.0,0.0008982719779014588
1785289935.93338,0.0,0.0,0.0009026880264282227
1785289935.934617,0.0,0.0,0.0008894720077514648
1785289935.9358954,0.0,0.0,0.0009279360175132752
1785289935.937147,0.0,0.0,0.000900767982006073
1785289935.9384112,0.0,0.0,0.000913919985294342
1785289935.9396992,0.0,0.0,0.0009401919841766357
1785289935.9409645,0.0,0.0,0.0009136000275611878
1785289935.9422252,0.0,0.0,0.0009079359769821167
1785289935.943522,0.0,0.0,0.0009434880018234253
1785289935.9447985,0.0,0.0,0.0009155840277671813
1785289935.9460561,0.0,0.0,0.0009050559997558594
1785289935.9480233,0.0,0.0,0.0009493119716644287
1785289935.949347,0.0,0.0,0.0009380159974098206
1785289935.950609,0.0,0.0,0.0009057279825210571
1785289935.951918,0.0,0.0,0.0009440640211105346
1785289935.9531965,0.0,0.0,0.0009159039855003357
1785289935.954473,0.0,0.0,0.0009202240109443665
1785289935.955762,0.0,0.0,0.0009376959800720215
1785289935.9570308,0.0,0.0,0.0009136959910392761
1785289935.9582925,0.0,0.0,0.000913919985294342
1785289935.9595737,0.0,0.0,0.000938048005104065
1785289935.9608269,0.0,0.0,0.0008989440202713013
1785289935.9620996,0.0,0.0,0.0009251520037651062
1785289935.963401,0.0,0.0,0.0009507840275764465
1785289935.9646554,0.0,0.0,0.0008952640295028687
1785289935.9659243,0.0,0.0,0.0009137600064277649
1785289935.9671986,0.0,0.0,0.0009255040287971496
1785289935.9684587,0.0,0.0,0.0009102399945259094
1785289935.9697206,0.0,0.0,0.0009144960045814514
1785289935.9709747,0.0,0.0,0.0009081919789314271
1785289935.972249,0.0,0.0,0.0009012799859046936
1785289935.9734967,0.0,0.0,0.0008970879912376403
1785289935.9747696,0.0,0.0,0.0009183359742164611
1785289935.9760518,0.0,0.0,0.0009105920195579529
1785289935.977325,0.0,0.0,0.0009218239784240722
1785289935.9785824,0.0,0.0,0.0009048320055007935
1785289935.979864,0.0,0.0,0.0009307199716567993
1785289935.9811203,0.0,0.0,0.000902783989906311
1785289935.9823773,0.0,0.0,0.0009092479944229126
1785289935.983685,0.0,0.0,0.0009400960206985473
1785289935.9849448,0.0,0.0,0.0009030399918556213
1785289935.986181,0.0,0.0,0.0008915519714355469
1785289935.9874623,0.0,0.0,0.0009312000274658203
1785289935.9887605,0.0,0.0,0.0009319360256195068
1785289935.9900615,0.0,0.0,0.0009273599982261658
1785289935.9913733,0.0,0.0,0.0009495999813079834
1785289935.9926393,0.0,0.0,0.0009094079732894898
1785289935.9938939,0.0,0.0,0.0009068160057067871
1785289935.9951792,0.0,0.0,0.0009222720265388488
1785289935.9964404,0.0,0.0,0.0009080640077590942
1785289935.9977038,0.0,0.0,0.0009158080220222474
1785289935.998973,0.0,0.0,0.0009093440175056458
1785289936.0002756,0.0,0.0,0.0009279999732971191
1785289936.0015416,0.0,0.0,0.000909824013710022
1785289936.0035028,0.0,0.0,0.0016093120574951173
1785289936.0048022,0.0,0.0,0.0009189119935035705
1785289936.0060992,0.0,0.0,0.0009271680116653443
1785289936.0073767,0.0,0.0,0.0009223359823226928
1785289936.008638,0.0,0.0,0.0009093760251998902
1785289936.0098782,0.0,0.0,0.000888480007648468
1785289936.011141,0.0,0.0,0.0009148160219192505
1785289936.0124078,0.0,0.0,0.0009109439849853515
1785289936.0136802,0.0,0.0,0.0009213759899139404
1785289936.0149376,0.0,0.0,0.0009096639752388001
1785289936.0162144,0.0,0.0,0.000908128023147583
1785289936.0174737,0.0,0.0,0.0009078400135040283
1785289936.0187352,0.0,0.0,0.0009144319891929626
1785289936.0200217,0.0,0.0,0.0009366080164909362
1785289936.0212977,0.0,0.0,0.0009211199879646301
1785289936.0225523,0.0,0.0,0.0009049280285835267
1785289936.0238442,0.0,0.0,0.000942080020904541
1785289936.0251095,0.0,0.0,0.0009083840250968933
1785289936.0263622,0.0,0.0,0.0009033920168876648
1785289936.0276375,0.0,0.0,0.0009289600253105163
1785289936.0288959,0.0,0.0,0.0009045760035514831
1785289936.0301483,0.0,0.0,0.0009062719941139221
1785289936.031436,0.0,0.0,0.0009363840222358703
1785289936.0326834,0.0,0.0,0.0008946880102157593
1785289936.0339415,0.0,0.0,0.0009050559997558594
1785289936.035215,0.0,0.0,0.0009247360229492187
1785289936.0365107,0.0,0.0,0.0009220479726791381
1785289936.0377624,0.0,0.0,0.0009003199934959411
1785289936.0390368,0.0,0.0,0.0009226880073547364
1785289936.0403194,0.0,0.0,0.0009056000113487244
1785289936.0415804,0.0,0.0,0.0009073920249938965
1785289936.0428174,0.0,0.0,0.000886687994003296
1785289936.0441015,0.0,0.0,0.0009130880236625672
1785289936.0453548,0.0,0.0,0.0009027199745178223
1785289936.0466032,0.0,0.0,0.0009017279744148255
1785289936.0478857,0.0,0.0,0.0009333760142326354
1785289936.049177,0.0,0.0,0.0009155200123786927
1785289936.0504467,0.0,0.0,0.0009189119935035705
1785289936.0517318,0.0,0.0,0.000938048005104065
1785289936.053008,0.0,0.0,0.0009218559861183166
1785289936.0542812,0.0,0.0,0.0009195200204849244
1785289936.0555918,0.0,0.0,0.0009525120258331299
1785289936.056881,0.0,0.0,0.0009333119988441468
1785289936.0588074,0.0,0.0,0.0015679999589920043
1785289936.0601273,0.0,0.0,0.0009266560077667237
1785289936.0613909,0.0,0.0,0.0009056000113487244
1785289936.0626426,0.0,0.0,0.0009051520228385926
1785289936.0639195,0.0,0.0,0.0009302080273628235
1785289936.0651648,0.0,0.0,0.0008938239812850953
1785289936.066414,0.0,0.0,0.0008993920087814331
1785289936.0676804,0.0,0.0,0.0009199360013008118
1785289936.0689447,0.0,0.0,0.0009096320271492005
1785289936.0701804,0.0,0.0,0.0008897280097007751
1785289936.0714512,0.0,0.0,0.0009254720211029052
1785289936.0726984,0.0,0.0,0.0008994240164756775
1785289936.0739598,0.0,0.0,0.0009113600254058838
1785289936.0752492,0.0,0.0,0.0009450880289077759
1785289936.0765064,0.0,0.0,0.0009036800265312195
1785289936.0777507,0.0,0.0,0.0008957759737968445
1785289936.0790002,0.0,0.0,0.0009035519957542419
1785289936.0802858,0.0,0.0,0.0009160000085830689
1785289936.081537,0.0,0.0,0.000907039999961853
1785289936.0828044,0.0,0.0,0.0008982399702072144
1785289936.0840657,0.0,0.0,0.000893664002418518
1785289936.0853357,0.0,0.0,0.000916159987449646
1785289936.086575,0.0,0.0,0.0008919039964675903
1785289936.0878758,0.0,0.0,0.0009535040259361267
1785289936.0891228,0.0,0.0,0.0008923199772834778
1785289936.090376,0.0,0.0,0.0009019839763641358
1785289936.0916538,0.0,0.0,0.0009292479753494262
1785289936.0929105,0.0,0.0,0.0009045119881629943
1785289936.094176,0.0,0.0,0.0009146239757537841
1785289936.095446,0.0,0.0,0.0009198399782180786
1785289936.096702,0.0,0.0,0.0009005119800567627
1785289936.0979507,0.0,0.0,0.0008992000222206116
1785289936.099213,0.0,0.0,0.0009126719832420349
1785289936.1004446,0.0,0.0,0.0008840320110321045
1785289936.1016932,0.0,0.0,0.0008972480297088623
1785289936.1029375,0.0,0.0,0.0008988159894943237
1785289936.104221,0.0,0.0,0.0009096320271492005
1785289936.1054795,0.0,0.0,0.0009084799885749817
1785289936.106743,0.0,0.0,0.0009134719967842102
1785289936.1080353,0.0,0.0,0.0009407039880752564
1785289936.1093442,0.0,0.0,0.0009442239999771119
1785289936.110628,0.0,0.0,0.0009211840033531189
1785289936.1119275,0.0,0.0,0.0009479039907455445
1785289936.113214,0.0,0.0,0.0009187520146369934
1785289936.11528,0.0,0.0,0.0009694079756736756
1785289936.1165504,0.0,0.0,0.0009049280285835267
1785289936.117816,0.0,0.0,0.0009148480296134948
1785289936.1190577,0.0,0.0,0.0008935679793357849
1785289936.1203573,0.0,0.0,0.0009152320027351379
1785289936.1216176,0.0,0.0,0.0009053120017051697
1785289936.1228647,0.0,0.0,0.0008983680009841919
1785289936.1241357,0.0,0.0,0.0009015679955482483
1785289936.1254013,0.0,0.0,0.0009132159948348999
1785289936.1266508,0.0,0.0,0.0009037439823150635
1785289936.1279502,0.0,0.0,0.0009456959962844849
1785289936.1292262,0.0,0.0,0.0009194239974021912
1785289936.1304965,0.0,0.0,0.0009195200204849244
1785289936.1318026,0.0,0.0,0.0009549760222434998
1785289936.1330736,0.0,0.0,0.000916159987449646
1785289936.1344035,0.0,0.0,0.0009177600145339966
1785289936.1356802,0.0,0.0,0.0009272000193595886
1785289936.136953,0.0,0.0,0.0009196479916572571
1785289936.138215,0.0,0.0,0.0009138879776000976
1785289936.139518,0.0,0.0,0.0009524480104446411
1785289936.140779,0.0,0.0,0.0009081599712371827
1785289936.1420298,0.0,0.0,0.0009029120206832886
1785289936.143289,0.0,0.0,0.0009154239892959595
1785289936.144554,0.0,0.0,0.0009132480025291443
1785289936.1457984,0.0,0.0,0.0008983039855957032
1785289936.1470459,0.0,0.0,0.0009016640186309815
1785289936.1484103,0.0,0.0,0.0009081599712371827
1785289936.1496797,0.0,0.0,0.0008999040126800537
1785289936.1509197,0.0,0.0,0.0008908479809761048
1785289936.152193,0.0,0.0,0.0009026240110397339
1785289936.153445,0.0,0.0,0.0008954240083694458
1785289936.154696,0.0,0.0,0.0009025279879570007
1785289936.1559813,0.0,0.0,0.0009211840033531189
1785289936.157229,0.0,0.0,0.0008985279798507691
1785289936.1584833,0.0,0.0,0.0009078400135040283
1785289936.1597562,0.0,0.0,0.0009272639751434326
1785289936.1610153,0.0,0.0,0.0009114239811897277
1785289936.162325,0.0,0.0,0.0009037119746208191
1785289936.163618,0.0,0.0,0.0009430400133132934
1785289936.164887,0.0,0.0,0.0009072319865226745
1785289936.166153,0.0,0.0,0.0009134399890899658
1785289936.1674466,0.0,0.0,0.0009428799748420715
1785289936.1693609,0.0,0.0,0.001552191972732544
1785289936.170687,0.0,0.0,0.0009528959989547729
1785289936.1719828,0.0,0.0,0.0009420160055160523
1785289936.1732333,0.0,0.0,0.0008988800048828125
1785289936.1744874,0.0,0.0,0.0009027519822120667
1785289936.1757672,0.0,0.0,0.0009285119771957397
1785289936.1770215,0.0,0.0,0.00089683198928833
1785289936.1782954,0.0,0.0,0.0009226880073547364
1785289936.1795766,0.0,0.0,0.0009250239729881286
1785289936.1808574,0.0,0.0,0.0009121599793434143
1785289936.1821089,0.0,0.0,0.000901311993598938
1785289936.1833854,0.0,0.0,0.0009236800074577332
1785289936.1846397,0.0,0.0,0.0009015359878540039
1785289936.1858912,0.0,0.0,0.000907039999961853
1785289936.1871603,0.0,0.0,0.0009204480051994324
1785289936.1884196,0.0,0.0,0.0009051520228385926
1785289936.1896672,0.0,0.0,0.0009017279744148255
1785289936.1909146,0.0,0.0,0.0008999040126800537
1785289936.19221,0.0,0.0,0.0009175040125846863
1785289936.1934857,0.0,0.0,0.0009240639805793762
1785289936.1947427,0.0,0.0,0.0009078400135040283
1785289936.1960397,0.0,0.0,0.0009541119933128357
1785289936.1973052,0.0,0.0,0.0009092479944229126
1785289936.1985724,0.0,0.0,0.0009220799803733825
1785289936.1998887,0.0,0.0,0.0009471679925918579
1785289936.2011638,0.0,0.0,0.0009267839789390564
1785289936.2024312,0.0,0.0,0.0009072319865226745
1785289936.2037237,0.0,0.0,0.0009442239999771119
1785289936.2049582,0.0,0.0,0.0008826559782028198
1785289936.2062085,0.0,0.0,0.0008950719833374024
1785289936.2074914,0.0,0.0,0.0009339519739151001
1785289936.2087562,0.0,0.0,0.0009056959748268128
1785289936.210003,0.0,0.0,0.0008956800103187561
1785289936.2112803,0.0,0.0,0.0009279360175132752
1785289936.2125518,0.0,0.0,0.0009197760224342347
1785289936.2138202,0.0,0.0,0.0008989440202713013
1785289936.2150602,0.0,0.0,0.0008898559808731079
1785289936.2163405,0.0,0.0,0.0009082239866256713
1785289936.217598,0.0,0.0,0.0009050559997558594
1785289936.2188742,0.0,0.0,0.000923039972782135
1785289936.220169,0.0,0.0,0.0009127359986305237
1785289936.2214496,0.0,0.0,0.0009243839979171753
1785289936.2227185,0.0,0.0,0.000912064015865326
1785289936.2246456,0.0,0.0,0.001571071982383728
1785289936.2259343,0.0,0.0,0.000918720006942749
1785289936.2272143,0.0,0.0,0.0009276160001754761
1785289936.228475,0.0,0.0,0.0009093440175056458
1785289936.2297401,0.0,0.0,0.0009159359931945801
1785289936.231001,0.0,0.0,0.0009128959774971008
1785289936.2322834,0.0,0.0,0.00091184002161026
1785289936.2335145,0.0,0.0,0.000882528007030487
1785289936.2347817,0.0,0.0,0.0009214720129966736
1785289936.2360592,0.0,0.0,0.0009109759926795959
1785289936.237326,0.0,0.0,0.0009145280122756958
1785289936.2385907,0.0,0.0,0.0009172160029411316
1785289936.2398956,0.0,0.0,0.0009533119797706604
1785289936.2411628,0.0,0.0,0.0009101759791374206
1785289936.242409,0.0,0.0,0.0008972160220146179
1785289936.2437,0.0,0.0,0.0009469760060310363
1785289936.2449665,0.0,0.0,0.0009137920141220093
1785289936.2462578,0.0,0.0,0.0009225280284881591
1785289936.2475555,0.0,0.0,0.0009485120177268982
1785289936.2488003,0.0,0.0,0.0008914240002632141
1785289936.250055,0.0,0.0,0.0009047679901123047
1785289936.2513416,0.0,0.0,0.0009382079839706421
1785289936.2526011,0.0,0.0,0.0009089599847793579
1785289936.25387,0.0,0.0,0.00091075199842453
1785289936.255141,0.0,0.0,0.000920415997505188
1785289936.2564175,0.0,0.0,0.0009193919897079468
1785289936.257676,0.0,0.0,0.000912064015865326
1785289936.258935,0.0,0.0,0.0009071360230445862
1785289936.260211,0.0,0.0,0.0009056640267372132
1785289936.2614648,0.0,0.0,0.0009020799994468689
1785289936.2627027,0.0,0.0,0.0008898879885673523
1785289936.2639732,0.0,0.0,0.0009219840168952942
1785289936.2652323,0.0,0.0,0.0009065920114517212
1785289936.2664788,0.0,0.0,0.0008973119854927063
1785289936.2677577,0.0,0.0,0.0009267200231552124
1785289936.2689996,0.0,0.0,0.0008938879966735839
1785289936.2702575,0.0,0.0,0.0009099199771881104
1785289936.2715423,0.0,0.0,0.0009338240027427674
1785289936.272788,0.0,0.0,0.0008932480216026306
1785289936.2740324,0.0,0.0,0.0008967040181159973
1785289936.2753327,0.0,0.0,0.0009416000247001648
1785289936.2766142,0.0,0.0,0.0009194239974021912
1785289936.277883,0.0,0.0,0.0009130560159683228
1785289936.279869,0.0,0.0,0.001600160002708435
1785289936.2811606,0.0,0.0,0.0009157119989395142
1785289936.2824373,0.0,0.0,0.0009186239838600158
1785289936.2837226,0.0,0.0,0.0009353600144386291
1785289936.2849634,0.0,0.0,0.0008881919980049133
1785289936.2862082,0.0,0.0,0.0008935359716415405
1785289936.2874763,0.0,0.0,0.0009213759899139404
1785289936.2887404,0.0,0.0,0.0009094399809837341
1785289936.2899902,0.0,0.0,0.0009012479782104493
1785289936.2912686,0.0,0.0,0.0009262400269508361
1785289936.2925136,0.0,0.0,0.0008947200179100037
1785289936.29377,0.0,0.0,0.0009078400135040283
1785289936.2950277,0.0,0.0,0.0009100800156593323
1785289936.2963235,0.0,0.0,0.0009128959774971008
1785289936.2975862,0.0,0.0,0.0009094719886779785
1785289936.2988372,0.0,0.0,0.0009018239974975586
1785289936.3001313,0.0,0.0,0.0009206399917602539
1785289936.3013911,0.0,0.0,0.000900704026222229
1785289936.302642,0.0,0.0,0.0009008640050888061
1785289936.3039172,0.0,0.0,0.0009273920059204102
1785289936.3051717,0.0,0.0,0.0009021120071411133
1785289936.306421,0.0,0.0,0.0009001280069351196
1785289936.307696,0.0,0.0,0.000925216019153595
1785289936.3089378,0.0,0.0,0.000892192006111145
1785289936.3101895,0.0,0.0,0.0009015039801597596
1785289936.311473,0.0,0.0,0.0009178239703178406
1785289936.312734,0.0,0.0,0.0009104959964752197
1785289936.3139794,0.0,0.0,0.0008960000276565552
1785289936.31526,0.0,0.0,0.000933247983455658
1785289936.3165073,0.0,0.0,0.000895904004573822
1785289936.3177574,0.0,0.0,0.000908735990524292
1785289936.3190005,0.0,0.0,0.000896448016166687
1785289936.3202727,0.0,0.0,0.0008993600010871887
1785289936.3215432,0.0,0.0,0.0009071360230445862
1785289936.3227916,0.0,0.0,0.0008994879722595215
1785289936.32409,0.0,0.0,0.0009303039908409119
1785289936.3253565,0.0,0.0,0.0009131839871406555
1785289936.3265982,0.0,0.0,0.0008959680199623108
1785289936.327877,0.0,0.0,0.0009296000003814697
1785289936.3291125,0.0,0.0,0.0008840000033378601
1785289936.3303695,0.0,0.0,0.0009042879939079284
1785289936.3316572,0.0,0.0,0.0009341120123863221
1785289936.3329108,0.0,0.0,0.0009005119800567627
1785289936.3348327,0.0,0.0,0.0009255679845809936
1785289936.3361702,0.0,0.0,0.0009336959719657898
1785289936.3374345,0.0,0.0,0.0009094079732894898
1785289936.3386946,0.0,0.0,0.0009083840250968933
1785289936.3399558,0.0,0.0,0.0009122560024261475
1785289936.341207,0.0,0.0,0.0009025279879570007
1785289936.342437,0.0,0.0,0.0008810880184173584
1785289936.34372,0.0,0.0,0.0009324480295181274
1785289936.3449903,0.0,0.0,0.0009010239839553834
1785289936.346235,0.0,0.0,0.0009003199934959411
1785289936.3475332,0.0,0.0,0.0009499199986457825
1785289936.34879,0.0,0.0,0.0009028159976005554
1785289936.3500233,0.0,0.0,0.0008853440284729004
1785289936.3512857,0.0,0.0,0.0009187520146369934
1785289936.3525367,0.0,0.0,0.0009020159840583801
1785289936.3537784,0.0,0.0,0.0008967999815940857
1785289936.3550217,0.0,0.0,0.0008978880047798157
1785289936.356297,0.0,0.0,0.0009024959802627564
1785289936.3575513,0.0,0.0,0.0009026240110397339
1785289936.3587954,0.0,0.0,0.000895583987236023
1785289936.3600674,0.0,0.0,0.0008998720049858093
1785289936.361317,0.0,0.0,0.0009035519957542419
1785289936.3625953,0.0,0.0,0.0009144960045814514
1785289936.3638825,0.0,0.0,0.0009367679953575135
1785289936.3651364,0.0,0.0,0.0009035519957542419
1785289936.3663933,0.0,0.0,0.0009065600037574768
1785289936.367658,0.0,0.0,0.0009160320162773133
1785289936.368911,0.0,0.0,0.0009037439823150635
1785289936.3701608,0.0,0.0,0.0008984320163726807
1785289936.3714387,0.0,0.0,0.0009342079758644104
1785289936.3727021,0.0,0.0,0.0009090880155563355
1785289936.3739543,0.0,0.0,0.0009034240245819092
1785289936.3752217,0.0,0.0,0.0009201279878616333
1785289936.3764951,0.0,0.0,0.0009094719886779785
1785289936.3777509,0.0,0.0,0.000904703974723816
1785289936.379004,0.0,0.0,0.000907584011554718
1785289936.380294,0.0,0.0,0.0009197120070457459
1785289936.3815434,0.0,0.0,0.0009034559726715088
1785289936.3827984,0.0,0.0,0.0009058240056037903
1785289936.3840814,0.0,0.0,0.0009096000194549561
1785289936.3853574,0.0,0.0,0.0009192000031471253
1785289936.386631,0.0,0.0,0.000915008008480072
1785289936.3879085,0.0,0.0,0.0009271680116653443
1785289936.3891747,0.0,0.0,0.0009115840196609497
1785289936.39113,0.0,0.0,0.0009386240243911743
1785289936.3924184,0.0,0.0,0.0009168639779090881
1785289936.3936741,0.0,0.0,0.0009088000059127808
1785289936.394935,0.0,0.0,0.000906175971031189
1785289936.396214,0.0,0.0,0.0009055039882659912
1785289936.3974602,0.0,0.0,0.0008974720239639282
1785289936.398708,0.0,0.0,0.0008981760144233704
1785289936.4000003,0.0,0.0,0.000940608024597168
1785289936.4012613,0.0,0.0,0.0009076160192489624
1785289936.4025006,0.0,0.0,0.0008922240138053894
1785289936.4037716,0.0,0.0,0.0009219520092010498
1785289936.4050233,0.0,0.0,0.0009031999707221985
1785289936.4062681,0.0,0.0,0.0008967360258102417
1785289936.4075465,0.0,0.0,0.0009322879910469055
1785289936.4087987,0.0,0.0,0.0009027199745178223
1785289936.4100502,0.0,0.0,0.0009048960208892823
1785289936.4113162,0.0,0.0,0.0009196479916572571
1785289936.4125853,0.0,0.0,0.0009127039909362793
1785289936.4138415,0.0,0.0,0.0009100800156593323
1785289936.4150896,0.0,0.0,0.0008991039991378784
1785289936.4163797,0.0,0.0,0.0009096000194549561
1785289936.4176474,0.0,0.0,0.0009138879776000976
1785289936.418904,0.0,0.0,0.0009073920249938965
1785289936.420176,0.0,0.0,0.0009021120071411133
1785289936.421427,0.0,0.0,0.0009025279879570007
1785289936.4226956,0.0,0.0,0.0009145600199699402
1785289936.4239771,0.0,0.0,0.0009330880045890808
1785289936.425236,0.0,0.0,0.0009141439795494079
1785289936.4264882,0.0,0.0,0.0009091200232505799
1785289936.4277601,0.0,0.0,0.0009211199879646301
1785289936.4290147,0.0,0.0,0.0009062079787254334
1785289936.430276,0.0,0.0,0.0009085760116577149
1785289936.431548,0.0,0.0,0.0009249600172042847
1785289936.432807,0.0,0.0,0.0009064319729804993
1785289936.4340694,0.0,0.0,0.0009101439714431763
1785289936.4353604,0.0,0.0,0.000941536009311676
1785289936.4366195,0.0,0.0,0.0009056320190429688
1785289936.4378726,0.0,0.0,0.0009019520282745362
1785289936.4391422,0.0,0.0,0.0009204480051994324
1785289936.4404256,0.0,0.0,0.0009273599982261658
1785289936.4417214,0.0,0.0,0.000915552020072937
1785289936.443003,0.0,0.0,0.0009123200178146363
1785289936.4442973,0.0,0.0,0.000916320025920868
1785289936.4462645,0.0,0.0,0.0009407039880752564
1785289936.4475584,0.0,0.0,0.0009296320080757141
1785289936.4488156,0.0,0.0,0.0009011520147323608
1785289936.45006,0.0,0.0,0.0008967040181159973
1785289936.451333,0.0,0.0,0.0009234880208969117
1785289936.4525893,0.0,0.0,0.000902783989906311
1785289936.4538534,0.0,0.0,0.000914080023765564
1785289936.4551518,0.0,0.0,0.0009445440173149109
1785289936.456413,0.0,0.0,0.000908896028995514
1785289936.4576557,0.0,0.0,0.0008948479890823365
1785289936.4588876,0.0,0.0,0.0008892160058021545
1785289936.4601603,0.0,0.0,0.0009011200070381164
1785289936.4614072,0.0,0.0,0.0008898559808731079
1785289936.4626884,0.0,0.0,0.0009252480268478393
1785289936.4639726,0.0,0.0,0.000937824010848999
1785289936.4652383,0.0,0.0,0.0009147840142250061
1785289936.4664721,0.0,0.0,0.0008916159868240357
1785289936.4677408,0.0,0.0,0.000922752022743225
1785289936.468997,0.0,0.0,0.0009093440175056458
1785289936.4702485,0.0,0.0,0.0009054719805717469
1785289936.4715238,0.0,0.0,0.0009275199770927429
1785289936.4727762,0.0,0.0,0.0008967999815940857
1785289936.474044,0.0,0.0,0.000916159987449646
1785289936.475332,0.0,0.0,0.0009269760251045227
1785289936.4766088,0.0,0.0,0.0009136959910392761
1785289936.4778638,0.0,0.0,0.0009042879939079284
1785289936.4791374,0.0,0.0,0.000923200011253357
1785289936.4804163,0.0,0.0,0.0009215999841690063
1785289936.481673,0.0,0.0,0.0009067199826240539
1785289936.4829347,0.0,0.0,0.0009016320109367371
1785289936.4842286,0.0,0.0,0.0009168319702148438
1785289936.485482,0.0,0.0,0.0009009600281715393
1785289936.4867427,0.0,0.0,0.0009101759791374206
1785289936.4880311,0.0,0.0,0.0009379199743270874
1785289936.4892812,0.0,0.0,0.0008971199989318847
1785289936.490534,0.0,0.0,0.0009038400053977966
1785289936.4918058,0.0,0.0,0.0009232959747314453
1785289936.4930744,0.0,0.0,0.0009183999896049499
1785289936.4943318,0.0,0.0,0.0009030399918556213
1785289936.4956262,0.0,0.0,0.0009435200095176696
1785289936.4968867,0.0,0.0,0.0008941760063171387
1785289936.498159,0.0,0.0,0.0009083200097084045
1785289936.4994555,0.0,0.0,0.0009406399726867676
1785289936.5013568,0.0,0.0,0.001540992021560669
1785289936.5026414,0.0,0.0,0.0009128000140190125
1785289936.5039387,0.0,0.0,0.0009435200095176696
1785289936.5051894,0.0,0.0,0.0008980799913406372
1785289936.5064332,0.0,0.0,0.0008914880156517029
1785289936.5077515,0.0,0.0,0.0009533439874649048
1785289936.508994,0.0,0.0,0.0008919680118560791
1785289936.5102556,0.0,0.0,0.0009094719886779785
1785289936.5115418,0.0,0.0,0.0009326720237731933
1785289936.5128026,0.0,0.0,0.0009088640213012696
1785289936.5140696,0.0,0.0,0.0009126399755477906
1785289936.5153475,0.0,0.0,0.000927232027053833
1785289936.516599,0.0,0.0,0.0008997120261192322
1785289936.5178483,0.0,0.0,0.0008987200260162354
1785289936.5191207,0.0,0.0,0.0009030399918556213
1785289936.5203733,0.0,0.0,0.0008999680280685425
1785289936.5216196,0.0,0.0,0.0008952320218086243
1785289936.5228572,0.0,0.0,0.0008958399891853332
1785289936.5241287,0.0,0.0,0.0009060479998588562
1785289936.5254078,0.0,0.0,0.0009068160057067871
1785289936.526658,0.0,0.0,0.0009014400243759156
1785289936.5279503,0.0,0.0,0.0009415680170059204
1785289936.5292134,0.0,0.0,0.0009108160138130188
1785289936.5304697,0.0,0.0,0.0009065600037574768
1785289936.5317507,0.0,0.0,0.0009319040179252624
1785289936.533026,0.0,0.0,0.0009236800074577332
1785289936.5342865,0.0,0.0,0.0009092159867286682
1785289936.5355456,0.0,0.0,0.000913536012172699
1785289936.5367994,0.0,0.0,0.0009061440229415894
1785289936.538053,0.0,0.0,0.0009030079841613769
1785289936.5393262,0.0,0.0,0.0009239040017127991
1785289936.5405762,0.0,0.0,0.0008997120261192322
1785289936.5418437,0.0,0.0,0.0009182400107383728
1785289936.5430894,0.0,0.0,0.0008976960182189941
1785289936.5443795,0.0,0.0,0.0009190400242805481
1785289936.545618,0.0,0.0,0.000891871988773346
1785289936.5468771,0.0,0.0,0.0009076160192489624
1785289936.5481422,0.0,0.0,0.0009063360095024109
1785289936.5494037,0.0,0.0,0.0009105280041694641
1785289936.5506675,0.0,0.0,0.000916320025920868
1785289936.551959,0.0,0.0,0.0009334080219268798
1785289936.5532193,0.0,0.0,0.0009054719805717469
1785289936.55446,0.0,0.0,0.0008904640078544616
1785289936.5565054,0.0,0.0,0.0016944960355758667
1785289936.5578256,0.0,0.0,0.0009397760033607483
1785289936.5590718,0.0,0.0,0.0008952640295028687
1785289936.560388,0.0,0.0,0.0009261760115623475
1785289936.561669,0.0,0.0,0.0009152960181236267
1785289936.56293,0.0,0.0,0.0009110720157623291
1785289936.5642202,0.0,0.0,0.0009195200204849244
1785289936.5654795,0.0,0.0,0.0009102399945259094
1785289936.5667384,0.0,0.0,0.0009096959829330444
1785289936.568022,0.0,0.0,0.0009303359985351563
1785289936.5692878,0.0,0.0,0.0009076799750328064
1785289936.5705402,0.0,0.0,0.0009030399918556213
1785289936.5718222,0.0,0.0,0.0009296320080757141
1785289936.5731134,0.0,0.0,0.0009205440282821655
1785289936.5743763,0.0,0.0,0.0009085760116577149
1785289936.5756638,0.0,0.0,0.0009428480267524719
1785289936.5769339,0.0,0.0,0.0009158080220222474
1785289936.5781968,0.0,0.0,0.0009117119908332824
1785289936.579476,0.0,0.0,0.0009325760006904602
1785289936.5807521,0.0,0.0,0.0009254720211029052
1785289936.5820239,0.0,0.0,0.0009161279797554016
1785289936.583294,0.0,0.0,0.0009266240000724793
1785289936.5845413,0.0,0.0,0.0008967040181159973
1785289936.585785,0.0,0.0,0.0008978559970855713
1785289936.5870388,0.0,0.0,0.0009016640186309815
1785289936.588323,0.0,0.0,0.0009013760089874268
1785289936.5895739,0.0,0.0,0.0009028480052947998
1785289936.5908132,0.0,0.0,0.0008924800157546997
1785289936.5921142,0.0,0.0,0.0009293760061264038
1785289936.5933619,0.0,0.0,0.000895904004573822
1785289936.5945928,0.0,0.0,0.0008840320110321045
1785289936.595872,0.0,0.0,0.0009303359985351563
1785289936.597126,0.0,0.0,0.0009026240110397339
1785289936.5983784,0.0,0.0,0.0009038400053977966
1785289936.599661,0.0,0.0,0.0009395520091056823
1785289936.6009254,0.0,0.0,0.0009139840006828308
1785289936.6021793,0.0,0.0,0.0009060159921646118
1785289936.6034586,0.0,0.0,0.0009342079758644104
1785289936.6047206,0.0,0.0,0.0009084799885749817
1785289936.606026,0.0,0.0,0.0009243519902229309
1785289936.6073215,0.0,0.0,0.0009392639994621277
1785289936.6085851,0.0,0.0,0.0009090560078620911
1785289936.6098464,0.0,0.0,0.0009071999788284302
1785289936.611811,0.0,0.0,0.0016080000400543212
1785289936.613092,0.0,0.0,0.0009127359986305237
1785289936.6143444,0.0,0.0,0.0009039040207862854
1785289936.6156526,0.0,0.0,0.0009570239782333374
1785289936.6169314,0.0,0.0,0.0009221119880676269
1785289936.618185,0.0,0.0,0.0009029759764671326
1785289936.619464,0.0,0.0,0.0009271039962768555
1785289936.6207266,0.0,0.0,0.0009088320136070252
1785289936.6219628,0.0,0.0,0.0008892160058021545
1785289936.6232357,0.0,0.0,0.0009276160001754761
1785289936.6245015,0.0,0.0,0.0009134079813957214
1785289936.6257625,0.0,0.0,0.0009062079787254334
1785289936.6270223,0.0,0.0,0.0009136319756507873
1785289936.6282985,0.0,0.0,0.000901856005191803
1785289936.629545,0.0,0.0,0.0008974080085754394
1785289936.6308002,0.0,0.0,0.0009087039828300476
1785289936.6320865,0.0,0.0,0.0009200639724731445
1785289936.633344,0.0,0.0,0.0009009600281715393
1785289936.6345932,0.0,0.0,0.0008991680145263672
1785289936.6358883,0.0,0.0,0.0009478719830513001
1785289936.6371553,0.0,0.0,0.000916159987449646
1785289936.6384323,0.0,0.0,0.0009096320271492005
1785289936.6397274,0.0,0.0,0.0009484800100326538
1785289936.6409674,0.0,0.0,0.0008925759792327881
1785289936.6422262,0.0,0.0,0.0009124159812927246
1785289936.6435082,0.0,0.0,0.0009320639967918396
1785289936.644761,0.0,0.0,0.0009034240245819092
1785289936.6460278,0.0,0.0,0.000917792022228241
1785289936.6473053,0.0,0.0,0.0009324480295181274
1785289936.6485584,0.0,0.0,0.0008946880102157593
1785289936.649818,0.0,0.0,0.0009080640077590942
1785289936.651069,0.0,0.0,0.0009039679765701294
1785289936.6523812,0.0,0.0,0.0009331520199775695
1785289936.6536562,0.0,0.0,0.0009200639724731445
1785289936.6549284,0.0,0.0,0.000912608027458191
1785289936.6562233,0.0,0.0,0.0009209920167922974
1785289936.6574888,0.0,0.0,0.0009078080058097839
1785289936.6587405,0.0,0.0,0.0008995199799537659
1785289936.6600215,0.0,0.0,0.0009279999732971191
1785289936.6612904,0.0,0.0,0.000915615975856781
1785289936.6625733,0.0,0.0,0.0009197120070457459
1785289936.6638558,0.0,0.0,0.0009336000084877015
1785289936.6651108,0.0,0.0,0.0009004799723625183
1785289936.667055,0.0,0.0,0.001589408040046692
1785289936.668361,0.0,0.0,0.000904416024684906
1785289936.669611,0.0,0.0,0.0008909440040588379
1785289936.670863,0.0,0.0,0.0008970239758491516
1785289936.672139,0.0,0.0,0.0009111679792404174
1785289936.6734064,0.0,0.0,0.000912992000579834
1785289936.674671,0.0,0.0,0.0009110720157623291
1785289936.6759293,0.0,0.0,0.0009108800292015076
1785289936.677176,0.0,0.0,0.0008988159894943237
1785289936.6784263,0.0,0.0,0.0009007359743118286
1785289936.6796916,0.0,0.0,0.0009189119935035705
1785289936.6809497,0.0,0.0,0.0009083200097084045
1785289936.6821835,0.0,0.0,0.0008876479864120484
1785289936.683477,0.0,0.0,0.000942080020904541
1785289936.6847482,0.0,0.0,0.000914080023765564
1785289936.686015,0.0,0.0,0.0009173120260238647
1785289936.6873116,0.0,0.0,0.0009507520198822021
1785289936.6885831,0.0,0.0,0.0009149760007858276
1785289936.6898472,0.0,0.0,0.0009147840142250061
1785289936.6911433,0.0,0.0,0.0009302719831466675
1785289936.692421,0.0,0.0,0.0009177600145339966
1785289936.6936805,0.0,0.0,0.0009109759926795959
1785289936.694937,0.0,0.0,0.0009076799750328064
1785289936.696217,0.0,0.0,0.0009090560078620911
1785289936.697466,0.0,0.0,0.0008985919952392578
1785289936.6987128,0.0,0.0,0.0009010239839553834
1785289936.699989,0.0,0.0,0.00093094402551651
1785289936.701252,0.0,0.0,0.0009090560078620911
1785289936.7024963,0.0,0.0,0.0008953920006752014
1785289936.703792,0.0,0.0,0.0009254400134086609
1785289936.7050538,0.0,0.0,0.0009096320271492005
1785289936.706303,0.0,0.0,0.0008987200260162354
1785289936.7075677,0.0,0.0,0.0009183999896049499
1785289936.7088242,0.0,0.0,0.000904416024684906
1785289936.7100708,0.0,0.0,0.0009003199934959411
1785289936.7113423,0.0,0.0,0.0009234880208969117
1785289936.712592,0.0,0.0,0.0008972480297088623
1785289936.7138493,0.0,0.0,0.0009120320081710816
1785289936.7151334,0.0,0.0,0.0009259200096130371
1785289936.7164,0.0,0.0,0.0009072960019111633
1785289936.717659,0.0,0.0,0.0009017919898033142
1785289936.718914,0.0,0.0,0.0009050880074501038
1785289936.7202046,0.0,0.0,0.0009168000221252442
1785289936.722115,0.0,0.0,0.0015526399612426757
1785289936.7234192,0.0,0.0,0.0009351040124893188
1785289936.724693,0.0,0.0,0.0009144319891929626
1785289936.7259505,0.0,0.0,0.000908415973186493
1785289936.7272122,0.0,0.0,0.0009157119989395142
1785289936.7284706,0.0,0.0,0.0009038079977035522
1785289936.729725,0.0,0.0,0.000905023992061615
1785289936.730971,0.0,0.0,0.0008935040235519409
1785289936.7322536,0.0,0.0,0.0009132159948348999
1785289936.7335086,0.0,0.0,0.0009063360095024109
1785289936.734757,0.0,0.0,0.0009021120071411133
1785289936.7360308,0.0,0.0,0.0009246079921722412
1785289936.7373075,0.0,0.0,0.0009069759845733642
1785289936.738574,0.0,0.0,0.0009134719967842102
1785289936.73985,0.0,0.0,0.0009219840168952942
1785289936.7411087,0.0,0.0,0.0009094079732894898
1785289936.7423594,0.0,0.0,0.0009031360149383545
1785289936.7436335,0.0,0.0,0.000923583984375
1785289936.7448978,0.0,0.0,0.0009083200097084045
1785289936.7461483,0.0,0.0,0.0009029759764671326
1785289936.7474272,0.0,0.0,0.0009305599927902222
1785289936.7486832,0.0,0.0,0.0009017599821090699
1785289936.749946,0.0,0.0,0.0009104319810867309
1785289936.7512167,0.0,0.0,0.0009248639941215515
1785289936.752473,0.0,0.0,0.0009053760170936585
1785289936.753711,0.0,0.0,0.0008923839926719665
1785289936.7549517,0.0,0.0,0.0008951359987258911
1785289936.7562194,0.0,0.0,0.0008940160274505615
1785289936.7574723,0.0,0.0,0.0009025279879570007
1785289936.758732,0.0,0.0,0.0009067839980125427
1785289936.7600005,0.0,0.0,0.0009195520281791687
1785289936.7612574,0.0,0.0,0.0009068160057067871
1785289936.7625175,0.0,0.0,0.0009103360176086426
1785289936.7637956,0.0,0.0,0.000923200011253357
1785289936.7650514,0.0,0.0,0.0008966400027275085
1785289936.7663047,0.0,0.0,0.0009029120206832886
1785289936.7675772,0.0,0.0,0.0009248639941215515
1785289936.768834,0.0,0.0,0.0008948159813880921
1785289936.7701154,0.0,0.0,0.0009158400297164917
1785289936.7714124,0.0,0.0,0.0009444159865379334
1785289936.7726886,0.0,0.0,0.0009201920032501221
1785289936.7739565,0.0,0.0,0.0009160959720611573
1785289936.775253,0.0,0.0,0.0009400320053100586
1785289936.7771833,0.0,0.0,0.0015711040496826172
1785289936.7784631,0.0,0.0,0.0009086719751358033
1785289936.779747,0.0,0.0,0.0009312000274658203
1785289936.7809956,0.0,0.0,0.0008922560214996338
1785289936.7822466,0.0,0.0,0.000900704026222229
1785289936.7835255,0.0,0.0,0.0009376000165939331
1785289936.784794,0.0,0.0,0.0009142400026321411
1785289936.7860632,0.0,0.0,0.0009196159839630127
1785289936.7873569,0.0,0.0,0.0009458240270614624
1785289936.7886348,0.0,0.0,0.0009250239729881286
1785289936.7898853,0.0,0.0,0.0009001920223236084
1785289936.791149,0.0,0.0,0.0009130240082740784
1785289936.7923918,0.0,0.0,0.000888480007648468
1785289936.7936356,0.0,0.0,0.0008984000086784363
1785289936.7948756,0.0,0.0,0.0008924480080604553
1785289936.7961504,0.0,0.0,0.0009071999788284302
1785289936.7973986,0.0,0.0,0.0008992959856987
1785289936.7986457,0.0,0.0,0.0008960319757461548
1785289936.799941,0.0,0.0,0.0009465280175209045
1785289936.8012002,0.0,0.0,0.0009054399728775025
1785289936.8024595,0.0,0.0,0.0009120960235595704
1785289936.8037453,0.0,0.0,0.0009394239783287048
1785289936.8050075,0.0,0.0,0.0009084479808807373
1785289936.806258,0.0,0.0,0.0009020799994468689
1785289936.807532,0.0,0.0,0.0009255679845809936
1785289936.808767,0.0,0.0,0.0008882560133934021
1785289936.810051,0.0,0.0,0.0009187840223312378
1785289936.811323,0.0,0.0,0.0009253439903259277
1785289936.8125854,0.0,0.0,0.0009068800210952759
1785289936.8138454,0.0,0.0,0.000908352017402649
1785289936.8151588,0.0,0.0,0.000897376000881195
1785289936.8164403,0.0,0.0,0.00091212797164917
1785289936.8176973,0.0,0.0,0.0009063040018081665
1785289936.8189511,0.0,0.0,0.0009076799750328064
1785289936.8202338,0.0,0.0,0.0009041919708251953
1785289936.821487,0.0,0.0,0.0008997439742088318
1785289936.8227453,0.0,0.0,0.0009096959829330444
1785289936.8240345,0.0,0.0,0.0009393600225448608
1785289936.825294,0.0,0.0,0.0009115200042724609
1785289936.8265615,0.0,0.0,0.0009150400161743164
1785289936.8278577,0.0,0.0,0.0009327359795570373
1785289936.829173,0.0,0.0,0.0009341760277748108
1785289936.8304336,0.0,0.0,0.0009067199826240539
1785289936.8323896,0.0,0.0,0.001601855993270874
1785289936.8336844,0.0,0.0,0.0009223999977111816
1785289936.834972,0.0,0.0,0.0009154559969902039
1785289936.8362577,0.0,0.0,0.0009085440039634705
1785289936.8375216,0.0,0.0,0.0009137279987335205
1785289936.83878,0.0,0.0,0.0009099839925765991
1785289936.840062,0.0,0.0,0.0009120960235595704
1785289936.8413103,0.0,0.0,0.0008945279717445374
1785289936.8425686,0.0,0.0,0.0009077439904212951
1785289936.843846,0.0,0.0,0.0009289280176162719
1785289936.8451114,0.0,0.0,0.0009147199988365173
1785289936.8463585,0.0,0.0,0.0008992959856987
1785289936.8476293,0.0,0.0,0.0009223039746284484
1785289936.8488774,0.0,0.0,0.000894208014011383
1785289936.8501284,0.0,0.0,0.0009011200070381164
1785289936.8514118,0.0,0.0,0.000934656023979187
1785289936.8526745,0.0,0.0,0.000909280002117157
1785289936.8539453,0.0,0.0,0.0009082880020141601
1785289936.8552082,0.0,0.0,0.0009141439795494079
1785289936.8564517,0.0,0.0,0.0008934400081634521
1785289936.8576946,0.0,0.0,0.0008949120044708252
1785289936.8589485,0.0,0.0,0.0009051200151443482
1785289936.860235,0.0,0.0,0.0009213759899139404
1785289936.861496,0.0,0.0,0.0009095680117607117
1785289936.8627543,0.0,0.0,0.0009120960235595704
1785289936.8640325,0.0,0.0,0.000933023989200592
1785289936.8652902,0.0,0.0,0.0009095360040664673
1785289936.866539,0.0,0.0,0.0009020159840583801
1785289936.8678346,0.0,0.0,0.0009264000058174134
1785289936.8690968,0.0,0.0,0.0009078400135040283
1785289936.8703496,0.0,0.0,0.0009047679901123047
1785289936.8716419,0.0,0.0,0.0009396160244941711
1785289936.872883,0.0,0.0,0.0008922560214996338
1785289936.8741348,0.0,0.0,0.0009074239730834961
1785289936.8754067,0.0,0.0,0.0009239360094070435
1785289936.8766634,0.0,0.0,0.0009066879749298096
1785289936.877923,0.0,0.0,0.0009072960019111633
1785289936.8791895,0.0,0.0,0.0009206719994544983
1785289936.8804297,0.0,0.0,0.0008889279961585998
1785289936.8816752,0.0,0.0,0.0008988479971885681
1785289936.882933,0.0,0.0,0.0009048640131950379
1785289936.8842316,0.0,0.0,0.0009149119853973388
1785289936.885496,0.0,0.0,0.000909280002117157
1785289936.88748,0.0,0.0,0.0016223360300064086
1785289936.8887756,0.0,0.0,0.0009236479997634888
1785289936.8900344,0.0,0.0,0.0009054719805717469
1785289936.8913193,0.0,0.0,0.0009334080219268798
1785289936.8925817,0.0,0.0,0.0009064000248908997
1785289936.8938656,0.0,0.0,0.0009283519983291626
1785289936.8951461,0.0,0.0,0.0009319679737091064
1785289936.8964262,0.0,0.0,0.0009195839762687683
1785289936.8976622,0.0,0.0,0.0008891519904136658
1785289936.8988993,0.0,0.0,0.0008936319947242736
1785289936.9001834,0.0,0.0,0.0009069120287895203
1785289936.9014268,0.0,0.0,0.0008967999815940857
1785289936.9026783,0.0,0.0,0.000900543987751007
1785289936.9039543,0.0,0.0,0.0009302719831466675
1785289936.9052017,0.0,0.0,0.0008940479755401612
1785289936.9064438,0.0,0.0,0.000897279977798462
1785289936.9077137,0.0,0.0,0.0009224960207939148
1785289936.9089782,0.0,0.0,0.0009158400297164917
1785289936.9102213,0.0,0.0,0.000894976019859314
1785289936.9114969,0.0,0.0,0.0009298560023307801
1785289936.9127607,0.0,0.0,0.0009093760251998902
1785289936.9140258,0.0,0.0,0.0009155840277671813
1785289936.9152932,0.0,0.0,0.0009190719723701477
1785289936.9165547,0.0,0.0,0.0009103360176086426
1785289936.917796,0.0,0.0,0.0008947520256042481
1785289936.9190557,0.0,0.0,0.0009063360095024109
1785289936.920355,0.0,0.0,0.0009194560050964356
1785289936.921626,0.0,0.0,0.000921343982219696
1785289936.9228876,0.0,0.0,0.0009101759791374206
1785289936.924175,0.0,0.0,0.0009204800128936768
1785289936.9254155,0.0,0.0,0.0008873280286788941
1785289936.9266708,0.0,0.0,0.0009036160111427307
1785289936.927954,0.0,0.0,0.0009328320026397705
1785289936.929193,0.0,0.0,0.0008897600173950195
1785289936.9304368,0.0,0.0,0.0008986560106277466
1785289936.9317448,0.0,0.0,0.0009445440173149109
1785289936.9330182,0.0,0.0,0.0009021120071411133
1785289936.934247,0.0,0.0,0.0008855680227279663
1785289936.9355214,0.0,0.0,0.0009285439848899841
1785289936.9367695,0.0,0.0,0.0009011840224266052
1785289936.938048,0.0,0.0,0.0009228159785270691
1785289936.9393332,0.0,0.0,0.0009292799830436706
1785289936.9405937,0.0,0.0,0.0009063680171966553
1785289936.9418623,0.0,0.0,0.0009174720048904419
1785289936.9438443,0.0,0.0,0.000962943971157074
1785289936.945125,0.0,0.0,0.0009167680144309998
1785289936.946385,0.0,0.0,0.0009036480188369751
1785289936.9476745,0.0,0.0,0.0009380800127983093
1785289936.948932,0.0,0.0,0.0009029120206832886
1785289936.9501941,0.0,0.0,0.000913856029510498
1785289936.9514873,0.0,0.0,0.0009465919733047485
1785289936.9527595,0.0,0.0,0.0009138879776000976
1785289936.9540248,0.0,0.0,0.000915776014328003
1785289936.9553096,0.0,0.0,0.0009377920031547547
1785289936.9565885,0.0,0.0,0.0009211840033531189
1785289936.9578493,0.0,0.0,0.0009080320000648498
1785289936.959126,0.0,0.0,0.0009106559753417969
1785289936.9604068,0.0,0.0,0.0009243199825286865
1785289936.9616644,0.0,0.0,0.0009047359824180602
1785289936.9629107,0.0,0.0,0.0008981760144233704
1785289936.964207,0.0,0.0,0.0009209280014038086
1785289936.96548,0.0,0.0,0.0009007999897003173
1785289936.9667335,0.0,0.0,0.0009037759900093078
1785289936.967995,0.0,0.0,0.0009234240055084229
1785289936.9692397,0.0,0.0,0.0008906880021095276
1785289936.9704986,0.0,0.0,0.0009109759926795959
1785289936.9717672,0.0,0.0,0.0009187840223312378
1785289936.9730177,0.0,0.0,0.0009006080031394958
1785289936.9742727,0.0,0.0,0.0009085119962692261
1785289936.975549,0.0,0.0,0.0009160959720611573
1785289936.9768002,0.0,0.0,0.0009016960263252259
1785289936.978058,0.0,0.0,0.0009118080139160156
1785289936.979329,0.0,0.0,0.0009185600280761718
1785289936.9805768,0.0,0.0,0.0008911359906196595
1785289936.9818268,0.0,0.0,0.0009038400053977966
1785289936.9830859,0.0,0.0,0.0009090880155563355
1785289936.984374,0.0,0.0,0.0009127359986305237
1785289936.985628,0.0,0.0,0.0009040319919586181
1785289936.9869554,0.0,0.0,0.0009122239947319031
1785289936.9882293,0.0,0.0,0.0009013440012931824
1785289936.9894862,0.0,0.0,0.0009084479808807373
1785289936.990743,0.0,0.0,0.0009097920060157776
1785289936.9920192,0.0,0.0,0.0009249280095100403
1785289936.9932792,0.0,0.0,0.0009099519848823547
1785289936.9945276,0.0,0.0,0.0008946239948272705
1785289936.9958174,0.0,0.0,0.0009328960180282592
1785289936.9970884,0.0,0.0,0.0009130240082740784
1785289936.9991162,0.0,0.0,0.0009481920003890992
1785289937.0003865,0.0,0.0,0.0009063360095024109
1785289937.0016406,0.0,0.0,0.000900160014629364
1785289937.0028918,0.0,0.0,0.0009032319784164429
1785289937.0041664,0.0,0.0,0.000903328001499176
1785289937.0054257,0.0,0.0,0.0009122880101203919
1785289937.006701,0.0,0.0,0.0009260159730911254
1785289937.0079913,0.0,0.0,0.0009403520226478576
1785289937.0093098,0.0,0.0,0.0009399679899215698
1785289937.0106077,0.0,0.0,0.0009203519821166992
1785289937.0119283,0.0,0.0,0.0009617599844932557
1785289937.013193,0.0,0.0,0.0009078400135040283
1785289937.0144513,0.0,0.0,0.0009048320055007935
1785289937.0159554,0.0,0.0,0.000929311990737915
1785289937.017201,0.0,0.0,0.0008923519849777222
1785289937.018453,0.0,0.0,0.0009022079706192017
1785289937.0197558,0.0,0.0,0.0009513599872589112
1785289937.0210137,0.0,0.0,0.0009037439823150635
1785289937.02229,0.0,0.0,0.0009100160002708435
1785289937.0235608,0.0,0.0,0.0009205440282821655
1785289937.024816,0.0,0.0,0.0009067199826240539
1785289937.026073,0.0,0.0,0.0009084799885749817
1785289937.0273526,0.0,0.0,0.0009293439984321594
1785289937.0286229,0.0,0.0,0.0009108800292015076
1785289937.0298579,0.0,0.0,0.0008891839981079101
1785289937.0311427,0.0,0.0,0.0009323199987411499
1785289937.0324214,0.0,0.0,0.0009135040044784546
1785289937.0336752,0.0,0.0,0.0009021120071411133
1785289937.0349038,0.0,0.0,0.0008821759819984436
1785289937.0361753,0.0,0.0,0.0009020799994468689
1785289937.0374236,0.0,0.0,0.0008989440202713013
1785289937.038677,0.0,0.0,0.0009050880074501038
1785289937.0399754,0.0,0.0,0.0009493759870529175
1785289937.0412393,0.0,0.0,0.000911679983139038
1785289937.0424867,0.0,0.0,0.0009031360149383545
1785289937.043758,0.0,0.0,0.0009229440093040467
1785289937.0449991,0.0,0.0,0.0008898559808731079
1785289937.0462494,0.0,0.0,0.0009019839763641358
1785289937.0475338,0.0,0.0,0.0009364799857139587
1785289937.0488167,0.0,0.0,0.0009201279878616333
1785289937.0500968,0.0,0.0,0.0009202560186386109
1785289937.0514035,0.0,0.0,0.0009479359984397889
1785289937.0533264,0.0,0.0,0.0015606720447540283
1785289937.0546126,0.0,0.0,0.0009109439849853515
1785289937.0559056,0.0,0.0,0.0009378880262374878
1785289937.057151,0.0,0.0,0.000896448016166687
1785289937.0583982,0.0,0.0,0.0009035840034484863
1785289937.0596738,0.0,0.0,0.0009238719940185547
1785289937.0609345,0.0,0.0,0.0009088000059127808
1785289937.06217,0.0,0.0,0.0008859519958496094
1785289937.06344,0.0,0.0,0.0009205440282821655
1785289937.0646896,0.0,0.0,0.0008999999761581421
1785289937.065923,0.0,0.0,0.0008867200016975402
1785289937.0672016,0.0,0.0,0.0009275839924812317
1785289937.0684395,0.0,0.0,0.0008828160166740417
1785289937.0696895,0.0,0.0,0.0009016640186309815
1785289937.070944,0.0,0.0,0.0009090560078620911
1785289937.0722206,0.0,0.0,0.0009046720266342163
1785289937.0734582,0.0,0.0,0.0008919360041618347
1785289937.0747166,0.0,0.0,0.0009083200097084045
1785289937.076015,0.0,0.0,0.0009446399807929993
1785289937.0772622,0.0,0.0,0.0008945599794387818
1785289937.0785244,0.0,0.0,0.0009081919789314271
1785289937.0798147,0.0,0.0,0.000939903974533081
1785289937.08106,0.0,0.0,0.0008952320218086243
1785289937.082305,0.0,0.0,0.0008982080221176148
1785289937.0835814,0.0,0.0,0.0009251520037651062
1785289937.0848377,0.0,0.0,0.0009079040288925171
1785289937.0860827,0.0,0.0,0.0008988159894943237
1785289937.087357,0.0,0.0,0.0009210559725761413
1785289937.088608,0.0,0.0,0.0008969280123710632
1785289937.089852,0.0,0.0,0.0008947839736938477
1785289937.0911255,0.0,0.0,0.0009037119746208191
1785289937.0923994,0.0,0.0,0.0009181119799613952
1785289937.0936384,0.0,0.0,0.0008905280232429504
1785289937.0948946,0.0,0.0,0.0009057919979095459
1785289937.096195,0.0,0.0,0.0009242560267448425
1785289937.0974603,0.0,0.0,0.0009019200205802918
1785289937.0987272,0.0,0.0,0.0009033600091934204
1785289937.1000044,0.0,0.0,0.0009293760061264038
1785289937.1012583,0.0,0.0,0.0008987839818000794
1785289937.102505,0.0,0.0,0.0009022079706192017
1785289937.1037881,0.0,0.0,0.0009372159838676453
1785289937.1050599,0.0,0.0,0.0009089919924736023
1785289937.106321,0.0,0.0,0.0009078080058097839
1785289937.107611,0.0,0.0,0.0009321920275688171
1785289937.109548,0.0,0.0,0.000923520028591156
1785289937.1108081,0.0,0.0,0.000897055983543396
1785289937.112107,0.0,0.0,0.0009191359877586365
1785289937.113367,0.0,0.0,0.0009097920060157776
1785289937.114618,0.0,0.0,0.0009016960263252259
1785289937.115888,0.0,0.0,0.0009196799993515015
1785289937.1171434,0.0,0.0,0.0008980159759521485
1785289937.1183941,0.0,0.0,0.0008988479971885681
1785289937.1196716,0.0,0.0,0.0009273279905319214
1785289937.1209128,0.0,0.0,0.0008895040154457092
1785289937.1221564,0.0,0.0,0.0008984000086784363
1785289937.1234522,0.0,0.0,0.0009486079812049866
1785289937.1247182,0.0,0.0,0.0009101439714431763
1785289937.1259754,0.0,0.0,0.000907967984676361
1785289937.1272554,0.0,0.0,0.0009316160082817078
1785289937.1285126,0.0,0.0,0.00090447998046875
1785289937.1297803,0.0,0.0,0.0009057919979095459
1785289937.131028,0.0,0.0,0.0008983039855957032
1785289937.1323187,0.0,0.0,0.0009153599739074706
1785289937.1335588,0.0,0.0,0.0008959680199623108
1785289937.1348078,0.0,0.0,0.0008952640295028687
1785289937.1361096,0.0,0.0,0.0009253119826316833
1785289937.137371,0.0,0.0,0.0009097920060157776
1785289937.1386116,0.0,0.0,0.0008948159813880921
1785289937.1399226,0.0,0.0,0.0009647679924964904
1785289937.1411967,0.0,0.0,0.0009067839980125427
1785289937.1424606,0.0,0.0,0.0009096639752388001
1785289937.1437511,0.0,0.0,0.0009376000165939331
1785289937.145017,0.0,0.0,0.0009121599793434143
1785289937.1462646,0.0,0.0,0.0008990399837493897
1785289937.1475294,0.0,0.0,0.0009192640185356141
1785289937.1487799,0.0,0.0,0.0009051520228385926
1785289937.1500285,0.0,0.0,0.0008996800184249878
1785289937.1512885,0.0,0.0,0.000916703999042511
1785289937.1525478,0.0,0.0,0.0009064319729804993
1785289937.153799,0.0,0.0,0.000901087999343872
1785289937.1550477,0.0,0.0,0.0008996800184249878
1785289937.156321,0.0,0.0,0.0009035519957542419
1785289937.157571,0.0,0.0,0.0008993600010871887
1785289937.1588306,0.0,0.0,0.0009076799750328064
1785289937.1601424,0.0,0.0,0.0009273599982261658
1785289937.1614208,0.0,0.0,0.0009139519929885864
1785289937.162707,0.0,0.0,0.000915552020072937
1785289937.1646848,0.0,0.0,0.0016192320585250853
1785289937.1659653,0.0,0.0,0.0009085440039634705
1785289937.1672316,0.0,0.0,0.00091948801279068
1785289937.1684954,0.0,0.0,0.0009103360176086426
1785289937.1697524,0.0,0.0,0.0009124799966812134
1785289937.1710055,0.0,0.0,0.0009030719995498657
1785289937.1722996,0.0,0.0,0.0009207040071487427
1785289937.173555,0.0,0.0,0.0009090880155563355
1785289937.1748037,0.0,0.0,0.0009068160057067871
1785289937.1760957,0.0,0.0,0.0009252480268478393
1785289937.177351,0.0,0.0,0.000904255986213684
1785289937.1785893,0.0,0.0,0.0008933759927749633
1785289937.179861,0.0,0.0,0.0009265279769897461
1785289937.18113,0.0,0.0,0.0009174399971961975
1785289937.1824079,0.0,0.0,0.0009138879776000976
1785289937.1837075,0.0,0.0,0.0009450560212135315
1785289937.184978,0.0,0.0,0.0009158400297164917
1785289937.1862452,0.0,0.0,0.0009125760197639466
1785289937.1875324,0.0,0.0,0.0009403839707374573
1785289937.1887949,0.0,0.0,0.0009112319946289062
1785289937.190047,0.0,0.0,0.000895583987236023
1785289937.1913161,0.0,0.0,0.000927839994430542
1785289937.1925776,0.0,0.0,0.0009075520038604736
1785289937.1938207,0.0,0.0,0.0008935679793357849
1785289937.1950886,0.0,0.0,0.000914080023765564
1785289937.19638,0.0,0.0,0.0009182720184326172
1785289937.1976333,0.0,0.0,0.0009026880264282227
1785289937.198891,0.0,0.0,0.0009108160138130188
1785289937.2001781,0.0,0.0,0.0009174720048904419
1785289937.2014296,0.0,0.0,0.0008992639780044556
1785289937.2026794,0.0,0.0,0.0009025920033454895
1785289937.2039425,0.0,0.0,0.000919327974319458
1785289937.2051938,0.0,0.0,0.0008993600010871887
1785289937.2064517,0.0,0.0,0.0009074879884719848
1785289937.2077456,0.0,0.0,0.0009350720047950745
1785289937.2090137,0.0,0.0,0.0009164159893989563
1785289937.2102654,0.0,0.0,0.0009046400189399719
1785289937.2115295,0.0,0.0,0.0009163519740104675
1785289937.2127838,0.0,0.0,0.0008998079895973205
1785289937.2140417,0.0,0.0,0.000906495988368988
1785289937.2153287,0.0,0.0,0.0009245120286941528
1785289937.2166073,0.0,0.0,0.0009178559780120849
1785289937.2178729,0.0,0.0,0.0009088000059127808
1785289937.2198477,0.0,0.0,0.001617632031440735
1785289937.2211158,0.0,0.0,0.0008974400162696838
1785289937.2223713,0.0,0.0,0.0009058880209922791
1785289937.2236564,0.0,0.0,0.0009365119934082031
1785289937.2249198,0.0,0.0,0.0009088320136070252
1785289937.2261674,0.0,0.0,0.0008986560106277466
1785289937.2274446,0.0,0.0,0.0009275839924812317
1785289937.2287302,0.0,0.0,0.0009115200042724609
1785289937.2299788,0.0,0.0,0.0009020159840583801
1785289937.2312515,0.0,0.0,0.000926367998123169
1785289937.2325056,0.0,0.0,0.0008996800184249878
1785289937.233756,0.0,0.0,0.0009045760035514831
1785289937.2350252,0.0,0.0,0.0009192960262298583
1785289937.236295,0.0,0.0,0.0008994240164756775
1785289937.2375438,0.0,0.0,0.0009004799723625183
1785289937.2387946,0.0,0.0,0.000906175971031189
1785289937.240083,0.0,0.0,0.0009244800209999084
1785289937.2413483,0.0,0.0,0.0009145600199699402
1785289937.2425942,0.0,0.0,0.0008998720049858093
1785289937.2438655,0.0,0.0,0.0009281280040740967
1785289937.2451148,0.0,0.0,0.0009022079706192017
1785289937.2463646,0.0,0.0,0.0009013760089874268
1785289937.2476323,0.0,0.0,0.0009228159785270691
1785289937.2488823,0.0,0.0,0.0008992319703102112
1785289937.2501395,0.0,0.0,0.0009109759926795959
1785289937.251409,0.0,0.0,0.0009231680035591126
1785289937.2526646,0.0,0.0,0.000911296010017395
1785289937.253911,0.0,0.0,0.0008972160220146179
1785289937.255181,0.0,0.0,0.0009242240190505982
1785289937.2564423,0.0,0.0,0.0009111359715461731
1785289937.257699,0.0,0.0,0.00090556800365448
1785289937.258946,0.0,0.0,0.0009008319973945617
1785289937.2602315,0.0,0.0,0.0009016960263252259
1785289937.261497,0.0,0.0,0.0009062079787254334
1785289937.2627714,0.0,0.0,0.0009180799722671508
1785289937.2640605,0.0,0.0,0.0009203199744224548
1785289937.265343,0.0,0.0,0.0009283519983291626
1785289937.2665937,0.0,0.0,0.0009012479782104493
1785289937.2678802,0.0,0.0,0.0009384959936141968
1785289937.2691462,0.0,0.0,0.0009090560078620911
1785289937.2704098,0.0,0.0,0.0009054719805717469
1785289937.271701,0.0,0.0,0.000938048005104065
1785289937.272966,0.0,0.0,0.0009085119962692261
1785289937.2748823,0.0,0.0,0.001564512014389038
1785289937.276191,0.0,0.0,0.0009087039828300476
1785289937.2774599,0.0,0.0,0.0009095039963722229
1785289937.2787194,0.0,0.0,0.0009045439958572387
1785289937.2800157,0.0,0.0,0.0009484480023384094
1785289937.2812815,0.0,0.0,0.00091075199842453
1785289937.2825341,0.0,0.0,0.0009007999897003173
1785289937.2838218,0.0,0.0,0.0009374079704284668
1785289937.2850854,0.0,0.0,0.0009071040153503418
1785289937.2863152,0.0,0.0,0.0008875839710235596
1785289937.2876194,0.0,0.0,0.0009505919814109802
1785289937.2888756,0.0,0.0,0.0009031040072441101
1785289937.2901223,0.0,0.0,0.0008960639834403992
1785289937.2914147,0.0,0.0,0.0009424960017204285
1785289937.2926805,0.0,0.0,0.0009073600172996521
1785289937.293967,0.0,0.0,0.0009168639779090881
1785289937.2952292,0.0,0.0,0.0009182400107383728
1785289937.2964904,0.0,0.0,0.0009041600227355957
1785289937.297738,0.0,0.0,0.0009012159705162049
1785289937.299003,0.0,0.0,0.0009152960181236267
1785289937.3002884,0.0,0.0,0.0009088640213012696
1785289937.3015652,0.0,0.0,0.0009248639941215515
1785289937.302808,0.0,0.0,0.0008923199772834778
1785289937.3040793,0.0,0.0,0.0009033600091934204
1785289937.3053503,0.0,0.0,0.0009045119881629943
1785289937.3066158,0.0,0.0,0.0009131519794464111
1785289937.3079135,0.0,0.0,0.0009431999921798706
1785289937.3091812,0.0,0.0,0.0009166079759597778
1785289937.3104243,0.0,0.0,0.0008967999815940857
1785289937.3117218,0.0,0.0,0.0009483519792556763
1785289937.3129802,0.0,0.0,0.0009072960019111633
1785289937.3142524,0.0,0.0,0.0009232959747314453
1785289937.3155375,0.0,0.0,0.0009382719993591309
1785289937.3167894,0.0,0.0,0.0009021760225296021
1785289937.31805,0.0,0.0,0.0009107199907302856
1785289937.3193119,0.0,0.0,0.0009147520065307617
1785289937.3205688,0.0,0.0,0.0009037119746208191
1785289937.3218167,0.0,0.0,0.0008960319757461548
1785289937.3230872,0.0,0.0,0.0009202240109443665
1785289937.324401,0.0,0.0,0.0009322879910469055
1785289937.3256795,0.0,0.0,0.0009141439795494079
1785289937.326953,0.0,0.0,0.0009167360067367554
1785289937.328251,0.0,0.0,0.00091948801279068
1785289937.3301709,0.0,0.0,0.0015674560070037841
1785289937.3315027,0.0,0.0,0.0009576640129089355
1785289937.3327923,0.0,0.0,0.000929311990737915
1785289937.3340454,0.0,0.0,0.000907584011554718
1785289937.3353515,0.0,0.0,0.0009506239891052246
1785289937.336628,0.0,0.0,0.0009228479862213135
1785289937.3378832,0.0,0.0,0.0009024320244789124
1785289937.3391404,0.0,0.0,0.000909280002117157
1785289937.3404226,0.0,0.0,0.0009248960018157959
1785289937.341677,0.0,0.0,0.0009060159921646118
1785289937.3429327,0.0,0.0,0.0009024959802627564
1785289937.3442304,0.0,0.0,0.0009235519766807556
1785289937.345507,0.0,0.0,0.0009099519848823547
1785289937.346776,0.0,0.0,0.0009192960262298583
1785289937.348062,0.0,0.0,0.0009192960262298583
1785289937.3493323,0.0,0.0,0.0009190400242805481
1785289937.35059,0.0,0.0,0.0009078080058097839
1785289937.3518653,0.0,0.0,0.0009288319945335388
1785289937.3531249,0.0,0.0,0.0009064639806747436
1785289937.354374,0.0,0.0,0.0009020479917526245
1785289937.3556511,0.0,0.0,0.0009289280176162719
1785289937.3569252,0.0,0.0,0.0009195839762687683
1785289937.3581917,0.0,0.0,0.0009047679901123047
1785289937.3594809,0.0,0.0,0.0009428480267524719
1785289937.3607488,0.0,0.0,0.0009163519740104675
1785289937.36202,0.0,0.0,0.0009210559725761413
1785289937.3633242,0.0,0.0,0.0009470400214195251
1785289937.3645833,0.0,0.0,0.0009047359824180602
1785289937.3658514,0.0,0.0,0.0009154559969902039
1785289937.367112,0.0,0.0,0.0008925120234489441
1785289937.3683774,0.0,0.0,0.0009131519794464111
1785289937.3696313,0.0,0.0,0.0009057919979095459
1785289937.3708754,0.0,0.0,0.0008954560160636902
1785289937.3721538,0.0,0.0,0.0009099199771881104
1785289937.3733916,0.0,0.0,0.0008855040073394775
1785289937.3746336,0.0,0.0,0.0008938559889793397
1785289937.3759055,0.0,0.0,0.0009258559942245483
1785289937.3771625,0.0,0.0,0.0009073600172996521
1785289937.3784146,0.0,0.0,0.0009025599956512451
1785289937.3797019,0.0,0.0,0.0009413759708404541
1785289937.3809628,0.0,0.0,0.0009060159921646118
1785289937.3822172,0.0,0.0,0.0008992639780044556
1785289937.383505,0.0,0.0,0.0009373760223388672
1785289937.3854222,0.0,0.0,0.0015629119873046876
1785289937.3867087,0.0,0.0,0.0009148160219192505
1785289937.3880007,0.0,0.0,0.0009385920166969299
1785289937.3892634,0.0,0.0,0.0009062399864196777
1785289937.390506,0.0,0.0,0.0008986560106277466
1785289937.3917892,0.0,0.0,0.0009183359742164611
1785289937.39304,0.0,0.0,0.0008979200124740601
1785289937.3942919,0.0,0.0,0.0009033600091934204
1785289937.3955674,0.0,0.0,0.000927839994430542
1785289937.3968122,0.0,0.0,0.000893119990825653
1785289937.3980422,0.0,0.0,0.0008835200071334839
1785289937.399321,0.0,0.0,0.0009290879964828491
1785289937.4005895,0.0,0.0,0.0009151039719581605
1785289937.4018462,0.0,0.0,0.0009060800075531006
1785289937.4031093,0.0,0.0,0.0008982719779014588
1785289937.404397,0.0,0.0,0.000921504020690918
1785289937.4056516,0.0,0.0,0.0009039360284805298
1785289937.406919,0.0,0.0,0.0009183040261268615
1785289937.4082046,0.0,0.0,0.000918720006942749
1785289937.409482,0.0,0.0,0.0009239040017127991
1785289937.4107327,0.0,0.0,0.0008994879722595215
1785289937.4120402,0.0,0.0,0.0009599999785423279
1785289937.4132838,0.0,0.0,0.0008894720077514648
1785289937.41453,0.0,0.0,0.0008927680253982544
1785289937.4158173,0.0,0.0,0.0009370880126953124
1785289937.4171698,0.0,0.0,0.0009207680225372315
1785289937.418425,0.0,0.0,0.0009032639861106872
1785289937.4197035,0.0,0.0,0.0009225599765777588
1785289937.4209664,0.0,0.0,0.000910207986831665
1785289937.4222155,0.0,0.0,0.000903328001499176
1785289937.4235077,0.0,0.0,0.0009310719966888428
1785289937.424772,0.0,0.0,0.0009164159893989563
1785289937.4260516,0.0,0.0,0.0009183040261268615
1785289937.4273255,0.0,0.0,0.000925216019153595
1785289937.4285657,0.0,0.0,0.0008868160247802734
1785289937.429814,0.0,0.0,0.0008994240164756775
1785289937.4310548,0.0,0.0,0.0008926399946212768
1785289937.4323297,0.0,0.0,0.0009037119746208191
1785289937.433573,0.0,0.0,0.00089683198928833
1785289937.4348426,0.0,0.0,0.0009168959856033325
1785289937.4361553,0.0,0.0,0.0009289280176162719
1785289937.43742,0.0,0.0,0.0009101759791374206
1785289937.4386945,0.0,0.0,0.0009122880101203919
1785289937.4406488,0.0,0.0,0.001600383996963501
1785289937.441943,0.0,0.0,0.0009178879857063293
1785289937.4432096,0.0,0.0,0.0009134079813957214
1785289937.444492,0.0,0.0,0.0009199680089950562
1785289937.445758,0.0,0.0,0.0009140480160713196
1785289937.4470031,0.0,0.0,0.000900543987751007
1785289937.4482908,0.0,0.0,0.0009135040044784546
1785289937.4495656,0.0,0.0,0.0009265599846839905
1785289937.4508333,0.0,0.0,0.0009145920276641846
1785289937.4521165,0.0,0.0,0.0009071040153503418
1785289937.4533808,0.0,0.0,0.0009083200097084045
1785289937.4546254,0.0,0.0,0.0009012799859046936
1785289937.455911,0.0,0.0,0.00093612802028656
1785289937.457183,0.0,0.0,0.0009136639833450317
1785289937.458444,0.0,0.0,0.0009135040044784546
1785289937.459709,0.0,0.0,0.0009146879911422729
1785289937.4609644,0.0,0.0,0.0009061440229415894
1785289937.4622085,0.0,0.0,0.0008915839791297913
1785289937.463503,0.0,0.0,0.0009481279850006104
1785289937.4647708,0.0,0.0,0.0009145280122756958
1785289937.466026,0.0,0.0,0.0009053760170936585
1785289937.4673247,0.0,0.0,0.0009482240080833435
1785289937.4685988,0.0,0.0,0.0009070079922676086
1785289937.469837,0.0,0.0,0.0008891839981079101
1785289937.471107,0.0,0.0,0.0009046400189399719
1785289937.4723616,0.0,0.0,0.0008949120044708252
1785289937.4736354,0.0,0.0,0.0009181119799613952
1785289937.474888,0.0,0.0,0.0009038079977035522
1785289937.4761686,0.0,0.0,0.0009085440039634705
1785289937.4774313,0.0,0.0,0.000909280002117157
1785289937.4786918,0.0,0.0,0.0009014719724655152
1785289937.4799733,0.0,0.0,0.0009326400160789489
1785289937.4812436,0.0,0.0,0.0009143040180206299
1785289937.4824839,0.0,0.0,0.0008926079869270325
1785289937.4837847,0.0,0.0,0.0009523199796676636
1785289937.4850423,0.0,0.0,0.0009041280150413513
1785289937.4862895,0.0,0.0,0.0009005759954452514
1785289937.4875634,0.0,0.0,0.0009309759736061096
1785289937.4888473,0.0,0.0,0.0009088000059127808
1785289937.4901116,0.0,0.0,0.0009124799966812134
1785289937.4914238,0.0,0.0,0.0009514240026473999
1785289937.4926996,0.0,0.0,0.0009177280068397522
1785289937.4939687,0.0,0.0,0.0009168959856033325
1785289937.4959385,0.0,0.0,0.0016183040142059325
1785289937.4972343,0.0,0.0,0.0009202240109443665
1785289937.4985096,0.0,0.0,0.0009185600280761718
1785289937.4998083,0.0,0.0,0.0009464640021324158
1785289937.5010867,0.0,0.0,0.0009192960262298583
1785289937.5023623,0.0,0.0,0.0009280959963798523
1785289937.5036535,0.0,0.0,0.0009404479861259461
1785289937.504925,0.0,0.0,0.0009175040125846863
1785289937.5061722,0.0,0.0,0.0009004799723625183
1785289937.5074494,0.0,0.0,0.0009270079731941223
1785289937.5087337,0.0,0.0,0.0009139840006828308
1785289937.5099988,0.0,0.0,0.0009111040234565735
1785289937.5112934,0.0,0.0,0.0009397439956665039
1785289937.5125818,0.0,0.0,0.0009278720021247864
1785289937.5138407,0.0,0.0,0.0009077759981155395
1785289937.5151215,0.0,0.0,0.0009088640213012696
1785289937.5163794,0.0,0.0,0.0008992639780044556
1785289937.5176463,0.0,0.0,0.0009177600145339966
1785289937.5189176,0.0,0.0,0.0009193919897079468
1785289937.5201955,0.0,0.0,0.0009088000059127808
1785289937.521454,0.0,0.0,0.000907967984676361
1785289937.5227275,0.0,0.0,0.0009111359715461731
1785289937.5240085,0.0,0.0,0.0009322239756584167
1785289937.5252655,0.0,0.0,0.0009057279825210571
1785289937.5265243,0.0,0.0,0.0009071040153503418
1785289937.5278049,0.0,0.0,0.0009320319890975952
1785289937.5290697,0.0,0.0,0.0009087679982185364
1785289937.5303178,0.0,0.0,0.0008963519930839538
1785289937.531608,0.0,0.0,0.0009410880208015442
1785289937.5328906,0.0,0.0,0.0009253439903259277
1785289937.5341442,0.0,0.0,0.0008991039991378784
1785289937.5354064,0.0,0.0,0.0009123839735984803
1785289937.5366669,0.0,0.0,0.000909280002117157
1785289937.5379288,0.0,0.0,0.000912992000579834
1785289937.5391989,0.0,0.0,0.0009207680225372315
1785289937.540453,0.0,0.0,0.0009002879858016967
1785289937.541686,0.0,0.0,0.0008871359825134278
1785289937.5429375,0.0,0.0,0.0009045119881629943
1785289937.5442169,0.0,0.0,0.0009075199961662292
1785289937.5454755,0.0,0.0,0.0009075520038604736
1785289937.5467336,0.0,0.0,0.000895583987236023
1785289937.5480156,0.0,0.0,0.0009297279715538025
1785289937.549283,0.0,0.0,0.00091184002161026
1785289937.5511787,0.0,0.0,0.0015407999753952026
1785289937.5524693,0.0,0.0,0.0009163839817047119
1785289937.5537481,0.0,0.0,0.000923200011253357
1785289937.5550253,0.0,0.0,0.000911296010017395
1785289937.556317,0.0,0.0,0.0009182720184326172
1785289937.5575662,0.0,0.0,0.0008986240029335022
1785289937.5588143,0.0,0.0,0.0009066240191459656
1785289937.5601127,0.0,0.0,0.0009266240000724793
1785289937.5613787,0.0,0.0,0.0009104639887809753
1785289937.5626595,0.0,0.0,0.0009095039963722229
1785289937.5639591,0.0,0.0,0.0009453439712524414
1785289937.5653377,0.0,0.0,0.0009068480134010315
1785289937.5666378,0.0,0.0,0.0009258880019187927
1785289937.5679407,0.0,0.0,0.0009503679871559143
1785289937.5691965,0.0,0.0,0.0008997759819030762
1785289937.5704591,0.0,0.0,0.0009128959774971008
1785289937.5717514,0.0,0.0,0.0009426239728927612
1785289937.5730135,0.0,0.0,0.0009088320136070252
1785289937.574261,0.0,0.0,0.0008976320028305053
1785289937.5755575,0.0,0.0,0.0009416319727897644
1785289937.5768127,0.0,0.0,0.0009028800129890442
1785289937.578065,0.0,0.0,0.0009014719724655152
1785289937.579404,0.0,0.0,0.0009364799857139587
1785289937.5806732,0.0,0.0,0.0009212480187416077
1785289937.5819325,0.0,0.0,0.0009097279906272888
1785289937.5832007,0.0,0.0,0.0009184640049934387
1785289937.5844479,0.0,0.0,0.0009018239974975586
1785289937.585696,0.0,0.0,0.0008987200260162354
1785289937.5869548,0.0,0.0,0.0009107199907302856
1785289937.5882447,0.0,0.0,0.0009068480134010315
1785289937.589505,0.0,0.0,0.0009130560159683228
1785289937.5907567,0.0,0.0,0.0009007999897003173
1785289937.592034,0.0,0.0,0.0009268800020217896
1785289937.5932813,0.0,0.0,0.000897599995136261
1785289937.5945354,0.0,0.0,0.0009045119881629943
1785289937.5958114,0.0,0.0,0.0009308159947395325
1785289937.597066,0.0,0.0,0.0009021760225296021
1785289937.5983183,0.0,0.0,0.0008956480026245117
1785289937.5995975,0.0,0.0,0.0009311360120773316
1785289937.6008587,0.0,0.0,0.0009071679711341858
1785289937.6021483,0.0,0.0,0.0009309759736061096
1785289937.6034265,0.0,0.0,0.0009259200096130371
1785289937.6046891,0.0,0.0,0.0009126719832420349
1785289937.606634,0.0,0.0,0.001591488003730774
1785289937.6079412,0.0,0.0,0.0009403839707374573
1785289937.6092055,0.0,0.0,0.0009030079841613769
1785289937.6104722,0.0,0.0,0.000918720006942749
1785289937.6117322,0.0,0.0,0.0009081599712371827
1785289937.6129797,0.0,0.0,0.0008946239948272705
1785289937.6142368,0.0,0.0,0.0009095680117607117
1785289937.615515,0.0,0.0,0.0009311040043830872
1785289937.6167653,0.0,0.0,0.0008995199799537659
1785289937.618013,0.0,0.0,0.0009028800129890442
1785289937.619303,0.0,0.0,0.0009376959800720215
1785289937.6205916,0.0,0.0,0.0009159039855003357
1785289937.6218402,0.0,0.0,0.0009004480242729187
1785289937.623067,0.0,0.0,0.0008817279934883118
1785289937.624337,0.0,0.0,0.0008977919816970826
1785289937.625593,0.0,0.0,0.0009081919789314271
1785289937.6268322,0.0,0.0,0.0008922560214996338
1785289937.6281347,0.0,0.0,0.0009228799939155579
1785289937.6294146,0.0,0.0,0.000925599992275238
1785289937.6306539,0.0,0.0,0.0008912000060081482
1785289937.631933,0.0,0.0,0.0009321920275688171
1785289937.6332114,0.0,0.0,0.0009109439849853515
1785289937.6344612,0.0,0.0,0.0008949120044708252
1785289937.6357498,0.0,0.0,0.0009391360282897949
1785289937.6370122,0.0,0.0,0.0009079040288925171
1785289937.6382806,0.0,0.0,0.0009173439741134643
1785289937.6395483,0.0,0.0,0.0009188159704208375
1785289937.6408076,0.0,0.0,0.000904703974723816
1785289937.6420588,0.0,0.0,0.0009048320055007935
1785289937.6433182,0.0,0.0,0.0009195839762687683
1785289937.644577,0.0,0.0,0.0009075199961662292
1785289937.645841,0.0,0.0,0.0009143999814987182
1785289937.6471128,0.0,0.0,0.0009099199771881104
1785289937.648385,0.0,0.0,0.0009180480241775513
1785289937.6496384,0.0,0.0,0.0009027199745178223
1785289937.6509101,0.0,0.0,0.0009219200015068054
1785289937.652199,0.0,0.0,0.0009172800183296204
1785289937.6534777,0.0,0.0,0.0009118080139160156
1785289937.6547427,0.0,0.0,0.0009140160083770752
1785289937.656051,0.0,0.0,0.0009544320106506347
1785289937.657332,0.0,0.0,0.0009167360067367554
1785289937.6585956,0.0,0.0,0.0009149119853973388
1785289937.6598835,0.0,0.0,0.0009397439956665039
1785289937.6617963,0.0,0.0,0.001555840015411377
1785289937.663075,0.0,0.0,0.0009074879884719848
1785289937.6643574,0.0,0.0,0.0009049599766731263
1785289937.6656187,0.0,0.0,0.0009127680063247681
1785289937.6668825,0.0,0.0,0.000918175995349884
1785289937.6681697,0.0,0.0,0.000914463996887207
1785289937.6694226,0.0,0.0,0.0009029759764671326
1785289937.6706653,0.0,0.0,0.0008941439986228943
1785289937.6719282,0.0,0.0,0.0009161279797554016
1785289937.6732147,0.0,0.0,0.0009143360257148743
1785289937.6744723,0.0,0.0,0.0009069439768791199
1785289937.6757448,0.0,0.0,0.0009227839708328247
1785289937.6770008,0.0,0.0,0.0009034879803657532
1785289937.6782477,0.0,0.0,0.000900767982006073
1785289937.6795475,0.0,0.0,0.0009497280120849609
1785289937.6808107,0.0,0.0,0.0009071999788284302
1785289937.6820722,0.0,0.0,0.0009145920276641846
1785289937.6833396,0.0,0.0,0.0009148799777030944
1785289937.684598,0.0,0.0,0.0009063360095024109
1785289937.685853,0.0,0.0,0.0008943679928779602
1785289937.68713,0.0,0.0,0.0009262719750404358
1785289937.6883848,0.0,0.0,0.0008991039991378784
1785289937.6896284,0.0,0.0,0.0008971520066261291
1785289937.6908715,0.0,0.0,0.0008960639834403992
1785289937.6921666,0.0,0.0,0.0009223999977111816
1785289937.6934304,0.0,0.0,0.0009118720293045044
1785289937.6946793,0.0,0.0,0.0009041919708251953
1785289937.695956,0.0,0.0,0.0009281600117683411
1785289937.6972094,0.0,0.0,0.0009061440229415894
1785289937.698474,0.0,0.0,0.0009082880020141601
1785289937.6997643,0.0,0.0,0.0009426559805870056
1785289937.7010207,0.0,0.0,0.0009076799750328064
1785289937.7022808,0.0,0.0,0.0009138879776000976
1785289937.7035606,0.0,0.0,0.0009317759871482849
1785289937.7048151,0.0,0.0,0.0009069759845733642
1785289937.706085,0.0,0.0,0.0009152960181236267
1785289937.7073734,0.0,0.0,0.0009372159838676453
1785289937.7086444,0.0,0.0,0.0009140480160713196
1785289937.7098706,0.0,0.0,0.0008849599957466126
1785289937.7111413,0.0,0.0,0.0009237120151519776
1785289937.712406,0.0,0.0,0.000906112015247345
1785289937.7136662,0.0,0.0,0.0009067839980125427
1785289937.714936,0.0,0.0,0.0009173439741134643
1785289937.7168782,0.0,0.0,0.001560320019721985
1785289937.7181523,0.0,0.0,0.0009040639996528625
1785289937.7194412,0.0,0.0,0.0009342079758644104
1785289937.7207036,0.0,0.0,0.0009072639942169189
1785289937.721962,0.0,0.0,0.0009053120017051697
1785289937.7232304,0.0,0.0,0.0009211519956588745
1785289937.7244859,0.0,0.0,0.0009053760170936585
1785289937.7257376,0.0,0.0,0.0009041600227355957
1785289937.7269921,0.0,0.0,0.0009081919789314271
1785289937.728259,0.0,0.0,0.0008976320028305053
1785289937.7294908,0.0,0.0,0.0008875839710235596
1785289937.7307656,0.0,0.0,0.0009222400188446045
1785289937.7320545,0.0,0.0,0.0009240000247955322
1785289937.7333357,0.0,0.0,0.0009276160001754761
1785289937.7345982,0.0,0.0,0.0009117119908332824
1785289937.7358794,0.0,0.0,0.0009321280121803284
1785289937.737155,0.0,0.0,0.0009221119880676269
1785289937.7384095,0.0,0.0,0.0009049280285835267
1785289937.7396946,0.0,0.0,0.0009295679926872253
1785289937.7409463,0.0,0.0,0.0009035840034484863
1785289937.7421916,0.0,0.0,0.0008953920006752014
1785289937.743475,0.0,0.0,0.0009311040043830872
1785289937.744731,0.0,0.0,0.0009025599956512451
1785289937.7459679,0.0,0.0,0.0008864960074424743
1785289937.747227,0.0,0.0,0.0009141119718551636
1785289937.7484891,0.0,0.0,0.0009125440120697022
1785289937.7497184,0.0,0.0,0.0008809919953346253
1785289937.7509916,0.0,0.0,0.0009068480134010315
1785289937.7522755,0.0,0.0,0.0009140480160713196
1785289937.7535295,0.0,0.0,0.0008980479836463929
1785289937.7548075,0.0,0.0,0.0009095680117607117
1785289937.7560816,0.0,0.0,0.0009081599712371827
1785289937.7573233,0.0,0.0,0.0008902400135993957
1785289937.7585726,0.0,0.0,0.0008996480107307434
1785289937.7598512,0.0,0.0,0.0009262719750404358
1785289937.7611089,0.0,0.0,0.0009082559943199157
1785289937.762385,0.0,0.0,0.0009266240000724793
1785289937.7636714,0.0,0.0,0.0009348800182342529
1785289937.7649457,0.0,0.0,0.0009208639860153198
1785289937.7662077,0.0,0.0,0.0009146239757537841
1785289937.7674909,0.0,0.0,0.0009265599846839905
1785289937.7687721,0.0,0.0,0.0009214079976081848
1785289937.7700374,0.0,0.0,0.0009076160192489624
1785289937.7719765,0.0,0.0,0.0015903359651565552
1785289937.7732594,0.0,0.0,0.0009102720022201538
1785289937.7745104,0.0,0.0,0.0009000319838523865
1785289937.7757983,0.0,0.0,0.0009323199987411499
1785289937.7770722,0.0,0.0,0.0009160320162773133
1785289937.7783303,0.0,0.0,0.000909824013710022
1785289937.779619,0.0,0.0,0.0009386879801750183
1785289937.780878,0.0,0.0,0.0009028480052947998
1785289937.782135,0.0,0.0,0.0009045119881629943
1785289937.783408,0.0,0.0,0.000925599992275238
1785289937.7846842,0.0,0.0,0.0009021120071411133
1785289937.785941,0.0,0.0,0.0009094399809837341
1785289937.787217,0.0,0.0,0.0009277759790420532
1785289937.7884781,0.0,0.0,0.0009061440229415894
1785289937.7897289,0.0,0.0,0.0008983359932899475
1785289937.7909694,0.0,0.0,0.0008930240273475647
1785289937.79225,0.0,0.0,0.0009111999869346618
1785289937.7935007,0.0,0.0,0.0008965759873390198
1785289937.794781,0.0,0.0,0.000914463996887207
1785289937.7960627,0.0,0.0,0.0009122239947319031
1785289937.7973232,0.0,0.0,0.0009065279960632324
1785289937.7985756,0.0,0.0,0.0009004799723625183
1785289937.7998564,0.0,0.0,0.000930079996585846
1785289937.801107,0.0,0.0,0.0008977599740028382
1785289937.8023562,0.0,0.0,0.0008993279933929443
1785289937.8036337,0.0,0.0,0.000932479977607727
1785289937.8048892,0.0,0.0,0.0008972480297088623
1785289937.8061297,0.0,0.0,0.0008965759873390198
1785289937.807415,0.0,0.0,0.0009379519820213318
1785289937.8086774,0.0,0.0,0.0009132159948348999
1785289937.8099294,0.0,0.0,0.0009027199745178223
1785289937.8111985,0.0,0.0,0.0009216639995574951
1785289937.8124688,0.0,0.0,0.0009110400080680847
1785289937.8137066,0.0,0.0,0.000890720009803772
1785289937.8149672,0.0,0.0,0.0009116479754447938
1785289937.8162577,0.0,0.0,0.0009047359824180602
1785289937.8175147,0.0,0.0,0.000905023992061615
1785289937.8187647,0.0,0.0,0.0008998079895973205
1785289937.820058,0.0,0.0,0.0009258559942245483
1785289937.8213274,0.0,0.0,0.0009163839817047119
1785289937.8226066,0.0,0.0,0.0009188799858093261
1785289937.8238955,0.0,0.0,0.0009323199987411499
1785289937.8251874,0.0,0.0,0.0009318720102310181
1785289937.827072,0.0,0.0,0.0015286719799041748
1785289937.8283944,0.0,0.0,0.0009182720184326172
1785289937.8296554,0.0,0.0,0.0009015359878540039
1785289937.8309135,0.0,0.0,0.0009073600172996521
1785289937.8321898,0.0,0.0,0.0009055039882659912
1785289937.8334398,0.0,0.0,0.0008988479971885681
1785289937.83468,0.0,0.0,0.0008927680253982544
1785289937.8359659,0.0,0.0,0.0009393600225448608
1785289937.8372304,0.0,0.0,0.0009106879830360412
1785289937.8384757,0.0,0.0,0.0008966400027275085
1785289937.8397634,0.0,0.0,0.000938368022441864
1785289937.8410342,0.0,0.0,0.0009116160273551941
1785289937.8422956,0.0,0.0,0.0009127039909362793
1785289937.8435712,0.0,0.0,0.0009318720102310181
1785289937.844846,0.0,0.0,0.000920960009098053
1785289937.8461108,0.0,0.0,0.0009116160273551941
1785289937.8474665,0.0,0.0,0.000939840018749237
1785289937.8487294,0.0,0.0,0.0009128640294075012
1785289937.8499897,0.0,0.0,0.0009130880236625672
1785289937.8512685,0.0,0.0,0.0009326720237731933
1785289937.8525245,0.0,0.0,0.0009056000113487244
1785289937.8537803,0.0,0.0,0.0009028480052947998
1785289937.8550153,0.0,0.0,0.0008859840035438537
1785289937.856327,0.0,0.0,0.0009299839735031128
1785289937.857592,0.0,0.0,0.0009164479970932007
1785289937.8588502,0.0,0.0,0.000909280002117157
1785289937.860125,0.0,0.0,0.0009051200151443482
1785289937.861384,0.0,0.0,0.0009055039882659912
1785289937.8626347,0.0,0.0,0.0009001280069351196
1785289937.8639166,0.0,0.0,0.0009355199933052063
1785289937.865175,0.0,0.0,0.0009057279825210571
1785289937.866433,0.0,0.0,0.0009104319810867309
1785289937.8677125,0.0,0.0,0.0009304959774017334
1785289937.8689635,0.0,0.0,0.0009018880128860474
1785289937.8702147,0.0,0.0,0.0009039679765701294
1785289937.871474,0.0,0.0,0.0009122560024261475
1785289937.8727262,0.0,0.0,0.0008999360203742981
1785289937.8739758,0.0,0.0,0.0009043200016021728
1785289937.8752513,0.0,0.0,0.0009276480078697205
1785289937.876527,0.0,0.0,0.0009169920086860657
1785289937.877787,0.0,0.0,0.0008951680064201355
1785289937.879035,0.0,0.0,0.0008825600147247314
1785289937.8803346,0.0,0.0,0.0009193599820137024
1785289937.882278,0.0,0.0,0.0015707839727401734
1785289937.8835804,0.0,0.0,0.0009296960234642028
1785289937.8848414,0.0,0.0,0.000902783989906311
1785289937.8860922,0.0,0.0,0.0009004160165786743
1785289937.8873925,0.0,0.0,0.000950879991054535
1785289937.888669,0.0,0.0,0.0009194560050964356
1785289937.889941,0.0,0.0,0.000917568027973175
1785289937.8912268,0.0,0.0,0.0009391999840736389
1785289937.8924923,0.0,0.0,0.0009134719967842102
1785289937.8937507,0.0,0.0,0.0009079999923706054
1785289937.8949947,0.0,0.0,0.0008962240219116211
1785289937.8962774,0.0,0.0,0.0009004799723625183
1785289937.8975182,0.0,0.0,0.0008857280015945434
1785289937.898752,0.0,0.0,0.0008889600038528442
1785289937.9000409,0.0,0.0,0.0009395520091056823
1785289937.901315,0.0,0.0,0.0009191359877586365
1785289937.9025726,0.0,0.0,0.0009078080058097839
1785289937.9038522,0.0,0.0,0.0009313920140266419
1785289937.905123,0.0,0.0,0.0009151359796524047
1785289937.9063823,0.0,0.0,0.0009118080139160156
1785289937.9076748,0.0,0.0,0.0009398720264434814
1785289937.908947,0.0,0.0,0.0009172160029411316
1785289937.910202,0.0,0.0,0.0009003840088844299
1785289937.9114666,0.0,0.0,0.0009134079813957214
1785289937.912712,0.0,0.0,0.0009024320244789124
1785289937.9139614,0.0,0.0,0.000900767982006073
1785289937.9152646,0.0,0.0,0.0009351360201835632
1785289937.9165137,0.0,0.0,0.0008954560160636902
1785289937.917766,0.0,0.0,0.0008905919790267945
1785289937.9190083,0.0,0.0,0.0008942400217056275
1785289937.9202816,0.0,0.0,0.0009055039882659912
1785289937.9215176,0.0,0.0,0.000893280029296875
1785289937.9227734,0.0,0.0,0.000902400016784668
1785289937.9240663,0.0,0.0,0.0009296000003814697
1785289937.9253173,0.0,0.0,0.0008985919952392578
1785289937.926559,0.0,0.0,0.0008934400081634521
1785289937.9278286,0.0,0.0,0.0009240319728851318
1785289937.9290779,0.0,0.0,0.0008986240029335022
1785289937.9303253,0.0,0.0,0.0009017599821090699
1785289937.9316046,0.0,0.0,0.0009313600063323975
1785289937.9329064,0.0,0.0,0.0009444159865379334
1785289937.9341857,0.0,0.0,0.0009159680008888245
1785289937.9354763,0.0,0.0,0.0009414079785346985
1785289937.9373734,0.0,0.0,0.0015351040363311768
1785289937.9386725,0.0,0.0,0.0009225280284881591
1785289937.9399729,0.0,0.0,0.0009521279931068421
1785289937.9412482,0.0,0.0,0.0009203519821166992
1785289937.9425018,0.0,0.0,0.0009032639861106872
1785289937.943799,0.0,0.0,0.0009445440173149109
1785289937.945057,0.0,0.0,0.0009028159976005554
1785289937.9463098,0.0,0.0,0.0009037759900093078
1785289937.9476347,0.0,0.0,0.000958303987979889
1785289937.94888,0.0,0.0,0.0008918399810791016
1785289937.9501305,0.0,0.0,0.0009003520011901855
1785289937.951409,0.0,0.0,0.000928384006023407
1785289937.9526684,0.0,0.0,0.0009046720266342163
1785289937.9539242,0.0,0.0,0.0009052159786224366
1785289937.9552226,0.0,0.0,0.0009483199715614319
1785289937.9564912,0.0,0.0,0.000913536012172699
1785289937.9577484,0.0,0.0,0.0009043200016021728
1785289937.9590447,0.0,0.0,0.0009321600198745727
1785289937.960323,0.0,0.0,0.0009046080112457275
1785289937.961581,0.0,0.0,0.0009093760251998902
1785289937.9628332,0.0,0.0,0.000902463972568512
1785289937.9641306,0.0,0.0,0.0009215360283851623
1785289937.9653823,0.0,0.0,0.000898144006729126
1785289937.9666426,0.0,0.0,0.0009134399890899658
1785289937.967932,0.0,0.0,0.0009376320242881775
1785289937.969195,0.0,0.0,0.000908735990524292
1785289937.9704478,0.0,0.0,0.000908352017402649
1785289937.9717107,0.0,0.0,0.0009163839817047119
1785289937.9729657,0.0,0.0,0.0008998079895973205
1785289937.9742215,0.0,0.0,0.0009053760170936585
1785289937.9755177,0.0,0.0,0.0009447680115699768
1785289937.9767542,0.0,0.0,0.0008900160193443298
1785289937.978003,0.0,0.0,0.0009024959802627564
1785289937.9792812,0.0,0.0,0.0009282240271568298
1785289937.9805384,0.0,0.0,0.0009057279825210571
1785289937.981798,0.0,0.0,0.0009093760251998902
1785289937.9830563,0.0,0.0,0.0009106559753417969
1785289937.9843452,0.0,0.0,0.0009136959910392761
1785289937.985616,0.0,0.0,0.0009189119935035705
1785289937.9868975,0.0,0.0,0.000925216019153595
1785289937.9881978,0.0,0.0,0.0009203519821166992
1785289937.9894552,0.0,0.0,0.0008986240029335022
1785289937.9907267,0.0,0.0,0.0009160959720611573
1785289937.9926867,0.0,0.0,0.001604640007019043
1785289937.9939864,0.0,0.0,0.0009208319783210754
1785289937.9952948,0.0,0.0,0.0009518399834632874
1785289937.9965558,0.0,0.0,0.0009086080193519593
1785289937.9978142,0.0,0.0,0.0009043520092964172
1785289937.9990647,0.0,0.0,0.0008983680009841919
1785289938.0003445,0.0,0.0,0.0009057599902153015
1785289938.0015943,0.0,0.0,0.0009035840034484863
1785289938.002857,0.0,0.0,0.0009121919870376587
1785289938.0041401,0.0,0.0,0.0009148480296134948
1785289938.005394,0.0,0.0,0.0009022079706192017
1785289938.0066447,0.0,0.0,0.000902400016784668
1785289938.0079124,0.0,0.0,0.0009200959801673889
1785289938.009171,0.0,0.0,0.000907039999961853
1785289938.0104156,0.0,0.0,0.0008999999761581421
1785289938.0116873,0.0,0.0,0.000927295982837677
1785289938.0129838,0.0,0.0,0.0009252480268478393
1785289938.014228,0.0,0.0,0.0008948479890823365
1785289938.0155149,0.0,0.0,0.000942080020904541
1785289938.016768,0.0,0.0,0.0008986560106277466
1785289938.0180314,0.0,0.0,0.0009132480025291443
1785289938.019319,0.0,0.0,0.0009423679709434509
1785289938.0205996,0.0,0.0,0.0009235519766807556
1785289938.021861,0.0,0.0,0.0009085119962692261
1785289938.0231404,0.0,0.0,0.0009279999732971191
1785289938.0243993,0.0,0.0,0.0009091200232505799
1785289938.025648,0.0,0.0,0.0009022719860076904
1785289938.0268977,0.0,0.0,0.0009019839763641358
1785289938.02816,0.0,0.0,0.0008999360203742981
1785289938.0294073,0.0,0.0,0.0009001920223236084
1785289938.0306509,0.0,0.0,0.000896992027759552
1785289938.0319462,0.0,0.0,0.0009412800073623658
1785289938.0332656,0.0,0.0,0.0009396479725837707
1785289938.034557,0.0,0.0,0.0009182720184326172
1785289938.035833,0.0,0.0,0.0009184960126876831
1785289938.0370898,0.0,0.0,0.0009037439823150635
1785289938.0383444,0.0,0.0,0.000902463972568512
1785289938.0396144,0.0,0.0,0.000916159987449646
1785289938.0408742,0.0,0.0,0.0009104959964752197
1785289938.0421228,0.0,0.0,0.0008979520201683045
1785289938.0434299,0.0,0.0,0.0009457280039787293
1785289938.0447006,0.0,0.0,0.0009083200097084045
1785289938.0459974,0.0,0.0,0.0009225919842720032
1785289938.0479298,0.0,0.0,0.0015824639797210693
1785289938.0492313,0.0,0.0,0.000929535984992981
1785289938.0504954,0.0,0.0,0.0009102720022201538
1785289938.051772,0.0,0.0,0.0009264320135116578
1785289938.0530288,0.0,0.0,0.0009001280069351196
1785289938.0542796,0.0,0.0,0.0009028800129890442
1785289938.0555604,0.0,0.0,0.0009319999814033508
1785289938.0568144,0.0,0.0,0.0009033600091934204
1785289938.0580676,0.0,0.0,0.0009014719724655152
1785289938.0593514,0.0,0.0,0.0009321600198745727
1785289938.060614,0.0,0.0,0.0009094399809837341
1785289938.0618694,0.0,0.0,0.000908735990524292
1785289938.0631492,0.0,0.0,0.000926367998123169
1785289938.0644224,0.0,0.0,0.0009147840142250061
1785289938.065676,0.0,0.0,0.00090447998046875
1785289938.0669272,0.0,0.0,0.0008999999761581421
1785289938.0682094,0.0,0.0,0.0009131199717521668
1785289938.0694578,0.0,0.0,0.0008992639780044556
1785289938.0707092,0.0,0.0,0.0009063040018081665
1785289938.072001,0.0,0.0,0.0009396799802780151
1785289938.0732512,0.0,0.0,0.0008989120125770569
1785289938.0745084,0.0,0.0,0.0009092159867286682
1785289938.0757835,0.0,0.0,0.000932479977607727
1785289938.0770516,0.0,0.0,0.0009113280177116394
1785289938.0783572,0.0,0.0,0.0009228479862213135
1785289938.0796485,0.0,0.0,0.0009398080110549926
1785289938.0809143,0.0,0.0,0.000909824013710022
1785289938.0821848,0.0,0.0,0.0009184319972991943
1785289938.0834773,0.0,0.0,0.0009396160244941711
1785289938.0847247,0.0,0.0,0.000898751974105835
1785289938.085984,0.0,0.0,0.0009088640213012696
1785289938.087278,0.0,0.0,0.0009399999976158142
1785289938.0885258,0.0,0.0,0.0008989760279655457
1785289938.089776,0.0,0.0,0.0009040960073471069
1785289938.0910237,0.0,0.0,0.0008980479836463929
1785289938.0923166,0.0,0.0,0.0009094399809837341
1785289938.0935798,0.0,0.0,0.0009130240082740784
1785289938.0948496,0.0,0.0,0.0009178559780120849
1785289938.0961132,0.0,0.0,0.0008938559889793397
1785289938.0973816,0.0,0.0,0.0009169279932975769
1785289938.0986614,0.0,0.0,0.0009208959937095642
1785289938.099958,0.0,0.0,0.0009383999705314636
1785289938.1012287,0.0,0.0,0.0009089919924736023
1785289938.1031966,0.0,0.0,0.00161244797706604
1785289938.1044986,0.0,0.0,0.0009216319918632507
1785289938.1057477,0.0,0.0,0.0009041600227355957
1785289938.1069984,0.0,0.0,0.0009035840034484863
1785289938.1082988,0.0,0.0,0.0009255040287971496
1785289938.1095757,0.0,0.0,0.0009202880263328552
1785289938.1108274,0.0,0.0,0.0008996800184249878
1785289938.1121125,0.0,0.0,0.0009179840087890625
1785289938.113378,0.0,0.0,0.0009069439768791199
1785289938.1146255,0.0,0.0,0.0008963840007781982
1785289938.1159241,0.0,0.0,0.0009516800045967102
1785289938.1171813,0.0,0.0,0.000902944028377533
1785289938.118455,0.0,0.0,0.0009221760034561157
1785289938.1197517,0.0,0.0,0.0009492480158805847
1785289938.1210299,0.0,0.0,0.0009148160219192505
1785289938.1222758,0.0,0.0,0.0008944640159606934
1785289938.1235645,0.0,0.0,0.0009401280283927917
1785289938.124815,0.0,0.0,0.000899071991443634
1785289938.1260893,0.0,0.0,0.0009217919707298278
1785289938.1273558,0.0,0.0,0.0009195839762687683
1785289938.128616,0.0,0.0,0.0009076480269432068
1785289938.1298714,0.0,0.0,0.0009064319729804993
1785289938.131133,0.0,0.0,0.0009081599712371827
1785289938.1323996,0.0,0.0,0.000914080023765564
1785289938.1336658,0.0,0.0,0.0009111040234565735
1785289938.1349163,0.0,0.0,0.0009085440039634705
1785289938.1362116,0.0,0.0,0.0009202240109443665
1785289938.1374712,0.0,0.0,0.0009103040099143982
1785289938.1387315,0.0,0.0,0.0009096000194549561
1785289938.1400194,0.0,0.0,0.0009337279796600342
1785289938.1412795,0.0,0.0,0.0009078080058097839
1785289938.1425269,0.0,0.0,0.0009004160165786743
1785289938.1438293,0.0,0.0,0.0009344000220298767
1785289938.1450875,0.0,0.0,0.000903872013092041
1785289938.1463296,0.0,0.0,0.0008952000141143799
1785289938.1476054,0.0,0.0,0.0009317119717597961
1785289938.148869,0.0,0.0,0.0009106240272521973
1785289938.1501262,0.0,0.0,0.0009104319810867309
1785289938.1514053,0.0,0.0,0.0009326720237731933
1785289938.1526644,0.0,0.0,0.0009066240191459656
1785289938.1539357,0.0,0.0,0.0009136000275611878
1785289938.1552176,0.0,0.0,0.0009271039962768555
1785289938.1564834,0.0,0.0,0.0009118720293045044
1785289938.1584032,0.0,0.0,0.001568127989768982
1785289938.1597435,0.0,0.0,0.0009630720019340515
1785289938.1610096,0.0,0.0,0.0009172800183296204
1785289938.16227,0.0,0.0,0.0009125440120697022
1785289938.1635592,0.0,0.0,0.0009369919896125794
1785289938.1648257,0.0,0.0,0.0009131199717521668
1785289938.1660895,0.0,0.0,0.0009146879911422729
1785289938.1673844,0.0,0.0,0.0009467840194702148
1785289938.1686423,0.0,0.0,0.0009063360095024109
1785289938.1698792,0.0,0.0,0.000891264021396637
1785289938.1711407,0.0,0.0,0.0009113600254058838
1785289938.1723983,0.0,0.0,0.0009056000113487244
1785289938.173646,0.0,0.0,0.0009025920033454895
1785289938.174886,0.0,0.0,0.0008930559754371643
1785289938.1761646,0.0,0.0,0.0009119359850883484
1785289938.17743,0.0,0.0,0.0008956480026245117
1785289938.1786833,0.0,0.0,0.0009048960208892823
1785289938.1799533,0.0,0.0,0.0009240000247955322
1785289938.1812193,0.0,0.0,0.0009079040288925171
1785289938.182488,0.0,0.0,0.0009183359742164611
1785289938.1837747,0.0,0.0,0.0009348160028457642
1785289938.1850405,0.0,0.0,0.0009110400080680847
1785289938.1862988,0.0,0.0,0.0009070720076560974
1785289938.1875937,0.0,0.0,0.0009440000057220458
1785289938.1888564,0.0,0.0,0.0009095039963722229
1785289938.1901124,0.0,0.0,0.0009080320000648498
1785289938.1913795,0.0,0.0,0.000916703999042511
1785289938.1926208,0.0,0.0,0.000890720009803772
1785289938.1938791,0.0,0.0,0.0009103040099143982
1785289938.1951556,0.0,0.0,0.0009293760061264038
1785289938.196414,0.0,0.0,0.0008996480107307434
1785289938.1976736,0.0,0.0,0.0009136000275611878
1785289938.1989272,0.0,0.0,0.0009064319729804993
1785289938.2002065,0.0,0.0,0.0009086719751358033
1785289938.20146,0.0,0.0,0.0009012479782104493
1785289938.202703,0.0,0.0,0.000897279977798462
1785289938.2039716,0.0,0.0,0.000927839994430542
1785289938.2052226,0.0,0.0,0.000897376000881195
1785289938.2064705,0.0,0.0,0.0009043520092964172
1785289938.2077432,0.0,0.0,0.0009267200231552124
1785289938.2090418,0.0,0.0,0.0009236159920692444
1785289938.2103136,0.0,0.0,0.0009146879911422729
1785289938.2116039,0.0,0.0,0.0009383040070533753
1785289938.2135367,0.0,0.0,0.0009234880208969117
1785289938.2148514,0.0,0.0,0.000929311990737915
1785289938.2161465,0.0,0.0,0.0009184640049934387
1785289938.2174091,0.0,0.0,0.0009092159867286682
1785289938.2186685,0.0,0.0,0.0009071360230445862
1785289938.2199538,0.0,0.0,0.0009385600090026856
1785289938.2212224,0.0,0.0,0.0009111679792404174
1785289938.2224786,0.0,0.0,0.0009073600172996521
1785289938.2237496,0.0,0.0,0.0009238079786300659
1785289938.2250035,0.0,0.0,0.0009085440039634705
1785289938.226263,0.0,0.0,0.0009104319810867309
1785289938.2275307,0.0,0.0,0.0009225280284881591
1785289938.228781,0.0,0.0,0.0009014719724655152
1785289938.230051,0.0,0.0,0.0009163519740104675
1785289938.231352,0.0,0.0,0.0009483519792556763
1785289938.2326112,0.0,0.0,0.0009099839925765991
1785289938.233872,0.0,0.0,0.0009137920141220093
1785289938.2351336,0.0,0.0,0.0009121919870376587
1785289938.2363806,0.0,0.0,0.0008989120125770569
1785289938.2376325,0.0,0.0,0.0009059200286865235
1785289938.2388773,0.0,0.0,0.0008973439931869506
1785289938.2401614,0.0,0.0,0.0009174079895019531
1785289938.2414267,0.0,0.0,0.0009195200204849244
1785289938.242674,0.0,0.0,0.0008992319703102112
1785289938.243944,0.0,0.0,0.0009222720265388488
1785289938.2452226,0.0,0.0,0.0009117439985275268
1785289938.2464786,0.0,0.0,0.0009044479727745057
1785289938.2477508,0.0,0.0,0.000922655999660492
1785289938.249002,0.0,0.0,0.0009014080166816712
1785289938.250244,0.0,0.0,0.0008970879912376403
1785289938.2515,0.0,0.0,0.0009101759791374206
1785289938.252749,0.0,0.0,0.0009014080166816712
1785289938.2540128,0.0,0.0,0.000915615975856781
1785289938.2552617,0.0,0.0,0.0009047359824180602
1785289938.256515,0.0,0.0,0.0009041280150413513
1785289938.2577536,0.0,0.0,0.0008937919735908509
1785289938.258999,0.0,0.0,0.0009005759954452514
1785289938.2602825,0.0,0.0,0.0009134399890899658
1785289938.2615342,0.0,0.0,0.0009010239839553834
1785289938.26279,0.0,0.0,0.0009039040207862854
1785289938.264099,0.0,0.0,0.0009361600279808044
1785289938.2653794,0.0,0.0,0.0009169600009918213
1785289938.2666466,0.0,0.0,0.0009133120179176331
1785289938.267951,0.0,0.0,0.0009530879855155945
1785289938.2699518,0.0,0.0,0.0009514880180358887
1785289938.2712364,0.0,0.0,0.0009206719994544983
1785289938.2725005,0.0,0.0,0.0009106559753417969
1785289938.2737565,0.0,0.0,0.0009103360176086426
1785289938.2750144,0.0,0.0,0.0008921279907226563
1785289938.2763078,0.0,0.0,0.0009190400242805481
1785289938.2775633,0.0,0.0,0.0009038079977035522
1785289938.2788281,0.0,0.0,0.0009156799912452698
1785289938.2801294,0.0,0.0,0.0009256640076637268
1785289938.281397,0.0,0.0,0.0009108480215072632
1785289938.2826602,0.0,0.0,0.0009131519794464111
1785289938.2839541,0.0,0.0,0.0009456319808959961
1785289938.2852206,0.0,0.0,0.0009152640104293823
1785289938.2864919,0.0,0.0,0.0009073600172996521
1785289938.287798,0.0,0.0,0.0009595839977264404
1785289938.2890801,0.0,0.0,0.0009198399782180786
1785289938.2903485,0.0,0.0,0.0009147840142250061
1785289938.2916281,0.0,0.0,0.0009302399754524231
1785289938.2928848,0.0,0.0,0.0009015679955482483
1785289938.2941518,0.0,0.0,0.0009152320027351379
1785289938.2954419,0.0,0.0,0.0009402239918708801
1785289938.2967114,0.0,0.0,0.0009170240163803101
1785289938.2979758,0.0,0.0,0.0009132800102233887
1785289938.299258,0.0,0.0,0.0009363200068473816
1785289938.300526,0.0,0.0,0.0009192960262298583
1785289938.3017666,0.0,0.0,0.0008928959965705871
1785289938.3030274,0.0,0.0,0.000915552020072937
1785289938.3042955,0.0,0.0,0.0008992639780044556
1785289938.3055544,0.0,0.0,0.00090665602684021
1785289938.3068066,0.0,0.0,0.0009051200151443482
1785289938.3081234,0.0,0.0,0.0009271039962768555
1785289938.3093772,0.0,0.0,0.0009064319729804993
1785289938.3106427,0.0,0.0,0.0009171519875526428
1785289938.3119214,0.0,0.0,0.0009296960234642028
1785289938.313191,0.0,0.0,0.0009160640239715577
1785289938.3144438,0.0,0.0,0.0009045760035514831
1785289938.3157246,0.0,0.0,0.0009316160082817078
1785289938.3170006,0.0,0.0,0.0009213119745254516
1785289938.3182592,0.0,0.0,0.00090665602684021
1785289938.3195627,0.0,0.0,0.000944320023059845
1785289938.320848,0.0,0.0,0.000926464021205902
1785289938.32212,0.0,0.0,0.0009244800209999084
1785289938.3240273,0.0,0.0,0.001550271987915039
1785289938.32533,0.0,0.0,0.0009257280230522155
1785289938.3266017,0.0,0.0,0.0009160320162773133
1785289938.3279023,0.0,0.0,0.0009528639912605286
1785289938.3291576,0.0,0.0,0.000901856005191803
1785289938.3304033,0.0,0.0,0.0008950080275535584
1785289938.3316832,0.0,0.0,0.0009344000220298767
1785289938.3329353,0.0,0.0,0.0008993600010871887
1785289938.3341858,0.0,0.0,0.0009046400189399719
1785289938.3354626,0.0,0.0,0.0009284480214118957
1785289938.3366985,0.0,0.0,0.0008870720267295837
1785289938.3379529,0.0,0.0,0.0009034559726715088
1785289938.3392198,0.0,0.0,0.0009179520010948181
1785289938.3404932,0.0,0.0,0.0009057279825210571
1785289938.3417492,0.0,0.0,0.000908735990524292
1785289938.3430123,0.0,0.0,0.0009118720293045044
1785289938.34431,0.0,0.0,0.0009223679900169372
1785289938.3455565,0.0,0.0,0.0008962879776954651
1785289938.346806,0.0,0.0,0.0009029759764671326
1785289938.348077,0.0,0.0,0.0009076480269432068
1785289938.3493328,0.0,0.0,0.0009079040288925171
1785289938.3505802,0.0,0.0,0.0009041280150413513
1785289938.3518658,0.0,0.0,0.000941536009311676
1785289938.3531275,0.0,0.0,0.0009097599983215332
1785289938.3543544,0.0,0.0,0.0008826239705085754
1785289938.3556297,0.0,0.0,0.0009293760061264038
1785289938.356891,0.0,0.0,0.0009096639752388001
1785289938.3581433,0.0,0.0,0.0009017919898033142
1785289938.359416,0.0,0.0,0.0009257280230522155
1785289938.360681,0.0,0.0,0.0009057599902153015
1785289938.3619225,0.0,0.0,0.0008910719752311707
1785289938.3631842,0.0,0.0,0.0009129599928855896
1785289938.3644598,0.0,0.0,0.0009172800183296204
1785289938.3657196,0.0,0.0,0.0009085119962692261
1785289938.3669734,0.0,0.0,0.0009072960019111633
1785289938.3682482,0.0,0.0,0.0009045439958572387
1785289938.3695145,0.0,0.0,0.0009153280258178711
1785289938.3707747,0.0,0.0,0.0009106879830360412
1785289938.37206,0.0,0.0,0.0009178879857063293
1785289938.3733368,0.0,0.0,0.0009102399945259094
1785289938.3745978,0.0,0.0,0.000909824013710022
1785289938.3758857,0.0,0.0,0.0009259840250015258
1785289938.377139,0.0,0.0,0.0008976640105247497
1785289938.3784025,0.0,0.0,0.0009097599983215332
1785289938.380335,0.0,0.0,0.0009460480213165283
1785289938.381617,0.0,0.0,0.0009168639779090881
1785289938.3828785,0.0,0.0,0.0009071360230445862
1785289938.3841531,0.0,0.0,0.0009020159840583801
1785289938.3853936,0.0,0.0,0.000890496015548706
1785289938.3866427,0.0,0.0,0.0009016960263252259
1785289938.3879182,0.0,0.0,0.0009276800155639649
1785289938.3891735,0.0,0.0,0.0009037759900093078
1785289938.3904164,0.0,0.0,0.0008965759873390198
1785289938.3916874,0.0,0.0,0.0009241600036621094
1785289938.392939,0.0,0.0,0.0008982399702072144
1785289938.3941863,0.0,0.0,0.0009020799994468689
1785289938.3954694,0.0,0.0,0.0009342399835586548
1785289938.396714,0.0,0.0,0.0008973119854927063
1785289938.39797,0.0,0.0,0.0009063360095024109
1785289938.3992383,0.0,0.0,0.0009204480051994324
1785289938.4005,0.0,0.0,0.000910207986831665
1785289938.4017372,0.0,0.0,0.0008901759982109069
1785289938.4029982,0.0,0.0,0.0009143999814987182
1785289938.4042668,0.0,0.0,0.0009045439958572387
1785289938.4055305,0.0,0.0,0.0009026560187339783
1785289938.4067745,0.0,0.0,0.0008976640105247497
1785289938.408051,0.0,0.0,0.0009086719751358033
1785289938.4093223,0.0,0.0,0.0009085119962692261
1785289938.4105606,0.0,0.0,0.0008890560269355774
1785289938.4118884,0.0,0.0,0.0009168959856033325
1785289938.4131958,0.0,0.0,0.0009383999705314636
1785289938.4144514,0.0,0.0,0.0009027199745178223
1785289938.415725,0.0,0.0,0.0009282879829406738
1785289938.416978,0.0,0.0,0.0009039040207862854
1785289938.4182398,0.0,0.0,0.0009081919789314271
1785289938.4195082,0.0,0.0,0.0009222720265388488
1785289938.4207675,0.0,0.0,0.0009101759791374206
1785289938.422019,0.0,0.0,0.0009020479917526245
1785289938.4233103,0.0,0.0,0.0009434880018234253
1785289938.4245746,0.0,0.0,0.0009125760197639466
1785289938.4258478,0.0,0.0,0.0008954560160636902
1785289938.4271255,0.0,0.0,0.0009096639752388001
1785289938.4283993,0.0,0.0,0.0009179840087890625
1785289938.4296799,0.0,0.0,0.000929535984992981
1785289938.4309583,0.0,0.0,0.000921343982219696
1785289938.4322464,0.0,0.0,0.0009098880290985108
1785289938.4334977,0.0,0.0,0.000902400016784668
1785289938.4354522,0.0,0.0,0.0009514560103416443
1785289938.4367318,0.0,0.0,0.0009040960073471069
1785289938.4379847,0.0,0.0,0.0008988479971885681
1785289938.4392827,0.0,0.0,0.000931551992893219
1785289938.440533,0.0,0.0,0.0008978559970855713
1785289938.4417698,0.0,0.0,0.000895359992980957
1785289938.4430208,0.0,0.0,0.0009000959992408752
1785289938.444307,0.0,0.0,0.0009152320027351379
1785289938.4455655,0.0,0.0,0.0009108480215072632
1785289938.4468021,0.0,0.0,0.000898144006729126
1785289938.4480808,0.0,0.0,0.0009123520255088807
1785289938.4493232,0.0,0.0,0.0008898879885673523
1785289938.4505954,0.0,0.0,0.0009059519767761231
1785289938.4518778,0.0,0.0,0.0009299520254135131
1785289938.4531302,0.0,0.0,0.0008967040181159973
1785289938.454385,0.0,0.0,0.0009025279879570007
1785289938.4556537,0.0,0.0,0.0009179199934005737
1785289938.4569168,0.0,0.0,0.000915776014328003
1785289938.4581747,0.0,0.0,0.0009101759791374206
1785289938.4594498,0.0,0.0,0.0009280639886856079
1785289938.460711,0.0,0.0,0.000913856029510498
1785289938.4619513,0.0,0.0,0.0008853440284729004
1785289938.4632256,0.0,0.0,0.0009250879883766174
1785289938.4644814,0.0,0.0,0.0009033600091934204
1785289938.4657521,0.0,0.0,0.0009228799939155579
1785289938.467004,0.0,0.0,0.0009006080031394958
1785289938.4682744,0.0,0.0,0.0008967679738998413
1785289938.4695265,0.0,0.0,0.0009057919979095459
1785289938.4708123,0.0,0.0,0.0009174399971961975
1785289938.4720926,0.0,0.0,0.0009127039909362793
1785289938.4733555,0.0,0.0,0.0009098880290985108
1785289938.474604,0.0,0.0,0.0009003520011901855
1785289938.475884,0.0,0.0,0.0009325119853019714
1785289938.4771428,0.0,0.0,0.0009080640077590942
1785289938.478401,0.0,0.0,0.0009111999869346618
1785289938.4796844,0.0,0.0,0.0009302719831466675
1785289938.4809487,0.0,0.0,0.0009094719886779785
1785289938.482201,0.0,0.0,0.0009054080247879029
1785289938.4834754,0.0,0.0,0.0009307519793510437
1785289938.4847314,0.0,0.0,0.0009056959748268128
1785289938.4859931,0.0,0.0,0.0008995839953422546
1785289938.4872694,0.0,0.0,0.0009281600117683411
1785289938.488551,0.0,0.0,0.0009080960154533386
1785289938.490458,0.0,0.0,0.001553887963294983
1785289938.4917712,0.0,0.0,0.0009457600116729736
1785289938.4930258,0.0,0.0,0.0009017919898033142
1785289938.4942749,0.0,0.0,0.0008966720104217529
1785289938.4955606,0.0,0.0,0.0009363520145416259
1785289938.496816,0.0,0.0,0.0009038400053977966
1785289938.4980762,0.0,0.0,0.0009107199907302856
1785289938.4993563,0.0,0.0,0.0009303359985351563
1785289938.500658,0.0,0.0,0.0009259520173072815
1785289938.5019462,0.0,0.0,0.0009202560186386109
1785289938.5032578,0.0,0.0,0.000948095977306366
1785289938.504557,0.0,0.0,0.0009331200122833252
1785289938.5058718,0.0,0.0,0.00093612802028656
1785289938.5071623,0.0,0.0,0.0009349120259284973
1785289938.5084314,0.0,0.0,0.0009151039719581605
1785289938.5096843,0.0,0.0,0.0009071679711341858
1785289938.5109427,0.0,0.0,0.0009091200232505799
1785289938.5122416,0.0,0.0,0.0009178559780120849
1785289938.5135136,0.0,0.0,0.000918175995349884
1785289938.5147617,0.0,0.0,0.0008992639780044556
1785289938.5160594,0.0,0.0,0.000950432002544403
1785289938.517314,0.0,0.0,0.0008948799967765808
1785289938.518569,0.0,0.0,0.0009046400189399719
1785289938.5198526,0.0,0.0,0.0009303359985351563
1785289938.5211022,0.0,0.0,0.0008980479836463929
1785289938.522381,0.0,0.0,0.0009230080246925354
1785289938.523658,0.0,0.0,0.0009260159730911254
1785289938.5249295,0.0,0.0,0.0009139519929885864
1785289938.5261784,0.0,0.0,0.0008999680280685425
1785289938.5274482,0.0,0.0,0.0009239040017127991
1785289938.5286953,0.0,0.0,0.0008958079814910889
1785289938.5299478,0.0,0.0,0.0009023680090904236
1785289938.5312145,0.0,0.0,0.0009202560186386109
1785289938.5324807,0.0,0.0,0.0008983359932899475
1785289938.5337248,0.0,0.0,0.0008968960046768188
1785289938.534974,0.0,0.0,0.0008989120125770569
1785289938.5362735,0.0,0.0,0.0009092159867286682
1785289938.5375311,0.0,0.0,0.0009083200097084045
1785289938.5387828,0.0,0.0,0.0009004160165786743
1785289938.5400598,0.0,0.0,0.0009140160083770752
1785289938.5413232,0.0,0.0,0.0008960000276565552
1785289938.5425768,0.0,0.0,0.0009018880128860474
1785289938.5438623,0.0,0.0,0.000933247983455658
1785289938.5461018,0.0,0.0,0.0018844159841537476
1785289938.5473988,0.0,0.0,0.0009242879748344421
1785289938.5486584,0.0,0.0,0.0009041919708251953
1785289938.549912,0.0,0.0,0.000900223970413208
1785289938.5511777,0.0,0.0,0.0009200959801673889
1785289938.5524464,0.0,0.0,0.0009124159812927246
1785289938.553686,0.0,0.0,0.0008914240002632141
1785289938.554935,0.0,0.0,0.0008976960182189941
1785289938.5562146,0.0,0.0,0.0009038400053977966
1785289938.5574687,0.0,0.0,0.0009034240245819092
1785289938.5587294,0.0,0.0,0.0009095680117607117
1785289938.5600188,0.0,0.0,0.0009394239783287048
1785289938.5612605,0.0,0.0,0.0008916800022125244
1785289938.5625021,0.0,0.0,0.0008944640159606934
1785289938.5638118,0.0,0.0,0.0009496960043907165
1785289938.5650709,0.0,0.0,0.0008962240219116211
1785289938.5663304,0.0,0.0,0.0009085440039634705
1785289938.567606,0.0,0.0,0.0009291840195655822
1785289938.5688665,0.0,0.0,0.0009070079922676086
1785289938.5701327,0.0,0.0,0.0008997759819030762
1785289938.5714064,0.0,0.0,0.000922655999660492
1785289938.5726914,0.0,0.0,0.0009183999896049499
1785289938.5739272,0.0,0.0,0.0008932480216026306
1785289938.5751998,0.0,0.0,0.0009213759899139404
1785289938.5764475,0.0,0.0,0.0008961920142173767
1785289938.5777004,0.0,0.0,0.0009057599902153015
1785289938.5789561,0.0,0.0,0.0009096959829330444
1785289938.5802286,0.0,0.0,0.0008983680009841919
1785289938.5814788,0.0,0.0,0.0009032959938049316
1785289938.5827284,0.0,0.0,0.0009041919708251953
1785289938.5839882,0.0,0.0,0.0009177600145339966
1785289938.585242,0.0,0.0,0.0009011200070381164
1785289938.5864837,0.0,0.0,0.0008997439742088318
1785289938.5877485,0.0,0.0,0.0009254400134086609
1785289938.5889957,0.0,0.0,0.000899616003036499
1785289938.5902503,0.0,0.0,0.0009072639942169189
1785289938.59153,0.0,0.0,0.0009336320161819458
1785289938.5927782,0.0,0.0,0.0008991039991378784
1785289938.5940342,0.0,0.0,0.0009032319784164429
1785289938.5953321,0.0,0.0,0.0009482880234718323
1785289938.5965962,0.0,0.0,0.000903328001499176
1785289938.5978532,0.0,0.0,0.0009059200286865235
1785289938.5991285,0.0,0.0,0.0009037439823150635
1785289938.6011167,0.0,0.0,0.0016290559768676759
1785289938.602414,0.0,0.0,0.0009279680252075195
1785289938.6037118,0.0,0.0,0.0009444159865379334
1785289938.6049953,0.0,0.0,0.0009297599792480469
1785289938.606246,0.0,0.0,0.0009051200151443482
1785289938.6075275,0.0,0.0,0.0009376320242881775
1785289938.6087978,0.0,0.0,0.0009175040125846863
1785289938.6100454,0.0,0.0,0.0008966720104217529
1785289938.6113384,0.0,0.0,0.0009479359984397889
1785289938.6126406,0.0,0.0,0.0009267200231552124
1785289938.6138985,0.0,0.0,0.0009118080139160156
1785289938.6151721,0.0,0.0,0.0009264320135116578
1785289938.616431,0.0,0.0,0.0009111999869346618
1785289938.6176856,0.0,0.0,0.0009033600091934204
1785289938.6189282,0.0,0.0,0.0008939200043678283
1785289938.620199,0.0,0.0,0.0008969600200653076
1785289938.6214764,0.0,0.0,0.0009276800155639649
1785289938.622745,0.0,0.0,0.000923520028591156
1785289938.6240218,0.0,0.0,0.0009278079867362976
1785289938.6252825,0.0,0.0,0.0009080640077590942
1785289938.62654,0.0,0.0,0.0009059200286865235
1785289938.627804,0.0,0.0,0.000918175995349884
1785289938.6290631,0.0,0.0,0.0009063040018081665
1785289938.6303098,0.0,0.0,0.0008963840007781982
1785289938.6316016,0.0,0.0,0.0009365119934082031
1785289938.6328738,0.0,0.0,0.0009177600145339966
1785289938.6341314,0.0,0.0,0.0009093440175056458
1785289938.6353974,0.0,0.0,0.0009191679954528809
1785289938.6366477,0.0,0.0,0.0008991680145263672
1785289938.637901,0.0,0.0,0.0009003520011901855
1785289938.6391938,0.0,0.0,0.0009407359957695008
1785289938.6404362,0.0,0.0,0.0008885440230369568
1785289938.6416848,0.0,0.0,0.0008967040181159973
1785289938.6429276,0.0,0.0,0.0008992639780044556
1785289938.6442032,0.0,0.0,0.000902944028377533
1785289938.6454568,0.0,0.0,0.0009078400135040283
1785289938.6467018,0.0,0.0,0.000900704026222229
1785289938.6479945,0.0,0.0,0.0009416639804840088
1785289938.6492424,0.0,0.0,0.0008979840278625489
1785289938.6504955,0.0,0.0,0.0009048960208892823
1785289938.6518002,0.0,0.0,0.0009436479806900024
1785289938.6530724,0.0,0.0,0.0009035199880599975
1785289938.6543257,0.0,0.0,0.0008970879912376403
1785289938.656267,0.0,0.0,0.0015879360437393189
1785289938.657554,0.0,0.0,0.0009111999869346618
1785289938.6588132,0.0,0.0,0.0009066240191459656
1785289938.6600926,0.0,0.0,0.0009091519713401795
1785289938.6613598,0.0,0.0,0.0009117439985275268
1785289938.6626034,0.0,0.0,0.0008960639834403992
1785289938.663893,0.0,0.0,0.0009437119960784912
1785289938.6651406,0.0,0.0,0.0008923839926719665
1785289938.6664026,0.0,0.0,0.0009100160002708435
1785289938.6676788,0.0,0.0,0.0009145920276641846
1785289938.6689289,0.0,0.0,0.000897599995136261
1785289938.6701524,0.0,0.0,0.0008783360123634338
1785289938.6714265,0.0,0.0,0.0009302080273628235
1785289938.672672,0.0,0.0,0.0008928319811820984
1785289938.6739075,0.0,0.0,0.0008873280286788941
1785289938.6751862,0.0,0.0,0.0009342719912528992
1785289938.6764474,0.0,0.0,0.0009084479808807373
1785289938.6776903,0.0,0.0,0.0009004160165786743
1785289938.6789384,0.0,0.0,0.000896992027759552
1785289938.6802146,0.0,0.0,0.0009048640131950379
1785289938.6814516,0.0,0.0,0.0008889920115470886
1785289938.6827059,0.0,0.0,0.0009072639942169189
1785289938.6839936,0.0,0.0,0.000935263991355896
1785289938.6852436,0.0,0.0,0.0009016000032424927
1785289938.6864984,0.0,0.0,0.0009048640131950379
1785289938.6877782,0.0,0.0,0.0009322879910469055
1785289938.689027,0.0,0.0,0.0008967360258102417
1785289938.6902874,0.0,0.0,0.0009109759926795959
1785289938.6915739,0.0,0.0,0.0009397119879722595
1785289938.6928275,0.0,0.0,0.0009004799723625183
1785289938.694079,0.0,0.0,0.0009063040018081665
1785289938.6953502,0.0,0.0,0.0009238399863243103
1785289938.6966057,0.0,0.0,0.0009025599956512451
1785289938.6978576,0.0,0.0,0.0009024959802627564
1785289938.6991382,0.0,0.0,0.0009310399889945984
1785289938.7011392,0.0,0.0,0.0009593920111656189
1785289938.7024097,0.0,0.0,0.0009020799994468689
1785289938.703706,0.0,0.0,0.0009440320134162902
1785289938.7049706,0.0,0.0,0.0009086400270462037
1785289938.706256,0.0,0.0,0.0009243199825286865
1785289938.7075648,0.0,0.0,0.0009462400078773498
1785289938.708843,0.0,0.0,0.0009162880182266236
1785289938.7101345,0.0,0.0,0.0009327039718627929
1785289938.7120967,0.0,0.0,0.0009383040070533753
1785289938.7133791,0.0,0.0,0.0009170879721641541
1785289938.7146382,0.0,0.0,0.0009092479944229126
1785289938.7159212,0.0,0.0,0.0009364479780197143
1785289938.7171745,0.0,0.0,0.0008977599740028382
1785289938.7184381,0.0,0.0,0.0009136000275611878
1785289938.719733,0.0,0.0,0.000944320023059845
1785289938.7209857,0.0,0.0,0.0009035519957542419
1785289938.7222617,0.0,0.0,0.0009227200150489808
1785289938.7235303,0.0,0.0,0.0009190719723701477
1785289938.724781,0.0,0.0,0.0009011520147323608
1785289938.7260456,0.0,0.0,0.0009115520119667053
1785289938.727339,0.0,0.0,0.0009422079920768738
1785289938.7286067,0.0,0.0,0.0009143999814987182
1785289938.7298641,0.0,0.0,0.0009064000248908997
1785289938.7311406,0.0,0.0,0.0009259520173072815
1785289938.7324035,0.0,0.0,0.0009165760278701782
1785289938.7336783,0.0,0.0,0.0009123200178146363
1785289938.734921,0.0,0.0,0.0009023039937019348
1785289938.7362072,0.0,0.0,0.0009148160219192505
1785289938.7374957,0.0,0.0,0.0009210559725761413
1785289938.7387588,0.0,0.0,0.0009134079813957214
1785289938.7400396,0.0,0.0,0.0009347839951515198
1785289938.7412817,0.0,0.0,0.0008868160247802734
1785289938.7425249,0.0,0.0,0.0008952000141143799
1785289938.743804,0.0,0.0,0.0009308480024337769
1785289938.745051,0.0,0.0,0.0008970879912376403
1785289938.7462978,0.0,0.0,0.0008967679738998413
1785289938.7475798,0.0,0.0,0.0009286400079727173
1785289938.7488523,0.0,0.0,0.0009177280068397522
1785289938.7501168,0.0,0.0,0.0009155200123786927
1785289938.7513926,0.0,0.0,0.0009251199960708618
1785289938.752656,0.0,0.0,0.0009141759872436523
1785289938.7539108,0.0,0.0,0.0009063360095024109
1785289938.7551975,0.0,0.0,0.0009435200095176696
1785289938.7564614,0.0,0.0,0.0009060159921646118
1785289938.75771,0.0,0.0,0.0008972160220146179
1785289938.75897,0.0,0.0,0.0009134079813957214
1785289938.7602568,0.0,0.0,0.0009155200123786927
1785289938.76154,0.0,0.0,0.0009308480024337769
1785289938.7627978,0.0,0.0,0.0008996480107307434
1785289938.764082,0.0,0.0,0.0009115200042724609
1785289938.765336,0.0,0.0,0.0009040319919586181
1785289938.767324,0.0,0.0,0.0009652479887008668
1785289938.7686167,0.0,0.0,0.0009310399889945984
1785289938.7698743,0.0,0.0,0.0009074879884719848
1785289938.7711406,0.0,0.0,0.0009187840223312378
1785289938.7723992,0.0,0.0,0.0009028159976005554
1785289938.773649,0.0,0.0,0.0009024959802627564
1785289938.774892,0.0,0.0,0.0008968960046768188
1785289938.776185,0.0,0.0,0.0009208319783210754
1785289938.7774606,0.0,0.0,0.0009102399945259094
1785289938.7787125,0.0,0.0,0.0009060479998588562
1785289938.7799935,0.0,0.0,0.0009327039718627929
1785289938.7812567,0.0,0.0,0.00091184002161026
1785289938.7825053,0.0,0.0,0.0009021120071411133
1785289938.7838078,0.0,0.0,0.0009533759951591492
1785289938.7850614,0.0,0.0,0.0008964800238609314
1785289938.7863169,0.0,0.0,0.0009054080247879029
1785289938.787596,0.0,0.0,0.0009322879910469055
1785289938.7888498,0.0,0.0,0.0009037439823150635
1785289938.7900996,0.0,0.0,0.0009003520011901855
1785289938.7913876,0.0,0.0,0.0009368320107460023
1785289938.7926395,0.0,0.0,0.0008976640105247497
1785289938.7938874,0.0,0.0,0.0008980479836463929
1785289938.7951646,0.0,0.0,0.0009271360039710999
1785289938.7964385,0.0,0.0,0.0009173759818077087
1785289938.7976868,0.0,0.0,0.0009068800210952759
1785289938.798971,0.0,0.0,0.0009164159893989563
1785289938.8002622,0.0,0.0,0.000918175995349884
1785289938.801533,0.0,0.0,0.0009195200204849244
1785289938.8028016,0.0,0.0,0.0009149439930915832
1785289938.8040924,0.0,0.0,0.0009217919707298278
1785289938.805348,0.0,0.0,0.000901087999343872
1785289938.806593,0.0,0.0,0.0008990079760551453
1785289938.8078878,0.0,0.0,0.0009488319754600525
1785289938.8091607,0.0,0.0,0.0009230719804763794
1785289938.8104153,0.0,0.0,0.0009071040153503418
1785289938.8116887,0.0,0.0,0.0009240319728851318
1785289938.812935,0.0,0.0,0.0008964160084724426
1785289938.8141692,0.0,0.0,0.0008896639943122863
1785289938.8154397,0.0,0.0,0.0009185280203819275
1785289938.816717,0.0,0.0,0.0009096959829330444
1785289938.8179948,0.0,0.0,0.0009205759763717651
1785289938.819283,0.0,0.0,0.0009296000003814697
1785289938.8205364,0.0,0.0,0.0008963840007781982
1785289938.8224306,0.0,0.0,0.0009331520199775695
1785289938.8237336,0.0,0.0,0.0009388160109519958
1785289938.824989,0.0,0.0,0.0009004480242729187
1785289938.8262281,0.0,0.0,0.0008912320137023926
1785289938.827499,0.0,0.0,0.0009223999977111816
1785289938.8287454,0.0,0.0,0.0008984640240669251
1785289938.829996,0.0,0.0,0.0009048640131950379
1785289938.8312593,0.0,0.0,0.0009181119799613952
1785289938.8325176,0.0,0.0,0.0008927040100097656
1785289938.8337603,0.0,0.0,0.0008981760144233704
1785289938.8350036,0.0,0.0,0.0009008960127830505
1785289938.8362749,0.0,0.0,0.0008962560296058655
1785289938.8375115,0.0,0.0,0.000887615978717804
1785289938.838756,0.0,0.0,0.000900223970413208
1785289938.8400252,0.0,0.0,0.0009257599711418151
1785289938.841281,0.0,0.0,0.0009087039828300476
1785289938.8425465,0.0,0.0,0.0009120000004768372
1785289938.8438315,0.0,0.0,0.0009393280148506164
1785289938.8450978,0.0,0.0,0.0009148799777030944
1785289938.846352,0.0,0.0,0.0009085760116577149
1785289938.8476336,0.0,0.0,0.0009357759952545166
1785289938.8488908,0.0,0.0,0.0009088320136070252
1785289938.8501308,0.0,0.0,0.000890399992465973
1785289938.8513982,0.0,0.0,0.0009197760224342347
1785289938.852646,0.0,0.0,0.0008989120125770569
1785289938.8538966,0.0,0.0,0.0009047359824180602
1785289938.8551555,0.0,0.0,0.0009098880290985108
1785289938.8563998,0.0,0.0,0.0008958399891853332
1785289938.8576481,0.0,0.0,0.0009028800129890442
1785289938.858903,0.0,0.0,0.0009037119746208191
1785289938.8601596,0.0,0.0,0.0008903359770774842
1785289938.8613966,0.0,0.0,0.0008902720212936401
1785289938.8626409,0.0,0.0,0.0008966079950332641
1785289938.863941,0.0,0.0,0.0009360960125923156
1785289938.8652036,0.0,0.0,0.0009073280096054077
1785289938.8664525,0.0,0.0,0.0008990399837493897
1785289938.8677223,0.0,0.0,0.0009217280149459839
1785289938.8689642,0.0,0.0,0.0008922880291938782
1785289938.8702083,0.0,0.0,0.0008961920142173767
1785289938.8714943,0.0,0.0,0.0009430400133132934
1785289938.872771,0.0,0.0,0.0009108480215072632
1785289938.8740523,0.0,0.0,0.0009257919788360595
1785289938.8753285,0.0,0.0,0.00092467200756073
1785289938.8772502,0.0,0.0,0.0015602879524230957
1785289938.878519,0.0,0.0,0.0009029759764671326
1785289938.879799,0.0,0.0,0.0009270399808883667
1785289938.881037,0.0,0.0,0.0008862720131874084
1785289938.8822906,0.0,0.0,0.0009054719805717469
1785289938.883597,0.0,0.0,0.0009593279957771301
1785289938.884852,0.0,0.0,0.000900767982006073
1785289938.8861146,0.0,0.0,0.0009107840061187744
1785289938.8873928,0.0,0.0,0.000932416021823883
1785289938.8886578,0.0,0.0,0.0009116160273551941
1785289938.8899167,0.0,0.0,0.0009111679792404174
1785289938.891186,0.0,0.0,0.0009240000247955322
1785289938.892428,0.0,0.0,0.0008896960020065307
1785289938.8936596,0.0,0.0,0.0008868799805641175
1785289938.8949015,0.0,0.0,0.000894208014011383
1785289938.8961732,0.0,0.0,0.0009016640186309815
1785289938.8974106,0.0,0.0,0.000894208014011383
1785289938.8986921,0.0,0.0,0.0009180160164833069
1785289938.899967,0.0,0.0,0.0009266560077667237
1785289938.9012065,0.0,0.0,0.0008863999843597412
1785289938.9024508,0.0,0.0,0.0008962240219116211
1785289938.903738,0.0,0.0,0.0009393280148506164
1785289938.9050028,0.0,0.0,0.0009082880020141601
1785289938.9062371,0.0,0.0,0.0008939520120620727
1785289938.9075196,0.0,0.0,0.0009315840005874634
1785289938.9087806,0.0,0.0,0.0009111679792404174
1785289938.9100418,0.0,0.0,0.0009092159867286682
1785289938.91132,0.0,0.0,0.0009236800074577332
1785289938.9125755,0.0,0.0,0.0009051520228385926
1785289938.9138324,0.0,0.0,0.0009087039828300476
1785289938.915091,0.0,0.0,0.0009154880046844483
1785289938.9163465,0.0,0.0,0.0008895999789237976
1785289938.917592,0.0,0.0,0.0008973119854927063
1785289938.918837,0.0,0.0,0.000899071991443634
1785289938.9201062,0.0,0.0,0.0009035840034484863
1785289938.9213593,0.0,0.0,0.0009049919843673706
1785289938.922602,0.0,0.0,0.0009000319838523865
1785289938.9238873,0.0,0.0,0.0009344639778137207
1785289938.9251368,0.0,0.0,0.0009045760035514831
1785289938.926411,0.0,0.0,0.0009261760115623475
1785289938.9277039,0.0,0.0,0.0009323840141296387
1785289938.9289796,0.0,0.0,0.000902400016784668
1785289938.930235,0.0,0.0,0.0009063040018081665
1785289938.9321897,0.0,0.0,0.001597216010093689
1785289938.933467,0.0,0.0,0.0009032319784164429
1785289938.93472,0.0,0.0,0.0009000639915466308
1785289938.9359975,0.0,0.0,0.000927839994430542
1785289938.9372504,0.0,0.0,0.0009017919898033142
1785289938.9384894,0.0,0.0,0.0008932480216026306
1785289938.9397748,0.0,0.0,0.0009367679953575135
1785289938.9410207,0.0,0.0,0.0009002559781074524
1785289938.942267,0.0,0.0,0.0008994560241699219
1785289938.9435322,0.0,0.0,0.000919327974319458
1785289938.9447815,0.0,0.0,0.0008983359932899475
1785289938.946031,0.0,0.0,0.0009013440012931824
1785289938.9473116,0.0,0.0,0.0009316160082817078
1785289938.9485784,0.0,0.0,0.0009143679738044739
1785289938.9498234,0.0,0.0,0.0008942400217056275
1785289938.9510777,0.0,0.0,0.0009108160138130188
1785289938.9523418,0.0,0.0,0.0009006080031394958
1785289938.9535708,0.0,0.0,0.000891871988773346
1785289938.9548266,0.0,0.0,0.0009093440175056458
1785289938.9561007,0.0,0.0,0.0009034559726715088
1785289938.9573565,0.0,0.0,0.0008999680280685425
1785289938.9586024,0.0,0.0,0.0008990399837493897
1785289938.959872,0.0,0.0,0.0009244160056114197
1785289938.9611213,0.0,0.0,0.0008945919871330262
1785289938.9623857,0.0,0.0,0.0009003199934959411
1785289938.963646,0.0,0.0,0.0009112319946289062
1785289938.9648967,0.0,0.0,0.0008997439742088318
1785289938.966139,0.0,0.0,0.0008954560160636902
1785289938.9674084,0.0,0.0,0.0009233599901199341
1785289938.9686694,0.0,0.0,0.0009128640294075012
1785289938.9699192,0.0,0.0,0.000898751974105835
1785289938.971204,0.0,0.0,0.0009376000165939331
1785289938.9724703,0.0,0.0,0.0009146879911422729
1785289938.9737344,0.0,0.0,0.000915008008480072
1785289938.9749832,0.0,0.0,0.0009019839763641358
1785289938.97625,0.0,0.0,0.0008948479890823365
1785289938.977509,0.0,0.0,0.0009077119827270507
1785289938.9787927,0.0,0.0,0.0009185600280761718
1785289938.9800878,0.0,0.0,0.0009290239810943603
1785289938.9813304,0.0,0.0,0.0008980159759521485
1785289938.982598,0.0,0.0,0.0009160000085830689
1785289938.9839044,0.0,0.0,0.000950879991054535
1785289938.9851706,0.0,0.0,0.0009056959748268128
1785289938.9870658,0.0,0.0,0.0015422079563140868
1785289938.9883904,0.0,0.0,0.0009279999732971191
1785289938.9896603,0.0,0.0,0.0009177600145339966
1785289938.990921,0.0,0.0,0.000915008008480072
1785289938.9921963,0.0,0.0,0.0009016640186309815
1785289938.993453,0.0,0.0,0.0009067199826240539
1785289938.9947307,0.0,0.0,0.0009175040125846863
1785289938.9960089,0.0,0.0,0.0009323520064353943
1785289938.9972715,0.0,0.0,0.0009064639806747436
1785289938.9985313,0.0,0.0,0.0009167360067367554
1785289938.999809,0.0,0.0,0.0009302399754524231
1785289939.0010567,0.0,0.0,0.0008966400027275085
1785289939.0023003,0.0,0.0,0.0008995839953422546
1785289939.0035741,0.0,0.0,0.0009238399863243103
1785289939.004821,0.0,0.0,0.0008978559970855713
1785289939.0060635,0.0,0.0,0.0008950080275535584
1785289939.007326,0.0,0.0,0.0009155200123786927
1785289939.0085719,0.0,0.0,0.0008980479836463929
1785289939.009818,0.0,0.0,0.0008982399702072144
1785289939.0110495,0.0,0.0,0.000883072018623352
1785289939.012324,0.0,0.0,0.000903872013092041
1785289939.0135822,0.0,0.0,0.0009092159867286682
1785289939.0148213,0.0,0.0,0.000894976019859314
1785289939.016106,0.0,0.0,0.0009141119718551636
1785289939.0173588,0.0,0.0,0.0009002559781074524
1785289939.0186028,0.0,0.0,0.0008950719833374024
1785289939.01989,0.0,0.0,0.0009346879720687866
1785289939.0211523,0.0,0.0,0.0009102399945259094
1785289939.022404,0.0,0.0,0.0009003199934959411
1785289939.0236819,0.0,0.0,0.0009249600172042847
1785289939.024936,0.0,0.0,0.0009001280069351196
1785289939.0261958,0.0,0.0,0.0009069439768791199
1785289939.0275042,0.0,0.0,0.0009453439712524414
1785289939.028779,0.0,0.0,0.00091948801279068
1785289939.0300314,0.0,0.0,0.0009008960127830505
1785289939.0313137,0.0,0.0,0.0009339839816093445
1785289939.0325947,0.0,0.0,0.0009238399863243103
1785289939.0338507,0.0,0.0,0.0009004160165786743
1785289939.0351107,0.0,0.0,0.0008971199989318847
1785289939.036391,0.0,0.0,0.000917792022228241
1785289939.0376627,0.0,0.0,0.0009162880182266236
1785289939.0389464,0.0,0.0,0.0009251199960708618
1785289939.0402448,0.0,0.0,0.0009187840223312378
1785289939.0414903,0.0,0.0,0.0008887360095977783
1785289939.0434196,0.0,0.0,0.0009473919868469238
1785289939.0446887,0.0,0.0,0.0009056000113487244
1785289939.0459406,0.0,0.0,0.0008990399837493897
1785289939.047213,0.0,0.0,0.000920799970626831
1785289939.048473,0.0,0.0,0.0009050559997558594
1785289939.049727,0.0,0.0,0.0009060800075531006
1785289939.0509756,0.0,0.0,0.000900223970413208
1785289939.0522547,0.0,0.0,0.0009074239730834961
1785289939.0535233,0.0,0.0,0.0009201599955558777
1785289939.054766,0.0,0.0,0.0008953920006752014
1785289939.0560482,0.0,0.0,0.0009164479970932007
1785289939.0573127,0.0,0.0,0.0009164800047874451
1785289939.0585814,0.0,0.0,0.0009183999896049499
1785289939.0598903,0.0,0.0,0.0009409919977188111
1785289939.0611906,0.0,0.0,0.0009296640157699585
1785289939.0624979,0.0,0.0,0.0009229760169982911
1785289939.063792,0.0,0.0,0.0009353920221328735
1785289939.0650456,0.0,0.0,0.0008968639969825744
1785289939.0662868,0.0,0.0,0.0008943679928779602
1785289939.067566,0.0,0.0,0.0009294080138206482
1785289939.0688245,0.0,0.0,0.0009068800210952759
1785289939.0700884,0.0,0.0,0.0009157440066337586
1785289939.0713537,0.0,0.0,0.000918175995349884
1785289939.0726016,0.0,0.0,0.0008990399837493897
1785289939.07385,0.0,0.0,0.0009039679765701294
1785289939.0751207,0.0,0.0,0.0009049919843673706
1785289939.0763688,0.0,0.0,0.0008959680199623108
1785289939.0776103,0.0,0.0,0.0008963840007781982
1785289939.0788577,0.0,0.0,0.0008988159894943237
1785289939.0801299,0.0,0.0,0.0009052479863166809
1785289939.0813723,0.0,0.0,0.0008941439986228943
1785289939.0826287,0.0,0.0,0.0009106879830360412
1785289939.0839133,0.0,0.0,0.0009311680197715759
1785289939.0851753,0.0,0.0,0.0009085440039634705
1785289939.0864162,0.0,0.0,0.0008961600065231323
1785289939.0876904,0.0,0.0,0.0009240000247955322
1785289939.088942,0.0,0.0,0.0009004799723625183
1785289939.090191,0.0,0.0,0.000895583987236023
1785289939.0914607,0.0,0.0,0.0009197760224342347
1785289939.0927596,0.0,0.0,0.0009284480214118957
1785289939.0940301,0.0,0.0,0.0009143040180206299
1785289939.0953004,0.0,0.0,0.0009210240244865417
1785289939.0965698,0.0,0.0,0.0009097599983215332
1785289939.098544,0.0,0.0,0.0009442560076713562
1785289939.099857,0.0,0.0,0.0009460480213165283
1785289939.101112,0.0,0.0,0.0009027519822120667
1785289939.102359,0.0,0.0,0.0008957120180130005
1785289939.1036427,0.0,0.0,0.0009321600198745727
1785289939.1048946,0.0,0.0,0.000898688018321991
1785289939.1061392,0.0,0.0,0.0008948799967765808
1785289939.107407,0.0,0.0,0.0009211199879646301
1785289939.1086628,0.0,0.0,0.0009040960073471069
1785289939.1099033,0.0,0.0,0.0008909760117530823
1785289939.1111777,0.0,0.0,0.0009207680225372315
1785289939.112447,0.0,0.0,0.0009142400026321411
1785289939.1136951,0.0,0.0,0.0009009600281715393
1785289939.1149502,0.0,0.0,0.0009028480052947998
1785289939.116228,0.0,0.0,0.000901087999343872
1785289939.1174703,0.0,0.0,0.0008953279852867127
1785289939.1187215,0.0,0.0,0.000902944028377533
1785289939.1199987,0.0,0.0,0.0009271360039710999
1785289939.1212595,0.0,0.0,0.0009066879749298096
1785289939.122512,0.0,0.0,0.0009076160192489624
1785289939.1237886,0.0,0.0,0.000928384006023407
1785289939.1250656,0.0,0.0,0.0009030719995498657
1785289939.1263242,0.0,0.0,0.0009090240001678467
1785289939.1276114,0.0,0.0,0.0009364479780197143
1785289939.1288757,0.0,0.0,0.0009127359986305237
1785289939.1301963,0.0,0.0,0.0009055359959602356
1785289939.131482,0.0,0.0,0.0009312959909439087
1785289939.1327538,0.0,0.0,0.0009185919761657714
1785289939.134006,0.0,0.0,0.0009048960208892823
1785289939.1352813,0.0,0.0,0.0009248960018157959
1785289939.1365383,0.0,0.0,0.000907039999961853
1785289939.1377888,0.0,0.0,0.000907039999961853
1785289939.1390424,0.0,0.0,0.0009022719860076904
1785289939.140308,0.0,0.0,0.0008934080004692077
1785289939.1415815,0.0,0.0,0.0009105280041694641
1785289939.142832,0.0,0.0,0.0008997759819030762
1785289939.144113,0.0,0.0,0.0009090240001678467
1785289939.145376,0.0,0.0,0.0009113280177116394
1785289939.146617,0.0,0.0,0.0008946239948272705
1785289939.1478968,0.0,0.0,0.0009334719777107239
1785289939.1491685,0.0,0.0,0.0009076160192489624
1785289939.1504323,0.0,0.0,0.0009079040288925171
1785289939.1517317,0.0,0.0,0.0009424319863319397
1785289939.1537337,0.0,0.0,0.001636415958404541
1785289939.155019,0.0,0.0,0.0009143679738044739
1785289939.1563218,0.0,0.0,0.0009236800074577332
1785289939.1575701,0.0,0.0,0.0008941439986228943
1785289939.1588097,0.0,0.0,0.0008895999789237976
1785289939.160094,0.0,0.0,0.0009130240082740784
1785289939.161354,0.0,0.0,0.00090556800365448
1785289939.1626267,0.0,0.0,0.0009186879992485046
1785289939.1638968,0.0,0.0,0.0009237120151519776
1785289939.165162,0.0,0.0,0.000907584011554718
1785289939.1664195,0.0,0.0,0.0009115520119667053
1785289939.1676958,0.0,0.0,0.0009272000193595886
1785289939.1689594,0.0,0.0,0.0009124159812927246
1785289939.1702106,0.0,0.0,0.0009034559726715088
1785289939.171483,0.0,0.0,0.0009269440174102784
1785289939.1727133,0.0,0.0,0.0008816319704055786
1785289939.1739626,0.0,0.0,0.0008976640105247497
1785289939.1752315,0.0,0.0,0.0009207680225372315
1785289939.1764944,0.0,0.0,0.0009097599983215332
1785289939.1777325,0.0,0.0,0.0008885440230369568
1785289939.1789806,0.0,0.0,0.000900223970413208
1785289939.1802466,0.0,0.0,0.0008978559970855713
1785289939.1815035,0.0,0.0,0.0009060800075531006
1785289939.182776,0.0,0.0,0.0009194560050964356
1785289939.184072,0.0,0.0,0.0009233599901199341
1785289939.1853158,0.0,0.0,0.0008881279826164246
1785289939.186578,0.0,0.0,0.0009148160219192505
1785289939.1878495,0.0,0.0,0.0009220160245895385
1785289939.189109,0.0,0.0,0.0009056959748268128
1785289939.1903853,0.0,0.0,0.0009121599793434143
1785289939.1916544,0.0,0.0,0.0009212160110473633
1785289939.1929147,0.0,0.0,0.000907967984676361
1785289939.1941648,0.0,0.0,0.0009015679955482483
1785289939.1954505,0.0,0.0,0.0009360640048980713
1785289939.1967046,0.0,0.0,0.0009035519957542419
1785289939.1979613,0.0,0.0,0.0009051200151443482
1785289939.1992402,0.0,0.0,0.0009291200041770935
1785289939.2005105,0.0,0.0,0.0009184960126876831
1785289939.201757,0.0,0.0,0.0008966400027275085
1785289939.2030315,0.0,0.0,0.0009227839708328247
1785289939.2043352,0.0,0.0,0.0009217600226402282
1785289939.2056005,0.0,0.0,0.0009095039963722229
1785289939.2068732,0.0,0.0,0.0009203839898109436
1785289939.2087967,0.0,0.0,0.0015455360412597657
1785289939.2100806,0.0,0.0,0.000913856029510498
1785289939.2113552,0.0,0.0,0.0009221760034561157
1785289939.2126224,0.0,0.0,0.0009128320217132569
1785289939.213893,0.0,0.0,0.0009229760169982911
1785289939.2151752,0.0,0.0,0.000929311990737915
1785289939.216441,0.0,0.0,0.0009120320081710816
1785289939.217677,0.0,0.0,0.0008889600038528442
1785289939.2189336,0.0,0.0,0.0009046720266342163
1785289939.2202342,0.0,0.0,0.0009137920141220093
1785289939.2214978,0.0,0.0,0.0009101759791374206
1785289939.222758,0.0,0.0,0.0009079359769821167
1785289939.2240598,0.0,0.0,0.0009197440147399903
1785289939.2253358,0.0,0.0,0.0009076799750328064
1785289939.2266023,0.0,0.0,0.000912608027458191
1785289939.2278697,0.0,0.0,0.0009169920086860657
1785289939.229118,0.0,0.0,0.000898688018321991
1785289939.2303708,0.0,0.0,0.0009041919708251953
1785289939.2316387,0.0,0.0,0.0009171839952468872
1785289939.232879,0.0,0.0,0.000891264021396637
1785289939.2341368,0.0,0.0,0.0009055359959602356
1785289939.2353995,0.0,0.0,0.0009132480025291443
1785289939.2366323,0.0,0.0,0.0008868799805641175
1785289939.2378824,0.0,0.0,0.000903872013092041
1785289939.2391603,0.0,0.0,0.0009302399754524231
1785289939.2404234,0.0,0.0,0.0009057279825210571
1785289939.241684,0.0,0.0,0.0009088320136070252
1785289939.242953,0.0,0.0,0.0009223999977111816
1785289939.2442288,0.0,0.0,0.0008994560241699219
1785289939.2454906,0.0,0.0,0.000906495988368988
1785289939.2467487,0.0,0.0,0.0009085440039634705
1785289939.248017,0.0,0.0,0.0009192960262298583
1785289939.2492719,0.0,0.0,0.0008971840143203735
1785289939.2505262,0.0,0.0,0.0009077439904212951
1785289939.251806,0.0,0.0,0.0009320639967918396
1785289939.2530587,0.0,0.0,0.0009029759764671326
1785289939.2543097,0.0,0.0,0.0009000959992408752
1785289939.2555976,0.0,0.0,0.000921887993812561
1785289939.2568715,0.0,0.0,0.000917248010635376
1785289939.258118,0.0,0.0,0.0008997120261192322
1785289939.2594194,0.0,0.0,0.000941536009311676
1785289939.260666,0.0,0.0,0.0008915200233459473
1785289939.2619152,0.0,0.0,0.0009001920223236084
1785289939.2638488,0.0,0.0,0.0015859839916229248
1785289939.2651243,0.0,0.0,0.0009048640131950379
1785289939.2663617,0.0,0.0,0.0008868799805641175
1785289939.2676628,0.0,0.0,0.0009468479752540588
1785289939.2689245,0.0,0.0,0.000908352017402649
1785289939.2701824,0.0,0.0,0.0009078720211982727
1785289939.2714634,0.0,0.0,0.0009296320080757141
1785289939.2727196,0.0,0.0,0.0009022079706192017
1785289939.2739706,0.0,0.0,0.0009006400108337402
1785289939.2752461,0.0,0.0,0.0009288640022277832
1785289939.2765028,0.0,0.0,0.0009040639996528625
1785289939.2777643,0.0,0.0,0.0009120000004768372
1785289939.2790146,0.0,0.0,0.0009026240110397339
1785289939.2803066,0.0,0.0,0.0009015039801597596
1785289939.281554,0.0,0.0,0.0008963199853897095
1785289939.2828057,0.0,0.0,0.0009016000032424927
1785289939.284086,0.0,0.0,0.0009106240272521973
1785289939.2853334,0.0,0.0,0.0008963840007781982
1785289939.2865713,0.0,0.0,0.0008887680172920227
1785289939.287862,0.0,0.0,0.0009395840167999267
1785289939.289129,0.0,0.0,0.0009137920141220093
1785289939.2903829,0.0,0.0,0.0009054719805717469
1785289939.2916617,0.0,0.0,0.0009329280257225036
1785289939.2929292,0.0,0.0,0.0009162880182266236
1785289939.2941875,0.0,0.0,0.0009053760170936585
1785289939.2954767,0.0,0.0,0.0009385920166969299
1785289939.2967489,0.0,0.0,0.0009175999760627746
1785289939.2980108,0.0,0.0,0.0009148799777030944
1785289939.2992718,0.0,0.0,0.0009170240163803101
1785289939.3005297,0.0,0.0,0.0009100480079650879
1785289939.3017764,0.0,0.0,0.0008960639834403992
1785289939.3030202,0.0,0.0,0.0008977599740028382
1785289939.3043027,0.0,0.0,0.0009123520255088807
1785289939.305547,0.0,0.0,0.0008938879966735839
1785289939.3068256,0.0,0.0,0.0009145600199699402
1785289939.308127,0.0,0.0,0.0009264000058174134
1785289939.3093836,0.0,0.0,0.0009043200016021728
1785289939.3106368,0.0,0.0,0.0009027199745178223
1785289939.3119066,0.0,0.0,0.0009183040261268615
1785289939.31318,0.0,0.0,0.0009173439741134643
1785289939.3144577,0.0,0.0,0.0009202560186386109
1785289939.3157387,0.0,0.0,0.0009251840114593506
1785289939.316998,0.0,0.0,0.0009019839763641358
1785289939.3189213,0.0,0.0,0.0015688960552215575
1785289939.320241,0.0,0.0,0.0009164159893989563
1785289939.3215218,0.0,0.0,0.0009077759981155395
1785289939.3227668,0.0,0.0,0.0008946880102157593
1785289939.3240554,0.0,0.0,0.0009184319972991943
1785289939.3253217,0.0,0.0,0.0009119359850883484
1785289939.326608,0.0,0.0,0.0009273920059204102
1785289939.3279078,0.0,0.0,0.000944927990436554
1785289939.329157,0.0,0.0,0.0008949440121650696
1785289939.3303945,0.0,0.0,0.0008887040019035339
1785289939.3316631,0.0,0.0,0.0009205759763717651
1785289939.3329022,0.0,0.0,0.0008849279880523682
1785289939.3341398,0.0,0.0,0.0008910400271415711
1785289939.3354192,0.0,0.0,0.0009326720237731933
1785289939.336667,0.0,0.0,0.0008952640295028687
1785289939.3379066,0.0,0.0,0.0008955519795417786
1785289939.3391716,0.0,0.0,0.0009186879992485046
1785289939.3404284,0.0,0.0,0.00090665602684021
1785289939.3416705,0.0,0.0,0.0008939520120620727
1785289939.3429239,0.0,0.0,0.000908896028995514
1785289939.344195,0.0,0.0,0.0009046720266342163
1785289939.3454392,0.0,0.0,0.0008933759927749633
1785289939.3466854,0.0,0.0,0.0008999680280685425
1785289939.347954,0.0,0.0,0.0009183999896049499
1785289939.349226,0.0,0.0,0.0009178879857063293
1785289939.3504686,0.0,0.0,0.0008932480216026306
1785289939.3517377,0.0,0.0,0.0009211199879646301
1785289939.3530066,0.0,0.0,0.000914080023765564
1785289939.3542907,0.0,0.0,0.0009155840277671813
1785289939.355581,0.0,0.0,0.000938975989818573
1785289939.3568456,0.0,0.0,0.0009110400080680847
1785289939.3580985,0.0,0.0,0.0009015359878540039
1785289939.3593733,0.0,0.0,0.000926144003868103
1785289939.360746,0.0,0.0,0.0009029759764671326
1785289939.362015,0.0,0.0,0.0009090240001678467
1785289939.363306,0.0,0.0,0.0009429119825363159
1785289939.3645782,0.0,0.0,0.0009206719994544983
1785289939.365824,0.0,0.0,0.0008984640240669251
1785289939.3670702,0.0,0.0,0.0008998399972915649
1785289939.3683352,0.0,0.0,0.0008908799886703492
1785289939.3696048,0.0,0.0,0.0009097920060157776
1785289939.3708725,0.0,0.0,0.0009137279987335205
1785289939.3721561,0.0,0.0,0.0009105280041694641
1785289939.37407,0.0,0.0,0.0015566400289535522
1785289939.3754194,0.0,0.0,0.0009617919921875
1785289939.376689,0.0,0.0,0.0009111359715461731
1785289939.377927,0.0,0.0,0.0008924800157546997
1785289939.3792176,0.0,0.0,0.0009407039880752564
1785289939.380496,0.0,0.0,0.000921280026435852
1785289939.3817415,0.0,0.0,0.0008986240029335022
1785289939.3829865,0.0,0.0,0.0008935999870300293
1785289939.3842587,0.0,0.0,0.0009029759764671326
1785289939.3855011,0.0,0.0,0.0008917440176010132
1785289939.3867574,0.0,0.0,0.0008982719779014588
1785289939.3880274,0.0,0.0,0.0009249600172042847
1785289939.389289,0.0,0.0,0.0008978880047798157
1785289939.3905315,0.0,0.0,0.0008923839926719665
1785289939.3918004,0.0,0.0,0.0009202240109443665
1785289939.3930576,0.0,0.0,0.0009071999788284302
1785289939.3943124,0.0,0.0,0.00091212797164917
1785289939.3955774,0.0,0.0,0.0009160320162773133
1785289939.3968356,0.0,0.0,0.0009062719941139221
1785289939.3980885,0.0,0.0,0.000904255986213684
1785289939.3993654,0.0,0.0,0.0009320639967918396
1785289939.4006243,0.0,0.0,0.0009017279744148255
1785289939.4018762,0.0,0.0,0.000902463972568512
1785289939.4031491,0.0,0.0,0.0009190080165863037
1785289939.4044218,0.0,0.0,0.0009148799777030944
1785289939.4056873,0.0,0.0,0.0009130240082740784
1785289939.4069386,0.0,0.0,0.000904255986213684
1785289939.4082258,0.0,0.0,0.0009105600118637085
1785289939.4094863,0.0,0.0,0.0009128000140190125
1785289939.4107416,0.0,0.0,0.0009045119881629943
1785289939.4120202,0.0,0.0,0.0009338880181312561
1785289939.4132724,0.0,0.0,0.000903328001499176
1785289939.4145226,0.0,0.0,0.0008992959856987
1785289939.4157956,0.0,0.0,0.0009250879883766174
1785289939.4170494,0.0,0.0,0.000902944028377533
1785289939.4183285,0.0,0.0,0.0009240959882736206
1785289939.41961,0.0,0.0,0.0009328640103340149
1785289939.4208736,0.0,0.0,0.0009122880101203919
1785289939.4221332,0.0,0.0,0.0009058880209922791
1785289939.423415,0.0,0.0,0.0009268479943275452
1785289939.424697,0.0,0.0,0.0009255679845809936
1785289939.425959,0.0,0.0,0.0009095360040664673
1785289939.4272308,0.0,0.0,0.000917792022228241
1785289939.429138,0.0,0.0,0.0015493439435958862
1785289939.4304333,0.0,0.0,0.0009248639941215515
1785289939.431722,0.0,0.0,0.0009369919896125794
1785289939.433005,0.0,0.0,0.0009250239729881286
1785289939.4342644,0.0,0.0,0.0009100480079650879
1785289939.4355369,0.0,0.0,0.0009240000247955322
1785289939.4367921,0.0,0.0,0.0009021760225296021
1785289939.4380424,0.0,0.0,0.0009031360149383545
1785289939.4393513,0.0,0.0,0.0009533119797706604
1785289939.4406052,0.0,0.0,0.0008995199799537659
1785289939.441855,0.0,0.0,0.0009036800265312195
1785289939.443115,0.0,0.0,0.0009001920223236084
1785289939.4444003,0.0,0.0,0.0009285759925842285
1785289939.4456367,0.0,0.0,0.000889952003955841
1785289939.4469073,0.0,0.0,0.0009209920167922974
1785289939.4481783,0.0,0.0,0.0008999360203742981
1785289939.4494193,0.0,0.0,0.000893343985080719
1785289939.4506679,0.0,0.0,0.000898688018321991
1785289939.4519947,0.0,0.0,0.0009559360146522522
1785289939.4532359,0.0,0.0,0.0008937600255012512
1785289939.4544911,0.0,0.0,0.0009050880074501038
1785289939.4557679,0.0,0.0,0.0009269440174102784
1785289939.4570234,0.0,0.0,0.0009054080247879029
1785289939.458286,0.0,0.0,0.0009119359850883484
1785289939.45956,0.0,0.0,0.0009308480024337769
1785289939.4608178,0.0,0.0,0.0009045439958572387
1785289939.462075,0.0,0.0,0.0009100480079650879
1785289939.4633605,0.0,0.0,0.000932416021823883
1785289939.464618,0.0,0.0,0.0009130240082740784
1785289939.4658847,0.0,0.0,0.0009167360067367554
1785289939.467175,0.0,0.0,0.0009400320053100586
1785289939.4684405,0.0,0.0,0.000912447988986969
1785289939.469715,0.0,0.0,0.0009131519794464111
1785289939.4709628,0.0,0.0,0.0009006400108337402
1785289939.4722419,0.0,0.0,0.0009063680171966553
1785289939.4734774,0.0,0.0,0.0008930559754371643
1785289939.474733,0.0,0.0,0.0009037439823150635
1785289939.475999,0.0,0.0,0.00092467200756073
1785289939.477261,0.0,0.0,0.0009106879830360412
1785289939.4785225,0.0,0.0,0.0009126719832420349
1785289939.479839,0.0,0.0,0.0009408640265464783
1785289939.4811041,0.0,0.0,0.0009063040018081665
1785289939.4823647,0.0,0.0,0.0009064319729804993
1785289939.4843564,0.0,0.0,0.001639296054840088
1785289939.4856436,0.0,0.0,0.0009159039855003357
1785289939.4868934,0.0,0.0,0.0008982080221176148
1785289939.4881828,0.0,0.0,0.0009190719723701477
1785289939.4894388,0.0,0.0,0.0009050559997558594
1785289939.4906993,0.0,0.0,0.0009113600254058838
1785289939.491974,0.0,0.0,0.0009269440174102784
1785289939.493231,0.0,0.0,0.0009074879884719848
1785289939.4944768,0.0,0.0,0.0009000959992408752
1785289939.495765,0.0,0.0,0.0009393919706344604
1785289939.4970107,0.0,0.0,0.0008960000276565552
1785289939.4982584,0.0,0.0,0.0009015039801597596
1785289939.4995105,0.0,0.0,0.0009134079813957214
1785289939.5007546,0.0,0.0,0.0008961920142173767
1785289939.5019968,0.0,0.0,0.0008960959911346435
1785289939.5032694,0.0,0.0,0.0009217600226402282
1785289939.5045187,0.0,0.0,0.0008984320163726807
1785289939.5057664,0.0,0.0,0.0009037439823150635
1785289939.5070145,0.0,0.0,0.0009004160165786743
1785289939.5082998,0.0,0.0,0.000907967984676361
1785289939.509549,0.0,0.0,0.0009055359959602356
1785289939.5107903,0.0,0.0,0.0008925120234489441
1785289939.5120678,0.0,0.0,0.0009022399783134461
1785289939.5133197,0.0,0.0,0.0008989440202713013
1785289939.5145588,0.0,0.0,0.0008939200043678283
1785289939.5158222,0.0,0.0,0.0009182720184326172
1785289939.517099,0.0,0.0,0.0009164479970932007
1785289939.5183678,0.0,0.0,0.0009160320162773133
1785289939.5196497,0.0,0.0,0.0009348480105400086
1785289939.5208926,0.0,0.0,0.0008960000276565552
1785289939.5221279,0.0,0.0,0.0008928959965705871
1785289939.5234168,0.0,0.0,0.0009407680034637452
1785289939.5246925,0.0,0.0,0.0009171839952468872
1785289939.52593,0.0,0.0,0.0008897920250892639
1785289939.527224,0.0,0.0,0.000940671980381012
1785289939.5284941,0.0,0.0,0.0009149760007858276
1785289939.5297837,0.0,0.0,0.0009353600144386291
1785289939.5310385,0.0,0.0,0.0009075199961662292
1785289939.5322933,0.0,0.0,0.0008848639726638794
1785289939.533528,0.0,0.0,0.0008905919790267945
1785289939.5347798,0.0,0.0,0.0009059519767761231
1785289939.5360842,0.0,0.0,0.0009285439848899841
1785289939.5373485,0.0,0.0,0.0009064000248908997
1785289939.5386152,0.0,0.0,0.0009144960045814514
1785289939.5406356,0.0,0.0,0.0009326400160789489
1785289939.5419052,0.0,0.0,0.0009072639942169189
1785289939.5431705,0.0,0.0,0.0009184319972991943
1785289939.5444317,0.0,0.0,0.0008977599740028382
1785289939.5456893,0.0,0.0,0.0009043520092964172
1785289939.5469494,0.0,0.0,0.0009131839871406555
1785289939.548233,0.0,0.0,0.0009089599847793579
1785289939.549472,0.0,0.0,0.0008902080059051513
1785289939.5507174,0.0,0.0,0.0008994560241699219
1785289939.552008,0.0,0.0,0.0009277759790420532
1785289939.5532672,0.0,0.0,0.0009086719751358033
1785289939.5545268,0.0,0.0,0.0009112640023231506
1785289939.5557964,0.0,0.0,0.0009233599901199341
1785289939.5570529,0.0,0.0,0.000906175971031189
1785289939.558292,0.0,0.0,0.0008909119963645935
1785289939.5595732,0.0,0.0,0.0009365440011024475
1785289939.560859,0.0,0.0,0.0009284160137176514
1785289939.562128,0.0,0.0,0.0009171199798583984
1785289939.563406,0.0,0.0,0.0009234240055084229
1785289939.5646925,0.0,0.0,0.0009273279905319214
1785289939.565985,0.0,0.0,0.000914463996887207
1785289939.5672748,0.0,0.0,0.0009260799884796143
1785289939.5685234,0.0,0.0,0.0008995839953422546
1785289939.5697746,0.0,0.0,0.000902463972568512
1785289939.5710208,0.0,0.0,0.0008990079760551453
1785289939.572327,0.0,0.0,0.0009261119961738587
1785289939.5735612,0.0,0.0,0.0008876479864120484
1785289939.574825,0.0,0.0,0.000916703999042511
1785289939.5761256,0.0,0.0,0.0009257919788360595
1785289939.5773804,0.0,0.0,0.0009097920060157776
1785289939.578633,0.0,0.0,0.0009022079706192017
1785289939.579915,0.0,0.0,0.0009345920085906983
1785289939.581184,0.0,0.0,0.0009152320027351379
1785289939.5824668,0.0,0.0,0.0009163839817047119
1785289939.5837421,0.0,0.0,0.0009260159730911254
1785289939.5850134,0.0,0.0,0.0009196159839630127
1785289939.5862486,0.0,0.0,0.0008858879804611206
1785289939.5875077,0.0,0.0,0.0009118720293045044
1785289939.5887647,0.0,0.0,0.0009071360230445862
1785289939.5900314,0.0,0.0,0.000914080023765564
1785289939.591354,0.0,0.0,0.0009464960098266601
1785289939.5926363,0.0,0.0,0.0009269760251045227
1785289939.5945594,0.0,0.0,0.0009013440012931824
1785289939.5959008,0.0,0.0,0.0009594560265541077
1785289939.5971656,0.0,0.0,0.0009060800075531006
1785289939.5984144,0.0,0.0,0.0008999680280685425
1785289939.599705,0.0,0.0,0.0009439039826393128
1785289939.600978,0.0,0.0,0.0009207680225372315
1785289939.6022284,0.0,0.0,0.0009039679765701294
1785289939.6035292,0.0,0.0,0.000954367995262146
1785289939.604783,0.0,0.0,0.0009031999707221985
1785289939.6060345,0.0,0.0,0.0009068800210952759
1785289939.6073089,0.0,0.0,0.0009273599982261658
1785289939.608576,0.0,0.0,0.0009151679873466491
1785289939.6098206,0.0,0.0,0.0008984000086784363
1785289939.6110744,0.0,0.0,0.00091212797164917
1785289939.6123478,0.0,0.0,0.0009020159840583801
1785289939.6136072,0.0,0.0,0.0009080960154533386
1785289939.6148612,0.0,0.0,0.0009012799859046936
1785289939.6161735,0.0,0.0,0.0009208959937095642
1785289939.6174383,0.0,0.0,0.0009095680117607117
1785289939.6186993,0.0,0.0,0.0009107199907302856
1785289939.6199918,0.0,0.0,0.0009423360228538513
1785289939.6212509,0.0,0.0,0.0009079999923706054
1785289939.6224983,0.0,0.0,0.0008993600010871887
1785289939.6237793,0.0,0.0,0.0009314879775047302
1785289939.6250439,0.0,0.0,0.000914080023765564
1785289939.6263008,0.0,0.0,0.0009067199826240539
1785289939.6275768,0.0,0.0,0.0009270399808883667
1785289939.6288395,0.0,0.0,0.0009103360176086426
1785289939.6300933,0.0,0.0,0.0008978559970855713
1785289939.6313674,0.0,0.0,0.0009307839870452881
1785289939.6326349,0.0,0.0,0.0009046400189399719
1785289939.6338773,0.0,0.0,0.0008926079869270325
1785289939.6351547,0.0,0.0,0.0009285439848899841
1785289939.6364336,0.0,0.0,0.0009216319918632507
1785289939.637676,0.0,0.0,0.0008870720267295837
1785289939.6389303,0.0,0.0,0.0009078720211982727
1785289939.6402152,0.0,0.0,0.0009089279770851136
1785289939.641471,0.0,0.0,0.0009066879749298096
1785289939.6427412,0.0,0.0,0.0009191359877586365
1785289939.6440294,0.0,0.0,0.0009365760087966919
1785289939.645304,0.0,0.0,0.0009139519929885864
1785289939.6465747,0.0,0.0,0.0009128959774971008
1785289939.647894,0.0,0.0,0.0009475520253181457
1785289939.6497843,0.0,0.0,0.0015268479585647584
1785289939.6510735,0.0,0.0,0.0009168319702148438
1785289939.6523697,0.0,0.0,0.0009159680008888245
1785289939.6536329,0.0,0.0,0.0009067519903182983
1785289939.6548953,0.0,0.0,0.0009104319810867309
1785289939.6561975,0.0,0.0,0.0009209280014038086
1785289939.657454,0.0,0.0,0.0009072960019111633
1785289939.6587143,0.0,0.0,0.00091075199842453
1785289939.6600037,0.0,0.0,0.0009368960261344909
1785289939.6612477,0.0,0.0,0.0008927040100097656
1785289939.6624954,0.0,0.0,0.000900223970413208
1785289939.6638062,0.0,0.0,0.0009629759788513184
1785289939.6650693,0.0,0.0,0.0009081599712371827
1785289939.6663346,0.0,0.0,0.000919327974319458
1785289939.667636,0.0,0.0,0.0009528319835662842
1785289939.6689205,0.0,0.0,0.0009311040043830872
1785289939.6701784,0.0,0.0,0.0009096639752388001
1785289939.671455,0.0,0.0,0.0009239360094070435
1785289939.6727319,0.0,0.0,0.000921280026435852
1785289939.6740057,0.0,0.0,0.0009201279878616333
1785289939.6753066,0.0,0.0,0.0009450880289077759
1785289939.6765578,0.0,0.0,0.000900223970413208
1785289939.677824,0.0,0.0,0.0009198399782180786
1785289939.6790617,0.0,0.0,0.0008934720158576965
1785289939.6803558,0.0,0.0,0.0009160320162773133
1785289939.681639,0.0,0.0,0.0009072639942169189
1785289939.6829076,0.0,0.0,0.0009150720238685608
1785289939.6841812,0.0,0.0,0.0009034240245819092
1785289939.68544,0.0,0.0,0.000904703974723816
1785289939.6867085,0.0,0.0,0.0009128640294075012
1785289939.6880174,0.0,0.0,0.0009542400240898132
1785289939.6892831,0.0,0.0,0.0009118080139160156
1785289939.6905336,0.0,0.0,0.0009017919898033142
1785289939.691847,0.0,0.0,0.0009577919840812683
1785289939.6931093,0.0,0.0,0.0009071999788284302
1785289939.6943717,0.0,0.0,0.0009115200042724609
1785289939.6956656,0.0,0.0,0.0009448000192642212
1785289939.6969306,0.0,0.0,0.000912064015865326
1785289939.6982129,0.0,0.0,0.0009254400134086609
1785289939.6995144,0.0,0.0,0.0009434880018234253
1785289939.7007809,0.0,0.0,0.0009031360149383545
1785289939.702061,0.0,0.0,0.0009201279878616333
1785289939.7033467,0.0,0.0,0.0009326400160789489
1785289939.705278,0.0,0.0,0.0015727360248565675
1785289939.706559,0.0,0.0,0.0009043520092964172
1785289939.7078443,0.0,0.0,0.0009276160001754761
1785289939.7091124,0.0,0.0,0.0009147199988365173
1785289939.7103693,0.0,0.0,0.0009034879803657532
1785289939.7116487,0.0,0.0,0.0009353920221328735
1785289939.7129154,0.0,0.0,0.0009127039909362793
1785289939.7142055,0.0,0.0,0.0009221119880676269
1785289939.715491,0.0,0.0,0.0009348800182342529
1785289939.7167618,0.0,0.0,0.0009148480296134948
1785289939.718017,0.0,0.0,0.0009122239947319031
1785289939.7193172,0.0,0.0,0.0009566079974174499
1785289939.7205837,0.0,0.0,0.000908896028995514
1785289939.721829,0.0,0.0,0.0009006720185279846
1785289939.7230806,0.0,0.0,0.0009038400053977966
1785289939.7243812,0.0,0.0,0.0009265599846839905
1785289939.725627,0.0,0.0,0.0009014400243759156
1785289939.7268813,0.0,0.0,0.0009074239730834961
1785289939.7281876,0.0,0.0,0.000932479977607727
1785289939.7294335,0.0,0.0,0.0009011200070381164
1785289939.730695,0.0,0.0,0.0009097920060157776
1785289939.7319763,0.0,0.0,0.0009339200258255005
1785289939.7332454,0.0,0.0,0.0009160959720611573
1785289939.7345195,0.0,0.0,0.0009248319864273071
1785289939.735805,0.0,0.0,0.0009369919896125794
1785289939.7370784,0.0,0.0,0.0009172160029411316
1785289939.7383327,0.0,0.0,0.0009099519848823547
1785289939.7396202,0.0,0.0,0.0009375039935112
1785289939.7408617,0.0,0.0,0.0008921279907226563
1785289939.7421129,0.0,0.0,0.0009009600281715393
1785289939.7433925,0.0,0.0,0.0009303359985351563
1785289939.7446425,0.0,0.0,0.0009027519822120667
1785289939.7458963,0.0,0.0,0.000907584011554718
1785289939.7472212,0.0,0.0,0.0009518399834632874
1785289939.7484925,0.0,0.0,0.0009181119799613952
1785289939.749735,0.0,0.0,0.0009002879858016967
1785289939.7509806,0.0,0.0,0.0008944960236549378
1785289939.752262,0.0,0.0,0.0009136959910392761
1785289939.7535186,0.0,0.0,0.0009095039963722229
1785289939.7547905,0.0,0.0,0.0009085119962692261
1785289939.7561119,0.0,0.0,0.0009426239728927612
1785289939.7573802,0.0,0.0,0.000908896028995514
1785289939.7586353,0.0,0.0,0.0008964800238609314
1785289939.7605639,0.0,0.0,0.0015733120441436767
1785289939.7618575,0.0,0.0,0.0009161919951438904
1785289939.7631588,0.0,0.0,0.0009479359984397889
1785289939.7644222,0.0,0.0,0.0009049280285835267
1785289939.7656698,0.0,0.0,0.000900543987751007
1785289939.766934,0.0,0.0,0.0009148160219192505
1785289939.7682357,0.0,0.0,0.0009194560050964356
1785289939.769493,0.0,0.0,0.0009034879803657532
1785289939.7707536,0.0,0.0,0.0009111679792404174
1785289939.7720637,0.0,0.0,0.0009560959935188294
1785289939.7733357,0.0,0.0,0.000917631983757019
1785289939.7745936,0.0,0.0,0.0009059519767761231
1785289939.775864,0.0,0.0,0.000925055980682373
1785289939.7771108,0.0,0.0,0.000898688018321991
1785289939.778363,0.0,0.0,0.0009017599821090699
1785289939.779677,0.0,0.0,0.0009477120041847228
1785289939.7809472,0.0,0.0,0.000913856029510498
1785289939.782208,0.0,0.0,0.0009130240082740784
1785289939.7834933,0.0,0.0,0.0009348800182342529
1785289939.78475,0.0,0.0,0.0009047679901123047
1785289939.785995,0.0,0.0,0.0008971520066261291
1785289939.7872758,0.0,0.0,0.0009313600063323975
1785289939.7885525,0.0,0.0,0.0009226880073547364
1785289939.7898097,0.0,0.0,0.0009080960154533386
1785289939.7910552,0.0,0.0,0.0009006080031394958
1785289939.7923307,0.0,0.0,0.0009054399728775025
1785289939.7935832,0.0,0.0,0.0009021440148353577
1785289939.7948225,0.0,0.0,0.000890496015548706
1785289939.7961197,0.0,0.0,0.000915552020072937
1785289939.7973785,0.0,0.0,0.0009067839980125427
1785289939.7986484,0.0,0.0,0.000915391981601715
1785289939.7999322,0.0,0.0,0.0009351040124893188
1785289939.8011742,0.0,0.0,0.0008913599848747254
1785289939.8024209,0.0,0.0,0.0008992959856987
1785289939.8036935,0.0,0.0,0.0009275839924812317
1785289939.8049457,0.0,0.0,0.0009004160165786743
1785289939.806207,0.0,0.0,0.0009116160273551941
1785289939.807481,0.0,0.0,0.0009284480214118957
1785289939.8087177,0.0,0.0,0.0008880640268325806
1785289939.8099601,0.0,0.0,0.0008945919871330262
1785289939.8112514,0.0,0.0,0.0009297279715538025
1785289939.8125105,0.0,0.0,0.0008997759819030762
1785289939.8137543,0.0,0.0,0.0008963199853897095
1785289939.8156693,0.0,0.0,0.0015623040199279786
1785289939.816958,0.0,0.0,0.0009213119745254516
1785289939.818194,0.0,0.0,0.0008863040208816528
1785289939.8194706,0.0,0.0,0.0009334080219268798
1785289939.820729,0.0,0.0,0.00090447998046875
1785289939.8219929,0.0,0.0,0.0009137600064277649
1785289939.823273,0.0,0.0,0.0009340159893035889
1785289939.82452,0.0,0.0,0.0009009600281715393
1785289939.825763,0.0,0.0,0.0008973119854927063
1785289939.8270178,0.0,0.0,0.0009096320271492005
1785289939.8283207,0.0,0.0,0.0009154559969902039
1785289939.82959,0.0,0.0,0.0009194560050964356
1785289939.8308394,0.0,0.0,0.0008978239893913269
1785289939.8321157,0.0,0.0,0.0009110400080680847
1785289939.8333673,0.0,0.0,0.0009036480188369751
1785289939.834622,0.0,0.0,0.0009065920114517212
1785289939.8359177,0.0,0.0,0.0009462400078773498
1785289939.8371778,0.0,0.0,0.0009003520011901855
1785289939.838432,0.0,0.0,0.0009024320244789124
1785289939.8397064,0.0,0.0,0.0009240639805793762
1785289939.8409526,0.0,0.0,0.0008957759737968445
1785289939.8422031,0.0,0.0,0.0009015679955482483
1785289939.8434784,0.0,0.0,0.0009296960234642028
1785289939.844756,0.0,0.0,0.000908128023147583
1785289939.8460045,0.0,0.0,0.0009027199745178223
1785289939.8472657,0.0,0.0,0.0009102720022201538
1785289939.848529,0.0,0.0,0.0009067839980125427
1785289939.8497694,0.0,0.0,0.0008962560296058655
1785289939.851016,0.0,0.0,0.0008963519930839538
1785289939.852293,0.0,0.0,0.0009049919843673706
1785289939.8535545,0.0,0.0,0.0009069439768791199
1785289939.854798,0.0,0.0,0.0008948159813880921
1785289939.8560724,0.0,0.0,0.0009062079787254334
1785289939.8573265,0.0,0.0,0.0009018239974975586
1785289939.8585806,0.0,0.0,0.000905023992061615
1785289939.8598754,0.0,0.0,0.000948095977306366
1785289939.8611314,0.0,0.0,0.0009031999707221985
1785289939.8623834,0.0,0.0,0.00090556800365448
1785289939.8636622,0.0,0.0,0.0009327359795570373
1785289939.8649204,0.0,0.0,0.0009082559943199157
1785289939.8662038,0.0,0.0,0.0009236479997634888
1785289939.867491,0.0,0.0,0.0009315199851989746
1785289939.8687632,0.0,0.0,0.0009130560159683228
1785289939.8700078,0.0,0.0,0.0008943039774894715
1785289939.8719618,0.0,0.0,0.0009285119771957397
1785289939.873229,0.0,0.0,0.0009090880155563355
1785289939.8744738,0.0,0.0,0.0008939840197563171
1785289939.8757558,0.0,0.0,0.0009290559887886047
1785289939.8770103,0.0,0.0,0.0009014400243759156
1785289939.8782783,0.0,0.0,0.000910207986831665
1785289939.8795528,0.0,0.0,0.0009252799749374389
1785289939.8808115,0.0,0.0,0.0009024320244789124
1785289939.8820536,0.0,0.0,0.0008920320272445679
1785289939.8833504,0.0,0.0,0.0009418560266494751
1785289939.8845985,0.0,0.0,0.0008956159949302673
1785289939.8858619,0.0,0.0,0.0009116160273551941
1785289939.8871388,0.0,0.0,0.0009244160056114197
1785289939.8883996,0.0,0.0,0.0009041919708251953
1785289939.8896587,0.0,0.0,0.0009058880209922791
1785289939.890904,0.0,0.0,0.0008956480026245117
1785289939.8921866,0.0,0.0,0.0009088320136070252
1785289939.893439,0.0,0.0,0.0009031360149383545
1785289939.8946702,0.0,0.0,0.0008822399973869324
1785289939.895949,0.0,0.0,0.0009306560158729553
1785289939.8972046,0.0,0.0,0.0009018880128860474
1785289939.89844,0.0,0.0,0.000889087975025177
1785289939.8997211,0.0,0.0,0.0009348800182342529
1785289939.9009693,0.0,0.0,0.0009000959992408752
1785289939.9022138,0.0,0.0,0.0008973439931869506
1785289939.9034963,0.0,0.0,0.000930624008178711
1785289939.904757,0.0,0.0,0.0009133759737014771
1785289939.906011,0.0,0.0,0.0009025599956512451
1785289939.907263,0.0,0.0,0.0009045119881629943
1785289939.9085004,0.0,0.0,0.0008895999789237976
1785289939.90976,0.0,0.0,0.0008944000005722046
1785289939.9110117,0.0,0.0,0.0009048640131950379
1785289939.9122763,0.0,0.0,0.0009016640186309815
1785289939.9135282,0.0,0.0,0.0009042239785194397
1785289939.9147868,0.0,0.0,0.0009090880155563355
1785289939.9160926,0.0,0.0,0.0009330880045890808
1785289939.917333,0.0,0.0,0.0008882240056991577
1785289939.9185872,0.0,0.0,0.0009063680171966553
1785289939.9198802,0.0,0.0,0.0009256640076637268
1785289939.9211533,0.0,0.0,0.0009239040017127991
1785289939.9224176,0.0,0.0,0.0009096639752388001
1785289939.9237165,0.0,0.0,0.0009412479996681214
1785289939.9249778,0.0,0.0,0.0009028159976005554
1785289939.9269347,0.0,0.0,0.0016000000238418578
1785289939.9282496,0.0,0.0,0.0009223359823226928
1785289939.929503,0.0,0.0,0.000901311993598938
1785289939.9307492,0.0,0.0,0.0008950080275535584
1785289939.9320238,0.0,0.0,0.0009281280040740967
1785289939.9332783,0.0,0.0,0.000897599995136261
1785289939.934534,0.0,0.0,0.0009034240245819092
1785289939.9358163,0.0,0.0,0.000935808002948761
1785289939.937063,0.0,0.0,0.0009015359878540039
1785289939.9383056,0.0,0.0,0.0008990399837493897
1785289939.9395876,0.0,0.0,0.0009339519739151001
1785289939.9408493,0.0,0.0,0.000908128023147583
1785289939.942113,0.0,0.0,0.0009148799777030944
1785289939.9434035,0.0,0.0,0.0009392639994621277
1785289939.9446492,0.0,0.0,0.0008937280178070068
1785289939.945879,0.0,0.0,0.0008847039937973023
1785289939.9471507,0.0,0.0,0.0009236479997634888
1785289939.948391,0.0,0.0,0.0008929280042648315
1785289939.949627,0.0,0.0,0.000888159990310669
1785289939.950862,0.0,0.0,0.0008933759927749633
1785289939.952141,0.0,0.0,0.0009128959774971008
1785289939.953398,0.0,0.0,0.0009025920033454895
1785289939.9546466,0.0,0.0,0.000900704026222229
1785289939.9559107,0.0,0.0,0.0009154880046844483
1785289939.9571571,0.0,0.0,0.0008958719968795776
1785289939.958401,0.0,0.0,0.000898144006729126
1785289939.9596827,0.0,0.0,0.0009351999759674072
1785289939.960967,0.0,0.0,0.0009150720238685608
1785289939.9622133,0.0,0.0,0.0008991680145263672
1785289939.9634988,0.0,0.0,0.0009407039880752564
1785289939.964759,0.0,0.0,0.0009075199961662292
1785289939.966016,0.0,0.0,0.0009061440229415894
1785289939.9672775,0.0,0.0,0.0009136959910392761
1785289939.9685254,0.0,0.0,0.0008989760279655457
1785289939.96977,0.0,0.0,0.0008941439986228943
1785289939.97109,0.0,0.0,0.0009046400189399719
1785289939.9723547,0.0,0.0,0.000896992027759552
1785289939.9736068,0.0,0.0,0.000904255986213684
1785289939.974868,0.0,0.0,0.0008993600010871887
1785289939.9761484,0.0,0.0,0.0009113280177116394
1785289939.9774106,0.0,0.0,0.0009020799994468689
1785289939.978671,0.0,0.0,0.000911903977394104
1785289939.9799576,0.0,0.0,0.000934656023979187
1785289939.9818807,0.0,0.0,0.00156550395488739
1785289939.9831812,0.0,0.0,0.0009306560158729553
1785289939.9844446,0.0,0.0,0.00090665602684021
1785289939.9857075,0.0,0.0,0.0009184319972991943
1785289939.9869604,0.0,0.0,0.0009011840224266052
1785289939.9882228,0.0,0.0,0.000895039975643158
1785289939.9894652,0.0,0.0,0.0008935999870300293
1785289939.9907253,0.0,0.0,0.0009080640077590942
1785289939.9920073,0.0,0.0,0.0009314560294151306
1785289939.9932647,0.0,0.0,0.0009078080058097839
1785289939.9945145,0.0,0.0,0.0008956800103187561
1785289939.9958072,0.0,0.0,0.0009494079947471619
1785289939.9970639,0.0,0.0,0.0009026880264282227
1785289939.9983144,0.0,0.0,0.0009028480052947998
1785289939.9996085,0.0,0.0,0.0009431679844856262
1785289940.0008605,0.0,0.0,0.0008978239893913269
1785289940.0020952,0.0,0.0,0.0008873280286788941
1785289940.0033555,0.0,0.0,0.0009171839952468872
1785289940.004618,0.0,0.0,0.000912608027458191
1785289940.0058937,0.0,0.0,0.0009236479997634888
1785289940.007185,0.0,0.0,0.0009386879801750183
1785289940.008471,0.0,0.0,0.0009214720129966736
1785289940.0097318,0.0,0.0,0.000908415973186493
1785289940.010992,0.0,0.0,0.000912064015865326
1785289940.012279,0.0,0.0,0.0009131199717521668
1785289940.0135477,0.0,0.0,0.0009147840142250061
1785289940.014799,0.0,0.0,0.000903328001499176
1785289940.0160854,0.0,0.0,0.0009121599793434143
1785289940.0173404,0.0,0.0,0.0009061440229415894
1785289940.018589,0.0,0.0,0.0009025279879570007
1785289940.019863,0.0,0.0,0.0009291840195655822
1785289940.0211067,0.0,0.0,0.0008916159868240357
1785289940.0223444,0.0,0.0,0.0008927680253982544
1785289940.0236108,0.0,0.0,0.0009193919897079468
1785289940.0248568,0.0,0.0,0.0008948159813880921
1785289940.026109,0.0,0.0,0.0009033920168876648
1785289940.027382,0.0,0.0,0.0009277120232582092
1785289940.028631,0.0,0.0,0.0008983039855957032
1785289940.0298874,0.0,0.0,0.0009085440039634705
1785289940.031163,0.0,0.0,0.0009261760115623475
1785289940.0324376,0.0,0.0,0.000911903977394104
1785289940.0337048,0.0,0.0,0.0009148480296134948
1785289940.0349486,0.0,0.0,0.0008914560079574585
1785289940.036899,0.0,0.0,0.0015734720230102539
1785289940.038187,0.0,0.0,0.0009085440039634705
1785289940.0394557,0.0,0.0,0.0009185919761657714
1785289940.0407329,0.0,0.0,0.0009154239892959595
1785289940.041991,0.0,0.0,0.0009064639806747436
1785289940.043272,0.0,0.0,0.0009294400215148925
1785289940.0445163,0.0,0.0,0.0008940799832344056
1785289940.0457687,0.0,0.0,0.0009058560132980347
1785289940.047021,0.0,0.0,0.0009042239785194397
1785289940.048296,0.0,0.0,0.0009044479727745057
1785289940.0495436,0.0,0.0,0.000896511971950531
1785289940.0508132,0.0,0.0,0.0009190719723701477
1785289940.0521202,0.0,0.0,0.0009322559833526611
1785289940.0533717,0.0,0.0,0.0009020159840583801
1785289940.0546381,0.0,0.0,0.0009124159812927246
1785289940.055926,0.0,0.0,0.0009381120204925537
1785289940.057185,0.0,0.0,0.0009020479917526245
1785289940.0584369,0.0,0.0,0.0009035519957542419
1785289940.0597303,0.0,0.0,0.0009488959908485413
1785289940.060993,0.0,0.0,0.0009105280041694641
1785289940.062261,0.0,0.0,0.0009157119989395142
1785289940.0635624,0.0,0.0,0.0009494400024414062
1785289940.0648158,0.0,0.0,0.0008998399972915649
1785289940.066067,0.0,0.0,0.0009008960127830505
1785289940.0673513,0.0,0.0,0.0009311360120773316
1785289940.068602,0.0,0.0,0.0008984000086784363
1785289940.0698624,0.0,0.0,0.0009131519794464111
1785289940.0711224,0.0,0.0,0.0008924480080604553
1785289940.0723777,0.0,0.0,0.0009041600227355957
1785289940.0736444,0.0,0.0,0.000914080023765564
1785289940.0748878,0.0,0.0,0.0008970879912376403
1785289940.076173,0.0,0.0,0.0009110720157623291
1785289940.077441,0.0,0.0,0.0009166399836540222
1785289940.0786922,0.0,0.0,0.0008997759819030762
1785289940.0800018,0.0,0.0,0.0009414399862289429
1785289940.0813363,0.0,0.0,0.0009520320296287537
1785289940.0826342,0.0,0.0,0.0009232959747314453
1785289940.0839355,0.0,0.0,0.0009369919896125794
1785289940.0851924,0.0,0.0,0.0008999040126800537
1785289940.0864484,0.0,0.0,0.0009035519957542419
1785289940.087759,0.0,0.0,0.0009465919733047485
1785289940.0890326,0.0,0.0,0.0009165760278701782
1785289940.0903006,0.0,0.0,0.0009146239757537841
1785289940.0922582,0.0,0.0,0.0015991359949111938
1785289940.0935552,0.0,0.0,0.0009251520037651062
