time,in_time,out_time,inference_time
1785290900.1471386,0.0,0.0,0.004451168002560735
1785290900.1522672,0.0,0.0,0.0046773438807576895
1785290900.1573079,0.0,0.0,0.0046388800255954266
1785290900.1625137,0.0,0.0,0.004812191938981414
1785290900.167584,0.0,0.0,0.004669984104111791
1785290900.1725917,0.0,0.0,0.004617280093953013
1785290900.1774359,0.0,0.0,0.004454527981579304
1785290900.182974,0.0,0.0,0.005167040042579174
1785290900.1897418,0.0,0.0,0.0063333758153021336
1785290900.1950192,0.0,0.0,0.004878559848293662
1785290900.200138,0.0,0.0,0.0046941121108829975
1785290900.2052503,0.0,0.0,0.004662463907152414
1785290900.210337,0.0,0.0,0.004664479987695813
1785290900.2154784,0.0,0.0,0.004698463948443532
1785290900.2204044,0.0,0.0,0.004519104026257992
1785290900.2252748,0.0,0.0,0.004464640049263835
1785290900.229966,0.0,0.0,0.004279743880033493
1785290900.23521,0.0,0.0,0.004851008066907525
1785290900.2410026,0.0,0.0,0.005399391986429691
1785290900.2477112,0.0,0.0,0.006190911866724491
1785290900.252842,0.0,0.0,0.004706847947090864
1785290900.2578816,0.0,0.0,0.004632736090570688
1785290900.2629585,0.0,0.0,0.004657343961298466
1785290900.267884,0.0,0.0,0.004463007906451821
1785290900.2729979,0.0,0.0,0.004713056143373251
1785290900.2780197,0.0,0.0,0.0046179520431905985
1785290900.2828906,0.0,0.0,0.004470367915928364
1785290900.2879298,0.0,0.0,0.004626367939636111
1785290900.2929354,0.0,0.0,0.0046213120222091675
1785290900.2990258,0.0,0.0,0.005724352085962892
1785290900.3065307,0.0,0.0,0.006824447773396969
1785290900.3115525,0.0,0.0,0.004549632081761956
1785290900.316815,0.0,0.0,0.0048432000912725925
1785290900.321808,0.0,0.0,0.0046012799721211195
1785290900.326846,0.0,0.0,0.00464422395452857
1785290900.3317258,0.0,0.0,0.004462623968720436
1785290900.33678,0.0,0.0,0.004642976215109229
1785290900.3419652,0.0,0.0,0.004801888018846512
1785290900.3468144,0.0,0.0,0.004440800053998828
1785290900.349416,0.0,0.0,0.002209504134953022
1785290900.3530915,0.0,0.0,0.003287839936092496
1785290900.3589928,0.0,0.0,0.005217344034463167
1785290900.3617377,0.0,0.0,0.0022872318513691425
1785290900.3644197,0.0,0.0,0.0022862402256578207
1785290900.3670645,0.0,0.0,0.002254687948152423
1785290900.3697405,0.0,0.0,0.0022204159758985043
1785290900.3723736,0.0,0.0,0.002243872033432126
1785290900.3749304,0.0,0.0,0.002183295786380768
1785290900.3776014,0.0,0.0,0.002226016018539667
1785290900.380223,0.0,0.0,0.0022351681254804134
1785290900.3828306,0.0,0.0,0.0022048961836844683
1785290900.3854659,0.0,0.0,0.002206047996878624
1785290900.388049,0.0,0.0,0.0022160960361361504
1785290900.3906338,0.0,0.0,0.0022045120131224394
1785290900.393235,0.0,0.0,0.0022361280862241983
1785290900.3958335,0.0,0.0,0.0022259519901126623
1785290900.3983865,0.0,0.0,0.0021856320090591908
1785290900.4010885,0.0,0.0,0.0023313278798013926
1785290900.4036555,0.0,0.0,0.002193631837144494
1785290900.4062517,0.0,0.0,0.0022134080063551664
1785290900.409855,0.0,0.0,0.0032341759651899338
1785290900.4156544,0.0,0.0,0.005146975861862302
1785290900.4183822,0.0,0.0,0.002287744078785181
1785290900.421095,0.0,0.0,0.0023146241437643766
1785290900.4237876,0.0,0.0,0.0022623040713369846
1785290900.4264345,0.0,0.0,0.002256640000268817
1785290900.429087,0.0,0.0,0.002269888063892722
1785290900.4317586,0.0,0.0,0.0022974079474806786
1785290900.434343,0.0,0.0,0.0022093760780990124
1785290900.4370093,0.0,0.0,0.0022926400415599346
1785290900.4396741,0.0,0.0,0.002286016009747982
1785290900.4422586,0.0,0.0,0.002206271979957819
1785290900.4448571,0.0,0.0,0.002227647928521037
1785290900.4475398,0.0,0.0,0.0023024959955364466
1785290900.450155,0.0,0.0,0.0022465281654149294
1785290900.4527912,0.0,0.0,0.002268735785037279
1785290900.4555485,0.0,0.0,0.0022619839292019606
1785290900.4581738,0.0,0.0,0.002239679917693138
1785290900.4607892,0.0,0.0,0.0022480960469692945
1785290900.4634585,0.0,0.0,0.002256128005683422
1785290900.4675994,0.0,0.0,0.0037645120173692703
1785290900.4727767,0.0,0.0,0.004520896123722196
1785290900.4755602,0.0,0.0,0.002334655961021781
1785290900.4782085,0.0,0.0,0.0022512958385050297
1785290900.4808476,0.0,0.0,0.002262623980641365
1785290900.4836116,0.0,0.0,0.0023736958391964436
1785290900.486204,0.0,0.0,0.002214528154581785
1785290900.488881,0.0,0.0,0.0022959038615226746
1785290900.4915402,0.0,0.0,0.002285504015162587
1785290900.4941962,0.0,0.0,0.0022455358412116766
1785290900.4968224,0.0,0.0,0.0022582081146538258
1785290900.4994442,0.0,0.0,0.0022468799725174904
1785290900.5020063,0.0,0.0,0.0021896001417189837
1785290900.5046823,0.0,0.0,0.0022655040957033634
1785290900.5072758,0.0,0.0,0.0022180480882525444
1785290900.5098379,0.0,0.0,0.0022011520341038704
1785290900.5124776,0.0,0.0,0.002274752128869295
1785290900.515041,0.0,0.0,0.002188960090279579
1785290900.5177145,0.0,0.0,0.002197887981310487
1785290900.5202773,0.0,0.0,0.0022043201606720686
1785290900.5242848,0.0,0.0,0.003639648202806711
1785290900.5294125,0.0,0.0,0.004416224081069231
1785290900.5321238,0.0,0.0,0.0022701441776007414
1785290900.5347323,0.0,0.0,0.002222880022600293
1785290900.5374057,0.0,0.0,0.0022663678973913193
1785290900.540046,0.0,0.0,0.002257599961012602
1785290900.5426672,0.0,0.0,0.0022492159623652697
1785290900.545341,0.0,0.0,0.002293120138347149
1785290900.5479949,0.0,0.0,0.002240960020571947
1785290900.5506032,0.0,0.0,0.002228704048320651
1785290900.5532823,0.0,0.0,0.002297408180311322
1785290900.5559015,0.0,0.0,0.0022439039312303066
1785290900.5584762,0.0,0.0,0.002204576041549444
1785290900.5611026,0.0,0.0,0.0022498881444334984
1785290900.563733,0.0,0.0,0.0022605760022997856
1785290900.5663462,0.0,0.0,0.0022192320320755243
1785290900.568962,0.0,0.0,0.0022496317978948355
1785290900.571603,0.0,0.0,0.0022715518716722727
1785290900.5742266,0.0,0.0,0.002240351866930723
1785290900.5768557,0.0,0.0,0.002260159933939576
1785290900.5811718,0.0,0.0,0.003947935998439789
1785290900.5863194,0.0,0.0,0.004470688058063388
1785290900.5894487,0.0,0.0,0.002684543840587139
1785290900.5947397,0.0,0.0,0.004895903868600726
1785290900.6000507,0.0,0.0,0.004813376115635037
1785290900.6052165,0.0,0.0,0.004769055871292949
1785290900.6104264,0.0,0.0,0.004818144021555781
1785290900.6155987,0.0,0.0,0.004791135899722576
1785290900.6207454,0.0,0.0,0.004768352024257183
1785290900.6258492,0.0,0.0,0.0047295361291617155
1785290900.6309536,0.0,0.0,0.004732224158942699
1785290900.6369352,0.0,0.0,0.005565023981034756
1785290900.6434612,0.0,0.0,0.006000448018312454
1785290900.6484337,0.0,0.0,0.004592640092596412
1785290900.6537485,0.0,0.0,0.004938751924782991
1785290900.658793,0.0,0.0,0.004685503896325827
1785290900.6639214,0.0,0.0,0.004729376174509525
1785290900.6690009,0.0,0.0,0.004711455898359418
1785290900.6741798,0.0,0.0,0.004801151808351278
1785290900.679164,0.0,0.0,0.004608639981597662
1785290900.6845028,0.0,0.0,0.004962879931554198
1785290900.689507,0.0,0.0,0.004586911993101239
1785290900.6951568,0.0,0.0,0.005280383862555027
1785290900.7018366,0.0,0.0,0.006266751792281866
1785290900.7069192,0.0,0.0,0.004707743879407644
1785290900.7121344,0.0,0.0,0.0047603200655430555
1785290900.717253,0.0,0.0,0.00474736001342535
1785290900.722222,0.0,0.0,0.004593024030327797
1785290900.7275834,0.0,0.0,0.004993887851014733
1785290900.7326963,0.0,0.0,0.00473491195589304
1785290900.737774,0.0,0.0,0.004708447959274054
1785290900.742834,0.0,0.0,0.00468991999514401
1785290900.7484987,0.0,0.0,0.005274687893688679
1785290900.7551715,0.0,0.0,0.006257663946598768
1785290900.7603123,0.0,0.0,0.00477622402831912
1785290900.7654424,0.0,0.0,0.004757824121043086
1785290900.7706518,0.0,0.0,0.004832895938307047
1785290900.775826,0.0,0.0,0.004809664096683264
1785290900.7809496,0.0,0.0,0.004715967923402786
1785290900.7859025,0.0,0.0,0.004572640173137188
1785290900.7912633,0.0,0.0,0.004982623970136046
1785290900.7964637,0.0,0.0,0.004824511939659715
1785290900.8013763,0.0,0.0,0.004536255961284041
1785290900.80685,0.0,0.0,0.005114112049341202
1785290900.8129482,0.0,0.0,0.00564054399728775
1785290900.8181338,0.0,0.0,0.004797919886186719
1785290900.8231502,0.0,0.0,0.004645023960620165
1785290900.828382,0.0,0.0,0.004849951947107911
1785290900.8336918,0.0,0.0,0.004948384128510952
1785290900.838676,0.0,0.0,0.004620735999196768
1785290900.8439076,0.0,0.0,0.004818015964701772
1785290900.8492215,0.0,0.0,0.0049459198489785194
1785290900.8543718,0.0,0.0,0.00477945595048368
1785290900.859843,0.0,0.0,0.005105727817863226
1785290900.865891,0.0,0.0,0.005633792141452432
1785290900.8711581,0.0,0.0,0.004898495972156525
1785290900.8778238,0.0,0.0,0.006288608070462942
1785290900.883747,0.0,0.0,0.005562720121815801
1785290900.8887029,0.0,0.0,0.0044705921318382025
1785290900.8935068,0.0,0.0,0.004425696097314358
1785290900.898321,0.0,0.0,0.004448192194104195
1785290900.9031463,0.0,0.0,0.004471455933526158
1785290900.9079056,0.0,0.0,0.004401407903060317
1785290900.9126463,0.0,0.0,0.004383967956528068
1785290900.9177344,0.0,0.0,0.004720319993793964
1785290900.9235635,0.0,0.0,0.005409887991845608
1785290900.9283388,0.0,0.0,0.0044166401494294405
1785290900.9330723,0.0,0.0,0.0043893440160900354
1785290900.937792,0.0,0.0,0.004361823899671435
1785290900.942587,0.0,0.0,0.004444896010681987
1785290900.9473467,0.0,0.0,0.004410400055348873
1785290900.9521132,0.0,0.0,0.004401952028274536
1785290900.956987,0.0,0.0,0.004524576012045145
1785290900.9619563,0.0,0.0,0.004632032010704279
1785290900.9670637,0.0,0.0,0.004769120132550597
1785290900.9722383,0.0,0.0,0.0048011839389801025
1785290900.9781852,0.0,0.0,0.005598752060905099
1785290900.9829068,0.0,0.0,0.0043733438942581415
1785290900.987927,0.0,0.0,0.004653439857065678
1785290900.9929035,0.0,0.0,0.00462985597550869
1785290900.9979632,0.0,0.0,0.004711968125775456
1785290901.002943,0.0,0.0,0.004624607972800732
1785290901.0081644,0.0,0.0,0.004827040014788508
1785290901.0131454,0.0,0.0,0.0046377601101994514
1785290901.0182679,0.0,0.0,0.004784767981618643
1785290901.0233426,0.0,0.0,0.004737343871966004
1785290901.0284493,0.0,0.0,0.004765183897688985
1785290901.0341856,0.0,0.0,0.005394496023654938
1785290901.0389092,0.0,0.0,0.0043953279964625835
1785290901.043897,0.0,0.0,0.004622912034392357
1785290901.048992,0.0,0.0,0.004748768173158169
1785290901.0539563,0.0,0.0,0.004629631992429495
1785290901.0588815,0.0,0.0,0.0045424639247357845
1785290901.0639513,0.0,0.0,0.004668800160288811
1785290901.0685241,0.0,0.0,0.004237056011334062
1785290901.073346,0.0,0.0,0.00449756789021194
1785290901.077961,0.0,0.0,0.004275647923350334
1785290901.082759,0.0,0.0,0.004430656088516116
1785290901.087688,0.0,0.0,0.0045930559281259775
1785290901.0938845,0.0,0.0,0.005860703997313976
1785290901.098591,0.0,0.0,0.004374719923362136
1785290901.1032405,0.0,0.0,0.004324736073613167
1785290901.1079414,0.0,0.0,0.0043732160702347755
1785290901.112612,0.0,0.0,0.004350400064140558
1785290901.117457,0.0,0.0,0.004520416026934981
1785290901.1222472,0.0,0.0,0.004428416024893522
1785290901.1274145,0.0,0.0,0.004835776053369045
1785290901.1323092,0.0,0.0,0.0045541119761765
1785290901.1374025,0.0,0.0,0.0047704000025987625
1785290901.14246,0.0,0.0,0.0047367040533572435
1785290901.1476798,0.0,0.0,0.004895552061498165
1785290901.1527479,0.0,0.0,0.004753215936943889
1785290901.1574116,0.0,0.0,0.004339552018791437
1785290901.1621714,0.0,0.0,0.0044192960485816
1785290901.1670396,0.0,0.0,0.004533855943009257
1785290901.171888,0.0,0.0,0.004494688007980585
1785290901.1767433,0.0,0.0,0.004507839912548661
1785290901.1814208,0.0,0.0,0.00434707198292017
1785290901.1868033,0.0,0.0,0.005042816046625376
1785290901.191913,0.0,0.0,0.004670239984989166
1785290901.1970186,0.0,0.0,0.004711071960628033
1785290901.2028396,0.0,0.0,0.0054597759153693914
1785290901.2078018,0.0,0.0,0.004588352050632238
1785290901.212834,0.0,0.0,0.004685152089223266
1785290901.2179213,0.0,0.0,0.004743936005979776
1785290901.2230246,0.0,0.0,0.004764320096001029
1785290901.2280679,0.0,0.0,0.004663808038458228
1785290901.2331576,0.0,0.0,0.00474704010412097
1785290901.238115,0.0,0.0,0.004621727857738733
1785290901.2431502,0.0,0.0,0.004687679931521416
1785290901.2480757,0.0,0.0,0.004571232013404369
1785290901.2531006,0.0,0.0,0.004679391859099269
1785290901.2588062,0.0,0.0,0.005360160022974014
1785290901.2639883,0.0,0.0,0.004822144052013755
1785290901.2690258,0.0,0.0,0.004696512129157782
1785290901.2741294,0.0,0.0,0.00476080016233027
1785290901.279214,0.0,0.0,0.004750687861815095
1785290901.2842116,0.0,0.0,0.0046485119964927435
1785290901.2891848,0.0,0.0,0.004627039888873696
1785290901.2942607,0.0,0.0,0.004694816190749407
1785290901.299242,0.0,0.0,0.004639232065528631
1785290901.3041334,0.0,0.0,0.004557376028969884
1785290901.3091385,0.0,0.0,0.004669727990403771
1785290901.3146558,0.0,0.0,0.005171647993847728
1785290901.319483,0.0,0.0,0.004491679836064577
1785290901.3241882,0.0,0.0,0.004367423942312598
1785290901.3290257,0.0,0.0,0.004491295898333192
1785290901.333941,0.0,0.0,0.004536128137260675
1785290901.338814,0.0,0.0,0.00446633598767221
1785290901.344003,0.0,0.0,0.004783647833392024
1785290901.3490252,0.0,0.0,0.004662432009354234
1785290901.3540928,0.0,0.0,0.004714143928140402
1785290901.3592372,0.0,0.0,0.004796575987711549
1785290901.3644013,0.0,0.0,0.00480729597620666
1785290901.3702817,0.0,0.0,0.005531711969524622
1785290901.3749678,0.0,0.0,0.004351839888840914
1785290901.3797023,0.0,0.0,0.004377472214400768
1785290901.3847506,0.0,0.0,0.00471926387399435
1785290901.389772,0.0,0.0,0.004665631800889969
1785290901.3947556,0.0,0.0,0.004650783957913518
1785290901.399681,0.0,0.0,0.004603167995810509
1785290901.4046457,0.0,0.0,0.004638752201572061
1785290901.4094915,0.0,0.0,0.004526528064161539
1785290901.4144602,0.0,0.0,0.004651103867217898
1785290901.4193654,0.0,0.0,0.004582015797495842
1785290901.4248004,0.0,0.0,0.004959936020895839
1785290901.4307342,0.0,0.0,0.00439219200052321
1785290901.4354913,0.0,0.0,0.0044253438245505095
1785290901.440514,0.0,0.0,0.004695807816460729
1785290901.4455616,0.0,0.0,0.0047264001332223415
1785290901.4506264,0.0,0.0,0.004740192089229822
1785290901.4556787,0.0,0.0,0.004723296035081148
1785290901.460776,0.0,0.0,0.0047284800093621016
1785290901.4657164,0.0,0.0,0.004611455835402012
1785290901.4706078,0.0,0.0,0.004560512024909258
1785290901.4755728,0.0,0.0,0.004618111997842789
1785290901.4822032,0.0,0.0,0.006150624016299844
1785290901.4869614,0.0,0.0,0.004416320007294416
1785290901.4917626,0.0,0.0,0.004403871949762106
1785290901.4967566,0.0,0.0,0.004666239954531193
1785290901.5018232,0.0,0.0,0.004724191967397928
1785290901.5068796,0.0,0.0,0.0047177597880363464
1785290901.5120456,0.0,0.0,0.004783104173839092
1785290901.5171568,0.0,0.0,0.004762368043884635
1785290901.5223715,0.0,0.0,0.004894559970125556
1785290901.5274496,0.0,0.0,0.004733792040497065
1785290901.5326407,0.0,0.0,0.004837279906496406
1785290901.5385697,0.0,0.0,0.005595007911324501
1785290901.5433261,0.0,0.0,0.004419999895617366
1785290901.5483541,0.0,0.0,0.004691679961979389
1785290901.5533166,0.0,0.0,0.004609984112903476
1785290901.5578918,0.0,0.0,0.004232864128425717
1785290901.562582,0.0,0.0,0.004346399800851941
1785290901.5673172,0.0,0.0,0.004387455992400646
1785290901.5721872,0.0,0.0,0.004498304100707173
1785290901.57687,0.0,0.0,0.004344127839431167
1785290901.5816243,0.0,0.0,0.004415295785292983
1785290901.5863512,0.0,0.0,0.004390719812363386
1785290901.5916905,0.0,0.0,0.004964415915310383
1785290901.597445,0.0,0.0,0.005391680169850588
1785290901.602195,0.0,0.0,0.00440655997954309
1785290901.6072829,0.0,0.0,0.004744319943711162
1785290901.612317,0.0,0.0,0.004690240137279034
1785290901.6173902,0.0,0.0,0.004736447939649224
1785290901.624091,0.0,0.0,0.006362208165228367
1785290901.6290078,0.0,0.0,0.0044473279267549515
1785290901.633719,0.0,0.0,0.004355103941634297
1785290901.638582,0.0,0.0,0.00449919980019331
1785290901.6438074,0.0,0.0,0.004847296047955751
1785290901.648868,0.0,0.0,0.004575903993099928
1785290901.6546063,0.0,0.0,0.0042001919355243444
1785290901.6592915,0.0,0.0,0.004351167939603329
1785290901.6645718,0.0,0.0,0.004933536052703857
1785290901.6694367,0.0,0.0,0.004518656060099602
1785290901.6744938,0.0,0.0,0.004707871936261654
1785290901.6795506,0.0,0.0,0.0047145921271294355
1785290901.684463,0.0,0.0,0.004569376120343804
1785290901.689331,0.0,0.0,0.004525919910520315
1785290901.6942806,0.0,0.0,0.004612608114257455
1785290901.6992764,0.0,0.0,0.004661472048610449
1785290901.704639,0.0,0.0,0.005011680070310831
1785290901.710593,0.0,0.0,0.004400575999170542
1785290901.7153664,0.0,0.0,0.004415872041136026
1785290901.7203617,0.0,0.0,0.004646272165700793
1785290901.7253687,0.0,0.0,0.004634687909856439
1785290901.7304757,0.0,0.0,0.004767935955896974
1785290901.7355945,0.0,0.0,0.004778016125783324
1785290901.7406542,0.0,0.0,0.00471967994235456
1785290901.745575,0.0,0.0,0.00458489591255784
1785290901.7505732,0.0,0.0,0.0046536000445485115
1785290901.755502,0.0,0.0,0.004590624012053013
1785290901.7608647,0.0,0.0,0.004947263980284333
1785290901.7668076,0.0,0.0,0.00438851211220026
1785290901.7716608,0.0,0.0,0.004474655957892537
1785290901.7765632,0.0,0.0,0.004568543983623385
1785290901.7816093,0.0,0.0,0.0047029119450598955
1785290901.7865999,0.0,0.0,0.004652256146073341
1785290901.7917027,0.0,0.0,0.004755776142701507
1785290901.796719,0.0,0.0,0.004671104019507766
1785290901.8016584,0.0,0.0,0.004595327889546752
1785290901.8062813,0.0,0.0,0.004279679851606488
1785290901.8110316,0.0,0.0,0.004406975815072656
1785290901.8184338,0.0,0.0,0.006997887976467609
1785290901.8237753,0.0,0.0,0.0049997440073639154
1785290901.8306777,0.0,0.0,0.006566304014995694
1785290901.8382998,0.0,0.0,0.007288736058399081
1785290901.8477633,0.0,0.0,0.009110623970627785
1785290901.8567402,0.0,0.0,0.008534271968528628
1785290901.8664174,0.0,0.0,0.009251391980797052
1785290901.8763301,0.0,0.0,0.009466944029554725
1785290901.8859024,0.0,0.0,0.009197375969961286
1785290901.895631,0.0,0.0,0.009333055932074785
1785290901.9052796,0.0,0.0,0.009177376050502062
1785290901.9134066,0.0,0.0,0.00769280013628304
1785290901.922988,0.0,0.0,0.009179616114124656
1785290901.9339519,0.0,0.0,0.010537983849644661
1785290901.9434922,0.0,0.0,0.009167807875201106
1785290901.9530368,0.0,0.0,0.009149567922577262
1785290901.9605262,0.0,0.0,0.007106528151780367
1785290901.9678066,0.0,0.0,0.00690291216596961
1785290901.9749637,0.0,0.0,0.00674460781738162
1785290901.9828944,0.0,0.0,0.007523103849962354
1785290901.9920468,0.0,0.0,0.008763391990214586
1785290902.0005136,0.0,0.0,0.008093792013823986
1785290902.0080526,0.0,0.0,0.007171903969720006
1785290902.0146687,0.0,0.0,0.006243328098207712
1785290902.0216086,0.0,0.0,0.006578176049515605
1785290902.0285585,0.0,0.0,0.0065761280711740255
1785290902.036033,0.0,0.0,0.007103552110493183
1785290902.044219,0.0,0.0,0.007816544035449624
1785290902.0548131,0.0,0.0,0.010222400072962046
1785290902.0634162,0.0,0.0,0.008132320130243897
1785290902.0724587,0.0,0.0,0.008645727997645736
1785290902.0800421,0.0,0.0,0.007200960069894791
1785290902.0869164,0.0,0.0,0.0064623998478055
1785290902.0965517,0.0,0.0,0.009237919934093952
1785290902.1063008,0.0,0.0,0.009384192060679197
1785290902.1159706,0.0,0.0,0.009301248006522655
1785290902.1257832,0.0,0.0,0.009435935877263546
1785290902.134157,0.0,0.0,0.008004351984709501
1785290902.1422353,0.0,0.0,0.007720736088231206
1785290902.1498895,0.0,0.0,0.007292896043509245
1785290902.157253,0.0,0.0,0.0069951999466866255
1785290902.1644115,0.0,0.0,0.006784735945984721
1785290902.1718123,0.0,0.0,0.0070431039202958345
1785290902.179207,0.0,0.0,0.007028863998129964
1785290902.1864514,0.0,0.0,0.006879616063088179
1785290902.1940482,0.0,0.0,0.007246911991387606
1785290902.2014663,0.0,0.0,0.007061952026560903
1785290902.2101243,0.0,0.0,0.008301024092361331
1785290902.2198265,0.0,0.0,0.00932988803833723
1785290902.2293196,0.0,0.0,0.009130880003795028
1785290902.2388248,0.0,0.0,0.009151328122243285
1785290902.2465355,0.0,0.0,0.007330368040129542
1785290902.2539954,0.0,0.0,0.007078976137563586
1785290902.2612102,0.0,0.0,0.006851168116554618
1785290902.2685866,0.0,0.0,0.007007456151768565
1785290902.2761223,0.0,0.0,0.007182175992056727
1785290902.2833164,0.0,0.0,0.0066015999764204025
1785290902.2901008,0.0,0.0,0.006403136067092419
1785290902.2969544,0.0,0.0,0.006459360010921955
1785290902.3038056,0.0,0.0,0.006479904055595398
1785290902.3109257,0.0,0.0,0.006753183901309967
1785290902.3186007,0.0,0.0,0.007284319959580898
1785290902.3270514,0.0,0.0,0.008075872203335166
1785290902.333892,0.0,0.0,0.006437952164560556
1785290902.340754,0.0,0.0,0.006485503865405917
1785290902.3475943,0.0,0.0,0.00647350400686264
1785290902.35443,0.0,0.0,0.006481247954070568
1785290902.3612642,0.0,0.0,0.006476992042735219
1785290902.3680487,0.0,0.0,0.0064337600488215685
1785290902.375613,0.0,0.0,0.007160800043493509
1785290902.3836176,0.0,0.0,0.006795872002840042
1785290902.3907154,0.0,0.0,0.006725696148350835
1785290902.39787,0.0,0.0,0.0067941120360046625
1785290902.404953,0.0,0.0,0.006734048016369343
1785290902.4120166,0.0,0.0,0.006712800124660134
1785290902.419481,0.0,0.0,0.0071192639879882336
1785290902.4271948,0.0,0.0,0.007365023950114846
1785290902.4358022,0.0,0.0,0.008256543893367052
1785290902.444949,0.0,0.0,0.008789567975327373
1785290902.4539118,0.0,0.0,0.008615871891379356
1785290902.46353,0.0,0.0,0.009261344093829393
1785290902.4732635,0.0,0.0,0.009391584200784564
1785290902.4816012,0.0,0.0,0.007979488000273705
1785290902.489918,0.0,0.0,0.007927743950858712
1785290902.4973097,0.0,0.0,0.007012959802523255
1785290902.5048697,0.0,0.0,0.007207936141639948
1785290902.512393,0.0,0.0,0.007181535940617323
1785290902.5201237,0.0,0.0,0.007374655921012163
1785290902.5274372,0.0,0.0,0.006949887843802571
1785290902.5350723,0.0,0.0,0.007282815873622894
1785290902.5426137,0.0,0.0,0.00716185593046248
1785290902.5508673,0.0,0.0,0.007160768145695329
1785290902.5583956,0.0,0.0,0.007142463931813836
1785290902.5659971,0.0,0.0,0.007251519942656159
1785290902.5735462,0.0,0.0,0.007192543940618634
1785290902.5812218,0.0,0.0,0.007316127885133028
1785290902.5885682,0.0,0.0,0.00690838391892612
1785290902.596581,0.0,0.0,0.007578528020530939
1785290902.6047149,0.0,0.0,0.007768512004986405
1785290902.6119802,0.0,0.0,0.006908992072567344
1785290902.619545,0.0,0.0,0.007212448166683316
1785290902.6271267,0.0,0.0,0.0072201918810606
1785290902.6350255,0.0,0.0,0.007545056054368615
1785290902.643182,0.0,0.0,0.007775615900754929
1785290902.650967,0.0,0.0,0.0074214080814272165
1785290902.659358,0.0,0.0,0.008004992036148906
1785290902.6667087,0.0,0.0,0.0070013441145420074
1785290902.6744542,0.0,0.0,0.0073836799710989
1785290902.682015,0.0,0.0,0.007183040026575327
1785290902.689392,0.0,0.0,0.007006752071902156
1785290902.6968505,0.0,0.0,0.007108895806595683
1785290902.7043989,0.0,0.0,0.007191679906100035
1785290902.7130408,0.0,0.0,0.008288255892693996
1785290902.7205498,0.0,0.0,0.007149792043492198
1785290902.7281296,0.0,0.0,0.0072358399629592896
1785290902.7353349,0.0,0.0,0.006864544004201889
1785290902.7429032,0.0,0.0,0.00721603212878108
1785290902.7481909,0.0,0.0,0.00491161597892642
1785290902.755795,0.0,0.0,0.0072448961436748505
1785290902.7637193,0.0,0.0,0.007567424094304442
1785290902.771446,0.0,0.0,0.007361375959590077
1785290902.779441,0.0,0.0,0.0076374399941414595
1785290902.7866821,0.0,0.0,0.0068868480157107115
1785290902.7930946,0.0,0.0,0.006064384011551738
1785290902.8005064,0.0,0.0,0.00707203196361661
1785290902.8080728,0.0,0.0,0.007216319907456636
1785290902.8156698,0.0,0.0,0.007257184013724327
1785290902.823453,0.0,0.0,0.007450303994119167
1785290902.8315897,0.0,0.0,0.007013631984591484
1785290902.8391786,0.0,0.0,0.007239232072606683
1785290902.8443186,0.0,0.0,0.004790463950484991
1785290902.8494341,0.0,0.0,0.004749536048620939
1785290902.8543556,0.0,0.0,0.00455660792067647
1785290902.8595,0.0,0.0,0.004765663994476199
1785290902.8648174,0.0,0.0,0.0049135040026158094
1785290902.869743,0.0,0.0,0.004556544125080109
1785290902.8750129,0.0,0.0,0.004895071964710951
1785290902.8813975,0.0,0.0,0.0059920321218669415
1785290902.88631,0.0,0.0,0.004553087987005711
1785290902.891631,0.0,0.0,0.004956064047291875
1785290902.896721,0.0,0.0,0.004725344013422728
1785290902.9016612,0.0,0.0,0.0045684480573982
1785290902.9067395,0.0,0.0,0.0047032639849931
1785290902.9118812,0.0,0.0,0.004750239895656705
1785290902.917156,0.0,0.0,0.004900703905150294
1785290902.922282,0.0,0.0,0.004750079941004515
1785290902.9273899,0.0,0.0,0.004744288045912981
1785290902.9326127,0.0,0.0,0.0048516481183469296
1785290902.9387321,0.0,0.0,0.005711360136047006
1785290902.9439456,0.0,0.0,0.004594528116285801
1785290902.9492955,0.0,0.0,0.004926720168441534
1785290902.954297,0.0,0.0,0.004563967930153012
1785290902.9594064,0.0,0.0,0.0047449280973523855
1785290902.964644,0.0,0.0,0.004865919938310981
1785290902.9696121,0.0,0.0,0.004606432048603892
1785290902.9748795,0.0,0.0,0.004891679855063558
1785290902.979954,0.0,0.0,0.00468755210749805
1785290902.9850368,0.0,0.0,0.00471510412171483
1785290902.9899457,0.0,0.0,0.00455273617990315
1785290902.9961007,0.0,0.0,0.005758112063631415
1785290903.0010378,0.0,0.0,0.0045549760106951
1785290903.0062747,0.0,0.0,0.004868160001933575
1785290903.0115426,0.0,0.0,0.004915648140013218
1785290903.0167065,0.0,0.0,0.004798048175871372
1785290903.0217514,0.0,0.0,0.004683231934905052
1785290903.0268965,0.0,0.0,0.004742912016808987
1785290903.0318513,0.0,0.0,0.004559071967378259
1785290903.036987,0.0,0.0,0.0047736638225615025
1785290903.042232,0.0,0.0,0.004889343865215778
1785290903.0476325,0.0,0.0,0.0050236801616847515
1785290903.0535114,0.0,0.0,0.004566848045215011
1785290903.0587416,0.0,0.0,0.004874367965385318
1785290903.0636353,0.0,0.0,0.004539232002571225
1785290903.0689876,0.0,0.0,0.004998591961339116
1785290903.0738587,0.0,0.0,0.0045234879944473505
1785290903.0791886,0.0,0.0,0.004974975949153304
1785290903.0841594,0.0,0.0,0.004613791825249791
1785290903.089494,0.0,0.0,0.004975680029019713
1785290903.094632,0.0,0.0,0.004780384013429284
1785290903.099655,0.0,0.0,0.004667232045903802
1785290903.1057613,0.0,0.0,0.005745952017605305
1785290903.1108816,0.0,0.0,0.00476083206012845
1785290903.1158693,0.0,0.0,0.004607487935572863
1785290903.1211576,0.0,0.0,0.004903296008706093
1785290903.1268072,0.0,0.0,0.005275903968140483
1785290903.131994,0.0,0.0,0.0047448319382965565
1785290903.1368866,0.0,0.0,0.004536255961284041
1785290903.1422687,0.0,0.0,0.005019648000597954
1785290903.1472757,0.0,0.0,0.004634048091247678
1785290903.1523788,0.0,0.0,0.004740000003948808
1785290903.1574638,0.0,0.0,0.004723359830677509
1785290903.16329,0.0,0.0,0.005460256012156606
1785290903.168152,0.0,0.0,0.004509599879384041
1785290903.1735015,0.0,0.0,0.004999232012778521
1785290903.17857,0.0,0.0,0.004716895986348391
1785290903.1836908,0.0,0.0,0.004768383922055364
1785290903.1885805,0.0,0.0,0.004538048058748245
1785290903.1938155,0.0,0.0,0.004872896010056138
1785290903.1990116,0.0,0.0,0.004843039903789759
1785290903.2043476,0.0,0.0,0.004954111995175481
1785290903.2092178,0.0,0.0,0.004512032028287649
1785290903.214567,0.0,0.0,0.0049939199816435575
1785290903.2207437,0.0,0.0,0.005781759973615408
1785290903.2256804,0.0,0.0,0.0045738560147583485
1785290903.2308629,0.0,0.0,0.004749056184664369
1785290903.236318,0.0,0.0,0.005036704009398818
1785290903.2414389,0.0,0.0,0.004743904108181596
1785290903.2464101,0.0,0.0,0.00461196806281805
1785290903.2517364,0.0,0.0,0.00497228791937232
1785290903.2568183,0.0,0.0,0.004723967984318733
1785290903.2620006,0.0,0.0,0.004720000084489584
1785290903.2669532,0.0,0.0,0.00452332803979516
1785290903.2724042,0.0,0.0,0.005039359908550978
1785290903.2782907,0.0,0.0,0.0045816320925951
1785290903.2836282,0.0,0.0,0.004968767985701561
1785290903.2887394,0.0,0.0,0.004749248037114739
1785290903.2937565,0.0,0.0,0.004662527935579419
1785290903.299225,0.0,0.0,0.005115424050018191
1785290903.3042479,0.0,0.0,0.004674175987020135
1785290903.3092048,0.0,0.0,0.004564991919323802
1785290903.314585,0.0,0.0,0.005008320091292262
1785290903.3195364,0.0,0.0,0.004598079947754741
1785290903.324932,0.0,0.0,0.005046207923442125
1785290903.3315294,0.0,0.0,0.0062347520142793655
1785290903.336677,0.0,0.0,0.0047908800188452005
1785290903.3415816,0.0,0.0,0.004555488005280495
1785290903.3469775,0.0,0.0,0.005045248195528984
1785290903.351956,0.0,0.0,0.004575456026941538
1785290903.3572972,0.0,0.0,0.004980544093996286
1785290903.3623948,0.0,0.0,0.004746751859784126
1785290903.3675597,0.0,0.0,0.0048192639369517565
1785290903.3725362,0.0,0.0,0.004622815875336528
1785290903.3779547,0.0,0.0,0.005057408008724451
1785290903.38317,0.0,0.0,0.0048561920411884785
1785290903.3893292,0.0,0.0,0.005787551868706942
1785290903.3942516,0.0,0.0,0.004563263850286603
1785290903.3995125,0.0,0.0,0.00490761618129909
1785290903.4049065,0.0,0.0,0.005004863953217864
1785290903.4099834,0.0,0.0,0.004721567966043949
1785290903.4151824,0.0,0.0,0.004829631885513663
1785290903.4202623,0.0,0.0,0.0047062719240784645
1785290903.425369,0.0,0.0,0.004736768081784248
1785290903.4305108,0.0,0.0,0.004789568018168211
1785290903.4357274,0.0,0.0,0.004852448124438524
1785290903.4410589,0.0,0.0,0.004962719976902008
1785290903.4473264,0.0,0.0,0.004834592109546065
1785290903.4524388,0.0,0.0,0.004739583935588598
1785290903.4573755,0.0,0.0,0.004575296072289348
1785290903.462663,0.0,0.0,0.004912287928164005
1785290903.4676118,0.0,0.0,0.004595936043187976
1785290903.472909,0.0,0.0,0.0049359360709786415
1785290903.478083,0.0,0.0,0.004813343985006213
1785290903.4832034,0.0,0.0,0.0047583680134266615
1785290903.4883816,0.0,0.0,0.004826496122404933
1785290903.4939218,0.0,0.0,0.005154656013473868
1785290903.500735,0.0,0.0,0.0064389759209007025
1785290903.5058541,0.0,0.0,0.00474883196875453
1785290903.5109386,0.0,0.0,0.004725408041849732
1785290903.5158787,0.0,0.0,0.004551904043182731
1785290903.5211277,0.0,0.0,0.004878911888226867
1785290903.5263627,0.0,0.0,0.004798944108188152
1785290903.531809,0.0,0.0,0.005033696070313454
1785290903.5367446,0.0,0.0,0.004556544125080109
1785290903.5420337,0.0,0.0,0.004918112186715007
1785290903.546966,0.0,0.0,0.004556128056719899
1785290903.5521312,0.0,0.0,0.004768735961988568
1785290903.558074,0.0,0.0,0.005564576014876366
1785290903.5633829,0.0,0.0,0.004945887951180339
1785290903.56844,0.0,0.0,0.004698527976870537
1785290903.5736039,0.0,0.0,0.004802431911230087
1785290903.5787551,0.0,0.0,0.004798303823918104
1785290903.5837305,0.0,0.0,0.004600767977535725
1785290903.5889823,0.0,0.0,0.0048495999071747065
1785290903.5942504,0.0,0.0,0.004903519991785288
1785290903.5995471,0.0,0.0,0.00494073610752821
1785290903.604633,0.0,0.0,0.0047293121460825205
1785290903.6098897,0.0,0.0,0.004888447932898998
1785290903.6163228,0.0,0.0,0.006080959923565388
1785290903.6213703,0.0,0.0,0.004693696042522788
1785290903.6265366,0.0,0.0,0.0048161279410123825
1785290903.6316242,0.0,0.0,0.004745504120364785
1785290903.6367633,0.0,0.0,0.004786367993801832
1785290903.6418734,0.0,0.0,0.004760896088555455
1785290903.6470404,0.0,0.0,0.0048109120689332485
1785290903.6520243,0.0,0.0,0.004590016091242433
1785290903.6572247,0.0,0.0,0.00483600003644824
1785290903.662804,0.0,0.0,0.005216351943090558
1785290903.6706958,0.0,0.0,0.007483999943360686
1785290903.6756935,0.0,0.0,0.0046489599626511335
1785290903.6806781,0.0,0.0,0.004607839975506067
1785290903.6856382,0.0,0.0,0.004595072008669376
1785290903.690672,0.0,0.0,0.004668608075007796
1785290903.6984086,0.0,0.0,0.0073644479271024466
1785290903.7056026,0.0,0.0,0.006817759945988655
1785290903.712856,0.0,0.0,0.006860863883048296
1785290903.7202568,0.0,0.0,0.007006079889833927
1785290903.7284973,0.0,0.0,0.00784236821345985
1785290903.7357256,0.0,0.0,0.006838400149717927
1785290903.7428935,0.0,0.0,0.006779775954782963
1785290903.7500558,0.0,0.0,0.0067480639554560184
1785290903.7572153,0.0,0.0,0.006768127903342247
1785290903.764325,0.0,0.0,0.006725983927026391
1785290903.7713208,0.0,0.0,0.00659392005763948
1785290903.77915,0.0,0.0,0.007443967973813415
1785290903.787594,0.0,0.0,0.008050751872360706
1785290903.79478,0.0,0.0,0.006774848094210029
1785290903.801953,0.0,0.0,0.006761952070519328
1785290903.809133,0.0,0.0,0.006786367855966091
1785290903.8163815,0.0,0.0,0.006829472025856376
1785290903.823562,0.0,0.0,0.006789311999455094
1785290903.8308604,0.0,0.0,0.006912800017744303
1785290903.8390465,0.0,0.0,0.0076828161254525185
1785290903.8462293,0.0,0.0,0.006769472034648061
1785290903.8534133,0.0,0.0,0.0067909760400652885
1785290903.8603485,0.0,0.0,0.0065349440556019545
1785290903.8676777,0.0,0.0,0.006934911943972111
1785290903.8748136,0.0,0.0,0.006736639887094498
1785290903.8819582,0.0,0.0,0.006738079944625497
1785290903.8891687,0.0,0.0,0.006819904083386064
1785290903.8971894,0.0,0.0,0.007631072076037526
1785290903.9043589,0.0,0.0,0.006792415864765644
1785290903.911183,0.0,0.0,0.006430367939174175
1785290903.9193296,0.0,0.0,0.007763487985357642
1785290903.926649,0.0,0.0,0.006817919900640845
1785290903.9338799,0.0,0.0,0.006815712200477719
1785290903.9413965,0.0,0.0,0.0071099200285971165
1785290903.9493456,0.0,0.0,0.007550304057076573
1785290903.956492,0.0,0.0,0.006773312110453844
1785290903.9633436,0.0,0.0,0.006455135997384787
1785290903.9708257,0.0,0.0,0.007096128072589636
1785290903.9780087,0.0,0.0,0.006759647978469729
1785290903.9848301,0.0,0.0,0.006434176117181778
1785290903.992343,0.0,0.0,0.007124831900000572
1785290903.9991832,0.0,0.0,0.00644803186878562
1785290904.0074613,0.0,0.0,0.00788505608215928
1785290904.015039,0.0,0.0,0.007215071935206652
1785290904.0218837,0.0,0.0,0.006430015899240971
1785290904.029063,0.0,0.0,0.006784799974411726
1785290904.0366564,0.0,0.0,0.007171744015067816
1785290904.0434713,0.0,0.0,0.006418880075216293
1785290904.0510252,0.0,0.0,0.007151840021833777
1785290904.0583224,0.0,0.0,0.006885439855977893
1785290904.0660799,0.0,0.0,0.007362304022535682
1785290904.0729246,0.0,0.0,0.006466143997386098
1785290904.0804045,0.0,0.0,0.007088288199156523
1785290904.0872023,0.0,0.0,0.006415072130039334
1785290904.094759,0.0,0.0,0.0071305278688669205
1785290904.1019213,0.0,0.0,0.0067504639737308025
1785290904.1087027,0.0,0.0,0.006393759977072477
1785290904.1172192,0.0,0.0,0.008135935990139842
1785290904.1240249,0.0,0.0,0.006451552035287023
1785290904.1315637,0.0,0.0,0.007160192122682929
1785290904.138373,0.0,0.0,0.006422976031899452
1785290904.1459389,0.0,0.0,0.0071637441869825125
1785290904.1531155,0.0,0.0,0.0067801279947161674
1785290904.1599796,0.0,0.0,0.006475616013631225
1785290904.1675248,0.0,0.0,0.007155967876315117
1785290904.1753166,0.0,0.0,0.007394463988021016
1785290904.1827908,0.0,0.0,0.007111136103048921
1785290904.1900232,0.0,0.0,0.006796575849875808
1785290904.1968803,0.0,0.0,0.0064614079892635345
1785290904.2040727,0.0,0.0,0.006801983807235956
1785290904.211576,0.0,0.0,0.007123968098312616
1785290904.2187428,0.0,0.0,0.006740480195730925
1785290904.226068,0.0,0.0,0.006883103866130114
1785290904.2339866,0.0,0.0,0.007517184130847454
1785290904.2409763,0.0,0.0,0.006590560078620911
1785290904.247995,0.0,0.0,0.006627199938520789
1785290904.255517,0.0,0.0,0.007132064085453749
1785290904.2621694,0.0,0.0,0.00626348820514977
1785290904.2684958,0.0,0.0,0.005831104004755616
1785290904.2754157,0.0,0.0,0.006476511945948005
1785290904.284666,0.0,0.0,0.008833695901557803
1785290904.2915735,0.0,0.0,0.0065253120847046375
1785290904.299489,0.0,0.0,0.007532160030677915
1785290904.3073125,0.0,0.0,0.007449247874319553
1785290904.3153076,0.0,0.0,0.007611904060468078
1785290904.3231142,0.0,0.0,0.007419135887175798
1785290904.3299334,0.0,0.0,0.006435296032577753
1785290904.3367589,0.0,0.0,0.006450176006183028
1785290904.3444695,0.0,0.0,0.007334080059081316
1785290904.351325,0.0,0.0,0.006479871924966574
1785290904.3578887,0.0,0.0,0.006182944169268012
1785290904.365061,0.0,0.0,0.006797088077291846
1785290904.372371,0.0,0.0,0.006945344153791666
1785290904.3794048,0.0,0.0,0.006659840000793338
1785290904.387042,0.0,0.0,0.00726633588783443
1785290904.3939989,0.0,0.0,0.006558720022439957
1785290904.4029,0.0,0.0,0.008516096044331789
1785290904.4102628,0.0,0.0,0.006962719839066267
1785290904.4176085,0.0,0.0,0.00697852810844779
1785290904.4246736,0.0,0.0,0.0066964158322662115
1785290904.4320693,0.0,0.0,0.00702735991217196
1785290904.4394956,0.0,0.0,0.007060704054310918
1785290904.447273,0.0,0.0,0.007407839875668287
1785290904.4550352,0.0,0.0,0.007379712071269751
1785290904.4628425,0.0,0.0,0.007411839906126261
1785290904.4698517,0.0,0.0,0.006579104112461209
1785290904.4776049,0.0,0.0,0.007359232055023313
1785290904.4846315,0.0,0.0,0.006634335964918137
1785290904.4920218,0.0,0.0,0.006962207844480872
1785290904.4997485,0.0,0.0,0.007342688040807843
1785290904.5068364,0.0,0.0,0.00668435194529593
1785290904.5151215,0.0,0.0,0.006678016157820821
1785290904.5228279,0.0,0.0,0.007304063998162746
1785290904.5301292,0.0,0.0,0.006887648021802306
1785290904.537171,0.0,0.0,0.00665372796356678
1785290904.5449193,0.0,0.0,0.007343936013057828
1785290904.5520167,0.0,0.0,0.006706848042085767
1785290904.559797,0.0,0.0,0.007315679918974638
1785290904.5673165,0.0,0.0,0.007111391983926296
1785290904.5742772,0.0,0.0,0.006594431819394231
1785290904.5816078,0.0,0.0,0.006947071989998221
1785290904.5889337,0.0,0.0,0.0069367999676615
1785290904.596858,0.0,0.0,0.007505215937271714
1785290904.6038475,0.0,0.0,0.006610783981159329
1785290904.6114967,0.0,0.0,0.007256448036059737
1785290904.6185982,0.0,0.0,0.0067159999161958694
1785290904.6267831,0.0,0.0,0.0065716158133000135
1785290904.6341302,0.0,0.0,0.006931872107088566
1785290904.6413102,0.0,0.0,0.006797215901315212
1785290904.6483057,0.0,0.0,0.006603295914828777
1785290904.6550267,0.0,0.0,0.006262207869440317
1785290904.6622562,0.0,0.0,0.006803423864766955
1785290904.6703475,0.0,0.0,0.007694080006331205
1785290904.6792386,0.0,0.0,0.0083984958473593
1785290904.684403,0.0,0.0,0.004768352024257183
1785290904.6920054,0.0,0.0,0.0072065601125359535
1785290904.69732,0.0,0.0,0.004849279997870326
1785290904.7024236,0.0,0.0,0.0047170561738312244
1785290904.7077034,0.0,0.0,0.004893088014796376
1785290904.7128904,0.0,0.0,0.004807807970792055
1785290904.7178843,0.0,0.0,0.004623904125764966
1785290904.7232435,0.0,0.0,0.004990431945770979
1785290904.7294216,0.0,0.0,0.005803680047392845
1785290904.737302,0.0,0.0,0.0072180479764938354
1785290904.7424762,0.0,0.0,0.004711615853011608
1785290904.747025,0.0,0.0,0.004137823823839426
1785290904.752296,0.0,0.0,0.0048566400073468685
1785290904.757528,0.0,0.0,0.004818047862499952
1785290904.7627554,0.0,0.0,0.004844223847612739
1785290904.7679992,0.0,0.0,0.004850239958614111
1785290904.7732382,0.0,0.0,0.004861503839492798
1785290904.778408,0.0,0.0,0.004795263987034559
1785290904.7847915,0.0,0.0,0.005999040091410279
1785290904.792751,0.0,0.0,0.007297951960936189
1785290904.7979205,0.0,0.0,0.004708799999207258
1785290904.803509,0.0,0.0,0.005194400204345584
1785290904.8087723,0.0,0.0,0.004888320108875632
1785290904.8139608,0.0,0.0,0.004811648046597838
1785290904.8190014,0.0,0.0,0.004667327972128987
1785290904.8243334,0.0,0.0,0.0049238079227507114
1785290904.8293684,0.0,0.0,0.004653888056054711
1785290904.834674,0.0,0.0,0.004924512002617121
1785290904.84109,0.0,0.0,0.0060447040013968945
1785290904.849034,0.0,0.0,0.007292160065844655
1785290904.8545408,0.0,0.0,0.005047392100095749
1785290904.8597784,0.0,0.0,0.004839424043893814
1785290904.8650482,0.0,0.0,0.004859743872657418
1785290904.8701472,0.0,0.0,0.004710623994469643
1785290904.8753333,0.0,0.0,0.0048045439179986715
1785290904.8806415,0.0,0.0,0.004936288110911846
1785290904.885668,0.0,0.0,0.004655712051317096
1785290904.8911862,0.0,0.0,0.005140416091307998
1785290904.8975108,0.0,0.0,0.005855903960764408
1785290904.9053931,0.0,0.0,0.007194207981228828
1785290904.9109137,0.0,0.0,0.005066560115665197
1785290904.9160643,0.0,0.0,0.004710176028311253
1785290904.9212325,0.0,0.0,0.004776864079758525
1785290904.9265933,0.0,0.0,0.0049713600892573595
1785290904.9316676,0.0,0.0,0.0046949118841439486
1785290904.9368906,0.0,0.0,0.004830752033740282
1785290904.9421296,0.0,0.0,0.004865504102781415
1785290904.947388,0.0,0.0,0.004883968038484454
1785290904.9536169,0.0,0.0,0.005848191911354661
1785290904.9609368,0.0,0.0,0.006823136005550623
1785290904.9662836,0.0,0.0,0.004909375915303826
1785290904.9715962,0.0,0.0,0.004915647907182574
1785290904.9766376,0.0,0.0,0.00464479997754097
1785290904.9819956,0.0,0.0,0.004967488115653396
1785290904.986972,0.0,0.0,0.0046013118699193
1785290904.9921713,0.0,0.0,0.004766496131196618
1785290904.9974694,0.0,0.0,0.004928863840177655
1785290905.0025625,0.0,0.0,0.004723680205643177
1785290905.0079842,0.0,0.0,0.0050541439559310675
1785290905.0165687,0.0,0.0,0.007653440115973353
1785290905.021906,0.0,0.0,0.004902496002614498
1785290905.0274186,0.0,0.0,0.005125791998580098
1785290905.0323684,0.0,0.0,0.004554911982268095
1785290905.0376818,0.0,0.0,0.004931296221911907
1785290905.042901,0.0,0.0,0.004841503920033574
1785290905.048018,0.0,0.0,0.0046810240019112825
1785290905.0531282,0.0,0.0,0.004742080112919211
1785290905.0584447,0.0,0.0,0.004942784085869789
1785290905.0635421,0.0,0.0,0.004679935984313488
1785290905.0724216,0.0,0.0,0.008499776013195515
1785290905.0778174,0.0,0.0,0.004957279888913035
1785290905.0828605,0.0,0.0,0.0046455999836325645
1785290905.0882363,0.0,0.0,0.004968063905835152
1785290905.0932744,0.0,0.0,0.004660352133214474
1785290905.0984612,0.0,0.0,0.004803679883480072
1785290905.103862,0.0,0.0,0.005030656000599265
1785290905.1090372,0.0,0.0,0.0048058240208774805
1785290905.1140878,0.0,0.0,0.004678752040490508
1785290905.1194494,0.0,0.0,0.004994111834093928
1785290905.1291008,0.0,0.0,0.009278239915147424
1785290905.1344438,0.0,0.0,0.004906655987724662
1785290905.1397352,0.0,0.0,0.004881152184680104
1785290905.144976,0.0,0.0,0.004852896090596914
1785290905.1500251,0.0,0.0,0.004667584085837007
1785290905.1553984,0.0,0.0,0.004992960020899773
1785290905.1604352,0.0,0.0,0.004659328144043684
1785290905.1657584,0.0,0.0,0.0049526081420481205
1785290905.170798,0.0,0.0,0.00464137620292604
1785290905.1760466,0.0,0.0,0.004842751892283559
1785290905.1830332,0.0,0.0,0.006605119910091162
1785290905.1902332,0.0,0.0,0.00496976007707417
1785290905.1955197,0.0,0.0,0.004883424146100879
1785290905.2006137,0.0,0.0,0.0047024639789015055
1785290905.2059348,0.0,0.0,0.004946751985698938
1785290905.2109735,0.0,0.0,0.004660064121708274
1785290905.216321,0.0,0.0,0.004948159912601113
1785290905.2213566,0.0,0.0,0.004654336022213101
1785290905.226758,0.0,0.0,0.005023424047976732
1785290905.2316825,0.0,0.0,0.004524288000538945
1785290905.2384613,0.0,0.0,0.006393983960151672
1785290905.2459073,0.0,0.0,0.006545823998749256
1785290905.2509773,0.0,0.0,0.004603487905114889
1785290905.2562113,0.0,0.0,0.004804639844223857
1785290905.2615113,0.0,0.0,0.004918368067592382
1785290905.2665632,0.0,0.0,0.004668831825256348
1785290905.2717774,0.0,0.0,0.004830751800909638
1785290905.2771115,0.0,0.0,0.004930112045258284
1785290905.2821383,0.0,0.0,0.00463046389631927
1785290905.2872913,0.0,0.0,0.0047774079721421
1785290905.2939355,0.0,0.0,0.0062671999912709
1785290905.301385,0.0,0.0,0.006788320140913129
1785290905.306905,0.0,0.0,0.005066207842901349
1785290905.3120072,0.0,0.0,0.004678559955209494
1785290905.3173628,0.0,0.0,0.004977887962013483
1785290905.322405,0.0,0.0,0.004672832088544965
1785290905.3277054,0.0,0.0,0.004888416035100818
1785290905.3328393,0.0,0.0,0.0047532799653708935
1785290905.3381326,0.0,0.0,0.004919295897707343
1785290905.3433456,0.0,0.0,0.004846432013437152
1785290905.3495939,0.0,0.0,0.005867840023711324
1785290905.357241,0.0,0.0,0.006986240157857537
1785290905.3627474,0.0,0.0,0.005045152036473155
1785290905.3678958,0.0,0.0,0.004702304024249315
1785290905.373065,0.0,0.0,0.0047775679267942905
1785290905.3782,0.0,0.0,0.0047519998624920845
1785290905.3835506,0.0,0.0,0.0049615358002483845
1785290905.3886526,0.0,0.0,0.004687903914600611
1785290905.393787,0.0,0.0,0.004759263945743442
1785290905.3991287,0.0,0.0,0.004972672089934349
1785290905.4052474,0.0,0.0,0.005744159920141101
1785290905.4133937,0.0,0.0,0.007480256026610732
1785290905.418414,0.0,0.0,0.0045595839619636536
1785290905.4238474,0.0,0.0,0.005028351908549666
1785290905.429092,0.0,0.0,0.004851615987718105
1785290905.4341507,0.0,0.0,0.0046740800607949495
1785290905.4395177,0.0,0.0,0.004985983949154615
1785290905.4445522,0.0,0.0,0.004657343961298466
1785290905.4496853,0.0,0.0,0.004749376093968749
1785290905.454983,0.0,0.0,0.004911232041195035
1785290905.4611204,0.0,0.0,0.005721951834857464
1785290905.4691486,0.0,0.0,0.007368352031335235
1785290905.474311,0.0,0.0,0.004701823927462101
1785290905.4797983,0.0,0.0,0.005086079938337207
1785290905.4850562,0.0,0.0,0.00485375989228487
1785290905.4899812,0.0,0.0,0.0045409279409796
1785290905.495393,0.0,0.0,0.004994336050003767
1785290905.5004485,0.0,0.0,0.004681408172473311
1785290905.5055828,0.0,0.0,0.004749536048620939
1785290905.5108745,0.0,0.0,0.0049082881305366755
1785290905.5168989,0.0,0.0,0.005609632004052401
1785290905.525605,0.0,0.0,0.008016095962375402
1785290905.5307639,0.0,0.0,0.004714016104117036
1785290905.5360672,0.0,0.0,0.004890464013442397
1785290905.5415163,0.0,0.0,0.005055519985035062
1785290905.54673,0.0,0.0,0.004832031903788447
1785290905.5518832,0.0,0.0,0.004742016084492207
1785290905.5570185,0.0,0.0,0.004756832029670477
1785290905.562324,0.0,0.0,0.004924672190099955
1785290905.5674531,0.0,0.0,0.004765280056744814
1785290905.5734258,0.0,0.0,0.005588287953287363
1785290905.5813448,0.0,0.0,0.007391968043521047
1785290905.586487,0.0,0.0,0.004703839775174856
1785290905.5918565,0.0,0.0,0.004968287888914347
1785290905.5969152,0.0,0.0,0.004671551985666156
1785290905.6022813,0.0,0.0,0.004984064027667046
1785290905.6074612,0.0,0.0,0.004799488000571728
1785290905.6125197,0.0,0.0,0.004683328093960881
1785290905.617711,0.0,0.0,0.004781791940331459
1785290905.6230228,0.0,0.0,0.004935360047966242
1785290905.628952,0.0,0.0,0.0055313920602202415
1785290905.6371748,0.0,0.0,0.007711936021223664
1785290905.6423287,0.0,0.0,0.004722175886854529
1785290905.64752,0.0,0.0,0.004783296026289463
1785290905.6528578,0.0,0.0,0.00494208000600338
1785290905.6578462,0.0,0.0,0.004604287911206484
1785290905.663178,0.0,0.0,0.004960511811077595
1785290905.6682312,0.0,0.0,0.004683424020186067
1785290905.67351,0.0,0.0,0.0049043199978768826
1785290905.6785178,0.0,0.0,0.004645216045901179
1785290905.6838033,0.0,0.0,0.004918016027659178
1785290905.6925106,0.0,0.0,0.008330431999638677
1785290905.6975646,0.0,0.0,0.004610495874658227
1785290905.702906,0.0,0.0,0.004953216062858701
1785290905.708007,0.0,0.0,0.004681503865867853
1785290905.7149463,0.0,0.0,0.00656108814291656
1785290905.720017,0.0,0.0,0.004640448139980435
1785290905.7261598,0.0,0.0,0.005764287896454334
1785290905.7335737,0.0,0.0,0.007034335983917117
1785290905.7423892,0.0,0.0,0.00843846402131021
1785290905.7509627,0.0,0.0,0.007588767912238836
1785290905.7578955,0.0,0.0,0.006507935933768749
1785290905.7657273,0.0,0.0,0.007415295811370015
1785290905.7728899,0.0,0.0,0.006678208010271192
1785290905.7799168,0.0,0.0,0.006622751941904426
1785290905.7868528,0.0,0.0,0.006555679952725768
1785290905.79389,0.0,0.0,0.006621344015002251
1785290905.8012261,0.0,0.0,0.006965984124690294
1785290905.8092115,0.0,0.0,0.007546048145741224
1785290905.816308,0.0,0.0,0.006695583928376436
1785290905.8232925,0.0,0.0,0.006616672035306692
1785290905.8303225,0.0,0.0,0.0066507840529084206
1785290905.8369606,0.0,0.0,0.0062278080731630325
1785290905.843982,0.0,0.0,0.006643936038017273
1785290905.8512475,0.0,0.0,0.006893375888466835
1785290905.8582835,0.0,0.0,0.006660799961537123
1785290905.8665767,0.0,0.0,0.007922816090285778
1785290905.8735251,0.0,0.0,0.00658019189722836
1785290905.8805792,0.0,0.0,0.006705152103677392
1785290905.8871775,0.0,0.0,0.006240288028493524
1785290905.894064,0.0,0.0,0.006526240147650242
1785290905.900927,0.0,0.0,0.006512448191642761
1785290905.9078748,0.0,0.0,0.006589855998754501
1785290905.914852,0.0,0.0,0.006618655985221267
1785290905.9229832,0.0,0.0,0.007743392139673233
1785290905.9299622,0.0,0.0,0.006586879957467318
1785290905.936855,0.0,0.0,0.006540768081322312
1785290905.9439335,0.0,0.0,0.006703360006213188
1785290905.950995,0.0,0.0,0.006682336097583175
1785290905.9600651,0.0,0.0,0.008676768047735095
1785290905.9693246,0.0,0.0,0.008868031902238727
1785290905.9791422,0.0,0.0,0.009307424072176218
1785290905.9863613,0.0,0.0,0.0067737598437815905
1785290905.9934466,0.0,0.0,0.006694719893857837
1785290906.000259,0.0,0.0,0.006429728120565414
1785290906.007429,0.0,0.0,0.006805088138207793
1785290906.01438,0.0,0.0,0.006585343973711133
1785290906.0211487,0.0,0.0,0.006416320102289319
1785290906.0304146,0.0,0.0,0.008901279885321856
1785290906.037517,0.0,0.0,0.006678976118564606
1785290906.0443902,0.0,0.0,0.006492831977084279
1785290906.0515203,0.0,0.0,0.0067453759256750345
1785290906.058484,0.0,0.0,0.00659526395611465
1785290906.0657518,0.0,0.0,0.0069053759798407555
1785290906.0730064,0.0,0.0,0.0069023678079247475
1785290906.0803573,0.0,0.0,0.006976959994062781
1785290906.0886357,0.0,0.0,0.007920159958302975
1785290906.0958443,0.0,0.0,0.006866303971037269
1785290906.1030648,0.0,0.0,0.006857503904029727
1785290906.1100276,0.0,0.0,0.006574559956789017
1785290906.1169946,0.0,0.0,0.006604192079976201
1785290906.1242416,0.0,0.0,0.006880607921630144
1785290906.1312022,0.0,0.0,0.006581024033948779
1785290906.1383414,0.0,0.0,0.006767551880329847
1785290906.1468544,0.0,0.0,0.008150527952238917
1785290906.1516004,0.0,0.0,0.00434323213994503
1785290906.1563287,0.0,0.0,0.004375264048576355
1785290906.1608553,0.0,0.0,0.004108896013349295
1785290906.1655972,0.0,0.0,0.0043845761101692915
1785290906.170053,0.0,0.0,0.004102432169020176
1785290906.1748743,0.0,0.0,0.00446396810002625
1785290906.1796153,0.0,0.0,0.0043160319328308105
1785290906.1844227,0.0,0.0,0.004457439994439483
1785290906.1889238,0.0,0.0,0.004100991878658533
1785290906.1937957,0.0,0.0,0.004503776086494327
1785290906.1990395,0.0,0.0,0.004887392045930028
1785290906.2036898,0.0,0.0,0.00425369618460536
1785290906.2083685,0.0,0.0,0.004308799980208278
1785290906.2128856,0.0,0.0,0.004172543995082378
1785290906.2172794,0.0,0.0,0.00404710415750742
1785290906.221748,0.0,0.0,0.004114047857001424
1785290906.2262015,0.0,0.0,0.004111775895580649
1785290906.2306554,0.0,0.0,0.004111840156838298
1785290906.2351272,0.0,0.0,0.004124736180528998
1785290906.2397504,0.0,0.0,0.004274783888831735
1785290906.2444928,0.0,0.0,0.0043828480411320925
1785290906.2490084,0.0,0.0,0.00417187181301415
1785290906.2552462,0.0,0.0,0.005890815984457731
1785290906.259912,0.0,0.0,0.004309599986299872
1785290906.2643783,0.0,0.0,0.004127296153455973
1785290906.2689316,0.0,0.0,0.00421139202080667
1785290906.273668,0.0,0.0,0.004393120063468814
1785290906.2781332,0.0,0.0,0.004112832015380263
1785290906.2827303,0.0,0.0,0.00425532809458673
1785290906.2878916,0.0,0.0,0.0048307201359421015
1785290906.292582,0.0,0.0,0.004350592149421573
1785290906.2975607,0.0,0.0,0.0046209602151066065
1785290906.3024805,0.0,0.0,0.004542720038443804
1785290906.3074257,0.0,0.0,0.004605663940310478
1785290906.313306,0.0,0.0,0.005543264094740152
1785290906.3179195,0.0,0.0,0.004272416001185775
1785290906.3230667,0.0,0.0,0.004808864090591669
1785290906.3280866,0.0,0.0,0.004618271952494979
1785290906.3331177,0.0,0.0,0.00468860799446702
1785290906.3381367,0.0,0.0,0.004678656114265323
1785290906.343179,0.0,0.0,0.004699392011389136
1785290906.3482683,0.0,0.0,0.004736768081784248
1785290906.3533134,0.0,0.0,0.004699648125097156
1785290906.3583336,0.0,0.0,0.004684255924075842
1785290906.3634815,0.0,0.0,0.004815360065549612
1785290906.369279,0.0,0.0,0.005453856196254492
1785290906.373881,0.0,0.0,0.0042601278983056545
1785290906.3787658,0.0,0.0,0.00454032002016902
1785290906.3838313,0.0,0.0,0.004655200056731701
1785290906.3888707,0.0,0.0,0.0046689920127391815
1785290906.3934982,0.0,0.0,0.004247807897627354
1785290906.3980002,0.0,0.0,0.0041437759064137936
1785290906.4026153,0.0,0.0,0.004271488171070814
1785290906.4069781,0.0,0.0,0.004018047824501991
1785290906.411454,0.0,0.0,0.0041040959767997265
1785290906.4161837,0.0,0.0,0.004382815910503268
1785290906.4222262,0.0,0.0,0.005682816030457616
1785290906.429349,0.0,0.0,0.006779360119253397
1785290906.436335,0.0,0.0,0.0066144641023129225
1785290906.4433715,0.0,0.0,0.0066907519940286875
1785290906.4503875,0.0,0.0,0.006662431871518493
1785290906.4574175,0.0,0.0,0.006659487960860133
1785290906.464399,0.0,0.0,0.006635935977101326
1785290906.4716213,0.0,0.0,0.006863199872896075
1785290906.4799314,0.0,0.0,0.007942848140373826
1785290906.4869168,0.0,0.0,0.006634176010265946
1785290906.493766,0.0,0.0,0.00647171214222908
1785290906.501001,0.0,0.0,0.0068773438688367605
1785290906.5080361,0.0,0.0,0.006670528091490269
1785290906.5146902,0.0,0.0,0.006272447993978858
1785290906.522064,0.0,0.0,0.006947679910808802
1785290906.5288281,0.0,0.0,0.0063952000346034765
1785290906.5368898,0.0,0.0,0.007681919960305095
1785290906.543933,0.0,0.0,0.006667295936495066
1785290906.5512643,0.0,0.0,0.006953408010303974
1785290906.558246,0.0,0.0,0.006611583987250924
1785290906.5648994,0.0,0.0,0.006292351987212896
1785290906.57186,0.0,0.0,0.006598880048841238
1785290906.5788224,0.0,0.0,0.006599999964237213
1785290906.585906,0.0,0.0,0.0067007041070610285
1785290906.5936418,0.0,0.0,0.00736844795756042
1785290906.601151,0.0,0.0,0.007135424064472318
1785290906.6078193,0.0,0.0,0.006300223991274834
1785290906.6151361,0.0,0.0,0.006966047920286655
1785290906.6217859,0.0,0.0,0.006287103984504938
1785290906.629123,0.0,0.0,0.006974624004215002
1785290906.635763,0.0,0.0,0.006287551950663328
1785290906.642863,0.0,0.0,0.006731008179485798
1785290906.6510875,0.0,0.0,0.007838912075385451
1785290906.657778,0.0,0.0,0.0062880320474505424
1785290906.6647933,0.0,0.0,0.006644991924986243
1785290906.671768,0.0,0.0,0.006610240088775754
1785290906.6784072,0.0,0.0,0.006263328017666936
1785290906.684908,0.0,0.0,0.006061695981770754
1785290906.691544,0.0,0.0,0.006235328037291765
1785290906.6991806,0.0,0.0,0.007248191861435771
1785290906.7068408,0.0,0.0,0.006111679831519723
1785290906.71342,0.0,0.0,0.006187679944559932
1785290906.719741,0.0,0.0,0.005952223902568221
1785290906.7260933,0.0,0.0,0.005947999889031053
1785290906.7326236,0.0,0.0,0.0061612799763679504
1785290906.7403576,0.0,0.0,0.007365568075329065
1785290906.7466912,0.0,0.0,0.005947744008153677
1785290906.753379,0.0,0.0,0.006335552083328366
1785290906.760298,0.0,0.0,0.006559776142239571
1785290906.7668238,0.0,0.0,0.006163423880934715
1785290906.7735193,0.0,0.0,0.006205280078575015
1785290906.7800715,0.0,0.0,0.0061845441814512014
1785290906.7866085,0.0,0.0,0.006163872079923749
1785290906.793211,0.0,0.0,0.006232063984498382
1785290906.799745,0.0,0.0,0.006167392013594508
1785290906.8060575,0.0,0.0,0.00593708804808557
1785290906.8130987,0.0,0.0,0.006680927937850356
1785290906.819659,0.0,0.0,0.006209983956068754
1785290906.8259284,0.0,0.0,0.005913855973631144
1785290906.8324873,0.0,0.0,0.0061889279168099165
1785290906.8387678,0.0,0.0,0.005927680060267448
1785290906.8453355,0.0,0.0,0.006183424033224583
1785290906.8516307,0.0,0.0,0.005927840014919639
1785290906.857897,0.0,0.0,0.005904191872105002
1785290906.864778,0.0,0.0,0.0065174400806427
1785290906.8728461,0.0,0.0,0.007697631837800145
1785290906.8799162,0.0,0.0,0.006703680148348212
1785290906.886621,0.0,0.0,0.006337407976388931
1785290906.8937428,0.0,0.0,0.006766079925000668
1785290906.901189,0.0,0.0,0.00702323205769062
1785290906.9079845,0.0,0.0,0.006426719948649406
1785290906.9154408,0.0,0.0,0.007086368044838309
1785290906.9222727,0.0,0.0,0.0064571520779281855
1785290906.9304712,0.0,0.0,0.007823455845937133
1785290906.9374015,0.0,0.0,0.006454720161855221
1785290906.944502,0.0,0.0,0.0066989760380238295
1785290906.9515638,0.0,0.0,0.006685120053589344
1785290906.9585829,0.0,0.0,0.006646272027865052
1785290906.965658,0.0,0.0,0.006700032157823443
1785290906.9727633,0.0,0.0,0.006726432126015425
1785290906.9808755,0.0,0.0,0.00772697594948113
1785290906.9879,0.0,0.0,0.0066539200488477945
1785290906.9948583,0.0,0.0,0.006584320217370987
1785290907.001732,0.0,0.0,0.00647526397369802
1785290907.0088658,0.0,0.0,0.006778207840397954
1785290907.0158749,0.0,0.0,0.006646272027865052
1785290907.0228856,0.0,0.0,0.006646560039371252
1785290907.0297112,0.0,0.0,0.006428415887057781
1785290907.0373843,0.0,0.0,0.006996768061071634
1785290907.0445,0.0,0.0,0.00675404816865921
1785290907.0514777,0.0,0.0,0.006609119940549135
1785290907.0584557,0.0,0.0,0.006624191999435425
1785290907.0651255,0.0,0.0,0.006309855962172151
1785290907.0724561,0.0,0.0,0.006964992033317685
1785290907.07923,0.0,0.0,0.00635465607047081
1785290907.086676,0.0,0.0,0.007069471990689635
1785290907.0949762,0.0,0.0,0.007930815918371081
1785290907.1020072,0.0,0.0,0.0066437439527362585
1785290907.1086874,0.0,0.0,0.006324384128674865
1785290907.1156273,0.0,0.0,0.006578912027180195
1785290907.121047,0.0,0.0,0.005048992112278938
1785290907.1266494,0.0,0.0,0.005160320084542036
1785290907.1341949,0.0,0.0,0.0071599038783460855
1785290907.1438925,0.0,0.0,0.009248351911082864
1785290907.1533413,0.0,0.0,0.008369920076802373
1785290907.1596172,0.0,0.0,0.0058893440291285515
1785290907.1669166,0.0,0.0,0.006917279912158847
1785290907.1744628,0.0,0.0,0.007119456073269248
1785290907.1820524,0.0,0.0,0.007225248031318188
1785290907.1899095,0.0,0.0,0.007460223976522684
1785290907.197542,0.0,0.0,0.0072621440049260855
1785290907.2079399,0.0,0.0,0.009016672149300575
1785290907.2143278,0.0,0.0,0.0060196800623089075
1785290907.2220926,0.0,0.0,0.007404352072626352
1785290907.2297463,0.0,0.0,0.007284383988007903
1785290907.2371724,0.0,0.0,0.0070588800590485334
1785290907.2447538,0.0,0.0,0.007213984150439501
1785290907.2523077,0.0,0.0,0.007208384107798338
1785290907.2619996,0.0,0.0,0.009323328034952283
1785290907.2674243,0.0,0.0,0.004981568083167076
1785290907.272425,0.0,0.0,0.004608095856383443
1785290907.2774484,0.0,0.0,0.004637408070266247
1785290907.2822843,0.0,0.0,0.004448927938938141
1785290907.2875059,0.0,0.0,0.004852351965382695
1785290907.292496,0.0,0.0,0.00461548799648881
1785290907.2974672,0.0,0.0,0.004604159854352474
1785290907.3024697,0.0,0.0,0.004623295972123742
1785290907.3077457,0.0,0.0,0.004863904090598226
1785290907.314508,0.0,0.0,0.006389376008883119
1785290907.3216083,0.0,0.0,0.004588288022205234
1785290907.3268526,0.0,0.0,0.004806239856407046
1785290907.3316646,0.0,0.0,0.004398432094603777
1785290907.3368359,0.0,0.0,0.004780543968081474
1785290907.3416424,0.0,0.0,0.0044253121595829725
1785290907.3468258,0.0,0.0,0.004816191969439387
1785290907.3518062,0.0,0.0,0.004583807894960046
1785290907.356571,0.0,0.0,0.004400287987664342
1785290907.3617253,0.0,0.0,0.004786400124430656
1785290907.3676944,0.0,0.0,0.005587232066318393
1785290907.3753378,0.0,0.0,0.00699731195345521
1785290907.3804107,0.0,0.0,0.004638496087864041
1785290907.3854632,0.0,0.0,0.004664703970775008
1785290907.39065,0.0,0.0,0.004798240028321743
1785290907.3955374,0.0,0.0,0.004507520003244281
1785290907.4007025,0.0,0.0,0.004789759870618582
1785290907.4054298,0.0,0.0,0.004315391881391406
1785290907.4103708,0.0,0.0,0.00452790386043489
1785290907.415263,0.0,0.0,0.004536991938948631
1785290907.4201305,0.0,0.0,0.004501823801547289
1785290907.4262578,0.0,0.0,0.005752383964136243
1785290907.4327347,0.0,0.0,0.005952351959422231
1785290907.437963,0.0,0.0,0.004810431972146034
1785290907.4428303,0.0,0.0,0.004471263848245144
1785290907.4480639,0.0,0.0,0.004816703964024782
1785290907.4528859,0.0,0.0,0.004446431994438171
1785290907.4580624,0.0,0.0,0.00479161599650979
1785290907.4628537,0.0,0.0,0.004426815779879689
1785290907.4680219,0.0,0.0,0.004767423961311579
1785290907.4728024,0.0,0.0,0.004409632179886103
1785290907.4777634,0.0,0.0,0.00460099196061492
1785290907.4861562,0.0,0.0,0.008041183929890394
1785290907.4912856,0.0,0.0,0.004697376163676381
1785290907.4964693,0.0,0.0,0.004782336065545678
1785290907.5012949,0.0,0.0,0.004447871819138527
1785290907.5064836,0.0,0.0,0.0048077760729938745
1785290907.5115366,0.0,0.0,0.004652608186006546
1785290907.5163653,0.0,0.0,0.004452160093933344
1785290907.522241,0.0,0.0,0.005499359918758273
1785290907.527173,0.0,0.0,0.004476799862459302
1785290907.5323224,0.0,0.0,0.004758208058774471
1785290907.5393603,0.0,0.0,0.0066473279148340225
1785290907.5463686,0.0,0.0,0.004566048039123416
1785290907.5516267,0.0,0.0,0.004838623804971576
1785290907.556675,0.0,0.0,0.004647392081096768
1785290907.5614653,0.0,0.0,0.004407552070915699
1785290907.5666394,0.0,0.0,0.004785439930856228
1785290907.57156,0.0,0.0,0.004543456016108394
1785290907.5767334,0.0,0.0,0.004801887786015868
1785290907.5815225,0.0,0.0,0.004416320007294416
1785290907.5865192,0.0,0.0,0.004621920175850391
1785290907.5928264,0.0,0.0,0.005929152015596628
1785290907.6007166,0.0,0.0,0.007240800186991692
1785290907.6058106,0.0,0.0,0.004635264165699482
1785290907.6106293,0.0,0.0,0.004412448033690453
1785290907.6158664,0.0,0.0,0.0048511039931327105
1785290907.6207206,0.0,0.0,0.00447817612439394
1785290907.6258998,0.0,0.0,0.004772032145410776
1785290907.6308465,0.0,0.0,0.004571360070258379
1785290907.6358628,0.0,0.0,0.004606784088537097
1785290907.6407404,0.0,0.0,0.004501888062804937
1785290907.6454437,0.0,0.0,0.004342528060078621
1785290907.6518185,0.0,0.0,0.0059974719770252705
1785290907.658204,0.0,0.0,0.00588086387142539
1785290907.662853,0.0,0.0,0.004264704184606671
1785290907.667804,0.0,0.0,0.00454195193015039
1785290907.672703,0.0,0.0,0.0045215361751616
1785290907.6778326,0.0,0.0,0.004711328074336052
1785290907.6827338,0.0,0.0,0.004528895951807499
1785290907.6876414,0.0,0.0,0.004501695977523923
1785290907.6925101,0.0,0.0,0.004480960080400109
1785290907.6971967,0.0,0.0,0.0043089918326586485
1785290907.7020907,0.0,0.0,0.00452288007363677
1785290907.708203,0.0,0.0,0.005739648127928376
1785290907.7141929,0.0,0.0,0.005607391940429807
1785290907.719076,0.0,0.0,0.004516512155532837
1785290907.7241836,0.0,0.0,0.004698015982285142
1785290907.7291086,0.0,0.0,0.004551967838779092
1785290907.7339523,0.0,0.0,0.00447686412371695
1785290907.738647,0.0,0.0,0.004321472020819783
1785290907.74402,0.0,0.0,0.0050006399396806955
1785290907.7517831,0.0,0.0,0.007393504027277231
1785290907.7592804,0.0,0.0,0.007133216131478548
1785290907.7687178,0.0,0.0,0.006663456093519926
1785290907.7740629,0.0,0.0,0.004901856184005737
1785290907.7807472,0.0,0.0,0.006284863920882344
1785290907.7878706,0.0,0.0,0.006740800105035305
1785290907.7962878,0.0,0.0,0.00804172782227397
1785290907.803183,0.0,0.0,0.0064152320846915245
1785290907.8102233,0.0,0.0,0.0066551039926707745
1785290907.8175876,0.0,0.0,0.006985888117924333
1785290907.826025,0.0,0.0,0.00798979215323925
1785290907.8329515,0.0,0.0,0.006549440091475844
1785290907.8398724,0.0,0.0,0.006550207966938615
1785290907.8467216,0.0,0.0,0.006485279882326722
1785290907.8536625,0.0,0.0,0.006519007962197065
1785290907.8604662,0.0,0.0,0.006443679798394442
1785290907.8673306,0.0,0.0,0.006499423878267407
1785290907.8742826,0.0,0.0,0.006600992055609822
1785290907.882852,0.0,0.0,0.008219360141083598
1785290907.8897429,0.0,0.0,0.0065174400806427
1785290907.8967218,0.0,0.0,0.006629151990637183
1785290907.9034429,0.0,0.0,0.0063513279892504215
1785290907.9104025,0.0,0.0,0.006617055973038077
1785290907.916871,0.0,0.0,0.00611731200478971
1785290907.9240534,0.0,0.0,0.006839744048193097
1785290907.9306877,0.0,0.0,0.006279872031882405
1785290907.939521,0.0,0.0,0.008473151829093695
1785290907.9463716,0.0,0.0,0.006514047970995307
1785290907.9528055,0.0,0.0,0.0060955199878662825
1785290907.9596395,0.0,0.0,0.006480032112449408
1785290907.966745,0.0,0.0,0.006751935929059982
1785290907.9735923,0.0,0.0,0.006494560046121478
1785290907.9801009,0.0,0.0,0.006142495898529887
1785290907.9873183,0.0,0.0,0.006840384099632502
1785290907.9957747,0.0,0.0,0.00809843186289072
1785290908.002753,0.0,0.0,0.006637215847149491
1785290908.009599,0.0,0.0,0.006508128019049764
1785290908.01648,0.0,0.0,0.00650531193241477
1785290908.0233748,0.0,0.0,0.006525855977088213
1785290908.0301857,0.0,0.0,0.006456863833591342
1785290908.0370579,0.0,0.0,0.006516512017697096
1785290908.0436828,0.0,0.0,0.006271488033235073
1785290908.0526202,0.0,0.0,0.008583072107285261
1785290908.0594988,0.0,0.0,0.00653414404951036
1785290908.066431,0.0,0.0,0.0065921600908041
1785290908.0730731,0.0,0.0,0.006294496124610305
1785290908.080208,0.0,0.0,0.0067842560820281506
1785290908.086854,0.0,0.0,0.0062813120894134045
1785290908.0936863,0.0,0.0,0.006461599841713905
1785290908.100641,0.0,0.0,0.006600192049518228
1785290908.107169,0.0,0.0,0.006164991995319724
1785290908.1140196,0.0,0.0,0.006419679848477244
1785290908.1208153,0.0,0.0,0.006406944012269378
1785290908.1275897,0.0,0.0,0.006397119956091046
1785290908.1350863,0.0,0.0,0.0071278398390859365
1785290908.142016,0.0,0.0,0.006526272045448422
1785290908.1490524,0.0,0.0,0.006663904059678316
1785290908.15614,0.0,0.0,0.006719168042764068
1785290908.1638734,0.0,0.0,0.0073648320976644754
1785290908.1715705,0.0,0.0,0.007321599870920181
1785290908.1805642,0.0,0.0,0.008614975959062576
1785290908.1902204,0.0,0.0,0.009276767959818244
1785290908.199662,0.0,0.0,0.009071904001757503
1785290908.2086627,0.0,0.0,0.008603839902207255
1785290908.21905,0.0,0.0,0.01002028794027865
1785290908.2284553,0.0,0.0,0.00900153606198728
1785290908.2378619,0.0,0.0,0.009044223930686712
1785290908.2468243,0.0,0.0,0.008596671978011727
1785290908.256576,0.0,0.0,0.009349887957796454
1785290908.2655442,0.0,0.0,0.008595936000347137
1785290908.275008,0.0,0.0,0.009104127995669842
1785290908.284315,0.0,0.0,0.008925183909013867
1785290908.2937212,0.0,0.0,0.009029695997014642
1785290908.3029203,0.0,0.0,0.008829311933368444
1785290908.3122084,0.0,0.0,0.008857600158080459
1785290908.3216088,0.0,0.0,0.009031648049131036
1785290908.3321211,0.0,0.0,0.010142239974811673
1785290908.3412583,0.0,0.0,0.00878057605586946
1785290908.3505201,0.0,0.0,0.008884800132364035
1785290908.359809,0.0,0.0,0.008924287976697087
1785290908.3690174,0.0,0.0,0.008842495968565345
1785290908.3784432,0.0,0.0,0.009062431985512376
1785290908.3880918,0.0,0.0,0.00928665604442358
1785290908.3964078,0.0,0.0,0.00794688006862998
1785290908.4028788,0.0,0.0,0.006023808149620891
1785290908.4097414,0.0,0.0,0.006428960012272
1785290908.416753,0.0,0.0,0.0066397120244801044
1785290908.4238067,0.0,0.0,0.006681055994704366
1785290908.4305239,0.0,0.0,0.006297344109043479
1785290908.4376197,0.0,0.0,0.006723711965605617
1785290908.4455037,0.0,0.0,0.007505440153181553
1785290908.4499662,0.0,0.0,0.0041096319910138845
1785290908.4565408,0.0,0.0,0.006151103880256414
1785290908.4641275,0.0,0.0,0.007209600182250142
1785290908.4716394,0.0,0.0,0.007135103922337294
1785290908.479146,0.0,0.0,0.007135776104405522
1785290908.4868877,0.0,0.0,0.00736755202524364
1785290908.4957883,0.0,0.0,0.008512543980032206
1785290908.5045257,0.0,0.0,0.008073055883869529
1785290908.5122364,0.0,0.0,0.0073022081051021814
1785290908.5197177,0.0,0.0,0.007095295935869217
1785290908.5275419,0.0,0.0,0.0074437439907342196
1785290908.5352085,0.0,0.0,0.0072885442059487104
1785290908.5428298,0.0,0.0,0.007250976050272584
1785290908.5517588,0.0,0.0,0.008524799952283502
1785290908.5603068,0.0,0.0,0.007926176069304347
1785290908.5678334,0.0,0.0,0.007131776073947549
1785290908.5755057,0.0,0.0,0.007280224002897739
1785290908.5831592,0.0,0.0,0.0072659519501030445
1785290908.5910008,0.0,0.0,0.007464671973139048
1785290908.598843,0.0,0.0,0.007369280094280839
1785290908.6063328,0.0,0.0,0.007088991813361645
1785290908.614984,0.0,0.0,0.008207904174923897
1785290908.6223788,0.0,0.0,0.006977631943300366
1785290908.629442,0.0,0.0,0.006689599948003888
1785290908.636804,0.0,0.0,0.006979648023843765
1785290908.644463,0.0,0.0,0.00728083192370832
1785290908.6517806,0.0,0.0,0.006943776039406657
1785290908.6587684,0.0,0.0,0.0066264960914850235
1785290908.6683772,0.0,0.0,0.00921120005659759
1785290908.6754649,0.0,0.0,0.006724223960191011
1785290908.682814,0.0,0.0,0.006957215955480933
1785290908.6905918,0.0,0.0,0.007383296033367515
1785290908.6976118,0.0,0.0,0.006633823970332742
1785290908.704954,0.0,0.0,0.006962944054976106
1785290908.712637,0.0,0.0,0.007325568003579974
1785290908.72133,0.0,0.0,0.008261792128905654
1785290908.7308254,0.0,0.0,0.007059199968352914
1785290908.738211,0.0,0.0,0.006938495906069875
1785290908.7452748,0.0,0.0,0.006671520182862878
1785290908.7529793,0.0,0.0,0.00732153607532382
1785290908.760296,0.0,0.0,0.006936415797099471
1785290908.7673292,0.0,0.0,0.006645631976425648
1785290908.7756295,0.0,0.0,0.007926976075395942
1785290908.7834973,0.0,0.0,0.007356415968388319
1785290908.792967,0.0,0.0,0.0069450559094548225
1785290908.8005438,0.0,0.0,0.007159616099670529
1785290908.8079703,0.0,0.0,0.007019840180873871
1785290908.8151813,0.0,0.0,0.006819711998105049
1785290908.8228884,0.0,0.0,0.007273248163983226
1785290908.8304422,0.0,0.0,0.007125152042135596
1785290908.8405888,0.0,0.0,0.009647552156820893
1785290908.8479779,0.0,0.0,0.006951168179512024
1785290908.8549743,0.0,0.0,0.006585472030565143
1785290908.8626978,0.0,0.0,0.00726751983165741
1785290908.8699744,0.0,0.0,0.006874335929751396
1785290908.8772511,0.0,0.0,0.006878656102344394
1785290908.8845468,0.0,0.0,0.00690614408813417
1785290908.8957691,0.0,0.0,0.010798240080475807
1785290908.9031894,0.0,0.0,0.006968511966988444
1785290908.9101892,0.0,0.0,0.006593568017706275
1785290908.9178731,0.0,0.0,0.00727964797988534
1785290908.9251792,0.0,0.0,0.006918527884408832
1785290908.9324827,0.0,0.0,0.006917824037373066
1785290908.9398253,0.0,0.0,0.0069565121084451675
1785290908.9482045,0.0,0.0,0.007999647874385118
1785290908.9566376,0.0,0.0,0.0066607361659407616
1785290908.962966,0.0,0.0,0.005911072017624974
1785290908.9699006,0.0,0.0,0.006453407928347588
1785290908.9770296,0.0,0.0,0.0067225920502096415
1785290908.9841022,0.0,0.0,0.006687647895887494
1785290908.9909058,0.0,0.0,0.006418912205845118
1785290908.9977612,0.0,0.0,0.0063936959486454725
1785290909.0036569,0.0,0.0,0.0055265279952436686
1785290909.01012,0.0,0.0,0.006075615994632244
1785290909.0151372,0.0,0.0,0.004635872086510062
1785290909.0218751,0.0,0.0,0.006359488004818559
1785290909.028679,0.0,0.0,0.006401376100257039
1785290909.0344052,0.0,0.0,0.005352255888283253
1785290909.0395615,0.0,0.0,0.004781055962666869
1785290909.0448215,0.0,0.0,0.004880127962678671
1785290909.0498443,0.0,0.0,0.0046574079897254705
1785290909.0550478,0.0,0.0,0.004835039842873812
1785290909.062758,0.0,0.0,0.007096576038748026
1785290909.0678046,0.0,0.0,0.004681183956563473
1785290909.072977,0.0,0.0,0.004814239917322993
1785290909.078325,0.0,0.0,0.004989183973520994
1785290909.0835772,0.0,0.0,0.004883872112259269
1785290909.0888252,0.0,0.0,0.004880160093307495
1785290909.0940304,0.0,0.0,0.0048361599911004305
1785290909.0992527,0.0,0.0,0.004852384096011519
1785290909.1044893,0.0,0.0,0.004868511809036136
1785290909.1095467,0.0,0.0,0.004685727879405022
1785290909.1155062,0.0,0.0,0.005575231974944472
1785290909.122436,0.0,0.0,0.006543071940541267
1785290909.127392,0.0,0.0,0.004574272083118558
1785290909.1322966,0.0,0.0,0.004527103854343295
1785290909.1390483,0.0,0.0,0.006367583991959691
1785290909.1458645,0.0,0.0,0.0064196481835097075
1785290909.1526148,0.0,0.0,0.006385983899235725
1785290909.1594577,0.0,0.0,0.0064333120826631784
1785290909.1654217,0.0,0.0,0.005590240005403757
1785290909.171068,0.0,0.0,0.005274975905194879
1785290909.1775293,0.0,0.0,0.006057823775336146
1785290909.1827352,0.0,0.0,0.0048283839132636786
1785290909.1888542,0.0,0.0,0.005757887847721577
1785290909.1961067,0.0,0.0,0.006890240125358105
1785290909.2037172,0.0,0.0,0.007250528084114194
1785290909.2113717,0.0,0.0,0.007276768097653985
1785290909.2193575,0.0,0.0,0.00760847982019186
1785290909.2265685,0.0,0.0,0.006843487964943051
1785290909.2347698,0.0,0.0,0.007838272023946047
1785290909.2424014,0.0,0.0,0.007260000100359321
1785290909.2502658,0.0,0.0,0.0074941120110452175
1785290909.258118,0.0,0.0,0.0074734080117195845
1785290909.2654116,0.0,0.0,0.0069087038282305
1785290909.2732537,0.0,0.0,0.0074706238228827715
1785290909.2809465,0.0,0.0,0.007286911830306053
1785290909.2898376,0.0,0.0,0.008514976128935814
1785290909.2974665,0.0,0.0,0.007259679958224297
1785290909.305036,0.0,0.0,0.007200127933174372
1785290909.3126624,0.0,0.0,0.0072461438830941916
1785290909.3201752,0.0,0.0,0.007139488123357296
1785290909.3277657,0.0,0.0,0.0072100479155778885
1785290909.3349295,0.0,0.0,0.006797631969675422
1785290909.3438501,0.0,0.0,0.008491168031468987
1785290909.3510861,0.0,0.0,0.006881695939227939
1785290909.3571444,0.0,0.0,0.005667359801009297
1785290909.3624363,0.0,0.0,0.004817120032384992
1785290909.368648,0.0,0.0,0.005844575818628073
1785290909.3748093,0.0,0.0,0.005768799921497703
1785290909.3808668,0.0,0.0,0.005704639945179224
1785290909.3881965,0.0,0.0,0.007012992165982723
1785290909.3970232,0.0,0.0,0.008505536010488868
1785290909.404246,0.0,0.0,0.006820767885074019
1785290909.4109364,0.0,0.0,0.006310208002105355
1785290909.417572,0.0,0.0,0.00623584003187716
1785290909.4242406,0.0,0.0,0.00631219195201993
1785290909.430962,0.0,0.0,0.006381792016327381
1785290909.437951,0.0,0.0,0.006609888048842549
1785290909.4449072,0.0,0.0,0.0065997440833598375
1785290909.4528327,0.0,0.0,0.007379136048257351
1785290909.457647,0.0,0.0,0.004424735903739929
1785290909.462414,0.0,0.0,0.00437606405466795
1785290909.4672768,0.0,0.0,0.0044900160282850266
1785290909.4720829,0.0,0.0,0.00443615997210145
1785290909.477007,0.0,0.0,0.004560128087177873
1785290909.4822233,0.0,0.0,0.0048392959870398045
1785290909.487549,0.0,0.0,0.004954431904479861
1785290909.492755,0.0,0.0,0.004828767850995064
1785290909.498028,0.0,0.0,0.004900831962004304
1785290909.5036912,0.0,0.0,0.005265888059511781
1785290909.5105367,0.0,0.0,0.006194944027811289
1785290909.5154593,0.0,0.0,0.004492127802222967
1785290909.5210931,0.0,0.0,0.005235424032434821
1785290909.526235,0.0,0.0,0.004691903945058584
1785290909.5312722,0.0,0.0,0.004604991991072893
1785290909.536581,0.0,0.0,0.004920480074360967
1785290909.541617,0.0,0.0,0.004655839875340462
1785290909.546513,0.0,0.0,0.004528447985649109
1785290909.5517447,0.0,0.0,0.004862111993134022
1785290909.5566304,0.0,0.0,0.004520192043855786
1785290909.5635397,0.0,0.0,0.006535520078614354
1785290909.5707927,0.0,0.0,0.004830080084502697
1785290909.5757835,0.0,0.0,0.004530944162979722
1785290909.5808697,0.0,0.0,0.004699136130511761
1785290909.5859816,0.0,0.0,0.004735392052680254
1785290909.59134,0.0,0.0,0.0049787519965320826
1785290909.5964277,0.0,0.0,0.004712159978225827
1785290909.6012833,0.0,0.0,0.004491007886826992
1785290909.606551,0.0,0.0,0.00489708804525435
1785290909.611433,0.0,0.0,0.004509440157562494
1785290909.6183033,0.0,0.0,0.0064923521131277084
1785290909.625892,0.0,0.0,0.0069372160360217094
1785290909.6308732,0.0,0.0,0.0045355199836194515
1785290909.6360278,0.0,0.0,0.004732383880764246
1785290909.6411014,0.0,0.0,0.004694912116974592
1785290909.6461763,0.0,0.0,0.004660831997171044
1785290909.6513653,0.0,0.0,0.004805055912584066
1785290909.6564353,0.0,0.0,0.004700447898358107
1785290909.661551,0.0,0.0,0.004745024023577571
1785290909.6664443,0.0,0.0,0.004527072189375758
1785290909.6723719,0.0,0.0,0.005564384162425995
1785290909.6805563,0.0,0.0,0.0075002561789005995
1785290909.6857755,0.0,0.0,0.004772447980940342
1785290909.6910512,0.0,0.0,0.004888192052021623
1785290909.6962135,0.0,0.0,0.004701439989730716
1785290909.701132,0.0,0.0,0.00454166391864419
1785290909.706281,0.0,0.0,0.004765599966049194
1785290909.711567,0.0,0.0,0.004916704026982188
1785290909.7166276,0.0,0.0,0.004682015860453248
1785290909.721821,0.0,0.0,0.004827616037800908
1785290909.7267332,0.0,0.0,0.004548416007310152
1785290909.7354965,0.0,0.0,0.008399968035519123
1785290909.740897,0.0,0.0,0.004962240112945437
1785290909.7458062,0.0,0.0,0.0045076480600982904
1785290909.75113,0.0,0.0,0.0049414720851928
1785290909.7562346,0.0,0.0,0.004721535835415125
1785290909.761142,0.0,0.0,0.004530880134552717
1785290909.7664635,0.0,0.0,0.004938655998557806
1785290909.7715263,0.0,0.0,0.004671487957239151
1785290909.776612,0.0,0.0,0.004707520129159093
1785290909.781982,0.0,0.0,0.004975807853043079
1785290909.7891276,0.0,0.0,0.006763519952073693
1785290909.7959561,0.0,0.0,0.004631584044545889
1785290909.8012633,0.0,0.0,0.0048947520554065704
1785290909.8061233,0.0,0.0,0.004478303948417306
1785290909.8132992,0.0,0.0,0.006789631908759475
1785290909.8195255,0.0,0.0,0.005770175950601697
1785290909.8265195,0.0,0.0,0.006584736052900553
1785290909.833436,0.0,0.0,0.006517343921586871
1785290909.8413117,0.0,0.0,0.007411552127450705
1785290909.8505762,0.0,0.0,0.00860048015601933
1785290909.8582687,0.0,0.0,0.007253439864143729
1785290909.8658795,0.0,0.0,0.007216128055006266
1785290909.8731363,0.0,0.0,0.00686457590200007
1785290909.8808248,0.0,0.0,0.00730556808412075
1785290909.888915,0.0,0.0,0.0077035201247781515
1785290909.896119,0.0,0.0,0.006828511832281947
1785290909.9044325,0.0,0.0,0.007935296045616269
1785290909.9092977,0.0,0.0,0.004431776003912091
1785290909.9140706,0.0,0.0,0.004388415953144431
1785290909.9188247,0.0,0.0,0.004365663975477219
1785290909.923642,0.0,0.0,0.004399456083774567
1785290909.928231,0.0,0.0,0.004226303892210126
1785290909.9327548,0.0,0.0,0.004238815978169441
1785290909.9373064,0.0,0.0,0.0042513280641287565
1785290909.941924,0.0,0.0,0.004266432020813227
1785290909.946478,0.0,0.0,0.004245823947712779
1785290909.9514716,0.0,0.0,0.004689088091254234
1785290909.9569087,0.0,0.0,0.005126303993165493
1785290909.9638438,0.0,0.0,0.006045792018994689
1785290909.9685335,0.0,0.0,0.004274656064808369
1785290909.973117,0.0,0.0,0.004252032143995166
1785290909.9781575,0.0,0.0,0.004732543835416436
1785290909.983386,0.0,0.0,0.0049118720926344395
1785290909.9887404,0.0,0.0,0.00504153617657721
1785290909.9937794,0.0,0.0,0.004726815968751907
1785290909.9988751,0.0,0.0,0.004779711831361055
1785290910.003931,0.0,0.0,0.004716895986348391
1785290910.0098624,0.0,0.0,0.005617951974272728
1785290910.01632,0.0,0.0,0.005877504125237465
1785290910.0208046,0.0,0.0,0.004089120076969266
1785290910.0255759,0.0,0.0,0.004448703955858946
1785290910.031557,0.0,0.0,0.005661216098815203
1785290910.0374568,0.0,0.0,0.005589183885604143
1785290910.0434709,0.0,0.0,0.005711744073778391
1785290910.0494776,0.0,0.0,0.005696160020306706
1785290910.055438,0.0,0.0,0.005662463838234544
1785290910.0613613,0.0,0.0,0.005625344114378095
1785290910.0677178,0.0,0.0,0.006054752040654421
1785290910.074714,0.0,0.0,0.0066116799134761095
1785290910.079293,0.0,0.0,0.004261567955836654
1785290910.0837898,0.0,0.0,0.004183296114206314
1785290910.0883183,0.0,0.0,0.004224064061418176
1785290910.0931408,0.0,0.0,0.004511872073635459
1785290910.0982795,0.0,0.0,0.0048241280019283295
1785290910.1034617,0.0,0.0,0.004871231969445944
1785290910.1085353,0.0,0.0,0.0047514240723103285
1785290910.1137264,0.0,0.0,0.00488096009939909
1785290910.1187575,0.0,0.0,0.004723423859104514
1785290910.1245086,0.0,0.0,0.005452736048027873
1785290910.1309674,0.0,0.0,0.005884511861950159
1785290910.1356676,0.0,0.0,0.004264032002538443
1785290910.1412838,0.0,0.0,0.005285728024318814
1785290910.1463873,0.0,0.0,0.004786367993801832
1785290910.1515524,0.0,0.0,0.004848448093980551
1785290910.1563916,0.0,0.0,0.0045247680973261595
1785290910.1615336,0.0,0.0,0.004825663985684514
1785290910.166529,0.0,0.0,0.004686207976192236
1785290910.1716793,0.0,0.0,0.004842303926125169
1785290910.1767647,0.0,0.0,0.004727903986349702
1785290910.1847804,0.0,0.0,0.007164639886468649
1785290910.1894784,0.0,0.0,0.004298079991713166
1785290910.194025,0.0,0.0,0.004230239894241095
1785290910.1990204,0.0,0.0,0.00467705586925149
1785290910.2041795,0.0,0.0,0.004802176030352712
1785290910.2092226,0.0,0.0,0.004732192028313875
1785290910.2144227,0.0,0.0,0.00489753601141274
1785290910.219491,0.0,0.0,0.004759903997182846
1785290910.2247353,0.0,0.0,0.004932831972837448
1785290910.2297688,0.0,0.0,0.0047245759051293135
1785290910.2350109,0.0,0.0,0.00494281598366797
1785290910.2416165,0.0,0.0,0.006011136109009385
1785290910.246316,0.0,0.0,0.004297632025554776
1785290910.2514763,0.0,0.0,0.004830464022234082
1785290910.2565932,0.0,0.0,0.004799776012077928
1785290910.2614129,0.0,0.0,0.00451014400459826
1785290910.2667115,0.0,0.0,0.0049714879132807255
1785290910.271944,0.0,0.0,0.004774304106831551
1785290910.277079,0.0,0.0,0.004730144049972296
1785290910.2820983,0.0,0.0,0.004634815966710448
1785290910.2873456,0.0,0.0,0.004848959855735302
1785290910.2938046,0.0,0.0,0.006066560046747327
1785290910.3011057,0.0,0.0,0.0065737280528992414
1785290910.3063078,0.0,0.0,0.004758847877383232
1785290910.311696,0.0,0.0,0.005008895881474018
1785290910.3166182,0.0,0.0,0.0045578558929264545
1785290910.3218768,0.0,0.0,0.004893407924100757
1785290910.3269691,0.0,0.0,0.004728160100057721
1785290910.3321133,0.0,0.0,0.004709919914603233
1785290910.3372078,0.0,0.0,0.004724063910543919
1785290910.3422947,0.0,0.0,0.004727840190753341
1785290910.348125,0.0,0.0,0.005438784137368202
1785290910.3547716,0.0,0.0,0.006126207998022437
1785290910.3601313,0.0,0.0,0.004944415995851159
1785290910.3652558,0.0,0.0,0.004745983984321356
1785290910.3701952,0.0,0.0,0.004570463905110955
1785290910.3755002,0.0,0.0,0.004941888153553009
1785290910.3805969,0.0,0.0,0.004727168008685112
1785290910.385702,0.0,0.0,0.004735039779916406
1785290910.39079,0.0,0.0,0.004725440172478557
1785290910.3959992,0.0,0.0,0.004807904129847884
1785290910.401089,0.0,0.0,0.004717888077721
1785290910.4072857,0.0,0.0,0.005838592071086168
1785290910.4143772,0.0,0.0,0.006383712170645595
1785290910.4195693,0.0,0.0,0.004752575885504484
1785290910.4248333,0.0,0.0,0.004897183971479535
1785290910.4297674,0.0,0.0,0.004565088078379631
1785290910.4348881,0.0,0.0,0.0047514240723103285
1785290910.4402869,0.0,0.0,0.00498336018063128
1785290910.445259,0.0,0.0,0.0046103037893772125
1785290910.4505372,0.0,0.0,0.00491072004660964
1785290910.4556472,0.0,0.0,0.0047502401284873486
1785290910.4615583,0.0,0.0,0.005546400090679526
1785290910.469122,0.0,0.0,0.0070879359263926744
1785290910.4743185,0.0,0.0,0.004766847938299179
1785290910.4794295,0.0,0.0,0.004730751970782876
1785290910.4843488,0.0,0.0,0.0045494078658521175
1785290910.4896736,0.0,0.0,0.004920031875371933
1785290910.4948769,0.0,0.0,0.004829152021557093
1785290910.5000203,0.0,0.0,0.004719743970781565
1785290910.5052135,0.0,0.0,0.004828352015465498
1785290910.5103588,0.0,0.0,0.004758848110213876
1785290910.5153823,0.0,0.0,0.0046440958976745605
1785290910.5240333,0.0,0.0,0.008288800017908216
1785290910.5291047,0.0,0.0,0.004644768079742789
1785290910.534295,0.0,0.0,0.004800031892955303
1785290910.539644,0.0,0.0,0.00497036799788475
1785290910.5447922,0.0,0.0,0.0047855679877102375
1785290910.5496798,0.0,0.0,0.004535903921350837
1785290910.5549886,0.0,0.0,0.004936640150845051
1785290910.5599487,0.0,0.0,0.004560064058750868
1785290910.5652792,0.0,0.0,0.004958752077072859
1785290910.5704355,0.0,0.0,0.004785503959283233
1785290910.577426,0.0,0.0,0.006610368145629764
1785290910.5847094,0.0,0.0,0.004851007834076881
1785290910.5898905,0.0,0.0,0.004757088143378496
1785290910.595066,0.0,0.0,0.004779551876708865
1785290910.600099,0.0,0.0,0.004600576125085354
1785290910.6052547,0.0,0.0,0.004768095910549164
1785290910.6105776,0.0,0.0,0.004940320039168
1785290910.6157107,0.0,0.0,0.004764448152855039
1785290910.6206367,0.0,0.0,0.004561887821182609
1785290910.6260304,0.0,0.0,0.005019263830035925
1785290910.6324675,0.0,0.0,0.0060418881475925446
1785290910.6401668,0.0,0.0,0.00703980796970427
1785290910.6453667,0.0,0.0,0.004745312035083771
1785290910.650527,0.0,0.0,0.004763007862493396
1785290910.6556787,0.0,0.0,0.004774239845573902
1785290910.6608074,0.0,0.0,0.004754048073664308
1785290910.665885,0.0,0.0,0.004698368022218347
1785290910.6708033,0.0,0.0,0.004547935910522938
1785290910.676136,0.0,0.0,0.004931967938318849
1785290910.681272,0.0,0.0,0.004762879805639386
1785290910.6874323,0.0,0.0,0.005787583999335766
1785290910.695335,0.0,0.0,0.007251136004924774
1785290910.7005398,0.0,0.0,0.004755808040499687
1785290910.7057393,0.0,0.0,0.004799583926796913
1785290910.7110868,0.0,0.0,0.004965888103470206
1785290910.7162561,0.0,0.0,0.00476406398229301
1785290910.7214353,0.0,0.0,0.0048025918658822775
1785290910.7263741,0.0,0.0,0.004567167954519391
1785290910.7315567,0.0,0.0,0.004808672005310655
1785290910.7368538,0.0,0.0,0.004936031997203827
1785290910.7425945,0.0,0.0,0.005368383834138513
1785290910.7503893,0.0,0.0,0.007251680130138993
1785290910.7556434,0.0,0.0,0.004819359863176942
1785290910.7608373,0.0,0.0,0.004798687994480133
1785290910.7658224,0.0,0.0,0.004606432048603892
1785290910.7709715,0.0,0.0,0.004768319893628359
1785290910.7763953,0.0,0.0,0.004980736179277301
1785290910.7815645,0.0,0.0,0.004780863877385855
1785290910.7865129,0.0,0.0,0.004578015999868512
1785290910.7917247,0.0,0.0,0.004837280139327049
1785290910.7971618,0.0,0.0,0.005073568085208535
1785290910.8060422,0.0,0.0,0.00776620814576745
1785290910.8113353,0.0,0.0,0.004860319895669818
1785290910.8164907,0.0,0.0,0.00475001591257751
1785290910.8210385,0.0,0.0,0.004081951919943094
1785290910.826876,0.0,0.0,0.005423967959359288
1785290910.835399,0.0,0.0,0.008094304008409381
1785290910.8401039,0.0,0.0,0.004369056085124612
1785290910.8461473,0.0,0.0,0.0057169601786881685
1785290910.8521955,0.0,0.0,0.005720576038584113
1785290910.8585677,0.0,0.0,0.006050816038623452
1785290910.8646553,0.0,0.0,0.005764159839600325
1785290910.8689096,0.0,0.0,0.00392844807356596
1785290910.8732872,0.0,0.0,0.004058975959196687
1785290910.8776639,0.0,0.0,0.004076319979503751
1785290910.8820567,0.0,0.0,0.0040750401094555855
1785290910.886441,0.0,0.0,0.004057760117575526
1785290910.8912916,0.0,0.0,0.004538175882771611
1785290910.896539,0.0,0.0,0.004931840114295483
1785290910.9029045,0.0,0.0,0.006060704123228788
1785290910.9092603,0.0,0.0,0.006019647931680083
1785290910.9179285,0.0,0.0,0.00831769616343081
1785290910.9244583,0.0,0.0,0.00611657602712512
1785290910.930853,0.0,0.0,0.006064448039978743
1785290910.9372792,0.0,0.0,0.006062336033210158
1785290910.9437892,0.0,0.0,0.0061959680169820786
1785290910.948352,0.0,0.0,0.004254624014720321
1785290910.9529326,0.0,0.0,0.0042344320099800825
1785290910.9575856,0.0,0.0,0.004304544068872929
1785290910.9621463,0.0,0.0,0.004234944004565477
1785290910.967211,0.0,0.0,0.00473286397755146
1785290910.9739761,0.0,0.0,0.0062395199202001095
1785290910.9790015,0.0,0.0,0.0046266240533441305
1785290910.9835942,0.0,0.0,0.0041804800275713205
1785290910.9884307,0.0,0.0,0.0045070399064570665
1785290910.9933302,0.0,0.0,0.0045847040601074696
1785290910.9983594,0.0,0.0,0.0047073280438780785
1785290911.003666,0.0,0.0,0.0049785280134528875
1785290911.0086546,0.0,0.0,0.004593952093273401
1785290911.0137026,0.0,0.0,0.004710528068244457
1785290911.0185728,0.0,0.0,0.004545951960608363
1785290911.0247757,0.0,0.0,0.005891615990549326
1785290911.0324903,0.0,0.0,0.007094144122675061
1785290911.0371885,0.0,0.0,0.004275232087820768
1785290911.0420463,0.0,0.0,0.004500671988353133
1785290911.0467532,0.0,0.0,0.004362271865829825
1785290911.0520122,0.0,0.0,0.004876191960647702
1785290911.0569723,0.0,0.0,0.004633152158930898
1785290911.061968,0.0,0.0,0.004671423928812146
1785290911.0670044,0.0,0.0,0.00470134406350553
1785290911.0720456,0.0,0.0,0.004650559974834323
1785290911.077223,0.0,0.0,0.004845824092626572
1785290911.0835528,0.0,0.0,0.005989183904603124
1785290911.0908246,0.0,0.0,0.004718560026958585
1785290911.0957355,0.0,0.0,0.004416735842823982
1785290911.100451,0.0,0.0,0.004367936169728637
1785290911.1053934,0.0,0.0,0.004611871903762221
1785290911.1104052,0.0,0.0,0.004675616044551134
1785290911.1153946,0.0,0.0,0.004668192006647587
1785290911.1203966,0.0,0.0,0.004678752040490508
1785290911.125395,0.0,0.0,0.004677888005971909
1785290911.1303933,0.0,0.0,0.004682367900386453
1785290911.1363974,0.0,0.0,0.005676032043993473
1785290911.1444883,0.0,0.0,0.007525631925091147
1785290911.1493928,0.0,0.0,0.004486623918637633
1785290911.1541564,0.0,0.0,0.0044055359903723
1785290911.1589227,0.0,0.0,0.0044240320567041636
1785290911.163612,0.0,0.0,0.004323296016082168
1785290911.1684783,0.0,0.0,0.004533600062131882
1785290911.1734908,0.0,0.0,0.0046913279220461845
1785290911.1784923,0.0,0.0,0.004682240076363087
1785290911.1834838,0.0,0.0,0.004671551985666156
1785290911.1886795,0.0,0.0,0.004831455880776048
1785290911.194479,0.0,0.0,0.005378399975597858
1785290911.2016497,0.0,0.0,0.006620479980483651
1785290911.2064552,0.0,0.0,0.004386239917948842
1785290911.2112114,0.0,0.0,0.004408736014738679
1785290911.215897,0.0,0.0,0.00434710388071835
1785290911.2207987,0.0,0.0,0.0045754879247397184
1785290911.2259207,0.0,0.0,0.004782624077051878
1785290911.2308629,0.0,0.0,0.00461551989428699
1785290911.237092,0.0,0.0,0.005846400046721101
1785290911.2438192,0.0,0.0,0.006425600033253431
1785290911.2512746,0.0,0.0,0.007149983895942569
1785290911.2576208,0.0,0.0,0.005970112048089504
1785290911.2626565,0.0,0.0,0.0047014078591018915
1785290911.2689576,0.0,0.0,0.005971327889710665
1785290911.2749767,0.0,0.0,0.005679807858541608
1785290911.2810178,0.0,0.0,0.005680736154317856
1785290911.2869992,0.0,0.0,0.005652447929605842
1785290911.2929838,0.0,0.0,0.0056356159038841724
1785290911.3001108,0.0,0.0,0.006809888174757361
1785290911.3079083,0.0,0.0,0.007462783949449658
1785290911.3164887,0.0,0.0,0.008163936203345656
1785290911.3229458,0.0,0.0,0.006114752031862736
1785290911.3302736,0.0,0.0,0.006957120029255748
1785290911.3375096,0.0,0.0,0.006902207853272557
1785290911.3448627,0.0,0.0,0.007021344034001231
1785290911.3521526,0.0,0.0,0.006966016022488475
1785290911.3594952,0.0,0.0,0.007005952065810561
1785290911.3693402,0.0,0.0,0.009507743874564767
1785290911.374084,0.0,0.0,0.0044122240506112576
1785290911.3798356,0.0,0.0,0.005429568002000451
1785290911.38583,0.0,0.0,0.005671328166499734
1785290911.3918195,0.0,0.0,0.005664383992552757
1785290911.3978548,0.0,0.0,0.005699711851775646
1785290911.4038746,0.0,0.0,0.005693504121154547
1785290911.409834,0.0,0.0,0.005636767949908972
1785290911.4158351,0.0,0.0,0.005680128000676632
1785290911.423612,0.0,0.0,0.007442080182954669
1785290911.4287724,0.0,0.0,0.004831359954550862
1785290911.4347079,0.0,0.0,0.0056153282057493925
1785290911.4394064,0.0,0.0,0.00437401607632637
1785290911.4440143,0.0,0.0,0.004278687993064523
1785290911.4485831,0.0,0.0,0.004236991982907057
1785290911.4535978,0.0,0.0,0.004681824008002877
1785290911.458712,0.0,0.0,0.004786080215126276
1785290911.4638095,0.0,0.0,0.0047768959775567055
1785290911.4689982,0.0,0.0,0.004865375813096762
1785290911.4750106,0.0,0.0,0.005677120061591268
1785290911.4812288,0.0,0.0,0.005614784080535173
1785290911.4861734,0.0,0.0,0.004512863932177424
1785290911.4912927,0.0,0.0,0.004785888129845262
1785290911.4962933,0.0,0.0,0.0046400639694184065
1785290911.5014858,0.0,0.0,0.004856768064200878
1785290911.5064957,0.0,0.0,0.004664767999202013
1785290911.5116901,0.0,0.0,0.004870559787377715
1785290911.516365,0.0,0.0,0.004352031974121928
1785290911.5215704,0.0,0.0,0.004881599918007851
1785290911.526981,0.0,0.0,0.005078752059489489
1785290911.53362,0.0,0.0,0.006284736096858978
1785290911.5399086,0.0,0.0,0.00588115188293159
1785290911.545992,0.0,0.0,0.005722015863284469
1785290911.552041,0.0,0.0,0.005717695923522115
1785290911.5580685,0.0,0.0,0.005691007943823934
1785290911.5640843,0.0,0.0,0.005679968046024442
1785290911.5700543,0.0,0.0,0.005636000074446201
1785290911.576111,0.0,0.0,0.005721247987821698
1785290911.5821943,0.0,0.0,0.005717216059565544
1785290911.5919304,0.0,0.0,0.009396288078278303
1785290911.596448,0.0,0.0,0.004143520025536418
1785290911.6008859,0.0,0.0,0.004071136005222797
1785290911.6053739,0.0,0.0,0.004129407927393913
1785290911.6097775,0.0,0.0,0.0040363839361816645
1785290911.6140025,0.0,0.0,0.003878431860357523
1785290911.6185083,0.0,0.0,0.004149087937548757
1785290911.6228561,0.0,0.0,0.003996224142611027
1785290911.6270628,0.0,0.0,0.0038388159591704607
1785290911.6314101,0.0,0.0,0.003928127931430936
1785290911.6358554,0.0,0.0,0.0041040959767997265
1785290911.6406176,0.0,0.0,0.004417887888848782
1785290911.6456373,0.0,0.0,0.004438943928107619
1785290911.651481,0.0,0.0,0.005416255909949541
1785290911.656037,0.0,0.0,0.004182016011327505
1785290911.6606636,0.0,0.0,0.004278399981558323
1785290911.6654475,0.0,0.0,0.004437728086486459
1785290911.670138,0.0,0.0,0.004338016035035253
1785290911.6748939,0.0,0.0,0.0044135041534900665
1785290911.6795163,0.0,0.0,0.004242944065481424
1785290911.683921,0.0,0.0,0.004060768056660891
1785290911.6886797,0.0,0.0,0.00441766413860023
1785290911.6930125,0.0,0.0,0.003991135861724615
1785290911.6979983,0.0,0.0,0.004643584135919809
1785290911.7026563,0.0,0.0,0.004034303827211261
1785290911.7086506,0.0,0.0,0.004061696119606495
1785290911.7131755,0.0,0.0,0.004146591993048787
1785290911.7175453,0.0,0.0,0.004026880022138357
1785290911.7224212,0.0,0.0,0.004541248083114624
1785290911.727032,0.0,0.0,0.004267487907782197
1785290911.7315502,0.0,0.0,0.004166015889495611
1785290911.7360265,0.0,0.0,0.004131616093218327
1785290911.7403626,0.0,0.0,0.003997888183221221
1785290911.7450626,0.0,0.0,0.004355903947725892
1785290911.749438,0.0,0.0,0.004001119872555137
1785290911.7545056,0.0,0.0,0.004726048093289137
1785290911.7592592,0.0,0.0,0.004329503979533911
1785290911.7663174,0.0,0.0,0.004246880067512393
1785290911.770599,0.0,0.0,0.003896063892170787
1785290911.7749534,0.0,0.0,0.004004735965281725
1785290911.7796984,0.0,0.0,0.004149151965975761
1785290911.7843955,0.0,0.0,0.004343103850260377
1785290911.788681,0.0,0.0,0.003936863970011473
1785290911.7933176,0.0,0.0,0.0042900159023702145
1785290911.7978847,0.0,0.0,0.0042194880079478025
1785290911.8022792,0.0,0.0,0.004056480014696717
1785290911.8069377,0.0,0.0,0.004323424072936177
1785290911.8121448,0.0,0.0,0.004821087932214141
1785290911.818166,0.0,0.0,0.005604863865301013
1785290911.8226318,0.0,0.0,0.0041047679260373116
1785290911.8273408,0.0,0.0,0.004360319813713431
1785290911.831827,0.0,0.0,0.0041356161236763
1785290911.8367674,0.0,0.0,0.004594943951815367
1785290911.841554,0.0,0.0,0.004433088004589081
1785290911.8460815,0.0,0.0,0.0041730881202965975
1785290911.8509681,0.0,0.0,0.00453779217787087
1785290911.8556526,0.0,0.0,0.004290879936888814
1785290911.8618143,0.0,0.0,0.005815551849082112
1785290911.8668246,0.0,0.0,0.0046695678029209375
1785290911.8745105,0.0,0.0,0.007180608110502362
1785290911.8791559,0.0,0.0,0.004234112100675702
1785290911.8836067,0.0,0.0,0.004084224114194512
1785290911.8877878,0.0,0.0,0.0038304640911519527
1785290911.8921015,0.0,0.0,0.003972928039729595
1785290911.8970323,0.0,0.0,0.004581728018820286
1785290911.9014914,0.0,0.0,0.0041059518698602915
1785290911.9063706,0.0,0.0,0.004529088037088513
1785290911.9111762,0.0,0.0,0.004454559879377484
1785290911.9158733,0.0,0.0,0.004352448042482138
1785290911.9203076,0.0,0.0,0.00409286399371922
1785290911.9261367,0.0,0.0,0.005482912063598633
1785290911.9329495,0.0,0.0,0.006199968047440052
1785290911.9374595,0.0,0.0,0.004063584143295884
1785290911.941678,0.0,0.0,0.0038653439842164516
1785290911.9458623,0.0,0.0,0.0038203841540962458
1785290911.950387,0.0,0.0,0.004124192055314779
1785290911.9549456,0.0,0.0,0.004195936024188995
1785290911.959212,0.0,0.0,0.003865760052576661
1785290911.9641132,0.0,0.0,0.00455436808988452
1785290911.9688058,0.0,0.0,0.004342240048572421
1785290911.973568,0.0,0.0,0.004419775912538171
1785290911.9786,0.0,0.0,0.004682976054027677
1785290911.9842296,0.0,0.0,0.0045827841386199
1785290911.990079,0.0,0.0,0.003949376055970788
1785290911.994665,0.0,0.0,0.004218719899654388
1785290911.999063,0.0,0.0,0.004023968009278178
1785290912.0040038,0.0,0.0,0.004557792097330093
1785290912.008746,0.0,0.0,0.004404255887493491
1785290912.0134542,0.0,0.0,0.004365888191387057
1785290912.0178492,0.0,0.0,0.004052256001159549
1785290912.0227149,0.0,0.0,0.004521568072959781
1785290912.027332,0.0,0.0,0.004264128161594272
1785290912.0317135,0.0,0.0,0.004047423833981156
1785290912.0374422,0.0,0.0,0.005384895950555801
1785290912.0446608,0.0,0.0,0.006857088068500161
1785290912.0514905,0.0,0.0,0.006477663991972804
1785290912.0583236,0.0,0.0,0.006482368102297187
1785290912.0651743,0.0,0.0,0.006506016012281179
1785290912.0720522,0.0,0.0,0.006526272045448422
1785290912.0786757,0.0,0.0,0.006276352098211646
1785290912.0855505,0.0,0.0,0.006522592157125473
1785290912.0923526,0.0,0.0,0.006450047949329019
1785290912.1004817,0.0,0.0,0.007774176076054573
1785290912.1073344,0.0,0.0,0.006506496109068394
1785290912.114129,0.0,0.0,0.006451423978433013
1785290912.1209643,0.0,0.0,0.006486015859991312
1785290912.127787,0.0,0.0,0.0064741759561002254
1785290912.134627,0.0,0.0,0.006482368102297187
1785290912.1414835,0.0,0.0,0.006505343830212951
1785290912.1484065,0.0,0.0,0.006566655822098255
1785290912.1564486,0.0,0.0,0.007689727935940027
1785290912.1629648,0.0,0.0,0.006174976006150246
1785290912.1700892,0.0,0.0,0.006749727996066213
1785290912.1760721,0.0,0.0,0.005623519886285067
1785290912.1804278,0.0,0.0,0.0039308478590101
1785290912.1864576,0.0,0.0,0.005641536088660359
1785290912.1934566,0.0,0.0,0.006624672096222639
1785290912.2012508,0.0,0.0,0.007423839997500181
1785290912.2095106,0.0,0.0,0.0077985599637031555
1785290912.2160764,0.0,0.0,0.006181183969601989
1785290912.2229125,0.0,0.0,0.006466015940532088
1785290912.2297268,0.0,0.0,0.006414239993318915
1785290912.236591,0.0,0.0,0.006506528006866574
1785290912.2437534,0.0,0.0,0.006800799863412976
1785290912.250558,0.0,0.0,0.0064489280339330435
1785290912.257401,0.0,0.0,0.0064907839987427
1785290912.2620132,0.0,0.0,0.0042340802028775215
1785290912.2675679,0.0,0.0,0.005182112101465464
1785290912.2738867,0.0,0.0,0.00597023987211287
1785290912.281226,0.0,0.0,0.0069695040583610535
1785290912.287728,0.0,0.0,0.006136992014944553
1785290912.2945101,0.0,0.0,0.006420192075893283
1785290912.3016238,0.0,0.0,0.006760800024494529
1785290912.3084655,0.0,0.0,0.006474624155089259
1785290912.315431,0.0,0.0,0.006566495867446065
1785290912.3232408,0.0,0.0,0.007436032174155116
1785290912.3300152,0.0,0.0,0.006418752018362284
1785290912.3367982,0.0,0.0,0.006429503904655576
1785290912.3439715,0.0,0.0,0.0068293120712041855
1785290912.3508077,0.0,0.0,0.006486591883003712
1785290912.3574176,0.0,0.0,0.006225312128663063
1785290912.3643093,0.0,0.0,0.006536287954077125
1785290912.3711522,0.0,0.0,0.006477984134107828
1785290912.3796046,0.0,0.0,0.0076113599352538586
1785290912.3864148,0.0,0.0,0.006465887883678079
1785290912.392955,0.0,0.0,0.006194303976371884
1785290912.400113,0.0,0.0,0.006810912163928151
1785290912.4069755,0.0,0.0,0.006515424000099301
1785290912.4138365,0.0,0.0,0.006478463998064399
1785290912.4203694,0.0,0.0,0.006169568048790097
1785290912.4272377,0.0,0.0,0.006518240086734295
1785290912.4340572,0.0,0.0,0.005952159874141216
1785290912.4384782,0.0,0.0,0.004086623899638653
1785290912.4448,0.0,0.0,0.005958368070423603
1785290912.451123,0.0,0.0,0.005938303889706731
1785290912.4554937,0.0,0.0,0.003998016007244587
1785290912.4598277,0.0,0.0,0.003962016198784113
1785290912.4642088,0.0,0.0,0.004024320049211383
1785290912.4684985,0.0,0.0,0.003932799911126494
1785290912.4727836,0.0,0.0,0.003925727913156152
1785290912.4769058,0.0,0.0,0.003761504078283906
1785290912.4817905,0.0,0.0,0.004522783914580941
1785290912.4901052,0.0,0.0,0.007927648024633527
1785290912.4969785,0.0,0.0,0.006432096008211374
1785290912.5037155,0.0,0.0,0.006347519811242819
1785290912.510482,0.0,0.0,0.006396416109055281
1785290912.5173104,0.0,0.0,0.006468384061008692
1785290912.5244627,0.0,0.0,0.00678614410571754
1785290912.5313945,0.0,0.0,0.006585279945284128
1785290912.5379076,0.0,0.0,0.006154943956062198
1785290912.5460305,0.0,0.0,0.007765375776216388
1785290912.5529256,0.0,0.0,0.006544000003486872
1785290912.5595498,0.0,0.0,0.00627001584507525
1785290912.5649457,0.0,0.0,0.00504627195186913
1785290912.569971,0.0,0.0,0.0046757119707763195
1785290912.5769165,0.0,0.0,0.006588000105693936
1785290912.5838928,0.0,0.0,0.006601983914151788
1785290912.591162,0.0,0.0,0.006826559780165553
1785290912.5978992,0.0,0.0,0.006359392078593373
1785290912.605236,0.0,0.0,0.00696684792637825
1785290912.6120613,0.0,0.0,0.006449119886383414
1785290912.618867,0.0,0.0,0.006444863975048065
1785290912.6257112,0.0,0.0,0.006464031990617514
1785290912.6328702,0.0,0.0,0.006801247829571366
1785290912.639848,0.0,0.0,0.00662176008336246
1785290912.6466372,0.0,0.0,0.006438591983169317
1785290912.654064,0.0,0.0,0.007074880180880427
1785290912.6611671,0.0,0.0,0.006722784135490656
1785290912.6679578,0.0,0.0,0.0064311998430639505
1785290912.6747386,0.0,0.0,0.006428383989259601
1785290912.6818728,0.0,0.0,0.006785056088119745
1785290912.688341,0.0,0.0,0.006125919986516237
1785290912.6952105,0.0,0.0,0.006523903924971819
1785290912.7020636,0.0,0.0,0.006497567985206842
1785290912.708868,0.0,0.0,0.006456959992647171
1785290912.7158923,0.0,0.0,0.006656192010268569
1785290912.7227137,0.0,0.0,0.006476543843746185
1785290912.7295141,0.0,0.0,0.006440160097554326
1785290912.7362967,0.0,0.0,0.0064336638897657394
1785290912.7434464,0.0,0.0,0.006799935828894377
1785290912.7503178,0.0,0.0,0.00651964801363647
1785290912.7574446,0.0,0.0,0.006776160094887018
1785290912.7643287,0.0,0.0,0.006529536098241806
1785290912.7707293,0.0,0.0,0.006034912075847387
1785290912.775187,0.0,0.0,0.004013888072222471
1785290912.779555,0.0,0.0,0.003979327855631709
1785290912.7838783,0.0,0.0,0.00394428800791502
1785290912.7881644,0.0,0.0,0.003914944129064679
1785290912.7924838,0.0,0.0,0.003937023924663663
1785290912.7968028,0.0,0.0,0.003943776013329625
1785290912.80095,0.0,0.0,0.003782720072194934
1785290912.8057585,0.0,0.0,0.004445888102054596
1785290912.8133357,0.0,0.0,0.007221440086141229
1785290912.8200684,0.0,0.0,0.006256223889067769
1785290912.8279893,0.0,0.0,0.007542303996160626
1785290912.8348396,0.0,0.0,0.006492288084700704
1785290912.8416924,0.0,0.0,0.006456287810578942
1785290912.8485167,0.0,0.0,0.006467839935794473
1785290912.8550177,0.0,0.0,0.006136575946584344
1785290912.859805,0.0,0.0,0.004394080024212599
1785290912.8645751,0.0,0.0,0.004392863949760795
1785290912.8691835,0.0,0.0,0.004221728071570396
1785290912.8739026,0.0,0.0,0.004313023993745446
1785290912.8788333,0.0,0.0,0.004545503994449973
1785290912.8873298,0.0,0.0,0.008077055914327502
1785290912.891969,0.0,0.0,0.004260479938238859
1785290912.8966122,0.0,0.0,0.004266176139935851
1785290912.901228,0.0,0.0,0.004232543986290693
1785290912.9058,0.0,0.0,0.004190464038401842
1785290912.9105725,0.0,0.0,0.004398368066176772
1785290912.9154096,0.0,0.0,0.004462431883439422
1785290912.919981,0.0,0.0,0.004191807936877012
1785290912.9248571,0.0,0.0,0.004486911930143833
1785290912.929601,0.0,0.0,0.0043578241020441055
1785290912.9343488,0.0,0.0,0.004363680025562644
1785290912.9402974,0.0,0.0,0.005559520097449422
1785290912.9448807,0.0,0.0,0.004223328083753586
1785290912.9497447,0.0,0.0,0.0044866560492664576
1785290912.954537,0.0,0.0,0.004372288007289171
1785290912.9593165,0.0,0.0,0.00438908813521266
1785290912.963921,0.0,0.0,0.004228191915899515
1785290912.968699,0.0,0.0,0.004404831910505891
1785290912.97344,0.0,0.0,0.004350336035713553
1785290912.978186,0.0,0.0,0.004359168000519276
1785290912.9828112,0.0,0.0,0.004232031991705298
1785290912.987461,0.0,0.0,0.004243456060066819
1785290912.9921687,0.0,0.0,0.004324223846197128
1785290912.9978697,0.0,0.0,0.005321152042597532
1785290913.0027497,0.0,0.0,0.00451075192540884
1785290913.007561,0.0,0.0,0.004402911989018321
1785290913.0121462,0.0,0.0,0.004206272074952722
1785290913.0166943,0.0,0.0,0.0041700799483805895
1785290913.0214295,0.0,0.0,0.004361632047221065
1785290913.0259328,0.0,0.0,0.004131200024858117
1785290913.030655,0.0,0.0,0.004317824030295014
1785290913.035238,0.0,0.0,0.00419616000726819
1785290913.040121,0.0,0.0,0.004507775884121656
1785290913.044867,0.0,0.0,0.004359424114227295
1785290913.0496926,0.0,0.0,0.0044407041277736425
1785290913.056088,0.0,0.0,0.006010815966874361
1785290913.0606916,0.0,0.0,0.004209375940263271
1785290913.065416,0.0,0.0,0.004351552110165358
1785290913.0701528,0.0,0.0,0.004362880019471049
1785290913.0749617,0.0,0.0,0.004423680016770959
1785290913.079649,0.0,0.0,0.00425871997140348
1785290913.0844815,0.0,0.0,0.00444902409799397
1785290913.0891442,0.0,0.0,0.004287648014724255
1785290913.093712,0.0,0.0,0.00418521580286324
1785290913.0985847,0.0,0.0,0.004486975958570838
1785290913.1037085,0.0,0.0,0.004731359891593456
1785290913.1099718,0.0,0.0,0.005878400057554245
1785290913.1145918,0.0,0.0,0.0042527359910309315
1785290913.119225,0.0,0.0,0.004256704123690724
1785290913.1237857,0.0,0.0,0.004181248135864735
1785290913.1285381,0.0,0.0,0.004365920089185238
1785290913.1333325,0.0,0.0,0.004410207970067859
1785290913.1380649,0.0,0.0,0.004345856141299009
1785290913.1427128,0.0,0.0,0.004256928106769919
1785290913.1475494,0.0,0.0,0.0044576318468898535
1785290913.152366,0.0,0.0,0.004437952069565654
1785290913.1569986,0.0,0.0,0.004250335972756147
1785290913.1619146,0.0,0.0,0.0045288000255823135
1785290913.168266,0.0,0.0,0.005961568094789982
1785290913.1729195,0.0,0.0,0.004261888097971678
1785290913.1775954,0.0,0.0,0.004294400103390217
1785290913.1823375,0.0,0.0,0.004370368085801601
1785290913.1871142,0.0,0.0,0.0043832960072904825
1785290913.1920137,0.0,0.0,0.004437983967363834
1785290913.196771,0.0,0.0,0.004354112083092332
1785290913.2015834,0.0,0.0,0.004389215959236026
1785290913.2061691,0.0,0.0,0.0041853440925478935
1785290913.2110503,0.0,0.0,0.004504864104092121
1785290913.215972,0.0,0.0,0.004506176104769111
1785290913.2222154,0.0,0.0,0.005853727925568819
1785290913.2269504,0.0,0.0,0.004356960067525506
1785290913.2316132,0.0,0.0,0.0042427522130310535
1785290913.2363758,0.0,0.0,0.004365504020825028
1785290913.2409952,0.0,0.0,0.0042339840438216925
1785290913.2455664,0.0,0.0,0.00419747200794518
1785290913.250276,0.0,0.0,0.004339104052633047
1785290913.2551847,0.0,0.0,0.004502112045884132
1785290913.2599406,0.0,0.0,0.004369471920654178
1785290913.2645574,0.0,0.0,0.004240735899657011
1785290913.2693412,0.0,0.0,0.004407071974128485
1785290913.2742434,0.0,0.0,0.0045205759815871716
1785290913.280461,0.0,0.0,0.005827999906614423
1785290913.2852032,0.0,0.0,0.004363135900348425
1785290913.2899582,0.0,0.0,0.00437683193013072
1785290913.2944942,0.0,0.0,0.00415324792265892
1785290913.2994044,0.0,0.0,0.004532671999186277
1785290913.3040066,0.0,0.0,0.004217504058033228
1785290913.308585,0.0,0.0,0.004194848006591201
1785290913.3131547,0.0,0.0,0.004188288003206253
1785290913.3178267,0.0,0.0,0.004300928208976984
1785290913.3226776,0.0,0.0,0.004469280131161213
1785290913.3276052,0.0,0.0,0.004470207961276174
1785290913.3333995,0.0,0.0,0.00542153581045568
1785290913.3380628,0.0,0.0,0.004296767991036177
1785290913.3427997,0.0,0.0,0.00434886384755373
1785290913.3476298,0.0,0.0,0.0044341119937598705
1785290913.3522127,0.0,0.0,0.004199519986286759
1785290913.3569136,0.0,0.0,0.0043196158949285746
1785290913.3616753,0.0,0.0,0.004380831960588694
1785290913.3662636,0.0,0.0,0.004207296064123511
1785290913.371127,0.0,0.0,0.004476831993088126
1785290913.3759024,0.0,0.0,0.004384255968034267
1785290913.3806477,0.0,0.0,0.004365983884781599
1785290913.3855247,0.0,0.0,0.004491071915253997
1785290913.391297,0.0,0.0,0.00538969598710537
1785290913.3960574,0.0,0.0,0.004379520192742348
1785290913.400486,0.0,0.0,0.004061088198795915
1785290913.4053004,0.0,0.0,0.004439776064828038
1785290913.4100523,0.0,0.0,0.004369504051283002
1785290913.4148006,0.0,0.0,0.004370304057374597
1785290913.419626,0.0,0.0,0.004406880121678114
1785290913.424289,0.0,0.0,0.004267360083758831
1785290913.4290764,0.0,0.0,0.0044134079944342375
1785290913.4338923,0.0,0.0,0.0044392000418156385
1785290913.4388072,0.0,0.0,0.004531199811026454
1785290913.443486,0.0,0.0,0.00426924810744822
1785290913.4494655,0.0,0.0,0.0042294401209801435
1785290913.4543,0.0,0.0,0.0044521919917315245
1785290913.458931,0.0,0.0,0.004240032052621245
1785290913.46368,0.0,0.0,0.004333824152126908
1785290913.4684608,0.0,0.0,0.0044001920614391565
1785290913.4730108,0.0,0.0,0.0041680000722408295
1785290913.4779043,0.0,0.0,0.004512224113568664
1785290913.4826553,0.0,0.0,0.004368671914562583
1785290913.4876425,0.0,0.0,0.004603775916621089
1785290913.4922335,0.0,0.0,0.004202335840091109
1785290913.4971642,0.0,0.0,0.004533183993771672
1785290913.5027673,0.0,0.0,0.005225248169153929
1785290913.5074005,0.0,0.0,0.004223871976137161
1785290913.5121331,0.0,0.0,0.004339743871241808
1785290913.5168715,0.0,0.0,0.004354751901701093
1785290913.5214949,0.0,0.0,0.004253727849572897
1785290913.5262163,0.0,0.0,0.0043353920336812735
1785290913.531067,0.0,0.0,0.004463264020159841
1785290913.5358863,0.0,0.0,0.0043952318374067545
1785290913.540454,0.0,0.0,0.004177151946350932
1785290913.5453436,0.0,0.0,0.004514496074989438
1785290913.5501497,0.0,0.0,0.004409567918628454
1785290913.5549464,0.0,0.0,0.004266495816409588
1785290913.5609708,0.0,0.0,0.00558028812520206
1785290913.565742,0.0,0.0,0.004381919978186488
1785290913.5704174,0.0,0.0,0.004288320196792483
1785290913.5752254,0.0,0.0,0.004410207970067859
1785290913.5800097,0.0,0.0,0.004382336046546698
1785290913.584617,0.0,0.0,0.0042272640857845545
1785290913.5893776,0.0,0.0,0.0043802878353744745
1785290913.593983,0.0,0.0,0.004207648104056716
1785290913.598687,0.0,0.0,0.0043204480316489935
1785290913.6035147,0.0,0.0,0.004449471831321716
1785290913.6083891,0.0,0.0,0.0045054079964756966
1785290913.6148055,0.0,0.0,0.006044000154361129
1785290913.6194923,0.0,0.0,0.0042966080363839865
1785290913.6242442,0.0,0.0,0.0043797120451927185
1785290913.6289418,0.0,0.0,0.004335359903052449
1785290913.6336763,0.0,0.0,0.004359168000519276
1785290913.638185,0.0,0.0,0.004134240094572306
1785290913.6428335,0.0,0.0,0.004276512190699577
1785290913.6477299,0.0,0.0,0.004490560153499246
1785290913.652505,0.0,0.0,0.0043933759443461895
1785290913.6569552,0.0,0.0,0.004068640060722828
1785290913.6616259,0.0,0.0,0.00428995187394321
1785290913.6665134,0.0,0.0,0.004512639949098229
1785290913.672343,0.0,0.0,0.005467296112328768
1785290913.676976,0.0,0.0,0.004252928076311946
1785290913.6816466,0.0,0.0,0.00429868814535439
1785290913.6862102,0.0,0.0,0.004183648154139519
1785290913.6909053,0.0,0.0,0.004309664014726877
1785290913.6957362,0.0,0.0,0.00437606405466795
1785290913.7004704,0.0,0.0,0.004367520101368427
1785290913.70521,0.0,0.0,0.004354112083092332
1785290913.7099626,0.0,0.0,0.004370240028947592
1785290913.7144597,0.0,0.0,0.004117152187973261
1785290913.7193394,0.0,0.0,0.00451164785772562
1785290913.7253811,0.0,0.0,0.005658400012180209
1785290913.7300985,0.0,0.0,0.0043581759091466665
1785290913.7349002,0.0,0.0,0.004413376096636057
1785290913.7396991,0.0,0.0,0.004383360035717487
1785290913.744474,0.0,0.0,0.0043880639132112265
1785290913.7490788,0.0,0.0,0.0042238079477101564
1785290913.7536726,0.0,0.0,0.0042108159977942705
1785290913.7583742,0.0,0.0,0.004318304127082229
1785290913.7633147,0.0,0.0,0.004549728007987142
1785290913.7680678,0.0,0.0,0.004369599977508187
1785290913.7728212,0.0,0.0,0.004357696045190096
1785290913.7776732,0.0,0.0,0.004465856123715639
1785290913.7831411,0.0,0.0,0.005091712111607194
1785290913.787794,0.0,0.0,0.0042703039944171906
1785290913.792538,0.0,0.0,0.0043590080458670855
1785290913.7973602,0.0,0.0,0.004426848143339157
1785290913.8021333,0.0,0.0,0.00439027207903564
1785290913.8068645,0.0,0.0,0.004349312046542764
1785290913.8116672,0.0,0.0,0.004377631936222315
1785290913.8164096,0.0,0.0,0.0043560960330069065
1785290913.8210824,0.0,0.0,0.004248735960572958
1785290913.8258903,0.0,0.0,0.004429952008649707
1785290913.830651,0.0,0.0,0.0043811199720948935
1785290913.8355505,0.0,0.0,0.004355743993073702
1785290913.8414438,0.0,0.0,0.004275775980204344
1785290913.8461359,0.0,0.0,0.0042945281602442265
1785290913.8508918,0.0,0.0,0.004367391811683774
1785290913.8557582,0.0,0.0,0.004472319968044758
1785290913.8603432,0.0,0.0,0.004203839926049113
1785290913.8650496,0.0,0.0,0.004326144000515342
1785290913.8699815,0.0,0.0,0.004541184054687619
1785290913.8746138,0.0,0.0,0.004253151826560497
1785290913.8794503,0.0,0.0,0.0044672321528196335
1785290913.8842165,0.0,0.0,0.004381472012028098
1785290913.8892083,0.0,0.0,0.0046065920032560825
1785290913.895149,0.0,0.0,0.005554208066314459
1785290913.899782,0.0,0.0,0.004258656175807118
1785290913.9045646,0.0,0.0,0.004402879858389497
1785290913.9102986,0.0,0.0,0.005330719985067844
1785290913.915051,0.0,0.0,0.0043645440600812435
1785290913.9198446,0.0,0.0,0.004371071932837367
1785290913.9243224,0.0,0.0,0.004094816045835614
1785290913.9289877,0.0,0.0,0.004292127909138799
1785290913.9335227,0.0,0.0,0.004157183924689889
1785290913.9382904,0.0,0.0,0.004387200111523271
1785290913.9429848,0.0,0.0,0.004288672003895044
1785290913.94788,0.0,0.0,0.00440316810272634
1785290913.9537783,0.0,0.0,0.0042947521433234215
1785290913.958653,0.0,0.0,0.0044915201142430305
1785290913.9634464,0.0,0.0,0.004413472022861242
1785290913.9681861,0.0,0.0,0.004357088124379516
1785290913.9729316,0.0,0.0,0.004354943986982107
1785290913.977686,0.0,0.0,0.00436067208647728
1785290913.9824376,0.0,0.0,0.004366335924714804
1785290913.987228,0.0,0.0,0.00439516780897975
1785290913.991837,0.0,0.0,0.004221664043143392
1785290913.9966538,0.0,0.0,0.004430751781910658
1785290914.0015259,0.0,0.0,0.004479711875319481
1785290914.0074158,0.0,0.0,0.005505791865289211
1785290914.011889,0.0,0.0,0.0041024640668183565
1785290914.0165546,0.0,0.0,0.004287360003218055
1785290914.0212514,0.0,0.0,0.00431673601269722
1785290914.026074,0.0,0.0,0.00444889604113996
1785290914.0306354,0.0,0.0,0.004180863965302706
1785290914.0353653,0.0,0.0,0.004334239987656474
1785290914.0401974,0.0,0.0,0.004458304028958082
1785290914.0449698,0.0,0.0,0.00438940804451704
1785290914.0494096,0.0,0.0,0.00404595211148262
1785290914.0539584,0.0,0.0,0.004177408060058951
1785290914.058959,0.0,0.0,0.00461523188278079
1785290914.0648599,0.0,0.0,0.005496992031112313
1785290914.0697274,0.0,0.0,0.004480608040466905
1785290914.0745308,0.0,0.0,0.004414623836055398
1785290914.0792875,0.0,0.0,0.00436246395111084
1785290914.0840747,0.0,0.0,0.004402367863804102
1785290914.088648,0.0,0.0,0.004187904065474868
1785290914.0935237,0.0,0.0,0.004488544072955847
1785290914.0981016,0.0,0.0,0.004187359940260649
1785290914.1028128,0.0,0.0,0.00432918407022953
1785290914.107585,0.0,0.0,0.004360959865152836
1785290914.112512,0.0,0.0,0.004549920093268156
