time,in_time,out_time,inference_time
1785290324.8844998,0.0,0.0,0.02344592094421387
1785290324.9077322,0.0,0.0,0.0228024959564209
1785290324.9309876,0.0,0.0,0.022841344833374022
1785290324.954294,0.0,0.0,0.022844320297241212
1785290324.9775636,0.0,0.0,0.022857152938842773
1785290325.0008128,0.0,0.0,0.022822368621826173
1785290325.0240362,0.0,0.0,0.022817983627319335
1785290325.0472863,0.0,0.0,0.022832895278930666
1785290325.0705366,0.0,0.0,0.022825376510620117
1785290325.0938091,0.0,0.0,0.022861663818359374
1785290325.1170993,0.0,0.0,0.02286150360107422
1785290325.1404066,0.0,0.0,0.022827423095703125
1785290325.163678,0.0,0.0,0.02283795166015625
1785290325.18692,0.0,0.0,0.02281679916381836
1785290325.2102163,0.0,0.0,0.022848928451538086
1785290325.2334576,0.0,0.0,0.0228175048828125
1785290325.2566855,0.0,0.0,0.02281827163696289
1785290325.2799258,0.0,0.0,0.022814687728881837
1785290325.3037143,0.0,0.0,0.02281660842895508
1785290325.3269708,0.0,0.0,0.02282966423034668
1785290325.350223,0.0,0.0,0.022827743530273437
1785290325.3734465,0.0,0.0,0.022821727752685546
1785290325.3966837,0.0,0.0,0.02281923294067383
1785290325.419924,0.0,0.0,0.02283123207092285
1785290325.443196,0.0,0.0,0.022828479766845704
1785290325.4664202,0.0,0.0,0.022808832168579103
1785290325.4896607,0.0,0.0,0.022829952239990233
1785290325.512882,0.0,0.0,0.022805343627929686
1785290325.5361068,0.0,0.0,0.02282143974304199
1785290325.5593612,0.0,0.0,0.022829280853271485
1785290325.5826054,0.0,0.0,0.02283513641357422
1785290325.6058912,0.0,0.0,0.022863712310791016
1785290325.6291075,0.0,0.0,0.022809343338012697
1785290325.6523178,0.0,0.0,0.022801376342773436
1785290325.6755648,0.0,0.0,0.0228240966796875
1785290325.6987946,0.0,0.0,0.02282476806640625
1785290325.7220829,0.0,0.0,0.02282659149169922
1785290325.7455401,0.0,0.0,0.023052160263061523
1785290325.7687678,0.0,0.0,0.022810976028442384
1785290325.7920134,0.0,0.0,0.022820159912109374
1785290325.815254,0.0,0.0,0.022831840515136717
1785290325.8385203,0.0,0.0,0.02282582473754883
1785290325.8617768,0.0,0.0,0.02284556770324707
1785290325.8850021,0.0,0.0,0.022802303314208985
1785290325.9082127,0.0,0.0,0.022802207946777345
1785290325.9314704,0.0,0.0,0.022846656799316405
1785290325.9547007,0.0,0.0,0.02282054328918457
1785290325.977969,0.0,0.0,0.022861663818359374
1785290326.0012057,0.0,0.0,0.02282032012939453
1785290326.0244358,0.0,0.0,0.022825536727905275
1785290326.0476785,0.0,0.0,0.022829248428344728
1785290326.0708876,0.0,0.0,0.022800640106201173
1785290326.094153,0.0,0.0,0.022819583892822265
1785290326.1173828,0.0,0.0,0.022811904907226562
1785290326.1406417,0.0,0.0,0.022850015640258788
1785290326.163961,0.0,0.0,0.022832319259643553
1785290326.1875906,0.0,0.0,0.023204479217529297
1785290326.2108872,0.0,0.0,0.02282771110534668
1785290326.2341363,0.0,0.0,0.022809951782226563
1785290326.2573695,0.0,0.0,0.02282716751098633
1785290326.2806058,0.0,0.0,0.022820383071899413
1785290326.3038373,0.0,0.0,0.022819616317749022
1785290326.3270893,0.0,0.0,0.022824672698974608
1785290326.3503356,0.0,0.0,0.022799232482910155
1785290326.3736145,0.0,0.0,0.022851680755615233
1785290326.3968492,0.0,0.0,0.022820735931396486
1785290326.4200716,0.0,0.0,0.022823871612548827
1785290326.4433157,0.0,0.0,0.02282320022583008
1785290326.466573,0.0,0.0,0.022850271224975585
1785290326.489839,0.0,0.0,0.02285411262512207
1785290326.5130587,0.0,0.0,0.0228123836517334
1785290326.5362968,0.0,0.0,0.022816160202026366
1785290326.5595279,0.0,0.0,0.022812032699584962
1785290326.5827627,0.0,0.0,0.022830944061279296
1785290326.6060636,0.0,0.0,0.022839679718017578
1785290326.6292791,0.0,0.0,0.022811935424804686
1785290326.6525123,0.0,0.0,0.022815935134887694
1785290326.675736,0.0,0.0,0.022811391830444335
1785290326.698969,0.0,0.0,0.02282566452026367
1785290326.7222435,0.0,0.0,0.022822271347045897
1785290326.7454674,0.0,0.0,0.022818143844604493
1785290326.7687087,0.0,0.0,0.022819135665893556
1785290326.7919257,0.0,0.0,0.022806207656860353
1785290326.815162,0.0,0.0,0.022823904037475588
1785290326.838416,0.0,0.0,0.022833824157714844
1785290326.861645,0.0,0.0,0.022826496124267577
1785290326.8849015,0.0,0.0,0.02283225631713867
1785290326.9081252,0.0,0.0,0.022819583892822265
1785290326.931367,0.0,0.0,0.022819616317749022
1785290326.954603,0.0,0.0,0.02281228828430176
1785290326.9778666,0.0,0.0,0.022853504180908202
1785290327.0011108,0.0,0.0,0.022821216583251952
1785290327.0243456,0.0,0.0,0.02282803153991699
1785290327.047595,0.0,0.0,0.022823871612548827
1785290327.070842,0.0,0.0,0.02283958435058594
1785290327.0941184,0.0,0.0,0.022820064544677734
1785290327.1173563,0.0,0.0,0.022831552505493163
1785290327.1405995,0.0,0.0,0.022815040588378906
1785290327.1639104,0.0,0.0,0.022862815856933595
1785290327.1872752,0.0,0.0,0.022883903503417968
1785290327.2106056,0.0,0.0,0.022860288619995117
1785290327.2338681,0.0,0.0,0.022849599838256837
1785290327.2578437,0.0,0.0,0.023517471313476562
1785290327.2811105,0.0,0.0,0.022838048934936524
1785290327.304387,0.0,0.0,0.022857215881347655
1785290327.3276372,0.0,0.0,0.02281110382080078
1785290327.3508866,0.0,0.0,0.02283577537536621
1785290327.3741794,0.0,0.0,0.022825088500976563
1785290327.3974004,0.0,0.0,0.022807487487792967
1785290327.4206562,0.0,0.0,0.022828096389770507
1785290327.4439132,0.0,0.0,0.022835424423217773
1785290327.4671452,0.0,0.0,0.02281644821166992
1785290327.490414,0.0,0.0,0.022834688186645507
1785290327.5136409,0.0,0.0,0.022800031661987304
1785290327.536883,0.0,0.0,0.022808223724365233
1785290327.5601172,0.0,0.0,0.02279750442504883
1785290327.5833678,0.0,0.0,0.022838272094726563
1785290327.6066098,0.0,0.0,0.02281488037109375
1785290327.6298947,0.0,0.0,0.022855295181274413
1785290327.6531208,0.0,0.0,0.02280054473876953
1785290327.6763344,0.0,0.0,0.02280713653564453
1785290327.700186,0.0,0.0,0.022807743072509764
1785290327.7233992,0.0,0.0,0.022801279067993164
1785290327.7466178,0.0,0.0,0.022813152313232422
1785290327.7699027,0.0,0.0,0.022860544204711914
1785290327.7931406,0.0,0.0,0.022836063385009767
1785290327.816389,0.0,0.0,0.022824256896972657
1785290327.8396125,0.0,0.0,0.02281545639038086
1785290327.862887,0.0,0.0,0.022832384109497072
1785290327.8861735,0.0,0.0,0.022811552047729493
1785290327.9094155,0.0,0.0,0.022827680587768556
1785290327.932668,0.0,0.0,0.0228154239654541
1785290327.9559357,0.0,0.0,0.022834688186645507
1785290327.9791698,0.0,0.0,0.022803743362426757
1785290328.0023878,0.0,0.0,0.022802463531494142
1785290328.025621,0.0,0.0,0.022818912506103517
1785290328.0488691,0.0,0.0,0.022823680877685548
1785290328.072119,0.0,0.0,0.02283657646179199
1785290328.0953932,0.0,0.0,0.02283590316772461
1785290328.1191294,0.0,0.0,0.02330975914001465
1785290328.1423912,0.0,0.0,0.022830976486206054
1785290328.1656072,0.0,0.0,0.022805503845214844
1785290328.1889217,0.0,0.0,0.022892383575439452
1785290328.2123046,0.0,0.0,0.02286662483215332
1785290328.2355447,0.0,0.0,0.022818624496459963
1785290328.2587833,0.0,0.0,0.022812192916870117
1785290328.2820592,0.0,0.0,0.02281884765625
1785290328.305834,0.0,0.0,0.023357919692993164
1785290328.329075,0.0,0.0,0.02282262420654297
1785290328.3523297,0.0,0.0,0.0228286075592041
1785290328.3755684,0.0,0.0,0.022815135955810546
1785290328.3988028,0.0,0.0,0.022823551177978515
1785290328.4224796,0.0,0.0,0.023138656616210937
1785290328.4457195,0.0,0.0,0.02282716751098633
1785290328.4689636,0.0,0.0,0.022831840515136717
1785290328.4921973,0.0,0.0,0.022814912796020506
1785290328.515487,0.0,0.0,0.02285660743713379
1785290328.5387359,0.0,0.0,0.022815744400024415
1785290328.5620425,0.0,0.0,0.02286128044128418
1785290328.5853565,0.0,0.0,0.022847711563110353
1785290328.6085758,0.0,0.0,0.02280950355529785
1785290328.63178,0.0,0.0,0.0227989444732666
1785290328.6550431,0.0,0.0,0.022824800491333008
1785290328.678345,0.0,0.0,0.022834495544433595
1785290328.7015986,0.0,0.0,0.022825056076049805
1785290328.724825,0.0,0.0,0.022808992385864257
1785290328.7486806,0.0,0.0,0.02281532859802246
1785290328.7718968,0.0,0.0,0.02280463981628418
1785290328.7951393,0.0,0.0,0.022826208114624023
1785290328.8183813,0.0,0.0,0.022812255859375
1785290328.8416,0.0,0.0,0.02281216049194336
1785290328.8648467,0.0,0.0,0.022816703796386718
1785290328.888067,0.0,0.0,0.022811136245727538
1785290328.9113176,0.0,0.0,0.022824672698974608
1785290328.934575,0.0,0.0,0.022834367752075195
1785290328.957838,0.0,0.0,0.02285193634033203
1785290328.9810998,0.0,0.0,0.022836095809936525
1785290329.0043132,0.0,0.0,0.022811935424804686
1785290329.0275738,0.0,0.0,0.02284012794494629
1785290329.0508,0.0,0.0,0.022814687728881837
1785290329.0740736,0.0,0.0,0.022831552505493163
1785290329.097325,0.0,0.0,0.02282364845275879
1785290329.1205702,0.0,0.0,0.022838207244873048
1785290329.1438005,0.0,0.0,0.022813791275024413
1785290329.1674688,0.0,0.0,0.023260128021240233
1785290329.1907072,0.0,0.0,0.02281388854980469
1785290329.2140167,0.0,0.0,0.02286739158630371
1785290329.237361,0.0,0.0,0.022865407943725585
1785290329.2606325,0.0,0.0,0.02283235168457031
1785290329.2838886,0.0,0.0,0.022839040756225587
1785290329.307173,0.0,0.0,0.02283852767944336
1785290329.33042,0.0,0.0,0.022811872482299805
1785290329.3536892,0.0,0.0,0.02285212707519531
1785290329.3769357,0.0,0.0,0.02282374382019043
1785290329.4002006,0.0,0.0,0.022858015060424806
1785290329.4234798,0.0,0.0,0.022856544494628907
1785290329.4467292,0.0,0.0,0.022839359283447266
1785290329.4700174,0.0,0.0,0.02282784080505371
1785290329.4932559,0.0,0.0,0.02282048034667969
1785290329.5165114,0.0,0.0,0.02282169532775879
1785290329.5397685,0.0,0.0,0.022832128524780275
1785290329.5630105,0.0,0.0,0.02281078338623047
1785290329.5863047,0.0,0.0,0.022830656051635742
1785290329.6095319,0.0,0.0,0.022825183868408202
1785290329.6327834,0.0,0.0,0.02282963180541992
1785290329.6560078,0.0,0.0,0.022812992095947265
1785290329.6792626,0.0,0.0,0.02283337593078613
1785290329.7025177,0.0,0.0,0.022826400756835938
1785290329.725779,0.0,0.0,0.022854528427124023
1785290329.7490275,0.0,0.0,0.022825952529907226
1785290329.7722468,0.0,0.0,0.022812576293945314
1785290329.7961185,0.0,0.0,0.023453792572021483
1785290329.819347,0.0,0.0,0.02280771255493164
1785290329.842592,0.0,0.0,0.022833152770996092
1785290329.8658998,0.0,0.0,0.02286400032043457
1785290329.8891401,0.0,0.0,0.022825088500976563
1785290329.912423,0.0,0.0,0.02283638381958008
1785290329.9356823,0.0,0.0,0.02282761573791504
1785290329.9589407,0.0,0.0,0.02283580780029297
1785290329.9821985,0.0,0.0,0.022800319671630858
1785290330.005432,0.0,0.0,0.022823135375976564
1785290330.0286846,0.0,0.0,0.022828128814697264
1785290330.0519316,0.0,0.0,0.022818559646606444
1785290330.0751715,0.0,0.0,0.022812192916870117
1785290330.0984004,0.0,0.0,0.022818368911743166
1785290330.1216338,0.0,0.0,0.022823551177978515
1785290330.144887,0.0,0.0,0.02283126449584961
1785290330.168112,0.0,0.0,0.022820928573608398
1785290330.1913586,0.0,0.0,0.02282851219177246
1785290330.2146077,0.0,0.0,0.022828960418701173
1785290330.2385018,0.0,0.0,0.022856639862060546
1785290330.261869,0.0,0.0,0.022876096725463868
1785290330.2851076,0.0,0.0,0.022822944641113282
1785290330.3083565,0.0,0.0,0.022800512313842773
1785290330.3315973,0.0,0.0,0.022832895278930666
1785290330.354834,0.0,0.0,0.02281692886352539
1785290330.3781135,0.0,0.0,0.022836000442504882
1785290330.4013588,0.0,0.0,0.022828800201416016
1785290330.424587,0.0,0.0,0.02281123161315918
1785290330.4478137,0.0,0.0,0.022819040298461914
1785290330.4710553,0.0,0.0,0.022819711685180665
1785290330.4943473,0.0,0.0,0.022851903915405272
1785290330.5176146,0.0,0.0,0.022827327728271483
1785290330.5408342,0.0,0.0,0.022804447174072266
1785290330.5640666,0.0,0.0,0.022819360733032226
1785290330.5873115,0.0,0.0,0.02282534408569336
1785290330.6105285,0.0,0.0,0.022809408187866212
1785290330.63377,0.0,0.0,0.02282041549682617
1785290330.6574795,0.0,0.0,0.023296512603759766
1785290330.6807513,0.0,0.0,0.022822399139404297
1785290330.7039542,0.0,0.0,0.022795040130615233
1785290330.7271864,0.0,0.0,0.022818239212036132
1785290330.7504475,0.0,0.0,0.02283126449584961
1785290330.7736835,0.0,0.0,0.02282534408569336
1785290330.7969446,0.0,0.0,0.022834495544433595
1785290330.8201654,0.0,0.0,0.022812192916870117
1785290330.8434634,0.0,0.0,0.022877952575683595
1785290330.8667018,0.0,0.0,0.02282195281982422
1785290330.8899777,0.0,0.0,0.022826623916625977
1785290330.9132235,0.0,0.0,0.022815807342529297
1785290330.936453,0.0,0.0,0.022823232650756836
1785290330.9596877,0.0,0.0,0.022814079284667967
1785290330.982921,0.0,0.0,0.02282255935668945
1785290331.006181,0.0,0.0,0.022805152893066408
1785290331.0294313,0.0,0.0,0.022822656631469727
1785290331.0526667,0.0,0.0,0.022825727462768553
1785290331.075945,0.0,0.0,0.022836511611938476
1785290331.0992057,0.0,0.0,0.02283679962158203
1785290331.122459,0.0,0.0,0.022823776245117187
1785290331.145724,0.0,0.0,0.022838367462158202
1785290331.168953,0.0,0.0,0.022820608139038086
1785290331.192191,0.0,0.0,0.022815967559814455
1785290331.2154963,0.0,0.0,0.022876031875610353
1785290331.2387602,0.0,0.0,0.022815584182739258
1785290331.2620606,0.0,0.0,0.022855552673339843
1785290331.2862298,0.0,0.0,0.023688352584838868
1785290331.309482,0.0,0.0,0.02282137680053711
1785290331.3327212,0.0,0.0,0.022825023651123048
1785290331.3559678,0.0,0.0,0.02282048034667969
1785290331.3791964,0.0,0.0,0.022817344665527345
1785290331.402442,0.0,0.0,0.02281942367553711
1785290331.4256701,0.0,0.0,0.02281999969482422
1785290331.4488947,0.0,0.0,0.022811840057373047
1785290331.4721258,0.0,0.0,0.022808671951293946
1785290331.4953554,0.0,0.0,0.02282159996032715
1785290331.5186317,0.0,0.0,0.022833023071289062
1785290331.5419066,0.0,0.0,0.02285398483276367
1785290331.5651684,0.0,0.0,0.022832191467285157
1785290331.5883846,0.0,0.0,0.02281020736694336
1785290331.6116037,0.0,0.0,0.022814624786376952
1785290331.6348383,0.0,0.0,0.02281545639038086
1785290331.6580951,0.0,0.0,0.022816959381103515
1785290331.6813645,0.0,0.0,0.02284636878967285
1785290331.7045932,0.0,0.0,0.022820287704467774
1785290331.728458,0.0,0.0,0.022844736099243163
1785290331.7516813,0.0,0.0,0.02280486488342285
1785290331.774921,0.0,0.0,0.02282899284362793
1785290331.7981994,0.0,0.0,0.022819744110107423
1785290331.8214571,0.0,0.0,0.022820959091186522
1785290331.8447077,0.0,0.0,0.022824415206909178
1785290331.8679852,0.0,0.0,0.022844959259033203
1785290331.891222,0.0,0.0,0.022812255859375
1785290331.9144635,0.0,0.0,0.02282579231262207
1785290331.937692,0.0,0.0,0.022818559646606444
1785290331.9609468,0.0,0.0,0.022824127197265624
1785290331.9841917,0.0,0.0,0.02283139228820801
1785290332.0074368,0.0,0.0,0.022818111419677736
1785290332.0306752,0.0,0.0,0.022824415206909178
1785290332.053927,0.0,0.0,0.022843423843383788
1785290332.077185,0.0,0.0,0.022826208114624023
1785290332.1004286,0.0,0.0,0.022825759887695314
1785290332.1236708,0.0,0.0,0.022818912506103517
1785290332.1471226,0.0,0.0,0.023021888732910157
1785290332.1703777,0.0,0.0,0.022826719284057616
1785290332.1935925,0.0,0.0,0.022806528091430665
1785290332.2168298,0.0,0.0,0.022817792892456053
1785290332.240087,0.0,0.0,0.022838752746582033
1785290332.2633243,0.0,0.0,0.022804960250854493
1785290332.2866056,0.0,0.0,0.02285139274597168
1785290332.3099542,0.0,0.0,0.022868576049804686
1785290332.3339903,0.0,0.0,0.02360963249206543
1785290332.357216,0.0,0.0,0.022802303314208985
1785290332.380452,0.0,0.0,0.022823999404907227
1785290332.4036887,0.0,0.0,0.022812768936157225
1785290332.4269328,0.0,0.0,0.022831552505493163
1785290332.450216,0.0,0.0,0.02282169532775879
1785290332.47343,0.0,0.0,0.02280873680114746
1785290332.4966912,0.0,0.0,0.022824480056762696
1785290332.519948,0.0,0.0,0.022823776245117187
1785290332.5432038,0.0,0.0,0.022838272094726563
1785290332.5664942,0.0,0.0,0.022842815399169922
1785290332.589745,0.0,0.0,0.022836095809936525
1785290332.6129956,0.0,0.0,0.02282361602783203
1785290332.636196,0.0,0.0,0.022790559768676756
1785290332.659425,0.0,0.0,0.022822208404541015
1785290332.682685,0.0,0.0,0.022821535110473634
1785290332.7059746,0.0,0.0,0.022875200271606444
1785290332.729234,0.0,0.0,0.02282678413391113
1785290332.7524526,0.0,0.0,0.022808639526367188
1785290332.7763653,0.0,0.0,0.022812896728515625
1785290332.79959,0.0,0.0,0.022807807922363282
1785290332.822827,0.0,0.0,0.022831296920776366
1785290332.8461308,0.0,0.0,0.022812896728515625
1785290332.8693905,0.0,0.0,0.02283228874206543
1785290332.8926396,0.0,0.0,0.02282041549682617
1785290332.915865,0.0,0.0,0.022811071395874023
1785290332.9391325,0.0,0.0,0.022830495834350584
1785290332.962372,0.0,0.0,0.02281737518310547
1785290332.9856029,0.0,0.0,0.02282281684875488
1785290333.0088458,0.0,0.0,0.02282009506225586
1785290333.0320816,0.0,0.0,0.022828927993774416
1785290333.0553308,0.0,0.0,0.02282851219177246
1785290333.0785415,0.0,0.0,0.022802528381347657
1785290333.1017914,0.0,0.0,0.022834720611572264
1785290333.1250322,0.0,0.0,0.02281545639038086
1785290333.1482613,0.0,0.0,0.022809759140014648
1785290333.1715326,0.0,0.0,0.02285103988647461
1785290333.195221,0.0,0.0,0.023283391952514648
1785290333.2184865,0.0,0.0,0.02283478355407715
1785290333.2417226,0.0,0.0,0.02283014488220215
1785290333.264942,0.0,0.0,0.02281702423095703
1785290333.2881544,0.0,0.0,0.022786752700805664
1785290333.3114326,0.0,0.0,0.022871328353881837
1785290333.3347623,0.0,0.0,0.022836767196655273
1785290333.3580294,0.0,0.0,0.02282803153991699
1785290333.381633,0.0,0.0,0.023189632415771485
1785290333.4048452,0.0,0.0,0.02279270362854004
1785290333.4280636,0.0,0.0,0.022802751541137697
1785290333.4512975,0.0,0.0,0.022811840057373047
1785290333.4745314,0.0,0.0,0.022826271057128908
1785290333.4978232,0.0,0.0,0.02286240005493164
1785290333.5210552,0.0,0.0,0.022803840637207032
1785290333.544323,0.0,0.0,0.02284579277038574
1785290333.56756,0.0,0.0,0.02280950355529785
1785290333.5908036,0.0,0.0,0.02283510398864746
1785290333.6140888,0.0,0.0,0.022823007583618164
1785290333.6373408,0.0,0.0,0.02284339141845703
1785290333.6605842,0.0,0.0,0.022824159622192385
1785290333.683815,0.0,0.0,0.02282089614868164
1785290333.7070544,0.0,0.0,0.022833887100219726
1785290333.73035,0.0,0.0,0.022842464447021486
1785290333.7535977,0.0,0.0,0.02283616065979004
1785290333.776847,0.0,0.0,0.022825471878051756
1785290333.8000758,0.0,0.0,0.022819263458251953
1785290333.8239877,0.0,0.0,0.023498559951782228
1785290333.8472314,0.0,0.0,0.022826175689697265
1785290333.8704987,0.0,0.0,0.022834272384643556
1785290333.893801,0.0,0.0,0.022875711441040038
1785290333.9170504,0.0,0.0,0.022821504592895506
1785290333.9403117,0.0,0.0,0.022831199645996093
1785290333.9635992,0.0,0.0,0.0228351993560791
1785290333.986842,0.0,0.0,0.02281692886352539
1785290334.0101323,0.0,0.0,0.02283027267456055
1785290334.0333643,0.0,0.0,0.022818912506103517
1785290334.0566142,0.0,0.0,0.022826080322265626
1785290334.0798388,0.0,0.0,0.022813695907592774
1785290334.1030822,0.0,0.0,0.02282262420654297
1785290334.126322,0.0,0.0,0.02279884719848633
1785290334.1495602,0.0,0.0,0.022836448669433594
1785290334.172805,0.0,0.0,0.022823680877685548
1785290334.1960614,0.0,0.0,0.02284726333618164
1785290334.2193427,0.0,0.0,0.022828575134277343
1785290334.2431693,0.0,0.0,0.022806079864501953
1785290334.2664268,0.0,0.0,0.02282761573791504
1785290334.2896693,0.0,0.0,0.022815935134887694
1785290334.3128965,0.0,0.0,0.022815839767456055
1785290334.336177,0.0,0.0,0.022854080200195314
1785290334.359567,0.0,0.0,0.022905567169189452
1785290334.3828726,0.0,0.0,0.022846847534179687
1785290334.4061487,0.0,0.0,0.02281532859802246
1785290334.4293914,0.0,0.0,0.022826623916625977
1785290334.4526436,0.0,0.0,0.022817567825317384
1785290334.4758825,0.0,0.0,0.02282691192626953
1785290334.4991448,0.0,0.0,0.022820831298828125
1785290334.5224135,0.0,0.0,0.022846303939819335
1785290334.5456693,0.0,0.0,0.02282057571411133
1785290334.5688872,0.0,0.0,0.022808544158935545
1785290334.5921092,0.0,0.0,0.02280521583557129
1785290334.6153731,0.0,0.0,0.022832895278930666
1785290334.638612,0.0,0.0,0.02281452751159668
1785290334.6619387,0.0,0.0,0.022884511947631837
1785290334.6853597,0.0,0.0,0.023008607864379884
1785290334.708621,0.0,0.0,0.022824960708618162
1785290334.731846,0.0,0.0,0.022810911178588866
1785290334.7550757,0.0,0.0,0.022824928283691405
1785290334.7783473,0.0,0.0,0.022808895111083985
1785290334.8015897,0.0,0.0,0.022827871322631837
1785290334.824882,0.0,0.0,0.02285308837890625
1785290334.8481245,0.0,0.0,0.022827680587768556
1785290334.8718252,0.0,0.0,0.02327903938293457
1785290334.8950777,0.0,0.0,0.022827392578125
1785290334.9183328,0.0,0.0,0.022819904327392577
1785290334.941614,0.0,0.0,0.02284067153930664
1785290334.9648297,0.0,0.0,0.022805440902709962
1785290334.9881058,0.0,0.0,0.022835968017578125
1785290335.011322,0.0,0.0,0.02280508804321289
1785290335.0345812,0.0,0.0,0.022832223892211914
1785290335.057867,0.0,0.0,0.02285971260070801
1785290335.0811021,0.0,0.0,0.022835647583007813
1785290335.1043644,0.0,0.0,0.022826208114624023
1785290335.127609,0.0,0.0,0.022836191177368164
1785290335.1508636,0.0,0.0,0.02281977653503418
1785290335.1741388,0.0,0.0,0.022819263458251953
1785290335.1973927,0.0,0.0,0.02283894348144531
1785290335.2207174,0.0,0.0,0.02285539245605469
1785290335.2439573,0.0,0.0,0.022810176849365236
1785290335.26724,0.0,0.0,0.022832895278930666
1785290335.2904663,0.0,0.0,0.02281126403808594
1785290335.3143399,0.0,0.0,0.02346009635925293
1785290335.3375697,0.0,0.0,0.022808128356933594
1785290335.3608484,0.0,0.0,0.022865568161010742
1785290335.3842378,0.0,0.0,0.02287436866760254
1785290335.4075172,0.0,0.0,0.0228525447845459
1785290335.430795,0.0,0.0,0.02282998466491699
1785290335.4540293,0.0,0.0,0.022799968719482422
1785290335.4772656,0.0,0.0,0.022820831298828125
1785290335.5005126,0.0,0.0,0.02281769561767578
1785290335.5237534,0.0,0.0,0.02281007957458496
1785290335.5470302,0.0,0.0,0.022831840515136717
1785290335.5703013,0.0,0.0,0.0228220157623291
1785290335.5935829,0.0,0.0,0.02284783935546875
1785290335.6167936,0.0,0.0,0.02280124855041504
1785290335.6400278,0.0,0.0,0.022830528259277345
1785290335.663271,0.0,0.0,0.022809888839721678
1785290335.686534,0.0,0.0,0.02284921646118164
1785290335.7098424,0.0,0.0,0.02286832046508789
1785290335.7334933,0.0,0.0,0.0232421760559082
1785290335.7567499,0.0,0.0,0.022820255279541016
1785290335.779972,0.0,0.0,0.02280944061279297
1785290335.8032377,0.0,0.0,0.02283353614807129
1785290335.8265097,0.0,0.0,0.02283417510986328
1785290335.8497746,0.0,0.0,0.02285852813720703
1785290335.8730717,0.0,0.0,0.022852895736694336
1785290335.8963077,0.0,0.0,0.022821344375610352
1785290335.9200141,0.0,0.0,0.023291488647460938
1785290335.9432607,0.0,0.0,0.02281452751159668
1785290335.9665148,0.0,0.0,0.022838367462158202
1785290335.9897995,0.0,0.0,0.022847391128540038
1785290336.01303,0.0,0.0,0.022818431854248047
1785290336.0362887,0.0,0.0,0.022816511154174806
1785290336.0595558,0.0,0.0,0.02283990478515625
1785290336.0830138,0.0,0.0,0.022951936721801756
1785290336.1063485,0.0,0.0,0.02284774398803711
1785290336.1296082,0.0,0.0,0.022842079162597655
1785290336.152916,0.0,0.0,0.0228621768951416
1785290336.1761787,0.0,0.0,0.0228417911529541
1785290336.1995153,0.0,0.0,0.022889087677001953
1785290336.2227945,0.0,0.0,0.02284182357788086
1785290336.246333,0.0,0.0,0.0231013126373291
1785290336.269643,0.0,0.0,0.022865760803222657
1785290336.2928941,0.0,0.0,0.0228342399597168
1785290336.3162036,0.0,0.0,0.022861215591430666
1785290336.340207,0.0,0.0,0.022862783432006838
1785290336.3634965,0.0,0.0,0.022843040466308594
1785290336.386777,0.0,0.0,0.02285977554321289
1785290336.4101503,0.0,0.0,0.02286275291442871
1785290336.4334369,0.0,0.0,0.022838016510009766
1785290336.4566727,0.0,0.0,0.02281817626953125
1785290336.4799461,0.0,0.0,0.02283344078063965
1785290336.50318,0.0,0.0,0.02281817626953125
1785290336.5270815,0.0,0.0,0.023454912185668947
1785290336.550348,0.0,0.0,0.022824607849121093
1785290336.5735843,0.0,0.0,0.022825023651123048
1785290336.5968614,0.0,0.0,0.022837888717651366
1785290336.6201155,0.0,0.0,0.022837087631225585
1785290336.6433818,0.0,0.0,0.02283456039428711
1785290336.666624,0.0,0.0,0.022818687438964844
1785290336.6900864,0.0,0.0,0.022944831848144533
1785290336.7133691,0.0,0.0,0.022848031997680665
1785290336.7366278,0.0,0.0,0.02284604835510254
1785290336.7599118,0.0,0.0,0.02284713554382324
1785290336.783152,0.0,0.0,0.022826143264770508
1785290336.8064246,0.0,0.0,0.02283798408508301
1785290336.8296237,0.0,0.0,0.022794944763183594
1785290336.852973,0.0,0.0,0.022944639205932617
1785290336.8762152,0.0,0.0,0.022811744689941408
1785290336.8994644,0.0,0.0,0.0228438720703125
1785290336.9227295,0.0,0.0,0.02283087921142578
1785290336.9460077,0.0,0.0,0.022826847076416017
1785290336.9699528,0.0,0.0,0.02286128044128418
1785290336.9931865,0.0,0.0,0.02281769561767578
1785290337.016478,0.0,0.0,0.022827648162841798
1785290337.0397494,0.0,0.0,0.022837791442871094
1785290337.0629818,0.0,0.0,0.022823392868041994
1785290337.086297,0.0,0.0,0.022843456268310545
1785290337.109556,0.0,0.0,0.02285136032104492
1785290337.1329684,0.0,0.0,0.022964256286621094
1785290337.1562314,0.0,0.0,0.02284227180480957
1785290337.1794937,0.0,0.0,0.02285510444641113
1785290337.2027633,0.0,0.0,0.02283359909057617
1785290337.2260578,0.0,0.0,0.022838495254516603
1785290337.249326,0.0,0.0,0.02283337593078613
1785290337.2725916,0.0,0.0,0.022843616485595703
1785290337.2961786,0.0,0.0,0.022956575393676758
1785290337.3194833,0.0,0.0,0.02287446403503418
1785290337.3427274,0.0,0.0,0.02283657646179199
1785290337.3660395,0.0,0.0,0.02284454345703125
1785290337.3892748,0.0,0.0,0.022826208114624023
1785290337.412582,0.0,0.0,0.02286947250366211
1785290337.4359326,0.0,0.0,0.022851999282836915
1785290337.459191,0.0,0.0,0.02282931137084961
1785290337.4824765,0.0,0.0,0.022850431442260743
1785290337.505765,0.0,0.0,0.022850656509399415
1785290337.529039,0.0,0.0,0.022832096099853514
1785290337.552316,0.0,0.0,0.0228286075592041
1785290337.5763483,0.0,0.0,0.02352060890197754
1785290337.5995898,0.0,0.0,0.02281923294067383
1785290337.6228063,0.0,0.0,0.022810911178588866
1785290337.6461308,0.0,0.0,0.022851615905761718
1785290337.6693747,0.0,0.0,0.02283478355407715
1785290337.6926696,0.0,0.0,0.02285308837890625
1785290337.715932,0.0,0.0,0.02282383918762207
1785290337.739281,0.0,0.0,0.02290163230895996
1785290337.7625294,0.0,0.0,0.022826080322265626
1785290337.7857878,0.0,0.0,0.022850175857543946
1785290337.8090453,0.0,0.0,0.022821184158325195
1785290337.832293,0.0,0.0,0.022840063095092775
1785290337.8555849,0.0,0.0,0.02282646369934082
1785290337.8788273,0.0,0.0,0.022819936752319334
1785290337.9024143,0.0,0.0,0.023143903732299805
1785290337.9256656,0.0,0.0,0.022816511154174806
1785290337.948891,0.0,0.0,0.02281942367553711
1785290337.9721656,0.0,0.0,0.022843423843383788
1785290337.9958587,0.0,0.0,0.023278656005859374
1785290338.019141,0.0,0.0,0.022836320877075194
1785290338.042368,0.0,0.0,0.022809280395507812
1785290338.0656068,0.0,0.0,0.022835071563720704
1785290338.0888638,0.0,0.0,0.02282364845275879
1785290338.1120923,0.0,0.0,0.02281827163696289
1785290338.1353614,0.0,0.0,0.022829887390136718
1785290338.1586087,0.0,0.0,0.02282601547241211
1785290338.182675,0.0,0.0,0.023588479995727538
1785290338.2059178,0.0,0.0,0.022825599670410156
1785290338.2291956,0.0,0.0,0.022836992263793945
1785290338.2524781,0.0,0.0,0.022842464447021486
1785290338.2757187,0.0,0.0,0.02283087921142578
1785290338.2989933,0.0,0.0,0.022840415954589844
1785290338.3222773,0.0,0.0,0.0228342399597168
1785290338.3457103,0.0,0.0,0.022983648300170897
1785290338.368976,0.0,0.0,0.022832447052001954
1785290338.3922322,0.0,0.0,0.022845375061035157
1785290338.4155252,0.0,0.0,0.022855871200561522
1785290338.4388523,0.0,0.0,0.022894079208374024
1785290338.4621694,0.0,0.0,0.022839296340942384
1785290338.4853947,0.0,0.0,0.022812095642089844
1785290338.5088603,0.0,0.0,0.023066207885742186
1785290338.532151,0.0,0.0,0.022855743408203125
1785290338.5553854,0.0,0.0,0.022821887969970703
1785290338.5786586,0.0,0.0,0.022838848114013672
1785290338.6024585,0.0,0.0,0.02283497619628906
1785290338.6257563,0.0,0.0,0.022850303649902343
1785290338.6489937,0.0,0.0,0.022827808380126952
1785290338.6722772,0.0,0.0,0.022847488403320314
1785290338.695578,0.0,0.0,0.02282624053955078
1785290338.7188408,0.0,0.0,0.022831743240356445
1785290338.7421563,0.0,0.0,0.02283782386779785
1785290338.765398,0.0,0.0,0.022829343795776367
1785290338.7888217,0.0,0.0,0.0229718074798584
1785290338.812149,0.0,0.0,0.02289558410644531
1785290338.8356302,0.0,0.0,0.022963584899902342
1785290338.859036,0.0,0.0,0.02286720085144043
1785290338.8823192,0.0,0.0,0.02283535957336426
1785290338.9055898,0.0,0.0,0.022842239379882813
1785290338.9289484,0.0,0.0,0.022938880920410156
1785290338.9522047,0.0,0.0,0.02283673667907715
1785290338.975473,0.0,0.0,0.02284332847595215
1785290338.9987183,0.0,0.0,0.022834911346435546
1785290339.021975,0.0,0.0,0.022823423385620118
1785290339.04528,0.0,0.0,0.022887359619140624
1785290339.068504,0.0,0.0,0.022813983917236328
1785290339.0917208,0.0,0.0,0.022810527801513672
1785290339.114953,0.0,0.0,0.022823232650756836
1785290339.1382463,0.0,0.0,0.02283359909057617
1785290339.161472,0.0,0.0,0.022793535232543946
1785290339.184708,0.0,0.0,0.022814783096313476
1785290339.207924,0.0,0.0,0.02280726432800293
1785290339.2317963,0.0,0.0,0.023446815490722656
1785290339.2550123,0.0,0.0,0.022797407150268553
1785290339.2782803,0.0,0.0,0.02282316780090332
1785290339.3014984,0.0,0.0,0.022798080444335938
1785290339.3247242,0.0,0.0,0.022816640853881836
1785290339.3479614,0.0,0.0,0.022816064834594727
1785290339.3711863,0.0,0.0,0.022813440322875977
1785290339.3944056,0.0,0.0,0.02280281639099121
1785290339.4176238,0.0,0.0,0.02280828857421875
1785290339.4408388,0.0,0.0,0.022807008743286134
1785290339.4640746,0.0,0.0,0.02280918312072754
1785290339.487286,0.0,0.0,0.022802112579345703
1785290339.510518,0.0,0.0,0.02280985641479492
1785290339.5337389,0.0,0.0,0.022815040588378906
1785290339.5570757,0.0,0.0,0.022925983428955077
1785290339.5803058,0.0,0.0,0.022810527801513672
1785290339.6035504,0.0,0.0,0.022833120346069335
1785290339.6268184,0.0,0.0,0.022820159912109374
1785290339.650077,0.0,0.0,0.022809888839721678
1785290339.67331,0.0,0.0,0.02281062316894531
1785290339.6965334,0.0,0.0,0.022806911468505858
1785290339.7197516,0.0,0.0,0.02280771255493164
1785290339.7429776,0.0,0.0,0.022808767318725585
1785290339.7662132,0.0,0.0,0.022795711517333984
1785290339.789434,0.0,0.0,0.02280953598022461
1785290339.8126311,0.0,0.0,0.022787967681884767
1785290339.8358839,0.0,0.0,0.022839456558227538
1785290339.8591244,0.0,0.0,0.022799200057983398
1785290339.8823507,0.0,0.0,0.022810335159301757
1785290339.9055746,0.0,0.0,0.022805055618286132
1785290339.9288108,0.0,0.0,0.02282592010498047
1785290339.9520721,0.0,0.0,0.022812864303588868
1785290339.9752846,0.0,0.0,0.022790559768676756
1785290339.9985108,0.0,0.0,0.02281395149230957
1785290340.0217814,0.0,0.0,0.022855615615844725
1785290340.0449896,0.0,0.0,0.02279324722290039
1785290340.0682237,0.0,0.0,0.022815296173095703
1785290340.0914285,0.0,0.0,0.02279599952697754
1785290340.1146855,0.0,0.0,0.022828639984130858
1785290340.1379256,0.0,0.0,0.022828096389770507
1785290340.16116,0.0,0.0,0.022826528549194335
1785290340.1844127,0.0,0.0,0.02282819175720215
1785290340.2076373,0.0,0.0,0.02281747245788574
1785290340.2308712,0.0,0.0,0.02281180763244629
1785290340.2541413,0.0,0.0,0.022823904037475588
1785290340.2779331,0.0,0.0,0.02338342475891113
1785290340.3011994,0.0,0.0,0.02282598304748535
1785290340.3244154,0.0,0.0,0.022807807922363282
1785290340.3476627,0.0,0.0,0.022823936462402345
1785290340.3708825,0.0,0.0,0.022810367584228514
1785290340.394158,0.0,0.0,0.022823936462402345
1785290340.4173682,0.0,0.0,0.02280563163757324
1785290340.4405837,0.0,0.0,0.02281062316894531
1785290340.4638162,0.0,0.0,0.02281283187866211
1785290340.4870608,0.0,0.0,0.022822368621826173
1785290340.5103245,0.0,0.0,0.022810752868652345
1785290340.533545,0.0,0.0,0.022811071395874023
1785290340.5567904,0.0,0.0,0.022810815811157226
1785290340.5800169,0.0,0.0,0.022817184448242187
1785290340.6032472,0.0,0.0,0.02281782341003418
1785290340.6264863,0.0,0.0,0.02281977653503418
1785290340.6497226,0.0,0.0,0.02282268714904785
1785290340.6729474,0.0,0.0,0.02281180763244629
1785290340.696643,0.0,0.0,0.023287616729736327
1785290340.719915,0.0,0.0,0.022832992553710938
1785290340.7431524,0.0,0.0,0.022817600250244142
1785290340.766373,0.0,0.0,0.022802240371704103
1785290340.7895923,0.0,0.0,0.022801055908203124
1785290340.8128176,0.0,0.0,0.02281564712524414
1785290340.8360488,0.0,0.0,0.02281283187866211
1785290340.859271,0.0,0.0,0.022806943893432616
1785290340.8827953,0.0,0.0,0.02311347198486328
1785290340.9060483,0.0,0.0,0.0228056640625
1785290340.9292831,0.0,0.0,0.02282284736633301
1785290340.952544,0.0,0.0,0.02281260871887207
1785290340.9757676,0.0,0.0,0.022807167053222655
1785290340.9990067,0.0,0.0,0.022822879791259767
1785290341.0222769,0.0,0.0,0.022817119598388672
1785290341.0455139,0.0,0.0,0.02282918357849121
1785290341.0687287,0.0,0.0,0.022795871734619142
1785290341.091952,0.0,0.0,0.022804384231567384
1785290341.1151867,0.0,0.0,0.022815359115600585
1785290341.138427,0.0,0.0,0.022828416824340822
1785290341.1616423,0.0,0.0,0.022802623748779297
1785290341.1848516,0.0,0.0,0.022798080444335938
1785290341.2080746,0.0,0.0,0.022813024520874022
1785290341.2313242,0.0,0.0,0.022822784423828124
1785290341.2545393,0.0,0.0,0.02280508804321289
1785290341.2777739,0.0,0.0,0.02281827163696289
1785290341.3009722,0.0,0.0,0.022790943145751953
1785290341.3248067,0.0,0.0,0.023421312332153322
1785290341.3480618,0.0,0.0,0.022815839767456055
1785290341.3713024,0.0,0.0,0.02281430435180664
1785290341.3945298,0.0,0.0,0.022800159454345704
1785290341.4177783,0.0,0.0,0.022844192504882812
1785290341.4410098,0.0,0.0,0.022810176849365236
1785290341.4642327,0.0,0.0,0.02281488037109375
1785290341.4874818,0.0,0.0,0.022840192794799805
1785290341.5107346,0.0,0.0,0.02283193588256836
1785290341.5339842,0.0,0.0,0.022809728622436524
1785290341.5572178,0.0,0.0,0.02281305694580078
1785290341.5804145,0.0,0.0,0.02279487991333008
1785290341.6036415,0.0,0.0,0.022819456100463868
1785290341.6268337,0.0,0.0,0.022784416198730468
1785290341.650094,0.0,0.0,0.022821216583251952
1785290341.6733153,0.0,0.0,0.022810239791870118
1785290341.696522,0.0,0.0,0.022798559188842774
1785290341.7197385,0.0,0.0,0.0228023681640625
1785290341.743216,0.0,0.0,0.02306496047973633
1785290341.7664497,0.0,0.0,0.022816320419311524
1785290341.78965,0.0,0.0,0.022796735763549805
1785290341.8128347,0.0,0.0,0.022783872604370117
1785290341.8360493,0.0,0.0,0.02279871940612793
1785290341.8592653,0.0,0.0,0.022794944763183594
1785290341.8825057,0.0,0.0,0.022821088790893555
1785290341.905761,0.0,0.0,0.022847648620605468
1785290341.929049,0.0,0.0,0.02284761619567871
1785290341.9523036,0.0,0.0,0.02281020736694336
1785290341.975544,0.0,0.0,0.02281724739074707
1785290341.9987755,0.0,0.0,0.02281635284423828
1785290342.0220556,0.0,0.0,0.022834943771362304
1785290342.0452783,0.0,0.0,0.02280950355529785
1785290342.0685103,0.0,0.0,0.02282364845275879
1785290342.0917466,0.0,0.0,0.022828800201416016
1785290342.1149867,0.0,0.0,0.022827648162841798
1785290342.1382437,0.0,0.0,0.022807775497436525
1785290342.1614654,0.0,0.0,0.022799903869628907
1785290342.184674,0.0,0.0,0.022796863555908202
1785290342.207904,0.0,0.0,0.02281145668029785
1785290342.231145,0.0,0.0,0.022819263458251953
1785290342.2543848,0.0,0.0,0.022822111129760743
1785290342.2775908,0.0,0.0,0.022795808792114257
1785290342.3008223,0.0,0.0,0.022825632095336914
1785290342.3240745,0.0,0.0,0.022818496704101562
1785290342.3473084,0.0,0.0,0.022816415786743163
1785290342.3710697,0.0,0.0,0.02334659194946289
1785290342.3943381,0.0,0.0,0.0228154239654541
1785290342.4175634,0.0,0.0,0.02281088066101074
1785290342.4407744,0.0,0.0,0.022797760009765626
1785290342.4639885,0.0,0.0,0.02280124855041504
1785290342.4872303,0.0,0.0,0.022820640563964843
1785290342.5104349,0.0,0.0,0.022799455642700195
1785290342.533707,0.0,0.0,0.022859487533569336
1785290342.5569594,0.0,0.0,0.022814336776733397
1785290342.5801837,0.0,0.0,0.022807680130004882
1785290342.6034749,0.0,0.0,0.022847007751464844
1785290342.6267045,0.0,0.0,0.022820959091186522
1785290342.6499395,0.0,0.0,0.022809280395507812
1785290342.6731436,0.0,0.0,0.022794784545898436
1785290342.6963646,0.0,0.0,0.022815200805664064
1785290342.7195988,0.0,0.0,0.0228154239654541
1785290342.742821,0.0,0.0,0.02280860710144043
1785290342.766083,0.0,0.0,0.02281747245788574
1785290342.7893126,0.0,0.0,0.02281078338623047
1785290342.8130608,0.0,0.0,0.022803424835205078
1785290342.8362873,0.0,0.0,0.022814399719238283
1785290342.859526,0.0,0.0,0.02283113670349121
1785290342.882758,0.0,0.0,0.022815935134887694
1785290342.9060016,0.0,0.0,0.022813535690307616
1785290342.929233,0.0,0.0,0.022820159912109374
1785290342.9524772,0.0,0.0,0.022807424545288085
1785290342.97572,0.0,0.0,0.022825023651123048
1785290342.998957,0.0,0.0,0.022813119888305665
1785290343.0222023,0.0,0.0,0.022803295135498048
1785290343.0454218,0.0,0.0,0.022805248260498047
1785290343.0686393,0.0,0.0,0.022807424545288085
1785290343.0918643,0.0,0.0,0.022809471130371094
1785290343.115117,0.0,0.0,0.02281999969482422
1785290343.1383615,0.0,0.0,0.02283647918701172
1785290343.161602,0.0,0.0,0.022823680877685548
1785290343.1848514,0.0,0.0,0.0228351993560791
1785290343.2080667,0.0,0.0,0.02280195236206055
1785290343.2313147,0.0,0.0,0.022832223892211914
1785290343.2545514,0.0,0.0,0.022818559646606444
1785290343.2778091,0.0,0.0,0.02285136032104492
1785290343.3010354,0.0,0.0,0.022817216873168945
1785290343.3242655,0.0,0.0,0.022817440032958984
1785290343.3475053,0.0,0.0,0.022826559066772462
1785290343.3707416,0.0,0.0,0.022822303771972655
1785290343.3939905,0.0,0.0,0.02280918312072754
1785290343.4177861,0.0,0.0,0.02338476753234863
1785290343.4410121,0.0,0.0,0.022814207077026367
1785290343.464229,0.0,0.0,0.02281158447265625
1785290343.4874742,0.0,0.0,0.022831167221069336
1785290343.5106986,0.0,0.0,0.022818784713745117
1785290343.533946,0.0,0.0,0.022816896438598633
1785290343.5572178,0.0,0.0,0.022864608764648436
1785290343.5804787,0.0,0.0,0.022832704544067384
1785290343.603713,0.0,0.0,0.022817663192749024
1785290343.6269522,0.0,0.0,0.022831487655639648
1785290343.650235,0.0,0.0,0.022831872940063478
1785290343.6734886,0.0,0.0,0.022825056076049805
1785290343.696718,0.0,0.0,0.022811616897583008
1785290343.719958,0.0,0.0,0.02282979202270508
1785290343.7431939,0.0,0.0,0.0228287353515625
1785290343.766422,0.0,0.0,0.022812255859375
1785290343.7896366,0.0,0.0,0.022813343048095704
1785290343.8128605,0.0,0.0,0.02280953598022461
1785290343.836064,0.0,0.0,0.022802528381347657
1785290343.859815,0.0,0.0,0.02278704071044922
1785290343.8830593,0.0,0.0,0.022832319259643553
1785290343.9063268,0.0,0.0,0.02282374382019043
1785290343.9296095,0.0,0.0,0.022845855712890627
1785290343.9528656,0.0,0.0,0.022815999984741212
1785290343.9761076,0.0,0.0,0.022818239212036132
1785290343.9993227,0.0,0.0,0.022798303604125977
1785290344.0225735,0.0,0.0,0.022824192047119142
1785290344.0458546,0.0,0.0,0.022860191345214845
1785290344.069089,0.0,0.0,0.022821887969970703
1785290344.0923278,0.0,0.0,0.022821184158325195
1785290344.1155465,0.0,0.0,0.022804800033569335
1785290344.1387737,0.0,0.0,0.022811775207519532
1785290344.1620388,0.0,0.0,0.022818368911743166
1785290344.1852615,0.0,0.0,0.022813791275024413
1785290344.208503,0.0,0.0,0.022830976486206054
1785290344.231717,0.0,0.0,0.022804607391357423
1785290344.2549694,0.0,0.0,0.022840288162231444
1785290344.2782211,0.0,0.0,0.022813663482666016
1785290344.3014584,0.0,0.0,0.022817888259887696
1785290344.3246846,0.0,0.0,0.02281465530395508
1785290344.3479059,0.0,0.0,0.022809888839721678
1785290344.3711293,0.0,0.0,0.022806495666503907
1785290344.3943713,0.0,0.0,0.022833696365356447
1785290344.4176037,0.0,0.0,0.022817663192749024
1785290344.4408414,0.0,0.0,0.02282803153991699
1785290344.4645772,0.0,0.0,0.023327327728271483
1785290344.4878078,0.0,0.0,0.02281385612487793
1785290344.51104,0.0,0.0,0.022823328018188475
1785290344.534322,0.0,0.0,0.022837247848510742
1785290344.5575519,0.0,0.0,0.022821407318115234
1785290344.5808132,0.0,0.0,0.022842815399169922
1785290344.6040635,0.0,0.0,0.02282931137084961
1785290344.627361,0.0,0.0,0.022857376098632812
1785290344.650606,0.0,0.0,0.022820703506469725
1785290344.6739151,0.0,0.0,0.022850624084472658
1785290344.6971507,0.0,0.0,0.022808319091796876
1785290344.720384,0.0,0.0,0.022819328308105468
1785290344.7436254,0.0,0.0,0.022820127487182616
1785290344.766862,0.0,0.0,0.022826080322265626
1785290344.7901182,0.0,0.0,0.022819168090820314
1785290344.8133554,0.0,0.0,0.0228240966796875
1785290344.8365896,0.0,0.0,0.02282582473754883
1785290344.8598194,0.0,0.0,0.022821664810180664
1785290344.883036,0.0,0.0,0.02281046485900879
1785290344.9068255,0.0,0.0,0.022833984375
1785290344.9301074,0.0,0.0,0.022831296920776366
1785290344.9533768,0.0,0.0,0.022837312698364257
1785290344.9766107,0.0,0.0,0.02281328010559082
1785290344.999854,0.0,0.0,0.022830303192138673
1785290345.0230865,0.0,0.0,0.022812671661376953
1785290345.0463457,0.0,0.0,0.022824960708618162
1785290345.0695837,0.0,0.0,0.022833728790283205
1785290345.0928185,0.0,0.0,0.022826496124267577
1785290345.116061,0.0,0.0,0.022832576751708984
1785290345.1392958,0.0,0.0,0.022815200805664064
1785290345.162516,0.0,0.0,0.022809408187866212
1785290345.1857755,0.0,0.0,0.022847360610961914
1785290345.2090123,0.0,0.0,0.02283340835571289
1785290345.2322218,0.0,0.0,0.02280668830871582
1785290345.2554784,0.0,0.0,0.022841344833374022
1785290345.2786946,0.0,0.0,0.022812063217163087
1785290345.301951,0.0,0.0,0.022842720031738283
1785290345.325159,0.0,0.0,0.02280499267578125
1785290345.3483903,0.0,0.0,0.022815776824951173
1785290345.371608,0.0,0.0,0.022812320709228517
1785290345.3948348,0.0,0.0,0.022823968887329103
1785290345.418109,0.0,0.0,0.022823904037475588
1785290345.4413576,0.0,0.0,0.022840032577514647
1785290345.4647431,0.0,0.0,0.022968063354492186
1785290345.4880986,0.0,0.0,0.02294384002685547
1785290345.5119631,0.0,0.0,0.023462112426757813
1785290345.535345,0.0,0.0,0.022943328857421875
1785290345.5587044,0.0,0.0,0.022943584442138672
1785290345.5821054,0.0,0.0,0.022957632064819336
1785290345.6054912,0.0,0.0,0.022973855972290038
1785290345.628853,0.0,0.0,0.022941152572631837
1785290345.6522014,0.0,0.0,0.02294223976135254
1785290345.6755404,0.0,0.0,0.022926048278808595
1785290345.698913,0.0,0.0,0.022953535079956056
1785290345.722305,0.0,0.0,0.02294767951965332
1785290345.7456555,0.0,0.0,0.022938976287841795
1785290345.769004,0.0,0.0,0.02294211196899414
1785290345.792369,0.0,0.0,0.02294416046142578
1785290345.8157086,0.0,0.0,0.022930879592895508
1785290345.8390622,0.0,0.0,0.022943168640136718
1785290345.862448,0.0,0.0,0.02293635177612305
1785290345.8858023,0.0,0.0,0.022944448471069336
1785290345.9091504,0.0,0.0,0.022928607940673827
1785290345.9325137,0.0,0.0,0.022952608108520508
1785290345.9559062,0.0,0.0,0.022946432113647462
1785290345.9792616,0.0,0.0,0.022936384201049806
1785290346.002609,0.0,0.0,0.02293231964111328
1785290346.0259886,0.0,0.0,0.022966144561767578
1785290346.0493705,0.0,0.0,0.022975519180297853
1785290346.0727317,0.0,0.0,0.022940767288208007
1785290346.0964234,0.0,0.0,0.023280736923217773
1785290346.1197755,0.0,0.0,0.022935840606689455
1785290346.1431305,0.0,0.0,0.022919008255004883
1785290346.166486,0.0,0.0,0.02294585609436035
1785290346.1898544,0.0,0.0,0.022953760147094725
1785290346.2131941,0.0,0.0,0.022932767868041992
1785290346.236555,0.0,0.0,0.022943519592285157
1785290346.2598984,0.0,0.0,0.02293120002746582
1785290346.2838228,0.0,0.0,0.02350889587402344
1785290346.3071816,0.0,0.0,0.022942911148071288
1785290346.330528,0.0,0.0,0.022933439254760744
1785290346.3539133,0.0,0.0,0.02296633529663086
1785290346.377251,0.0,0.0,0.022927104949951174
1785290346.4006288,0.0,0.0,0.022954111099243165
1785290346.4239671,0.0,0.0,0.02292857551574707
1785290346.4473314,0.0,0.0,0.022954912185668946
1785290346.4706993,0.0,0.0,0.022951744079589845
1785290346.4940808,0.0,0.0,0.022974496841430665
1785290346.517418,0.0,0.0,0.0229215030670166
1785290346.540764,0.0,0.0,0.022935775756835936
1785290346.564115,0.0,0.0,0.022934335708618164
1785290346.5874789,0.0,0.0,0.02295609664916992
1785290346.6108205,0.0,0.0,0.02293382453918457
1785290346.634228,0.0,0.0,0.022972192764282227
1785290346.6575854,0.0,0.0,0.022940256118774413
1785290346.6809738,0.0,0.0,0.022947999954223634
1785290346.7043428,0.0,0.0,0.02295568084716797
1785290346.7277405,0.0,0.0,0.022958879470825196
1785290346.751124,0.0,0.0,0.02293552017211914
1785290346.7744904,0.0,0.0,0.02294668769836426
1785290346.7978492,0.0,0.0,0.022938943862915038
1785290346.8212128,0.0,0.0,0.022949119567871094
1785290346.8445578,0.0,0.0,0.02292799949645996
1785290346.8679428,0.0,0.0,0.02297430419921875
1785290346.891304,0.0,0.0,0.022941471099853516
1785290346.9146724,0.0,0.0,0.02294668769836426
1785290346.9380434,0.0,0.0,0.02296905517578125
1785290346.9614325,0.0,0.0,0.02294704055786133
1785290346.9847908,0.0,0.0,0.022944032669067384
1785290347.008149,0.0,0.0,0.022934783935546876
1785290347.0315177,0.0,0.0,0.022958368301391602
1785290347.055374,0.0,0.0,0.02344371223449707
1785290347.078723,0.0,0.0,0.022931039810180662
1785290347.1021001,0.0,0.0,0.022941375732421877
1785290347.1254497,0.0,0.0,0.02293120002746582
1785290347.1488,0.0,0.0,0.02293903923034668
1785290347.1721544,0.0,0.0,0.02293414306640625
1785290347.195523,0.0,0.0,0.022960992813110353
1785290347.2188985,0.0,0.0,0.022962400436401367
1785290347.2422898,0.0,0.0,0.022940767288208007
1785290347.2656174,0.0,0.0,0.02291846466064453
1785290347.2890046,0.0,0.0,0.022942272186279297
1785290347.3123498,0.0,0.0,0.022928735733032227
1785290347.335711,0.0,0.0,0.02294598388671875
1785290347.3590682,0.0,0.0,0.022951135635375975
1785290347.3824677,0.0,0.0,0.022956159591674803
1785290347.4058537,0.0,0.0,0.022972063064575197
1785290347.4292135,0.0,0.0,0.022952800750732423
1785290347.4525878,0.0,0.0,0.022952768325805666
1785290347.475948,0.0,0.0,0.022948928833007812
1785290347.499319,0.0,0.0,0.022948736190795897
1785290347.5226758,0.0,0.0,0.022947519302368165
1785290347.5460646,0.0,0.0,0.022959072113037108
1785290347.569427,0.0,0.0,0.022947839736938477
1785290347.592775,0.0,0.0,0.022945056915283202
1785290347.6161444,0.0,0.0,0.022956192016601564
1785290347.6395495,0.0,0.0,0.022990848541259764
1785290347.6629224,0.0,0.0,0.02295187187194824
1785290347.686324,0.0,0.0,0.022950944900512697
1785290347.7096653,0.0,0.0,0.022935136795043946
1785290347.7330317,0.0,0.0,0.022954496383666992
1785290347.7563848,0.0,0.0,0.02294620704650879
1785290347.7797253,0.0,0.0,0.022925600051879883
1785290347.803067,0.0,0.0,0.022933439254760744
1785290347.8269398,0.0,0.0,0.023434528350830076
1785290347.8503397,0.0,0.0,0.022942079544067382
1785290347.8736932,0.0,0.0,0.022946495056152344
1785290347.8970606,0.0,0.0,0.02294700813293457
1785290347.9204266,0.0,0.0,0.02295212745666504
1785290347.943833,0.0,0.0,0.022966495513916017
1785290347.9672172,0.0,0.0,0.02293916893005371
1785290347.9906151,0.0,0.0,0.022948320388793946
1785290348.0140035,0.0,0.0,0.022969919204711912
1785290348.0373535,0.0,0.0,0.022945600509643553
1785290348.06072,0.0,0.0,0.022951423645019533
1785290348.0840855,0.0,0.0,0.022952287673950196
1785290348.1074848,0.0,0.0,0.0229769287109375
1785290348.130833,0.0,0.0,0.022939584732055665
1785290348.1542192,0.0,0.0,0.022958688735961914
1785290348.1775758,0.0,0.0,0.02294118309020996
1785290348.2009177,0.0,0.0,0.02294243240356445
1785290348.2242718,0.0,0.0,0.02293766403198242
1785290348.24763,0.0,0.0,0.022944128036499024
1785290348.2709806,0.0,0.0,0.022937055587768554
1785290348.2943883,0.0,0.0,0.02294406318664551
1785290348.3177319,0.0,0.0,0.02294028854370117
1785290348.341117,0.0,0.0,0.02296998405456543
1785290348.3644621,0.0,0.0,0.022936607360839845
1785290348.387834,0.0,0.0,0.02295251274108887
1785290348.4112067,0.0,0.0,0.022950464248657227
1785290348.4345942,0.0,0.0,0.022959264755249023
1785290348.4579911,0.0,0.0,0.022990272521972655
1785290348.4813395,0.0,0.0,0.022942752838134767
1785290348.5047,0.0,0.0,0.022955455780029298
1785290348.5280716,0.0,0.0,0.022967967987060547
1785290348.5514371,0.0,0.0,0.02295292854309082
1785290348.574797,0.0,0.0,0.02294918441772461
1785290348.5987496,0.0,0.0,0.02351206398010254
1785290348.622148,0.0,0.0,0.02294950485229492
1785290348.64548,0.0,0.0,0.022926784515380858
1785290348.668841,0.0,0.0,0.022948032379150392
1785290348.6922185,0.0,0.0,0.022962432861328125
1785290348.7155943,0.0,0.0,0.02295769691467285
1785290348.7389786,0.0,0.0,0.022952768325805666
1785290348.7626138,0.0,0.0,0.023189535140991212
1785290348.7860043,0.0,0.0,0.022972831726074217
1785290348.8093538,0.0,0.0,0.02294028854370117
1785290348.8327165,0.0,0.0,0.022946975708007813
1785290348.8560705,0.0,0.0,0.02294419288635254
1785290348.8794777,0.0,0.0,0.02299216079711914
1785290348.902828,0.0,0.0,0.022941375732421877
1785290348.9261937,0.0,0.0,0.022936384201049806
1785290348.949547,0.0,0.0,0.02293484878540039
1785290348.972937,0.0,0.0,0.022957984924316405
1785290348.9962919,0.0,0.0,0.022935264587402342
1785290349.0196397,0.0,0.0,0.02294108772277832
1785290349.0429914,0.0,0.0,0.022940799713134764
1785290349.0663862,0.0,0.0,0.022948928833007812
1785290349.0898745,0.0,0.0,0.023005983352661134
1785290349.113239,0.0,0.0,0.022939712524414062
1785290349.1365807,0.0,0.0,0.02292889595031738
1785290349.1599245,0.0,0.0,0.02292515182495117
1785290349.183275,0.0,0.0,0.02294428825378418
1785290349.206623,0.0,0.0,0.022931007385253905
1785290349.2299838,0.0,0.0,0.022958911895751954
1785290349.253337,0.0,0.0,0.022948543548583986
1785290349.276696,0.0,0.0,0.022943391799926757
1785290349.300064,0.0,0.0,0.02295680046081543
1785290349.3234093,0.0,0.0,0.022933664321899413
1785290349.3467474,0.0,0.0,0.022933855056762695
1785290349.3706527,0.0,0.0,0.022935039520263673
1785290349.3940399,0.0,0.0,0.022971488952636718
1785290349.4173734,0.0,0.0,0.022932607650756835
1785290349.4407568,0.0,0.0,0.022963136672973634
1785290349.46411,0.0,0.0,0.02294780731201172
1785290349.4875286,0.0,0.0,0.023002111434936523
1785290349.5108929,0.0,0.0,0.02295238494873047
1785290349.5348449,0.0,0.0,0.023520544052124025
1785290349.5582201,0.0,0.0,0.022934719085693358
1785290349.5815604,0.0,0.0,0.022932672500610353
1785290349.6049118,0.0,0.0,0.022937183380126954
1785290349.6282516,0.0,0.0,0.02293231964111328
1785290349.6516101,0.0,0.0,0.022936927795410157
1785290349.6749609,0.0,0.0,0.022940160751342774
1785290349.6983278,0.0,0.0,0.022940832138061522
1785290349.7216923,0.0,0.0,0.022936416625976563
1785290349.7450485,0.0,0.0,0.022940351486206056
1785290349.7683961,0.0,0.0,0.022936256408691406
1785290349.7917347,0.0,0.0,0.022938623428344726
1785290349.815079,0.0,0.0,0.022932191848754883
1785290349.8384898,0.0,0.0,0.02297145652770996
1785290349.862088,0.0,0.0,0.02305232048034668
1785290349.8854752,0.0,0.0,0.02294508743286133
1785290349.9088404,0.0,0.0,0.022950143814086915
1785290349.9321947,0.0,0.0,0.022935487747192382
1785290349.9555697,0.0,0.0,0.0229703369140625
1785290349.9789422,0.0,0.0,0.02294937515258789
1785290350.0023367,0.0,0.0,0.022955104827880858
1785290350.0256763,0.0,0.0,0.022935007095336916
1785290350.0490322,0.0,0.0,0.0229418888092041
1785290350.0723882,0.0,0.0,0.022949760437011718
1785290350.0957527,0.0,0.0,0.022946752548217774
1785290350.1190834,0.0,0.0,0.022923583984375
1785290350.1429856,0.0,0.0,0.02295395278930664
1785290350.1663487,0.0,0.0,0.022930112838745118
1785290350.1897035,0.0,0.0,0.022948928833007812
1785290350.213044,0.0,0.0,0.022930015563964845
1785290350.2364001,0.0,0.0,0.022950880050659178
1785290350.259754,0.0,0.0,0.0229454402923584
1785290350.283201,0.0,0.0,0.022931488037109374
1785290350.3070858,0.0,0.0,0.023468704223632814
1785290350.330462,0.0,0.0,0.022943231582641603
1785290350.3538687,0.0,0.0,0.02298031997680664
1785290350.377247,0.0,0.0,0.02296623992919922
1785290350.400596,0.0,0.0,0.02294041633605957
1785290350.4239461,0.0,0.0,0.022935712814331054
1785290350.4472935,0.0,0.0,0.022932287216186523
1785290350.4706614,0.0,0.0,0.022955808639526367
1785290350.49406,0.0,0.0,0.022978591918945312
1785290350.517408,0.0,0.0,0.022940767288208007
1785290350.540783,0.0,0.0,0.022940448760986328
1785290350.5641336,0.0,0.0,0.022944896697998048
1785290350.5875108,0.0,0.0,0.022963775634765624
1785290350.6108468,0.0,0.0,0.022929311752319336
1785290350.6342466,0.0,0.0,0.02294764709472656
1785290350.657605,0.0,0.0,0.0229385929107666
1785290350.6809545,0.0,0.0,0.02294425582885742
1785290350.7043252,0.0,0.0,0.02296236801147461
1785290350.7276757,0.0,0.0,0.022948991775512694
1785290350.751066,0.0,0.0,0.02297097587585449
1785290350.7744446,0.0,0.0,0.02293731117248535
1785290350.7977939,0.0,0.0,0.022947744369506837
1785290350.8211381,0.0,0.0,0.022930368423461914
1785290350.8444903,0.0,0.0,0.022947263717651368
1785290350.8678427,0.0,0.0,0.022938304901123047
1785290350.891742,0.0,0.0,0.02349388885498047
1785290350.9151282,0.0,0.0,0.022943296432495118
1785290350.9384704,0.0,0.0,0.022942176818847658
1785290350.9618404,0.0,0.0,0.02295964813232422
1785290350.9851942,0.0,0.0,0.02294473648071289
1785290351.0085468,0.0,0.0,0.022945600509643553
1785290351.0318894,0.0,0.0,0.022929439544677733
1785290351.0552435,0.0,0.0,0.022941631317138673
1785290351.0790892,0.0,0.0,0.0234400634765625
1785290351.1024425,0.0,0.0,0.022920320510864258
1785290351.1257954,0.0,0.0,0.02294588851928711
1785290351.1491463,0.0,0.0,0.022933855056762695
1785290351.172496,0.0,0.0,0.02294528007507324
1785290351.1958585,0.0,0.0,0.022941951751708985
1785290351.2192123,0.0,0.0,0.02294432067871094
1785290351.2425785,0.0,0.0,0.022949151992797852
1785290351.2659552,0.0,0.0,0.02296396827697754
1785290351.2892876,0.0,0.0,0.022924896240234374
1785290351.312642,0.0,0.0,0.022942272186279297
1785290351.3359742,0.0,0.0,0.022926816940307616
1785290351.3593292,0.0,0.0,0.022942752838134767
1785290351.3826745,0.0,0.0,0.022934303283691407
1785290351.4060588,0.0,0.0,0.022973888397216796
1785290351.429399,0.0,0.0,0.0229322566986084
1785290351.45275,0.0,0.0,0.022941600799560546
1785290351.4761055,0.0,0.0,0.022940864562988283
1785290351.4994938,0.0,0.0,0.022978143692016603
1785290351.5228338,0.0,0.0,0.022923200607299805
1785290351.546207,0.0,0.0,0.022947839736938477
1785290351.5695794,0.0,0.0,0.022964479446411133
1785290351.5929365,0.0,0.0,0.022939903259277344
1785290351.6162806,0.0,0.0,0.022934816360473634
1785290351.639632,0.0,0.0,0.02293788719177246
1785290351.6631923,0.0,0.0,0.023147808074951173
1785290351.686559,0.0,0.0,0.0229465274810791
1785290351.7099125,0.0,0.0,0.022942911148071288
1785290351.7332664,0.0,0.0,0.022947935104370116
1785290351.7566094,0.0,0.0,0.02291833686828613
1785290351.7799554,0.0,0.0,0.02294175910949707
1785290351.8033192,0.0,0.0,0.02294265556335449
1785290351.8266728,0.0,0.0,0.022944768905639647
1785290351.8506947,0.0,0.0,0.0236146240234375
1785290351.8740916,0.0,0.0,0.02293929672241211
1785290351.8974452,0.0,0.0,0.022948991775512694
1785290351.920793,0.0,0.0,0.022935392379760743
1785290351.9441414,0.0,0.0,0.022940832138061522
1785290351.9675357,0.0,0.0,0.02295327949523926
1785290351.9909058,0.0,0.0,0.022959455490112305
1785290352.0143108,0.0,0.0,0.022955455780029298
1785290352.037672,0.0,0.0,0.022944416046142578
1785290352.061024,0.0,0.0,0.0229388484954834
1785290352.084384,0.0,0.0,0.022939199447631835
1785290352.1077352,0.0,0.0,0.0229420166015625
1785290352.131087,0.0,0.0,0.022938400268554687
1785290352.154469,0.0,0.0,0.022940576553344725
1785290352.1778097,0.0,0.0,0.022934207916259764
1785290352.2011456,0.0,0.0,0.02292767906188965
1785290352.224507,0.0,0.0,0.02294902420043945
1785290352.2478602,0.0,0.0,0.02293222427368164
1785290352.2712195,0.0,0.0,0.022945728302001953
1785290352.294587,0.0,0.0,0.022947135925292968
1785290352.317986,0.0,0.0,0.02299075126647949
1785290352.341341,0.0,0.0,0.02295123291015625
1785290352.3646843,0.0,0.0,0.02292815971374512
1785290352.3880365,0.0,0.0,0.02295123291015625
1785290352.4113863,0.0,0.0,0.022938175201416014
1785290352.434733,0.0,0.0,0.022941280364990234
1785290352.4581017,0.0,0.0,0.0229368953704834
1785290352.4814441,0.0,0.0,0.022936992645263672
1785290352.504788,0.0,0.0,0.02293712043762207
1785290352.5281324,0.0,0.0,0.0229334716796875
1785290352.5515177,0.0,0.0,0.02297894477844238
1785290352.5748878,0.0,0.0,0.02295132827758789
1785290352.5982425,0.0,0.0,0.022923519134521484
1785290352.622114,0.0,0.0,0.023467744827270508
1785290352.6454508,0.0,0.0,0.022926464080810546
1785290352.6687942,0.0,0.0,0.02293734359741211
1785290352.692135,0.0,0.0,0.022925823211669923
1785290352.7155256,0.0,0.0,0.022982463836669922
1785290352.7388592,0.0,0.0,0.02292246437072754
1785290352.7622323,0.0,0.0,0.022945823669433593
1785290352.7855947,0.0,0.0,0.02294764709472656
1785290352.8089418,0.0,0.0,0.022934335708618164
1785290352.8322852,0.0,0.0,0.022933216094970704
1785290352.8556352,0.0,0.0,0.022935359954833985
1785290352.878975,0.0,0.0,0.022940736770629883
1785290352.9023728,0.0,0.0,0.022951583862304687
1785290352.9257078,0.0,0.0,0.02292723274230957
1785290352.949059,0.0,0.0,0.022947071075439453
1785290352.9724357,0.0,0.0,0.022956512451171876
1785290352.9957829,0.0,0.0,0.022941631317138673
1785290353.0191312,0.0,0.0,0.022925600051879883
1785290353.0424993,0.0,0.0,0.022956512451171876
1785290353.0659003,0.0,0.0,0.02298512077331543
1785290353.0892375,0.0,0.0,0.022932607650756835
1785290353.1125968,0.0,0.0,0.022953792572021483
1785290353.1359663,0.0,0.0,0.02295097541809082
1785290353.1593328,0.0,0.0,0.022955551147460937
1785290353.1826909,0.0,0.0,0.022940959930419922
1785290353.206319,0.0,0.0,0.023224191665649416
1785290353.2297003,0.0,0.0,0.0229586238861084
1785290353.2530415,0.0,0.0,0.022928415298461916
1785290353.2764156,0.0,0.0,0.022968223571777344
1785290353.2997794,0.0,0.0,0.022947839736938477
1785290353.3231542,0.0,0.0,0.022965663909912108
1785290353.3465307,0.0,0.0,0.022963647842407228
1785290353.3699043,0.0,0.0,0.022969568252563476
1785290353.3938112,0.0,0.0,0.023502656936645508
1785290353.4171648,0.0,0.0,0.02293766403198242
1785290353.4405258,0.0,0.0,0.0229529914855957
1785290353.4638934,0.0,0.0,0.02295008087158203
1785290353.4872413,0.0,0.0,0.02293951988220215
1785290353.5106337,0.0,0.0,0.022970527648925782
1785290353.5340464,0.0,0.0,0.02300604820251465
1785290353.5574589,0.0,0.0,0.022976192474365234
1785290353.5808294,0.0,0.0,0.02294313621520996
1785290353.6041932,0.0,0.0,0.022955039978027343
1785290353.62757,0.0,0.0,0.022959808349609374
1785290353.6509342,0.0,0.0,0.022956960678100585
1785290353.6743279,0.0,0.0,0.022951072692871093
1785290353.6976826,0.0,0.0,0.02294940757751465
1785290353.7210321,0.0,0.0,0.022946048736572265
1785290353.7443879,0.0,0.0,0.02294607925415039
1785290353.7677314,0.0,0.0,0.02293939208984375
1785290353.7910872,0.0,0.0,0.022941823959350585
1785290353.8144817,0.0,0.0,0.022942399978637694
1785290353.8378692,0.0,0.0,0.022972768783569335
1785290353.8612382,0.0,0.0,0.0229607048034668
1785290353.884604,0.0,0.0,0.022963455200195312
1785290353.9079812,0.0,0.0,0.022949087142944337
1785290353.931338,0.0,0.0,0.02295452880859375
1785290353.9546998,0.0,0.0,0.022945695877075196
1785290353.9780986,0.0,0.0,0.022965856552124023
1785290354.0014713,0.0,0.0,0.0229616641998291
1785290354.0248137,0.0,0.0,0.022939199447631835
1785290354.0481694,0.0,0.0,0.022949695587158203
1785290354.071536,0.0,0.0,0.02295404815673828
1785290354.0948873,0.0,0.0,0.022946144104003908
1785290354.1182973,0.0,0.0,0.022950687408447266
1785290354.1416724,0.0,0.0,0.022966367721557617
1785290354.1655252,0.0,0.0,0.023449567794799803
1785290354.1889124,0.0,0.0,0.022970943450927733
1785290354.2122757,0.0,0.0,0.022954336166381838
1785290354.2356231,0.0,0.0,0.022939903259277344
1785290354.258987,0.0,0.0,0.022956064224243164
1785290354.2823818,0.0,0.0,0.022942079544067382
1785290354.3057508,0.0,0.0,0.022964927673339845
1785290354.3290992,0.0,0.0,0.022937376022338866
1785290354.3524597,0.0,0.0,0.0229484806060791
1785290354.3758018,0.0,0.0,0.022934112548828125
1785290354.3991756,0.0,0.0,0.022954912185668946
1785290354.4225202,0.0,0.0,0.02293414306640625
1785290354.445919,0.0,0.0,0.022983871459960937
1785290354.4692667,0.0,0.0,0.02294265556335449
1785290354.492612,0.0,0.0,0.022930751800537108
1785290354.5159774,0.0,0.0,0.02294256019592285
1785290354.5393245,0.0,0.0,0.02293974494934082
1785290354.5626829,0.0,0.0,0.02294371223449707
1785290354.5860534,0.0,0.0,0.02295635223388672
1785290354.6093872,0.0,0.0,0.022921600341796876
1785290354.6327353,0.0,0.0,0.02294243240356445
1785290354.656083,0.0,0.0,0.02293734359741211
1785290354.6794643,0.0,0.0,0.022970304489135743
1785290354.7028093,0.0,0.0,0.022934879302978516
1785290354.7261903,0.0,0.0,0.0229454402923584
1785290354.7495325,0.0,0.0,0.022938047409057617
1785290354.7728753,0.0,0.0,0.022926496505737304
1785290354.7962105,0.0,0.0,0.02293052864074707
1785290354.819564,0.0,0.0,0.022951839447021484
1785290354.8429148,0.0,0.0,0.022941856384277343
1785290354.8662927,0.0,0.0,0.022938016891479493
1785290354.8896596,0.0,0.0,0.02295408058166504
1785290354.91301,0.0,0.0,0.022940351486206056
1785290354.9369626,0.0,0.0,0.023541568756103515
1785290354.9603336,0.0,0.0,0.022951744079589845
1785290354.9837148,0.0,0.0,0.022968799591064452
1785290355.0070763,0.0,0.0,0.02294371223449707
1785290355.0304556,0.0,0.0,0.02293881607055664
1785290355.0538368,0.0,0.0,0.022964927673339845
1785290355.0771954,0.0,0.0,0.022951360702514648
1785290355.1005642,0.0,0.0,0.022960128784179686
1785290355.1239297,0.0,0.0,0.022948896408081055
1785290355.1472852,0.0,0.0,0.022943967819213866
1785290355.1706574,0.0,0.0,0.02293302345275879
1785290355.1940472,0.0,0.0,0.0229718074798584
1785290355.217405,0.0,0.0,0.02294009590148926
1785290355.2407436,0.0,0.0,0.022928384780883788
1785290355.2640972,0.0,0.0,0.022944608688354493
1785290355.287487,0.0,0.0,0.0229768009185791
1785290355.310839,0.0,0.0,0.022945600509643553
1785290355.334213,0.0,0.0,0.02294259262084961
1785290355.357567,0.0,0.0,0.022944448471069336
1785290355.3809154,0.0,0.0,0.022940959930419922
1785290355.4042668,0.0,0.0,0.022940160751342774
1785290355.4276397,0.0,0.0,0.022967199325561523
1785290355.4509819,0.0,0.0,0.022928224563598634
1785290355.474368,0.0,0.0,0.022943744659423827
1785290355.4977033,0.0,0.0,0.02292572784423828
1785290355.5210629,0.0,0.0,0.022955135345458986
1785290355.5444214,0.0,0.0,0.022942848205566406
1785290355.5677652,0.0,0.0,0.0229385929107666
1785290355.5911312,0.0,0.0,0.022938880920410156
1785290355.614489,0.0,0.0,0.022939136505126953
1785290355.6378663,0.0,0.0,0.02297007942199707
1785290355.6612124,0.0,0.0,0.02293369674682617
1785290355.6845365,0.0,0.0,0.022920448303222655
1785290355.7084465,0.0,0.0,0.02349750328063965
1785290355.7318041,0.0,0.0,0.02293715286254883
1785290355.7551641,0.0,0.0,0.022951583862304687
1785290355.778532,0.0,0.0,0.022942880630493163
1785290355.8019476,0.0,0.0,0.022989471435546874
1785290355.8253138,0.0,0.0,0.02295155143737793
1785290355.8486733,0.0,0.0,0.022941951751708985
1785290355.8720477,0.0,0.0,0.022962528228759764
1785290355.8954191,0.0,0.0,0.02296268844604492
1785290355.918772,0.0,0.0,0.02294495964050293
1785290355.9421763,0.0,0.0,0.022952800750732423
1785290355.96553,0.0,0.0,0.022943071365356445
1785290355.9888937,0.0,0.0,0.022946367263793944
1785290356.0122557,0.0,0.0,0.0229465274810791
1785290356.0356119,0.0,0.0,0.022945344924926756
1785290356.058969,0.0,0.0,0.022946271896362305
1785290356.0823715,0.0,0.0,0.02295587158203125
1785290356.1057363,0.0,0.0,0.02294592094421387
1785290356.1290958,0.0,0.0,0.022954624176025392
1785290356.1524553,0.0,0.0,0.022945600509643553
1785290356.175804,0.0,0.0,0.02295132827758789
1785290356.199165,0.0,0.0,0.02295187187194824
1785290356.222529,0.0,0.0,0.022946943283081056
1785290356.245896,0.0,0.0,0.02295631980895996
1785290356.2692513,0.0,0.0,0.022943904876708984
1785290356.2926142,0.0,0.0,0.022956768035888673
1785290356.31598,0.0,0.0,0.02295100784301758
1785290356.3393326,0.0,0.0,0.022940031051635744
1785290356.3626971,0.0,0.0,0.02295350456237793
1785290356.3860834,0.0,0.0,0.022951967239379884
1785290356.4094543,0.0,0.0,0.022965183258056642
1785290356.4328127,0.0,0.0,0.0229453125
1785290356.4561877,0.0,0.0,0.02296700859069824
1785290356.4800727,0.0,0.0,0.022939552307128908
1785290356.5034306,0.0,0.0,0.02294550323486328
1785290356.5267785,0.0,0.0,0.022943296432495118
1785290356.550163,0.0,0.0,0.022932287216186523
1785290356.573517,0.0,0.0,0.02294691276550293
1785290356.5968645,0.0,0.0,0.022932064056396483
1785290356.6202302,0.0,0.0,0.022958368301391602
1785290356.6440847,0.0,0.0,0.02344598388671875
1785290356.6674256,0.0,0.0,0.022930431365966796
1785290356.6907678,0.0,0.0,0.02293190383911133
1785290356.7141616,0.0,0.0,0.022945152282714844
1785290356.7375119,0.0,0.0,0.02294704055786133
1785290356.7608685,0.0,0.0,0.022942975997924806
1785290356.784235,0.0,0.0,0.0229434871673584
1785290356.807589,0.0,0.0,0.02293891143798828
1785290356.830941,0.0,0.0,0.02293177604675293
1785290356.8543377,0.0,0.0,0.022951583862304687
1785290356.8777025,0.0,0.0,0.022938047409057617
1785290356.9010541,0.0,0.0,0.0229418888092041
1785290356.9244041,0.0,0.0,0.022931072235107423
1785290356.9477437,0.0,0.0,0.02293596839904785
1785290356.971121,0.0,0.0,0.022936960220336915
1785290356.9944847,0.0,0.0,0.022945535659790038
1785290357.0178666,0.0,0.0,0.02296735954284668
1785290357.0411994,0.0,0.0,0.022915584564208984
1785290357.0645294,0.0,0.0,0.022923871994018553
1785290357.0878859,0.0,0.0,0.022946176528930665
1785290357.111238,0.0,0.0,0.02294495964050293
1785290357.1346028,0.0,0.0,0.022957279205322267
1785290357.1580002,0.0,0.0,0.022982944488525392
1785290357.1813452,0.0,0.0,0.022932287216186523
1785290357.2047095,0.0,0.0,0.022946239471435547
1785290357.2286785,0.0,0.0,0.0235536003112793
1785290357.2520454,0.0,0.0,0.02295052719116211
1785290357.2753954,0.0,0.0,0.02294438362121582
1785290357.2987356,0.0,0.0,0.022933664321899413
1785290357.3221207,0.0,0.0,0.022939327239990235
1785290357.3454635,0.0,0.0,0.022936832427978514
1785290357.3688104,0.0,0.0,0.022936960220336915
1785290357.3921854,0.0,0.0,0.02294655990600586
1785290357.4160638,0.0,0.0,0.02347238349914551
1785290357.4394283,0.0,0.0,0.022947391510009765
1785290357.462785,0.0,0.0,0.022952320098876954
1785290357.486183,0.0,0.0,0.022946271896362305
1785290357.5095358,0.0,0.0,0.022946048736572265
1785290357.5328894,0.0,0.0,0.022940607070922853
1785290357.5562415,0.0,0.0,0.022945184707641602
1785290357.5796165,0.0,0.0,0.02296784019470215
1785290357.602963,0.0,0.0,0.02293369674682617
1785290357.6263664,0.0,0.0,0.022960832595825195
1785290357.6497083,0.0,0.0,0.02292585563659668
1785290357.673054,0.0,0.0,0.022935199737548827
1785290357.6964061,0.0,0.0,0.022932159423828126
1785290357.7197485,0.0,0.0,0.022929855346679687
1785290357.7431288,0.0,0.0,0.022943296432495118
1785290357.766489,0.0,0.0,0.022942911148071288
1785290357.7898576,0.0,0.0,0.022959007263183593
1785290357.8132062,0.0,0.0,0.0229333438873291
1785290357.836542,0.0,0.0,0.022930240631103514
1785290357.8598785,0.0,0.0,0.022924383163452147
1785290357.883219,0.0,0.0,0.02293071937561035
1785290357.9065967,0.0,0.0,0.022955167770385743
1785290357.9299943,0.0,0.0,0.022983711242675783
1785290357.9533432,0.0,0.0,0.022945344924926756
1785290357.9767063,0.0,0.0,0.022944799423217775
1785290358.00006,0.0,0.0,0.022947328567504883
1785290358.0234084,0.0,0.0,0.022930240631103514
1785290358.0467463,0.0,0.0,0.022933536529541016
1785290358.0701532,0.0,0.0,0.022963327407836916
1785290358.093493,0.0,0.0,0.022925888061523438
1785290358.1168525,0.0,0.0,0.022947263717651368
1785290358.1402135,0.0,0.0,0.02294419288635254
1785290358.1635602,0.0,0.0,0.022940576553344725
1785290358.1874313,0.0,0.0,0.0234466552734375
1785290358.2107708,0.0,0.0,0.02292697525024414
1785290358.2341342,0.0,0.0,0.0229354248046875
1785290358.2574947,0.0,0.0,0.02294428825378418
1785290358.2808468,0.0,0.0,0.022942752838134767
1785290358.3041892,0.0,0.0,0.022925056457519532
1785290358.3275418,0.0,0.0,0.022944608688354493
1785290358.350886,0.0,0.0,0.02293836784362793
1785290358.3742867,0.0,0.0,0.0229334716796875
1785290358.3976269,0.0,0.0,0.022929407119750975
1785290358.42101,0.0,0.0,0.02296284866333008
1785290358.4443634,0.0,0.0,0.02294313621520996
1785290358.467707,0.0,0.0,0.02293097686767578
1785290358.4910376,0.0,0.0,0.02292515182495117
1785290358.5144334,0.0,0.0,0.02294745635986328
1785290358.537764,0.0,0.0,0.022917951583862305
1785290358.5611398,0.0,0.0,0.022966623306274414
1785290358.5845037,0.0,0.0,0.022950656890869142
1785290358.6078777,0.0,0.0,0.022959360122680662
1785290358.6312377,0.0,0.0,0.02293667221069336
1785290358.6546025,0.0,0.0,0.02295305633544922
1785290358.6779659,0.0,0.0,0.022955520629882813
1785290358.70132,0.0,0.0,0.022941408157348634
1785290358.724662,0.0,0.0,0.022929407119750975
1785290358.7480276,0.0,0.0,0.022946495056152344
1785290358.771366,0.0,0.0,0.02293446350097656
1785290358.7947233,0.0,0.0,0.02293836784362793
1785290358.8180802,0.0,0.0,0.022936800003051757
1785290358.8414125,0.0,0.0,0.022926624298095704
1785290358.864761,0.0,0.0,0.022938240051269532
1785290358.8881085,0.0,0.0,0.022934879302978516
1785290358.9114726,0.0,0.0,0.022952703475952147
1785290358.9348032,0.0,0.0,0.022916831970214845
1785290358.9589517,0.0,0.0,0.02369900894165039
1785290358.9823585,0.0,0.0,0.022954912185668946
1785290359.0057218,0.0,0.0,0.022941375732421877
1785290359.0290678,0.0,0.0,0.022925535202026368
1785290359.0524197,0.0,0.0,0.02294710350036621
1785290359.0757844,0.0,0.0,0.02294588851928711
1785290359.099134,0.0,0.0,0.022921791076660158
1785290359.1228979,0.0,0.0,0.023349760055541992
1785290359.14628,0.0,0.0,0.02294051170349121
1785290359.169635,0.0,0.0,0.022948959350585937
1785290359.1929972,0.0,0.0,0.022948863983154297
1785290359.2163477,0.0,0.0,0.022948511123657228
1785290359.239709,0.0,0.0,0.02294822311401367
1785290359.2630587,0.0,0.0,0.022943391799926757
1785290359.286462,0.0,0.0,0.022957151412963867
1785290359.309885,0.0,0.0,0.02300387191772461
1785290359.3333366,0.0,0.0,0.022993663787841796
1785290359.3567028,0.0,0.0,0.022946144104003908
1785290359.3800654,0.0,0.0,0.022950656890869142
1785290359.4034324,0.0,0.0,0.022948032379150392
1785290359.426788,0.0,0.0,0.022947872161865234
1785290359.450154,0.0,0.0,0.022933055877685547
1785290359.4734912,0.0,0.0,0.0229267520904541
1785290359.4968464,0.0,0.0,0.022946399688720705
1785290359.5201862,0.0,0.0,0.022926368713378907
1785290359.543553,0.0,0.0,0.022954015731811522
1785290359.5669332,0.0,0.0,0.02293328094482422
1785290359.5903168,0.0,0.0,0.022938720703125
1785290359.6136663,0.0,0.0,0.022935007095336916
1785290359.6370287,0.0,0.0,0.022945695877075196
1785290359.6603925,0.0,0.0,0.02295404815673828
1785290359.68375,0.0,0.0,0.02293600082397461
1785290359.7071245,0.0,0.0,0.022939903259277344
1785290359.7309833,0.0,0.0,0.023445024490356445
1785290359.7543628,0.0,0.0,0.022940383911132813
1785290359.7777257,0.0,0.0,0.022955263137817383
1785290359.801074,0.0,0.0,0.022930271148681642
1785290359.8244178,0.0,0.0,0.022940767288208007
1785290359.8477688,0.0,0.0,0.022937952041625978
1785290359.8711329,0.0,0.0,0.022941375732421877
1785290359.8945096,0.0,0.0,0.022963167190551758
1785290359.9178872,0.0,0.0,0.022962623596191407
1785290359.9412582,0.0,0.0,0.02296419143676758
1785290359.9646459,0.0,0.0,0.02296976089477539
1785290359.9880397,0.0,0.0,0.022956832885742188
1785290360.0114236,0.0,0.0,0.022962080001831055
1785290360.0347495,0.0,0.0,0.022918079376220705
1785290360.058143,0.0,0.0,0.022964479446411133
1785290360.0815127,0.0,0.0,0.022949087142944337
1785290360.1048636,0.0,0.0,0.022941823959350585
1785290360.128218,0.0,0.0,0.02293948745727539
1785290360.1516023,0.0,0.0,0.022957056045532227
1785290360.1749783,0.0,0.0,0.02295631980895996
1785290360.1983612,0.0,0.0,0.02294406318664551
1785290360.2217917,0.0,0.0,0.02302351951599121
1785290360.2451477,0.0,0.0,0.022937023162841796
1785290360.2684925,0.0,0.0,0.022934272766113283
1785290360.2918537,0.0,0.0,0.02294688034057617
1785290360.3152072,0.0,0.0,0.02294009590148926
1785290360.3385828,0.0,0.0,0.022951711654663087
1785290360.361993,0.0,0.0,0.022998624801635743
1785290360.3853598,0.0,0.0,0.02295846366882324
1785290360.4087188,0.0,0.0,0.022944511413574217
1785290360.432073,0.0,0.0,0.022948352813720704
1785290360.4554825,0.0,0.0,0.02299068832397461
1785290360.4788404,0.0,0.0,0.022950815200805663
1785290360.50279,0.0,0.0,0.022949472427368164
1785290360.5261838,0.0,0.0,0.02295350456237793
1785290360.5495899,0.0,0.0,0.02299875259399414
1785290360.5729573,0.0,0.0,0.022950687408447266
1785290360.5963051,0.0,0.0,0.022936960220336915
1785290360.6196675,0.0,0.0,0.022947744369506837
1785290360.643028,0.0,0.0,0.0229484806060791
1785290360.6669874,0.0,0.0,0.02351519966125488
1785290360.690363,0.0,0.0,0.02294384002685547
1785290360.7137182,0.0,0.0,0.022945600509643553
1785290360.7370758,0.0,0.0,0.022939199447631835
1785290360.760424,0.0,0.0,0.022937183380126954
1785290360.78377,0.0,0.0,0.022931840896606444
1785290360.8071306,0.0,0.0,0.02294550323486328
1785290360.8304858,0.0,0.0,0.022942495346069337
1785290360.8538504,0.0,0.0,0.022949440002441406
1785290360.8771806,0.0,0.0,0.02293132781982422
1785290360.900538,0.0,0.0,0.022943008422851564
1785290360.9238749,0.0,0.0,0.022932640075683595
1785290360.9472492,0.0,0.0,0.0229532470703125
1785290360.970661,0.0,0.0,0.02295568084716797
1785290360.9940455,0.0,0.0,0.02297020721435547
1785290361.0173974,0.0,0.0,0.02293654441833496
1785290361.040749,0.0,0.0,0.02293606376647949
1785290361.0640996,0.0,0.0,0.022934431076049804
1785290361.0874918,0.0,0.0,0.022987295150756835
1785290361.11084,0.0,0.0,0.022936960220336915
1785290361.1342218,0.0,0.0,0.022940383911132813
1785290361.1575549,0.0,0.0,0.022924543380737305
1785290361.180899,0.0,0.0,0.022928831100463867
1785290361.2042325,0.0,0.0,0.02292950439453125
1785290361.227588,0.0,0.0,0.022939104080200196
1785290361.251341,0.0,0.0,0.023341983795166017
1785290361.2747,0.0,0.0,0.022942848205566406
1785290361.2980874,0.0,0.0,0.02294598388671875
1785290361.3214424,0.0,0.0,0.022943199157714842
1785290361.344778,0.0,0.0,0.02292291259765625
1785290361.3681214,0.0,0.0,0.022935359954833985
1785290361.3914986,0.0,0.0,0.022960895538330077
1785290361.4148421,0.0,0.0,0.022931520462036132
1785290361.4387045,0.0,0.0,0.023436576843261718
1785290361.4620786,0.0,0.0,0.022941791534423828
1785290361.4854052,0.0,0.0,0.02292291259765625
1785290361.5087752,0.0,0.0,0.02295702362060547
1785290361.532111,0.0,0.0,0.022932575225830077
1785290361.5554874,0.0,0.0,0.022961856842041016
1785290361.578842,0.0,0.0,0.022943967819213866
1785290361.6022606,0.0,0.0,0.022972288131713866
1785290361.625625,0.0,0.0,0.022942047119140625
1785290361.64898,0.0,0.0,0.022944032669067384
1785290361.6723297,0.0,0.0,0.022932191848754883
1785290361.6956818,0.0,0.0,0.022941600799560546
1785290361.719035,0.0,0.0,0.022937440872192384
1785290361.7424152,0.0,0.0,0.022941728591918946
1785290361.7658,0.0,0.0,0.022950559616088866
1785290361.7891493,0.0,0.0,0.022931455612182617
1785290361.8125012,0.0,0.0,0.022948991775512694
1785290361.835858,0.0,0.0,0.022939359664916992
1785290361.859262,0.0,0.0,0.02294607925415039
1785290361.8826072,0.0,0.0,0.02292419242858887
1785290361.9059973,0.0,0.0,0.022986303329467772
1785290361.9293613,0.0,0.0,0.022954143524169923
1785290361.9527116,0.0,0.0,0.02293328094482422
1785290361.9760787,0.0,0.0,0.02295180892944336
1785290361.9994621,0.0,0.0,0.02296272087097168
1785290362.0229752,0.0,0.0,0.023109216690063477
1785290362.0463622,0.0,0.0,0.02294668769836426
1785290362.0697129,0.0,0.0,0.02294495964050293
1785290362.09307,0.0,0.0,0.02295363235473633
1785290362.1164153,0.0,0.0,0.022931264877319335
1785290362.1397643,0.0,0.0,0.022946592330932616
1785290362.1631289,0.0,0.0,0.022939647674560547
1785290362.1864603,0.0,0.0,0.022926496505737304
1785290362.210348,0.0,0.0,0.023481727600097656
1785290362.2336886,0.0,0.0,0.022927967071533203
1785290362.2570198,0.0,0.0,0.02292927932739258
1785290362.2803662,0.0,0.0,0.022936223983764648
1785290362.3037138,0.0,0.0,0.02294009590148926
1785290362.3270826,0.0,0.0,0.022947296142578125
1785290362.3504577,0.0,0.0,0.022940256118774413
1785290362.373848,0.0,0.0,0.0229671688079834
1785290362.3971972,0.0,0.0,0.022936607360839845
1785290362.4205408,0.0,0.0,0.02293612861633301
1785290362.4438937,0.0,0.0,0.022937952041625978
1785290362.4672387,0.0,0.0,0.02293827247619629
1785290362.4906034,0.0,0.0,0.022947263717651368
1785290362.5139704,0.0,0.0,0.022955360412597655
1785290362.537451,0.0,0.0,0.02306393623352051
1785290362.561089,0.0,0.0,0.02304969596862793
1785290362.5844731,0.0,0.0,0.022958335876464845
1785290362.6078234,0.0,0.0,0.022933216094970704
1785290362.6311805,0.0,0.0,0.022942304611206055
1785290362.6545389,0.0,0.0,0.022940128326416016
1785290362.6779044,0.0,0.0,0.02296006393432617
1785290362.7012606,0.0,0.0,0.022950719833374024
1785290362.7246213,0.0,0.0,0.022947423934936522
1785290362.7479706,0.0,0.0,0.022943807601928712
1785290362.7713223,0.0,0.0,0.022938720703125
1785290362.7946668,0.0,0.0,0.022939552307128908
1785290362.8180568,0.0,0.0,0.02297612762451172
1785290362.841392,0.0,0.0,0.02292198371887207
1785290362.8647366,0.0,0.0,0.0229368953704834
1785290362.888077,0.0,0.0,0.022922079086303712
1785290362.911411,0.0,0.0,0.02292799949645996
1785290362.9347663,0.0,0.0,0.0229420166015625
1785290362.958181,0.0,0.0,0.022943391799926757
1785290362.9820476,0.0,0.0,0.023457088470458985
1785290363.0054204,0.0,0.0,0.022955263137817383
1785290363.0287879,0.0,0.0,0.022948768615722655
1785290363.0521421,0.0,0.0,0.022938943862915038
1785290363.0755272,0.0,0.0,0.02297772789001465
1785290363.098912,0.0,0.0,0.022961503982543947
1785290363.122269,0.0,0.0,0.022929248809814454
1785290363.14563,0.0,0.0,0.022947296142578125
1785290363.168967,0.0,0.0,0.02292799949645996
1785290363.192312,0.0,0.0,0.02294169616699219
1785290363.2156498,0.0,0.0,0.022918912887573244
1785290363.2389903,0.0,0.0,0.02293190383911133
1785290363.2623904,0.0,0.0,0.022952159881591796
1785290363.2857444,0.0,0.0,0.02294806480407715
1785290363.3091033,0.0,0.0,0.022955135345458986
1785290363.332458,0.0,0.0,0.022945472717285156
1785290363.3558016,0.0,0.0,0.022936288833618163
1785290363.3791585,0.0,0.0,0.022938207626342775
1785290363.4025254,0.0,0.0,0.022956863403320312
1785290363.4259083,0.0,0.0,0.022968544006347656
1785290363.449256,0.0,0.0,0.022940383911132813
1785290363.4726033,0.0,0.0,0.022942495346069337
1785290363.4959488,0.0,0.0,0.022928991317749024
1785290363.5193098,0.0,0.0,0.022953407287597656
1785290363.5426583,0.0,0.0,0.022929887771606445
1785290363.5660381,0.0,0.0,0.022972991943359375
1785290363.5893893,0.0,0.0,0.022935903549194336
1785290363.6127315,0.0,0.0,0.02293939208984375
1785290363.6360624,0.0,0.0,0.022927200317382813
1785290363.6594062,0.0,0.0,0.022925760269165037
1785290363.682733,0.0,0.0,0.02292131233215332
1785290363.706125,0.0,0.0,0.0229420166015625
1785290363.7294652,0.0,0.0,0.02293596839904785
1785290363.7534478,0.0,0.0,0.02357414436340332
1785290363.7767987,0.0,0.0,0.02293459129333496
1785290363.800154,0.0,0.0,0.0229520320892334
1785290363.823526,0.0,0.0,0.022959423065185548
1785290363.8468788,0.0,0.0,0.02294748878479004
1785290363.870274,0.0,0.0,0.02293948745727539
1785290363.8936458,0.0,0.0,0.022959264755249023
1785290363.917283,0.0,0.0,0.023191616058349608
1785290363.940715,0.0,0.0,0.022969823837280273
1785290363.9640667,0.0,0.0,0.022941791534423828
1785290363.9874744,0.0,0.0,0.02298044776916504
1785290364.0108218,0.0,0.0,0.02293667221069336
1785290364.0342205,0.0,0.0,0.022954847335815428
1785290364.057613,0.0,0.0,0.02295587158203125
1785290364.0809555,0.0,0.0,0.02292515182495117
1785290364.1042936,0.0,0.0,0.022928096771240233
1785290364.1276453,0.0,0.0,0.022953023910522462
1785290364.1509924,0.0,0.0,0.02293516731262207
1785290364.1743693,0.0,0.0,0.022935680389404297
1785290364.1977131,0.0,0.0,0.02292291259765625
1785290364.2210546,0.0,0.0,0.02292995262145996
1785290364.244396,0.0,0.0,0.02293734359741211
1785290364.2677505,0.0,0.0,0.02293177604675293
1785290364.2910903,0.0,0.0,0.02293286323547363
1785290364.314479,0.0,0.0,0.02294243240356445
1785290364.3378642,0.0,0.0,0.022976512908935546
1785290364.3612056,0.0,0.0,0.022920543670654298
1785290364.3845398,0.0,0.0,0.022920543670654298
1785290364.4078908,0.0,0.0,0.022940895080566407
1785290364.4312372,0.0,0.0,0.022929792404174806
1785290364.4545853,0.0,0.0,0.022939327239990235
1785290364.4779627,0.0,0.0,0.022963424682617188
1785290364.5012968,0.0,0.0,0.02292495918273926
1785290364.5252619,0.0,0.0,0.02355753517150879
1785290364.5486317,0.0,0.0,0.022948991775512694
1785290364.5719965,0.0,0.0,0.02295542335510254
1785290364.5953405,0.0,0.0,0.02292835235595703
1785290364.6186805,0.0,0.0,0.022932832717895507
1785290364.6420712,0.0,0.0,0.022980096817016602
1785290364.6654234,0.0,0.0,0.022938016891479493
1785290364.6891859,0.0,0.0,0.02335491180419922
1785290364.7125309,0.0,0.0,0.02292723274230957
1785290364.7358768,0.0,0.0,0.02293667221069336
1785290364.7592247,0.0,0.0,0.02293097686767578
1785290364.7825701,0.0,0.0,0.02293052864074707
1785290364.8059149,0.0,0.0,0.02293404769897461
1785290364.8292391,0.0,0.0,0.022920032501220704
1785290364.8525639,0.0,0.0,0.022915231704711915
1785290364.8759222,0.0,0.0,0.02294278335571289
1785290364.8992758,0.0,0.0,0.022941024780273437
1785290364.9226453,0.0,0.0,0.02295075225830078
1785290364.946022,0.0,0.0,0.02297104072570801
1785290364.9693778,0.0,0.0,0.022941791534423828
1785290364.9927385,0.0,0.0,0.022947263717651368
1785290365.016091,0.0,0.0,0.02294592094421387
1785290365.0394323,0.0,0.0,0.022932479858398438
1785290365.0628157,0.0,0.0,0.022979360580444336
1785290365.0861948,0.0,0.0,0.02294393539428711
1785290365.1095371,0.0,0.0,0.022936927795410157
1785290365.132879,0.0,0.0,0.02292959976196289
1785290365.1562183,0.0,0.0,0.02293350410461426
1785290365.1795745,0.0,0.0,0.022949087142944337
1785290365.202923,0.0,0.0,0.0229420166015625
1785290365.2263017,0.0,0.0,0.022933536529541016
1785290365.2496438,0.0,0.0,0.022925439834594726
1785290365.272985,0.0,0.0,0.02293667221069336
1785290365.2969463,0.0,0.0,0.022938528060913087
1785290365.3202698,0.0,0.0,0.02292425537109375
1785290365.3436453,0.0,0.0,0.02295123291015625
1785290365.3669963,0.0,0.0,0.02293606376647949
1785290365.3904011,0.0,0.0,0.02296944046020508
1785290365.413751,0.0,0.0,0.02294272041320801
1785290365.4371028,0.0,0.0,0.02295043182373047
1785290365.4610066,0.0,0.0,0.023501888275146484
1785290365.4843392,0.0,0.0,0.02291904067993164
1785290365.5076833,0.0,0.0,0.022939456939697265
1785290365.5310276,0.0,0.0,0.022929632186889648
1785290365.5543878,0.0,0.0,0.02292492866516113
1785290365.577743,0.0,0.0,0.02294105529785156
1785290365.6010852,0.0,0.0,0.02293756866455078
1785290365.6244278,0.0,0.0,0.022941152572631837
1785290365.647782,0.0,0.0,0.022939807891845704
1785290365.6711419,0.0,0.0,0.022949344635009767
1785290365.694499,0.0,0.0,0.022941984176635743
1785290365.71788,0.0,0.0,0.02297542381286621
1785290365.7412188,0.0,0.0,0.022923871994018553
1785290365.7645571,0.0,0.0,0.022931167602539063
1785290365.7879128,0.0,0.0,0.02294688034057617
1785290365.811274,0.0,0.0,0.022941247940063476
1785290365.8346355,0.0,0.0,0.022945024490356444
1785290365.8580015,0.0,0.0,0.0229552001953125
1785290365.881338,0.0,0.0,0.022935487747192382
1785290365.9046984,0.0,0.0,0.022948896408081055
1785290365.928042,0.0,0.0,0.022930335998535157
1785290365.951398,0.0,0.0,0.022937856674194335
1785290365.9747593,0.0,0.0,0.022944448471069336
1785290365.9981468,0.0,0.0,0.022947872161865234
1785290366.0215077,0.0,0.0,0.022952959060668944
1785290366.045105,0.0,0.0,0.023195552825927734
1785290366.0684447,0.0,0.0,0.022923936843872072
1785290366.091808,0.0,0.0,0.022946399688720705
1785290366.1151314,0.0,0.0,0.022910207748413087
1785290366.1384974,0.0,0.0,0.02294883155822754
1785290366.1618445,0.0,0.0,0.02294540786743164
1785290366.1851995,0.0,0.0,0.02294153594970703
1785290366.2085407,0.0,0.0,0.022934272766113283
1785290366.2324195,0.0,0.0,0.02347110366821289
1785290366.255775,0.0,0.0,0.022938943862915038
1785290366.2791324,0.0,0.0,0.022932031631469726
1785290366.3024838,0.0,0.0,0.022936159133911133
1785290366.325829,0.0,0.0,0.022937536239624023
1785290366.3491838,0.0,0.0,0.022944095611572266
1785290366.3725042,0.0,0.0,0.02291708755493164
1785290366.3958468,0.0,0.0,0.022940864562988283
1785290366.4191954,0.0,0.0,0.022926048278808595
1785290366.4425378,0.0,0.0,0.02292972755432129
1785290366.4659314,0.0,0.0,0.022979711532592772
1785290366.4892824,0.0,0.0,0.02293596839904785
1785290366.5126414,0.0,0.0,0.022946271896362305
1785290366.535971,0.0,0.0,0.02292243194580078
1785290366.5593226,0.0,0.0,0.022942752838134767
1785290366.5826654,0.0,0.0,0.022930944442749023
1785290366.6060069,0.0,0.0,0.022936031341552733
1785290366.62944,0.0,0.0,0.02295238494873047
1785290366.6527894,0.0,0.0,0.022940799713134764
1785290366.6761165,0.0,0.0,0.02291436767578125
1785290366.6994696,0.0,0.0,0.022946239471435547
1785290366.7228255,0.0,0.0,0.022949119567871094
1785290366.7462268,0.0,0.0,0.02294528007507324
1785290366.7695467,0.0,0.0,0.022917631149291993
1785290366.7928965,0.0,0.0,0.022940223693847656
1785290366.8165088,0.0,0.0,0.023200288772583007
1785290366.839865,0.0,0.0,0.022935455322265624
1785290366.863192,0.0,0.0,0.022918272018432616
1785290366.8865392,0.0,0.0,0.022933216094970704
1785290366.9099276,0.0,0.0,0.022972288131713866
1785290366.9332771,0.0,0.0,0.02294243240356445
1785290366.9566264,0.0,0.0,0.022937183380126954
1785290366.9799807,0.0,0.0,0.02294428825378418
1785290367.0038633,0.0,0.0,0.02347500801086426
1785290367.0272403,0.0,0.0,0.02295212745666504
1785290367.0505836,0.0,0.0,0.02293356704711914
1785290367.0739782,0.0,0.0,0.02297596740722656
1785290367.0973423,0.0,0.0,0.022950368881225584
1785290367.120689,0.0,0.0,0.022930816650390626
1785290367.1440368,0.0,0.0,0.0229420166015625
1785290367.1674013,0.0,0.0,0.02295827293395996
1785290367.1907458,0.0,0.0,0.02292732810974121
1785290367.2141066,0.0,0.0,0.022935903549194336
1785290367.2374601,0.0,0.0,0.02293961524963379
1785290367.2607968,0.0,0.0,0.022935583114624025
1785290367.284133,0.0,0.0,0.02291689682006836
1785290367.3075051,0.0,0.0,0.022968223571777344
1785290367.330856,0.0,0.0,0.022943424224853515
1785290367.3542264,0.0,0.0,0.022939327239990235
1785290367.3775797,0.0,0.0,0.022943199157714842
1785290367.4009142,0.0,0.0,0.02292188835144043
1785290367.4242582,0.0,0.0,0.02293939208984375
1785290367.4476109,0.0,0.0,0.02293916893005371
1785290367.4709406,0.0,0.0,0.022923839569091796
1785290367.494303,0.0,0.0,0.022926015853881834
1785290367.5176413,0.0,0.0,0.022930368423461914
1785290367.5409846,0.0,0.0,0.02294051170349121
1785290367.5643182,0.0,0.0,0.022919647216796873
1785290367.5876615,0.0,0.0,0.022937824249267578
1785290367.6110106,0.0,0.0,0.02293827247619629
1785290367.6343813,0.0,0.0,0.02292799949645996
1785290367.65771,0.0,0.0,0.02292252731323242
1785290367.681071,0.0,0.0,0.022943391799926757
1785290367.7044153,0.0,0.0,0.022936864852905272
1785290367.7277699,0.0,0.0,0.022939424514770507
1785290367.7511292,0.0,0.0,0.022934175491333007
1785290367.7750494,0.0,0.0,0.023512287139892576
1785290367.7984154,0.0,0.0,0.022927648544311525
1785290367.8217587,0.0,0.0,0.022937408447265627
1785290367.8451014,0.0,0.0,0.022926080703735353
1785290367.8684504,0.0,0.0,0.022941503524780273
1785290367.8918083,0.0,0.0,0.02294166374206543
1785290367.9151397,0.0,0.0,0.022921215057373046
1785290367.9384794,0.0,0.0,0.02292972755432129
1785290367.9618464,0.0,0.0,0.022955488204956055
1785290367.985186,0.0,0.0,0.022932640075683595
1785290368.0085394,0.0,0.0,0.0229400634765625
1785290368.0318701,0.0,0.0,0.02292412757873535
1785290368.0552132,0.0,0.0,0.022922208786010742
1785290368.0785308,0.0,0.0,0.022907039642333985
1785290368.101879,0.0,0.0,0.02293939208984375
1785290368.1252353,0.0,0.0,0.022933311462402343
1785290368.1485922,0.0,0.0,0.02293199920654297
1785290368.171933,0.0,0.0,0.022918527603149413
1785290368.1952689,0.0,0.0,0.022927743911743164
1785290368.2186198,0.0,0.0,0.02293286323547363
1785290368.2420027,0.0,0.0,0.022978111267089842
1785290368.2653732,0.0,0.0,0.022954912185668946
1785290368.2887015,0.0,0.0,0.02291459274291992
1785290368.3120492,0.0,0.0,0.02293391990661621
1785290368.335387,0.0,0.0,0.02292176055908203
1785290368.3590527,0.0,0.0,0.02325984001159668
1785290368.382415,0.0,0.0,0.02291334342956543
1785290368.4057457,0.0,0.0,0.022920000076293946
1785290368.4290752,0.0,0.0,0.022918048858642577
1785290368.4524167,0.0,0.0,0.022923871994018553
1785290368.4757395,0.0,0.0,0.0229182071685791
1785290368.4990811,0.0,0.0,0.022926784515380858
1785290368.522452,0.0,0.0,0.02293667221069336
1785290368.546352,0.0,0.0,0.02349260711669922
1785290368.5697036,0.0,0.0,0.022938432693481444
1785290368.593024,0.0,0.0,0.02291436767578125
1785290368.6163528,0.0,0.0,0.022919872283935546
1785290368.6396694,0.0,0.0,0.022910688400268556
1785290368.6630175,0.0,0.0,0.022937408447265627
1785290368.686388,0.0,0.0,0.022935935974121094
1785290368.7097285,0.0,0.0,0.022933792114257813
1785290368.7330537,0.0,0.0,0.022913663864135743
1785290368.7563944,0.0,0.0,0.022930143356323242
1785290368.779717,0.0,0.0,0.022911455154418944
1785290368.803033,0.0,0.0,0.022913280487060546
1785290368.8264003,0.0,0.0,0.022924448013305666
1785290368.849722,0.0,0.0,0.022919456481933595
1785290368.873066,0.0,0.0,0.02293231964111328
1785290368.8964157,0.0,0.0,0.02293667221069336
1785290368.919743,0.0,0.0,0.022919456481933595
1785290368.9431324,0.0,0.0,0.022942304611206055
1785290368.9664836,0.0,0.0,0.02294099235534668
1785290368.989874,0.0,0.0,0.022968191146850586
1785290369.013192,0.0,0.0,0.022913408279418946
1785290369.0365405,0.0,0.0,0.02294585609436035
1785290369.0598779,0.0,0.0,0.022924320220947265
1785290369.083226,0.0,0.0,0.022937536239624023
1785290369.1065688,0.0,0.0,0.022927711486816407
1785290369.1304452,0.0,0.0,0.02346575927734375
1785290369.153792,0.0,0.0,0.022926591873168947
1785290369.1771486,0.0,0.0,0.0229388484954834
1785290369.200487,0.0,0.0,0.022928543090820312
1785290369.223844,0.0,0.0,0.02293881607055664
1785290369.24718,0.0,0.0,0.02292777633666992
1785290369.270541,0.0,0.0,0.022948383331298828
1785290369.293896,0.0,0.0,0.02294655990600586
1785290369.317797,0.0,0.0,0.02349407958984375
1785290369.3411133,0.0,0.0,0.022901887893676757
1785290369.3644693,0.0,0.0,0.022942975997924806
1785290369.3878038,0.0,0.0,0.022919519424438477
1785290369.4111583,0.0,0.0,0.02294828796386719
1785290369.4345098,0.0,0.0,0.022939104080200196
1785290369.457863,0.0,0.0,0.022948383331298828
1785290369.4811926,0.0,0.0,0.02292627143859863
1785290369.504533,0.0,0.0,0.02292857551574707
1785290369.5278704,0.0,0.0,0.02292969512939453
1785290369.5512207,0.0,0.0,0.022931039810180662
1785290369.5745645,0.0,0.0,0.02293049621582031
1785290369.597945,0.0,0.0,0.02296601676940918
1785290369.6212943,0.0,0.0,0.02293836784362793
1785290369.6446376,0.0,0.0,0.022931615829467775
1785290369.6679869,0.0,0.0,0.02293734359741211
1785290369.6913311,0.0,0.0,0.022937919616699217
1785290369.7146828,0.0,0.0,0.022930112838745118
1785290369.7380636,0.0,0.0,0.022974720001220705
1785290369.7613976,0.0,0.0,0.022918111801147462
1785290369.7847373,0.0,0.0,0.022934656143188476
1785290369.8080754,0.0,0.0,0.02292972755432129
1785290369.8314312,0.0,0.0,0.022941343307495116
1785290369.854769,0.0,0.0,0.022934560775756837
1785290369.8781407,0.0,0.0,0.022936384201049806
1785290369.9018528,0.0,0.0,0.02329884719848633
1785290369.925204,0.0,0.0,0.02293302345275879
1785290369.948531,0.0,0.0,0.022919008255004883
1785290369.9718766,0.0,0.0,0.02293328094482422
1785290369.9952238,0.0,0.0,0.022926048278808595
1785290370.0185714,0.0,0.0,0.022932735443115235
1785290370.0419216,0.0,0.0,0.022936639785766603
1785290370.0652525,0.0,0.0,0.0229202880859375
1785290370.0891411,0.0,0.0,0.02347964859008789
1785290370.1124742,0.0,0.0,0.022916511535644533
1785290370.1357965,0.0,0.0,0.022914688110351564
1785290370.1591375,0.0,0.0,0.02291996765136719
1785290370.18252,0.0,0.0,0.022972991943359375
1785290370.2058904,0.0,0.0,0.022956512451171876
1785290370.2292006,0.0,0.0,0.022904767990112304
1785290370.2525358,0.0,0.0,0.02292633628845215
1785290370.2758756,0.0,0.0,0.022926176071166992
1785290370.299238,0.0,0.0,0.022952735900878905
1785290370.322567,0.0,0.0,0.022909759521484375
1785290370.3459246,0.0,0.0,0.022948543548583986
1785290370.369248,0.0,0.0,0.02290876770019531
1785290370.3925977,0.0,0.0,0.02294304084777832
1785290370.4159358,0.0,0.0,0.02292723274230957
1785290370.439272,0.0,0.0,0.022922752380371093
1785290370.4625971,0.0,0.0,0.022918655395507814
1785290370.4859798,0.0,0.0,0.022976768493652343
1785290370.5092895,0.0,0.0,0.02290140724182129
1785290370.5326283,0.0,0.0,0.02292563247680664
1785290370.5559413,0.0,0.0,0.02290812873840332
1785290370.5792987,0.0,0.0,0.02294963264465332
1785290370.6026363,0.0,0.0,0.022922239303588866
1785290370.6260169,0.0,0.0,0.022974367141723632
1785290370.6493537,0.0,0.0,0.022925983428955077
1785290370.673142,0.0,0.0,0.022909120559692384
1785290370.696512,0.0,0.0,0.022927648544311525
1785290370.7198377,0.0,0.0,0.022915903091430663
1785290370.7431731,0.0,0.0,0.022926015853881834
1785290370.7665195,0.0,0.0,0.022933855056762695
1785290370.7898612,0.0,0.0,0.02293788719177246
1785290370.8131819,0.0,0.0,0.022906879425048828
1785290370.8364966,0.0,0.0,0.022906816482543946
1785290370.860352,0.0,0.0,0.023444608688354494
1785290370.8836944,0.0,0.0,0.022929983139038088
1785290370.9070275,0.0,0.0,0.022925344467163086
1785290370.9304018,0.0,0.0,0.02292755126953125
1785290370.9537506,0.0,0.0,0.02294041633605957
1785290370.9770877,0.0,0.0,0.022926015853881834
1785290371.000445,0.0,0.0,0.022944896697998048
1785290371.0237894,0.0,0.0,0.022934272766113283
1785290371.0471535,0.0,0.0,0.022949951171875
1785290371.0704856,0.0,0.0,0.022924703598022463
1785290371.0938315,0.0,0.0,0.02293244743347168
1785290371.1171727,0.0,0.0,0.022934175491333007
1785290371.1405246,0.0,0.0,0.022939807891845704
1785290371.1638405,0.0,0.0,0.02291231918334961
1785290371.1871753,0.0,0.0,0.022926719665527343
1785290371.2105334,0.0,0.0,0.022931840896606444
1785290371.2339106,0.0,0.0,0.02296553611755371
1785290371.2572572,0.0,0.0,0.02293337631225586
1785290371.280597,0.0,0.0,0.022927871704101564
1785290371.3039558,0.0,0.0,0.022945472717285156
1785290371.327296,0.0,0.0,0.022934272766113283
1785290371.3506448,0.0,0.0,0.022938880920410156
1785290371.3740277,0.0,0.0,0.022965152740478514
1785290371.3973713,0.0,0.0,0.022941408157348634
1785290371.4207063,0.0,0.0,0.022923295974731445
1785290371.444024,0.0,0.0,0.02291299247741699
1785290371.4679003,0.0,0.0,0.022939840316772462
1785290371.49125,0.0,0.0,0.022933536529541016
1785290371.51459,0.0,0.0,0.022930912017822266
1785290371.5379481,0.0,0.0,0.022940864562988283
1785290371.5612814,0.0,0.0,0.022925439834594726
1785290371.5846162,0.0,0.0,0.022927295684814452
1785290371.6079426,0.0,0.0,0.022917760848999023
1785290371.631298,0.0,0.0,0.022948768615722655
1785290371.6546555,0.0,0.0,0.022940927505493165
1785290371.6780016,0.0,0.0,0.02293574333190918
1785290371.701432,0.0,0.0,0.022909887313842775
1785290371.7247689,0.0,0.0,0.022918880462646483
1785290371.7481263,0.0,0.0,0.02293987274169922
1785290371.7714713,0.0,0.0,0.02293337631225586
1785290371.7948027,0.0,0.0,0.022924863815307617
1785290371.8181367,0.0,0.0,0.022904415130615235
1785290371.8414717,0.0,0.0,0.02292639923095703
1785290371.8647997,0.0,0.0,0.0229150390625
1785290371.8881166,0.0,0.0,0.022912160873413086
1785290371.9114738,0.0,0.0,0.022937503814697266
1785290371.9348133,0.0,0.0,0.022930751800537108
1785290371.9581745,0.0,0.0,0.022920000076293946
1785290371.9815323,0.0,0.0,0.022941856384277343
1785290372.0048757,0.0,0.0,0.02293529510498047
1785290372.0282278,0.0,0.0,0.02293462371826172
1785290372.0515747,0.0,0.0,0.022936256408691406
1785290372.0748966,0.0,0.0,0.02291187286376953
1785290372.098257,0.0,0.0,0.022915136337280272
1785290372.1215994,0.0,0.0,0.02293788719177246
1785290372.1449444,0.0,0.0,0.02292969512939453
1785290372.16829,0.0,0.0,0.022933727264404298
1785290372.1916282,0.0,0.0,0.022922847747802736
1785290372.2149599,0.0,0.0,0.022926015853881834
1785290372.2389667,0.0,0.0,0.023553855895996095
1785290372.2623208,0.0,0.0,0.022922880172729494
1785290372.2856443,0.0,0.0,0.022916704177856444
1785290372.3089929,0.0,0.0,0.02293961524963379
1785290372.3323188,0.0,0.0,0.022924160003662108
1785290372.3556511,0.0,0.0,0.022916383743286133
1785290372.3789594,0.0,0.0,0.022903648376464844
1785290372.4023435,0.0,0.0,0.022944448471069336
1785290372.4256854,0.0,0.0,0.022932735443115235
1785290372.4490144,0.0,0.0,0.022922943115234375
1785290372.4723463,0.0,0.0,0.022921951293945312
1785290372.4956992,0.0,0.0,0.022927200317382813
1785290372.5190217,0.0,0.0,0.022910623550415038
1785290372.5423837,0.0,0.0,0.022915744781494142
1785290372.5657268,0.0,0.0,0.022937376022338866
1785290372.5890656,0.0,0.0,0.022925888061523438
1785290372.61239,0.0,0.0,0.022918272018432616
1785290372.6357186,0.0,0.0,0.0229169921875
1785290372.6590493,0.0,0.0,0.022928064346313476
1785290372.682414,0.0,0.0,0.02291321563720703
1785290372.705739,0.0,0.0,0.02292291259765625
1785290372.7290823,0.0,0.0,0.02293961524963379
1785290372.7524207,0.0,0.0,0.022926624298095704
1785290372.7757645,0.0,0.0,0.022934272766113283
1785290372.7991278,0.0,0.0,0.022925983428955077
1785290372.8228889,0.0,0.0,0.023353759765625
1785290372.8462777,0.0,0.0,0.022935775756835936
1785290372.869616,0.0,0.0,0.02292815971374512
1785290372.892968,0.0,0.0,0.02294416046142578
1785290372.9163156,0.0,0.0,0.02294009590148926
1785290372.9396393,0.0,0.0,0.022918655395507814
1785290372.962984,0.0,0.0,0.022929792404174806
1785290372.9863405,0.0,0.0,0.02291516876220703
1785290373.010195,0.0,0.0,0.023445215225219727
1785290373.0335448,0.0,0.0,0.02293328094482422
1785290373.0568767,0.0,0.0,0.022923200607299805
1785290373.0802202,0.0,0.0,0.022929183959960936
1785290373.1035633,0.0,0.0,0.022938175201416014
1785290373.1269093,0.0,0.0,0.02293065643310547
1785290373.1502995,0.0,0.0,0.022947616577148437
1785290373.1736476,0.0,0.0,0.022941408157348634
1785290373.1969872,0.0,0.0,0.022922815322875975
1785290373.220321,0.0,0.0,0.02293052864074707
1785290373.2436697,0.0,0.0,0.02293452835083008
1785290373.2670238,0.0,0.0,0.02293836784362793
1785290373.290425,0.0,0.0,0.02295097541809082
1785290373.3137672,0.0,0.0,0.022935392379760743
1785290373.3371074,0.0,0.0,0.02293312072753906
1785290373.3604467,0.0,0.0,0.02292848014831543
1785290373.3838055,0.0,0.0,0.0229484806060791
1785290373.4071412,0.0,0.0,0.022914688110351564
1785290373.430472,0.0,0.0,0.022928064346313476
1785290373.4538288,0.0,0.0,0.022948320388793946
1785290373.4771948,0.0,0.0,0.02295350456237793
1785290373.5005534,0.0,0.0,0.02294704055786133
1785290373.523903,0.0,0.0,0.02293270492553711
1785290373.5472608,0.0,0.0,0.02294175910949707
1785290373.5706105,0.0,0.0,0.022933631896972655
1785290373.5943286,0.0,0.0,0.023310400009155272
1785290373.6176789,0.0,0.0,0.022935039520263673
1785290373.641014,0.0,0.0,0.022931007385253905
1785290373.6643505,0.0,0.0,0.022924768447875978
1785290373.6876864,0.0,0.0,0.022923871994018553
1785290373.711025,0.0,0.0,0.022931711196899414
1785290373.73442,0.0,0.0,0.022939903259277344
1785290373.7577357,0.0,0.0,0.022908639907836915
1785290373.7816145,0.0,0.0,0.023471040725708006
1785290373.8049552,0.0,0.0,0.022928255081176758
1785290373.8282764,0.0,0.0,0.022916511535644533
1785290373.8516314,0.0,0.0,0.02294256019592285
1785290373.874968,0.0,0.0,0.02292815971374512
1785290373.8983765,0.0,0.0,0.022954559326171874
1785290373.9216986,0.0,0.0,0.022921823501586915
1785290373.9450574,0.0,0.0,0.022952640533447265
1785290373.9684005,0.0,0.0,0.022928224563598634
1785290373.9917583,0.0,0.0,0.02294371223449707
1785290374.0151162,0.0,0.0,0.022923103332519533
1785290374.0384552,0.0,0.0,0.022934240341186525
1785290374.061814,0.0,0.0,0.02293987274169922
1785290374.0851624,0.0,0.0,0.022941631317138673
1785290374.1085117,0.0,0.0,0.02294313621520996
1785290374.1318758,0.0,0.0,0.02295292854309082
1785290374.155242,0.0,0.0,0.022948896408081055
1785290374.1786034,0.0,0.0,0.02294272041320801
1785290374.201988,0.0,0.0,0.022974079132080077
1785290374.225319,0.0,0.0,0.022917407989501953
1785290374.248656,0.0,0.0,0.022929664611816405
1785290374.2720106,0.0,0.0,0.0229465274810791
1785290374.2953675,0.0,0.0,0.022930112838745118
1785290374.3187082,0.0,0.0,0.022928287506103515
1785290374.342079,0.0,0.0,0.02292639923095703
1785290374.3658922,0.0,0.0,0.023401695251464842
1785290374.3892295,0.0,0.0,0.022921056747436525
1785290374.4125583,0.0,0.0,0.02291878318786621
1785290374.4359014,0.0,0.0,0.02293391990661621
1785290374.4592485,0.0,0.0,0.02292937660217285
1785290374.482582,0.0,0.0,0.022925823211669923
1785290374.505975,0.0,0.0,0.022985088348388673
1785290374.5293112,0.0,0.0,0.02293350410461426
1785290374.5532157,0.0,0.0,0.023494400024414063
1785290374.5765548,0.0,0.0,0.02291974449157715
1785290374.599883,0.0,0.0,0.02292473602294922
1785290374.6232262,0.0,0.0,0.022923776626586914
1785290374.6465566,0.0,0.0,0.022922559738159178
1785290374.6699367,0.0,0.0,0.022958240509033202
1785290374.693271,0.0,0.0,0.022924703598022463
1785290374.716617,0.0,0.0,0.022938079833984375
1785290374.7399566,0.0,0.0,0.022927488327026367
1785290374.763288,0.0,0.0,0.022922176361083985
1785290374.7866254,0.0,0.0,0.022919328689575195
1785290374.810038,0.0,0.0,0.02300566482543945
1785290374.833396,0.0,0.0,0.022940544128417967
1785290374.8567433,0.0,0.0,0.022928384780883788
1785290374.8801045,0.0,0.0,0.022935615539550782
1785290374.9034793,0.0,0.0,0.02295747184753418
1785290374.9268382,0.0,0.0,0.0229531192779541
1785290374.950211,0.0,0.0,0.022927135467529298
1785290374.973555,0.0,0.0,0.02293916893005371
1785290374.9969022,0.0,0.0,0.022926080703735353
1785290375.020249,0.0,0.0,0.022935680389404297
1785290375.0435984,0.0,0.0,0.02294361686706543
1785290375.0669298,0.0,0.0,0.02292259216308594
1785290375.0903249,0.0,0.0,0.022949056625366213
1785290375.113672,0.0,0.0,0.022936576843261718
1785290375.1373413,0.0,0.0,0.023253984451293945
1785290375.1607018,0.0,0.0,0.022945728302001953
1785290375.184024,0.0,0.0,0.0229171199798584
1785290375.207378,0.0,0.0,0.02294473648071289
1785290375.230716,0.0,0.0,0.022919200897216798
1785290375.2541025,0.0,0.0,0.022943103790283203
1785290375.2774425,0.0,0.0,0.02292870330810547
1785290375.300779,0.0,0.0,0.0229322566986084
1785290375.3247728,0.0,0.0,0.023577024459838867
1785290375.34812,0.0,0.0,0.022932191848754883
1785290375.371503,0.0,0.0,0.022973247528076172
1785290375.3948529,0.0,0.0,0.022940544128417967
1785290375.4182272,0.0,0.0,0.022924448013305666
1785290375.441581,0.0,0.0,0.02293731117248535
1785290375.4649155,0.0,0.0,0.02292870330810547
1785290375.488272,0.0,0.0,0.022935775756835936
1785290375.5116222,0.0,0.0,0.0229403190612793
1785290375.5349822,0.0,0.0,0.02295759963989258
1785290375.5583773,0.0,0.0,0.022948959350585937
1785290375.5817375,0.0,0.0,0.02295327949523926
1785290375.6050894,0.0,0.0,0.022937856674194335
1785290375.6284308,0.0,0.0,0.022935039520263673
1785290375.6517801,0.0,0.0,0.02293849563598633
1785290375.6751335,0.0,0.0,0.022937055587768554
1785290375.698484,0.0,0.0,0.0229399356842041
1785290375.72188,0.0,0.0,0.0229815673828125
1785290375.745214,0.0,0.0,0.022930944442749023
1785290375.7685714,0.0,0.0,0.02294281578063965
1785290375.7919092,0.0,0.0,0.02293609619140625
1785290375.8152514,0.0,0.0,0.022932832717895507
1785290375.8385913,0.0,0.0,0.022925567626953126
1785290375.8619602,0.0,0.0,0.02296156883239746
1785290375.8853042,0.0,0.0,0.0229257926940918
1785290375.9086866,0.0,0.0,0.0229768009185791
1785290375.9320292,0.0,0.0,0.022930431365966796
1785290375.955369,0.0,0.0,0.022932512283325195
1785290375.9787052,0.0,0.0,0.02293708801269531
1785290376.0020938,0.0,0.0,0.02293507194519043
1785290376.0254266,0.0,0.0,0.022927616119384767
1785290376.0487652,0.0,0.0,0.02292198371887207
1785290376.0721169,0.0,0.0,0.022940927505493165
1785290376.0960112,0.0,0.0,0.02348624038696289
1785290376.1193519,0.0,0.0,0.02292531204223633
1785290376.1427236,0.0,0.0,0.02295849609375
1785290376.1661186,0.0,0.0,0.022960927963256834
1785290376.1894736,0.0,0.0,0.022950815200805663
1785290376.2128174,0.0,0.0,0.02293328094482422
1785290376.2361712,0.0,0.0,0.02294361686706543
1785290376.25953,0.0,0.0,0.022951648712158202
1785290376.2828815,0.0,0.0,0.022941631317138673
1785290376.3062716,0.0,0.0,0.022945695877075196
1785290376.3296502,0.0,0.0,0.02295267105102539
1785290376.3530116,0.0,0.0,0.022954559326171874
1785290376.3763697,0.0,0.0,0.02294105529785156
1785290376.3996966,0.0,0.0,0.02292300796508789
1785290376.4230528,0.0,0.0,0.022951839447021484
1785290376.4464405,0.0,0.0,0.022940704345703125
1785290376.4697812,0.0,0.0,0.02293231964111328
1785290376.4931364,0.0,0.0,0.02294495964050293
1785290376.5165014,0.0,0.0,0.022957279205322267
1785290376.5398667,0.0,0.0,0.022945568084716796
1785290376.5632162,0.0,0.0,0.022940927505493165
1785290376.5865505,0.0,0.0,0.022931615829467775
1785290376.6099312,0.0,0.0,0.022971904754638672
1785290376.633276,0.0,0.0,0.022938016891479493
1785290376.6566334,0.0,0.0,0.022942047119140625
1785290376.6803331,0.0,0.0,0.023295007705688476
1785290376.7037077,0.0,0.0,0.02295359992980957
1785290376.7270606,0.0,0.0,0.022946495056152344
1785290376.7504358,0.0,0.0,0.022947999954223634
1785290376.7737787,0.0,0.0,0.02293142318725586
1785290376.7971327,0.0,0.0,0.02294367980957031
1785290376.820489,0.0,0.0,0.0229453125
1785290376.8438213,0.0,0.0,0.022926464080810546
1785290376.867689,0.0,0.0,0.02346272087097168
1785290376.8910403,0.0,0.0,0.022934879302978516
1785290376.9144173,0.0,0.0,0.02293369674682617
1785290376.937777,0.0,0.0,0.022948640823364258
1785290376.9611254,0.0,0.0,0.022944927215576172
1785290376.9844797,0.0,0.0,0.022939775466918947
1785290377.0078187,0.0,0.0,0.02293222427368164
1785290377.031185,0.0,0.0,0.022956768035888673
1785290377.054517,0.0,0.0,0.022914144515991212
1785290377.0778718,0.0,0.0,0.02294924736022949
1785290377.1012073,0.0,0.0,0.022916223526000975
1785290377.124557,0.0,0.0,0.022946720123291017
1785290377.1479168,0.0,0.0,0.02294704055786133
1785290377.1712687,0.0,0.0,0.0229368953704834
1785290377.1946046,0.0,0.0,0.022926944732666016
1785290377.2179763,0.0,0.0,0.02295350456237793
1785290377.2413182,0.0,0.0,0.022933599472045898
1785290377.264669,0.0,0.0,0.022935552597045897
1785290377.2880201,0.0,0.0,0.02294223976135254
1785290377.311395,0.0,0.0,0.02295212745666504
1785290377.3347554,0.0,0.0,0.022949600219726564
1785290377.3581502,0.0,0.0,0.022945728302001953
1785290377.381496,0.0,0.0,0.022933439254760744
1785290377.4048398,0.0,0.0,0.022932672500610353
1785290377.428178,0.0,0.0,0.022929887771606445
1785290377.451771,0.0,0.0,0.02318713569641113
1785290377.475137,0.0,0.0,0.022936832427978514
1785290377.49847,0.0,0.0,0.022920415878295897
1785290377.5218475,0.0,0.0,0.022965599060058593
1785290377.545197,0.0,0.0,0.022935392379760743
1785290377.5685315,0.0,0.0,0.02292969512939453
1785290377.591879,0.0,0.0,0.02293199920654297
1785290377.615228,0.0,0.0,0.022936639785766603
1785290377.639119,0.0,0.0,0.023452896118164063
1785290377.6624649,0.0,0.0,0.022921119689941406
1785290377.6859179,0.0,0.0,0.022952415466308593
1785290377.7092667,0.0,0.0,0.022925024032592774
1785290377.7326052,0.0,0.0,0.022927743911743164
1785290377.7559466,0.0,0.0,0.022927200317382813
1785290377.779305,0.0,0.0,0.022940031051635744
1785290377.802658,0.0,0.0,0.022943872451782227
1785290377.8260376,0.0,0.0,0.02297007942199707
1785290377.8493793,0.0,0.0,0.022935455322265624
1785290377.8727446,0.0,0.0,0.02294988822937012
1785290377.8960817,0.0,0.0,0.022932031631469726
1785290377.9194643,0.0,0.0,0.022964799880981445
1785290377.9428444,0.0,0.0,0.022930784225463866
1785290377.966208,0.0,0.0,0.02293996810913086
1785290377.98956,0.0,0.0,0.022937599182128905
1785290378.012914,0.0,0.0,0.022943872451782227
1785290378.0362744,0.0,0.0,0.022950656890869142
1785290378.0596142,0.0,0.0,0.022934272766113283
1785290378.082959,0.0,0.0,0.022928831100463867
1785290378.1063414,0.0,0.0,0.02293833541870117
1785290378.1296878,0.0,0.0,0.0229403190612793
1785290378.1530278,0.0,0.0,0.022927648544311525
1785290378.1763828,0.0,0.0,0.02294495964050293
1785290378.1997755,0.0,0.0,0.02297750473022461
1785290378.2233608,0.0,0.0,0.0231759033203125
1785290378.2467306,0.0,0.0,0.02295475196838379
1785290378.270099,0.0,0.0,0.02294281578063965
1785290378.293462,0.0,0.0,0.022956064224243164
1785290378.316818,0.0,0.0,0.022953088760375977
1785290378.3401809,0.0,0.0,0.022952415466308593
1785290378.3635259,0.0,0.0,0.022929855346679687
1785290378.3868823,0.0,0.0,0.022940448760986328
1785290378.4109395,0.0,0.0,0.023612960815429688
1785290378.4343233,0.0,0.0,0.02295155143737793
1785290378.4576633,0.0,0.0,0.02293721580505371
1785290378.481007,0.0,0.0,0.022927423477172852
1785290378.5043657,0.0,0.0,0.022954912185668946
1785290378.5277057,0.0,0.0,0.022927967071533203
1785290378.551043,0.0,0.0,0.02293350410461426
1785290378.574443,0.0,0.0,0.022962272644042967
1785290378.5977945,0.0,0.0,0.022937599182128905
1785290378.6211412,0.0,0.0,0.022938720703125
1785290378.6444979,0.0,0.0,0.02293929672241211
1785290378.6678455,0.0,0.0,0.02293708801269531
1785290378.691183,0.0,0.0,0.022923583984375
1785290378.7145374,0.0,0.0,0.02294473648071289
1785290378.7379072,0.0,0.0,0.022959775924682617
1785290378.7612703,0.0,0.0,0.022947168350219725
1785290378.7846208,0.0,0.0,0.022944768905639647
1785290378.807963,0.0,0.0,0.02292915153503418
1785290378.8313057,0.0,0.0,0.022934495925903322
1785290378.8546548,0.0,0.0,0.022940448760986328
1785290378.8780499,0.0,0.0,0.02298633575439453
1785290378.9013965,0.0,0.0,0.0229420166015625
1785290378.924747,0.0,0.0,0.022938623428344726
1785290378.9480977,0.0,0.0,0.022947967529296873
1785290378.9714816,0.0,0.0,0.022967199325561523
1785290378.9948473,0.0,0.0,0.022947551727294922
1785290379.0182266,0.0,0.0,0.022934495925903322
1785290379.0415692,0.0,0.0,0.022937055587768554
1785290379.064929,0.0,0.0,0.02293414306640625
1785290379.0882885,0.0,0.0,0.022950111389160158
1785290379.1116443,0.0,0.0,0.022949056625366213
1785290379.1350129,0.0,0.0,0.022951744079589845
1785290379.1583896,0.0,0.0,0.02293462371826172
1785290379.1822724,0.0,0.0,0.023476255416870116
1785290379.2056227,0.0,0.0,0.02293209648132324
1785290379.2289705,0.0,0.0,0.022938720703125
1785290379.2523043,0.0,0.0,0.02292419242858887
1785290379.2756498,0.0,0.0,0.022944448471069336
1785290379.299009,0.0,0.0,0.02294620704650879
1785290379.3223925,0.0,0.0,0.022948896408081055
1785290379.3457546,0.0,0.0,0.022959007263183593
1785290379.3691196,0.0,0.0,0.02295222473144531
1785290379.3924677,0.0,0.0,0.02294281578063965
1785290379.4158468,0.0,0.0,0.022962432861328125
1785290379.4392135,0.0,0.0,0.02295091247558594
1785290379.462573,0.0,0.0,0.02294166374206543
1785290379.4859512,0.0,0.0,0.022969343185424804
1785290379.5093064,0.0,0.0,0.02295062446594238
1785290379.5326638,0.0,0.0,0.022935487747192382
1785290379.556027,0.0,0.0,0.02295452880859375
1785290379.5794044,0.0,0.0,0.022957632064819336
1785290379.6027591,0.0,0.0,0.0229498233795166
1785290379.62613,0.0,0.0,0.02292870330810547
1785290379.6494646,0.0,0.0,0.022927040100097655
1785290379.6728115,0.0,0.0,0.022937856674194335
1785290379.696153,0.0,0.0,0.02292064094543457
1785290379.719536,0.0,0.0,0.022975872039794922
1785290379.7428834,0.0,0.0,0.022930335998535157
1785290379.7663474,0.0,0.0,0.02302774429321289
1785290379.7896953,0.0,0.0,0.022934175491333007
1785290379.8130326,0.0,0.0,0.02293187141418457
1785290379.836386,0.0,0.0,0.022944831848144533
1785290379.8597426,0.0,0.0,0.022943424224853515
1785290379.8831303,0.0,0.0,0.02295465660095215
1785290379.9064903,0.0,0.0,0.022941408157348634
1785290379.9298723,0.0,0.0,0.022977792739868164
1785290379.9537787,0.0,0.0,0.023500640869140624
1785290379.9771502,0.0,0.0,0.022946943283081056
1785290380.0004895,0.0,0.0,0.02293222427368164
1785290380.0238435,0.0,0.0,0.022935808181762694
1785290380.0471973,0.0,0.0,0.022940128326416016
1785290380.0705616,0.0,0.0,0.02294598388671875
1785290380.093936,0.0,0.0,0.022957952499389648
1785290380.1172986,0.0,0.0,0.02295091247558594
1785290380.1406527,0.0,0.0,0.02293507194519043
1785290380.1639905,0.0,0.0,0.022934112548828125
1785290380.1873484,0.0,0.0,0.022939712524414062
1785290380.2107244,0.0,0.0,0.02296780776977539
1785290380.234112,0.0,0.0,0.02294931221008301
1785290380.2574759,0.0,0.0,0.022952480316162108
1785290380.280827,0.0,0.0,0.022945951461791993
1785290380.3041825,0.0,0.0,0.022941375732421877
1785290380.3275516,0.0,0.0,0.022958591461181642
1785290380.3509505,0.0,0.0,0.022954111099243165
1785290380.3743324,0.0,0.0,0.022936767578125
1785290380.3976955,0.0,0.0,0.022948511123657228
1785290380.42106,0.0,0.0,0.022953792572021483
1785290380.4445062,0.0,0.0,0.02302409553527832
1785290380.4678893,0.0,0.0,0.022958431243896484
1785290380.4912481,0.0,0.0,0.022938880920410156
1785290380.5146081,0.0,0.0,0.022939712524414062
1785290380.5379803,0.0,0.0,0.022963136672973634
1785290380.5613298,0.0,0.0,0.022927167892456055
1785290380.5846784,0.0,0.0,0.022935935974121094
1785290380.6080225,0.0,0.0,0.02293721580505371
1785290380.6313756,0.0,0.0,0.02293600082397461
1785290380.6547115,0.0,0.0,0.022928127288818358
