time,in_time,out_time,inference_time
1785289853.3509145,0.0,0.0,0.0009368960261344909
1785289853.3522363,0.0,0.0,0.0009294400215148925
1785289853.3535552,0.0,0.0,0.0009571840167045593
1785289853.3548574,0.0,0.0,0.0009341440200805664
1785289853.3561857,0.0,0.0,0.0009430720210075378
1785289853.3574874,0.0,0.0,0.0009383999705314636
1785289853.3587856,0.0,0.0,0.0009367679953575135
1785289853.3601122,0.0,0.0,0.0009462080001831055
1785289853.361433,0.0,0.0,0.0009382399916648865
1785289853.36272,0.0,0.0,0.0009243839979171753
1785289853.3640213,0.0,0.0,0.0009435840249061584
1785289853.3653154,0.0,0.0,0.0009325439929962158
1785289853.366596,0.0,0.0,0.0009231039881706238
1785289853.3679225,0.0,0.0,0.000969376027584076
1785289853.369244,0.0,0.0,0.0009559360146522522
1785289853.3705575,0.0,0.0,0.0009337279796600342
1785289853.3719091,0.0,0.0,0.0009836159944534302
1785289853.3732226,0.0,0.0,0.0009451519846916199
1785289853.374525,0.0,0.0,0.0009423360228538513
1785289853.3758562,0.0,0.0,0.0009735040068626404
1785289853.3771749,0.0,0.0,0.000956991970539093
1785289853.3784957,0.0,0.0,0.0009587839841842652
1785289853.3798451,0.0,0.0,0.0009818559885025025
1785289853.3812203,0.0,0.0,0.0010135680437088012
1785289853.3825796,0.0,0.0,0.0009889280200004577
1785289853.3839626,0.0,0.0,0.0010154880285263063
1785289853.385318,0.0,0.0,0.0009828479886054993
1785289853.386697,0.0,0.0,0.0010207040309906006
1785289853.3880796,0.0,0.0,0.0010147839784622192
1785289853.3893995,0.0,0.0,0.0009548159837722779
1785289853.3906891,0.0,0.0,0.0009325119853019714
1785289853.3920085,0.0,0.0,0.000961247980594635
1785289853.3932862,0.0,0.0,0.0009187840223312378
1785289853.394563,0.0,0.0,0.0009157119989395142
1785289853.3959098,0.0,0.0,0.0009754559993743896
1785289853.3971972,0.0,0.0,0.0009277120232582092
1785289853.3984838,0.0,0.0,0.0009318400025367737
1785289853.3997884,0.0,0.0,0.0009381120204925537
1785289853.4010744,0.0,0.0,0.0009229440093040467
1785289853.402351,0.0,0.0,0.0009180799722671508
1785289853.40494,0.0,0.0,0.0022280960083007812
1785289853.4062731,0.0,0.0,0.0009333119988441468
1785289853.4075933,0.0,0.0,0.0009426239728927612
1785289853.4088864,0.0,0.0,0.0009231680035591126
1785289853.4101582,0.0,0.0,0.0009104319810867309
1785289853.411486,0.0,0.0,0.0009714239835739136
1785289853.4127698,0.0,0.0,0.0009218239784240722
1785289853.4140303,0.0,0.0,0.0009064000248908997
1785289853.4153264,0.0,0.0,0.0009366400241851806
1785289853.416601,0.0,0.0,0.0009138240218162537
1785289853.4178703,0.0,0.0,0.0009064639806747436
1785289853.4191723,0.0,0.0,0.0009485440254211426
1785289853.4204483,0.0,0.0,0.0009157440066337586
1785289853.4217591,0.0,0.0,0.0009426559805870056
1785289853.4230287,0.0,0.0,0.0009123520255088807
1785289853.42435,0.0,0.0,0.0009357439875602722
1785289853.4256241,0.0,0.0,0.0009178879857063293
1785289853.4269032,0.0,0.0,0.000920960009098053
1785289853.428247,0.0,0.0,0.000943615972995758
1785289853.429549,0.0,0.0,0.0009321280121803284
1785289853.4308205,0.0,0.0,0.000916159987449646
1785289853.4321165,0.0,0.0,0.0009188799858093261
1785289853.4333885,0.0,0.0,0.0009162560105323792
1785289853.4346647,0.0,0.0,0.0009193919897079468
1785289853.4359422,0.0,0.0,0.0009273920059204102
1785289853.4372623,0.0,0.0,0.000922752022743225
1785289853.4385371,0.0,0.0,0.0009139519929885864
1785289853.4398699,0.0,0.0,0.000977728009223938
1785289853.4412348,0.0,0.0,0.0009229120016098023
1785289853.4425087,0.0,0.0,0.0009159359931945801
1785289853.4438202,0.0,0.0,0.000959168016910553
1785289853.4450827,0.0,0.0,0.0009060159921646118
1785289853.4463573,0.0,0.0,0.0009189760088920593
1785289853.4476562,0.0,0.0,0.0009398080110549926
1785289853.4489362,0.0,0.0,0.0009222720265388488
1785289853.4502065,0.0,0.0,0.0009168000221252442
1785289853.451515,0.0,0.0,0.0009497280120849609
1785289853.4527824,0.0,0.0,0.0009109119772911071
1785289853.4540753,0.0,0.0,0.0009376000165939331
1785289853.4554033,0.0,0.0,0.000967136025428772
1785289853.456723,0.0,0.0,0.0009404159784317017
1785289853.4580035,0.0,0.0,0.0009240639805793762
1785289853.4602358,0.0,0.0,0.0018501759767532348
1785289853.4615495,0.0,0.0,0.000927232027053833
1785289853.462848,0.0,0.0,0.0009262400269508361
1785289853.4641507,0.0,0.0,0.0009220799803733825
1785289853.4654238,0.0,0.0,0.0009139840006828308
1785289853.4667063,0.0,0.0,0.0009212160110473633
1785289853.468021,0.0,0.0,0.0009585919976234436
1785289853.469309,0.0,0.0,0.0009250239729881286
1785289853.4705725,0.0,0.0,0.0009057279825210571
1785289853.471918,0.0,0.0,0.0009659199714660645
1785289853.4731858,0.0,0.0,0.000909824013710022
1785289853.4744596,0.0,0.0,0.000920415997505188
1785289853.4757495,0.0,0.0,0.0009364479780197143
1785289853.4770186,0.0,0.0,0.0009116479754447938
1785289853.4783206,0.0,0.0,0.0009471359848976135
1785289853.4796703,0.0,0.0,0.0009693120121955872
1785289853.4809644,0.0,0.0,0.000913856029510498
1785289853.4822552,0.0,0.0,0.0009338880181312561
1785289853.4835737,0.0,0.0,0.0009590399861335755
1785289853.4848616,0.0,0.0,0.0009256960153579712
1785289853.4861283,0.0,0.0,0.0009127680063247681
1785289853.4874148,0.0,0.0,0.0009351999759674072
1785289853.4886847,0.0,0.0,0.0009162880182266236
1785289853.4899597,0.0,0.0,0.0009140480160713196
1785289853.4912632,0.0,0.0,0.0009484800100326538
1785289853.4925678,0.0,0.0,0.0009427840113639831
1785289853.4938195,0.0,0.0,0.000900767982006073
1785289853.4951303,0.0,0.0,0.0009473919868469238
1785289853.496427,0.0,0.0,0.0009291200041770935
1785289853.4977026,0.0,0.0,0.0009101439714431763
1785289853.498972,0.0,0.0,0.0009180160164833069
1785289853.5002527,0.0,0.0,0.0009080640077590942
1785289853.5015213,0.0,0.0,0.000911679983139038
1785289853.5027835,0.0,0.0,0.0009116479754447938
1785289853.5040803,0.0,0.0,0.0009264960289001465
1785289853.5053747,0.0,0.0,0.0009215999841690063
1785289853.5066664,0.0,0.0,0.0009332799911499024
1785289853.5079665,0.0,0.0,0.0009465919733047485
1785289853.5092533,0.0,0.0,0.0009265599846839905
1785289853.5105495,0.0,0.0,0.0009313279986381531
1785289853.5118577,0.0,0.0,0.000946943998336792
1785289853.513127,0.0,0.0,0.0009086719751358033
1785289853.5152216,0.0,0.0,0.0017344000339508056
1785289853.5165708,0.0,0.0,0.0009535679817199707
1785289853.5178504,0.0,0.0,0.0009088320136070252
1785289853.5191865,0.0,0.0,0.0009594240188598633
1785289853.5204833,0.0,0.0,0.000933247983455658
1785289853.5217621,0.0,0.0,0.0009200639724731445
1785289853.5230381,0.0,0.0,0.0009248960018157959
1785289853.524331,0.0,0.0,0.000919327974319458
1785289853.525609,0.0,0.0,0.000926367998123169
1785289853.5268815,0.0,0.0,0.0009171199798583984
1785289853.528201,0.0,0.0,0.0009423360228538513
1785289853.529496,0.0,0.0,0.0009353600144386291
1785289853.5307612,0.0,0.0,0.000909280002117157
1785289853.5320718,0.0,0.0,0.00093612802028656
1785289853.5333717,0.0,0.0,0.0009406399726867676
1785289853.534657,0.0,0.0,0.0009265599846839905
1785289853.5359564,0.0,0.0,0.0009476159811019898
1785289853.5372293,0.0,0.0,0.0009143999814987182
1785289853.5385108,0.0,0.0,0.0009116160273551941
1785289853.5398262,0.0,0.0,0.0009494079947471619
1785289853.541097,0.0,0.0,0.0009151039719581605
1785289853.542361,0.0,0.0,0.0009104639887809753
1785289853.5436482,0.0,0.0,0.0009404799938201905
1785289853.5449202,0.0,0.0,0.0009147840142250061
1785289853.5462086,0.0,0.0,0.0009311360120773316
1785289853.547521,0.0,0.0,0.0009523199796676636
1785289853.5488076,0.0,0.0,0.0009242560267448425
1785289853.5500858,0.0,0.0,0.0009191039800643921
1785289853.551389,0.0,0.0,0.0009424960017204285
1785289853.5526621,0.0,0.0,0.0009167360067367554
1785289853.5539274,0.0,0.0,0.0009157119989395142
1785289853.5552163,0.0,0.0,0.0009374079704284668
1785289853.5564797,0.0,0.0,0.0009065600037574768
1785289853.5577812,0.0,0.0,0.0009313279986381531
1785289853.5590372,0.0,0.0,0.0009049919843673706
1785289853.5603354,0.0,0.0,0.0009237759709358215
1785289853.5615997,0.0,0.0,0.0009143999814987182
1785289853.562854,0.0,0.0,0.0009052479863166809
1785289853.5641322,0.0,0.0,0.0009062079787254334
1785289853.5654163,0.0,0.0,0.0009229760169982911
1785289853.5667112,0.0,0.0,0.0009332799911499024
1785289853.5680199,0.0,0.0,0.0009504640102386474
1785289853.5692906,0.0,0.0,0.0009097599983215332
1785289853.571357,0.0,0.0,0.0008247680068016052
1785289853.5726638,0.0,0.0,0.0009308800101280213
1785289853.5739536,0.0,0.0,0.0009263359904289246
1785289853.5752673,0.0,0.0,0.0009524800181388855
1785289853.5765631,0.0,0.0,0.0009312000274658203
1785289853.5778408,0.0,0.0,0.0009112319946289062
1785289853.5791411,0.0,0.0,0.0009375039935112
1785289853.5804307,0.0,0.0,0.0009297919869422913
1785289853.5817082,0.0,0.0,0.0009217600226402282
1785289853.5829902,0.0,0.0,0.0009304959774017334
1785289853.5842702,0.0,0.0,0.0009071679711341858
1785289853.5855303,0.0,0.0,0.0009134719967842102
1785289853.5867898,0.0,0.0,0.0009078720211982727
1785289853.5880952,0.0,0.0,0.0009286720156669617
1785289853.5893977,0.0,0.0,0.0009423999786376953
1785289853.5906634,0.0,0.0,0.0009113600254058838
1785289853.591997,0.0,0.0,0.0009634559750556946
1785289853.5932882,0.0,0.0,0.0009283519983291626
1785289853.5945513,0.0,0.0,0.0009119359850883484
1785289853.5958707,0.0,0.0,0.0009639359712600708
1785289853.5971549,0.0,0.0,0.0009257919788360595
1785289853.598415,0.0,0.0,0.0009059200286865235
1785289853.5997014,0.0,0.0,0.0009317439794540405
1785289853.6009912,0.0,0.0,0.0009283199906349182
1785289853.6022477,0.0,0.0,0.0009018239974975586
1785289853.6035368,0.0,0.0,0.0009368000030517579
1785289853.604827,0.0,0.0,0.0009093440175056458
1785289853.6061237,0.0,0.0,0.0009424639940261841
1785289853.6074405,0.0,0.0,0.0009498879909515381
1785289853.6087353,0.0,0.0,0.0009333760142326354
1785289853.6099882,0.0,0.0,0.000898144006729126
1785289853.61133,0.0,0.0,0.0009868800044059752
1785289853.612613,0.0,0.0,0.0009194239974021912
1785289853.613899,0.0,0.0,0.0009285759925842285
1785289853.615183,0.0,0.0,0.0009280959963798523
1785289853.6164598,0.0,0.0,0.0009239040017127991
1785289853.6177428,0.0,0.0,0.0009268800020217896
1785289853.6190221,0.0,0.0,0.0009253439903259277
1785289853.6203284,0.0,0.0,0.0009276160001754761
1785289853.6216264,0.0,0.0,0.0009292479753494262
1785289853.622887,0.0,0.0,0.0009016960263252259
1785289853.624204,0.0,0.0,0.000936191976070404
1785289853.6262207,0.0,0.0,0.0016592639684677125
1785289853.627558,0.0,0.0,0.0009448000192642212
1785289853.6288574,0.0,0.0,0.0009266240000724793
1785289853.630129,0.0,0.0,0.0009154559969902039
1785289853.6314266,0.0,0.0,0.0009473599791526794
1785289853.6326962,0.0,0.0,0.0009147840142250061
1785289853.6339748,0.0,0.0,0.0009240959882736206
1785289853.6352797,0.0,0.0,0.0009484480023384094
1785289853.6365592,0.0,0.0,0.000918720006942749
1785289853.6378324,0.0,0.0,0.0009177280068397522
1785289853.6391335,0.0,0.0,0.0009280959963798523
1785289853.6404073,0.0,0.0,0.0009155840277671813
1785289853.6416914,0.0,0.0,0.0009306880235671997
1785289853.642955,0.0,0.0,0.000902783989906311
1785289853.6442554,0.0,0.0,0.0009197760224342347
1785289853.6455202,0.0,0.0,0.0009088000059127808
1785289853.646786,0.0,0.0,0.0009136319756507873
1785289853.6481,0.0,0.0,0.0009416000247001648
1785289853.6493735,0.0,0.0,0.0009127359986305237
1785289853.6506498,0.0,0.0,0.0009203839898109436
1785289853.6519444,0.0,0.0,0.0009388800263404846
1785289853.653239,0.0,0.0,0.0009201920032501221
1785289853.6545172,0.0,0.0,0.0009267200231552124
1785289853.6558053,0.0,0.0,0.0009381440281867981
1785289853.657069,0.0,0.0,0.000904416024684906
1785289853.6583374,0.0,0.0,0.000915391981601715
1785289853.6596415,0.0,0.0,0.0009473599791526794
1785289853.6609154,0.0,0.0,0.0009143999814987182
1785289853.6621983,0.0,0.0,0.0009335680007934571
1785289853.6635044,0.0,0.0,0.0009515200257301331
1785289853.664764,0.0,0.0,0.00090665602684021
1785289853.6660442,0.0,0.0,0.0009349439740180969
1785289853.667333,0.0,0.0,0.0009411200284957886
1785289853.6685913,0.0,0.0,0.0009028800129890442
1785289853.6698709,0.0,0.0,0.0009233919978141785
1785289853.6711748,0.0,0.0,0.0009304959774017334
1785289853.672434,0.0,0.0,0.000906495988368988
1785289853.6737113,0.0,0.0,0.0009116160273551941
1785289853.6750054,0.0,0.0,0.0009404159784317017
1785289853.676336,0.0,0.0,0.000949184000492096
1785289853.6776366,0.0,0.0,0.0009395520091056823
1785289853.6789079,0.0,0.0,0.0009129599928855896
1785289853.680962,0.0,0.0,0.0016783039569854736
1785289853.682302,0.0,0.0,0.0009512959718704224
1785289853.6836412,0.0,0.0,0.0009635199904441834
1785289853.6849513,0.0,0.0,0.0009435840249061584
1785289853.6862142,0.0,0.0,0.0009072960019111633
1785289853.6875105,0.0,0.0,0.0009416000247001648
1785289853.6887622,0.0,0.0,0.0008959360122680664
1785289853.690035,0.0,0.0,0.0009114239811897277
1785289853.6913147,0.0,0.0,0.000930079996585846
1785289853.692604,0.0,0.0,0.0009316160082817078
1785289853.6938741,0.0,0.0,0.0009119359850883484
1785289853.6951506,0.0,0.0,0.000921504020690918
1785289853.6964202,0.0,0.0,0.0009186879992485046
1785289853.697676,0.0,0.0,0.000904416024684906
1785289853.698936,0.0,0.0,0.0009096639752388001
1785289853.700265,0.0,0.0,0.0009276160001754761
1785289853.701549,0.0,0.0,0.0009257280230522155
1785289853.7028093,0.0,0.0,0.0009054080247879029
1785289853.7041438,0.0,0.0,0.0009364159703254699
1785289853.7054353,0.0,0.0,0.0009331520199775695
1785289853.7067282,0.0,0.0,0.0009344959855079651
1785289853.7080326,0.0,0.0,0.0009488000273704529
1785289853.7092938,0.0,0.0,0.0009059519767761231
1785289853.7105782,0.0,0.0,0.0009329599738121032
1785289853.711938,0.0,0.0,0.0010079679489135743
1785289853.7132182,0.0,0.0,0.0009195200204849244
1785289853.7145164,0.0,0.0,0.000940671980381012
1785289853.7158208,0.0,0.0,0.000946720004081726
1785289853.717083,0.0,0.0,0.0009108800292015076
1785289853.7183414,0.0,0.0,0.0009043200016021728
1785289853.7196913,0.0,0.0,0.000944320023059845
1785289853.7209473,0.0,0.0,0.0008992639780044556
1785289853.722214,0.0,0.0,0.0009132159948348999
1785289853.723497,0.0,0.0,0.0009405760169029235
1785289853.7247748,0.0,0.0,0.0009067519903182983
1785289853.7260501,0.0,0.0,0.000916159987449646
1785289853.7273507,0.0,0.0,0.0009491199851036072
1785289853.7286441,0.0,0.0,0.0009397439956665039
1785289853.7299333,0.0,0.0,0.0009313600063323975
1785289853.731267,0.0,0.0,0.000969760000705719
1785289853.7325785,0.0,0.0,0.0009512959718704224
1785289853.7338638,0.0,0.0,0.0009245439767837524
1785289853.7351658,0.0,0.0,0.0009424319863319397
1785289853.737172,0.0,0.0,0.0006865280270576477
1785289853.7385042,0.0,0.0,0.0009609599709510803
1785289853.7397974,0.0,0.0,0.0009337599873542786
1785289853.7410734,0.0,0.0,0.0009168959856033325
1785289853.7423596,0.0,0.0,0.0009201920032501221
1785289853.7436652,0.0,0.0,0.0009445440173149109
1785289853.7449386,0.0,0.0,0.0009160000085830689
1785289853.7462094,0.0,0.0,0.000916159987449646
1785289853.7475266,0.0,0.0,0.0009591040015220642
1785289853.7488165,0.0,0.0,0.0009375680088996888
1785289853.7500794,0.0,0.0,0.0009085440039634705
1785289853.751376,0.0,0.0,0.0009464640021324158
1785289853.7526693,0.0,0.0,0.0009212480187416077
1785289853.7539458,0.0,0.0,0.0009208319783210754
1785289853.7552366,0.0,0.0,0.0009377920031547547
1785289853.756534,0.0,0.0,0.0009220479726791381
1785289853.7578099,0.0,0.0,0.0009158719778060913
1785289853.7590764,0.0,0.0,0.0009204480051994324
1785289853.760379,0.0,0.0,0.0009275519847869873
1785289853.7616277,0.0,0.0,0.0008957120180130005
1785289853.7629068,0.0,0.0,0.0009274240136146546
1785289853.7642202,0.0,0.0,0.0009406399726867676
1785289853.7654932,0.0,0.0,0.0009172160029411316
1785289853.7667584,0.0,0.0,0.0009101439714431763
1785289853.7680712,0.0,0.0,0.0009417279958724976
1785289853.7693467,0.0,0.0,0.0009265919923782349
1785289853.7706583,0.0,0.0,0.0009437760114669799
1785289853.7719588,0.0,0.0,0.0009465919733047485
1785289853.773212,0.0,0.0,0.000895039975643158
1785289853.774494,0.0,0.0,0.0009310399889945984
1785289853.7758207,0.0,0.0,0.0009560959935188294
1785289853.777098,0.0,0.0,0.0009167680144309998
1785289853.7783775,0.0,0.0,0.0009224960207939148
1785289853.7796726,0.0,0.0,0.000947264015674591
1785289853.7809515,0.0,0.0,0.0009192960262298583
1785289853.7822168,0.0,0.0,0.0009139840006828308
1785289853.7834957,0.0,0.0,0.000927295982837677
1785289853.784756,0.0,0.0,0.0009107840061187744
1785289853.7860317,0.0,0.0,0.0009244480133056641
1785289853.7873352,0.0,0.0,0.0009452800154685974
1785289853.7886298,0.0,0.0,0.0009325760006904602
1785289853.789908,0.0,0.0,0.0009198079705238342
1785289853.7918763,0.0,0.0,0.0016136319637298584
1785289853.7932103,0.0,0.0,0.0009409919977188111
1785289853.7945135,0.0,0.0,0.0009338880181312561
1785289853.795822,0.0,0.0,0.0009470720291137695
1785289853.7971113,0.0,0.0,0.0009285119771957397
1785289853.7983813,0.0,0.0,0.0009183679819107055
1785289853.7996874,0.0,0.0,0.0009434880018234253
1785289853.8009813,0.0,0.0,0.0009234240055084229
1785289853.8022487,0.0,0.0,0.0009130240082740784
1785289853.8035667,0.0,0.0,0.0009488959908485413
1785289853.8048413,0.0,0.0,0.0009142720103263855
1785289853.806119,0.0,0.0,0.0009237120151519776
1785289853.807408,0.0,0.0,0.0009312639832496643
1785289853.8086944,0.0,0.0,0.0009286720156669617
1785289853.809956,0.0,0.0,0.0009112640023231506
1785289853.8112693,0.0,0.0,0.000955456018447876
1785289853.812538,0.0,0.0,0.0009143679738044739
1785289853.8138008,0.0,0.0,0.0009073280096054077
1785289853.8150773,0.0,0.0,0.0009228799939155579
1785289853.8163912,0.0,0.0,0.0009359040260314941
1785289853.817661,0.0,0.0,0.000915008008480072
1785289853.8189585,0.0,0.0,0.0009234560132026673
1785289853.8202484,0.0,0.0,0.0009095360040664673
1785289853.8215187,0.0,0.0,0.0009159680008888245
1785289853.8227909,0.0,0.0,0.0009201599955558777
1785289853.8240776,0.0,0.0,0.0009146879911422729
1785289853.8253531,0.0,0.0,0.0009199680089950562
1785289853.8266213,0.0,0.0,0.0009178879857063293
1785289853.8279185,0.0,0.0,0.0009428160190582275
1785289853.8291974,0.0,0.0,0.0009191679954528809
1785289853.8304746,0.0,0.0,0.0009136000275611878
1785289853.8317745,0.0,0.0,0.0009430400133132934
1785289853.833053,0.0,0.0,0.0009155200123786927
1785289853.8343294,0.0,0.0,0.0009233919978141785
1785289853.8356395,0.0,0.0,0.0009399999976158142
1785289853.836943,0.0,0.0,0.0009291520118713379
1785289853.8382075,0.0,0.0,0.0009088640213012696
1785289853.8395078,0.0,0.0,0.0009474239945411683
1785289853.8407624,0.0,0.0,0.00090447998046875
1785289853.8420546,0.0,0.0,0.0009349759817123413
1785289853.8433607,0.0,0.0,0.0009461119771003723
1785289853.84464,0.0,0.0,0.0009209920167922974
1785289853.8459253,0.0,0.0,0.0009233919978141785
1785289853.8479555,0.0,0.0,0.001010208010673523
1785289853.8492641,0.0,0.0,0.000935808002948761
1785289853.850544,0.0,0.0,0.0009278079867362976
1785289853.85185,0.0,0.0,0.0009486719965934754
1785289853.8531497,0.0,0.0,0.000940671980381012
1785289853.8544118,0.0,0.0,0.0009035199880599975
1785289853.855733,0.0,0.0,0.0009666879773139954
1785289853.857007,0.0,0.0,0.000902463972568512
1785289853.8582864,0.0,0.0,0.0009282240271568298
1785289853.85959,0.0,0.0,0.0009505599737167358
1785289853.8608444,0.0,0.0,0.0009058880209922791
1785289853.862134,0.0,0.0,0.0009271680116653443
1785289853.8634195,0.0,0.0,0.0009343039989471436
1785289853.8646963,0.0,0.0,0.000923520028591156
1785289853.8660054,0.0,0.0,0.0009539840221405029
1785289853.8673208,0.0,0.0,0.0009547200202941894
1785289853.8685725,0.0,0.0,0.0008994240164756775
1785289853.869852,0.0,0.0,0.0009101759791374206
1785289853.8711376,0.0,0.0,0.0009338240027427674
1785289853.8724613,0.0,0.0,0.0009428480267524719
1785289853.8737378,0.0,0.0,0.0009190080165863037
1785289853.8750024,0.0,0.0,0.0009132800102233887
1785289853.8763144,0.0,0.0,0.0009183999896049499
1785289853.8776088,0.0,0.0,0.0009377279877662659
1785289853.8788803,0.0,0.0,0.0009172160029411316
1785289853.8801708,0.0,0.0,0.0009171839952468872
1785289853.8814433,0.0,0.0,0.0009160000085830689
1785289853.8827212,0.0,0.0,0.0009252799749374389
1785289853.8840177,0.0,0.0,0.0009473919868469238
1785289853.8852744,0.0,0.0,0.0009030399918556213
1785289853.8865411,0.0,0.0,0.0009119359850883484
1785289853.8878472,0.0,0.0,0.0009520000219345093
1785289853.8891194,0.0,0.0,0.0009127359986305237
1785289853.8903832,0.0,0.0,0.0009121919870376587
1785289853.8916962,0.0,0.0,0.0009418240189552307
1785289853.8929586,0.0,0.0,0.0009106240272521973
1785289853.8942113,0.0,0.0,0.000902944028377533
1785289853.8954942,0.0,0.0,0.0009286720156669617
1785289853.89678,0.0,0.0,0.0009317759871482849
1785289853.8980656,0.0,0.0,0.0009198079705238342
1785289853.899352,0.0,0.0,0.000929535984992981
1785289853.9006345,0.0,0.0,0.000918720006942749
1785289853.9025927,0.0,0.0,0.0015986560583114624
1785289853.9039524,0.0,0.0,0.0009694079756736756
1785289853.9052403,0.0,0.0,0.0009191679954528809
1785289853.9065042,0.0,0.0,0.0009085760116577149
1785289853.9078083,0.0,0.0,0.0009465919733047485
1785289853.9090793,0.0,0.0,0.0009113280177116394
1785289853.9103563,0.0,0.0,0.0009237120151519776
1785289853.9116738,0.0,0.0,0.0009575999975204467
1785289853.9129508,0.0,0.0,0.0009045439958572387
1785289853.9142177,0.0,0.0,0.0009112319946289062
1785289853.91552,0.0,0.0,0.0009472000002861023
1785289853.9168358,0.0,0.0,0.0009509119987487793
1785289853.9181902,0.0,0.0,0.0009463040232658386
1785289853.9195254,0.0,0.0,0.0009638720154762268
1785289853.9208193,0.0,0.0,0.0009288960099220276
1785289853.922102,0.0,0.0,0.0009209920167922974
1785289853.9234114,0.0,0.0,0.0009510400295257568
1785289853.9246974,0.0,0.0,0.0009281600117683411
1785289853.9259624,0.0,0.0,0.000912447988986969
1785289853.9272504,0.0,0.0,0.0009342719912528992
1785289853.9285288,0.0,0.0,0.0009200000166893006
1785289853.9298048,0.0,0.0,0.0009182400107383728
1785289853.931063,0.0,0.0,0.0009067839980125427
1785289853.9323905,0.0,0.0,0.0009249600172042847
1785289853.9336586,0.0,0.0,0.0009111999869346618
1785289853.9349399,0.0,0.0,0.0009192320108413697
1785289853.9362433,0.0,0.0,0.0009180160164833069
1785289853.9375126,0.0,0.0,0.0009179840087890625
1785289853.9387746,0.0,0.0,0.0009068160057067871
1785289853.9400659,0.0,0.0,0.0009259520173072815
1785289853.9413664,0.0,0.0,0.0009491519927978516
1785289853.942645,0.0,0.0,0.0009172800183296204
1785289853.9439487,0.0,0.0,0.0009528639912605286
1785289853.9452224,0.0,0.0,0.0009143360257148743
1785289853.94648,0.0,0.0,0.0009027199745178223
1785289853.9478052,0.0,0.0,0.0009651520252227783
1785289853.9491172,0.0,0.0,0.000936959981918335
1785289853.9503937,0.0,0.0,0.0009166399836540222
1785289853.9517238,0.0,0.0,0.0009570239782333374
1785289853.9530287,0.0,0.0,0.0009324480295181274
1785289853.9543219,0.0,0.0,0.0009225919842720032
1785289853.955629,0.0,0.0,0.0009474880099296569
1785289853.9576392,0.0,0.0,0.0016483839750289918
1785289853.95895,0.0,0.0,0.0009221760034561157
1785289853.9602616,0.0,0.0,0.0009255040287971496
1785289853.961552,0.0,0.0,0.0009273279905319214
1785289853.9628415,0.0,0.0,0.0009335680007934571
1785289853.9641516,0.0,0.0,0.0009358400106430054
1785289853.9654381,0.0,0.0,0.0009289600253105163
1785289853.966728,0.0,0.0,0.0009320319890975952
1785289853.9680324,0.0,0.0,0.0009522560238838196
1785289853.9693189,0.0,0.0,0.0009120960235595704
1785289853.9705915,0.0,0.0,0.0009194239974021912
1785289853.9718876,0.0,0.0,0.0009423040151596069
1785289853.9731586,0.0,0.0,0.0009153599739074706
1785289853.974433,0.0,0.0,0.0009174720048904419
1785289853.9757187,0.0,0.0,0.0009310719966888428
1785289853.9770072,0.0,0.0,0.0009224640130996704
1785289853.9782813,0.0,0.0,0.0009200320243835449
1785289853.9795866,0.0,0.0,0.0009456639885902405
1785289853.9808757,0.0,0.0,0.0009319040179252624
1785289853.982159,0.0,0.0,0.0009246399998664856
1785289853.9834504,0.0,0.0,0.0009395840167999267
1785289853.9847336,0.0,0.0,0.0009206399917602539
1785289853.9859986,0.0,0.0,0.0009124799966812134
1785289853.9872963,0.0,0.0,0.0009373760223388672
1785289853.9885828,0.0,0.0,0.000930079996585846
1785289853.989857,0.0,0.0,0.00091948801279068
1785289853.991145,0.0,0.0,0.0009370239973068238
1785289853.992421,0.0,0.0,0.0009199680089950562
1785289853.9937203,0.0,0.0,0.0009411839842796326
1785289853.995004,0.0,0.0,0.0009297919869422913
1785289853.9962983,0.0,0.0,0.0009209280014038086
1785289853.9975545,0.0,0.0,0.00090447998046875
1785289853.9988356,0.0,0.0,0.0009285439848899841
1785289854.000145,0.0,0.0,0.0009216319918632507
1785289854.00143,0.0,0.0,0.0009142720103263855
1785289854.002698,0.0,0.0,0.0009169279932975769
1785289854.0039983,0.0,0.0,0.0009476159811019898
1785289854.0052824,0.0,0.0,0.0009215999841690063
1785289854.0065615,0.0,0.0,0.0009237120151519776
1785289854.0078616,0.0,0.0,0.0009431679844856262
1785289854.0091848,0.0,0.0,0.0009103360176086426
1785289854.0104704,0.0,0.0,0.0009279999732971191
1785289854.01244,0.0,0.0,0.0016111040115356445
1785289854.0137677,0.0,0.0,0.000932416021823883
1785289854.0150518,0.0,0.0,0.0009113280177116394
1785289854.0163739,0.0,0.0,0.0009254080057144165
1785289854.0176528,0.0,0.0,0.0009180160164833069
1785289854.0189645,0.0,0.0,0.0009191039800643921
1785289854.0202777,0.0,0.0,0.0009275519847869873
1785289854.021538,0.0,0.0,0.0009040960073471069
1785289854.0228326,0.0,0.0,0.0009234560132026673
1785289854.0241268,0.0,0.0,0.0009205759763717651
1785289854.0254018,0.0,0.0,0.0009188159704208375
1785289854.0266836,0.0,0.0,0.0009291200041770935
1785289854.0279765,0.0,0.0,0.0009418879747390747
1785289854.0292277,0.0,0.0,0.0008985919952392578
1785289854.030501,0.0,0.0,0.0009212160110473633
1785289854.0318024,0.0,0.0,0.0009498879909515381
1785289854.0331132,0.0,0.0,0.0009281280040740967
1785289854.034381,0.0,0.0,0.0009138879776000976
1785289854.0356865,0.0,0.0,0.00094896000623703
1785289854.0369492,0.0,0.0,0.000907584011554718
1785289854.0382094,0.0,0.0,0.0009084799885749817
1785289854.0395238,0.0,0.0,0.0009603840112686157
1785289854.0407906,0.0,0.0,0.0009123200178146363
1785289854.0420597,0.0,0.0,0.0009124159812927246
1785289854.043355,0.0,0.0,0.0009446399807929993
1785289854.044665,0.0,0.0,0.0009354879856109619
1785289854.0459335,0.0,0.0,0.0009175999760627746
1785289854.0472388,0.0,0.0,0.0009472320079803466
1785289854.0485113,0.0,0.0,0.0009184319972991943
1785289854.0497508,0.0,0.0,0.0008941760063171387
1785289854.0510218,0.0,0.0,0.0009222720265388488
1785289854.0523093,0.0,0.0,0.0009168959856033325
1785289854.0535722,0.0,0.0,0.0009118080139160156
1785289854.0548544,0.0,0.0,0.0009288960099220276
1785289854.056152,0.0,0.0,0.0009312639832496643
1785289854.0574324,0.0,0.0,0.0009249280095100403
1785289854.0586824,0.0,0.0,0.0008989440202713013
1785289854.0599828,0.0,0.0,0.0009429119825363159
1785289854.061263,0.0,0.0,0.0009216319918632507
1785289854.0625234,0.0,0.0,0.0009126399755477906
1785289854.0638344,0.0,0.0,0.0009460800290107727
1785289854.065187,0.0,0.0,0.0009614080190658569
1785289854.0665846,0.0,0.0,0.0009661120176315308
1785289854.0687187,0.0,0.0,0.001745568037033081
1785289854.0700321,0.0,0.0,0.0009258880019187927
1785289854.071355,0.0,0.0,0.0009554240107536316
1785289854.072626,0.0,0.0,0.0009048320055007935
1785289854.0739071,0.0,0.0,0.0009221439957618713
1785289854.0752068,0.0,0.0,0.0009439359903335572
1785289854.0764973,0.0,0.0,0.0009334080219268798
1785289854.0777485,0.0,0.0,0.0009015679955482483
1785289854.079008,0.0,0.0,0.0009069759845733642
1785289854.0802953,0.0,0.0,0.0009170560240745545
1785289854.081554,0.0,0.0,0.0009047359824180602
1785289854.0828192,0.0,0.0,0.0009169600009918213
1785289854.084131,0.0,0.0,0.0009308480024337769
1785289854.085404,0.0,0.0,0.0009219840168952942
1785289854.0866854,0.0,0.0,0.0009258880019187927
1785289854.0879977,0.0,0.0,0.0009572799801826477
1785289854.0892737,0.0,0.0,0.0009207680225372315
1785289854.090547,0.0,0.0,0.0009091519713401795
1785289854.0918798,0.0,0.0,0.0009584959745407105
1785289854.0931597,0.0,0.0,0.000916320025920868
1785289854.0944426,0.0,0.0,0.0009304959774017334
1785289854.0957506,0.0,0.0,0.0009553599953651429
1785289854.0970101,0.0,0.0,0.0009060479998588562
1785289854.098287,0.0,0.0,0.0009227200150489808
1785289854.0996103,0.0,0.0,0.0009484800100326538
1785289854.1009,0.0,0.0,0.0009289919734001159
1785289854.1021662,0.0,0.0,0.000912992000579834
1785289854.1034555,0.0,0.0,0.000941760003566742
1785289854.1047347,0.0,0.0,0.0009223359823226928
1785289854.1060002,0.0,0.0,0.0009184319972991943
1785289854.1072936,0.0,0.0,0.000943615972995758
1785289854.1085715,0.0,0.0,0.0009276800155639649
1785289854.1098433,0.0,0.0,0.0009151999950408935
1785289854.1111362,0.0,0.0,0.0009367679953575135
1785289854.1124206,0.0,0.0,0.0009269760251045227
1785289854.1136847,0.0,0.0,0.000912608027458191
1785289854.114937,0.0,0.0,0.0009052159786224366
1785289854.1162636,0.0,0.0,0.0009326720237731933
1785289854.1175356,0.0,0.0,0.0009140480160713196
1785289854.118822,0.0,0.0,0.0009273920059204102
1785289854.12013,0.0,0.0,0.000934336006641388
1785289854.1214046,0.0,0.0,0.0009170560240745545
1785289854.123391,0.0,0.0,0.0016255359649658204
1785289854.1247408,0.0,0.0,0.000954591989517212
1785289854.1260247,0.0,0.0,0.0009170879721641541
1785289854.1273663,0.0,0.0,0.0009527040123939514
1785289854.1286757,0.0,0.0,0.0009453120231628418
1785289854.129955,0.0,0.0,0.0009259200096130371
1785289854.131253,0.0,0.0,0.0009409919977188111
1785289854.1325223,0.0,0.0,0.0009136000275611878
1785289854.1338086,0.0,0.0,0.0009200959801673889
1785289854.1350887,0.0,0.0,0.0009270399808883667
1785289854.136397,0.0,0.0,0.0009310399889945984
1785289854.1376595,0.0,0.0,0.0009114239811897277
1785289854.1389287,0.0,0.0,0.0009170560240745545
1785289854.1402354,0.0,0.0,0.0009335359930992127
1785289854.141501,0.0,0.0,0.0009177600145339966
1785289854.1427734,0.0,0.0,0.0009220799803733825
1785289854.1440568,0.0,0.0,0.0009114239811897277
1785289854.1453238,0.0,0.0,0.0009160640239715577
1785289854.1466024,0.0,0.0,0.0009271360039710999
1785289854.1479034,0.0,0.0,0.0009483519792556763
1785289854.1491868,0.0,0.0,0.0009243199825286865
1785289854.1504686,0.0,0.0,0.0009256319999694824
1785289854.1517575,0.0,0.0,0.0009368960261344909
1785289854.1530175,0.0,0.0,0.0009071679711341858
1785289854.1542773,0.0,0.0,0.0009080320000648498
1785289854.1555724,0.0,0.0,0.0009455040097236633
1785289854.1568425,0.0,0.0,0.0009145920276641846
1785289854.1581082,0.0,0.0,0.0009128640294075012
1785289854.1593807,0.0,0.0,0.0009218559861183166
1785289854.160647,0.0,0.0,0.0009099519848823547
1785289854.1619048,0.0,0.0,0.0009051200151443482
1785289854.1631966,0.0,0.0,0.0009373440146446228
1785289854.1645062,0.0,0.0,0.0009351040124893188
1785289854.16581,0.0,0.0,0.0009325119853019714
1785289854.1670852,0.0,0.0,0.0009223999977111816
1785289854.1683707,0.0,0.0,0.0009036160111427307
1785289854.1696424,0.0,0.0,0.0009196479916572571
1785289854.1709187,0.0,0.0,0.0009231039881706238
1785289854.1721976,0.0,0.0,0.0009063680171966553
1785289854.1734788,0.0,0.0,0.000924992024898529
1785289854.1747613,0.0,0.0,0.0009158080220222474
1785289854.1760619,0.0,0.0,0.0009250239729881286
1785289854.1773255,0.0,0.0,0.0009057599902153015
1785289854.1793833,0.0,0.0,0.0010204800367355346
1785289854.1806917,0.0,0.0,0.0009217600226402282
1785289854.1819758,0.0,0.0,0.0009233599901199341
1785289854.1832576,0.0,0.0,0.0009270079731941223
1785289854.1845324,0.0,0.0,0.000924127995967865
1785289854.1857946,0.0,0.0,0.000911903977394104
1785289854.1870553,0.0,0.0,0.0009191679954528809
1785289854.1883578,0.0,0.0,0.0009257919788360595
1785289854.1896367,0.0,0.0,0.0009270399808883667
1785289854.1908834,0.0,0.0,0.0008937280178070068
1785289854.19219,0.0,0.0,0.000918720006942749
1785289854.1934626,0.0,0.0,0.0009179840087890625
1785289854.1947386,0.0,0.0,0.0009254720211029052
1785289854.1960425,0.0,0.0,0.0009520000219345093
1785289854.1973007,0.0,0.0,0.0009031680226325989
1785289854.198572,0.0,0.0,0.0009210879802703857
1785289854.199914,0.0,0.0,0.000970304012298584
1785289854.20119,0.0,0.0,0.0009223679900169372
1785289854.202456,0.0,0.0,0.0009164479970932007
1785289854.2037578,0.0,0.0,0.0009450240135192871
1785289854.2050211,0.0,0.0,0.0009057279825210571
1785289854.2062879,0.0,0.0,0.0009147199988365173
1785289854.2075827,0.0,0.0,0.0009435200095176696
1785289854.2088804,0.0,0.0,0.0009380800127983093
1785289854.2101274,0.0,0.0,0.0008962560296058655
1785289854.2114022,0.0,0.0,0.0009263039827346802
1785289854.212675,0.0,0.0,0.0009207360148429871
1785289854.2139287,0.0,0.0,0.0009049599766731263
1785289854.2152145,0.0,0.0,0.0009307839870452881
1785289854.216513,0.0,0.0,0.0009031999707221985
1785289854.217789,0.0,0.0,0.0009188479781150817
1785289854.219072,0.0,0.0,0.000926464021205902
1785289854.220369,0.0,0.0,0.0009269760251045227
1785289854.2216322,0.0,0.0,0.0009129599928855896
1785289854.2228942,0.0,0.0,0.00091184002161026
1785289854.2241797,0.0,0.0,0.0009144960045814514
1785289854.2254395,0.0,0.0,0.0009094719886779785
1785289854.2267103,0.0,0.0,0.0009214400053024292
1785289854.2280126,0.0,0.0,0.0009482880234718323
1785289854.2292895,0.0,0.0,0.0009134399890899658
1785289854.230598,0.0,0.0,0.000917792022228241
1785289854.2319157,0.0,0.0,0.0009448639750480652
1785289854.233903,0.0,0.0,0.001620192050933838
1785289854.2352803,0.0,0.0,0.0009805120229721069
1785289854.2365944,0.0,0.0,0.0009431679844856262
1785289854.2378829,0.0,0.0,0.0009284160137176514
1785289854.2391703,0.0,0.0,0.0009385600090026856
1785289854.2404506,0.0,0.0,0.0009223999977111816
1785289854.2417104,0.0,0.0,0.0009078400135040283
1785289854.2429838,0.0,0.0,0.0009168959856033325
1785289854.2443118,0.0,0.0,0.0009367039799690246
1785289854.245583,0.0,0.0,0.0009180160164833069
1785289854.246863,0.0,0.0,0.0009222080111503601
1785289854.248162,0.0,0.0,0.0009257919788360595
1785289854.249447,0.0,0.0,0.0009289280176162719
1785289854.2507174,0.0,0.0,0.0009163839817047119
1785289854.2520103,0.0,0.0,0.0009385600090026856
1785289854.2532847,0.0,0.0,0.0009179199934005737
1785289854.2545726,0.0,0.0,0.0009368640184402465
1785289854.2558827,0.0,0.0,0.0009582719802856446
1785289854.2571597,0.0,0.0,0.0009170879721641541
1785289854.2584398,0.0,0.0,0.0009264320135116578
1785289854.2597578,0.0,0.0,0.0009664319753646851
1785289854.261055,0.0,0.0,0.0009409279823303223
1785289854.2623165,0.0,0.0,0.0009080960154533386
1785289854.2636216,0.0,0.0,0.0009532480239868164
1785289854.2649038,0.0,0.0,0.0009283519983291626
1785289854.2662003,0.0,0.0,0.0009341440200805664
1785289854.2674894,0.0,0.0,0.0009396160244941711
1785289854.2687657,0.0,0.0,0.0009194560050964356
1785289854.2700803,0.0,0.0,0.0009416319727897644
1785289854.2713726,0.0,0.0,0.0009397439956665039
1785289854.2726588,0.0,0.0,0.0009334400296211242
1785289854.2739391,0.0,0.0,0.0009262080192565917
1785289854.2752295,0.0,0.0,0.0009410240054130555
1785289854.2764974,0.0,0.0,0.0009125760197639466
1785289854.2777536,0.0,0.0,0.0009049280285835267
1785289854.2790077,0.0,0.0,0.0009041600227355957
1785289854.2802973,0.0,0.0,0.0009183679819107055
1785289854.281571,0.0,0.0,0.0009153599739074706
1785289854.2828288,0.0,0.0,0.0009040319919586181
1785289854.2841585,0.0,0.0,0.0009509440064430236
1785289854.2854395,0.0,0.0,0.0009212160110473633
1785289854.286714,0.0,0.0,0.0009145600199699402
1785289854.2880375,0.0,0.0,0.000972607970237732
1785289854.2901077,0.0,0.0,0.0009567999839782715
1785289854.291431,0.0,0.0,0.000958079993724823
1785289854.2927048,0.0,0.0,0.0009111679792404174
1785289854.2939844,0.0,0.0,0.000922432005405426
1785289854.2952948,0.0,0.0,0.0009570559859275818
1785289854.296581,0.0,0.0,0.0009171199798583984
1785289854.2978547,0.0,0.0,0.0009202240109443665
1785289854.2991738,0.0,0.0,0.0009496960043907165
1785289854.3004415,0.0,0.0,0.0009111999869346618
1785289854.3017087,0.0,0.0,0.0009182400107383728
1785289854.3029802,0.0,0.0,0.0009163519740104675
1785289854.3042626,0.0,0.0,0.0009122560024261475
1785289854.3055212,0.0,0.0,0.0009016320109367371
1785289854.3067896,0.0,0.0,0.000912447988986969
1785289854.3080926,0.0,0.0,0.0009311680197715759
1785289854.3093765,0.0,0.0,0.0009226880073547364
1785289854.3106568,0.0,0.0,0.0009274560213088989
1785289854.311945,0.0,0.0,0.0009356799721717834
1785289854.3132339,0.0,0.0,0.0009319999814033508
1785289854.3144882,0.0,0.0,0.0009085440039634705
1785289854.315803,0.0,0.0,0.0009597439765930176
1785289854.3170843,0.0,0.0,0.0009253759980201721
1785289854.3183668,0.0,0.0,0.0009250879883766174
1785289854.319682,0.0,0.0,0.0009641280174255371
1785289854.3209672,0.0,0.0,0.0009254720211029052
1785289854.322239,0.0,0.0,0.0009051200151443482
1785289854.323537,0.0,0.0,0.0009431999921798706
1785289854.324825,0.0,0.0,0.0009305920004844666
1785289854.3261116,0.0,0.0,0.0009281600117683411
1785289854.3274186,0.0,0.0,0.0009512320160865783
1785289854.328694,0.0,0.0,0.0009233599901199341
1785289854.3299625,0.0,0.0,0.000914463996887207
1785289854.331265,0.0,0.0,0.0009346879720687866
1785289854.3325658,0.0,0.0,0.0009328960180282592
1785289854.3338475,0.0,0.0,0.0009273599982261658
1785289854.3351548,0.0,0.0,0.0009477120041847228
1785289854.3364725,0.0,0.0,0.0009560959935188294
1785289854.337746,0.0,0.0,0.0009196799993515015
1785289854.3390448,0.0,0.0,0.0009472960233688354
1785289854.340359,0.0,0.0,0.0009308159947395325
1785289854.3416138,0.0,0.0,0.0009005119800567627
1785289854.3428833,0.0,0.0,0.0009128640294075012
1785289854.3449543,0.0,0.0,0.0016888320446014405
1785289854.3462684,0.0,0.0,0.0009286720156669617
1785289854.3475885,0.0,0.0,0.0009557759761810303
1785289854.3488936,0.0,0.0,0.0009404159784317017
1785289854.3501537,0.0,0.0,0.0009050880074501038
1785289854.351475,0.0,0.0,0.0009604799747467041
1785289854.352759,0.0,0.0,0.0009206079840660095
1785289854.354027,0.0,0.0,0.000912447988986969
1785289854.3553317,0.0,0.0,0.0009488959908485413
1785289854.3566117,0.0,0.0,0.0009211199879646301
1785289854.357891,0.0,0.0,0.0009244800209999084
1785289854.3591788,0.0,0.0,0.0009331520199775695
1785289854.360453,0.0,0.0,0.0009202560186386109
1785289854.3617172,0.0,0.0,0.0009088000059127808
1785289854.362995,0.0,0.0,0.0009243199825286865
1785289854.364272,0.0,0.0,0.0009041280150413513
1785289854.3655615,0.0,0.0,0.0009150720238685608
1785289854.3668516,0.0,0.0,0.0009342079758644104
1785289854.368137,0.0,0.0,0.0009146879911422729
1785289854.3694184,0.0,0.0,0.0009233279824256897
1785289854.3706865,0.0,0.0,0.0009181119799613952
1785289854.3719773,0.0,0.0,0.0009443519711494446
1785289854.3732681,0.0,0.0,0.0009318400025367737
1785289854.374566,0.0,0.0,0.0009245759844779968
1785289854.3758674,0.0,0.0,0.0009475200176239013
1785289854.3771467,0.0,0.0,0.0009220160245895385
1785289854.3784235,0.0,0.0,0.0009225599765777588
1785289854.3797243,0.0,0.0,0.0009448320269584656
1785289854.3809986,0.0,0.0,0.0009210879802703857
1785289854.3822756,0.0,0.0,0.0009256640076637268
1785289854.3835745,0.0,0.0,0.000941215991973877
1785289854.3848188,0.0,0.0,0.0008962560296058655
1785289854.3860934,0.0,0.0,0.0009199360013008118
1785289854.3873894,0.0,0.0,0.0009445760250091553
1785289854.3886952,0.0,0.0,0.0009279680252075195
1785289854.3899755,0.0,0.0,0.0009171839952468872
1785289854.3912938,0.0,0.0,0.0009588479995727539
1785289854.3925712,0.0,0.0,0.0009176959991455078
1785289854.3938465,0.0,0.0,0.0009185919761657714
1785289854.3951595,0.0,0.0,0.0009515200257301331
1785289854.3964462,0.0,0.0,0.0009247040152549744
1785289854.3977525,0.0,0.0,0.000927839994430542
1785289854.3997064,0.0,0.0,0.0015789439678192138
1785289854.401018,0.0,0.0,0.0009216319918632507
1785289854.4023025,0.0,0.0,0.0009175360202789307
1785289854.403609,0.0,0.0,0.0009503359794616699
1785289854.4048903,0.0,0.0,0.000920415997505188
1785289854.4061644,0.0,0.0,0.0009169279932975769
1785289854.4074452,0.0,0.0,0.0009269440174102784
1785289854.4087288,0.0,0.0,0.0009234560132026673
1785289854.4100044,0.0,0.0,0.0009206399917602539
1785289854.411308,0.0,0.0,0.0009527680277824402
1785289854.4125752,0.0,0.0,0.0009103040099143982
1785289854.413853,0.0,0.0,0.0009265599846839905
1785289854.4151587,0.0,0.0,0.0009525120258331299
1785289854.416425,0.0,0.0,0.0009109759926795959
1785289854.4176984,0.0,0.0,0.0009243519902229309
1785289854.4189568,0.0,0.0,0.0009086719751358033
1785289854.4202676,0.0,0.0,0.0009276800155639649
1785289854.4215467,0.0,0.0,0.0009230080246925354
1785289854.4228585,0.0,0.0,0.0009365760087966919
1785289854.4241521,0.0,0.0,0.0009229120016098023
1785289854.425414,0.0,0.0,0.0009063040018081665
1785289854.4266703,0.0,0.0,0.0009024959802627564
1785289854.4279606,0.0,0.0,0.000934656023979187
1785289854.4292452,0.0,0.0,0.000926144003868103
1785289854.4305394,0.0,0.0,0.0009195200204849244
1785289854.431863,0.0,0.0,0.0009459840059280395
1785289854.4331446,0.0,0.0,0.0009214720129966736
1785289854.4344196,0.0,0.0,0.0009192320108413697
1785289854.4357097,0.0,0.0,0.0009326080083847046
1785289854.4369876,0.0,0.0,0.0009147520065307617
1785289854.4382803,0.0,0.0,0.0009349759817123413
1785289854.4395921,0.0,0.0,0.0009562559723854065
1785289854.4408767,0.0,0.0,0.0009279360175132752
1785289854.4421275,0.0,0.0,0.0008977919816970826
1785289854.4434292,0.0,0.0,0.0009496639966964722
1785289854.4447258,0.0,0.0,0.0009409599900245667
1785289854.446022,0.0,0.0,0.0009409279823303223
1785289854.4473128,0.0,0.0,0.0009403200149536132
1785289854.4486094,0.0,0.0,0.000936735987663269
1785289854.4499004,0.0,0.0,0.000932096004486084
1785289854.4512136,0.0,0.0,0.0009520000219345093
1785289854.4525127,0.0,0.0,0.0009360640048980713
1785289854.4544454,0.0,0.0,0.0015746560096740723
1785289854.4558232,0.0,0.0,0.0009731199741363526
1785289854.4571228,0.0,0.0,0.0009331200122833252
1785289854.4584172,0.0,0.0,0.0009322559833526611
1785289854.4597166,0.0,0.0,0.0009430080056190491
1785289854.4609854,0.0,0.0,0.0009142400026321411
1785289854.4623203,0.0,0.0,0.0009404479861259461
1785289854.4636323,0.0,0.0,0.0009496960043907165
1785289854.4649,0.0,0.0,0.0009118720293045044
1785289854.4661725,0.0,0.0,0.0009143360257148743
1785289854.467442,0.0,0.0,0.0009218559861183166
1785289854.4687212,0.0,0.0,0.0009271360039710999
1785289854.4700089,0.0,0.0,0.0009291520118713379
1785289854.4713068,0.0,0.0,0.0009444800019264222
1785289854.4726095,0.0,0.0,0.0009414399862289429
1785289854.473902,0.0,0.0,0.0009245759844779968
1785289854.4752176,0.0,0.0,0.0009574080109596252
1785289854.476506,0.0,0.0,0.0009234560132026673
1785289854.4777954,0.0,0.0,0.0009255359768867492
1785289854.479061,0.0,0.0,0.0009099839925765991
1785289854.4803681,0.0,0.0,0.000927839994430542
1785289854.4816394,0.0,0.0,0.0009231039881706238
1785289854.4829056,0.0,0.0,0.0009159039855003357
1785289854.4841914,0.0,0.0,0.0009170879721641541
1785289854.4854689,0.0,0.0,0.000923039972782135
1785289854.4867284,0.0,0.0,0.0009108800292015076
1785289854.488027,0.0,0.0,0.0009427840113639831
1785289854.489317,0.0,0.0,0.000927295982837677
1785289854.490562,0.0,0.0,0.0008987839818000794
1785289854.4918492,0.0,0.0,0.0009408959746360779
1785289854.4931264,0.0,0.0,0.0009258880019187927
1785289854.4944046,0.0,0.0,0.0009218239784240722
1785289854.495702,0.0,0.0,0.000952351987361908
1785289854.4969916,0.0,0.0,0.0009393600225448608
1785289854.4982662,0.0,0.0,0.0009076160192489624
1785289854.4995825,0.0,0.0,0.00095004802942276
1785289854.5008469,0.0,0.0,0.0009055359959602356
1785289854.502118,0.0,0.0,0.000920960009098053
1785289854.5034134,0.0,0.0,0.0009434559941291809
1785289854.5046897,0.0,0.0,0.0009192640185356141
1785289854.5059533,0.0,0.0,0.0009039040207862854
1785289854.507231,0.0,0.0,0.0009191679954528809
1785289854.508513,0.0,0.0,0.0009216960072517395
1785289854.5104952,0.0,0.0,0.0016212480068206786
1785289854.511855,0.0,0.0,0.0009653120040893554
1785289854.5131476,0.0,0.0,0.0009202880263328552
1785289854.5144243,0.0,0.0,0.000919871985912323
1785289854.5157216,0.0,0.0,0.0009399359822273254
1785289854.5169866,0.0,0.0,0.0009060800075531006
1785289854.5182743,0.0,0.0,0.0009317439794540405
1785289854.5195742,0.0,0.0,0.0009482240080833435
1785289854.5208423,0.0,0.0,0.0009090240001678467
1785289854.5221186,0.0,0.0,0.0009208319783210754
1785289854.5234332,0.0,0.0,0.0009618239998817443
1785289854.5247114,0.0,0.0,0.0009219520092010498
1785289854.5260253,0.0,0.0,0.0009380800127983093
1785289854.5273206,0.0,0.0,0.0009373120069503785
1785289854.5286124,0.0,0.0,0.0009344320297241211
1785289854.5298853,0.0,0.0,0.0009240959882736206
1785289854.5311978,0.0,0.0,0.000958303987979889
1785289854.5324988,0.0,0.0,0.0009319679737091064
1785289854.5337605,0.0,0.0,0.0009143679738044739
1785289854.5350382,0.0,0.0,0.000922432005405426
1785289854.5363276,0.0,0.0,0.0009053760170936585
1785289854.5376039,0.0,0.0,0.000918944001197815
1785289854.5388768,0.0,0.0,0.0009183359742164611
1785289854.5401912,0.0,0.0,0.0009403839707374573
1785289854.5414634,0.0,0.0,0.0009157119989395142
1785289854.5427344,0.0,0.0,0.0009166719913482666
1785289854.5440607,0.0,0.0,0.0009723520278930664
1785289854.5453606,0.0,0.0,0.0009336000084877015
1785289854.5466416,0.0,0.0,0.0009242879748344421
1785289854.5479643,0.0,0.0,0.0009475520253181457
1785289854.5492342,0.0,0.0,0.0009140160083770752
1785289854.5504878,0.0,0.0,0.0009027519822120667
1785289854.5517592,0.0,0.0,0.0009264320135116578
1785289854.5530303,0.0,0.0,0.000917792022228241
1785289854.5543118,0.0,0.0,0.0009253119826316833
1785289854.555587,0.0,0.0,0.0009278720021247864
1785289854.5568569,0.0,0.0,0.0009164479970932007
1785289854.558145,0.0,0.0,0.0009316480159759521
1785289854.5594478,0.0,0.0,0.0009471039772033691
1785289854.5607483,0.0,0.0,0.0009309120178222656
1785289854.5620356,0.0,0.0,0.0009255040287971496
1785289854.5633419,0.0,0.0,0.0009509440064430236
1785289854.56533,0.0,0.0,0.0016110399961471557
1785289854.5666535,0.0,0.0,0.0009332159757614136
1785289854.5679867,0.0,0.0,0.0009665279984474182
1785289854.5692654,0.0,0.0,0.0009171199798583984
1785289854.570559,0.0,0.0,0.0009379519820213318
1785289854.5718644,0.0,0.0,0.0009505919814109802
1785289854.5731316,0.0,0.0,0.0009078080058097839
1785289854.5744216,0.0,0.0,0.0009315840005874634
1785289854.5757315,0.0,0.0,0.0009512640237808227
1785289854.5770204,0.0,0.0,0.0009177280068397522
1785289854.578297,0.0,0.0,0.0009227200150489808
1785289854.5796444,0.0,0.0,0.000943552017211914
1785289854.5809197,0.0,0.0,0.0009170560240745545
1785289854.5821693,0.0,0.0,0.0009007999897003173
1785289854.5834532,0.0,0.0,0.0009297599792480469
1785289854.5847325,0.0,0.0,0.0009248960018157959
1785289854.5860045,0.0,0.0,0.0009191679954528809
1785289854.5872877,0.0,0.0,0.0009313920140266419
1785289854.5885599,0.0,0.0,0.000915552020072937
1785289854.5898066,0.0,0.0,0.0008975679874420165
1785289854.591089,0.0,0.0,0.0009310399889945984
1785289854.5923786,0.0,0.0,0.0009094719886779785
1785289854.5936465,0.0,0.0,0.000916320025920868
1785289854.5949023,0.0,0.0,0.000900704026222229
1785289854.5961945,0.0,0.0,0.0009179840087890625
1785289854.5974672,0.0,0.0,0.000915008008480072
1785289854.5987365,0.0,0.0,0.000918175995349884
1785289854.60004,0.0,0.0,0.0009513599872589112
1785289854.6013207,0.0,0.0,0.0009091839790344238
1785289854.6025794,0.0,0.0,0.0009060159921646118
1785289854.6038768,0.0,0.0,0.0009476799964904786
1785289854.6051362,0.0,0.0,0.0009062399864196777
1785289854.6064162,0.0,0.0,0.0009312319755554199
1785289854.60772,0.0,0.0,0.0009420480132102966
1785289854.6089888,0.0,0.0,0.0009109119772911071
1785289854.6102605,0.0,0.0,0.0009173439741134643
1785289854.6115632,0.0,0.0,0.0009510719776153565
1785289854.6128438,0.0,0.0,0.0009229120016098023
1785289854.6141176,0.0,0.0,0.0009179840087890625
1785289854.6154177,0.0,0.0,0.000942143976688385
1785289854.616698,0.0,0.0,0.0009200320243835449
1785289854.6179793,0.0,0.0,0.0009219520092010498
1785289854.619923,0.0,0.0,0.0015891519784927367
1785289854.6212544,0.0,0.0,0.0009414079785346985
1785289854.6226041,0.0,0.0,0.0009380800127983093
1785289854.6239166,0.0,0.0,0.0009512640237808227
1785289854.6252081,0.0,0.0,0.0009311040043830872
1785289854.626487,0.0,0.0,0.0009143360257148743
1785289854.6278133,0.0,0.0,0.000957535982131958
1785289854.6290905,0.0,0.0,0.0009216639995574951
1785289854.6303744,0.0,0.0,0.0009232640266418457
1785289854.6316965,0.0,0.0,0.0009520639777183533
1785289854.6329708,0.0,0.0,0.0009172800183296204
1785289854.63424,0.0,0.0,0.0009181119799613952
1785289854.6355212,0.0,0.0,0.0009310719966888428
1785289854.6367865,0.0,0.0,0.000913919985294342
1785289854.6380446,0.0,0.0,0.0009110720157623291
1785289854.6393163,0.0,0.0,0.0009223679900169372
1785289854.6405807,0.0,0.0,0.0009120960235595704
1785289854.6418462,0.0,0.0,0.0009193919897079468
1785289854.6431332,0.0,0.0,0.0009351999759674072
1785289854.6444197,0.0,0.0,0.0009332159757614136
1785289854.645705,0.0,0.0,0.0009302399754524231
1785289854.6469684,0.0,0.0,0.0009078720211982727
1785289854.6482742,0.0,0.0,0.0009304000139236451
1785289854.6495736,0.0,0.0,0.0009330559968948364
1785289854.6508465,0.0,0.0,0.000922432005405426
1785289854.652142,0.0,0.0,0.0009246079921722412
1785289854.653403,0.0,0.0,0.0009118080139160156
1785289854.654658,0.0,0.0,0.0009078720211982727
1785289854.655947,0.0,0.0,0.0009428480267524719
1785289854.6572087,0.0,0.0,0.0009108480215072632
1785289854.6584785,0.0,0.0,0.0009229120016098023
1785289854.6597643,0.0,0.0,0.0009365119934082031
1785289854.6610365,0.0,0.0,0.0009191039800643921
1785289854.6623256,0.0,0.0,0.0009280319809913635
1785289854.6636167,0.0,0.0,0.0009431999921798706
1785289854.6648896,0.0,0.0,0.0009213119745254516
1785289854.6661391,0.0,0.0,0.0009037759900093078
1785289854.667429,0.0,0.0,0.0009413759708404541
1785289854.668681,0.0,0.0,0.0009007359743118286
1785289854.6699607,0.0,0.0,0.0009290239810943603
1785289854.6712608,0.0,0.0,0.0009431359767913818
1785289854.672551,0.0,0.0,0.0009213119745254516
1785289854.6738324,0.0,0.0,0.0009245439767837524
1785289854.6758394,0.0,0.0,0.001650431990623474
1785289854.6771615,0.0,0.0,0.0009419199824333191
1785289854.6784487,0.0,0.0,0.0009201279878616333
1785289854.6797683,0.0,0.0,0.0009611200094223022
1785289854.681062,0.0,0.0,0.0009408320188522339
1785289854.6823292,0.0,0.0,0.0009166399836540222
1785289854.6836193,0.0,0.0,0.0009375680088996888
1785289854.684863,0.0,0.0,0.0008952320218086243
1785289854.686116,0.0,0.0,0.0009103040099143982
1785289854.6874235,0.0,0.0,0.0009589759707450867
1785289854.6887124,0.0,0.0,0.0009331200122833252
1785289854.6899953,0.0,0.0,0.0009313600063323975
1785289854.691295,0.0,0.0,0.0009493439793586731
1785289854.6925817,0.0,0.0,0.0009308159947395325
1785289854.6938424,0.0,0.0,0.0009142400026321411
1785289854.6951327,0.0,0.0,0.0009228799939155579
1785289854.696417,0.0,0.0,0.0009242560267448425
1785289854.6976914,0.0,0.0,0.0009279999732971191
1785289854.6989706,0.0,0.0,0.0009223039746284484
1785289854.7002845,0.0,0.0,0.0009322559833526611
1785289854.7015517,0.0,0.0,0.0009127039909362793
1785289854.702817,0.0,0.0,0.0009135040044784546
1785289854.704145,0.0,0.0,0.0009332159757614136
1785289854.7054124,0.0,0.0,0.0009155840277671813
1785289854.7066796,0.0,0.0,0.0009199039936065674
1785289854.7079844,0.0,0.0,0.0009558079838752747
1785289854.709266,0.0,0.0,0.00093094402551651
1785289854.7105381,0.0,0.0,0.0009231680035591126
1785289854.711847,0.0,0.0,0.000956928014755249
1785289854.7131095,0.0,0.0,0.0009071999788284302
1785289854.7143612,0.0,0.0,0.0009035519957542419
1785289854.715648,0.0,0.0,0.0009446399807929993
1785289854.716927,0.0,0.0,0.0009266880154609681
1785289854.7182,0.0,0.0,0.000920960009098053
1785289854.719485,0.0,0.0,0.0009351680278778076
1785289854.7207534,0.0,0.0,0.0009192640185356141
1785289854.722009,0.0,0.0,0.0009076799750328064
1785289854.7233157,0.0,0.0,0.0009368000030517579
1785289854.7245767,0.0,0.0,0.0009127680063247681
1785289854.725849,0.0,0.0,0.0009210240244865417
1785289854.7271495,0.0,0.0,0.000941760003566742
1785289854.72844,0.0,0.0,0.0009364479780197143
1785289854.730326,0.0,0.0,0.0015336960554122926
1785289854.7316928,0.0,0.0,0.0009858880043029784
1785289854.7329724,0.0,0.0,0.0009174079895019531
1785289854.734245,0.0,0.0,0.000918720006942749
1785289854.7355416,0.0,0.0,0.0009430080056190491
1785289854.7368276,0.0,0.0,0.0009331520199775695
1785289854.738106,0.0,0.0,0.0009283519983291626
1785289854.7394125,0.0,0.0,0.0009598079919815064
1785289854.740693,0.0,0.0,0.0009292799830436706
1785289854.7419548,0.0,0.0,0.000915552020072937
1785289854.7432601,0.0,0.0,0.0009520639777183533
1785289854.7445529,0.0,0.0,0.0009358400106430054
1785289854.7458372,0.0,0.0,0.0009331840276718139
1785289854.747125,0.0,0.0,0.0009205440282821655
1785289854.7483735,0.0,0.0,0.000902783989906311
1785289854.7496448,0.0,0.0,0.0009227839708328247
1785289854.7509127,0.0,0.0,0.0009200000166893006
1785289854.7521932,0.0,0.0,0.0009143360257148743
1785289854.7534523,0.0,0.0,0.0009119679927825928
1785289854.7547057,0.0,0.0,0.0009088000059127808
1785289854.7559848,0.0,0.0,0.000926912009716034
1785289854.7572627,0.0,0.0,0.0009234240055084229
1785289854.758525,0.0,0.0,0.0009131519794464111
1785289854.7598288,0.0,0.0,0.0009573760032653808
1785289854.7610922,0.0,0.0,0.0009000319838523865
1785289854.7623603,0.0,0.0,0.0009160959720611573
1785289854.763663,0.0,0.0,0.0009540799856185913
1785289854.764927,0.0,0.0,0.0009189760088920593
1785289854.766186,0.0,0.0,0.0009051200151443482
1785289854.7674928,0.0,0.0,0.0009540479779243469
1785289854.768759,0.0,0.0,0.0009151039719581605
1785289854.770046,0.0,0.0,0.0009336320161819458
1785289854.7713394,0.0,0.0,0.0009435840249061584
1785289854.7726076,0.0,0.0,0.0009172160029411316
1785289854.7739305,0.0,0.0,0.0009253119826316833
1785289854.7752545,0.0,0.0,0.0009689599871635436
1785289854.7765172,0.0,0.0,0.0009071679711341858
1785289854.777787,0.0,0.0,0.0009197120070457459
1785289854.779049,0.0,0.0,0.000914080023765564
1785289854.7803535,0.0,0.0,0.0009331840276718139
1785289854.781648,0.0,0.0,0.0009358720183372497
1785289854.7829268,0.0,0.0,0.0009247360229492187
1785289854.7842548,0.0,0.0,0.0009353600144386291
1785289854.7862024,0.0,0.0,0.0015868480205535889
1785289854.7875283,0.0,0.0,0.0009455040097236633
1785289854.7888303,0.0,0.0,0.0009317439794540405
1785289854.7901087,0.0,0.0,0.000923583984375
1785289854.7914217,0.0,0.0,0.0009603520035743713
1785289854.7926893,0.0,0.0,0.0009155840277671813
1785289854.7939727,0.0,0.0,0.0009143040180206299
1785289854.7952905,0.0,0.0,0.0009589440226554871
1785289854.796574,0.0,0.0,0.0009306880235671997
1785289854.7978427,0.0,0.0,0.0009166719913482666
1785289854.7991378,0.0,0.0,0.0009459199905395508
1785289854.800403,0.0,0.0,0.0009101439714431763
1785289854.801683,0.0,0.0,0.0009093760251998902
1785289854.802954,0.0,0.0,0.0009091519713401795
1785289854.8042817,0.0,0.0,0.0009434239864349365
1785289854.8055494,0.0,0.0,0.0009157440066337586
1785289854.8068419,0.0,0.0,0.0009392319917678833
1785289854.8081424,0.0,0.0,0.0009257919788360595
1785289854.8094094,0.0,0.0,0.000913856029510498
1785289854.8106995,0.0,0.0,0.000936735987663269
1785289854.8119948,0.0,0.0,0.0009484800100326538
1785289854.8132577,0.0,0.0,0.0009095680117607117
1785289854.8145223,0.0,0.0,0.0009097599983215332
1785289854.8158154,0.0,0.0,0.0009407359957695008
1785289854.817088,0.0,0.0,0.000921504020690918
1785289854.8183632,0.0,0.0,0.0009234240055084229
1785289854.8196788,0.0,0.0,0.0009628480076789856
1785289854.820959,0.0,0.0,0.0009221439957618713
1785289854.822207,0.0,0.0,0.0009031360149383545
1785289854.8234985,0.0,0.0,0.0009419839978218079
1785289854.8247747,0.0,0.0,0.000921504020690918
1785289854.8260329,0.0,0.0,0.0009141119718551636
1785289854.8273706,0.0,0.0,0.000960640013217926
1785289854.8286445,0.0,0.0,0.0009279999732971191
1785289854.82991,0.0,0.0,0.0009170560240745545
1785289854.8312092,0.0,0.0,0.0009583680033683776
1785289854.832492,0.0,0.0,0.0009256640076637268
1785289854.8337455,0.0,0.0,0.0009073280096054077
1785289854.8350143,0.0,0.0,0.0009195200204849244
1785289854.8363175,0.0,0.0,0.0009270719885826111
1785289854.8376088,0.0,0.0,0.0009303359985351563
1785289854.8388963,0.0,0.0,0.0009349120259284973
1785289854.8401759,0.0,0.0,0.0009073600172996521
1785289854.8420715,0.0,0.0,0.0009434880018234253
1785289854.8433726,0.0,0.0,0.000943552017211914
1785289854.8446648,0.0,0.0,0.0009355520009994507
1785289854.845942,0.0,0.0,0.0009220479726791381
1785289854.847228,0.0,0.0,0.000936191976070404
1785289854.8485181,0.0,0.0,0.0009327679872512817
1785289854.8497677,0.0,0.0,0.000903328001499176
1785289854.8510356,0.0,0.0,0.000923200011253357
1785289854.8523397,0.0,0.0,0.0009314560294151306
1785289854.8535995,0.0,0.0,0.0009100160002708435
1785289854.8548775,0.0,0.0,0.000922752022743225
1785289854.856169,0.0,0.0,0.0009239040017127991
1785289854.8574545,0.0,0.0,0.0009307839870452881
1785289854.8587432,0.0,0.0,0.0009301760196685791
1785289854.860079,0.0,0.0,0.0009487360119819641
1785289854.8613727,0.0,0.0,0.0009388160109519958
1785289854.86266,0.0,0.0,0.0009311680197715759
1785289854.8639748,0.0,0.0,0.0009576320052146911
1785289854.8652518,0.0,0.0,0.0009233919978141785
1785289854.866527,0.0,0.0,0.0009220160245895385
1785289854.8678894,0.0,0.0,0.0009588800072669983
1785289854.8691733,0.0,0.0,0.000925599992275238
1785289854.8704436,0.0,0.0,0.0009202880263328552
1785289854.8717449,0.0,0.0,0.0009505919814109802
1785289854.873006,0.0,0.0,0.0009132480025291443
1785289854.874264,0.0,0.0,0.0009116160273551941
1785289854.8755617,0.0,0.0,0.0009470400214195251
1785289854.876828,0.0,0.0,0.0009107840061187744
1785289854.8781118,0.0,0.0,0.000918720006942749
1785289854.879412,0.0,0.0,0.0009495360255241394
1785289854.880682,0.0,0.0,0.0009182080030441284
1785289854.8819647,0.0,0.0,0.0009296320080757141
1785289854.883253,0.0,0.0,0.0009354879856109619
1785289854.8845243,0.0,0.0,0.0009180799722671508
1785289854.8858016,0.0,0.0,0.0009253759980201721
1785289854.8870614,0.0,0.0,0.0009133440256118775
1785289854.8883405,0.0,0.0,0.0009114559888839721
1785289854.889604,0.0,0.0,0.0009182080030441284
1785289854.8908782,0.0,0.0,0.0009194239974021912
1785289854.89219,0.0,0.0,0.0009325439929962158
1785289854.893484,0.0,0.0,0.0009238079786300659
1785289854.894743,0.0,0.0,0.0009128959774971008
1785289854.8967116,0.0,0.0,0.0016136959791183472
1785289854.8980613,0.0,0.0,0.0009529920220375061
1785289854.8993828,0.0,0.0,0.0009601920247077942
1785289854.9006612,0.0,0.0,0.0009239680171012879
1785289854.9019427,0.0,0.0,0.0009237120151519776
1785289854.9032388,0.0,0.0,0.0009456959962844849
1785289854.9045284,0.0,0.0,0.0009273920059204102
1785289854.9058228,0.0,0.0,0.0009436799883842468
1785289854.9071612,0.0,0.0,0.0009612799882888794
1785289854.9084606,0.0,0.0,0.0009421759843826294
1785289854.9097311,0.0,0.0,0.000918175995349884
1785289854.9110112,0.0,0.0,0.0009318400025367737
1785289854.9122944,0.0,0.0,0.0009062079787254334
1785289854.9135633,0.0,0.0,0.0009187840223312378
1785289854.9148276,0.0,0.0,0.0009134719967842102
1785289854.9161253,0.0,0.0,0.0009262080192565917
1785289854.91739,0.0,0.0,0.0009145280122756958
1785289854.918663,0.0,0.0,0.0009192320108413697
1785289854.9199545,0.0,0.0,0.0009440320134162902
1785289854.9212132,0.0,0.0,0.0009090240001678467
1785289854.9224844,0.0,0.0,0.0009245759844779968
1785289854.923772,0.0,0.0,0.0009446079730987549
1785289854.925042,0.0,0.0,0.000916703999042511
1785289854.9263215,0.0,0.0,0.0009121919870376587
1785289854.927614,0.0,0.0,0.000944927990436554
1785289854.9288898,0.0,0.0,0.0009251199960708618
1785289854.930149,0.0,0.0,0.0009092479944229126
1785289854.9314387,0.0,0.0,0.0009295039772987365
1785289854.9326937,0.0,0.0,0.0009053440093994141
1785289854.933966,0.0,0.0,0.0009235519766807556
1785289854.935255,0.0,0.0,0.0009417279958724976
1785289854.9365325,0.0,0.0,0.0009273920059204102
1785289854.9378166,0.0,0.0,0.0009342399835586548
1785289854.9390833,0.0,0.0,0.0009195200204849244
1785289854.9403958,0.0,0.0,0.0009323840141296387
1785289854.941684,0.0,0.0,0.0009401280283927917
1785289854.9429457,0.0,0.0,0.0009168959856033325
1785289854.9442406,0.0,0.0,0.0009189119935035705
1785289854.945481,0.0,0.0,0.0008934720158576965
1785289854.9467564,0.0,0.0,0.0009314879775047302
1785289854.9480622,0.0,0.0,0.00092876797914505
1785289854.949349,0.0,0.0,0.0009299520254135131
1785289854.9506264,0.0,0.0,0.0009240639805793762
1785289854.9525733,0.0,0.0,0.0015869120359420777
1785289854.9538872,0.0,0.0,0.0009351999759674072
1785289854.9551682,0.0,0.0,0.0009251840114593506
1785289854.9564457,0.0,0.0,0.0009232640266418457
1785289854.957712,0.0,0.0,0.0009168000221252442
1785289854.9589748,0.0,0.0,0.0009152640104293823
1785289854.9602802,0.0,0.0,0.0009180480241775513
1785289854.961556,0.0,0.0,0.0009048640131950379
1785289854.9628196,0.0,0.0,0.0009105920195579529
1785289854.964112,0.0,0.0,0.0009232320189476014
1785289854.9653919,0.0,0.0,0.0009247360229492187
1785289854.96666,0.0,0.0,0.0009146559834480285
1785289854.9679594,0.0,0.0,0.0009497280120849609
1785289854.96923,0.0,0.0,0.0009187840223312378
1785289854.9704986,0.0,0.0,0.0009138240218162537
1785289854.9717772,0.0,0.0,0.0009285759925842285
1785289854.9730368,0.0,0.0,0.000907584011554718
1785289854.9742928,0.0,0.0,0.0009091200232505799
1785289854.9756181,0.0,0.0,0.0009593600034713745
1785289854.9769,0.0,0.0,0.0009267839789390564
1785289854.9781506,0.0,0.0,0.0009080320000648498
1785289854.9794261,0.0,0.0,0.0009292160272598266
1785289854.9806888,0.0,0.0,0.0009101120233535767
1785289854.9819524,0.0,0.0,0.0009106559753417969
1785289854.9832644,0.0,0.0,0.0009446079730987549
1785289854.984538,0.0,0.0,0.0009170240163803101
1785289854.9858115,0.0,0.0,0.0009263039827346802
1785289854.987064,0.0,0.0,0.0009079359769821167
1785289854.9883564,0.0,0.0,0.0009162240028381348
1785289854.9896328,0.0,0.0,0.0009232320189476014
1785289854.9908977,0.0,0.0,0.0009201279878616333
1785289854.9922023,0.0,0.0,0.0009202880263328552
1785289854.9934907,0.0,0.0,0.0009357759952545166
1785289854.9947445,0.0,0.0,0.0009043840169906616
1785289854.99604,0.0,0.0,0.0009475839734077454
1785289854.9973032,0.0,0.0,0.0009132800102233887
1785289854.9985769,0.0,0.0,0.000921887993812561
1785289854.9998868,0.0,0.0,0.0009568960070610046
1785289855.0011861,0.0,0.0,0.000946943998336792
1785289855.0024734,0.0,0.0,0.0009293760061264038
1785289855.0037904,0.0,0.0,0.0009622719883918763
1785289855.005083,0.0,0.0,0.0009371839761734009
1785289855.006374,0.0,0.0,0.0009232320189476014
1785289855.008395,0.0,0.0,0.000954688012599945
1785289855.009705,0.0,0.0,0.0009436799883842468
1785289855.0109951,0.0,0.0,0.0009319040179252624
1785289855.0122943,0.0,0.0,0.0009259520173072815
1785289855.0135684,0.0,0.0,0.000921280026435852
1785289855.0148418,0.0,0.0,0.0009233599901199341
1785289855.016141,0.0,0.0,0.0009290239810943603
1785289855.017405,0.0,0.0,0.0009125440120697022
1785289855.0186622,0.0,0.0,0.0009101439714431763
1785289855.0199575,0.0,0.0,0.0009448959827423096
1785289855.0212262,0.0,0.0,0.0009132800102233887
1785289855.0224931,0.0,0.0,0.0009171519875526428
1785289855.0237868,0.0,0.0,0.0009449920058250427
1785289855.025065,0.0,0.0,0.0009239360094070435
1785289855.0263426,0.0,0.0,0.0009085119962692261
1785289855.027654,0.0,0.0,0.0009566400051116943
1785289855.0289083,0.0,0.0,0.0009021120071411133
1785289855.0301547,0.0,0.0,0.0009016640186309815
1785289855.031463,0.0,0.0,0.0009661440253257752
1785289855.0327334,0.0,0.0,0.0009169279932975769
1785289855.0340264,0.0,0.0,0.0009378560185432434
1785289855.03532,0.0,0.0,0.0009439359903335572
1785289855.0365891,0.0,0.0,0.0009136959910392761
1785289855.0378964,0.0,0.0,0.0009548799991607666
1785289855.0391965,0.0,0.0,0.0009296000003814697
1785289855.0404696,0.0,0.0,0.0009237759709358215
1785289855.0417614,0.0,0.0,0.0009414719939231873
1785289855.0430286,0.0,0.0,0.0009160640239715577
1785289855.0443263,0.0,0.0,0.0009191039800643921
1785289855.0455887,0.0,0.0,0.0009170879721641541
1785289855.0468476,0.0,0.0,0.0009099199771881104
1785289855.0481248,0.0,0.0,0.0009118080139160156
1785289855.049391,0.0,0.0,0.0009133120179176331
1785289855.050646,0.0,0.0,0.0009048960208892823
1785289855.0519485,0.0,0.0,0.0009553279876708985
1785289855.0532258,0.0,0.0,0.0009257599711418151
1785289855.0545042,0.0,0.0,0.000926912009716034
1785289855.055799,0.0,0.0,0.0009472000002861023
1785289855.0570822,0.0,0.0,0.0009292160272598266
1785289855.0583644,0.0,0.0,0.0009076160192489624
1785289855.0596697,0.0,0.0,0.0009474239945411683
1785289855.060954,0.0,0.0,0.0009277759790420532
1785289855.0629585,0.0,0.0,0.0016498240232467652
1785289855.0642943,0.0,0.0,0.0009394559860229492
1785289855.0655518,0.0,0.0,0.0008930559754371643
1785289855.0668194,0.0,0.0,0.0009121599793434143
1785289855.0681005,0.0,0.0,0.0009105600118637085
1785289855.0693839,0.0,0.0,0.0009303359985351563
1785289855.0706575,0.0,0.0,0.000920960009098053
1785289855.0719593,0.0,0.0,0.0009516159892082215
1785289855.0732605,0.0,0.0,0.000948639988899231
1785289855.0745425,0.0,0.0,0.0009332159757614136
1785289855.075835,0.0,0.0,0.0009454079866409302
1785289855.077104,0.0,0.0,0.0009155840277671813
1785289855.0783668,0.0,0.0,0.000909280002117157
1785289855.0796711,0.0,0.0,0.0009527999758720398
1785289855.0809536,0.0,0.0,0.0009256319999694824
1785289855.0822072,0.0,0.0,0.0009023039937019348
1785289855.0835006,0.0,0.0,0.0009435840249061584
1785289855.0847623,0.0,0.0,0.0009163519740104675
1785289855.0860214,0.0,0.0,0.0009089279770851136
1785289855.0873125,0.0,0.0,0.0009444479942321778
1785289855.0886421,0.0,0.0,0.000968671977519989
1785289855.0899596,0.0,0.0,0.0009356160163879394
1785289855.0912774,0.0,0.0,0.0009515519738197327
1785289855.0925834,0.0,0.0,0.0009256640076637268
1785289855.0938563,0.0,0.0,0.0009201920032501221
1785289855.0951698,0.0,0.0,0.0009492480158805847
1785289855.0964365,0.0,0.0,0.0009103040099143982
1785289855.0977087,0.0,0.0,0.0009242240190505982
1785289855.0989776,0.0,0.0,0.0009209280014038086
1785289855.1002722,0.0,0.0,0.0009261119961738587
1785289855.1015186,0.0,0.0,0.0008979840278625489
1785289855.1027763,0.0,0.0,0.0009082559943199157
1785289855.1040711,0.0,0.0,0.0009221760034561157
1785289855.1053271,0.0,0.0,0.0009069759845733642
1785289855.1066039,0.0,0.0,0.0009252799749374389
1785289855.1079037,0.0,0.0,0.0009502400159835815
1785289855.1091988,0.0,0.0,0.0009280319809913635
1785289855.1104634,0.0,0.0,0.0009163519740104675
1785289855.1117616,0.0,0.0,0.0009430080056190491
1785289855.1130443,0.0,0.0,0.0009235519766807556
1785289855.1143298,0.0,0.0,0.0009219200015068054
1785289855.1156123,0.0,0.0,0.0009314240217208862
1785289855.1176798,0.0,0.0,0.0017078399658203125
1785289855.1190298,0.0,0.0,0.0009631360173225403
1785289855.12036,0.0,0.0,0.0009346879720687866
1785289855.1216443,0.0,0.0,0.0009329599738121032
1785289855.1229212,0.0,0.0,0.0009240639805793762
1785289855.1242208,0.0,0.0,0.0009236159920692444
1785289855.1254866,0.0,0.0,0.0009148799777030944
1785289855.1267393,0.0,0.0,0.0009030719995498657
1785289855.128059,0.0,0.0,0.0009670720100402832
1785289855.1293347,0.0,0.0,0.0009215679764747619
1785289855.1305878,0.0,0.0,0.0009062719941139221
1785289855.131886,0.0,0.0,0.0009498559832572937
1785289855.133159,0.0,0.0,0.0009217600226402282
1785289855.1344278,0.0,0.0,0.0009207040071487427
1785289855.1357288,0.0,0.0,0.0009544000029563903
1785289855.1369925,0.0,0.0,0.000912992000579834
1785289855.1382651,0.0,0.0,0.0009258880019187927
1785289855.13955,0.0,0.0,0.0009376000165939331
1785289855.140804,0.0,0.0,0.0009031040072441101
1785289855.142076,0.0,0.0,0.0009204800128936768
1785289855.1433525,0.0,0.0,0.0009284160137176514
1785289855.144643,0.0,0.0,0.0009371200203895569
1785289855.1459332,0.0,0.0,0.0009275839924812317
1785289855.147235,0.0,0.0,0.0009463679790496826
1785289855.1484873,0.0,0.0,0.0008992959856987
1785289855.149761,0.0,0.0,0.0009231359958648682
1785289855.151028,0.0,0.0,0.0009207040071487427
1785289855.1523302,0.0,0.0,0.000928704023361206
1785289855.1536098,0.0,0.0,0.000924992024898529
1785289855.1548603,0.0,0.0,0.0009054080247879029
1785289855.1561952,0.0,0.0,0.000912064015865326
1785289855.157461,0.0,0.0,0.0009122880101203919
1785289855.158741,0.0,0.0,0.0009110080003738403
1785289855.1600373,0.0,0.0,0.0009453120231628418
1785289855.1612961,0.0,0.0,0.0009054399728775025
1785289855.162557,0.0,0.0,0.0009149119853973388
1785289855.163848,0.0,0.0,0.0009401280283927917
1785289855.1651106,0.0,0.0,0.0009142079949378967
1785289855.1663852,0.0,0.0,0.0009251199960708618
1785289855.1676874,0.0,0.0,0.0009516800045967102
1785289855.1689713,0.0,0.0,0.0009228799939155579
1785289855.1702783,0.0,0.0,0.0009358720183372497
1785289855.1715863,0.0,0.0,0.000953823983669281
1785289855.1735568,0.0,0.0,0.0016066559553146362
1785289855.174841,0.0,0.0,0.0009078720211982727
1785289855.1761522,0.0,0.0,0.0009297599792480469
1785289855.1774492,0.0,0.0,0.0009381440281867981
1785289855.1787236,0.0,0.0,0.0009253759980201721
1785289855.1800146,0.0,0.0,0.0009415680170059204
1785289855.1812785,0.0,0.0,0.0009132480025291443
1785289855.1825557,0.0,0.0,0.000927295982837677
1785289855.183907,0.0,0.0,0.0009513599872589112
1785289855.1851745,0.0,0.0,0.0009142079949378967
1785289855.1864293,0.0,0.0,0.0009026560187339783
1785289855.187725,0.0,0.0,0.0009494720101356506
1785289855.1890175,0.0,0.0,0.0009297919869422913
1785289855.1903026,0.0,0.0,0.0009297919869422913
1785289855.1916127,0.0,0.0,0.0009405120015144349
1785289855.1928802,0.0,0.0,0.000917248010635376
1785289855.194152,0.0,0.0,0.0009195839762687683
1785289855.1954463,0.0,0.0,0.0009503679871559143
1785289855.1967242,0.0,0.0,0.000924127995967865
1785289855.198012,0.0,0.0,0.0009253119826316833
1785289855.1993353,0.0,0.0,0.000970911979675293
1785289855.2006416,0.0,0.0,0.0009514880180358887
1785289855.201892,0.0,0.0,0.0009038400053977966
1785289855.2031813,0.0,0.0,0.0009365760087966919
1785289855.2044506,0.0,0.0,0.0009198399782180786
1785289855.2057302,0.0,0.0,0.000926367998123169
1785289855.207004,0.0,0.0,0.00092467200756073
1785289855.2082882,0.0,0.0,0.0009137920141220093
1785289855.20955,0.0,0.0,0.000912064015865326
1785289855.210815,0.0,0.0,0.0009167680144309998
1785289855.2121108,0.0,0.0,0.0009293439984321594
1785289855.2133949,0.0,0.0,0.0009268800020217896
1785289855.214669,0.0,0.0,0.0009233599901199341
1785289855.2159476,0.0,0.0,0.0009304000139236451
1785289855.2172208,0.0,0.0,0.0009240000247955322
1785289855.2184925,0.0,0.0,0.0009224640130996704
1785289855.2197795,0.0,0.0,0.0009378560185432434
1785289855.2210665,0.0,0.0,0.0009324480295181274
1785289855.2223651,0.0,0.0,0.0009305599927902222
1785289855.2236812,0.0,0.0,0.000959775984287262
1785289855.2249749,0.0,0.0,0.0009254720211029052
1785289855.2262533,0.0,0.0,0.0009248639941215515
1785289855.2282012,0.0,0.0,0.0015906879901885986
1785289855.2295136,0.0,0.0,0.0009300159811973572
1785289855.2307909,0.0,0.0,0.0009146559834480285
1785289855.2321048,0.0,0.0,0.0009272000193595886
1785289855.2333817,0.0,0.0,0.0009193599820137024
1785289855.2346528,0.0,0.0,0.0009146559834480285
1785289855.2359579,0.0,0.0,0.0009552000164985657
1785289855.2372239,0.0,0.0,0.0009135040044784546
1785289855.2384748,0.0,0.0,0.0009003840088844299
1785289855.2397838,0.0,0.0,0.0009563519954681397
1785289855.2410483,0.0,0.0,0.0009007359743118286
1785289855.2423184,0.0,0.0,0.0009166719913482666
1785289855.2436168,0.0,0.0,0.0009491199851036072
1785289855.244885,0.0,0.0,0.0009193599820137024
1785289855.246153,0.0,0.0,0.00091948801279068
1785289855.24744,0.0,0.0,0.0009409599900245667
1785289855.2487245,0.0,0.0,0.0009158080220222474
1785289855.2499871,0.0,0.0,0.0009125120043754578
1785289855.2512717,0.0,0.0,0.0009374719858169556
1785289855.2525575,0.0,0.0,0.000932096004486084
1785289855.2538338,0.0,0.0,0.0009256640076637268
1785289855.2551222,0.0,0.0,0.0009142720103263855
1785289855.2563908,0.0,0.0,0.0009120960235595704
1785289855.2576635,0.0,0.0,0.0009175360202789307
1785289855.2589262,0.0,0.0,0.000915776014328003
1785289855.2602286,0.0,0.0,0.0009319040179252624
1785289855.2614946,0.0,0.0,0.0009160000085830689
1785289855.2627482,0.0,0.0,0.0009072639942169189
1785289855.2640424,0.0,0.0,0.0009490560293197632
1785289855.2653205,0.0,0.0,0.0009219840168952942
1785289855.26657,0.0,0.0,0.0008997120261192322
1785289855.2678664,0.0,0.0,0.0009466559886932373
1785289855.2691276,0.0,0.0,0.0009096959829330444
1785289855.2704,0.0,0.0,0.0009246079921722412
1785289855.2717028,0.0,0.0,0.0009483519792556763
1785289855.2729843,0.0,0.0,0.000911679983139038
1785289855.2742505,0.0,0.0,0.0009155200123786927
1785289855.2755523,0.0,0.0,0.0009512320160865783
1785289855.276844,0.0,0.0,0.0009339839816093445
1785289855.2781184,0.0,0.0,0.0009237440228462219
1785289855.279428,0.0,0.0,0.0009531520009040832
1785289855.280718,0.0,0.0,0.0009279360175132752
1785289855.2820103,0.0,0.0,0.0009377920031547547
1785289855.284032,0.0,0.0,0.001661952018737793
1785289855.285342,0.0,0.0,0.0009381440281867981
1785289855.2866175,0.0,0.0,0.0009145280122756958
1785289855.2879145,0.0,0.0,0.0009440000057220458
1785289855.2892046,0.0,0.0,0.0009345600008964539
1785289855.2904685,0.0,0.0,0.0009171519875526428
1785289855.2918034,0.0,0.0,0.00096288001537323
1785289855.2930894,0.0,0.0,0.0009307199716567993
1785289855.294355,0.0,0.0,0.0009146879911422729
1785289855.295651,0.0,0.0,0.0009494720101356506
1785289855.2969258,0.0,0.0,0.0009162240028381348
1785289855.2981956,0.0,0.0,0.0009199360013008118
1785289855.29949,0.0,0.0,0.0009450240135192871
1785289855.3007584,0.0,0.0,0.000917248010635376
1785289855.3020518,0.0,0.0,0.0009189119935035705
1785289855.3033528,0.0,0.0,0.0009493439793586731
1785289855.3046196,0.0,0.0,0.0009173120260238647
1785289855.3059037,0.0,0.0,0.0009333119988441468
1785289855.3071856,0.0,0.0,0.0009379199743270874
1785289855.308458,0.0,0.0,0.0009216319918632507
1785289855.309743,0.0,0.0,0.0009284160137176514
1785289855.3110247,0.0,0.0,0.0009277120232582092
1785289855.3123345,0.0,0.0,0.0009335039854049683
1785289855.313608,0.0,0.0,0.0009202560186386109
1785289855.314871,0.0,0.0,0.0009110080003738403
1785289855.3161488,0.0,0.0,0.0009066240191459656
1785289855.317424,0.0,0.0,0.0009259840250015258
1785289855.3186965,0.0,0.0,0.0009223999977111816
1785289855.3200142,0.0,0.0,0.0009648000001907348
1785289855.321283,0.0,0.0,0.0009184640049934387
1785289855.3225656,0.0,0.0,0.0009300159811973572
1785289855.3239014,0.0,0.0,0.0009674559831619263
1785289855.325172,0.0,0.0,0.0009146239757537841
1785289855.326451,0.0,0.0,0.0009341440200805664
1785289855.3277655,0.0,0.0,0.0009474880099296569
1785289855.3290358,0.0,0.0,0.0009160959720611573
1785289855.3302994,0.0,0.0,0.0009130880236625672
1785289855.3316085,0.0,0.0,0.0009537919759750366
1785289855.3328738,0.0,0.0,0.0009115200042724609
1785289855.3341696,0.0,0.0,0.0009370239973068238
1785289855.3354754,0.0,0.0,0.0009512640237808227
1785289855.3367586,0.0,0.0,0.0009261119961738587
1785289855.3386936,0.0,0.0,0.0015807360410690307
1785289855.340046,0.0,0.0,0.0009720320105552673
1785289855.3413568,0.0,0.0,0.0009496639966964722
1785289855.3426328,0.0,0.0,0.0009191039800643921
1785289855.3439293,0.0,0.0,0.0009445760250091553
1785289855.3452084,0.0,0.0,0.0009289280176162719
1785289855.3464851,0.0,0.0,0.0009259520173072815
1785289855.3477743,0.0,0.0,0.0009402559995651245
1785289855.3490407,0.0,0.0,0.0009130560159683228
1785289855.3503118,0.0,0.0,0.0009214400053024292
1785289855.3516045,0.0,0.0,0.0009422399997711182
1785289855.3528688,0.0,0.0,0.0009137600064277649
1785289855.3541608,0.0,0.0,0.0009297279715538025
1785289855.3554583,0.0,0.0,0.0009450240135192871
1785289855.3567367,0.0,0.0,0.0009096000194549561
1785289855.3580165,0.0,0.0,0.0009136639833450317
1785289855.3593223,0.0,0.0,0.0009527360200881958
1785289855.3606062,0.0,0.0,0.0009291200041770935
1785289855.3618898,0.0,0.0,0.0009271039962768555
1785289855.3631728,0.0,0.0,0.0009343039989471436
1785289855.3644352,0.0,0.0,0.000909280002117157
1785289855.365687,0.0,0.0,0.0009035519957542419
1785289855.3669696,0.0,0.0,0.000926367998123169
1785289855.3682716,0.0,0.0,0.0009356799721717834
1785289855.369556,0.0,0.0,0.0009316480159759521
1785289855.3708386,0.0,0.0,0.0009306880235671997
1785289855.3721428,0.0,0.0,0.0009342399835586548
1785289855.3734243,0.0,0.0,0.000930079996585846
1785289855.374699,0.0,0.0,0.0009232959747314453
1785289855.375992,0.0,0.0,0.0009465919733047485
1785289855.3772635,0.0,0.0,0.0009217600226402282
1785289855.3785117,0.0,0.0,0.0009059839844703674
1785289855.3798063,0.0,0.0,0.0009501439929008484
1785289855.3810806,0.0,0.0,0.0009190400242805481
1785289855.3823493,0.0,0.0,0.0009178559780120849
1785289855.3836517,0.0,0.0,0.0009497280120849609
1785289855.384916,0.0,0.0,0.0009160000085830689
1785289855.3861804,0.0,0.0,0.0009198079705238342
1785289855.3874753,0.0,0.0,0.0009462720155715942
1785289855.3888047,0.0,0.0,0.000968608021736145
1785289855.3901188,0.0,0.0,0.0009210879802703857
1785289855.3914301,0.0,0.0,0.0009505919814109802
1785289855.3927085,0.0,0.0,0.0009172160029411316
1785289855.394632,0.0,0.0,0.0015675840377807617
1785289855.395964,0.0,0.0,0.000953216016292572
1785289855.3972242,0.0,0.0,0.0009031999707221985
1785289855.3985145,0.0,0.0,0.0009351999759674072
1785289855.3998199,0.0,0.0,0.0009537919759750366
1785289855.401074,0.0,0.0,0.0009026560187339783
1785289855.402348,0.0,0.0,0.0009217919707298278
1785289855.4036496,0.0,0.0,0.000927295982837677
1785289855.4049041,0.0,0.0,0.0009016960263252259
1785289855.4061694,0.0,0.0,0.0009184960126876831
1785289855.4074714,0.0,0.0,0.0009522879719734192
1785289855.4087656,0.0,0.0,0.0009244160056114197
1785289855.410026,0.0,0.0,0.0009100480079650879
1785289855.4113166,0.0,0.0,0.0009373440146446228
1785289855.4125848,0.0,0.0,0.0009190400242805481
1785289855.4138522,0.0,0.0,0.000915776014328003
1785289855.4151511,0.0,0.0,0.0009465280175209045
1785289855.4164393,0.0,0.0,0.0009325119853019714
1785289855.417705,0.0,0.0,0.0009189119935035705
1785289855.4189687,0.0,0.0,0.0009134719967842102
1785289855.4202547,0.0,0.0,0.000914080023765564
1785289855.4215174,0.0,0.0,0.0009168319702148438
1785289855.4228034,0.0,0.0,0.0009217600226402282
1785289855.4241197,0.0,0.0,0.0009364159703254699
1785289855.4253886,0.0,0.0,0.0009170560240745545
1785289855.4266536,0.0,0.0,0.0009164159893989563
1785289855.4279583,0.0,0.0,0.0009557120203971863
1785289855.4292166,0.0,0.0,0.0009077119827270507
1785289855.4304912,0.0,0.0,0.0009231359958648682
1785289855.4317956,0.0,0.0,0.0009321600198745727
1785289855.4330812,0.0,0.0,0.0009256319999694824
1785289855.4343643,0.0,0.0,0.0009277439713478088
1785289855.4357004,0.0,0.0,0.0009709759950637817
1785289855.4369838,0.0,0.0,0.0009264960289001465
1785289855.43826,0.0,0.0,0.0009260479807853698
1785289855.4395742,0.0,0.0,0.0009551680088043213
1785289855.440844,0.0,0.0,0.0009212160110473633
1785289855.4421108,0.0,0.0,0.00091948801279068
1785289855.443391,0.0,0.0,0.0009334719777107239
1785289855.4447284,0.0,0.0,0.0009322879910469055
1785289855.4460156,0.0,0.0,0.0009285759925842285
1785289855.447322,0.0,0.0,0.000957472026348114
1785289855.4492073,0.0,0.0,0.0015299199819564819
1785289855.4505231,0.0,0.0,0.0009397119879722595
1785289855.4518418,0.0,0.0,0.0009595519900321961
1785289855.453114,0.0,0.0,0.0009132480025291443
1785289855.4543953,0.0,0.0,0.000920799970626831
1785289855.4556997,0.0,0.0,0.0009503359794616699
1785289855.4569905,0.0,0.0,0.0009205120205879212
1785289855.4582672,0.0,0.0,0.0009248639941215515
1785289855.459552,0.0,0.0,0.0009353280067443848
1785289855.4608362,0.0,0.0,0.0009309759736061096
1785289855.462144,0.0,0.0,0.0009403839707374573
1785289855.4634304,0.0,0.0,0.0009343680143356323
1785289855.4647083,0.0,0.0,0.0009265599846839905
1785289855.4659698,0.0,0.0,0.0009137920141220093
1785289855.4672747,0.0,0.0,0.000954367995262146
1785289855.4685292,0.0,0.0,0.0009013440012931824
1785289855.4698002,0.0,0.0,0.0009220799803733825
1785289855.4710832,0.0,0.0,0.0009278720021247864
1785289855.4723897,0.0,0.0,0.0009312319755554199
1785289855.4736645,0.0,0.0,0.0009220160245895385
1785289855.4749455,0.0,0.0,0.0009263039827346802
1785289855.4762414,0.0,0.0,0.0009227200150489808
1785289855.4774995,0.0,0.0,0.0009084799885749817
1785289855.4787586,0.0,0.0,0.0009111040234565735
1785289855.4800513,0.0,0.0,0.0009439359903335572
1785289855.4813297,0.0,0.0,0.0009240319728851318
1785289855.4825962,0.0,0.0,0.0009188159704208375
1785289855.4838827,0.0,0.0,0.0009352319836616516
1785289855.4851565,0.0,0.0,0.0009220799803733825
1785289855.4864275,0.0,0.0,0.0009195200204849244
1785289855.4877164,0.0,0.0,0.0009388800263404846
1785289855.488971,0.0,0.0,0.0009045119881629943
1785289855.4902477,0.0,0.0,0.0009134079813957214
1785289855.4915507,0.0,0.0,0.0009516159892082215
1785289855.4928164,0.0,0.0,0.000917631983757019
1785289855.4940917,0.0,0.0,0.0009241600036621094
1785289855.4953747,0.0,0.0,0.0009368000030517579
1785289855.496654,0.0,0.0,0.0009311680197715759
1785289855.4979296,0.0,0.0,0.0009216639995574951
1785289855.4992325,0.0,0.0,0.0009532480239868164
1785289855.5005486,0.0,0.0,0.0009456319808959961
1785289855.5018172,0.0,0.0,0.0009125760197639466
1785289855.5031185,0.0,0.0,0.0009236159920692444
1785289855.5050912,0.0,0.0,0.0016002559661865234
1785289855.5063896,0.0,0.0,0.0009256640076637268
1785289855.507693,0.0,0.0,0.0009476799964904786
1785289855.5089772,0.0,0.0,0.0009299839735031128
1785289855.5102508,0.0,0.0,0.0009185600280761718
1785289855.511545,0.0,0.0,0.0009402239918708801
1785289855.512819,0.0,0.0,0.0009175999760627746
1785289855.514091,0.0,0.0,0.0009217919707298278
1785289855.515417,0.0,0.0,0.0009592000246047974
1785289855.5166764,0.0,0.0,0.0009159039855003357
1785289855.5179367,0.0,0.0,0.0009103040099143982
1785289855.5192225,0.0,0.0,0.0009391360282897949
1785289855.5204911,0.0,0.0,0.0009183359742164611
1785289855.5217414,0.0,0.0,0.0009024959802627564
1785289855.5229938,0.0,0.0,0.0009040319919586181
1785289855.524279,0.0,0.0,0.0009117119908332824
1785289855.5255363,0.0,0.0,0.0009026880264282227
1785289855.5268013,0.0,0.0,0.0009143679738044739
1785289855.5281003,0.0,0.0,0.0009305279850959778
1785289855.5293357,0.0,0.0,0.0008893120288848877
1785289855.530584,0.0,0.0,0.0008988159894943237
1785289855.5318933,0.0,0.0,0.0009615359902381897
1785289855.533154,0.0,0.0,0.00091212797164917
1785289855.5344107,0.0,0.0,0.0009094079732894898
1785289855.5356803,0.0,0.0,0.0009224960207939148
1785289855.5369415,0.0,0.0,0.0009097920060157776
1785289855.5382068,0.0,0.0,0.0009148160219192505
1785289855.539485,0.0,0.0,0.0009298880100250245
1785289855.5407763,0.0,0.0,0.0009240959882736206
1785289855.542042,0.0,0.0,0.0009199680089950562
1785289855.5433173,0.0,0.0,0.0009328640103340149
1785289855.544582,0.0,0.0,0.000916703999042511
1785289855.5458424,0.0,0.0,0.0009130560159683228
1785289855.5471163,0.0,0.0,0.0009057279825210571
1785289855.5483785,0.0,0.0,0.0009134079813957214
1785289855.5496252,0.0,0.0,0.0008985279798507691
1785289855.5509107,0.0,0.0,0.0009317119717597961
1785289855.5521908,0.0,0.0,0.0009091839790344238
1785289855.5534544,0.0,0.0,0.0009091839790344238
1785289855.5547626,0.0,0.0,0.0009399999976158142
1785289855.5560753,0.0,0.0,0.0009423360228538513
1785289855.5573633,0.0,0.0,0.0009262400269508361
1785289855.5586493,0.0,0.0,0.0009304640293121338
1785289855.5606694,0.0,0.0,0.0009744960069656372
1785289855.561953,0.0,0.0,0.0009196479916572571
1785289855.5632453,0.0,0.0,0.0009373760223388672
1785289855.5645187,0.0,0.0,0.0009153280258178711
1785289855.5658104,0.0,0.0,0.0009409599900245667
1785289855.5670774,0.0,0.0,0.0009139840006828308
1785289855.5684009,0.0,0.0,0.0009312959909439087
1785289855.569669,0.0,0.0,0.0009170240163803101
1785289855.570924,0.0,0.0,0.0009091839790344238
1785289855.5722165,0.0,0.0,0.0009191039800643921
1785289855.573497,0.0,0.0,0.0009256319999694824
1785289855.5747604,0.0,0.0,0.0009142400026321411
1785289855.576045,0.0,0.0,0.0009166719913482666
1785289855.5773168,0.0,0.0,0.0009197760224342347
1785289855.5785882,0.0,0.0,0.0009182400107383728
1785289855.5798953,0.0,0.0,0.0009631040096282959
1785289855.581165,0.0,0.0,0.0009169600009918213
1785289855.5824072,0.0,0.0,0.0008958079814910889
1785289855.583683,0.0,0.0,0.0009321280121803284
1785289855.58495,0.0,0.0,0.0009166719913482666
1785289855.5862164,0.0,0.0,0.0009165760278701782
1785289855.5874946,0.0,0.0,0.0009300159811973572
1785289855.588766,0.0,0.0,0.0009073280096054077
1785289855.590034,0.0,0.0,0.0009208639860153198
1785289855.5913365,0.0,0.0,0.0009495360255241394
1785289855.5926018,0.0,0.0,0.000910368025302887
1785289855.5938735,0.0,0.0,0.0009233599901199341
1785289855.5951452,0.0,0.0,0.0009255359768867492
1785289855.5964332,0.0,0.0,0.0009338880181312561
1785289855.5976982,0.0,0.0,0.0009158080220222474
1785289855.5989497,0.0,0.0,0.0009061440229415894
1785289855.6002507,0.0,0.0,0.0009274880290031433
1785289855.60153,0.0,0.0,0.000929535984992981
1785289855.602808,0.0,0.0,0.0009271680116653443
1785289855.6041145,0.0,0.0,0.0009361600279808044
1785289855.605375,0.0,0.0,0.0009084799885749817
1785289855.6066434,0.0,0.0,0.0009168959856033325
1785289855.6079438,0.0,0.0,0.0009539200067520141
1785289855.6092134,0.0,0.0,0.0009214079976081848
1785289855.6104932,0.0,0.0,0.000923520028591156
1785289855.6117928,0.0,0.0,0.000945855975151062
1785289855.6130524,0.0,0.0,0.0009058240056037903
1785289855.6149764,0.0,0.0,0.0015668799877166747
1785289855.6163204,0.0,0.0,0.0009490560293197632
1785289855.6176,0.0,0.0,0.0009211199879646301
1785289855.6188853,0.0,0.0,0.0009321600198745727
1785289855.6201844,0.0,0.0,0.0009221760034561157
1785289855.6214864,0.0,0.0,0.0009312000274658203
1785289855.6227856,0.0,0.0,0.0009356480240821838
1785289855.6240935,0.0,0.0,0.0009332799911499024
1785289855.6253488,0.0,0.0,0.000900160014629364
1785289855.6266236,0.0,0.0,0.0009302719831466675
1785289855.6279423,0.0,0.0,0.0009696639776229859
1785289855.6292207,0.0,0.0,0.0009262400269508361
1785289855.6304834,0.0,0.0,0.0009144960045814514
1785289855.631795,0.0,0.0,0.0009643840193748474
1785289855.6330924,0.0,0.0,0.0009411839842796326
1785289855.6343606,0.0,0.0,0.0009142720103263855
1785289855.6356795,0.0,0.0,0.0009624639749526978
1785289855.636937,0.0,0.0,0.0009064639806747436
1785289855.6382265,0.0,0.0,0.0009389119744300842
1785289855.6395366,0.0,0.0,0.0009599040150642395
1785289855.6408105,0.0,0.0,0.0009233919978141785
1785289855.6420977,0.0,0.0,0.0009346879720687866
1785289855.6434176,0.0,0.0,0.0009659519791603089
1785289855.6447165,0.0,0.0,0.000944927990436554
1785289855.645991,0.0,0.0,0.0009265919923782349
1785289855.6473093,0.0,0.0,0.0009642239809036255
1785289855.6485834,0.0,0.0,0.0009072639942169189
1785289855.6498482,0.0,0.0,0.0009166719913482666
1785289855.6511405,0.0,0.0,0.0009387519955635071
1785289855.652405,0.0,0.0,0.0009165760278701782
1785289855.65367,0.0,0.0,0.0009160640239715577
1785289855.654916,0.0,0.0,0.0008992959856987
1785289855.6561797,0.0,0.0,0.0008928639888763428
1785289855.6574357,0.0,0.0,0.0009089599847793579
1785289855.6587036,0.0,0.0,0.0009211199879646301
1785289855.6600132,0.0,0.0,0.0009571200013160705
1785289855.66129,0.0,0.0,0.0009205120205879212
1785289855.6625583,0.0,0.0,0.000916703999042511
1785289855.6638246,0.0,0.0,0.0009176959991455078
1785289855.6650963,0.0,0.0,0.0009200000166893006
1785289855.6663609,0.0,0.0,0.000912608027458191
1785289855.6677015,0.0,0.0,0.0009480000138282776
1785289855.6689918,0.0,0.0,0.0009250239729881286
1785289855.671012,0.0,0.0,0.0009741439819335938
1785289855.672365,0.0,0.0,0.000954367995262146
1785289855.6736271,0.0,0.0,0.000906175971031189
1785289855.67491,0.0,0.0,0.0009275839924812317
1785289855.6762164,0.0,0.0,0.0009182080030441284
1785289855.6774714,0.0,0.0,0.0009053120017051697
1785289855.6787405,0.0,0.0,0.0009190080165863037
1785289855.6800294,0.0,0.0,0.0009409279823303223
1785289855.6813,0.0,0.0,0.0009173439741134643
1785289855.6825926,0.0,0.0,0.000928384006023407
1785289855.6839175,0.0,0.0,0.0009741119742393494
1785289855.6852005,0.0,0.0,0.0009254080057144165
1785289855.6864526,0.0,0.0,0.000906175971031189
1785289855.6877804,0.0,0.0,0.0009620800018310547
1785289855.6890712,0.0,0.0,0.000929311990737915
1785289855.690352,0.0,0.0,0.0009329919815063476
1785289855.6916645,0.0,0.0,0.0009596160054206848
1785289855.6929421,0.0,0.0,0.0009268800020217896
1785289855.694207,0.0,0.0,0.0009158719778060913
1785289855.695543,0.0,0.0,0.0009832959771156312
1785289855.6968367,0.0,0.0,0.0009294400215148925
1785289855.698122,0.0,0.0,0.0009345600008964539
1785289855.6994085,0.0,0.0,0.0009348480105400086
1785289855.700682,0.0,0.0,0.0009200959801673889
1785289855.701954,0.0,0.0,0.000918720006942749
1785289855.7032406,0.0,0.0,0.0009351040124893188
1785289855.7045033,0.0,0.0,0.00091212797164917
1785289855.705765,0.0,0.0,0.000913919985294342
1785289855.7070198,0.0,0.0,0.0009083840250968933
1785289855.7083156,0.0,0.0,0.000921887993812561
1785289855.7095788,0.0,0.0,0.0009160959720611573
1785289855.7108538,0.0,0.0,0.0009236479997634888
1785289855.712149,0.0,0.0,0.0009296000003814697
1785289855.713425,0.0,0.0,0.0009279360175132752
1785289855.7147017,0.0,0.0,0.0009233599901199341
1785289855.7159815,0.0,0.0,0.0009308480024337769
1785289855.7172542,0.0,0.0,0.000915391981601715
1785289855.7185154,0.0,0.0,0.0009146879911422729
1785289855.7198045,0.0,0.0,0.0009403839707374573
1785289855.721116,0.0,0.0,0.0009282879829406738
1785289855.7223983,0.0,0.0,0.0009260159730911254
1785289855.723731,0.0,0.0,0.0009752960205078125
1785289855.7257583,0.0,0.0,0.0016703360080718994
1785289855.7270582,0.0,0.0,0.0009245759844779968
1785289855.7283707,0.0,0.0,0.0009257919788360595
1785289855.7296543,0.0,0.0,0.0009294080138206482
1785289855.7309153,0.0,0.0,0.0009095039963722229
1785289855.7322233,0.0,0.0,0.0009344639778137207
1785289855.733484,0.0,0.0,0.0009046080112457275
1785289855.7347474,0.0,0.0,0.0009161279797554016
1785289855.7360418,0.0,0.0,0.0009462400078773498
1785289855.7372983,0.0,0.0,0.0009087679982185364
1785289855.7385614,0.0,0.0,0.0009114239811897277
1785289855.7398474,0.0,0.0,0.0009351040124893188
1785289855.7411003,0.0,0.0,0.0008989440202713013
1785289855.7423766,0.0,0.0,0.0009262400269508361
1785289855.7436724,0.0,0.0,0.0009466879963874817
1785289855.744951,0.0,0.0,0.0009239040017127991
1785289855.74624,0.0,0.0,0.0009333119988441468
1785289855.747546,0.0,0.0,0.0009577280282974243
1785289855.7488256,0.0,0.0,0.0009246399998664856
1785289855.7501016,0.0,0.0,0.0009281280040740967
1785289855.7513993,0.0,0.0,0.0009452800154685974
1785289855.7526653,0.0,0.0,0.0009175999760627746
1785289855.753934,0.0,0.0,0.0009168959856033325
1785289855.7552445,0.0,0.0,0.0009468479752540588
1785289855.7565076,0.0,0.0,0.0009080960154533386
1785289855.7577877,0.0,0.0,0.0009160640239715577
1785289855.7590425,0.0,0.0,0.0009063680171966553
1785289855.7603548,0.0,0.0,0.0009319679737091064
1785289855.7616093,0.0,0.0,0.0009053120017051697
1785289855.762875,0.0,0.0,0.0009111679792404174
1785289855.7641551,0.0,0.0,0.00091184002161026
1785289855.7654388,0.0,0.0,0.0009341760277748108
1785289855.7666903,0.0,0.0,0.0009088000059127808
1785289855.767967,0.0,0.0,0.0009325439929962158
1785289855.7692358,0.0,0.0,0.0009229120016098023
1785289855.7705004,0.0,0.0,0.0009197760224342347
1785289855.7717764,0.0,0.0,0.0009260479807853698
1785289855.7730389,0.0,0.0,0.0009133120179176331
1785289855.7743084,0.0,0.0,0.0009208319783210754
1785289855.7756069,0.0,0.0,0.0009451839923858643
1785289855.7769098,0.0,0.0,0.0009394559860229492
1785289855.7781732,0.0,0.0,0.00091212797164917
1785289855.7794805,0.0,0.0,0.0009540799856185913
1785289855.7814384,0.0,0.0,0.0009713919758796692
1785289855.782719,0.0,0.0,0.0009152320027351379
1785289855.7840269,0.0,0.0,0.0009476159811019898
1785289855.7853239,0.0,0.0,0.0009414399862289429
1785289855.786589,0.0,0.0,0.0009145280122756958
1785289855.7878823,0.0,0.0,0.000943231999874115
1785289855.789139,0.0,0.0,0.0009054719805717469
1785289855.7903981,0.0,0.0,0.000908735990524292
1785289855.7917078,0.0,0.0,0.0009601600170135498
1785289855.7929735,0.0,0.0,0.0009109119772911071
1785289855.7942328,0.0,0.0,0.0009058880209922791
1785289855.7955368,0.0,0.0,0.0009533759951591492
1785289855.7968218,0.0,0.0,0.0009273599982261658
1785289855.7980895,0.0,0.0,0.0009190719723701477
1785289855.7993946,0.0,0.0,0.0009529600143432617
1785289855.800657,0.0,0.0,0.0009152320027351379
1785289855.8019247,0.0,0.0,0.0009135680198669434
1785289855.8032103,0.0,0.0,0.0009386240243911743
1785289855.804475,0.0,0.0,0.0009140480160713196
1785289855.805747,0.0,0.0,0.0009223679900169372
1785289855.8070173,0.0,0.0,0.0009254080057144165
1785289855.8083282,0.0,0.0,0.0009245439767837524
1785289855.8096147,0.0,0.0,0.0009341760277748108
1785289855.8108652,0.0,0.0,0.0009080960154533386
1785289855.8121471,0.0,0.0,0.0009185919761657714
1785289855.8134253,0.0,0.0,0.0009252480268478393
1785289855.8147008,0.0,0.0,0.000925599992275238
1785289855.8159902,0.0,0.0,0.0009377279877662659
1785289855.817248,0.0,0.0,0.0009091519713401795
1785289855.818517,0.0,0.0,0.0009201279878616333
1785289855.8198245,0.0,0.0,0.0009397760033607483
1785289855.8210797,0.0,0.0,0.0009043200016021728
1785289855.8223448,0.0,0.0,0.0009143679738044739
1785289855.8236392,0.0,0.0,0.0009471039772033691
1785289855.8249195,0.0,0.0,0.0009144319891929626
1785289855.8261688,0.0,0.0,0.0009003520011901855
1785289855.827463,0.0,0.0,0.0009461439847946167
1785289855.8287296,0.0,0.0,0.0009173439741134643
1785289855.830003,0.0,0.0,0.0009159359931945801
1785289855.8313253,0.0,0.0,0.0009591040015220642
1785289855.8326125,0.0,0.0,0.0009233279824256897
1785289855.8338768,0.0,0.0,0.0009053760170936585
1785289855.8358698,0.0,0.0,0.0016402239799499512
1785289855.83723,0.0,0.0,0.0009711040258407593
1785289855.8385203,0.0,0.0,0.0009275839924812317
1785289855.8398356,0.0,0.0,0.0009588479995727539
1785289855.8411021,0.0,0.0,0.0009149760007858276
1785289855.8423588,0.0,0.0,0.0009100160002708435
1785289855.843666,0.0,0.0,0.000957535982131958
1785289855.844925,0.0,0.0,0.0009094079732894898
1785289855.8461878,0.0,0.0,0.0009131519794464111
1785289855.8474789,0.0,0.0,0.0009423999786376953
1785289855.8487496,0.0,0.0,0.0009200959801673889
1785289855.8500063,0.0,0.0,0.0009082559943199157
1785289855.8512883,0.0,0.0,0.0009318079948425293
1785289855.852559,0.0,0.0,0.0009195520281791687
1785289855.853862,0.0,0.0,0.0009314240217208862
1785289855.8551693,0.0,0.0,0.0009511680006980895
1785289855.8564415,0.0,0.0,0.0009209920167922974
1785289855.8576913,0.0,0.0,0.0009013760089874268
1785289855.8589556,0.0,0.0,0.0009171839952468872
1785289855.860233,0.0,0.0,0.0009051520228385926
1785289855.8614876,0.0,0.0,0.0009033600091934204
1785289855.8627443,0.0,0.0,0.0009002559781074524
1785289855.8640351,0.0,0.0,0.0009110080003738403
1785289855.8652997,0.0,0.0,0.0009178239703178406
1785289855.8665547,0.0,0.0,0.0009049919843673706
1785289855.8678422,0.0,0.0,0.0009393280148506164
1785289855.8691082,0.0,0.0,0.0009145920276641846
1785289855.8703775,0.0,0.0,0.0009220799803733825
1785289855.8716607,0.0,0.0,0.0009350399971008301
1785289855.872929,0.0,0.0,0.0009159680008888245
1785289855.8741937,0.0,0.0,0.0009180480241775513
1785289855.8754714,0.0,0.0,0.0009290239810943603
1785289855.8767328,0.0,0.0,0.0009130560159683228
1785289855.877981,0.0,0.0,0.0009043520092964172
1785289855.8792791,0.0,0.0,0.0009469119906425476
1785289855.8805423,0.0,0.0,0.0009109439849853515
1785289855.8818007,0.0,0.0,0.0009076480269432068
1785289855.8830533,0.0,0.0,0.0009080960154533386
1785289855.8843338,0.0,0.0,0.000907967984676361
1785289855.885606,0.0,0.0,0.0009197120070457459
1785289855.8869004,0.0,0.0,0.0009220479726791381
1785289855.8882105,0.0,0.0,0.0009296640157699585
1785289855.8894908,0.0,0.0,0.0009269760251045227
1785289855.8914537,0.0,0.0,0.001600767970085144
1785289855.8927739,0.0,0.0,0.0009400640130043029
1785289855.8940716,0.0,0.0,0.0009303359985351563
1785289855.8953817,0.0,0.0,0.0009581440091133117
1785289855.8966596,0.0,0.0,0.0009312639832496643
1785289855.8979373,0.0,0.0,0.0009251199960708618
1785289855.899228,0.0,0.0,0.000944383978843689
1785289855.9005034,0.0,0.0,0.0009209920167922974
1785289855.901801,0.0,0.0,0.0009455999732017517
1785289855.9030745,0.0,0.0,0.000926751971244812
1785289855.9043672,0.0,0.0,0.0009152960181236267
1785289855.905663,0.0,0.0,0.0009248639941215515
1785289855.9069245,0.0,0.0,0.0009103040099143982
1785289855.908226,0.0,0.0,0.000925055980682373
1785289855.9094882,0.0,0.0,0.000912992000579834
1785289855.91075,0.0,0.0,0.0009106879830360412
1785289855.9120202,0.0,0.0,0.0009216960072517395
1785289855.913289,0.0,0.0,0.0009183040261268615
1785289855.9145489,0.0,0.0,0.0009077759981155395
1785289855.9158344,0.0,0.0,0.0009335039854049683
1785289855.917099,0.0,0.0,0.0009164800047874451
1785289855.9183733,0.0,0.0,0.00091948801279068
1785289855.9196606,0.0,0.0,0.0009388800263404846
1785289855.9209242,0.0,0.0,0.0009130880236625672
1785289855.922197,0.0,0.0,0.000917248010635376
1785289855.9234927,0.0,0.0,0.0009451839923858643
1785289855.924764,0.0,0.0,0.0009206079840660095
1785289855.9260163,0.0,0.0,0.0009037119746208191
1785289855.9273007,0.0,0.0,0.0009384959936141968
1785289855.9285667,0.0,0.0,0.0009181119799613952
1785289855.9298444,0.0,0.0,0.0009206079840660095
1785289855.9311485,0.0,0.0,0.0009524800181388855
1785289855.9324253,0.0,0.0,0.0009288319945335388
1785289855.9336975,0.0,0.0,0.0009219840168952942
1785289855.9349604,0.0,0.0,0.0009114879965782165
1785289855.93624,0.0,0.0,0.0009087039828300476
1785289855.9375,0.0,0.0,0.0009079040288925171
1785289855.9387658,0.0,0.0,0.0009167680144309998
1785289855.9400756,0.0,0.0,0.0009407680034637452
1785289855.9413679,0.0,0.0,0.0009307519793510437
1785289855.942644,0.0,0.0,0.0009157119989395142
1785289855.9439528,0.0,0.0,0.0009516800045967102
1785289855.945224,0.0,0.0,0.0009120320081710816
1785289855.9471872,0.0,0.0,0.0009773120284080506
1785289855.9484859,0.0,0.0,0.0009354239702224731
1785289855.949757,0.0,0.0,0.0009154239892959595
1785289855.9510264,0.0,0.0,0.0009162240028381348
1785289855.9523494,0.0,0.0,0.0009261760115623475
1785289855.9536169,0.0,0.0,0.0009176959991455078
1785289855.9548862,0.0,0.0,0.0009202240109443665
1785289855.956168,0.0,0.0,0.0009113600254058838
1785289855.9574246,0.0,0.0,0.0009048960208892823
1785289855.9586763,0.0,0.0,0.0008993279933929443
1785289855.959958,0.0,0.0,0.0009385280013084412
1785289855.9612122,0.0,0.0,0.0008979840278625489
1785289855.9624622,0.0,0.0,0.0009016640186309815
1785289855.9637682,0.0,0.0,0.0009399999976158142
1785289855.965037,0.0,0.0,0.0009128000140190125
1785289855.9662964,0.0,0.0,0.0009139519929885864
1785289855.9675958,0.0,0.0,0.0009456639885902405
1785289855.968873,0.0,0.0,0.0009181119799613952
1785289855.970135,0.0,0.0,0.0009151999950408935
1785289855.9714205,0.0,0.0,0.0009380800127983093
1785289855.972696,0.0,0.0,0.0009214720129966736
1785289855.9739764,0.0,0.0,0.0009267200231552124
1785289855.9752638,0.0,0.0,0.0009425280094146728
1785289855.9765217,0.0,0.0,0.0009080960154533386
1785289855.9778214,0.0,0.0,0.000923583984375
1785289855.979083,0.0,0.0,0.000907967984676361
1785289855.9803853,0.0,0.0,0.0009264320135116578
1785289855.9816413,0.0,0.0,0.0009122880101203919
1785289855.9829013,0.0,0.0,0.0009151039719581605
1785289855.984183,0.0,0.0,0.0009147520065307617
1785289855.9854786,0.0,0.0,0.0009196159839630127
1785289855.9867308,0.0,0.0,0.0009006080031394958
1785289855.9880164,0.0,0.0,0.0009351680278778076
1785289855.9892778,0.0,0.0,0.000908896028995514
1785289855.9905367,0.0,0.0,0.0009100800156593323
1785289855.9918268,0.0,0.0,0.0009390720129013061
1785289855.9930882,0.0,0.0,0.0009085119962692261
1785289855.994351,0.0,0.0,0.0009130560159683228
1785289855.9956436,0.0,0.0,0.0009495360255241394
1785289855.9969296,0.0,0.0,0.0009278720021247864
1785289855.998199,0.0,0.0,0.0009161919951438904
1785289855.999488,0.0,0.0,0.0009381440281867981
1785289856.0014544,0.0,0.0,0.0016040960550308227
1785289856.0027602,0.0,0.0,0.0009242560267448425
1785289856.0040622,0.0,0.0,0.0009216319918632507
1785289856.00533,0.0,0.0,0.0009140480160713196
1785289856.006596,0.0,0.0,0.000920415997505188
1785289856.0078902,0.0,0.0,0.0009442239999771119
1785289856.0091524,0.0,0.0,0.0009135680198669434
1785289856.0104132,0.0,0.0,0.0009111999869346618
1785289856.0116966,0.0,0.0,0.0009331200122833252
1785289856.0129678,0.0,0.0,0.0009142400026321411
1785289856.0142345,0.0,0.0,0.0009183679819107055
1785289856.0155203,0.0,0.0,0.0009376639723777771
1785289856.0168,0.0,0.0,0.0009281280040740967
1785289856.018059,0.0,0.0,0.000911296010017395
1785289856.0193646,0.0,0.0,0.000936959981918335
1785289856.0206163,0.0,0.0,0.0009064639806747436
1785289856.0218747,0.0,0.0,0.000907584011554718
1785289856.0231485,0.0,0.0,0.0009245120286941528
1785289856.0244265,0.0,0.0,0.0009269760251045227
1785289856.0256863,0.0,0.0,0.0009108480215072632
1785289856.026942,0.0,0.0,0.0009113280177116394
1785289856.0282228,0.0,0.0,0.0009152640104293823
1785289856.0294871,0.0,0.0,0.0009203199744224548
1785289856.0307717,0.0,0.0,0.000922752022743225
1785289856.032068,0.0,0.0,0.0009275519847869873
1785289856.0333242,0.0,0.0,0.0009007999897003173
1785289856.0345836,0.0,0.0,0.0009108800292015076
1785289856.03588,0.0,0.0,0.000946943998336792
1785289856.0371537,0.0,0.0,0.000924127995967865
1785289856.038399,0.0,0.0,0.0008983359932899475
1785289856.0396874,0.0,0.0,0.0009425280094146728
1785289856.0409307,0.0,0.0,0.000894208014011383
1785289856.0421698,0.0,0.0,0.0008926720023155212
1785289856.0434732,0.0,0.0,0.0009545599818229676
1785289856.0447416,0.0,0.0,0.0009177280068397522
1785289856.0459962,0.0,0.0,0.0009031999707221985
1785289856.047265,0.0,0.0,0.0009205120205879212
1785289856.0485487,0.0,0.0,0.0009266560077667237
1785289856.0498018,0.0,0.0,0.0009041280150413513
1785289856.0510874,0.0,0.0,0.0009345600008964539
1785289856.0524023,0.0,0.0,0.00092876797914505
1785289856.0536783,0.0,0.0,0.000915552020072937
1785289856.0549583,0.0,0.0,0.0009247999787330627
1785289856.0569863,0.0,0.0,0.00164684796333313
1785289856.0583038,0.0,0.0,0.0009446399807929993
1785289856.059616,0.0,0.0,0.0009540159702301025
1785289856.0608964,0.0,0.0,0.0009249600172042847
1785289856.0621812,0.0,0.0,0.0009308480024337769
1785289856.0635023,0.0,0.0,0.0009635519981384277
1785289856.064803,0.0,0.0,0.0009408959746360779
1785289856.0660906,0.0,0.0,0.0009355199933052063
1785289856.0673926,0.0,0.0,0.0009498239755630493
1785289856.0686905,0.0,0.0,0.0009395840167999267
1785289856.069982,0.0,0.0,0.000922432005405426
1785289856.0713003,0.0,0.0,0.000961247980594635
1785289856.072591,0.0,0.0,0.0009380800127983093
1785289856.073865,0.0,0.0,0.0009227200150489808
1785289856.07518,0.0,0.0,0.0009627519845962525
1785289856.0764837,0.0,0.0,0.0009403839707374573
1785289856.0777354,0.0,0.0,0.0008992000222206116
1785289856.079031,0.0,0.0,0.0009449920058250427
1785289856.080326,0.0,0.0,0.0009170879721641541
1785289856.0815816,0.0,0.0,0.0009102399945259094
1785289856.0828462,0.0,0.0,0.0009154239892959595
1785289856.08416,0.0,0.0,0.0009240000247955322
1785289856.08543,0.0,0.0,0.0009177280068397522
1785289856.086693,0.0,0.0,0.0009158719778060913
1785289856.0879796,0.0,0.0,0.0009407359957695008
1785289856.089244,0.0,0.0,0.0009093120098114014
1785289856.0905108,0.0,0.0,0.0009187840223312378
1785289856.091796,0.0,0.0,0.0009357759952545166
1785289856.0930703,0.0,0.0,0.0009234560132026673
1785289856.0943513,0.0,0.0,0.0009301440119743348
1785289856.095675,0.0,0.0,0.0009681280255317688
1785289856.0969393,0.0,0.0,0.0009111999869346618
1785289856.098204,0.0,0.0,0.0009134719967842102
1785289856.0994864,0.0,0.0,0.0009327999949455261
1785289856.1007633,0.0,0.0,0.0009204480051994324
1785289856.1020362,0.0,0.0,0.0009208319783210754
1785289856.1033201,0.0,0.0,0.0009340159893035889
1785289856.1045916,0.0,0.0,0.0009207360148429871
1785289856.1058705,0.0,0.0,0.000931551992893219
1785289856.107168,0.0,0.0,0.0009437760114669799
1785289856.10846,0.0,0.0,0.0009289600253105163
1785289856.109729,0.0,0.0,0.0009124159812927246
1785289856.1116853,0.0,0.0,0.0009114879965782165
1785289856.1130438,0.0,0.0,0.0009608319997787475
1785289856.114322,0.0,0.0,0.0009184319972991943
1785289856.1156306,0.0,0.0,0.0009504640102386474
1785289856.1169658,0.0,0.0,0.0009505280256271362
1785289856.118326,0.0,0.0,0.000958400011062622
1785289856.1196265,0.0,0.0,0.0009296640157699585
1785289856.1209075,0.0,0.0,0.000921280026435852
1785289856.122185,0.0,0.0,0.0009228159785270691
1785289856.1235015,0.0,0.0,0.0009625920057296753
1785289856.124774,0.0,0.0,0.0009190400242805481
1785289856.1260345,0.0,0.0,0.0009102399945259094
1785289856.1273253,0.0,0.0,0.0009423999786376953
1785289856.1296535,0.0,0.0,0.0010050239562988282
1785289856.1309829,0.0,0.0,0.0009475200176239013
1785289856.1323006,0.0,0.0,0.0009321600198745727
1785289856.133589,0.0,0.0,0.0009291840195655822
1785289856.1348913,0.0,0.0,0.0009481599926948548
1785289856.1362135,0.0,0.0,0.000947808027267456
1785289856.1374986,0.0,0.0,0.0009255679845809936
1785289856.1387727,0.0,0.0,0.0009153599739074706
1785289856.140094,0.0,0.0,0.0009484480023384094
1785289856.141385,0.0,0.0,0.0009306880235671997
1785289856.142676,0.0,0.0,0.0009332799911499024
1785289856.144004,0.0,0.0,0.0009685760140419006
1785289856.145286,0.0,0.0,0.0009206719994544983
1785289856.146596,0.0,0.0,0.0009461119771003723
1785289856.147903,0.0,0.0,0.0009477120041847228
1785289856.1491978,0.0,0.0,0.0009332159757614136
1785289856.1504815,0.0,0.0,0.0009257280230522155
1785289856.151818,0.0,0.0,0.0009856640100479126
1785289856.153129,0.0,0.0,0.0009389439821243286
1785289856.154436,0.0,0.0,0.0009470400214195251
1785289856.1557467,0.0,0.0,0.0009511680006980895
1785289856.157029,0.0,0.0,0.0009310399889945984
1785289856.1583312,0.0,0.0,0.0009442239999771119
1785289856.159632,0.0,0.0,0.0009454079866409302
1785289856.16091,0.0,0.0,0.0009272000193595886
1785289856.1622097,0.0,0.0,0.000945792019367218
1785289856.1635282,0.0,0.0,0.0009556480050086975
1785289856.1648214,0.0,0.0,0.0009294080138206482
1785289856.1661086,0.0,0.0,0.0009282240271568298
1785289856.1683145,0.0,0.0,0.0018325760364532471
1785289856.169643,0.0,0.0,0.0009451839923858643
1785289856.1709292,0.0,0.0,0.0009252799749374389
1785289856.172258,0.0,0.0,0.0009497920274734497
1785289856.1735413,0.0,0.0,0.0009268479943275452
1785289856.1748168,0.0,0.0,0.0009206719994544983
1785289856.1761312,0.0,0.0,0.0009351680278778076
1785289856.177412,0.0,0.0,0.0009261119961738587
1785289856.1786914,0.0,0.0,0.0009255040287971496
1785289856.1799939,0.0,0.0,0.0009529920220375061
1785289856.1812742,0.0,0.0,0.0009240959882736206
1785289856.182556,0.0,0.0,0.0009317119717597961
1785289856.1838675,0.0,0.0,0.0009568319916725159
1785289856.1851385,0.0,0.0,0.0009164479970932007
1785289856.1864076,0.0,0.0,0.0009195520281791687
1785289856.187716,0.0,0.0,0.0009553279876708985
1785289856.1890159,0.0,0.0,0.0009423999786376953
1785289856.1902702,0.0,0.0,0.0009031680226325989
1785289856.1915689,0.0,0.0,0.000943231999874115
1785289856.1928496,0.0,0.0,0.0009240639805793762
1785289856.1941352,0.0,0.0,0.0009319679737091064
1785289856.1954064,0.0,0.0,0.0009191679954528809
1785289856.1967,0.0,0.0,0.0009219520092010498
1785289856.1979709,0.0,0.0,0.0009237440228462219
1785289856.1992557,0.0,0.0,0.0009352319836616516
1785289856.2005334,0.0,0.0,0.0009254400134086609
1785289856.2018037,0.0,0.0,0.0009151999950408935
1785289856.2030692,0.0,0.0,0.0009169279932975769
1785289856.204359,0.0,0.0,0.0009188159704208375
1785289856.2056384,0.0,0.0,0.0009292160272598266
1785289856.2069044,0.0,0.0,0.000916159987449646
1785289856.2082062,0.0,0.0,0.0009318720102310181
1785289856.2094612,0.0,0.0,0.0009053440093994141
1785289856.2107334,0.0,0.0,0.0009224960207939148
1785289856.2120128,0.0,0.0,0.0009344320297241211
1785289856.2132974,0.0,0.0,0.0009280639886856079
1785289856.214564,0.0,0.0,0.0009190400242805481
1785289856.2158597,0.0,0.0,0.0009485440254211426
1785289856.2171366,0.0,0.0,0.0009206399917602539
1785289856.2184346,0.0,0.0,0.0009190080165863037
1785289856.219741,0.0,0.0,0.0009484159946441651
1785289856.2210016,0.0,0.0,0.0009051839709281922
1785289856.2230055,0.0,0.0,0.0016423360109329224
1785289856.2243445,0.0,0.0,0.0009338880181312561
1785289856.225629,0.0,0.0,0.0009219840168952942
1785289856.2269077,0.0,0.0,0.0009212160110473633
1785289856.22823,0.0,0.0,0.0009395520091056823
1785289856.229522,0.0,0.0,0.0009349120259284973
1785289856.2308047,0.0,0.0,0.0009294080138206482
1785289856.2321136,0.0,0.0,0.0009362559914588928
1785289856.2333724,0.0,0.0,0.0009020159840583801
1785289856.234639,0.0,0.0,0.0009136319756507873
1785289856.2359395,0.0,0.0,0.0009477120041847228
1785289856.237226,0.0,0.0,0.0009177600145339966
1785289856.2384908,0.0,0.0,0.0009166399836540222
1785289856.2397845,0.0,0.0,0.0009441919922828675
1785289856.2410655,0.0,0.0,0.0009264000058174134
1785289856.242332,0.0,0.0,0.0009133120179176331
1785289856.2436032,0.0,0.0,0.0009220160245895385
1785289856.2448735,0.0,0.0,0.0009200959801673889
1785289856.2461298,0.0,0.0,0.0009066240191459656
1785289856.2474253,0.0,0.0,0.0009484159946441651
1785289856.2487059,0.0,0.0,0.0009223359823226928
1785289856.2499824,0.0,0.0,0.0009276480078697205
1785289856.2512748,0.0,0.0,0.0009371839761734009
1785289856.2525842,0.0,0.0,0.0009310719966888428
1785289856.2538624,0.0,0.0,0.0009279680252075195
1785289856.2551472,0.0,0.0,0.0009300479888916016
1785289856.2564266,0.0,0.0,0.0009190719723701477
1785289856.2577007,0.0,0.0,0.000923200011253357
1785289856.2589526,0.0,0.0,0.0008994879722595215
1785289856.2602253,0.0,0.0,0.0009012479782104493
1785289856.2614865,0.0,0.0,0.0009116479754447938
1785289856.262747,0.0,0.0,0.000915552020072937
1785289856.2640357,0.0,0.0,0.0009360960125923156
1785289856.2653074,0.0,0.0,0.0009186239838600158
1785289856.2665799,0.0,0.0,0.0009192640185356141
1785289856.2678657,0.0,0.0,0.0009383360147476196
1785289856.2691126,0.0,0.0,0.0008940160274505615
1785289856.2703903,0.0,0.0,0.0009234560132026673
1785289856.271685,0.0,0.0,0.0009404799938201905
1785289856.272971,0.0,0.0,0.0009311040043830872
1785289856.274244,0.0,0.0,0.000915615975856781
1785289856.275541,0.0,0.0,0.0009472000002861023
1785289856.2768505,0.0,0.0,0.0009341760277748108
1785289856.2787542,0.0,0.0,0.0009394879937171936
1785289856.280061,0.0,0.0,0.0009212480187416077
1785289856.2813358,0.0,0.0,0.0009183359742164611
1785289856.282614,0.0,0.0,0.0009308159947395325
1785289856.2839234,0.0,0.0,0.0009503999948501587
1785289856.285204,0.0,0.0,0.0009228479862213135
1785289856.2864811,0.0,0.0,0.0009143360257148743
1785289856.2877858,0.0,0.0,0.0009480000138282776
1785289856.2890527,0.0,0.0,0.0009131519794464111
1785289856.290331,0.0,0.0,0.0009219200015068054
1785289856.2916365,0.0,0.0,0.0009505599737167358
1785289856.2929125,0.0,0.0,0.0009222080111503601
1785289856.2941756,0.0,0.0,0.0009137600064277649
1785289856.2954705,0.0,0.0,0.0009476799964904786
1785289856.296728,0.0,0.0,0.0009076480269432068
1785289856.29802,0.0,0.0,0.0009107840061187744
1785289856.2993057,0.0,0.0,0.00093612802028656
1785289856.3005733,0.0,0.0,0.0009162240028381348
1785289856.3018217,0.0,0.0,0.0009030399918556213
1785289856.3031158,0.0,0.0,0.0009232640266418457
1785289856.3043864,0.0,0.0,0.0009112640023231506
1785289856.3056655,0.0,0.0,0.0009301440119743348
1785289856.3069434,0.0,0.0,0.0009272000193595886
1785289856.3082688,0.0,0.0,0.0009465600252151489
1785289856.3095517,0.0,0.0,0.0009304640293121338
1785289856.310825,0.0,0.0,0.0009233919978141785
1785289856.3121917,0.0,0.0,0.0009169600009918213
1785289856.3134482,0.0,0.0,0.000906495988368988
1785289856.3147342,0.0,0.0,0.0009351999759674072
1785289856.316024,0.0,0.0,0.000938431978225708
1785289856.3173003,0.0,0.0,0.0009288640022277832
1785289856.3185644,0.0,0.0,0.0009108480215072632
1785289856.3198628,0.0,0.0,0.0009487360119819641
1785289856.3211308,0.0,0.0,0.000918175995349884
1785289856.3223941,0.0,0.0,0.0009121599793434143
1785289856.32369,0.0,0.0,0.0009464319944381714
1785289856.3249598,0.0,0.0,0.000915776014328003
1785289856.3262239,0.0,0.0,0.0009123520255088807
1785289856.3275337,0.0,0.0,0.0009573119878768921
1785289856.3288238,0.0,0.0,0.0009329599738121032
1785289856.3300874,0.0,0.0,0.0009071040153503418
1785289856.331357,0.0,0.0,0.0009202560186386109
1785289856.333301,0.0,0.0,0.0015869760513305665
1785289856.3346124,0.0,0.0,0.0009313920140266419
1785289856.3359234,0.0,0.0,0.0009536960124969482
1785289856.3371966,0.0,0.0,0.0009199039936065674
1785289856.3384798,0.0,0.0,0.0009282879829406738
1785289856.3397613,0.0,0.0,0.0009335680007934571
1785289856.341035,0.0,0.0,0.0009187520146369934
1785289856.3423085,0.0,0.0,0.0009199680089950562
1785289856.343599,0.0,0.0,0.0009396479725837707
1785289856.3448706,0.0,0.0,0.0009185919761657714
1785289856.3461375,0.0,0.0,0.0009189119935035705
1785289856.347419,0.0,0.0,0.0009303680062294007
1785289856.3486917,0.0,0.0,0.0009223679900169372
1785289856.3499668,0.0,0.0,0.0009164800047874451
1785289856.3512845,0.0,0.0,0.0009478399753570557
1785289856.3525443,0.0,0.0,0.0009096639752388001
1785289856.3538127,0.0,0.0,0.0009152320027351379
1785289856.3550756,0.0,0.0,0.0009125120043754578
1785289856.3563879,0.0,0.0,0.0009313279986381531
1785289856.3576543,0.0,0.0,0.0009143999814987182
1785289856.358922,0.0,0.0,0.0009116160273551941
1785289856.36023,0.0,0.0,0.0009311360120773316
1785289856.3615086,0.0,0.0,0.0009121599793434143
1785289856.3627863,0.0,0.0,0.0009282879829406738
1785289856.3640873,0.0,0.0,0.0009265599846839905
1785289856.3653631,0.0,0.0,0.0009219200015068054
1785289856.3666298,0.0,0.0,0.0009127680063247681
1785289856.3679225,0.0,0.0,0.0009425280094146728
1785289856.369182,0.0,0.0,0.0009091519713401795
1785289856.3704498,0.0,0.0,0.0009141119718551636
1785289856.3717444,0.0,0.0,0.0009470720291137695
1785289856.37302,0.0,0.0,0.0009249600172042847
1785289856.3742704,0.0,0.0,0.0009070079922676086
1785289856.3755746,0.0,0.0,0.0009528639912605286
1785289856.376858,0.0,0.0,0.0009296000003814697
1785289856.3781285,0.0,0.0,0.0009222400188446045
1785289856.379418,0.0,0.0,0.0009416959881782532
1785289856.380678,0.0,0.0,0.000908896028995514
1785289856.3819356,0.0,0.0,0.0009084479808807373
1785289856.3832464,0.0,0.0,0.000956384003162384
1785289856.384552,0.0,0.0,0.0009248319864273071
1785289856.3858306,0.0,0.0,0.0009229440093040467
1785289856.3870893,0.0,0.0,0.0009070079922676086
1785289856.3890805,0.0,0.0,0.0009552639722824097
1785289856.390394,0.0,0.0,0.0009403839707374573
1785289856.3917148,0.0,0.0,0.0009585279822349549
1785289856.3930035,0.0,0.0,0.0009299839735031128
1785289856.3942742,0.0,0.0,0.0009173759818077087
1785289856.3955574,0.0,0.0,0.0009320319890975952
1785289856.3968332,0.0,0.0,0.0009233919978141785
1785289856.3980958,0.0,0.0,0.0009049280285835267
1785289856.399385,0.0,0.0,0.0009435200095176696
1785289856.4006467,0.0,0.0,0.0009147520065307617
1785289856.4019015,0.0,0.0,0.0009079359769821167
1785289856.4032052,0.0,0.0,0.0009397439956665039
1785289856.4044948,0.0,0.0,0.000938431978225708
1785289856.4057631,0.0,0.0,0.0009212160110473633
1785289856.4070046,0.0,0.0,0.0008985279798507691
1785289856.408286,0.0,0.0,0.0009152640104293823
1785289856.4095623,0.0,0.0,0.0009242879748344421
1785289856.4108245,0.0,0.0,0.0009124159812927246
1785289856.412103,0.0,0.0,0.0009152640104293823
1785289856.4133525,0.0,0.0,0.0008988800048828125
1785289856.4146168,0.0,0.0,0.0009119359850883484
1785289856.4159267,0.0,0.0,0.0009530240297317505
1785289856.41718,0.0,0.0,0.0009013760089874268
1785289856.4184806,0.0,0.0,0.0009384959936141968
1785289856.4197893,0.0,0.0,0.0009590719938278199
1785289856.421052,0.0,0.0,0.0009122880101203919
1785289856.4223056,0.0,0.0,0.0009088000059127808
1785289856.4236045,0.0,0.0,0.0009460480213165283
1785289856.4248765,0.0,0.0,0.0009183040261268615
1785289856.426159,0.0,0.0,0.000926912009716034
1785289856.4274504,0.0,0.0,0.0009438080191612243
1785289856.4287522,0.0,0.0,0.0009498239755630493
1785289856.4300153,0.0,0.0,0.0009082559943199157
1785289856.4313164,0.0,0.0,0.0009518719911575318
1785289856.4326057,0.0,0.0,0.0009347839951515198
1785289856.4338975,0.0,0.0,0.0009203199744224548
1785289856.4351964,0.0,0.0,0.0009379839897155762
1785289856.4364643,0.0,0.0,0.0009093760251998902
1785289856.4377549,0.0,0.0,0.0009327999949455261
1785289856.439038,0.0,0.0,0.000919871985912323
1785289856.4403353,0.0,0.0,0.0009168319702148438
1785289856.4416196,0.0,0.0,0.0009260479807853698
1785289856.4435842,0.0,0.0,0.0015893440246582031
1785289856.4449105,0.0,0.0,0.000943231999874115
1785289856.4461963,0.0,0.0,0.0009210240244865417
1785289856.4475129,0.0,0.0,0.0009576320052146911
1785289856.448806,0.0,0.0,0.0009339519739151001
1785289856.450094,0.0,0.0,0.0009312000274658203
1785289856.4513958,0.0,0.0,0.0009493439793586731
1785289856.452665,0.0,0.0,0.0009130880236625672
1785289856.453924,0.0,0.0,0.000908128023147583
1785289856.4552135,0.0,0.0,0.0009391360282897949
1785289856.4564867,0.0,0.0,0.0009161279797554016
1785289856.4577448,0.0,0.0,0.000907039999961853
1785289856.4590023,0.0,0.0,0.0009133120179176331
1785289856.4603088,0.0,0.0,0.0009274240136146546
1785289856.4615626,0.0,0.0,0.0009017279744148255
1785289856.462841,0.0,0.0,0.0009277120232582092
1785289856.4643621,0.0,0.0,0.0009151679873466491
1785289856.4656131,0.0,0.0,0.0008993279933929443
1785289856.4668882,0.0,0.0,0.0009232320189476014
1785289856.468179,0.0,0.0,0.0009170560240745545
1785289856.4694462,0.0,0.0,0.000917631983757019
1785289856.4707177,0.0,0.0,0.0009143360257148743
1785289856.4720051,0.0,0.0,0.0009400320053100586
1785289856.473279,0.0,0.0,0.000920799970626831
1785289856.4745584,0.0,0.0,0.0009257599711418151
1785289856.475865,0.0,0.0,0.0009526399970054627
1785289856.477142,0.0,0.0,0.0009217280149459839
1785289856.4784007,0.0,0.0,0.000904703974723816
1785289856.4796855,0.0,0.0,0.0009371839761734009
1785289856.4809666,0.0,0.0,0.0009220479726791381
1785289856.4822476,0.0,0.0,0.0009225599765777588
1785289856.483535,0.0,0.0,0.0009375360012054444
1785289856.4848228,0.0,0.0,0.0009121919870376587
1785289856.486096,0.0,0.0,0.0009208639860153198
1785289856.487408,0.0,0.0,0.0009567679762840271
1785289856.4886835,0.0,0.0,0.000925055980682373
1785289856.489982,0.0,0.0,0.0009329280257225036
1785289856.4912753,0.0,0.0,0.0009432640075683593
1785289856.4925528,0.0,0.0,0.0009227200150489808
1785289856.4938257,0.0,0.0,0.0009216960072517395
1785289856.4951353,0.0,0.0,0.0009455680251121521
1785289856.4964213,0.0,0.0,0.0009223679900169372
1785289856.497718,0.0,0.0,0.0009386240243911743
1785289856.499723,0.0,0.0,0.0009972159862518312
1785289856.5010152,0.0,0.0,0.0009329280257225036
1785289856.502299,0.0,0.0,0.000923520028591156
1785289856.5036058,0.0,0.0,0.0009544960260391235
1785289856.5048892,0.0,0.0,0.0009296320080757141
1785289856.506143,0.0,0.0,0.0009042239785194397
1785289856.5074365,0.0,0.0,0.0009417279958724976
1785289856.508707,0.0,0.0,0.0009231680035591126
1785289856.5099773,0.0,0.0,0.000920415997505188
1785289856.5112686,0.0,0.0,0.0009434559941291809
1785289856.5125573,0.0,0.0,0.0009328960180282592
1785289856.5138168,0.0,0.0,0.000909824013710022
1785289856.5150862,0.0,0.0,0.0009167680144309998
1785289856.5163953,0.0,0.0,0.0009322879910469055
1785289856.5176795,0.0,0.0,0.0009165440201759339
1785289856.518942,0.0,0.0,0.000910207986831665
1785289856.520252,0.0,0.0,0.0009302719831466675
1785289856.521527,0.0,0.0,0.0009196479916572571
1785289856.5228007,0.0,0.0,0.0009305279850959778
1785289856.5240982,0.0,0.0,0.0009279680252075195
1785289856.5253708,0.0,0.0,0.0009204480051994324
1785289856.5266294,0.0,0.0,0.0009065279960632324
1785289856.527921,0.0,0.0,0.0009393600225448608
1785289856.529197,0.0,0.0,0.0009110400080680847
1785289856.5304515,0.0,0.0,0.0009016640186309815
1785289856.5317585,0.0,0.0,0.0009572160243988037
1785289856.533034,0.0,0.0,0.0009179520010948181
1785289856.534305,0.0,0.0,0.0009180799722671508
1785289856.5355926,0.0,0.0,0.0009392960071563721
1785289856.5368752,0.0,0.0,0.0009230080246925354
1785289856.538156,0.0,0.0,0.0009276160001754761
1785289856.5394478,0.0,0.0,0.0009398080110549926
1785289856.5407162,0.0,0.0,0.0009150720238685608
1785289856.5419981,0.0,0.0,0.000929311990737915
1785289856.543298,0.0,0.0,0.0009466239809989929
1785289856.5445669,0.0,0.0,0.0009144319891929626
1785289856.5458407,0.0,0.0,0.0009223359823226928
1785289856.547106,0.0,0.0,0.0009054399728775025
1785289856.5483818,0.0,0.0,0.000916159987449646
1785289856.5496676,0.0,0.0,0.0009296960234642028
1785289856.5509522,0.0,0.0,0.0009143679738044739
1785289856.5522585,0.0,0.0,0.0009309759736061096
1785289856.5542493,0.0,0.0,0.001637887954711914
1785289856.5556161,0.0,0.0,0.0009804800152778625
1785289856.5569115,0.0,0.0,0.0009304959774017334
1785289856.5581868,0.0,0.0,0.000918720006942749
1785289856.5595176,0.0,0.0,0.000974016010761261
1785289856.560805,0.0,0.0,0.0009270079731941223
1785289856.5620813,0.0,0.0,0.0009282879829406738
1785289856.5633605,0.0,0.0,0.000934336006641388
1785289856.5646439,0.0,0.0,0.0009282240271568298
1785289856.5659137,0.0,0.0,0.0009187520146369934
1785289856.567199,0.0,0.0,0.0009374399781227112
1785289856.5684755,0.0,0.0,0.0009235519766807556
1785289856.5697424,0.0,0.0,0.000915615975856781
1785289856.571017,0.0,0.0,0.0009120960235595704
1785289856.5723023,0.0,0.0,0.0009162240028381348
1785289856.573555,0.0,0.0,0.0009047359824180602
1785289856.5748155,0.0,0.0,0.0009138240218162537
1785289856.5761092,0.0,0.0,0.0009200320243835449
1785289856.577372,0.0,0.0,0.0009153280258178711
1785289856.5786319,0.0,0.0,0.0009083200097084045
1785289856.5799315,0.0,0.0,0.0009474560022354127
1785289856.581204,0.0,0.0,0.0009203519821166992
1785289856.5824506,0.0,0.0,0.000902463972568512
1785289856.5837386,0.0,0.0,0.0009431999921798706
1785289856.5850053,0.0,0.0,0.0009144960045814514
1785289856.5862718,0.0,0.0,0.0009146879911422729
1785289856.5875707,0.0,0.0,0.00094896000623703
1785289856.5888314,0.0,0.0,0.0009116160273551941
1785289856.5900898,0.0,0.0,0.0009095680117607117
1785289856.5913832,0.0,0.0,0.0009423679709434509
1785289856.5926628,0.0,0.0,0.0009245439767837524
1785289856.593936,0.0,0.0,0.0009214400053024292
1785289856.5952194,0.0,0.0,0.000935263991355896
1785289856.5964677,0.0,0.0,0.0008961920142173767
1785289856.5977247,0.0,0.0,0.000911903977394104
1785289856.5990036,0.0,0.0,0.000925055980682373
1785289856.600287,0.0,0.0,0.0009120320081710816
1785289856.6015563,0.0,0.0,0.0009195200204849244
1785289856.6028233,0.0,0.0,0.0009154880046844483
1785289856.604129,0.0,0.0,0.0009300479888916016
1785289856.6054206,0.0,0.0,0.0009311040043830872
1785289856.6066914,0.0,0.0,0.0009184640049934387
1785289856.6079905,0.0,0.0,0.0009461439847946167
1785289856.6099753,0.0,0.0,0.0016220799684524537
1785289856.6113222,0.0,0.0,0.0009703999757766724
1785289856.6126225,0.0,0.0,0.0009370239973068238
1785289856.6138883,0.0,0.0,0.0009101120233535767
1785289856.6151636,0.0,0.0,0.000918944001197815
1785289856.6164415,0.0,0.0,0.0009265279769897461
1785289856.6177456,0.0,0.0,0.0009391679763793945
1785289856.6190324,0.0,0.0,0.0009306560158729553
1785289856.62033,0.0,0.0,0.000922752022743225
1785289856.6216033,0.0,0.0,0.0009215360283851623
1785289856.6228552,0.0,0.0,0.0009005119800567627
1785289856.6241434,0.0,0.0,0.000919327974319458
1785289856.6254115,0.0,0.0,0.0009137600064277649
1785289856.626688,0.0,0.0,0.0009247040152549744
1785289856.6279726,0.0,0.0,0.000934719979763031
1785289856.6292338,0.0,0.0,0.0009091519713401795
1785289856.630492,0.0,0.0,0.0009074559807777404
1785289856.6317942,0.0,0.0,0.0009518399834632874
1785289856.6330755,0.0,0.0,0.0009247040152549744
1785289856.6343474,0.0,0.0,0.000917631983757019
1785289856.6356504,0.0,0.0,0.0009516479969024659
1785289856.6369221,0.0,0.0,0.0009208639860153198
1785289856.638197,0.0,0.0,0.0009201599955558777
1785289856.6395183,0.0,0.0,0.0009628159999847412
1785289856.6408,0.0,0.0,0.0009270719885826111
1785289856.64208,0.0,0.0,0.0009262400269508361
1785289856.6433628,0.0,0.0,0.0009322879910469055
1785289856.6446126,0.0,0.0,0.0009003199934959411
1785289856.6458929,0.0,0.0,0.0009255679845809936
1785289856.6471832,0.0,0.0,0.000941536009311676
1785289856.6484778,0.0,0.0,0.0009366400241851806
1785289856.6497548,0.0,0.0,0.0009077759981155395
1785289856.6510262,0.0,0.0,0.000921504020690918
1785289856.6523187,0.0,0.0,0.0009160640239715577
1785289856.6535943,0.0,0.0,0.0009261119961738587
1785289856.6548417,0.0,0.0,0.0009012479782104493
1785289856.6561444,0.0,0.0,0.0009287359714508056
1785289856.6574156,0.0,0.0,0.0009197120070457459
1785289856.658707,0.0,0.0,0.0009326400160789489
1785289856.6600032,0.0,0.0,0.0009436479806900024
1785289856.661292,0.0,0.0,0.0009307839870452881
1785289856.6625617,0.0,0.0,0.0009094719886779785
1785289856.664504,0.0,0.0,0.0015812480449676513
1785289856.6658218,0.0,0.0,0.0009340159893035889
1785289856.667127,0.0,0.0,0.0009207040071487427
1785289856.6684206,0.0,0.0,0.0009228159785270691
1785289856.669714,0.0,0.0,0.0009339839816093445
1785289856.6709833,0.0,0.0,0.0009221439957618713
1785289856.6723185,0.0,0.0,0.0009268800020217896
1785289856.6736042,0.0,0.0,0.0009262400269508361
1785289856.6748588,0.0,0.0,0.0009030719995498657
1785289856.6761496,0.0,0.0,0.0009212480187416077
1785289856.6774344,0.0,0.0,0.0009323199987411499
1785289856.6786988,0.0,0.0,0.0009127039909362793
1785289856.6800072,0.0,0.0,0.000958079993724823
1785289856.6813,0.0,0.0,0.0009384959936141968
1785289856.6825707,0.0,0.0,0.0009206719994544983
1785289856.6838741,0.0,0.0,0.0009390720129013061
1785289856.6851444,0.0,0.0,0.0009171839952468872
1785289856.6864376,0.0,0.0,0.0009308159947395325
1785289856.6877527,0.0,0.0,0.0009645119905471801
1785289856.6890247,0.0,0.0,0.0009186879992485046
1785289856.6902907,0.0,0.0,0.0009160320162773133
1785289856.6915896,0.0,0.0,0.0009485120177268982
1785289856.6928542,0.0,0.0,0.0009087679982185364
1785289856.6941178,0.0,0.0,0.0009186559915542602
1785289856.6954432,0.0,0.0,0.000956063985824585
1785289856.6967115,0.0,0.0,0.000916320025920868
1785289856.6979659,0.0,0.0,0.0009085760116577149
1785289856.699255,0.0,0.0,0.000941536009311676
1785289856.7005265,0.0,0.0,0.0009181119799613952
1785289856.7017877,0.0,0.0,0.000914463996887207
1785289856.7030745,0.0,0.0,0.0009335359930992127
1785289856.7043817,0.0,0.0,0.0009323840141296387
1785289856.7056465,0.0,0.0,0.00091184002161026
1785289856.7069201,0.0,0.0,0.0009167360067367554
1785289856.708213,0.0,0.0,0.0009223039746284484
1785289856.7094707,0.0,0.0,0.0009082880020141601
1785289856.710746,0.0,0.0,0.0009228799939155579
1785289856.712041,0.0,0.0,0.0009480640292167664
1785289856.7132852,0.0,0.0,0.0008940160274505615
1785289856.7145584,0.0,0.0,0.0009245439767837524
1785289856.7158685,0.0,0.0,0.0009489279985427857
1785289856.7171524,0.0,0.0,0.0009238079786300659
1785289856.7184322,0.0,0.0,0.0009217280149459839
1785289856.7204413,0.0,0.0,0.001654271960258484
1785289856.7217464,0.0,0.0,0.0009319999814033508
1785289856.7230234,0.0,0.0,0.0009231359958648682
1785289856.7243178,0.0,0.0,0.000920799970626831
1785289856.7255907,0.0,0.0,0.0009201599955558777
1785289856.726859,0.0,0.0,0.0009149760007858276
1785289856.728165,0.0,0.0,0.0009277120232582092
1785289856.7294297,0.0,0.0,0.0009093440175056458
1785289856.7306821,0.0,0.0,0.0009058560132980347
1785289856.7319837,0.0,0.0,0.0009549440145492554
1785289856.7332633,0.0,0.0,0.0009273920059204102
1785289856.734522,0.0,0.0,0.0009073600172996521
1785289856.735838,0.0,0.0,0.0009494079947471619
1785289856.7370832,0.0,0.0,0.0008943359851837159
1785289856.7383451,0.0,0.0,0.0009176639914512634
1785289856.73965,0.0,0.0,0.0009563199877738953
1785289856.7409246,0.0,0.0,0.000918944001197815
1785289856.742214,0.0,0.0,0.0009381440281867981
1785289856.7435,0.0,0.0,0.0009383040070533753
1785289856.744769,0.0,0.0,0.0009184640049934387
1785289856.7460341,0.0,0.0,0.000921887993812561
1785289856.7473285,0.0,0.0,0.0009481279850006104
1785289856.74859,0.0,0.0,0.0009127359986305237
1785289856.74989,0.0,0.0,0.000924992024898529
1785289856.7511652,0.0,0.0,0.0009243199825286865
1785289856.752443,0.0,0.0,0.0009229120016098023
1785289856.7537243,0.0,0.0,0.0009298560023307801
1785289856.754999,0.0,0.0,0.0009255359768867492
1785289856.756303,0.0,0.0,0.0009275519847869873
1785289856.7575722,0.0,0.0,0.0009145280122756958
1785289856.7588575,0.0,0.0,0.0009307839870452881
1785289856.7601528,0.0,0.0,0.0009269760251045227
1785289856.7614224,0.0,0.0,0.0009201599955558777
1785289856.7626863,0.0,0.0,0.0009193599820137024
1785289856.7639701,0.0,0.0,0.0009331840276718139
1785289856.7652376,0.0,0.0,0.0009148799777030944
1785289856.7665026,0.0,0.0,0.0009124159812927246
1785289856.7678075,0.0,0.0,0.0009537919759750366
1785289856.7690775,0.0,0.0,0.0009190080165863037
1785289856.7703593,0.0,0.0,0.000926912009716034
1785289856.7716768,0.0,0.0,0.0009601600170135498
1785289856.7729547,0.0,0.0,0.0009205120205879212
1785289856.7748647,0.0,0.0,0.0015510720014572143
1785289856.776217,0.0,0.0,0.0009489920139312744
1785289856.7775023,0.0,0.0,0.0009277439713478088
1785289856.7787778,0.0,0.0,0.0009197120070457459
1785289856.780075,0.0,0.0,0.0009293439984321594
1785289856.7813442,0.0,0.0,0.000917792022228241
1785289856.7826452,0.0,0.0,0.0009337599873542786
1785289856.783944,0.0,0.0,0.0009484159946441651
1785289856.7852213,0.0,0.0,0.0009205440282821655
1785289856.7864912,0.0,0.0,0.0009188159704208375
1785289856.7877817,0.0,0.0,0.0009383040070533753
1785289856.7890444,0.0,0.0,0.0009141119718551636
1785289856.7903047,0.0,0.0,0.000915552020072937
1785289856.7916052,0.0,0.0,0.0009585919976234436
1785289856.7928858,0.0,0.0,0.000930624008178711
1785289856.7941482,0.0,0.0,0.0009112319946289062
1785289856.7954302,0.0,0.0,0.0009334080219268798
1785289856.7966979,0.0,0.0,0.0009149439930915832
1785289856.7979767,0.0,0.0,0.0009248960018157959
1785289856.799263,0.0,0.0,0.0009409599900245667
1785289856.8005083,0.0,0.0,0.0008983680009841919
1785289856.8017719,0.0,0.0,0.0009169600009918213
1785289856.8030326,0.0,0.0,0.0009152320027351379
1785289856.8043096,0.0,0.0,0.0009044479727745057
1785289856.8055947,0.0,0.0,0.0009251520037651062
1785289856.8068545,0.0,0.0,0.0009118720293045044
1785289856.8081563,0.0,0.0,0.0009310719966888428
1785289856.8094294,0.0,0.0,0.0009216319918632507
1785289856.8107083,0.0,0.0,0.0009241600036621094
1785289856.8119996,0.0,0.0,0.0009423679709434509
1785289856.8132722,0.0,0.0,0.000913856029510498
1785289856.814527,0.0,0.0,0.000908352017402649
1785289856.8158247,0.0,0.0,0.0009304000139236451
1785289856.8171005,0.0,0.0,0.0009208319783210754
1785289856.8183563,0.0,0.0,0.0009045760035514831
1785289856.8196561,0.0,0.0,0.0009520639777183533
1785289856.8209164,0.0,0.0,0.0009067519903182983
1785289856.8221931,0.0,0.0,0.0009299839735031128
1785289856.8234842,0.0,0.0,0.0009404799938201905
1785289856.8247576,0.0,0.0,0.000923520028591156
1785289856.8260465,0.0,0.0,0.0009286400079727173
1785289856.8273573,0.0,0.0,0.000956928014755249
1785289856.828653,0.0,0.0,0.0009293760061264038
1785289856.8307042,0.0,0.0,0.0016939519643783569
1785289856.832039,0.0,0.0,0.0009584320187568664
1785289856.8333092,0.0,0.0,0.00091184002161026
1785289856.834593,0.0,0.0,0.0009294720292091369
1785289856.8358812,0.0,0.0,0.0009345920085906983
1785289856.8371515,0.0,0.0,0.0009173439741134643
1785289856.8384216,0.0,0.0,0.0009181439876556396
1785289856.8397026,0.0,0.0,0.0009302080273628235
1785289856.840957,0.0,0.0,0.0009052479863166809
1785289856.842221,0.0,0.0,0.0009168639779090881
1785289856.843518,0.0,0.0,0.000945855975151062
1785289856.8447807,0.0,0.0,0.0009099519848823547
1785289856.8460283,0.0,0.0,0.000897376000881195
1785289856.847317,0.0,0.0,0.0009438080191612243
1785289856.8485825,0.0,0.0,0.0009096320271492005
1785289856.84984,0.0,0.0,0.0009096320271492005
1785289856.8511271,0.0,0.0,0.0009176639914512634
1785289856.8523927,0.0,0.0,0.0009086400270462037
1785289856.85367,0.0,0.0,0.000926144003868103
1785289856.8549292,0.0,0.0,0.0009103360176086426
1785289856.8562145,0.0,0.0,0.0009151679873466491
1785289856.857519,0.0,0.0,0.0009342719912528992
1785289856.8587856,0.0,0.0,0.0009186239838600158
1785289856.8601177,0.0,0.0,0.0009513279795646668
1785289856.8614068,0.0,0.0,0.0009335680007934571
1785289856.8626888,0.0,0.0,0.0009251520037651062
1785289856.8639894,0.0,0.0,0.0009469119906425476
1785289856.8652582,0.0,0.0,0.0009140160083770752
1785289856.8665278,0.0,0.0,0.0009134719967842102
1785289856.8678186,0.0,0.0,0.0009429119825363159
1785289856.869093,0.0,0.0,0.0009280319809913635
1785289856.8703673,0.0,0.0,0.0009192640185356141
1785289856.8716455,0.0,0.0,0.0009292160272598266
1785289856.8729029,0.0,0.0,0.0009043200016021728
1785289856.8741488,0.0,0.0,0.0009009280204772949
1785289856.875422,0.0,0.0,0.0009285119771957397
1785289856.876692,0.0,0.0,0.0009189119935035705
1785289856.8779798,0.0,0.0,0.0009345920085906983
1785289856.8792858,0.0,0.0,0.000954912006855011
1785289856.8805876,0.0,0.0,0.000935263991355896
1785289856.8818681,0.0,0.0,0.0009211519956588745
1785289856.8831656,0.0,0.0,0.000942143976688385
1785289856.8844566,0.0,0.0,0.0009363520145416259
1785289856.8864167,0.0,0.0,0.0009585279822349549
1785289856.8877254,0.0,0.0,0.0009442239999771119
1785289856.8890061,0.0,0.0,0.0009234240055084229
1785289856.8902743,0.0,0.0,0.0009137279987335205
1785289856.8915756,0.0,0.0,0.0009481599926948548
1785289856.892849,0.0,0.0,0.0009205120205879212
1785289856.8941238,0.0,0.0,0.0009225280284881591
1785289856.8954146,0.0,0.0,0.000937824010848999
1785289856.8966997,0.0,0.0,0.0009290559887886047
1785289856.8979576,0.0,0.0,0.0009058560132980347
1785289856.8992333,0.0,0.0,0.0009287999868392944
1785289856.9005227,0.0,0.0,0.0009170240163803101
1785289856.9018009,0.0,0.0,0.0009208639860153198
1785289856.9030604,0.0,0.0,0.0009105600118637085
1785289856.904366,0.0,0.0,0.0009294080138206482
1785289856.9056344,0.0,0.0,0.0009147520065307617
1785289856.906906,0.0,0.0,0.0009207040071487427
1785289856.9082034,0.0,0.0,0.0009221760034561157
1785289856.909472,0.0,0.0,0.0009178559780120849
1785289856.910729,0.0,0.0,0.0009100800156593323
1785289856.9120219,0.0,0.0,0.0009393280148506164
1785289856.9132915,0.0,0.0,0.0009184960126876831
1785289856.9145777,0.0,0.0,0.0009205120205879212
1785289856.9158914,0.0,0.0,0.0009603199958801269
1785289856.9171731,0.0,0.0,0.0009275199770927429
1785289856.9184625,0.0,0.0,0.0009294080138206482
1785289856.9197562,0.0,0.0,0.000946720004081726
1785289856.921033,0.0,0.0,0.0009237759709358215
1785289856.9223056,0.0,0.0,0.0009285119771957397
1785289856.9236014,0.0,0.0,0.0009449920058250427
1785289856.9248471,0.0,0.0,0.0008992000222206116
1785289856.9261107,0.0,0.0,0.0009169279932975769
1785289856.9273908,0.0,0.0,0.0009340800046920777
1785289856.9286585,0.0,0.0,0.0009181439876556396
1785289856.929924,0.0,0.0,0.0009174079895019531
1785289856.9312243,0.0,0.0,0.00094896000623703
1785289856.9324937,0.0,0.0,0.0009162880182266236
1785289856.9337637,0.0,0.0,0.0009251199960708618
1785289856.9350305,0.0,0.0,0.0009199039936065674
1785289856.936332,0.0,0.0,0.0009257599711418151
1785289856.937618,0.0,0.0,0.0009148160219192505
1785289856.9389,0.0,0.0,0.0009256319999694824
1785289856.940891,0.0,0.0,0.0016115200519561767
1785289856.9421813,0.0,0.0,0.0009171839952468872
1785289856.9434903,0.0,0.0,0.0009455999732017517
1785289856.9447784,0.0,0.0,0.0009280639886856079
1785289856.946048,0.0,0.0,0.0009158080220222474
1785289856.9473228,0.0,0.0,0.0009251840114593506
1785289856.948606,0.0,0.0,0.0009130240082740784
1785289856.9498756,0.0,0.0,0.0009178559780120849
1785289856.9511716,0.0,0.0,0.0009414719939231873
1785289856.9524415,0.0,0.0,0.0009137279987335205
1785289856.953706,0.0,0.0,0.000911903977394104
1785289856.954961,0.0,0.0,0.0009054399728775025
1785289856.956269,0.0,0.0,0.0009309120178222656
1785289856.9575295,0.0,0.0,0.0009111040234565735
1785289856.95879,0.0,0.0,0.0009081919789314271
1785289856.960081,0.0,0.0,0.0009258559942245483
1785289856.9613526,0.0,0.0,0.0009214079976081848
1785289856.9626193,0.0,0.0,0.0009149439930915832
1785289856.9639263,0.0,0.0,0.0009578239917755127
1785289856.9651833,0.0,0.0,0.0009051839709281922
1785289856.9664514,0.0,0.0,0.0009172800183296204
1785289856.9677348,0.0,0.0,0.0009345279932022095
1785289856.9689913,0.0,0.0,0.00090447998046875
1785289856.9702473,0.0,0.0,0.0009038400053977966
1785289856.971543,0.0,0.0,0.0009459519982337952
1785289856.972824,0.0,0.0,0.0009329599738121032
1785289856.9740922,0.0,0.0,0.000916320025920868
1785289856.9753933,0.0,0.0,0.0009476799964904786
1785289856.9766536,0.0,0.0,0.0009057599902153015
1785289856.9779139,0.0,0.0,0.0009108160138130188
1785289856.9792068,0.0,0.0,0.0009438080191612243
1785289856.9804883,0.0,0.0,0.0009248639941215515
1785289856.9817789,0.0,0.0,0.0009187840223312378
1785289856.983023,0.0,0.0,0.00089683198928833
1785289856.9843118,0.0,0.0,0.0009174079895019531
1785289856.9855757,0.0,0.0,0.0009137920141220093
1785289856.9868395,0.0,0.0,0.000919327974319458
1785289856.9881492,0.0,0.0,0.0009364479780197143
1785289856.9894788,0.0,0.0,0.0009133759737014771
1785289856.9907477,0.0,0.0,0.0009153280258178711
1785289856.9920585,0.0,0.0,0.0009562559723854065
1785289856.9933412,0.0,0.0,0.0009241600036621094
1785289856.9946191,0.0,0.0,0.0009244480133056641
1785289856.9966166,0.0,0.0,0.0016418240070343018
1785289856.9979203,0.0,0.0,0.0009277759790420532
1785289856.9992151,0.0,0.0,0.000936191976070404
1785289857.000497,0.0,0.0,0.0009240319728851318
1785289857.001767,0.0,0.0,0.000921887993812561
1785289857.0030591,0.0,0.0,0.0009417279958724976
1785289857.0043638,0.0,0.0,0.0009214400053024292
1785289857.005633,0.0,0.0,0.0009186559915542602
1785289857.0069053,0.0,0.0,0.0009204480051994324
1785289857.0082166,0.0,0.0,0.0009376000165939331
1785289857.0094948,0.0,0.0,0.000925055980682373
1785289857.0107715,0.0,0.0,0.0009258559942245483
1785289857.0120556,0.0,0.0,0.0009152640104293823
1785289857.0133317,0.0,0.0,0.0009093760251998902
1785289857.0145867,0.0,0.0,0.0009054719805717469
1785289857.0158854,0.0,0.0,0.0009455680251121521
1785289857.0171769,0.0,0.0,0.0009372799992561341
1785289857.0184395,0.0,0.0,0.0009153280258178711
1785289857.0197365,0.0,0.0,0.0009452800154685974
1785289857.020999,0.0,0.0,0.0009130880236625672
1785289857.0222638,0.0,0.0,0.0009104959964752197
1785289857.0235872,0.0,0.0,0.0009492800235748291
1785289857.0248623,0.0,0.0,0.0009253439903259277
1785289857.026126,0.0,0.0,0.0009095039963722229
1785289857.0274115,0.0,0.0,0.0009349439740180969
1785289857.028704,0.0,0.0,0.0009337599873542786
1785289857.0299597,0.0,0.0,0.000906175971031189
1785289857.0312443,0.0,0.0,0.0009334080219268798
1785289857.0325181,0.0,0.0,0.0009196799993515015
1785289857.0337772,0.0,0.0,0.0009097599983215332
1785289857.0350382,0.0,0.0,0.0009075199961662292
1785289857.0363226,0.0,0.0,0.0009092479944229126
1785289857.037586,0.0,0.0,0.0009111999869346618
1785289857.0388439,0.0,0.0,0.0009096959829330444
1785289857.040144,0.0,0.0,0.0009279999732971191
1785289857.0414422,0.0,0.0,0.0009385280013084412
1785289857.0426977,0.0,0.0,0.0009020799994468689
1785289857.0439868,0.0,0.0,0.0009398720264434814
1785289857.0452535,0.0,0.0,0.000915615975856781
1785289857.0465705,0.0,0.0,0.0009402239918708801
1785289857.0478766,0.0,0.0,0.0009485759735107422
1785289857.0491426,0.0,0.0,0.0009143360257148743
1785289857.051077,0.0,0.0,0.0015768959522247314
1785289857.0524309,0.0,0.0,0.0009515519738197327
1785289857.053717,0.0,0.0,0.0009202240109443665
1785289857.055013,0.0,0.0,0.0009361600279808044
1785289857.0563393,0.0,0.0,0.0009403839707374573
1785289857.0576196,0.0,0.0,0.0009223999977111816
1785289857.05888,0.0,0.0,0.0009075199961662292
1785289857.0601685,0.0,0.0,0.0009173759818077087
1785289857.0614398,0.0,0.0,0.0009209920167922974
1785289857.0627234,0.0,0.0,0.0009322559833526611
1785289857.064003,0.0,0.0,0.0009304959774017334
1785289857.0652997,0.0,0.0,0.0009217919707298278
1785289857.066566,0.0,0.0,0.0009117439985275268
1785289857.0678544,0.0,0.0,0.0009388800263404846
1785289857.0691113,0.0,0.0,0.0009085440039634705
1785289857.0703926,0.0,0.0,0.0009334080219268798
1785289857.0716891,0.0,0.0,0.0009503359794616699
1785289857.0729783,0.0,0.0,0.0009353600144386291
1785289857.0742497,0.0,0.0,0.0009192000031471253
1785289857.0755515,0.0,0.0,0.000953216016292572
1785289857.0768387,0.0,0.0,0.0009307519793510437
1785289857.0781171,0.0,0.0,0.0009253759980201721
1785289857.0794182,0.0,0.0,0.000943231999874115
1785289857.0807078,0.0,0.0,0.0009210559725761413
1785289857.0819852,0.0,0.0,0.000921887993812561
1785289857.0832582,0.0,0.0,0.0009209280014038086
1785289857.0845065,0.0,0.0,0.0009016000032424927
1785289857.0857482,0.0,0.0,0.0008971199989318847
1785289857.0870159,0.0,0.0,0.0009168319702148438
1785289857.0882988,0.0,0.0,0.0009110720157623291
1785289857.0895784,0.0,0.0,0.0009252480268478393
1785289857.0908434,0.0,0.0,0.0009174720048904419
1785289857.092211,0.0,0.0,0.0009298880100250245
1785289857.0934913,0.0,0.0,0.0009196159839630127
1785289857.0947535,0.0,0.0,0.0009123839735984803
1785289857.0960739,0.0,0.0,0.000946399986743927
1785289857.0973396,0.0,0.0,0.000918720006942749
1785289857.0985982,0.0,0.0,0.0009154559969902039
1785289857.099883,0.0,0.0,0.0009333440065383912
1785289857.1011672,0.0,0.0,0.0009339519739151001
1785289857.102475,0.0,0.0,0.00092467200756073
1785289857.1037974,0.0,0.0,0.0009641919732093811
1785289857.1050763,0.0,0.0,0.0009166079759597778
1785289857.1070309,0.0,0.0,0.0015869120359420777
1785289857.1083755,0.0,0.0,0.000939840018749237
1785289857.1096332,0.0,0.0,0.0009008960127830505
1785289857.110907,0.0,0.0,0.0009200000166893006
1785289857.112195,0.0,0.0,0.0009180160164833069
1785289857.1134758,0.0,0.0,0.0009305599927902222
1785289857.114754,0.0,0.0,0.0009299200177192687
1785289857.1160457,0.0,0.0,0.0009412800073623658
1785289857.117338,0.0,0.0,0.0009350079894065857
1785289857.1186037,0.0,0.0,0.0009111679792404174
1785289857.119907,0.0,0.0,0.0009542400240898132
1785289857.1211762,0.0,0.0,0.0009164159893989563
1785289857.1224236,0.0,0.0,0.0008966079950332641
1785289857.123698,0.0,0.0,0.0009273920059204102
1785289857.1249812,0.0,0.0,0.0009317119717597961
1785289857.1262562,0.0,0.0,0.0009253119826316833
1785289857.1275485,0.0,0.0,0.0009465600252151489
1785289857.1288226,0.0,0.0,0.0009221439957618713
1785289857.130076,0.0,0.0,0.000906175971031189
1785289857.131371,0.0,0.0,0.0009408640265464783
1785289857.1326427,0.0,0.0,0.0009201920032501221
1785289857.1338892,0.0,0.0,0.0008955199718475342
1785289857.1351788,0.0,0.0,0.0009382079839706421
1785289857.1365092,0.0,0.0,0.0009631360173225403
1785289857.137856,0.0,0.0,0.000959231972694397
1785289857.1391773,0.0,0.0,0.0009391360282897949
1785289857.1404688,0.0,0.0,0.0009298880100250245
1785289857.1417427,0.0,0.0,0.0009188159704208375
1785289857.143005,0.0,0.0,0.0009101120233535767
1785289857.144302,0.0,0.0,0.0009223679900169372
1785289857.1455853,0.0,0.0,0.0009183359742164611
1785289857.1468575,0.0,0.0,0.0009085119962692261
1785289857.1481671,0.0,0.0,0.0009375680088996888
1785289857.1494293,0.0,0.0,0.0009110720157623291
1785289857.1506982,0.0,0.0,0.0009183040261268615
1785289857.152013,0.0,0.0,0.0009616640210151672
1785289857.1532707,0.0,0.0,0.0009082239866256713
1785289857.1545238,0.0,0.0,0.0009011520147323608
1785289857.1558075,0.0,0.0,0.0009348480105400086
1785289857.1570992,0.0,0.0,0.0009270719885826111
1785289857.158377,0.0,0.0,0.0009144319891929626
1785289857.1596842,0.0,0.0,0.0009534400105476379
1785289857.1617432,0.0,0.0,0.0017032959461212157
1785289857.1630533,0.0,0.0,0.0009308800101280213
1785289857.1643739,0.0,0.0,0.0009322239756584167
1785289857.1656468,0.0,0.0,0.0009146239757537841
1785289857.1669202,0.0,0.0,0.0009214720129966736
1785289857.168212,0.0,0.0,0.0009194239974021912
1785289857.1695054,0.0,0.0,0.0009407359957695008
1785289857.1707737,0.0,0.0,0.0009168639779090881
1785289857.1720643,0.0,0.0,0.0009245120286941528
1785289857.1733346,0.0,0.0,0.0009204480051994324
1785289857.1745892,0.0,0.0,0.0009092479944229126
1785289857.1758804,0.0,0.0,0.0009468479752540588
1785289857.1771567,0.0,0.0,0.0009231039881706238
1785289857.178424,0.0,0.0,0.0009202240109443665
1785289857.1797535,0.0,0.0,0.000956928014755249
1785289857.181014,0.0,0.0,0.0009072639942169189
1785289857.1822796,0.0,0.0,0.0009179840087890625
1785289857.1835532,0.0,0.0,0.0009245120286941528
1785289857.1848176,0.0,0.0,0.0009122880101203919
1785289857.1861103,0.0,0.0,0.0009240639805793762
1785289857.1874125,0.0,0.0,0.0009524480104446411
1785289857.1886988,0.0,0.0,0.0009366080164909362
1785289857.1899805,0.0,0.0,0.0009320639967918396
1785289857.1912687,0.0,0.0,0.0009405760169029235
1785289857.1925426,0.0,0.0,0.000922655999660492
1785289857.1938298,0.0,0.0,0.0009382079839706421
1785289857.1951296,0.0,0.0,0.0009461439847946167
1785289857.1964118,0.0,0.0,0.0009217600226402282
1785289857.197675,0.0,0.0,0.0009166719913482666
1785289857.1989307,0.0,0.0,0.0009061440229415894
1785289857.2002242,0.0,0.0,0.000917568027973175
1785289857.201499,0.0,0.0,0.0009212160110473633
1785289857.2027607,0.0,0.0,0.0009135040044784546
1785289857.20406,0.0,0.0,0.0009316480159759521
1785289857.2053306,0.0,0.0,0.0009175360202789307
1785289857.2065961,0.0,0.0,0.0009155840277671813
1785289857.2079012,0.0,0.0,0.0009555519819259644
1785289857.209181,0.0,0.0,0.0009274240136146546
1785289857.2104466,0.0,0.0,0.0009151679873466491
1785289857.211749,0.0,0.0,0.0009507200121879577
1785289857.2130601,0.0,0.0,0.0009288319945335388
1785289857.2143292,0.0,0.0,0.0009135040044784546
1785289857.215636,0.0,0.0,0.0009505280256271362
1785289857.2175941,0.0,0.0,0.0015982400178909302
1785289857.2188916,0.0,0.0,0.0009282559752464294
1785289857.2201724,0.0,0.0,0.0009008960127830505
1785289857.2214336,0.0,0.0,0.0009115200042724609
1785289857.222691,0.0,0.0,0.0009093760251998902
1785289857.2239828,0.0,0.0,0.0009407039880752564
1785289857.2252553,0.0,0.0,0.0009181439876556396
1785289857.2265139,0.0,0.0,0.0009121599793434143
1785289857.227799,0.0,0.0,0.0009349759817123413
1785289857.2290995,0.0,0.0,0.0009345600008964539
1785289857.230366,0.0,0.0,0.0009177600145339966
1785289857.2316604,0.0,0.0,0.000944383978843689
1785289857.2329397,0.0,0.0,0.0009215679764747619
1785289857.23422,0.0,0.0,0.000925055980682373
1785289857.2355003,0.0,0.0,0.0009334400296211242
1785289857.2367828,0.0,0.0,0.0009257280230522155
1785289857.2380595,0.0,0.0,0.0009249600172042847
1785289857.2393517,0.0,0.0,0.0009413120150566101
1785289857.2406313,0.0,0.0,0.0009284160137176514
1785289857.241898,0.0,0.0,0.0009193599820137024
1785289857.2431903,0.0,0.0,0.0009421759843826294
1785289857.2444484,0.0,0.0,0.0009048640131950379
1785289857.2457128,0.0,0.0,0.0009133120179176331
1785289857.2469807,0.0,0.0,0.0009167680144309998
1785289857.2482827,0.0,0.0,0.0009299200177192687
1785289857.2495468,0.0,0.0,0.0009128959774971008
1785289857.2508118,0.0,0.0,0.000910207986831665
1785289857.2520971,0.0,0.0,0.0009173759818077087
1785289857.253365,0.0,0.0,0.0009158400297164917
1785289857.254637,0.0,0.0,0.0009184960126876831
1785289857.2559195,0.0,0.0,0.0009359359741210937
1785289857.2571855,0.0,0.0,0.0009106879830360412
1785289857.2584713,0.0,0.0,0.0009308159947395325
1785289857.2597508,0.0,0.0,0.0009288640022277832
1785289857.2610216,0.0,0.0,0.000917792022228241
1785289857.2622712,0.0,0.0,0.0009074239730834961
1785289857.263552,0.0,0.0,0.0009296000003814697
1785289857.2648184,0.0,0.0,0.0009152320027351379
1785289857.2660832,0.0,0.0,0.000916320025920868
1785289857.267392,0.0,0.0,0.0009534720182418823
1785289857.2686622,0.0,0.0,0.0009077439904212951
1785289857.2699327,0.0,0.0,0.0009004799723625183
1785289857.2712402,0.0,0.0,0.0009576640129089355
1785289857.2731986,0.0,0.0,0.0009624959826469422
1785289857.2744853,0.0,0.0,0.0009224960207939148
1785289857.2758121,0.0,0.0,0.0009739199876785278
1785289857.277102,0.0,0.0,0.0009264320135116578
1785289857.2783964,0.0,0.0,0.000924992024898529
1785289857.2797024,0.0,0.0,0.0009539840221405029
1785289857.2809782,0.0,0.0,0.0009261760115623475
1785289857.2822387,0.0,0.0,0.0009078720211982727
1785289857.2835252,0.0,0.0,0.0009432960152626037
1785289857.2847898,0.0,0.0,0.0009092159867286682
1785289857.286048,0.0,0.0,0.0009111359715461731
1785289857.2873318,0.0,0.0,0.0009355199933052063
1785289857.2885988,0.0,0.0,0.0009160320162773133
1785289857.2898653,0.0,0.0,0.0009164159893989563
1785289857.2911587,0.0,0.0,0.0009460800290107727
1785289857.2924378,0.0,0.0,0.0009259520173072815
1785289857.2937298,0.0,0.0,0.0009416959881782532
1785289857.2949948,0.0,0.0,0.0009170879721641541
1785289857.2962816,0.0,0.0,0.0009173439741134643
1785289857.2975519,0.0,0.0,0.0009185600280761718
1785289857.298816,0.0,0.0,0.0009137600064277649
1785289857.3001082,0.0,0.0,0.000923039972782135
1785289857.3013625,0.0,0.0,0.0009012799859046936
1785289857.302633,0.0,0.0,0.0009220160245895385
1785289857.3039327,0.0,0.0,0.0009492800235748291
1785289857.3052046,0.0,0.0,0.0009230719804763794
1785289857.306468,0.0,0.0,0.0009102720022201538
1785289857.3077667,0.0,0.0,0.0009428480267524719
1785289857.309047,0.0,0.0,0.0009251199960708618
1785289857.3103085,0.0,0.0,0.0009071679711341858
1785289857.3116083,0.0,0.0,0.0009309120178222656
1785289857.312897,0.0,0.0,0.0009328960180282592
1785289857.3141508,0.0,0.0,0.0009041919708251953
1785289857.3154473,0.0,0.0,0.0009454079866409302
1785289857.316714,0.0,0.0,0.0009132159948348999
1785289857.3179762,0.0,0.0,0.0009130240082740784
1785289857.3192675,0.0,0.0,0.0009436479806900024
1785289857.3205397,0.0,0.0,0.0009178879857063293
1785289857.3218236,0.0,0.0,0.0009318079948425293
1785289857.3231227,0.0,0.0,0.000920799970626831
1785289857.324423,0.0,0.0,0.0009392960071563721
1785289857.3256917,0.0,0.0,0.0009117760062217712
1785289857.3276718,0.0,0.0,0.0016245119571685791
1785289857.3289993,0.0,0.0,0.0009433599710464477
1785289857.3302755,0.0,0.0,0.0009168000221252442
1785289857.3315756,0.0,0.0,0.0009469760060310363
1785289857.3328607,0.0,0.0,0.0009328640103340149
1785289857.3341238,0.0,0.0,0.0009080320000648498
1785289857.3354218,0.0,0.0,0.0009505599737167358
1785289857.3366978,0.0,0.0,0.0009183040261268615
1785289857.3379712,0.0,0.0,0.000922432005405426
1785289857.339241,0.0,0.0,0.0009237440228462219
1785289857.3405042,0.0,0.0,0.0009123839735984803
1785289857.3417673,0.0,0.0,0.0009133120179176331
1785289857.3430374,0.0,0.0,0.0009208959937095642
1785289857.344336,0.0,0.0,0.0009229760169982911
1785289857.3456197,0.0,0.0,0.0009163519740104675
1785289857.346872,0.0,0.0,0.0009057279825210571
1785289857.3481736,0.0,0.0,0.0009258880019187927
1785289857.3494267,0.0,0.0,0.0009029759764671326
1785289857.3506944,0.0,0.0,0.0009174399971961975
1785289857.3519835,0.0,0.0,0.0009405120015144349
1785289857.3532674,0.0,0.0,0.000928384006023407
1785289857.3545792,0.0,0.0,0.0009417279958724976
1785289857.3558867,0.0,0.0,0.00095551997423172
1785289857.3571494,0.0,0.0,0.0009106559753417969
1785289857.3584075,0.0,0.0,0.0009111999869346618
1785289857.3598626,0.0,0.0,0.0010974080562591553
1785289857.3613856,0.0,0.0,0.0010058879852294922
1785289857.3627052,0.0,0.0,0.000930624008178711
1785289857.3640122,0.0,0.0,0.0009416319727897644
1785289857.3652844,0.0,0.0,0.0009173439741134643
1785289857.3665817,0.0,0.0,0.0009387199878692627
1785289857.3678966,0.0,0.0,0.00095414400100708
1785289857.3691654,0.0,0.0,0.000916320025920868
1785289857.3704453,0.0,0.0,0.0009260159730911254
1785289857.371757,0.0,0.0,0.0009588479995727539
1785289857.3730223,0.0,0.0,0.0009096639752388001
1785289857.3742833,0.0,0.0,0.0009077759981155395
1785289857.3755817,0.0,0.0,0.0009453759789466858
1785289857.3768675,0.0,0.0,0.0009364479780197143
1785289857.3781648,0.0,0.0,0.0009366400241851806
1785289857.3794668,0.0,0.0,0.000949567973613739
1785289857.38075,0.0,0.0,0.0009271680116653443
1785289857.3828537,0.0,0.0,0.001746880054473877
1785289857.3841767,0.0,0.0,0.0009238399863243103
1785289857.385468,0.0,0.0,0.0009262400269508361
1785289857.386747,0.0,0.0,0.0009231680035591126
1785289857.3880641,0.0,0.0,0.0009622399806976319
1785289857.3893406,0.0,0.0,0.0009273279905319214
1785289857.3906178,0.0,0.0,0.000927232027053833
1785289857.3919268,0.0,0.0,0.000959231972694397
1785289857.3932142,0.0,0.0,0.0009220160245895385
1785289857.3945246,0.0,0.0,0.0009365440011024475
1785289857.3958347,0.0,0.0,0.0009555519819259644
1785289857.397091,0.0,0.0,0.0009056640267372132
1785289857.398359,0.0,0.0,0.0009193919897079468
1785289857.3996673,0.0,0.0,0.0009567360281944275
1785289857.4009604,0.0,0.0,0.0009385600090026856
1785289857.402242,0.0,0.0,0.0009277120232582092
1785289857.4035332,0.0,0.0,0.0009381120204925537
1785289857.4047987,0.0,0.0,0.0009117439985275268
1785289857.4060562,0.0,0.0,0.000903872013092041
1785289857.407328,0.0,0.0,0.0009232640266418457
1785289857.408613,0.0,0.0,0.0009314560294151306
1785289857.409886,0.0,0.0,0.0009210559725761413
1785289857.4111931,0.0,0.0,0.0009351040124893188
1785289857.41246,0.0,0.0,0.0009136639833450317
1785289857.413725,0.0,0.0,0.0009192960262298583
1785289857.414996,0.0,0.0,0.0009190400242805481
1785289857.4163005,0.0,0.0,0.0009312319755554199
1785289857.417563,0.0,0.0,0.000913919985294342
1785289857.4188452,0.0,0.0,0.0009289280176162719
1785289857.4201472,0.0,0.0,0.0009319999814033508
1785289857.4214368,0.0,0.0,0.0009321600198745727
1785289857.4227154,0.0,0.0,0.0009276160001754761
1785289857.4240186,0.0,0.0,0.0009503039717674255
1785289857.4253707,0.0,0.0,0.0009260479807853698
1785289857.4266582,0.0,0.0,0.0009271680116653443
1785289857.4279447,0.0,0.0,0.0009287999868392944
1785289857.4292245,0.0,0.0,0.0009288640022277832
1785289857.4304929,0.0,0.0,0.0009173759818077087
1785289857.4317765,0.0,0.0,0.0009340800046920777
1785289857.4330447,0.0,0.0,0.0009155200123786927
1785289857.4343488,0.0,0.0,0.0009468160271644592
1785289857.43569,0.0,0.0,0.0009480640292167664
1785289857.4369748,0.0,0.0,0.000922432005405426
1785289857.4390004,0.0,0.0,0.0009427199959754944
1785289857.440324,0.0,0.0,0.0009348480105400086
1785289857.4416015,0.0,0.0,0.0009215360283851623
1785289857.4428668,0.0,0.0,0.0009168319702148438
1785289857.4441645,0.0,0.0,0.0009227200150489808
1785289857.4454658,0.0,0.0,0.0009331520199775695
1785289857.446744,0.0,0.0,0.0009254080057144165
1785289857.4480424,0.0,0.0,0.0009471679925918579
1785289857.4493158,0.0,0.0,0.0009206719994544983
1785289857.450593,0.0,0.0,0.0009286720156669617
1785289857.451897,0.0,0.0,0.0009497280120849609
1785289857.4531715,0.0,0.0,0.0009228159785270691
1785289857.4544287,0.0,0.0,0.0009066879749298096
1785289857.4557078,0.0,0.0,0.0009335680007934571
1785289857.456986,0.0,0.0,0.0009232959747314453
1785289857.4582632,0.0,0.0,0.0009255040287971496
1785289857.4595535,0.0,0.0,0.0009381759762763977
1785289857.4608407,0.0,0.0,0.0009339519739151001
1785289857.4621181,0.0,0.0,0.000925599992275238
1785289857.4634416,0.0,0.0,0.0009657920002937317
1785289857.4647105,0.0,0.0,0.0009180160164833069
1785289857.4659703,0.0,0.0,0.0009113919734954834
1785289857.467253,0.0,0.0,0.0009373120069503785
1785289857.468537,0.0,0.0,0.0009296000003814697
1785289857.4698014,0.0,0.0,0.0009159680008888245
1785289857.4710624,0.0,0.0,0.0009143999814987182
1785289857.4723518,0.0,0.0,0.0009086080193519593
1785289857.4736328,0.0,0.0,0.0009299520254135131
1785289857.4749062,0.0,0.0,0.0009242879748344421
1785289857.4762156,0.0,0.0,0.0009432960152626037
1785289857.4774754,0.0,0.0,0.0009073920249938965
1785289857.478748,0.0,0.0,0.0009079040288925171
1785289857.4800441,0.0,0.0,0.0009423999786376953
1785289857.4812937,0.0,0.0,0.0008955519795417786
1785289857.4825444,0.0,0.0,0.0009016640186309815
1785289857.4838283,0.0,0.0,0.0009327679872512817
1785289857.4850714,0.0,0.0,0.0008951039910316467
1785289857.4863286,0.0,0.0,0.0009086080193519593
1785289857.487616,0.0,0.0,0.0009363200068473816
1785289857.4888926,0.0,0.0,0.0009215679764747619
1785289857.4901776,0.0,0.0,0.0009304959774017334
1785289857.4914753,0.0,0.0,0.0009446399807929993
1785289857.4934201,0.0,0.0,0.0015920959711074828
1785289857.4947069,0.0,0.0,0.0009112640023231506
1785289857.4960136,0.0,0.0,0.0009470400214195251
1785289857.4972754,0.0,0.0,0.0009074879884719848
1785289857.4985301,0.0,0.0,0.0009052479863166809
1785289857.4998233,0.0,0.0,0.0009411200284957886
1785289857.501097,0.0,0.0,0.0009209280014038086
1785289857.5023656,0.0,0.0,0.0009232640266418457
1785289857.5036771,0.0,0.0,0.0009609280228614807
1785289857.5049515,0.0,0.0,0.0009221760034561157
1785289857.5062103,0.0,0.0,0.0009080960154533386
1785289857.5074952,0.0,0.0,0.0009325119853019714
1785289857.5087624,0.0,0.0,0.0009147840142250061
1785289857.5100362,0.0,0.0,0.00092467200756073
1785289857.5113177,0.0,0.0,0.0009277439713478088
1785289857.512599,0.0,0.0,0.000925055980682373
1785289857.5138597,0.0,0.0,0.0009096000194549561
1785289857.5151467,0.0,0.0,0.0009388800263404846
1785289857.5164337,0.0,0.0,0.0009337599873542786
1785289857.5177088,0.0,0.0,0.0009128959774971008
1785289857.518978,0.0,0.0,0.0009191359877586365
1785289857.5202577,0.0,0.0,0.0009060159921646118
1785289857.5215228,0.0,0.0,0.0009148480296134948
1785289857.5228016,0.0,0.0,0.0009279360175132752
1785289857.5240948,0.0,0.0,0.0009222080111503601
1785289857.5253525,0.0,0.0,0.0009131199717521668
1785289857.526629,0.0,0.0,0.0009252480268478393
1785289857.5279362,0.0,0.0,0.0009534400105476379
1785289857.5291982,0.0,0.0,0.000915008008480072
1785289857.5304759,0.0,0.0,0.0009251520037651062
1785289857.5317929,0.0,0.0,0.0009669439792633057
1785289857.533056,0.0,0.0,0.0009119679927825928
1785289857.5343099,0.0,0.0,0.0009064319729804993
1785289857.5356216,0.0,0.0,0.0009628159999847412
1785289857.5368888,0.0,0.0,0.0009103360176086426
1785289857.5381513,0.0,0.0,0.0009126719832420349
1785289857.5394542,0.0,0.0,0.0009517760276794434
1785289857.540727,0.0,0.0,0.0009207680225372315
1785289857.541995,0.0,0.0,0.0009173759818077087
1785289857.5433135,0.0,0.0,0.0009488959908485413
1785289857.544611,0.0,0.0,0.0009313600063323975
1785289857.5458937,0.0,0.0,0.000921887993812561
1785289857.5472145,0.0,0.0,0.0009627839922904968
1785289857.5492072,0.0,0.0,0.000968991994857788
1785289857.5505114,0.0,0.0,0.0009387199878692627
1785289857.551818,0.0,0.0,0.0009448959827423096
1785289857.5530891,0.0,0.0,0.0009136639833450317
1785289857.5543497,0.0,0.0,0.0009122239947319031
1785289857.555646,0.0,0.0,0.0009459519982337952
1785289857.5569282,0.0,0.0,0.0009345600008964539
1785289857.5582125,0.0,0.0,0.0009170240163803101
1785289857.559508,0.0,0.0,0.0009418240189552307
1785289857.5607772,0.0,0.0,0.0009163839817047119
1785289857.5620325,0.0,0.0,0.000908735990524292
1785289857.5633247,0.0,0.0,0.0009408959746360779
1785289857.5645998,0.0,0.0,0.0009245120286941528
1785289857.5658987,0.0,0.0,0.0009188159704208375
1785289857.5671957,0.0,0.0,0.0009433599710464477
1785289857.5684843,0.0,0.0,0.0009329280257225036
1785289857.5697384,0.0,0.0,0.0009055039882659912
1785289857.5710044,0.0,0.0,0.0009180799722671508
1785289857.5723,0.0,0.0,0.0009237759709358215
1785289857.5735765,0.0,0.0,0.0009265279769897461
1785289857.5748317,0.0,0.0,0.0009114559888839721
1785289857.576162,0.0,0.0,0.0009440320134162902
1785289857.577461,0.0,0.0,0.0009285119771957397
1785289857.578717,0.0,0.0,0.0009064319729804993
1785289857.5800998,0.0,0.0,0.0009184960126876831
1785289857.5813801,0.0,0.0,0.0009268479943275452
1785289857.5826418,0.0,0.0,0.0009133759737014771
1785289857.5839505,0.0,0.0,0.0009545279741287232
1785289857.58523,0.0,0.0,0.000918720006942749
1785289857.5864985,0.0,0.0,0.0009218239784240722
1785289857.587798,0.0,0.0,0.0009496960043907165
1785289857.5890841,0.0,0.0,0.0009369919896125794
1785289857.590385,0.0,0.0,0.0009483839869499207
1785289857.5916786,0.0,0.0,0.00094268798828125
1785289857.592957,0.0,0.0,0.0009276800155639649
1785289857.5942302,0.0,0.0,0.0009216960072517395
1785289857.5955155,0.0,0.0,0.0009394879937171936
1785289857.596787,0.0,0.0,0.0009237440228462219
1785289857.5980756,0.0,0.0,0.000924992024898529
1785289857.5993884,0.0,0.0,0.000956384003162384
1785289857.600676,0.0,0.0,0.0009305599927902222
1785289857.6019568,0.0,0.0,0.0009251199960708618
1785289857.6038942,0.0,0.0,0.0015895999670028688
1785289857.605204,0.0,0.0,0.000933023989200592
1785289857.606484,0.0,0.0,0.0009187520146369934
1785289857.6078014,0.0,0.0,0.0009619839787483216
1785289857.6090732,0.0,0.0,0.0009158719778060913
1785289857.6103654,0.0,0.0,0.0009379519820213318
1785289857.61169,0.0,0.0,0.000954688012599945
1785289857.61298,0.0,0.0,0.0009342399835586548
1785289857.6142552,0.0,0.0,0.0009259840250015258
1785289857.615556,0.0,0.0,0.000949184000492096
1785289857.616841,0.0,0.0,0.0009305279850959778
1785289857.6181164,0.0,0.0,0.0009233599901199341
1785289857.6194181,0.0,0.0,0.0009508479833602905
1785289857.6207016,0.0,0.0,0.0009258239865303039
1785289857.6219852,0.0,0.0,0.0009242879748344421
1785289857.6232653,0.0,0.0,0.0009296640157699585
1785289857.6245248,0.0,0.0,0.0009048960208892823
1785289857.6258001,0.0,0.0,0.0009253439903259277
1785289857.6270766,0.0,0.0,0.0009275199770927429
1785289857.6283746,0.0,0.0,0.0009200639724731445
1785289857.6296535,0.0,0.0,0.0009262080192565917
1785289857.6309166,0.0,0.0,0.0009092479944229126
1785289857.6322093,0.0,0.0,0.0009190400242805481
1785289857.6334755,0.0,0.0,0.0009151039719581605
1785289857.6347575,0.0,0.0,0.000926464021205902
1785289857.6360474,0.0,0.0,0.0009397119879722595
1785289857.6373253,0.0,0.0,0.0009256319999694824
1785289857.6385922,0.0,0.0,0.0009171839952468872
1785289857.639909,0.0,0.0,0.0009708799719810486
1785289857.641193,0.0,0.0,0.0009245439767837524
1785289857.6424637,0.0,0.0,0.0009163519740104675
1785289857.6437688,0.0,0.0,0.0009354559779167175
1785289857.6450524,0.0,0.0,0.0009257280230522155
1785289857.6463053,0.0,0.0,0.0009030719995498657
1785289857.6475863,0.0,0.0,0.0009336640238761902
1785289857.6488516,0.0,0.0,0.0009112319946289062
1785289857.6501157,0.0,0.0,0.0009115200042724609
1785289857.651394,0.0,0.0,0.0009246399998664856
1785289857.652653,0.0,0.0,0.0009100160002708435
1785289857.6539352,0.0,0.0,0.000925216019153595
1785289857.6552248,0.0,0.0,0.0009320639967918396
1785289857.6565094,0.0,0.0,0.0009250239729881286
1785289857.6577864,0.0,0.0,0.0009220479726791381
1785289857.659741,0.0,0.0,0.0009830080270767211
1785289857.6610334,0.0,0.0,0.0009291840195655822
1785289857.6623242,0.0,0.0,0.0009320319890975952
1785289857.663625,0.0,0.0,0.0009541760087013244
1785289857.6648946,0.0,0.0,0.0009201920032501221
1785289857.6661775,0.0,0.0,0.0009293760061264038
1785289857.6674762,0.0,0.0,0.000945855975151062
1785289857.668756,0.0,0.0,0.0009261760115623475
1785289857.6700256,0.0,0.0,0.0009154880046844483
1785289857.6713026,0.0,0.0,0.0009265279769897461
1785289857.6725721,0.0,0.0,0.0009209920167922974
1785289857.6738386,0.0,0.0,0.0009175360202789307
1785289857.6751294,0.0,0.0,0.0009391679763793945
1785289857.6764219,0.0,0.0,0.0009251520037651062
1785289857.6776729,0.0,0.0,0.0009052159786224366
1785289857.6789181,0.0,0.0,0.0008993600010871887
1785289857.680205,0.0,0.0,0.0009164479970932007
1785289857.6814828,0.0,0.0,0.000923200011253357
1785289857.6827593,0.0,0.0,0.0009247360229492187
1785289857.684085,0.0,0.0,0.0009434559941291809
1785289857.6853437,0.0,0.0,0.0009059200286865235
1785289857.6866076,0.0,0.0,0.0009097279906272888
1785289857.687922,0.0,0.0,0.0009595839977264404
1785289857.689188,0.0,0.0,0.0009181119799613952
1785289857.6904635,0.0,0.0,0.0009296960234642028
1785289857.6917565,0.0,0.0,0.0009425920248031616
1785289857.693019,0.0,0.0,0.0009089279770851136
1785289857.694286,0.0,0.0,0.0009152960181236267
1785289857.6955574,0.0,0.0,0.0009229760169982911
1785289857.6968179,0.0,0.0,0.000911679983139038
1785289857.6980934,0.0,0.0,0.0009255359768867492
1785289857.6993911,0.0,0.0,0.0009464640021324158
1785289857.700645,0.0,0.0,0.0009034240245819092
1785289857.7018983,0.0,0.0,0.0009068800210952759
1785289857.703173,0.0,0.0,0.0009214720129966736
1785289857.7044337,0.0,0.0,0.000910368025302887
1785289857.7056916,0.0,0.0,0.0009100160002708435
1785289857.7069488,0.0,0.0,0.000909824013710022
1785289857.7082448,0.0,0.0,0.000919871985912323
1785289857.7095444,0.0,0.0,0.000922655999660492
1785289857.710835,0.0,0.0,0.0009334400296211242
1785289857.7121658,0.0,0.0,0.0009340479969978333
1785289857.7140608,0.0,0.0,0.0015315200090408325
1785289857.715394,0.0,0.0,0.0009592959880828858
1785289857.7166872,0.0,0.0,0.0009292160272598266
1785289857.7179577,0.0,0.0,0.0009169279932975769
1785289857.7192607,0.0,0.0,0.000947808027267456
1785289857.7205553,0.0,0.0,0.0009368960261344909
1785289857.721825,0.0,0.0,0.0009184319972991943
1785289857.7231135,0.0,0.0,0.000919871985912323
1785289857.724394,0.0,0.0,0.0009184960126876831
1785289857.7256749,0.0,0.0,0.0009146559834480285
1785289857.7269187,0.0,0.0,0.0008937280178070068
1785289857.7282126,0.0,0.0,0.0009172160029411316
1785289857.7294803,0.0,0.0,0.0009179199934005737
1785289857.7307475,0.0,0.0,0.0009154880046844483
1785289857.7320597,0.0,0.0,0.0009601600170135498
1785289857.7333188,0.0,0.0,0.0009076799750328064
1785289857.734585,0.0,0.0,0.0009146239757537841
1785289857.735884,0.0,0.0,0.0009477440118789672
1785289857.7371733,0.0,0.0,0.0009343039989471436
1785289857.7384465,0.0,0.0,0.0009192320108413697
1785289857.7397292,0.0,0.0,0.0009284480214118957
1785289857.7409863,0.0,0.0,0.0009068800210952759
1785289857.7422526,0.0,0.0,0.0009154880046844483
1785289857.7435553,0.0,0.0,0.0009306560158729553
1785289857.7448156,0.0,0.0,0.0009093440175056458
1785289857.7460635,0.0,0.0,0.0009008640050888061
1785289857.7473578,0.0,0.0,0.0009426239728927612
1785289857.7486384,0.0,0.0,0.0009319040179252624
1785289857.7499013,0.0,0.0,0.0009144960045814514
1785289857.751186,0.0,0.0,0.0009289280176162719
1785289857.7524576,0.0,0.0,0.0009203199744224548
1785289857.7537231,0.0,0.0,0.0009154880046844483
1785289857.7549825,0.0,0.0,0.0009088000059127808
1785289857.7562845,0.0,0.0,0.0009240639805793762
1785289857.7575433,0.0,0.0,0.0009087679982185364
1785289857.758803,0.0,0.0,0.0009079040288925171
1785289857.7600951,0.0,0.0,0.0009245439767837524
1785289857.7613633,0.0,0.0,0.0009133120179176331
1785289857.762639,0.0,0.0,0.0009274880290031433
1785289857.7639391,0.0,0.0,0.0009460480213165283
1785289857.7652445,0.0,0.0,0.0009251520037651062
1785289857.7665205,0.0,0.0,0.000921280026435852
1785289857.7678185,0.0,0.0,0.0009423679709434509
1785289857.7697222,0.0,0.0,0.0015425920486450196
1785289857.7710352,0.0,0.0,0.0009315840005874634
1785289857.7723677,0.0,0.0,0.0009399679899215698
1785289857.7736511,0.0,0.0,0.0009277120232582092
1785289857.7749286,0.0,0.0,0.0009241600036621094
1785289857.7762194,0.0,0.0,0.0009208959937095642
1785289857.7774816,0.0,0.0,0.0009102720022201538
1785289857.7787352,0.0,0.0,0.0009062719941139221
1785289857.7800345,0.0,0.0,0.0009466879963874817
1785289857.7812955,0.0,0.0,0.0009093120098114014
1785289857.7825656,0.0,0.0,0.0009242560267448425
1785289857.7838266,0.0,0.0,0.0009156799912452698
1785289857.7850955,0.0,0.0,0.0009144319891929626
1785289857.786361,0.0,0.0,0.000913856029510498
1785289857.7876797,0.0,0.0,0.0009703680276870728
1785289857.7889438,0.0,0.0,0.0009153599739074706
1785289857.7902153,0.0,0.0,0.0009203839898109436
1785289857.7915215,0.0,0.0,0.000953216016292572
1785289857.7927814,0.0,0.0,0.0009058240056037903
1785289857.7940342,0.0,0.0,0.0009051839709281922
1785289857.7953343,0.0,0.0,0.0009505919814109802
1785289857.7966087,0.0,0.0,0.0009209920167922974
1785289857.7978714,0.0,0.0,0.0009169920086860657
1785289857.7991636,0.0,0.0,0.0009413759708404541
1785289857.8004403,0.0,0.0,0.0009303359985351563
1785289857.8016875,0.0,0.0,0.000902783989906311
1785289857.8029544,0.0,0.0,0.000918944001197815
1785289857.8042326,0.0,0.0,0.0009086400270462037
1785289857.8055224,0.0,0.0,0.0009217600226402282
1785289857.8067954,0.0,0.0,0.0009173439741134643
1785289857.8081298,0.0,0.0,0.0009530240297317505
1785289857.8094172,0.0,0.0,0.0009376320242881775
1785289857.810688,0.0,0.0,0.0009151359796524047
1785289857.8119786,0.0,0.0,0.0009394879937171936
1785289857.8132522,0.0,0.0,0.0009216639995574951
1785289857.8145213,0.0,0.0,0.0009206399917602539
1785289857.8158069,0.0,0.0,0.0009407680034637452
1785289857.8170557,0.0,0.0,0.0008981760144233704
1785289857.8183424,0.0,0.0,0.0009379519820213318
1785289857.8196554,0.0,0.0,0.0009546239972114564
1785289857.8209295,0.0,0.0,0.0009140480160713196
1785289857.8222003,0.0,0.0,0.0009137600064277649
1785289857.82415,0.0,0.0,0.000943231999874115
1785289857.8255002,0.0,0.0,0.0009585599899291993
1785289857.826813,0.0,0.0,0.0009457280039787293
1785289857.828141,0.0,0.0,0.0009419839978218079
1785289857.8294232,0.0,0.0,0.0009212160110473633
1785289857.8307116,0.0,0.0,0.0009305279850959778
1785289857.8320107,0.0,0.0,0.0009445760250091553
1785289857.833279,0.0,0.0,0.0009099839925765991
1785289857.8345528,0.0,0.0,0.0009242879748344421
1785289857.8358464,0.0,0.0,0.0009456319808959961
1785289857.8371112,0.0,0.0,0.0009132480025291443
1785289857.838377,0.0,0.0,0.0009137600064277649
1785289857.839666,0.0,0.0,0.0009390720129013061
1785289857.8409355,0.0,0.0,0.0009205440282821655
1785289857.8422346,0.0,0.0,0.0009263359904289246
1785289857.8435383,0.0,0.0,0.0009516800045967102
1785289857.844801,0.0,0.0,0.0009094719886779785
1785289857.846078,0.0,0.0,0.0009179199934005737
1785289857.847356,0.0,0.0,0.0009290559887886047
1785289857.848623,0.0,0.0,0.000914080023765564
1785289857.8499088,0.0,0.0,0.0009167360067367554
1785289857.851199,0.0,0.0,0.000942080020904541
1785289857.852448,0.0,0.0,0.0008952640295028687
1785289857.8537092,0.0,0.0,0.000912064015865326
1785289857.8549747,0.0,0.0,0.0009160320162773133
1785289857.8562596,0.0,0.0,0.0009149439930915832
1785289857.857505,0.0,0.0,0.0008999360203742981
1785289857.8587506,0.0,0.0,0.0009012479782104493
1785289857.8601017,0.0,0.0,0.0009183040261268615
1785289857.861369,0.0,0.0,0.0009168639779090881
1785289857.8626382,0.0,0.0,0.0009195839762687683
1785289857.8639302,0.0,0.0,0.0009440640211105346
1785289857.8651965,0.0,0.0,0.0009170240163803101
1785289857.8664618,0.0,0.0,0.000911903977394104
1785289857.8677602,0.0,0.0,0.0009395840167999267
1785289857.8690271,0.0,0.0,0.0009169920086860657
1785289857.870291,0.0,0.0,0.0009123839735984803
1785289857.8715773,0.0,0.0,0.0009345600008964539
1785289857.87285,0.0,0.0,0.0009224640130996704
1785289857.8741348,0.0,0.0,0.0009131519794464111
1785289857.8754284,0.0,0.0,0.0009340159893035889
1785289857.8767369,0.0,0.0,0.0009443519711494446
1785289857.878012,0.0,0.0,0.0009276160001754761
1785289857.880017,0.0,0.0,0.0016467839479446412
1785289857.881334,0.0,0.0,0.0009327999949455261
1785289857.8826284,0.0,0.0,0.0009323520064353943
1785289857.8839312,0.0,0.0,0.0009419839978218079
1785289857.885209,0.0,0.0,0.0009239680171012879
1785289857.8864627,0.0,0.0,0.0009055039882659912
1785289857.8877695,0.0,0.0,0.0009513919949531556
1785289857.8890526,0.0,0.0,0.0009238079786300659
1785289857.8903341,0.0,0.0,0.0009104959964752197
1785289857.8916383,0.0,0.0,0.0009433280229568481
1785289857.892913,0.0,0.0,0.000914080023765564
1785289857.8941681,0.0,0.0,0.0009042879939079284
1785289857.8954628,0.0,0.0,0.0009478719830513001
1785289857.8967276,0.0,0.0,0.0009130880236625672
1785289857.897989,0.0,0.0,0.00091075199842453
1785289857.8992631,0.0,0.0,0.000926367998123169
1785289857.900549,0.0,0.0,0.000930079996585846
1785289857.901842,0.0,0.0,0.0009450560212135315
1785289857.903136,0.0,0.0,0.0009418240189552307
1785289857.9044056,0.0,0.0,0.0009086400270462037
1785289857.9056778,0.0,0.0,0.0009163519740104675
1785289857.9069605,0.0,0.0,0.0009336640238761902
1785289857.908279,0.0,0.0,0.0009416319727897644
1785289857.9095647,0.0,0.0,0.0009304640293121338
1785289857.9108393,0.0,0.0,0.0009202560186386109
1785289857.9121296,0.0,0.0,0.0009150400161743164
1785289857.9134219,0.0,0.0,0.0009397439956665039
1785289857.9146893,0.0,0.0,0.0009146559834480285
1785289857.915992,0.0,0.0,0.0009457600116729736
1785289857.9172692,0.0,0.0,0.0009195839762687683
1785289857.9185183,0.0,0.0,0.0009034240245819092
1785289857.9198213,0.0,0.0,0.0009494720101356506
1785289857.9210837,0.0,0.0,0.0009129599928855896
1785289857.9223456,0.0,0.0,0.0009113280177116394
1785289857.9236417,0.0,0.0,0.0009407680034637452
1785289857.924914,0.0,0.0,0.0009196479916572571
1785289857.9261734,0.0,0.0,0.0009103360176086426
1785289857.9274676,0.0,0.0,0.0009438400268554687
1785289857.9287426,0.0,0.0,0.0009202560186386109
1785289857.9300363,0.0,0.0,0.000933791995048523
1785289857.9313438,0.0,0.0,0.0009319999814033508
1785289857.932613,0.0,0.0,0.0009153599739074706
1785289857.9338667,0.0,0.0,0.0009056959748268128
1785289857.9358459,0.0,0.0,0.0009981120228767396
1785289857.937137,0.0,0.0,0.0009240000247955322
1785289857.9384387,0.0,0.0,0.0009398080110549926
1785289857.9397354,0.0,0.0,0.0009460800290107727
1785289857.9410214,0.0,0.0,0.0009169279932975769
1785289857.9422941,0.0,0.0,0.0009180799722671508
1785289857.9435709,0.0,0.0,0.0009260799884796143
1785289857.9448555,0.0,0.0,0.0009251840114593506
1785289857.946112,0.0,0.0,0.0009091200232505799
1785289857.9474156,0.0,0.0,0.0009501439929008484
1785289857.9487002,0.0,0.0,0.0009294720292091369
1785289857.9499774,0.0,0.0,0.0009259200096130371
1785289857.9512627,0.0,0.0,0.0009291840195655822
1785289857.9525204,0.0,0.0,0.0009029120206832886
1785289857.9537747,0.0,0.0,0.000908896028995514
1785289857.9550233,0.0,0.0,0.0009033600091934204
1785289857.956313,0.0,0.0,0.0009147520065307617
1785289857.9575655,0.0,0.0,0.0008979520201683045
1785289857.958813,0.0,0.0,0.0008991039991378784
1785289857.9601116,0.0,0.0,0.0009234240055084229
1785289857.9613917,0.0,0.0,0.0009285759925842285
1785289857.962673,0.0,0.0,0.0009289280176162719
1785289857.9639776,0.0,0.0,0.0009524480104446411
1785289857.965253,0.0,0.0,0.0009180799722671508
1785289857.9665124,0.0,0.0,0.0009083840250968933
1785289857.9678018,0.0,0.0,0.0009376959800720215
1785289857.9690814,0.0,0.0,0.0009260799884796143
1785289857.9703603,0.0,0.0,0.0009319999814033508
1785289857.9716704,0.0,0.0,0.0009587200284004212
1785289857.9729342,0.0,0.0,0.0009108800292015076
1785289857.974212,0.0,0.0,0.0009160640239715577
1785289857.9755065,0.0,0.0,0.0009453439712524414
1785289857.9767745,0.0,0.0,0.0009119359850883484
1785289857.97803,0.0,0.0,0.0009089279770851136
1785289857.9793317,0.0,0.0,0.0009513919949531556
1785289857.9806204,0.0,0.0,0.0009331200122833252
1785289857.9818907,0.0,0.0,0.000921887993812561
1785289857.9831896,0.0,0.0,0.0009471359848976135
1785289857.9844575,0.0,0.0,0.0009184319972991943
1785289857.9857354,0.0,0.0,0.0009175360202789307
1785289857.9869921,0.0,0.0,0.0009059839844703674
1785289857.9883,0.0,0.0,0.0009270719885826111
1785289857.9902182,0.0,0.0,0.0015642240047454834
1785289857.99157,0.0,0.0,0.0009663040041923523
1785289857.992874,0.0,0.0,0.0009321280121803284
1785289857.9941554,0.0,0.0,0.0009259840250015258
1785289857.9954562,0.0,0.0,0.0009485759735107422
1785289857.9967155,0.0,0.0,0.0009064319729804993
1785289857.9980018,0.0,0.0,0.0009349120259284973
1785289857.9992816,0.0,0.0,0.0009264960289001465
1785289858.000553,0.0,0.0,0.0009165120124816895
1785289858.001819,0.0,0.0,0.000910207986831665
1785289858.0030854,0.0,0.0,0.0009132800102233887
1785289858.004392,0.0,0.0,0.0009268800020217896
1785289858.0056386,0.0,0.0,0.0008990079760551453
1785289858.0069163,0.0,0.0,0.0009091839790344238
1785289858.0082064,0.0,0.0,0.0009220479726791381
1785289858.0094805,0.0,0.0,0.0009298560023307801
1785289858.0107346,0.0,0.0,0.0009039360284805298
1785289858.0120192,0.0,0.0,0.00093612802028656
1785289858.0132964,0.0,0.0,0.0009096959829330444
1785289858.0145547,0.0,0.0,0.0009109119772911071
1785289858.0158534,0.0,0.0,0.0009503359794616699
1785289858.0171251,0.0,0.0,0.0009125760197639466
1785289858.0183916,0.0,0.0,0.0009153280258178711
1785289858.0197093,0.0,0.0,0.0009609599709510803
1785289858.0209794,0.0,0.0,0.0009152320027351379
1785289858.0222669,0.0,0.0,0.0009334080219268798
1785289858.0235672,0.0,0.0,0.0009457280039787293
1785289858.0248458,0.0,0.0,0.0009223999977111816
1785289858.0261102,0.0,0.0,0.0009198399782180786
1785289858.0274045,0.0,0.0,0.0009474560022354127
1785289858.0286713,0.0,0.0,0.0009122239947319031
1785289858.0299485,0.0,0.0,0.0009193919897079468
1785289858.0312376,0.0,0.0,0.0009363200068473816
1785289858.0325038,0.0,0.0,0.0009088000059127808
1785289858.0337777,0.0,0.0,0.000923583984375
1785289858.0350223,0.0,0.0,0.0008958399891853332
1785289858.0363057,0.0,0.0,0.000916703999042511
1785289858.0375872,0.0,0.0,0.0009291200041770935
1785289858.038864,0.0,0.0,0.0009254720211029052
1785289858.0401595,0.0,0.0,0.0009192640185356141
1785289858.041454,0.0,0.0,0.0009297279715538025
1785289858.042725,0.0,0.0,0.0009162560105323792
1785289858.0440211,0.0,0.0,0.0009402559995651245
1785289858.0459685,0.0,0.0,0.0015865600109100343
1785289858.047289,0.0,0.0,0.0009399359822273254
1785289858.0485778,0.0,0.0,0.0009254720211029052
1785289858.0498583,0.0,0.0,0.0009253119826316833
1785289858.0511572,0.0,0.0,0.0009414079785346985
1785289858.0524435,0.0,0.0,0.0009288319945335388
1785289858.053748,0.0,0.0,0.0009319679737091064
1785289858.0550225,0.0,0.0,0.0009193599820137024
1785289858.0563219,0.0,0.0,0.0009166079759597778
1785289858.0575786,0.0,0.0,0.0009088000059127808
1785289858.058845,0.0,0.0,0.0009132159948348999
1785289858.060145,0.0,0.0,0.0009243199825286865
1785289858.061423,0.0,0.0,0.0009214720129966736
1785289858.0627058,0.0,0.0,0.0009367039799690246
1785289858.0640154,0.0,0.0,0.0009511359930038453
1785289858.0652921,0.0,0.0,0.000922655999660492
1785289858.0665667,0.0,0.0,0.0009213119745254516
1785289858.0678554,0.0,0.0,0.000941215991973877
1785289858.069115,0.0,0.0,0.0009045119881629943
1785289858.0703847,0.0,0.0,0.0009242560267448425
1785289858.0716898,0.0,0.0,0.0009550719857215882
1785289858.0729904,0.0,0.0,0.0009239680171012879
1785289858.0742605,0.0,0.0,0.0009128000140190125
1785289858.0755687,0.0,0.0,0.0009573119878768921
1785289858.0768423,0.0,0.0,0.0009224640130996704
1785289858.078114,0.0,0.0,0.0009226239919662476
1785289858.0794067,0.0,0.0,0.0009475839734077454
1785289858.0806808,0.0,0.0,0.0009263359904289246
1785289858.0819507,0.0,0.0,0.0009161279797554016
1785289858.083243,0.0,0.0,0.0009382399916648865
1785289858.0845213,0.0,0.0,0.0009251840114593506
1785289858.0857959,0.0,0.0,0.000921280026435852
1785289858.0870607,0.0,0.0,0.0009179520010948181
1785289858.0883656,0.0,0.0,0.0009312959909439087
1785289858.0896184,0.0,0.0,0.000908735990524292
1785289858.0908816,0.0,0.0,0.0009139840006828308
1785289858.0921538,0.0,0.0,0.0009105280041694641
1785289858.0934489,0.0,0.0,0.0009296640157699585
1785289858.0947254,0.0,0.0,0.0009239360094070435
1785289858.0960367,0.0,0.0,0.0009556800127029419
1785289858.0973148,0.0,0.0,0.0009186879992485046
1785289858.0985975,0.0,0.0,0.0009296640157699585
1785289858.100589,0.0,0.0,0.0015866880416870116
1785289858.1019244,0.0,0.0,0.0009411839842796326
1785289858.1032343,0.0,0.0,0.0009441279768943787
1785289858.1045244,0.0,0.0,0.0009284160137176514
1785289858.1057928,0.0,0.0,0.0009087679982185364
1785289858.107072,0.0,0.0,0.0009114879965782165
1785289858.1083648,0.0,0.0,0.0009184960126876831
1785289858.1096258,0.0,0.0,0.0009100160002708435
1785289858.1109033,0.0,0.0,0.000920415997505188
1785289858.1121871,0.0,0.0,0.0009087039828300476
1785289858.1134622,0.0,0.0,0.0009206719994544983
1785289858.114744,0.0,0.0,0.0009081919789314271
1785289858.11603,0.0,0.0,0.0009371200203895569
1785289858.117274,0.0,0.0,0.0008958399891853332
1785289858.1185446,0.0,0.0,0.0009198079705238342
1785289858.1198387,0.0,0.0,0.0009437760114669799
1785289858.1211188,0.0,0.0,0.0009299839735031128
1785289858.1223917,0.0,0.0,0.0009223359823226928
1785289858.123693,0.0,0.0,0.0009494400024414062
1785289858.1249359,0.0,0.0,0.0008959680199623108
1785289858.126199,0.0,0.0,0.0009207040071487427
1785289858.1274874,0.0,0.0,0.0009429759979248047
1785289858.1287613,0.0,0.0,0.0009178559780120849
1785289858.1300163,0.0,0.0,0.0009084479808807373
1785289858.1313007,0.0,0.0,0.000934336006641388
1785289858.1325638,0.0,0.0,0.0009132159948348999
1785289858.133824,0.0,0.0,0.0009106879830360412
1785289858.1350768,0.0,0.0,0.0009103999733924866
1785289858.136365,0.0,0.0,0.0009144960045814514
1785289858.137635,0.0,0.0,0.0009166399836540222
1785289858.1389077,0.0,0.0,0.0009048320055007935
1785289858.1401894,0.0,0.0,0.0009144960045814514
1785289858.1414356,0.0,0.0,0.000899071991443634
1785289858.1427045,0.0,0.0,0.0009207680225372315
1785289858.1439717,0.0,0.0,0.0009210240244865417
1785289858.1452374,0.0,0.0,0.0009171519875526428
1785289858.1465032,0.0,0.0,0.0009191359877586365
1785289858.1477897,0.0,0.0,0.0009418560266494751
1785289858.1490598,0.0,0.0,0.0009179840087890625
1785289858.1503398,0.0,0.0,0.0009275519847869873
1785289858.1516364,0.0,0.0,0.0009405440092086791
1785289858.1529107,0.0,0.0,0.0009173439741134643
1785289858.1541955,0.0,0.0,0.0009345600008964539
1785289858.1561904,0.0,0.0,0.0016383999586105347
1785289858.1575055,0.0,0.0,0.0009271360039710999
1785289858.1587954,0.0,0.0,0.0009224640130996704
1785289858.1600945,0.0,0.0,0.0009252799749374389
1785289858.16137,0.0,0.0,0.0009216319918632507
1785289858.162639,0.0,0.0,0.0009192960262298583
1785289858.1639602,0.0,0.0,0.0009736639857292175
1785289858.1652982,0.0,0.0,0.0009473919868469238
1785289858.1666203,0.0,0.0,0.0009382719993591309
1785289858.1679282,0.0,0.0,0.0009429439902305603
1785289858.169216,0.0,0.0,0.0009262719750404358
1785289858.1705081,0.0,0.0,0.0009344000220298767
1785289858.1718018,0.0,0.0,0.0009438719749450684
1785289858.1730702,0.0,0.0,0.0009130560159683228
1785289858.1743646,0.0,0.0,0.0009258559942245483
1785289858.1756384,0.0,0.0,0.0009280639886856079
1785289858.176908,0.0,0.0,0.0009172800183296204
1785289858.17818,0.0,0.0,0.0009151999950408935
1785289858.1794693,0.0,0.0,0.000939840018749237
1785289858.180741,0.0,0.0,0.0009168959856033325
1785289858.1820078,0.0,0.0,0.0009143999814987182
1785289858.183305,0.0,0.0,0.0009464319944381714
1785289858.1845815,0.0,0.0,0.0009205440282821655
1785289858.1858492,0.0,0.0,0.0009146879911422729
1785289858.187146,0.0,0.0,0.0009411839842796326
1785289858.1884422,0.0,0.0,0.0009410880208015442
1785289858.1897094,0.0,0.0,0.0009222400188446045
1785289858.1909819,0.0,0.0,0.0009192000031471253
1785289858.1922731,0.0,0.0,0.0009184640049934387
1785289858.1935256,0.0,0.0,0.0009037119746208191
1785289858.1948006,0.0,0.0,0.0009251840114593506
1785289858.1960943,0.0,0.0,0.0009314560294151306
1785289858.1973672,0.0,0.0,0.0009225280284881591
1785289858.198636,0.0,0.0,0.0009147840142250061
1785289858.1999228,0.0,0.0,0.0009364159703254699
1785289858.2012002,0.0,0.0,0.0009248319864273071
1785289858.2024703,0.0,0.0,0.0009188799858093261
1785289858.2037792,0.0,0.0,0.0009559360146522522
1785289858.2050786,0.0,0.0,0.000926144003868103
1785289858.206376,0.0,0.0,0.000943552017211914
1785289858.2076657,0.0,0.0,0.0009393919706344604
1785289858.208928,0.0,0.0,0.000910368025302887
1785289858.21095,0.0,0.0,0.0016675839424133301
1785289858.2123344,0.0,0.0,0.0009673600196838379
1785289858.2136257,0.0,0.0,0.0009249600172042847
1785289858.2149167,0.0,0.0,0.0009319679737091064
1785289858.216208,0.0,0.0,0.0009146239757537841
1785289858.2174897,0.0,0.0,0.0009225280284881591
1785289858.2187529,0.0,0.0,0.0009100160002708435
1785289858.2200634,0.0,0.0,0.0009560959935188294
1785289858.2213469,0.0,0.0,0.0009297279715538025
1785289858.222639,0.0,0.0,0.0009362239837646484
1785289858.2239373,0.0,0.0,0.0009440640211105346
1785289858.2252042,0.0,0.0,0.0009128640294075012
1785289858.2264636,0.0,0.0,0.0009080960154533386
1785289858.2277524,0.0,0.0,0.0009363200068473816
1785289858.2290304,0.0,0.0,0.0009241600036621094
1785289858.2303,0.0,0.0,0.0009219520092010498
1785289858.2315693,0.0,0.0,0.0009202560186386109
1785289858.2328336,0.0,0.0,0.0009135040044784546
1785289858.2341056,0.0,0.0,0.0009216960072517395
1785289858.2354023,0.0,0.0,0.0009460480213165283
1785289858.2366767,0.0,0.0,0.0009212480187416077
1785289858.2379599,0.0,0.0,0.0009280319809913635
1785289858.2392745,0.0,0.0,0.0009424639940261841
1785289858.240551,0.0,0.0,0.000925216019153595
1785289858.2418287,0.0,0.0,0.000932416021823883
1785289858.2431111,0.0,0.0,0.0009115200042724609
1785289858.2443893,0.0,0.0,0.000918720006942749
1785289858.2456603,0.0,0.0,0.0009172160029411316
1785289858.246927,0.0,0.0,0.0009136959910392761
1785289858.2482276,0.0,0.0,0.0009292160272598266
1785289858.2494953,0.0,0.0,0.000913536012172699
1785289858.2507553,0.0,0.0,0.0009142079949378967
1785289858.2520592,0.0,0.0,0.0009551680088043213
1785289858.2533488,0.0,0.0,0.0009342399835586548
1785289858.254621,0.0,0.0,0.000926751971244812
1785289858.255925,0.0,0.0,0.0009447039961814881
1785289858.2572203,0.0,0.0,0.0009229440093040467
1785289858.258477,0.0,0.0,0.0009065279960632324
1785289858.2597606,0.0,0.0,0.0009388160109519958
1785289858.2610483,0.0,0.0,0.0009381120204925537
1785289858.262337,0.0,0.0,0.0009303039908409119
1785289858.26365,0.0,0.0,0.0009551360011100769
1785289858.2649214,0.0,0.0,0.0009140480160713196
1785289858.2669086,0.0,0.0,0.0016309759616851807
1785289858.2682552,0.0,0.0,0.0009399679899215698
1785289858.2695436,0.0,0.0,0.0009242240190505982
1785289858.2708137,0.0,0.0,0.0009178239703178406
1785289858.2721276,0.0,0.0,0.000924127995967865
1785289858.2733917,0.0,0.0,0.0009048640131950379
1785289858.2746465,0.0,0.0,0.0009073280096054077
1785289858.2759423,0.0,0.0,0.0009472000002861023
1785289858.2772143,0.0,0.0,0.000916159987449646
1785289858.2784731,0.0,0.0,0.0009087039828300476
1785289858.279762,0.0,0.0,0.0009401919841766357
1785289858.2810187,0.0,0.0,0.0008998079895973205
1785289858.282284,0.0,0.0,0.000909280002117157
1785289858.2835898,0.0,0.0,0.0009506880044937133
1785289858.2848585,0.0,0.0,0.0009097920060157776
1785289858.2861245,0.0,0.0,0.0009125760197639466
1785289858.2873914,0.0,0.0,0.0009215679764747619
1785289858.2886417,0.0,0.0,0.0009000319838523865
1785289858.2898982,0.0,0.0,0.0009123839735984803
1785289858.2911675,0.0,0.0,0.0009264320135116578
1785289858.2924206,0.0,0.0,0.0009040960073471069
1785289858.2936954,0.0,0.0,0.000922752022743225
1785289858.2950473,0.0,0.0,0.0009302719831466675
1785289858.2963324,0.0,0.0,0.000913856029510498
1785289858.2976143,0.0,0.0,0.0009326080083847046
1785289858.2988806,0.0,0.0,0.000918944001197815
1785289858.3001633,0.0,0.0,0.0009113919734954834
1785289858.3014238,0.0,0.0,0.0009101439714431763
1785289858.3026974,0.0,0.0,0.0009262400269508361
1785289858.3040006,0.0,0.0,0.0009524800181388855
1785289858.305304,0.0,0.0,0.0009332799911499024
1785289858.3065853,0.0,0.0,0.0009290559887886047
1785289858.3078907,0.0,0.0,0.0009528639912605286
1785289858.3091652,0.0,0.0,0.0009208319783210754
1785289858.3104362,0.0,0.0,0.0009199039936065674
1785289858.3117292,0.0,0.0,0.0009433919787406921
1785289858.3129635,0.0,0.0,0.0008809599876403809
1785289858.3142312,0.0,0.0,0.0009163519740104675
1785289858.3155282,0.0,0.0,0.000948032021522522
1785289858.3168168,0.0,0.0,0.0009291840195655822
1785289858.3180795,0.0,0.0,0.0009120000004768372
1785289858.3193731,0.0,0.0,0.0009366719722747802
1785289858.3213184,0.0,0.0,0.0015905920267105102
1785289858.3226569,0.0,0.0,0.0009502400159835815
1785289858.3239703,0.0,0.0,0.0009505599737167358
1785289858.3252466,0.0,0.0,0.0009176959991455078
1785289858.326526,0.0,0.0,0.0009257280230522155
1785289858.3278162,0.0,0.0,0.0009344000220298767
1785289858.3290823,0.0,0.0,0.0009121599793434143
1785289858.3303454,0.0,0.0,0.0009117119908332824
1785289858.3316221,0.0,0.0,0.0009215679764747619
1785289858.3328757,0.0,0.0,0.0009058880209922791
1785289858.334143,0.0,0.0,0.0009161279797554016
1785289858.3354235,0.0,0.0,0.0009310399889945984
1785289858.3366785,0.0,0.0,0.0009071999788284302
1785289858.3379405,0.0,0.0,0.0008981760144233704
1785289858.3392508,0.0,0.0,0.0009442239999771119
1785289858.340511,0.0,0.0,0.0009091200232505799
1785289858.3417447,0.0,0.0,0.0008885759711265564
1785289858.3430047,0.0,0.0,0.0009079359769821167
1785289858.3442895,0.0,0.0,0.0009103040099143982
1785289858.345557,0.0,0.0,0.0009125120043754578
1785289858.3468068,0.0,0.0,0.0009017919898033142
1785289858.3480942,0.0,0.0,0.0009211840033531189
1785289858.349366,0.0,0.0,0.0009240000247955322
1785289858.350648,0.0,0.0,0.0009258880019187927
1785289858.3519382,0.0,0.0,0.0009333760142326354
1785289858.3532038,0.0,0.0,0.0009150400161743164
1785289858.3544748,0.0,0.0,0.000922432005405426
1785289858.3557606,0.0,0.0,0.0009378560185432434
1785289858.357027,0.0,0.0,0.0009130880236625672
1785289858.3582914,0.0,0.0,0.0009106240272521973
1785289858.3595867,0.0,0.0,0.0009487360119819641
1785289858.3608732,0.0,0.0,0.0009318400025367737
1785289858.3621593,0.0,0.0,0.000935808002948761
1785289858.3634508,0.0,0.0,0.0009426239728927612
1785289858.3647358,0.0,0.0,0.0009274560213088989
1785289858.3660047,0.0,0.0,0.0009171839952468872
1785289858.3673012,0.0,0.0,0.0009397119879722595
1785289858.368567,0.0,0.0,0.0009147840142250061
1785289858.369811,0.0,0.0,0.0009007999897003173
1785289858.3711112,0.0,0.0,0.0009142720103263855
1785289858.3724024,0.0,0.0,0.0009257599711418151
1785289858.3736804,0.0,0.0,0.0009229760169982911
1785289858.3749382,0.0,0.0,0.0009075199961662292
1785289858.376927,0.0,0.0,0.0016041920185089111
1785289858.3782597,0.0,0.0,0.000948095977306366
1785289858.3795846,0.0,0.0,0.0009605759978294372
1785289858.380875,0.0,0.0,0.0009327039718627929
1785289858.3821445,0.0,0.0,0.000912608027458191
1785289858.3834512,0.0,0.0,0.0009587200284004212
1785289858.3847466,0.0,0.0,0.0009319999814033508
1785289858.3860312,0.0,0.0,0.0009279040098190308
1785289858.3873346,0.0,0.0,0.0009504640102386474
1785289858.3886347,0.0,0.0,0.000940288007259369
1785289858.3899193,0.0,0.0,0.0009304640293121338
1785289858.3912094,0.0,0.0,0.0009391040205955505
1785289858.392523,0.0,0.0,0.0009464640021324158
1785289858.393801,0.0,0.0,0.0009201920032501221
1785289858.3950832,0.0,0.0,0.0009304640293121338
1785289858.3963835,0.0,0.0,0.0009214079976081848
1785289858.3976705,0.0,0.0,0.0009334080219268798
1785289858.3989494,0.0,0.0,0.0009359999895095825
1785289858.4002562,0.0,0.0,0.0009253439903259277
1785289858.4015353,0.0,0.0,0.0009251520037651062
1785289858.4028263,0.0,0.0,0.0009308480024337769
1785289858.4041557,0.0,0.0,0.0009363520145416259
1785289858.4054058,0.0,0.0,0.0008962560296058655
1785289858.406676,0.0,0.0,0.000918175995349884
1785289858.4079561,0.0,0.0,0.0009306560158729553
1785289858.4092171,0.0,0.0,0.0009096000194549561
1785289858.4104836,0.0,0.0,0.0009170879721641541
1785289858.4117868,0.0,0.0,0.0009497600197792053
1785289858.4130626,0.0,0.0,0.0009255040287971496
1785289858.4143236,0.0,0.0,0.0009096000194549561
1785289858.415618,0.0,0.0,0.0009519680142402649
1785289858.4168727,0.0,0.0,0.0009043200016021728
1785289858.418139,0.0,0.0,0.0009151039719581605
1785289858.4194272,0.0,0.0,0.0009366400241851806
1785289858.420713,0.0,0.0,0.0009188799858093261
1785289858.4219797,0.0,0.0,0.0009139840006828308
1785289858.4232693,0.0,0.0,0.0009446079730987549
1785289858.4245462,0.0,0.0,0.0009265919923782349
1785289858.4258099,0.0,0.0,0.0009123200178146363
1785289858.4270759,0.0,0.0,0.0009109119772911071
1785289858.4283757,0.0,0.0,0.0009190719723701477
1785289858.4296358,0.0,0.0,0.0009061440229415894
1785289858.4309268,0.0,0.0,0.000933023989200592
1785289858.4329352,0.0,0.0,0.0009727360010147095
1785289858.4342422,0.0,0.0,0.000941215991973877
1785289858.4355793,0.0,0.0,0.0009796800017356872
1785289858.436889,0.0,0.0,0.0009346879720687866
1785289858.4381745,0.0,0.0,0.0009251199960708618
1785289858.4394643,0.0,0.0,0.0009361600279808044
1785289858.4407794,0.0,0.0,0.0009533119797706604
1785289858.4420452,0.0,0.0,0.0009148799777030944
1785289858.4433446,0.0,0.0,0.0009455360174179077
1785289858.4446218,0.0,0.0,0.0009183359742164611
1785289858.4458883,0.0,0.0,0.000911903977394104
1785289858.4471812,0.0,0.0,0.0009457280039787293
1785289858.4484582,0.0,0.0,0.0009278079867362976
1785289858.449726,0.0,0.0,0.0009208639860153198
1785289858.4509919,0.0,0.0,0.0009159039855003357
1785289858.4522846,0.0,0.0,0.0009202240109443665
1785289858.4535332,0.0,0.0,0.0008977919816970826
1785289858.4548128,0.0,0.0,0.0009264960289001465
1785289858.4561296,0.0,0.0,0.0009415040016174317
1785289858.4573994,0.0,0.0,0.0009173439741134643
1785289858.4586506,0.0,0.0,0.0009031360149383545
1785289858.4599335,0.0,0.0,0.0009362239837646484
1785289858.4611905,0.0,0.0,0.0009048960208892823
1785289858.462487,0.0,0.0,0.0009280639886856079
1785289858.463793,0.0,0.0,0.0009498559832572937
1785289858.4650536,0.0,0.0,0.0009059200286865235
1785289858.4663162,0.0,0.0,0.000908352017402649
1785289858.4676201,0.0,0.0,0.0009586880207061768
1785289858.468901,0.0,0.0,0.0009303680062294007
1785289858.470203,0.0,0.0,0.0009316480159759521
1785289858.471503,0.0,0.0,0.0009491199851036072
1785289858.4727705,0.0,0.0,0.0009127039909362793
1785289858.4740405,0.0,0.0,0.0009184640049934387
1785289858.4753304,0.0,0.0,0.0009389119744300842
1785289858.4766142,0.0,0.0,0.0009246079921722412
1785289858.4778848,0.0,0.0,0.0009188159704208375
1785289858.479174,0.0,0.0,0.0009336320161819458
1785289858.4804385,0.0,0.0,0.0009130560159683228
1785289858.481723,0.0,0.0,0.000928704023361206
1785289858.483013,0.0,0.0,0.0009286720156669617
1785289858.484306,0.0,0.0,0.0009150720238685608
1785289858.4855833,0.0,0.0,0.0009199360013008118
1785289858.4876513,0.0,0.0,0.0017110719680786134
1785289858.4889715,0.0,0.0,0.0009288319945335388
1785289858.4902737,0.0,0.0,0.00093094402551651
1785289858.4915826,0.0,0.0,0.0009534400105476379
1785289858.4928477,0.0,0.0,0.0009082239866256713
1785289858.4941058,0.0,0.0,0.000908896028995514
1785289858.4954083,0.0,0.0,0.0009490240216255188
1785289858.4966848,0.0,0.0,0.0009221760034561157
1785289858.4979415,0.0,0.0,0.0009026240110397339
1785289858.4992514,0.0,0.0,0.0009542719721794128
1785289858.500521,0.0,0.0,0.0009151679873466491
1785289858.501796,0.0,0.0,0.0009180480241775513
1785289858.5030665,0.0,0.0,0.0009128640294075012
1785289858.5043855,0.0,0.0,0.0009245759844779968
1785289858.5056689,0.0,0.0,0.0009204800128936768
1785289858.5069366,0.0,0.0,0.0009197120070457459
1785289858.508233,0.0,0.0,0.0009222400188446045
1785289858.5094934,0.0,0.0,0.0009099839925765991
1785289858.5107415,0.0,0.0,0.0008994240164756775
1785289858.5120502,0.0,0.0,0.0009578239917755127
1785289858.5132983,0.0,0.0,0.000898751974105835
1785289858.5145538,0.0,0.0,0.0009056640267372132
1785289858.5158348,0.0,0.0,0.0009350079894065857
1785289858.5171072,0.0,0.0,0.000922655999660492
1785289858.5183818,0.0,0.0,0.0009268479943275452
1785289858.5196917,0.0,0.0,0.0009595839977264404
1785289858.5209618,0.0,0.0,0.0009154880046844483
1785289858.5222216,0.0,0.0,0.0009096639752388001
1785289858.523504,0.0,0.0,0.0009346879720687866
1785289858.524777,0.0,0.0,0.0009223999977111816
1785289858.5260367,0.0,0.0,0.0009113280177116394
1785289858.5273492,0.0,0.0,0.0009585599899291993
1785289858.5286138,0.0,0.0,0.0009148480296134948
1785289858.5298805,0.0,0.0,0.0009167680144309998
1785289858.5311728,0.0,0.0,0.0009428160190582275
1785289858.5324385,0.0,0.0,0.0009147840142250061
1785289858.5337074,0.0,0.0,0.0009181119799613952
1785289858.5349615,0.0,0.0,0.0009109759926795959
1785289858.5362585,0.0,0.0,0.0009148799777030944
1785289858.5375478,0.0,0.0,0.0009306880235671997
1785289858.538816,0.0,0.0,0.0009100160002708435
1785289858.5401156,0.0,0.0,0.0009263359904289246
1785289858.542042,0.0,0.0,0.0009167360067367554
1785289858.5434265,0.0,0.0,0.0009819520115852355
1785289858.5447073,0.0,0.0,0.0009142400026321411
1785289858.5459867,0.0,0.0,0.0009248960018157959
1785289858.5472677,0.0,0.0,0.0009293760061264038
1785289858.548555,0.0,0.0,0.0009279360175132752
1785289858.5498343,0.0,0.0,0.0009258880019187927
1785289858.5511274,0.0,0.0,0.0009419199824333191
1785289858.552414,0.0,0.0,0.0009253119826316833
1785289858.5536778,0.0,0.0,0.0009119359850883484
1785289858.5549476,0.0,0.0,0.0009181439876556396
1785289858.5562556,0.0,0.0,0.0009314240217208862
1785289858.5575254,0.0,0.0,0.0009211199879646301
1785289858.5588076,0.0,0.0,0.0009318079948425293
1785289858.5601194,0.0,0.0,0.0009391679763793945
1785289858.561389,0.0,0.0,0.0009137279987335205
1785289858.562652,0.0,0.0,0.0009129279851913452
1785289858.5639403,0.0,0.0,0.0009428480267524719
1785289858.5651975,0.0,0.0,0.0009036800265312195
1785289858.5664775,0.0,0.0,0.0009321600198745727
1785289858.567762,0.0,0.0,0.0009358720183372497
1785289858.569023,0.0,0.0,0.0009057279825210571
1785289858.5702887,0.0,0.0,0.0009135680198669434
1785289858.5715888,0.0,0.0,0.0009453439712524414
1785289858.572856,0.0,0.0,0.0009143999814987182
1785289858.5741308,0.0,0.0,0.0009240639805793762
1785289858.5754173,0.0,0.0,0.0009395520091056823
1785289858.576697,0.0,0.0,0.0009245439767837524
1785289858.5779555,0.0,0.0,0.0009091519713401795
1785289858.579238,0.0,0.0,0.0009294720292091369
1785289858.5805004,0.0,0.0,0.0009102720022201538
1785289858.5817657,0.0,0.0,0.000917792022228241
1785289858.5830266,0.0,0.0,0.0009111040234565735
1785289858.5843072,0.0,0.0,0.0009085119962692261
1785289858.5855615,0.0,0.0,0.0009076160192489624
1785289858.5868006,0.0,0.0,0.0008908159732818604
1785289858.5881104,0.0,0.0,0.0009359679818153381
1785289858.5893953,0.0,0.0,0.0009089919924736023
1785289858.5906742,0.0,0.0,0.0009233279824256897
1785289858.5919662,0.0,0.0,0.0009392639994621277
1785289858.593247,0.0,0.0,0.000913919985294342
1785289858.5945156,0.0,0.0,0.0009108480215072632
1785289858.5958302,0.0,0.0,0.0009571200013160705
1785289858.5978003,0.0,0.0,0.0016128959655761718
1785289858.5991488,0.0,0.0,0.0009557759761810303
1785289858.6004434,0.0,0.0,0.000926144003868103
1785289858.6017456,0.0,0.0,0.0009388800263404846
1785289858.6030385,0.0,0.0,0.0009200000166893006
1785289858.6047618,0.0,0.0,0.0010469119548797607
1785289858.6061263,0.0,0.0,0.0009468160271644592
1785289858.607479,0.0,0.0,0.0009771519899368286
1785289858.6087863,0.0,0.0,0.0009342399835586548
1785289858.6101038,0.0,0.0,0.0009431999921798706
1785289858.6114476,0.0,0.0,0.0009760959744453431
1785289858.612753,0.0,0.0,0.0009313600063323975
1785289858.6140413,0.0,0.0,0.0009217919707298278
1785289858.6153643,0.0,0.0,0.0009615359902381897
1785289858.616655,0.0,0.0,0.0009183679819107055
1785289858.6179578,0.0,0.0,0.0009376959800720215
1785289858.6192737,0.0,0.0,0.0009487680196762085
1785289858.6205754,0.0,0.0,0.0009316160082817078
1785289858.6218822,0.0,0.0,0.0009419519901275635
1785289858.6231725,0.0,0.0,0.000929535984992981
1785289858.6244686,0.0,0.0,0.000926912009716034
1785289858.625751,0.0,0.0,0.0009199680089950562
1785289858.6270301,0.0,0.0,0.0009145920276641846
1785289858.6283362,0.0,0.0,0.0009165440201759339
1785289858.6296241,0.0,0.0,0.0009238719940185547
1785289858.6308901,0.0,0.0,0.0009059200286865235
1785289858.6322021,0.0,0.0,0.0009323199987411499
1785289858.6334727,0.0,0.0,0.0009082559943199157
1785289858.6347718,0.0,0.0,0.0009372799992561341
1785289858.6360962,0.0,0.0,0.0009342719912528992
1785289858.637413,0.0,0.0,0.0009254720211029052
1785289858.6386817,0.0,0.0,0.000912064015865326
1785289858.640015,0.0,0.0,0.0009709439873695373
1785289858.6412964,0.0,0.0,0.000915552020072937
1785289858.6425817,0.0,0.0,0.000928704023361206
1785289858.6439073,0.0,0.0,0.0009602559804916382
1785289858.6451936,0.0,0.0,0.0009196159839630127
1785289858.6464875,0.0,0.0,0.0009274240136146546
1785289858.6479645,0.0,0.0,0.0011181440353393555
1785289858.649276,0.0,0.0,0.000928704023361206
1785289858.6505654,0.0,0.0,0.0009297599792480469
1785289858.652536,0.0,0.0,0.0016055680513381958
1785289858.653914,0.0,0.0,0.0009675520062446594
1785289858.6552415,0.0,0.0,0.0009617279767990113
1785289858.656546,0.0,0.0,0.0009319040179252624
1785289858.6578207,0.0,0.0,0.0009187840223312378
1785289858.6591175,0.0,0.0,0.0009162240028381348
1785289858.660417,0.0,0.0,0.0009345279932022095
1785289858.6617098,0.0,0.0,0.0009294720292091369
1785289858.662993,0.0,0.0,0.0009251840114593506
1785289858.6643262,0.0,0.0,0.0009450560212135315
1785289858.6655898,0.0,0.0,0.0009038400053977966
1785289858.6668527,0.0,0.0,0.0009055359959602356
1785289858.6681528,0.0,0.0,0.0009265279769897461
1785289858.669438,0.0,0.0,0.0009208959937095642
1785289858.6707237,0.0,0.0,0.0009127359986305237
1785289858.6720302,0.0,0.0,0.000951200008392334
1785289858.6733243,0.0,0.0,0.000918720006942749
1785289858.67461,0.0,0.0,0.0009268159866333008
1785289858.6759279,0.0,0.0,0.0009603840112686157
1785289858.6772408,0.0,0.0,0.0009498879909515381
1785289858.6785328,0.0,0.0,0.000939903974533081
1785289858.6798134,0.0,0.0,0.0009262400269508361
1785289858.6810691,0.0,0.0,0.0009013760089874268
1785289858.6823378,0.0,0.0,0.0009125760197639466
1785289858.683621,0.0,0.0,0.0009339200258255005
1785289858.6849065,0.0,0.0,0.0009301760196685791
1785289858.6861863,0.0,0.0,0.000920415997505188
1785289858.687506,0.0,0.0,0.0009580159783363342
1785289858.6887896,0.0,0.0,0.0009200959801673889
1785289858.6900716,0.0,0.0,0.0009264960289001465
1785289858.6913695,0.0,0.0,0.0009441919922828675
1785289858.6926506,0.0,0.0,0.0009247360229492187
1785289858.6939158,0.0,0.0,0.000912608027458191
1785289858.6952183,0.0,0.0,0.0009468479752540588
1785289858.6965046,0.0,0.0,0.0009248319864273071
1785289858.6977794,0.0,0.0,0.0009231359958648682
1785289858.6990469,0.0,0.0,0.000911903977394104
1785289858.700335,0.0,0.0,0.0009090880155563355
1785289858.70161,0.0,0.0,0.0009206079840660095
1785289858.7030282,0.0,0.0,0.0010640640258789062
1785289858.7044134,0.0,0.0,0.0009107840061187744
1785289858.7057395,0.0,0.0,0.0009333440065383912
1785289858.7076094,0.0,0.0,0.0015079679489135743
1785289858.7089155,0.0,0.0,0.0009285759925842285
1785289858.7102146,0.0,0.0,0.0009405440092086791
1785289858.7115362,0.0,0.0,0.0009651520252227783
1785289858.712821,0.0,0.0,0.0009292799830436706
1785289858.714079,0.0,0.0,0.0008998079895973205
1785289858.7153773,0.0,0.0,0.000945472002029419
1785289858.716664,0.0,0.0,0.0009259200096130371
1785289858.717939,0.0,0.0,0.0009160640239715577
1785289858.7192564,0.0,0.0,0.0009481599926948548
1785289858.720545,0.0,0.0,0.0009309759736061096
1785289858.7218156,0.0,0.0,0.000918175995349884
1785289858.7231216,0.0,0.0,0.0009299839735031128
1785289858.724413,0.0,0.0,0.0009298560023307801
1785289858.7257106,0.0,0.0,0.0009465919733047485
1785289858.7269852,0.0,0.0,0.0009209280014038086
1785289858.7282934,0.0,0.0,0.0009381120204925537
1785289858.7295725,0.0,0.0,0.0009178879857063293
1785289858.7308407,0.0,0.0,0.0009120960235595704
1785289858.7322352,0.0,0.0,0.0009341760277748108
1785289858.7335086,0.0,0.0,0.0009136319756507873
1785289858.7347746,0.0,0.0,0.0009076799750328064
1785289858.7360728,0.0,0.0,0.0009286080002784729
1785289858.737399,0.0,0.0,0.0009403520226478576
1785289858.738689,0.0,0.0,0.0009353600144386291
1785289858.7399766,0.0,0.0,0.0009362559914588928
1785289858.7412565,0.0,0.0,0.0009247679710388183
1785289858.7425277,0.0,0.0,0.0009182720184326172
1785289858.7438369,0.0,0.0,0.0009542400240898132
1785289858.745101,0.0,0.0,0.0009109439849853515
1785289858.7463746,0.0,0.0,0.0009197440147399903
1785289858.747673,0.0,0.0,0.0009437440037727356
1785289858.7489583,0.0,0.0,0.0009247040152549744
1785289858.7502284,0.0,0.0,0.0009146559834480285
1785289858.7515147,0.0,0.0,0.0009308800101280213
1785289858.7527995,0.0,0.0,0.000921343982219696
1785289858.7540565,0.0,0.0,0.0009028480052947998
1785289858.7553756,0.0,0.0,0.0009449599981307984
1785289858.7566469,0.0,0.0,0.0009141119718551636
1785289858.758057,0.0,0.0,0.001052608013153076
1785289858.7593637,0.0,0.0,0.0009447039961814881
1785289858.7606385,0.0,0.0,0.0009203519821166992
1785289858.7619154,0.0,0.0,0.0009204800128936768
1785289858.7637753,0.0,0.0,0.00097462397813797
1785289858.7650676,0.0,0.0,0.000926367998123169
1785289858.7663333,0.0,0.0,0.0009104319810867309
1785289858.7677112,0.0,0.0,0.0010254080295562743
1785289858.7690077,0.0,0.0,0.000929311990737915
1785289858.7702937,0.0,0.0,0.0009232320189476014
1785289858.7716272,0.0,0.0,0.0009562879800796509
1785289858.7729106,0.0,0.0,0.0009245439767837524
1785289858.774193,0.0,0.0,0.0009276800155639649
1785289858.775493,0.0,0.0,0.0009475200176239013
1785289858.776769,0.0,0.0,0.0009209920167922974
1785289858.7780592,0.0,0.0,0.0009340800046920777
1785289858.7793992,0.0,0.0,0.0009775999784469604
1785289858.780711,0.0,0.0,0.0009481920003890992
1785289858.7819898,0.0,0.0,0.0009222720265388488
1785289858.7832851,0.0,0.0,0.0009387199878692627
1785289858.784562,0.0,0.0,0.0009197760224342347
1785289858.7858338,0.0,0.0,0.0009174079895019531
1785289858.7871332,0.0,0.0,0.0009391999840736389
1785289858.7884052,0.0,0.0,0.0009164800047874451
1785289858.7896519,0.0,0.0,0.0008963199853897095
1785289858.7909105,0.0,0.0,0.0009071040153503418
1785289858.792198,0.0,0.0,0.0009168959856033325
1785289858.7934756,0.0,0.0,0.0009186879992485046
1785289858.7947497,0.0,0.0,0.0009217280149459839
1785289858.7960413,0.0,0.0,0.0009365440011024475
1785289858.7973158,0.0,0.0,0.0009169600009918213
1785289858.7985725,0.0,0.0,0.000902463972568512
1785289858.7998753,0.0,0.0,0.000948032021522522
1785289858.801133,0.0,0.0,0.0009000319838523865
1785289858.8024063,0.0,0.0,0.0009216960072517395
1785289858.8037093,0.0,0.0,0.0009329280257225036
1785289858.8049715,0.0,0.0,0.0009109119772911071
1785289858.8062308,0.0,0.0,0.0009039360284805298
1785289858.8075294,0.0,0.0,0.0009462720155715942
1785289858.8087947,0.0,0.0,0.0009125120043754578
1785289858.8100588,0.0,0.0,0.0009135680198669434
1785289858.8113835,0.0,0.0,0.0009635840058326721
1785289858.8126755,0.0,0.0,0.0009312000274658203
1785289858.814112,0.0,0.0,0.0009474560022354127
1785289858.815429,0.0,0.0,0.0009592639803886414
1785289858.816702,0.0,0.0,0.0009215999841690063
1785289858.8185155,0.0,0.0,0.0014603519439697265
1785289858.819835,0.0,0.0,0.0009541119933128357
1785289858.821126,0.0,0.0,0.0009321600198745727
1785289858.8224127,0.0,0.0,0.000927232027053833
1785289858.8237004,0.0,0.0,0.0009311360120773316
1785289858.824982,0.0,0.0,0.000921504020690918
1785289858.8262327,0.0,0.0,0.0009001280069351196
1785289858.8275318,0.0,0.0,0.0009465280175209045
1785289858.8288083,0.0,0.0,0.0009171839952468872
1785289858.8300805,0.0,0.0,0.0009160959720611573
1785289858.8313785,0.0,0.0,0.0009450240135192871
1785289858.8326561,0.0,0.0,0.0009141759872436523
1785289858.8339362,0.0,0.0,0.0009262080192565917
1785289858.8352392,0.0,0.0,0.0009509440064430236
1785289858.8365095,0.0,0.0,0.0009083840250968933
1785289858.837809,0.0,0.0,0.000919327974319458
1785289858.8390803,0.0,0.0,0.0009180480241775513
1785289858.840352,0.0,0.0,0.0008950719833374024
1785289858.8416133,0.0,0.0,0.0009063360095024109
1785289858.8428814,0.0,0.0,0.000915776014328003
1785289858.8441653,0.0,0.0,0.0009077119827270507
1785289858.8454323,0.0,0.0,0.0009114239811897277
1785289858.8466926,0.0,0.0,0.0009068800210952759
1785289858.848003,0.0,0.0,0.0009498879909515381
1785289858.8492649,0.0,0.0,0.0009095360040664673
1785289858.850533,0.0,0.0,0.0009166399836540222
1785289858.8518338,0.0,0.0,0.0009439039826393128
1785289858.8530908,0.0,0.0,0.0009012799859046936
1785289858.854365,0.0,0.0,0.0009219840168952942
1785289858.8556316,0.0,0.0,0.0009197760224342347
1785289858.8568978,0.0,0.0,0.0009148799777030944
1785289858.8581526,0.0,0.0,0.0009008640050888061
1785289858.8594494,0.0,0.0,0.0009460160136222839
1785289858.860719,0.0,0.0,0.0009151039719581605
1785289858.8619778,0.0,0.0,0.0009066879749298096
1785289858.863252,0.0,0.0,0.000926751971244812
1785289858.8645284,0.0,0.0,0.0009203519821166992
1785289858.8658037,0.0,0.0,0.0009229760169982911
1785289858.8670905,0.0,0.0,0.0009273920059204102
1785289858.8685327,0.0,0.0,0.0010659199953079223
1785289858.8698418,0.0,0.0,0.0009297279715538025
1785289858.871125,0.0,0.0,0.0009080960154533386
1785289858.872958,0.0,0.0,0.0014703680276870728
1785289858.8742528,0.0,0.0,0.0009317439794540405
1785289858.8755686,0.0,0.0,0.000962112009525299
1785289858.8768342,0.0,0.0,0.000907967984676361
1785289858.8781233,0.0,0.0,0.0009385920166969299
1785289858.879447,0.0,0.0,0.000971231997013092
1785289858.8807392,0.0,0.0,0.0009338880181312561
1785289858.8820257,0.0,0.0,0.0009350720047950745
1785289858.8833556,0.0,0.0,0.0009691839814186097
1785289858.8846376,0.0,0.0,0.0009244480133056641
1785289858.885918,0.0,0.0,0.0009208639860153198
1785289858.8872204,0.0,0.0,0.0009494720101356506
1785289858.888511,0.0,0.0,0.0009315840005874634
1785289858.8897836,0.0,0.0,0.0009226239919662476
1785289858.8910532,0.0,0.0,0.0009198079705238342
1785289858.892363,0.0,0.0,0.0009296000003814697
1785289858.8936226,0.0,0.0,0.000906175971031189
1785289858.8949192,0.0,0.0,0.0009436479806900024
1785289858.8962843,0.0,0.0,0.0009548159837722779
1785289858.897553,0.0,0.0,0.0009109439849853515
1785289858.8988261,0.0,0.0,0.0009250239729881286
1785289858.9001346,0.0,0.0,0.0009165120124816895
1785289858.9014075,0.0,0.0,0.0009184319972991943
1785289858.9026837,0.0,0.0,0.0009214400053024292
1785289858.9040067,0.0,0.0,0.0009553920030593872
1785289858.9052699,0.0,0.0,0.000914463996887207
1785289858.906559,0.0,0.0,0.0009308159947395325
1785289858.9078758,0.0,0.0,0.0009508479833602905
1785289858.9091613,0.0,0.0,0.0009304000139236451
1785289858.9104345,0.0,0.0,0.0009108160138130188
1785289858.9117587,0.0,0.0,0.0009674559831619263
1785289858.9130282,0.0,0.0,0.000913536012172699
1785289858.9143214,0.0,0.0,0.0009354879856109619
1785289858.9156082,0.0,0.0,0.0009339519739151001
1785289858.916887,0.0,0.0,0.000924127995967865
1785289858.918166,0.0,0.0,0.0009229120016098023
1785289858.9194624,0.0,0.0,0.0009423999786376953
1785289858.9207342,0.0,0.0,0.0009139519929885864
1785289858.9220212,0.0,0.0,0.0009168319702148438
1785289858.9234488,0.0,0.0,0.0010764800310134888
1785289858.9247315,0.0,0.0,0.0009210240244865417
1785289858.9259984,0.0,0.0,0.0009140160083770752
1785289858.927312,0.0,0.0,0.0009608640074729919
1785289858.929143,0.0,0.0,0.0009584640264511109
1785289858.930429,0.0,0.0,0.0009240319728851318
1785289858.93174,0.0,0.0,0.0009575999975204467
1785289858.93302,0.0,0.0,0.0009224960207939148
1785289858.9342804,0.0,0.0,0.0009104319810867309
1785289858.9355812,0.0,0.0,0.0009515839815139771
1785289858.93688,0.0,0.0,0.0009174399971961975
1785289858.9381404,0.0,0.0,0.00090665602684021
1785289858.9394324,0.0,0.0,0.0009395840167999267
1785289858.9406953,0.0,0.0,0.000908735990524292
1785289858.9419668,0.0,0.0,0.0009173759818077087
1785289858.9432917,0.0,0.0,0.0009729599952697754
1785289858.9445827,0.0,0.0,0.0009320319890975952
1785289858.9458337,0.0,0.0,0.0009056640267372132
1785289858.947151,0.0,0.0,0.00095551997423172
1785289858.948428,0.0,0.0,0.0009138879776000976
1785289858.9496968,0.0,0.0,0.0009174399971961975
1785289858.9509819,0.0,0.0,0.0009252480268478393
1785289858.9522984,0.0,0.0,0.0009344959855079651
1785289858.9535775,0.0,0.0,0.0009238399863243103
1785289858.9548452,0.0,0.0,0.0009170879721641541
1785289858.9561574,0.0,0.0,0.0009328640103340149
1785289858.9574308,0.0,0.0,0.0009129599928855896
1785289858.9587119,0.0,0.0,0.0009208319783210754
1785289858.960025,0.0,0.0,0.0009579520225524902
1785289858.9613135,0.0,0.0,0.0009308480024337769
1785289858.9625843,0.0,0.0,0.0009170879721641541
1785289858.9638946,0.0,0.0,0.0009514240026473999
1785289858.9651752,0.0,0.0,0.0009259840250015258
1785289858.9664483,0.0,0.0,0.0009200000166893006
1785289858.9677558,0.0,0.0,0.0009493119716644287
1785289858.969027,0.0,0.0,0.0009185600280761718
1785289858.9703195,0.0,0.0,0.0009222720265388488
1785289858.97164,0.0,0.0,0.0009593279957771301
1785289858.9729288,0.0,0.0,0.0009275199770927429
1785289858.9742165,0.0,0.0,0.0009354559779167175
1785289858.975521,0.0,0.0,0.0009552000164985657
1785289858.976797,0.0,0.0,0.0009155840277671813
1785289858.9781907,0.0,0.0,0.0010416959524154664
1785289858.9794939,0.0,0.0,0.0009472960233688354
1785289858.9807801,0.0,0.0,0.0009267839789390564
1785289858.9820442,0.0,0.0,0.0009133120179176331
1785289858.983914,0.0,0.0,0.0015074880123138428
1785289858.9852114,0.0,0.0,0.0009294400215148925
1785289858.9864953,0.0,0.0,0.0009241920113563538
1785289858.9878018,0.0,0.0,0.0009542400240898132
1785289858.9890757,0.0,0.0,0.0009127039909362793
1785289858.990338,0.0,0.0,0.000914080023765564
1785289858.9916377,0.0,0.0,0.0009466559886932373
1785289858.9929154,0.0,0.0,0.0009168319702148438
1785289858.9941835,0.0,0.0,0.0009137600064277649
1785289858.9954803,0.0,0.0,0.0009419519901275635
1785289858.9967833,0.0,0.0,0.0009424960017204285
1785289858.9980748,0.0,0.0,0.0009333760142326354
1785289858.9993863,0.0,0.0,0.0009585919976234436
1785289859.0006607,0.0,0.0,0.0009190400242805481
1785289859.001914,0.0,0.0,0.000901087999343872
1785289859.003248,0.0,0.0,0.000955456018447876
1785289859.004548,0.0,0.0,0.0009256640076637268
1785289859.0058286,0.0,0.0,0.0009291200041770935
1785289859.0071578,0.0,0.0,0.0009745919704437256
1785289859.008458,0.0,0.0,0.0009363520145416259
1785289859.0097225,0.0,0.0,0.0009090240001678467
1785289859.0110137,0.0,0.0,0.0009381120204925537
1785289859.0123186,0.0,0.0,0.0009271360039710999
1785289859.0135887,0.0,0.0,0.0009168000221252442
1785289859.014844,0.0,0.0,0.0009056000113487244
1785289859.0161455,0.0,0.0,0.0009272000193595886
1785289859.0174284,0.0,0.0,0.0009259840250015258
1785289859.0186863,0.0,0.0,0.0009094719886779785
1785289859.0199752,0.0,0.0,0.000938431978225708
1785289859.0212429,0.0,0.0,0.0009147840142250061
1785289859.0225122,0.0,0.0,0.0009120320081710816
1785289859.0238008,0.0,0.0,0.0009356799721717834
1785289859.0250716,0.0,0.0,0.0009165120124816895
1785289859.0263314,0.0,0.0,0.0009127039909362793
1785289859.027628,0.0,0.0,0.0009448639750480652
1785289859.0289073,0.0,0.0,0.0009230719804763794
1785289859.030161,0.0,0.0,0.0008999999761581421
1785289859.0314476,0.0,0.0,0.0009352959990501404
1785289859.0327153,0.0,0.0,0.0009147520065307617
1785289859.034142,0.0,0.0,0.0010753920078277587
1785289859.0354366,0.0,0.0,0.0009393280148506164
1785289859.0367382,0.0,0.0,0.0009262719750404358
1785289859.0385892,0.0,0.0,0.0014941439628601075
1785289859.03991,0.0,0.0,0.0009572160243988037
1785289859.0412002,0.0,0.0,0.0009271360039710999
1785289859.0424664,0.0,0.0,0.000911679983139038
1785289859.043763,0.0,0.0,0.0009447360038757325
1785289859.045038,0.0,0.0,0.0009183359742164611
1785289859.0463035,0.0,0.0,0.0009116479754447938
1785289859.0475998,0.0,0.0,0.0009439039826393128
1785289859.0488725,0.0,0.0,0.000922655999660492
1785289859.0501192,0.0,0.0,0.0008939520120620727
1785289859.0514195,0.0,0.0,0.000948095977306366
1785289859.052686,0.0,0.0,0.000916703999042511
1785289859.0539582,0.0,0.0,0.0009196159839630127
1785289859.0552688,0.0,0.0,0.0009581120014190673
1785289859.0565417,0.0,0.0,0.000918175995349884
1785289859.0578032,0.0,0.0,0.0009087679982185364
1785289859.059087,0.0,0.0,0.0009277759790420532
1785289859.0604086,0.0,0.0,0.0009391360282897949
1785289859.061678,0.0,0.0,0.0009156799912452698
1785289859.0629578,0.0,0.0,0.0009275839924812317
1785289859.064259,0.0,0.0,0.000922432005405426
1785289859.0655375,0.0,0.0,0.000926367998123169
1785289859.0667996,0.0,0.0,0.0009078400135040283
1785289859.0680945,0.0,0.0,0.0009153599739074706
1785289859.0693924,0.0,0.0,0.0009196159839630127
1785289859.0706477,0.0,0.0,0.0009032639861106872
1785289859.0719447,0.0,0.0,0.0009489279985427857
1785289859.0732253,0.0,0.0,0.0009234240055084229
1785289859.0744987,0.0,0.0,0.0009192320108413697
1785289859.0758092,0.0,0.0,0.0009527360200881958
1785289859.0770931,0.0,0.0,0.0009187520146369934
1785289859.0783622,0.0,0.0,0.0009110400080680847
1785289859.0796683,0.0,0.0,0.0009489279985427857
1785289859.0809572,0.0,0.0,0.0009364799857139587
1785289859.082252,0.0,0.0,0.0009311680197715759
1785289859.0835578,0.0,0.0,0.0009528639912605286
1785289859.0848343,0.0,0.0,0.0009199680089950562
1785289859.0861425,0.0,0.0,0.0009353280067443848
1785289859.0874486,0.0,0.0,0.0009482240080833435
1785289859.0888681,0.0,0.0,0.0010676480531692505
1785289859.090156,0.0,0.0,0.0009279999732971191
1785289859.0914743,0.0,0.0,0.0009631040096282959
1785289859.0932853,0.0,0.0,0.001452672004699707
1785289859.094606,0.0,0.0,0.000953216016292572
1785289859.095917,0.0,0.0,0.0009581440091133117
1785289859.0972126,0.0,0.0,0.0009339839816093445
1785289859.098489,0.0,0.0,0.0009243199825286865
1785289859.0998096,0.0,0.0,0.0009644799828529358
1785289859.1010923,0.0,0.0,0.0009223679900169372
1785289859.102358,0.0,0.0,0.0009097599983215332
1785289859.103651,0.0,0.0,0.0009371839761734009
1785289859.1049252,0.0,0.0,0.0009177600145339966
1785289859.1061885,0.0,0.0,0.0009115840196609497
1785289859.1074872,0.0,0.0,0.0009487680196762085
1785289859.108772,0.0,0.0,0.0009249280095100403
1785289859.110033,0.0,0.0,0.0009069120287895203
1785289859.111321,0.0,0.0,0.0009362879991531372
1785289859.1126044,0.0,0.0,0.0009227839708328247
1785289859.113862,0.0,0.0,0.0009036480188369751
1785289859.1151648,0.0,0.0,0.0009444479942321778
1785289859.1164541,0.0,0.0,0.0009346879720687866
1785289859.11774,0.0,0.0,0.0009256960153579712
1785289859.1190155,0.0,0.0,0.0009240000247955322
1785289859.1203122,0.0,0.0,0.0009196799993515015
1785289859.1215723,0.0,0.0,0.0009080640077590942
1785289859.1228268,0.0,0.0,0.0009070720076560974
1785289859.124116,0.0,0.0,0.0009134719967842102
1785289859.125383,0.0,0.0,0.0009163519740104675
1785289859.1266682,0.0,0.0,0.000925216019153595
1785289859.1279783,0.0,0.0,0.0009573439955711364
1785289859.1292644,0.0,0.0,0.0009145600199699402
1785289859.1305504,0.0,0.0,0.0009342399835586548
1785289859.1318505,0.0,0.0,0.0009464640021324158
1785289859.1331475,0.0,0.0,0.0009400960206985473
1785289859.1344168,0.0,0.0,0.0009137920141220093
1785289859.1357212,0.0,0.0,0.0009310719966888428
1785289859.1369925,0.0,0.0,0.0009142079949378967
1785289859.1382923,0.0,0.0,0.0009436799883842468
1785289859.139614,0.0,0.0,0.0009623039960861206
1785289859.1408997,0.0,0.0,0.0009236159920692444
1785289859.1421819,0.0,0.0,0.0009252480268478393
1785289859.1436052,0.0,0.0,0.001070304036140442
1785289859.1448953,0.0,0.0,0.0009256319999694824
1785289859.1461844,0.0,0.0,0.0009314240217208862
1785289859.147477,0.0,0.0,0.0009375680088996888
1785289859.1493564,0.0,0.0,0.0009428160190582275
1785289859.1506422,0.0,0.0,0.0009208319783210754
1785289859.151938,0.0,0.0,0.0009456639885902405
1785289859.1532016,0.0,0.0,0.0009089919924736023
1785289859.1544764,0.0,0.0,0.0009221760034561157
1785289859.1557894,0.0,0.0,0.0009561280012130737
1785289859.157089,0.0,0.0,0.0009385280013084412
1785289859.1583507,0.0,0.0,0.0009065600037574768
1785289859.1596591,0.0,0.0,0.0009558079838752747
1785289859.1609344,0.0,0.0,0.0009165120124816895
1785289859.1621969,0.0,0.0,0.0009099519848823547
1785289859.1634893,0.0,0.0,0.0009376320242881775
1785289859.1647658,0.0,0.0,0.0009191679954528809
1785289859.1660576,0.0,0.0,0.0009340159893035889
1785289859.1673684,0.0,0.0,0.000959712028503418
1785289859.168733,0.0,0.0,0.0009356799721717834
1785289859.1700444,0.0,0.0,0.0009231359958648682
1785289859.171347,0.0,0.0,0.0009462080001831055
1785289859.17263,0.0,0.0,0.0009302080273628235
1785289859.17389,0.0,0.0,0.0009112319946289062
1785289859.1751866,0.0,0.0,0.0009400640130043029
1785289859.1764736,0.0,0.0,0.0009310399889945984
1785289859.1777346,0.0,0.0,0.0009096959829330444
1785289859.1790273,0.0,0.0,0.0009394879937171936
1785289859.1803305,0.0,0.0,0.0009245759844779968
1785289859.1815965,0.0,0.0,0.0009098880290985108
1785289859.1828723,0.0,0.0,0.0009222080111503601
1785289859.1841621,0.0,0.0,0.0009200639724731445
1785289859.185434,0.0,0.0,0.000916703999042511
1785289859.1867058,0.0,0.0,0.0009231359958648682
1785289859.1880243,0.0,0.0,0.0009658560156822205
1785289859.189309,0.0,0.0,0.0009276160001754761
1785289859.190571,0.0,0.0,0.0009110400080680847
1785289859.1918714,0.0,0.0,0.0009460800290107727
1785289859.1931555,0.0,0.0,0.0009260799884796143
1785289859.1944172,0.0,0.0,0.0009115200042724609
1785289859.1957035,0.0,0.0,0.0009328960180282592
1785289859.1969526,0.0,0.0,0.0008981119990348816
1785289859.1982288,0.0,0.0,0.0009223999977111816
1785289859.1996686,0.0,0.0,0.0009633600115776062
1785289859.2009492,0.0,0.0,0.0009218239784240722
1785289859.2022805,0.0,0.0,0.0009577280282974243
1785289859.2043464,0.0,0.0,0.0017102080583572387
1785289859.205645,0.0,0.0,0.0009351680278778076
1785289859.2069263,0.0,0.0,0.0009295679926872253
1785289859.208235,0.0,0.0,0.0009301440119743348
1785289859.2095037,0.0,0.0,0.000916703999042511
1785289859.210764,0.0,0.0,0.0009158719778060913
1785289859.2120914,0.0,0.0,0.000953760027885437
1785289859.213373,0.0,0.0,0.0009187520146369934
1785289859.214661,0.0,0.0,0.0009368320107460023
1785289859.2159567,0.0,0.0,0.0009475839734077454
1785289859.2172506,0.0,0.0,0.0009416000247001648
1785289859.2184968,0.0,0.0,0.0008973439931869506
1785289859.2197888,0.0,0.0,0.0009400960206985473
1785289859.2210746,0.0,0.0,0.0009285119771957397
1785289859.2223544,0.0,0.0,0.0009227839708328247
1785289859.2236407,0.0,0.0,0.0009333440065383912
1785289859.2249079,0.0,0.0,0.0009120960235595704
1785289859.2261662,0.0,0.0,0.000908896028995514
1785289859.2274806,0.0,0.0,0.0009642239809036255
1785289859.2287657,0.0,0.0,0.0009298239946365357
1785289859.2300406,0.0,0.0,0.0009199039936065674
1785289859.2313457,0.0,0.0,0.0009581120014190673
1785289859.2326176,0.0,0.0,0.0009164479970932007
1785289859.2338965,0.0,0.0,0.0009256960153579712
1785289859.2351747,0.0,0.0,0.0009286720156669617
1785289859.2364376,0.0,0.0,0.0009114559888839721
1785289859.2377012,0.0,0.0,0.0009159359931945801
1785289859.238973,0.0,0.0,0.000922655999660492
1785289859.240261,0.0,0.0,0.0009201279878616333
1785289859.2415206,0.0,0.0,0.0009075199961662292
1785289859.242773,0.0,0.0,0.0009066879749298096
1785289859.244066,0.0,0.0,0.0009216960072517395
1785289859.2453306,0.0,0.0,0.000916320025920868
1785289859.2465987,0.0,0.0,0.000920415997505188
1785289859.2479105,0.0,0.0,0.0009561600089073181
1785289859.2491715,0.0,0.0,0.0009043200016021728
1785289859.2504473,0.0,0.0,0.0009243519902229309
1785289859.2517405,0.0,0.0,0.0009434559941291809
1785289859.2530277,0.0,0.0,0.0009145600199699402
1785289859.2544272,0.0,0.0,0.0010456960201263427
1785289859.2557402,0.0,0.0,0.0009577599763870239
1785289859.2570345,0.0,0.0,0.0009344000220298767
1785289859.2589207,0.0,0.0,0.0015314559936523437
1785289859.260259,0.0,0.0,0.0009410880208015442
1785289859.2615397,0.0,0.0,0.0009237120151519776
1785289859.2628095,0.0,0.0,0.0009211519956588745
1785289859.2641282,0.0,0.0,0.0009357119798660278
1785289859.2653997,0.0,0.0,0.0009197120070457459
1785289859.2666523,0.0,0.0,0.0009040639996528625
1785289859.2679355,0.0,0.0,0.0009326400160789489
1785289859.2692232,0.0,0.0,0.0009192960262298583
1785289859.2704902,0.0,0.0,0.0009130560159683228
1785289859.2717867,0.0,0.0,0.0009476799964904786
1785289859.2730646,0.0,0.0,0.0009244800209999084
1785289859.2743354,0.0,0.0,0.0009186239838600158
1785289859.2756417,0.0,0.0,0.0009547520279884338
1785289859.276921,0.0,0.0,0.0009207040071487427
1785289859.2781851,0.0,0.0,0.0009117760062217712
1785289859.279488,0.0,0.0,0.000950976014137268
1785289859.2807565,0.0,0.0,0.0009162240028381348
1785289859.282019,0.0,0.0,0.0009151359796524047
1785289859.283319,0.0,0.0,0.0009440000057220458
1785289859.2846124,0.0,0.0,0.0009322239756584167
1785289859.2858963,0.0,0.0,0.0009247360229492187
1785289859.2871935,0.0,0.0,0.0009390079975128174
1785289859.288481,0.0,0.0,0.0009356160163879394
1785289859.2897575,0.0,0.0,0.0009248639941215515
1785289859.2910283,0.0,0.0,0.0009167360067367554
1785289859.2923193,0.0,0.0,0.0009154559969902039
1785289859.2936008,0.0,0.0,0.0009217919707298278
1785289859.2948744,0.0,0.0,0.0009216960072517395
1785289859.29617,0.0,0.0,0.0009228159785270691
1785289859.2974381,0.0,0.0,0.0009132159948348999
1785289859.2987118,0.0,0.0,0.0009223999977111816
1785289859.3000197,0.0,0.0,0.0009544320106506347
1785289859.3013003,0.0,0.0,0.0009203519821166992
1785289859.302601,0.0,0.0,0.0009220160245895385
1785289859.3039157,0.0,0.0,0.000954912006855011
1785289859.3051953,0.0,0.0,0.0009210559725761413
1785289859.306463,0.0,0.0,0.0009114559888839721
1785289859.3077743,0.0,0.0,0.0009573439955711364
1785289859.3091877,0.0,0.0,0.001060096025466919
1785289859.3104675,0.0,0.0,0.000918944001197815
1785289859.311777,0.0,0.0,0.000953279972076416
1785289859.31307,0.0,0.0,0.0009331520199775695
1785289859.3148804,0.0,0.0,0.0009301760196685791
1785289859.3162012,0.0,0.0,0.0009316800236701965
1785289859.317493,0.0,0.0,0.0009345279932022095
1785289859.318766,0.0,0.0,0.0009237120151519776
1785289859.3200765,0.0,0.0,0.0009357119798660278
1785289859.321355,0.0,0.0,0.0009237759709358215
1785289859.322636,0.0,0.0,0.0009274240136146546
1785289859.323914,0.0,0.0,0.0009348480105400086
1785289859.3251638,0.0,0.0,0.0008975679874420165
1785289859.3264177,0.0,0.0,0.0009089279770851136
1785289859.3277223,0.0,0.0,0.000956384003162384
1785289859.329009,0.0,0.0,0.0009271360039710999
1785289859.3302882,0.0,0.0,0.0009243839979171753
1785289859.331587,0.0,0.0,0.0009431359767913818
1785289859.3328583,0.0,0.0,0.000916703999042511
1785289859.3341243,0.0,0.0,0.0009141439795494079
1785289859.3354204,0.0,0.0,0.0009271680116653443
1785289859.336709,0.0,0.0,0.0009330880045890808
1785289859.3379943,0.0,0.0,0.000915776014328003
1785289859.339292,0.0,0.0,0.0009404159784317017
1785289859.3405654,0.0,0.0,0.0009169279932975769
1785289859.3418417,0.0,0.0,0.0009223999977111816
1785289859.3431273,0.0,0.0,0.0009184319972991943
1785289859.3444185,0.0,0.0,0.000931007981300354
1785289859.3457122,0.0,0.0,0.0009319999814033508
1785289859.3470082,0.0,0.0,0.0009414719939231873
1785289859.3483264,0.0,0.0,0.0009344000220298767
1785289859.349595,0.0,0.0,0.0009192320108413697
1785289859.3508692,0.0,0.0,0.0009199039936065674
1785289859.3521605,0.0,0.0,0.0009201599955558777
1785289859.3534522,0.0,0.0,0.0009387199878692627
1785289859.3547256,0.0,0.0,0.000918175995349884
1785289859.3560255,0.0,0.0,0.0009510400295257568
1785289859.3573012,0.0,0.0,0.0009206079840660095
1785289859.3585653,0.0,0.0,0.0009145920276641846
1785289859.3598564,0.0,0.0,0.000938048005104065
1785289859.3611324,0.0,0.0,0.0009179840087890625
1785289859.3624046,0.0,0.0,0.0009192960262298583
1785289859.363705,0.0,0.0,0.0009456639885902405
1785289859.3651264,0.0,0.0,0.0009328640103340149
1785289859.3663964,0.0,0.0,0.0009171199798583984
1785289859.3676867,0.0,0.0,0.0009392960071563721
1785289859.3695762,0.0,0.0,0.0015349119901657104
1785289859.3708575,0.0,0.0,0.0009162240028381348
1785289859.372154,0.0,0.0,0.0009194560050964356
1785289859.373436,0.0,0.0,0.0009270079731941223
1785289859.3747113,0.0,0.0,0.0009183359742164611
1785289859.3760161,0.0,0.0,0.0009508479833602905
1785289859.3773177,0.0,0.0,0.0009478399753570557
1785289859.378601,0.0,0.0,0.0009304959774017334
1785289859.3799376,0.0,0.0,0.0009592959880828858
1785289859.3812137,0.0,0.0,0.0009188799858093261
1785289859.3825037,0.0,0.0,0.0009204480051994324
1785289859.3838007,0.0,0.0,0.0009408959746360779
1785289859.3850832,0.0,0.0,0.0009287359714508056
1785289859.386361,0.0,0.0,0.0009251520037651062
1785289859.3876715,0.0,0.0,0.0009553599953651429
1785289859.3889437,0.0,0.0,0.0009196799993515015
1785289859.3902059,0.0,0.0,0.000906495988368988
1785289859.391517,0.0,0.0,0.0009589440226554871
1785289859.3927832,0.0,0.0,0.0009104959964752197
1785289859.3940408,0.0,0.0,0.0009041280150413513
1785289859.3953376,0.0,0.0,0.0009461759924888611
1785289859.3967142,0.0,0.0,0.0009448000192642212
1785289859.3980079,0.0,0.0,0.0009360960125923156
1785289859.3993049,0.0,0.0,0.0009466239809989929
1785289859.4005642,0.0,0.0,0.000907584011554718
1785289859.401846,0.0,0.0,0.000907967984676361
1785289859.403135,0.0,0.0,0.0009346879720687866
1785289859.4044178,0.0,0.0,0.0009241600036621094
1785289859.4056852,0.0,0.0,0.0009183999896049499
1785289859.4069512,0.0,0.0,0.0009120000004768372
1785289859.4082415,0.0,0.0,0.0009184640049934387
1785289859.4095273,0.0,0.0,0.0009308159947395325
1785289859.410797,0.0,0.0,0.0009101439714431763
1785289859.412103,0.0,0.0,0.0009302719831466675
1785289859.4133697,0.0,0.0,0.0009113600254058838
1785289859.4146345,0.0,0.0,0.0009095039963722229
1785289859.4159253,0.0,0.0,0.0009435840249061584
1785289859.4171984,0.0,0.0,0.0009121919870376587
1785289859.4184637,0.0,0.0,0.000915008008480072
1785289859.419887,0.0,0.0,0.0010739840269088745
1785289859.4211888,0.0,0.0,0.0009213119745254516
1785289859.4224725,0.0,0.0,0.0009323520064353943
1785289859.4243696,0.0,0.0,0.001547808051109314
1785289859.4256773,0.0,0.0,0.000944383978843689
1785289859.4269533,0.0,0.0,0.0009208319783210754
1785289859.4282606,0.0,0.0,0.000920960009098053
1785289859.429526,0.0,0.0,0.0009092479944229126
1785289859.4308052,0.0,0.0,0.0009218239784240722
1785289859.4320965,0.0,0.0,0.0009184640049934387
1785289859.4333692,0.0,0.0,0.0009157119989395142
1785289859.4346337,0.0,0.0,0.0009117760062217712
1785289859.4359558,0.0,0.0,0.0009449599981307984
1785289859.4372454,0.0,0.0,0.0009299200177192687
1785289859.4385226,0.0,0.0,0.0009216319918632507
1785289859.4398086,0.0,0.0,0.0009403200149536132
1785289859.4410825,0.0,0.0,0.0009186239838600158
1785289859.4423547,0.0,0.0,0.0009258239865303039
1785289859.4436657,0.0,0.0,0.0009556480050086975
1785289859.4449396,0.0,0.0,0.0009255679845809936
1785289859.4462008,0.0,0.0,0.0009113600254058838
1785289859.447504,0.0,0.0,0.0009430720210075378
1785289859.4487727,0.0,0.0,0.0009137279987335205
1785289859.450031,0.0,0.0,0.0009091200232505799
1785289859.451325,0.0,0.0,0.000944383978843689
1785289859.4525979,0.0,0.0,0.000917631983757019
1785289859.453863,0.0,0.0,0.000910368025302887
1785289859.4551668,0.0,0.0,0.0009457600116729736
1785289859.4564571,0.0,0.0,0.000938048005104065
1785289859.457758,0.0,0.0,0.0009403200149536132
1785289859.4590335,0.0,0.0,0.0009269760251045227
1785289859.460323,0.0,0.0,0.0009116160273551941
1785289859.4616005,0.0,0.0,0.0009258559942245483
1785289859.4628797,0.0,0.0,0.0009270079731941223
1785289859.4641886,0.0,0.0,0.0009343039989471436
1785289859.4654644,0.0,0.0,0.0009168319702148438
1785289859.4667327,0.0,0.0,0.0009153599739074706
1785289859.4680674,0.0,0.0,0.0009625920057296753
1785289859.4693391,0.0,0.0,0.0009153280258178711
1785289859.4706063,0.0,0.0,0.0009134719967842102
1785289859.4719274,0.0,0.0,0.0009568960070610046
1785289859.4732218,0.0,0.0,0.0009326400160789489
1785289859.4746492,0.0,0.0,0.0010743999481201171
1785289859.475955,0.0,0.0,0.0009438719749450684
1785289859.4772432,0.0,0.0,0.0009312959909439087
1785289859.4785066,0.0,0.0,0.0009123200178146363
1785289859.4803736,0.0,0.0,0.0009116160273551941
1785289859.481639,0.0,0.0,0.0009078720211982727
1785289859.482899,0.0,0.0,0.000909824013710022
1785289859.4841924,0.0,0.0,0.000912447988986969
1785289859.485465,0.0,0.0,0.0009197760224342347
1785289859.4867291,0.0,0.0,0.0009104639887809753
1785289859.4880166,0.0,0.0,0.0009378880262374878
1785289859.4892952,0.0,0.0,0.0009145920276641846
1785289859.4905415,0.0,0.0,0.0009009600281715393
1785289859.491837,0.0,0.0,0.0009405440092086791
1785289859.4931126,0.0,0.0,0.0009193599820137024
1785289859.49438,0.0,0.0,0.0009144319891929626
1785289859.4956982,0.0,0.0,0.0009621440172195435
1785289859.4969728,0.0,0.0,0.000920960009098053
1785289859.4982488,0.0,0.0,0.0009192640185356141
1785289859.4995456,0.0,0.0,0.000945248007774353
1785289859.5008156,0.0,0.0,0.0009125760197639466
1785289859.5020669,0.0,0.0,0.0008995839953422546
1785289859.5033596,0.0,0.0,0.0009423679709434509
1785289859.5046668,0.0,0.0,0.0009359040260314941
1785289859.5059435,0.0,0.0,0.0009247679710388183
1785289859.507241,0.0,0.0,0.0009457600116729736
1785289859.5085256,0.0,0.0,0.0009294720292091369
1785289859.5098116,0.0,0.0,0.0009312000274658203
1785289859.5110807,0.0,0.0,0.0009143999814987182
1785289859.5124192,0.0,0.0,0.0009648640155792236
1785289859.5137024,0.0,0.0,0.0009294080138206482
1785289859.5149875,0.0,0.0,0.0009261760115623475
1785289859.5162978,0.0,0.0,0.0009273920059204102
1785289859.517603,0.0,0.0,0.0009454399943351746
1785289859.5189068,0.0,0.0,0.0009495360255241394
1785289859.5202286,0.0,0.0,0.0009229120016098023
1785289859.5215137,0.0,0.0,0.0009284160137176514
1785289859.5227842,0.0,0.0,0.0009208959937095642
1785289859.5240917,0.0,0.0,0.0009307839870452881
1785289859.5253763,0.0,0.0,0.0009279999732971191
1785289859.526641,0.0,0.0,0.0009180160164833069
1785289859.527949,0.0,0.0,0.0009599999785423279
1785289859.529216,0.0,0.0,0.000915391981601715
1785289859.530647,0.0,0.0,0.0009425280094146728
1785289859.531953,0.0,0.0,0.000951807975769043
1785289859.5332346,0.0,0.0,0.0009183359742164611
1785289859.535074,0.0,0.0,0.0014618879556655884
1785289859.536386,0.0,0.0,0.0009178559780120849
1785289859.5376537,0.0,0.0,0.0009159359931945801
1785289859.5389466,0.0,0.0,0.000938048005104065
1785289859.5402617,0.0,0.0,0.0009269440174102784
1785289859.5415256,0.0,0.0,0.0009054080247879029
1785289859.542793,0.0,0.0,0.0009132159948348999
1785289859.544081,0.0,0.0,0.0009158719778060913
1785289859.5453804,0.0,0.0,0.0009273920059204102
1785289859.5466588,0.0,0.0,0.0009237759709358215
1785289859.5479543,0.0,0.0,0.0009407680034637452
1785289859.5492265,0.0,0.0,0.0009179520010948181
1785289859.5505073,0.0,0.0,0.0009307839870452881
1785289859.5518196,0.0,0.0,0.0009587200284004212
1785289859.553077,0.0,0.0,0.0009049280285835267
1785289859.554335,0.0,0.0,0.000904799997806549
1785289859.5556295,0.0,0.0,0.0009385920166969299
1785289859.5569103,0.0,0.0,0.0009203839898109436
1785289859.5581915,0.0,0.0,0.0009233919978141785
1785289859.5594852,0.0,0.0,0.0009476479887962342
1785289859.560777,0.0,0.0,0.0009376639723777771
1785289859.562039,0.0,0.0,0.0009107199907302856
1785289859.5633376,0.0,0.0,0.00095004802942276
1785289859.5646155,0.0,0.0,0.00091948801279068
1785289859.565901,0.0,0.0,0.0009304959774017334
1785289859.5671964,0.0,0.0,0.000948095977306366
1785289859.5685022,0.0,0.0,0.0009284800291061401
1785289859.569779,0.0,0.0,0.0009237440228462219
1785289859.5710604,0.0,0.0,0.0009276800155639649
1785289859.5723636,0.0,0.0,0.0009188799858093261
1785289859.5736423,0.0,0.0,0.0009218239784240722
1785289859.5749397,0.0,0.0,0.0009385920166969299
1785289859.5762508,0.0,0.0,0.0009275519847869873
1785289859.577532,0.0,0.0,0.0009285759925842285
1785289859.5787961,0.0,0.0,0.0009080320000648498
1785289859.5800848,0.0,0.0,0.0009182080030441284
1785289859.5813732,0.0,0.0,0.0009291520118713379
1785289859.5826504,0.0,0.0,0.0009210559725761413
1785289859.5839632,0.0,0.0,0.0009588159918785096
1785289859.5856469,0.0,0.0,0.0009438400268554687
1785289859.586946,0.0,0.0,0.0009344000220298767
1785289859.5882797,0.0,0.0,0.0009490560293197632
1785289859.5902133,0.0,0.0,0.0015797760486602782
1785289859.5915291,0.0,0.0,0.0009471359848976135
1785289859.592817,0.0,0.0,0.0009241920113563538
1785289859.594096,0.0,0.0,0.0009268159866333008
1785289859.5953882,0.0,0.0,0.0009353600144386291
1785289859.5966554,0.0,0.0,0.0009093440175056458
1785289859.597912,0.0,0.0,0.0009067519903182983
1785289859.5991979,0.0,0.0,0.0009357439875602722
1785289859.6004813,0.0,0.0,0.0009291200041770935
1785289859.601759,0.0,0.0,0.0009291840195655822
1785289859.6030295,0.0,0.0,0.0008992000222206116
1785289859.604347,0.0,0.0,0.0009313279986381531
1785289859.605617,0.0,0.0,0.0009153599739074706
1785289859.6068633,0.0,0.0,0.0008978559970855713
1785289859.6081617,0.0,0.0,0.0009251520037651062
1785289859.6094196,0.0,0.0,0.0009060800075531006
1785289859.610704,0.0,0.0,0.0009264320135116578
1785289859.6119916,0.0,0.0,0.0009368000030517579
1785289859.6132782,0.0,0.0,0.0009298880100250245
1785289859.6145484,0.0,0.0,0.0009206399917602539
1785289859.6158514,0.0,0.0,0.0009540799856185913
1785289859.6171305,0.0,0.0,0.0009221119880676269
1785289859.6183968,0.0,0.0,0.0009147199988365173
1785289859.61969,0.0,0.0,0.0009409919977188111
1785289859.6209655,0.0,0.0,0.0009189119935035705
1785289859.6222448,0.0,0.0,0.0009250239729881286
1785289859.6235547,0.0,0.0,0.0009568319916725159
1785289859.6248329,0.0,0.0,0.0009260159730911254
1785289859.626114,0.0,0.0,0.0009321280121803284
1785289859.6274269,0.0,0.0,0.0009630399942398071
1785289859.6286912,0.0,0.0,0.0009101759791374206
1785289859.6299596,0.0,0.0,0.000914463996887207
1785289859.6312616,0.0,0.0,0.0009491199851036072
1785289859.6325176,0.0,0.0,0.000905023992061615
1785289859.6337852,0.0,0.0,0.0009173120260238647
1785289859.6350896,0.0,0.0,0.0009233919978141785
1785289859.6363902,0.0,0.0,0.0009146879911422729
1785289859.637652,0.0,0.0,0.0009120960235595704
1785289859.6389043,0.0,0.0,0.0009039999842643737
1785289859.6403415,0.0,0.0,0.0010658559799194337
1785289859.6416142,0.0,0.0,0.0009146239757537841
1785289859.6428816,0.0,0.0,0.0009206399917602539
1785289859.644705,0.0,0.0,0.0014548799991607666
1785289859.6459794,0.0,0.0,0.0009090560078620911
1785289859.6472754,0.0,0.0,0.0009407039880752564
1785289859.648577,0.0,0.0,0.000937824010848999
1785289859.6498604,0.0,0.0,0.0009295039772987365
1785289859.651157,0.0,0.0,0.0009430080056190491
1785289859.652436,0.0,0.0,0.0009208959937095642
1785289859.6537304,0.0,0.0,0.0009344959855079651
1785289859.6550045,0.0,0.0,0.0009233599901199341
1785289859.6562853,0.0,0.0,0.0009040960073471069
1785289859.6575594,0.0,0.0,0.000921887993812561
1785289859.6588287,0.0,0.0,0.0009182080030441284
1785289859.6601331,0.0,0.0,0.000922752022743225
1785289859.661422,0.0,0.0,0.0009323840141296387
1785289859.6626732,0.0,0.0,0.0009008640050888061
1785289859.663995,0.0,0.0,0.0009713280200958252
1785289859.6652806,0.0,0.0,0.0009268800020217896
1785289859.6665466,0.0,0.0,0.0009160959720611573
1785289859.667853,0.0,0.0,0.0009552320241928101
1785289859.6691508,0.0,0.0,0.000923520028591156
1785289859.6704426,0.0,0.0,0.0009232640266418457
1785289859.6717367,0.0,0.0,0.0009397119879722595
1785289859.6730154,0.0,0.0,0.0009236479997634888
1785289859.6742914,0.0,0.0,0.000920415997505188
1785289859.6755812,0.0,0.0,0.0009393919706344604
1785289859.6768558,0.0,0.0,0.00091948801279068
1785289859.6781375,0.0,0.0,0.0009326080083847046
1785289859.6794393,0.0,0.0,0.0009517760276794434
1785289859.6807182,0.0,0.0,0.0009192640185356141
1785289859.6819825,0.0,0.0,0.0009133120179176331
1785289859.6832826,0.0,0.0,0.0009471039772033691
1785289859.6845438,0.0,0.0,0.0009086080193519593
1785289859.6858122,0.0,0.0,0.000917568027973175
1785289859.68708,0.0,0.0,0.0009133759737014771
1785289859.6883934,0.0,0.0,0.0009346879720687866
1785289859.6896634,0.0,0.0,0.0009172800183296204
1785289859.6909356,0.0,0.0,0.0009197440147399903
1785289859.6922343,0.0,0.0,0.0009194560050964356
1785289859.6935196,0.0,0.0,0.0009298880100250245
1785289859.6949437,0.0,0.0,0.0010708479881286622
1785289859.6962512,0.0,0.0,0.0009275199770927429
1785289859.6975143,0.0,0.0,0.0009100160002708435
1785289859.6987982,0.0,0.0,0.0009328640103340149
1785289859.7006178,0.0,0.0,0.000924992024898529
1785289859.7018685,0.0,0.0,0.0008878719806671143
1785289859.7031682,0.0,0.0,0.0009466559886932373
1785289859.704433,0.0,0.0,0.000912992000579834
1785289859.7056968,0.0,0.0,0.0009108160138130188
1785289859.7069602,0.0,0.0,0.0009054399728775025
1785289859.7082334,0.0,0.0,0.0008963199853897095
1785289859.7095141,0.0,0.0,0.0009260159730911254
1785289859.7107906,0.0,0.0,0.0009216639995574951
1785289859.7121089,0.0,0.0,0.0009408000111579895
1785289859.7134123,0.0,0.0,0.0009331520199775695
1785289859.7146902,0.0,0.0,0.0009199680089950562
1785289859.716001,0.0,0.0,0.0009562879800796509
1785289859.717276,0.0,0.0,0.0009210559725761413
1785289859.7185464,0.0,0.0,0.0009161279797554016
1785289859.7198322,0.0,0.0,0.000936735987663269
1785289859.721104,0.0,0.0,0.0009116479754447938
1785289859.7223668,0.0,0.0,0.0009105600118637085
1785289859.723663,0.0,0.0,0.0009417279958724976
1785289859.7249334,0.0,0.0,0.0009169279932975769
1785289859.7262225,0.0,0.0,0.0009326720237731933
1785289859.727519,0.0,0.0,0.0009434880018234253
1785289859.7288046,0.0,0.0,0.0009298560023307801
1785289859.730096,0.0,0.0,0.0009379199743270874
1785289859.731416,0.0,0.0,0.0009633600115776062
1785289859.7326813,0.0,0.0,0.0009136319756507873
1785289859.7339542,0.0,0.0,0.0009195520281791687
1785289859.7352526,0.0,0.0,0.0009268159866333008
1785289859.736514,0.0,0.0,0.000912608027458191
1785289859.7377844,0.0,0.0,0.0009180480241775513
1785289859.7390597,0.0,0.0,0.0009212480187416077
1785289859.7403624,0.0,0.0,0.0009173439741134643
1785289859.7416348,0.0,0.0,0.0009170879721641541
1785289859.742906,0.0,0.0,0.0009184640049934387
1785289859.7441888,0.0,0.0,0.0009122239947319031
1785289859.745451,0.0,0.0,0.0009065279960632324
1785289859.7467144,0.0,0.0,0.0009088000059127808
1785289859.7480063,0.0,0.0,0.000940671980381012
1785289859.749275,0.0,0.0,0.0009152960181236267
1785289859.7506852,0.0,0.0,0.0010593600273132325
1785289859.7519739,0.0,0.0,0.0009329599738121032
1785289859.7532375,0.0,0.0,0.0009097279906272888
1785289859.755045,0.0,0.0,0.001437119960784912
1785289859.7563577,0.0,0.0,0.0009210879802703857
1785289859.7576172,0.0,0.0,0.0009062079787254334
1785289859.7588816,0.0,0.0,0.0009166399836540222
1785289859.7601972,0.0,0.0,0.0009327999949455261
1785289859.7614756,0.0,0.0,0.0009207680225372315
1785289859.7627351,0.0,0.0,0.00091075199842453
1785289859.7640414,0.0,0.0,0.0009513599872589112
1785289859.7653356,0.0,0.0,0.0009334400296211242
1785289859.766605,0.0,0.0,0.0009172160029411316
1785289859.7678936,0.0,0.0,0.0009340479969978333
1785289859.7691758,0.0,0.0,0.0009288960099220276
1785289859.7704456,0.0,0.0,0.0009180799722671508
1785289859.7717614,0.0,0.0,0.0009601280093193054
1785289859.773032,0.0,0.0,0.0009128640294075012
1785289859.7743158,0.0,0.0,0.0009205120205879212
1785289859.7756114,0.0,0.0,0.0009475839734077454
1785289859.776891,0.0,0.0,0.0009251840114593506
1785289859.7781632,0.0,0.0,0.0009197760224342347
1785289859.7794647,0.0,0.0,0.0009472960233688354
1785289859.7807362,0.0,0.0,0.0009221119880676269
1785289859.7820168,0.0,0.0,0.0009276800155639649
1785289859.7833374,0.0,0.0,0.0009605759978294372
1785289859.7846029,0.0,0.0,0.0009086400270462037
1785289859.785881,0.0,0.0,0.0009223359823226928
1785289859.7871752,0.0,0.0,0.0009403839707374573
1785289859.7884526,0.0,0.0,0.0009183040261268615
1785289859.7897193,0.0,0.0,0.0009133120179176331
1785289859.7909915,0.0,0.0,0.0009243199825286865
1785289859.792365,0.0,0.0,0.0009284800291061401
1785289859.7936282,0.0,0.0,0.00091075199842453
1785289859.7949133,0.0,0.0,0.0009106559753417969
1785289859.7962086,0.0,0.0,0.0009222720265388488
1785289859.797462,0.0,0.0,0.0009043520092964172
1785289859.7987206,0.0,0.0,0.0009152960181236267
1785289859.7999947,0.0,0.0,0.0009239680171012879
1785289859.801281,0.0,0.0,0.0009174720048904419
1785289859.802537,0.0,0.0,0.0009097279906272888
1785289859.8038397,0.0,0.0,0.0009468799829483032
1785289859.8052437,0.0,0.0,0.0010433599948883056
1785289859.806508,0.0,0.0,0.0009083840250968933
1785289859.8077931,0.0,0.0,0.0009329919815063476
1785289859.8090444,0.0,0.0,0.0008982080221176148
1785289859.8108785,0.0,0.0,0.0009168959856033325
1785289859.8121698,0.0,0.0,0.0009100480079650879
1785289859.8134487,0.0,0.0,0.000926144003868103
1785289859.8147104,0.0,0.0,0.0009054080247879029
1785289859.8160105,0.0,0.0,0.0009440000057220458
1785289859.8172925,0.0,0.0,0.0009248960018157959
1785289859.8185697,0.0,0.0,0.0009223999977111816
1785289859.8198738,0.0,0.0,0.0009521920084953308
1785289859.8211439,0.0,0.0,0.0009135040044784546
1785289859.8224044,0.0,0.0,0.0009096959829330444
1785289859.8237116,0.0,0.0,0.0009527040123939514
1785289859.8249934,0.0,0.0,0.0009268800020217896
1785289859.8262615,0.0,0.0,0.0009142079949378967
1785289859.8275461,0.0,0.0,0.0009325760006904602
1785289859.8288167,0.0,0.0,0.0009172800183296204
1785289859.8300796,0.0,0.0,0.0009155200123786927
1785289859.8313773,0.0,0.0,0.0009513279795646668
1785289859.832646,0.0,0.0,0.0009174399971961975
1785289859.8339465,0.0,0.0,0.0009317759871482849
1785289859.8352418,0.0,0.0,0.0009319040179252624
1785289859.8365142,0.0,0.0,0.0009164159893989563
1785289859.837784,0.0,0.0,0.0009199680089950562
1785289859.8390522,0.0,0.0,0.0009203839898109436
1785289859.840344,0.0,0.0,0.0009181439876556396
1785289859.8416092,0.0,0.0,0.0009146879911422729
1785289859.8428807,0.0,0.0,0.0009219520092010498
1785289859.8441765,0.0,0.0,0.000922752022743225
1785289859.845429,0.0,0.0,0.0009058560132980347
1785289859.846709,0.0,0.0,0.0009269760251045227
1785289859.8480108,0.0,0.0,0.0009499199986457825
1785289859.8492715,0.0,0.0,0.0009053440093994141
1785289859.850539,0.0,0.0,0.0009154559969902039
1785289859.8518217,0.0,0.0,0.0009336000084877015
1785289859.8530877,0.0,0.0,0.0009110080003738403
1785289859.8543465,0.0,0.0,0.0009043840169906616
1785289859.855638,0.0,0.0,0.0009403200149536132
1785289859.8569064,0.0,0.0,0.0009141439795494079
1785289859.858152,0.0,0.0,0.0008980159759521485
1785289859.8594432,0.0,0.0,0.0009431679844856262
1785289859.8608692,0.0,0.0,0.0010736960172653199
1785289859.8621519,0.0,0.0,0.0009261760115623475
1785289859.8634605,0.0,0.0,0.0009533119797706604
1785289859.865293,0.0,0.0,0.0014802559614181519
1785289859.8665884,0.0,0.0,0.0009298880100250245
1785289859.8679254,0.0,0.0,0.0009550399780273438
1785289859.8692012,0.0,0.0,0.0009192320108413697
1785289859.8704684,0.0,0.0,0.0009159039855003357
1785289859.8717532,0.0,0.0,0.0009376639723777771
1785289859.8730164,0.0,0.0,0.0009136959910392761
1785289859.8742874,0.0,0.0,0.0009201279878616333
1785289859.8755836,0.0,0.0,0.0009463679790496826
1785289859.8768423,0.0,0.0,0.0009066240191459656
1785289859.8781066,0.0,0.0,0.0009045439958572387
1785289859.8793898,0.0,0.0,0.0009380800127983093
1785289859.8806798,0.0,0.0,0.0009362239837646484
1785289859.8819487,0.0,0.0,0.0009198399782180786
1785289859.8832436,0.0,0.0,0.0009412800073623658
1785289859.8845093,0.0,0.0,0.0009164479970932007
1785289859.8857818,0.0,0.0,0.0009223039746284484
1785289859.8870635,0.0,0.0,0.0009288960099220276
1785289859.8883965,0.0,0.0,0.0009378560185432434
1785289859.8896604,0.0,0.0,0.0009100160002708435
1785289859.890923,0.0,0.0,0.0009081599712371827
1785289859.8922246,0.0,0.0,0.000922655999660492
1785289859.8934815,0.0,0.0,0.0009049919843673706
1785289859.8947327,0.0,0.0,0.000901087999343872
1785289859.8960214,0.0,0.0,0.0009378560185432434
1785289859.8972795,0.0,0.0,0.0009093120098114014
1785289859.8985467,0.0,0.0,0.0009226239919662476
1785289859.8998554,0.0,0.0,0.0009522879719734192
1785289859.9011216,0.0,0.0,0.0009116479754447938
1785289859.9024017,0.0,0.0,0.0009261760115623475
1785289859.903703,0.0,0.0,0.0009503359794616699
1785289859.9049726,0.0,0.0,0.0009097599983215332
1785289859.906244,0.0,0.0,0.0009190080165863037
1785289859.9075286,0.0,0.0,0.0009332159757614136
1785289859.908815,0.0,0.0,0.0009346879720687866
1785289859.9100907,0.0,0.0,0.0009250879883766174
1785289859.911385,0.0,0.0,0.000944383978843689
1785289859.9126446,0.0,0.0,0.0009067519903182983
1785289859.913911,0.0,0.0,0.0009130560159683228
1785289859.9153256,0.0,0.0,0.0010653760433197022
1785289859.916607,0.0,0.0,0.0009214720129966736
1785289859.9178784,0.0,0.0,0.0009204800128936768
1785289859.9191856,0.0,0.0,0.0009384959936141968
1785289859.9210815,0.0,0.0,0.0015135680437088012
1785289859.922371,0.0,0.0,0.0009267200231552124
1785289859.9236925,0.0,0.0,0.0009626880288124085
1785289859.924964,0.0,0.0,0.0009131199717521668
1785289859.9262302,0.0,0.0,0.0009170240163803101
1785289859.9275365,0.0,0.0,0.0009463040232658386
1785289859.9288201,0.0,0.0,0.0009251520037651062
1785289859.930098,0.0,0.0,0.0009243519902229309
1785289859.931405,0.0,0.0,0.0009553920030593872
1785289859.9327207,0.0,0.0,0.0009353280067443848
1785289859.9339962,0.0,0.0,0.0009234880208969117
1785289859.9352973,0.0,0.0,0.0009411519765853882
1785289859.936587,0.0,0.0,0.0009339200258255005
1785289859.9378695,0.0,0.0,0.0009274560213088989
1785289859.9391818,0.0,0.0,0.0009550079703330994
1785289859.9404614,0.0,0.0,0.0009233919978141785
1785289859.9417346,0.0,0.0,0.0009189760088920593
1785289859.943005,0.0,0.0,0.0009183679819107055
1785289859.9442852,0.0,0.0,0.0009037119746208191
1785289859.945556,0.0,0.0,0.0009167680144309998
1785289859.9468029,0.0,0.0,0.0008951039910316467
1785289859.948114,0.0,0.0,0.0009331200122833252
1785289859.9493964,0.0,0.0,0.000925599992275238
1785289859.9506636,0.0,0.0,0.0009125120043754578
1785289859.951973,0.0,0.0,0.0009470720291137695
1785289859.9532442,0.0,0.0,0.0009150400161743164
1785289859.954503,0.0,0.0,0.0009097279906272888
1785289859.9558012,0.0,0.0,0.0009533439874649048
1785289859.9570858,0.0,0.0,0.0009279680252075195
1785289859.9583719,0.0,0.0,0.0009319360256195068
1785289859.9596698,0.0,0.0,0.0009423679709434509
1785289859.9609437,0.0,0.0,0.0009172160029411316
1785289859.9622164,0.0,0.0,0.0009247040152549744
1785289859.9635046,0.0,0.0,0.0009396479725837707
1785289859.964778,0.0,0.0,0.0009191679954528809
1785289859.966064,0.0,0.0,0.0009136319756507873
1785289859.967361,0.0,0.0,0.0009455360174179077
1785289859.9686384,0.0,0.0,0.0009223679900169372
1785289859.9699042,0.0,0.0,0.000914080023765564
1785289859.9713368,0.0,0.0,0.0009536640048027038
1785289859.9726052,0.0,0.0,0.0009072960019111633
1785289859.9738965,0.0,0.0,0.0009312959909439087
1785289859.9757724,0.0,0.0,0.00152019202709198
1785289859.9770508,0.0,0.0,0.0009110080003738403
1785289859.9783123,0.0,0.0,0.0009099839925765991
1785289859.979611,0.0,0.0,0.0009470720291137695
1785289859.9808962,0.0,0.0,0.0009248960018157959
1785289859.9821608,0.0,0.0,0.0009142720103263855
1785289859.9834461,0.0,0.0,0.0009307839870452881
1785289859.984711,0.0,0.0,0.0009025279879570007
1785289859.9859755,0.0,0.0,0.0009106879830360412
1785289859.9872806,0.0,0.0,0.0009526399970054627
1785289859.988571,0.0,0.0,0.0009332159757614136
1785289859.989849,0.0,0.0,0.0009251520037651062
1785289859.9911437,0.0,0.0,0.0009418240189552307
1785289859.99243,0.0,0.0,0.0009270079731941223
1785289859.9937117,0.0,0.0,0.0009276800155639649
1785289859.9949877,0.0,0.0,0.0009233279824256897
1785289859.9962893,0.0,0.0,0.0009225919842720032
1785289859.9975853,0.0,0.0,0.0009399999976158142
1785289859.998889,0.0,0.0,0.0009225599765777588
1785289860.000171,0.0,0.0,0.0009076160192489624
1785289860.0014544,0.0,0.0,0.000928384006023407
1785289860.002741,0.0,0.0,0.0009145920276641846
1785289860.0040433,0.0,0.0,0.00094896000623703
1785289860.0053177,0.0,0.0,0.0009152640104293823
1785289860.0065904,0.0,0.0,0.000917792022228241
1785289860.007895,0.0,0.0,0.000954591989517212
1785289860.009187,0.0,0.0,0.0009309120178222656
1785289860.0104644,0.0,0.0,0.0009236800074577332
1785289860.0117712,0.0,0.0,0.0009524480104446411
1785289860.013044,0.0,0.0,0.0009201279878616333
1785289860.0143204,0.0,0.0,0.0009214400053024292
1785289860.0156302,0.0,0.0,0.0009539840221405029
1785289860.0169098,0.0,0.0,0.0009230080246925354
1785289860.0181804,0.0,0.0,0.0009199039936065674
1785289860.0194888,0.0,0.0,0.000956063985824585
1785289860.020769,0.0,0.0,0.0009237440228462219
1785289860.022051,0.0,0.0,0.0009238079786300659
1785289860.0233483,0.0,0.0,0.0009465280175209045
1785289860.024633,0.0,0.0,0.0009307839870452881
1785289860.0261242,0.0,0.0,0.0010654400587081908
1785289860.027428,0.0,0.0,0.0009434880018234253
1785289860.028718,0.0,0.0,0.0009283199906349182
1785289860.030612,0.0,0.0,0.0015353599786758422
1785289860.0319214,0.0,0.0,0.0009481599926948548
1785289860.0332,0.0,0.0,0.0009197440147399903
1785289860.0344493,0.0,0.0,0.000892799973487854
1785289860.035732,0.0,0.0,0.0009317119717597961
1785289860.0370007,0.0,0.0,0.0009130880236625672
1785289860.0382638,0.0,0.0,0.0009123200178146363
1785289860.0395467,0.0,0.0,0.0009348480105400086
1785289860.0408192,0.0,0.0,0.0009167360067367554
1785289860.0420704,0.0,0.0,0.0009014400243759156
1785289860.0433583,0.0,0.0,0.0009359040260314941
1785289860.044645,0.0,0.0,0.0009122239947319031
1785289860.0459123,0.0,0.0,0.0009125440120697022
1785289860.0471895,0.0,0.0,0.0009256960153579712
1785289860.048452,0.0,0.0,0.0009066879749298096
1785289860.049723,0.0,0.0,0.0009117439985275268
1785289860.050991,0.0,0.0,0.0009134719967842102
1785289860.0522869,0.0,0.0,0.0009183040261268615
1785289860.053571,0.0,0.0,0.0009250239729881286
1785289860.054845,0.0,0.0,0.0009181119799613952
1785289860.0561538,0.0,0.0,0.000928384006023407
1785289860.0574222,0.0,0.0,0.0009142400026321411
1785289860.0587006,0.0,0.0,0.0009217600226402282
1785289860.0599792,0.0,0.0,0.0009288960099220276
1785289860.0612524,0.0,0.0,0.0009149119853973388
1785289860.0625129,0.0,0.0,0.00091184002161026
1785289860.063815,0.0,0.0,0.0009530559778213501
1785289860.0650876,0.0,0.0,0.0008959360122680664
1785289860.0663419,0.0,0.0,0.000900543987751007
1785289860.0676477,0.0,0.0,0.0009598079919815064
1785289860.068928,0.0,0.0,0.0009226880073547364
1785289860.0701964,0.0,0.0,0.0009113919734954834
1785289860.0714889,0.0,0.0,0.0009390079975128174
1785289860.072767,0.0,0.0,0.0009249600172042847
1785289860.074058,0.0,0.0,0.0009339200258255005
1785289860.0753624,0.0,0.0,0.0009530879855155945
1785289860.0766308,0.0,0.0,0.0009112319946289062
1785289860.0778923,0.0,0.0,0.0009093760251998902
1785289860.0791805,0.0,0.0,0.0009325119853019714
1785289860.080583,0.0,0.0,0.0010444799661636353
1785289860.0818734,0.0,0.0,0.0009302080273628235
1785289860.0831878,0.0,0.0,0.0009569600224494934
1785289860.084459,0.0,0.0,0.00091075199842453
1785289860.0863476,0.0,0.0,0.0015195200443267822
1785289860.0876787,0.0,0.0,0.0009691200256347657
1785289860.0889516,0.0,0.0,0.0009155200123786927
1785289860.0902393,0.0,0.0,0.0009321920275688171
1785289860.0915427,0.0,0.0,0.0009486719965934754
1785289860.0928307,0.0,0.0,0.0009299839735031128
1785289860.0940988,0.0,0.0,0.0009154559969902039
1785289860.0953963,0.0,0.0,0.0009462400078773498
1785289860.0966678,0.0,0.0,0.000918944001197815
1785289860.0979266,0.0,0.0,0.0009053760170936585
1785289860.0992649,0.0,0.0,0.000965279996395111
1785289860.1005433,0.0,0.0,0.0009170560240745545
1785289860.1018112,0.0,0.0,0.0009177280068397522
1785289860.1030867,0.0,0.0,0.0009199039936065674
1785289860.104374,0.0,0.0,0.0009104319810867309
1785289860.1056523,0.0,0.0,0.0009215999841690063
1785289860.1069326,0.0,0.0,0.0009235519766807556
1785289860.108217,0.0,0.0,0.0009063680171966553
1785289860.1094792,0.0,0.0,0.0009089919924736023
1785289860.1107755,0.0,0.0,0.0009439039826393128
1785289860.1120636,0.0,0.0,0.0009093440175056458
1785289860.113339,0.0,0.0,0.0009145280122756958
1785289860.1146197,0.0,0.0,0.0009297919869422913
1785289860.1158934,0.0,0.0,0.0009217919707298278
1785289860.1171517,0.0,0.0,0.000907584011554718
1785289860.1184146,0.0,0.0,0.0009156799912452698
1785289860.1197147,0.0,0.0,0.0009474239945411683
1785289860.1209939,0.0,0.0,0.0009238719940185547
1785289860.122251,0.0,0.0,0.0009092159867286682
1785289860.1235492,0.0,0.0,0.0009430080056190491
1785289860.1248298,0.0,0.0,0.0009272000193595886
1785289860.1260839,0.0,0.0,0.0009040319919586181
1785289860.1273835,0.0,0.0,0.0009494400024414062
1785289860.1286728,0.0,0.0,0.0009341760277748108
1785289860.1299405,0.0,0.0,0.0009120000004768372
1785289860.1312733,0.0,0.0,0.0009521600008010864
1785289860.1325622,0.0,0.0,0.0009318720102310181
1785289860.1338384,0.0,0.0,0.000921504020690918
1785289860.135138,0.0,0.0,0.0009513279795646668
1785289860.1365497,0.0,0.0,0.0010601919889450073
1785289860.137815,0.0,0.0,0.0009088000059127808
1785289860.1390803,0.0,0.0,0.0009113600254058838
1785289860.140928,0.0,0.0,0.001471295952796936
1785289860.1423323,0.0,0.0,0.0009390720129013061
1785289860.1436815,0.0,0.0,0.0009651200175285339
1785289860.1449451,0.0,0.0,0.0009066240191459656
1785289860.1462045,0.0,0.0,0.0009048960208892823
1785289860.1475086,0.0,0.0,0.0009424960017204285
1785289860.148778,0.0,0.0,0.0009129279851913452
1785289860.1500247,0.0,0.0,0.000897055983543396
1785289860.1513216,0.0,0.0,0.0009472000002861023
1785289860.1526005,0.0,0.0,0.0009187840223312378
1785289860.1538863,0.0,0.0,0.0009321920275688171
1785289860.1552,0.0,0.0,0.0009611200094223022
1785289860.156497,0.0,0.0,0.0009328640103340149
1785289860.157767,0.0,0.0,0.000918175995349884
1785289860.1590369,0.0,0.0,0.0009199039936065674
1785289860.1603415,0.0,0.0,0.000922752022743225
1785289860.1616087,0.0,0.0,0.000908735990524292
1785289860.1628656,0.0,0.0,0.0009043200016021728
1785289860.1641588,0.0,0.0,0.0009145920276641846
1785289860.1654356,0.0,0.0,0.0009178559780120849
1785289860.1667278,0.0,0.0,0.0009137600064277649
1785289860.1680217,0.0,0.0,0.000941536009311676
1785289860.1692817,0.0,0.0,0.0009014400243759156
1785289860.1705463,0.0,0.0,0.0009108160138130188
1785289860.1718578,0.0,0.0,0.0009589440226554871
1785289860.173135,0.0,0.0,0.000917568027973175
1785289860.174389,0.0,0.0,0.0009077119827270507
1785289860.1756957,0.0,0.0,0.000957535982131958
1785289860.1769767,0.0,0.0,0.0009214720129966736
1785289860.1782513,0.0,0.0,0.0009207040071487427
1785289860.1795588,0.0,0.0,0.0009457280039787293
1785289860.1808338,0.0,0.0,0.0009235519766807556
1785289860.1820989,0.0,0.0,0.000914463996887207
1785289860.1833901,0.0,0.0,0.0009419199824333191
1785289860.184652,0.0,0.0,0.000908352017402649
1785289860.1859457,0.0,0.0,0.0009388480186462402
1785289860.1872416,0.0,0.0,0.0009418240189552307
1785289860.1885095,0.0,0.0,0.0009110080003738403
1785289860.1898115,0.0,0.0,0.000943615972995758
1785289860.191233,0.0,0.0,0.0010702400207519532
1785289860.19251,0.0,0.0,0.0009166719913482666
1785289860.1937833,0.0,0.0,0.0009218559861183166
1785289860.1950774,0.0,0.0,0.000934719979763031
1785289860.1969411,0.0,0.0,0.000917248010635376
1785289860.1982138,0.0,0.0,0.0009145280122756958
1785289860.1994975,0.0,0.0,0.0009296000003814697
1785289860.2007506,0.0,0.0,0.0008954560160636902
1785289860.202035,0.0,0.0,0.0009331200122833252
1785289860.2033486,0.0,0.0,0.0009524800181388855
1785289860.204634,0.0,0.0,0.0009279680252075195
1785289860.2059205,0.0,0.0,0.0009340159893035889
1785289860.207203,0.0,0.0,0.0009297279715538025
1785289860.2084768,0.0,0.0,0.0009180480241775513
1785289860.2097702,0.0,0.0,0.0009052159786224366
1785289860.2110512,0.0,0.0,0.0009186879992485046
1785289860.2123573,0.0,0.0,0.0009233279824256897
1785289860.213646,0.0,0.0,0.0009300479888916016
1785289860.2149377,0.0,0.0,0.0009332799911499024
1785289860.2162733,0.0,0.0,0.0009501760005950928
1785289860.217539,0.0,0.0,0.0009070720076560974
1785289860.2188172,0.0,0.0,0.0009213759899139404
1785289860.220131,0.0,0.0,0.0009349759817123413
1785289860.2214148,0.0,0.0,0.0009249280095100403
1785289860.222685,0.0,0.0,0.0009152640104293823
1785289860.2239778,0.0,0.0,0.0009400640130043029
1785289860.2252584,0.0,0.0,0.0009246079921722412
1785289860.2265239,0.0,0.0,0.0009171519875526428
1785289860.22782,0.0,0.0,0.0009372799992561341
1785289860.229082,0.0,0.0,0.0009093120098114014
1785289860.2303524,0.0,0.0,0.0009159039855003357
1785289860.2316763,0.0,0.0,0.0009492480158805847
1785289860.2329483,0.0,0.0,0.0009148799777030944
1785289860.2341964,0.0,0.0,0.0009001280069351196
1785289860.2354817,0.0,0.0,0.0009328320026397705
1785289860.2367477,0.0,0.0,0.0009134079813957214
1785289860.23801,0.0,0.0,0.0009085760116577149
1785289860.2393186,0.0,0.0,0.0009527040123939514
1785289860.2405818,0.0,0.0,0.0009099199771881104
1785289860.241844,0.0,0.0,0.0009085119962692261
1785289860.2431433,0.0,0.0,0.0009458879828453064
1785289860.244438,0.0,0.0,0.0009430720210075378
1785289860.245699,0.0,0.0,0.0009096000194549561
1785289860.2471235,0.0,0.0,0.0009193919897079468
1785289860.2484028,0.0,0.0,0.0009185280203819275
1785289860.2497106,0.0,0.0,0.0009269760251045227
1785289860.2517662,0.0,0.0,0.0016998720169067382
1785289860.2530503,0.0,0.0,0.000918944001197815
1785289860.2543354,0.0,0.0,0.0009247040152549744
1785289860.2556376,0.0,0.0,0.0009514880180358887
1785289860.2568958,0.0,0.0,0.0009017279744148255
1785289860.2581677,0.0,0.0,0.0009206079840660095
1785289860.2594755,0.0,0.0,0.0009559360146522522
1785289860.260765,0.0,0.0,0.000938431978225708
1785289860.2620232,0.0,0.0,0.0009052479863166809
1785289860.2633257,0.0,0.0,0.000950111985206604
1785289860.2646134,0.0,0.0,0.0009124159812927246
1785289860.2659047,0.0,0.0,0.0009349759817123413
1785289860.2672033,0.0,0.0,0.0009454079866409302
1785289860.26847,0.0,0.0,0.0009101759791374206
1785289860.2697332,0.0,0.0,0.0009143679738044739
1785289860.2710133,0.0,0.0,0.0009237759709358215
1785289860.2723005,0.0,0.0,0.0009135040044784546
1785289860.2735643,0.0,0.0,0.0009139840006828308
1785289860.2748382,0.0,0.0,0.0009207360148429871
1785289860.2761273,0.0,0.0,0.0009109759926795959
1785289860.2773972,0.0,0.0,0.0009174720048904419
1785289860.278683,0.0,0.0,0.0009304000139236451
1785289860.2799962,0.0,0.0,0.0009537919759750366
1785289860.2812657,0.0,0.0,0.0009100480079650879
1785289860.2825458,0.0,0.0,0.0009230080246925354
1785289860.2838523,0.0,0.0,0.0009521279931068421
1785289860.2851098,0.0,0.0,0.000900704026222229
1785289860.2863803,0.0,0.0,0.0009204800128936768
1785289860.2876709,0.0,0.0,0.0009435200095176696
1785289860.2889514,0.0,0.0,0.0009217600226402282
1785289860.2902296,0.0,0.0,0.0009251520037651062
1785289860.2915523,0.0,0.0,0.0009672960042953491
1785289860.2928526,0.0,0.0,0.0009437440037727356
1785289860.2941206,0.0,0.0,0.0009102399945259094
1785289860.295456,0.0,0.0,0.0009758719801902772
1785289860.2967494,0.0,0.0,0.0009301760196685791
1785289860.2980285,0.0,0.0,0.0009088640213012696
1785289860.2993374,0.0,0.0,0.0009505599737167358
1785289860.3006053,0.0,0.0,0.000908415973186493
1785289860.3020127,0.0,0.0,0.0009264960289001465
1785289860.3032966,0.0,0.0,0.0009238079786300659
1785289860.3045852,0.0,0.0,0.0009304640293121338
1785289860.3064587,0.0,0.0,0.0015204479694366454
1785289860.3077703,0.0,0.0,0.0009476799964904786
1785289860.3090377,0.0,0.0,0.0009111040234565735
1785289860.3103094,0.0,0.0,0.0009142720103263855
1785289860.311604,0.0,0.0,0.0009358720183372497
1785289860.312877,0.0,0.0,0.0009137279987335205
1785289860.3141403,0.0,0.0,0.0009097920060157776
1785289860.3154142,0.0,0.0,0.000923200011253357
1785289860.3166776,0.0,0.0,0.0009067839980125427
1785289860.3179255,0.0,0.0,0.0008989120125770569
1785289860.3191998,0.0,0.0,0.0009190080165863037
1785289860.3204584,0.0,0.0,0.0009033920168876648
1785289860.321725,0.0,0.0,0.0009172800183296204
1785289860.3229868,0.0,0.0,0.0009127359986305237
1785289860.324282,0.0,0.0,0.0009224640130996704
1785289860.3255453,0.0,0.0,0.0009131839871406555
1785289860.3268256,0.0,0.0,0.000922655999660492
1785289860.3281295,0.0,0.0,0.000925216019153595
1785289860.3294077,0.0,0.0,0.0009207360148429871
1785289860.3306777,0.0,0.0,0.0009020799994468689
1785289860.3319554,0.0,0.0,0.0009297279715538025
1785289860.3332076,0.0,0.0,0.0009011520147323608
1785289860.3345046,0.0,0.0,0.0009212160110473633
1785289860.335818,0.0,0.0,0.0009609919786453247
1785289860.3370981,0.0,0.0,0.0009227839708328247
1785289860.3383565,0.0,0.0,0.0009085440039634705
1785289860.3396406,0.0,0.0,0.0009331840276718139
1785289860.340902,0.0,0.0,0.0009101759791374206
1785289860.3421576,0.0,0.0,0.0009014400243759156
1785289860.3434517,0.0,0.0,0.0009385920166969299
1785289860.3447373,0.0,0.0,0.0009320639967918396
1785289860.3459988,0.0,0.0,0.0009078400135040283
1785289860.3472822,0.0,0.0,0.0009310399889945984
1785289860.348562,0.0,0.0,0.000923039972782135
1785289860.3498278,0.0,0.0,0.0009122880101203919
1785289860.35108,0.0,0.0,0.0009021760225296021
1785289860.352385,0.0,0.0,0.0009223039746284484
1785289860.353643,0.0,0.0,0.0009057919979095459
1785289860.3549118,0.0,0.0,0.0009200639724731445
1785289860.3563437,0.0,0.0,0.0010547200441360473
1785289860.35761,0.0,0.0,0.0009067839980125427
1785289860.3588862,0.0,0.0,0.0009231680035591126
1785289860.3601995,0.0,0.0,0.0009322239756584167
1785289860.3620923,0.0,0.0,0.0009355199933052063
1785289860.363406,0.0,0.0,0.0009487360119819641
1785289860.3647034,0.0,0.0,0.0009228159785270691
1785289860.365982,0.0,0.0,0.0009201920032501221
1785289860.3672943,0.0,0.0,0.0009532480239868164
1785289860.3685515,0.0,0.0,0.0009018239974975586
1785289860.3698215,0.0,0.0,0.0009140480160713196
1785289860.3710864,0.0,0.0,0.000912447988986969
1785289860.3724005,0.0,0.0,0.0009288640022277832
1785289860.373711,0.0,0.0,0.0009385280013084412
1785289860.3749948,0.0,0.0,0.0009312000274658203
1785289860.3762915,0.0,0.0,0.0009223999977111816
1785289860.3775554,0.0,0.0,0.0009108480215072632
1785289860.3788218,0.0,0.0,0.0009102720022201538
1785289860.3801281,0.0,0.0,0.0009285119771957397
1785289860.3814049,0.0,0.0,0.0009216319918632507
1785289860.3826783,0.0,0.0,0.0009238719940185547
1785289860.3839746,0.0,0.0,0.000941760003566742
1785289860.3852503,0.0,0.0,0.0009190719723701477
1785289860.3865283,0.0,0.0,0.0009255040287971496
1785289860.387833,0.0,0.0,0.0009520639777183533
1785289860.389105,0.0,0.0,0.000920415997505188
1785289860.390376,0.0,0.0,0.0009182720184326172
1785289860.391691,0.0,0.0,0.0009614400267601013
1785289860.3929722,0.0,0.0,0.0009258239865303039
1785289860.3942423,0.0,0.0,0.0009194560050964356
1785289860.395573,0.0,0.0,0.0009745280146598816
1785289860.396866,0.0,0.0,0.0009160959720611573
1785289860.3981347,0.0,0.0,0.0009097279906272888
1785289860.3997467,0.0,0.0,0.0012585920095443725
1785289860.4010262,0.0,0.0,0.0009223039746284484
1785289860.4022899,0.0,0.0,0.0009074879884719848
1785289860.40358,0.0,0.0,0.0009379839897155762
1785289860.4048486,0.0,0.0,0.0009171519875526428
1785289860.4061203,0.0,0.0,0.0009154559969902039
1785289860.4074228,0.0,0.0,0.0009510400295257568
1785289860.408702,0.0,0.0,0.0009251840114593506
1785289860.4099536,0.0,0.0,0.0009005759954452514
1785289860.4113455,0.0,0.0,0.0010380799770355225
1785289860.4126148,0.0,0.0,0.0009151039719581605
1785289860.4138706,0.0,0.0,0.0009060800075531006
1785289860.4151666,0.0,0.0,0.0009262719750404358
1785289860.4171104,0.0,0.0,0.0015891200304031371
1785289860.4183898,0.0,0.0,0.0009230719804763794
1785289860.41969,0.0,0.0,0.00095004802942276
1785289860.4209573,0.0,0.0,0.0009122239947319031
1785289860.4222355,0.0,0.0,0.0009243839979171753
1785289860.4235363,0.0,0.0,0.0009442560076713562
1785289860.4248106,0.0,0.0,0.0009165120124816895
1785289860.4260638,0.0,0.0,0.0008995199799537659
1785289860.4273448,0.0,0.0,0.0009318720102310181
1785289860.4286356,0.0,0.0,0.0009292160272598266
1785289860.42991,0.0,0.0,0.0009251520037651062
1785289860.4311914,0.0,0.0,0.0009283199906349182
1785289860.4324567,0.0,0.0,0.0009107840061187744
1785289860.4337416,0.0,0.0,0.0009300479888916016
1785289860.4350119,0.0,0.0,0.0009174079895019531
1785289860.4363017,0.0,0.0,0.0009180480241775513
1785289860.4375622,0.0,0.0,0.000912608027458191
1785289860.4388304,0.0,0.0,0.0009179840087890625
1785289860.4401262,0.0,0.0,0.0009190400242805481
1785289860.4413888,0.0,0.0,0.0009069439768791199
1785289860.442644,0.0,0.0,0.0009103999733924866
1785289860.4439387,0.0,0.0,0.0009461119771003723
1785289860.445194,0.0,0.0,0.0008994879722595215
1785289860.446459,0.0,0.0,0.0009126399755477906
1785289860.4477613,0.0,0.0,0.0009477120041847228
1785289860.449037,0.0,0.0,0.0009184960126876831
1785289860.4503086,0.0,0.0,0.0009195839762687683
1785289860.4516199,0.0,0.0,0.0009608640074729919
1785289860.4529018,0.0,0.0,0.0009275519847869873
1785289860.4541762,0.0,0.0,0.0009171519875526428
1785289860.4554768,0.0,0.0,0.0009462720155715942
1785289860.4567661,0.0,0.0,0.0009295039772987365
1785289860.4580452,0.0,0.0,0.0009221439957618713
1785289860.4593518,0.0,0.0,0.0009370880126953124
1785289860.4606235,0.0,0.0,0.0009145600199699402
1785289860.4619617,0.0,0.0,0.0009091200232505799
1785289860.463272,0.0,0.0,0.0009411519765853882
1785289860.4645414,0.0,0.0,0.0009167360067367554
1785289860.4658048,0.0,0.0,0.0009100160002708435
1785289860.4672322,0.0,0.0,0.0010768640041351318
1785289860.468519,0.0,0.0,0.0009211199879646301
1785289860.4697778,0.0,0.0,0.0009045439958572387
1785289860.471642,0.0,0.0,0.001511904001235962
1785289860.4729345,0.0,0.0,0.0009257919788360595
1785289860.4742088,0.0,0.0,0.0009168959856033325
1785289860.4755251,0.0,0.0,0.0009613440036773681
1785289860.476795,0.0,0.0,0.0009099519848823547
1785289860.4780502,0.0,0.0,0.0009015679955482483
1785289860.4793296,0.0,0.0,0.0009289280176162719
1785289860.4806125,0.0,0.0,0.0009235519766807556
1785289860.4818928,0.0,0.0,0.0009206719994544983
1785289860.4831896,0.0,0.0,0.0009456959962844849
1785289860.4844663,0.0,0.0,0.0009196159839630127
1785289860.4857388,0.0,0.0,0.0009165120124816895
1785289860.487013,0.0,0.0,0.0009221119880676269
1785289860.4883182,0.0,0.0,0.0009286720156669617
1785289860.489605,0.0,0.0,0.0009283519983291626
1785289860.4908836,0.0,0.0,0.0009286080002784729
1785289860.4921885,0.0,0.0,0.0009290559887886047
1785289860.4934604,0.0,0.0,0.0009148480296134948
1785289860.494717,0.0,0.0,0.0009081919789314271
1785289860.4960318,0.0,0.0,0.0009574400186538696
1785289860.4973485,0.0,0.0,0.0009405440092086791
1785289860.4986272,0.0,0.0,0.000927232027053833
1785289860.4999228,0.0,0.0,0.0009478399753570557
1785289860.5012107,0.0,0.0,0.0009188159704208375
1785289860.5024848,0.0,0.0,0.000923200011253357
1785289860.5037878,0.0,0.0,0.0009481920003890992
1785289860.5050635,0.0,0.0,0.0009207360148429871
1785289860.50633,0.0,0.0,0.0009143360257148743
1785289860.507637,0.0,0.0,0.0009546560049057006
1785289860.5088964,0.0,0.0,0.000902463972568512
1785289860.5101726,0.0,0.0,0.0009275199770927429
1785289860.5114834,0.0,0.0,0.0009552959799766541
1785289860.512749,0.0,0.0,0.0009129599928855896
1785289860.5140345,0.0,0.0,0.0009353600144386291
1785289860.515352,0.0,0.0,0.0009603520035743713
1785289860.5166285,0.0,0.0,0.0009212480187416077
1785289860.5179024,0.0,0.0,0.0009195839762687683
1785289860.5191867,0.0,0.0,0.0009342399835586548
1785289860.5204732,0.0,0.0,0.0009256960153579712
1785289860.5219114,0.0,0.0,0.0010837440490722655
1785289860.5232124,0.0,0.0,0.0009437760114669799
1785289860.5244982,0.0,0.0,0.0009276800155639649
1785289860.5257583,0.0,0.0,0.0009102720022201538
1785289860.527663,0.0,0.0,0.0009743040204048157
1785289860.5289464,0.0,0.0,0.000923200011253357
1785289860.5302448,0.0,0.0,0.0009220799803733825
1785289860.5315533,0.0,0.0,0.00095414400100708
1785289860.5328245,0.0,0.0,0.0009124159812927246
1785289860.5341034,0.0,0.0,0.0009247999787330627
1785289860.5353951,0.0,0.0,0.0009376959800720215
1785289860.5366666,0.0,0.0,0.0009184319972991943
1785289860.5379336,0.0,0.0,0.0009140480160713196
1785289860.5392087,0.0,0.0,0.0009247679710388183
1785289860.540482,0.0,0.0,0.0009205120205879212
1785289860.5417533,0.0,0.0,0.0009244800209999084
1785289860.5430574,0.0,0.0,0.0009313920140266419
1785289860.5443716,0.0,0.0,0.0009338240027427674
1785289860.5456505,0.0,0.0,0.000924992024898529
1785289860.5469208,0.0,0.0,0.00091948801279068
1785289860.548232,0.0,0.0,0.0009293760061264038
1785289860.5495157,0.0,0.0,0.0009227839708328247
1785289860.5508027,0.0,0.0,0.0009331200122833252
1785289860.5521076,0.0,0.0,0.0009305920004844666
1785289860.5533748,0.0,0.0,0.000911903977394104
1785289860.5546405,0.0,0.0,0.000915391981601715
1785289860.5559473,0.0,0.0,0.000957535982131958
1785289860.5572383,0.0,0.0,0.000933247983455658
1785289860.5585198,0.0,0.0,0.0009266240000724793
1785289860.559821,0.0,0.0,0.0009434880018234253
1785289860.561088,0.0,0.0,0.0009159039855003357
1785289860.5623527,0.0,0.0,0.0009154559969902039
1785289860.563648,0.0,0.0,0.0009393280148506164
1785289860.5649295,0.0,0.0,0.00092467200756073
1785289860.566208,0.0,0.0,0.0009221439957618713
1785289860.5674977,0.0,0.0,0.0009392319917678833
1785289860.5687864,0.0,0.0,0.000926144003868103
1785289860.570053,0.0,0.0,0.0009189760088920593
1785289860.5713646,0.0,0.0,0.0009592000246047974
1785289860.5726311,0.0,0.0,0.0009153599739074706
1785289860.573899,0.0,0.0,0.0009175999760627746
1785289860.5751967,0.0,0.0,0.0009441599845886231
1785289860.5765958,0.0,0.0,0.0009903680086135863
1785289860.5778544,0.0,0.0,0.0009013440012931824
1785289860.579129,0.0,0.0,0.0009239360094070435
1785289860.580371,0.0,0.0,0.000890496015548706
1785289860.5822213,0.0,0.0,0.001496224045753479
1785289860.5835168,0.0,0.0,0.0009336000084877015
1785289860.5847747,0.0,0.0,0.0009062719941139221
1785289860.586043,0.0,0.0,0.0009123520255088807
1785289860.5873287,0.0,0.0,0.0009362239837646484
1785289860.5885942,0.0,0.0,0.0009162240028381348
1785289860.5898957,0.0,0.0,0.0009401280283927917
1785289860.5912082,0.0,0.0,0.0009566720128059387
1785289860.5924885,0.0,0.0,0.0009242879748344421
1785289860.59377,0.0,0.0,0.0009216639995574951
1785289860.5950584,0.0,0.0,0.0009310719966888428
1785289860.5963852,0.0,0.0,0.0009338560104370118
1785289860.5976496,0.0,0.0,0.0009103040099143982
1785289860.5989122,0.0,0.0,0.0009094719886779785
1785289860.6002269,0.0,0.0,0.0009308159947395325
1785289860.601499,0.0,0.0,0.0009176959991455078
1785289860.602773,0.0,0.0,0.000917568027973175
1785289860.604077,0.0,0.0,0.0009335359930992127
1785289860.6053407,0.0,0.0,0.000908128023147583
1785289860.6066175,0.0,0.0,0.000925599992275238
1785289860.6079063,0.0,0.0,0.0009328320026397705
1785289860.6091838,0.0,0.0,0.0009202560186386109
1785289860.6104379,0.0,0.0,0.0009011840224266052
1785289860.6117294,0.0,0.0,0.0009404479861259461
1785289860.6130066,0.0,0.0,0.000918720006942749
1785289860.6142697,0.0,0.0,0.0009071360230445862
1785289860.6155682,0.0,0.0,0.0009431999921798706
1785289860.6168468,0.0,0.0,0.0009255359768867492
1785289860.6181104,0.0,0.0,0.0009071999788284302
1785289860.619409,0.0,0.0,0.0009515200257301331
1785289860.6206763,0.0,0.0,0.0009137920141220093
1785289860.621957,0.0,0.0,0.0009280319809913635
1785289860.623255,0.0,0.0,0.0009456639885902405
1785289860.6245387,0.0,0.0,0.0009276160001754761
1785289860.6258097,0.0,0.0,0.0009142079949378967
1785289860.6270688,0.0,0.0,0.0009066879749298096
1785289860.6283765,0.0,0.0,0.0009243199825286865
1785289860.6296601,0.0,0.0,0.000918720006942749
1785289860.6309392,0.0,0.0,0.0009279999732971191
1785289860.6323886,0.0,0.0,0.0010649280548095702
1785289860.6336758,0.0,0.0,0.0009275839924812317
1785289860.634947,0.0,0.0,0.0009189760088920593
1785289860.6367989,0.0,0.0,0.0014685440063476564
1785289860.6380942,0.0,0.0,0.0009292799830436706
1785289860.639395,0.0,0.0,0.0009462720155715942
1785289860.6406677,0.0,0.0,0.0009160320162773133
1785289860.6419468,0.0,0.0,0.0009234240055084229
1785289860.6432583,0.0,0.0,0.0009568960070610046
1785289860.6445367,0.0,0.0,0.0009242240190505982
1785289860.645805,0.0,0.0,0.0009134079813957214
1785289860.6470776,0.0,0.0,0.000913536012172699
1785289860.6483843,0.0,0.0,0.0009274240136146546
1785289860.6496565,0.0,0.0,0.0009174399971961975
1785289860.6509337,0.0,0.0,0.0009247999787330627
1785289860.6522295,0.0,0.0,0.0009115840196609497
1785289860.6535084,0.0,0.0,0.0009244480133056641
1785289860.6547773,0.0,0.0,0.0009145280122756958
1785289860.6560934,0.0,0.0,0.0009254400134086609
1785289860.657374,0.0,0.0,0.0009201279878616333
1785289860.6586723,0.0,0.0,0.0009444800019264222
1785289860.6599765,0.0,0.0,0.0009475200176239013
1785289860.66123,0.0,0.0,0.0008985599875450134
1785289860.662526,0.0,0.0,0.0009167680144309998
1785289860.6638114,0.0,0.0,0.0009340800046920777
1785289860.665096,0.0,0.0,0.0009111040234565735
1785289860.666353,0.0,0.0,0.0009065600037574768
1785289860.6676383,0.0,0.0,0.0009334400296211242
1785289860.6689067,0.0,0.0,0.000910368025302887
1785289860.6701715,0.0,0.0,0.0009140480160713196
1785289860.671444,0.0,0.0,0.000918944001197815
1785289860.6727095,0.0,0.0,0.0009106559753417969
1785289860.6739743,0.0,0.0,0.00091075199842453
1785289860.6752603,0.0,0.0,0.0009344959855079651
1785289860.6765387,0.0,0.0,0.0009213119745254516
1785289860.677816,0.0,0.0,0.0009207360148429871
1785289860.6790848,0.0,0.0,0.0009166079759597778
1785289860.6803715,0.0,0.0,0.0009102720022201538
1785289860.6816318,0.0,0.0,0.0009117760062217712
1785289860.6828954,0.0,0.0,0.000915615975856781
1785289860.6841774,0.0,0.0,0.0009074239730834961
1785289860.6854384,0.0,0.0,0.0009090560078620911
1785289860.686823,0.0,0.0,0.0010320320129394531
1785289860.6881251,0.0,0.0,0.0009216319918632507
1785289860.6894052,0.0,0.0,0.0009238079786300659
1785289860.690667,0.0,0.0,0.0009105280041694641
1785289860.6925611,0.0,0.0,0.001538367986679077
1785289860.6938434,0.0,0.0,0.0009140160083770752
1785289860.6951444,0.0,0.0,0.0009424639940261841
1785289860.696422,0.0,0.0,0.0009189760088920593
1785289860.6977057,0.0,0.0,0.000929535984992981
1785289860.6989796,0.0,0.0,0.0009189760088920593
1785289860.7002945,0.0,0.0,0.0009337279796600342
1785289860.701549,0.0,0.0,0.0009037119746208191
1785289860.702805,0.0,0.0,0.0009051839709281922
1785289860.704115,0.0,0.0,0.0009304000139236451
1785289860.705384,0.0,0.0,0.0009181439876556396
1785289860.706651,0.0,0.0,0.0009174399971961975
1785289860.7079475,0.0,0.0,0.000944096028804779
1785289860.709261,0.0,0.0,0.0009329919815063476
1785289860.7105575,0.0,0.0,0.0009388480186462402
1785289860.711853,0.0,0.0,0.0009415680170059204
1785289860.7131336,0.0,0.0,0.0009241600036621094
1785289860.714403,0.0,0.0,0.0009149760007858276
1785289860.7156897,0.0,0.0,0.0009341440200805664
1785289860.7169673,0.0,0.0,0.0009199039936065674
1785289860.7182314,0.0,0.0,0.0009142720103263855
1785289860.719533,0.0,0.0,0.0009460480213165283
1785289860.720808,0.0,0.0,0.0009149760007858276
1785289860.7220778,0.0,0.0,0.0009110720157623291
1785289860.7233624,0.0,0.0,0.0009292479753494262
1785289860.7246346,0.0,0.0,0.0009167680144309998
1785289860.7259052,0.0,0.0,0.0009175999760627746
1785289860.727198,0.0,0.0,0.0009398720264434814
1785289860.7284813,0.0,0.0,0.0009149439930915832
1785289860.729765,0.0,0.0,0.000929311990737915
1785289860.7310326,0.0,0.0,0.0009197440147399903
1785289860.7323222,0.0,0.0,0.000916159987449646
1785289860.733584,0.0,0.0,0.0009093440175056458
1785289860.7348685,0.0,0.0,0.0009236800074577332
1785289860.7361584,0.0,0.0,0.0009095360040664673
1785289860.7374222,0.0,0.0,0.0009080320000648498
1785289860.7387009,0.0,0.0,0.0009210559725761413
1785289860.740003,0.0,0.0,0.000947327971458435
1785289860.741279,0.0,0.0,0.0009184640049934387
1785289860.7426772,0.0,0.0,0.001047808051109314
1785289860.7439702,0.0,0.0,0.0009392639994621277
1785289860.7452464,0.0,0.0,0.0009239680171012879
1785289860.747074,0.0,0.0,0.0014766720533370972
1785289860.7483773,0.0,0.0,0.0009147520065307617
1785289860.749647,0.0,0.0,0.0009151999950408935
1785289860.7509105,0.0,0.0,0.0009104319810867309
1785289860.7522023,0.0,0.0,0.0009141119718551636
1785289860.7534668,0.0,0.0,0.000911296010017395
1785289860.7547054,0.0,0.0,0.0008893439769744873
1785289860.7559996,0.0,0.0,0.0009438400268554687
1785289860.757282,0.0,0.0,0.0009249280095100403
1785289860.7585607,0.0,0.0,0.0009210559725761413
1785289860.7598667,0.0,0.0,0.0009521920084953308
1785289860.7611318,0.0,0.0,0.0009153280258178711
1785289860.762415,0.0,0.0,0.0009162560105323792
1785289860.7637086,0.0,0.0,0.0009400960206985473
1785289860.7649841,0.0,0.0,0.0009209280014038086
1785289860.766252,0.0,0.0,0.0009150400161743164
1785289860.76755,0.0,0.0,0.000941536009311676
1785289860.7688203,0.0,0.0,0.0009131199717521668
1785289860.7700782,0.0,0.0,0.000904416024684906
1785289860.7713854,0.0,0.0,0.0009540799856185913
1785289860.7726655,0.0,0.0,0.0009233919978141785
1785289860.7739546,0.0,0.0,0.0009353920221328735
1785289860.7752547,0.0,0.0,0.0009479680061340332
1785289860.7765372,0.0,0.0,0.0009261760115623475
1785289860.7778099,0.0,0.0,0.0009221439957618713
1785289860.7790806,0.0,0.0,0.0009159359931945801
1785289860.7803967,0.0,0.0,0.0009296960234642028
1785289860.7816582,0.0,0.0,0.0009100800156593323
1785289860.7829218,0.0,0.0,0.0009117119908332824
1785289860.7842095,0.0,0.0,0.00091184002161026
1785289860.7854667,0.0,0.0,0.0009090560078620911
1785289860.786732,0.0,0.0,0.0009162240028381348
1785289860.7880218,0.0,0.0,0.0009384959936141968
1785289860.789286,0.0,0.0,0.0009144960045814514
1785289860.7905743,0.0,0.0,0.0009355520009994507
1785289860.7918804,0.0,0.0,0.0009558079838752747
1785289860.793141,0.0,0.0,0.000908415973186493
1785289860.7944183,0.0,0.0,0.0009093120098114014
1785289860.7957127,0.0,0.0,0.0009452800154685974
1785289860.7971344,0.0,0.0,0.0010658880472183226
1785289860.798435,0.0,0.0,0.0009411519765853882
1785289860.7997384,0.0,0.0,0.0009479680061340332
1785289860.8010087,0.0,0.0,0.000921504020690918
1785289860.8028448,0.0,0.0,0.0009176959991455078
1785289860.804147,0.0,0.0,0.0009223039746284484
1785289860.8054385,0.0,0.0,0.0009286720156669617
1785289860.806712,0.0,0.0,0.000922655999660492
1785289860.8080173,0.0,0.0,0.0009556800127029419
1785289860.8092892,0.0,0.0,0.0009157440066337586
1785289860.810548,0.0,0.0,0.0009148799777030944
1785289860.8118396,0.0,0.0,0.0009410880208015442
1785289860.8130956,0.0,0.0,0.0009048640131950379
1785289860.8143637,0.0,0.0,0.0009197120070457459
1785289860.8157253,0.0,0.0,0.001010143995285034
1785289860.8170054,0.0,0.0,0.0009207680225372315
1785289860.8182716,0.0,0.0,0.0009106879830360412
1785289860.819572,0.0,0.0,0.0009469119906425476
1785289860.820831,0.0,0.0,0.000902463972568512
1785289860.822086,0.0,0.0,0.000902944028377533
1785289860.8233678,0.0,0.0,0.0009329599738121032
1785289860.8246362,0.0,0.0,0.0009140160083770752
1785289860.8259108,0.0,0.0,0.0009225599765777588
1785289860.8272018,0.0,0.0,0.0009375039935112
1785289860.8284812,0.0,0.0,0.0009202880263328552
1785289860.8297346,0.0,0.0,0.0009041600227355957
1785289860.8310177,0.0,0.0,0.0009155840277671813
1785289860.8323345,0.0,0.0,0.0009318720102310181
1785289860.8336072,0.0,0.0,0.0009197120070457459
1785289860.834887,0.0,0.0,0.0009220479726791381
1785289860.8361764,0.0,0.0,0.0009122239947319031
1785289860.837453,0.0,0.0,0.0009206719994544983
1785289860.8387182,0.0,0.0,0.000911679983139038
1785289860.8399835,0.0,0.0,0.0009143999814987182
1785289860.841241,0.0,0.0,0.0009038079977035522
1785289860.8425171,0.0,0.0,0.0009232640266418457
1785289860.843801,0.0,0.0,0.000932096004486084
1785289860.8450792,0.0,0.0,0.0009201599955558777
1785289860.8463502,0.0,0.0,0.0009215360283851623
1785289860.8476605,0.0,0.0,0.0009567999839782715
1785289860.8489482,0.0,0.0,0.0009314560294151306
1785289860.85022,0.0,0.0,0.0009211199879646301
1785289860.8515084,0.0,0.0,0.0009376320242881775
1785289860.8529253,0.0,0.0,0.0009392319917678833
1785289860.854215,0.0,0.0,0.0009323199987411499
1785289860.8555079,0.0,0.0,0.0009451519846916199
1785289860.8573322,0.0,0.0,0.0014720959663391112
1785289860.8586092,0.0,0.0,0.0009192640185356141
1785289860.859918,0.0,0.0,0.0009535040259361267
1785289860.8612273,0.0,0.0,0.0009324480295181274
1785289860.8624911,0.0,0.0,0.0009088640213012696
1785289860.8638048,0.0,0.0,0.0009604799747467041
1785289860.865063,0.0,0.0,0.0009003199934959411
1785289860.866344,0.0,0.0,0.0009270719885826111
1785289860.8676455,0.0,0.0,0.0009464640021324158
1785289860.868911,0.0,0.0,0.0009168639779090881
1785289860.8701742,0.0,0.0,0.000915552020072937
1785289860.8714688,0.0,0.0,0.0009420480132102966
1785289860.872737,0.0,0.0,0.0009111359715461731
1785289860.8740234,0.0,0.0,0.0009179199934005737
1785289860.8752892,0.0,0.0,0.0009196799993515015
1785289860.8765416,0.0,0.0,0.0008994240164756775
1785289860.8778095,0.0,0.0,0.000911679983139038
1785289860.8790817,0.0,0.0,0.000920960009098053
1785289860.8803806,0.0,0.0,0.0009245759844779968
1785289860.8816435,0.0,0.0,0.0009110080003738403
1785289860.882893,0.0,0.0,0.0009026880264282227
1785289860.8841805,0.0,0.0,0.0009085440039634705
1785289860.8854547,0.0,0.0,0.0009239360094070435
1785289860.886738,0.0,0.0,0.000932479977607727
1785289860.8880417,0.0,0.0,0.0009461439847946167
1785289860.8893242,0.0,0.0,0.0009238079786300659
1785289860.890596,0.0,0.0,0.0009239680171012879
1785289860.8919034,0.0,0.0,0.0009544960260391235
1785289860.8931904,0.0,0.0,0.0009264000058174134
1785289860.894488,0.0,0.0,0.0009270079731941223
1785289860.8957856,0.0,0.0,0.0009436479806900024
1785289860.8971207,0.0,0.0,0.0009154880046844483
1785289860.8983855,0.0,0.0,0.0009129279851913452
1785289860.8996892,0.0,0.0,0.0009530879855155945
1785289860.9009504,0.0,0.0,0.000908128023147583
1785289860.9022188,0.0,0.0,0.000922655999660492
1785289860.903515,0.0,0.0,0.0009451839923858643
1785289860.9048176,0.0,0.0,0.0009470720291137695
1785289860.906087,0.0,0.0,0.0009182080030441284
1785289860.907516,0.0,0.0,0.0010763839483261108
1785289860.9088004,0.0,0.0,0.0009305599927902222
1785289860.9100738,0.0,0.0,0.0009229440093040467
1785289860.9113996,0.0,0.0,0.0009617599844932557
1785289860.9132886,0.0,0.0,0.0009442880153656006
1785289860.9145546,0.0,0.0,0.0009111999869346618
1785289860.9158673,0.0,0.0,0.0009601920247077942
1785289860.917148,0.0,0.0,0.000926464021205902
1785289860.9184356,0.0,0.0,0.0009377599954605103
1785289860.9197402,0.0,0.0,0.0009512320160865783
1785289860.9210227,0.0,0.0,0.0009248960018157959
1785289860.9222884,0.0,0.0,0.000914463996887207
1785289860.9235766,0.0,0.0,0.0009373440146446228
1785289860.9248269,0.0,0.0,0.0008976640105247497
1785289860.9260902,0.0,0.0,0.0009102399945259094
1785289860.9274046,0.0,0.0,0.0009423679709434509
1785289860.9286747,0.0,0.0,0.0009192320108413697
1785289860.9299548,0.0,0.0,0.0009288960099220276
1785289860.9312558,0.0,0.0,0.0009464319944381714
1785289860.9325333,0.0,0.0,0.0009256319999694824
1785289860.9338114,0.0,0.0,0.0009280639886856079
1785289860.935078,0.0,0.0,0.0009128640294075012
1785289860.9363759,0.0,0.0,0.0009202880263328552
1785289860.9376264,0.0,0.0,0.0009014080166816712
1785289860.9388804,0.0,0.0,0.0009030399918556213
1785289860.9401646,0.0,0.0,0.0009132480025291443
1785289860.941437,0.0,0.0,0.000920415997505188
1785289860.9427006,0.0,0.0,0.000907584011554718
1785289860.943991,0.0,0.0,0.0009410880208015442
1785289860.9452727,0.0,0.0,0.0009207360148429871
1785289860.9465492,0.0,0.0,0.0009240639805793762
1785289860.9478574,0.0,0.0,0.0009555519819259644
1785289860.9491491,0.0,0.0,0.0009383040070533753
1785289860.950426,0.0,0.0,0.0009279999732971191
1785289860.9517338,0.0,0.0,0.0009537280201911926
1785289860.952997,0.0,0.0,0.0009084479808807373
1785289860.9542468,0.0,0.0,0.0009025279879570007
1785289860.955543,0.0,0.0,0.000948032021522522
1785289860.9568107,0.0,0.0,0.0009112640023231506
1785289860.9580708,0.0,0.0,0.0009096959829330444
1785289860.9593673,0.0,0.0,0.000943615972995758
1785289860.9606538,0.0,0.0,0.0009160000085830689
1785289860.9619405,0.0,0.0,0.0009340159893035889
1785289860.9633915,0.0,0.0,0.0009664000272750855
1785289860.9646811,0.0,0.0,0.0009288640022277832
1785289860.9659579,0.0,0.0,0.0009206079840660095
1785289860.9678056,0.0,0.0,0.0014924479722976684
1785289860.969094,0.0,0.0,0.0009221439957618713
1785289860.9703727,0.0,0.0,0.0009254080057144165
1785289860.9716885,0.0,0.0,0.0009618560075759887
1785289860.972978,0.0,0.0,0.0009312000274658203
1785289860.974223,0.0,0.0,0.0008951680064201355
1785289860.9755223,0.0,0.0,0.0009477120041847228
1785289860.9768066,0.0,0.0,0.0009330880045890808
1785289860.9780786,0.0,0.0,0.0009228159785270691
1785289860.979371,0.0,0.0,0.0009404159784317017
1785289860.9806523,0.0,0.0,0.0009288960099220276
1785289860.9819195,0.0,0.0,0.0009113600254058838
1785289860.98321,0.0,0.0,0.0009374079704284668
1785289860.984478,0.0,0.0,0.0009160959720611573
1785289860.98574,0.0,0.0,0.000912992000579834
1785289860.9870164,0.0,0.0,0.0009249280095100403
1785289860.9882994,0.0,0.0,0.0009130560159683228
1785289860.989565,0.0,0.0,0.000909824013710022
1785289860.990849,0.0,0.0,0.000930079996585846
1785289860.9921305,0.0,0.0,0.0009071360230445862
1785289860.993443,0.0,0.0,0.0009291200041770935
1785289860.9947073,0.0,0.0,0.0009111359715461731
1785289860.9960241,0.0,0.0,0.0009431359767913818
1785289860.9973125,0.0,0.0,0.0009303359985351563
1785289860.9985845,0.0,0.0,0.000920415997505188
1785289860.9998932,0.0,0.0,0.000946399986743927
1785289861.0011687,0.0,0.0,0.0009159359931945801
1785289861.0024583,0.0,0.0,0.0009422399997711182
1785289861.0037677,0.0,0.0,0.0009584640264511109
1785289861.005062,0.0,0.0,0.0009369279742240906
1785289861.006331,0.0,0.0,0.0009195520281791687
1785289861.0076237,0.0,0.0,0.0009442880153656006
1785289861.0089033,0.0,0.0,0.0009248319864273071
1785289861.0101972,0.0,0.0,0.0009416319727897644
1785289861.011506,0.0,0.0,0.0009576960206031799
1785289861.0127594,0.0,0.0,0.0008981760144233704
1785289861.0141368,0.0,0.0,0.000928384006023407
1785289861.0154378,0.0,0.0,0.0009432960152626037
1785289861.0167084,0.0,0.0,0.0009141759872436523
1785289861.0181098,0.0,0.0,0.0010473920106887817
1785289861.019427,0.0,0.0,0.000954367995262146
1785289861.0206978,0.0,0.0,0.000914463996887207
1785289861.02253,0.0,0.0,0.0014743679761886597
1785289861.0238502,0.0,0.0,0.0009528959989547729
1785289861.0251472,0.0,0.0,0.0009401280283927917
1785289861.0264122,0.0,0.0,0.0009153599739074706
1785289861.0277417,0.0,0.0,0.0009563519954681397
1785289861.029016,0.0,0.0,0.0009189119935035705
1785289861.0302992,0.0,0.0,0.0009328320026397705
1785289861.031619,0.0,0.0,0.0009642239809036255
1785289861.0328994,0.0,0.0,0.0009276480078697205
1785289861.0341628,0.0,0.0,0.0009111679792404174
1785289861.0354552,0.0,0.0,0.0009400640130043029
1785289861.0367384,0.0,0.0,0.0009293439984321594
1785289861.0380032,0.0,0.0,0.0009178239703178406
1785289861.039328,0.0,0.0,0.0009588159918785096
1785289861.0406077,0.0,0.0,0.000920960009098053
1785289861.0418763,0.0,0.0,0.0009145920276641846
1785289861.0431697,0.0,0.0,0.0009383999705314636
1785289861.0444746,0.0,0.0,0.0009434880018234253
1785289861.0457685,0.0,0.0,0.0009312639832496643
1785289861.047041,0.0,0.0,0.0009135680198669434
1785289861.0483494,0.0,0.0,0.0009279040098190308
1785289861.0496156,0.0,0.0,0.0009120000004768372
1785289861.0508804,0.0,0.0,0.0009169279932975769
1785289861.052195,0.0,0.0,0.0009412800073623658
1785289861.0534856,0.0,0.0,0.0009335680007934571
1785289861.0547638,0.0,0.0,0.000921504020690918
1785289861.0560777,0.0,0.0,0.0009407680034637452
1785289861.0573466,0.0,0.0,0.0009175360202789307
1785289861.0586197,0.0,0.0,0.0009238399863243103
1785289861.0599535,0.0,0.0,0.0009645119905471801
1785289861.0612187,0.0,0.0,0.0009117760062217712
1785289861.0624673,0.0,0.0,0.000900991976261139
1785289861.0637708,0.0,0.0,0.0009463359713554382
1785289861.0650585,0.0,0.0,0.0009291200041770935
1785289861.0663326,0.0,0.0,0.0009234560132026673
1785289861.0676181,0.0,0.0,0.0009348480105400086
1785289861.0688946,0.0,0.0,0.0009203839898109436
1785289861.0701616,0.0,0.0,0.0009197440147399903
1785289861.0714643,0.0,0.0,0.0009480640292167664
1785289861.0728607,0.0,0.0,0.001041856050491333
1785289861.0741343,0.0,0.0,0.0009191679954528809
1785289861.0754414,0.0,0.0,0.0009511039853096009
1785289861.0773046,0.0,0.0,0.0009243519902229309
1785289861.0785885,0.0,0.0,0.0009143040180206299
1785289861.0798995,0.0,0.0,0.000956063985824585
1785289861.0811718,0.0,0.0,0.0009206719994544983
1785289861.0824323,0.0,0.0,0.0009031999707221985
1785289861.0837252,0.0,0.0,0.000944383978843689
1785289861.0849855,0.0,0.0,0.0009057279825210571
1785289861.086245,0.0,0.0,0.0009049599766731263
1785289861.0875406,0.0,0.0,0.0009436479806900024
1785289861.0888107,0.0,0.0,0.000913856029510498
1785289861.0900826,0.0,0.0,0.0009209920167922974
1785289861.0913906,0.0,0.0,0.0009606720209121704
1785289861.0926812,0.0,0.0,0.0009341440200805664
1785289861.0939498,0.0,0.0,0.0009174399971961975
1785289861.095241,0.0,0.0,0.0009371520280838013
1785289861.0965347,0.0,0.0,0.0009404479861259461
1785289861.097807,0.0,0.0,0.0009199360013008118
1785289861.0991092,0.0,0.0,0.000934719979763031
1785289861.100391,0.0,0.0,0.000923039972782135
1785289861.1016724,0.0,0.0,0.0009315840005874634
1785289861.102937,0.0,0.0,0.0009131199717521668
1785289861.104226,0.0,0.0,0.0009138879776000976
1785289861.1055,0.0,0.0,0.0009205759763717651
1785289861.106776,0.0,0.0,0.0009241600036621094
1785289861.108074,0.0,0.0,0.0009268159866333008
1785289861.10934,0.0,0.0,0.0009144960045814514
1785289861.1106293,0.0,0.0,0.0009368640184402465
1785289861.111921,0.0,0.0,0.0009433280229568481
1785289861.113179,0.0,0.0,0.0009060800075531006
1785289861.114443,0.0,0.0,0.0009107840061187744
1785289861.1157167,0.0,0.0,0.0009226239919662476
1785289861.1169853,0.0,0.0,0.0009090880155563355
1785289861.1182635,0.0,0.0,0.0009268479943275452
1785289861.119575,0.0,0.0,0.0009567999839782715
1785289861.1208522,0.0,0.0,0.0009249600172042847
1785289861.1221495,0.0,0.0,0.0009218559861183166
1785289861.1234329,0.0,0.0,0.0009370560050010682
1785289861.124706,0.0,0.0,0.0009163519740104675
1785289861.1259847,0.0,0.0,0.0009125120043754578
1785289861.127284,0.0,0.0,0.0009452800154685974
1785289861.1286993,0.0,0.0,0.0009229120016098023
1785289861.1299725,0.0,0.0,0.000922752022743225
1785289861.131283,0.0,0.0,0.0009598079919815064
1785289861.1331093,0.0,0.0,0.001469920039176941
1785289861.1343925,0.0,0.0,0.0009237440228462219
1785289861.1356866,0.0,0.0,0.0009409919977188111
1785289861.1369748,0.0,0.0,0.0009310399889945984
1785289861.138238,0.0,0.0,0.0009088000059127808
1785289861.1395323,0.0,0.0,0.0009448320269584656
1785289861.1408067,0.0,0.0,0.0009231680035591126
1785289861.1420975,0.0,0.0,0.0009326400160789489
1785289861.143398,0.0,0.0,0.0009515519738197327
1785289861.1446772,0.0,0.0,0.0009250879883766174
1785289861.1459374,0.0,0.0,0.000904799997806549
1785289861.1472044,0.0,0.0,0.0009149119853973388
1785289861.1484792,0.0,0.0,0.0009137279987335205
1785289861.1497395,0.0,0.0,0.000908415973186493
1785289861.1509938,0.0,0.0,0.0009058560132980347
1785289861.1522925,0.0,0.0,0.0009219520092010498
1785289861.1535473,0.0,0.0,0.0009068160057067871
1785289861.154812,0.0,0.0,0.0009140480160713196
1785289861.156093,0.0,0.0,0.0009121919870376587
1785289861.1573584,0.0,0.0,0.0009134719967842102
1785289861.1586285,0.0,0.0,0.000915776014328003
1785289861.1599367,0.0,0.0,0.0009443519711494446
1785289861.161215,0.0,0.0,0.00092467200756073
1785289861.1624968,0.0,0.0,0.0009113919734954834
1785289861.1637824,0.0,0.0,0.000932416021823883
1785289861.1650624,0.0,0.0,0.000923200011253357
1785289861.1663437,0.0,0.0,0.00092467200756073
1785289861.1676357,0.0,0.0,0.000942143976688385
1785289861.168902,0.0,0.0,0.0009137279987335205
1785289861.1701705,0.0,0.0,0.0009167680144309998
1785289861.1714509,0.0,0.0,0.0009238079786300659
1785289861.1727185,0.0,0.0,0.0009151359796524047
1785289861.1739845,0.0,0.0,0.0009166399836540222
1785289861.1752841,0.0,0.0,0.0009417920112609863
1785289861.1765592,0.0,0.0,0.0009232640266418457
1785289861.1778252,0.0,0.0,0.0009151999950408935
1785289861.179081,0.0,0.0,0.0009057599902153015
1785289861.1803756,0.0,0.0,0.0009143040180206299
1785289861.1816506,0.0,0.0,0.000917568027973175
1785289861.1830523,0.0,0.0,0.0010548479557037354
1785289861.184343,0.0,0.0,0.0009134399890899658
1785289861.1856253,0.0,0.0,0.000932479977607727
1785289861.1874816,0.0,0.0,0.0009451839923858643
1785289861.188797,0.0,0.0,0.0009410560131072998
1785289861.1900604,0.0,0.0,0.0009074879884719848
1785289861.191367,0.0,0.0,0.0009544000029563903
1785289861.1926663,0.0,0.0,0.0009231039881706238
1785289861.1939363,0.0,0.0,0.0009186239838600158
1785289861.1952214,0.0,0.0,0.0009376959800720215
1785289861.1964748,0.0,0.0,0.0008976640105247497
1785289861.1977236,0.0,0.0,0.0009051839709281922
1785289861.1989832,0.0,0.0,0.0009106559753417969
1785289861.200274,0.0,0.0,0.0009214720129966736
1785289861.201553,0.0,0.0,0.0009291520118713379
1785289861.2028441,0.0,0.0,0.000927839994430542
1785289861.2041376,0.0,0.0,0.0009223679900169372
1785289861.2054105,0.0,0.0,0.0009163519740104675
1785289861.2066844,0.0,0.0,0.0009189760088920593
1785289861.2079852,0.0,0.0,0.0009490560293197632
1785289861.2092671,0.0,0.0,0.0009222080111503601
1785289861.210544,0.0,0.0,0.0009214079976081848
1785289861.2118464,0.0,0.0,0.0009502720236778259
1785289861.2131224,0.0,0.0,0.0009224640130996704
1785289861.2143826,0.0,0.0,0.0009113600254058838
1785289861.2156734,0.0,0.0,0.0009411519765853882
1785289861.2169423,0.0,0.0,0.0009139519929885864
1785289861.2182252,0.0,0.0,0.0009281280040740967
1785289861.21952,0.0,0.0,0.0009426239728927612
1785289861.2207885,0.0,0.0,0.0009166399836540222
1785289861.222054,0.0,0.0,0.0009181439876556396
1785289861.223349,0.0,0.0,0.0009455360174179077
1785289861.224624,0.0,0.0,0.0009163839817047119
1785289861.2258923,0.0,0.0,0.0009082880020141601
1785289861.2271893,0.0,0.0,0.0009414719939231873
1785289861.228473,0.0,0.0,0.000921280026435852
1785289861.2297332,0.0,0.0,0.000914080023765564
1785289861.231013,0.0,0.0,0.0009236479997634888
1785289861.232315,0.0,0.0,0.000921887993812561
1785289861.2335918,0.0,0.0,0.0009195200204849244
1785289861.2348492,0.0,0.0,0.0009064319729804993
1785289861.2361512,0.0,0.0,0.0009287999868392944
1785289861.23741,0.0,0.0,0.0009052799940109253
1785289861.2388055,0.0,0.0,0.0009060159921646118
1785289861.2400959,0.0,0.0,0.0009185600280761718
1785289861.241381,0.0,0.0,0.0009347519874572754
1785289861.243492,0.0,0.0,0.0017543679475784302
1785289861.2447772,0.0,0.0,0.000917792022228241
1785289861.2460477,0.0,0.0,0.0009149119853973388
1785289861.2473416,0.0,0.0,0.0009432640075683593
1785289861.248609,0.0,0.0,0.0009089599847793579
1785289861.2498732,0.0,0.0,0.0009130560159683228
1785289861.2511482,0.0,0.0,0.0009255679845809936
1785289861.2524111,0.0,0.0,0.0009111999869346618
1785289861.2536852,0.0,0.0,0.0009205120205879212
1785289861.2549627,0.0,0.0,0.00092876797914505
1785289861.2562492,0.0,0.0,0.0009087679982185364
1785289861.2575088,0.0,0.0,0.0009029120206832886
1785289861.2587898,0.0,0.0,0.0009112640023231506
1785289861.260068,0.0,0.0,0.0009030079841613769
1785289861.2613308,0.0,0.0,0.0009094719886779785
1785289861.2625904,0.0,0.0,0.0009093440175056458
1785289861.2638867,0.0,0.0,0.000938048005104065
1785289861.265152,0.0,0.0,0.0009103360176086426
1785289861.2664182,0.0,0.0,0.0009135680198669434
1785289861.2676926,0.0,0.0,0.000927232027053833
1785289861.2689688,0.0,0.0,0.0009214400053024292
1785289861.2702188,0.0,0.0,0.000896511971950531
1785289861.2715156,0.0,0.0,0.0009441919922828675
1785289861.2727757,0.0,0.0,0.0009070079922676086
1785289861.274029,0.0,0.0,0.0009034240245819092
1785289861.2753127,0.0,0.0,0.0009364479780197143
1785289861.2766016,0.0,0.0,0.0009319360256195068
1785289861.277874,0.0,0.0,0.0009173759818077087
1785289861.2791603,0.0,0.0,0.0009345600008964539
1785289861.2804341,0.0,0.0,0.0009190080165863037
1785289861.2816918,0.0,0.0,0.0009040319919586181
1785289861.2829444,0.0,0.0,0.0008995519876480102
1785289861.2842596,0.0,0.0,0.0009364799857139587
1785289861.285547,0.0,0.0,0.0009325760006904602
1785289861.2868147,0.0,0.0,0.000915776014328003
1785289861.2880979,0.0,0.0,0.0009139519929885864
1785289861.2893727,0.0,0.0,0.0009164800047874451
1785289861.290641,0.0,0.0,0.0009158400297164917
1785289861.2919533,0.0,0.0,0.0009402559995651245
1785289861.2933674,0.0,0.0,0.0010608320236206055
1785289861.2946453,0.0,0.0,0.0009199360013008118
1785289861.2959578,0.0,0.0,0.0009536960124969482
1785289861.297233,0.0,0.0,0.0009239360094070435
1785289861.2990594,0.0,0.0,0.0009196799993515015
1785289861.3003767,0.0,0.0,0.000924127995967865
1785289861.3016524,0.0,0.0,0.0009209920167922974
1785289861.3029246,0.0,0.0,0.0009205759763717651
1785289861.3042185,0.0,0.0,0.0009103040099143982
1785289861.3055077,0.0,0.0,0.000930079996585846
1785289861.3067782,0.0,0.0,0.0009155840277671813
1785289861.3081193,0.0,0.0,0.0009573760032653808
1785289861.3094013,0.0,0.0,0.0009200959801673889
1785289861.3106947,0.0,0.0,0.0009368320107460023
1785289861.312001,0.0,0.0,0.0009572799801826477
1785289861.3132613,0.0,0.0,0.0009041919708251953
1785289861.3145165,0.0,0.0,0.0009056320190429688
1785289861.315803,0.0,0.0,0.000935263991355896
1785289861.3170905,0.0,0.0,0.000933023989200592
1785289861.3183804,0.0,0.0,0.0009325760006904602
1785289861.3196821,0.0,0.0,0.0009463679790496826
1785289861.320944,0.0,0.0,0.0009093760251998902
1785289861.3222165,0.0,0.0,0.0009182080030441284
1785289861.3235173,0.0,0.0,0.0009493759870529175
1785289861.3247988,0.0,0.0,0.0009106240272521973
1785289861.3260677,0.0,0.0,0.0009145920276641846
1785289861.3273878,0.0,0.0,0.0009493759870529175
1785289861.3286593,0.0,0.0,0.0009130560159683228
1785289861.3299515,0.0,0.0,0.0009372159838676453
1785289861.331246,0.0,0.0,0.0009392639994621277
1785289861.3332915,0.0,0.0,0.0009849600195884704
1785289861.3345907,0.0,0.0,0.0009171519875526428
1785289861.335901,0.0,0.0,0.0009561600089073181
1785289861.337175,0.0,0.0,0.0009183999896049499
1785289861.3384619,0.0,0.0,0.0009380159974098206
1785289861.3397605,0.0,0.0,0.0009486079812049866
1785289861.34104,0.0,0.0,0.0009186239838600158
1785289861.3423247,0.0,0.0,0.0009294400215148925
1785289861.3436244,0.0,0.0,0.000948639988899231
1785289861.3448918,0.0,0.0,0.0009136000275611878
1785289861.3461628,0.0,0.0,0.0009187520146369934
1785289861.347452,0.0,0.0,0.0009385920166969299
1785289861.348868,0.0,0.0,0.0010622400045394898
1785289861.350165,0.0,0.0,0.0009326400160789489
1785289861.351473,0.0,0.0,0.0009496960043907165
1785289861.3533113,0.0,0.0,0.001478495955467224
1785289861.3546174,0.0,0.0,0.000941536009311676
1785289861.3559458,0.0,0.0,0.0009707199931144714
1785289861.3572302,0.0,0.0,0.0009239680171012879
1785289861.3585045,0.0,0.0,0.0009239040017127991
1785289861.3598287,0.0,0.0,0.000970911979675293
1785289861.361108,0.0,0.0,0.0009211519956588745
1785289861.3623805,0.0,0.0,0.0009210559725761413
1785289861.36369,0.0,0.0,0.0009602879881858826
1785289861.3649743,0.0,0.0,0.0009271680116653443
1785289861.3662305,0.0,0.0,0.0009076799750328064
1785289861.367524,0.0,0.0,0.0009399999976158142
1785289861.3688238,0.0,0.0,0.0009234880208969117
1785289861.3700924,0.0,0.0,0.0009107199907302856
1785289861.3714004,0.0,0.0,0.0009535359740257263
1785289861.3726676,0.0,0.0,0.0009120000004768372
1785289861.3739429,0.0,0.0,0.0009239680171012879
1785289861.375252,0.0,0.0,0.000958303987979889
1785289861.3765335,0.0,0.0,0.0009247040152549744
1785289861.3778057,0.0,0.0,0.000922655999660492
1785289861.3790727,0.0,0.0,0.0009135680198669434
1785289861.3803601,0.0,0.0,0.0009079999923706054
1785289861.3816218,0.0,0.0,0.0009095039963722229
1785289861.3828936,0.0,0.0,0.0009178239703178406
1785289861.3841887,0.0,0.0,0.000923583984375
1785289861.3854609,0.0,0.0,0.0009158080220222474
1785289861.3867455,0.0,0.0,0.0009359040260314941
1785289861.3880394,0.0,0.0,0.0009447360038757325
1785289861.3892908,0.0,0.0,0.0009039040207862854
1785289861.3905478,0.0,0.0,0.0009095039963722229
1785289861.391874,0.0,0.0,0.0009544640183448791
1785289861.393148,0.0,0.0,0.0009166719913482666
1785289861.3944085,0.0,0.0,0.0009092479944229126
1785289861.3957095,0.0,0.0,0.0009486719965934754
1785289861.3969877,0.0,0.0,0.0009252799749374389
1785289861.3982532,0.0,0.0,0.0009080960154533386
1785289861.399559,0.0,0.0,0.0009553599953651429
1785289861.4008253,0.0,0.0,0.0009134399890899658
1785289861.4021113,0.0,0.0,0.0009325119853019714
1785289861.403539,0.0,0.0,0.0010730559825897217
1785289861.4048417,0.0,0.0,0.0009383360147476196
1785289861.4060931,0.0,0.0,0.000895583987236023
1785289861.407427,0.0,0.0,0.0009629120230674744
1785289861.4093444,0.0,0.0,0.0015569599866867066
1785289861.410626,0.0,0.0,0.0009206079840660095
1785289861.4119382,0.0,0.0,0.0009583359956741332
1785289861.4132128,0.0,0.0,0.0009206079840660095
1785289861.4144995,0.0,0.0,0.0009292479753494262
1785289861.4158053,0.0,0.0,0.0009538559913635254
1785289861.4170723,0.0,0.0,0.0009151999950408935
1785289861.41833,0.0,0.0,0.0009055039882659912
1785289861.419608,0.0,0.0,0.0009277120232582092
1785289861.4208834,0.0,0.0,0.0009186879992485046
1785289861.4221632,0.0,0.0,0.0009274240136146546
1785289861.42347,0.0,0.0,0.0009516479969024659
1785289861.4247322,0.0,0.0,0.0009113280177116394
1785289861.4260092,0.0,0.0,0.0009118720293045044
1785289861.427299,0.0,0.0,0.0009388480186462402
1785289861.4285696,0.0,0.0,0.0009223999977111816
1785289861.429861,0.0,0.0,0.0009348800182342529
1785289861.4311645,0.0,0.0,0.0009534400105476379
1785289861.4324284,0.0,0.0,0.0009085440039634705
1785289861.4336886,0.0,0.0,0.0009151039719581605
1785289861.4349709,0.0,0.0,0.0009305920004844666
1785289861.4362762,0.0,0.0,0.0009292799830436706
1785289861.437539,0.0,0.0,0.0009143679738044739
1785289861.438786,0.0,0.0,0.0008988159894943237
1785289861.4400826,0.0,0.0,0.0009274880290031433
1785289861.441356,0.0,0.0,0.0009157119989395142
1785289861.4426067,0.0,0.0,0.0009049280285835267
1785289861.4438903,0.0,0.0,0.0009365440011024475
1785289861.4451394,0.0,0.0,0.0009009600281715393
1785289861.4463909,0.0,0.0,0.0009064639806747436
1785289861.4476585,0.0,0.0,0.000917631983757019
1785289861.4489205,0.0,0.0,0.0009064000248908997
1785289861.4501698,0.0,0.0,0.0009005759954452514
1785289861.4514823,0.0,0.0,0.0009600319862365723
1785289861.452759,0.0,0.0,0.0009241600036621094
1785289861.4540386,0.0,0.0,0.0009278079867362976
1785289861.4553287,0.0,0.0,0.0009337279796600342
1785289861.4565957,0.0,0.0,0.0009131839871406555
1785289861.4578788,0.0,0.0,0.0009111999869346618
1785289861.4593074,0.0,0.0,0.0010797120332717897
1785289861.4605799,0.0,0.0,0.0009133120179176331
1785289861.4618604,0.0,0.0,0.0009279999732971191
1785289861.4637702,0.0,0.0,0.001553279995918274
1785289861.4650445,0.0,0.0,0.0009139840006828308
1785289861.466318,0.0,0.0,0.0009238719940185547
1785289861.4676144,0.0,0.0,0.0009456959962844849
1785289861.4688928,0.0,0.0,0.0009210559725761413
1785289861.4701536,0.0,0.0,0.000907967984676361
1785289861.4714456,0.0,0.0,0.0009445760250091553
1785289861.472702,0.0,0.0,0.00090447998046875
1785289861.4739678,0.0,0.0,0.0009152640104293823
1785289861.4752567,0.0,0.0,0.000938368022441864
1785289861.47654,0.0,0.0,0.0009273920059204102
1785289861.477811,0.0,0.0,0.0009246079921722412
1785289861.4790742,0.0,0.0,0.0009175999760627746
1785289861.4803557,0.0,0.0,0.0009000639915466308
1785289861.4816263,0.0,0.0,0.0009206399917602539
1785289861.4828908,0.0,0.0,0.0009145280122756958
1785289861.4841871,0.0,0.0,0.0009221119880676269
1785289861.4854627,0.0,0.0,0.0009185919761657714
1785289861.4867442,0.0,0.0,0.0009222400188446045
1785289861.4880126,0.0,0.0,0.0009224640130996704
1785289861.4892483,0.0,0.0,0.0008898239731788635
1785289861.4904923,0.0,0.0,0.0008976960182189941
1785289861.4918034,0.0,0.0,0.0009425280094146728
1785289861.493068,0.0,0.0,0.0009124799966812134
1785289861.4943352,0.0,0.0,0.0009128959774971008
1785289861.4956315,0.0,0.0,0.000948032021522522
1785289861.4969037,0.0,0.0,0.0009172800183296204
1785289861.4981663,0.0,0.0,0.0009115840196609497
1785289861.4994576,0.0,0.0,0.0009367679953575135
1785289861.5007355,0.0,0.0,0.0009212480187416077
1785289861.5020075,0.0,0.0,0.0009181439876556396
1785289861.5032966,0.0,0.0,0.0009358400106430054
1785289861.5045528,0.0,0.0,0.0009076160192489624
1785289861.5058184,0.0,0.0,0.0009137279987335205
1785289861.507073,0.0,0.0,0.0009053760170936585
1785289861.5083702,0.0,0.0,0.0009245439767837524
1785289861.5096495,0.0,0.0,0.0009243519902229309
1785289861.5109286,0.0,0.0,0.0009282559752464294
1785289861.5122132,0.0,0.0,0.00091184002161026
1785289861.5134788,0.0,0.0,0.0009128000140190125
1785289861.5148828,0.0,0.0,0.0009236159920692444
1785289861.516182,0.0,0.0,0.0009209920167922974
1785289861.5174408,0.0,0.0,0.0009091839790344238
1785289861.5193548,0.0,0.0,0.0015559040307998658
1785289861.5206583,0.0,0.0,0.0009153280258178711
1785289861.5219405,0.0,0.0,0.0009240000247955322
1785289861.5232406,0.0,0.0,0.0009449920058250427
1785289861.5245275,0.0,0.0,0.0009229120016098023
1785289861.5257814,0.0,0.0,0.0009032959938049316
1785289861.5270405,0.0,0.0,0.0009018880128860474
1785289861.5283594,0.0,0.0,0.0009404159784317017
1785289861.5296323,0.0,0.0,0.0009197120070457459
1785289861.5309074,0.0,0.0,0.0009232320189476014
1785289861.5321975,0.0,0.0,0.0009100480079650879
1785289861.5334644,0.0,0.0,0.0009103999733924866
1785289861.534744,0.0,0.0,0.0009065279960632324
1785289861.5360622,0.0,0.0,0.0009658240079879761
1785289861.5373275,0.0,0.0,0.0009111679792404174
1785289861.5385795,0.0,0.0,0.000906112015247345
1785289861.5398805,0.0,0.0,0.0009507200121879577
1785289861.5411553,0.0,0.0,0.0009224960207939148
1785289861.5424075,0.0,0.0,0.0009019520282745362
1785289861.5436993,0.0,0.0,0.0009341440200805664
1785289861.5449662,0.0,0.0,0.0009112319946289062
1785289861.5462263,0.0,0.0,0.0009014719724655152
1785289861.5475245,0.0,0.0,0.0009431999921798706
1785289861.5487952,0.0,0.0,0.0009148799777030944
1785289861.5500486,0.0,0.0,0.0009058560132980347
1785289861.551335,0.0,0.0,0.0009373440146446228
1785289861.5526078,0.0,0.0,0.0009150400161743164
1785289861.553864,0.0,0.0,0.0009111679792404174
1785289861.5551267,0.0,0.0,0.000893343985080719
1785289861.5563936,0.0,0.0,0.0009111040234565735
1785289861.5576718,0.0,0.0,0.0009128000140190125
1785289861.5589516,0.0,0.0,0.0009263359904289246
1785289861.56025,0.0,0.0,0.000919871985912323
1785289861.5615218,0.0,0.0,0.0009125760197639466
1785289861.5627694,0.0,0.0,0.0008975039720535279
1785289861.5640628,0.0,0.0,0.0009243839979171753
1785289861.5653355,0.0,0.0,0.0009204480051994324
1785289861.5666049,0.0,0.0,0.000917568027973175
1785289861.5678866,0.0,0.0,0.0009332159757614136
1785289861.569282,0.0,0.0,0.0010417280197143554
1785289861.5705602,0.0,0.0,0.0009198399782180786
1785289861.571882,0.0,0.0,0.0009627199769020081
1785289861.5731344,0.0,0.0,0.000900160014629364
1785289861.5749261,0.0,0.0,0.0009132800102233887
1785289861.5762405,0.0,0.0,0.0009259520173072815
1785289861.5775251,0.0,0.0,0.0009278079867362976
1785289861.5787902,0.0,0.0,0.000917631983757019
1785289861.5800836,0.0,0.0,0.000926144003868103
1785289861.5813363,0.0,0.0,0.0009011200070381164
1785289861.582601,0.0,0.0,0.0009136639833450317
1785289861.5839043,0.0,0.0,0.0009524800181388855
1785289861.5851676,0.0,0.0,0.0009082559943199157
1785289861.586438,0.0,0.0,0.0009161279797554016
1785289861.587736,0.0,0.0,0.0009434880018234253
1785289861.5890021,0.0,0.0,0.0009136639833450317
1785289861.590291,0.0,0.0,0.0009168959856033325
1785289861.591587,0.0,0.0,0.0009438719749450684
1785289861.5928736,0.0,0.0,0.0009271039962768555
1785289861.594134,0.0,0.0,0.0009082880020141601
1785289861.595421,0.0,0.0,0.0009395840167999267
1785289861.5966895,0.0,0.0,0.0009174079895019531
1785289861.5979629,0.0,0.0,0.0009208959937095642
1785289861.599244,0.0,0.0,0.0009318720102310181
1785289861.600516,0.0,0.0,0.0009168319702148438
1785289861.6017754,0.0,0.0,0.0009066879749298096
1785289861.6030388,0.0,0.0,0.0009102720022201538
1785289861.6043417,0.0,0.0,0.0009341120123863221
1785289861.6056125,0.0,0.0,0.0009192320108413697
1785289861.6068668,0.0,0.0,0.0009035840034484863
1785289861.608174,0.0,0.0,0.0009353280067443848
1785289861.6094434,0.0,0.0,0.000916703999042511
1785289861.6106951,0.0,0.0,0.0009003199934959411
1785289861.611981,0.0,0.0,0.0009328640103340149
1785289861.6132402,0.0,0.0,0.0009049599766731263
1785289861.6145039,0.0,0.0,0.0009071360230445862
1785289861.6157935,0.0,0.0,0.000939903974533081
1785289861.6170645,0.0,0.0,0.0009128959774971008
1785289861.6183374,0.0,0.0,0.0009203199744224548
1785289861.6196337,0.0,0.0,0.0009423679709434509
1785289861.6209056,0.0,0.0,0.000917248010635376
1785289861.6221607,0.0,0.0,0.000906112015247345
1785289861.6234396,0.0,0.0,0.000932416021823883
1785289861.624847,0.0,0.0,0.001054144024848938
1785289861.6261208,0.0,0.0,0.0009184640049934387
1785289861.627414,0.0,0.0,0.0009428480267524719
1785289861.6292229,0.0,0.0,0.0014574719667434692
1785289861.6304977,0.0,0.0,0.000916159987449646
1785289861.631798,0.0,0.0,0.000949184000492096
1785289861.6330624,0.0,0.0,0.0009102720022201538
1785289861.6343079,0.0,0.0,0.000895583987236023
1785289861.6356213,0.0,0.0,0.0009665600061416626
1785289861.6368957,0.0,0.0,0.0009205440282821655
1785289861.638163,0.0,0.0,0.0009165760278701782
1785289861.6394517,0.0,0.0,0.0009381440281867981
1785289861.6407413,0.0,0.0,0.0009327359795570373
1785289861.6420093,0.0,0.0,0.0009205440282821655
1785289861.6433113,0.0,0.0,0.0009491519927978516
1785289861.6445906,0.0,0.0,0.0009220160245895385
1785289861.6458578,0.0,0.0,0.0009177280068397522
1785289861.647161,0.0,0.0,0.0009464960098266601
1785289861.6484523,0.0,0.0,0.0009358720183372497
1785289861.6497424,0.0,0.0,0.0009392639994621277
1785289861.6510203,0.0,0.0,0.0009254080057144165
1785289861.6523209,0.0,0.0,0.0009223679900169372
1785289861.6535857,0.0,0.0,0.0009160000085830689
1785289861.6548529,0.0,0.0,0.0009188799858093261
1785289861.6561863,0.0,0.0,0.0009430400133132934
1785289861.6574788,0.0,0.0,0.0009257919788360595
1785289861.6587465,0.0,0.0,0.000914080023765564
1785289861.660049,0.0,0.0,0.0009481599926948548
1785289861.6613169,0.0,0.0,0.0009147199988365173
1785289861.6625865,0.0,0.0,0.0009220799803733825
1785289861.6638823,0.0,0.0,0.0009447360038757325
1785289861.665133,0.0,0.0,0.000901856005191803
1785289861.666417,0.0,0.0,0.0009335680007934571
1785289861.6677003,0.0,0.0,0.0009341120123863221
1785289861.6689591,0.0,0.0,0.0009123839735984803
1785289861.6702197,0.0,0.0,0.0009090880155563355
1785289861.6714945,0.0,0.0,0.0009273599982261658
1785289861.6727726,0.0,0.0,0.0009228479862213135
1785289861.674038,0.0,0.0,0.0009157119989395142
1785289861.6753256,0.0,0.0,0.0009398720264434814
1785289861.6765857,0.0,0.0,0.0009093760251998902
1785289861.677849,0.0,0.0,0.0009105920195579529
1785289861.6792872,0.0,0.0,0.001092479944229126
1785289861.680575,0.0,0.0,0.0009291840195655822
1785289861.681847,0.0,0.0,0.0009204480051994324
1785289861.6831403,0.0,0.0,0.0009403200149536132
1785289861.6850176,0.0,0.0,0.0015040639638900758
1785289861.6863225,0.0,0.0,0.0009440640211105346
1785289861.6876383,0.0,0.0,0.0009609919786453247
1785289861.6889029,0.0,0.0,0.0009132159948348999
1785289861.6901803,0.0,0.0,0.0009090880155563355
1785289861.6914616,0.0,0.0,0.0009303680062294007
1785289861.6927233,0.0,0.0,0.0009163519740104675
1785289861.6939998,0.0,0.0,0.0009251520037651062
1785289861.6953022,0.0,0.0,0.000948639988899231
1785289861.6965735,0.0,0.0,0.0009111040234565735
1785289861.6978364,0.0,0.0,0.0009122239947319031
1785289861.6991203,0.0,0.0,0.0009168959856033325
1785289861.7004027,0.0,0.0,0.0009122880101203919
1785289861.7016668,0.0,0.0,0.0009138240218162537
1785289861.7029438,0.0,0.0,0.000923520028591156
1785289861.7042472,0.0,0.0,0.0009242560267448425
1785289861.7055194,0.0,0.0,0.0009168959856033325
1785289861.706783,0.0,0.0,0.0009104639887809753
1785289861.7080832,0.0,0.0,0.0009301440119743348
1785289861.7093754,0.0,0.0,0.0009353280067443848
1785289861.710621,0.0,0.0,0.0008984000086784363
1785289861.7119555,0.0,0.0,0.0009801920056343079
1785289861.713227,0.0,0.0,0.0009193919897079468
1785289861.714502,0.0,0.0,0.0009210879802703857
1785289861.7158062,0.0,0.0,0.0009520639777183533
1785289861.7170663,0.0,0.0,0.000909280002117157
1785289861.7183316,0.0,0.0,0.000908352017402649
1785289861.7196093,0.0,0.0,0.000926464021205902
1785289861.7208757,0.0,0.0,0.0009118080139160156
1785289861.7221675,0.0,0.0,0.0009206719994544983
1785289861.7234542,0.0,0.0,0.0009389119744300842
1785289861.7247207,0.0,0.0,0.0009172160029411316
1785289861.7259958,0.0,0.0,0.0009217600226402282
1785289861.7272928,0.0,0.0,0.000947264015674591
1785289861.7285676,0.0,0.0,0.0009195200204849244
1785289861.7298408,0.0,0.0,0.0009217600226402282
1785289861.7311304,0.0,0.0,0.0009376959800720215
1785289861.7323856,0.0,0.0,0.000905023992061615
1785289861.7336485,0.0,0.0,0.0009158080220222474
1785289861.7350411,0.0,0.0,0.0010424000024795532
1785289861.736348,0.0,0.0,0.0009311040043830872
1785289861.737635,0.0,0.0,0.000926912009716034
1785289861.739505,0.0,0.0,0.0015150719881057738
1785289861.7408054,0.0,0.0,0.0009302719831466675
1785289861.7420728,0.0,0.0,0.000917248010635376
1785289861.7433853,0.0,0.0,0.0009556800127029419
1785289861.7446582,0.0,0.0,0.0009175999760627746
1785289861.74594,0.0,0.0,0.0009272639751434326
1785289861.7472274,0.0,0.0,0.0009312639832496643
1785289861.7484963,0.0,0.0,0.0009138879776000976
1785289861.7497687,0.0,0.0,0.0009244800209999084
1785289861.7510452,0.0,0.0,0.0009228799939155579
1785289861.7523372,0.0,0.0,0.0009205759763717651
1785289861.7535977,0.0,0.0,0.0009106559753417969
1785289861.7548654,0.0,0.0,0.0009186239838600158
1785289861.7561734,0.0,0.0,0.0009389439821243286
1785289861.7574651,0.0,0.0,0.0009311360120773316
1785289861.7587397,0.0,0.0,0.000922655999660492
1785289861.7600338,0.0,0.0,0.0009431999921798706
1785289861.7613192,0.0,0.0,0.0009317439794540405
1785289861.7625713,0.0,0.0,0.0009029759764671326
1785289861.763871,0.0,0.0,0.0009544000029563903
1785289861.7651548,0.0,0.0,0.0009298560023307801
1785289861.766407,0.0,0.0,0.0009048960208892823
1785289861.7677698,0.0,0.0,0.000945855975151062
1785289861.769027,0.0,0.0,0.0009033600091934204
1785289861.7702813,0.0,0.0,0.0009060159921646118
1785289861.7715857,0.0,0.0,0.0009499199986457825
1785289861.7728558,0.0,0.0,0.0009192000031471253
1785289861.7741175,0.0,0.0,0.000914080023765564
1785289861.7754207,0.0,0.0,0.0009499520063400268
1785289861.7766793,0.0,0.0,0.0009059519767761231
1785289861.777934,0.0,0.0,0.0009023360013961792
1785289861.7792017,0.0,0.0,0.0009183679819107055
1785289861.780457,0.0,0.0,0.0009074239730834961
1785289861.7817397,0.0,0.0,0.0009069759845733642
1785289861.7830005,0.0,0.0,0.0009127680063247681
1785289861.7842946,0.0,0.0,0.0009198399782180786
1785289861.7855678,0.0,0.0,0.000920799970626831
1785289861.7868302,0.0,0.0,0.0009106559753417969
1785289861.788145,0.0,0.0,0.0009284480214118957
1785289861.7895663,0.0,0.0,0.0010649280548095702
1785289861.7908404,0.0,0.0,0.0009151679873466491
1785289861.7921486,0.0,0.0,0.0009301760196685791
1785289861.793435,0.0,0.0,0.0009341120123863221
1785289861.7952793,0.0,0.0,0.0009424639940261841
1785289861.7965577,0.0,0.0,0.0009205440282821655
1785289861.7978265,0.0,0.0,0.0009158719778060913
1785289861.799141,0.0,0.0,0.0009570559859275818
1785289861.8004298,0.0,0.0,0.0009332159757614136
1785289861.801705,0.0,0.0,0.0009217600226402282
1785289861.8029618,0.0,0.0,0.0009074559807777404
1785289861.8042653,0.0,0.0,0.0009257919788360595
1785289861.805533,0.0,0.0,0.0009150400161743164
1785289861.806809,0.0,0.0,0.0009247040152549744
1785289861.8081253,0.0,0.0,0.0009387199878692627
1785289861.8094015,0.0,0.0,0.000915008008480072
1785289861.8106751,0.0,0.0,0.0009173120260238647
1785289861.8119545,0.0,0.0,0.0009291200041770935
1785289861.8132365,0.0,0.0,0.0009255679845809936
1785289861.8144903,0.0,0.0,0.0009065279960632324
1785289861.8157804,0.0,0.0,0.0009442880153656006
1785289861.8170664,0.0,0.0,0.0009330559968948364
1785289861.8183608,0.0,0.0,0.0009412479996681214
1785289861.819653,0.0,0.0,0.000939520001411438
1785289861.8209274,0.0,0.0,0.0009267839789390564
1785289861.8222091,0.0,0.0,0.0009178559780120849
1785289861.8235333,0.0,0.0,0.0009581760168075561
1785289861.8248003,0.0,0.0,0.0009141119718551636
1785289861.826058,0.0,0.0,0.0009109759926795959
1785289861.8273585,0.0,0.0,0.0009431040287017822
1785289861.8286195,0.0,0.0,0.0009078080058097839
1785289861.8299127,0.0,0.0,0.0009418879747390747
1785289861.831215,0.0,0.0,0.0009427520036697388
1785289861.8325012,0.0,0.0,0.0009283519983291626
1785289861.8337715,0.0,0.0,0.0009200959801673889
1785289861.835051,0.0,0.0,0.0009287359714508056
1785289861.8363602,0.0,0.0,0.0009306560158729553
1785289861.8376217,0.0,0.0,0.0009079040288925171
1785289861.8388972,0.0,0.0,0.0009207040071487427
1785289861.840276,0.0,0.0,0.0009298239946365357
1785289861.8415544,0.0,0.0,0.000922432005405426
1785289861.8428392,0.0,0.0,0.000935808002948761
1785289861.844133,0.0,0.0,0.0009209280014038086
1785289861.8455338,0.0,0.0,0.0009158719778060913
1785289861.8467948,0.0,0.0,0.000915391981601715
1785289861.8481095,0.0,0.0,0.000945792019367218
1785289861.8499773,0.0,0.0,0.001512671947479248
1785289861.8512583,0.0,0.0,0.0009260159730911254
1785289861.8525414,0.0,0.0,0.0009247679710388183
1785289861.8538218,0.0,0.0,0.0009264000058174134
1785289861.8551524,0.0,0.0,0.0009576960206031799
1785289861.8564062,0.0,0.0,0.0009006400108337402
1785289861.8576837,0.0,0.0,0.0009254080057144165
1785289861.8589244,0.0,0.0,0.0008912320137023926
1785289861.8602197,0.0,0.0,0.0009201279878616333
1785289861.861492,0.0,0.0,0.0009205759763717651
1785289861.8627748,0.0,0.0,0.0009258559942245483
1785289861.864072,0.0,0.0,0.0009275839924812317
1785289861.865373,0.0,0.0,0.000926912009716034
1785289861.8666463,0.0,0.0,0.0009179520010948181
1785289861.867942,0.0,0.0,0.000945248007774353
1785289861.8692048,0.0,0.0,0.000912447988986969
1785289861.8704677,0.0,0.0,0.0009111999869346618
1785289861.871764,0.0,0.0,0.0009480640292167664
1785289861.873051,0.0,0.0,0.0009341440200805664
1785289861.874318,0.0,0.0,0.0009189760088920593
1785289861.8756092,0.0,0.0,0.0009408000111579895
1785289861.8768747,0.0,0.0,0.0009147199988365173
1785289861.8781297,0.0,0.0,0.0009070079922676086
1785289861.879404,0.0,0.0,0.0009243199825286865
1785289861.8806763,0.0,0.0,0.0009223679900169372
1785289861.8819604,0.0,0.0,0.000933247983455658
1785289861.8832467,0.0,0.0,0.0009343680143356323
1785289861.8845146,0.0,0.0,0.0009234880208969117
1785289861.8857918,0.0,0.0,0.0009240000247955322
1785289861.887066,0.0,0.0,0.0009258559942245483
1785289861.8883688,0.0,0.0,0.0009204800128936768
1785289861.8896484,0.0,0.0,0.000927295982837677
1785289861.8909137,0.0,0.0,0.0009146559834480285
1785289861.892217,0.0,0.0,0.0009250879883766174
1785289861.8934872,0.0,0.0,0.0009172800183296204
1785289861.8947222,0.0,0.0,0.0008861439824104309
1785289861.8960097,0.0,0.0,0.0009386879801750183
1785289861.8972557,0.0,0.0,0.0009005759954452514
1785289861.8985193,0.0,0.0,0.0009162240028381348
1785289861.8999598,0.0,0.0,0.0010921599864959716
1785289861.9012449,0.0,0.0,0.0009251199960708618
1785289861.9025228,0.0,0.0,0.0009327679872512817
1785289861.9038455,0.0,0.0,0.0009577599763870239
1785289861.9057157,0.0,0.0,0.0009156799912452698
1785289861.9069889,0.0,0.0,0.0009138879776000976
1785289861.9082942,0.0,0.0,0.0009249600172042847
1785289861.9095757,0.0,0.0,0.0009216639995574951
1785289861.910868,0.0,0.0,0.0009373440146446228
1785289861.912152,0.0,0.0,0.0009117760062217712
1785289861.9134395,0.0,0.0,0.0009333760142326354
1785289861.9147046,0.0,0.0,0.0009138240218162537
1785289861.9160125,0.0,0.0,0.0009604799747467041
1785289861.9172769,0.0,0.0,0.000915615975856781
1785289861.918536,0.0,0.0,0.0009125760197639466
1785289861.9198341,0.0,0.0,0.000948639988899231
1785289861.921118,0.0,0.0,0.000920415997505188
1785289861.9223907,0.0,0.0,0.0009229120016098023
1785289861.9236681,0.0,0.0,0.0009326080083847046
1785289861.9249375,0.0,0.0,0.0009145600199699402
1785289861.9262178,0.0,0.0,0.0009296320080757141
1785289861.9275248,0.0,0.0,0.0009530559778213501
1785289861.9288177,0.0,0.0,0.0009372159838676453
1785289861.9300623,0.0,0.0,0.0008943679928779602
1785289861.9313633,0.0,0.0,0.0009528319835662842
1785289861.9326441,0.0,0.0,0.0009255359768867492
1785289861.933904,0.0,0.0,0.000910368025302887
1785289861.9351852,0.0,0.0,0.0009328640103340149
1785289861.9364505,0.0,0.0,0.0009153599739074706
1785289861.9377103,0.0,0.0,0.0009100480079650879
1785289861.93899,0.0,0.0,0.000925216019153595
1785289861.9402745,0.0,0.0,0.0009128959774971008
1785289861.9415388,0.0,0.0,0.0009132159948348999
1785289861.9428136,0.0,0.0,0.0009202880263328552
1785289861.9441202,0.0,0.0,0.0009231039881706238
1785289861.945384,0.0,0.0,0.0009106879830360412
1785289861.9466805,0.0,0.0,0.0009409919977188111
1785289861.9479778,0.0,0.0,0.0009453120231628418
1785289861.9492385,0.0,0.0,0.0009134399890899658
1785289861.9504967,0.0,0.0,0.000904799997806549
1785289861.9517896,0.0,0.0,0.0009435840249061584
1785289861.953063,0.0,0.0,0.0009175040125846863
1785289861.9543452,0.0,0.0,0.0009149760007858276
1785289861.9557543,0.0,0.0,0.0009300159811973572
1785289861.9570265,0.0,0.0,0.000915391981601715
1785289861.9582953,0.0,0.0,0.000915776014328003
1785289861.9601665,0.0,0.0,0.0015188800096511842
1785289861.9615598,0.0,0.0,0.0009150400161743164
1785289861.9628808,0.0,0.0,0.0009408959746360779
1785289861.964195,0.0,0.0,0.0009342399835586548
1785289861.9654503,0.0,0.0,0.0008992959856987
1785289861.9667258,0.0,0.0,0.0009231039881706238
1785289861.9680164,0.0,0.0,0.0009363840222358703
1785289861.9692988,0.0,0.0,0.0009309120178222656
1785289861.970568,0.0,0.0,0.0009171519875526428
1785289861.9718747,0.0,0.0,0.0009535359740257263
1785289861.9731534,0.0,0.0,0.0009244800209999084
1785289861.9744227,0.0,0.0,0.000918720006942749
1785289861.975724,0.0,0.0,0.000953823983669281
1785289861.9769895,0.0,0.0,0.0009134399890899658
1785289861.9782417,0.0,0.0,0.0009048960208892823
1785289861.9795344,0.0,0.0,0.0009445440173149109
1785289861.9808047,0.0,0.0,0.0009197440147399903
1785289861.9820554,0.0,0.0,0.0009015679955482483
1785289861.9833567,0.0,0.0,0.0009464640021324158
1785289861.9846284,0.0,0.0,0.0009198399782180786
1785289861.9858959,0.0,0.0,0.0009181119799613952
1785289861.9872174,0.0,0.0,0.0009522879719734192
1785289861.988535,0.0,0.0,0.0009411519765853882
1785289861.9898043,0.0,0.0,0.0009182400107383728
1785289861.9910483,0.0,0.0,0.0009002879858016967
1785289861.9923472,0.0,0.0,0.0009277759790420532
1785289861.9936254,0.0,0.0,0.0009221439957618713
1785289861.9948995,0.0,0.0,0.0009244800209999084
1785289861.9961855,0.0,0.0,0.0009133759737014771
1785289861.9974403,0.0,0.0,0.0009060800075531006
1785289861.9986935,0.0,0.0,0.0009019520282745362
1785289861.99999,0.0,0.0,0.0009477120041847228
1785289862.0012717,0.0,0.0,0.0009260479807853698
1785289862.002532,0.0,0.0,0.0009093760251998902
1785289862.0038323,0.0,0.0,0.000951200008392334
1785289862.0051131,0.0,0.0,0.0009270719885826111
1785289862.006387,0.0,0.0,0.0009247679710388183
1785289862.0076764,0.0,0.0,0.0009410560131072998
1785289862.0089602,0.0,0.0,0.0009343039989471436
1785289862.0103717,0.0,0.0,0.0010619839429855346
1785289862.0116704,0.0,0.0,0.000938431978225708
1785289862.0129445,0.0,0.0,0.0009202880263328552
1785289862.0147636,0.0,0.0,0.0014646719694137572
1785289862.0160851,0.0,0.0,0.0009414079785346985
1785289862.017357,0.0,0.0,0.0009187840223312378
1785289862.0185974,0.0,0.0,0.0008929600119590759
1785289862.0198877,0.0,0.0,0.0009403839707374573
1785289862.0211535,0.0,0.0,0.000915008008480072
1785289862.0224292,0.0,0.0,0.0009215360283851623
1785289862.0237179,0.0,0.0,0.0009334719777107239
1785289862.0249999,0.0,0.0,0.0009296960234642028
1785289862.0262568,0.0,0.0,0.0009088000059127808
1785289862.0275674,0.0,0.0,0.0009622399806976319
1785289862.028831,0.0,0.0,0.0009073600172996521
1785289862.0301127,0.0,0.0,0.0009136959910392761
1785289862.0314124,0.0,0.0,0.0009483199715614319
1785289862.032678,0.0,0.0,0.0009114239811897277
1785289862.0339448,0.0,0.0,0.0009109119772911071
1785289862.0352266,0.0,0.0,0.0009307839870452881
1785289862.0365021,0.0,0.0,0.0009195200204849244
1785289862.037763,0.0,0.0,0.000908415973186493
1785289862.0390384,0.0,0.0,0.0009247999787330627
1785289862.0403297,0.0,0.0,0.000917248010635376
1785289862.0416026,0.0,0.0,0.0009192960262298583
1785289862.042864,0.0,0.0,0.0009096320271492005
1785289862.0441597,0.0,0.0,0.0009300159811973572
1785289862.0454147,0.0,0.0,0.0008999680280685425
1785289862.0466816,0.0,0.0,0.0009175040125846863
1785289862.0479727,0.0,0.0,0.0009387199878692627
1785289862.0492485,0.0,0.0,0.0009228479862213135
1785289862.050511,0.0,0.0,0.000911903977394104
1785289862.0517955,0.0,0.0,0.0009364479780197143
1785289862.0530777,0.0,0.0,0.0009158080220222474
1785289862.0543256,0.0,0.0,0.0009026240110397339
1785289862.0556152,0.0,0.0,0.0009419199824333191
1785289862.0568795,0.0,0.0,0.000914080023765564
1785289862.0581493,0.0,0.0,0.0009169600009918213
1785289862.059444,0.0,0.0,0.0009475520253181457
1785289862.0607238,0.0,0.0,0.000927232027053833
1785289862.0619946,0.0,0.0,0.0009153599739074706
1785289862.0633016,0.0,0.0,0.0009534080028533935
1785289862.0645816,0.0,0.0,0.0009178239703178406
1785289862.0659878,0.0,0.0,0.0009274240136146546
1785289862.067282,0.0,0.0,0.000939840018749237
1785289862.0685997,0.0,0.0,0.0009468799829483032
1785289862.070477,0.0,0.0,0.0015196479558944702
1785289862.0717638,0.0,0.0,0.0009223679900169372
1785289862.0730286,0.0,0.0,0.0009065279960632324
1785289862.0743148,0.0,0.0,0.0009318079948425293
1785289862.075622,0.0,0.0,0.0009535999894142151
1785289862.0769057,0.0,0.0,0.0009349439740180969
1785289862.0781574,0.0,0.0,0.0009027519822120667
1785289862.079441,0.0,0.0,0.0009359040260314941
1785289862.0807016,0.0,0.0,0.0009095039963722229
1785289862.081966,0.0,0.0,0.0009152960181236267
1785289862.0832713,0.0,0.0,0.0009511680006980895
1785289862.0845659,0.0,0.0,0.0009304320216178894
1785289862.0858276,0.0,0.0,0.0009076799750328064
1785289862.0871394,0.0,0.0,0.000938975989818573
1785289862.0884137,0.0,0.0,0.0009217600226402282
1785289862.0897024,0.0,0.0,0.0009340479969978333
1785289862.0909717,0.0,0.0,0.0009166079759597778
1785289862.0922482,0.0,0.0,0.000905023992061615
1785289862.0935125,0.0,0.0,0.0009132159948348999
1785289862.0947878,0.0,0.0,0.0009222080111503601
1785289862.0960932,0.0,0.0,0.0009242560267448425
1785289862.0973651,0.0,0.0,0.0009223359823226928
1785289862.0986357,0.0,0.0,0.0009190719723701477
1785289862.0999196,0.0,0.0,0.0009376000165939331
1785289862.1011918,0.0,0.0,0.0009219840168952942
1785289862.1024635,0.0,0.0,0.0009191679954528809
1785289862.103757,0.0,0.0,0.000944927990436554
1785289862.1050313,0.0,0.0,0.000916703999042511
1785289862.1062856,0.0,0.0,0.0009054080247879029
1785289862.1075976,0.0,0.0,0.0009605439901351929
1785289862.108878,0.0,0.0,0.0009231359958648682
1785289862.1101427,0.0,0.0,0.000915008008480072
1785289862.1114364,0.0,0.0,0.0009385600090026856
1785289862.1127112,0.0,0.0,0.0009258880019187927
1785289862.1139686,0.0,0.0,0.0009078400135040283
1785289862.1152651,0.0,0.0,0.0009436799883842468
1785289862.1165338,0.0,0.0,0.0009137279987335205
1785289862.117816,0.0,0.0,0.0009316160082817078
1785289862.1191223,0.0,0.0,0.0009142400026321411
1785289862.1205578,0.0,0.0,0.001066879987716675
1785289862.1218386,0.0,0.0,0.000923520028591156
1785289862.1231236,0.0,0.0,0.000917631983757019
1785289862.124986,0.0,0.0,0.0009266240000724793
1785289862.1262784,0.0,0.0,0.0009245759844779968
1785289862.127592,0.0,0.0,0.0009530559778213501
1785289862.128865,0.0,0.0,0.0009201599955558777
1785289862.1301377,0.0,0.0,0.0009220160245895385
1785289862.1314385,0.0,0.0,0.0009433599710464477
1785289862.132708,0.0,0.0,0.0009190400242805481
1785289862.1339874,0.0,0.0,0.0009270079731941223
1785289862.1352806,0.0,0.0,0.0009413120150566101
1785289862.1365407,0.0,0.0,0.0009109759926795959
1785289862.1378105,0.0,0.0,0.0009199680089950562
1785289862.1390736,0.0,0.0,0.0009165120124816895
1785289862.1403751,0.0,0.0,0.0009167360067367554
1785289862.1416316,0.0,0.0,0.000908128023147583
1785289862.1429026,0.0,0.0,0.0009230080246925354
1785289862.1442075,0.0,0.0,0.0009293760061264038
1785289862.1454847,0.0,0.0,0.0009258880019187927
1785289862.1467643,0.0,0.0,0.0009262080192565917
1785289862.148068,0.0,0.0,0.0009337279796600342
1785289862.1493428,0.0,0.0,0.0009244800209999084
1785289862.1506095,0.0,0.0,0.0009144960045814514
1785289862.151919,0.0,0.0,0.0009567040205001831
1785289862.1531973,0.0,0.0,0.0009114239811897277
1785289862.1544735,0.0,0.0,0.0009068480134010315
1785289862.1557603,0.0,0.0,0.0009342719912528992
1785289862.157041,0.0,0.0,0.0009271039962768555
1785289862.1582992,0.0,0.0,0.0009071040153503418
1785289862.1595895,0.0,0.0,0.0009426559805870056
1785289862.1608837,0.0,0.0,0.0009348160028457642
1785289862.1621726,0.0,0.0,0.0009337279796600342
1785289862.1634667,0.0,0.0,0.0009450240135192871
1785289862.1647394,0.0,0.0,0.0009186559915542602
1785289862.1660001,0.0,0.0,0.0009143360257148743
1785289862.167279,0.0,0.0,0.00092876797914505
1785289862.1685314,0.0,0.0,0.0008988800048828125
1785289862.1698015,0.0,0.0,0.0009168639779090881
1785289862.1710882,0.0,0.0,0.0009317759871482849
1785289862.1724048,0.0,0.0,0.0009359359741210937
1785289862.1736767,0.0,0.0,0.0009223039746284484
1785289862.1749346,0.0,0.0,0.0009109759926795959
1785289862.176355,0.0,0.0,0.0009309120178222656
1785289862.1776235,0.0,0.0,0.0009224640130996704
1785289862.1789014,0.0,0.0,0.0009247360229492187
1785289862.180739,0.0,0.0,0.0014618560075759888
1785289862.182036,0.0,0.0,0.0009354559779167175
1785289862.1833372,0.0,0.0,0.0009495999813079834
1785289862.1846118,0.0,0.0,0.0009182400107383728
1785289862.1859076,0.0,0.0,0.0009274240136146546
1785289862.1871858,0.0,0.0,0.0009253759980201721
1785289862.1884537,0.0,0.0,0.0009120000004768372
1785289862.189725,0.0,0.0,0.0009196799993515015
1785289862.1909907,0.0,0.0,0.0009132800102233887
1785289862.1923037,0.0,0.0,0.0009277439713478088
1785289862.1935618,0.0,0.0,0.0009060479998588562
1785289862.194826,0.0,0.0,0.0009144960045814514
1785289862.1961396,0.0,0.0,0.0009378560185432434
1785289862.1974258,0.0,0.0,0.0009164800047874451
1785289862.1986868,0.0,0.0,0.0009070720076560974
1785289862.199987,0.0,0.0,0.0009513919949531556
1785289862.201248,0.0,0.0,0.0009077759981155395
1785289862.2025805,0.0,0.0,0.0009106240272521973
1785289862.20391,0.0,0.0,0.0009712960124015808
1785289862.2051775,0.0,0.0,0.0009128959774971008
1785289862.2064707,0.0,0.0,0.0009374079704284668
1785289862.2077675,0.0,0.0,0.0009427520036697388
1785289862.2090309,0.0,0.0,0.0009145920276641846
1785289862.2102985,0.0,0.0,0.0009204480051994324
1785289862.211588,0.0,0.0,0.0009398720264434814
1785289862.2128587,0.0,0.0,0.0009181119799613952
1785289862.2141466,0.0,0.0,0.0009292479753494262
1785289862.2154546,0.0,0.0,0.0009533119797706604
1785289862.21673,0.0,0.0,0.0009164479970932007
1785289862.2180102,0.0,0.0,0.0009280639886856079
1785289862.2193353,0.0,0.0,0.0009543359875679016
1785289862.220619,0.0,0.0,0.0009281280040740967
1785289862.2218885,0.0,0.0,0.0009201279878616333
1785289862.2231865,0.0,0.0,0.0009440000057220458
1785289862.2244565,0.0,0.0,0.0009126719832420349
1785289862.225733,0.0,0.0,0.000926912009716034
1785289862.2270117,0.0,0.0,0.0009255359768867492
1785289862.2283263,0.0,0.0,0.0009343680143356323
1785289862.2296166,0.0,0.0,0.0009325119853019714
1785289862.231036,0.0,0.0,0.0010668480396270753
1785289862.2323127,0.0,0.0,0.000902400016784668
1785289862.2335815,0.0,0.0,0.0009142400026321411
1785289862.235421,0.0,0.0,0.0014886080026626587
1785289862.2367175,0.0,0.0,0.0009246079921722412
1785289862.2379973,0.0,0.0,0.0009241920113563538
1785289862.2393055,0.0,0.0,0.0009551680088043213
1785289862.2405918,0.0,0.0,0.000933023989200592
1785289862.241871,0.0,0.0,0.0009242560267448425
1785289862.2431808,0.0,0.0,0.0009533119797706604
1785289862.2444634,0.0,0.0,0.0009282559752464294
1785289862.245726,0.0,0.0,0.0009095360040664673
1785289862.2470036,0.0,0.0,0.0009239040017127991
1785289862.2482827,0.0,0.0,0.0009006720185279846
1785289862.2495434,0.0,0.0,0.0009096639752388001
1785289862.250818,0.0,0.0,0.0009198399782180786
1785289862.2521434,0.0,0.0,0.0009319360256195068
1785289862.253426,0.0,0.0,0.0009298880100250245
1785289862.2546973,0.0,0.0,0.0009195200204849244
1785289862.256004,0.0,0.0,0.000951200008392334
1785289862.257293,0.0,0.0,0.0009253759980201721
1785289862.25858,0.0,0.0,0.0009338240027427674
1785289862.2598634,0.0,0.0,0.0009327039718627929
1785289862.2611282,0.0,0.0,0.0009085760116577149
1785289862.2624035,0.0,0.0,0.0009177600145339966
1785289862.2636967,0.0,0.0,0.0009404479861259461
1785289862.2649658,0.0,0.0,0.0009142400026321411
1785289862.266243,0.0,0.0,0.0009251840114593506
1785289862.2675307,0.0,0.0,0.0009387199878692627
1785289862.2687962,0.0,0.0,0.00091184002161026
1785289862.2700524,0.0,0.0,0.0009035519957542419
1785289862.27135,0.0,0.0,0.000946720004081726
1785289862.2726102,0.0,0.0,0.0009065920114517212
1785289862.2738683,0.0,0.0,0.0009096320271492005
1785289862.275149,0.0,0.0,0.0009328320026397705
1785289862.2764056,0.0,0.0,0.0009055039882659912
1785289862.277654,0.0,0.0,0.0009016320109367371
1785289862.2789063,0.0,0.0,0.0009035199880599975
1785289862.2802136,0.0,0.0,0.0009243199825286865
1785289862.2815053,0.0,0.0,0.0009353280067443848
1785289862.2827704,0.0,0.0,0.0009155840277671813
1785289862.2840817,0.0,0.0,0.0009393600225448608
1785289862.2854965,0.0,0.0,0.00103711998462677
1785289862.2867806,0.0,0.0,0.0009222400188446045
1785289862.2880862,0.0,0.0,0.0009283199906349182
1785289862.2893536,0.0,0.0,0.0009146239757537841
1785289862.2913945,0.0,0.0,0.0016930240392684936
1785289862.2926772,0.0,0.0,0.0009191359877586365
1785289862.2939632,0.0,0.0,0.0009314879775047302
1785289862.2952662,0.0,0.0,0.000950432002544403
1785289862.296545,0.0,0.0,0.0009206399917602539
1785289862.2978165,0.0,0.0,0.0009149119853973388
1785289862.299078,0.0,0.0,0.0009109119772911071
1785289862.3003695,0.0,0.0,0.0009125760197639466
1785289862.301625,0.0,0.0,0.0009080320000648498
1785289862.3028924,0.0,0.0,0.0009170879721641541
1785289862.3042035,0.0,0.0,0.0009330559968948364
1785289862.30547,0.0,0.0,0.0009141759872436523
1785289862.306741,0.0,0.0,0.0009161919951438904
1785289862.3080533,0.0,0.0,0.0009566400051116943
1785289862.3093336,0.0,0.0,0.0009211519956588745
1785289862.3105907,0.0,0.0,0.0009012799859046936
1785289862.311876,0.0,0.0,0.0009349120259284973
1785289862.3131268,0.0,0.0,0.0008916159868240357
1785289862.3143961,0.0,0.0,0.0009171199798583984
1785289862.3156857,0.0,0.0,0.0009384959936141968
1785289862.3169727,0.0,0.0,0.000935263991355896
1785289862.3182786,0.0,0.0,0.0009334080219268798
1785289862.3195736,0.0,0.0,0.0009423040151596069
1785289862.320878,0.0,0.0,0.0009280639886856079
1785289862.32215,0.0,0.0,0.0009198399782180786
1785289862.323459,0.0,0.0,0.0009573760032653808
1785289862.324739,0.0,0.0,0.0009276800155639649
1785289862.32602,0.0,0.0,0.0009273279905319214
1785289862.3273249,0.0,0.0,0.0009520959854125977
1785289862.3286097,0.0,0.0,0.0009288640022277832
1785289862.3299003,0.0,0.0,0.0009290239810943603
1785289862.3311944,0.0,0.0,0.0009423360228538513
1785289862.3324666,0.0,0.0,0.000913536012172699
1785289862.3337345,0.0,0.0,0.0009148799777030944
1785289862.334987,0.0,0.0,0.0009035840034484863
1785289862.3362806,0.0,0.0,0.0009187840223312378
1785289862.3375447,0.0,0.0,0.0009160320162773133
1785289862.3388205,0.0,0.0,0.0009206399917602539
1785289862.3401043,0.0,0.0,0.0009066240191459656
1785289862.341506,0.0,0.0,0.0010456000566482545
1785289862.342785,0.0,0.0,0.0009163519740104675
1785289862.3440714,0.0,0.0,0.0009106559753417969
1785289862.3459005,0.0,0.0,0.001473855972290039
1785289862.3472085,0.0,0.0,0.000942143976688385
1785289862.3484514,0.0,0.0,0.0008928319811820984
1785289862.3496964,0.0,0.0,0.000890496015548706
1785289862.350948,0.0,0.0,0.0008994240164756775
1785289862.3522713,0.0,0.0,0.0009156799912452698
1785289862.3535507,0.0,0.0,0.0009271680116653443
1785289862.3548217,0.0,0.0,0.0009221119880676269
1785289862.3561447,0.0,0.0,0.000934336006641388
1785289862.3574057,0.0,0.0,0.0009030079841613769
1785289862.35868,0.0,0.0,0.0009269760251045227
1785289862.3599858,0.0,0.0,0.0009564800262451172
1785289862.3612528,0.0,0.0,0.0009131839871406555
1785289862.3625255,0.0,0.0,0.0009065920114517212
1785289862.363818,0.0,0.0,0.0009413120150566101
1785289862.3650832,0.0,0.0,0.0009117439985275268
1785289862.3663406,0.0,0.0,0.0009074559807777404
1785289862.3676257,0.0,0.0,0.000933791995048523
1785289862.3688977,0.0,0.0,0.0009142400026321411
1785289862.370147,0.0,0.0,0.0009078400135040283
1785289862.3714435,0.0,0.0,0.0009428480267524719
1785289862.3727164,0.0,0.0,0.0009192960262298583
1785289862.3739827,0.0,0.0,0.000914463996887207
1785289862.3752775,0.0,0.0,0.0009437760114669799
1785289862.3765285,0.0,0.0,0.0009027199745178223
1785289862.3777957,0.0,0.0,0.0009198079705238342
1785289862.3790567,0.0,0.0,0.0009120320081710816
1785289862.3803504,0.0,0.0,0.0009195200204849244
1785289862.381612,0.0,0.0,0.0009100160002708435
1785289862.3828824,0.0,0.0,0.0009153599739074706
1785289862.3842032,0.0,0.0,0.0009281280040740967
1785289862.38548,0.0,0.0,0.0009224640130996704
1785289862.386746,0.0,0.0,0.0009152960181236267
1785289862.388046,0.0,0.0,0.0009447039961814881
1785289862.3893225,0.0,0.0,0.0009211840033531189
1785289862.3905976,0.0,0.0,0.0009214079976081848
1785289862.3918827,0.0,0.0,0.0009357439875602722
1785289862.3931725,0.0,0.0,0.0009312000274658203
1785289862.3944445,0.0,0.0,0.0009155200123786927
1785289862.395845,0.0,0.0,0.0010500160455703736
1785289862.3971186,0.0,0.0,0.00091212797164917
1785289862.3983908,0.0,0.0,0.0009211519956588745
1785289862.399711,0.0,0.0,0.000962112009525299
1785289862.4016004,0.0,0.0,0.0015332800149917601
1785289862.4028819,0.0,0.0,0.0009136959910392761
1785289862.404175,0.0,0.0,0.000914463996887207
1785289862.4054456,0.0,0.0,0.0009152960181236267
1785289862.4067225,0.0,0.0,0.0009200639724731445
1785289862.4080236,0.0,0.0,0.00095004802942276
1785289862.4093106,0.0,0.0,0.0009267200231552124
1785289862.4105854,0.0,0.0,0.0009243519902229309
1785289862.4118888,0.0,0.0,0.000951744019985199
1785289862.4131787,0.0,0.0,0.0009316480159759521
1785289862.4144475,0.0,0.0,0.0009169279932975769
1785289862.416047,0.0,0.0,0.0012514879703521729
1785289862.417314,0.0,0.0,0.0009108800292015076
1785289862.4185748,0.0,0.0,0.0009083840250968933
1785289862.4198747,0.0,0.0,0.0009514560103416443
1785289862.4211502,0.0,0.0,0.0009197440147399903
1785289862.4224284,0.0,0.0,0.0009259200096130371
1785289862.423732,0.0,0.0,0.000950111985206604
1785289862.4250042,0.0,0.0,0.0009165440201759339
1785289862.4262636,0.0,0.0,0.0009019200205802918
1785289862.4275656,0.0,0.0,0.0009522560238838196
1785289862.4288228,0.0,0.0,0.0009035519957542419
1785289862.4300954,0.0,0.0,0.0009244160056114197
1785289862.431393,0.0,0.0,0.0009464960098266601
1785289862.432667,0.0,0.0,0.0009201599955558777
1785289862.433933,0.0,0.0,0.0009146239757537841
1785289862.435219,0.0,0.0,0.0009318400025367737
1785289862.436486,0.0,0.0,0.000910207986831665
1785289862.4377673,0.0,0.0,0.0009228799939155579
1785289862.439032,0.0,0.0,0.0009093760251998902
1785289862.4403322,0.0,0.0,0.0009187520146369934
1785289862.4415958,0.0,0.0,0.0009116479754447938
1785289862.44287,0.0,0.0,0.0009206079840660095
1785289862.4441464,0.0,0.0,0.0009066240191459656
1785289862.4454312,0.0,0.0,0.0009128000140190125
1785289862.4466763,0.0,0.0,0.0008976320028305053
1785289862.4479694,0.0,0.0,0.0009470720291137695
1785289862.4492574,0.0,0.0,0.0009311680197715759
1785289862.4505563,0.0,0.0,0.000930624008178711
1785289862.4519806,0.0,0.0,0.0009484800100326538
1785289862.4532585,0.0,0.0,0.0009179520010948181
1785289862.4545376,0.0,0.0,0.0009232959747314453
1785289862.456433,0.0,0.0,0.0015402560234069823
1785289862.4577205,0.0,0.0,0.0009200959801673889
1785289862.4589946,0.0,0.0,0.0009188159704208375
1785289862.4603052,0.0,0.0,0.0009268479943275452
1785289862.4615655,0.0,0.0,0.0009061440229415894
1785289862.4628346,0.0,0.0,0.0009201279878616333
1785289862.4641416,0.0,0.0,0.0009279040098190308
1785289862.4654047,0.0,0.0,0.0009096959829330444
1785289862.4666853,0.0,0.0,0.0009226880073547364
1785289862.4679615,0.0,0.0,0.000924127995967865
1785289862.4692166,0.0,0.0,0.000902944028377533
1785289862.4704747,0.0,0.0,0.0009090240001678467
1785289862.4717643,0.0,0.0,0.0009422079920768738
1785289862.4730303,0.0,0.0,0.0009147840142250061
1785289862.474294,0.0,0.0,0.0009129599928855896
1785289862.4755983,0.0,0.0,0.0009522240161895752
1785289862.4768665,0.0,0.0,0.0009147520065307617
1785289862.4781363,0.0,0.0,0.0009129279851913452
1785289862.479414,0.0,0.0,0.0009296640157699585
1785289862.4806798,0.0,0.0,0.0009127680063247681
1785289862.4819665,0.0,0.0,0.0009287999868392944
1785289862.4832575,0.0,0.0,0.0009400320053100586
1785289862.484594,0.0,0.0,0.0009534720182418823
1785289862.4859004,0.0,0.0,0.0009382719993591309
1785289862.4871883,0.0,0.0,0.000929535984992981
1785289862.4884439,0.0,0.0,0.0009039999842643737
1785289862.4897158,0.0,0.0,0.0009207680225372315
1785289862.4909735,0.0,0.0,0.000907584011554718
1785289862.4922452,0.0,0.0,0.0009024320244789124
1785289862.4935071,0.0,0.0,0.000914080023765564
1785289862.4947782,0.0,0.0,0.0009133759737014771
1785289862.496085,0.0,0.0,0.0009317759871482849
1785289862.4973636,0.0,0.0,0.0009215999841690063
1785289862.4986453,0.0,0.0,0.0009296000003814697
1785289862.4999394,0.0,0.0,0.0009421120285987854
1785289862.5012026,0.0,0.0,0.0009103040099143982
1785289862.5024717,0.0,0.0,0.0009152960181236267
1785289862.5037792,0.0,0.0,0.0009507520198822021
1785289862.5050402,0.0,0.0,0.0009067199826240539
1785289862.5064535,0.0,0.0,0.0010604159832000733
1785289862.5077655,0.0,0.0,0.0009542719721794128
1785289862.5090213,0.0,0.0,0.0009031999707221985
1785289862.5103195,0.0,0.0,0.0009443519711494446
1785289862.5121381,0.0,0.0,0.0009360960125923156
1785289862.513428,0.0,0.0,0.0009261760115623475
1785289862.514697,0.0,0.0,0.0009155840277671813
1785289862.5160024,0.0,0.0,0.00095414400100708
1785289862.5173001,0.0,0.0,0.000920960009098053
1785289862.518563,0.0,0.0,0.0009131199717521668
1785289862.5198505,0.0,0.0,0.0009322879910469055
1785289862.5211153,0.0,0.0,0.0009101439714431763
1785289862.5223808,0.0,0.0,0.0009152640104293823
1785289862.5236707,0.0,0.0,0.0009380159974098206
1785289862.5249274,0.0,0.0,0.0009023360013961792
1785289862.526196,0.0,0.0,0.0009197760224342347
1785289862.5274954,0.0,0.0,0.0009312000274658203
1785289862.5287757,0.0,0.0,0.0009262400269508361
1785289862.5300326,0.0,0.0,0.0009124799966812134
1785289862.5313375,0.0,0.0,0.0009529600143432617
1785289862.5326116,0.0,0.0,0.000914080023765564
1785289862.53387,0.0,0.0,0.0009093760251998902
1785289862.535159,0.0,0.0,0.0009389119744300842
1785289862.536441,0.0,0.0,0.0009294720292091369
1785289862.5377254,0.0,0.0,0.0009253439903259277
1785289862.5390067,0.0,0.0,0.0009244800209999084
1785289862.5402958,0.0,0.0,0.0009111359715461731
1785289862.541557,0.0,0.0,0.0009060479998588562
1785289862.542808,0.0,0.0,0.000907039999961853
1785289862.544113,0.0,0.0,0.0009346879720687866
1785289862.5453758,0.0,0.0,0.0009098560214042664
1785289862.5466375,0.0,0.0,0.0009131839871406555
1785289862.547927,0.0,0.0,0.0009396479725837707
1785289862.5492015,0.0,0.0,0.0009210879802703857
1785289862.5504649,0.0,0.0,0.0009094079732894898
1785289862.5517497,0.0,0.0,0.0009320319890975952
1785289862.5530066,0.0,0.0,0.0009060159921646118
1785289862.5542715,0.0,0.0,0.0009152640104293823
1785289862.555548,0.0,0.0,0.0009273920059204102
1785289862.556809,0.0,0.0,0.00091212797164917
1785289862.558059,0.0,0.0,0.0009016640186309815
1785289862.5593524,0.0,0.0,0.000940288007259369
1785289862.5606217,0.0,0.0,0.000916159987449646
1785289862.5620348,0.0,0.0,0.0010693119764328004
1785289862.5633423,0.0,0.0,0.0009482240080833435
1785289862.5645957,0.0,0.0,0.0008992319703102112
1785289862.566439,0.0,0.0,0.0014905920028686524
1785289862.5677693,0.0,0.0,0.0009722239971160888
1785289862.569024,0.0,0.0,0.000900767982006073
1785289862.5702984,0.0,0.0,0.0009230719804763794
1785289862.571597,0.0,0.0,0.0009460480213165283
1785289862.5728786,0.0,0.0,0.000930624008178711
1785289862.5741346,0.0,0.0,0.0009037119746208191
1785289862.575417,0.0,0.0,0.0009311680197715759
1785289862.5766683,0.0,0.0,0.0008984000086784363
1785289862.5779417,0.0,0.0,0.0009201279878616333
1785289862.5792317,0.0,0.0,0.0009391360282897949
1785289862.5805094,0.0,0.0,0.000926367998123169
1785289862.5817814,0.0,0.0,0.0009215679764747619
1785289862.583069,0.0,0.0,0.0009181119799613952
1785289862.5843728,0.0,0.0,0.0009242560267448425
1785289862.5856378,0.0,0.0,0.000915391981601715
1785289862.5868964,0.0,0.0,0.000909280002117157
1785289862.5881896,0.0,0.0,0.0009237759709358215
1785289862.5894575,0.0,0.0,0.0009147840142250061
1785289862.590706,0.0,0.0,0.0009031680226325989
1785289862.5919945,0.0,0.0,0.0009346240162849426
1785289862.5932732,0.0,0.0,0.0009222400188446045
1785289862.5945315,0.0,0.0,0.0009127359986305237
1785289862.5958364,0.0,0.0,0.0009583680033683776
1785289862.5971072,0.0,0.0,0.0009201599955558777
1785289862.5983655,0.0,0.0,0.0009119359850883484
1785289862.5996528,0.0,0.0,0.0009354239702224731
1785289862.6009204,0.0,0.0,0.0009102399945259094
1785289862.6021962,0.0,0.0,0.0009208319783210754
1785289862.6034887,0.0,0.0,0.0009416639804840088
1785289862.6047812,0.0,0.0,0.00093612802028656
1785289862.6060414,0.0,0.0,0.0009078400135040283
1785289862.607318,0.0,0.0,0.0009230719804763794
1785289862.6085753,0.0,0.0,0.0009068160057067871
1785289862.6098404,0.0,0.0,0.00091184002161026
1785289862.6110878,0.0,0.0,0.0008974400162696838
1785289862.6123817,0.0,0.0,0.000911903977394104
1785289862.6136343,0.0,0.0,0.000898751974105835
1785289862.6148999,0.0,0.0,0.0009122880101203919
1785289862.6163473,0.0,0.0,0.0010512000322341918
1785289862.6175983,0.0,0.0,0.0008926079869270325
1785289862.618879,0.0,0.0,0.000927839994430542
1785289862.62018,0.0,0.0,0.0009296320080757141
1785289862.622116,0.0,0.0,0.0015840320587158204
1785289862.6234255,0.0,0.0,0.0009481599926948548
1785289862.6246974,0.0,0.0,0.0009187840223312378
1785289862.6259792,0.0,0.0,0.0009277120232582092
1785289862.6272883,0.0,0.0,0.0009537280201911926
1785289862.628548,0.0,0.0,0.0009034559726715088
1785289862.6298206,0.0,0.0,0.0009222400188446045
1785289862.631087,0.0,0.0,0.0009175040125846863
1785289862.6323683,0.0,0.0,0.0009088320136070252
1785289862.6336246,0.0,0.0,0.0009047679901123047
1785289862.6348994,0.0,0.0,0.0009234880208969117
1785289862.636185,0.0,0.0,0.0009104959964752197
1785289862.637439,0.0,0.0,0.0009116479754447938
1785289862.6387112,0.0,0.0,0.0009238719940185547
1785289862.6400082,0.0,0.0,0.0009516159892082215
1785289862.6412847,0.0,0.0,0.0009241600036621094
1785289862.6425521,0.0,0.0,0.000918175995349884
1785289862.6438704,0.0,0.0,0.000962336003780365
1785289862.6451223,0.0,0.0,0.0009034559726715088
1785289862.6463742,0.0,0.0,0.0009056959748268128
1785289862.6476624,0.0,0.0,0.0009372159838676453
1785289862.648965,0.0,0.0,0.0009291520118713379
1785289862.6502264,0.0,0.0,0.0009118720293045044
1785289862.651531,0.0,0.0,0.0009382719993591309
1785289862.6528025,0.0,0.0,0.0009176959991455078
1785289862.6540668,0.0,0.0,0.0009137279987335205
1785289862.6553533,0.0,0.0,0.0009375039935112
1785289862.656623,0.0,0.0,0.0009150720238685608
1785289862.657887,0.0,0.0,0.0009125440120697022
1785289862.6591678,0.0,0.0,0.0009282240271568298
1785289862.6604507,0.0,0.0,0.0009248960018157959
1785289862.6617074,0.0,0.0,0.0009030399918556213
1785289862.6629725,0.0,0.0,0.0009147840142250061
1785289862.6642566,0.0,0.0,0.0009084799885749817
1785289862.6655135,0.0,0.0,0.0009062719941139221
1785289862.6667798,0.0,0.0,0.0009078400135040283
1785289862.6680787,0.0,0.0,0.0009253759980201721
1785289862.6693606,0.0,0.0,0.0009268159866333008
1785289862.670624,0.0,0.0,0.0009105600118637085
1785289862.6720603,0.0,0.0,0.0010873279571533203
1785289862.6733422,0.0,0.0,0.000921280026435852
1785289862.67462,0.0,0.0,0.0009286400079727173
1785289862.6764524,0.0,0.0,0.0014787839651107788
1785289862.6777434,0.0,0.0,0.000926144003868103
1785289862.6790087,0.0,0.0,0.0009073280096054077
1785289862.6802993,0.0,0.0,0.0009108800292015076
1785289862.6815708,0.0,0.0,0.0009210240244865417
1785289862.6828172,0.0,0.0,0.0008955519795417786
1785289862.6840954,0.0,0.0,0.0009106240272521973
1785289862.6853545,0.0,0.0,0.0009055359959602356
1785289862.6866336,0.0,0.0,0.0009255679845809936
1785289862.6879232,0.0,0.0,0.0009372799992561341
1785289862.6891828,0.0,0.0,0.0009057919979095459
1785289862.690432,0.0,0.0,0.0008960000276565552
1785289862.6917653,0.0,0.0,0.0009602239727973938
1785289862.6930432,0.0,0.0,0.0009202240109443665
1785289862.6943226,0.0,0.0,0.0009284480214118957
1785289862.695602,0.0,0.0,0.0009310719966888428
1785289862.6968622,0.0,0.0,0.0009056640267372132
1785289862.698127,0.0,0.0,0.000915391981601715
1785289862.6994119,0.0,0.0,0.0009350720047950745
1785289862.7006788,0.0,0.0,0.000917631983757019
1785289862.701941,0.0,0.0,0.0009143360257148743
