time,in_time,out_time,inference_time
1785290862.213536,0.0,0.0,0.000579967975616455
1785290862.2146113,0.0,0.0,0.0005842880010604859
1785290862.2156866,0.0,0.0,0.0005813440084457398
1785290862.2167394,0.0,0.0,0.0005631359815597534
1785290862.2178051,0.0,0.0,0.0005767679810523987
1785290862.2188606,0.0,0.0,0.0005705599784851074
1785290862.219962,0.0,0.0,0.0006132479906082153
1785290862.2210164,0.0,0.0,0.0005651839971542358
1785290862.2220724,0.0,0.0,0.0005706239938735962
1785290862.2232401,0.0,0.0,0.0006753919720649719
1785290862.224314,0.0,0.0,0.000579807996749878
1785290862.225373,0.0,0.0,0.0005661119818687439
1785290862.2264225,0.0,0.0,0.0005655040144920349
1785290862.2274985,0.0,0.0,0.0005925440192222595
1785290862.2285502,0.0,0.0,0.0005585920214653015
1785290862.2296019,0.0,0.0,0.000561951994895935
1785290862.2306585,0.0,0.0,0.0005726079940795898
1785290862.23174,0.0,0.0,0.0005942400097846984
1785290862.2328079,0.0,0.0,0.0005714880228042602
1785290862.2338648,0.0,0.0,0.0005676800012588501
1785290862.2349062,0.0,0.0,0.0005552319884300232
1785290862.2359939,0.0,0.0,0.0006018559932708741
1785290862.237039,0.0,0.0,0.0005589119791984558
1785290862.238085,0.0,0.0,0.0005625600218772889
1785290862.239172,0.0,0.0,0.0005972800254821777
1785290862.240229,0.0,0.0,0.000564191997051239
1785290862.2412755,0.0,0.0,0.0005629760026931763
1785290862.2423213,0.0,0.0,0.0005634559988975525
1785290862.2433927,0.0,0.0,0.000588096022605896
1785290862.244441,0.0,0.0,0.0005654079914093017
1785290862.245491,0.0,0.0,0.000564736008644104
1785290862.2465377,0.0,0.0,0.0005616319775581359
1785290862.2476056,0.0,0.0,0.0005812159776687622
1785290862.2486548,0.0,0.0,0.0005676800012588501
1785290862.2496948,0.0,0.0,0.0005565440058708191
1785290862.250754,0.0,0.0,0.0005753600001335144
1785290862.2518272,0.0,0.0,0.0005900800228118896
1785290862.252875,0.0,0.0,0.000564191997051239
1785290862.253912,0.0,0.0,0.0005502079725265503
1785290862.254951,0.0,0.0,0.0005566719770431519
1785290862.2560096,0.0,0.0,0.0005546879768371583
1785290862.2570627,0.0,0.0,0.0005681279897689819
1785290862.2581024,0.0,0.0,0.0005512319803237916
1785290862.2591522,0.0,0.0,0.0005671359896659851
1785290862.260207,0.0,0.0,0.0005634880065917969
1785290862.261249,0.0,0.0,0.0005591679811477661
1785290862.262288,0.0,0.0,0.000553983986377716
1785290862.2633498,0.0,0.0,0.0005773760080337525
1785290862.2644024,0.0,0.0,0.0005673919916152954
1785290862.2654688,0.0,0.0,0.0005779839754104614
1785290862.266526,0.0,0.0,0.0005680959820747375
1785290862.2676094,0.0,0.0,0.0005959360003471375
1785290862.2686656,0.0,0.0,0.0005674880146980286
1785290862.2709956,0.0,0.0,0.0018357759714126586
1785290862.2721214,0.0,0.0,0.0005988159775733948
1785290862.2731678,0.0,0.0,0.0005602560043334961
1785290862.2742062,0.0,0.0,0.0005530239939689636
1785290862.2752712,0.0,0.0,0.0005741119980812073
1785290862.276315,0.0,0.0,0.0005544639825820922
1785290862.2773626,0.0,0.0,0.0005657920241355897
1785290862.2784076,0.0,0.0,0.0005631359815597534
1785290862.279459,0.0,0.0,0.0005678399801254272
1785290862.2805092,0.0,0.0,0.0005650240182876587
1785290862.2815418,0.0,0.0,0.0005452479720115662
1785290862.2825742,0.0,0.0,0.0005491840243339539
1785290862.2836373,0.0,0.0,0.0005805439949035645
1785290862.2846832,0.0,0.0,0.0005543360114097595
1785290862.285722,0.0,0.0,0.0005571839809417724
1785290862.2867727,0.0,0.0,0.0005672320127487183
1785290862.2878323,0.0,0.0,0.0005763840079307557
1785290862.28887,0.0,0.0,0.0005504639744758606
1785290862.289919,0.0,0.0,0.0005636799931526184
1785290862.2909598,0.0,0.0,0.0005553920269012452
1785290862.2920475,0.0,0.0,0.0005691840052604675
1785290862.293098,0.0,0.0,0.0005632320046424866
1785290862.2941318,0.0,0.0,0.0005559999942779541
1785290862.295191,0.0,0.0,0.0005744640231132507
1785290862.29624,0.0,0.0,0.0005585600137710571
1785290862.2972612,0.0,0.0,0.0005403199791908264
1785290862.2982972,0.0,0.0,0.0005532799959182739
1785290862.2993464,0.0,0.0,0.0005667520165443421
1785290862.3003895,0.0,0.0,0.0005600640177726746
1785290862.3014352,0.0,0.0,0.0005576000213623047
1785290862.3024766,0.0,0.0,0.0005589439868927002
1785290862.3035398,0.0,0.0,0.0005797119736671447
1785290862.304572,0.0,0.0,0.0005478399991989135
1785290862.305605,0.0,0.0,0.0005469759702682495
1785290862.306641,0.0,0.0,0.0005533760190010071
1785290862.30769,0.0,0.0,0.000566815972328186
1785290862.3087265,0.0,0.0,0.0005503680109977722
1785290862.3097577,0.0,0.0,0.0005448639988899231
1785290862.310804,0.0,0.0,0.0005580160021781921
1785290862.3118846,0.0,0.0,0.0005956479907035828
1785290862.3129358,0.0,0.0,0.0005512319803237916
1785290862.313984,0.0,0.0,0.0005620800256729126
1785290862.3150165,0.0,0.0,0.000550815999507904
1785290862.3161116,0.0,0.0,0.0005804479718208313
1785290862.317148,0.0,0.0,0.0005529279708862305
1785290862.3181922,0.0,0.0,0.0005434240102767944
1785290862.3192403,0.0,0.0,0.0005608320236206055
1785290862.320315,0.0,0.0,0.0005593919754028321
1785290862.3213832,0.0,0.0,0.0005804479718208313
1785290862.3224363,0.0,0.0,0.0005651519894599914
1785290862.3235028,0.0,0.0,0.0005809280276298523
1785290862.3245533,0.0,0.0,0.000561568021774292
1785290862.3265502,0.0,0.0,0.0005035200119018555
1785290862.327675,0.0,0.0,0.0006248319745063782
1785290862.3287375,0.0,0.0,0.0005703039765357971
1785290862.3297799,0.0,0.0,0.0005633919835090637
1785290862.3308227,0.0,0.0,0.000551360011100769
1785290862.3318987,0.0,0.0,0.000594111979007721
1785290862.33294,0.0,0.0,0.0005570880174636841
1785290862.3339875,0.0,0.0,0.0005617600083351135
1785290862.3350294,0.0,0.0,0.0005607680082321167
1785290862.3361127,0.0,0.0,0.000575872004032135
1785290862.3371656,0.0,0.0,0.0005691840052604675
1785290862.3382156,0.0,0.0,0.0005678399801254272
1785290862.3392763,0.0,0.0,0.0005763520002365113
1785290862.340325,0.0,0.0,0.0005606399774551391
1785290862.3413522,0.0,0.0,0.0005409600138664246
1785290862.342392,0.0,0.0,0.0005594239830970764
1785290862.343458,0.0,0.0,0.000584384024143219
1785290862.3445191,0.0,0.0,0.0005719040036201477
1785290862.345559,0.0,0.0,0.0005571839809417724
1785290862.3465922,0.0,0.0,0.0005497919917106628
1785290862.3476422,0.0,0.0,0.0005644800066947937
1785290862.3486836,0.0,0.0,0.0005514879822731019
1785290862.3497276,0.0,0.0,0.0005591999888420105
1785290862.3507593,0.0,0.0,0.0005507839918136596
1785290862.35183,0.0,0.0,0.0005777279734611511
1785290862.3528757,0.0,0.0,0.0005602880120277405
1785290862.3539023,0.0,0.0,0.000543936014175415
1785290862.354944,0.0,0.0,0.0005511680245399475
1785290862.3560212,0.0,0.0,0.0005734400153160096
1785290862.357059,0.0,0.0,0.0005555199980735779
1785290862.3580956,0.0,0.0,0.0005546879768371583
1785290862.3591502,0.0,0.0,0.0005717759728431701
1785290862.3601902,0.0,0.0,0.0005567039847373962
1785290862.3612354,0.0,0.0,0.0005563520193099976
1785290862.3622723,0.0,0.0,0.0005532479882240295
1785290862.3633418,0.0,0.0,0.0005874879956245423
1785290862.3643796,0.0,0.0,0.0005509439706802368
1785290862.3654156,0.0,0.0,0.0005540159940719604
1785290862.3664443,0.0,0.0,0.0005439040064811706
1785290862.3674994,0.0,0.0,0.0005655040144920349
1785290862.3685453,0.0,0.0,0.0005614719986915588
1785290862.3695846,0.0,0.0,0.0005564159750938416
1785290862.3706317,0.0,0.0,0.0005632960200309754
1785290862.3716915,0.0,0.0,0.0005734720230102539
1785290862.3727393,0.0,0.0,0.0005460159778594971
1785290862.373774,0.0,0.0,0.0005499839782714844
1785290862.3748112,0.0,0.0,0.0005520960092544556
1785290862.3758929,0.0,0.0,0.0005465919971466064
1785290862.3769472,0.0,0.0,0.0005607039928436279
1785290862.377999,0.0,0.0,0.0005653439760208129
1785290862.3790505,0.0,0.0,0.0005652160048484802
1785290862.380119,0.0,0.0,0.0005605760216712952
1785290862.3820171,0.0,0.0,0.0005031999945640564
1785290862.3831239,0.0,0.0,0.0005858880281448364
1785290862.3841836,0.0,0.0,0.0005735039710998535
1785290862.3852396,0.0,0.0,0.0005690879821777343
1785290862.3862782,0.0,0.0,0.0005529919862747192
1785290862.387372,0.0,0.0,0.0006026880145072937
1785290862.3884282,0.0,0.0,0.0005694079995155335
1785290862.389478,0.0,0.0,0.0005665919780731201
1785290862.390531,0.0,0.0,0.0005662720203399659
1785290862.3916056,0.0,0.0,0.000591871976852417
1785290862.3926408,0.0,0.0,0.0005494719743728638
1785290862.3936908,0.0,0.0,0.0005675839781761169
1785290862.3947206,0.0,0.0,0.0005464320182800293
1785290862.3957884,0.0,0.0,0.0005811520218849182
1785290862.3968303,0.0,0.0,0.0005542079806327819
1785290862.3978524,0.0,0.0,0.0005343999862670899
1785290862.398874,0.0,0.0,0.0005306879878044129
1785290862.3999329,0.0,0.0,0.0005772479772567749
1785290862.4009838,0.0,0.0,0.000566815972328186
1785290862.4020255,0.0,0.0,0.0005519040226936341
1785290862.403062,0.0,0.0,0.0005537599921226501
1785290862.4041429,0.0,0.0,0.0005706560015678406
1785290862.405185,0.0,0.0,0.0005542399883270263
1785290862.4062288,0.0,0.0,0.000558463990688324
1785290862.4072793,0.0,0.0,0.0005668799877166748
1785290862.4083276,0.0,0.0,0.0005633280277252197
1785290862.4093697,0.0,0.0,0.0005593600273132325
1785290862.4104156,0.0,0.0,0.0005569919943809509
1785290862.4114773,0.0,0.0,0.0005812159776687622
1785290862.412503,0.0,0.0,0.0005400320291519165
1785290862.4135344,0.0,0.0,0.0005517759919166565
1785290862.4145572,0.0,0.0,0.0005399680137634277
1785290862.4156125,0.0,0.0,0.0005773760080337525
1785290862.416659,0.0,0.0,0.0005529919862747192
1785290862.417717,0.0,0.0,0.0005705599784851074
1785290862.418747,0.0,0.0,0.0005461120009422302
1785290862.4198165,0.0,0.0,0.000587328016757965
1785290862.4208477,0.0,0.0,0.0005453760027885437
1785290862.4218955,0.0,0.0,0.0005613440275192261
1785290862.4229345,0.0,0.0,0.0005561280250549317
1785290862.4239943,0.0,0.0,0.0005597440004348755
1785290862.425016,0.0,0.0,0.0005377600193023682
1785290862.4260445,0.0,0.0,0.0005470079779624939
1785290862.4270833,0.0,0.0,0.0005546240210533142
1785290862.4281654,0.0,0.0,0.0005726720094680786
1785290862.4291987,0.0,0.0,0.0005498560070991516
1785290862.43024,0.0,0.0,0.0005560960173606873
1785290862.4313543,0.0,0.0,0.0005089600086212159
1785290862.4324226,0.0,0.0,0.0005783039927482605
1785290862.433484,0.0,0.0,0.0005746880173683167
1785290862.4345264,0.0,0.0,0.0005577600002288818
1785290862.435588,0.0,0.0,0.0005687360167503357
1785290862.4375324,0.0,0.0,0.001453984022140503
1785290862.4386182,0.0,0.0,0.0005824319720268249
1785290862.439679,0.0,0.0,0.0005749760270118713
1785290862.4407258,0.0,0.0,0.0005583680272102356
1785290862.4417675,0.0,0.0,0.0005602880120277405
1785290862.4428122,0.0,0.0,0.0005580480098724365
1785290862.4438934,0.0,0.0,0.0005841919779777527
1785290862.4449494,0.0,0.0,0.0005678399801254272
1785290862.4459856,0.0,0.0,0.0005554879903793335
1785290862.447032,0.0,0.0,0.0005598400235176087
1785290862.4481251,0.0,0.0,0.0005849279761314392
1785290862.4491801,0.0,0.0,0.0005676800012588501
1785290862.4502118,0.0,0.0,0.000549888014793396
1785290862.4512799,0.0,0.0,0.0005838720202445984
1785290862.4523296,0.0,0.0,0.000565887987613678
1785290862.4533489,0.0,0.0,0.0005352320075035095
1785290862.454376,0.0,0.0,0.0005491840243339539
1785290862.4554293,0.0,0.0,0.000572704017162323
1785290862.456477,0.0,0.0,0.0005539199709892273
1785290862.4575138,0.0,0.0,0.0005543040037155151
1785290862.4585488,0.0,0.0,0.0005519679784774781
1785290862.45963,0.0,0.0,0.0005962240099906921
1785290862.460681,0.0,0.0,0.000559935986995697
1785290862.4617283,0.0,0.0,0.0005601599812507629
1785290862.4627748,0.0,0.0,0.0005554879903793335
1785290862.4638448,0.0,0.0,0.000586463987827301
1785290862.4648883,0.0,0.0,0.0005585280060768127
1785290862.4659321,0.0,0.0,0.0005576320290565491
1785290862.4669583,0.0,0.0,0.0005443519949913025
1785290862.4680417,0.0,0.0,0.0005777279734611511
1785290862.4690657,0.0,0.0,0.0005439040064811706
1785290862.4701004,0.0,0.0,0.0005525760054588318
1785290862.4711535,0.0,0.0,0.0005682240128517151
1785290862.4721959,0.0,0.0,0.0005611519813537597
1785290862.4732409,0.0,0.0,0.0005637120008468628
1785290862.4742837,0.0,0.0,0.000555840015411377
1785290862.4753377,0.0,0.0,0.0005692800283432006
1785290862.4763823,0.0,0.0,0.0005532479882240295
1785290862.4774082,0.0,0.0,0.0005414720177650452
1785290862.4784527,0.0,0.0,0.0005616959929466247
1785290862.479505,0.0,0.0,0.000572160005569458
1785290862.480543,0.0,0.0,0.0005509120225906372
1785290862.4815695,0.0,0.0,0.0005458239912986755
1785290862.4825897,0.0,0.0,0.0005412160158157349
1785290862.4836679,0.0,0.0,0.0005958080291748047
1785290862.4847052,0.0,0.0,0.00054995197057724
1785290862.4857402,0.0,0.0,0.0005525439977645874
1785290862.4868102,0.0,0.0,0.00046636798977851867
1785290862.4878836,0.0,0.0,0.0005884479880332947
1785290862.4889455,0.0,0.0,0.0005651839971542358
1785290862.4899964,0.0,0.0,0.0005639039874076843
1785290862.4910426,0.0,0.0,0.0005569599866867065
1785290862.4930716,0.0,0.0,0.001518463969230652
1785290862.4941525,0.0,0.0,0.0005724160075187683
1785290862.4952018,0.0,0.0,0.0005646719932556152
1785290862.4962504,0.0,0.0,0.000563103973865509
1785290862.4972916,0.0,0.0,0.0005568000078201294
1785290862.4983277,0.0,0.0,0.0005503360033035278
1785290862.4993885,0.0,0.0,0.0005778880119323731
1785290862.5004408,0.0,0.0,0.0005646079778671264
1785290862.5014853,0.0,0.0,0.0005525439977645874
1785290862.5025218,0.0,0.0,0.0005514879822731019
1785290862.5035956,0.0,0.0,0.0005922240018844605
1785290862.5046384,0.0,0.0,0.0005585920214653015
1785290862.5056667,0.0,0.0,0.0005457280278205872
1785290862.5066886,0.0,0.0,0.0005394560098648071
1785290862.5077453,0.0,0.0,0.0005735679864883423
1785290862.508788,0.0,0.0,0.0005556480288505555
1785290862.509821,0.0,0.0,0.0005509439706802368
1785290862.5108519,0.0,0.0,0.0005436480045318603
1785290862.5119393,0.0,0.0,0.000610368013381958
1785290862.512972,0.0,0.0,0.0005446079969406128
1785290862.514004,0.0,0.0,0.0005520960092544556
1785290862.515016,0.0,0.0,0.0005300800204277038
1785290862.5160983,0.0,0.0,0.0005498239994049072
1785290862.517124,0.0,0.0,0.0005431360006332397
1785290862.518154,0.0,0.0,0.0005496960282325745
1785290862.5191934,0.0,0.0,0.0005552639961242676
1785290862.5202339,0.0,0.0,0.0005588480234146119
1785290862.521266,0.0,0.0,0.0005507519841194152
1785290862.5222955,0.0,0.0,0.0005502079725265503
1785290862.523341,0.0,0.0,0.0005661759972572327
1785290862.5243843,0.0,0.0,0.0005589439868927002
1785290862.5254111,0.0,0.0,0.000543008029460907
1785290862.5264363,0.0,0.0,0.0005427839756011963
1785290862.5274875,0.0,0.0,0.0005716480016708374
1785290862.5285218,0.0,0.0,0.0005500479936599731
1785290862.5295548,0.0,0.0,0.0005509439706802368
1785290862.5305908,0.0,0.0,0.0005550400018692017
1785290862.531655,0.0,0.0,0.0005752000212669372
1785290862.5326996,0.0,0.0,0.0005589759945869446
1785290862.5337365,0.0,0.0,0.0005517119765281678
1785290862.5347607,0.0,0.0,0.0005422400236129761
1785290862.5358274,0.0,0.0,0.0005825279951095581
1785290862.5368626,0.0,0.0,0.0005486720204353333
1785290862.5378993,0.0,0.0,0.000553600013256073
1785290862.5389323,0.0,0.0,0.0005486400127410889
1785290862.5400162,0.0,0.0,0.0005704320073127747
1785290862.541058,0.0,0.0,0.0005527999997138977
1785290862.5421073,0.0,0.0,0.0005644800066947937
1785290862.543181,0.0,0.0,0.0005780479907989502
1785290862.544227,0.0,0.0,0.0005591999888420105
1785290862.5452857,0.0,0.0,0.0005778880119323731
1785290862.5463347,0.0,0.0,0.0005613120198249817
1785290862.5482686,0.0,0.0,0.0014457279443740845
1785290862.5493894,0.0,0.0,0.0005529599785804749
1785290862.5504615,0.0,0.0,0.0005809919834136963
1785290862.5515425,0.0,0.0,0.000596127986907959
1785290862.5526016,0.0,0.0,0.000573855996131897
1785290862.5536492,0.0,0.0,0.0005633599758148193
1785290862.5546856,0.0,0.0,0.0005555520057678223
1785290862.5557604,0.0,0.0,0.0005924800038337708
1785290862.5567958,0.0,0.0,0.0005556799769401551
1785290862.557826,0.0,0.0,0.0005492799878120422
1785290862.5588608,0.0,0.0,0.000555903971195221
1785290862.5599346,0.0,0.0,0.0005922880172729492
1785290862.5609655,0.0,0.0,0.0005501440167427063
1785290862.561992,0.0,0.0,0.0005426560044288635
1785290862.5630264,0.0,0.0,0.0005571200251579285
1785290862.5640874,0.0,0.0,0.0005485119819641114
1785290862.5651329,0.0,0.0,0.0005632320046424866
1785290862.566165,0.0,0.0,0.0005469440221786499
1785290862.5672278,0.0,0.0,0.0005786880254745483
1785290862.5682642,0.0,0.0,0.0005507199764251709
1785290862.5692902,0.0,0.0,0.0005437120199203491
1785290862.5703304,0.0,0.0,0.0005574079751968384
1785290862.5713828,0.0,0.0,0.0005700479745864868
1785290862.5724237,0.0,0.0,0.0005605440139770508
1785290862.5734806,0.0,0.0,0.0005735999941825867
1785290862.574504,0.0,0.0,0.0005319679975509643
1785290862.5755746,0.0,0.0,0.0005913919806480408
1785290862.57662,0.0,0.0,0.0005594879984855652
1785290862.5776618,0.0,0.0,0.0005624639987945557
1785290862.5786998,0.0,0.0,0.0005474240183830261
1785290862.5797606,0.0,0.0,0.000573248028755188
1785290862.5807939,0.0,0.0,0.0005449600219726563
1785290862.5818212,0.0,0.0,0.0005485119819641114
1785290862.5828502,0.0,0.0,0.0005412799715995789
1785290862.583916,0.0,0.0,0.0005823360085487366
1785290862.5849502,0.0,0.0,0.0005472639799118042
1785290862.5859854,0.0,0.0,0.0005506560206413269
1785290862.5870264,0.0,0.0,0.0005533760190010071
1785290862.5880945,0.0,0.0,0.0005611839890480041
1785290862.5891337,0.0,0.0,0.0005553280115127564
1785290862.5901601,0.0,0.0,0.0005381439924240113
1785290862.591199,0.0,0.0,0.0005575360059738159
1785290862.5922437,0.0,0.0,0.000558624029159546
1785290862.5932786,0.0,0.0,0.0005538240075111389
1785290862.5943084,0.0,0.0,0.0005471680164337158
1785290862.5953736,0.0,0.0,0.0005830720067024231
1785290862.5964093,0.0,0.0,0.0005541120171546936
1785290862.5974722,0.0,0.0,0.0005755199790000915
1785290862.5985184,0.0,0.0,0.0005499839782714844
1785290862.599607,0.0,0.0,0.000601472020149231
1785290862.6006527,0.0,0.0,0.0005607360005378723
1785290862.6017163,0.0,0.0,0.0005802879929542542
1785290862.6037447,0.0,0.0,0.0015374720096588135
1785290862.604846,0.0,0.0,0.0005972800254821777
1785290862.6059108,0.0,0.0,0.0005742719769477844
1785290862.6069493,0.0,0.0,0.000555296003818512
1785290862.608027,0.0,0.0,0.0005672000050544739
1785290862.6090739,0.0,0.0,0.0005606399774551391
1785290862.610131,0.0,0.0,0.0005723839998245239
1785290862.6111846,0.0,0.0,0.0005633919835090637
1785290862.6122284,0.0,0.0,0.0005595840215682984
1785290862.613255,0.0,0.0,0.0005464320182800293
1785290862.6142883,0.0,0.0,0.0005478079915046691
1785290862.61534,0.0,0.0,0.0005716800093650818
1785290862.616397,0.0,0.0,0.0005712959766387939
1785290862.6174357,0.0,0.0,0.0005550400018692017
1785290862.6184828,0.0,0.0,0.000561024010181427
1785290862.619546,0.0,0.0,0.0005767999887466431
1785290862.6205864,0.0,0.0,0.00055622398853302
1785290862.6216183,0.0,0.0,0.000548416018486023
1785290862.6226509,0.0,0.0,0.0005499200224876404
1785290862.6237118,0.0,0.0,0.0005728639960289002
1785290862.6247554,0.0,0.0,0.0005598400235176087
1785290862.625792,0.0,0.0,0.0005535680055618286
1785290862.6268382,0.0,0.0,0.0005624639987945557
1785290862.627924,0.0,0.0,0.0006041600108146667
1785290862.628972,0.0,0.0,0.0005610880255699158
1785290862.6300166,0.0,0.0,0.0005630720257759095
1785290862.6310458,0.0,0.0,0.0005467519760131836
1785290862.6321118,0.0,0.0,0.0006719679832458496
1785290862.633148,0.0,0.0,0.0006719040274620056
1785290862.6341894,0.0,0.0,0.0006797760128974914
1785290862.6352494,0.0,0.0,0.0006947519779205323
1785290862.6362987,0.0,0.0,0.0006851199865341187
1785290862.6373334,0.0,0.0,0.0006722559928894043
1785290862.6383758,0.0,0.0,0.0006728000044822692
1785290862.6394353,0.0,0.0,0.0006956480145454407
1785290862.6404796,0.0,0.0,0.0006801919937133789
1785290862.6415248,0.0,0.0,0.000663968026638031
1785290862.642553,0.0,0.0,0.0006651520133018493
1785290862.643648,0.0,0.0,0.0007366719841957092
1785290862.644685,0.0,0.0,0.0006704959869384766
1785290862.6457253,0.0,0.0,0.0006743360161781311
1785290862.6467574,0.0,0.0,0.000669152021408081
1785290862.647822,0.0,0.0,0.0006828799843788147
1785290862.6488535,0.0,0.0,0.00066457599401474
1785290862.6498842,0.0,0.0,0.0006672319769859314
1785290862.650917,0.0,0.0,0.0006743040084838867
1785290862.6519804,0.0,0.0,0.0006762239933013917
1785290862.653026,0.0,0.0,0.0006792640089988708
1785290862.6540835,0.0,0.0,0.0006889600157737732
1785290862.6551523,0.0,0.0,0.0007024000287055969
1785290862.656211,0.0,0.0,0.0006841599941253662
1785290862.6572714,0.0,0.0,0.0006921600103378296
1785290862.6590295,0.0,0.0,0.0007287999987602234
1785290862.6601086,0.0,0.0,0.0006812800168991089
1785290862.6611402,0.0,0.0,0.0006678079962730408
1785290862.6621652,0.0,0.0,0.0006666240096092224
1785290862.6632311,0.0,0.0,0.000702239990234375
1785290862.6642647,0.0,0.0,0.0006656960248947143
1785290862.6652915,0.0,0.0,0.0006649600267410278
1785290862.666322,0.0,0.0,0.0006673920154571533
1785290862.6673882,0.0,0.0,0.000704255998134613
1785290862.6684253,0.0,0.0,0.0006700800061225891
1785290862.6694536,0.0,0.0,0.0006654080152511596
1785290862.6704798,0.0,0.0,0.0006637120246887207
1785290862.6715722,0.0,0.0,0.0007281919717788696
1785290862.6726072,0.0,0.0,0.0006647679805755615
1785290862.6736374,0.0,0.0,0.0006658560037612915
1785290862.6746626,0.0,0.0,0.0006659200191497803
1785290862.6757193,0.0,0.0,0.0006955839991569519
1785290862.6767514,0.0,0.0,0.0006683840155601501
1785290862.677783,0.0,0.0,0.0006694719791412354
1785290862.6788113,0.0,0.0,0.000669439971446991
1785290862.6798775,0.0,0.0,0.0006774719953536987
1785290862.680914,0.0,0.0,0.0006701120138168335
1785290862.681946,0.0,0.0,0.000669920027256012
1785290862.6829717,0.0,0.0,0.0006661760210990906
1785290862.684035,0.0,0.0,0.0006801599860191346
1785290862.6850734,0.0,0.0,0.0006734399795532227
1785290862.6861043,0.0,0.0,0.0006669120192527771
1785290862.6871436,0.0,0.0,0.0006789759993553161
1785290862.688181,0.0,0.0,0.0006754559874534607
1785290862.6892214,0.0,0.0,0.0006692799925804139
1785290862.6902494,0.0,0.0,0.0006658239960670472
1785290862.6913147,0.0,0.0,0.0006970559954643249
1785290862.6923537,0.0,0.0,0.0006738240122795105
1785290862.69338,0.0,0.0,0.0006632639765739441
1785290862.6943955,0.0,0.0,0.000657151997089386
1785290862.6954596,0.0,0.0,0.0007045120000839233
1785290862.6965048,0.0,0.0,0.0006805760264396668
1785290862.6975362,0.0,0.0,0.0006717759966850281
1785290862.6985905,0.0,0.0,0.0006904320120811462
1785290862.699651,0.0,0.0,0.0007002879977226257
1785290862.700693,0.0,0.0,0.0006626880168914795
1785290862.7017062,0.0,0.0,0.0006549440026283265
1785290862.7027466,0.0,0.0,0.0006803519725799561
1785290862.7038226,0.0,0.0,0.0007137920260429382
1785290862.7049277,0.0,0.0,0.0007239680290222168
1785290862.7060342,0.0,0.0,0.0007162560224533081
1785290862.7070851,0.0,0.0,0.0006795200109481811
1785290862.7081914,0.0,0.0,0.0006866880059242248
1785290862.7092564,0.0,0.0,0.0006840320229530335
1785290862.710312,0.0,0.0,0.0006845440268516541
1785290862.711379,0.0,0.0,0.0006984639763832093
1785290862.7124317,0.0,0.0,0.0006848959922790527
1785290862.7142088,0.0,0.0,0.0014054080247879028
1785290862.7153041,0.0,0.0,0.0007115520238876342
1785290862.716359,0.0,0.0,0.0006843839883804322
1785290862.7173913,0.0,0.0,0.0006662399768829346
1785290862.7184312,0.0,0.0,0.0006795200109481811
1785290862.719492,0.0,0.0,0.0006957119703292847
1785290862.7205374,0.0,0.0,0.0006782400012016296
1785290862.7215729,0.0,0.0,0.0006674879789352417
1785290862.7226107,0.0,0.0,0.0006748480200767517
1785290862.7236779,0.0,0.0,0.000705024003982544
1785290862.7247064,0.0,0.0,0.0006620799899101258
1785290862.7257462,0.0,0.0,0.0006733120083808899
1785290862.726771,0.0,0.0,0.0006662399768829346
1785290862.7278447,0.0,0.0,0.0006970880031585693
1785290862.728877,0.0,0.0,0.0006664320230484009
1785290862.729908,0.0,0.0,0.0006660479903221131
1785290862.7309487,0.0,0.0,0.0006748160123825073
1785290862.7320027,0.0,0.0,0.0006657919883728028
1785290862.7330322,0.0,0.0,0.0006666560173034668
1785290862.7340562,0.0,0.0,0.0006550719738006592
1785290862.7350855,0.0,0.0,0.0006652479767799377
1785290862.7361455,0.0,0.0,0.0006722239851951599
1785290862.7371755,0.0,0.0,0.0006606079936027527
1785290862.738205,0.0,0.0,0.0006702719926834107
1785290862.7392585,0.0,0.0,0.000690496027469635
1785290862.7402961,0.0,0.0,0.0006724479794502258
1785290862.7413507,0.0,0.0,0.0006875839829444886
1785290862.7423766,0.0,0.0,0.0006588159799575806
1785290862.7434306,0.0,0.0,0.0006898559927940368
1785290862.744463,0.0,0.0,0.000665727972984314
1785290862.745495,0.0,0.0,0.0006654080152511596
1785290862.7465162,0.0,0.0,0.0006625279784202576
1785290862.747552,0.0,0.0,0.0006731839776039124
1785290862.7485857,0.0,0.0,0.0006706879734992981
1785290862.749612,0.0,0.0,0.0006624000072479248
1785290862.7506313,0.0,0.0,0.0006560320258140564
1785290862.7516813,0.0,0.0,0.000694432020187378
1785290862.7527246,0.0,0.0,0.0006765120029449463
1785290862.753754,0.0,0.0,0.000670304000377655
1785290862.7547874,0.0,0.0,0.0006690880060195922
1785290862.7558656,0.0,0.0,0.0006922879815101624
1785290862.756926,0.0,0.0,0.0006799359917640687
1785290862.7579787,0.0,0.0,0.0006859520077705383
1785290862.75903,0.0,0.0,0.0006838080286979676
1785290862.7601037,0.0,0.0,0.0006862080097198486
1785290862.7611408,0.0,0.0,0.0006696000099182129
1785290862.7621722,0.0,0.0,0.0006684799790382385
1785290862.7632368,0.0,0.0,0.0006937280297279358
1785290862.7643049,0.0,0.0,0.0006912959814071656
1785290862.7653604,0.0,0.0,0.0006867200136184692
1785290862.7664094,0.0,0.0,0.0006811519861221314
1785290862.7674818,0.0,0.0,0.0007083200216293335
1785290862.7691133,0.0,0.0,0.0012469439506530761
1785290862.7702148,0.0,0.0,0.0007106879949569702
1785290862.7713027,0.0,0.0,0.0007095040082931519
1785290862.7723453,0.0,0.0,0.0006762880086898803
1785290862.7733884,0.0,0.0,0.0006726400256156921
1785290862.7744186,0.0,0.0,0.0006688640117645263
1785290862.7754834,0.0,0.0,0.000697376012802124
1785290862.7765305,0.0,0.0,0.0006776959896087647
1785290862.777563,0.0,0.0,0.0006701120138168335
1785290862.778618,0.0,0.0,0.0006846719980239868
1785290862.779685,0.0,0.0,0.0007004799842834472
1785290862.7807126,0.0,0.0,0.0006565759778022766
1785290862.7817535,0.0,0.0,0.0006753919720649719
1785290862.782781,0.0,0.0,0.0006637439727783203
1785290862.7838254,0.0,0.0,0.0006641600131988525
1785290862.784864,0.0,0.0,0.0006688640117645263
1785290862.7858908,0.0,0.0,0.0006679999828338623
1785290862.7869225,0.0,0.0,0.000669439971446991
1785290862.7879882,0.0,0.0,0.0006787520051002502
1785290862.7890034,0.0,0.0,0.0006510720252990722
1785290862.7900205,0.0,0.0,0.0006621760129928588
1785290862.791047,0.0,0.0,0.0006684799790382385
1785290862.7921166,0.0,0.0,0.0006871039867401123
1785290862.793138,0.0,0.0,0.000663103997707367
1785290862.7941716,0.0,0.0,0.0006743999719619751
1785290862.7952132,0.0,0.0,0.0006807680130004883
1785290862.7962613,0.0,0.0,0.0006836479902267456
1785290862.7973032,0.0,0.0,0.0006754239797592163
1785290862.7983482,0.0,0.0,0.0006775360107421875
1785290862.7993984,0.0,0.0,0.0006877440214157105
1785290862.8004491,0.0,0.0,0.0006790720224380493
1785290862.801475,0.0,0.0,0.0006598079800605774
1785290862.8024967,0.0,0.0,0.0006599680185317993
1785290862.8035538,0.0,0.0,0.0006914880275726319
1785290862.8045914,0.0,0.0,0.0006725760102272033
1785290862.8056188,0.0,0.0,0.000665440022945404
1785290862.8066533,0.0,0.0,0.0006759359836578369
1785290862.8077152,0.0,0.0,0.0006967679858207702
1785290862.8087447,0.0,0.0,0.000660319983959198
1785290862.809766,0.0,0.0,0.0006633599996566773
1785290862.8108013,0.0,0.0,0.000671999990940094
1785290862.8118432,0.0,0.0,0.0006618239879608154
1785290862.8128774,0.0,0.0,0.0006693120002746581
1785290862.8139036,0.0,0.0,0.0006656000018119813
1785290862.814931,0.0,0.0,0.0006685119867324829
1785290862.815975,0.0,0.0,0.0006666240096092224
1785290862.817007,0.0,0.0,0.0006698880195617676
1785290862.8180275,0.0,0.0,0.0006610879898071289
1785290862.8190618,0.0,0.0,0.000672320008277893
1785290862.8201401,0.0,0.0,0.0006846719980239868
1785290862.8211749,0.0,0.0,0.0006647359728813171
1785290862.8222132,0.0,0.0,0.0006710720062255859
1785290862.8232703,0.0,0.0,0.0006912320256233216
1785290862.824998,0.0,0.0,0.0007460799813270569
1785290862.8260634,0.0,0.0,0.0006863359808921814
1785290862.8271356,0.0,0.0,0.0006969280242919922
1785290862.8281724,0.0,0.0,0.0006659839749336243
1785290862.829206,0.0,0.0,0.0006734079718589783
1785290862.8302486,0.0,0.0,0.0006764159798622132
1785290862.8313067,0.0,0.0,0.0006948800086975098
1785290862.8323612,0.0,0.0,0.0006881920099258423
1785290862.8334339,0.0,0.0,0.0006778240203857422
1785290862.834459,0.0,0.0,0.000659775972366333
1785290862.8355217,0.0,0.0,0.0006976320147514343
1785290862.836565,0.0,0.0,0.0006765440106391907
1785290862.8375962,0.0,0.0,0.000670304000377655
1785290862.8386316,0.0,0.0,0.0006722559928894043
1785290862.8397102,0.0,0.0,0.0007189120054244995
1785290862.8407497,0.0,0.0,0.0006733120083808899
1785290862.8417914,0.0,0.0,0.0006734399795532227
1785290862.8428261,0.0,0.0,0.0006695359945297242
1785290862.8439004,0.0,0.0,0.0006899840235710144
1785290862.8449402,0.0,0.0,0.0006709759831428528
1785290862.8459563,0.0,0.0,0.0006541119813919067
1785290862.8470216,0.0,0.0,0.0006983680129051209
1785290862.848087,0.0,0.0,0.0006723520159721374
1785290862.8491118,0.0,0.0,0.0006633279919624329
1785290862.8501515,0.0,0.0,0.0006711040139198303
1785290862.8511958,0.0,0.0,0.0006849279999732971
1785290862.8522253,0.0,0.0,0.0006654719710350037
1785290862.8532526,0.0,0.0,0.0006678720116615295
1785290862.8542953,0.0,0.0,0.0006787199974060058
1785290862.8553536,0.0,0.0,0.0006880639791488648
1785290862.856383,0.0,0.0,0.0006649919748306274
1785290862.8574224,0.0,0.0,0.0006752319931983948
1785290862.858467,0.0,0.0,0.0006826879978179931
1785290862.8595307,0.0,0.0,0.0006978240013122559
1785290862.860568,0.0,0.0,0.0006720319986343383
1785290862.8616014,0.0,0.0,0.0006681280136108398
1785290862.862633,0.0,0.0,0.0006709120273590088
1785290862.8637574,0.0,0.0,0.0007648959755897522
1785290862.864804,0.0,0.0,0.0006827520132064819
1785290862.865844,0.0,0.0,0.0006762239933013917
1785290862.866882,0.0,0.0,0.0006749119758605957
1785290862.867955,0.0,0.0,0.0006823040246963501
1785290862.8689983,0.0,0.0,0.0006750079989433288
1785290862.8700452,0.0,0.0,0.0006821119785308838
1785290862.8710778,0.0,0.0,0.0006711680293083191
1785290862.872135,0.0,0.0,0.0006786559820175171
1785290862.873164,0.0,0.0,0.0006666880249977112
1785290862.8742125,0.0,0.0,0.0006891840100288391
1785290862.8752832,0.0,0.0,0.000699999988079071
1785290862.876333,0.0,0.0,0.0006798080205917358
1785290862.8773873,0.0,0.0,0.0006816319823265076
1785290862.8784332,0.0,0.0,0.000681984007358551
1785290862.8801928,0.0,0.0,0.0007217599749565124
1785290862.8812592,0.0,0.0,0.000690783977508545
1785290862.8823001,0.0,0.0,0.0006692799925804139
1785290862.8833704,0.0,0.0,0.000700543999671936
1785290862.8844078,0.0,0.0,0.0006667199730873108
1785290862.885445,0.0,0.0,0.0006642559766769409
1785290862.886484,0.0,0.0,0.0006704639792442322
1785290862.8875515,0.0,0.0,0.0007031999826431274
1785290862.88858,0.0,0.0,0.0006631680130958557
1785290862.8896174,0.0,0.0,0.0006761919856071473
1785290862.8906598,0.0,0.0,0.0006770560145378113
1785290862.891732,0.0,0.0,0.0007071040272712707
1785290862.8927622,0.0,0.0,0.0006589120030403138
1785290862.893808,0.0,0.0,0.000677951991558075
1785290862.8948345,0.0,0.0,0.0006627839803695679
1785290862.8958967,0.0,0.0,0.0006759999990463256
1785290862.8969219,0.0,0.0,0.0006591359972953797
1785290862.8979523,0.0,0.0,0.0006670399904251099
1785290862.8989835,0.0,0.0,0.0006701120138168335
1785290862.9000323,0.0,0.0,0.0006669759750366211
1785290862.9010725,0.0,0.0,0.0006752319931983948
1785290862.9021075,0.0,0.0,0.0006719359755516052
1785290862.9031572,0.0,0.0,0.0006813120245933533
1785290862.9042125,0.0,0.0,0.0006870080232620239
1785290862.9053557,0.0,0.0,0.0006849920153617859
1785290862.9064105,0.0,0.0,0.0006834239959716796
1785290862.907479,0.0,0.0,0.0006965759992599487
1785290862.9085271,0.0,0.0,0.0006787520051002502
1785290862.9095616,0.0,0.0,0.0006672639846801758
1785290862.9106004,0.0,0.0,0.0006761919856071473
1785290862.9116552,0.0,0.0,0.0006923199892044067
1785290862.9126973,0.0,0.0,0.0006741120219230652
1785290862.913737,0.0,0.0,0.0006758400201797485
1785290862.9147651,0.0,0.0,0.0006648319959640503
1785290862.9158316,0.0,0.0,0.0006835839748382569
1785290862.9168699,0.0,0.0,0.0006729279756546021
1785290862.9179084,0.0,0.0,0.0006720960140228271
1785290862.9189274,0.0,0.0,0.0006590399742126465
1785290862.919986,0.0,0.0,0.0006703360080718994
1785290862.921018,0.0,0.0,0.0006695680022239685
1785290862.9220538,0.0,0.0,0.0006754239797592163
1785290862.923084,0.0,0.0,0.0006708800196647644
1785290862.924165,0.0,0.0,0.0006948480010032654
1785290862.9252026,0.0,0.0,0.0006734399795532227
1785290862.9262455,0.0,0.0,0.0006804159879684449
1785290862.9272916,0.0,0.0,0.0006805440187454224
1785290862.92831,0.0,0.0,0.0006567680239677429
1785290862.9294052,0.0,0.0,0.000688543975353241
1785290862.9304621,0.0,0.0,0.0006853119730949402
1785290862.9315486,0.0,0.0,0.0007128639817237854
1785290862.9326055,0.0,0.0,0.0006835200190544128
1785290862.933666,0.0,0.0,0.0006903679966926574
1785290862.9354331,0.0,0.0,0.000748416006565094
1785290862.9365017,0.0,0.0,0.0006841920018196106
1785290862.9375503,0.0,0.0,0.0006754239797592163
1785290862.9385982,0.0,0.0,0.0006803200244903565
1785290862.939664,0.0,0.0,0.0007036479711532593
1785290862.940708,0.0,0.0,0.0006694080233573914
1785290862.9417338,0.0,0.0,0.0006674559712409973
1785290862.9427598,0.0,0.0,0.0006633599996566773
1785290862.943829,0.0,0.0,0.000686623990535736
1785290862.9448736,0.0,0.0,0.0006724479794502258
1785290862.9459069,0.0,0.0,0.0006653760075569152
1785290862.9469395,0.0,0.0,0.0006680639982223511
1785290862.9479952,0.0,0.0,0.0006698560118675232
1785290862.9490376,0.0,0.0,0.0006763520240783691
1785290862.9500847,0.0,0.0,0.0006782079935073852
1785290862.9511316,0.0,0.0,0.0006810879707336426
1785290862.9521654,0.0,0.0,0.0006681600213050842
1785290862.953205,0.0,0.0,0.000674560010433197
1785290862.9542384,0.0,0.0,0.0006704319715499878
1785290862.9552906,0.0,0.0,0.0006857600212097168
1785290862.9563334,0.0,0.0,0.0006741120219230652
1785290862.957371,0.0,0.0,0.0006756799817085266
1785290862.9583972,0.0,0.0,0.0006613759994506836
1785290862.9594562,0.0,0.0,0.0006890559792518616
1785290862.9604938,0.0,0.0,0.0006687679886817932
1785290862.9615362,0.0,0.0,0.0006718080043792724
1785290862.962566,0.0,0.0,0.0006690239906311036
1785290862.963618,0.0,0.0,0.0006882879734039307
1785290862.9646442,0.0,0.0,0.000657472014427185
1785290862.965673,0.0,0.0,0.0006671680212020874
1785290862.9667056,0.0,0.0,0.0006702719926834107
1785290862.9677591,0.0,0.0,0.0006906239986419677
1785290862.9688056,0.0,0.0,0.00067740797996521
1785290862.9698346,0.0,0.0,0.0006647359728813171
1785290862.9708729,0.0,0.0,0.00067603200674057
1785290862.9719229,0.0,0.0,0.0006631360054016113
1785290862.972952,0.0,0.0,0.0006635199785232544
1785290862.9739861,0.0,0.0,0.0006726400256156921
1785290862.9750118,0.0,0.0,0.0006676480174064636
1785290862.9760795,0.0,0.0,0.0006784319877624512
1785290862.9771185,0.0,0.0,0.0006740480065345764
1785290862.9781504,0.0,0.0,0.0006661440134048462
1785290862.9792128,0.0,0.0,0.0006930559873580932
1785290862.980251,0.0,0.0,0.0006671040058135986
1785290862.9812834,0.0,0.0,0.0006670399904251099
1785290862.9823077,0.0,0.0,0.000659712016582489
1785290862.9833517,0.0,0.0,0.0006836159825325013
1785290862.9844127,0.0,0.0,0.0006905279755592347
1785290862.985476,0.0,0.0,0.0006887999773025513
1785290862.9865184,0.0,0.0,0.000671455979347229
1785290862.9875948,0.0,0.0,0.0007046719789505004
1785290862.988656,0.0,0.0,0.000683359980583191
1785290862.9903386,0.0,0.0,0.0013135039806365966
1785290862.991439,0.0,0.0,0.0007181119918823242
1785290862.9924915,0.0,0.0,0.0006763520240783691
1785290862.9935338,0.0,0.0,0.0006787840127944946
1785290862.9945717,0.0,0.0,0.0006715520024299621
1785290862.995632,0.0,0.0,0.0006939839720726014
1785290862.996667,0.0,0.0,0.0006616640090942382
1785290862.9976904,0.0,0.0,0.0006590719819068909
1785290862.9987144,0.0,0.0,0.0006647679805755615
1785290862.9997716,0.0,0.0,0.0006967999935150146
1785290863.000812,0.0,0.0,0.0006781759858131409
1785290863.0018492,0.0,0.0,0.000673632025718689
1785290863.0028787,0.0,0.0,0.000667680025100708
1785290863.003955,0.0,0.0,0.0006853439807891846
1785290863.0049984,0.0,0.0,0.000666815996170044
1785290863.0060375,0.0,0.0,0.0006725440025329589
1785290863.0070775,0.0,0.0,0.0006710720062255859
1785290863.0081484,0.0,0.0,0.0006844800114631653
1785290863.009186,0.0,0.0,0.0006754879951477051
1785290863.0102172,0.0,0.0,0.000669439971446991
1785290863.0113068,0.0,0.0,0.0006908479928970337
1785290863.0123487,0.0,0.0,0.000669055998325348
1785290863.0133722,0.0,0.0,0.0006605119705200195
1785290863.014408,0.0,0.0,0.0006734399795532227
1785290863.0154605,0.0,0.0,0.0006876479983329773
1785290863.0164979,0.0,0.0,0.0006695680022239685
1785290863.0175395,0.0,0.0,0.0006733120083808899
1785290863.0185657,0.0,0.0,0.00066457599401474
1785290863.0196116,0.0,0.0,0.0006864320039749145
1785290863.0206547,0.0,0.0,0.0006763520240783691
1785290863.0216947,0.0,0.0,0.0006782400012016296
1785290863.022727,0.0,0.0,0.0006650239825248718
1785290863.0237997,0.0,0.0,0.0007138239741325378
1785290863.0248334,0.0,0.0,0.0006741440296173096
1785290863.0258672,0.0,0.0,0.0006720319986343383
1785290863.0268953,0.0,0.0,0.0006634560227394104
1785290863.0279524,0.0,0.0,0.0006660799980163575
1785290863.0289822,0.0,0.0,0.0006676480174064636
1785290863.0300236,0.0,0.0,0.0006746240258216858
1785290863.0310442,0.0,0.0,0.0006593279838562012
1785290863.03211,0.0,0.0,0.0006796799898147584
1785290863.0331342,0.0,0.0,0.0006618880033493042
1785290863.0341563,0.0,0.0,0.0006604480147361755
1785290863.0352006,0.0,0.0,0.0006815999746322632
1785290863.0362358,0.0,0.0,0.0006670719981193543
1785290863.0372796,0.0,0.0,0.0006770880222320557
1785290863.0383053,0.0,0.0,0.0006610879898071289
1785290863.0393608,0.0,0.0,0.0006912959814071656
1785290863.0404289,0.0,0.0,0.0006956160068511963
1785290863.0414884,0.0,0.0,0.0006897919774055481
1785290863.0425322,0.0,0.0,0.000677951991558075
1785290863.0436053,0.0,0.0,0.0007047680020332336
1785290863.0453224,0.0,0.0,0.001343168020248413
1785290863.046418,0.0,0.0,0.0007063360214233399
1785290863.0474968,0.0,0.0,0.0007089920043945313
1785290863.048542,0.0,0.0,0.0006770880222320557
1785290863.049594,0.0,0.0,0.0006823359727859497
1785290863.0506313,0.0,0.0,0.0006681280136108398
1785290863.0516887,0.0,0.0,0.0006949120163917542
1785290863.0527341,0.0,0.0,0.0006716480255126953
1785290863.0537767,0.0,0.0,0.0006763200163841247
1785290863.0548124,0.0,0.0,0.0006701760292053223
1785290863.0558832,0.0,0.0,0.0006890239715576172
1785290863.0569208,0.0,0.0,0.0006733120083808899
1785290863.05795,0.0,0.0,0.000669376015663147
1785290863.0589867,0.0,0.0,0.0006776000261306763
1785290863.0600626,0.0,0.0,0.0006923840045928955
1785290863.0611148,0.0,0.0,0.0006878079771995545
1785290863.0621958,0.0,0.0,0.0006952639818191528
1785290863.0632696,0.0,0.0,0.0007022719979286194
1785290863.0643191,0.0,0.0,0.0006808639764785767
1785290863.0653582,0.0,0.0,0.0006734079718589783
1785290863.0663896,0.0,0.0,0.0006622400283813476
1785290863.0674512,0.0,0.0,0.0006977919936180115
1785290863.0684996,0.0,0.0,0.0006781439781188965
1785290863.0695364,0.0,0.0,0.0006692159771919251
1785290863.0705721,0.0,0.0,0.0006718720197677612
1785290863.071631,0.0,0.0,0.000697376012802124
1785290863.0726626,0.0,0.0,0.0006679679751396179
1785290863.073704,0.0,0.0,0.0006754239797592163
1785290863.074739,0.0,0.0,0.0006659520268440247
1785290863.0757935,0.0,0.0,0.0006924160122871399
1785290863.0768323,0.0,0.0,0.0006742720007896423
1785290863.077869,0.0,0.0,0.0006745920181274414
1785290863.0788796,0.0,0.0,0.0006556159853935242
1785290863.0799284,0.0,0.0,0.0006718720197677612
1785290863.0809531,0.0,0.0,0.000655135989189148
1785290863.0819995,0.0,0.0,0.0006824319958686828
1785290863.083028,0.0,0.0,0.0006703680157661438
1785290863.0840898,0.0,0.0,0.0006715199947357178
1785290863.0851154,0.0,0.0,0.0006620479822158814
1785290863.0861464,0.0,0.0,0.0006624959707260132
1785290863.0872092,0.0,0.0,0.0006976320147514343
1785290863.0882442,0.0,0.0,0.0006654080152511596
1785290863.089291,0.0,0.0,0.0006812800168991089
1785290863.0903342,0.0,0.0,0.0006767359972000122
1785290863.091379,0.0,0.0,0.0006859200000762939
1785290863.0924063,0.0,0.0,0.0006682559847831726
1785290863.0934389,0.0,0.0,0.0006679679751396179
1785290863.0944703,0.0,0.0,0.0006738240122795105
1785290863.0955434,0.0,0.0,0.000707040011882782
1785290863.0965986,0.0,0.0,0.0006812480092048645
1785290863.0976403,0.0,0.0,0.000677344024181366
1785290863.098688,0.0,0.0,0.0006849279999732971
1785290863.1003761,0.0,0.0,0.0013155839443206787
1785290863.1014783,0.0,0.0,0.000704255998134613
1785290863.1025264,0.0,0.0,0.0006772480010986328
1785290863.1035838,0.0,0.0,0.0006921600103378296
1785290863.1046355,0.0,0.0,0.0006896960139274597
1785290863.1056802,0.0,0.0,0.000681056022644043
1785290863.1066906,0.0,0.0,0.000651968002319336
1785290863.1077535,0.0,0.0,0.000702239990234375
1785290863.1087935,0.0,0.0,0.0006738880276679993
1785290863.1098402,0.0,0.0,0.0006779839992523193
1785290863.1108708,0.0,0.0,0.0006689599752426147
1785290863.1119359,0.0,0.0,0.0006872320175170899
1785290863.1129591,0.0,0.0,0.0006560320258140564
1785290863.1139932,0.0,0.0,0.0006707839965820313
1785290863.115027,0.0,0.0,0.0006700479984283448
1785290863.1160955,0.0,0.0,0.0006761919856071473
1785290863.117148,0.0,0.0,0.0006874880194664002
1785290863.1181867,0.0,0.0,0.0006747199892997742
1785290863.1192346,0.0,0.0,0.0006831679940223693
1785290863.1202734,0.0,0.0,0.0006715840101242065
1785290863.1213143,0.0,0.0,0.0006743999719619751
1785290863.1223762,0.0,0.0,0.0006908479928970337
1785290863.1234348,0.0,0.0,0.0006946560144424439
1785290863.124478,0.0,0.0,0.0006726400256156921
1785290863.1255283,0.0,0.0,0.0006845759749412537
1785290863.1265562,0.0,0.0,0.0006647679805755615
1785290863.1276224,0.0,0.0,0.0007020480036735535
1785290863.128709,0.0,0.0,0.0006867200136184692
1785290863.1297467,0.0,0.0,0.0006697919964790345
1785290863.1307821,0.0,0.0,0.0006717759966850281
1785290863.1318524,0.0,0.0,0.0006838080286979676
1785290863.1328855,0.0,0.0,0.0006684479713439941
1785290863.1339068,0.0,0.0,0.0006609280109405517
1785290863.134945,0.0,0.0,0.0006690239906311036
1785290863.136007,0.0,0.0,0.000670304000377655
1785290863.1370456,0.0,0.0,0.0006716160178184509
1785290863.138069,0.0,0.0,0.0006618880033493042
1785290863.1391163,0.0,0.0,0.0006610559821128845
1785290863.140178,0.0,0.0,0.000685696005821228
1785290863.1412063,0.0,0.0,0.0006682559847831726
1785290863.1422465,0.0,0.0,0.0006713280081748962
1785290863.1433167,0.0,0.0,0.0007050880193710328
1785290863.1443682,0.0,0.0,0.0006795840263366699
1785290863.1454127,0.0,0.0,0.000679967999458313
1785290863.1464489,0.0,0.0,0.0006721919775009155
1785290863.147504,0.0,0.0,0.0006937280297279358
1785290863.1485305,0.0,0.0,0.000656063973903656
1785290863.1495826,0.0,0.0,0.000691103994846344
1785290863.1506317,0.0,0.0,0.0006809920072555542
1785290863.1517043,0.0,0.0,0.0006989120244979859
1785290863.1527627,0.0,0.0,0.0006875200271606446
1785290863.1538205,0.0,0.0,0.0006855040192604065
1785290863.1548762,0.0,0.0,0.0006799039840698243
1785290863.1566722,0.0,0.0,0.0007308480143547058
1785290863.1577303,0.0,0.0,0.0006855679750442505
1785290863.1587653,0.0,0.0,0.0006678079962730408
1785290863.1598341,0.0,0.0,0.0006826239824295044
1785290863.1608608,0.0,0.0,0.0006603839993476868
1785290863.161901,0.0,0.0,0.0006754559874534607
1785290863.162939,0.0,0.0,0.0006769919991493225
1785290863.164007,0.0,0.0,0.0006734719872474671
1785290863.165032,0.0,0.0,0.0006609920263290405
1785290863.1660657,0.0,0.0,0.0006704000234603882
1785290863.1671283,0.0,0.0,0.0006948480010032654
1785290863.1681798,0.0,0.0,0.0006749439835548401
1785290863.1692348,0.0,0.0,0.0006871039867401123
1785290863.1702673,0.0,0.0,0.0006710079908370972
1785290863.1713257,0.0,0.0,0.0007013440132141113
1785290863.1723616,0.0,0.0,0.0006737279891967774
1785290863.1733987,0.0,0.0,0.0006719679832458496
1785290863.1744337,0.0,0.0,0.0006711040139198303
1785290863.1754773,0.0,0.0,0.0006794880032539367
1785290863.176508,0.0,0.0,0.0006659839749336243
1785290863.1775374,0.0,0.0,0.0006674240231513977
1785290863.1785648,0.0,0.0,0.0006617599725723266
1785290863.1796136,0.0,0.0,0.0006891199946403503
1785290863.1806471,0.0,0.0,0.000674239993095398
1785290863.1816847,0.0,0.0,0.0006752640008926391
1785290863.1827188,0.0,0.0,0.0006725760102272033
1785290863.183768,0.0,0.0,0.0006866880059242248
1785290863.1848,0.0,0.0,0.0006620479822158814
1785290863.1858265,0.0,0.0,0.0006621440052986146
1785290863.1868525,0.0,0.0,0.0006673920154571533
1785290863.1879048,0.0,0.0,0.0006719359755516052
1785290863.188949,0.0,0.0,0.0006801279783248902
1785290863.1899912,0.0,0.0,0.0006708160042762756
1785290863.1910164,0.0,0.0,0.0006620479822158814
1785290863.1920848,0.0,0.0,0.0006802880167961121
1785290863.1931162,0.0,0.0,0.0006687679886817932
1785290863.1941466,0.0,0.0,0.0006677759885787964
1785290863.1951926,0.0,0.0,0.0006887680292129517
1785290863.1962395,0.0,0.0,0.0006803200244903565
1785290863.1972919,0.0,0.0,0.0006890239715576172
1785290863.1983383,0.0,0.0,0.0006802880167961121
1785290863.1993892,0.0,0.0,0.0006872320175170899
1785290863.2004182,0.0,0.0,0.0006635519862174988
1785290863.2014513,0.0,0.0,0.0006702079772949219
1785290863.2024806,0.0,0.0,0.0006687679886817932
1785290863.203538,0.0,0.0,0.0006968960165977478
1785290863.204575,0.0,0.0,0.0006739519834518433
1785290863.2056074,0.0,0.0,0.0006670719981193543
1785290863.2066658,0.0,0.0,0.0006807360053062439
1785290863.207741,0.0,0.0,0.0007043200135231018
1785290863.2087939,0.0,0.0,0.0006859520077705383
1785290863.209834,0.0,0.0,0.0006707199811935425
1785290863.211593,0.0,0.0,0.0007746880054473877
1785290863.2126698,0.0,0.0,0.0006905599832534791
1785290863.2137265,0.0,0.0,0.0006851840019226074
1785290863.2147756,0.0,0.0,0.000685696005821228
1785290863.2158573,0.0,0.0,0.000695360004901886
1785290863.2168925,0.0,0.0,0.0006737279891967774
1785290863.2179313,0.0,0.0,0.0006784960031509399
1785290863.2189624,0.0,0.0,0.0006693440079689025
1785290863.2200363,0.0,0.0,0.0006886720061302185
1785290863.2210677,0.0,0.0,0.0006683840155601501
1785290863.222094,0.0,0.0,0.0006676160097122192
1785290863.2231352,0.0,0.0,0.0006768959760665894
1785290863.2241886,0.0,0.0,0.0006811839938163757
1785290863.225226,0.0,0.0,0.0006770880222320557
1785290863.2262528,0.0,0.0,0.0006637759804725647
1785290863.227316,0.0,0.0,0.0006935359835624694
1785290863.2283454,0.0,0.0,0.0006619200110435485
1785290863.2293923,0.0,0.0,0.0006798400282859802
1785290863.2304301,0.0,0.0,0.0006754559874534607
1785290863.2314818,0.0,0.0,0.0006843839883804322
1785290863.232535,0.0,0.0,0.0006833279728889466
1785290863.2335663,0.0,0.0,0.0006651200056076049
1785290863.2345934,0.0,0.0,0.0006626560091972351
1785290863.235681,0.0,0.0,0.000687391996383667
1785290863.2367365,0.0,0.0,0.0006869120001792907
1785290863.237781,0.0,0.0,0.0006689599752426147
1785290863.2388184,0.0,0.0,0.0006711040139198303
1785290863.2398858,0.0,0.0,0.0006869760155677795
1785290863.2409198,0.0,0.0,0.0006681600213050842
1785290863.2419555,0.0,0.0,0.0006665599942207337
1785290863.243005,0.0,0.0,0.0006847360134124756
1785290863.244078,0.0,0.0,0.0006841920018196106
1785290863.2451138,0.0,0.0,0.0006635519862174988
1785290863.2461631,0.0,0.0,0.0006800959706306458
1785290863.2472353,0.0,0.0,0.0006949440240859986
1785290863.2482824,0.0,0.0,0.0006744959950447083
1785290863.2493246,0.0,0.0,0.0006798400282859802
1785290863.2503648,0.0,0.0,0.0006771839857101441
1785290863.2514174,0.0,0.0,0.0006880000233650208
1785290863.2524538,0.0,0.0,0.0006685760021209716
1785290863.253488,0.0,0.0,0.0006711360216140747
1785290863.2545247,0.0,0.0,0.0006687359809875488
1785290863.255595,0.0,0.0,0.0007060480117797852
1785290863.2566328,0.0,0.0,0.000669920027256012
1785290863.2576754,0.0,0.0,0.0006809599995613098
1785290863.2587044,0.0,0.0,0.0006636160016059876
1785290863.2597694,0.0,0.0,0.0007008320093154907
1785290863.2608254,0.0,0.0,0.0006889280080795288
1785290863.2619886,0.0,0.0,0.0007014080286026002
1785290863.263035,0.0,0.0,0.000678879976272583
1785290863.2641175,0.0,0.0,0.0006886079907417297
1785290863.2651725,0.0,0.0,0.0006861119866371155
1785290863.266897,0.0,0.0,0.0007224000096321106
1785290863.2679875,0.0,0.0,0.000684831976890564
1785290863.269027,0.0,0.0,0.0006698880195617676
1785290863.270049,0.0,0.0,0.0006664320230484009
1785290863.2711127,0.0,0.0,0.0006833279728889466
1785290863.2721794,0.0,0.0,0.0006940799951553344
1785290863.2732308,0.0,0.0,0.00068259197473526
1785290863.274265,0.0,0.0,0.0006736000180244446
1785290863.2753136,0.0,0.0,0.000690015971660614
1785290863.276354,0.0,0.0,0.000674015998840332
1785290863.277383,0.0,0.0,0.0006664000153541565
1785290863.2784228,0.0,0.0,0.0006701120138168335
1785290863.2794826,0.0,0.0,0.0007002239823341369
1785290863.2805169,0.0,0.0,0.0006685119867324829
1785290863.281563,0.0,0.0,0.0006828799843788147
1785290863.2825918,0.0,0.0,0.0006690239906311036
1785290863.2836564,0.0,0.0,0.0007045760154724121
1785290863.2846987,0.0,0.0,0.0006744319796562195
1785290863.28575,0.0,0.0,0.0006854400038719177
1785290863.286788,0.0,0.0,0.0006684799790382385
1785290863.2878573,0.0,0.0,0.0006839039921760559
1785290863.2888966,0.0,0.0,0.0006726080179214477
1785290863.2899172,0.0,0.0,0.0006600000262260437
1785290863.2909496,0.0,0.0,0.000669376015663147
1785290863.2920077,0.0,0.0,0.0006725119948387146
1785290863.293034,0.0,0.0,0.0006640959978103638
1785290863.2940683,0.0,0.0,0.0006660799980163575
1785290863.2950792,0.0,0.0,0.0006513280272483825
1785290863.2961235,0.0,0.0,0.0006639999747276306
1785290863.2971582,0.0,0.0,0.0006706560254096985
1785290863.298187,0.0,0.0,0.0006661760210990906
1785290863.2992404,0.0,0.0,0.0006934400200843811
1785290863.3002777,0.0,0.0,0.0006758080124855041
1785290863.3013048,0.0,0.0,0.000667743980884552
1785290863.3023362,0.0,0.0,0.0006678400039672851
1785290863.3033845,0.0,0.0,0.0006858559846878052
1785290863.3044393,0.0,0.0,0.0006842560172080994
1785290863.305467,0.0,0.0,0.0006624000072479248
1785290863.3064888,0.0,0.0,0.0006589120030403138
1785290863.3075397,0.0,0.0,0.0006895040273666382
1785290863.308579,0.0,0.0,0.0006712960004806518
1785290863.3096037,0.0,0.0,0.0006600319743156433
1785290863.3106272,0.0,0.0,0.0006659839749336243
1785290863.3116696,0.0,0.0,0.000679423987865448
1785290863.312712,0.0,0.0,0.0006755200028419494
1785290863.3137362,0.0,0.0,0.0006588159799575806
1785290863.314751,0.0,0.0,0.0006545919775962829
1785290863.3158092,0.0,0.0,0.0006753919720649719
1785290863.316875,0.0,0.0,0.0006916159987449646
1785290863.3179173,0.0,0.0,0.0006723520159721374
1785290863.3189743,0.0,0.0,0.0006899840235710144
1785290863.3200521,0.0,0.0,0.0006855999827384949
1785290863.3217614,0.0,0.0,0.0013366400003433229
1785290863.3228495,0.0,0.0,0.000690496027469635
1785290863.323944,0.0,0.0,0.0006930239796638489
1785290863.3249846,0.0,0.0,0.000669376015663147
1785290863.3260357,0.0,0.0,0.0006813439726829529
1785290863.32709,0.0,0.0,0.0006872959733009339
1785290863.3281739,0.0,0.0,0.0006882560253143311
1785290863.329206,0.0,0.0,0.000668608009815216
1785290863.3302486,0.0,0.0,0.00067603200674057
1785290863.3313055,0.0,0.0,0.0006944640278816224
1785290863.332342,0.0,0.0,0.0006676480174064636
1785290863.3333747,0.0,0.0,0.0006677119731903076
1785290863.3344185,0.0,0.0,0.0006696640253067017
1785290863.3354778,0.0,0.0,0.0006941760182380676
1785290863.3365176,0.0,0.0,0.0006740480065345764
1785290863.3375456,0.0,0.0,0.0006621760129928588
1785290863.3385901,0.0,0.0,0.0006812480092048645
1785290863.3396559,0.0,0.0,0.0007007679939270019
1785290863.3407083,0.0,0.0,0.0006834239959716796
1785290863.3417451,0.0,0.0,0.0006681280136108398
1785290863.342772,0.0,0.0,0.0006620799899101258
1785290863.3438356,0.0,0.0,0.0006744959950447083
1785290863.3448772,0.0,0.0,0.0006717439889907837
1785290863.3459144,0.0,0.0,0.0006681920289993286
1785290863.3469608,0.0,0.0,0.0006827200055122375
1785290863.3480284,0.0,0.0,0.0006830400228500366
1785290863.3490732,0.0,0.0,0.0006815680265426636
1785290863.3501003,0.0,0.0,0.0006645119786262512
1785290863.351162,0.0,0.0,0.0006952319741249085
1785290863.352214,0.0,0.0,0.0006740480065345764
1785290863.3532646,0.0,0.0,0.0006816959977149963
1785290863.3543017,0.0,0.0,0.0006678400039672851
1785290863.3553603,0.0,0.0,0.0006959360241889954
1785290863.3563921,0.0,0.0,0.0006716160178184509
1785290863.3574266,0.0,0.0,0.0006655359864234925
1785290863.3584619,0.0,0.0,0.0006721600294113159
1785290863.3595183,0.0,0.0,0.0006890879869461059
1785290863.3605618,0.0,0.0,0.0006767359972000122
1785290863.3615963,0.0,0.0,0.0006734399795532227
1785290863.3626237,0.0,0.0,0.0006624959707260132
1785290863.3636825,0.0,0.0,0.0006954240202903748
1785290863.3647246,0.0,0.0,0.0006755200028419494
1785290863.3657594,0.0,0.0,0.0006744959950447083
1785290863.366785,0.0,0.0,0.0006598399877548218
1785290863.3678448,0.0,0.0,0.0006807039976119995
1785290863.3689046,0.0,0.0,0.0006879040002822876
1785290863.3699417,0.0,0.0,0.0006736639738082886
1785290863.3709817,0.0,0.0,0.0006750720143318176
1785290863.3720706,0.0,0.0,0.0006898239850997924
1785290863.3731306,0.0,0.0,0.0006929280161857605
1785290863.3741927,0.0,0.0,0.0006905919909477233
1785290863.3752708,0.0,0.0,0.0007047039866447448
1785290863.3768783,0.0,0.0,0.0012367360591888428
1785290863.377946,0.0,0.0,0.0006818559765815735
1785290863.3789895,0.0,0.0,0.0006729919910430909
1785290863.3800688,0.0,0.0,0.0006851199865341187
1785290863.3811064,0.0,0.0,0.0006729599833488465
1785290863.3821323,0.0,0.0,0.0006690880060195922
1785290863.3832278,0.0,0.0,0.0007012479901313781
1785290863.384257,0.0,0.0,0.0006660799980163575
1785290863.3852913,0.0,0.0,0.000666208028793335
1785290863.3863282,0.0,0.0,0.0006684160232543945
1785290863.387386,0.0,0.0,0.0006928640007972717
1785290863.388424,0.0,0.0,0.000672767996788025
1785290863.3894482,0.0,0.0,0.0006650239825248718
1785290863.3904839,0.0,0.0,0.0006700479984283448
1785290863.391526,0.0,0.0,0.000682911992073059
1785290863.3925493,0.0,0.0,0.0006576640009880066
1785290863.3935928,0.0,0.0,0.0006800000071525573
1785290863.394627,0.0,0.0,0.0006659200191497803
1785290863.395698,0.0,0.0,0.0007078719735145568
1785290863.3967395,0.0,0.0,0.0006710720062255859
1785290863.3977706,0.0,0.0,0.0006714879870414734
1785290863.398804,0.0,0.0,0.0006702399849891663
1785290863.3998702,0.0,0.0,0.0006839359998703003
1785290863.4009264,0.0,0.0,0.0006849920153617859
1785290863.4019625,0.0,0.0,0.0006688640117645263
1785290863.4029994,0.0,0.0,0.0006719040274620056
1785290863.404078,0.0,0.0,0.0006907520294189454
1785290863.4051123,0.0,0.0,0.0006687679886817932
1785290863.406154,0.0,0.0,0.0006753280162811279
1785290863.4072008,0.0,0.0,0.0006878079771995545
1785290863.4082632,0.0,0.0,0.0006868159770965577
1785290863.4092953,0.0,0.0,0.0006701760292053223
1785290863.4103315,0.0,0.0,0.000672320008277893
1785290863.4113965,0.0,0.0,0.0006998400092124939
1785290863.4124372,0.0,0.0,0.0006763520240783691
1785290863.4134743,0.0,0.0,0.0006694719791412354
1785290863.414495,0.0,0.0,0.0006544319987297058
1785290863.4155462,0.0,0.0,0.0006844480037689209
1785290863.4165826,0.0,0.0,0.0006647359728813171
1785290863.4176164,0.0,0.0,0.000671392023563385
1785290863.4186432,0.0,0.0,0.0006629120111465454
1785290863.4196925,0.0,0.0,0.000688480019569397
1785290863.4207537,0.0,0.0,0.0006917759776115418
1785290863.4217792,0.0,0.0,0.0006611199975013733
1785290863.422811,0.0,0.0,0.000665440022945404
1785290863.4238942,0.0,0.0,0.0006947519779205323
1785290863.4249334,0.0,0.0,0.0006717439889907837
1785290863.4259686,0.0,0.0,0.0006721919775009155
1785290863.427028,0.0,0.0,0.0006905599832534791
1785290863.4280965,0.0,0.0,0.0006764159798622132
1785290863.429142,0.0,0.0,0.0006753280162811279
1785290863.430182,0.0,0.0,0.0006732800006866455
1785290863.4319248,0.0,0.0,0.0013745599985122681
1785290863.433075,0.0,0.0,0.0007235519886016846
1785290863.434172,0.0,0.0,0.0007126399874687195
1785290863.4352293,0.0,0.0,0.0006922879815101624
1785290863.4362788,0.0,0.0,0.0006738560199737549
1785290863.4373229,0.0,0.0,0.000675711989402771
1785290863.4383662,0.0,0.0,0.0006782079935073852
1785290863.4394195,0.0,0.0,0.0006863679885864257
1785290863.440463,0.0,0.0,0.0006748160123825073
1785290863.4414966,0.0,0.0,0.0006680960059165954
1785290863.4425242,0.0,0.0,0.0006647999882698059
1785290863.4435778,0.0,0.0,0.0006867520213127136
1785290863.4446118,0.0,0.0,0.000669055998325348
1785290863.4456434,0.0,0.0,0.0006647040247917175
1785290863.4466865,0.0,0.0,0.0006804479956626892
1785290863.4477358,0.0,0.0,0.0006847040057182312
1785290863.448781,0.0,0.0,0.000677727997303009
1785290863.449822,0.0,0.0,0.0006728960275650024
1785290863.4508564,0.0,0.0,0.0006687679886817932
1785290863.451913,0.0,0.0,0.00067603200674057
1785290863.4529562,0.0,0.0,0.0006709439754486084
1785290863.453989,0.0,0.0,0.0006701760292053223
1785290863.455027,0.0,0.0,0.0006717759966850281
1785290863.4561043,0.0,0.0,0.000681056022644043
1785290863.4571464,0.0,0.0,0.0006752640008926391
1785290863.4581873,0.0,0.0,0.0006732479929924012
1785290863.4592423,0.0,0.0,0.0006872959733009339
1785290863.4602814,0.0,0.0,0.0006718720197677612
1785290863.4613035,0.0,0.0,0.0006606720089912414
1785290863.462327,0.0,0.0,0.0006607999801635742
1785290863.463376,0.0,0.0,0.000687071979045868
1785290863.4644275,0.0,0.0,0.0006806079745292664
1785290863.465458,0.0,0.0,0.0006661120057106018
1785290863.4664958,0.0,0.0,0.0006800000071525573
1785290863.467563,0.0,0.0,0.0007009279727935791
1785290863.4686096,0.0,0.0,0.0006763839721679688
1785290863.46964,0.0,0.0,0.0006685439944267273
1785290863.4706776,0.0,0.0,0.0006716799736022949
1785290863.4717646,0.0,0.0,0.0007195519804954529
1785290863.472814,0.0,0.0,0.0006716799736022949
1785290863.473864,0.0,0.0,0.0006837440133094788
1785290863.4748971,0.0,0.0,0.0006703680157661438
1785290863.4759529,0.0,0.0,0.0006791359782218933
1785290863.476994,0.0,0.0,0.0006736000180244446
1785290863.4780254,0.0,0.0,0.0006697919964790345
1785290863.4790628,0.0,0.0,0.000674015998840332
1785290863.480142,0.0,0.0,0.000690015971660614
1785290863.4811866,0.0,0.0,0.0006779839992523193
1785290863.4822392,0.0,0.0,0.0006844159960746765
1785290863.483301,0.0,0.0,0.0006919360160827637
1785290863.484353,0.0,0.0,0.0006798400282859802
1785290863.4853985,0.0,0.0,0.0006803839802742005
1785290863.487071,0.0,0.0,0.0013053120374679566
1785290863.488199,0.0,0.0,0.0007098240256309509
1785290863.4892473,0.0,0.0,0.000669983983039856
1785290863.4902868,0.0,0.0,0.0006747840046882629
1785290863.4913523,0.0,0.0,0.0006977919936180115
1785290863.4924076,0.0,0.0,0.000685696005821228
1785290863.4934475,0.0,0.0,0.0006720960140228271
1785290863.4944875,0.0,0.0,0.00068259197473526
1785290863.4955504,0.0,0.0,0.0006975039839744567
1785290863.4965827,0.0,0.0,0.000667680025100708
1785290863.4976075,0.0,0.0,0.0006638079881668091
1785290863.4986384,0.0,0.0,0.0006687999963760376
1785290863.499682,0.0,0.0,0.0006852800250053406
1785290863.5007186,0.0,0.0,0.0006739199757575989
1785290863.5017457,0.0,0.0,0.0006628479957580567
1785290863.5027688,0.0,0.0,0.0006594880223274231
1785290863.5038362,0.0,0.0,0.0006864960193634033
1785290863.5048752,0.0,0.0,0.0006756799817085266
1785290863.5059087,0.0,0.0,0.0006706240177154541
1785290863.506927,0.0,0.0,0.0006571199893951416
1785290863.5080047,0.0,0.0,0.0006878079771995545
1785290863.509044,0.0,0.0,0.0006763200163841247
1785290863.5100744,0.0,0.0,0.0006669759750366211
1785290863.5111341,0.0,0.0,0.0006912000179290772
1785290863.5121715,0.0,0.0,0.0006664320230484009
1785290863.5132053,0.0,0.0,0.0006730560064315796
1785290863.514243,0.0,0.0,0.0006711360216140747
1785290863.515307,0.0,0.0,0.0006993280053138733
1785290863.516359,0.0,0.0,0.0006812800168991089
1785290863.5173974,0.0,0.0,0.0006776959896087647
1785290863.5184348,0.0,0.0,0.0006758720278739929
1785290863.5195246,0.0,0.0,0.0007118719816207885
1785290863.520578,0.0,0.0,0.0006821759939193725
1785290863.5216196,0.0,0.0,0.0006759359836578369
1785290863.5226574,0.0,0.0,0.0006705920100212097
1785290863.5237627,0.0,0.0,0.0006988480091094971
1785290863.5248067,0.0,0.0,0.0006731520295143128
1785290863.5258362,0.0,0.0,0.0006673600077629089
1785290863.526874,0.0,0.0,0.0006776319742202759
1785290863.5279422,0.0,0.0,0.0006787840127944946
1785290863.5289757,0.0,0.0,0.0006687679886817932
1785290863.5299966,0.0,0.0,0.0006598399877548218
1785290863.5310333,0.0,0.0,0.0006739519834518433
1785290863.5321136,0.0,0.0,0.0006877760291099549
1785290863.533151,0.0,0.0,0.00067084801197052
1785290863.534184,0.0,0.0,0.000663424015045166
1785290863.5352824,0.0,0.0,0.0007272639870643616
1785290863.5363617,0.0,0.0,0.0007010560035705566
1785290863.537409,0.0,0.0,0.0006778560280799866
1785290863.538472,0.0,0.0,0.000686784029006958
1785290863.5395412,0.0,0.0,0.0007025920152664185
1785290863.540585,0.0,0.0,0.0006727359890937806
1785290863.5423095,0.0,0.0,0.0013497920036315918
1785290863.5434403,0.0,0.0,0.0007338560223579407
1785290863.5445013,0.0,0.0,0.0006838399767875672
1785290863.5455306,0.0,0.0,0.0006673920154571533
1785290863.5465586,0.0,0.0,0.0006705600023269653
1785290863.5476327,0.0,0.0,0.000712448000907898
1785290863.5486684,0.0,0.0,0.0006664320230484009
1785290863.549734,0.0,0.0,0.0006923519968986511
1785290863.5507865,0.0,0.0,0.0006799039840698243
1785290863.5518413,0.0,0.0,0.000666271984577179
1785290863.5528734,0.0,0.0,0.0006686400175094604
1785290863.5539002,0.0,0.0,0.0006653760075569152
1785290863.5549266,0.0,0.0,0.0006585599780082703
1785290863.5559897,0.0,0.0,0.0006801279783248902
1785290863.5570252,0.0,0.0,0.0006684160232543945
1785290863.558056,0.0,0.0,0.0006715840101242065
1785290863.559089,0.0,0.0,0.0006694080233573914
1785290863.5601447,0.0,0.0,0.000666815996170044
1785290863.5611746,0.0,0.0,0.0006704639792442322
1785290863.562215,0.0,0.0,0.000668608009815216
1785290863.5632777,0.0,0.0,0.0006972479820251464
1785290863.5643187,0.0,0.0,0.0006704000234603882
1785290863.565352,0.0,0.0,0.0006691840291023254
1785290863.566393,0.0,0.0,0.0006774719953536987
1785290863.5674527,0.0,0.0,0.000700543999671936
1785290863.5685012,0.0,0.0,0.0006821759939193725
1785290863.569548,0.0,0.0,0.0006804479956626892
1785290863.5705843,0.0,0.0,0.0006719040274620056
1785290863.571645,0.0,0.0,0.0006958720088005066
1785290863.5726798,0.0,0.0,0.0006716799736022949
1785290863.5736985,0.0,0.0,0.0006541439890861511
1785290863.5747306,0.0,0.0,0.0006682559847831726
1785290863.5757892,0.0,0.0,0.0006982399821281433
1785290863.5768259,0.0,0.0,0.000670304000377655
1785290863.5778658,0.0,0.0,0.000680512011051178
1785290863.5788937,0.0,0.0,0.0006674879789352417
1785290863.579948,0.0,0.0,0.0006736639738082886
1785290863.5809748,0.0,0.0,0.0006624320149421692
1785290863.5820115,0.0,0.0,0.0006758080124855041
1785290863.5830405,0.0,0.0,0.0006666240096092224
1785290863.5840874,0.0,0.0,0.0006607040166854858
1785290863.5851243,0.0,0.0,0.0006754239797592163
1785290863.586156,0.0,0.0,0.0006682559847831726
1785290863.5871997,0.0,0.0,0.0006800640225410462
1785290863.588233,0.0,0.0,0.0006739199757575989
1785290863.5892656,0.0,0.0,0.000673632025718689
1785290863.5902894,0.0,0.0,0.0006670399904251099
1785290863.59136,0.0,0.0,0.0007029759883880615
1785290863.5924208,0.0,0.0,0.0006903679966926574
1785290863.5934813,0.0,0.0,0.0006886079907417297
1785290863.594526,0.0,0.0,0.0006767680048942566
1785290863.5955877,0.0,0.0,0.0006974400281906128
1785290863.5966535,0.0,0.0,0.0006908800005912781
1785290863.5983398,0.0,0.0,0.0007178239822387695
1785290863.599439,0.0,0.0,0.000729312002658844
1785290863.600479,0.0,0.0,0.0006735039949417115
1785290863.6015158,0.0,0.0,0.000673632025718689
1785290863.6025522,0.0,0.0,0.0006731839776039124
1785290863.603611,0.0,0.0,0.0006978880167007447
1785290863.6046386,0.0,0.0,0.0006658880114555359
1785290863.605681,0.0,0.0,0.0006808959841728211
1785290863.60672,0.0,0.0,0.0006738560199737549
1785290863.6077876,0.0,0.0,0.0007055360078811646
1785290863.6088264,0.0,0.0,0.0006699519753456116
1785290863.6098554,0.0,0.0,0.0006660479903221131
1785290863.6108952,0.0,0.0,0.0006735360026359558
1785290863.6119587,0.0,0.0,0.0006831039786338806
1785290863.6129901,0.0,0.0,0.0006668800115585327
1785290863.6140192,0.0,0.0,0.0006645439863204956
1785290863.6150503,0.0,0.0,0.0006672319769859314
1785290863.6161172,0.0,0.0,0.0006744319796562195
1785290863.6171508,0.0,0.0,0.0006667199730873108
1785290863.6182854,0.0,0.0,0.0006909120082855225
1785290863.6193676,0.0,0.0,0.0007172799706459045
1785290863.6204138,0.0,0.0,0.0006769919991493225
1785290863.6214592,0.0,0.0,0.0006804159879684449
1785290863.6224935,0.0,0.0,0.0006684160232543945
1785290863.6235602,0.0,0.0,0.0006992959976196289
1785290863.624598,0.0,0.0,0.0006722880005836486
1785290863.6256452,0.0,0.0,0.0006826559901237487
1785290863.6266901,0.0,0.0,0.0006796159744262695
1785290863.6277514,0.0,0.0,0.0006913920044898987
1785290863.6288006,0.0,0.0,0.0006835520267486572
1785290863.6298208,0.0,0.0,0.0006557120084762574
1785290863.630854,0.0,0.0,0.0006709759831428528
1785290863.6319032,0.0,0.0,0.0006674879789352417
1785290863.632947,0.0,0.0,0.0006799039840698243
1785290863.6339872,0.0,0.0,0.0006722559928894043
1785290863.6350188,0.0,0.0,0.0006603839993476868
1785290863.63608,0.0,0.0,0.0006726080179214477
1785290863.6371126,0.0,0.0,0.0006715199947357178
1785290863.6381466,0.0,0.0,0.0006743680238723755
1785290863.6391788,0.0,0.0,0.0006774719953536987
1785290863.6402154,0.0,0.0,0.0006690239906311036
1785290863.6412416,0.0,0.0,0.0006638720035552979
1785290863.642264,0.0,0.0,0.0006609600186347961
1785290863.6433313,0.0,0.0,0.0007031999826431274
1785290863.644357,0.0,0.0,0.0006616320013999939
1785290863.6453865,0.0,0.0,0.0006666880249977112
1785290863.6464207,0.0,0.0,0.0006671680212020874
1785290863.6474926,0.0,0.0,0.0007047039866447448
1785290863.6485543,0.0,0.0,0.0006813439726829529
1785290863.6496036,0.0,0.0,0.0006767359972000122
1785290863.6506443,0.0,0.0,0.0006692159771919251
1785290863.6517346,0.0,0.0,0.0007218559980392456
1785290863.6534636,0.0,0.0,0.0007152320146560669
1785290863.6545315,0.0,0.0,0.0006872000098228455
1785290863.655607,0.0,0.0,0.0007104319930076599
1785290863.6566503,0.0,0.0,0.0006760640144348144
1785290863.6576796,0.0,0.0,0.0006670719981193543
1785290863.6587198,0.0,0.0,0.0006787520051002502
1785290863.659773,0.0,0.0,0.0006897600293159485
1785290863.660825,0.0,0.0,0.0006768320202827454
1785290863.6618593,0.0,0.0,0.0006676160097122192
1785290863.6628923,0.0,0.0,0.0006675519943237305
1785290863.6639738,0.0,0.0,0.0006740800142288208
1785290863.665024,0.0,0.0,0.0006782079935073852
1785290863.666064,0.0,0.0,0.0006744639873504639
1785290863.6671221,0.0,0.0,0.0006722880005836486
1785290863.6681802,0.0,0.0,0.0006848000288009644
1785290863.6692197,0.0,0.0,0.0006716799736022949
1785290863.6702738,0.0,0.0,0.0006887680292129517
1785290863.6713352,0.0,0.0,0.0006957439780235291
1785290863.6723864,0.0,0.0,0.0006756160259246826
1785290863.6734254,0.0,0.0,0.0006743999719619751
1785290863.6744545,0.0,0.0,0.0006673600077629089
1785290863.675526,0.0,0.0,0.00070387202501297
1785290863.6765563,0.0,0.0,0.000666271984577179
1785290863.6775904,0.0,0.0,0.0006683840155601501
1785290863.6786308,0.0,0.0,0.0006704000234603882
1785290863.6796975,0.0,0.0,0.0007030400037765503
1785290863.6807296,0.0,0.0,0.0006621760129928588
1785290863.6817734,0.0,0.0,0.0006808320283889771
1785290863.6828196,0.0,0.0,0.0006755200028419494
1785290863.6838934,0.0,0.0,0.0006847040057182312
1785290863.6849375,0.0,0.0,0.0006688640117645263
1785290863.6859818,0.0,0.0,0.0006781439781188965
1785290863.687019,0.0,0.0,0.0006734079718589783
1785290863.6880891,0.0,0.0,0.0006816959977149963
1785290863.6891248,0.0,0.0,0.0006713280081748962
1785290863.6901736,0.0,0.0,0.0006770560145378113
1785290863.6912336,0.0,0.0,0.000690335988998413
1785290863.6922746,0.0,0.0,0.000673088014125824
1785290863.6933453,0.0,0.0,0.0006601920127868652
1785290863.694396,0.0,0.0,0.0006733120083808899
1785290863.6954565,0.0,0.0,0.0006939200162887573
1785290863.6965067,0.0,0.0,0.0006788480281829834
1785290863.6975486,0.0,0.0,0.0006756799817085266
1785290863.6985977,0.0,0.0,0.0006872959733009339
1785290863.6996634,0.0,0.0,0.0006939839720726014
1785290863.7007189,0.0,0.0,0.0006893439888954162
1785290863.701768,0.0,0.0,0.0006822080016136169
1785290863.702828,0.0,0.0,0.0006937919855117797
1785290863.7039125,0.0,0.0,0.0006874880194664002
1785290863.7049754,0.0,0.0,0.0006769919991493225
1785290863.7060287,0.0,0.0,0.0006839039921760559
1785290863.7070856,0.0,0.0,0.0006904000043869018
1785290863.708869,0.0,0.0,0.0007183039784431457
1785290863.7099247,0.0,0.0,0.0006837760210037232
1785290863.7109575,0.0,0.0,0.0006656000018119813
1785290863.7120278,0.0,0.0,0.0006789119839668274
1785290863.713069,0.0,0.0,0.0006769919991493225
1785290863.7141066,0.0,0.0,0.0006753919720649719
1785290863.715156,0.0,0.0,0.0006864640116691589
1785290863.7162,0.0,0.0,0.000676800012588501
1785290863.7172315,0.0,0.0,0.0006664000153541565
1785290863.7182765,0.0,0.0,0.0006802880167961121
1785290863.719343,0.0,0.0,0.0007027519941329956
1785290863.7203856,0.0,0.0,0.0006732159852981568
1785290863.721408,0.0,0.0,0.0006604800224304199
1785290863.7224329,0.0,0.0,0.0006670719981193543
1785290863.7235055,0.0,0.0,0.0006996480226516724
1785290863.724544,0.0,0.0,0.0006717119812965393
1785290863.725586,0.0,0.0,0.0006786879897117615
1785290863.7266135,0.0,0.0,0.000665503978729248
1785290863.727675,0.0,0.0,0.0006984639763832093
1785290863.7287767,0.0,0.0,0.0007182080149650574
1785290863.7299032,0.0,0.0,0.000724128007888794
1785290863.7309794,0.0,0.0,0.0006961280107498169
1785290863.732054,0.0,0.0,0.00068259197473526
1785290863.733109,0.0,0.0,0.0006868159770965577
1785290863.7341452,0.0,0.0,0.0006711680293083191
1785290863.735186,0.0,0.0,0.0006790720224380493
1785290863.7362173,0.0,0.0,0.0006652160286903381
1785290863.7372427,0.0,0.0,0.0006672959923744202
1785290863.7382672,0.0,0.0,0.0006637120246887207
1785290863.7393312,0.0,0.0,0.0007003840208053589
1785290863.7403781,0.0,0.0,0.0006853439807891846
1785290863.7414005,0.0,0.0,0.0006572480201721191
1785290863.742428,0.0,0.0,0.0006648640036582946
1785290863.743471,0.0,0.0,0.0006796799898147584
1785290863.7444992,0.0,0.0,0.0006656320095062255
1785290863.7455263,0.0,0.0,0.0006718400120735168
1785290863.7465413,0.0,0.0,0.0006626880168914795
1785290863.7475998,0.0,0.0,0.0006991680264472962
1785290863.7486343,0.0,0.0,0.0006654080152511596
1785290863.749665,0.0,0.0,0.0006692479848861695
1785290863.7506948,0.0,0.0,0.0006641280055046081
1785290863.751752,0.0,0.0,0.0006934080123901367
1785290863.7527833,0.0,0.0,0.0006693120002746581
1785290863.7538204,0.0,0.0,0.0006738560199737549
1785290863.7548578,0.0,0.0,0.0006743040084838867
1785290863.7559102,0.0,0.0,0.0006723520159721374
1785290863.7569506,0.0,0.0,0.000677727997303009
1785290863.7580097,0.0,0.0,0.0006924480199813843
1785290863.759072,0.0,0.0,0.0006808000206947327
1785290863.7601428,0.0,0.0,0.0006767359972000122
1785290863.7611897,0.0,0.0,0.0006778240203857422
1785290863.7622352,0.0,0.0,0.0006797119975090026
1785290863.7640007,0.0,0.0,0.000754688024520874
1785290863.765098,0.0,0.0,0.0007067520022392273
1785290863.766162,0.0,0.0,0.0006878079771995545
1785290863.7672198,0.0,0.0,0.000692255973815918
1785290863.7682755,0.0,0.0,0.0006854720115661621
1785290863.769315,0.0,0.0,0.0006738560199737549
1785290863.7703414,0.0,0.0,0.0006606720089912414
1785290863.771403,0.0,0.0,0.000695904016494751
1785290863.7724352,0.0,0.0,0.0006694719791412354
1785290863.7734723,0.0,0.0,0.0006775360107421875
1785290863.7745047,0.0,0.0,0.0006671040058135986
1785290863.7755487,0.0,0.0,0.0006846719980239868
1785290863.77658,0.0,0.0,0.0006697599887847901
1785290863.7776124,0.0,0.0,0.0006707839965820313
1785290863.778651,0.0,0.0,0.000671455979347229
1785290863.7797146,0.0,0.0,0.0006933119893074035
1785290863.7807534,0.0,0.0,0.0006681600213050842
1785290863.7817848,0.0,0.0,0.0006639360189437866
1785290863.7828174,0.0,0.0,0.0006672959923744202
1785290863.7838733,0.0,0.0,0.0006733760237693787
1785290863.7849147,0.0,0.0,0.0006724479794502258
1785290863.78594,0.0,0.0,0.0006667519807815552
1785290863.7869728,0.0,0.0,0.000664896011352539
1785290863.788034,0.0,0.0,0.0006739519834518433
1785290863.7890618,0.0,0.0,0.0006626560091972351
1785290863.7900972,0.0,0.0,0.0006706560254096985
1785290863.7911441,0.0,0.0,0.0006843519806861878
1785290863.792177,0.0,0.0,0.0006722239851951599
1785290863.7932146,0.0,0.0,0.0006718080043792724
1785290863.7942386,0.0,0.0,0.0006643519997596741
1785290863.7952917,0.0,0.0,0.0006852480173110962
1785290863.7963307,0.0,0.0,0.000678879976272583
1785290863.7973573,0.0,0.0,0.0006638399958610535
1785290863.7983816,0.0,0.0,0.0006661760210990906
1785290863.7994225,0.0,0.0,0.0006846719980239868
1785290863.8004565,0.0,0.0,0.0006675840020179748
1785290863.801477,0.0,0.0,0.0006577919721603393
1785290863.8025095,0.0,0.0,0.000672320008277893
1785290863.8035772,0.0,0.0,0.0007024959921836853
1785290863.8046267,0.0,0.0,0.0006798400282859802
1785290863.8056557,0.0,0.0,0.0006620479822158814
1785290863.8066783,0.0,0.0,0.0006584640145301818
1785290863.8077376,0.0,0.0,0.0007005760073661804
1785290863.8087873,0.0,0.0,0.0006744319796562195
1785290863.8098142,0.0,0.0,0.0006665599942207337
1785290863.8108425,0.0,0.0,0.00066348797082901
1785290863.811893,0.0,0.0,0.0006695039868354798
1785290863.8129234,0.0,0.0,0.0006589760184288025
1785290863.813972,0.0,0.0,0.0006716799736022949
1785290863.8150241,0.0,0.0,0.0006864960193634033
1785290863.816114,0.0,0.0,0.0006975679993629455
1785290863.8171535,0.0,0.0,0.0006709439754486084
1785290863.818868,0.0,0.0,0.0013406720161437988
1785290863.8199863,0.0,0.0,0.0006984959840774536
1785290863.8210483,0.0,0.0,0.000687071979045868
1785290863.8221083,0.0,0.0,0.000686623990535736
1785290863.8231606,0.0,0.0,0.0006833279728889466
1785290863.8242211,0.0,0.0,0.0006818559765815735
1785290863.825261,0.0,0.0,0.0006793280243873596
1785290863.8263004,0.0,0.0,0.0006765440106391907
1785290863.8273563,0.0,0.0,0.0006918720006942749
1785290863.8284163,0.0,0.0,0.000687936007976532
1785290863.829468,0.0,0.0,0.0006844480037689209
1785290863.830499,0.0,0.0,0.0006628800034523011
1785290863.8315594,0.0,0.0,0.0006982719898223877
1785290863.8326173,0.0,0.0,0.0006837440133094788
1785290863.8336356,0.0,0.0,0.0006553279757499695
1785290863.834668,0.0,0.0,0.0006702399849891663
1785290863.8357148,0.0,0.0,0.0006845759749412537
1785290863.836739,0.0,0.0,0.0006577600240707397
1785290863.8377826,0.0,0.0,0.0006761279702186585
1785290863.838827,0.0,0.0,0.0006807039976119995
1785290863.8398786,0.0,0.0,0.0006752640008926391
1785290863.8409238,0.0,0.0,0.0006773759722709656
1785290863.8419738,0.0,0.0,0.0006860479712486267
1785290863.8429945,0.0,0.0,0.0006610879898071289
1785290863.8440654,0.0,0.0,0.0006876800060272217
1785290863.8451042,0.0,0.0,0.0006728960275650024
1785290863.8461316,0.0,0.0,0.0006670079827308655
1785290863.8471782,0.0,0.0,0.0006830400228500366
1785290863.8482091,0.0,0.0,0.0006679679751396179
1785290863.849245,0.0,0.0,0.0006719359755516052
1785290863.850275,0.0,0.0,0.0006681280136108398
1785290863.8513324,0.0,0.0,0.0006905599832534791
1785290863.852368,0.0,0.0,0.0006688640117645263
1785290863.853393,0.0,0.0,0.0006612799763679504
1785290863.8544366,0.0,0.0,0.0006794559955596923
1785290863.855498,0.0,0.0,0.0006986879706382752
1785290863.85654,0.0,0.0,0.0006814720034599304
1785290863.8575761,0.0,0.0,0.0006642559766769409
1785290863.8586106,0.0,0.0,0.0006728960275650024
1785290863.85967,0.0,0.0,0.0006937280297279358
1785290863.8606992,0.0,0.0,0.000666208028793335
1785290863.8617313,0.0,0.0,0.0006683200001716614
1785290863.8627672,0.0,0.0,0.0006767039895057679
1785290863.8638241,0.0,0.0,0.000674015998840332
1785290863.8648746,0.0,0.0,0.0006765440106391907
1785290863.8659105,0.0,0.0,0.0006648640036582946
1785290863.866943,0.0,0.0,0.0006685119867324829
1785290863.8680017,0.0,0.0,0.0006733440160751343
1785290863.8690643,0.0,0.0,0.0006949120163917542
1785290863.870121,0.0,0.0,0.0006802240014076233
1785290863.8711817,0.0,0.0,0.0006902080178260803
1785290863.8722377,0.0,0.0,0.0006883519887924194
1785290863.87394,0.0,0.0,0.001335487961769104
1785290863.8750427,0.0,0.0,0.0007095360159873963
1785290863.8761435,0.0,0.0,0.0007039999961853027
1785290863.8771873,0.0,0.0,0.0006757439970970153
1785290863.8782256,0.0,0.0,0.0006767359972000122
1785290863.8792746,0.0,0.0,0.0006840959787368775
1785290863.880329,0.0,0.0,0.0006897919774055481
1785290863.881356,0.0,0.0,0.0006656000018119813
1785290863.8823938,0.0,0.0,0.0006770880222320557
1785290863.8834739,0.0,0.0,0.0007181119918823242
1785290863.8845325,0.0,0.0,0.0006846399903297424
1785290863.8855627,0.0,0.0,0.0006653760075569152
1785290863.886593,0.0,0.0,0.0006690880060195922
1785290863.8876586,0.0,0.0,0.0007002559900283813
1785290863.8886976,0.0,0.0,0.0006709759831428528
1785290863.8897393,0.0,0.0,0.000679647982120514
1785290863.8907616,0.0,0.0,0.0006612480282783508
1785290863.891819,0.0,0.0,0.0006848639845848084
1785290863.8928459,0.0,0.0,0.0006590080261230469
1785290863.8938856,0.0,0.0,0.000676800012588501
1785290863.8949237,0.0,0.0,0.0006772480010986328
1785290863.8959973,0.0,0.0,0.0006794880032539367
1785290863.8970294,0.0,0.0,0.0006659200191497803
1785290863.8980584,0.0,0.0,0.0006645439863204956
1785290863.8991125,0.0,0.0,0.0006692479848861695
1785290863.9001625,0.0,0.0,0.0006846719980239868
1785290863.9012024,0.0,0.0,0.0006752640008926391
1785290863.90224,0.0,0.0,0.0006761279702186585
1785290863.903304,0.0,0.0,0.0007063040137290955
1785290863.904347,0.0,0.0,0.0006706240177154541
1785290863.9053776,0.0,0.0,0.0006687679886817932
1785290863.9064085,0.0,0.0,0.000674560010433197
1785290863.9074547,0.0,0.0,0.0006881279945373535
1785290863.9085004,0.0,0.0,0.000678816020488739
1785290863.909544,0.0,0.0,0.0006744319796562195
1785290863.9105542,0.0,0.0,0.0006509119868278503
1785290863.9116044,0.0,0.0,0.0006960319876670837
1785290863.9126382,0.0,0.0,0.0006684799790382385
1785290863.9136727,0.0,0.0,0.000674560010433197
1785290863.914712,0.0,0.0,0.0006779839992523193
1785290863.915772,0.0,0.0,0.0006922879815101624
1785290863.9167926,0.0,0.0,0.0006584640145301818
1785290863.917817,0.0,0.0,0.0006671680212020874
1785290863.9188437,0.0,0.0,0.0006649919748306274
1785290863.9198909,0.0,0.0,0.0006743040084838867
1785290863.9209104,0.0,0.0,0.000660863995552063
1785290863.9219375,0.0,0.0,0.0006682559847831726
1785290863.9229584,0.0,0.0,0.0006609920263290405
1785290863.924035,0.0,0.0,0.0006887040138244629
1785290863.9250774,0.0,0.0,0.000678816020488739
1785290863.9261189,0.0,0.0,0.0006777600049972534
1785290863.9271839,0.0,0.0,0.000696832001209259
1785290863.9288712,0.0,0.0,0.001313599944114685
1785290863.929997,0.0,0.0,0.0007201600074768067
1785290863.931061,0.0,0.0,0.0006893439888954162
1785290863.9321313,0.0,0.0,0.0006808639764785767
1785290863.9331737,0.0,0.0,0.0006778560280799866
1785290863.9342277,0.0,0.0,0.0006844800114631653
1785290863.9352894,0.0,0.0,0.0006951040029525757
1785290863.9363241,0.0,0.0,0.000667136013507843
1785290863.9373553,0.0,0.0,0.0006672959923744202
1785290863.9383824,0.0,0.0,0.0006658560037612915
1785290863.9394233,0.0,0.0,0.0006801599860191346
1785290863.940481,0.0,0.0,0.0006852160096168518
1785290863.9415042,0.0,0.0,0.0006579200029373169
1785290863.9425383,0.0,0.0,0.0006693440079689025
1785290863.9436092,0.0,0.0,0.0007028800249099732
1785290863.9446352,0.0,0.0,0.0006605439782142639
1785290863.9456568,0.0,0.0,0.0006662399768829346
1785290863.9466863,0.0,0.0,0.0006652799844741821
1785290863.947742,0.0,0.0,0.0006922240257263184
1785290863.9487846,0.0,0.0,0.0006770880222320557
1785290863.9498148,0.0,0.0,0.0006637120246887207
1785290863.950855,0.0,0.0,0.000677344024181366
1785290863.9519062,0.0,0.0,0.0006714239716529846
1785290863.9529397,0.0,0.0,0.0006665920019149781
1785290863.9539711,0.0,0.0,0.0006685760021209716
1785290863.9549937,0.0,0.0,0.000661791980266571
1785290863.9560437,0.0,0.0,0.0006749759912490845
1785290863.9570715,0.0,0.0,0.0006649600267410278
1785290863.958106,0.0,0.0,0.0006719040274620056
1785290863.9591525,0.0,0.0,0.0006802880167961121
1785290863.9601943,0.0,0.0,0.000667743980884552
1785290863.961232,0.0,0.0,0.00067740797996521
1785290863.9622676,0.0,0.0,0.000670527994632721
1785290863.9633336,0.0,0.0,0.0007006719708442688
1785290863.9643729,0.0,0.0,0.0006736000180244446
1785290863.9654071,0.0,0.0,0.0006677759885787964
1785290863.9664435,0.0,0.0,0.0006728960275650024
1785290863.9675024,0.0,0.0,0.0006976959705352784
1785290863.9685304,0.0,0.0,0.0006674240231513977
1785290863.9695535,0.0,0.0,0.0006626240015029908
1785290863.9705963,0.0,0.0,0.0006752960085868835
1785290863.9716496,0.0,0.0,0.0006937599778175354
1785290863.9726946,0.0,0.0,0.0006739199757575989
1785290863.9737344,0.0,0.0,0.0006673920154571533
1785290863.9748626,0.0,0.0,0.0006737920045852661
1785290863.9759314,0.0,0.0,0.0006833279728889466
1785290863.9769697,0.0,0.0,0.0006691840291023254
1785290863.9780064,0.0,0.0,0.0006717759966850281
1785290863.9790494,0.0,0.0,0.000679199993610382
1785290863.9801283,0.0,0.0,0.0006826879978179931
1785290863.9811764,0.0,0.0,0.0006757760047912597
1785290863.9822185,0.0,0.0,0.0006739519834518433
1785290863.9832828,0.0,0.0,0.0006939839720726014
1785290863.984986,0.0,0.0,0.0007298560142517089
1785290863.9860802,0.0,0.0,0.0007131839990615845
1785290863.987163,0.0,0.0,0.0007071040272712707
1785290863.988218,0.0,0.0,0.0006802880167961121
1785290863.989252,0.0,0.0,0.0006683520078659057
1785290863.9902866,0.0,0.0,0.0006711040139198303
1785290863.9913409,0.0,0.0,0.0006902719736099243
1785290863.9923873,0.0,0.0,0.0006824960112571716
1785290863.9934323,0.0,0.0,0.0006855999827384949
1785290863.9944682,0.0,0.0,0.0006667199730873108
1785290863.9955063,0.0,0.0,0.0006760960221290588
1785290863.9965413,0.0,0.0,0.0006725119948387146
1785290863.9975731,0.0,0.0,0.0006693440079689025
1785290863.9985936,0.0,0.0,0.0006609920263290405
1785290863.9996436,0.0,0.0,0.0006841599941253662
1785290864.0006742,0.0,0.0,0.0006671040058135986
1785290864.0017192,0.0,0.0,0.0006755840182304382
1785290864.0027468,0.0,0.0,0.0006662399768829346
1785290864.0038257,0.0,0.0,0.0006902400255203247
1785290864.0048568,0.0,0.0,0.0006624959707260132
1785290864.005901,0.0,0.0,0.0006726719737052918
1785290864.00695,0.0,0.0,0.0006826239824295044
1785290864.0080163,0.0,0.0,0.0006798400282859802
1785290864.0090623,0.0,0.0,0.0006738560199737549
1785290864.0101082,0.0,0.0,0.0006746559739112854
1785290864.0111575,0.0,0.0,0.0006824960112571716
1785290864.0122042,0.0,0.0,0.0006849600076675415
1785290864.013241,0.0,0.0,0.0006743680238723755
1785290864.0142708,0.0,0.0,0.0006637759804725647
1785290864.0153193,0.0,0.0,0.0006921280026435852
1785290864.0163448,0.0,0.0,0.0006639360189437866
1785290864.0173721,0.0,0.0,0.0006656960248947143
1785290864.0183992,0.0,0.0,0.0006639999747276306
1785290864.019447,0.0,0.0,0.0006830080151557922
1785290864.0204787,0.0,0.0,0.0006702399849891663
1785290864.0215075,0.0,0.0,0.000662559986114502
1785290864.02254,0.0,0.0,0.0006650879979133606
1785290864.023588,0.0,0.0,0.0006904000043869018
1785290864.0246298,0.0,0.0,0.0006774719953536987
1785290864.0256581,0.0,0.0,0.0006625279784202576
1785290864.0266917,0.0,0.0,0.0006665920019149781
1785290864.0277467,0.0,0.0,0.0006943680047988892
1785290864.0287898,0.0,0.0,0.0006711999773979187
1785290864.0298228,0.0,0.0,0.0006697599887847901
1785290864.030851,0.0,0.0,0.0006656960248947143
1785290864.0319011,0.0,0.0,0.0006667519807815552
1785290864.032938,0.0,0.0,0.000669983983039856
1785290864.0339887,0.0,0.0,0.0006793919801712036
1785290864.0350525,0.0,0.0,0.0006865919828414917
1785290864.0361302,0.0,0.0,0.0006906880140304565
1785290864.0371768,0.0,0.0,0.0006797119975090026
1785290864.0382366,0.0,0.0,0.000692192018032074
1785290864.0399346,0.0,0.0,0.0013282879590988158
1785290864.0410295,0.0,0.0,0.000695967972278595
1785290864.0420854,0.0,0.0,0.0006806079745292664
1785290864.043151,0.0,0.0,0.0006967039704322815
1785290864.0442002,0.0,0.0,0.0006805760264396668
1785290864.0452378,0.0,0.0,0.0006719679832458496
1785290864.046265,0.0,0.0,0.0006628800034523011
1785290864.047325,0.0,0.0,0.0006939839720726014
1785290864.0483587,0.0,0.0,0.0006679679751396179
1785290864.04939,0.0,0.0,0.00066348797082901
1785290864.0504243,0.0,0.0,0.0006706560254096985
1785290864.0514846,0.0,0.0,0.0007062720060348511
1785290864.0525331,0.0,0.0,0.0006750720143318176
1785290864.053573,0.0,0.0,0.0006741759777069092
1785290864.054607,0.0,0.0,0.0006756479740142822
1785290864.055668,0.0,0.0,0.0006930239796638489
1785290864.0567095,0.0,0.0,0.0006722239851951599
1785290864.057732,0.0,0.0,0.0006621440052986146
1785290864.058761,0.0,0.0,0.0006663680076599121
1785290864.0598235,0.0,0.0,0.0006796799898147584
1785290864.0608442,0.0,0.0,0.0006563839912414551
1785290864.061868,0.0,0.0,0.0006614720225334167
1785290864.0629416,0.0,0.0,0.0007079359889030456
1785290864.0640464,0.0,0.0,0.0006950719952583313
1785290864.065111,0.0,0.0,0.000690720021724701
1785290864.0661378,0.0,0.0,0.0006638720035552979
1785290864.0671957,0.0,0.0,0.0006908159852027893
1785290864.068238,0.0,0.0,0.0006768640279769898
1785290864.0692637,0.0,0.0,0.0006639360189437866
1785290864.0702891,0.0,0.0,0.000660863995552063
1785290864.071342,0.0,0.0,0.0006875839829444886
1785290864.072379,0.0,0.0,0.0006731520295143128
1785290864.0734017,0.0,0.0,0.0006619520187377929
1785290864.0744364,0.0,0.0,0.0006738880276679993
1785290864.0754986,0.0,0.0,0.0006926720142364502
1785290864.0765333,0.0,0.0,0.0006698560118675232
1785290864.0775712,0.0,0.0,0.0006715199947357178
1785290864.0786228,0.0,0.0,0.0006859520077705383
1785290864.0796769,0.0,0.0,0.0006918079853057861
1785290864.0807168,0.0,0.0,0.0006710079908370972
1785290864.081745,0.0,0.0,0.0006629440188407898
1785290864.0827804,0.0,0.0,0.0006687359809875488
1785290864.0838292,0.0,0.0,0.0006718720197677612
1785290864.0848525,0.0,0.0,0.0006536960005760193
1785290864.085893,0.0,0.0,0.0006729279756546021
1785290864.0869253,0.0,0.0,0.0006673920154571533
1785290864.0879653,0.0,0.0,0.0006577600240707397
1785290864.088996,0.0,0.0,0.0006715199947357178
1785290864.0900402,0.0,0.0,0.0006734719872474671
1785290864.0911124,0.0,0.0,0.000686784029006958
1785290864.0921652,0.0,0.0,0.0006758400201797485
1785290864.0932095,0.0,0.0,0.0006761279702186585
1785290864.0948932,0.0,0.0,0.0013195199966430664
1785290864.096014,0.0,0.0,0.0007059199810028076
1785290864.0970578,0.0,0.0,0.0006776639819145203
1785290864.0980911,0.0,0.0,0.0006720319986343383
1785290864.099149,0.0,0.0,0.0006903679966926574
1785290864.1001973,0.0,0.0,0.0006660479903221131
1785290864.1012414,0.0,0.0,0.0006725760102272033
1785290864.102274,0.0,0.0,0.0006679679751396179
1785290864.1033309,0.0,0.0,0.0006934400200843811
1785290864.1043668,0.0,0.0,0.0006687679886817932
1785290864.1054013,0.0,0.0,0.0006711360216140747
1785290864.1064408,0.0,0.0,0.000674560010433197
1785290864.1074924,0.0,0.0,0.0006877120137214661
1785290864.1085262,0.0,0.0,0.000673088014125824
1785290864.1095588,0.0,0.0,0.0006706879734992981
1785290864.110586,0.0,0.0,0.0006617599725723266
1785290864.1116583,0.0,0.0,0.0007003200054168701
1785290864.112702,0.0,0.0,0.0006709759831428528
1785290864.1137426,0.0,0.0,0.0006800000071525573
1785290864.1147814,0.0,0.0,0.0006697279810905457
1785290864.115846,0.0,0.0,0.0006769919991493225
1785290864.1168816,0.0,0.0,0.0006718400120735168
1785290864.117912,0.0,0.0,0.0006714879870414734
1785290864.118948,0.0,0.0,0.0006747840046882629
1785290864.1200333,0.0,0.0,0.0006912959814071656
1785290864.1210542,0.0,0.0,0.0006569280028343201
1785290864.1220741,0.0,0.0,0.000656063973903656
1785290864.1231208,0.0,0.0,0.0006715840101242065
1785290864.1241574,0.0,0.0,0.0006711999773979187
1785290864.1251922,0.0,0.0,0.0006647040247917175
1785290864.1262202,0.0,0.0,0.0006642240285873413
1785290864.1272786,0.0,0.0,0.0006945279836654663
1785290864.1283054,0.0,0.0,0.0006577919721603393
1785290864.1293259,0.0,0.0,0.0006583999991416932
1785290864.1303535,0.0,0.0,0.0006692479848861695
1785290864.131402,0.0,0.0,0.0006864320039749145
1785290864.1324303,0.0,0.0,0.0006674240231513977
1785290864.1334548,0.0,0.0,0.0006633920073509216
1785290864.1344807,0.0,0.0,0.0006620799899101258
1785290864.1355412,0.0,0.0,0.0006953920125961304
1785290864.1365836,0.0,0.0,0.0006734399795532227
1785290864.1376302,0.0,0.0,0.0006798719763755799
1785290864.1386604,0.0,0.0,0.000668608009815216
1785290864.139724,0.0,0.0,0.0006965759992599487
1785290864.1407626,0.0,0.0,0.0006692799925804139
1785290864.1418018,0.0,0.0,0.0006778879761695862
1785290864.142841,0.0,0.0,0.0006728960275650024
1785290864.1438854,0.0,0.0,0.0006627839803695679
1785290864.1449394,0.0,0.0,0.0006848000288009644
1785290864.1459785,0.0,0.0,0.0006675840020179748
1785290864.1470096,0.0,0.0,0.0006681600213050842
1785290864.148066,0.0,0.0,0.0006747840046882629
1785290864.149122,0.0,0.0,0.0006810879707336426
1785290864.1508808,0.0,0.0,0.0007292799949645996
1785290864.1519687,0.0,0.0,0.000694815993309021
1785290864.1530192,0.0,0.0,0.0006872959733009339
1785290864.1540644,0.0,0.0,0.0006820799708366394
1785290864.1550825,0.0,0.0,0.0006622719764709473
1785290864.1561682,0.0,0.0,0.0006918079853057861
1785290864.1572137,0.0,0.0,0.0006861119866371155
1785290864.158253,0.0,0.0,0.0006767680048942566
1785290864.1593223,0.0,0.0,0.0006998400092124939
1785290864.160356,0.0,0.0,0.0006683200001716614
1785290864.1613889,0.0,0.0,0.0006674559712409973
1785290864.1624203,0.0,0.0,0.0006680639982223511
1785290864.1634767,0.0,0.0,0.0006965439915657043
1785290864.1645122,0.0,0.0,0.0006721280217170715
1785290864.1655338,0.0,0.0,0.0006631360054016113
1785290864.166563,0.0,0.0,0.0006665599942207337
1785290864.1676152,0.0,0.0,0.0006950079798698426
1785290864.1686676,0.0,0.0,0.0006868799924850463
1785290864.169715,0.0,0.0,0.0006784319877624512
1785290864.1707487,0.0,0.0,0.0006717759966850281
1785290864.1718123,0.0,0.0,0.0006822400093078613
1785290864.1728358,0.0,0.0,0.0006600000262260437
1785290864.173878,0.0,0.0,0.0006775360107421875
1785290864.1749127,0.0,0.0,0.0006696640253067017
1785290864.1759748,0.0,0.0,0.0006773759722709656
1785290864.1770108,0.0,0.0,0.0006718080043792724
1785290864.1780427,0.0,0.0,0.0006642559766769409
1785290864.179068,0.0,0.0,0.000660863995552063
1785290864.1801329,0.0,0.0,0.0006737920045852661
1785290864.18116,0.0,0.0,0.0006656320095062255
1785290864.1821957,0.0,0.0,0.0006680960059165954
1785290864.183246,0.0,0.0,0.0006864320039749145
1785290864.1842782,0.0,0.0,0.0006668480038642883
1785290864.1853006,0.0,0.0,0.0006638399958610535
1785290864.1863225,0.0,0.0,0.0006649280190467834
1785290864.1873817,0.0,0.0,0.0006969280242919922
1785290864.1884196,0.0,0.0,0.0006742720007896423
1785290864.1894467,0.0,0.0,0.0006658880114555359
1785290864.190474,0.0,0.0,0.000667743980884552
1785290864.1915255,0.0,0.0,0.0006881279945373535
1785290864.1925666,0.0,0.0,0.0006726080179214477
1785290864.1935937,0.0,0.0,0.0006684479713439941
1785290864.194628,0.0,0.0,0.0006746559739112854
1785290864.1956801,0.0,0.0,0.0006847360134124756
1785290864.1967237,0.0,0.0,0.0006814720034599304
1785290864.1977723,0.0,0.0,0.0006796799898147584
1785290864.1988208,0.0,0.0,0.0006809920072555542
1785290864.1998947,0.0,0.0,0.0006887999773025513
1785290864.2009473,0.0,0.0,0.0006770560145378113
1785290864.2020016,0.0,0.0,0.0006839359998703003
1785290864.2030523,0.0,0.0,0.0006810240149497986
1785290864.204136,0.0,0.0,0.0006924160122871399
1785290864.2058403,0.0,0.0,0.0007128639817237854
1785290864.2068856,0.0,0.0,0.0006718400120735168
1785290864.2079644,0.0,0.0,0.000682528018951416
1785290864.2090168,0.0,0.0,0.0006843519806861878
1785290864.2100391,0.0,0.0,0.0006549440026283265
1785290864.21107,0.0,0.0,0.0006673280000686646
1785290864.212139,0.0,0.0,0.0006775040030479431
1785290864.213183,0.0,0.0,0.0006800000071525573
1785290864.214212,0.0,0.0,0.0006663359999656678
1785290864.2152674,0.0,0.0,0.0006887680292129517
1785290864.2163181,0.0,0.0,0.000681439995765686
1785290864.2173557,0.0,0.0,0.0006744319796562195
1785290864.2183995,0.0,0.0,0.0006817280054092407
1785290864.2194564,0.0,0.0,0.0006892480254173279
1785290864.2204897,0.0,0.0,0.0006641920208930969
1785290864.2215388,0.0,0.0,0.0006815360188484192
1785290864.2225604,0.0,0.0,0.0006548479795455933
1785290864.2236178,0.0,0.0,0.0006909760236740113
1785290864.2246416,0.0,0.0,0.0006626880168914795
1785290864.2256765,0.0,0.0,0.000670527994632721
1785290864.2267013,0.0,0.0,0.000666271984577179
1785290864.2277741,0.0,0.0,0.0007058879733085632
1785290864.228822,0.0,0.0,0.0006759359836578369
1785290864.2298574,0.0,0.0,0.0006720319986343383
1785290864.2308905,0.0,0.0,0.0006649600267410278
1785290864.231958,0.0,0.0,0.0006834880113601684
1785290864.2329984,0.0,0.0,0.0006762880086898803
1785290864.2340364,0.0,0.0,0.0006720960140228271
1785290864.2350752,0.0,0.0,0.0006737920045852661
1785290864.2361329,0.0,0.0,0.0006717119812965393
1785290864.2371652,0.0,0.0,0.0006658560037612915
1785290864.2381961,0.0,0.0,0.0006700159907341004
1785290864.2392595,0.0,0.0,0.0006897600293159485
1785290864.2402964,0.0,0.0,0.0006733120083808899
1785290864.2413287,0.0,0.0,0.0006612160205841064
1785290864.242364,0.0,0.0,0.0006704319715499878
1785290864.2434127,0.0,0.0,0.0006838719844818116
1785290864.2444565,0.0,0.0,0.0006741759777069092
1785290864.2454865,0.0,0.0,0.0006667199730873108
1785290864.2465277,0.0,0.0,0.0006734399795532227
1785290864.247593,0.0,0.0,0.0006937280297279358
1785290864.2486324,0.0,0.0,0.0006730239987373352
1785290864.249655,0.0,0.0,0.000658079981803894
1785290864.2506957,0.0,0.0,0.0006719359755516052
1785290864.2517595,0.0,0.0,0.0006989439725875855
1785290864.2527988,0.0,0.0,0.0006680960059165954
1785290864.2538319,0.0,0.0,0.0006728960275650024
1785290864.254869,0.0,0.0,0.0006759679913520813
1785290864.2559514,0.0,0.0,0.0006805760264396668
1785290864.2569966,0.0,0.0,0.0006737920045852661
1785290864.2580364,0.0,0.0,0.0006718400120735168
1785290864.2590842,0.0,0.0,0.0006761599779129029
1785290864.260781,0.0,0.0,0.0013054720163345338
1785290864.26185,0.0,0.0,0.00068476802110672
1785290864.2629013,0.0,0.0,0.0006808959841728211
1785290864.2639685,0.0,0.0,0.00068367999792099
1785290864.2650027,0.0,0.0,0.0006699519753456116
1785290864.2660334,0.0,0.0,0.0006702399849891663
1785290864.2670803,0.0,0.0,0.000677344024181366
1785290864.2681398,0.0,0.0,0.0006713600158691406
1785290864.2691746,0.0,0.0,0.0006765440106391907
1785290864.2702186,0.0,0.0,0.000676800012588501
1785290864.2712874,0.0,0.0,0.0007003520131111145
1785290864.272332,0.0,0.0,0.0006744639873504639
1785290864.2733886,0.0,0.0,0.0006895679831504822
1785290864.2744374,0.0,0.0,0.0006860160231590271
1785290864.2755005,0.0,0.0,0.0007008640170097351
1785290864.2765427,0.0,0.0,0.0006767680048942566
1785290864.2775903,0.0,0.0,0.0006813120245933533
1785290864.2786465,0.0,0.0,0.0006865919828414917
1785290864.2797127,0.0,0.0,0.0007018880248069764
1785290864.280751,0.0,0.0,0.0006728000044822692
1785290864.2817998,0.0,0.0,0.0006823359727859497
1785290864.282844,0.0,0.0,0.0006735680103302002
1785290864.2838926,0.0,0.0,0.0006677759885787964
1785290864.2849288,0.0,0.0,0.0006761599779129029
1785290864.2859733,0.0,0.0,0.0006771519780158997
1785290864.2870002,0.0,0.0,0.0006677119731903076
1785290864.2880628,0.0,0.0,0.0006704319715499878
1785290864.2890937,0.0,0.0,0.0006663359999656678
1785290864.2901301,0.0,0.0,0.000677727997303009
1785290864.291192,0.0,0.0,0.0006943359971046448
1785290864.2922318,0.0,0.0,0.000672320008277893
1785290864.2932642,0.0,0.0,0.0006679360270500183
1785290864.2942982,0.0,0.0,0.0006718400120735168
1785290864.2953646,0.0,0.0,0.000698144018650055
1785290864.2963858,0.0,0.0,0.0006585919857025147
1785290864.297412,0.0,0.0,0.0006616960167884826
1785290864.2984467,0.0,0.0,0.0006740480065345764
1785290864.299512,0.0,0.0,0.0007011520266532898
1785290864.3005483,0.0,0.0,0.0006654080152511596
1785290864.3015795,0.0,0.0,0.0006627839803695679
1785290864.3026278,0.0,0.0,0.0006859840154647827
1785290864.3037007,0.0,0.0,0.000701919972896576
1785290864.3047583,0.0,0.0,0.0006908159852027893
1785290864.3057904,0.0,0.0,0.0006718400120735168
1785290864.3068278,0.0,0.0,0.0006700800061225891
1785290864.3078945,0.0,0.0,0.000680512011051178
1785290864.3089485,0.0,0.0,0.0006937280297279358
1785290864.3099885,0.0,0.0,0.0006769279837608338
1785290864.311044,0.0,0.0,0.0006809920072555542
1785290864.3121207,0.0,0.0,0.0006886399984359741
1785290864.313175,0.0,0.0,0.0006849920153617859
1785290864.3142385,0.0,0.0,0.0006863359808921814
1785290864.315948,0.0,0.0,0.0013351999521255492
1785290864.3170452,0.0,0.0,0.0007030400037765503
1785290864.3181012,0.0,0.0,0.0006895999908447265
1785290864.3191614,0.0,0.0,0.0006880959868431091
1785290864.3202193,0.0,0.0,0.0006860160231590271
1785290864.3212545,0.0,0.0,0.0006696640253067017
1785290864.3223016,0.0,0.0,0.000677951991558075
1785290864.3233654,0.0,0.0,0.0006949120163917542
1785290864.3244119,0.0,0.0,0.0006742079854011536
1785290864.3254404,0.0,0.0,0.00066457599401474
1785290864.3264923,0.0,0.0,0.0006843839883804322
1785290864.3275673,0.0,0.0,0.0007158399820327759
1785290864.3286057,0.0,0.0,0.0006725760102272033
1785290864.32963,0.0,0.0,0.0006610239744186401
1785290864.3307693,0.0,0.0,0.0006883199810981751
1785290864.3318255,0.0,0.0,0.0006737920045852661
1785290864.3328545,0.0,0.0,0.0006636160016059876
1785290864.3338952,0.0,0.0,0.0006752640008926391
1785290864.3349204,0.0,0.0,0.0006638720035552979
1785290864.335997,0.0,0.0,0.0006935999989509582
1785290864.3370368,0.0,0.0,0.0006711360216140747
1785290864.338073,0.0,0.0,0.0006712960004806518
1785290864.3391197,0.0,0.0,0.0006648319959640503
1785290864.3401492,0.0,0.0,0.0006611199975013733
1785290864.3412344,0.0,0.0,0.0006661760210990906
1785290864.3422756,0.0,0.0,0.0006762560009956359
1785290864.3433342,0.0,0.0,0.0006982719898223877
1785290864.344373,0.0,0.0,0.000675104022026062
1785290864.345405,0.0,0.0,0.0006654080152511596
1785290864.3464348,0.0,0.0,0.0006705600023269653
1785290864.3474839,0.0,0.0,0.000682528018951416
1785290864.3485224,0.0,0.0,0.0006679679751396179
1785290864.349561,0.0,0.0,0.0006724799871444702
1785290864.3506024,0.0,0.0,0.000674239993095398
1785290864.3516583,0.0,0.0,0.0006950719952583313
1785290864.3526952,0.0,0.0,0.0006663039922714234
1785290864.3537195,0.0,0.0,0.0006612799763679504
1785290864.3547502,0.0,0.0,0.0006684799790382385
1785290864.355801,0.0,0.0,0.000671999990940094
1785290864.3568363,0.0,0.0,0.0006665920019149781
1785290864.357876,0.0,0.0,0.0006768640279769898
1785290864.3589187,0.0,0.0,0.000674560010433197
1785290864.3599706,0.0,0.0,0.0006629760265350342
1785290864.361019,0.0,0.0,0.0006801279783248902
1785290864.3620641,0.0,0.0,0.0006836159825325013
1785290864.3631089,0.0,0.0,0.0006687039732933044
1785290864.3641481,0.0,0.0,0.00066457599401474
1785290864.3651793,0.0,0.0,0.0006687999963760376
1785290864.3662267,0.0,0.0,0.0006746559739112854
1785290864.367295,0.0,0.0,0.000699616014957428
1785290864.368343,0.0,0.0,0.0006789119839668274
1785290864.3693862,0.0,0.0,0.0006736000180244446
1785290864.371003,0.0,0.0,0.0012415679693222046
1785290864.3721159,0.0,0.0,0.0006891199946403503
1785290864.373197,0.0,0.0,0.0007020800113677979
1785290864.374241,0.0,0.0,0.0006708160042762756
1785290864.3753104,0.0,0.0,0.0007025920152664185
1785290864.376367,0.0,0.0,0.0006872959733009339
1785290864.377422,0.0,0.0,0.0006870399713516236
1785290864.3784707,0.0,0.0,0.0006823359727859497
1785290864.3795462,0.0,0.0,0.0007001280188560486
1785290864.380599,0.0,0.0,0.0006758400201797485
1785290864.3816335,0.0,0.0,0.0006700479984283448
1785290864.3826659,0.0,0.0,0.0006652479767799377
1785290864.3837414,0.0,0.0,0.0007075520157814026
1785290864.3847866,0.0,0.0,0.0006734079718589783
1785290864.3858216,0.0,0.0,0.0006688640117645263
1785290864.386857,0.0,0.0,0.0006685439944267273
1785290864.3879075,0.0,0.0,0.0006682239770889282
1785290864.3889642,0.0,0.0,0.0006884160041809082
1785290864.3899918,0.0,0.0,0.000663424015045166
1785290864.3910165,0.0,0.0,0.000663103997707367
1785290864.3920777,0.0,0.0,0.0006743360161781311
1785290864.3931046,0.0,0.0,0.0006595519781112671
1785290864.3941321,0.0,0.0,0.000664031982421875
1785290864.395182,0.0,0.0,0.0006854079961776733
1785290864.396225,0.0,0.0,0.0006763839721679688
1785290864.3972673,0.0,0.0,0.0006752960085868835
1785290864.3983166,0.0,0.0,0.000685151994228363
1785290864.3993697,0.0,0.0,0.0006900479793548584
1785290864.4003944,0.0,0.0,0.0006596800088882446
1785290864.4014184,0.0,0.0,0.0006593279838562012
1785290864.4024525,0.0,0.0,0.0006763200163841247
1785290864.4035225,0.0,0.0,0.0006998720169067383
1785290864.404563,0.0,0.0,0.0006707199811935425
1785290864.4055853,0.0,0.0,0.0006560959815979004
1785290864.4066393,0.0,0.0,0.0006880319714546204
1785290864.4076986,0.0,0.0,0.0006947839856147766
1785290864.4087267,0.0,0.0,0.0006614720225334167
1785290864.4097576,0.0,0.0,0.0006656640172004699
1785290864.410792,0.0,0.0,0.0006716799736022949
1785290864.4118416,0.0,0.0,0.000668608009815216
1785290864.4128773,0.0,0.0,0.0006672000288963318
1785290864.413919,0.0,0.0,0.0006799039840698243
1785290864.414938,0.0,0.0,0.0006545280218124389
1785290864.415997,0.0,0.0,0.0006737599968910217
1785290864.4170365,0.0,0.0,0.000669152021408081
1785290864.4180853,0.0,0.0,0.0006860479712486267
1785290864.4191344,0.0,0.0,0.0006835520267486572
1785290864.4201825,0.0,0.0,0.0006792960166931152
1785290864.4212396,0.0,0.0,0.0006862080097198486
1785290864.4222908,0.0,0.0,0.0006780480146408081
1785290864.4233677,0.0,0.0,0.0007091839909553528
1785290864.4244168,0.0,0.0,0.0006813120245933533
1785290864.426117,0.0,0.0,0.0013267199993133546
1785290864.4272056,0.0,0.0,0.0006988480091094971
1785290864.4282677,0.0,0.0,0.0006926720142364502
1785290864.4293058,0.0,0.0,0.0006702079772949219
1785290864.4303453,0.0,0.0,0.000671392023563385
1785290864.4313955,0.0,0.0,0.0006891199946403503
1785290864.432434,0.0,0.0,0.0006690239906311036
1785290864.433464,0.0,0.0,0.0006680639982223511
1785290864.434494,0.0,0.0,0.0006616640090942382
1785290864.4355466,0.0,0.0,0.0006894720196723938
1785290864.4365845,0.0,0.0,0.0006733120083808899
1785290864.4376113,0.0,0.0,0.0006667199730873108
1785290864.4386442,0.0,0.0,0.0006712639927864075
1785290864.4397082,0.0,0.0,0.000698527991771698
1785290864.4407673,0.0,0.0,0.0006924800276756287
1785290864.4418085,0.0,0.0,0.0006749759912490845
1785290864.4428413,0.0,0.0,0.0006695039868354798
1785290864.4438932,0.0,0.0,0.000672864019870758
1785290864.44493,0.0,0.0,0.0006706560254096985
1785290864.4459527,0.0,0.0,0.000663103997707367
1785290864.4469886,0.0,0.0,0.0006751999855041504
1785290864.4480453,0.0,0.0,0.000676800012588501
1785290864.44909,0.0,0.0,0.0006728000044822692
1785290864.4501407,0.0,0.0,0.0006818559765815735
1785290864.4511936,0.0,0.0,0.0006922240257263184
1785290864.452233,0.0,0.0,0.0006775040030479431
1785290864.453273,0.0,0.0,0.0006815360188484192
1785290864.454304,0.0,0.0,0.0006706879734992981
1785290864.455355,0.0,0.0,0.000689408004283905
1785290864.4563963,0.0,0.0,0.0006726400256156921
1785290864.4574373,0.0,0.0,0.0006753919720649719
1785290864.4584675,0.0,0.0,0.0006669759750366211
1785290864.4595456,0.0,0.0,0.0007085760235786439
1785290864.4605858,0.0,0.0,0.0006738240122795105
1785290864.4616206,0.0,0.0,0.0006695039868354798
1785290864.4626575,0.0,0.0,0.0006760640144348144
1785290864.463719,0.0,0.0,0.0006996480226516724
1785290864.4647546,0.0,0.0,0.0006704639792442322
1785290864.4657924,0.0,0.0,0.0006747840046882629
1785290864.4668167,0.0,0.0,0.0006629760265350342
1785290864.467879,0.0,0.0,0.0006759039759635925
1785290864.46892,0.0,0.0,0.0006783999800682068
1785290864.469956,0.0,0.0,0.0006717759966850281
1785290864.4709804,0.0,0.0,0.0006619840264320373
1785290864.4720333,0.0,0.0,0.0006711360216140747
1785290864.4730625,0.0,0.0,0.0006660479903221131
1785290864.4740996,0.0,0.0,0.0006746879816055298
1785290864.475157,0.0,0.0,0.0006947199702262879
1785290864.4762123,0.0,0.0,0.0006892160177230835
1785290864.4772682,0.0,0.0,0.0006806079745292664
1785290864.4783185,0.0,0.0,0.0006853119730949402
1785290864.4794085,0.0,0.0,0.0007203519940376282
1785290864.4810824,0.0,0.0,0.0006858239769935608
1785290864.482209,0.0,0.0,0.0007165120244026184
1785290864.483295,0.0,0.0,0.0007134079933166504
1785290864.4843504,0.0,0.0,0.0006827200055122375
1785290864.4853842,0.0,0.0,0.0006669759750366211
1785290864.4864318,0.0,0.0,0.0006811519861221314
1785290864.4874997,0.0,0.0,0.0007005760073661804
1785290864.4885454,0.0,0.0,0.0006774719953536987
1785290864.4895906,0.0,0.0,0.0006752960085868835
1785290864.4906275,0.0,0.0,0.0006760640144348144
1785290864.491692,0.0,0.0,0.0007022719979286194
1785290864.4927301,0.0,0.0,0.0006741440296173096
1785290864.4937723,0.0,0.0,0.0006803519725799561
1785290864.494812,0.0,0.0,0.0006788480281829834
1785290864.4958882,0.0,0.0,0.0006885120272636414
1785290864.4969282,0.0,0.0,0.0006728000044822692
1785290864.4979575,0.0,0.0,0.000671999990940094
1785290864.4989872,0.0,0.0,0.0006687039732933044
1785290864.5000494,0.0,0.0,0.0006756799817085266
1785290864.501086,0.0,0.0,0.000670304000377655
1785290864.5021262,0.0,0.0,0.0006765120029449463
1785290864.503178,0.0,0.0,0.0006885759830474854
1785290864.504207,0.0,0.0,0.000661728024482727
1785290864.5052528,0.0,0.0,0.000677344024181366
1785290864.506279,0.0,0.0,0.0006660479903221131
1785290864.507327,0.0,0.0,0.0006857920289039612
1785290864.5083764,0.0,0.0,0.0006815360188484192
1785290864.5094101,0.0,0.0,0.0006695680022239685
1785290864.510441,0.0,0.0,0.0006629760265350342
1785290864.5114946,0.0,0.0,0.0006920319795608521
1785290864.512534,0.0,0.0,0.0006755840182304382
1785290864.5135658,0.0,0.0,0.0006698240041732788
1785290864.5145965,0.0,0.0,0.00067084801197052
1785290864.5156562,0.0,0.0,0.000697983980178833
1785290864.5166879,0.0,0.0,0.0006679679751396179
1785290864.5177212,0.0,0.0,0.0006722239851951599
1785290864.5187457,0.0,0.0,0.0006639999747276306
1785290864.5198128,0.0,0.0,0.0006835200190544128
1785290864.5208392,0.0,0.0,0.0006586560010910035
1785290864.5218923,0.0,0.0,0.0006853439807891846
1785290864.522944,0.0,0.0,0.0006848000288009644
1785290864.523999,0.0,0.0,0.0006750079989433288
1785290864.5250256,0.0,0.0,0.0006598719954490662
1785290864.5260637,0.0,0.0,0.0006760960221290588
1785290864.5271072,0.0,0.0,0.0006588159799575806
1785290864.528153,0.0,0.0,0.0006788480281829834
1785290864.5291927,0.0,0.0,0.0006770880222320557
1785290864.5302348,0.0,0.0,0.0006793919801712036
1785290864.5312834,0.0,0.0,0.0006875839829444886
1785290864.5323448,0.0,0.0,0.000684831976890564
1785290864.5333853,0.0,0.0,0.0006695359945297242
1785290864.5344396,0.0,0.0,0.0006791359782218933
1785290864.5355039,0.0,0.0,0.0006941120028495788
1785290864.537194,0.0,0.0,0.0007247359752655029
1785290864.5382547,0.0,0.0,0.0006808320283889771
1785290864.5393143,0.0,0.0,0.0006984959840774536
1785290864.5403628,0.0,0.0,0.0006764479875564576
1785290864.5414045,0.0,0.0,0.000673088014125824
1785290864.5424316,0.0,0.0,0.0006636480093002319
1785290864.5435073,0.0,0.0,0.0007078719735145568
1785290864.544557,0.0,0.0,0.0006792640089988708
1785290864.5455937,0.0,0.0,0.0006705600023269653
1785290864.5466323,0.0,0.0,0.0006745920181274414
1785290864.547693,0.0,0.0,0.0006911680102348328
1785290864.5487258,0.0,0.0,0.0006644480228424072
1785290864.5497642,0.0,0.0,0.0006727039813995362
1785290864.5507987,0.0,0.0,0.0006658880114555359
1785290864.5518713,0.0,0.0,0.0006816959977149963
1785290864.5529149,0.0,0.0,0.0006721919775009155
1785290864.5539522,0.0,0.0,0.0006761919856071473
1785290864.5549874,0.0,0.0,0.0006695359945297242
1785290864.556027,0.0,0.0,0.0006594560146331787
1785290864.5570579,0.0,0.0,0.0006690239906311036
1785290864.5580876,0.0,0.0,0.0006651840209960937
1785290864.5591488,0.0,0.0,0.00070169597864151
1785290864.560208,0.0,0.0,0.000685696005821228
1785290864.5612454,0.0,0.0,0.0006727039813995362
1785290864.5622804,0.0,0.0,0.0006716160178184509
1785290864.5633488,0.0,0.0,0.0007063680291175842
1785290864.5643914,0.0,0.0,0.0006759359836578369
1785290864.5654159,0.0,0.0,0.0006626240015029908
1785290864.566454,0.0,0.0,0.0006776959896087647
1785290864.567516,0.0,0.0,0.0006997439861297607
1785290864.5685525,0.0,0.0,0.0006679360270500183
1785290864.5695763,0.0,0.0,0.000662559986114502
1785290864.5706174,0.0,0.0,0.0006769599914550782
1785290864.5716763,0.0,0.0,0.0006968640089035034
1785290864.5727165,0.0,0.0,0.0006764479875564576
1785290864.5737374,0.0,0.0,0.0006600319743156433
1785290864.5747623,0.0,0.0,0.0006618559956550598
1785290864.5758219,0.0,0.0,0.0006756160259246826
1785290864.5768583,0.0,0.0,0.0006697279810905457
1785290864.5779002,0.0,0.0,0.0006790080070495605
1785290864.5789251,0.0,0.0,0.0006636800169944763
1785290864.5799756,0.0,0.0,0.0006678400039672851
1785290864.5810094,0.0,0.0,0.0006696320176124573
1785290864.5820394,0.0,0.0,0.0006703360080718994
1785290864.5830705,0.0,0.0,0.0006660479903221131
1785290864.5841496,0.0,0.0,0.0006859520077705383
1785290864.5851865,0.0,0.0,0.0006723840236663818
1785290864.5862231,0.0,0.0,0.0006708800196647644
1785290864.587308,0.0,0.0,0.00070796799659729
1785290864.588373,0.0,0.0,0.0006929919719696045
1785290864.5894089,0.0,0.0,0.0006718080043792724
1785290864.5904498,0.0,0.0,0.0006695359945297242
1785290864.592209,0.0,0.0,0.0013804800510406495
1785290864.5933151,0.0,0.0,0.000701088011264801
1785290864.5943823,0.0,0.0,0.0006884160041809082
1785290864.5954523,0.0,0.0,0.0007011200189590454
1785290864.596495,0.0,0.0,0.0006734079718589783
1785290864.597547,0.0,0.0,0.0006839359998703003
1785290864.5985808,0.0,0.0,0.0006652160286903381
1785290864.5996542,0.0,0.0,0.0007059199810028076
1785290864.6007104,0.0,0.0,0.0006843519806861878
1785290864.601753,0.0,0.0,0.0006791359782218933
1785290864.602789,0.0,0.0,0.0006733760237693787
1785290864.6038527,0.0,0.0,0.0006754559874534607
1785290864.6049097,0.0,0.0,0.000688480019569397
1785290864.6059544,0.0,0.0,0.0006769279837608338
1785290864.6069922,0.0,0.0,0.0006730239987373352
1785290864.6080658,0.0,0.0,0.0006862720251083374
1785290864.6090987,0.0,0.0,0.0006676480174064636
1785290864.610132,0.0,0.0,0.000672864019870758
1785290864.611186,0.0,0.0,0.0006891520023345947
1785290864.612287,0.0,0.0,0.0006879040002822876
1785290864.6133378,0.0,0.0,0.0006796799898147584
1785290864.614371,0.0,0.0,0.00067084801197052
1785290864.615455,0.0,0.0,0.0007157440185546874
1785290864.616488,0.0,0.0,0.0006643199920654297
1785290864.6175086,0.0,0.0,0.0006595199704170227
1785290864.618546,0.0,0.0,0.0006680639982223511
1785290864.6196036,0.0,0.0,0.000695360004901886
1785290864.6206415,0.0,0.0,0.0006685439944267273
1785290864.621676,0.0,0.0,0.000670527994632721
1785290864.6227157,0.0,0.0,0.0006727039813995362
1785290864.6237838,0.0,0.0,0.0007017279863357544
1785290864.6248264,0.0,0.0,0.0006766719818115235
1785290864.625854,0.0,0.0,0.0006632959842681885
1785290864.6268826,0.0,0.0,0.0006595199704170227
1785290864.6279356,0.0,0.0,0.0006728960275650024
1785290864.6289806,0.0,0.0,0.0006756799817085266
1785290864.6300085,0.0,0.0,0.0006674559712409973
1785290864.631047,0.0,0.0,0.0006738560199737549
1785290864.6321156,0.0,0.0,0.0006764479875564576
1785290864.633165,0.0,0.0,0.0006833279728889466
1785290864.634205,0.0,0.0,0.0006741759777069092
1785290864.6352608,0.0,0.0,0.0006904320120811462
1785290864.6363103,0.0,0.0,0.0006813439726829529
1785290864.6373606,0.0,0.0,0.0006834239959716796
1785290864.6384149,0.0,0.0,0.0006883839964866638
1785290864.6394641,0.0,0.0,0.0006903679966926574
1785290864.6405141,0.0,0.0,0.0006838719844818116
1785290864.6415722,0.0,0.0,0.0006896960139274597
1785290864.642628,0.0,0.0,0.0006801279783248902
1785290864.6437018,0.0,0.0,0.0007026879787445068
1785290864.6447616,0.0,0.0,0.0006845120191574097
1785290864.6458127,0.0,0.0,0.0006820480227470398
1785290864.6475828,0.0,0.0,0.001395359992980957
1785290864.6486576,0.0,0.0,0.0006897919774055481
1785290864.6496978,0.0,0.0,0.0006740480065345764
1785290864.6507385,0.0,0.0,0.0006745920181274414
1785290864.6518154,0.0,0.0,0.0007088639736175537
1785290864.6528618,0.0,0.0,0.0006784639954566955
1785290864.6538982,0.0,0.0,0.0006703360080718994
1785290864.6549263,0.0,0.0,0.0006632320284843445
1785290864.655998,0.0,0.0,0.0006835520267486572
1785290864.6570425,0.0,0.0,0.000671999990940094
1785290864.6580818,0.0,0.0,0.000675167977809906
1785290864.6591368,0.0,0.0,0.0006876159906387329
1785290864.6601877,0.0,0.0,0.0006807039976119995
1785290864.6612296,0.0,0.0,0.0006755840182304382
1785290864.6622717,0.0,0.0,0.0006728320121765136
1785290864.6633508,0.0,0.0,0.0007039359807968139
1785290864.6644106,0.0,0.0,0.0006892480254173279
1785290864.665437,0.0,0.0,0.00066348797082901
1785290864.6664732,0.0,0.0,0.0006729599833488465
1785290864.6675339,0.0,0.0,0.0006950399875640869
1785290864.6685705,0.0,0.0,0.000673088014125824
1785290864.6696122,0.0,0.0,0.0006766080260276795
1785290864.670662,0.0,0.0,0.0006829439997673034
1785290864.6717343,0.0,0.0,0.0007010560035705566
1785290864.6727767,0.0,0.0,0.0006762880086898803
1785290864.673832,0.0,0.0,0.0006910399794578553
1785290864.6748817,0.0,0.0,0.0006875200271606446
1785290864.6759489,0.0,0.0,0.0006793599724769592
1785290864.6769857,0.0,0.0,0.0006725440025329589
1785290864.6780086,0.0,0.0,0.000658079981803894
1785290864.679043,0.0,0.0,0.0006681280136108398
1785290864.6800952,0.0,0.0,0.0006664320230484009
1785290864.6811285,0.0,0.0,0.000671999990940094
1785290864.6821675,0.0,0.0,0.0006771519780158997
1785290864.6832247,0.0,0.0,0.0006946880221366883
1785290864.6842613,0.0,0.0,0.0006721919775009155
1785290864.6852937,0.0,0.0,0.0006662399768829346
1785290864.6863258,0.0,0.0,0.0006742720007896423
1785290864.6875067,0.0,0.0,0.0007253440022468567
1785290864.688561,0.0,0.0,0.0006828479766845703
1785290864.6896114,0.0,0.0,0.0006857280135154724
1785290864.6906517,0.0,0.0,0.0006724479794502258
1785290864.6917,0.0,0.0,0.0006838399767875672
1785290864.692728,0.0,0.0,0.0006629120111465454
1785290864.6937497,0.0,0.0,0.0006580479741096496
1785290864.6947925,0.0,0.0,0.0006766080260276795
1785290864.6958613,0.0,0.0,0.00067740797996521
1785290864.6969206,0.0,0.0,0.0006876800060272217
1785290864.6979783,0.0,0.0,0.0006770880222320557
1785290864.6990128,0.0,0.0,0.0006650879979133606
1785290864.7000864,0.0,0.0,0.0006843199729919434
1785290864.7011354,0.0,0.0,0.0006800320148468018
1785290864.7028568,0.0,0.0,0.000747648000717163
1785290864.7039592,0.0,0.0,0.0006936320066452026
1785290864.7050204,0.0,0.0,0.0006910079717636109
1785290864.7060592,0.0,0.0,0.0006696959733963013
1785290864.7071357,0.0,0.0,0.0007057920098304749
1785290864.708186,0.0,0.0,0.0006783999800682068
1785290864.7092097,0.0,0.0,0.0006610879898071289
1785290864.7102456,0.0,0.0,0.000670527994632721
1785290864.711303,0.0,0.0,0.0006957759857177734
1785290864.7123466,0.0,0.0,0.0006798080205917358
1785290864.713375,0.0,0.0,0.0006615999937057495
1785290864.7144125,0.0,0.0,0.0006739839911460877
1785290864.7154818,0.0,0.0,0.0007039039731025696
1785290864.7165246,0.0,0.0,0.0006759999990463256
1785290864.7175553,0.0,0.0,0.0006627519726753235
1785290864.71859,0.0,0.0,0.0006766719818115235
1785290864.719643,0.0,0.0,0.0006912000179290772
1785290864.7206738,0.0,0.0,0.0006679999828338623
1785290864.721712,0.0,0.0,0.0006799039840698243
1785290864.722744,0.0,0.0,0.0006683200001716614
1785290864.7238011,0.0,0.0,0.0006950399875640869
1785290864.7248602,0.0,0.0,0.0006853439807891846
1785290864.725904,0.0,0.0,0.0006820480227470398
1785290864.726953,0.0,0.0,0.0006898239850997924
1785290864.7280061,0.0,0.0,0.0006684160232543945
1785290864.7290375,0.0,0.0,0.0006661440134048462
1785290864.7300754,0.0,0.0,0.0006615999937057495
1785290864.7311282,0.0,0.0,0.00068367999792099
1785290864.7321684,0.0,0.0,0.0006697919964790345
1785290864.7332127,0.0,0.0,0.0006775040030479431
1785290864.734234,0.0,0.0,0.0006573119759559631
1785290864.7352931,0.0,0.0,0.0006984320282936097
1785290864.7363467,0.0,0.0,0.0006849920153617859
1785290864.7373734,0.0,0.0,0.0006678079962730408
1785290864.7384074,0.0,0.0,0.0006714239716529846
1785290864.7394693,0.0,0.0,0.0006935039758682251
1785290864.740503,0.0,0.0,0.0006734079718589783
1785290864.7415276,0.0,0.0,0.0006581119894981384
1785290864.7425597,0.0,0.0,0.0006688320040702819
1785290864.7436097,0.0,0.0,0.0006886720061302185
1785290864.744639,0.0,0.0,0.0006636480093002319
1785290864.7456753,0.0,0.0,0.0006678720116615295
1785290864.746699,0.0,0.0,0.0006632959842681885
