time,in_time,out_time,inference_time
1742233733.828205,0.0,0.0,0.0003084160089492798
1742233733.8291752,0.0,0.0,0.000317440003156662
1742233733.830123,0.0,0.0,0.0003006399869918823
1742233733.8310654,0.0,0.0,0.00028803199529647827
1742233733.8319979,0.0,0.0,0.000288320004940033
1742233733.8329544,0.0,0.0,0.0002922239899635315
1742233733.833881,0.0,0.0,0.000281792014837265
1742233733.8348076,0.0,0.0,0.0002647680044174194
1742233733.8357227,0.0,0.0,0.0002648000121116638
1742233733.8366437,0.0,0.0,0.0002680639922618866
1742233733.8375933,0.0,0.0,0.0002994239926338196
1742233733.8385067,0.0,0.0,0.00025513601303100584
1742233733.8394318,0.0,0.0,0.000273279994726181
1742233733.8403423,0.0,0.0,0.00026185598969459534
1742233733.8412917,0.0,0.0,0.000296671986579895
1742233733.8422134,0.0,0.0,0.0002675839960575104
1742233733.84314,0.0,0.0,0.00027667200565338135
1742233733.8440566,0.0,0.0,0.0002645440101623535
1742233733.845293,0.0,0.0,0.0005839679837226868
1742233733.8462372,0.0,0.0,0.0002765440046787262
1742233733.8471653,0.0,0.0,0.0002776319980621338
1742233733.8480895,0.0,0.0,0.000274944007396698
1742233733.8490298,0.0,0.0,0.000289792001247406
1742233733.8499336,0.0,0.0,0.0002386559993028641
1742233733.8508525,0.0,0.0,0.00025142401456832884
1742233733.8517625,0.0,0.0,0.0002467200011014938
1742233733.8526745,0.0,0.0,0.000250432014465332
1742233733.8536134,0.0,0.0,0.00027772799134254453
1742233733.854524,0.0,0.0,0.0002614080011844635
1742233733.855439,0.0,0.0,0.00026601600646972655
1742233733.8563519,0.0,0.0,0.0002603519856929779
1742233733.8572986,0.0,0.0,0.0002987200021743774
1742233733.85821,0.0,0.0,0.0002523519992828369
1742233733.859116,0.0,0.0,0.0002536959946155548
1742233733.860023,0.0,0.0,0.00025545600056648256
1742233733.86096,0.0,0.0,0.0002882559895515442
1742233733.8618624,0.0,0.0,0.00024172799289226533
1742233733.8627582,0.0,0.0,0.00023187200725078582
1742233733.863669,0.0,0.0,0.0002489600032567978
1742233733.8645706,0.0,0.0,0.0002536639869213104
1742233733.8655198,0.0,0.0,0.00029651200771331786
1742233733.8664286,0.0,0.0,0.00024595199525356294
1742233733.8673317,0.0,0.0,0.00024022400379180908
1742233733.8682275,0.0,0.0,0.00047926399111747743
1742233733.869166,0.0,0.0,0.0005230720043182373
1742233733.8700714,0.0,0.0,0.000477183997631073
1742233733.870987,0.0,0.0,0.0004932160079479217
1742233733.871893,0.0,0.0,0.00047676798701286316
1742233733.8728056,0.0,0.0,0.0004945600032806397
1742233733.8737023,0.0,0.0,0.0004791679978370666
1742233733.8746107,0.0,0.0,0.0004837439954280853
1742233733.8755066,0.0,0.0,0.0004830720126628876
1742233733.876404,0.0,0.0,0.0004835200011730194
1742233733.8773067,0.0,0.0,0.0004678399860858917
1742233733.8781996,0.0,0.0,0.00047996801137924195
1742233733.879092,0.0,0.0,0.0004784319996833801
1742233733.8799777,0.0,0.0,0.0004710400104522705
1742233733.8809159,0.0,0.0,0.000513696014881134
1742233733.8818262,0.0,0.0,0.00048294401168823243
1742233733.8827288,0.0,0.0,0.0004819520115852356
1742233733.8836298,0.0,0.0,0.00048182401061058045
1742233733.8845274,0.0,0.0,0.0004814079999923706
1742233733.8866112,0.0,0.0,0.001639583945274353
1742233733.8875837,0.0,0.0,0.0002934719920158386
1742233733.8885164,0.0,0.0,0.0005028799772262573
1742233733.8894858,0.0,0.0,0.0004965760111808777
1742233733.890411,0.0,0.0,0.0004987840056419373
1742233733.8913178,0.0,0.0,0.0004883840084075928
1742233733.8922324,0.0,0.0,0.0004933759868144989
1742233733.8931773,0.0,0.0,0.0005239999890327454
1742233733.894075,0.0,0.0,0.00047836801409721375
1742233733.8949885,0.0,0.0,0.0004921280145645142
1742233733.895881,0.0,0.0,0.0004809600114822388
1742233733.8968332,0.0,0.0,0.0005292479991912842
1742233733.8977542,0.0,0.0,0.0004927679896354675
1742233733.898657,0.0,0.0,0.0004885759949684143
1742233733.8995624,0.0,0.0,0.0004893119931221008
1742233733.9004607,0.0,0.0,0.00047839999198913576
1742233733.9013865,0.0,0.0,0.0004858880043029785
1742233733.9022784,0.0,0.0,0.0004763840138912201
1742233733.9031746,0.0,0.0,0.00048441600799560547
1742233733.9040568,0.0,0.0,0.00047276800870895384
1742233733.904982,0.0,0.0,0.0005108799934387207
1742233733.905885,0.0,0.0,0.00048476800322532653
1742233733.9067938,0.0,0.0,0.00048825600743293763
1742233733.9077034,0.0,0.0,0.0004938560128211975
1742233733.9085965,0.0,0.0,0.0004775359928607941
1742233733.909523,0.0,0.0,0.0004890879988670349
1742233733.9104297,0.0,0.0,0.0004919359982013703
1742233733.9113197,0.0,0.0,0.00048211199045181276
1742233733.912217,0.0,0.0,0.00048371198773384096
1742233733.913137,0.0,0.0,0.0005097600221633911
1742233733.9140403,0.0,0.0,0.0004842559993267059
1742233733.9149327,0.0,0.0,0.0004763520061969757
1742233733.9158287,0.0,0.0,0.00048108801245689393
1742233733.9167433,0.0,0.0,0.0005013440251350402
1742233733.9176974,0.0,0.0,0.0005141440033912659
1742233733.9185991,0.0,0.0,0.00048499199748039244
1742233733.9195006,0.0,0.0,0.0004805760085582733
1742233733.9203994,0.0,0.0,0.0004835839867591858
1742233733.9213355,0.0,0.0,0.0004889599978923798
1742233733.9222333,0.0,0.0,0.00048127999901771543
1742233733.9231243,0.0,0.0,0.00047791999578475954
1742233733.9240246,0.0,0.0,0.00048790401220321657
1742233733.924949,0.0,0.0,0.0005063040256500244
1742233733.9258478,0.0,0.0,0.0004810560047626495
1742233733.9267402,0.0,0.0,0.00047705599665641787
1742233733.927638,0.0,0.0,0.00048342400789260864
1742233733.9285414,0.0,0.0,0.00048348799347877505
1742233733.9294627,0.0,0.0,0.0004775039851665497
1742233733.9303598,0.0,0.0,0.000485152006149292
1742233733.9312491,0.0,0.0,0.00047376000881195067
1742233733.9321337,0.0,0.0,0.000470880001783371
1742233733.9330425,0.0,0.0,0.0004976640045642852
1742233733.933945,0.0,0.0,0.0004842880070209503
1742233733.9348245,0.0,0.0,0.0004712640047073364
1742233733.9357285,0.0,0.0,0.0004938560128211975
1742233733.936658,0.0,0.0,0.0005004799962043762
1742233733.9376042,0.0,0.0,0.0004962559938430786
1742233733.9385219,0.0,0.0,0.0005018240213394165
1742233733.9394326,0.0,0.0,0.00048547199368476865
1742233733.9403422,0.0,0.0,0.0004881280064582825
1742233733.9422472,0.0,0.0,0.0014578560590744018
1742233733.9432054,0.0,0.0,0.0004972479939460754
1742233733.9441307,0.0,0.0,0.0004955199956893921
1742233733.9450653,0.0,0.0,0.0005068479776382446
1742233733.945974,0.0,0.0,0.00048524799942970275
1742233733.9468715,0.0,0.0,0.00048342400789260864
1742233733.9477737,0.0,0.0,0.0004819520115852356
1742233733.9486635,0.0,0.0,0.00047209599614143373
1742233733.9495823,0.0,0.0,0.00047817599773406985
1742233733.9504766,0.0,0.0,0.0004842880070209503
1742233733.9513855,0.0,0.0,0.0004922559857368469
1742233733.9522772,0.0,0.0,0.0004770880043506622
1742233733.953199,0.0,0.0,0.000509119987487793
1742233733.9540935,0.0,0.0,0.0004753279983997345
1742233733.9549775,0.0,0.0,0.00047443199157714845
1742233733.9558637,0.0,0.0,0.00047302401065826415
1742233733.9567792,0.0,0.0,0.0004991360008716583
1742233733.9576783,0.0,0.0,0.00048051199316978457
1742233733.9585726,0.0,0.0,0.0004747839868068695
1742233733.9594631,0.0,0.0,0.000477183997631073
1742233733.9603753,0.0,0.0,0.0004985600113868714
1742233733.9613023,0.0,0.0,0.0004844479858875275
1742233733.962201,0.0,0.0,0.000479200005531311
1742233733.9631,0.0,0.0,0.00048127999901771543
1742233733.9639993,0.0,0.0,0.0004816960096359253
1742233733.964915,0.0,0.0,0.0005067200064659119
1742233733.965803,0.0,0.0,0.0004731520116329193
1742233733.9666984,0.0,0.0,0.0004793280065059662
1742233733.9675913,0.0,0.0,0.0004791359901428223
1742233733.9684687,0.0,0.0,0.0004675840139389038
1742233733.969394,0.0,0.0,0.0004898560047149658
1742233733.970288,0.0,0.0,0.00048044800758361816
1742233733.9711897,0.0,0.0,0.000484607994556427
1742233733.972082,0.0,0.0,0.0004824639856815338
1742233733.972998,0.0,0.0,0.0005041599869728088
1742233733.9738908,0.0,0.0,0.00047673600912094116
1742233733.974782,0.0,0.0,0.0004801279902458191
1742233733.9756691,0.0,0.0,0.0004796159863471985
1742233733.9765573,0.0,0.0,0.00047116801142692565
1742233733.9774752,0.0,0.0,0.00048047998547554017
1742233733.9783723,0.0,0.0,0.0004793280065059662
1742233733.9792547,0.0,0.0,0.000474592000246048
1742233733.9801595,0.0,0.0,0.0004942080080509185
1742233733.981076,0.0,0.0,0.0005054720044136048
1742233733.9819674,0.0,0.0,0.0004802879989147186
1742233733.9828575,0.0,0.0,0.0004761919975280762
1742233733.9837615,0.0,0.0,0.0004887039959430695
1742233733.9846423,0.0,0.0,0.00047119998931884765
1742233733.9855695,0.0,0.0,0.00048659199476242063
1742233733.986456,0.0,0.0,0.00047283199429512025
1742233733.9873366,0.0,0.0,0.00047276800870895384
1742233733.9882286,0.0,0.0,0.00047907200455665587
1742233733.9891474,0.0,0.0,0.000502623975276947
1742233733.9900398,0.0,0.0,0.0004795840084552765
1742233733.9909263,0.0,0.0,0.0004738560020923614
1742233733.9918349,0.0,0.0,0.0004933440089225769
1742233733.9927623,0.0,0.0,0.000505407989025116
1742233733.993668,0.0,0.0,0.0004891520142555237
1742233733.9945593,0.0,0.0,0.0004768959879875183
1742233733.9954476,0.0,0.0,0.0004745599925518036
1742233733.9963524,0.0,0.0,0.00048316800594329834
1742233733.998278,0.0,0.0,0.0005324479937553406
1742233733.9992192,0.0,0.0,0.0005034239888191223
1742233734.0001307,0.0,0.0,0.0004879359900951386
1742233734.0010712,0.0,0.0,0.0005177919864654541
1742233734.002,0.0,0.0,0.0005076159834861755
1742233734.0028992,0.0,0.0,0.0004875519871711731
1742233734.003802,0.0,0.0,0.0004880639910697937
1742233734.004731,0.0,0.0,0.00048576000332832336
1742233734.0056295,0.0,0.0,0.0004796479940414429
1742233734.0065305,0.0,0.0,0.000486272007226944
1742233734.0074217,0.0,0.0,0.0004827840030193329
1742233734.0083346,0.0,0.0,0.000487744003534317
1742233734.0092618,0.0,0.0,0.0004853439927101135
1742233734.0101552,0.0,0.0,0.0004768320024013519
1742233734.011051,0.0,0.0,0.00047951999306678774
1742233734.0119412,0.0,0.0,0.00048067200183868407
1742233734.0128493,0.0,0.0,0.0004938879907131195
1742233734.013742,0.0,0.0,0.00047907200455665587
1742233734.0146382,0.0,0.0,0.00047884801030158996
1742233734.0155337,0.0,0.0,0.0004819200038909912
1742233734.0164165,0.0,0.0,0.00047353601455688476
1742233734.0173361,0.0,0.0,0.0004844799935817718
1742233734.0182183,0.0,0.0,0.00047040000557899473
1742233734.0191035,0.0,0.0,0.0004731200039386749
1742233734.0199976,0.0,0.0,0.00047679999470710756
1742233734.0209057,0.0,0.0,0.0004979200065135955
1742233734.021796,0.0,0.0,0.00048211199045181276
1742233734.0226984,0.0,0.0,0.0004880959987640381
1742233734.0235944,0.0,0.0,0.00048783999681472777
1742233734.0244718,0.0,0.0,0.0004737280011177063
1742233734.0253773,0.0,0.0,0.0004758400022983551
1742233734.02628,0.0,0.0,0.0004904960095882415
1742233734.0271788,0.0,0.0,0.0004806079864501953
1742233734.0280716,0.0,0.0,0.0004830400049686432
1742233734.0289967,0.0,0.0,0.0005073279738426208
1742233734.0298913,0.0,0.0,0.0004809600114822388
1742233734.030785,0.0,0.0,0.00047811201214790344
1742233734.0316765,0.0,0.0,0.00047676798701286316
1742233734.0325716,0.0,0.0,0.00048364800214767455
1742233734.0334973,0.0,0.0,0.00047948798537254334
1742233734.0343847,0.0,0.0,0.0004758400022983551
1742233734.035273,0.0,0.0,0.00047350400686264036
1742233734.0361447,0.0,0.0,0.00046563199162483215
1742233734.0370526,0.0,0.0,0.0004982720017433167
1742233734.0379386,0.0,0.0,0.0004757120013236999
1742233734.0388265,0.0,0.0,0.00048044800758361816
1742233734.0397112,0.0,0.0,0.0004686720073223114
1742233734.0405972,0.0,0.0,0.00047468799352645875
1742233734.0415046,0.0,0.0,0.0004694719910621643
1742233734.0423844,0.0,0.0,0.00047116801142692565
1742233734.043273,0.0,0.0,0.00048022401332855225
1742233734.0441642,0.0,0.0,0.00047299200296401975
1742233734.0450773,0.0,0.0,0.0005053439736366272
1742233734.0459745,0.0,0.0,0.0004828479886054993
1742233734.046865,0.0,0.0,0.0004815039932727814
1742233734.047773,0.0,0.0,0.00048339200019836424
1742233734.0486796,0.0,0.0,0.0004908480048179627
1742233734.0496142,0.0,0.0,0.0004895679950714111
1742233734.0505145,0.0,0.0,0.00048480001091957093
1742233734.051409,0.0,0.0,0.0004779520034790039
1742233734.0531576,0.0,0.0,0.0013327039480209352
1742233734.0541344,0.0,0.0,0.0005038400292396545
1742233734.0550587,0.0,0.0,0.0004888960123062134
1742233734.0559785,0.0,0.0,0.00048742398619651796
1742233734.0569093,0.0,0.0,0.0005102720260620117
1742233734.0578182,0.0,0.0,0.00048387199640274046
1742233734.0587044,0.0,0.0,0.00047555199265480043
1742233734.0595894,0.0,0.0,0.0004753279983997345
1742233734.0604858,0.0,0.0,0.00048416000604629516
1742233734.0614061,0.0,0.0,0.00047699201107025146
1742233734.0622995,0.0,0.0,0.00048396798968315126
1742233734.0631816,0.0,0.0,0.00047097599506378175
1742233734.064093,0.0,0.0,0.0004974080026149749
1742233734.0650055,0.0,0.0,0.0004959680140018463
1742233734.0658927,0.0,0.0,0.0004719679951667786
1742233734.0667837,0.0,0.0,0.00047468799352645875
1742233734.0676658,0.0,0.0,0.0004683200120925903
1742233734.0685484,0.0,0.0,0.0004713279902935028
1742233734.0694568,0.0,0.0,0.0004774720072746277
1742233734.0703502,0.0,0.0,0.00047721600532531737
1742233734.0712435,0.0,0.0,0.0004748159945011139
1742233734.072123,0.0,0.0,0.0004685119986534119
1742233734.0730295,0.0,0.0,0.0004954560101032257
1742233734.0739224,0.0,0.0,0.0004711039960384369
1742233734.074802,0.0,0.0,0.0004692479968070984
1742233734.0756745,0.0,0.0,0.000470304012298584
1742233734.0765572,0.0,0.0,0.00046883198618888854
1742233734.0774736,0.0,0.0,0.0004816640019416809
1742233734.0783558,0.0,0.0,0.00046860799193382263
1742233734.0792391,0.0,0.0,0.00047305598855018616
1742233734.0801184,0.0,0.0,0.0004708159863948822
1742233734.081032,0.0,0.0,0.0004983679950237275
1742233734.0819228,0.0,0.0,0.0004748159945011139
1742233734.0828037,0.0,0.0,0.00046697598695755004
1742233734.0836961,0.0,0.0,0.00047491198778152466
1742233734.0845938,0.0,0.0,0.00048393601179122926
1742233734.0855129,0.0,0.0,0.0004808639883995056
1742233734.086402,0.0,0.0,0.0004764159917831421
1742233734.0872982,0.0,0.0,0.00048108801245689393
1742233734.0881803,0.0,0.0,0.00047328001260757446
1742233734.0890968,0.0,0.0,0.0005090240240097046
1742233734.089996,0.0,0.0,0.0004791679978370666
1742233734.090872,0.0,0.0,0.0004673280119895935
1742233734.0917575,0.0,0.0,0.0004776960015296936
1742233734.0926454,0.0,0.0,0.0004729599952697754
1742233734.0935588,0.0,0.0,0.00047766399383544924
1742233734.0944462,0.0,0.0,0.00047440001368522644
1742233734.0953329,0.0,0.0,0.0004752320051193237
1742233734.0962183,0.0,0.0,0.0004810239970684051
1742233734.097131,0.0,0.0,0.0005019840002059937
1742233734.0980186,0.0,0.0,0.00047279998660087585
1742233734.0988863,0.0,0.0,0.000465472012758255
1742233734.09978,0.0,0.0,0.00048179200291633605
1742233734.1006749,0.0,0.0,0.0004810239970684051
1742233734.1015825,0.0,0.0,0.0004790399968624115
1742233734.1024897,0.0,0.0,0.0004863359928131103
1742233734.1033983,0.0,0.0,0.00048739200830459596
1742233734.1042998,0.0,0.0,0.00047996801137924195
1742233734.1052258,0.0,0.0,0.0004899840056896209
1742233734.1061327,0.0,0.0,0.00048211199045181276
1742233734.1070316,0.0,0.0,0.00047836801409721375
1742233734.1088116,0.0,0.0,0.0005728319883346558
1742233734.1097834,0.0,0.0,0.0005113279819488525
1742233734.1107197,0.0,0.0,0.0005017279982566834
1742233734.1116252,0.0,0.0,0.0004833280146121979
1742233734.1125395,0.0,0.0,0.0004893440008163452
1742233734.1134832,0.0,0.0,0.0004924480020999908
1742233734.1143982,0.0,0.0,0.000489791989326477
1742233734.1152782,0.0,0.0,0.00046863999962806703
1742233734.1161585,0.0,0.0,0.0004726719856262207
1742233734.1170824,0.0,0.0,0.0005104640126228333
1742233734.1179934,0.0,0.0,0.0004895040094852447
1742233734.1188834,0.0,0.0,0.0004747839868068695
1742233734.1197767,0.0,0.0,0.00047968000173568724
1742233734.1206813,0.0,0.0,0.0004895679950714111
1742233734.1216192,0.0,0.0,0.0004859200119972229
1742233734.1225245,0.0,0.0,0.0004846720099449158
1742233734.1234238,0.0,0.0,0.00048323199152946474
1742233734.1243172,0.0,0.0,0.0004759359955787659
1742233734.125236,0.0,0.0,0.0004864960014820099
1742233734.1261349,0.0,0.0,0.0004792959988117218
1742233734.127034,0.0,0.0,0.0004851840138435364
1742233734.1282055,0.0,0.0,0.0004922879934310913
1742233734.129154,0.0,0.0,0.0005190719962120056
1742233734.1300533,0.0,0.0,0.0004798719882965088
1742233734.130953,0.0,0.0,0.00048201599717140195
1742233734.1318476,0.0,0.0,0.0004819839894771576
1742233734.132763,0.0,0.0,0.0005039039850234985
1742233734.1336668,0.0,0.0,0.0004919039905071259
1742233734.1345785,0.0,0.0,0.0004939520061016082
1742233734.1354682,0.0,0.0,0.00047577598690986633
1742233734.1363492,0.0,0.0,0.0004666880071163177
1742233734.1372788,0.0,0.0,0.0004865280091762543
1742233734.1381576,0.0,0.0,0.0004649919867515564
1742233734.1390388,0.0,0.0,0.0004690240025520325
1742233734.139941,0.0,0.0,0.00048339200019836424
1742233734.1408513,0.0,0.0,0.000497759997844696
1742233734.141742,0.0,0.0,0.00047519999742507937
1742233734.1426337,0.0,0.0,0.00048361599445343015
1742233734.1435366,0.0,0.0,0.00047740799188613893
1742233734.1444352,0.0,0.0,0.00048473599553108213
1742233734.1453452,0.0,0.0,0.0004738560020923614
1742233734.1462421,0.0,0.0,0.00048505601286888124
1742233734.1471543,0.0,0.0,0.0004941120147705078
1742233734.1480439,0.0,0.0,0.00047494399547576906
1742233734.1489701,0.0,0.0,0.0005103039741516113
1742233734.1498623,0.0,0.0,0.00047699201107025146
1742233734.150742,0.0,0.0,0.00047075200080871584
1742233734.1516285,0.0,0.0,0.0004787839949131012
1742233734.1525156,0.0,0.0,0.0004734399914741516
1742233734.1534376,0.0,0.0,0.0004727039933204651
1742233734.1543388,0.0,0.0,0.00048137599229812624
1742233734.1552224,0.0,0.0,0.0004736959934234619
1742233734.1561246,0.0,0.0,0.00048025599122047426
1742233734.1570325,0.0,0.0,0.000497759997844696
1742233734.1579416,0.0,0.0,0.0004870719909667969
1742233734.1588476,0.0,0.0,0.000481471985578537
1742233734.159756,0.0,0.0,0.0004858559966087341
1742233734.1606574,0.0,0.0,0.0004833599925041199
1742233734.1616118,0.0,0.0,0.0004952639937400818
1742233734.162536,0.0,0.0,0.0004932799935340881
1742233734.1643436,0.0,0.0,0.0005511680245399475
1742233734.1653273,0.0,0.0,0.0005121920108795167
1742233734.166256,0.0,0.0,0.0004980799853801728
1742233734.1671672,0.0,0.0,0.0004946239888668061
1742233734.1680691,0.0,0.0,0.0004860799908638001
1742233734.1689985,0.0,0.0,0.0005161280035972596
1742233734.1699069,0.0,0.0,0.0004914880096912384
1742233734.1708019,0.0,0.0,0.0004827840030193329
1742233734.1717076,0.0,0.0,0.00048739200830459596
1742233734.1725826,0.0,0.0,0.00046608000993728636
1742233734.173484,0.0,0.0,0.00047302401065826415
1742233734.1743767,0.0,0.0,0.00048108801245689393
1742233734.1752717,0.0,0.0,0.00047926399111747743
1742233734.1761587,0.0,0.0,0.0004759359955787659
1742233734.1770744,0.0,0.0,0.0005060799717903137
1742233734.177981,0.0,0.0,0.00048579201102256776
1742233734.178866,0.0,0.0,0.00047331199049949646
1742233734.1797552,0.0,0.0,0.0004803520143032074
1742233734.1806486,0.0,0.0,0.00047763198614120484
1742233734.1815665,0.0,0.0,0.0004787200093269348
1742233734.1824446,0.0,0.0,0.00046643200516700747
1742233734.1833396,0.0,0.0,0.0004877760112285614
1742233734.184229,0.0,0.0,0.00047440001368522644
1742233734.185141,0.0,0.0,0.0005020480155944825
1742233734.1860347,0.0,0.0,0.00048233601450920106
1742233734.18692,0.0,0.0,0.000471776008605957
1742233734.1878085,0.0,0.0,0.00047942399978637693
1742233734.1887214,0.0,0.0,0.0004757120013236999
1742233734.1896439,0.0,0.0,0.0004988160133361817
1742233734.1905339,0.0,0.0,0.0004780159890651703
1742233734.1914158,0.0,0.0,0.00046956801414489745
1742233734.1923053,0.0,0.0,0.00047494399547576906
1742233734.1932254,0.0,0.0,0.0004878079891204834
1742233734.194133,0.0,0.0,0.00048601600527763367
1742233734.195025,0.0,0.0,0.0004808000028133392
1742233734.1959136,0.0,0.0,0.0004745599925518036
1742233734.196822,0.0,0.0,0.0004938879907131195
1742233734.197742,0.0,0.0,0.0004848639965057373
1742233734.1986353,0.0,0.0,0.00047420799732208254
1742233734.1995165,0.0,0.0,0.00047100800275802615
1742233734.2004168,0.0,0.0,0.0004869759976863861
1742233734.201336,0.0,0.0,0.00048256000876426697
1742233734.2022338,0.0,0.0,0.00048131200671195983
1742233734.2031271,0.0,0.0,0.0004772799909114838
1742233734.2040117,0.0,0.0,0.00046915200352668765
1742233734.2049408,0.0,0.0,0.0005144640207290649
1742233734.2058291,0.0,0.0,0.0004754239916801453
1742233734.2067327,0.0,0.0,0.0004899519979953766
1742233734.2076242,0.0,0.0,0.0004726400077342987
1742233734.208513,0.0,0.0,0.00047699201107025146
1742233734.2094395,0.0,0.0,0.0004786880016326904
1742233734.210352,0.0,0.0,0.0004958719909191132
1742233734.2112358,0.0,0.0,0.00046934399008750915
1742233734.212111,0.0,0.0,0.00046403199434280395
1742233734.2130344,0.0,0.0,0.0005089920163154602
1742233734.2139585,0.0,0.0,0.0004966720044612884
1742233734.2148726,0.0,0.0,0.0004901440143585205
1742233734.2157829,0.0,0.0,0.0004867520034313202
1742233734.2166865,0.0,0.0,0.0004810239970684051
1742233734.2176194,0.0,0.0,0.0004888960123062134
1742233734.2193017,0.0,0.0,0.0012598719596862793
1742233734.2202842,0.0,0.0,0.0005120959877967835
1742233734.2212572,0.0,0.0,0.0005135679841041565
1742233734.2221746,0.0,0.0,0.0004963519871234894
1742233734.2230737,0.0,0.0,0.0004832960069179535
1742233734.223978,0.0,0.0,0.0004902079999446869
1742233734.2249138,0.0,0.0,0.0005205439925193787
1742233734.2258177,0.0,0.0,0.0004893119931221008
1742233734.2267191,0.0,0.0,0.0004826239943504334
1742233734.227617,0.0,0.0,0.0004858559966087341
1742233734.2285154,0.0,0.0,0.00048582398891448977
1742233734.2294405,0.0,0.0,0.00048134401440620423
1742233734.230335,0.0,0.0,0.0004864960014820099
1742233734.2312443,0.0,0.0,0.0004942080080509185
1742233734.2321467,0.0,0.0,0.0004828479886054993
1742233734.2330763,0.0,0.0,0.0005177919864654541
1742233734.2339804,0.0,0.0,0.0004911360144615174
1742233734.2348683,0.0,0.0,0.0004766719937324524
1742233734.235755,0.0,0.0,0.0004690240025520325
1742233734.236641,0.0,0.0,0.0004793280065059662
1742233734.2375622,0.0,0.0,0.0004815039932727814
1742233734.238462,0.0,0.0,0.0004870719909667969
1742233734.2393682,0.0,0.0,0.00048127999901771543
1742233734.2402558,0.0,0.0,0.00047299200296401975
1742233734.2411866,0.0,0.0,0.0005201600193977356
1742233734.2420878,0.0,0.0,0.00048416000604629516
1742233734.24298,0.0,0.0,0.00047420799732208254
1742233734.2438667,0.0,0.0,0.00047654399275779726
1742233734.2447734,0.0,0.0,0.0004916479885578156
1742233734.245659,0.0,0.0,0.00046886399388313294
1742233734.2465496,0.0,0.0,0.0004784319996833801
1742233734.2474263,0.0,0.0,0.0004697279930114746
1742233734.2483292,0.0,0.0,0.0004824959933757782
1742233734.2492495,0.0,0.0,0.00047971200942993164
1742233734.2501435,0.0,0.0,0.0004768959879875183
1742233734.2510326,0.0,0.0,0.00047948798537254334
1742233734.2519379,0.0,0.0,0.0004895679950714111
1742233734.2528436,0.0,0.0,0.0004938240051269531
1742233734.2537346,0.0,0.0,0.00047360000014305117
1742233734.2546184,0.0,0.0,0.0004738560020923614
1742233734.2555044,0.0,0.0,0.0004740799963474274
1742233734.256377,0.0,0.0,0.00046515199542045593
1742233734.2572837,0.0,0.0,0.00047305598855018616
1742233734.2581754,0.0,0.0,0.0004743039906024933
1742233734.2590582,0.0,0.0,0.00047491198778152466
1742233734.2599502,0.0,0.0,0.00047788798809051514
1742233734.2608595,0.0,0.0,0.0004982079863548279
1742233734.2617419,0.0,0.0,0.00047510400414466856
1742233734.262634,0.0,0.0,0.00048393601179122926
1742233734.2635126,0.0,0.0,0.0004689599871635437
1742233734.2643917,0.0,0.0,0.0004662719964981079
1742233734.2652998,0.0,0.0,0.00047756800055503843
1742233734.2661743,0.0,0.0,0.00046294400095939637
1742233734.2670512,0.0,0.0,0.0004733760058879852
1742233734.267939,0.0,0.0,0.0004759359955787659
1742233734.268859,0.0,0.0,0.0005105599761009216
1742233734.269787,0.0,0.0,0.0004932799935340881
1742233734.2706895,0.0,0.0,0.00047670400142669675
1742233734.271604,0.0,0.0,0.0004875519871711731
1742233734.2725048,0.0,0.0,0.0004867840111255646
1742233734.2734513,0.0,0.0,0.0004969280064105987
1742233734.2751756,0.0,0.0,0.0005514559745788575
1742233734.276144,0.0,0.0,0.0005154560208320617
1742233734.2770984,0.0,0.0,0.0005238080024719239
1742233734.2780175,0.0,0.0,0.0004992640018463135
1742233734.2789223,0.0,0.0,0.0004845120012760162
1742233734.2798193,0.0,0.0,0.00048758399486541746
1742233734.2807379,0.0,0.0,0.0005082240104675293
1742233734.2816367,0.0,0.0,0.0004789760112762451
1742233734.2825348,0.0,0.0,0.00048665601015090943
1742233734.2834327,0.0,0.0,0.00048422399163246157
1742233734.2843258,0.0,0.0,0.0004808000028133392
1742233734.2853055,0.0,0.0,0.0005142080187797546
1742233734.2862322,0.0,0.0,0.0005004159808158874
1742233734.287147,0.0,0.0,0.0004906879961490632
1742233734.2880352,0.0,0.0,0.0004758720099925995
1742233734.288955,0.0,0.0,0.0005056639909744263
1742233734.2898438,0.0,0.0,0.0004795520007610321
1742233734.2907326,0.0,0.0,0.0004816960096359253
1742233734.2916238,0.0,0.0,0.00047974398732185365
1742233734.2925153,0.0,0.0,0.00048159998655319215
1742233734.2934566,0.0,0.0,0.0004889279901981354
1742233734.2943559,0.0,0.0,0.0004897280037403106
1742233734.2952483,0.0,0.0,0.00047971200942993164
1742233734.296126,0.0,0.0,0.0004684160053730011
1742233734.2970347,0.0,0.0,0.0004942080080509185
1742233734.2979512,0.0,0.0,0.0004724479913711548
1742233734.2988431,0.0,0.0,0.0004805440008640289
1742233734.2997205,0.0,0.0,0.00046880000829696653
1742233734.3006094,0.0,0.0,0.00047654399275779726
1742233734.3015547,0.0,0.0,0.0004862079918384552
1742233734.3024492,0.0,0.0,0.0004807359874248505
1742233734.3033452,0.0,0.0,0.00048316800594329834
1742233734.30423,0.0,0.0,0.0004744960069656372
1742233734.3051496,0.0,0.0,0.0005085440278053283
1742233734.3060465,0.0,0.0,0.00047942399978637693
1742233734.3069367,0.0,0.0,0.00047833600640296935
1742233734.307823,0.0,0.0,0.0004692479968070984
1742233734.3087366,0.0,0.0,0.00049167999625206
1742233734.3096385,0.0,0.0,0.0004793280065059662
1742233734.310541,0.0,0.0,0.0004771519899368286
1742233734.3114302,0.0,0.0,0.0004742720127105713
1742233734.312315,0.0,0.0,0.000474016010761261
1742233734.313233,0.0,0.0,0.0004835839867591858
1742233734.314141,0.0,0.0,0.0004872959852218628
1742233734.3150344,0.0,0.0,0.000475488007068634
1742233734.315923,0.0,0.0,0.0004773760139942169
1742233734.3168151,0.0,0.0,0.0004763840138912201
1742233734.3177059,0.0,0.0,0.0004750399887561798
1742233734.3185952,0.0,0.0,0.00047865599393844606
1742233734.3194773,0.0,0.0,0.000470304012298584
1742233734.320365,0.0,0.0,0.00047644799947738645
1742233734.32128,0.0,0.0,0.0004856959879398346
1742233734.3221655,0.0,0.0,0.0004758400022983551
1742233734.323067,0.0,0.0,0.0004809919893741608
1742233734.3239732,0.0,0.0,0.0004987519979476929
1742233734.324926,0.0,0.0,0.0005301439762115479
1742233734.3258617,0.0,0.0,0.0004976640045642852
1742233734.3267746,0.0,0.0,0.0004942399859428405
1742233734.3276815,0.0,0.0,0.0004905920028686523
1742233734.3285747,0.0,0.0,0.00047622400522232054
1742233734.3303845,0.0,0.0,0.0013621759414672852
1742233734.3313694,0.0,0.0,0.0005190399885177612
1742233734.3323042,0.0,0.0,0.0005014079809188843
1742233734.333252,0.0,0.0,0.0004989120066165924
1742233734.3341606,0.0,0.0,0.00048473599553108213
1742233734.3350613,0.0,0.0,0.00048345598578453065
1742233734.335967,0.0,0.0,0.0004880959987640381
1742233734.336899,0.0,0.0,0.0005115519762039184
1742233734.3377874,0.0,0.0,0.0004761280119419098
1742233734.3386817,0.0,0.0,0.00047942399978637693
1742233734.3395655,0.0,0.0,0.00047705599665641787
1742233734.3404562,0.0,0.0,0.0004784959852695465
1742233734.3413637,0.0,0.0,0.0004780479967594147
1742233734.342249,0.0,0.0,0.0004718720018863678
1742233734.3431396,0.0,0.0,0.00047881600260734556
1742233734.3440359,0.0,0.0,0.0004822399914264679
1742233734.3449423,0.0,0.0,0.0004959360063076019
1742233734.345844,0.0,0.0,0.00048182401061058045
1742233734.3467345,0.0,0.0,0.0004769279956817627
1742233734.3476274,0.0,0.0,0.0004787519872188568
1742233734.348531,0.0,0.0,0.00048662400245666503
1742233734.3494596,0.0,0.0,0.00047891199588775637
1742233734.3503604,0.0,0.0,0.00048579201102256776
1742233734.3512406,0.0,0.0,0.0004662399888038635
1742233734.352129,0.0,0.0,0.0004761280119419098
1742233734.353051,0.0,0.0,0.0005142719745635986
1742233734.3539553,0.0,0.0,0.0004780159890651703
1742233734.3548608,0.0,0.0,0.0004824959933757782
1742233734.355753,0.0,0.0,0.0004799039959907532
1742233734.3566668,0.0,0.0,0.0004964160025119781
1742233734.3575861,0.0,0.0,0.000481440007686615
1742233734.3584707,0.0,0.0,0.000476639986038208
1742233734.359366,0.0,0.0,0.00047830399870872495
1742233734.3602662,0.0,0.0,0.00048665601015090943
1742233734.3611825,0.0,0.0,0.0005047680139541626
1742233734.362076,0.0,0.0,0.0004774720072746277
1742233734.362973,0.0,0.0,0.0004827840030193329
1742233734.3638725,0.0,0.0,0.0004789440035820007
1742233734.3647785,0.0,0.0,0.0004960640072822571
1742233734.3656723,0.0,0.0,0.0004755840003490448
1742233734.3665502,0.0,0.0,0.00047023999691009523
1742233734.3674297,0.0,0.0,0.0004683519899845123
1742233734.368315,0.0,0.0,0.00047171199321746827
1742233734.3692257,0.0,0.0,0.0004805440008640289
1742233734.370107,0.0,0.0,0.00046911999583244325
1742233734.3709934,0.0,0.0,0.0004754239916801453
1742233734.3718805,0.0,0.0,0.00047785601019859314
1742233734.3727841,0.0,0.0,0.0004963839948177338
1742233734.3737214,0.0,0.0,0.00047971200942993164
1742233734.374611,0.0,0.0,0.0004774720072746277
1742233734.3754876,0.0,0.0,0.0004694719910621643
1742233734.3763645,0.0,0.0,0.0004687039852142334
1742233734.3772988,0.0,0.0,0.0004985919892787934
1742233734.3781931,0.0,0.0,0.000477728009223938
1742233734.3790786,0.0,0.0,0.0004723840057849884
1742233734.379978,0.0,0.0,0.00048742398619651796
1742233734.3809192,0.0,0.0,0.0005189120173454284
1742233734.38184,0.0,0.0,0.0004982720017433167
1742233734.3827376,0.0,0.0,0.00047996801137924195
1742233734.3836195,0.0,0.0,0.00047331199049949646
1742233734.384509,0.0,0.0,0.000474592000246048
1742233734.3862674,0.0,0.0,0.0005387200117111206
1742233734.3872252,0.0,0.0,0.0005198079943656922
1742233734.388148,0.0,0.0,0.0004959999918937683
1742233734.3890836,0.0,0.0,0.0005183039903640747
1742233734.3899932,0.0,0.0,0.000489760011434555
1742233734.3908837,0.0,0.0,0.0004791359901428223
1742233734.3917725,0.0,0.0,0.0004773119986057282
1742233734.3926585,0.0,0.0,0.0004810239970684051
1742233734.3935857,0.0,0.0,0.00048422399163246157
1742233734.3944852,0.0,0.0,0.0004832639992237091
1742233734.3953698,0.0,0.0,0.0004726400077342987
1742233734.3962486,0.0,0.0,0.0004692479968070984
1742233734.397164,0.0,0.0,0.0005088639855384827
1742233734.3980498,0.0,0.0,0.00047555199265480043
1742233734.398958,0.0,0.0,0.0004894720017910004
1742233734.399846,0.0,0.0,0.0004792959988117218
1742233734.4007628,0.0,0.0,0.0005005760192871094
1742233734.4016721,0.0,0.0,0.0004904960095882415
1742233734.402559,0.0,0.0,0.00047283199429512025
1742233734.4034529,0.0,0.0,0.0004773119986057282
1742233734.4043384,0.0,0.0,0.00047334399819374086
1742233734.4052603,0.0,0.0,0.0004936319887638092
1742233734.4061484,0.0,0.0,0.00047235199809074404
1742233734.4070215,0.0,0.0,0.0004679040014743805
1742233734.4079006,0.0,0.0,0.000474047988653183
1742233734.4088032,0.0,0.0,0.0004972479939460754
1742233734.4097006,0.0,0.0,0.0004810239970684051
1742233734.4105892,0.0,0.0,0.00048201599717140195
1742233734.411476,0.0,0.0,0.0004773760139942169
1742233734.412359,0.0,0.0,0.00047417598962783814
1742233734.4132814,0.0,0.0,0.00048390400409698486
1742233734.4141674,0.0,0.0,0.0004675840139389038
1742233734.4150527,0.0,0.0,0.00046729600429534914
1742233734.4159405,0.0,0.0,0.00047417598962783814
1742233734.416832,0.0,0.0,0.0004842559993267059
1742233734.4177146,0.0,0.0,0.0004738239943981171
1742233734.4186058,0.0,0.0,0.00047286400198936465
1742233734.4195068,0.0,0.0,0.0004910080134868622
1742233734.4203908,0.0,0.0,0.00047324800491333006
1742233734.421316,0.0,0.0,0.0004900799989700317
1742233734.4222052,0.0,0.0,0.0004742400050163269
1742233734.4231017,0.0,0.0,0.00047670400142669675
1742233734.4239936,0.0,0.0,0.00047676798701286316
1742233734.424912,0.0,0.0,0.0005072000026702881
1742233734.4258173,0.0,0.0,0.0004864960014820099
1742233734.4267128,0.0,0.0,0.00047942399978637693
1742233734.427605,0.0,0.0,0.0004787519872188568
1742233734.4284863,0.0,0.0,0.00047516798973083497
1742233734.4294233,0.0,0.0,0.0004911679923534394
1742233734.4303212,0.0,0.0,0.0004849599897861481
1742233734.4312122,0.0,0.0,0.00047462400794029235
1742233734.432099,0.0,0.0,0.0004750080108642578
1742233734.433008,0.0,0.0,0.0004982720017433167
1742233734.433909,0.0,0.0,0.00047811201214790344
1742233734.4347908,0.0,0.0,0.0004701440036296845
1742233734.435695,0.0,0.0,0.0004870400130748749
1742233734.4366162,0.0,0.0,0.0004894079864025116
1742233734.437672,0.0,0.0,0.0005029760003089905
1742233734.4385936,0.0,0.0,0.0004916160106658936
1742233734.4395177,0.0,0.0,0.0004986560046672821
1742233734.4412603,0.0,0.0,0.0013097280263900757
1742233734.4422445,0.0,0.0,0.0005104320049285889
1742233734.4431818,0.0,0.0,0.0005005760192871094
1742233734.4440987,0.0,0.0,0.0004906240105628967
1742233734.4450386,0.0,0.0,0.0005229120254516601
1742233734.4459522,0.0,0.0,0.0004921920001506806
1742233734.4468431,0.0,0.0,0.00047446399927139285
1742233734.447764,0.0,0.0,0.00048015999794006345
1742233734.448662,0.0,0.0,0.0004810239970684051
1742233734.4495947,0.0,0.0,0.00048201599717140195
1742233734.4504938,0.0,0.0,0.00048783999681472777
1742233734.4513917,0.0,0.0,0.00048572799563407896
1742233734.4522917,0.0,0.0,0.0004851199984550476
1742233734.4532194,0.0,0.0,0.0005140479803085327
1742233734.4541068,0.0,0.0,0.0004733760058879852
1742233734.4549897,0.0,0.0,0.000472927987575531
1742233734.4558907,0.0,0.0,0.00047974398732185365
1742233734.4567966,0.0,0.0,0.0004935680031776428
1742233734.4576921,0.0,0.0,0.0004756160080432892
1742233734.4585836,0.0,0.0,0.00047257599234580994
1742233734.4594784,0.0,0.0,0.00048313599824905394
1742233734.4603715,0.0,0.0,0.000481471985578537
1742233734.4613059,0.0,0.0,0.0005010560154914856
1742233734.4621994,0.0,0.0,0.0004798719882965088
1742233734.4630852,0.0,0.0,0.0004764159917831421
1742233734.4639697,0.0,0.0,0.00047884801030158996
1742233734.4648898,0.0,0.0,0.0005042880177497864
1742233734.4657853,0.0,0.0,0.0004759359955787659
1742233734.4666684,0.0,0.0,0.00047091200947761534
1742233734.4675498,0.0,0.0,0.00047279998660087585
1742233734.468429,0.0,0.0,0.0004739840030670166
1742233734.4693358,0.0,0.0,0.00047763198614120484
1742233734.4702163,0.0,0.0,0.00046425598859786986
1742233734.471111,0.0,0.0,0.0004840640127658844
1742233734.471995,0.0,0.0,0.00047209599614143373
1742233734.4729035,0.0,0.0,0.0004963839948177338
1742233734.4738004,0.0,0.0,0.00048291200399398803
1742233734.4746761,0.0,0.0,0.0004685760140419006
1742233734.4755685,0.0,0.0,0.0004752640128135681
1742233734.4764543,0.0,0.0,0.00047833600640296935
1742233734.4773688,0.0,0.0,0.0004774399995803833
1742233734.4782598,0.0,0.0,0.000476639986038208
1742233734.4791417,0.0,0.0,0.00047167998552322387
1742233734.4800289,0.0,0.0,0.00047631999850273135
1742233734.4809356,0.0,0.0,0.0004971520006656646
1742233734.481841,0.0,0.0,0.0004969919919967651
1742233734.482737,0.0,0.0,0.00048153600096702574
1742233734.48364,0.0,0.0,0.000491104006767273
1742233734.4845247,0.0,0.0,0.0004752640128135681
1742233734.4854383,0.0,0.0,0.00047644799947738645
1742233734.486335,0.0,0.0,0.00048227199912071226
1742233734.4872346,0.0,0.0,0.0004833280146121979
1742233734.4881241,0.0,0.0,0.0004800319969654083
1742233734.489033,0.0,0.0,0.0004987199902534485
1742233734.4899244,0.0,0.0,0.0004760960042476654
1742233734.4908245,0.0,0.0,0.0004821760058403015
1742233734.4917383,0.0,0.0,0.0004909119904041291
1742233734.4926412,0.0,0.0,0.00047996801137924195
1742233734.4935899,0.0,0.0,0.0004966720044612884
1742233734.4944909,0.0,0.0,0.00048419201374053956
1742233734.495393,0.0,0.0,0.00048348799347877505
1742233734.497179,0.0,0.0,0.0005756480097770691
1742233734.4981358,0.0,0.0,0.0005112959742546081
1742233734.49905,0.0,0.0,0.0004947839975357056
1742233734.4999714,0.0,0.0,0.0004988160133361817
1742233734.500905,0.0,0.0,0.0005092800259590149
1742233734.5018015,0.0,0.0,0.00047696000337600706
1742233734.5026908,0.0,0.0,0.00047462400794029235
1742233734.5035954,0.0,0.0,0.0004943360090255738
1742233734.5044744,0.0,0.0,0.0004721600115299225
1742233734.5053868,0.0,0.0,0.0004761919975280762
1742233734.5062766,0.0,0.0,0.00047974398732185365
1742233734.5071588,0.0,0.0,0.00046931201219558715
1742233734.5080295,0.0,0.0,0.00046544000506401064
1742233734.5089464,0.0,0.0,0.0005074560046195984
1742233734.5098372,0.0,0.0,0.00047993600368499755
1742233734.5107293,0.0,0.0,0.00048137599229812624
1742233734.5116076,0.0,0.0,0.000471807986497879
1742233734.512497,0.0,0.0,0.00048291200399398803
1742233734.5134072,0.0,0.0,0.00047484800219535825
1742233734.514304,0.0,0.0,0.00048051199316978457
1742233734.5151892,0.0,0.0,0.00047235199809074404
1742233734.5160816,0.0,0.0,0.00048137599229812624
1742233734.516991,0.0,0.0,0.0005029439926147461
1742233734.5179148,0.0,0.0,0.0004803839921951294
1742233734.5188081,0.0,0.0,0.00047679999470710756
1742233734.5196886,0.0,0.0,0.0004701760113239288
1742233734.5205653,0.0,0.0,0.0004681600034236908
1742233734.5214784,0.0,0.0,0.0004824000000953674
1742233734.5223672,0.0,0.0,0.0004737919867038727
1742233734.5232587,0.0,0.0,0.0004801279902458191
1742233734.5241497,0.0,0.0,0.0004789440035820007
1742233734.5250652,0.0,0.0,0.0005048000216484069
1742233734.525966,0.0,0.0,0.00047891199588775637
1742233734.526867,0.0,0.0,0.0004821760058403015
1742233734.5277905,0.0,0.0,0.0004759359955787659
1742233734.528681,0.0,0.0,0.00047760000824928283
1742233734.5295901,0.0,0.0,0.0004736320078372955
1742233734.530473,0.0,0.0,0.0004708159863948822
1742233734.5313544,0.0,0.0,0.0004715839922428131
1742233734.5322394,0.0,0.0,0.0004748159945011139
1742233734.5331547,0.0,0.0,0.0005023360252380371
1742233734.5340488,0.0,0.0,0.00047788798809051514
1742233734.534936,0.0,0.0,0.0004764159917831421
1742233734.535823,0.0,0.0,0.0004734080135822296
1742233734.5367188,0.0,0.0,0.00047142401337623596
1742233734.5376306,0.0,0.0,0.0004907200038433074
1742233734.5385232,0.0,0.0,0.0004755200147628784
1742233734.5394106,0.0,0.0,0.0004773440062999725
1742233734.540304,0.0,0.0,0.00047622400522232054
1742233734.5412278,0.0,0.0,0.0004907839894294739
1742233734.542133,0.0,0.0,0.0004846720099449158
1742233734.5430288,0.0,0.0,0.0004807359874248505
1742233734.5439112,0.0,0.0,0.00047603198885917664
1742233734.544818,0.0,0.0,0.0004911360144615174
1742233734.5457163,0.0,0.0,0.0004827840030193329
1742233734.5466328,0.0,0.0,0.0004945600032806397
1742233734.547544,0.0,0.0,0.0004889920055866241
1742233734.548438,0.0,0.0,0.0004815039932727814
1742233734.5493708,0.0,0.0,0.0004880320131778717
1742233734.5502744,0.0,0.0,0.0004849599897861481
1742233734.5518987,0.0,0.0,0.0012020800113677979
1742233734.5529342,0.0,0.0,0.0005571839809417724
1742233734.5538752,0.0,0.0,0.0005059199929237366
1742233734.5547922,0.0,0.0,0.0004900479912757873
1742233734.5556965,0.0,0.0,0.00048668798804283144
1742233734.5565941,0.0,0.0,0.00048598399758338927
1742233734.5575144,0.0,0.0,0.0004833280146121979
1742233734.5584154,0.0,0.0,0.0004849599897861481
1742233734.5593064,0.0,0.0,0.0004828479886054993
1742233734.5601935,0.0,0.0,0.0004784640073776245
1742233734.5611181,0.0,0.0,0.000515392005443573
1742233734.562017,0.0,0.0,0.00047510400414466856
1742233734.5629122,0.0,0.0,0.0004862079918384552
1742233734.5637956,0.0,0.0,0.0004769279956817627
1742233734.564681,0.0,0.0,0.0004773119986057282
1742233734.5656004,0.0,0.0,0.000481471985578537
1742233734.5664992,0.0,0.0,0.0004832639992237091
1742233734.5673943,0.0,0.0,0.0004789760112762451
1742233734.5682847,0.0,0.0,0.000475488007068634
1742233734.5692012,0.0,0.0,0.0005047039985656738
1742233734.570087,0.0,0.0,0.00047331199049949646
1742233734.5709832,0.0,0.0,0.0004833599925041199
1742233734.5718758,0.0,0.0,0.00048131200671195983
1742233734.572791,0.0,0.0,0.0004943360090255738
1742233734.5736885,0.0,0.0,0.0004839999973773956
1742233734.5745733,0.0,0.0,0.0004750719964504242
1742233734.5754662,0.0,0.0,0.00047881600260734556
1742233734.5763698,0.0,0.0,0.0004890879988670349
1742233734.5773008,0.0,0.0,0.0004885439872741699
1742233734.578197,0.0,0.0,0.0004782400131225586
1742233734.5790858,0.0,0.0,0.0004798719882965088
1742233734.579974,0.0,0.0,0.0004782719910144806
1742233734.5808783,0.0,0.0,0.0004976319968700408
1742233734.581767,0.0,0.0,0.00047510400414466856
1742233734.582652,0.0,0.0,0.00047331199049949646
1742233734.5835447,0.0,0.0,0.0004789440035820007
1742233734.5844321,0.0,0.0,0.00047555199265480043
1742233734.5853477,0.0,0.0,0.0004757120013236999
1742233734.5862281,0.0,0.0,0.00047075200080871584
1742233734.58711,0.0,0.0,0.00047225600481033323
1742233734.5879996,0.0,0.0,0.0004842880070209503
1742233734.5889103,0.0,0.0,0.0005025920271873474
1742233734.5897985,0.0,0.0,0.0004754559993743897
1742233734.59068,0.0,0.0,0.00047228801250457763
1742233734.5915616,0.0,0.0,0.0004768640100955963
1742233734.592433,0.0,0.0,0.0004668799936771393
1742233734.5933373,0.0,0.0,0.0004731839895248413
1742233734.5942369,0.0,0.0,0.0004756160080432892
1742233734.5951252,0.0,0.0,0.0004759039878845215
1742233734.596009,0.0,0.0,0.00046905601024627684
1742233734.596927,0.0,0.0,0.0005095040202140808
1742233734.5978227,0.0,0.0,0.0004763840138912201
1742233734.5987153,0.0,0.0,0.0004861119985580444
1742233734.5996,0.0,0.0,0.00047622400522232054
1742233734.6004922,0.0,0.0,0.00048159998655319215
1742233734.6014187,0.0,0.0,0.0004848960041999817
1742233734.6023424,0.0,0.0,0.0004932799935340881
1742233734.6032486,0.0,0.0,0.0004796479940414429
1742233734.6041346,0.0,0.0,0.0004756160080432892
1742233734.6050735,0.0,0.0,0.000523039996623993
1742233734.605986,0.0,0.0,0.0004872640073299408
1742233734.607693,0.0,0.0,0.0012778559923171998
1742233734.6086857,0.0,0.0,0.0005156480073928834
1742233734.6096601,0.0,0.0,0.000493151992559433
1742233734.6105754,0.0,0.0,0.0004869759976863861
1742233734.6114926,0.0,0.0,0.0004901120066642761
1742233734.6124032,0.0,0.0,0.0004896000027656555
1742233734.613344,0.0,0.0,0.0004956800043582916
1742233734.6142502,0.0,0.0,0.0004843519926071167
1742233734.6151583,0.0,0.0,0.00048508799076080325
1742233734.6160576,0.0,0.0,0.0004865599870681763
1742233734.6169908,0.0,0.0,0.0005127679705619812
1742233734.617894,0.0,0.0,0.0004824639856815338
1742233734.618786,0.0,0.0,0.0004768320024013519
1742233734.6196718,0.0,0.0,0.00046723198890686034
1742233734.6205564,0.0,0.0,0.0004748159945011139
1742233734.6214626,0.0,0.0,0.00047791999578475954
1742233734.6223514,0.0,0.0,0.000476608008146286
1742233734.6232305,0.0,0.0,0.00046633601188659666
1742233734.624122,0.0,0.0,0.00047580799460411073
1742233734.6250365,0.0,0.0,0.0005063040256500244
1742233734.6259346,0.0,0.0,0.00047395199537277223
1742233734.6268234,0.0,0.0,0.00047116801142692565
1742233734.62772,0.0,0.0,0.00047910401225090027
1742233734.628616,0.0,0.0,0.00048025599122047426
1742233734.6295483,0.0,0.0,0.00047763198614120484
1742233734.6304333,0.0,0.0,0.00047119998931884765
1742233734.6313248,0.0,0.0,0.0004784959852695465
1742233734.6322167,0.0,0.0,0.0004745599925518036
1742233734.6331177,0.0,0.0,0.000491456001996994
1742233734.6340063,0.0,0.0,0.0004743359982967377
1742233734.6348891,0.0,0.0,0.0004768640100955963
1742233734.6357846,0.0,0.0,0.00047884801030158996
1742233734.636679,0.0,0.0,0.00047862398624420166
1742233734.6376092,0.0,0.0,0.0004901120066642761
1742233734.6385107,0.0,0.0,0.0004859200119972229
1742233734.6394053,0.0,0.0,0.00048019200563430785
1742233734.6402893,0.0,0.0,0.00047516798973083497
1742233734.6411965,0.0,0.0,0.0005016000270843505
1742233734.6420908,0.0,0.0,0.0004833280146121979
1742233734.6429827,0.0,0.0,0.00047862398624420166
1742233734.6438751,0.0,0.0,0.00047785601019859314
1742233734.6447842,0.0,0.0,0.0004975680112838745
1742233734.645699,0.0,0.0,0.0004913919866085053
1742233734.6465971,0.0,0.0,0.0004844799935817718
1742233734.6474924,0.0,0.0,0.00048159998655319215
1742233734.648391,0.0,0.0,0.00048483198881149294
1742233734.6493216,0.0,0.0,0.00048572799563407896
1742233734.6502092,0.0,0.0,0.00047231999039649964
1742233734.6511037,0.0,0.0,0.00048403200507164
1742233734.6519892,0.0,0.0,0.0004726719856262207
1742233734.6529171,0.0,0.0,0.0005111680030822754
1742233734.653815,0.0,0.0,0.00048582398891448977
1742233734.6547024,0.0,0.0,0.0004747520089149475
1742233734.6555939,0.0,0.0,0.00047484800219535825
1742233734.6564803,0.0,0.0,0.0004712960124015808
1742233734.6574259,0.0,0.0,0.00050409597158432
1742233734.6583414,0.0,0.0,0.00048403200507164
1742233734.6592534,0.0,0.0,0.00048694398999214175
1742233734.660157,0.0,0.0,0.00047676798701286316
1742233734.661082,0.0,0.0,0.0005055999755859375
1742233734.6627755,0.0,0.0,0.0004959680140018463
1742233734.663809,0.0,0.0,0.0005380480289459229
1742233734.6647809,0.0,0.0,0.0005346559882164002
1742233734.6657043,0.0,0.0,0.0004966720044612884
1742233734.6666112,0.0,0.0,0.0004899840056896209
1742233734.6675072,0.0,0.0,0.0004861119985580444
1742233734.6684053,0.0,0.0,0.00048688000440597534
1742233734.6693354,0.0,0.0,0.0004951040148735047
1742233734.6702297,0.0,0.0,0.00047884801030158996
1742233734.6711333,0.0,0.0,0.0004910719990730286
1742233734.6720302,0.0,0.0,0.0004819520115852356
1742233734.6729403,0.0,0.0,0.0005031359791755676
1742233734.6738453,0.0,0.0,0.00048713600635528565
1742233734.6747499,0.0,0.0,0.0004889279901981354
1742233734.6756516,0.0,0.0,0.0004860799908638001
1742233734.6765318,0.0,0.0,0.0004736639857292175
1742233734.6774523,0.0,0.0,0.0004809280037879944
1742233734.678342,0.0,0.0,0.0004776960015296936
1742233734.6792295,0.0,0.0,0.0004718399941921234
1742233734.6801054,0.0,0.0,0.0004657920002937317
1742233734.681029,0.0,0.0,0.0005142080187797546
1742233734.6819177,0.0,0.0,0.0004727360010147095
1742233734.682811,0.0,0.0,0.00047833600640296935
1742233734.6836994,0.0,0.0,0.00047945600748062133
1742233734.6845813,0.0,0.0,0.0004683839976787567
1742233734.6855097,0.0,0.0,0.0004905599951744079
1742233734.6864023,0.0,0.0,0.0004761919975280762
1742233734.68729,0.0,0.0,0.00048067200183868407
1742233734.6881855,0.0,0.0,0.0004824320077896118
1742233734.6891117,0.0,0.0,0.0005138239860534668
1742233734.690004,0.0,0.0,0.0004786880016326904
1742233734.6908953,0.0,0.0,0.00048368000984191895
1742233734.6917892,0.0,0.0,0.0004806399941444397
1742233734.6926777,0.0,0.0,0.0004756799936294556
1742233734.6935995,0.0,0.0,0.0004842559993267059
1742233734.6944888,0.0,0.0,0.00047785601019859314
1742233734.6953728,0.0,0.0,0.00047145599126815796
1742233734.6962695,0.0,0.0,0.00048342400789260864
1742233734.6971872,0.0,0.0,0.0005038080215454101
1742233734.698082,0.0,0.0,0.0004750080108642578
1742233734.6989758,0.0,0.0,0.00047836801409721375
1742233734.6998587,0.0,0.0,0.00047100800275802615
1742233734.7007728,0.0,0.0,0.0004985600113868714
1742233734.701668,0.0,0.0,0.0004798400104045868
1742233734.702552,0.0,0.0,0.00047142401337623596
1742233734.703428,0.0,0.0,0.00046988800168037417
1742233734.704318,0.0,0.0,0.0004720000028610229
1742233734.7052338,0.0,0.0,0.00048390400409698486
1742233734.7061293,0.0,0.0,0.0004799039959907532
1742233734.7070208,0.0,0.0,0.00047417598962783814
1742233734.7079082,0.0,0.0,0.00047628799080848695
1742233734.7088087,0.0,0.0,0.0004947200119495392
1742233734.7097077,0.0,0.0,0.0004848639965057373
1742233734.7106023,0.0,0.0,0.0004782080054283142
1742233734.711504,0.0,0.0,0.0004721600115299225
1742233734.7123933,0.0,0.0,0.00048070400953292847
1742233734.7133539,0.0,0.0,0.0005038400292396545
1742233734.714257,0.0,0.0,0.00048159998655319215
1742233734.7151482,0.0,0.0,0.0004763520061969757
1742233734.7160413,0.0,0.0,0.00047763198614120484
1742233734.7169728,0.0,0.0,0.0005155199766159057
1742233734.718637,0.0,0.0,0.001239680051803589
1742233734.7196088,0.0,0.0,0.0005107200145721435
1742233734.7205448,0.0,0.0,0.0005000320076942444
1742233734.7214975,0.0,0.0,0.0004958400130271912
1742233734.7224069,0.0,0.0,0.0004863359928131103
1742233734.7233157,0.0,0.0,0.0004880959987640381
1742233734.724204,0.0,0.0,0.0004811840057373047
1742233734.725131,0.0,0.0,0.000514847993850708
1742233734.7260294,0.0,0.0,0.0004803839921951294
1742233734.726916,0.0,0.0,0.000472927987575531
1742233734.7278025,0.0,0.0,0.00047596800327301023
1742233734.7286906,0.0,0.0,0.00047644799947738645
1742233734.7296224,0.0,0.0,0.0004893119931221008
1742233734.730508,0.0,0.0,0.0004742720127105713
1742233734.731386,0.0,0.0,0.0004726400077342987
1742233734.7322721,0.0,0.0,0.0004738880097866058
1742233734.7331915,0.0,0.0,0.000510591983795166
1742233734.7340868,0.0,0.0,0.0004775359928607941
1742233734.7349644,0.0,0.0,0.00047625601291656494
1742233734.7358575,0.0,0.0,0.000474592000246048
1742233734.7367887,0.0,0.0,0.0005176640152931213
1742233734.7377298,0.0,0.0,0.00050409597158432
1742233734.738627,0.0,0.0,0.0004782719910144806
1742233734.739522,0.0,0.0,0.0004828479886054993
1742233734.7404172,0.0,0.0,0.00048236799240112307
1742233734.7413325,0.0,0.0,0.0004854080080986023
1742233734.7422235,0.0,0.0,0.0004765760004520416
1742233734.7431242,0.0,0.0,0.0004835520088672638
1742233734.744009,0.0,0.0,0.000475488007068634
1742233734.7449222,0.0,0.0,0.0005020160079002381
1742233734.7458084,0.0,0.0,0.0004756479859352112
1742233734.7468154,0.0,0.0,0.0004924480020999908
1742233734.7477114,0.0,0.0,0.0004824320077896118
1742233734.7485943,0.0,0.0,0.0004768640100955963
1742233734.7495072,0.0,0.0,0.0004744960069656372
1742233734.750396,0.0,0.0,0.00047376000881195067
1742233734.7512813,0.0,0.0,0.00047516798973083497
1742233734.7521763,0.0,0.0,0.0004808000028133392
1742233734.7530937,0.0,0.0,0.0005006399750709533
1742233734.7539797,0.0,0.0,0.00047328001260757446
1742233734.7548718,0.0,0.0,0.0004827840030193329
1742233734.7557585,0.0,0.0,0.00047436800599098204
1742233734.7566454,0.0,0.0,0.00047862398624420166
1742233734.7575686,0.0,0.0,0.0004827840030193329
1742233734.7584522,0.0,0.0,0.00047651201486587525
1742233734.7593374,0.0,0.0,0.00047484800219535825
1742233734.7602246,0.0,0.0,0.0004758720099925995
1742233734.761138,0.0,0.0,0.0005012480020523071
1742233734.7620327,0.0,0.0,0.00047808000445365904
1742233734.762918,0.0,0.0,0.0004740799963474274
1742233734.763798,0.0,0.0,0.00047286400198936465
1742233734.764685,0.0,0.0,0.000474047988653183
1742233734.7655914,0.0,0.0,0.00047174400091171267
1742233734.7664757,0.0,0.0,0.00047417598962783814
1742233734.7673542,0.0,0.0,0.000469184011220932
1742233734.7682664,0.0,0.0,0.0004913919866085053
1742233734.7692018,0.0,0.0,0.0005148159861564636
1742233734.7701118,0.0,0.0,0.0004927360117435455
1742233734.771014,0.0,0.0,0.0004854080080986023
1742233734.7719235,0.0,0.0,0.0004881600141525269
1742233734.7728493,0.0,0.0,0.0005046719908714294
1742233734.7746735,0.0,0.0,0.0005494080185890198
1742233734.7756104,0.0,0.0,0.0005002239942550659
1742233734.776533,0.0,0.0,0.0005062400102615357
1742233734.7774832,0.0,0.0,0.0005035520195960998
1742233734.7783828,0.0,0.0,0.000481471985578537
1742233734.77928,0.0,0.0,0.00048256000876426697
1742233734.780172,0.0,0.0,0.00048764801025390626
1742233734.7810977,0.0,0.0,0.0005120959877967835
1742233734.7820055,0.0,0.0,0.0004877760112285614
1742233734.782898,0.0,0.0,0.00047484800219535825
1742233734.7837906,0.0,0.0,0.00047942399978637693
1742233734.78468,0.0,0.0,0.0004747839868068695
1742233734.7856073,0.0,0.0,0.0004883840084075928
1742233734.786508,0.0,0.0,0.0004872640073299408
1742233734.787393,0.0,0.0,0.00047395199537277223
1742233734.7882864,0.0,0.0,0.00047926399111747743
1742233734.789204,0.0,0.0,0.0005031359791755676
1742233734.7900984,0.0,0.0,0.00047606399655342104
1742233734.790985,0.0,0.0,0.00047302401065826415
1742233734.7918725,0.0,0.0,0.00047884801030158996
1742233734.7927804,0.0,0.0,0.0004916479885578156
1742233734.793667,0.0,0.0,0.00047676798701286316
1742233734.7945669,0.0,0.0,0.0004889920055866241
1742233734.7954519,0.0,0.0,0.0004772799909114838
1742233734.796337,0.0,0.0,0.0004716159999370575
1742233734.7972422,0.0,0.0,0.000476608008146286
1742233734.7981226,0.0,0.0,0.0004684799909591675
1742233734.7989967,0.0,0.0,0.0004685760140419006
1742233734.7998893,0.0,0.0,0.0004747200012207031
1742233734.8007889,0.0,0.0,0.00048419201374053956
1742233734.8016865,0.0,0.0,0.0004808000028133392
1742233734.802578,0.0,0.0,0.0004792320132255554
1742233734.8034687,0.0,0.0,0.0004732159972190857
1742233734.804363,0.0,0.0,0.0004807359874248505
1742233734.8052843,0.0,0.0,0.0004828479886054993
1742233734.8061707,0.0,0.0,0.000480320006608963
1742233734.807074,0.0,0.0,0.0004821439981460571
1742233734.8079696,0.0,0.0,0.00048134401440620423
1742233734.8088758,0.0,0.0,0.0004960640072822571
1742233734.8097723,0.0,0.0,0.0004782400131225586
1742233734.810661,0.0,0.0,0.0004755200147628784
1742233734.8115547,0.0,0.0,0.00047948798537254334
1742233734.8124447,0.0,0.0,0.00047948798537254334
1742233734.8133748,0.0,0.0,0.0004852159917354584
1742233734.8142684,0.0,0.0,0.00048051199316978457
1742233734.8151503,0.0,0.0,0.0004761280119419098
1742233734.8160286,0.0,0.0,0.00047190400958061217
1742233734.8169343,0.0,0.0,0.0005031999945640564
1742233734.8178196,0.0,0.0,0.000474047988653183
1742233734.818695,0.0,0.0,0.00047071999311447144
1742233734.8195786,0.0,0.0,0.000473471999168396
1742233734.820468,0.0,0.0,0.00047676798701286316
1742233734.8213797,0.0,0.0,0.00047494399547576906
1742233734.8222654,0.0,0.0,0.00047251200675964354
1742233734.8231506,0.0,0.0,0.00047859200835227966
1742233734.8240683,0.0,0.0,0.0004961279928684235
1742233734.8250146,0.0,0.0,0.0005233920216560364
1742233734.8259358,0.0,0.0,0.0004949440062046051
1742233734.826838,0.0,0.0,0.00048579201102256776
1742233734.8277223,0.0,0.0,0.000484607994556427
1742233734.829477,0.0,0.0,0.0012996480464935302
1742233734.8304827,0.0,0.0,0.0005175039768218994
1742233734.8314273,0.0,0.0,0.0005031999945640564
1742233734.832338,0.0,0.0,0.0004863680005073547
1742233734.8332775,0.0,0.0,0.0004925439953804016
1742233734.8341782,0.0,0.0,0.00048230400681495666
1742233734.8350725,0.0,0.0,0.0004818879961967468
1742233734.8359818,0.0,0.0,0.0004904960095882415
1742233734.8369076,0.0,0.0,0.0005145279765129089
1742233734.8378067,0.0,0.0,0.00048287999629974363
1742233734.8387039,0.0,0.0,0.00048070400953292847
1742233734.8396008,0.0,0.0,0.0004779840111732483
1742233734.8404956,0.0,0.0,0.0004755200147628784
1742233734.841416,0.0,0.0,0.000481440007686615
1742233734.8423095,0.0,0.0,0.00047782400250434874
1742233734.8432097,0.0,0.0,0.0004859200119972229
1742233734.8440938,0.0,0.0,0.00047225600481033323
1742233734.845001,0.0,0.0,0.0004917440116405487
1742233734.845897,0.0,0.0,0.00048182401061058045
1742233734.846781,0.0,0.0,0.0004727039933204651
1742233734.8476636,0.0,0.0,0.00047539201378822327
1742233734.8485558,0.0,0.0,0.0004774720072746277
1742233734.8494747,0.0,0.0,0.00047839999198913576
1742233734.8503664,0.0,0.0,0.0004768320024013519
1742233734.8512611,0.0,0.0,0.00047513601183891296
1742233734.8521574,0.0,0.0,0.00048476800322532653
1742233734.8530703,0.0,0.0,0.000497184008359909
1742233734.853954,0.0,0.0,0.00046959999203681946
1742233734.8548331,0.0,0.0,0.0004681279957294464
1742233734.855714,0.0,0.0,0.0004706239998340607
1742233734.8566022,0.0,0.0,0.0004752320051193237
1742233734.8575194,0.0,0.0,0.000477183997631073
1742233734.8584085,0.0,0.0,0.00047040000557899473
1742233734.8592987,0.0,0.0,0.0004787839949131012
1742233734.860192,0.0,0.0,0.00047596800327301023
1742233734.8611135,0.0,0.0,0.0005068479776382446
1742233734.8620052,0.0,0.0,0.0004711039960384369
1742233734.8629055,0.0,0.0,0.0004815039932727814
1742233734.8637965,0.0,0.0,0.00047305598855018616
1742233734.864684,0.0,0.0,0.0004810239970684051
1742233734.865616,0.0,0.0,0.0004874880015850067
1742233734.8665104,0.0,0.0,0.0004758400022983551
1742233734.8674002,0.0,0.0,0.00047235199809074404
1742233734.8682797,0.0,0.0,0.00047065600752830503
1742233734.8691907,0.0,0.0,0.0004975360035896301
1742233734.8700805,0.0,0.0,0.00047225600481033323
1742233734.8709848,0.0,0.0,0.0004818879961967468
1742233734.8718767,0.0,0.0,0.00047884801030158996
1742233734.872789,0.0,0.0,0.0005006399750709533
1742233734.8736987,0.0,0.0,0.0004888319969177246
1742233734.8745897,0.0,0.0,0.0004755840003490448
1742233734.8754761,0.0,0.0,0.0004752320051193237
1742233734.876369,0.0,0.0,0.0004806079864501953
1742233734.8772843,0.0,0.0,0.0004814079999923706
1742233734.8781817,0.0,0.0,0.00048041599988937376
1742233734.8790805,0.0,0.0,0.00048604801297187807
1742233734.8799887,0.0,0.0,0.00048201599717140195
1742233734.8809211,0.0,0.0,0.0005091840028762818
1742233734.881823,0.0,0.0,0.0004824000000953674
1742233734.8827167,0.0,0.0,0.0004808000028133392
1742233734.8836153,0.0,0.0,0.0004816640019416809
1742233734.8853831,0.0,0.0,0.0005510399937629699
1742233734.886341,0.0,0.0,0.0005095360279083252
1742233734.8872545,0.0,0.0,0.000492000013589859
1742233734.88817,0.0,0.0,0.0004943040013313294
1742233734.8891306,0.0,0.0,0.0005355200171470642
1742233734.89005,0.0,0.0,0.0004974400103092193
1742233734.890954,0.0,0.0,0.00048732799291610715
1742233734.8918438,0.0,0.0,0.00047782400250434874
1742233734.8927605,0.0,0.0,0.0005078399777412414
1742233734.8936782,0.0,0.0,0.000493151992559433
1742233734.894565,0.0,0.0,0.0004758720099925995
1742233734.8954492,0.0,0.0,0.00047231999039649964
1742233734.8963468,0.0,0.0,0.0004787200093269348
1742233734.8972642,0.0,0.0,0.00048211199045181276
1742233734.8981593,0.0,0.0,0.000475488007068634
1742233734.8990529,0.0,0.0,0.0004870080053806305
1742233734.89995,0.0,0.0,0.00048182401061058045
1742233734.9008586,0.0,0.0,0.0004919039905071259
1742233734.9017565,0.0,0.0,0.0004838399887084961
1742233734.9026535,0.0,0.0,0.00048131200671195983
1742233734.9035425,0.0,0.0,0.0004798400104045868
1742233734.9044337,0.0,0.0,0.00047968000173568724
1742233734.9053404,0.0,0.0,0.00047676798701286316
1742233734.906235,0.0,0.0,0.00047596800327301023
1742233734.9071317,0.0,0.0,0.00048185598850250245
1742233734.9080248,0.0,0.0,0.0004816640019416809
1742233734.908943,0.0,0.0,0.0005017600059509278
1742233734.909836,0.0,0.0,0.00048473599553108213
1742233734.9107122,0.0,0.0,0.00046544000506401064
1742233734.9115984,0.0,0.0,0.0004738560020923614
1742233734.912479,0.0,0.0,0.00047696000337600706
1742233734.9134007,0.0,0.0,0.00048396798968315126
1742233734.9142962,0.0,0.0,0.0004817279875278473
1742233734.9152002,0.0,0.0,0.0004851199984550476
1742233734.9160829,0.0,0.0,0.0004745280146598816
1742233734.9169924,0.0,0.0,0.0004975360035896301
1742233734.9178803,0.0,0.0,0.0004765760004520416
1742233734.9187639,0.0,0.0,0.00047724801301956177
1742233734.9196513,0.0,0.0,0.0004734080135822296
1742233734.920533,0.0,0.0,0.0004715520143508911
1742233734.921456,0.0,0.0,0.0004819839894771576
1742233734.9223585,0.0,0.0,0.0004918720126152039
1742233734.923248,0.0,0.0,0.00047782400250434874
1742233734.9241314,0.0,0.0,0.0004738239943981171
1742233734.925038,0.0,0.0,0.0004958080053329468
1742233734.9259493,0.0,0.0,0.0004900160133838653
1742233734.9268413,0.0,0.0,0.00048233601450920106
1742233734.9277296,0.0,0.0,0.0004731839895248413
1742233734.9286184,0.0,0.0,0.0004758720099925995
1742233734.9295354,0.0,0.0,0.000481471985578537
1742233734.9304233,0.0,0.0,0.0004752959907054901
1742233734.931306,0.0,0.0,0.0004710719883441925
1742233734.9321861,0.0,0.0,0.0004705919921398163
1742233734.933104,0.0,0.0,0.0005073279738426208
1742233734.9339914,0.0,0.0,0.0004755840003490448
1742233734.9349144,0.0,0.0,0.0004992960095405579
1742233734.9358268,0.0,0.0,0.0004917440116405487
1742233734.936758,0.0,0.0,0.0005117120146751403
1742233734.9376693,0.0,0.0,0.0004936639964580536
1742233734.9385765,0.0,0.0,0.0004852159917354584
1742233734.9402752,0.0,0.0,0.0012789440155029296
1742233734.941303,0.0,0.0,0.0005252799987792969
1742233734.942238,0.0,0.0,0.0004950079917907715
1742233734.94315,0.0,0.0,0.0004898560047149658
1742233734.944056,0.0,0.0,0.00048640000820159913
1742233734.9449954,0.0,0.0,0.0005173119902610779
1742233734.9458966,0.0,0.0,0.00048179200291633605
1742233734.9467945,0.0,0.0,0.00047926399111747743
1742233734.9476745,0.0,0.0,0.00047302401065826415
1742233734.9485593,0.0,0.0,0.00047539201378822327
1742233734.9494777,0.0,0.0,0.00048208001255989076
1742233734.9503748,0.0,0.0,0.0004784640073776245
1742233734.9512622,0.0,0.0,0.00047356799244880677
1742233734.9521387,0.0,0.0,0.000465472012758255
1742233734.9530745,0.0,0.0,0.0005258880257606506
1742233734.9539857,0.0,0.0,0.0004861760139465332
1742233734.9548965,0.0,0.0,0.00048822399973869323
1742233734.9557924,0.0,0.0,0.00047705599665641787
1742233734.9566817,0.0,0.0,0.00047443199157714845
1742233734.957609,0.0,0.0,0.00047942399978637693
1742233734.9584925,0.0,0.0,0.0004743039906024933
1742233734.95938,0.0,0.0,0.0004759359955787659
1742233734.9602664,0.0,0.0,0.00047555199265480043
1742233734.961188,0.0,0.0,0.0005080000162124633
1742233734.9620907,0.0,0.0,0.00048364800214767455
1742233734.9629893,0.0,0.0,0.0004832960069179535
1742233734.9638722,0.0,0.0,0.00047279998660087585
1742233734.9647892,0.0,0.0,0.0005072000026702881
1742233734.9656868,0.0,0.0,0.0004787200093269348
1742233734.966576,0.0,0.0,0.0004747520089149475
1742233734.9674673,0.0,0.0,0.0004798400104045868
1742233734.9683614,0.0,0.0,0.0004833599925041199
1742233734.9692774,0.0,0.0,0.0004812479913234711
1742233734.970166,0.0,0.0,0.0004800640046596527
1742233734.9711246,0.0,0.0,0.0004784640073776245
1742233734.9720101,0.0,0.0,0.0004748159945011139
1742233734.9729128,0.0,0.0,0.0004963839948177338
1742233734.9738114,0.0,0.0,0.0004838080108165741
1742233734.974702,0.0,0.0,0.0004782400131225586
1742233734.9755847,0.0,0.0,0.00047260800004005434
1742233734.9764743,0.0,0.0,0.0004768959879875183
1742233734.977395,0.0,0.0,0.00048134401440620423
1742233734.9782753,0.0,0.0,0.00046934399008750915
1742233734.979163,0.0,0.0,0.00047539201378822327
1742233734.9800456,0.0,0.0,0.00047468799352645875
1742233734.980951,0.0,0.0,0.0004910399913787842
1742233734.981831,0.0,0.0,0.0004718399941921234
1742233734.9827147,0.0,0.0,0.0004720320105552673
1742233734.9836028,0.0,0.0,0.00048022401332855225
1742233734.9844894,0.0,0.0,0.0004711039960384369
1742233734.9854128,0.0,0.0,0.00048159998655319215
1742233734.9863071,0.0,0.0,0.00047436800599098204
1742233734.9871898,0.0,0.0,0.0004702079892158508
1742233734.988075,0.0,0.0,0.0004737919867038727
1742233734.9889863,0.0,0.0,0.000502240002155304
1742233734.9898918,0.0,0.0,0.0004889920055866241
1742233734.990811,0.0,0.0,0.00048579201102256776
1742233734.9917157,0.0,0.0,0.00048022401332855225
1742233734.992609,0.0,0.0,0.00048070400953292847
1742233734.99355,0.0,0.0,0.0004949760138988495
1742233734.994451,0.0,0.0,0.00048476800322532653
1742233734.9962027,0.0,0.0,0.0005338879823684693
1742233734.9971857,0.0,0.0,0.0005418239831924439
1742233734.9981115,0.0,0.0,0.0004988160133361817
1742233734.9990244,0.0,0.0,0.0004919039905071259
1742233734.9999437,0.0,0.0,0.0004971520006656646
1742233735.0008647,0.0,0.0,0.0005089600086212159
1742233735.0017715,0.0,0.0,0.0004922879934310913
1742233735.0026689,0.0,0.0,0.0004773440062999725
1742233735.0035672,0.0,0.0,0.00048547199368476865
1742233735.0044603,0.0,0.0,0.0004806399941444397
1742233735.0053778,0.0,0.0,0.00048134401440620423
1742233735.006281,0.0,0.0,0.0004928320050239563
1742233735.0071824,0.0,0.0,0.0004865280091762543
1742233735.008067,0.0,0.0,0.0004713599979877472
1742233735.0089872,0.0,0.0,0.0005057600140571595
1742233735.0098803,0.0,0.0,0.0004810560047626495
1742233735.0107737,0.0,0.0,0.00047705599665641787
1742233735.0116613,0.0,0.0,0.00047814399003982545
1742233735.012545,0.0,0.0,0.0004700160026550293
1742233735.0134623,0.0,0.0,0.00048783999681472777
1742233735.0143476,0.0,0.0,0.000472927987575531
1742233735.0152416,0.0,0.0,0.0004839999973773956
1742233735.0161397,0.0,0.0,0.0004833599925041199
1742233735.0170562,0.0,0.0,0.0005075200200080871
1742233735.0179448,0.0,0.0,0.0004736959934234619
1742233735.0188277,0.0,0.0,0.0004729599952697754
1742233735.0197182,0.0,0.0,0.00047766399383544924
1742233735.0206099,0.0,0.0,0.0004849280118942261
1742233735.0215557,0.0,0.0,0.0004909439980983735
1742233735.0224552,0.0,0.0,0.00047977599501609805
1742233735.023361,0.0,0.0,0.00048556798696517946
1742233735.024253,0.0,0.0,0.0004822080135345459
1742233735.0251737,0.0,0.0,0.0005003520250320434
1742233735.0260756,0.0,0.0,0.0004827519953250885
1742233735.026974,0.0,0.0,0.0004844479858875275
1742233735.0278733,0.0,0.0,0.0004849599897861481
1742233735.028779,0.0,0.0,0.0004932799935340881
1742233735.0296817,0.0,0.0,0.00048348799347877505
1742233735.0305817,0.0,0.0,0.0004856320023536682
1742233735.0314827,0.0,0.0,0.00048640000820159913
1742233735.032379,0.0,0.0,0.00048387199640274046
1742233735.0333092,0.0,0.0,0.0004865280091762543
1742233735.0342033,0.0,0.0,0.0004801279902458191
1742233735.035088,0.0,0.0,0.00047260800004005434
1742233735.0359757,0.0,0.0,0.0004737919867038727
1742233735.0368981,0.0,0.0,0.0005090240240097046
1742233735.0377998,0.0,0.0,0.0004843200147151947
1742233735.0386884,0.0,0.0,0.00047788798809051514
1742233735.0395825,0.0,0.0,0.00048185598850250245
1742233735.0404673,0.0,0.0,0.00046959999203681946
1742233735.04139,0.0,0.0,0.00048787200450897217
1742233735.0422885,0.0,0.0,0.0004837760031223297
1742233735.043173,0.0,0.0,0.00047702398896217347
1742233735.0440667,0.0,0.0,0.0004801279902458191
1742233735.04499,0.0,0.0,0.0005086079835891724
1742233735.0459185,0.0,0.0,0.0004930559992790222
1742233735.046831,0.0,0.0,0.0004950720071792603
1742233735.0477302,0.0,0.0,0.0004861440062522888
1742233735.0486228,0.0,0.0,0.0004810239970684051
1742233735.0495563,0.0,0.0,0.00048640000820159913
1742233735.051323,0.0,0.0,0.0013422399759292602
1742233735.0523386,0.0,0.0,0.0005317760109901428
1742233735.0533166,0.0,0.0,0.0005096319913864136
1742233735.0542383,0.0,0.0,0.0004870080053806305
1742233735.0551436,0.0,0.0,0.0004846400022506714
1742233735.0560453,0.0,0.0,0.0004833280146121979
1742233735.056963,0.0,0.0,0.0005061119794845581
1742233735.0578663,0.0,0.0,0.0004838080108165741
1742233735.0587552,0.0,0.0,0.0004789760112762451
1742233735.0596404,0.0,0.0,0.00047488000988960265
1742233735.0605278,0.0,0.0,0.00047190400958061217
1742233735.0614533,0.0,0.0,0.00048499199748039244
1742233735.0623362,0.0,0.0,0.0004720000028610229
1742233735.0632195,0.0,0.0,0.0004711039960384369
1742233735.0641131,0.0,0.0,0.00048368000984191895
1742233735.0650215,0.0,0.0,0.0004999040067195892
1742233735.0659068,0.0,0.0,0.0004757120013236999
1742233735.0667973,0.0,0.0,0.00047839999198913576
1742233735.0676754,0.0,0.0,0.00046963199973106386
1742233735.0685482,0.0,0.0,0.00046544000506401064
1742233735.0694597,0.0,0.0,0.0004774720072746277
1742233735.0703492,0.0,0.0,0.0004795840084552765
1742233735.0712354,0.0,0.0,0.0004793600142002106
1742233735.0721095,0.0,0.0,0.0004713599979877472
1742233735.073028,0.0,0.0,0.0005106239914894104
1742233735.0739334,0.0,0.0,0.00047926399111747743
1742233735.0748136,0.0,0.0,0.0004715200066566467
1742233735.0756986,0.0,0.0,0.00047580799460411073
1742233735.0765874,0.0,0.0,0.0004784319996833801
1742233735.077511,0.0,0.0,0.00048345598578453065
1742233735.0784082,0.0,0.0,0.0004787519872188568
1742233735.079296,0.0,0.0,0.0004761599898338318
1742233735.0801873,0.0,0.0,0.0004793600142002106
1742233735.0811057,0.0,0.0,0.0005112959742546081
1742233735.0820017,0.0,0.0,0.0004806079864501953
1742233735.0828884,0.0,0.0,0.0004701119959354401
1742233735.0837822,0.0,0.0,0.00047279998660087585
1742233735.0846689,0.0,0.0,0.000477183997631073
1742233735.0855894,0.0,0.0,0.00047574400901794433
1742233735.0864732,0.0,0.0,0.00047209599614143373
1742233735.087367,0.0,0.0,0.00047516798973083497
1742233735.0882568,0.0,0.0,0.00047951999306678774
1742233735.0891745,0.0,0.0,0.0005078080296516418
1742233735.0900705,0.0,0.0,0.00048236799240112307
1742233735.0909615,0.0,0.0,0.0004787519872188568
1742233735.0918515,0.0,0.0,0.00048070400953292847
1742233735.0927727,0.0,0.0,0.0005030400156974793
1742233735.0936735,0.0,0.0,0.00048403200507164
1742233735.0945687,0.0,0.0,0.0004790079891681671
1742233735.0954485,0.0,0.0,0.00047046399116516113
1742233735.0963364,0.0,0.0,0.00047286400198936465
1742233735.0972397,0.0,0.0,0.00047519999742507937
1742233735.0981295,0.0,0.0,0.00046729600429534914
1742233735.0990117,0.0,0.0,0.00047046399116516113
1742233735.0998898,0.0,0.0,0.0004679040014743805
1742233735.1008031,0.0,0.0,0.0005072960257530212
1742233735.101727,0.0,0.0,0.00048550400137901305
1742233735.1026266,0.0,0.0,0.0004805440008640289
1742233735.103521,0.0,0.0,0.0004838399887084961
1742233735.1044152,0.0,0.0,0.0004819839894771576
1742233735.1053495,0.0,0.0,0.0004907839894294739
1742233735.1071122,0.0,0.0,0.000556768000125885
1742233735.1080904,0.0,0.0,0.0005083839893341064
1742233735.1090372,0.0,0.0,0.0005178239941596985
1742233735.1099648,0.0,0.0,0.0004962559938430786
1742233735.110867,0.0,0.0,0.00048371198773384096
1742233735.1117592,0.0,0.0,0.00047334399819374086
1742233735.1126595,0.0,0.0,0.0004919359982013703
1742233735.1135848,0.0,0.0,0.0004826239943504334
1742233735.1144817,0.0,0.0,0.00048643198609352113
1742233735.1153827,0.0,0.0,0.0004826560020446777
1742233735.1162794,0.0,0.0,0.0004864960014820099
1742233735.1172018,0.0,0.0,0.0005107200145721435
1742233735.1181028,0.0,0.0,0.0004784319996833801
1742233735.118998,0.0,0.0,0.00047891199588775637
1742233735.1198874,0.0,0.0,0.00048185598850250245
1742233735.1208003,0.0,0.0,0.0005011199712753295
1742233735.121713,0.0,0.0,0.0004887680113315582
1742233735.1226113,0.0,0.0,0.0004835839867591858
1742233735.1234958,0.0,0.0,0.00047580799460411073
1742233735.124382,0.0,0.0,0.0004747200012207031
1742233735.1253035,0.0,0.0,0.00047839999198913576
1742233735.126198,0.0,0.0,0.0004758400022983551
1742233735.1270921,0.0,0.0,0.00047993600368499755
1742233735.127992,0.0,0.0,0.00048067200183868407
1742233735.1289182,0.0,0.0,0.0005096960067749024
1742233735.1298215,0.0,0.0,0.0004816640019416809
1742233735.1306992,0.0,0.0,0.0004706239998340607
1742233735.131591,0.0,0.0,0.0004828160107135773
1742233735.1324785,0.0,0.0,0.0004764159917831421
1742233735.1334047,0.0,0.0,0.00048579201102256776
1742233735.1342874,0.0,0.0,0.00047391998767852783
1742233735.1351693,0.0,0.0,0.0004722239971160889
1742233735.136057,0.0,0.0,0.00047699201107025146
1742233735.136961,0.0,0.0,0.0004935359954833984
1742233735.1378498,0.0,0.0,0.00048044800758361816
1742233735.1387386,0.0,0.0,0.000474016010761261
1742233735.139637,0.0,0.0,0.0004768640100955963
1742233735.140531,0.0,0.0,0.00047676798701286316
1742233735.1414492,0.0,0.0,0.0004826880097389221
1742233735.142335,0.0,0.0,0.0004726400077342987
1742233735.1432297,0.0,0.0,0.000481440007686615
1742233735.1441119,0.0,0.0,0.0004699839949607849
1742233735.1450257,0.0,0.0,0.0005033599734306335
1742233735.1459157,0.0,0.0,0.0004755840003490448
1742233735.1468124,0.0,0.0,0.00048483198881149294
1742233735.1476958,0.0,0.0,0.00047724801301956177
1742233735.1485844,0.0,0.0,0.00047091200947761534
1742233735.149495,0.0,0.0,0.00047049599885940553
1742233735.1503866,0.0,0.0,0.0004758400022983551
1742233735.1512747,0.0,0.0,0.0004726400077342987
1742233735.152154,0.0,0.0,0.00047305598855018616
1742233735.1530628,0.0,0.0,0.0004977920055389404
1742233735.1539578,0.0,0.0,0.00047775998711586
1742233735.1548562,0.0,0.0,0.00048163199424743655
1742233735.1557355,0.0,0.0,0.0004667200148105621
1742233735.1566377,0.0,0.0,0.0004824320077896118
1742233735.1575754,0.0,0.0,0.00048790401220321657
1742233735.158481,0.0,0.0,0.0004856959879398346
1742233735.1593692,0.0,0.0,0.0004763840138912201
1742233735.1602602,0.0,0.0,0.00048131200671195983
1742233735.161958,0.0,0.0,0.0005078719854354858
1742233735.1629739,0.0,0.0,0.0005275840163230896
1742233735.163906,0.0,0.0,0.0004976319968700408
1742233735.1648366,0.0,0.0,0.000510047972202301
1742233735.1657462,0.0,0.0,0.0004938560128211975
1742233735.1666462,0.0,0.0,0.0004872640073299408
1742233735.1675336,0.0,0.0,0.00047596800327301023
1742233735.1684368,0.0,0.0,0.0004872319996356964
1742233735.1693532,0.0,0.0,0.0004761280119419098
1742233735.1702528,0.0,0.0,0.0004865599870681763
1742233735.1711442,0.0,0.0,0.00047862398624420166
1742233735.1720407,0.0,0.0,0.0004803839921951294
1742233735.172951,0.0,0.0,0.000501695990562439
1742233735.1738474,0.0,0.0,0.0004782080054283142
1742233735.174741,0.0,0.0,0.0004806079864501953
1742233735.1756334,0.0,0.0,0.00047971200942993164
1742233735.1765275,0.0,0.0,0.00048067200183868407
1742233735.1774516,0.0,0.0,0.0004864960014820099
1742233735.178325,0.0,0.0,0.0004650560021400452
1742233735.1792018,0.0,0.0,0.00046720001101493834
1742233735.180088,0.0,0.0,0.00047555199265480043
1742233735.1809986,0.0,0.0,0.0004943999946117402
1742233735.181883,0.0,0.0,0.0004727360010147095
1742233735.1827781,0.0,0.0,0.00048252800107002257
1742233735.1836646,0.0,0.0,0.00047539201378822327
1742233735.1845474,0.0,0.0,0.00047145599126815796
1742233735.1854644,0.0,0.0,0.00047865599393844606
1742233735.1863573,0.0,0.0,0.00047775998711586
1742233735.187226,0.0,0.0,0.0004625599980354309
1742233735.188108,0.0,0.0,0.0004750399887561798
1742233735.1890068,0.0,0.0,0.0004896639883518219
1742233735.1898851,0.0,0.0,0.00046639999747276307
1742233735.1907666,0.0,0.0,0.0004738880097866058
1742233735.1916482,0.0,0.0,0.0004739840030670166
1742233735.1925268,0.0,0.0,0.00046905601024627684
1742233735.1934438,0.0,0.0,0.0004737280011177063
1742233735.1943414,0.0,0.0,0.00048156800866127014
1742233735.1952257,0.0,0.0,0.0004716159999370575
1742233735.196114,0.0,0.0,0.0004759359955787659
1742233735.1970298,0.0,0.0,0.0005022079944610596
1742233735.1979296,0.0,0.0,0.0004884159862995148
1742233735.198825,0.0,0.0,0.00048396798968315126
1742233735.1997101,0.0,0.0,0.000474047988653183
1742233735.2005968,0.0,0.0,0.0004770880043506622
1742233735.2015276,0.0,0.0,0.0004872640073299408
1742233735.2024248,0.0,0.0,0.0004739840030670166
1742233735.203322,0.0,0.0,0.0004810560047626495
1742233735.2042177,0.0,0.0,0.0004833599925041199
1742233735.2051406,0.0,0.0,0.000514847993850708
1742233735.2060301,0.0,0.0,0.000474592000246048
1742233735.2069206,0.0,0.0,0.0004835200011730194
1742233735.2078123,0.0,0.0,0.0004796159863471985
1742233735.208724,0.0,0.0,0.0004800319969654083
1742233735.209619,0.0,0.0,0.00047276800870895384
1742233735.2105072,0.0,0.0,0.00047555199265480043
1742233735.2113955,0.0,0.0,0.00047625601291656494
1742233735.2123024,0.0,0.0,0.0004877119958400726
1742233735.2132347,0.0,0.0,0.0004945600032806397
1742233735.2141404,0.0,0.0,0.00048710399866104125
1742233735.2150354,0.0,0.0,0.00048051199316978457
1742233735.2159352,0.0,0.0,0.00048320001363754274
1742233735.2176661,0.0,0.0,0.0013091520071029663
1742233735.2186549,0.0,0.0,0.0005161920189857483
1742233735.2195954,0.0,0.0,0.0005015360116958619
1742233735.2205129,0.0,0.0,0.000491104006767273
1742233735.2214575,0.0,0.0,0.0004883520007133484
1742233735.2223704,0.0,0.0,0.0004918720126152039
1742233735.223263,0.0,0.0,0.00047865599393844606
1742233735.2241664,0.0,0.0,0.0004864639937877655
1742233735.225086,0.0,0.0,0.0005068479776382446
1742233735.2259877,0.0,0.0,0.0004803520143032074
1742233735.22688,0.0,0.0,0.0004744960069656372
1742233735.227769,0.0,0.0,0.0004743039906024933
1742233735.22866,0.0,0.0,0.0004796479940414429
1742233735.229573,0.0,0.0,0.0004740799963474274
1742233735.2304628,0.0,0.0,0.00047171199321746827
1742233735.2313411,0.0,0.0,0.00047353601455688476
1742233735.232224,0.0,0.0,0.00047324800491333006
1742233735.2331526,0.0,0.0,0.0005169280171394348
1742233735.2340546,0.0,0.0,0.00047996801137924195
1742233735.2349315,0.0,0.0,0.0004671359956264496
1742233735.235804,0.0,0.0,0.00046582400798797605
1742233735.236674,0.0,0.0,0.0004646399915218353
1742233735.237611,0.0,0.0,0.000489439994096756
1742233735.238509,0.0,0.0,0.0004880639910697937
1742233735.2394004,0.0,0.0,0.000476608008146286
1742233735.2402818,0.0,0.0,0.0004710400104522705
1742233735.2412102,0.0,0.0,0.0005181120038032532
1742233735.2420945,0.0,0.0,0.0004787200093269348
1742233735.2429848,0.0,0.0,0.00047977599501609805
1742233735.243863,0.0,0.0,0.00046704000234603884
1742233735.2447722,0.0,0.0,0.0004944320023059844
1742233735.2456818,0.0,0.0,0.00048582398891448977
1742233735.2465801,0.0,0.0,0.0004802879989147186
1742233735.247469,0.0,0.0,0.0004747200012207031
1742233735.2483432,0.0,0.0,0.0004676159918308258
1742233735.2492476,0.0,0.0,0.00047360000014305117
1742233735.250153,0.0,0.0,0.0004886400103569031
1742233735.2510388,0.0,0.0,0.00047465598583221435
1742233735.2519286,0.0,0.0,0.0004817599952220917
1742233735.252841,0.0,0.0,0.0005050879716873169
1742233735.2537415,0.0,0.0,0.0004805440008640289
1742233735.2546308,0.0,0.0,0.00047440001368522644
1742233735.2555187,0.0,0.0,0.000477183997631073
1742233735.2564116,0.0,0.0,0.00048316800594329834
1742233735.2573168,0.0,0.0,0.000474592000246048
1742233735.258195,0.0,0.0,0.0004752959907054901
1742233735.2590823,0.0,0.0,0.00047513601183891296
1742233735.259967,0.0,0.0,0.0004756799936294556
1742233735.2608821,0.0,0.0,0.0004990719854831696
1742233735.2617817,0.0,0.0,0.00047974398732185365
1742233735.2626688,0.0,0.0,0.00047353601455688476
1742233735.2635562,0.0,0.0,0.00047670400142669675
1742233735.264446,0.0,0.0,0.0004795520007610321
1742233735.2653542,0.0,0.0,0.00047190400958061217
1742233735.2662506,0.0,0.0,0.0004806079864501953
1742233735.2671497,0.0,0.0,0.0004851840138435364
1742233735.2680683,0.0,0.0,0.00048787200450897217
1742233735.268997,0.0,0.0,0.0005061759948730469
1742233735.2698963,0.0,0.0,0.0004759359955787659
1742233735.2707837,0.0,0.0,0.00047279998660087585
1742233735.271742,0.0,0.0,0.0004858559966087341
1742233735.2735412,0.0,0.0,0.001355679988861084
1742233735.2745373,0.0,0.0,0.0005186560153961181
1742233735.275463,0.0,0.0,0.0004914239943027497
1742233735.2763765,0.0,0.0,0.00048825600743293763
1742233735.2773054,0.0,0.0,0.00048783999681472777
1742233735.2782106,0.0,0.0,0.0004858880043029785
1742233735.2791047,0.0,0.0,0.0004800640046596527
1742233735.2800007,0.0,0.0,0.00047676798701286316
1742233735.2809072,0.0,0.0,0.0004990400075912476
1742233735.2818098,0.0,0.0,0.00048387199640274046
1742233735.2826989,0.0,0.0,0.00047097599506378175
1742233735.2835908,0.0,0.0,0.00047999998927116395
1742233735.284483,0.0,0.0,0.0004802879989147186
1742233735.2854211,0.0,0.0,0.000494271993637085
1742233735.2863295,0.0,0.0,0.0004963200092315674
1742233735.2872787,0.0,0.0,0.000497184008359909
1742233735.2881992,0.0,0.0,0.0004945920109748841
1742233735.2891366,0.0,0.0,0.0005155519843101501
1742233735.290039,0.0,0.0,0.0004832960069179535
1742233735.290941,0.0,0.0,0.0004837760031223297
1742233735.291839,0.0,0.0,0.0004856959879398346
1742233735.292741,0.0,0.0,0.0004920960068702698
1742233735.2936275,0.0,0.0,0.00047699201107025146
1742233735.294514,0.0,0.0,0.0004806399941444397
1742233735.2953954,0.0,0.0,0.00047091200947761534
1742233735.2962866,0.0,0.0,0.00048015999794006345
1742233735.2971952,0.0,0.0,0.0005016000270843505
1742233735.298092,0.0,0.0,0.0004808000028133392
1742233735.298985,0.0,0.0,0.00047999998927116395
1742233735.2998714,0.0,0.0,0.00047600001096725463
1742233735.3007867,0.0,0.0,0.0004987199902534485
1742233735.301674,0.0,0.0,0.00047513601183891296
1742233735.3025653,0.0,0.0,0.00047996801137924195
1742233735.3034616,0.0,0.0,0.0004809600114822388
1742233735.3043423,0.0,0.0,0.00047516798973083497
1742233735.3052564,0.0,0.0,0.000476639986038208
1742233735.3061414,0.0,0.0,0.00047836801409721375
1742233735.3070216,0.0,0.0,0.0004694080054759979
1742233735.3079019,0.0,0.0,0.00047328001260757446
1742233735.3088138,0.0,0.0,0.0005007359981536865
1742233735.309715,0.0,0.0,0.0004843519926071167
1742233735.3105924,0.0,0.0,0.0004692800045013428
1742233735.3114736,0.0,0.0,0.00047910401225090027
1742233735.3123593,0.0,0.0,0.0004738239943981171
1742233735.31327,0.0,0.0,0.0004785279929637909
1742233735.314163,0.0,0.0,0.0004792959988117218
1742233735.315044,0.0,0.0,0.00047276800870895384
1742233735.3159409,0.0,0.0,0.0004811840057373047
1742233735.3168564,0.0,0.0,0.0005077440142631531
1742233735.3177576,0.0,0.0,0.00048297598958015444
1742233735.3186412,0.0,0.0,0.0004768640100955963
1742233735.3195305,0.0,0.0,0.0004796479940414429
1742233735.3204086,0.0,0.0,0.00047091200947761534
1742233735.3213232,0.0,0.0,0.00047628799080848695
1742233735.3222232,0.0,0.0,0.00048323199152946474
1742233735.3231442,0.0,0.0,0.0004975999891757965
1742233735.3240442,0.0,0.0,0.00048694398999214175
1742233735.3249886,0.0,0.0,0.0005185920000076294
1742233735.3258915,0.0,0.0,0.00048227199912071226
1742233735.326783,0.0,0.0,0.00047782400250434874
1742233735.3285174,0.0,0.0,0.0013193600177764892
1742233735.3295853,0.0,0.0,0.0005482879877090454
1742233735.3305337,0.0,0.0,0.0005072640180587768
1742233735.3314528,0.0,0.0,0.0004899519979953766
1742233735.3323603,0.0,0.0,0.00048390400409698486
1742233735.3332894,0.0,0.0,0.0004884159862995148
1742233735.334179,0.0,0.0,0.00047420799732208254
1742233735.3350732,0.0,0.0,0.0004782080054283142
1742233735.335959,0.0,0.0,0.000474592000246048
1742233735.3368745,0.0,0.0,0.000500544011592865
1742233735.3377733,0.0,0.0,0.00047510400414466856
1742233735.3386693,0.0,0.0,0.0004817279875278473
1742233735.3395622,0.0,0.0,0.00048022401332855225
1742233735.3404534,0.0,0.0,0.0004768320024013519
1742233735.341368,0.0,0.0,0.0004810560047626495
1742233735.3422656,0.0,0.0,0.0004830079972743988
1742233735.3431544,0.0,0.0,0.00047891199588775637
1742233735.3440452,0.0,0.0,0.00048201599717140195
1742233735.344966,0.0,0.0,0.000506496012210846
1742233735.3458667,0.0,0.0,0.0004887680113315582
1742233735.346751,0.0,0.0,0.0004787839949131012
1742233735.3476336,0.0,0.0,0.00047228801250457763
1742233735.3485217,0.0,0.0,0.00047651201486587525
1742233735.349441,0.0,0.0,0.0004784640073776245
1742233735.350331,0.0,0.0,0.00047360000014305117
1742233735.3512285,0.0,0.0,0.0004903680086135864
1742233735.3521214,0.0,0.0,0.00047999998927116395
1742233735.3530374,0.0,0.0,0.0005019199848175049
1742233735.3539314,0.0,0.0,0.00047996801137924195
1742233735.3548303,0.0,0.0,0.00047679999470710756
1742233735.3557165,0.0,0.0,0.0004739840030670166
1742233735.3565924,0.0,0.0,0.0004679040014743805
1742233735.3575075,0.0,0.0,0.0004771519899368286
1742233735.3583946,0.0,0.0,0.00046956801414489745
1742233735.35928,0.0,0.0,0.0004782080054283142
1742233735.360296,0.0,0.0,0.0004885120093822479
1742233735.3612149,0.0,0.0,0.0005090559720993042
1742233735.3621194,0.0,0.0,0.0004864960014820099
1742233735.3630018,0.0,0.0,0.00047302401065826415
1742233735.3638856,0.0,0.0,0.0004726719856262207
1742233735.364782,0.0,0.0,0.000493472009897232
1742233735.3656745,0.0,0.0,0.0004752959907054901
1742233735.3665552,0.0,0.0,0.0004752640128135681
1742233735.3674436,0.0,0.0,0.000477183997631073
1742233735.368324,0.0,0.0,0.0004737919867038727
1742233735.369242,0.0,0.0,0.0004858880043029785
1742233735.3701353,0.0,0.0,0.00047510400414466856
1742233735.3710227,0.0,0.0,0.00047411200404167173
1742233735.371897,0.0,0.0,0.0004690240025520325
1742233735.3728087,0.0,0.0,0.000495743989944458
1742233735.3737028,0.0,0.0,0.0004763520061969757
1742233735.374597,0.0,0.0,0.0004833599925041199
1742233735.375487,0.0,0.0,0.00047724801301956177
1742233735.3763816,0.0,0.0,0.0004785279929637909
1742233735.3773048,0.0,0.0,0.00048742398619651796
1742233735.3782234,0.0,0.0,0.000495712012052536
1742233735.3791482,0.0,0.0,0.00048767998814582827
1742233735.3800511,0.0,0.0,0.00047974398732185365
1742233735.3809726,0.0,0.0,0.0005120959877967835
1742233735.3818767,0.0,0.0,0.000486303985118866
1742233735.3827777,0.0,0.0,0.0004830400049686432
1742233735.3845801,0.0,0.0,0.0005511999726295472
1742233735.385573,0.0,0.0,0.000500927984714508
1742233735.3865135,0.0,0.0,0.0005081920027732849
1742233735.387416,0.0,0.0,0.0004843519926071167
1742233735.3883162,0.0,0.0,0.000485152006149292
1742233735.3892424,0.0,0.0,0.0004955199956893921
1742233735.3901525,0.0,0.0,0.0004899199903011322
1742233735.3910446,0.0,0.0,0.0004793600142002106
1742233735.3919435,0.0,0.0,0.00048252800107002257
1742233735.3928611,0.0,0.0,0.0005009599924087524
1742233735.3937635,0.0,0.0,0.0004843519926071167
1742233735.3946536,0.0,0.0,0.0004791359901428223
1742233735.395536,0.0,0.0,0.0004755840003490448
1742233735.3964179,0.0,0.0,0.00047235199809074404
1742233735.3973556,0.0,0.0,0.0004926719963550568
1742233735.3982542,0.0,0.0,0.0004758400022983551
1742233735.3991418,0.0,0.0,0.0004745599925518036
1742233735.400027,0.0,0.0,0.0004791359901428223
1742233735.4009507,0.0,0.0,0.0005086079835891724
1742233735.4018397,0.0,0.0,0.0004752320051193237
1742233735.4027174,0.0,0.0,0.00046729600429534914
1742233735.4036098,0.0,0.0,0.000476639986038208
1742233735.4044948,0.0,0.0,0.0004731200039386749
1742233735.405408,0.0,0.0,0.0004754559993743897
1742233735.4062972,0.0,0.0,0.00047651201486587525
1742233735.407179,0.0,0.0,0.00047023999691009523
1742233735.4080687,0.0,0.0,0.00047231999039649964
1742233735.408975,0.0,0.0,0.0005015040040016175
1742233735.4098742,0.0,0.0,0.00048412799835205076
1742233735.410757,0.0,0.0,0.0004779520034790039
1742233735.4116366,0.0,0.0,0.0004710719883441925
1742233735.4125082,0.0,0.0,0.0004716159999370575
1742233735.413437,0.0,0.0,0.0004845120012760162
1742233735.4143205,0.0,0.0,0.0004738560020923614
1742233735.4152107,0.0,0.0,0.00047574400901794433
1742233735.4160922,0.0,0.0,0.00047113600373268125
1742233735.417001,0.0,0.0,0.0004948480129241944
1742233735.417894,0.0,0.0,0.00048015999794006345
1742233735.4187791,0.0,0.0,0.0004731200039386749
1742233735.41968,0.0,0.0,0.0004805440008640289
1742233735.4205694,0.0,0.0,0.00048508799076080325
1742233735.421494,0.0,0.0,0.00048291200399398803
1742233735.4223917,0.0,0.0,0.00047968000173568724
1742233735.423281,0.0,0.0,0.0004819839894771576
1742233735.42417,0.0,0.0,0.00048015999794006345
1742233735.4250915,0.0,0.0,0.0005054399967193604
1742233735.4259875,0.0,0.0,0.0004787200093269348
1742233735.4268744,0.0,0.0,0.00047468799352645875
1742233735.4277616,0.0,0.0,0.0004830720126628876
1742233735.4286628,0.0,0.0,0.0004819200038909912
1742233735.429593,0.0,0.0,0.0004895679950714111
1742233735.4304748,0.0,0.0,0.00047494399547576906
1742233735.431372,0.0,0.0,0.0004839999973773956
1742233735.4322646,0.0,0.0,0.0004809600114822388
1742233735.43318,0.0,0.0,0.0005022720098495484
1742233735.4341018,0.0,0.0,0.0004987199902534485
1742233735.4349957,0.0,0.0,0.0004761280119419098
1742233735.4358897,0.0,0.0,0.0004784959852695465
1742233735.4368036,0.0,0.0,0.0004984639883041382
1742233735.437715,0.0,0.0,0.0004861440062522888
1742233735.4386268,0.0,0.0,0.000485152006149292
1742233735.4404364,0.0,0.0,0.0005387200117111206
1742233735.4414122,0.0,0.0,0.0005137280225753784
1742233735.4423397,0.0,0.0,0.0005020800232887268
1742233735.4432511,0.0,0.0,0.0004976960122585296
1742233735.4441543,0.0,0.0,0.0004892480075359344
1742233735.4450774,0.0,0.0,0.0005080000162124633
1742233735.4459627,0.0,0.0,0.0004795840084552765
1742233735.446864,0.0,0.0,0.0004861440062522888
1742233735.4477594,0.0,0.0,0.00048412799835205076
1742233735.4486523,0.0,0.0,0.0004809280037879944
1742233735.449578,0.0,0.0,0.00048297598958015444
1742233735.450476,0.0,0.0,0.0004812160134315491
1742233735.4513648,0.0,0.0,0.0004792959988117218
1742233735.4522562,0.0,0.0,0.0004754559993743897
1742233735.4531715,0.0,0.0,0.0005089600086212159
1742233735.4540663,0.0,0.0,0.0004750080108642578
1742233735.4549465,0.0,0.0,0.0004724160134792328
1742233735.4558353,0.0,0.0,0.0004792320132255554
1742233735.4567406,0.0,0.0,0.0004951040148735047
1742233735.4576323,0.0,0.0,0.00047740799188613893
1742233735.458522,0.0,0.0,0.00047862398624420166
1742233735.4594114,0.0,0.0,0.00047440001368522644
1742233735.4602978,0.0,0.0,0.0004782719910144806
1742233735.461214,0.0,0.0,0.0005036479830741882
1742233735.4621136,0.0,0.0,0.0004827519953250885
1742233735.4630072,0.0,0.0,0.0004784959852695465
1742233735.4638767,0.0,0.0,0.0004650560021400452
1742233735.4647763,0.0,0.0,0.000492576003074646
1742233735.465663,0.0,0.0,0.00048044800758361816
1742233735.4665515,0.0,0.0,0.00047881600260734556
1742233735.4674413,0.0,0.0,0.00047926399111747743
1742233735.4683347,0.0,0.0,0.00047945600748062133
1742233735.4693172,0.0,0.0,0.0004867840111255646
1742233735.470219,0.0,0.0,0.00048111999034881593
1742233735.4711127,0.0,0.0,0.0004803839921951294
1742233735.4720056,0.0,0.0,0.00047648000717163085
1742233735.4729204,0.0,0.0,0.0005058240294456482
1742233735.473829,0.0,0.0,0.000488319993019104
1742233735.4747312,0.0,0.0,0.0004882879853248596
1742233735.4756248,0.0,0.0,0.0004790079891681671
1742233735.4765072,0.0,0.0,0.0004726400077342987
1742233735.4774294,0.0,0.0,0.0004894079864025116
1742233735.4783108,0.0,0.0,0.00047334399819374086
1742233735.4791927,0.0,0.0,0.00047334399819374086
1742233735.4800766,0.0,0.0,0.00047260800004005434
1742233735.4809952,0.0,0.0,0.0005060480237007141
1742233735.4818885,0.0,0.0,0.0004793919920921326
1742233735.4827733,0.0,0.0,0.00047251200675964354
1742233735.4836574,0.0,0.0,0.0004732159972190857
1742233735.4845479,0.0,0.0,0.00047891199588775637
1742233735.4854572,0.0,0.0,0.0004817599952220917
1742233735.4863405,0.0,0.0,0.0004715839922428131
1742233735.487222,0.0,0.0,0.00047040000557899473
1742233735.4881065,0.0,0.0,0.00047046399116516113
1742233735.4890234,0.0,0.0,0.0005072960257530212
1742233735.4899573,0.0,0.0,0.0004910399913787842
1742233735.490861,0.0,0.0,0.0004839999973773956
1742233735.4917648,0.0,0.0,0.00048271998763084413
1742233735.492662,0.0,0.0,0.0004847039878368378
1742233735.4936025,0.0,0.0,0.0004909119904041291
1742233735.4952767,0.0,0.0,0.0012548799514770508
1742233735.4962451,0.0,0.0,0.0005067200064659119
1742233735.4972198,0.0,0.0,0.0005261440277099609
1742233735.498136,0.0,0.0,0.0004902400076389312
1742233735.4990385,0.0,0.0,0.00048153600096702574
1742233735.4999425,0.0,0.0,0.0004880000054836273
1742233735.5008574,0.0,0.0,0.0005052480101585389
1742233735.5017502,0.0,0.0,0.0004756160080432892
1742233735.5026445,0.0,0.0,0.0004815039932727814
1742233735.5035348,0.0,0.0,0.0004768320024013519
1742233735.5044153,0.0,0.0,0.0004738239943981171
1742233735.5053213,0.0,0.0,0.00047791999578475954
1742233735.5062015,0.0,0.0,0.0004734399914741516
1742233735.5070934,0.0,0.0,0.0004798719882965088
1742233735.5079727,0.0,0.0,0.00047040000557899473
1742233735.5088754,0.0,0.0,0.0004914239943027497
1742233735.509762,0.0,0.0,0.00047324800491333006
1742233735.510643,0.0,0.0,0.0004699519872665405
1742233735.5115287,0.0,0.0,0.00047670400142669675
1742233735.512409,0.0,0.0,0.00046828800439834597
1742233735.5133193,0.0,0.0,0.000477728009223938
1742233735.5142205,0.0,0.0,0.0004795840084552765
1742233735.5151057,0.0,0.0,0.00047596800327301023
1742233735.5159907,0.0,0.0,0.0004738239943981171
1742233735.516899,0.0,0.0,0.0004974400103092193
1742233735.517782,0.0,0.0,0.00047097599506378175
1742233735.5186791,0.0,0.0,0.0004844479858875275
1742233735.5195735,0.0,0.0,0.0004766719937324524
1742233735.5204613,0.0,0.0,0.00047862398624420166
1742233735.5213857,0.0,0.0,0.0004809600114822388
1742233735.5222628,0.0,0.0,0.0004675840139389038
1742233735.5231476,0.0,0.0,0.00047283199429512025
1742233735.5240197,0.0,0.0,0.0004684799909591675
1742233735.5249424,0.0,0.0,0.0005052160024642945
1742233735.525834,0.0,0.0,0.0004805440008640289
1742233735.5267272,0.0,0.0,0.00048211199045181276
1742233735.52761,0.0,0.0,0.0004706239998340607
1742233735.5284917,0.0,0.0,0.00046883198618888854
1742233735.5294054,0.0,0.0,0.0004750399887561798
1742233735.5303042,0.0,0.0,0.000484607994556427
1742233735.531196,0.0,0.0,0.00048287999629974363
1742233735.5320868,0.0,0.0,0.0004755840003490448
1742233735.5330052,0.0,0.0,0.0005081279873847961
1742233735.533891,0.0,0.0,0.00046937599778175355
1742233735.5347745,0.0,0.0,0.00047302401065826415
1742233735.535653,0.0,0.0,0.000467168003320694
1742233735.536534,0.0,0.0,0.0004733760058879852
1742233735.5374599,0.0,0.0,0.0004787200093269348
1742233735.538363,0.0,0.0,0.00048825600743293763
1742233735.5392551,0.0,0.0,0.0004796479940414429
1742233735.540144,0.0,0.0,0.0004761280119419098
1742233735.5410573,0.0,0.0,0.0004992960095405579
1742233735.541958,0.0,0.0,0.00048412799835205076
1742233735.542848,0.0,0.0,0.0004777919948101044
1742233735.5437384,0.0,0.0,0.00047926399111747743
1742233735.54463,0.0,0.0,0.0004854399859905243
1742233735.5455801,0.0,0.0,0.0004916160106658936
1742233735.5464828,0.0,0.0,0.0004837439954280853
1742233735.5473838,0.0,0.0,0.00048502400517463684
1742233735.548273,0.0,0.0,0.0004713599979877472
1742233735.5492165,0.0,0.0,0.0005245440006256104
1742233735.5509822,0.0,0.0,0.0005636159777641296
1742233735.551945,0.0,0.0,0.0005088639855384827
1742233735.5529141,0.0,0.0,0.0005294399857521057
1742233735.5538344,0.0,0.0,0.0004983359873294831
1742233735.5547454,0.0,0.0,0.00048742398619651796
1742233735.5556462,0.0,0.0,0.0004903680086135864
1742233735.5565505,0.0,0.0,0.00048313599824905394
1742233735.557472,0.0,0.0,0.0004845120012760162
1742233735.5583537,0.0,0.0,0.00046675199270248413
1742233735.559236,0.0,0.0,0.0004755200147628784
1742233735.560114,0.0,0.0,0.00046886399388313294
1742233735.5610225,0.0,0.0,0.0005020160079002381
1742233735.5619197,0.0,0.0,0.0004821760058403015
1742233735.5628185,0.0,0.0,0.00048732799291610715
1742233735.563709,0.0,0.0,0.0004760960042476654
1742233735.5645905,0.0,0.0,0.00046771198511123656
1742233735.5655088,0.0,0.0,0.00047999998927116395
1742233735.566394,0.0,0.0,0.0004726719856262207
1742233735.567282,0.0,0.0,0.0004719359874725342
1742233735.568161,0.0,0.0,0.0004683839976787567
1742233735.5690844,0.0,0.0,0.0005128960013389588
1742233735.5699785,0.0,0.0,0.00047766399383544924
1742233735.5708692,0.0,0.0,0.0004814079999923706
1742233735.5717442,0.0,0.0,0.00046963199973106386
1742233735.572633,0.0,0.0,0.0004828160107135773
1742233735.5735447,0.0,0.0,0.0004795520007610321
1742233735.5744255,0.0,0.0,0.0004706239998340607
1742233735.5753129,0.0,0.0,0.00048502400517463684
1742233735.5762057,0.0,0.0,0.00047696000337600706
1742233735.5771334,0.0,0.0,0.0005135679841041565
1742233735.578017,0.0,0.0,0.000474592000246048
1742233735.578906,0.0,0.0,0.00047766399383544924
1742233735.5797925,0.0,0.0,0.0004773119986057282
1742233735.5806744,0.0,0.0,0.0004736959934234619
1742233735.5815759,0.0,0.0,0.00047228801250457763
1742233735.58245,0.0,0.0,0.00046639999747276307
1742233735.5833313,0.0,0.0,0.00047097599506378175
1742233735.584214,0.0,0.0,0.000475488007068634
1742233735.5851321,0.0,0.0,0.0005067840218544006
1742233735.5860183,0.0,0.0,0.00047446399927139285
1742233735.586902,0.0,0.0,0.00047555199265480043
1742233735.5877843,0.0,0.0,0.00047254401445388794
1742233735.5886703,0.0,0.0,0.00047286400198936465
1742233735.589588,0.0,0.0,0.0004790399968624115
1742233735.5904732,0.0,0.0,0.0004750719964504242
1742233735.5913618,0.0,0.0,0.00047859200835227966
1742233735.592254,0.0,0.0,0.0004796159863471985
1742233735.5931726,0.0,0.0,0.0005098559856414795
1742233735.5940657,0.0,0.0,0.00047606399655342104
1742233735.5949447,0.0,0.0,0.0004699839949607849
1742233735.5958374,0.0,0.0,0.0004789440035820007
1742233735.596743,0.0,0.0,0.0004925439953804016
1742233735.597658,0.0,0.0,0.000489791989326477
1742233735.5985515,0.0,0.0,0.000485152006149292
1742233735.5994456,0.0,0.0,0.00048256000876426697
1742233735.6003418,0.0,0.0,0.00048710399866104125
1742233735.6012907,0.0,0.0,0.000495712012052536
1742233735.6021826,0.0,0.0,0.0004784959852695465
1742233735.6030655,0.0,0.0,0.00047040000557899473
1742233735.6039538,0.0,0.0,0.0004791359901428223
1742233735.6048808,0.0,0.0,0.0005073279738426208
1742233735.6065814,0.0,0.0,0.000535968005657196
1742233735.6075323,0.0,0.0,0.0005099200010299683
1742233735.6084576,0.0,0.0,0.0005039680004119873
1742233735.6093993,0.0,0.0,0.0004949760138988495
1742233735.6103063,0.0,0.0,0.0004858559966087341
1742233735.6112006,0.0,0.0,0.00048070400953292847
1742233735.6120832,0.0,0.0,0.000476639986038208
1742233735.6129978,0.0,0.0,0.0005017600059509278
1742233735.613885,0.0,0.0,0.00047766399383544924
1742233735.614785,0.0,0.0,0.0004928959906101227
1742233735.6156738,0.0,0.0,0.00047484800219535825
1742233735.6165693,0.0,0.0,0.0004808320105075836
1742233735.6174924,0.0,0.0,0.0004879359900951386
1742233735.6183817,0.0,0.0,0.00047654399275779726
1742233735.6192608,0.0,0.0,0.000468095988035202
1742233735.6201441,0.0,0.0,0.0004774399995803833
1742233735.621054,0.0,0.0,0.000506335973739624
1742233735.6219335,0.0,0.0,0.0004703679978847504
1742233735.622826,0.0,0.0,0.0004784640073776245
1742233735.6237023,0.0,0.0,0.00046819201111793516
1742233735.6245809,0.0,0.0,0.0004699519872665405
1742233735.6254985,0.0,0.0,0.00048153600096702574
1742233735.6263914,0.0,0.0,0.00048368000984191895
1742233735.6272748,0.0,0.0,0.0004710719883441925
1742233735.6281648,0.0,0.0,0.0004790079891681671
1742233735.6290634,0.0,0.0,0.0004943679869174958
1742233735.6299436,0.0,0.0,0.0004713279902935028
1742233735.6308317,0.0,0.0,0.00047865599393844606
1742233735.6317222,0.0,0.0,0.00047891199588775637
1742233735.6326149,0.0,0.0,0.00047446399927139285
1742233735.6335459,0.0,0.0,0.0004907839894294739
1742233735.6344395,0.0,0.0,0.0004774720072746277
1742233735.6353288,0.0,0.0,0.0004784959852695465
1742233735.636222,0.0,0.0,0.0004805440008640289
1742233735.6371303,0.0,0.0,0.0005016319751739502
1742233735.638024,0.0,0.0,0.000479200005531311
1742233735.6389217,0.0,0.0,0.00048659199476242063
1742233735.6398196,0.0,0.0,0.00047785601019859314
1742233735.6407201,0.0,0.0,0.0004703679978847504
1742233735.641615,0.0,0.0,0.0004774399995803833
1742233735.642507,0.0,0.0,0.00047968000173568724
1742233735.6434083,0.0,0.0,0.0004755840003490448
1742233735.6442993,0.0,0.0,0.0004787519872188568
1742233735.6452405,0.0,0.0,0.0004937280118465423
1742233735.6461403,0.0,0.0,0.0004856320023536682
1742233735.64704,0.0,0.0,0.0004824000000953674
1742233735.6479206,0.0,0.0,0.00046880000829696653
1742233735.6488335,0.0,0.0,0.0005016000270843505
1742233735.6497383,0.0,0.0,0.00048111999034881593
1742233735.6506362,0.0,0.0,0.000481440007686615
1742233735.6515179,0.0,0.0,0.00047350400686264036
1742233735.6524067,0.0,0.0,0.00047971200942993164
1742233735.6533241,0.0,0.0,0.0004851199984550476
1742233735.6542199,0.0,0.0,0.00047651201486587525
1742233735.6551204,0.0,0.0,0.00048348799347877505
1742233735.6560326,0.0,0.0,0.0004914880096912384
1742233735.6569517,0.0,0.0,0.000509984016418457
1742233735.657881,0.0,0.0,0.0005001279711723327
1742233735.6587772,0.0,0.0,0.0004861440062522888
1742233735.6596851,0.0,0.0,0.0004867840111255646
1742233735.66149,0.0,0.0,0.0013882559537887573
1742233735.6625612,0.0,0.0,0.0005633599758148193
1742233735.66351,0.0,0.0,0.0005102400183677673
1742233735.664442,0.0,0.0,0.0005021119713783264
1742233735.665387,0.0,0.0,0.0004983359873294831
1742233735.6663013,0.0,0.0,0.000489791989326477
1742233735.6672058,0.0,0.0,0.0004867199957370758
1742233735.6681616,0.0,0.0,0.000489760011434555
1742233735.6691,0.0,0.0,0.000517952024936676
1742233735.6699998,0.0,0.0,0.0004796159863471985
1742233735.670893,0.0,0.0,0.00047977599501609805
1742233735.6717815,0.0,0.0,0.0004799039959907532
1742233735.6726718,0.0,0.0,0.00047603198885917664
1742233735.6736069,0.0,0.0,0.00048761600255966186
1742233735.6744988,0.0,0.0,0.0004824320077896118
1742233735.675379,0.0,0.0,0.000474016010761261
1742233735.6762557,0.0,0.0,0.000471776008605957
1742233735.6771708,0.0,0.0,0.0005035520195960998
1742233735.6780648,0.0,0.0,0.0004694719910621643
1742233735.6789596,0.0,0.0,0.000482591986656189
1742233735.6798382,0.0,0.0,0.0004703679978847504
1742233735.680751,0.0,0.0,0.0005016639828681946
1742233735.6816366,0.0,0.0,0.00046796798706054686
1742233735.6825268,0.0,0.0,0.00047519999742507937
1742233735.683416,0.0,0.0,0.0004835839867591858
1742233735.684303,0.0,0.0,0.00047603198885917664
1742233735.6852117,0.0,0.0,0.0005028799772262573
1742233735.6860976,0.0,0.0,0.00047648000717163085
1742233735.6869755,0.0,0.0,0.0004736639857292175
1742233735.6878605,0.0,0.0,0.0004701440036296845
1742233735.6887662,0.0,0.0,0.0004974400103092193
1742233735.6896691,0.0,0.0,0.00048339200019836424
1742233735.6905656,0.0,0.0,0.0004792320132255554
1742233735.6914625,0.0,0.0,0.00048185598850250245
1742233735.6923592,0.0,0.0,0.00047859200835227966
1742233735.6932824,0.0,0.0,0.0004837439954280853
1742233735.6941853,0.0,0.0,0.0004814079999923706
1742233735.6950736,0.0,0.0,0.0004720000028610229
1742233735.6959686,0.0,0.0,0.00048041599988937376
1742233735.696915,0.0,0.0,0.0005311999917030335
1742233735.697844,0.0,0.0,0.0004944320023059844
1742233735.6987638,0.0,0.0,0.0004912320077419281
1742233735.6996522,0.0,0.0,0.0004802879989147186
1742233735.7005367,0.0,0.0,0.0004750719964504242
1742233735.701456,0.0,0.0,0.0004816640019416809
1742233735.7023406,0.0,0.0,0.0004759359955787659
1742233735.703226,0.0,0.0,0.0004694400131702423
1742233735.704104,0.0,0.0,0.0004708479940891266
1742233735.7050238,0.0,0.0,0.0005144320130348205
1742233735.705921,0.0,0.0,0.0004817279875278473
1742233735.706806,0.0,0.0,0.000474592000246048
1742233735.7077,0.0,0.0,0.00047574400901794433
1742233735.7085958,0.0,0.0,0.0004756479859352112
1742233735.7095149,0.0,0.0,0.00048182401061058045
1742233735.710412,0.0,0.0,0.0004872959852218628
1742233735.711319,0.0,0.0,0.0004913600087165833
1742233735.7122304,0.0,0.0,0.0004863680005073547
1742233735.713169,0.0,0.0,0.000512063980102539
1742233735.7140706,0.0,0.0,0.0004817279875278473
1742233735.7149644,0.0,0.0,0.00047910401225090027
1742233735.7158532,0.0,0.0,0.00047740799188613893
1742233735.7176008,0.0,0.0,0.0005451520085334778
1742233735.71857,0.0,0.0,0.0005124480128288269
1742233735.719492,0.0,0.0,0.0004898880124092102
1742233735.720397,0.0,0.0,0.0004870080053806305
1742233735.7213404,0.0,0.0,0.0004927360117435455
1742233735.722234,0.0,0.0,0.00047830399870872495
1742233735.7231238,0.0,0.0,0.00048108801245689393
1742233735.724015,0.0,0.0,0.00048361599445343015
1742233735.724937,0.0,0.0,0.0005088959932327271
1742233735.7258506,0.0,0.0,0.0004894720017910004
1742233735.7267518,0.0,0.0,0.0004863680005073547
1742233735.7276268,0.0,0.0,0.0004734399914741516
1742233735.7285137,0.0,0.0,0.0004715520143508911
1742233735.7294626,0.0,0.0,0.00048313599824905394
1742233735.730355,0.0,0.0,0.0004754559993743897
1742233735.7312412,0.0,0.0,0.00047350400686264036
1742233735.732136,0.0,0.0,0.00048131200671195983
1742233735.733057,0.0,0.0,0.0005087680220603942
1742233735.7339454,0.0,0.0,0.00046963199973106386
1742233735.7348301,0.0,0.0,0.0004743039906024933
1742233735.7357187,0.0,0.0,0.0004713599979877472
1742233735.7366009,0.0,0.0,0.000464383989572525
1742233735.737511,0.0,0.0,0.000470335990190506
1742233735.7384005,0.0,0.0,0.0004824959933757782
1742233735.7392967,0.0,0.0,0.0004837760031223297
1742233735.7401898,0.0,0.0,0.0004782719910144806
1742233735.741097,0.0,0.0,0.0005010560154914856
1742233735.7419932,0.0,0.0,0.0004807679951190949
1742233735.7428894,0.0,0.0,0.0004793600142002106
1742233735.7437732,0.0,0.0,0.00047414401173591613
1742233735.7446506,0.0,0.0,0.0004673280119895935
1742233735.7455642,0.0,0.0,0.00047839999198913576
1742233735.746448,0.0,0.0,0.00047391998767852783
1742233735.747332,0.0,0.0,0.0004696640074253082
1742233735.7482188,0.0,0.0,0.0004750080108642578
1742233735.749126,0.0,0.0,0.0005000640153884888
1742233735.750016,0.0,0.0,0.0004720000028610229
1742233735.7509046,0.0,0.0,0.0004790079891681671
1742233735.751785,0.0,0.0,0.000466623991727829
1742233735.7526677,0.0,0.0,0.00047516798973083497
1742233735.7535818,0.0,0.0,0.00046803200244903566
1742233735.7544599,0.0,0.0,0.00047334399819374086
1742233735.7553387,0.0,0.0,0.0004729599952697754
1742233735.7562265,0.0,0.0,0.00047830399870872495
1742233735.757151,0.0,0.0,0.0005078399777412414
1742233735.7580462,0.0,0.0,0.00047945600748062133
1742233735.7589276,0.0,0.0,0.00046988800168037417
1742233735.759808,0.0,0.0,0.00047484800219535825
1742233735.7606812,0.0,0.0,0.00046982398629188537
1742233735.7616043,0.0,0.0,0.00048761600255966186
1742233735.7625027,0.0,0.0,0.0004800640046596527
1742233735.7633927,0.0,0.0,0.00048230400681495666
1742233735.7642796,0.0,0.0,0.0004779520034790039
1742233735.7651863,0.0,0.0,0.0004989759922027588
1742233735.7660685,0.0,0.0,0.000463456004858017
1742233735.7669728,0.0,0.0,0.0004922559857368469
1742233735.7678826,0.0,0.0,0.0004890879988670349
1742233735.768808,0.0,0.0,0.0005094079971313477
1742233735.7697203,0.0,0.0,0.0004969280064105987
1742233735.7706268,0.0,0.0,0.0004880320131778717
1742233735.7723277,0.0,0.0,0.0012805759906768799
1742233735.7733765,0.0,0.0,0.0005324479937553406
1742233735.774318,0.0,0.0,0.0005040320158004761
1742233735.7752442,0.0,0.0,0.0004983359873294831
1742233735.7761483,0.0,0.0,0.00048547199368476865
1742233735.777076,0.0,0.0,0.0005133439898490906
1742233735.7779787,0.0,0.0,0.00048524799942970275
1742233735.7788758,0.0,0.0,0.0004849280118942261
1742233735.7797716,0.0,0.0,0.0004805760085582733
1742233735.780667,0.0,0.0,0.0004821439981460571
1742233735.781586,0.0,0.0,0.0004768320024013519
1742233735.7824783,0.0,0.0,0.00047775998711586
1742233735.7833674,0.0,0.0,0.0004774720072746277
1742233735.7842581,0.0,0.0,0.0004798080027103424
1742233735.7851791,0.0,0.0,0.0005112320184707641
1742233735.7860763,0.0,0.0,0.0004791359901428223
1742233735.7869608,0.0,0.0,0.0004738239943981171
1742233735.787869,0.0,0.0,0.00048819199204444883
1742233735.7887862,0.0,0.0,0.0004931840002536773
1742233735.7896838,0.0,0.0,0.0004827840030193329
1742233735.7905755,0.0,0.0,0.00047417598962783814
1742233735.7914722,0.0,0.0,0.00048480001091957093
1742233735.792358,0.0,0.0,0.00047331199049949646
1742233735.7932892,0.0,0.0,0.0004933759868144989
1742233735.79418,0.0,0.0,0.0004760960042476654
1742233735.7950654,0.0,0.0,0.00047443199157714845
1742233735.7959538,0.0,0.0,0.0004761919975280762
1742233735.796858,0.0,0.0,0.0004941120147705078
1742233735.7977521,0.0,0.0,0.0004777919948101044
1742233735.79864,0.0,0.0,0.00047785601019859314
1742233735.7995226,0.0,0.0,0.0004701760113239288
1742233735.8003938,0.0,0.0,0.00046643200516700747
1742233735.8013139,0.0,0.0,0.0004826560020446777
1742233735.8022087,0.0,0.0,0.00048051199316978457
1742233735.8030932,0.0,0.0,0.00047286400198936465
1742233735.8039849,0.0,0.0,0.0004780479967594147
1742233735.8049016,0.0,0.0,0.0005012480020523071
1742233735.8057957,0.0,0.0,0.0004777919948101044
1742233735.8066869,0.0,0.0,0.0004758720099925995
1742233735.8075824,0.0,0.0,0.00048233601450920106
1742233735.8084688,0.0,0.0,0.0004736639857292175
1742233735.8093834,0.0,0.0,0.0004779840111732483
1742233735.8102696,0.0,0.0,0.00047484800219535825
1742233735.8111632,0.0,0.0,0.0004795840084552765
1742233735.8120568,0.0,0.0,0.000480320006608963
1742233735.812966,0.0,0.0,0.0004990719854831696
1742233735.8138556,0.0,0.0,0.0004756160080432892
1742233735.8147397,0.0,0.0,0.0004760960042476654
1742233735.8156385,0.0,0.0,0.0004792320132255554
1742233735.8165128,0.0,0.0,0.0004719679951667786
1742233735.8174336,0.0,0.0,0.00048182401061058045
1742233735.818319,0.0,0.0,0.0004800319969654083
1742233735.8191955,0.0,0.0,0.000467168003320694
1742233735.8200765,0.0,0.0,0.00047071999311447144
1742233735.8209913,0.0,0.0,0.000502784013748169
1742233735.8218937,0.0,0.0,0.0004880959987640381
1742233735.8227968,0.0,0.0,0.00047856000065803526
1742233735.8237019,0.0,0.0,0.00048694398999214175
1742233735.824592,0.0,0.0,0.00047206398844718933
1742233735.8255281,0.0,0.0,0.0004923839867115021
1742233735.8264256,0.0,0.0,0.00047808000445365904
1742233735.8281066,0.0,0.0,0.0012568000555038452
1742233735.8291073,0.0,0.0,0.0005322880148887634
1742233735.8300385,0.0,0.0,0.0004997119903564453
1742233735.8309493,0.0,0.0,0.00048579201102256776
1742233735.831849,0.0,0.0,0.0004846720099449158
1742233735.8327675,0.0,0.0,0.0005026879906654358
1742233735.8336704,0.0,0.0,0.00048604801297187807
1742233735.8345659,0.0,0.0,0.0004840959906578064
1742233735.8354616,0.0,0.0,0.00048339200019836424
1742233735.8363473,0.0,0.0,0.0004701440036296845
1742233735.8372762,0.0,0.0,0.0004952639937400818
1742233735.838168,0.0,0.0,0.00047536000609397887
1742233735.8390486,0.0,0.0,0.0004699200093746185
1742233735.8399258,0.0,0.0,0.0004689599871635437
1742233735.8408196,0.0,0.0,0.000490336000919342
1742233735.841708,0.0,0.0,0.00047724801301956177
1742233735.8425891,0.0,0.0,0.0004739840030670166
1742233735.8434763,0.0,0.0,0.00048025599122047426
1742233735.8443522,0.0,0.0,0.00047510400414466856
1742233735.8452568,0.0,0.0,0.000476608008146286
1742233735.8461466,0.0,0.0,0.0004787200093269348
1742233735.8470435,0.0,0.0,0.00048201599717140195
1742233735.8479278,0.0,0.0,0.0004750399887561798
1742233735.8488386,0.0,0.0,0.0004988479912281037
1742233735.8497448,0.0,0.0,0.00048364800214767455
1742233735.8506267,0.0,0.0,0.00047094398736953735
1742233735.851511,0.0,0.0,0.00047299200296401975
1742233735.8524094,0.0,0.0,0.0004801279902458191
1742233735.8533242,0.0,0.0,0.0004868159890174866
1742233735.8542144,0.0,0.0,0.00047760000824928283
1742233735.8550916,0.0,0.0,0.000474016010761261
1742233735.8559794,0.0,0.0,0.000480320006608963
1742233735.8568833,0.0,0.0,0.0004938240051269531
1742233735.8577735,0.0,0.0,0.0004761599898338318
1742233735.858662,0.0,0.0,0.0004763520061969757
1742233735.8595605,0.0,0.0,0.0004865280091762543
1742233735.8604546,0.0,0.0,0.0004750399887561798
1742233735.861364,0.0,0.0,0.000474016010761261
1742233735.8622494,0.0,0.0,0.0004734399914741516
1742233735.8631403,0.0,0.0,0.00047836801409721375
1742233735.8640177,0.0,0.0,0.0004685119986534119
1742233735.8649294,0.0,0.0,0.0005070080161094666
1742233735.865834,0.0,0.0,0.0004846400022506714
1742233735.8667185,0.0,0.0,0.0004761599898338318
1742233735.8675911,0.0,0.0,0.0004683519899845123
1742233735.8684702,0.0,0.0,0.00046700799465179444
1742233735.8693693,0.0,0.0,0.00046720001101493834
1742233735.870261,0.0,0.0,0.0004806079864501953
1742233735.8711479,0.0,0.0,0.00047577598690986633
1742233735.8720343,0.0,0.0,0.0004738239943981171
1742233735.8729386,0.0,0.0,0.000495168000459671
1742233735.8738358,0.0,0.0,0.0004810560047626495
1742233735.8747172,0.0,0.0,0.0004721280038356781
1742233735.8755922,0.0,0.0,0.0004650560021400452
1742233735.8764713,0.0,0.0,0.00047417598962783814
1742233735.877387,0.0,0.0,0.0004847039878368378
1742233735.8782883,0.0,0.0,0.0004750399887561798
1742233735.8791795,0.0,0.0,0.0004747200012207031
1742233735.8800783,0.0,0.0,0.00048201599717140195
1742233735.8810081,0.0,0.0,0.0005097600221633911
1742233735.8819194,0.0,0.0,0.00048524799942970275
1742233735.8836594,0.0,0.0,0.0005569279789924621
1742233735.884628,0.0,0.0,0.0005071359872817993
1742233735.8855898,0.0,0.0,0.0004979200065135955
1742233735.8865013,0.0,0.0,0.0004869759976863861
1742233735.8874056,0.0,0.0,0.0004800319969654083
1742233735.8883085,0.0,0.0,0.0004842559993267059
1742233735.8892272,0.0,0.0,0.0004775359928607941
1742233735.8901176,0.0,0.0,0.0004729599952697754
1742233735.8910093,0.0,0.0,0.00048236799240112307
1742233735.8918996,0.0,0.0,0.0004756799936294556
1742233735.8928037,0.0,0.0,0.0004945920109748841
1742233735.8937225,0.0,0.0,0.0004913919866085053
1742233735.8946161,0.0,0.0,0.0004819520115852356
1742233735.8955064,0.0,0.0,0.00047600001096725463
1742233735.8964055,0.0,0.0,0.00047775998711586
1742233735.8973312,0.0,0.0,0.00048688000440597534
1742233735.8982322,0.0,0.0,0.0004798719882965088
1742233735.8991404,0.0,0.0,0.0004898560047149658
1742233735.9000235,0.0,0.0,0.000474016010761261
1742233735.9009426,0.0,0.0,0.0005089920163154602
1742233735.901858,0.0,0.0,0.0004809919893741608
1742233735.902753,0.0,0.0,0.00048185598850250245
1742233735.9036453,0.0,0.0,0.0004787200093269348
1742233735.9045331,0.0,0.0,0.0004737280011177063
1742233735.9054496,0.0,0.0,0.0004763520061969757
1742233735.9063454,0.0,0.0,0.00048361599445343015
1742233735.907244,0.0,0.0,0.00048601600527763367
1742233735.9081326,0.0,0.0,0.0004768640100955963
1742233735.9090545,0.0,0.0,0.0005145279765129089
1742233735.9099438,0.0,0.0,0.0004758720099925995
1742233735.91084,0.0,0.0,0.00048111999034881593
1742233735.911757,0.0,0.0,0.00047891199588775637
1742233735.9126582,0.0,0.0,0.00048668798804283144
1742233735.9135857,0.0,0.0,0.00048604801297187807
1742233735.9144905,0.0,0.0,0.0004868159890174866
1742233735.9153805,0.0,0.0,0.00047696000337600706
1742233735.9162607,0.0,0.0,0.00046905601024627684
1742233735.9171748,0.0,0.0,0.0004995839893817902
1742233735.9180748,0.0,0.0,0.00048531201481819155
1742233735.918966,0.0,0.0,0.000474592000246048
1742233735.919859,0.0,0.0,0.00047740799188613893
1742233735.9207726,0.0,0.0,0.0004948480129241944
1742233735.9216769,0.0,0.0,0.0004826880097389221
1742233735.9225664,0.0,0.0,0.00048108801245689393
1742233735.9234579,0.0,0.0,0.00047440001368522644
1742233735.9243417,0.0,0.0,0.00047510400414466856
1742233735.925255,0.0,0.0,0.0004812479913234711
1742233735.9261417,0.0,0.0,0.0004752320051193237
1742233735.9270403,0.0,0.0,0.0004808320105075836
1742233735.9279199,0.0,0.0,0.00046700799465179444
1742233735.928816,0.0,0.0,0.000488319993019104
1742233735.9297009,0.0,0.0,0.00047116801142692565
1742233735.930601,0.0,0.0,0.0004881600141525269
1742233735.931493,0.0,0.0,0.0004798080027103424
1742233735.9323795,0.0,0.0,0.00046751999855041505
1742233735.9333324,0.0,0.0,0.000499103993177414
1742233735.934246,0.0,0.0,0.0004892799854278564
1742233735.9351504,0.0,0.0,0.0004900799989700317
1742233735.9360576,0.0,0.0,0.00048822399973869323
1742233735.93699,0.0,0.0,0.0005158399939537049
1742233735.9386551,0.0,0.0,0.0012335360050201416
1742233735.939644,0.0,0.0,0.0005141760110855102
1742233735.94058,0.0,0.0,0.0004998080134391785
1742233735.9415314,0.0,0.0,0.0005001279711723327
1742233735.942437,0.0,0.0,0.0004887360036373138
1742233735.9433289,0.0,0.0,0.00047631999850273135
1742233735.944226,0.0,0.0,0.00048159998655319215
1742233735.9451418,0.0,0.0,0.000509663999080658
1742233735.946047,0.0,0.0,0.0004890559911727905
1742233735.9469295,0.0,0.0,0.0004740799963474274
1742233735.9478223,0.0,0.0,0.0004815039932727814
1742233735.948728,0.0,0.0,0.00047065600752830503
1742233735.9496355,0.0,0.0,0.0004860799908638001
1742233735.950527,0.0,0.0,0.00048067200183868407
1742233735.951407,0.0,0.0,0.00046643200516700747
1742233735.9522874,0.0,0.0,0.00047276800870895384
1742233735.9532032,0.0,0.0,0.0005052480101585389
1742233735.954105,0.0,0.0,0.0004863359928131103
1742233735.9549985,0.0,0.0,0.0004790399968624115
1742233735.9558892,0.0,0.0,0.0004791359901428223
1742233735.9567907,0.0,0.0,0.0004895359873771667
1742233735.957683,0.0,0.0,0.0004758400022983551
1742233735.9585562,0.0,0.0,0.00046518400311470033
1742233735.9594455,0.0,0.0,0.00047887998819351197
1742233735.9603362,0.0,0.0,0.00047331199049949646
1742233735.9612384,0.0,0.0,0.00047167998552322387
1742233735.9621425,0.0,0.0,0.0004921920001506806
1742233735.9630296,0.0,0.0,0.00047209599614143373
1742233735.96392,0.0,0.0,0.00047856000065803526
1742233735.964825,0.0,0.0,0.0004950399994850159
1742233735.9657257,0.0,0.0,0.000489439994096756
1742233735.9666035,0.0,0.0,0.000472927987575531
1742233735.9674823,0.0,0.0,0.0004683839976787567
1742233735.9683714,0.0,0.0,0.0004774399995803833
1742233735.9693003,0.0,0.0,0.0004943999946117402
1742233735.970307,0.0,0.0,0.0004932479858398437
1742233735.9712105,0.0,0.0,0.000482591986656189
1742233735.9720964,0.0,0.0,0.000479200005531311
1742233735.9730003,0.0,0.0,0.0004952639937400818
1742233735.9738872,0.0,0.0,0.0004792320132255554
1742233735.9747844,0.0,0.0,0.0004837760031223297
1742233735.9756756,0.0,0.0,0.000481440007686615
1742233735.9765625,0.0,0.0,0.0004763520061969757
1742233735.9774878,0.0,0.0,0.00048441600799560547
1742233735.9783788,0.0,0.0,0.0004755200147628784
1742233735.9792595,0.0,0.0,0.0004780479967594147
1742233735.9801488,0.0,0.0,0.0004817279875278473
1742233735.981066,0.0,0.0,0.0004997119903564453
1742233735.9819767,0.0,0.0,0.0004884159862995148
1742233735.9828615,0.0,0.0,0.00047350400686264036
1742233735.983746,0.0,0.0,0.00047577598690986633
1742233735.9846313,0.0,0.0,0.00047516798973083497
1742233735.9855556,0.0,0.0,0.0004861440062522888
1742233735.986449,0.0,0.0,0.00047996801137924195
1742233735.9873276,0.0,0.0,0.00047046399116516113
1742233735.9882283,0.0,0.0,0.0004893119931221008
1742233735.9891691,0.0,0.0,0.0005085440278053283
1742233735.9900732,0.0,0.0,0.0004814079999923706
1742233735.9909747,0.0,0.0,0.00047791999578475954
1742233735.99188,0.0,0.0,0.0004867199957370758
1742233735.9928062,0.0,0.0,0.0005120319724082947
1742233735.994582,0.0,0.0,0.0005560960173606873
1742233735.995552,0.0,0.0,0.0005063040256500244
1742233735.9964805,0.0,0.0,0.0004996159970760345
1742233735.997425,0.0,0.0,0.0004989759922027588
1742233735.998337,0.0,0.0,0.0004927360117435455
1742233735.999241,0.0,0.0,0.00048604801297187807
1742233736.0001419,0.0,0.0,0.00048361599445343015
1742233736.001065,0.0,0.0,0.0005108159780502319
1742233736.0019574,0.0,0.0,0.00047628799080848695
1742233736.0028605,0.0,0.0,0.00048736000061035155
1742233736.0037584,0.0,0.0,0.0004830400049686432
1742233736.0046566,0.0,0.0,0.0004819839894771576
1742233736.005588,0.0,0.0,0.000487199991941452
1742233736.0064816,0.0,0.0,0.0004763520061969757
1742233736.0073764,0.0,0.0,0.00047881600260734556
1742233736.0082755,0.0,0.0,0.0004872640073299408
1742233736.009203,0.0,0.0,0.0005104320049285889
1742233736.0100951,0.0,0.0,0.00047462400794029235
1742233736.010989,0.0,0.0,0.0004843519926071167
1742233736.011872,0.0,0.0,0.00047206398844718933
1742233736.0127838,0.0,0.0,0.0004991360008716583
1742233736.0136855,0.0,0.0,0.0004826880097389221
1742233736.0145786,0.0,0.0,0.000477728009223938
1742233736.015468,0.0,0.0,0.0004806079864501953
1742233736.0163515,0.0,0.0,0.0004715200066566467
1742233736.0172796,0.0,0.0,0.0004927679896354675
1742233736.0181837,0.0,0.0,0.0004852159917354584
