time,in_time,out_time,inference_time
1785290204.1463058,0.0,0.0,0.0006935999989509582
1785290204.1475155,0.0,0.0,0.0007247359752655029
1785290204.1487005,0.0,0.0,0.0006974719762802125
1785290204.1499023,0.0,0.0,0.0007096959948539734
1785290204.1511254,0.0,0.0,0.0007019839882850647
1785290204.1523416,0.0,0.0,0.0007220159769058227
1785290204.1535406,0.0,0.0,0.0007110400199890137
1785290204.1547103,0.0,0.0,0.0006804159879684449
1785290204.1559167,0.0,0.0,0.0007213760018348694
1785290204.1570945,0.0,0.0,0.0006882240176200867
1785290204.1582716,0.0,0.0,0.0006894400119781494
1785290204.1594799,0.0,0.0,0.0007166720032691956
1785290204.1606631,0.0,0.0,0.0006897280216217041
1785290204.1618385,0.0,0.0,0.0006858879923820495
1785290204.163016,0.0,0.0,0.0006887360215187073
1785290204.1643226,0.0,0.0,0.0007168959975242615
1785290204.1655056,0.0,0.0,0.0006887680292129517
1785290204.1666808,0.0,0.0,0.0006804479956626892
1785290204.1678822,0.0,0.0,0.0007139520049095154
1785290204.1690586,0.0,0.0,0.0006880959868431091
1785290204.1702144,0.0,0.0,0.0006721919775009155
1785290204.1714077,0.0,0.0,0.0007108799815177917
1785290204.1725779,0.0,0.0,0.0006823999881744385
1785290204.1737587,0.0,0.0,0.0006930879950523376
1785290204.174922,0.0,0.0,0.0006793280243873596
1785290204.1761413,0.0,0.0,0.0007309439778327942
1785290204.1773124,0.0,0.0,0.0006774719953536987
1785290204.178475,0.0,0.0,0.0006793599724769592
1785290204.1796772,0.0,0.0,0.0007151359915733337
1785290204.1808538,0.0,0.0,0.0006857920289039612
1785290204.1820254,0.0,0.0,0.0006845120191574097
1785290204.1832206,0.0,0.0,0.0007049599885940552
1785290204.1843865,0.0,0.0,0.0006778879761695862
1785290204.1855423,0.0,0.0,0.0006696640253067017
1785290204.186712,0.0,0.0,0.0006863679885864257
1785290204.1879053,0.0,0.0,0.0007055040001869202
1785290204.1890736,0.0,0.0,0.0006818240284919739
1785290204.19024,0.0,0.0,0.0006802880167961121
1785290204.1914303,0.0,0.0,0.0007022079825401306
1785290204.1926022,0.0,0.0,0.0006836479902267456
1785290204.1937542,0.0,0.0,0.0006658560037612915
1785290204.1949298,0.0,0.0,0.0006880319714546204
1785290204.196158,0.0,0.0,0.0007057279944419861
1785290204.197336,0.0,0.0,0.0006874560117721558
1785290204.198495,0.0,0.0,0.0006696959733963013
1785290204.1997,0.0,0.0,0.0007179520130157471
1785290204.2020445,0.0,0.0,0.001852735996246338
1785290204.2032886,0.0,0.0,0.0007369920015335084
1785290204.204488,0.0,0.0,0.0007071359753608703
1785290204.205669,0.0,0.0,0.0006924480199813843
1785290204.2068386,0.0,0.0,0.0006835520267486572
1785290204.2080393,0.0,0.0,0.0007156800031661988
1785290204.2092047,0.0,0.0,0.0006775680184364319
1785290204.2103574,0.0,0.0,0.0006670079827308655
1785290204.2115464,0.0,0.0,0.0007026879787445068
1785290204.212733,0.0,0.0,0.0006985599994659424
1785290204.2139082,0.0,0.0,0.0006844480037689209
1785290204.2150722,0.0,0.0,0.0006780800223350525
1785290204.2162554,0.0,0.0,0.0006758080124855041
1785290204.2174191,0.0,0.0,0.0006791359782218933
1785290204.2185874,0.0,0.0,0.0006869440078735351
1785290204.2197902,0.0,0.0,0.0007188479900360107
1785290204.2209642,0.0,0.0,0.0006887999773025513
1785290204.2221463,0.0,0.0,0.0006981760263442994
1785290204.2233553,0.0,0.0,0.0007231040000915528
1785290204.2245414,0.0,0.0,0.0006930559873580932
1785290204.2257218,0.0,0.0,0.0006896319985389709
1785290204.2268906,0.0,0.0,0.0006823679804801941
1785290204.2280898,0.0,0.0,0.0007118719816207885
1785290204.2292774,0.0,0.0,0.000699999988079071
1785290204.2304437,0.0,0.0,0.0006776000261306763
1785290204.231642,0.0,0.0,0.0007117760181427002
1785290204.2328265,0.0,0.0,0.0006927999854087829
1785290204.2339902,0.0,0.0,0.0006811519861221314
1785290204.2351627,0.0,0.0,0.0006908159852027893
1785290204.2363427,0.0,0.0,0.0006854400038719177
1785290204.2374933,0.0,0.0,0.0006652160286903381
1785290204.2386756,0.0,0.0,0.0006970559954643249
1785290204.239869,0.0,0.0,0.0007067840099334717
1785290204.241032,0.0,0.0,0.0006767039895057679
1785290204.2421765,0.0,0.0,0.0006557760238647461
1785290204.243371,0.0,0.0,0.0007056959867477417
1785290204.24454,0.0,0.0,0.0006790080070495605
1785290204.2457094,0.0,0.0,0.0006826879978179931
1785290204.246859,0.0,0.0,0.0006621119976043702
1785290204.248051,0.0,0.0,0.0007055040001869202
1785290204.2492483,0.0,0.0,0.0007088959813117981
1785290204.250419,0.0,0.0,0.000681056022644043
1785290204.2516458,0.0,0.0,0.0007375360131263733
1785290204.2528384,0.0,0.0,0.0007035520076751709
1785290204.2540135,0.0,0.0,0.0006854720115661621
1785290204.2552085,0.0,0.0,0.0007099840044975281
1785290204.2572682,0.0,0.0,0.0015688960552215575
1785290204.2585268,0.0,0.0,0.000705951988697052
1785290204.2597575,0.0,0.0,0.0007384639978408814
1785290204.2609487,0.0,0.0,0.0007007039785385131
1785290204.2621083,0.0,0.0,0.0006770880222320557
1785290204.2633018,0.0,0.0,0.0007065280079841614
1785290204.264497,0.0,0.0,0.0006865280270576477
1785290204.2656577,0.0,0.0,0.0006729919910430909
1785290204.2668135,0.0,0.0,0.0006676160097122192
1785290204.2680168,0.0,0.0,0.0007138559818267822
1785290204.2691824,0.0,0.0,0.0006758080124855041
1785290204.2703488,0.0,0.0,0.0006739199757575989
1785290204.2715364,0.0,0.0,0.0006985599994659424
1785290204.272738,0.0,0.0,0.0006980479955673218
1785290204.2739148,0.0,0.0,0.0006813759803771973
1785290204.275111,0.0,0.0,0.000686847984790802
1785290204.2762957,0.0,0.0,0.0006974080204963684
1785290204.2774682,0.0,0.0,0.0006786879897117615
1785290204.2786236,0.0,0.0,0.0006659520268440247
1785290204.2798162,0.0,0.0,0.0007047680020332336
1785290204.2809896,0.0,0.0,0.0006838399767875672
1785290204.2821598,0.0,0.0,0.0006823359727859497
1785290204.283364,0.0,0.0,0.0007172799706459045
1785290204.2845407,0.0,0.0,0.0006868159770965577
1785290204.2857153,0.0,0.0,0.0006877440214157105
1785290204.2868853,0.0,0.0,0.0006754879951477051
1785290204.288085,0.0,0.0,0.0007006719708442688
1785290204.2892475,0.0,0.0,0.0006756160259246826
1785290204.2904153,0.0,0.0,0.0006833279728889466
1785290204.291609,0.0,0.0,0.0007063360214233399
1785290204.2927728,0.0,0.0,0.0006783360242843628
1785290204.2939308,0.0,0.0,0.0006743999719619751
1785290204.2950883,0.0,0.0,0.0006731520295143128
1785290204.2962673,0.0,0.0,0.0006749119758605957
1785290204.2974377,0.0,0.0,0.0006829760074615478
1785290204.298589,0.0,0.0,0.0006649919748306274
1785290204.2997627,0.0,0.0,0.0006927999854087829
1785290204.3009448,0.0,0.0,0.0006869440078735351
1785290204.3021362,0.0,0.0,0.0006982399821281433
1785290204.3033051,0.0,0.0,0.00067603200674057
1785290204.3044853,0.0,0.0,0.0006920959949493408
1785290204.3056557,0.0,0.0,0.0006861119866371155
1785290204.3068461,0.0,0.0,0.0007030720114707947
1785290204.3080602,0.0,0.0,0.0007173119783401489
1785290204.3092413,0.0,0.0,0.0006848639845848084
1785290204.3104308,0.0,0.0,0.000698144018650055
1785290204.3124278,0.0,0.0,0.0014977920055389404
1785290204.313677,0.0,0.0,0.0007331519722938537
1785290204.3148592,0.0,0.0,0.0006912959814071656
1785290204.3160653,0.0,0.0,0.0007179520130157471
1785290204.3172405,0.0,0.0,0.0006882560253143311
1785290204.3184133,0.0,0.0,0.0006863359808921814
1785290204.3196216,0.0,0.0,0.0007183039784431457
1785290204.3207855,0.0,0.0,0.0006752319931983948
1785290204.3219535,0.0,0.0,0.0006824319958686828
1785290204.3231387,0.0,0.0,0.0006985920071601868
1785290204.3243308,0.0,0.0,0.0007014399766921997
1785290204.325499,0.0,0.0,0.0006780800223350525
1785290204.326671,0.0,0.0,0.0006831679940223693
1785290204.3278725,0.0,0.0,0.0007155839800834656
1785290204.3290515,0.0,0.0,0.0006934400200843811
1785290204.3302128,0.0,0.0,0.0006749759912490845
1785290204.3314025,0.0,0.0,0.0007029759883880615
1785290204.3325737,0.0,0.0,0.0006804800033569336
1785290204.3337464,0.0,0.0,0.0006856639981269836
1785290204.3348985,0.0,0.0,0.0006703680157661438
1785290204.3360841,0.0,0.0,0.000703328013420105
1785290204.3372345,0.0,0.0,0.000667136013507843
1785290204.3384004,0.0,0.0,0.0006757760047912597
1785290204.3395762,0.0,0.0,0.0006890239715576172
1785290204.340743,0.0,0.0,0.0006731839776039124
1785290204.3419108,0.0,0.0,0.0006768320202827454
1785290204.3430822,0.0,0.0,0.0006865919828414917
1785290204.3442767,0.0,0.0,0.0006801599860191346
1785290204.3454216,0.0,0.0,0.0006580479741096496
1785290204.3465776,0.0,0.0,0.0006713280081748962
1785290204.3477666,0.0,0.0,0.0007031040191650391
1785290204.3489308,0.0,0.0,0.0006759999990463256
1785290204.3501005,0.0,0.0,0.0006815680265426636
1785290204.3512914,0.0,0.0,0.0007061759829521179
1785290204.3524637,0.0,0.0,0.0006841279864311219
1785290204.3536336,0.0,0.0,0.0006818240284919739
1785290204.3548028,0.0,0.0,0.0006798400282859802
1785290204.3560016,0.0,0.0,0.0007120000123977661
1785290204.3571599,0.0,0.0,0.000671392023563385
1785290204.3583295,0.0,0.0,0.0006849600076675415
1785290204.3595397,0.0,0.0,0.0007232000231742859
1785290204.360718,0.0,0.0,0.0006828479766845703
1785290204.3618858,0.0,0.0,0.0006798080205917358
1785290204.3630624,0.0,0.0,0.0006832320094108581
1785290204.3642747,0.0,0.0,0.0006992319822311401
1785290204.3654544,0.0,0.0,0.0006896319985389709
1785290204.366648,0.0,0.0,0.0007049279808998108
1785290204.3686032,0.0,0.0,0.0006915839910507202
1785290204.3698003,0.0,0.0,0.0006933760046958923
1785290204.370992,0.0,0.0,0.0007043200135231018
1785290204.372206,0.0,0.0,0.0007062079906463623
1785290204.3733819,0.0,0.0,0.0006880959868431091
1785290204.3745549,0.0,0.0,0.0006844159960746765
1785290204.3757558,0.0,0.0,0.0007114560008049011
1785290204.3769255,0.0,0.0,0.0006816959977149963
1785290204.3780937,0.0,0.0,0.0006839359998703003
1785290204.379282,0.0,0.0,0.0007016000151634217
1785290204.3804603,0.0,0.0,0.0006900799870491027
1785290204.381629,0.0,0.0,0.0006820799708366394
1785290204.3827937,0.0,0.0,0.000677951991558075
1785290204.3840091,0.0,0.0,0.0007275840044021607
1785290204.3851888,0.0,0.0,0.0006844159960746765
1785290204.3863502,0.0,0.0,0.0006746559739112854
1785290204.3875518,0.0,0.0,0.0007049599885940552
1785290204.3887177,0.0,0.0,0.0006812800168991089
1785290204.3898768,0.0,0.0,0.0006735360026359558
1785290204.3910446,0.0,0.0,0.0006835200190544128
1785290204.3922365,0.0,0.0,0.0006820160150527954
1785290204.3933878,0.0,0.0,0.00067084801197052
1785290204.394552,0.0,0.0,0.0006808639764785767
1785290204.3957384,0.0,0.0,0.0007001280188560486
1785290204.3969138,0.0,0.0,0.0006870080232620239
1785290204.3980553,0.0,0.0,0.0006550080180168151
1785290204.399217,0.0,0.0,0.0006781439781188965
1785290204.4003909,0.0,0.0,0.0006811839938163757
1785290204.401561,0.0,0.0,0.0006875839829444886
1785290204.402734,0.0,0.0,0.0006875519752502442
1785290204.4039257,0.0,0.0,0.000706496000289917
1785290204.4051003,0.0,0.0,0.0006917440295219422
1785290204.4062622,0.0,0.0,0.0006771839857101441
1785290204.4074366,0.0,0.0,0.0006889600157737732
1785290204.4085996,0.0,0.0,0.0006815680265426636
1785290204.4097462,0.0,0.0,0.0006611520051956177
1785290204.4109106,0.0,0.0,0.0006808000206947327
1785290204.4121075,0.0,0.0,0.000699679970741272
1785290204.413263,0.0,0.0,0.0006686400175094604
1785290204.4144115,0.0,0.0,0.0006643199920654297
1785290204.415602,0.0,0.0,0.0007053120136260987
1785290204.4167736,0.0,0.0,0.0006837760210037232
1785290204.4179468,0.0,0.0,0.0006504960060119629
1785290204.4191399,0.0,0.0,0.0006988160014152527
1785290204.4203398,0.0,0.0,0.0007065280079841614
1785290204.4215257,0.0,0.0,0.0006941440105438232
1785290204.423466,0.0,0.0,0.0014500160217285156
1785290204.4247067,0.0,0.0,0.0006719359755516052
1785290204.4258974,0.0,0.0,0.0006949759721755982
1785290204.4270577,0.0,0.0,0.0006695039868354798
1785290204.428258,0.0,0.0,0.0006850879788398743
1785290204.4294162,0.0,0.0,0.0006726080179214477
1785290204.4305892,0.0,0.0,0.0006853759884834289
1785290204.431785,0.0,0.0,0.0007045440077781677
1785290204.432963,0.0,0.0,0.00068995201587677
1785290204.4341311,0.0,0.0,0.0006843199729919434
1785290204.4353034,0.0,0.0,0.0006852160096168518
1785290204.4364693,0.0,0.0,0.0006755520105361938
1785290204.4376223,0.0,0.0,0.000667136013507843
1785290204.4387755,0.0,0.0,0.0006688320040702819
1785290204.4399686,0.0,0.0,0.0007074559926986694
1785290204.4411328,0.0,0.0,0.0006763200163841247
1785290204.4422839,0.0,0.0,0.000667680025100708
1785290204.4434783,0.0,0.0,0.000705407977104187
1785290204.4446435,0.0,0.0,0.0006739839911460877
1785290204.4457998,0.0,0.0,0.0006707519888877869
1785290204.4469624,0.0,0.0,0.0006737920045852661
1785290204.4481323,0.0,0.0,0.0006673600077629089
1785290204.4492934,0.0,0.0,0.0006767359972000122
1785290204.4504697,0.0,0.0,0.0006906560063362121
1785290204.451666,0.0,0.0,0.0007123839855194092
1785290204.452836,0.0,0.0,0.0006854400038719177
1785290204.4539948,0.0,0.0,0.0006768320202827454
1785290204.4551792,0.0,0.0,0.0006895040273666382
1785290204.4563406,0.0,0.0,0.0006753919720649719
1785290204.4575088,0.0,0.0,0.0006843199729919434
1785290204.458657,0.0,0.0,0.0006599360108375549
1785290204.4598486,0.0,0.0,0.0007036799788475036
1785290204.4610085,0.0,0.0,0.0006725119948387146
1785290204.4621823,0.0,0.0,0.000683456003665924
1785290204.4633503,0.0,0.0,0.0006820799708366394
1785290204.4645123,0.0,0.0,0.0006727359890937806
1785290204.4656973,0.0,0.0,0.0006799359917640687
1785290204.4668465,0.0,0.0,0.0006632320284843445
1785290204.4680457,0.0,0.0,0.0007051839828491211
1785290204.4691978,0.0,0.0,0.0006618559956550598
1785290204.4703581,0.0,0.0,0.0006759679913520813
1785290204.471544,0.0,0.0,0.0007002879977226257
1785290204.4727027,0.0,0.0,0.0006714879870414734
1785290204.4738934,0.0,0.0,0.0006993920207023621
1785290204.475065,0.0,0.0,0.0006796159744262695
1785290204.4762707,0.0,0.0,0.00069404798746109
1785290204.4774482,0.0,0.0,0.0006896960139274597
1785290204.4794984,0.0,0.0,0.001560479998588562
1785290204.480757,0.0,0.0,0.0007200319766998291
1785290204.4819424,0.0,0.0,0.0006940799951553344
1785290204.4831452,0.0,0.0,0.0007135360240936279
1785290204.4843388,0.0,0.0,0.0006970239877700805
1785290204.4855046,0.0,0.0,0.0006769599914550782
1785290204.4866843,0.0,0.0,0.0006922240257263184
1785290204.4878695,0.0,0.0,0.000701856017112732
1785290204.4890563,0.0,0.0,0.0006897919774055481
1785290204.4902296,0.0,0.0,0.0006830080151557922
1785290204.491418,0.0,0.0,0.0007004799842834472
1785290204.4925814,0.0,0.0,0.0006722559928894043
1785290204.493739,0.0,0.0,0.0006717119812965393
1785290204.4949226,0.0,0.0,0.0006962239742279053
1785290204.4961202,0.0,0.0,0.0007094079852104187
1785290204.4972858,0.0,0.0,0.0006803200244903565
1785290204.498452,0.0,0.0,0.0006827840209007263
1785290204.4996397,0.0,0.0,0.0006986560225486756
1785290204.500809,0.0,0.0,0.0006802880167961121
1785290204.5019865,0.0,0.0,0.0006898880004882812
1785290204.5032074,0.0,0.0,0.0007239680290222168
1785290204.5043943,0.0,0.0,0.0006954879760742188
1785290204.505562,0.0,0.0,0.0006783999800682068
1785290204.5067291,0.0,0.0,0.0006821759939193725
1785290204.5079176,0.0,0.0,0.0007017599940299988
1785290204.5090988,0.0,0.0,0.0006894400119781494
1785290204.510266,0.0,0.0,0.0006779839992523193
1785290204.5114715,0.0,0.0,0.0007120320200920106
1785290204.5126467,0.0,0.0,0.000684224009513855
1785290204.5138137,0.0,0.0,0.0006824640035629272
1785290204.5149763,0.0,0.0,0.0006787199974060058
1785290204.5161657,0.0,0.0,0.0006780160069465637
1785290204.5173392,0.0,0.0,0.0006845440268516541
1785290204.5185115,0.0,0.0,0.0006884160041809082
1785290204.519704,0.0,0.0,0.0007062399983406067
1785290204.5208807,0.0,0.0,0.0006891199946403503
1785290204.5220335,0.0,0.0,0.0006649600267410278
1785290204.5232115,0.0,0.0,0.0006935039758682251
1785290204.524392,0.0,0.0,0.0006920959949493408
1785290204.5255575,0.0,0.0,0.0006806399822235108
1785290204.526717,0.0,0.0,0.000670527994632721
1785290204.5279262,0.0,0.0,0.0007228800058364869
1785290204.5291154,0.0,0.0,0.0006953279972076416
1785290204.530309,0.0,0.0,0.0007015680074691773
1785290204.5314987,0.0,0.0,0.000699679970741272
1785290204.5326667,0.0,0.0,0.0006716480255126953
1785290204.535086,0.0,0.0,0.0018185919523239136
1785290204.5363436,0.0,0.0,0.0007286080121994018
1785290204.5375144,0.0,0.0,0.0006758080124855041
1785290204.538678,0.0,0.0,0.0006769279837608338
1785290204.5398715,0.0,0.0,0.0007106879949569702
1785290204.5410507,0.0,0.0,0.0006920319795608521
1785290204.5422106,0.0,0.0,0.0006730560064315796
1785290204.543409,0.0,0.0,0.0007128000259399414
1785290204.5445938,0.0,0.0,0.0006978560090065003
1785290204.5457823,0.0,0.0,0.0006993920207023621
1785290204.5469508,0.0,0.0,0.0006826559901237487
1785290204.5481603,0.0,0.0,0.0007065280079841614
1785290204.549324,0.0,0.0,0.0006808959841728211
1785290204.5504773,0.0,0.0,0.0006635839939117432
1785290204.5516617,0.0,0.0,0.0006998400092124939
1785290204.5528214,0.0,0.0,0.0006673600077629089
1785290204.553982,0.0,0.0,0.0006729919910430909
1785290204.5551913,0.0,0.0,0.0007178879976272583
1785290204.5563931,0.0,0.0,0.0006984320282936097
1785290204.5575657,0.0,0.0,0.0006855360269546509
1785290204.5587292,0.0,0.0,0.0006769919991493225
1785290204.5599034,0.0,0.0,0.0006906239986419677
1785290204.5610769,0.0,0.0,0.0006892480254173279
1785290204.5622451,0.0,0.0,0.0006820480227470398
1785290204.5634313,0.0,0.0,0.0007003520131111145
1785290204.564594,0.0,0.0,0.0006735680103302002
1785290204.5657456,0.0,0.0,0.0006699519753456116
1785290204.56689,0.0,0.0,0.0006608960032463074
1785290204.5680888,0.0,0.0,0.000713375985622406
1785290204.5692475,0.0,0.0,0.0006719679832458496
1785290204.570418,0.0,0.0,0.0006820480227470398
1785290204.5716212,0.0,0.0,0.0007118399739265441
1785290204.5727744,0.0,0.0,0.000659712016582489
1785290204.5739474,0.0,0.0,0.0006860160231590271
1785290204.575133,0.0,0.0,0.0006947519779205323
1785290204.576311,0.0,0.0,0.0006864320039749145
1785290204.5774696,0.0,0.0,0.000672767996788025
1785290204.5786319,0.0,0.0,0.0006801279783248902
1785290204.5798259,0.0,0.0,0.0007097920179367066
1785290204.580983,0.0,0.0,0.0006720319986343383
1785290204.582143,0.0,0.0,0.0006716480255126953
1785290204.5833356,0.0,0.0,0.0007077760100364685
1785290204.5845103,0.0,0.0,0.0006178240180015564
1785290204.5856867,0.0,0.0,0.0006843839883804322
1785290204.5868566,0.0,0.0,0.0006812160015106201
1785290204.588074,0.0,0.0,0.0007283200025558472
1785290204.5899262,0.0,0.0,0.0013518400192260743
1785290204.5911927,0.0,0.0,0.0007579519748687744
1785290204.5923939,0.0,0.0,0.0007023360133171082
1785290204.5935698,0.0,0.0,0.0006886399984359741
1785290204.5947459,0.0,0.0,0.0006896960139274597
1785290204.5959406,0.0,0.0,0.0007121279835700989
1785290204.5970986,0.0,0.0,0.0006718080043792724
1785290204.5982685,0.0,0.0,0.0006838399767875672
1785290204.5994496,0.0,0.0,0.000692192018032074
1785290204.6006064,0.0,0.0,0.0006713280081748962
1785290204.601761,0.0,0.0,0.000671999990940094
1785290204.6029108,0.0,0.0,0.0006642240285873413
1785290204.604108,0.0,0.0,0.0007138239741325378
1785290204.6052918,0.0,0.0,0.0006982399821281433
1785290204.606445,0.0,0.0,0.0006689280271530151
1785290204.607633,0.0,0.0,0.0007039679884910583
1785290204.608784,0.0,0.0,0.0006643199920654297
1785290204.6099432,0.0,0.0,0.0006728320121765136
1785290204.6111212,0.0,0.0,0.0006743040084838867
1785290204.612285,0.0,0.0,0.0006770560145378113
1785290204.6134486,0.0,0.0,0.0006639360189437866
1785290204.6146133,0.0,0.0,0.0006784960031509399
1785290204.615812,0.0,0.0,0.0007100800275802612
1785290204.6169837,0.0,0.0,0.0006778879761695862
1785290204.6181362,0.0,0.0,0.0006668800115585327
1785290204.6193185,0.0,0.0,0.0006947199702262879
1785290204.6204884,0.0,0.0,0.0006824640035629272
1785290204.6216607,0.0,0.0,0.000686240017414093
1785290204.6228158,0.0,0.0,0.0006689919829368591
1785290204.6240435,0.0,0.0,0.0007390080094337463
1785290204.6251907,0.0,0.0,0.000657535970211029
1785290204.6263373,0.0,0.0,0.0006546239852905273
1785290204.6275241,0.0,0.0,0.0007001280188560486
1785290204.6286974,0.0,0.0,0.0006869120001792907
1785290204.6298428,0.0,0.0,0.0006588799953460694
1785290204.6309965,0.0,0.0,0.0006716160178184509
1785290204.6321669,0.0,0.0,0.0006651520133018493
1785290204.6333117,0.0,0.0,0.0006612160205841064
1785290204.6344674,0.0,0.0,0.0006711999773979187
1785290204.635648,0.0,0.0,0.0006973119974136352
1785290204.636821,0.0,0.0,0.0006862080097198486
1785290204.6379972,0.0,0.0,0.0006923199892044067
1785290204.6391838,0.0,0.0,0.0007060800194740296
1785290204.6403754,0.0,0.0,0.0006901440024375915
1785290204.6415713,0.0,0.0,0.0007051519751548767
1785290204.6427357,0.0,0.0,0.0006762239933013917
1785290204.6439235,0.0,0.0,0.0006982399821281433
1785290204.645811,0.0,0.0,0.0013966079950332641
1785290204.6470668,0.0,0.0,0.0006902400255203247
1785290204.6482875,0.0,0.0,0.0007020800113677979
1785290204.6494555,0.0,0.0,0.000678816020488739
1785290204.6506195,0.0,0.0,0.0006797119975090026
1785290204.6518123,0.0,0.0,0.0007079039812088012
1785290204.6529808,0.0,0.0,0.0006810240149497986
1785290204.6541476,0.0,0.0,0.0006832320094108581
1785290204.655327,0.0,0.0,0.000695360004901886
1785290204.656496,0.0,0.0,0.0006806079745292664
1785290204.6576607,0.0,0.0,0.0006783999800682068
1785290204.6588042,0.0,0.0,0.0006595839858055115
1785290204.6600018,0.0,0.0,0.0007131839990615845
1785290204.66118,0.0,0.0,0.0006882240176200867
1785290204.6623383,0.0,0.0,0.0006745920181274414
1785290204.6635184,0.0,0.0,0.000695904016494751
1785290204.6646993,0.0,0.0,0.0006932160258293152
1785290204.6658607,0.0,0.0,0.0006754879951477051
1785290204.6670146,0.0,0.0,0.0006683520078659057
1785290204.66821,0.0,0.0,0.0006897280216217041
1785290204.6693652,0.0,0.0,0.0006679999828338623
1785290204.670525,0.0,0.0,0.0006712639927864075
1785290204.6717167,0.0,0.0,0.000707040011882782
1785290204.672882,0.0,0.0,0.0006767680048942566
1785290204.6740503,0.0,0.0,0.0006808320283889771
1785290204.6752234,0.0,0.0,0.0006897919774055481
1785290204.6763792,0.0,0.0,0.0006686720252037048
1785290204.6775424,0.0,0.0,0.0006769279837608338
1785290204.678702,0.0,0.0,0.0006717119812965393
1785290204.6799128,0.0,0.0,0.0007087039947509766
1785290204.6810794,0.0,0.0,0.0006780480146408081
1785290204.6822197,0.0,0.0,0.0006572160124778747
1785290204.6833942,0.0,0.0,0.0006915839910507202
1785290204.6845393,0.0,0.0,0.0006635839939117432
1785290204.6857178,0.0,0.0,0.0006879680156707764
1785290204.6868997,0.0,0.0,0.0006929280161857605
1785290204.6881094,0.0,0.0,0.0007210239768028259
1785290204.6892698,0.0,0.0,0.000669439971446991
1785290204.6904283,0.0,0.0,0.0006732159852981568
1785290204.6916096,0.0,0.0,0.0006948800086975098
1785290204.6927948,0.0,0.0,0.0006887999773025513
1785290204.6939611,0.0,0.0,0.0006814079880714417
1785290204.6951418,0.0,0.0,0.000695967972278595
1785290204.6963377,0.0,0.0,0.0007070720195770264
1785290204.697509,0.0,0.0,0.0006815999746322632
1785290204.6986825,0.0,0.0,0.0006810879707336426
1785290204.699893,0.0,0.0,0.0007196159958839417
1785290204.7018266,0.0,0.0,0.0005856959819793701
1785290204.7030325,0.0,0.0,0.0007054719924926758
1785290204.7042673,0.0,0.0,0.0007183359861373901
1785290204.7054486,0.0,0.0,0.0006911680102348328
1785290204.7066212,0.0,0.0,0.0006840320229530335
1785290204.7078311,0.0,0.0,0.000720736026763916
1785290204.7090206,0.0,0.0,0.0007004160284996033
1785290204.7101853,0.0,0.0,0.0006806399822235108
1785290204.7113795,0.0,0.0,0.0007057279944419861
1785290204.7125473,0.0,0.0,0.0006824319958686828
1785290204.713716,0.0,0.0,0.0006832000017166137
1785290204.7148845,0.0,0.0,0.0006833279728889466
1785290204.7160692,0.0,0.0,0.0007025279998779297
1785290204.7172225,0.0,0.0,0.0006688960194587707
1785290204.7183905,0.0,0.0,0.0006850559711456299
1785290204.7195814,0.0,0.0,0.0007068160176277161
1785290204.7207546,0.0,0.0,0.0006832320094108581
1785290204.7218997,0.0,0.0,0.0006594560146331787
1785290204.7230484,0.0,0.0,0.0006629760265350342
1785290204.7242641,0.0,0.0,0.0006828799843788147
1785290204.7254486,0.0,0.0,0.0006923840045928955
1785290204.726594,0.0,0.0,0.0006649919748306274
1785290204.7277787,0.0,0.0,0.0007037760019302368
1785290204.7289538,0.0,0.0,0.0006891520023345947
1785290204.730114,0.0,0.0,0.0006745280027389526
1785290204.7312891,0.0,0.0,0.0006904320120811462
1785290204.732454,0.0,0.0,0.0006750720143318176
1785290204.7336183,0.0,0.0,0.0006787199974060058
1785290204.7347906,0.0,0.0,0.000683456003665924
1785290204.735974,0.0,0.0,0.0007005760073661804
1785290204.737135,0.0,0.0,0.0006753919720649719
1785290204.738293,0.0,0.0,0.0006714879870414734
1785290204.7394762,0.0,0.0,0.0007008000016212463
1785290204.7406409,0.0,0.0,0.000674015998840332
1785290204.741794,0.0,0.0,0.000666271984577179
1785290204.7429395,0.0,0.0,0.0006571199893951416
1785290204.7441328,0.0,0.0,0.0008013120293617248
1785290204.7452874,0.0,0.0,0.0007813760042190552
1785290204.7464526,0.0,0.0,0.000797984004020691
1785290204.7476485,0.0,0.0,0.0008203200101852417
1785290204.7488148,0.0,0.0,0.000795744001865387
1785290204.7499804,0.0,0.0,0.0007988799810409546
1785290204.7511666,0.0,0.0,0.0008226240277290344
1785290204.7523584,0.0,0.0,0.0007963839769363403
1785290204.753526,0.0,0.0,0.0007947520017623902
1785290204.7547052,0.0,0.0,0.0008055679798126221
1785290204.7565188,0.0,0.0,0.0014352960586547852
1785290204.7577493,0.0,0.0,0.0008300480246543885
1785290204.7589238,0.0,0.0,0.0007923840284347534
1785290204.7601306,0.0,0.0,0.0008087999820709229
1785290204.761303,0.0,0.0,0.0007989439964294434
1785290204.7624588,0.0,0.0,0.0007866560220718383
1785290204.7636526,0.0,0.0,0.000828544020652771
1785290204.7648323,0.0,0.0,0.0008089600205421448
1785290204.7660098,0.0,0.0,0.0008102080225944519
1785290204.7671828,0.0,0.0,0.0008054720163345337
1785290204.7683501,0.0,0.0,0.0007976959943771363
1785290204.7695165,0.0,0.0,0.0007931519746780395
1785290204.7706645,0.0,0.0,0.0007841280102729798
1785290204.771842,0.0,0.0,0.0008173760175704956
1785290204.7730107,0.0,0.0,0.0007988160252571106
1785290204.7741733,0.0,0.0,0.0007960000038146973
1785290204.775354,0.0,0.0,0.0008112000226974487
1785290204.7765293,0.0,0.0,0.0008019199967384339
1785290204.777689,0.0,0.0,0.0007956799864768982
1785290204.7788603,0.0,0.0,0.0008016319870948792
1785290204.7800393,0.0,0.0,0.0007910400032997132
1785290204.7812123,0.0,0.0,0.00080486398935318
1785290204.7823708,0.0,0.0,0.0007890880107879639
1785290204.7835557,0.0,0.0,0.0008203520178794861
1785290204.784713,0.0,0.0,0.0007889279723167419
1785290204.7858639,0.0,0.0,0.000784991979598999
1785290204.7870226,0.0,0.0,0.0007991679906845093
1785290204.7882068,0.0,0.0,0.0007910400032997132
1785290204.789375,0.0,0.0,0.000793824017047882
1785290204.790532,0.0,0.0,0.0007909759879112244
1785290204.7917156,0.0,0.0,0.0008206719756126404
1785290204.7928889,0.0,0.0,0.0008004480004310608
1785290204.794058,0.0,0.0,0.0008015679717063904
1785290204.7952375,0.0,0.0,0.0008139839768409729
1785290204.7964087,0.0,0.0,0.0008015360236167908
1785290204.7975793,0.0,0.0,0.0008035200238227844
1785290204.7987297,0.0,0.0,0.0007880960106849671
1785290204.7999318,0.0,0.0,0.0008355519771575928
1785290204.8010907,0.0,0.0,0.0007867199778556823
1785290204.8022594,0.0,0.0,0.0007991039752960205
1785290204.8034372,0.0,0.0,0.0008056319952011109
1785290204.804578,0.0,0.0,0.0007744960188865662
1785290204.8057332,0.0,0.0,0.0007896000146865845
1785290204.8069153,0.0,0.0,0.0008089280128479004
1785290204.808118,0.0,0.0,0.0008066880106925964
1785290204.8092802,0.0,0.0,0.0007947199940681458
1785290204.8104467,0.0,0.0,0.0007985600233078003
1785290204.8123395,0.0,0.0,0.0008741120100021362
1785290204.8135574,0.0,0.0,0.0008216639757156372
1785290204.8147457,0.0,0.0,0.0008106560111045837
1785290204.81595,0.0,0.0,0.0008152959942817688
1785290204.817112,0.0,0.0,0.000793887972831726
1785290204.8182852,0.0,0.0,0.0008046079874038696
1785290204.8194876,0.0,0.0,0.0008346880078315735
1785290204.8206446,0.0,0.0,0.0007904959917068482
1785290204.8217947,0.0,0.0,0.0007883520126342774
1785290204.8229587,0.0,0.0,0.0007971519827842712
1785290204.8241894,0.0,0.0,0.0008283519744873047
1785290204.8253686,0.0,0.0,0.0008065599799156189
1785290204.8265278,0.0,0.0,0.0007879359722137451
1785290204.8277228,0.0,0.0,0.0008255360126495361
1785290204.8288896,0.0,0.0,0.0007984640002250672
1785290204.830029,0.0,0.0,0.0007816320061683655
1785290204.8311982,0.0,0.0,0.0008043519854545593
1785290204.832367,0.0,0.0,0.0007985919713973999
1785290204.8335166,0.0,0.0,0.0007834879755973816
1785290204.8346765,0.0,0.0,0.0007965120077133179
1785290204.8358724,0.0,0.0,0.0008308799862861633
1785290204.8370256,0.0,0.0,0.0007836160063743592
1785290204.838176,0.0,0.0,0.0007876480221748352
1785290204.8393474,0.0,0.0,0.000800383985042572
1785290204.840513,0.0,0.0,0.0007932479977607727
1785290204.8417287,0.0,0.0,0.00079721599817276
1785290204.8428915,0.0,0.0,0.0007924799919128418
1785290204.844077,0.0,0.0,0.0007980160117149353
1785290204.8452303,0.0,0.0,0.0007863360047340393
1785290204.846398,0.0,0.0,0.000796064019203186
1785290204.8475697,0.0,0.0,0.0008079680204391479
1785290204.8487263,0.0,0.0,0.0007917119860649109
1785290204.8498805,0.0,0.0,0.0007887359857559204
1785290204.8510258,0.0,0.0,0.0007796159982681274
1785290204.8522139,0.0,0.0,0.0007941759824752808
1785290204.8533707,0.0,0.0,0.0007888320088386536
1785290204.8545609,0.0,0.0,0.0008013439774513245
1785290204.855737,0.0,0.0,0.0008133440017700195
1785290204.8569064,0.0,0.0,0.0007966079711914062
1785290204.8580716,0.0,0.0,0.0007978559732437134
1785290204.85926,0.0,0.0,0.0008226240277290344
1785290204.8604143,0.0,0.0,0.0007887679934501648
1785290204.8615847,0.0,0.0,0.0008040639758110046
1785290204.8627727,0.0,0.0,0.0007961919903755188
1785290204.8639538,0.0,0.0,0.0007891520261764526
1785290204.8651261,0.0,0.0,0.0007959359884262085
1785290204.8669786,0.0,0.0,0.00148089599609375
1785290204.8682501,0.0,0.0,0.0008451840281486511
1785290204.86944,0.0,0.0,0.0008110719919204712
1785290204.870607,0.0,0.0,0.0007956479787826538
1785290204.8717818,0.0,0.0,0.0008091520071029663
1785290204.8729494,0.0,0.0,0.0007995520234107971
1785290204.874118,0.0,0.0,0.0007965120077133179
1785290204.8753076,0.0,0.0,0.000826304018497467
1785290204.876465,0.0,0.0,0.0007893760204315185
1785290204.8776248,0.0,0.0,0.0007925760149955749
1785290204.8787913,0.0,0.0,0.0008010560274124145
1785290204.879969,0.0,0.0,0.0007954239845275879
1785290204.8811376,0.0,0.0,0.000798080027103424
1785290204.882299,0.0,0.0,0.0007934399843215942
1785290204.8834796,0.0,0.0,0.0008141120076179504
1785290204.8846457,0.0,0.0,0.0008008000254631042
1785290204.885793,0.0,0.0,0.0007837759852409363
1785290204.88697,0.0,0.0,0.0008078719973564148
1785290204.888167,0.0,0.0,0.0008043839931488037
1785290204.8893178,0.0,0.0,0.0007854080200195312
1785290204.8904796,0.0,0.0,0.0007954559922218323
1785290204.8916595,0.0,0.0,0.0008113279938697815
1785290204.8928392,0.0,0.0,0.0008095679879188538
1785290204.8939886,0.0,0.0,0.0007847679853439331
1785290204.8951414,0.0,0.0,0.0007875199913978577
1785290204.8963048,0.0,0.0,0.000794655978679657
1785290204.8974583,0.0,0.0,0.0007899199724197387
1785290204.8986113,0.0,0.0,0.0007898880243301391
1785290204.8998022,0.0,0.0,0.0008267520070075989
1785290204.9009545,0.0,0.0,0.0007853440046310425
1785290204.902104,0.0,0.0,0.0007821440100669861
1785290204.9032753,0.0,0.0,0.000808031976222992
1785290204.9044356,0.0,0.0,0.0007925760149955749
1785290204.9056072,0.0,0.0,0.0007998719811439514
1785290204.906751,0.0,0.0,0.0007787839770317077
1785290204.907936,0.0,0.0,0.0008038719892501831
1785290204.9091032,0.0,0.0,0.0007944319844245911
1785290204.9102576,0.0,0.0,0.0007859839797019958
1785290204.9114404,0.0,0.0,0.000811743974685669
1785290204.9126031,0.0,0.0,0.000794272005558014
1785290204.9137554,0.0,0.0,0.0007900480031967163
1785290204.9149003,0.0,0.0,0.0007828800082206726
1785290204.9160724,0.0,0.0,0.0007914559841156006
1785290204.9172606,0.0,0.0,0.0008124480247497559
1785290204.9184377,0.0,0.0,0.0008072320222854614
1785290204.9196196,0.0,0.0,0.0008133119940757752
1785290204.920799,0.0,0.0,0.000809440016746521
1785290204.9227111,0.0,0.0,0.0015326720476150513
1785290204.923967,0.0,0.0,0.0008349440097808838
1785290204.9251387,0.0,0.0,0.0007999359965324402
1785290204.9263222,0.0,0.0,0.0008131200075149536
1785290204.9275074,0.0,0.0,0.0008170880079269409
1785290204.92868,0.0,0.0,0.0008028159737586975
1785290204.9298503,0.0,0.0,0.0008000959753990173
1785290204.9310267,0.0,0.0,0.0008021439909934998
1785290204.9322178,0.0,0.0,0.0007962880134582519
1785290204.9333835,0.0,0.0,0.0007981439828872681
1785290204.9345531,0.0,0.0,0.0007978879809379578
1785290204.9357421,0.0,0.0,0.0008227840065956116
1785290204.9369366,0.0,0.0,0.0008060799837112427
1785290204.9381142,0.0,0.0,0.0008032000064849853
1785290204.939297,0.0,0.0,0.0008148480057716369
1785290204.9404569,0.0,0.0,0.0007878080010414124
1785290204.941613,0.0,0.0,0.0007894080281257629
1785290204.9427664,0.0,0.0,0.0007875199913978577
1785290204.9439435,0.0,0.0,0.0007911360263824463
1785290204.9451048,0.0,0.0,0.0007928959727287292
1785290204.946259,0.0,0.0,0.0007927680015563965
1785290204.9474385,0.0,0.0,0.0008154240250587463
1785290204.9486148,0.0,0.0,0.0008043199777603149
1785290204.9497874,0.0,0.0,0.000792352020740509
1785290204.950957,0.0,0.0,0.0007994239926338196
1785290204.952143,0.0,0.0,0.000789247989654541
1785290204.9532957,0.0,0.0,0.0007873600125312806
1785290204.954453,0.0,0.0,0.0007887359857559204
1785290204.955651,0.0,0.0,0.0008298239707946778
1785290204.956824,0.0,0.0,0.0008018879890441895
1785290204.9579847,0.0,0.0,0.0007984319925308228
1785290204.9591608,0.0,0.0,0.0008039039969444275
1785290204.960345,0.0,0.0,0.0008091520071029663
1785290204.9615111,0.0,0.0,0.0007992320060729981
1785290204.962681,0.0,0.0,0.0008000640273094177
1785290204.9638672,0.0,0.0,0.0008195520043373108
1785290204.965048,0.0,0.0,0.0008103039860725403
1785290204.9662154,0.0,0.0,0.0007992640137672424
1785290204.9673946,0.0,0.0,0.0008055359721183777
1785290204.9685793,0.0,0.0,0.0008107519745826721
1785290204.9697285,0.0,0.0,0.0007850559949874878
1785290204.9708903,0.0,0.0,0.0007925760149955749
1785290204.9721143,0.0,0.0,0.0008273919820785523
1785290204.973297,0.0,0.0,0.0008078399896621704
1785290204.9744825,0.0,0.0,0.0008139839768409729
1785290204.9756887,0.0,0.0,0.000840224027633667
1785290204.9775453,0.0,0.0,0.0014828799962997438
1785290204.978788,0.0,0.0,0.0008427519798278808
1785290204.9800127,0.0,0.0,0.0008269760012626648
1785290204.9811838,0.0,0.0,0.0007969279885292053
1785290204.9823565,0.0,0.0,0.0008031359910964966
1785290204.9835503,0.0,0.0,0.0008284479975700378
1785290204.9847314,0.0,0.0,0.0008058239817619324
1785290204.98596,0.0,0.0,0.0008513280153274537
1785290204.987165,0.0,0.0,0.0008196799755096436
1785290204.988354,0.0,0.0,0.0008072320222854614
1785290204.989523,0.0,0.0,0.0008013120293617248
1785290204.9906905,0.0,0.0,0.000797439992427826
1785290204.9918826,0.0,0.0,0.0008254079818725586
1785290204.9930472,0.0,0.0,0.0007927359938621521
1785290204.994208,0.0,0.0,0.000793887972831726
1785290204.9953902,0.0,0.0,0.0008078719973564148
1785290204.9965646,0.0,0.0,0.0007993280291557312
1785290204.997745,0.0,0.0,0.0008084800243377685
1785290204.998906,0.0,0.0,0.0007935680150985717
1785290205.000126,0.0,0.0,0.0008241919875144959
1785290205.0012937,0.0,0.0,0.0007987840175628662
1785290205.0024543,0.0,0.0,0.0007899519801139831
1785290205.003643,0.0,0.0,0.0008186560273170471
1785290205.004811,0.0,0.0,0.0007937920093536377
1785290205.0059721,0.0,0.0,0.000790560007095337
1785290205.007149,0.0,0.0,0.000807263970375061
1785290205.0083241,0.0,0.0,0.0008043519854545593
1785290205.0094733,0.0,0.0,0.0007822080254554748
1785290205.0106552,0.0,0.0,0.0008067200183868408
1785290205.0118337,0.0,0.0,0.0008130559921264649
1785290205.0130153,0.0,0.0,0.0008062400221824646
1785290205.0141754,0.0,0.0,0.0007882559895515442
1785290205.015362,0.0,0.0,0.0008141440153121948
1785290205.0165243,0.0,0.0,0.0007881919741630554
1785290205.0176723,0.0,0.0,0.0007799999713897705
1785290205.0188305,0.0,0.0,0.0007906559705734253
1785290205.0200284,0.0,0.0,0.0008053759932518006
1785290205.0211914,0.0,0.0,0.0007899199724197387
1785290205.0223458,0.0,0.0,0.0007862079739570617
1785290205.0235386,0.0,0.0,0.0008194879889488221
1785290205.0247161,0.0,0.0,0.0007990720272064209
1785290205.025885,0.0,0.0,0.0008029119968414307
1785290205.0270462,0.0,0.0,0.0007982079982757569
1785290205.0282679,0.0,0.0,0.0008134080171585083
1785290205.029441,0.0,0.0,0.0008019520044326783
1785290205.0306208,0.0,0.0,0.0008084480166435241
1785290205.0325048,0.0,0.0,0.0015100799798965453
1785290205.0337515,0.0,0.0,0.000837664008140564
1785290205.0349393,0.0,0.0,0.00080867201089859
1785290205.0361557,0.0,0.0,0.0008143360018730163
1785290205.0373118,0.0,0.0,0.0007890560030937195
1785290205.0384889,0.0,0.0,0.0008023999929428101
1785290205.0396724,0.0,0.0,0.0008125439882278443
1785290205.040837,0.0,0.0,0.0007965440154075622
1785290205.0420377,0.0,0.0,0.0007942079901695252
1785290205.043231,0.0,0.0,0.000820032000541687
1785290205.044406,0.0,0.0,0.0008009600043296814
1785290205.045563,0.0,0.0,0.0007879679799079895
1785290205.046731,0.0,0.0,0.0008030080199241638
1785290205.0479121,0.0,0.0,0.0008122559785842896
1785290205.0490773,0.0,0.0,0.000793503999710083
1785290205.0502436,0.0,0.0,0.0007980160117149353
1785290205.0514214,0.0,0.0,0.000815551996231079
1785290205.0525854,0.0,0.0,0.0007925119996070862
1785290205.0537498,0.0,0.0,0.0007945280075073243
1785290205.054921,0.0,0.0,0.0008034560084342956
1785290205.0561209,0.0,0.0,0.0008058879971504212
1785290205.0572937,0.0,0.0,0.0008023999929428101
1785290205.0584674,0.0,0.0,0.0008019199967384339
1785290205.059654,0.0,0.0,0.0008199999928474426
1785290205.0608187,0.0,0.0,0.0007913600206375122
1785290205.0619967,0.0,0.0,0.0008023359775543213
1785290205.0631888,0.0,0.0,0.0008166720271110535
1785290205.0643585,0.0,0.0,0.00079612797498703
1785290205.0655115,0.0,0.0,0.0007853760123252869
1785290205.0666728,0.0,0.0,0.0007917439937591553
1785290205.0678775,0.0,0.0,0.0008349760174751282
1785290205.069036,0.0,0.0,0.0007896000146865845
1785290205.0701814,0.0,0.0,0.0007817919850349426
1785290205.071371,0.0,0.0,0.0008170560002326965
1785290205.072525,0.0,0.0,0.000786463975906372
1785290205.0736916,0.0,0.0,0.0007954559922218323
1785290205.0748496,0.0,0.0,0.000790560007095337
1785290205.0760174,0.0,0.0,0.0007889919877052307
1785290205.077163,0.0,0.0,0.0007771199941635132
1785290205.0783312,0.0,0.0,0.0008007680177688598
1785290205.0795233,0.0,0.0,0.0008256639838218689
1785290205.0806847,0.0,0.0,0.0007899519801139831
1785290205.0818658,0.0,0.0,0.0008014079928398133
1785290205.0830536,0.0,0.0,0.0008132479786872864
1785290205.0842633,0.0,0.0,0.0008134719729423523
1785290205.085433,0.0,0.0,0.0007973120212554931
1785290205.0866015,0.0,0.0,0.0007994239926338196
1785290205.0884826,0.0,0.0,0.0008701760172843933
1785290205.0896814,0.0,0.0,0.0008162559866905213
1785290205.0908668,0.0,0.0,0.0008139839768409729
1785290205.0920672,0.0,0.0,0.000811456024646759
1785290205.0932536,0.0,0.0,0.0008127999901771546
1785290205.0944366,0.0,0.0,0.0008092799782752991
1785290205.0956278,0.0,0.0,0.0008207679986953735
1785290205.096794,0.0,0.0,0.000797760009765625
1785290205.0979624,0.0,0.0,0.0008018239736557007
1785290205.0991488,0.0,0.0,0.0008189120292663574
1785290205.1003344,0.0,0.0,0.00081523197889328
1785290205.1014893,0.0,0.0,0.0007923200130462647
1785290205.1026647,0.0,0.0,0.0008034240007400513
1785290205.1038775,0.0,0.0,0.0008347520232200623
1785290205.1050634,0.0,0.0,0.0008018879890441895
1785290205.1062267,0.0,0.0,0.000790336012840271
1785290205.1074,0.0,0.0,0.0008072320222854614
1785290205.1085594,0.0,0.0,0.000791487991809845
1785290205.1097286,0.0,0.0,0.0008007040023803711
1785290205.110882,0.0,0.0,0.0007861440181732178
1785290205.1120677,0.0,0.0,0.0007939519882202148
1785290205.1132276,0.0,0.0,0.0007834879755973816
1785290205.1143909,0.0,0.0,0.0007893120050430298
1785290205.1155958,0.0,0.0,0.0008247680068016052
1785290205.116768,0.0,0.0,0.0007924479842185974
1785290205.1179209,0.0,0.0,0.000779807984828949
1785290205.1190746,0.0,0.0,0.0007895359992980957
1785290205.1202586,0.0,0.0,0.0007964800000190735
1785290205.1214287,0.0,0.0,0.0007996799945831299
1785290205.122599,0.0,0.0,0.0007999680042266846
1785290205.12379,0.0,0.0,0.0008244799971580505
1785290205.1249704,0.0,0.0,0.0008059840202331543
1785290205.1261263,0.0,0.0,0.0007835519909858704
1785290205.1273234,0.0,0.0,0.0008223680257797241
1785290205.1284788,0.0,0.0,0.0007870720028877259
1785290205.12965,0.0,0.0,0.000801696002483368
1785290205.1308084,0.0,0.0,0.000786463975906372
1785290205.1319954,0.0,0.0,0.0008006079792976379
1785290205.1331537,0.0,0.0,0.0007917119860649109
1785290205.1343148,0.0,0.0,0.0007940160036087036
1785290205.1355035,0.0,0.0,0.0008185279965400695
1785290205.1366613,0.0,0.0,0.0007864320278167724
1785290205.1378434,0.0,0.0,0.0008053119778633118
1785290205.1390314,0.0,0.0,0.000809440016746521
1785290205.140251,0.0,0.0,0.0008146560192108154
1785290205.141442,0.0,0.0,0.0008178880214691162
1785290205.143294,0.0,0.0,0.0014770879745483398
1785290205.144538,0.0,0.0,0.0008365439772605896
1785290205.1457186,0.0,0.0,0.0008024960160255432
1785290205.146879,0.0,0.0,0.000791487991809845
1785290205.1480615,0.0,0.0,0.0007934079766273498
1785290205.1492302,0.0,0.0,0.0007970560193061828
1785290205.1503806,0.0,0.0,0.0007834560275077819
1785290205.1515648,0.0,0.0,0.0008182719945907592
1785290205.1527464,0.0,0.0,0.0008081920146942138
1785290205.1538987,0.0,0.0,0.000781440019607544
1785290205.1550474,0.0,0.0,0.0007828800082206726
1785290205.156244,0.0,0.0,0.0008053439855575562
1785290205.1574128,0.0,0.0,0.0007966079711914062
1785290205.1585813,0.0,0.0,0.0008025919795036316
1785290205.1597643,0.0,0.0,0.0008161600232124329
1785290205.160936,0.0,0.0,0.0007943360209465026
1785290205.1620865,0.0,0.0,0.0007852159738540649
1785290205.1632712,0.0,0.0,0.000811743974685669
1785290205.1644375,0.0,0.0,0.0007985600233078003
1785290205.16561,0.0,0.0,0.0008008319735527038
1785290205.16677,0.0,0.0,0.0007902719974517822
1785290205.1679769,0.0,0.0,0.0008165760040283203
1785290205.1691318,0.0,0.0,0.0007810879945755005
1785290205.1702914,0.0,0.0,0.0007911360263824463
1785290205.1714702,0.0,0.0,0.0008121600151062012
1785290205.1726332,0.0,0.0,0.000785535991191864
1785290205.1738315,0.0,0.0,0.0007798399925231934
1785290205.1749957,0.0,0.0,0.0007930560111999512
1785290205.1761837,0.0,0.0,0.0007953919768333435
1785290205.1773498,0.0,0.0,0.0007961599826812744
1785290205.1785216,0.0,0.0,0.000800383985042572
1785290205.1797056,0.0,0.0,0.0008090559840202332
1785290205.180867,0.0,0.0,0.0007888640165328979
1785290205.1820216,0.0,0.0,0.0007869759798049927
1785290205.1832116,0.0,0.0,0.0008194559812545777
1785290205.184387,0.0,0.0,0.0008025919795036316
1785290205.185547,0.0,0.0,0.0007880640029907227
1785290205.1867125,0.0,0.0,0.0008002880215644836
1785290205.1879,0.0,0.0,0.0008176640272140503
1785290205.1890457,0.0,0.0,0.0007774080038070679
1785290205.1901944,0.0,0.0,0.0007809600234031677
1785290205.19139,0.0,0.0,0.0008266559839248658
1785290205.1925602,0.0,0.0,0.0008011839985847474
1785290205.1937342,0.0,0.0,0.0007972480058670044
1785290205.194918,0.0,0.0,0.0008135679960250855
1785290205.1961193,0.0,0.0,0.0008127999901771546
1785290205.1979337,0.0,0.0,0.0008065919876098633
1785290205.199213,0.0,0.0,0.0008615999817848205
1785290205.2004042,0.0,0.0,0.0008082559704780579
1785290205.2015686,0.0,0.0,0.0007985919713973999
1785290205.2027428,0.0,0.0,0.0008042240142822265
1785290205.2039344,0.0,0.0,0.0008055999875068665
1785290205.2051015,0.0,0.0,0.0008009600043296814
1785290205.2062461,0.0,0.0,0.0007799680233001708
1785290205.207436,0.0,0.0,0.0008261759877204896
1785290205.2086074,0.0,0.0,0.0007996799945831299
1785290205.2097707,0.0,0.0,0.0007955520153045654
1785290205.2109401,0.0,0.0,0.000800383985042572
1785290205.2121263,0.0,0.0,0.0007878400087356568
1785290205.213277,0.0,0.0,0.0007845759987831116
1785290205.2144434,0.0,0.0,0.0008001599907875061
1785290205.2156086,0.0,0.0,0.0007999359965324402
1785290205.2167757,0.0,0.0,0.0007970880270004272
1785290205.217918,0.0,0.0,0.0007800959944725037
1785290205.2190828,0.0,0.0,0.000797599971294403
1785290205.220278,0.0,0.0,0.0008049920201301574
1785290205.2214236,0.0,0.0,0.0007807040214538575
1785290205.2225888,0.0,0.0,0.0007984640002250672
1785290205.223785,0.0,0.0,0.0008260160088539123
1785290205.224944,0.0,0.0,0.0007843840122222901
1785290205.2261,0.0,0.0,0.0007876160144805909
1785290205.2272778,0.0,0.0,0.0008076480031013488
1785290205.2284472,0.0,0.0,0.0007983999848365784
1785290205.2296166,0.0,0.0,0.000797439992427826
1785290205.2307932,0.0,0.0,0.0008060799837112427
1785290205.2319863,0.0,0.0,0.0008071359992027283
1785290205.233133,0.0,0.0,0.0007793599963188171
1785290205.2343113,0.0,0.0,0.0008095999956130982
1785290205.2354972,0.0,0.0,0.0008124799728393555
1785290205.236663,0.0,0.0,0.0007963200211524963
1785290205.23781,0.0,0.0,0.0007837439775466919
1785290205.2389677,0.0,0.0,0.0007847999930381775
1785290205.2401447,0.0,0.0,0.000786400020122528
1785290205.2413087,0.0,0.0,0.000790880024433136
1785290205.2424693,0.0,0.0,0.0007931200265884399
1785290205.2436557,0.0,0.0,0.0008161280155181885
1785290205.2448282,0.0,0.0,0.0007978240251541137
1785290205.2460067,0.0,0.0,0.0007989760041236878
1785290205.247178,0.0,0.0,0.0008034240007400513
1785290205.248362,0.0,0.0,0.0008109440207481384
1785290205.249526,0.0,0.0,0.0007907519936561585
1785290205.2507076,0.0,0.0,0.0008024320006370545
1785290205.251909,0.0,0.0,0.0008191999793052674
1785290205.2537522,0.0,0.0,0.0014658880233764649
1785290205.2549682,0.0,0.0,0.0008195840120315552
1785290205.2561877,0.0,0.0,0.0008160960078239441
1785290205.2573602,0.0,0.0,0.000798080027103424
1785290205.2585328,0.0,0.0,0.0008006719946861267
1785290205.2597103,0.0,0.0,0.0008089280128479004
1785290205.2608814,0.0,0.0,0.0007926719784736633
1785290205.2620485,0.0,0.0,0.0007942079901695252
1785290205.2632213,0.0,0.0,0.0008037440180778503
1785290205.2643864,0.0,0.0,0.000793503999710083
1785290205.265559,0.0,0.0,0.0008000959753990173
1785290205.266735,0.0,0.0,0.0008053439855575562
1785290205.2679362,0.0,0.0,0.0008324159979820251
1785290205.2690995,0.0,0.0,0.0007846400141716004
1785290205.270253,0.0,0.0,0.0007871999740600586
1785290205.2714396,0.0,0.0,0.0008204159736633301
1785290205.2725992,0.0,0.0,0.0007931839823722839
1785290205.2737458,0.0,0.0,0.0007792320251464843
1785290205.274902,0.0,0.0,0.000790175974369049
1785290205.2760618,0.0,0.0,0.0007808319926261902
1785290205.2772238,0.0,0.0,0.0007964800000190735
1785290205.2783837,0.0,0.0,0.0007922559976577759
1785290205.2795713,0.0,0.0,0.0008106240034103393
1785290205.2807505,0.0,0.0,0.0008058239817619324
1785290205.281914,0.0,0.0,0.000794272005558014
1785290205.2830784,0.0,0.0,0.0007945280075073243
1785290205.2842693,0.0,0.0,0.0008036800026893616
1785290205.285429,0.0,0.0,0.000787007987499237
1785290205.286593,0.0,0.0,0.0007952640056610108
1785290205.2877834,0.0,0.0,0.0008171200156211853
1785290205.2889369,0.0,0.0,0.0007868800163269043
1785290205.2900972,0.0,0.0,0.0007947520017623902
1785290205.2912655,0.0,0.0,0.0007963520288467407
1785290205.2924404,0.0,0.0,0.0008080959916114807
1785290205.2936292,0.0,0.0,0.0007826560139656067
1785290205.2948103,0.0,0.0,0.0008081600069999694
1785290205.2960544,0.0,0.0,0.0008556159734725952
1785290205.2972717,0.0,0.0,0.0008101760149002075
1785290205.2984407,0.0,0.0,0.0007927359938621521
1785290205.2996402,0.0,0.0,0.000827072024345398
1785290205.3008142,0.0,0.0,0.0008009920120239257
1785290205.3019881,0.0,0.0,0.0008008000254631042
1785290205.3031802,0.0,0.0,0.0008224959969520568
1785290205.3043742,0.0,0.0,0.0008139200210571289
1785290205.305562,0.0,0.0,0.0008100159764289856
1785290205.3067229,0.0,0.0,0.0007787520289421081
1785290205.3087764,0.0,0.0,0.0016766400337219238
1785290205.3100398,0.0,0.0,0.0008505600094795227
1785290205.3112507,0.0,0.0,0.000826528012752533
1785290205.3124182,0.0,0.0,0.0007905920147895814
1785290205.3135877,0.0,0.0,0.0007964479923248291
1785290205.3147662,0.0,0.0,0.000804960012435913
1785290205.315947,0.0,0.0,0.0007952640056610108
1785290205.3171122,0.0,0.0,0.0007942399978637696
1785290205.3182802,0.0,0.0,0.0007937600016593933
1785290205.3194568,0.0,0.0,0.0008124160170555115
1785290205.3206344,0.0,0.0,0.0008107200264930725
1785290205.3218033,0.0,0.0,0.0007972800135612487
1785290205.3229566,0.0,0.0,0.0007889919877052307
1785290205.3241541,0.0,0.0,0.0008001599907875061
1785290205.3253186,0.0,0.0,0.0007969599962234497
1785290205.3264976,0.0,0.0,0.0008061119914054871
1785290205.3276718,0.0,0.0,0.000812287986278534
1785290205.3288455,0.0,0.0,0.0008015040159225464
1785290205.329996,0.0,0.0,0.000782688021659851
1785290205.3311663,0.0,0.0,0.0008079680204391479
1785290205.3323128,0.0,0.0,0.0007788159847259521
1785290205.3334599,0.0,0.0,0.0007824959754943847
1785290205.3346188,0.0,0.0,0.0007913920283317566
1785290205.3357925,0.0,0.0,0.0008104640245437622
1785290205.3369434,0.0,0.0,0.0007794240117073059
1785290205.3381112,0.0,0.0,0.0007974720001220703
1785290205.3392997,0.0,0.0,0.0008231040239334107
1785290205.340465,0.0,0.0,0.0007916799783706665
1785290205.3416271,0.0,0.0,0.0007895359992980957
1785290205.3427818,0.0,0.0,0.0007860479950904846
1785290205.3439689,0.0,0.0,0.0008036159873008728
1785290205.345126,0.0,0.0,0.0007898880243301391
1785290205.34626,0.0,0.0,0.0007702720165252686
1785290205.3474388,0.0,0.0,0.0008154879808425904
1785290205.3486052,0.0,0.0,0.0007945280075073243
1785290205.3497488,0.0,0.0,0.0007772160172462464
1785290205.3508937,0.0,0.0,0.0007789760231971741
1785290205.352062,0.0,0.0,0.000784928023815155
1785290205.3532128,0.0,0.0,0.0007806720137596131
1785290205.3543563,0.0,0.0,0.0007781760096549988
1785290205.3555422,0.0,0.0,0.0008167359828948975
1785290205.3567147,0.0,0.0,0.0007999680042266846
1785290205.357881,0.0,0.0,0.0008000320196151733
1785290205.3590736,0.0,0.0,0.0008204799890518189
1785290205.3602602,0.0,0.0,0.0007951359748840332
1785290205.3614223,0.0,0.0,0.0007923200130462647
1785290205.3625886,0.0,0.0,0.0007964479923248291
1785290205.364431,0.0,0.0,0.0014703999757766724
1785290205.3656507,0.0,0.0,0.0008251839876174927
1785290205.3668349,0.0,0.0,0.0008134400248527527
1785290205.3680205,0.0,0.0,0.0007882239818572998
1785290205.3691785,0.0,0.0,0.0007886719703674316
1785290205.370356,0.0,0.0,0.0008027840256690979
1785290205.3715496,0.0,0.0,0.0008249279856681824
1785290205.372721,0.0,0.0,0.0007993919849395752
1785290205.3738842,0.0,0.0,0.0007946879863739014
1785290205.3750467,0.0,0.0,0.000800320029258728
1785290205.3762338,0.0,0.0,0.0007963520288467407
1785290205.3773766,0.0,0.0,0.0007776319980621338
1785290205.378526,0.0,0.0,0.0007868800163269043
1785290205.3796794,0.0,0.0,0.0007913280129432679
1785290205.3808231,0.0,0.0,0.0007712000012397766
1785290205.381972,0.0,0.0,0.0007800319790840149
1785290205.3831468,0.0,0.0,0.000808031976222992
1785290205.3843238,0.0,0.0,0.0008064640164375305
1785290205.3854797,0.0,0.0,0.0007832639813423156
1785290205.386635,0.0,0.0,0.0007870399951934815
1785290205.38781,0.0,0.0,0.0008126400113105774
1785290205.3889623,0.0,0.0,0.0007802240252494812
1785290205.3901317,0.0,0.0,0.0008024320006370545
1785290205.3913133,0.0,0.0,0.0008199679851531983
1785290205.3924644,0.0,0.0,0.0007797759771347046
1785290205.3936207,0.0,0.0,0.0007908480167388916
1785290205.3947902,0.0,0.0,0.0007994239926338196
1785290205.3959696,0.0,0.0,0.0007927359938621521
1785290205.3971272,0.0,0.0,0.0007853440046310425
1785290205.3982818,0.0,0.0,0.0007896320223808288
1785290205.399448,0.0,0.0,0.0008056640028953553
1785290205.4005942,0.0,0.0,0.0007796159982681274
1785290205.4017515,0.0,0.0,0.0007898560166358947
1785290205.4029038,0.0,0.0,0.0007865920066833496
1785290205.4040704,0.0,0.0,0.0007832639813423156
1785290205.4052439,0.0,0.0,0.0008052800297737122
1785290205.4063938,0.0,0.0,0.0007839999794960022
1785290205.4075665,0.0,0.0,0.0008045759797096252
1785290205.4087205,0.0,0.0,0.0007840319871902466
1785290205.40987,0.0,0.0,0.0007815679907798767
1785290205.4110239,0.0,0.0,0.0007906240224838256
1785290205.4122176,0.0,0.0,0.0007963520288467407
1785290205.4133806,0.0,0.0,0.0007954879999160767
1785290205.4145544,0.0,0.0,0.0008009920120239257
1785290205.4157524,0.0,0.0,0.0008271999955177307
1785290205.416916,0.0,0.0,0.0007881919741630554
1785290205.4180834,0.0,0.0,0.0007979519963264466
1785290205.4199758,0.0,0.0,0.0008957440257072449
1785290205.4211895,0.0,0.0,0.000822816014289856
1785290205.4223537,0.0,0.0,0.0007858560085296631
1785290205.4235618,0.0,0.0,0.0008325120210647583
1785290205.424737,0.0,0.0,0.0007958080172538757
1785290205.425904,0.0,0.0,0.0008010879755020142
1785290205.4270759,0.0,0.0,0.0008070719838142395
1785290205.428258,0.0,0.0,0.0007879679799079895
1785290205.4294226,0.0,0.0,0.0007978240251541137
1785290205.430579,0.0,0.0,0.0007916799783706665
1785290205.431783,0.0,0.0,0.0008347520232200623
1785290205.4329417,0.0,0.0,0.0007824320197105408
1785290205.434106,0.0,0.0,0.0007963200211524963
1785290205.4352958,0.0,0.0,0.0008232319951057434
1785290205.4364488,0.0,0.0,0.0007884160280227661
1785290205.4376252,0.0,0.0,0.00081004798412323
1785290205.4387648,0.0,0.0,0.000776095986366272
1785290205.4399686,0.0,0.0,0.0008160960078239441
1785290205.4411368,0.0,0.0,0.0007978559732437134
1785290205.4423032,0.0,0.0,0.0007950400114059449
1785290205.443492,0.0,0.0,0.0008144639730453491
1785290205.4446647,0.0,0.0,0.0008047999739646912
1785290205.4458246,0.0,0.0,0.0007901440262794494
1785290205.446996,0.0,0.0,0.000804095983505249
1785290205.4481676,0.0,0.0,0.0007850880026817322
1785290205.4493308,0.0,0.0,0.0007969920039176941
1785290205.4504855,0.0,0.0,0.0007865920066833496
1785290205.4516537,0.0,0.0,0.0008042880296707153
1785290205.4528263,0.0,0.0,0.0008045120239257812
1785290205.4539716,0.0,0.0,0.000771615982055664
1785290205.4551451,0.0,0.0,0.0008112000226974487
1785290205.456299,0.0,0.0,0.0007822719812393188
1785290205.4574606,0.0,0.0,0.0007938560247421264
1785290205.4586802,0.0,0.0,0.0007955200076103211
1785290205.4598646,0.0,0.0,0.0008186879754066467
1785290205.4610426,0.0,0.0,0.0008093439936637879
1785290205.4621866,0.0,0.0,0.0007776319980621338
1785290205.4633708,0.0,0.0,0.0008213440179824829
1785290205.4645221,0.0,0.0,0.0007868160009384155
1785290205.4656827,0.0,0.0,0.0007970880270004272
1785290205.466842,0.0,0.0,0.0007900159955024719
1785290205.468047,0.0,0.0,0.0008182719945907592
1785290205.4692283,0.0,0.0,0.000805728018283844
1785290205.4704175,0.0,0.0,0.0008060160279273987
1785290205.4716344,0.0,0.0,0.0008424959778785705
1785290205.472808,0.0,0.0,0.0007980160117149353
1785290205.4746542,0.0,0.0,0.0014701759815216064
1785290205.4758956,0.0,0.0,0.0008422399759292602
1785290205.4770796,0.0,0.0,0.0008066880106925964
1785290205.4782498,0.0,0.0,0.0008060160279273987
1785290205.4794421,0.0,0.0,0.0008222079873085022
1785290205.4806066,0.0,0.0,0.000793887972831726
1785290205.4817638,0.0,0.0,0.0007881600260734558
1785290205.4829206,0.0,0.0,0.0007854719758033752
1785290205.4841113,0.0,0.0,0.0008058239817619324
1785290205.4852693,0.0,0.0,0.0007824640274047851
1785290205.486412,0.0,0.0,0.000776256024837494
1785290205.4876015,0.0,0.0,0.0008236160278320313
1785290205.4887564,0.0,0.0,0.0007853760123252869
1785290205.489908,0.0,0.0,0.0007854719758033752
1785290205.4910567,0.0,0.0,0.0007826560139656067
1785290205.4922314,0.0,0.0,0.000785535991191864
1785290205.4933846,0.0,0.0,0.0007898880243301391
1785290205.494536,0.0,0.0,0.0007828159928321838
1785290205.4957206,0.0,0.0,0.0008213440179824829
1785290205.4968777,0.0,0.0,0.0007854080200195312
1785290205.4980364,0.0,0.0,0.000792352020740509
1785290205.4992208,0.0,0.0,0.0008147839903831482
1785290205.5003786,0.0,0.0,0.0007917439937591553
1785290205.5015435,0.0,0.0,0.000794592022895813
1785290205.5026865,0.0,0.0,0.0007794240117073059
1785290205.503872,0.0,0.0,0.0008195520043373108
1785290205.5050254,0.0,0.0,0.000787231981754303
1785290205.5061805,0.0,0.0,0.0007929279804229736
1785290205.5073729,0.0,0.0,0.0008239679932594299
1785290205.5085316,0.0,0.0,0.0007915199995040894
1785290205.509687,0.0,0.0,0.0007900480031967163
1785290205.5108333,0.0,0.0,0.0007783679962158203
1785290205.5120182,0.0,0.0,0.0007962239980697632
1785290205.5131733,0.0,0.0,0.000790336012840271
1785290205.5143456,0.0,0.0,0.0008026559948921204
1785290205.5155354,0.0,0.0,0.0008178880214691162
1785290205.516703,0.0,0.0,0.0007967039942741394
1785290205.5178723,0.0,0.0,0.000799456000328064
1785290205.519046,0.0,0.0,0.0008028159737586975
1785290205.520292,0.0,0.0,0.0008208320140838623
1785290205.5214565,0.0,0.0,0.0007942079901695252
1785290205.5226238,0.0,0.0,0.0007986879944801331
1785290205.523804,0.0,0.0,0.0008143360018730163
1785290205.5249774,0.0,0.0,0.0008000959753990173
1785290205.5261366,0.0,0.0,0.0007872639894485474
1785290205.5273197,0.0,0.0,0.000819167971611023
1785290205.5284936,0.0,0.0,0.0008043839931488037
1785290205.5303392,0.0,0.0,0.0008583359718322754
1785290205.5315638,0.0,0.0,0.0008415359854698181
1785290205.5327604,0.0,0.0,0.0008204479813575745
1785290205.5339394,0.0,0.0,0.000804960012435913
1785290205.5351164,0.0,0.0,0.0007882559895515442
1785290205.5362713,0.0,0.0,0.0007852479815483093
1785290205.537427,0.0,0.0,0.0007873280048370362
1785290205.5385716,0.0,0.0,0.0007756159901618957
1785290205.539755,0.0,0.0,0.0008184000253677368
1785290205.5409076,0.0,0.0,0.000786624014377594
1785290205.5420601,0.0,0.0,0.0007847040295600891
1785290205.5432403,0.0,0.0,0.0008127040266990662
1785290205.5443966,0.0,0.0,0.0007876480221748352
1785290205.5455496,0.0,0.0,0.0007880319952964783
1785290205.5467157,0.0,0.0,0.0007937920093536377
1785290205.547905,0.0,0.0,0.0008198720216751099
1785290205.5490723,0.0,0.0,0.0007962560057640076
1785290205.5502255,0.0,0.0,0.0007831040024757385
1785290205.5513976,0.0,0.0,0.000806656002998352
1785290205.5525382,0.0,0.0,0.0007747840285301208
1785290205.553687,0.0,0.0,0.0007792959809303283
1785290205.5548337,0.0,0.0,0.0007823359966278076
1785290205.556018,0.0,0.0,0.00079721599817276
1785290205.5571628,0.0,0.0,0.0007764480113983155
1785290205.558293,0.0,0.0,0.0007717120051383972
1785290205.5594587,0.0,0.0,0.0007988160252571106
1785290205.5606174,0.0,0.0,0.000787775993347168
1785290205.5617838,0.0,0.0,0.0008002240061759949
1785290205.562943,0.0,0.0,0.0007883840203285217
1785290205.5641222,0.0,0.0,0.0007862399816513061
1785290205.5652738,0.0,0.0,0.0007850880026817322
1785290205.566429,0.0,0.0,0.0007900800108909607
1785290205.56761,0.0,0.0,0.0008170880079269409
1785290205.5687752,0.0,0.0,0.0007948160171508789
1785290205.569925,0.0,0.0,0.0007848960161209107
1785290205.571085,0.0,0.0,0.00079830402135849
1785290205.5722704,0.0,0.0,0.0008036479949951172
1785290205.5734608,0.0,0.0,0.0008184639811515808
1785290205.5746236,0.0,0.0,0.0007962560057640076
1785290205.575799,0.0,0.0,0.0008089280128479004
1785290205.5769696,0.0,0.0,0.0008004800081253051
1785290205.5781379,0.0,0.0,0.00079721599817276
1785290205.5793397,0.0,0.0,0.0008290879726409912
1785290205.580519,0.0,0.0,0.0007975040078163147
1785290205.5817015,0.0,0.0,0.0008107839822769165
1785290205.5828817,0.0,0.0,0.0008129600286483765
1785290205.584745,0.0,0.0,0.001469215989112854
1785290205.5859714,0.0,0.0,0.0008275520205497742
1785290205.5871873,0.0,0.0,0.0008307520151138306
1785290205.5883608,0.0,0.0,0.0008046720027923584
1785290205.5895286,0.0,0.0,0.000796064019203186
1785290205.5906925,0.0,0.0,0.0007989760041236878
1785290205.5918858,0.0,0.0,0.0008267199993133545
1785290205.5930643,0.0,0.0,0.0008112319707870483
1785290205.5942152,0.0,0.0,0.0007809919714927673
1785290205.595393,0.0,0.0,0.0008078399896621704
1785290205.5965405,0.0,0.0,0.0007795519828796386
1785290205.5976868,0.0,0.0,0.0007797120213508606
1785290205.5988448,0.0,0.0,0.0007894399762153625
1785290205.600034,0.0,0.0,0.000803551971912384
1785290205.6012044,0.0,0.0,0.0007982720136642456
1785290205.6023562,0.0,0.0,0.00078329598903656
1785290205.6035373,0.0,0.0,0.000811743974685669
1785290205.6047142,0.0,0.0,0.0008057600259780884
1785290205.6058834,0.0,0.0,0.0007970880270004272
1785290205.6070414,0.0,0.0,0.0007900800108909607
1785290205.6082094,0.0,0.0,0.0007851200103759766
1785290205.6093547,0.0,0.0,0.0007821760177612305
1785290205.610509,0.0,0.0,0.0007832319736480712
1785290205.6116936,0.0,0.0,0.0008156800270080566
1785290205.6128678,0.0,0.0,0.0008001919984817505
1785290205.614034,0.0,0.0,0.0007988479733467102
1785290205.615223,0.0,0.0,0.0008222399950027465
1785290205.6164184,0.0,0.0,0.0008024320006370545
1785290205.6176088,0.0,0.0,0.0008078719973564148
1785290205.6187758,0.0,0.0,0.0007983360290527344
1785290205.6199687,0.0,0.0,0.0008029119968414307
1785290205.6211407,0.0,0.0,0.0008016319870948792
1785290205.622297,0.0,0.0,0.0007848960161209107
1785290205.623467,0.0,0.0,0.0008104959726333618
1785290205.62463,0.0,0.0,0.0007941120266914367
1785290205.6257741,0.0,0.0,0.0007756479978561401
1785290205.62694,0.0,0.0,0.0008004159927368164
1785290205.6281314,0.0,0.0,0.0007945280075073243
1785290205.6292968,0.0,0.0,0.00079094398021698
1785290205.630451,0.0,0.0,0.0007892799973487854
1785290205.6316273,0.0,0.0,0.0008044800162315368
1785290205.6327891,0.0,0.0,0.0007940160036087036
1785290205.6339545,0.0,0.0,0.0007970560193061828
1785290205.635157,0.0,0.0,0.0008258879780769348
1785290205.6363404,0.0,0.0,0.0008092479705810547
1785290205.6375082,0.0,0.0,0.0007988799810409546
1785290205.6386864,0.0,0.0,0.0008121600151062012
1785290205.64058,0.0,0.0,0.0015225919485092163
1785290205.6418211,0.0,0.0,0.0008388159871101379
1785290205.643011,0.0,0.0,0.0008077759742736816
1785290205.6442254,0.0,0.0,0.0008150720000267028
1785290205.6453965,0.0,0.0,0.0008031359910964966
1785290205.646577,0.0,0.0,0.0008135039806365967
1785290205.6477723,0.0,0.0,0.0008237760066986084
1785290205.6489549,0.0,0.0,0.0008139200210571289
1785290205.650101,0.0,0.0,0.0007818560004234314
1785290205.651283,0.0,0.0,0.0008170880079269409
1785290205.6524405,0.0,0.0,0.0007907199859619141
1785290205.6535885,0.0,0.0,0.0007780799865722656
1785290205.6547554,0.0,0.0,0.0008009600043296814
1785290205.6559424,0.0,0.0,0.0007974079847335815
1785290205.657098,0.0,0.0,0.0007921919822692871
1785290205.6582358,0.0,0.0,0.0007745919823646545
1785290205.6594088,0.0,0.0,0.000806335985660553
1785290205.6605742,0.0,0.0,0.0007928000092506409
1785290205.661725,0.0,0.0,0.0007823359966278076
1785290205.66288,0.0,0.0,0.0007868800163269043
1785290205.664064,0.0,0.0,0.0007985919713973999
1785290205.665212,0.0,0.0,0.0007764160037040711
1785290205.6663704,0.0,0.0,0.0007876480221748352
1785290205.6675637,0.0,0.0,0.0008259519934654235
1785290205.66873,0.0,0.0,0.0007945600152015686
1785290205.6698973,0.0,0.0,0.0008005440235137939
1785290205.6710484,0.0,0.0,0.0007807040214538575
1785290205.6722114,0.0,0.0,0.0007754240036010742
1785290205.673378,0.0,0.0,0.0007988479733467102
1785290205.6745253,0.0,0.0,0.0007809919714927673
1785290205.6757126,0.0,0.0,0.000819648027420044
1785290205.676899,0.0,0.0,0.0008080959916114807
1785290205.678074,0.0,0.0,0.0008040639758110046
1785290205.6792831,0.0,0.0,0.000843775987625122
1785290205.6804557,0.0,0.0,0.0007991359829902649
1785290205.6816063,0.0,0.0,0.0007844160199165344
1785290205.68277,0.0,0.0,0.0008001279830932617
1785290205.6839619,0.0,0.0,0.000804095983505249
1785290205.6851225,0.0,0.0,0.0007879040241241455
1785290205.6862872,0.0,0.0,0.0007962560057640076
1785290205.6874652,0.0,0.0,0.0008038079738616943
1785290205.6886206,0.0,0.0,0.0007823039889335632
1785290205.6897898,0.0,0.0,0.0007956799864768982
1785290205.6909733,0.0,0.0,0.0008050879836082459
1785290205.692175,0.0,0.0,0.0008088639974594117
1785290205.6933298,0.0,0.0,0.0007834240198135377
1785290205.6952808,0.0,0.0,0.0015825279951095581
1785290205.696542,0.0,0.0,0.0008485760092735291
1785290205.6977367,0.0,0.0,0.0008178240060806274
1785290205.6989076,0.0,0.0,0.0008041599988937378
1785290205.700102,0.0,0.0,0.000807263970375061
1785290205.7012737,0.0,0.0,0.0008010879755020142
1785290205.702444,0.0,0.0,0.0008048319816589356
1785290205.7036273,0.0,0.0,0.0008189120292663574
1785290205.7048025,0.0,0.0,0.0008048959970474244
1785290205.7059708,0.0,0.0,0.0007960960268974304
1785290205.7071433,0.0,0.0,0.0008062080144882202
1785290205.708314,0.0,0.0,0.0008014079928398133
1785290205.7094517,0.0,0.0,0.0007779200077056885
1785290205.7106178,0.0,0.0,0.000796064019203186
1785290205.7118087,0.0,0.0,0.0008236160278320313
1785290205.7129567,0.0,0.0,0.0007799360156059266
1785290205.7141159,0.0,0.0,0.000787168025970459
1785290205.7153056,0.0,0.0,0.0008175680041313171
1785290205.7164688,0.0,0.0,0.0007922880053520203
1785290205.7176418,0.0,0.0,0.0008016319870948792
1785290205.7188034,0.0,0.0,0.0007932800054550171
1785290205.7199936,0.0,0.0,0.0007963200211524963
1785290205.7211492,0.0,0.0,0.0007889919877052307
1785290205.722304,0.0,0.0,0.0007871040105819703
1785290205.7234828,0.0,0.0,0.0008164799809455872
1785290205.72464,0.0,0.0,0.0007918720245361328
1785290205.725787,0.0,0.0,0.000784991979598999
1785290205.726927,0.0,0.0,0.0007755200266838073
1785290205.7281199,0.0,0.0,0.0008023679852485657
1785290205.729266,0.0,0.0,0.000780896008014679
1785290205.7304156,0.0,0.0,0.0007856640219688415
1785290205.7315915,0.0,0.0,0.000808351993560791
1785290205.7327669,0.0,0.0,0.0008032000064849853
1785290205.7339299,0.0,0.0,0.0007888320088386536
1785290205.7351155,0.0,0.0,0.000794272005558014
1785290205.7362914,0.0,0.0,0.0008064320087432861
1785290205.7374547,0.0,0.0,0.0007914239764213562
1785290205.738603,0.0,0.0,0.0007815359830856323
1785290205.7397802,0.0,0.0,0.0008135679960250855
1785290205.7409363,0.0,0.0,0.0007835839986801148
1785290205.742093,0.0,0.0,0.0007897599935531616
1785290205.7432823,0.0,0.0,0.0008200640082359314
1785290205.7444375,0.0,0.0,0.0007840319871902466
1785290205.7456455,0.0,0.0,0.0008292800188064575
1785290205.7468262,0.0,0.0,0.0008073920011520386
1785290205.7480347,0.0,0.0,0.000818336009979248
1785290205.7492108,0.0,0.0,0.000805408000946045
1785290205.7509944,0.0,0.0,0.0014080959558486939
1785290205.7522328,0.0,0.0,0.0008216000199317932
1785290205.7534118,0.0,0.0,0.0008075839877128601
1785290205.7545838,0.0,0.0,0.0007991679906845093
1785290205.7557843,0.0,0.0,0.0008323519825935364
1785290205.7569392,0.0,0.0,0.0007841280102729798
1785290205.7580884,0.0,0.0,0.0007836480140686036
1785290205.7592816,0.0,0.0,0.0008241279721260071
1785290205.7604399,0.0,0.0,0.0007888000011444092
1785290205.7616084,0.0,0.0,0.0007968320250511169
1785290205.7627766,0.0,0.0,0.0007989760041236878
1785290205.7639647,0.0,0.0,0.0008043199777603149
1785290205.7651296,0.0,0.0,0.0007921599745750427
1785290205.7662733,0.0,0.0,0.0007779840230941773
1785290205.76745,0.0,0.0,0.000805408000946045
1785290205.7686293,0.0,0.0,0.0008083840012550355
1785290205.7697883,0.0,0.0,0.000794655978679657
1785290205.7709546,0.0,0.0,0.0007970880270004272
1785290205.7721426,0.0,0.0,0.0007968320250511169
1785290205.773306,0.0,0.0,0.0007991359829902649
1785290205.774462,0.0,0.0,0.0007879359722137451
1785290205.7756364,0.0,0.0,0.0008035839796066284
1785290205.7767894,0.0,0.0,0.0007808319926261902
1785290205.7779484,0.0,0.0,0.0007950720191001892
1785290205.7791393,0.0,0.0,0.000815455973148346
1785290205.7802992,0.0,0.0,0.0007911360263824463
1785290205.7814498,0.0,0.0,0.0007844799757003784
1785290205.782618,0.0,0.0,0.0008007680177688598
1785290205.7838094,0.0,0.0,0.0008260480165481567
1785290205.784964,0.0,0.0,0.0007866560220718383
1785290205.7861295,0.0,0.0,0.0007996479868888855
1785290205.7873101,0.0,0.0,0.0008106880187988281
1785290205.7884612,0.0,0.0,0.0007838400006294251
1785290205.7896075,0.0,0.0,0.0007856000065803528
1785290205.7907786,0.0,0.0,0.0007996799945831299
1785290205.7919807,0.0,0.0,0.0008141440153121948
1785290205.793146,0.0,0.0,0.0007919359803199768
1785290205.7943096,0.0,0.0,0.000794272005558014
1785290205.7955074,0.0,0.0,0.0008235520124435425
1785290205.796666,0.0,0.0,0.0007896320223808288
1785290205.7978337,0.0,0.0,0.0007995200157165527
1785290205.7989974,0.0,0.0,0.0007898560166358947
1785290205.800202,0.0,0.0,0.0008117759823799134
1785290205.8013961,0.0,0.0,0.0008125759959220887
1785290205.8025644,0.0,0.0,0.0007991999983787537
1785290205.803775,0.0,0.0,0.0008371520042419434
1785290205.8055878,0.0,0.0,0.0014317439794540405
1785290205.8068683,0.0,0.0,0.0008441280126571656
1785290205.8080816,0.0,0.0,0.0008130239844322205
1785290205.8092442,0.0,0.0,0.000787168025970459
1785290205.8104067,0.0,0.0,0.0007906879782676697
1785290205.8116043,0.0,0.0,0.0008338559865951538
1785290205.8127704,0.0,0.0,0.0007934719920158386
1785290205.8139403,0.0,0.0,0.0008011199831962586
1785290205.8151188,0.0,0.0,0.0007943040132522582
1785290205.816289,0.0,0.0,0.000794655978679657
1785290205.8174403,0.0,0.0,0.0007790079712867736
1785290205.818584,0.0,0.0,0.0007800319790840149
1785290205.8197885,0.0,0.0,0.0008269119858741761
1785290205.8209496,0.0,0.0,0.0007899839878082275
1785290205.8221197,0.0,0.0,0.0008000320196151733
1785290205.8232927,0.0,0.0,0.0008026880025863648
1785290205.8244474,0.0,0.0,0.0007823359966278076
1785290205.8256009,0.0,0.0,0.0007850239872932434
1785290205.8267734,0.0,0.0,0.0008034240007400513
1785290205.827973,0.0,0.0,0.0008137279748916626
1785290205.8291574,0.0,0.0,0.0008097919821739197
1785290205.8303332,0.0,0.0,0.0008042560219764709
1785290205.8315253,0.0,0.0,0.0008263679742813111
1785290205.83269,0.0,0.0,0.0007931839823722839
1785290205.8338509,0.0,0.0,0.0007913920283317566
1785290205.83501,0.0,0.0,0.0007908160090446473
1785290205.8361793,0.0,0.0,0.000782751977443695
1785290205.837325,0.0,0.0,0.0007841600179672242
1785290205.838484,0.0,0.0,0.0007948160171508789
1785290205.83966,0.0,0.0,0.0008096960186958313
1785290205.8408215,0.0,0.0,0.0007884799838066101
1785290205.8419971,0.0,0.0,0.0008083199858665467
1785290205.8431606,0.0,0.0,0.0008013759851455689
1785290205.8443222,0.0,0.0,0.0007910400032997132
1785290205.8454814,0.0,0.0,0.0007881280183792114
1785290205.846627,0.0,0.0,0.0007836480140686036
1785290205.847812,0.0,0.0,0.0008148159980773925
1785290205.8489647,0.0,0.0,0.0007871360182762145
1785290205.850125,0.0,0.0,0.0007977920174598693
1785290205.851287,0.0,0.0,0.0007950720191001892
1785290205.8524513,0.0,0.0,0.0007946239709854126
1785290205.8536062,0.0,0.0,0.0007911999821662903
1785290205.854759,0.0,0.0,0.0007847359776496887
1785290205.8559685,0.0,0.0,0.000823360025882721
1785290205.8571618,0.0,0.0,0.0008240320086479187
1785290205.858347,0.0,0.0,0.0008095679879188538
1785290205.859543,0.0,0.0,0.0008224959969520568
1785290205.8614109,0.0,0.0,0.0014925440549850464
1785290205.8626146,0.0,0.0,0.0008081279993057251
1785290205.8638039,0.0,0.0,0.0008144320249557495
1785290205.8649735,0.0,0.0,0.0007979199886322022
1785290205.8661466,0.0,0.0,0.0008021759986877442
1785290205.8673453,0.0,0.0,0.0008281919956207275
1785290205.8685174,0.0,0.0,0.0007990720272064209
1785290205.8696957,0.0,0.0,0.0008052480220794678
1785290205.8708527,0.0,0.0,0.0007909119725227356
1785290205.8720205,0.0,0.0,0.0007848640084266663
1785290205.8731966,0.0,0.0,0.0008063039779663086
1785290205.8743627,0.0,0.0,0.0007957760095596314
1785290205.8755605,0.0,0.0,0.0008253120183944702
1785290205.8767292,0.0,0.0,0.0007944639921188355
1785290205.8778787,0.0,0.0,0.0007921599745750427
1785290205.8790236,0.0,0.0,0.000780351996421814
1785290205.8802125,0.0,0.0,0.0007950720191001892
1785290205.881373,0.0,0.0,0.0007895039916038513
1785290205.8825321,0.0,0.0,0.0007922239899635315
1785290205.8837044,0.0,0.0,0.0008032000064849853
1785290205.884872,0.0,0.0,0.0008022080063819885
1785290205.8860278,0.0,0.0,0.0007836480140686036
1785290205.8872116,0.0,0.0,0.0008135359883308411
1785290205.8884065,0.0,0.0,0.0008179839849472046
1785290205.8895752,0.0,0.0,0.0007958400249481201
1785290205.8907366,0.0,0.0,0.0007923840284347534
1785290205.891905,0.0,0.0,0.0008007680177688598
1785290205.893061,0.0,0.0,0.000785535991191864
1785290205.8942168,0.0,0.0,0.0007894399762153625
1785290205.8953953,0.0,0.0,0.0008082879781723023
1785290205.896557,0.0,0.0,0.0007950400114059449
1785290205.897704,0.0,0.0,0.0007805439829826355
1785290205.898857,0.0,0.0,0.0007896320223808288
1785290205.9000576,0.0,0.0,0.00081004798412323
1785290205.901229,0.0,0.0,0.0007986239790916443
1785290205.9023929,0.0,0.0,0.0007995520234107971
1785290205.9035566,0.0,0.0,0.0007916160225868225
1785290205.9047513,0.0,0.0,0.0008206400275230408
1785290205.905912,0.0,0.0,0.0007870720028877259
1785290205.9070828,0.0,0.0,0.0007975680232048034
1785290205.90827,0.0,0.0,0.0007936959862709045
1785290205.9094136,0.0,0.0,0.0007802240252494812
1785290205.9105747,0.0,0.0,0.0007942079901695252
1785290205.9117806,0.0,0.0,0.0008274239897727966
1785290205.9129574,0.0,0.0,0.0008044160008430481
1785290205.9141452,0.0,0.0,0.0008086400032043457
1785290205.915329,0.0,0.0,0.0008118079900741578
1785290205.9172366,0.0,0.0,0.0008684480190277099
1785290205.9184377,0.0,0.0,0.0008214399814605713
1785290205.9196475,0.0,0.0,0.0008291519880294799
1785290205.9208379,0.0,0.0,0.0008140479922294617
1785290205.9219935,0.0,0.0,0.0007889279723167419
1785290205.9231822,0.0,0.0,0.0008181120157241821
1785290205.9243517,0.0,0.0,0.0008004800081253051
1785290205.925514,0.0,0.0,0.0007933440208435058
1785290205.9266644,0.0,0.0,0.0007816320061683655
1785290205.9278731,0.0,0.0,0.0008431040048599243
1785290205.9290335,0.0,0.0,0.0007906559705734253
1785290205.9301872,0.0,0.0,0.0007837439775466919
1785290205.9313767,0.0,0.0,0.0008176640272140503
1785290205.932541,0.0,0.0,0.0007921280264854431
1785290205.933697,0.0,0.0,0.0007898560166358947
1785290205.934862,0.0,0.0,0.0007971199750900268
1785290205.936071,0.0,0.0,0.0008206080198287964
1785290205.9372408,0.0,0.0,0.0007970560193061828
1785290205.9384038,0.0,0.0,0.0007888640165328979
1785290205.939591,0.0,0.0,0.000823743999004364
1785290205.9407518,0.0,0.0,0.0007941759824752808
1785290205.9419131,0.0,0.0,0.0007931200265884399
1785290205.9430807,0.0,0.0,0.0008015360236167908
1785290205.944274,0.0,0.0,0.0007947199940681458
1785290205.9454367,0.0,0.0,0.0007905920147895814
1785290205.9465935,0.0,0.0,0.0007912319898605347
1785290205.9477642,0.0,0.0,0.0008053759932518006
1785290205.9489334,0.0,0.0,0.0007988799810409546
1785290205.950087,0.0,0.0,0.0007898880243301391
1785290205.9512877,0.0,0.0,0.0008317440152168274
1785290205.9524496,0.0,0.0,0.0007901440262794494
1785290205.9535954,0.0,0.0,0.0007831680178642273
1785290205.954755,0.0,0.0,0.0007916479706764221
1785290205.9559581,0.0,0.0,0.0008194239735603333
1785290205.9571083,0.0,0.0,0.0007788159847259521
1785290205.9582691,0.0,0.0,0.000792959988117218
1785290205.9594529,0.0,0.0,0.0008142399787902832
1785290205.9606118,0.0,0.0,0.0007880319952964783
1785290205.9617765,0.0,0.0,0.0007987840175628662
1785290205.9629266,0.0,0.0,0.0007844799757003784
1785290205.9641113,0.0,0.0,0.0007964800000190735
1785290205.9652605,0.0,0.0,0.0007814080119132996
1785290205.9664521,0.0,0.0,0.0008231359720230103
1785290205.9676723,0.0,0.0,0.0008339840173721314
1785290205.9688518,0.0,0.0,0.0008076800107955932
1785290205.9700189,0.0,0.0,0.0007864320278167724
1785290205.9718843,0.0,0.0,0.0014964799880981445
1785290205.973134,0.0,0.0,0.0008432959914207458
1785290205.9743302,0.0,0.0,0.0008142079710960388
1785290205.9755242,0.0,0.0,0.0008223040103912353
1785290205.9767077,0.0,0.0,0.0008045120239257812
1785290205.9778812,0.0,0.0,0.0008060799837112427
1785290205.9790459,0.0,0.0,0.0007920640110969544
1785290205.9802349,0.0,0.0,0.0007927680015563965
1785290205.981393,0.0,0.0,0.0007917760014533997
1785290205.9825518,0.0,0.0,0.0007903680205345153
1785290205.9837463,0.0,0.0,0.0008246719837188721
1785290205.9849195,0.0,0.0,0.0007983999848365784
1785290205.986091,0.0,0.0,0.0007992640137672424
1785290205.9872942,0.0,0.0,0.0008338879942893982
1785290205.9884999,0.0,0.0,0.0008130559921264649
1785290205.9896767,0.0,0.0,0.0007946879863739014
1785290205.9908276,0.0,0.0,0.000782751977443695
1785290205.9920232,0.0,0.0,0.0008021439909934998
1785290205.9931927,0.0,0.0,0.00079721599817276
1785290205.9943707,0.0,0.0,0.0008061760067939758
1785290205.9955506,0.0,0.0,0.000810912013053894
1785290205.996716,0.0,0.0,0.0007875840067863465
1785290205.9979086,0.0,0.0,0.000824895977973938
1785290205.9990864,0.0,0.0,0.0008001279830932617
1785290206.0002825,0.0,0.0,0.0008051199913024903
1785290206.0014315,0.0,0.0,0.0007828480005264282
1785290206.002594,0.0,0.0,0.000794655978679657
1785290206.0037777,0.0,0.0,0.0008213760256767273
1785290206.0049524,0.0,0.0,0.0007987520098686218
1785290206.0061066,0.0,0.0,0.000779039978981018
1785290206.0072887,0.0,0.0,0.0008124160170555115
1785290206.0084562,0.0,0.0,0.0007971839904785156
1785290206.0096292,0.0,0.0,0.0007998719811439514
1785290206.0107765,0.0,0.0,0.0007770559787750244
1785290206.0119689,0.0,0.0,0.0007967680096626282
1785290206.0131285,0.0,0.0,0.0007832000255584716
1785290206.0143106,0.0,0.0,0.0008078719973564148
1785290206.0154812,0.0,0.0,0.000809503972530365
1785290206.0166328,0.0,0.0,0.0007840319871902466
1785290206.017788,0.0,0.0,0.0007847679853439331
1785290206.0189328,0.0,0.0,0.0007821440100669861
1785290206.0201468,0.0,0.0,0.0007949759960174561
1785290206.0213292,0.0,0.0,0.0008076800107955932
1785290206.0225303,0.0,0.0,0.0008186560273170471
1785290206.0237343,0.0,0.0,0.0008338879942893982
1785290206.024909,0.0,0.0,0.000798367977142334
1785290206.0267575,0.0,0.0,0.0014703680276870728
1785290206.0280273,0.0,0.0,0.0008422080278396607
1785290206.0292192,0.0,0.0,0.0008050879836082459
1785290206.0303977,0.0,0.0,0.0008099520206451416
1785290206.031591,0.0,0.0,0.0008245120048522949
1785290206.0327642,0.0,0.0,0.000801696002483368
1785290206.0339584,0.0,0.0,0.0007925119996070862
1785290206.0351434,0.0,0.0,0.0008196799755096436
1785290206.03632,0.0,0.0,0.0008071039915084839
1785290206.037482,0.0,0.0,0.0008000959753990173
1785290206.0386422,0.0,0.0,0.0007927680015563965
1785290206.0398579,0.0,0.0,0.0008421440124511719
1785290206.0410118,0.0,0.0,0.000789247989654541
1785290206.0421576,0.0,0.0,0.0007823039889335632
1785290206.0433395,0.0,0.0,0.0008201919794082642
1785290206.0444996,0.0,0.0,0.000794048011302948
1785290206.0456774,0.0,0.0,0.0008111680150032043
1785290206.0468316,0.0,0.0,0.0007893440127372742
1785290206.0480146,0.0,0.0,0.0007898880243301391
1785290206.0491884,0.0,0.0,0.0008137279748916626
1785290206.050346,0.0,0.0,0.000793503999710083
1785290206.0515423,0.0,0.0,0.0008299520015716553
1785290206.0527005,0.0,0.0,0.0007872959971427918
1785290206.0538483,0.0,0.0,0.0007776640057563782
1785290206.0550137,0.0,0.0,0.0007876480221748352
1785290206.0561943,0.0,0.0,0.000792352020740509
1785290206.0573726,0.0,0.0,0.0008028159737586975
1785290206.0585132,0.0,0.0,0.000777504026889801
1785290206.0596755,0.0,0.0,0.0008004159927368164
1785290206.0608523,0.0,0.0,0.0008029440045356751
1785290206.062006,0.0,0.0,0.0007875840067863465
1785290206.063175,0.0,0.0,0.0008044800162315368
1785290206.0643594,0.0,0.0,0.0008076159954071045
1785290206.065512,0.0,0.0,0.0007838400006294251
1785290206.0666656,0.0,0.0,0.0007896959781646728
1785290206.067844,0.0,0.0,0.0008106240034103393
1785290206.069018,0.0,0.0,0.0008006399869918823
1785290206.0701625,0.0,0.0,0.0007813439965248108
1785290206.071327,0.0,0.0,0.0007985280156135559
1785290206.0725007,0.0,0.0,0.0008023679852485657
1785290206.0736578,0.0,0.0,0.0007895039916038513
1785290206.0748153,0.0,0.0,0.0007900800108909607
1785290206.0760093,0.0,0.0,0.0008025280237197876
1785290206.0771997,0.0,0.0,0.0008159679770469666
1785290206.0783641,0.0,0.0,0.0007919359803199768
1785290206.079562,0.0,0.0,0.0008263360261917114
1785290206.0807393,0.0,0.0,0.0008062080144882202
1785290206.082731,0.0,0.0,0.0008832960128784179
1785290206.0839784,0.0,0.0,0.0008249279856681824
1785290206.0851438,0.0,0.0,0.0007882239818572998
1785290206.0863082,0.0,0.0,0.000793887972831726
1785290206.0874772,0.0,0.0,0.0008074880242347717
1785290206.088636,0.0,0.0,0.0007940800189971923
1785290206.0897925,0.0,0.0,0.0007893120050430298
1785290206.090965,0.0,0.0,0.0008034240007400513
1785290206.0921516,0.0,0.0,0.0008019199967384339
1785290206.0933173,0.0,0.0,0.0007986879944801331
1785290206.0944726,0.0,0.0,0.0007844480276107788
1785290206.0956597,0.0,0.0,0.0008199359774589539
1785290206.096815,0.0,0.0,0.0007874559760093689
1785290206.0979545,0.0,0.0,0.0007777600288391113
1785290206.099133,0.0,0.0,0.0008064000010490418
1785290206.100303,0.0,0.0,0.0007995520234107971
1785290206.1014416,0.0,0.0,0.0007755519747734069
1785290206.1025908,0.0,0.0,0.0007838720083236695
1785290206.1037722,0.0,0.0,0.0008151360154151916
1785290206.1049237,0.0,0.0,0.0007856000065803528
1785290206.106074,0.0,0.0,0.0007858560085296631
1785290206.1072564,0.0,0.0,0.0008164479732513428
1785290206.1084032,0.0,0.0,0.0007836800217628478
1785290206.1095395,0.0,0.0,0.0007771199941635132
1785290206.110689,0.0,0.0,0.0007854080200195312
1785290206.1118672,0.0,0.0,0.0008170239925384522
1785290206.1130328,0.0,0.0,0.0007924479842185974
1785290206.1142077,0.0,0.0,0.0008033599853515625
1785290206.1154058,0.0,0.0,0.0008340160250663758
1785290206.116566,0.0,0.0,0.0007946879863739014
1785290206.1177206,0.0,0.0,0.0007883520126342774
1785290206.118897,0.0,0.0,0.0008002560138702392
1785290206.1200802,0.0,0.0,0.0007983999848365784
1785290206.1212375,0.0,0.0,0.0007904639840126038
1785290206.1223881,0.0,0.0,0.000788703978061676
1785290206.1235638,0.0,0.0,0.0008136000037193298
1785290206.1247244,0.0,0.0,0.0007909759879112244
1785290206.1258743,0.0,0.0,0.0007859200239181518
1785290206.1270206,0.0,0.0,0.0007782080173492432
1785290206.1282258,0.0,0.0,0.0008047680258750915
1785290206.1294155,0.0,0.0,0.0008109440207481384
1785290206.1305835,0.0,0.0,0.0008049920201301574
1785290206.1317928,0.0,0.0,0.0008418560028076172
1785290206.1329813,0.0,0.0,0.00080486398935318
1785290206.1341586,0.0,0.0,0.0008007360100746154
1785290206.135371,0.0,0.0,0.0008360959887504577
1785290206.1371894,0.0,0.0,0.0014399039745330812
1785290206.138433,0.0,0.0,0.0008458240032196045
1785290206.139665,0.0,0.0,0.0008539519906044006
1785290206.1408556,0.0,0.0,0.0008139520287513733
1785290206.142019,0.0,0.0,0.0007967039942741394
1785290206.1432054,0.0,0.0,0.0008189120292663574
1785290206.1443791,0.0,0.0,0.0007974720001220703
1785290206.1455243,0.0,0.0,0.0007822719812393188
1785290206.1466596,0.0,0.0,0.0007719680070877075
1785290206.1478508,0.0,0.0,0.0008196160197257996
1785290206.1490123,0.0,0.0,0.0007884160280227661
1785290206.1501703,0.0,0.0,0.0007930560111999512
1785290206.1513314,0.0,0.0,0.0007934079766273498
1785290206.1524928,0.0,0.0,0.0007953919768333435
1785290206.153658,0.0,0.0,0.0008004159927368164
1785290206.1548274,0.0,0.0,0.0008040639758110046
1785290206.1560233,0.0,0.0,0.0008111039996147155
1785290206.157172,0.0,0.0,0.0007818880081176758
1785290206.158313,0.0,0.0,0.0007788800001144409
1785290206.159511,0.0,0.0,0.0008276799917221069
1785290206.1606734,0.0,0.0,0.0007873600125312806
1785290206.161842,0.0,0.0,0.0007994880080223084
1785290206.1629984,0.0,0.0,0.0007817919850349426
1785290206.1642103,0.0,0.0,0.0008114879727363586
1785290206.1653767,0.0,0.0,0.000794592022895813
1785290206.1665332,0.0,0.0,0.0007905920147895814
1785290206.1677172,0.0,0.0,0.0008182079792022705
1785290206.168879,0.0,0.0,0.000794655978679657
1785290206.1700432,0.0,0.0,0.0007949439883232117
1785290206.1711977,0.0,0.0,0.0007898240089416504
1785290206.1723623,0.0,0.0,0.0007982400059700013
1785290206.1735065,0.0,0.0,0.0007799680233001708
1785290206.1746643,0.0,0.0,0.0007940800189971923
1785290206.1758523,0.0,0.0,0.0008202239871025086
1785290206.177017,0.0,0.0,0.0007969599962234497
1785290206.1781619,0.0,0.0,0.0007796159982681274
1785290206.1793377,0.0,0.0,0.0008071359992027283
1785290206.1805015,0.0,0.0,0.000794655978679657
1785290206.1816607,0.0,0.0,0.0007834560275077819
1785290206.1828249,0.0,0.0,0.0007908160090446473
1785290206.1840205,0.0,0.0,0.0008019520044326783
1785290206.1851933,0.0,0.0,0.0008001279830932617
1785290206.186353,0.0,0.0,0.0007881280183792114
1785290206.1875598,0.0,0.0,0.000841376006603241
1785290206.1887434,0.0,0.0,0.0008117759823799134
1785290206.1899068,0.0,0.0,0.0007903040051460266
1785290206.1910827,0.0,0.0,0.0008063679933547974
1785290206.1930256,0.0,0.0,0.0015394560098648071
1785290206.194253,0.0,0.0,0.0008299520015716553
1785290206.195476,0.0,0.0,0.0008428800106048584
1785290206.196658,0.0,0.0,0.0008083199858665467
1785290206.1978374,0.0,0.0,0.0008115519881248474
1785290206.199022,0.0,0.0,0.000813696026802063
1785290206.2002182,0.0,0.0,0.0008085439801216126
1785290206.2013779,0.0,0.0,0.0007878720164299012
1785290206.202534,0.0,0.0,0.0007913600206375122
1785290206.2037208,0.0,0.0,0.000819263994693756
1785290206.2048645,0.0,0.0,0.0007777600288391113
1785290206.2060225,0.0,0.0,0.0007891839742660522
1785290206.2071795,0.0,0.0,0.0007944319844245911
1785290206.208341,0.0,0.0,0.0007966399788856506
1785290206.2095094,0.0,0.0,0.0008035200238227844
1785290206.2106488,0.0,0.0,0.0007751680016517639
1785290206.211829,0.0,0.0,0.0008137919902801514
1785290206.2129872,0.0,0.0,0.000790112018585205
1785290206.2141347,0.0,0.0,0.0007782080173492432
1785290206.2153213,0.0,0.0,0.0008230720162391663
1785290206.2164798,0.0,0.0,0.000790175974369049
1785290206.217626,0.0,0.0,0.0007790719866752624
1785290206.2187822,0.0,0.0,0.0007879679799079895
1785290206.2199602,0.0,0.0,0.0007876160144805909
1785290206.2211125,0.0,0.0,0.0007858240008354187
1785290206.2222633,0.0,0.0,0.0007879359722137451
1785290206.2234385,0.0,0.0,0.0008070080280303955
1785290206.224596,0.0,0.0,0.0007849599719047546
1785290206.2257454,0.0,0.0,0.0007830079793930053
1785290206.226894,0.0,0.0,0.0007791360020637512
1785290206.2280738,0.0,0.0,0.0007915520071983338
1785290206.2292511,0.0,0.0,0.0008043839931488037
1785290206.2304015,0.0,0.0,0.0007818880081176758
1785290206.2315676,0.0,0.0,0.00079830402135849
1785290206.232726,0.0,0.0,0.0007870399951934815
1785290206.2338734,0.0,0.0,0.000778656005859375
1785290206.2350326,0.0,0.0,0.0007999039888381958
1785290206.23621,0.0,0.0,0.0007907519936561585
1785290206.2373693,0.0,0.0,0.0007892159819602966
1785290206.2385316,0.0,0.0,0.0007965440154075622
1785290206.2396996,0.0,0.0,0.0007987520098686218
1785290206.2408543,0.0,0.0,0.0007846720218658447
1785290206.2420006,0.0,0.0,0.000784928023815155
1785290206.243204,0.0,0.0,0.0008246080279350281
1785290206.2443833,0.0,0.0,0.0007978240251541137
1785290206.245558,0.0,0.0,0.0007956799864768982
1785290206.247403,0.0,0.0,0.0008103039860725403
1785290206.2486832,0.0,0.0,0.0008590400218963623
1785290206.249863,0.0,0.0,0.0008072320222854614
1785290206.2510424,0.0,0.0,0.000806335985660553
1785290206.2522457,0.0,0.0,0.0008069440126419067
1785290206.2534113,0.0,0.0,0.0008015999794006348
1785290206.2545645,0.0,0.0,0.0007911679744720459
1785290206.2557461,0.0,0.0,0.000820576012134552
1785290206.2569077,0.0,0.0,0.0007964800000190735
1785290206.2580616,0.0,0.0,0.0007845759987831116
1785290206.259228,0.0,0.0,0.0007995839715003967
1785290206.2603934,0.0,0.0,0.000802079975605011
1785290206.2615633,0.0,0.0,0.0008049280047416686
1785290206.262741,0.0,0.0,0.0007768959999084473
1785290206.2639172,0.0,0.0,0.0008144320249557495
1785290206.2650712,0.0,0.0,0.0007833920121192933
1785290206.2662225,0.0,0.0,0.0007905279994010926
1785290206.2674174,0.0,0.0,0.0008251519799232483
1785290206.2685783,0.0,0.0,0.0007937279939651489
1785290206.269744,0.0,0.0,0.0008019840121269226
1785290206.2709272,0.0,0.0,0.0008110719919204712
1785290206.2721143,0.0,0.0,0.0007922559976577759
1785290206.2732866,0.0,0.0,0.0008032960295677185
1785290206.2744281,0.0,0.0,0.0007767680287361145
1785290206.2756257,0.0,0.0,0.0008030719757080078
1785290206.2767897,0.0,0.0,0.0007986239790916443
1785290206.277951,0.0,0.0,0.0007922559976577759
1785290206.2791176,0.0,0.0,0.0007817919850349426
1785290206.2802856,0.0,0.0,0.0007894080281257629
1785290206.28142,0.0,0.0,0.0007716799974441528
1785290206.282557,0.0,0.0,0.0007771199941635132
1785290206.2837365,0.0,0.0,0.0008131840229034424
1785290206.2848938,0.0,0.0,0.0007839360237121582
1785290206.2860427,0.0,0.0,0.0007824320197105408
1785290206.2872038,0.0,0.0,0.0008000640273094177
1785290206.2883708,0.0,0.0,0.0008014400005340577
1785290206.2895298,0.0,0.0,0.0007911999821662903
1785290206.2906773,0.0,0.0,0.0007837439775466919
1785290206.2918406,0.0,0.0,0.0008012800216674804
1785290206.2929873,0.0,0.0,0.0007788159847259521
1785290206.2941382,0.0,0.0,0.0007884160280227661
1785290206.2953348,0.0,0.0,0.0008256959915161132
1785290206.2964866,0.0,0.0,0.0007772480249404908
1785290206.2976456,0.0,0.0,0.0007976959943771363
1785290206.2988193,0.0,0.0,0.00079830402135849
1785290206.300009,0.0,0.0,0.000797439992427826
1785290206.3011692,0.0,0.0,0.0007956479787826538
1785290206.3029842,0.0,0.0,0.001436735987663269
1785290206.3042436,0.0,0.0,0.0008348479866981506
1785290206.3054242,0.0,0.0,0.0007976639866828919
1785290206.3066018,0.0,0.0,0.0008077120184898376
1785290206.3077946,0.0,0.0,0.0008256959915161132
1785290206.3089688,0.0,0.0,0.0008015679717063904
1785290206.3101392,0.0,0.0,0.0007959359884262085
1785290206.3113303,0.0,0.0,0.0008202880024909973
1785290206.3124769,0.0,0.0,0.0007792639732360839
1785290206.313646,0.0,0.0,0.0007996479868888855
1785290206.3148067,0.0,0.0,0.0007911999821662903
1785290206.3160024,0.0,0.0,0.0008098559975624085
1785290206.3171697,0.0,0.0,0.0007966399788856506
1785290206.3183334,0.0,0.0,0.0007933440208435058
1785290206.3195236,0.0,0.0,0.000819711983203888
1785290206.3207464,0.0,0.0,0.000815455973148346
1785290206.3219368,0.0,0.0,0.0008129280209541321
1785290206.3231316,0.0,0.0,0.000819104015827179
1785290206.3242843,0.0,0.0,0.0007796480059623718
1785290206.325452,0.0,0.0,0.000799839973449707
1785290206.3266156,0.0,0.0,0.0007977280020713807
1785290206.3278182,0.0,0.0,0.0008299840092658997
1785290206.3289955,0.0,0.0,0.000803551971912384
1785290206.3301473,0.0,0.0,0.0007844160199165344
1785290206.331313,0.0,0.0,0.0007995839715003967
1785290206.3324654,0.0,0.0,0.0007855679988861084
1785290206.3336306,0.0,0.0,0.0007926399707794189
1785290206.3347778,0.0,0.0,0.0007765759825706482
1785290206.3359673,0.0,0.0,0.0008022400140762329
1785290206.337141,0.0,0.0,0.0007991679906845093
1785290206.3383214,0.0,0.0,0.0008098239898681641
1785290206.339502,0.0,0.0,0.0008120959997177124
1785290206.3406618,0.0,0.0,0.0007879679799079895
1785290206.3418167,0.0,0.0,0.0007875840067863465
1785290206.3429613,0.0,0.0,0.0007821120023727417
1785290206.3441474,0.0,0.0,0.0007991039752960205
1785290206.3453045,0.0,0.0,0.0007889279723167419
1785290206.3464644,0.0,0.0,0.000792352020740509
1785290206.3476353,0.0,0.0,0.0008033919930458069
1785290206.3487842,0.0,0.0,0.0007826240062713623
1785290206.3499565,0.0,0.0,0.0008067520260810852
1785290206.3511486,0.0,0.0,0.0008189759850502015
1785290206.3523235,0.0,0.0,0.0008047360181808471
1785290206.35351,0.0,0.0,0.0008076480031013488
1785290206.354697,0.0,0.0,0.000810591995716095
1785290206.3559022,0.0,0.0,0.0008356800079345703
1785290206.3570802,0.0,0.0,0.0007953600287437439
1785290206.358932,0.0,0.0,0.0008599039912223816
1785290206.3601608,0.0,0.0,0.0008216639757156372
1785290206.3613632,0.0,0.0,0.0008242239952087402
1785290206.3625398,0.0,0.0,0.0008038399815559387
1785290206.3637352,0.0,0.0,0.0008285120129585266
1785290206.3649144,0.0,0.0,0.0008008000254631042
1785290206.3660827,0.0,0.0,0.0007906879782676697
1785290206.3672535,0.0,0.0,0.0008022400140762329
1785290206.3684242,0.0,0.0,0.0007973440289497375
1785290206.369584,0.0,0.0,0.0007907199859619141
1785290206.3707592,0.0,0.0,0.000804032027721405
1785290206.3719685,0.0,0.0,0.0008134400248527527
1785290206.3731484,0.0,0.0,0.0008028479814529419
1785290206.3742921,0.0,0.0,0.0007717440128326416
1785290206.375484,0.0,0.0,0.000822816014289856
1785290206.3766572,0.0,0.0,0.0008049920201301574
1785290206.377827,0.0,0.0,0.0007987840175628662
1785290206.3789866,0.0,0.0,0.0007879040241241455
1785290206.3801675,0.0,0.0,0.0007905920147895814
1785290206.3813403,0.0,0.0,0.0008041279911994934
1785290206.3824983,0.0,0.0,0.0007925440073013306
1785290206.3836782,0.0,0.0,0.0008124799728393555
1785290206.3848367,0.0,0.0,0.000794655978679657
1785290206.3859937,0.0,0.0,0.0007873920202255249
1785290206.3871572,0.0,0.0,0.0008005759716033935
1785290206.3883193,0.0,0.0,0.0007883840203285217
1785290206.3894887,0.0,0.0,0.0008001599907875061
1785290206.3906522,0.0,0.0,0.0007903680205345153
1785290206.391839,0.0,0.0,0.0008201280236244202
1785290206.3930023,0.0,0.0,0.0007917439937591553
1785290206.3941562,0.0,0.0,0.0007904000282287597
1785290206.3953266,0.0,0.0,0.0008084480166435241
1785290206.396487,0.0,0.0,0.0007922239899635315
1785290206.3976555,0.0,0.0,0.0008018879890441895
1785290206.3988101,0.0,0.0,0.0007869120240211486
1785290206.3999803,0.0,0.0,0.0007863039970397949
1785290206.4011328,0.0,0.0,0.0007793279886245727
1785290206.4022882,0.0,0.0,0.0007875519990921021
1785290206.4034636,0.0,0.0,0.0008075839877128601
1785290206.404607,0.0,0.0,0.0007750080227851868
1785290206.405767,0.0,0.0,0.000796064019203186
1785290206.4069178,0.0,0.0,0.0007821440100669861
1785290206.408115,0.0,0.0,0.0008085439801216126
1785290206.4093106,0.0,0.0,0.0008153280019760131
1785290206.4104874,0.0,0.0,0.0008084480166435241
1785290206.4116807,0.0,0.0,0.000820032000541687
1785290206.4134293,0.0,0.0,0.0013781759738922118
1785290206.4146478,0.0,0.0,0.0008214079737663269
1785290206.4158566,0.0,0.0,0.0008307520151138306
1785290206.4170148,0.0,0.0,0.000784991979598999
1785290206.4181669,0.0,0.0,0.000787775993347168
1785290206.419355,0.0,0.0,0.0008214079737663269
1785290206.4205172,0.0,0.0,0.000787231981754303
1785290206.421689,0.0,0.0,0.0007968000173568725
1785290206.4228303,0.0,0.0,0.0007813439965248108
1785290206.4240158,0.0,0.0,0.0007928320169448852
1785290206.4251802,0.0,0.0,0.0007986559867858887
1785290206.4263256,0.0,0.0,0.000779039978981018
1785290206.4275086,0.0,0.0,0.0008180480003356933
1785290206.4286711,0.0,0.0,0.0007927039861679077
1785290206.4298184,0.0,0.0,0.0007833600044250488
1785290206.4309857,0.0,0.0,0.0008014400005340577
1785290206.432168,0.0,0.0,0.000794048011302948
1785290206.4333239,0.0,0.0,0.0007867199778556823
1785290206.4344935,0.0,0.0,0.0008013120293617248
1785290206.43566,0.0,0.0,0.0007980480194091797
1785290206.4368205,0.0,0.0,0.0007927359938621521
1785290206.4379835,0.0,0.0,0.0007927680015563965
1785290206.439169,0.0,0.0,0.0008175039887428284
1785290206.4403458,0.0,0.0,0.0008014079928398133
1785290206.441504,0.0,0.0,0.0007896959781646728
1785290206.4426715,0.0,0.0,0.000802016019821167
1785290206.4438446,0.0,0.0,0.0008011199831962586
1785290206.4449954,0.0,0.0,0.0007811520099639893
1785290206.4461505,0.0,0.0,0.0007884160280227661
1785290206.447318,0.0,0.0,0.0008022080063819885
1785290206.44848,0.0,0.0,0.0007980480194091797
1785290206.4496253,0.0,0.0,0.0007798720002174378
1785290206.450777,0.0,0.0,0.0007855679988861084
1785290206.4519758,0.0,0.0,0.0008103039860725403
1785290206.4531393,0.0,0.0,0.0007943360209465026
1785290206.4542844,0.0,0.0,0.0007799360156059266
1785290206.4554565,0.0,0.0,0.0008093119859695435
1785290206.456599,0.0,0.0,0.0007776640057563782
1785290206.4577696,0.0,0.0,0.0008033599853515625
1785290206.4589324,0.0,0.0,0.000793824017047882
1785290206.4601126,0.0,0.0,0.0007890880107879639
1785290206.4612815,0.0,0.0,0.0007978559732437134
1785290206.4624476,0.0,0.0,0.0007952319979667664
1785290206.4636443,0.0,0.0,0.0008269439935684204
1785290206.464813,0.0,0.0,0.0007982720136642456
1785290206.465974,0.0,0.0,0.0007958080172538757
1785290206.4671383,0.0,0.0,0.0007992640137672424
1785290206.4690366,0.0,0.0,0.0015207040309906006
1785290206.470253,0.0,0.0,0.0008166720271110535
1785290206.4714692,0.0,0.0,0.000837119996547699
1785290206.4726439,0.0,0.0,0.0007981759905815125
1785290206.4738173,0.0,0.0,0.0008070719838142395
1785290206.4749773,0.0,0.0,0.0007949439883232117
1785290206.4761674,0.0,0.0,0.0007963839769363403
1785290206.477322,0.0,0.0,0.0007867199778556823
1785290206.4784985,0.0,0.0,0.0008054400086402893
1785290206.4796834,0.0,0.0,0.0008176320195198059
1785290206.4808524,0.0,0.0,0.000798911988735199
1785290206.4820254,0.0,0.0,0.0007988160252571106
1785290206.4832113,0.0,0.0,0.0008204159736633301
1785290206.4843845,0.0,0.0,0.0008000000119209289
1785290206.4855342,0.0,0.0,0.0007876799702644348
1785290206.4866948,0.0,0.0,0.0007953600287437439
1785290206.4878936,0.0,0.0,0.000829375982284546
1785290206.489056,0.0,0.0,0.0007903040051460266
1785290206.4902143,0.0,0.0,0.0007871040105819703
1785290206.491408,0.0,0.0,0.0008239679932594299
1785290206.492589,0.0,0.0,0.000804960012435913
1785290206.4937525,0.0,0.0,0.0007908160090446473
1785290206.4949212,0.0,0.0,0.0008024320006370545
1785290206.4961047,0.0,0.0,0.0007923200130462647
1785290206.497245,0.0,0.0,0.0007748159766197204
1785290206.4983919,0.0,0.0,0.0007838400006294251
1785290206.4995744,0.0,0.0,0.0008205440044403076
1785290206.5007293,0.0,0.0,0.0007851200103759766
1785290206.5018964,0.0,0.0,0.0007999039888381958
1785290206.5030437,0.0,0.0,0.0007802559733390808
1785290206.5042279,0.0,0.0,0.00079612797498703
1785290206.5053673,0.0,0.0,0.0007766079902648926
1785290206.506522,0.0,0.0,0.0007911679744720459
1785290206.507695,0.0,0.0,0.0008116160035133361
1785290206.5088437,0.0,0.0,0.000780351996421814
1785290206.5099874,0.0,0.0,0.0007752000093460083
1785290206.5111597,0.0,0.0,0.0008060799837112427
1785290206.5123298,0.0,0.0,0.0008038399815559387
1785290206.5135007,0.0,0.0,0.0008062080144882202
1785290206.514655,0.0,0.0,0.0007838079929351807
1785290206.5158625,0.0,0.0,0.0008363199830055236
1785290206.51702,0.0,0.0,0.0007870399951934815
1785290206.5181816,0.0,0.0,0.0007912639975547791
1785290206.5193896,0.0,0.0,0.0008319360017776489
1785290206.520556,0.0,0.0,0.000793887972831726
1785290206.5217266,0.0,0.0,0.0008017280101776123
1785290206.523558,0.0,0.0,0.0014589120149612427
1785290206.5248363,0.0,0.0,0.0008555840253829956
1785290206.5260217,0.0,0.0,0.0008052800297737122
1785290206.527193,0.0,0.0,0.0008042880296707153
1785290206.5283668,0.0,0.0,0.0008025599718093872
1785290206.5295525,0.0,0.0,0.0008168960213661194
1785290206.5307214,0.0,0.0,0.000795199990272522
1785290206.531924,0.0,0.0,0.0008315520286560059
1785290206.5331302,0.0,0.0,0.0007983999848365784
1785290206.5342991,0.0,0.0,0.0007957119941711426
1785290206.5354807,0.0,0.0,0.0008129600286483765
1785290206.5366383,0.0,0.0,0.0007827839851379394
1785290206.5377924,0.0,0.0,0.0007837439775466919
1785290206.5389373,0.0,0.0,0.000781440019607544
1785290206.54011,0.0,0.0,0.0007841600179672242
1785290206.5412688,0.0,0.0,0.0007890880107879639
1785290206.5424292,0.0,0.0,0.0007931519746780395
1785290206.543605,0.0,0.0,0.0008113600015640258
1785290206.544772,0.0,0.0,0.0007945600152015686
1785290206.5459452,0.0,0.0,0.0007899519801139831
1785290206.5471313,0.0,0.0,0.0008188160061836242
1785290206.548291,0.0,0.0,0.0007917760014533997
1785290206.5494552,0.0,0.0,0.000795744001865387
1785290206.5506217,0.0,0.0,0.0008010240197181701
1785290206.5518122,0.0,0.0,0.0008158400058746338
1785290206.552981,0.0,0.0,0.0007935360074043274
1785290206.5541334,0.0,0.0,0.0007893760204315185
1785290206.555302,0.0,0.0,0.0008048319816589356
1785290206.5564601,0.0,0.0,0.0007863039970397949
1785290206.5576236,0.0,0.0,0.0007956799864768982
1785290206.5587766,0.0,0.0,0.0007856000065803528
1785290206.5599527,0.0,0.0,0.0007912960052490235
1785290206.5611134,0.0,0.0,0.0007969599962234497
1785290206.5622652,0.0,0.0,0.0007873920202255249
1785290206.5634365,0.0,0.0,0.0008117120265960693
1785290206.5645862,0.0,0.0,0.0007816640138626099
1785290206.5657353,0.0,0.0,0.0007804160118103028
1785290206.566898,0.0,0.0,0.0007973120212554931
1785290206.5680614,0.0,0.0,0.0007785279750823974
1785290206.5692177,0.0,0.0,0.0007904959917068482
1785290206.570356,0.0,0.0,0.0007723199725151062
1785290206.571526,0.0,0.0,0.0008055679798126221
1785290206.5726764,0.0,0.0,0.0007824959754943847
1785290206.573854,0.0,0.0,0.0008089280128479004
1785290206.5750306,0.0,0.0,0.0008022720217704773
1785290206.5762308,0.0,0.0,0.000803551971912384
1785290206.577402,0.0,0.0,0.0007999039888381958
1785290206.579242,0.0,0.0,0.001466207981109619
1785290206.5804732,0.0,0.0,0.0008271039724349976
1785290206.5816612,0.0,0.0,0.0008002560138702392
1785290206.5828414,0.0,0.0,0.0008111039996147155
1785290206.5840294,0.0,0.0,0.0008035839796066284
1785290206.585195,0.0,0.0,0.0007915840148925781
1785290206.5863526,0.0,0.0,0.0007880960106849671
1785290206.587538,0.0,0.0,0.0008149120211601257
1785290206.5886984,0.0,0.0,0.0007848320007324219
1785290206.5898607,0.0,0.0,0.0007970880270004272
1785290206.5910187,0.0,0.0,0.0007923840284347534
1785290206.592198,0.0,0.0,0.0007906879782676697
1785290206.5933635,0.0,0.0,0.0007962239980697632
1785290206.594534,0.0,0.0,0.0007984319925308228
1785290206.5957117,0.0,0.0,0.0008078719973564148
1785290206.5968792,0.0,0.0,0.0007919999957084656
1785290206.5980253,0.0,0.0,0.0007785919904708862
1785290206.5992079,0.0,0.0,0.0008104959726333618
1785290206.6003778,0.0,0.0,0.0007939199805259704
1785290206.6015477,0.0,0.0,0.0007987520098686218
1785290206.6027114,0.0,0.0,0.0007990720272064209
1785290206.6038942,0.0,0.0,0.0008171839714050293
1785290206.6050692,0.0,0.0,0.0008080959916114807
1785290206.606233,0.0,0.0,0.0007960960268974304
1785290206.6074111,0.0,0.0,0.0008072959780693054
1785290206.6085546,0.0,0.0,0.0007766079902648926
1785290206.6097193,0.0,0.0,0.0007987200021743775
1785290206.6108701,0.0,0.0,0.0007765759825706482
1785290206.6120515,0.0,0.0,0.0007936959862709045
1785290206.6132135,0.0,0.0,0.0007927680015563965
1785290206.614375,0.0,0.0,0.0007936639785766601
1785290206.6155608,0.0,0.0,0.0008164479732513428
1785290206.6167145,0.0,0.0,0.0007882879972457886
1785290206.6178663,0.0,0.0,0.0007833920121192933
1785290206.619013,0.0,0.0,0.0007805439829826355
1785290206.6201913,0.0,0.0,0.0007859519720077514
1785290206.62136,0.0,0.0,0.0008017600178718567
1785290206.622522,0.0,0.0,0.0007987840175628662
1785290206.6237063,0.0,0.0,0.0008174399733543396
1785290206.6248693,0.0,0.0,0.0007940800189971923
1785290206.6260269,0.0,0.0,0.000793824017047882
1785290206.6272075,0.0,0.0,0.000813215970993042
1785290206.6283917,0.0,0.0,0.0008081920146942138
1785290206.6295724,0.0,0.0,0.0008042560219764709
1785290206.6307425,0.0,0.0,0.0007982400059700013
1785290206.6319473,0.0,0.0,0.0008183040022850036
1785290206.633131,0.0,0.0,0.0008104320168495178
1785290206.634956,0.0,0.0,0.0008514559864997864
1785290206.6361847,0.0,0.0,0.0008213120102882385
1785290206.6373575,0.0,0.0,0.000802016019821167
1785290206.6385376,0.0,0.0,0.0008068159818649292
1785290206.6397386,0.0,0.0,0.000826528012752533
1785290206.6408947,0.0,0.0,0.0007816320061683655
1785290206.6420612,0.0,0.0,0.000797984004020691
1785290206.6432395,0.0,0.0,0.0008136640191078186
1785290206.6444054,0.0,0.0,0.0007993280291557312
1785290206.645557,0.0,0.0,0.000785535991191864
1785290206.6467204,0.0,0.0,0.0008015040159225464
1785290206.6479113,0.0,0.0,0.00083024001121521
1785290206.649069,0.0,0.0,0.0007891520261764526
1785290206.6502173,0.0,0.0,0.000781279981136322
1785290206.6514013,0.0,0.0,0.0008153600096702575
1785290206.6525571,0.0,0.0,0.0007898240089416504
1785290206.6537414,0.0,0.0,0.0008125759959220887
1785290206.6548922,0.0,0.0,0.0007859519720077514
1785290206.6560676,0.0,0.0,0.0007931519746780395
1785290206.6572213,0.0,0.0,0.0007786239981651306
1785290206.6583652,0.0,0.0,0.0007816320061683655
1785290206.6595533,0.0,0.0,0.0008225280046463012
1785290206.6607256,0.0,0.0,0.0007986559867858887
1785290206.661885,0.0,0.0,0.0007910400032997132
1785290206.6630275,0.0,0.0,0.000781216025352478
1785290206.6642165,0.0,0.0,0.0007976959943771363
1785290206.665374,0.0,0.0,0.0007902719974517822
1785290206.6665158,0.0,0.0,0.0007828159928321838
1785290206.6676915,0.0,0.0,0.0008119040131568908
1785290206.6688545,0.0,0.0,0.0007952640056610108
1785290206.6700125,0.0,0.0,0.0007929279804229736
1785290206.6712043,0.0,0.0,0.0008230080008506775
1785290206.6723607,0.0,0.0,0.0007894080281257629
1785290206.6735165,0.0,0.0,0.0007945280075073243
1785290206.674669,0.0,0.0,0.000787007987499237
1785290206.675858,0.0,0.0,0.0008197439908981324
1785290206.677014,0.0,0.0,0.000784608006477356
1785290206.678153,0.0,0.0,0.0007704319953918457
1785290206.6793268,0.0,0.0,0.0008043519854545593
1785290206.6805062,0.0,0.0,0.0008025599718093872
1785290206.6816645,0.0,0.0,0.0007909759879112244
1785290206.6828098,0.0,0.0,0.0007758399844169616
1785290206.684018,0.0,0.0,0.0008238720297813416
1785290206.685207,0.0,0.0,0.0007979199886322022
1785290206.6863728,0.0,0.0,0.0007905920147895814
1785290206.6875618,0.0,0.0,0.0008204799890518189
1785290206.6894374,0.0,0.0,0.0015015039443969727
1785290206.6906824,0.0,0.0,0.0008372160196304322
1785290206.691892,0.0,0.0,0.0008338239789009095
1785290206.6930654,0.0,0.0,0.0008061119914054871
1785290206.694234,0.0,0.0,0.0008000640273094177
1785290206.6954343,0.0,0.0,0.000830847978591919
1785290206.6966047,0.0,0.0,0.0008000640273094177
1785290206.69776,0.0,0.0,0.0007874240279197693
1785290206.6989224,0.0,0.0,0.0007993919849395752
1785290206.700108,0.0,0.0,0.00079094398021698
1785290206.701246,0.0,0.0,0.0007746239900588989
1785290206.7024107,0.0,0.0,0.0008012160062789918
1785290206.703589,0.0,0.0,0.000812608003616333
1785290206.7047465,0.0,0.0,0.000786080002784729
1785290206.7059035,0.0,0.0,0.0007865599989891052
1785290206.7070441,0.0,0.0,0.00077920001745224
1785290206.7082279,0.0,0.0,0.0007896959781646728
1785290206.7093744,0.0,0.0,0.0007802879810333252
1785290206.7105224,0.0,0.0,0.0007820799946784973
1785290206.711712,0.0,0.0,0.0008284479975700378
1785290206.7128763,0.0,0.0,0.0007939839959144592
1785290206.7140248,0.0,0.0,0.000784063994884491
1785290206.7151923,0.0,0.0,0.0007977280020713807
1785290206.716353,0.0,0.0,0.0007904959917068482
1785290206.7175124,0.0,0.0,0.0007958080172538757
1785290206.7186685,0.0,0.0,0.0007879999876022339
1785290206.7198515,0.0,0.0,0.0008209279775619507
1785290206.721002,0.0,0.0,0.000787168025970459
1785290206.722169,0.0,0.0,0.0007978879809379578
1785290206.723343,0.0,0.0,0.0008052160143852234
1785290206.7244973,0.0,0.0,0.0007859839797019958
1785290206.7256544,0.0,0.0,0.0007904639840126038
1785290206.7268167,0.0,0.0,0.0007928320169448852
1785290206.7280025,0.0,0.0,0.0007969599962234497
1785290206.7291465,0.0,0.0,0.0007759360074996948
1785290206.7303038,0.0,0.0,0.0007834560275077819
1785290206.731483,0.0,0.0,0.0008099200129508972
1785290206.7326427,0.0,0.0,0.0007914559841156006
1785290206.7337916,0.0,0.0,0.0007893760204315185
1785290206.73496,0.0,0.0,0.0008020480275154114
1785290206.7361455,0.0,0.0,0.0007968000173568725
1785290206.7373085,0.0,0.0,0.0007906559705734253
1785290206.7384636,0.0,0.0,0.0007897599935531616
1785290206.7396698,0.0,0.0,0.0008376320004463196
1785290206.7408528,0.0,0.0,0.0008010879755020142
1785290206.7420268,0.0,0.0,0.0008004800081253051
1785290206.74321,0.0,0.0,0.0008149759769439697
1785290206.7450614,0.0,0.0,0.0014701119661331176
1785290206.7462957,0.0,0.0,0.0008351680040359497
1785290206.747513,0.0,0.0,0.0008391039967536926
1785290206.7486844,0.0,0.0,0.0008019840121269226
1785290206.7498477,0.0,0.0,0.0007894719839096069
1785290206.7509892,0.0,0.0,0.00077811199426651
1785290206.7521772,0.0,0.0,0.0007996479868888855
1785290206.7533464,0.0,0.0,0.0008006719946861267
1785290206.7544832,0.0,0.0,0.0007745919823646545
1785290206.7556775,0.0,0.0,0.0008226240277290344
1785290206.7568405,0.0,0.0,0.0007971199750900268
1785290206.7580063,0.0,0.0,0.0008014079928398133
1785290206.7591832,0.0,0.0,0.0008107200264930725
1785290206.7603571,0.0,0.0,0.0008038399815559387
1785290206.7615085,0.0,0.0,0.0007824320197105408
1785290206.762651,0.0,0.0,0.0007788159847259521
1785290206.7638266,0.0,0.0,0.000812608003616333
1785290206.7649887,0.0,0.0,0.000794368028640747
1785290206.76614,0.0,0.0,0.0007857599854469299
1785290206.7673202,0.0,0.0,0.0008150720000267028
1785290206.7684865,0.0,0.0,0.0007955520153045654
1785290206.7696438,0.0,0.0,0.0007885439991950989
1785290206.770799,0.0,0.0,0.0007873600125312806
1785290206.77198,0.0,0.0,0.0007936959862709045
1785290206.77313,0.0,0.0,0.0007833279967308044
1785290206.7742789,0.0,0.0,0.000782912015914917
1785290206.7754538,0.0,0.0,0.0008131200075149536
1785290206.7766268,0.0,0.0,0.0007930880188941955
1785290206.7777905,0.0,0.0,0.0007960320115089416
1785290206.7789474,0.0,0.0,0.0007830079793930053
1785290206.780144,0.0,0.0,0.0008041920065879821
1785290206.7813103,0.0,0.0,0.0007956479787826538
1785290206.782478,0.0,0.0,0.0007998719811439514
1785290206.7836518,0.0,0.0,0.0008097919821739197
1785290206.784809,0.0,0.0,0.0007888640165328979
1785290206.7859669,0.0,0.0,0.0007888960242271423
1785290206.7871425,0.0,0.0,0.0008045759797096252
1785290206.7883077,0.0,0.0,0.0007960960268974304
1785290206.7894633,0.0,0.0,0.0007928320169448852
1785290206.7906199,0.0,0.0,0.0007881600260734558
1785290206.7917833,0.0,0.0,0.0008017280101776123
1785290206.792952,0.0,0.0,0.0007969279885292053
1785290206.7940974,0.0,0.0,0.0007867199778556823
1785290206.795306,0.0,0.0,0.000832256019115448
1785290206.796499,0.0,0.0,0.000815999984741211
1785290206.7976606,0.0,0.0,0.0007916160225868225
1785290206.798816,0.0,0.0,0.0007903680205345153
1785290206.8006864,0.0,0.0,0.000865887999534607
1785290206.8018832,0.0,0.0,0.0008135359883308411
1785290206.8030713,0.0,0.0,0.0008177599906921387
1785290206.8042748,0.0,0.0,0.000812608003616333
1785290206.8054576,0.0,0.0,0.0008170560002326965
1785290206.8066237,0.0,0.0,0.000795199990272522
1785290206.8077974,0.0,0.0,0.0008090239763259888
1785290206.8089547,0.0,0.0,0.0007885119915008545
1785290206.8101132,0.0,0.0,0.0007968000173568725
1785290206.8113143,0.0,0.0,0.0008282560110092163
1785290206.812489,0.0,0.0,0.000799776017665863
1785290206.8136413,0.0,0.0,0.0007807360291481018
1785290206.814815,0.0,0.0,0.000808575987815857
1785290206.8160028,0.0,0.0,0.000799456000328064
1785290206.8171673,0.0,0.0,0.0007971199750900268
1785290206.8183227,0.0,0.0,0.0007928320169448852
1785290206.8195071,0.0,0.0,0.0008146560192108154
1785290206.8206813,0.0,0.0,0.0007952960133552551
1785290206.8218577,0.0,0.0,0.0008053759932518006
1785290206.8230264,0.0,0.0,0.0007984640002250672
1785290206.8242145,0.0,0.0,0.0007897599935531616
1785290206.82539,0.0,0.0,0.000812287986278534
1785290206.8265266,0.0,0.0,0.0007763839960098267
1785290206.8277051,0.0,0.0,0.0008149759769439697
1785290206.8288794,0.0,0.0,0.0008022400140762329
1785290206.830036,0.0,0.0,0.0007876160144805909
1785290206.8312156,0.0,0.0,0.0008106560111045837
1785290206.8323858,0.0,0.0,0.0008023679852485657
1785290206.8335702,0.0,0.0,0.0008149440288543701
1785290206.8347437,0.0,0.0,0.0008088319897651673
1785290206.8360107,0.0,0.0,0.0008258240222930908
1785290206.8371928,0.0,0.0,0.0007986239790916443
1785290206.838346,0.0,0.0,0.0007816640138626099
1785290206.8395412,0.0,0.0,0.0008282880187034607
1785290206.8407094,0.0,0.0,0.0007956159710884094
1785290206.8418684,0.0,0.0,0.0007928000092506409
1785290206.84302,0.0,0.0,0.0007835839986801148
1785290206.8441997,0.0,0.0,0.0007912639975547791
1785290206.8453615,0.0,0.0,0.0007947199940681458
1785290206.8465283,0.0,0.0,0.0007996479868888855
1785290206.8477147,0.0,0.0,0.0008144000172615051
1785290206.8488972,0.0,0.0,0.0007968000173568725
1785290206.8500872,0.0,0.0,0.0008148159980773925
1785290206.8512921,0.0,0.0,0.000824288010597229
1785290206.852479,0.0,0.0,0.0008079360127449035
1785290206.8536422,0.0,0.0,0.0007969599962234497
1785290206.8555884,0.0,0.0,0.0015729600191116333
1785290206.8568258,0.0,0.0,0.0008283200263977051
1785290206.858002,0.0,0.0,0.0008003519773483276
1785290206.8591957,0.0,0.0,0.0008266239762306214
1785290206.8603735,0.0,0.0,0.0008063679933547974
1785290206.8615394,0.0,0.0,0.0008013439774513245
1785290206.862696,0.0,0.0,0.0007932800054550171
1785290206.863895,0.0,0.0,0.000832639992237091
1785290206.865058,0.0,0.0,0.0007957760095596314
1785290206.8661926,0.0,0.0,0.0007734079957008362
1785290206.8673725,0.0,0.0,0.0008175359964370727
1785290206.868524,0.0,0.0,0.0007856320142745972
1785290206.8696783,0.0,0.0,0.0007896000146865845
1785290206.8708448,0.0,0.0,0.00079830402135849
1785290206.872042,0.0,0.0,0.0008039680123329162
1785290206.873201,0.0,0.0,0.0007943040132522582
1785290206.8743582,0.0,0.0,0.0007936639785766601
1785290206.87554,0.0,0.0,0.0008184959888458252
1785290206.8767035,0.0,0.0,0.0007907199859619141
1785290206.8778634,0.0,0.0,0.0007904639840126038
1785290206.879026,0.0,0.0,0.0007954879999160767
1785290206.8802178,0.0,0.0,0.0008005120158195495
1785290206.8813787,0.0,0.0,0.0007963200211524963
1785290206.8825436,0.0,0.0,0.0008006719946861267
1785290206.883712,0.0,0.0,0.000805408000946045
1785290206.8848772,0.0,0.0,0.0007922559976577759
1785290206.8860126,0.0,0.0,0.0007731519937515259
1785290206.887184,0.0,0.0,0.0008056640028953553
1785290206.8883328,0.0,0.0,0.0007780159711837768
1785290206.8894837,0.0,0.0,0.000784991979598999
1785290206.8906462,0.0,0.0,0.0007992320060729981
1785290206.891827,0.0,0.0,0.0008122559785842896
1785290206.8929887,0.0,0.0,0.0007936639785766601
1785290206.894146,0.0,0.0,0.000782688021659851
1785290206.8953211,0.0,0.0,0.0008087999820709229
1785290206.8964906,0.0,0.0,0.000798080027103424
1785290206.8976371,0.0,0.0,0.0007830719947814941
1785290206.8987806,0.0,0.0,0.000782688021659851
1785290206.8999536,0.0,0.0,0.000786080002784729
1785290206.9011142,0.0,0.0,0.0007865920066833496
1785290206.9022505,0.0,0.0,0.0007747840285301208
1785290206.903438,0.0,0.0,0.000821120023727417
1785290206.9046185,0.0,0.0,0.0008015040159225464
1785290206.9058247,0.0,0.0,0.0008271039724349976
1785290206.907005,0.0,0.0,0.0008114879727363586
1785290206.9081948,0.0,0.0,0.0007952640056610108
1785290206.9093857,0.0,0.0,0.0008112000226974487
1785290206.9112334,0.0,0.0,0.000874783992767334
1785290206.9124331,0.0,0.0,0.0008183680176734924
1785290206.913612,0.0,0.0,0.000808896005153656
1785290206.914772,0.0,0.0,0.0007942399978637696
1785290206.9159727,0.0,0.0,0.0008106560111045837
1785290206.9171257,0.0,0.0,0.0007883520126342774
1785290206.9182756,0.0,0.0,0.0007858240008354187
1785290206.9194465,0.0,0.0,0.0008061439990997315
1785290206.9206018,0.0,0.0,0.0007862079739570617
1785290206.921768,0.0,0.0,0.0007930560111999512
1785290206.9229386,0.0,0.0,0.0008055359721183777
1785290206.924129,0.0,0.0,0.0007903040051460266
1785290206.9252696,0.0,0.0,0.000774399995803833
1785290206.9264112,0.0,0.0,0.000776639997959137
1785290206.9275935,0.0,0.0,0.0008190400004386901
1785290206.9287481,0.0,0.0,0.000785535991191864
1785290206.929904,0.0,0.0,0.0007922239899635315
1785290206.931068,0.0,0.0,0.0007987840175628662
1785290206.9322457,0.0,0.0,0.0007872959971427918
1785290206.9333994,0.0,0.0,0.0007817280292510986
1785290206.9345632,0.0,0.0,0.0007987520098686218
1785290206.9357421,0.0,0.0,0.0008103039860725403
1785290206.936915,0.0,0.0,0.0008000320196151733
1785290206.938085,0.0,0.0,0.0008015679717063904
1785290206.93926,0.0,0.0,0.0008087679743766785
1785290206.9404294,0.0,0.0,0.000795199990272522
1785290206.9415896,0.0,0.0,0.0007883840203285217
1785290206.9427505,0.0,0.0,0.0007894080281257629
1785290206.9439316,0.0,0.0,0.0007986559867858887
1785290206.9450932,0.0,0.0,0.0007879999876022339
1785290206.9462438,0.0,0.0,0.0007890560030937195
1785290206.9474115,0.0,0.0,0.0008013439774513245
1785290206.9485753,0.0,0.0,0.0007954239845275879
1785290206.949735,0.0,0.0,0.000790112018585205
1785290206.9509053,0.0,0.0,0.0008060479760169983
1785290206.9520714,0.0,0.0,0.0007793279886245727
1785290206.9532282,0.0,0.0,0.0007877439856529236
1785290206.9543803,0.0,0.0,0.0007855039834976196
1785290206.9555593,0.0,0.0,0.0008140159845352173
1785290206.9567223,0.0,0.0,0.0007898880243301391
1785290206.9578867,0.0,0.0,0.0007993919849395752
1785290206.9590347,0.0,0.0,0.0007804160118103028
1785290206.9602492,0.0,0.0,0.0008191360235214233
1785290206.9614358,0.0,0.0,0.0008090879917144776
1785290206.9626148,0.0,0.0,0.0008081279993057251
1785290206.9638193,0.0,0.0,0.0008323839902877807
1785290206.9656568,0.0,0.0,0.0014602240324020385
1785290206.9668915,0.0,0.0,0.0008327999711036682
1785290206.968104,0.0,0.0,0.00081004798412323
1785290206.9692712,0.0,0.0,0.0007971519827842712
1785290206.9704325,0.0,0.0,0.0007918720245361328
1785290206.9716194,0.0,0.0,0.0008209919929504394
1785290206.9727805,0.0,0.0,0.0007882239818572998
1785290206.9739358,0.0,0.0,0.0007870720028877259
1785290206.9751205,0.0,0.0,0.0008019520044326783
1785290206.9762716,0.0,0.0,0.0007848320007324219
1785290206.9774263,0.0,0.0,0.0007873600125312806
1785290206.978597,0.0,0.0,0.0008025599718093872
1785290206.9797747,0.0,0.0,0.0008145920038223266
1785290206.9809437,0.0,0.0,0.000793503999710083
1785290206.9821053,0.0,0.0,0.0007976959943771363
1785290206.9833002,0.0,0.0,0.0008240640163421631
1785290206.984481,0.0,0.0,0.00080348801612854
1785290206.9856424,0.0,0.0,0.0007965760231018066
1785290206.9867895,0.0,0.0,0.000786400020122528
