time,in_time,out_time,inference_time
1785290450.2578218,0.0,0.0,0.023074304580688477
1785290450.281304,0.0,0.0,0.0230664005279541
1785290450.304839,0.0,0.0,0.023118656158447267
1785290450.328362,0.0,0.0,0.023100831985473632
1785290450.3518608,0.0,0.0,0.02308118438720703
1785290450.3753898,0.0,0.0,0.023103744506835937
1785290450.3988981,0.0,0.0,0.023089536666870115
1785290450.4224312,0.0,0.0,0.023089311599731446
1785290450.445938,0.0,0.0,0.023098047256469727
1785290450.469428,0.0,0.0,0.02307974433898926
1785290450.4929078,0.0,0.0,0.02306550407409668
1785290450.516401,0.0,0.0,0.023081792831420898
1785290450.5398977,0.0,0.0,0.02307481575012207
1785290450.5636656,0.0,0.0,0.023333023071289063
1785290450.5871413,0.0,0.0,0.023048128128051758
1785290450.6106272,0.0,0.0,0.02306902313232422
1785290450.6341438,0.0,0.0,0.0231060791015625
1785290450.6576376,0.0,0.0,0.023073728561401368
1785290450.6811152,0.0,0.0,0.023064031600952148
1785290450.7046316,0.0,0.0,0.023096576690673828
1785290450.7285483,0.0,0.0,0.02305059242248535
1785290450.7520418,0.0,0.0,0.02307212829589844
1785290450.775537,0.0,0.0,0.023080831527709962
1785290450.79902,0.0,0.0,0.023072832107543944
1785290450.8225613,0.0,0.0,0.023090560913085936
1785290450.846077,0.0,0.0,0.02310313606262207
1785290450.8695564,0.0,0.0,0.023067167282104492
1785290450.8930452,0.0,0.0,0.023079296112060547
1785290450.9171708,0.0,0.0,0.023090112686157228
1785290450.9406807,0.0,0.0,0.023089599609375
1785290450.964173,0.0,0.0,0.02308105659484863
1785290450.987685,0.0,0.0,0.02309382438659668
1785290451.011156,0.0,0.0,0.02305718421936035
1785290451.0346506,0.0,0.0,0.023083520889282227
1785290451.0581903,0.0,0.0,0.023123008728027344
1785290451.0825107,0.0,0.0,0.023880191802978516
1785290451.1060426,0.0,0.0,0.02311315155029297
1785290451.129547,0.0,0.0,0.023089599609375
1785290451.1530335,0.0,0.0,0.023071775436401366
1785290451.176541,0.0,0.0,0.023076927185058594
1785290451.200068,0.0,0.0,0.02309884834289551
1785290451.2235792,0.0,0.0,0.02309542465209961
1785290451.2476125,0.0,0.0,0.023616512298583983
1785290451.2711294,0.0,0.0,0.02308787155151367
1785290451.2946188,0.0,0.0,0.023071807861328127
1785290451.318161,0.0,0.0,0.02312259292602539
1785290451.3416505,0.0,0.0,0.023076223373413085
1785290451.365134,0.0,0.0,0.02306656074523926
1785290451.3886247,0.0,0.0,0.02307036781311035
1785290451.4125664,0.0,0.0,0.023522335052490233
1785290451.4360564,0.0,0.0,0.023072383880615235
1785290451.4595354,0.0,0.0,0.023068864822387694
1785290451.4830308,0.0,0.0,0.02307699203491211
1785290451.5065794,0.0,0.0,0.023100704193115235
1785290451.530133,0.0,0.0,0.023130399703979492
1785290451.5536366,0.0,0.0,0.023094144821166993
1785290451.577586,0.0,0.0,0.023534143447875976
1785290451.6010942,0.0,0.0,0.02308255958557129
1785290451.624582,0.0,0.0,0.023071296691894533
1785290451.6480744,0.0,0.0,0.023075584411621095
1785290451.6715734,0.0,0.0,0.023090688705444336
1785290451.6950784,0.0,0.0,0.023092063903808593
1785290451.7186003,0.0,0.0,0.023078304290771484
1785290451.7424726,0.0,0.0,0.023460960388183592
1785290451.7659786,0.0,0.0,0.023089824676513673
1785290451.7894707,0.0,0.0,0.023080127716064453
1785290451.8129694,0.0,0.0,0.023078304290771484
1785290451.8364763,0.0,0.0,0.02307961654663086
1785290451.8599734,0.0,0.0,0.02307583999633789
1785290451.8835008,0.0,0.0,0.023115711212158205
1785290451.9070342,0.0,0.0,0.02311993598937988
1785290451.9305549,0.0,0.0,0.023081920623779298
1785290451.9540691,0.0,0.0,0.023104511260986327
1785290451.9775689,0.0,0.0,0.02308028793334961
1785290452.0010557,0.0,0.0,0.02307823944091797
1785290452.0245614,0.0,0.0,0.023089759826660155
1785290452.0480533,0.0,0.0,0.023080352783203126
1785290452.071558,0.0,0.0,0.023088895797729492
1785290452.095055,0.0,0.0,0.023073888778686522
1785290452.1186197,0.0,0.0,0.02310598373413086
1785290452.1421485,0.0,0.0,0.023108383178710938
1785290452.1656544,0.0,0.0,0.023088895797729492
1785290452.1891623,0.0,0.0,0.023085760116577148
1785290452.2126584,0.0,0.0,0.023080768585205077
1785290452.236141,0.0,0.0,0.023069599151611327
1785290452.2596447,0.0,0.0,0.023082080841064452
1785290452.2831337,0.0,0.0,0.023062080383300782
1785290452.3066206,0.0,0.0,0.023073312759399413
1785290452.3301477,0.0,0.0,0.023118112564086916
1785290452.3536375,0.0,0.0,0.023078943252563478
1785290452.3771327,0.0,0.0,0.023075679779052734
1785290452.4006743,0.0,0.0,0.023074399948120116
1785290452.4241557,0.0,0.0,0.023065343856811523
1785290452.4476514,0.0,0.0,0.023088064193725586
1785290452.4711378,0.0,0.0,0.023068672180175782
1785290452.4946196,0.0,0.0,0.023075967788696288
1785290452.5181572,0.0,0.0,0.02312652778625488
1785290452.5416584,0.0,0.0,0.023088672637939452
1785290452.565287,0.0,0.0,0.02320844841003418
1785290452.5887823,0.0,0.0,0.02307788848876953
1785290452.6122773,0.0,0.0,0.02308265686035156
1785290452.6357882,0.0,0.0,0.023094112396240235
1785290452.6593008,0.0,0.0,0.02309177589416504
1785290452.6828132,0.0,0.0,0.023095232009887695
1785290452.7063167,0.0,0.0,0.023079296112060547
1785290452.7298486,0.0,0.0,0.023126304626464842
1785290452.7533553,0.0,0.0,0.023090303421020506
1785290452.77684,0.0,0.0,0.02307551956176758
1785290452.8003223,0.0,0.0,0.02306617546081543
1785290452.82385,0.0,0.0,0.023099359512329103
1785290452.8473754,0.0,0.0,0.02309779167175293
1785290452.8708904,0.0,0.0,0.023096416473388674
1785290452.8943977,0.0,0.0,0.023073440551757814
1785290452.917947,0.0,0.0,0.023130592346191407
1785290452.9414523,0.0,0.0,0.023083456039428712
1785290452.9649618,0.0,0.0,0.02309404754638672
1785290452.9885361,0.0,0.0,0.023155040740966797
1785290453.0120244,0.0,0.0,0.023063135147094727
1785290453.035538,0.0,0.0,0.02309071922302246
1785290453.0590417,0.0,0.0,0.023090560913085936
1785290453.0825822,0.0,0.0,0.02307356834411621
1785290453.1061106,0.0,0.0,0.023108768463134765
1785290453.1295986,0.0,0.0,0.023061824798583985
1785290453.1537178,0.0,0.0,0.023080511093139647
1785290453.177228,0.0,0.0,0.023074783325195313
1785290453.2007248,0.0,0.0,0.02308358383178711
1785290453.2242367,0.0,0.0,0.0230948486328125
1785290453.2477462,0.0,0.0,0.02309596824645996
1785290453.27125,0.0,0.0,0.023091808319091797
1785290453.2947717,0.0,0.0,0.023092479705810548
1785290453.318278,0.0,0.0,0.0230798397064209
1785290453.3423233,0.0,0.0,0.023104768753051758
1785290453.3658206,0.0,0.0,0.023080223083496092
1785290453.3893144,0.0,0.0,0.023079776763916017
1785290453.4128065,0.0,0.0,0.02306915283203125
1785290453.4363277,0.0,0.0,0.023112255096435545
1785290453.459825,0.0,0.0,0.023077823638916015
1785290453.4833179,0.0,0.0,0.023080511093139647
1785290453.507397,0.0,0.0,0.02310665512084961
1785290453.5308979,0.0,0.0,0.02308847999572754
1785290453.5544252,0.0,0.0,0.023085376739501954
1785290453.5779436,0.0,0.0,0.023099647521972657
1785290453.6014533,0.0,0.0,0.023095071792602537
1785290453.6249495,0.0,0.0,0.023081695556640625
1785290453.6484516,0.0,0.0,0.023094079971313478
1785290453.6725013,0.0,0.0,0.023636831283569335
1785290453.6959987,0.0,0.0,0.02307747268676758
1785290453.719518,0.0,0.0,0.02310291290283203
1785290453.743013,0.0,0.0,0.023078464508056642
1785290453.7665408,0.0,0.0,0.02307980728149414
1785290453.7900476,0.0,0.0,0.02308768081665039
1785290453.8135517,0.0,0.0,0.02309084892272949
1785290453.8376088,0.0,0.0,0.023622751235961914
1785290453.8611002,0.0,0.0,0.0230762882232666
1785290453.884587,0.0,0.0,0.02307609558105469
1785290453.9080782,0.0,0.0,0.023074783325195313
1785290453.9315536,0.0,0.0,0.02306643295288086
1785290453.955061,0.0,0.0,0.02308531188964844
1785290453.9785986,0.0,0.0,0.023086175918579102
1785290454.0026398,0.0,0.0,0.02362953567504883
1785290454.0261686,0.0,0.0,0.023116863250732422
1785290454.0496697,0.0,0.0,0.023089664459228516
1785290454.073191,0.0,0.0,0.023088544845581056
1785290454.0967088,0.0,0.0,0.02309756851196289
1785290454.1201992,0.0,0.0,0.02307302474975586
1785290454.1436837,0.0,0.0,0.023069568634033203
1785290454.167889,0.0,0.0,0.02374630355834961
1785290454.1914012,0.0,0.0,0.023092832565307617
1785290454.2148845,0.0,0.0,0.02307212829589844
1785290454.2384334,0.0,0.0,0.023098079681396485
1785290454.261947,0.0,0.0,0.023097536087036134
1785290454.285449,0.0,0.0,0.023086496353149414
1785290454.308945,0.0,0.0,0.023089887619018555
1785290454.3328536,0.0,0.0,0.023498048782348634
1785290454.356352,0.0,0.0,0.02308684730529785
1785290454.3798435,0.0,0.0,0.023078624725341796
1785290454.4033396,0.0,0.0,0.023079967498779295
1785290454.42685,0.0,0.0,0.023096864700317382
1785290454.4503832,0.0,0.0,0.023077791213989257
1785290454.4738963,0.0,0.0,0.023099008560180663
1785290454.4976554,0.0,0.0,0.023349407196044922
1785290454.5211623,0.0,0.0,0.023086368560791017
1785290454.544643,0.0,0.0,0.023070112228393554
1785290454.5681293,0.0,0.0,0.02306928062438965
1785290454.5916018,0.0,0.0,0.023055967330932618
1785290454.6151326,0.0,0.0,0.023094015121459963
1785290454.6386058,0.0,0.0,0.023062015533447267
1785290454.6621435,0.0,0.0,0.023121568679809572
1785290454.6856408,0.0,0.0,0.023080223083496092
1785290454.709148,0.0,0.0,0.02309119987487793
1785290454.7326713,0.0,0.0,0.023082015991210937
1785290454.7561772,0.0,0.0,0.02307619285583496
1785290454.7796607,0.0,0.0,0.023064191818237306
1785290454.8031478,0.0,0.0,0.023072511672973632
1785290454.8266337,0.0,0.0,0.02307734489440918
1785290454.8501554,0.0,0.0,0.02310563278198242
1785290454.8736186,0.0,0.0,0.02305356788635254
1785290454.8970978,0.0,0.0,0.02306243133544922
1785290454.9205732,0.0,0.0,0.023066463470458983
1785290454.9440591,0.0,0.0,0.02306831932067871
1785290454.9675326,0.0,0.0,0.023065919876098632
1785290454.9910352,0.0,0.0,0.023077375411987306
1785290455.0145662,0.0,0.0,0.023090751647949218
1785290455.0380616,0.0,0.0,0.023089855194091798
1785290455.0615556,0.0,0.0,0.02307926368713379
1785290455.0850732,0.0,0.0,0.02309462356567383
1785290455.1085575,0.0,0.0,0.023067167282104492
1785290455.1320522,0.0,0.0,0.023079519271850587
1785290455.1556547,0.0,0.0,0.02319152069091797
1785290455.1791606,0.0,0.0,0.02307744026184082
1785290455.2026522,0.0,0.0,0.023071327209472657
1785290455.226168,0.0,0.0,0.023100959777832032
1785290455.249643,0.0,0.0,0.023059839248657225
1785290455.2731187,0.0,0.0,0.023053407669067383
1785290455.2965899,0.0,0.0,0.023060672760009764
1785290455.3200765,0.0,0.0,0.023074783325195313
1785290455.3435564,0.0,0.0,0.023061824798583985
1785290455.3670588,0.0,0.0,0.023078271865844727
1785290455.3905833,0.0,0.0,0.023082752227783204
1785290455.4141128,0.0,0.0,0.02311961555480957
1785290455.4375975,0.0,0.0,0.023068672180175782
1785290455.4610798,0.0,0.0,0.023072256088256835
1785290455.4845946,0.0,0.0,0.023078527450561524
1785290455.5080867,0.0,0.0,0.023072416305541993
1785290455.5315762,0.0,0.0,0.023078624725341796
1785290455.5550592,0.0,0.0,0.02307593536376953
1785290455.5787516,0.0,0.0,0.02324518394470215
1785290455.6022696,0.0,0.0,0.02307472038269043
1785290455.6257591,0.0,0.0,0.02307302474975586
1785290455.649239,0.0,0.0,0.02306892776489258
1785290455.6727169,0.0,0.0,0.023057376861572266
1785290455.696187,0.0,0.0,0.023056415557861327
1785290455.7196636,0.0,0.0,0.023061567306518555
1785290455.7436721,0.0,0.0,0.02308460807800293
1785290455.7671692,0.0,0.0,0.0230729923248291
1785290455.7906654,0.0,0.0,0.023082048416137695
1785290455.8141994,0.0,0.0,0.02311609649658203
1785290455.8377104,0.0,0.0,0.023086048126220702
1785290455.8612022,0.0,0.0,0.02307302474975586
1785290455.8846962,0.0,0.0,0.023079296112060547
1785290455.9081843,0.0,0.0,0.023072927474975587
1785290455.932197,0.0,0.0,0.023074016571044922
1785290455.9556677,0.0,0.0,0.02305516815185547
1785290455.9791636,0.0,0.0,0.023078367233276366
1785290456.0026588,0.0,0.0,0.0230731201171875
1785290456.026178,0.0,0.0,0.023107904434204102
1785290456.0496495,0.0,0.0,0.02305379295349121
1785290456.0731368,0.0,0.0,0.023071935653686523
1785290456.0971699,0.0,0.0,0.023604799270629882
1785290456.1206534,0.0,0.0,0.023063072204589842
1785290456.1441271,0.0,0.0,0.023062143325805664
1785290456.1676261,0.0,0.0,0.023079328536987305
1785290456.191128,0.0,0.0,0.023062080383300782
1785290456.2146394,0.0,0.0,0.02308684730529785
1785290456.2381427,0.0,0.0,0.02309744071960449
1785290456.2621338,0.0,0.0,0.023574752807617186
1785290456.2855928,0.0,0.0,0.023045696258544923
1785290456.3090878,0.0,0.0,0.023081600189208986
1785290456.3325853,0.0,0.0,0.023056447982788084
1785290456.3560736,0.0,0.0,0.023073984146118165
1785290456.3795352,0.0,0.0,0.023041215896606446
1785290456.4030263,0.0,0.0,0.02307891273498535
1785290456.4270551,0.0,0.0,0.0235732479095459
1785290456.4505682,0.0,0.0,0.023059263229370117
1785290456.4740708,0.0,0.0,0.02309097671508789
1785290456.497558,0.0,0.0,0.02307497596740723
1785290456.5210476,0.0,0.0,0.023066240310668944
1785290456.5445273,0.0,0.0,0.023065311431884766
1785290456.567997,0.0,0.0,0.023056320190429688
1785290456.59175,0.0,0.0,0.023319040298461914
1785290456.6152291,0.0,0.0,0.023062463760375976
1785290456.6387277,0.0,0.0,0.023080831527709962
1785290456.6622272,0.0,0.0,0.02306572723388672
1785290456.685718,0.0,0.0,0.023075647354125976
1785290456.709207,0.0,0.0,0.023073280334472656
1785290456.732694,0.0,0.0,0.02307497596740723
1785290456.7561693,0.0,0.0,0.02306425666809082
1785290456.7796454,0.0,0.0,0.02305971145629883
1785290456.8031354,0.0,0.0,0.023060480117797853
1785290456.8266346,0.0,0.0,0.023079008102416993
1785290456.8501508,0.0,0.0,0.023100383758544923
1785290456.8736284,0.0,0.0,0.023061471939086912
1785290456.8971188,0.0,0.0,0.0230732479095459
1785290456.9206114,0.0,0.0,0.023082719802856446
1785290456.944082,0.0,0.0,0.02305571174621582
1785290456.9675515,0.0,0.0,0.023061664581298828
1785290456.9910324,0.0,0.0,0.0230699520111084
1785290457.0145574,0.0,0.0,0.023074399948120116
1785290457.0380597,0.0,0.0,0.023086175918579102
1785290457.0615761,0.0,0.0,0.023099136352539063
1785290457.0851023,0.0,0.0,0.023082239151000977
1785290457.1086025,0.0,0.0,0.023077407836914064
1785290457.1321106,0.0,0.0,0.023085695266723633
1785290457.155621,0.0,0.0,0.02308684730529785
1785290457.1791286,0.0,0.0,0.023065536499023438
1785290457.2026172,0.0,0.0,0.023068992614746094
1785290457.226137,0.0,0.0,0.023097631454467773
1785290457.249632,0.0,0.0,0.023074527740478516
1785290457.2731433,0.0,0.0,0.02306822395324707
1785290457.2966297,0.0,0.0,0.02307427215576172
1785290457.3201127,0.0,0.0,0.023063488006591797
1785290457.34362,0.0,0.0,0.023090751647949218
1785290457.3671322,0.0,0.0,0.023075679779052734
1785290457.390603,0.0,0.0,0.023059904098510744
1785290457.4141502,0.0,0.0,0.02313532829284668
1785290457.4376433,0.0,0.0,0.023076480865478515
1785290457.461122,0.0,0.0,0.023067136764526368
1785290457.4846318,0.0,0.0,0.02309052848815918
1785290457.5081103,0.0,0.0,0.023067968368530273
1785290457.5316255,0.0,0.0,0.023076480865478515
1785290457.5551295,0.0,0.0,0.02307676887512207
1785290457.578622,0.0,0.0,0.023082048416137695
1785290457.6021385,0.0,0.0,0.023100671768188478
1785290457.625634,0.0,0.0,0.023080928802490235
1785290457.6491218,0.0,0.0,0.023073728561401368
1785290457.6726148,0.0,0.0,0.023086015701293944
1785290457.6960957,0.0,0.0,0.02306812858581543
1785290457.7195945,0.0,0.0,0.023063583374023436
1785290457.7430544,0.0,0.0,0.023054880142211916
1785290457.7665696,0.0,0.0,0.023066688537597656
1785290457.7900882,0.0,0.0,0.023107519149780275
1785290457.8135731,0.0,0.0,0.023070592880249024
1785290457.8375373,0.0,0.0,0.023552928924560547
1785290457.8610241,0.0,0.0,0.023076608657836915
1785290457.884494,0.0,0.0,0.023061279296875
1785290457.9080007,0.0,0.0,0.023090368270874025
1785290457.931514,0.0,0.0,0.023096128463745116
1785290457.9549944,0.0,0.0,0.023067808151245116
1785290457.9785013,0.0,0.0,0.02307609558105469
1785290458.0023644,0.0,0.0,0.023092351913452148
1785290458.0258765,0.0,0.0,0.023094079971313478
1785290458.049354,0.0,0.0,0.02306230354309082
1785290458.0728655,0.0,0.0,0.02309702491760254
1785290458.0963893,0.0,0.0,0.02307516860961914
1785290458.1198556,0.0,0.0,0.023050783157348632
1785290458.1433535,0.0,0.0,0.023077184677124024
1785290458.166848,0.0,0.0,0.023074655532836913
1785290458.19093,0.0,0.0,0.023062463760375976
1785290458.214428,0.0,0.0,0.023054943084716797
1785290458.2379422,0.0,0.0,0.02310323143005371
1785290458.261435,0.0,0.0,0.023067039489746095
1785290458.2849288,0.0,0.0,0.023077247619628906
1785290458.3084433,0.0,0.0,0.023074239730834962
1785290458.3319428,0.0,0.0,0.02306768035888672
1785290458.356044,0.0,0.0,0.023689472198486328
1785290458.3795428,0.0,0.0,0.02307807922363281
1785290458.403048,0.0,0.0,0.023092063903808593
1785290458.426594,0.0,0.0,0.023095455169677735
1785290458.4501128,0.0,0.0,0.023108640670776368
1785290458.4736056,0.0,0.0,0.023082176208496095
1785290458.497078,0.0,0.0,0.02305913543701172
1785290458.5211523,0.0,0.0,0.023638368606567383
1785290458.5446417,0.0,0.0,0.023071680068969726
1785290458.5681515,0.0,0.0,0.02308265686035156
1785290458.5916405,0.0,0.0,0.023075775146484376
1785290458.6151512,0.0,0.0,0.02308665657043457
1785290458.6386487,0.0,0.0,0.02307475280761719
1785290458.6621823,0.0,0.0,0.02311359977722168
1785290458.6861877,0.0,0.0,0.02359337615966797
1785290458.7096744,0.0,0.0,0.02307539176940918
1785290458.733189,0.0,0.0,0.02308105659484863
1785290458.756695,0.0,0.0,0.023079391479492187
1785290458.7801905,0.0,0.0,0.02307571220397949
1785290458.8036685,0.0,0.0,0.02305843162536621
1785290458.8271632,0.0,0.0,0.023077951431274415
1785290458.8510413,0.0,0.0,0.023464576721191406
1785290458.8745549,0.0,0.0,0.02307155227661133
1785290458.8980832,0.0,0.0,0.02311075210571289
1785290458.9215698,0.0,0.0,0.02307164764404297
1785290458.9450424,0.0,0.0,0.023068063735961913
1785290458.9685128,0.0,0.0,0.023056735992431642
1785290458.9919953,0.0,0.0,0.02307792091369629
1785290459.015861,0.0,0.0,0.023452159881591796
1785290459.0393662,0.0,0.0,0.023084192276000975
1785290459.0628746,0.0,0.0,0.023095327377319334
1785290459.0864415,0.0,0.0,0.02310188865661621
1785290459.1099617,0.0,0.0,0.02309654426574707
1785290459.1334703,0.0,0.0,0.02309328079223633
1785290459.1569383,0.0,0.0,0.02306153678894043
1785290459.1808212,0.0,0.0,0.023470624923706055
1785290459.2042944,0.0,0.0,0.023052383422851562
1785290459.2277799,0.0,0.0,0.02307232093811035
1785290459.2512689,0.0,0.0,0.02307574462890625
1785290459.2747877,0.0,0.0,0.023090591430664064
1785290459.2983043,0.0,0.0,0.02308016014099121
1785290459.3217986,0.0,0.0,0.023086719512939453
1785290459.3452935,0.0,0.0,0.02308518409729004
1785290459.3687992,0.0,0.0,0.023093984603881835
1785290459.392291,0.0,0.0,0.02308652877807617
1785290459.4157836,0.0,0.0,0.023081855773925783
1785290459.439292,0.0,0.0,0.023082975387573243
1785290459.462801,0.0,0.0,0.023089344024658204
1785290459.4862936,0.0,0.0,0.023061504364013673
1785290459.5097854,0.0,0.0,0.023075071334838868
1785290459.533272,0.0,0.0,0.023070783615112306
1785290459.5567436,0.0,0.0,0.02306243133544922
1785290459.5802107,0.0,0.0,0.023052288055419923
1785290459.603711,0.0,0.0,0.023085439682006836
1785290459.6272168,0.0,0.0,0.023077024459838866
1785290459.6507068,0.0,0.0,0.02307811164855957
1785290459.6742342,0.0,0.0,0.023096927642822264
1785290459.697851,0.0,0.0,0.023189599990844727
1785290459.7214835,0.0,0.0,0.02322185516357422
1785290459.7451117,0.0,0.0,0.023211807250976563
1785290459.7687218,0.0,0.0,0.02320412826538086
1785290459.7923372,0.0,0.0,0.02319424057006836
1785290459.8159482,0.0,0.0,0.02320031929016113
1785290459.8395677,0.0,0.0,0.02320614433288574
1785290459.8631797,0.0,0.0,0.023202112197875976
1785290459.8868055,0.0,0.0,0.02321023941040039
1785290459.9104478,0.0,0.0,0.02319215965270996
1785290459.9340951,0.0,0.0,0.023239007949829103
1785290459.9577174,0.0,0.0,0.023203968048095703
1785290459.9813387,0.0,0.0,0.023210432052612303
1785290460.0049772,0.0,0.0,0.023219167709350588
1785290460.0286148,0.0,0.0,0.023219039916992187
1785290460.052224,0.0,0.0,0.023196447372436525
1785290460.0758722,0.0,0.0,0.023223615646362303
1785290460.099532,0.0,0.0,0.023223199844360352
1785290460.1231642,0.0,0.0,0.023201663970947264
1785290460.146787,0.0,0.0,0.02320230484008789
1785290460.1704607,0.0,0.0,0.023232416152954103
1785290460.1941063,0.0,0.0,0.0232225284576416
1785290460.217737,0.0,0.0,0.023214975357055665
1785290460.2413323,0.0,0.0,0.02318345642089844
1785290460.2649558,0.0,0.0,0.023207712173461913
1785290460.2885728,0.0,0.0,0.023202655792236328
1785290460.312209,0.0,0.0,0.023215711593627928
1785290460.3358305,0.0,0.0,0.023204864501953124
1785290460.3594773,0.0,0.0,0.023233535766601563
1785290460.3831162,0.0,0.0,0.023204448699951172
1785290460.4067407,0.0,0.0,0.02320256042480469
1785290460.4303868,0.0,0.0,0.023196479797363282
1785290460.4540353,0.0,0.0,0.023231199264526367
1785290460.477642,0.0,0.0,0.02319174385070801
1785290460.501257,0.0,0.0,0.02320518493652344
1785290460.5248523,0.0,0.0,0.02317900848388672
1785290460.5484815,0.0,0.0,0.023219232559204103
1785290460.5720596,0.0,0.0,0.023168991088867188
1785290460.5956883,0.0,0.0,0.023215839385986328
1785290460.6193094,0.0,0.0,0.023205055236816406
1785290460.6429226,0.0,0.0,0.023195840835571288
1785290460.6665769,0.0,0.0,0.023201055526733398
1785290460.6902373,0.0,0.0,0.023237247467041016
1785290460.7138627,0.0,0.0,0.02321468734741211
1785290460.7374897,0.0,0.0,0.023209312438964843
1785290460.7611244,0.0,0.0,0.023207839965820314
1785290460.7847588,0.0,0.0,0.023214527130126953
1785290460.8083768,0.0,0.0,0.023207296371459962
1785290460.8320017,0.0,0.0,0.02320694351196289
1785290460.8556314,0.0,0.0,0.023209663391113283
1785290460.8792672,0.0,0.0,0.02321753692626953
1785290460.9029043,0.0,0.0,0.0232138557434082
1785290460.9265609,0.0,0.0,0.023210527420043946
1785290460.9502347,0.0,0.0,0.02325385665893555
1785290460.9738593,0.0,0.0,0.023207807540893556
1785290460.9974802,0.0,0.0,0.02320332717895508
1785290461.0211792,0.0,0.0,0.02322879981994629
1785290461.0447795,0.0,0.0,0.023188127517700195
1785290461.068417,0.0,0.0,0.02322012710571289
1785290461.0920649,0.0,0.0,0.023202655792236328
1785290461.115681,0.0,0.0,0.023199104309082032
1785290461.1393209,0.0,0.0,0.023224863052368164
1785290461.1629384,0.0,0.0,0.023201471328735353
1785290461.1865928,0.0,0.0,0.02320083236694336
1785290461.2102191,0.0,0.0,0.023215328216552734
1785290461.2338498,0.0,0.0,0.023204639434814454
1785290461.2574666,0.0,0.0,0.02320275115966797
1785290461.2810788,0.0,0.0,0.023191551208496093
1785290461.3047338,0.0,0.0,0.023224672317504882
1785290461.3283715,0.0,0.0,0.023215648651123046
1785290461.3520286,0.0,0.0,0.023220800399780275
1785290461.3756404,0.0,0.0,0.023197599411010742
1785290461.399273,0.0,0.0,0.02321059226989746
1785290461.4229167,0.0,0.0,0.0232172794342041
1785290461.4465919,0.0,0.0,0.023216480255126952
1785290461.470246,0.0,0.0,0.023233343124389648
1785290461.4938745,0.0,0.0,0.023214303970336914
1785290461.5174863,0.0,0.0,0.023195743560791016
1785290461.5411034,0.0,0.0,0.023208576202392577
1785290461.5647233,0.0,0.0,0.023199104309082032
1785290461.5883486,0.0,0.0,0.02321164894104004
1785290461.611971,0.0,0.0,0.023205888748168944
1785290461.6355832,0.0,0.0,0.023195039749145507
1785290461.6592247,0.0,0.0,0.023223360061645507
1785290461.682855,0.0,0.0,0.023208576202392577
1785290461.706496,0.0,0.0,0.023193151473999023
1785290461.7301438,0.0,0.0,0.023234432220458984
1785290461.7537549,0.0,0.0,0.023197599411010742
1785290461.7773962,0.0,0.0,0.023219423294067384
1785290461.8010173,0.0,0.0,0.02319887924194336
1785290461.824665,0.0,0.0,0.02322755241394043
1785290461.8482828,0.0,0.0,0.02320675277709961
1785290461.871918,0.0,0.0,0.023223615646362303
1785290461.895544,0.0,0.0,0.023207679748535156
1785290461.9191868,0.0,0.0,0.02322528076171875
1785290461.9428236,0.0,0.0,0.023211904525756836
1785290461.966482,0.0,0.0,0.023213983535766602
1785290461.9901533,0.0,0.0,0.023253055572509767
1785290462.0137854,0.0,0.0,0.023212575912475587
1785290462.0374007,0.0,0.0,0.02320096015930176
1785290462.061055,0.0,0.0,0.02322857666015625
1785290462.0846963,0.0,0.0,0.02322447967529297
1785290462.1083243,0.0,0.0,0.023209600448608397
1785290462.1319475,0.0,0.0,0.023214208602905274
1785290462.1556096,0.0,0.0,0.023245088577270506
1785290462.179253,0.0,0.0,0.023227807998657226
1785290462.202886,0.0,0.0,0.02321798324584961
1785290462.2265432,0.0,0.0,0.0232043514251709
1785290462.2501915,0.0,0.0,0.02323427200317383
1785290462.2738414,0.0,0.0,0.02320867156982422
1785290462.297481,0.0,0.0,0.023221567153930665
1785290462.3215115,0.0,0.0,0.023620960235595703
1785290462.3451512,0.0,0.0,0.023215232849121095
1785290462.3687584,0.0,0.0,0.02319398307800293
1785290462.3923924,0.0,0.0,0.023222272872924804
1785290462.4160268,0.0,0.0,0.023219839096069336
1785290462.43968,0.0,0.0,0.023233856201171875
1785290462.4633098,0.0,0.0,0.0231997127532959
1785290462.48738,0.0,0.0,0.023654943466186525
1785290462.511001,0.0,0.0,0.02319856071472168
1785290462.5346587,0.0,0.0,0.023210784912109376
1785290462.5583167,0.0,0.0,0.02323788833618164
1785290462.5819492,0.0,0.0,0.02321513557434082
1785290462.6055648,0.0,0.0,0.023199039459228514
1785290462.629164,0.0,0.0,0.023188928604125976
1785290462.6533334,0.0,0.0,0.023756864547729493
1785290462.676949,0.0,0.0,0.02319443130493164
1785290462.700555,0.0,0.0,0.02319657516479492
1785290462.7241678,0.0,0.0,0.02319865608215332
1785290462.7477963,0.0,0.0,0.023216320037841798
1785290462.7714183,0.0,0.0,0.0232042236328125
1785290462.7955964,0.0,0.0,0.02320319938659668
1785290462.819219,0.0,0.0,0.02320204734802246
1785290462.8428466,0.0,0.0,0.023215904235839843
1785290462.8665032,0.0,0.0,0.023223136901855467
1785290462.890145,0.0,0.0,0.023224863052368164
1785290462.9137592,0.0,0.0,0.023204063415527342
1785290462.9373672,0.0,0.0,0.023196447372436525
1785290462.961187,0.0,0.0,0.02340752029418945
1785290462.9848208,0.0,0.0,0.023213951110839844
1785290463.0084252,0.0,0.0,0.02319296073913574
1785290463.032046,0.0,0.0,0.023205408096313475
1785290463.055674,0.0,0.0,0.02321164894104004
1785290463.0792937,0.0,0.0,0.023203039169311525
1785290463.102924,0.0,0.0,0.02320345687866211
1785290463.1265826,0.0,0.0,0.023223840713500976
1785290463.150228,0.0,0.0,0.023230207443237304
1785290463.1738553,0.0,0.0,0.023212383270263672
1785290463.1974895,0.0,0.0,0.02321696090698242
1785290463.2211218,0.0,0.0,0.023212831497192384
1785290463.2447362,0.0,0.0,0.02319968032836914
1785290463.2683446,0.0,0.0,0.02319254493713379
1785290463.2919648,0.0,0.0,0.023207679748535156
1785290463.3155823,0.0,0.0,0.023199840545654295
1785290463.3392203,0.0,0.0,0.023220863342285156
1785290463.3628418,0.0,0.0,0.02321014404296875
1785290463.3864956,0.0,0.0,0.02321513557434082
1785290463.4101577,0.0,0.0,0.023244512557983397
1785290463.4337819,0.0,0.0,0.0232073917388916
1785290463.4573944,0.0,0.0,0.02320150375366211
1785290463.4810362,0.0,0.0,0.0232174072265625
1785290463.5046654,0.0,0.0,0.023215999603271486
1785290463.528306,0.0,0.0,0.02322809600830078
1785290463.5519357,0.0,0.0,0.023208608627319337
1785290463.5755622,0.0,0.0,0.023220191955566405
1785290463.5991766,0.0,0.0,0.02319935989379883
1785290463.6228042,0.0,0.0,0.023214271545410156
1785290463.6464572,0.0,0.0,0.023205312728881836
1785290463.6701279,0.0,0.0,0.023242431640625
1785290463.6937451,0.0,0.0,0.02320332717895508
1785290463.717372,0.0,0.0,0.023209600448608397
1785290463.7409842,0.0,0.0,0.023198944091796875
1785290463.7646105,0.0,0.0,0.02320707130432129
1785290463.7882385,0.0,0.0,0.023212640762329102
1785290463.8118873,0.0,0.0,0.02322822380065918
1785290463.8355303,0.0,0.0,0.02322435188293457
1785290463.8591623,0.0,0.0,0.023215808868408204
1785290463.8827846,0.0,0.0,0.023203071594238282
1785290463.9064102,0.0,0.0,0.0231910400390625
1785290463.930036,0.0,0.0,0.023209983825683594
1785290463.953661,0.0,0.0,0.02320732879638672
1785290463.977339,0.0,0.0,0.023211551666259767
1785290464.000963,0.0,0.0,0.023203392028808594
1785290464.0245767,0.0,0.0,0.023202495574951174
1785290464.048193,0.0,0.0,0.023198144912719727
1785290464.071807,0.0,0.0,0.02319955253601074
1785290464.0954447,0.0,0.0,0.023218624114990233
1785290464.1190636,0.0,0.0,0.023215167999267577
1785290464.1427083,0.0,0.0,0.02319398307800293
1785290464.1663373,0.0,0.0,0.02319094467163086
1785290464.1899645,0.0,0.0,0.023215360641479492
1785290464.213594,0.0,0.0,0.02320867156982422
1785290464.2372267,0.0,0.0,0.02322003173828125
1785290464.260861,0.0,0.0,0.02322211265563965
1785290464.2845135,0.0,0.0,0.023239871978759766
1785290464.308138,0.0,0.0,0.0232073917388916
1785290464.3317604,0.0,0.0,0.02321072006225586
1785290464.3553813,0.0,0.0,0.023211231231689455
1785290464.3790393,0.0,0.0,0.023233856201171875
1785290464.402696,0.0,0.0,0.02321455955505371
1785290464.426367,0.0,0.0,0.023228767395019532
1785290464.4500244,0.0,0.0,0.02324963188171387
1785290464.4736469,0.0,0.0,0.023208415985107422
1785290464.4972525,0.0,0.0,0.023195072174072264
1785290464.5208836,0.0,0.0,0.023216415405273437
1785290464.5445058,0.0,0.0,0.02320457649230957
1785290464.5681303,0.0,0.0,0.02321129608154297
1785290464.5917397,0.0,0.0,0.023190208435058594
1785290464.6153798,0.0,0.0,0.023228256225585938
1785290464.6390045,0.0,0.0,0.02320911979675293
1785290464.6626558,0.0,0.0,0.023205984115600587
1785290464.6862848,0.0,0.0,0.023219776153564454
1785290464.7099054,0.0,0.0,0.02320969581604004
1785290464.7335114,0.0,0.0,0.023197120666503906
1785290464.7571466,0.0,0.0,0.02321776008605957
1785290464.7807748,0.0,0.0,0.02321331214904785
1785290464.8044026,0.0,0.0,0.023212575912475587
1785290464.8280149,0.0,0.0,0.023205055236816406
1785290464.851668,0.0,0.0,0.02321561622619629
1785290464.8752875,0.0,0.0,0.023204320907592772
1785290464.8989105,0.0,0.0,0.023208000183105468
1785290464.9225745,0.0,0.0,0.023212223052978515
1785290464.9462287,0.0,0.0,0.02324083137512207
1785290464.9698415,0.0,0.0,0.02319753646850586
1785290464.9934676,0.0,0.0,0.023215007781982423
1785290465.0171125,0.0,0.0,0.023228128433227538
1785290465.0407305,0.0,0.0,0.023197343826293945
1785290465.064365,0.0,0.0,0.023223424911499025
1785290465.088015,0.0,0.0,0.023222784042358398
1785290465.1116312,0.0,0.0,0.023202688217163085
1785290465.13528,0.0,0.0,0.023230016708374022
1785290465.1589046,0.0,0.0,0.023207616806030274
1785290465.1825736,0.0,0.0,0.023233343124389648
1785290465.2062495,0.0,0.0,0.023260095596313476
1785290465.2298758,0.0,0.0,0.02321187210083008
1785290465.2535067,0.0,0.0,0.023214784622192383
1785290465.2771301,0.0,0.0,0.02321273612976074
1785290465.300756,0.0,0.0,0.02321187210083008
1785290465.3243802,0.0,0.0,0.023208639144897462
1785290465.348001,0.0,0.0,0.02320969581604004
1785290465.3716128,0.0,0.0,0.02319795227050781
1785290465.3952441,0.0,0.0,0.023214624404907225
1785290465.4188855,0.0,0.0,0.0232128963470459
1785290465.4425392,0.0,0.0,0.023206079483032226
1785290465.4661922,0.0,0.0,0.02323993682861328
1785290465.4898038,0.0,0.0,0.023203264236450194
1785290465.5134249,0.0,0.0,0.023210559844970703
1785290465.5370283,0.0,0.0,0.023189952850341797
1785290465.560665,0.0,0.0,0.023229759216308595
1785290465.584283,0.0,0.0,0.02320560073852539
1785290465.607888,0.0,0.0,0.023194591522216798
1785290465.6315243,0.0,0.0,0.02322204780578613
1785290465.6551616,0.0,0.0,0.02322096061706543
1785290465.6787775,0.0,0.0,0.023202720642089843
1785290465.7024317,0.0,0.0,0.0232127685546875
1785290465.7260697,0.0,0.0,0.023229759216308595
1785290465.7496803,0.0,0.0,0.02319721603393555
1785290465.7732985,0.0,0.0,0.023207103729248047
1785290465.796926,0.0,0.0,0.023211456298828124
1785290465.8205442,0.0,0.0,0.02320604705810547
1785290465.8441405,0.0,0.0,0.023183359146118163
1785290465.8678098,0.0,0.0,0.023205440521240236
1785290465.891429,0.0,0.0,0.023209312438964843
1785290465.9150517,0.0,0.0,0.023201759338378907
1785290465.9386985,0.0,0.0,0.023215711593627928
1785290465.9623754,0.0,0.0,0.023231231689453125
1785290465.9860256,0.0,0.0,0.02323628807067871
1785290466.00964,0.0,0.0,0.023204063415527342
1785290466.033269,0.0,0.0,0.023209951400756837
1785290466.0568917,0.0,0.0,0.023211551666259767
1785290466.0805209,0.0,0.0,0.02321436882019043
1785290466.1041474,0.0,0.0,0.023208192825317383
1785290466.1277986,0.0,0.0,0.023221216201782226
1785290466.1514263,0.0,0.0,0.02320988845825195
1785290466.1750677,0.0,0.0,0.023229248046875
1785290466.1986954,0.0,0.0,0.023197280883789063
1785290466.2223518,0.0,0.0,0.023242975234985353
1785290466.2460048,0.0,0.0,0.023230911254882813
1785290466.2696257,0.0,0.0,0.023209951400756837
1785290466.2932398,0.0,0.0,0.023196096420288085
1785290466.3168633,0.0,0.0,0.023209760665893555
1785290466.3404706,0.0,0.0,0.02319875144958496
1785290466.3640888,0.0,0.0,0.023201440811157225
1785290466.3876944,0.0,0.0,0.023194591522216798
1785290466.4113212,0.0,0.0,0.023209503173828125
1785290466.43494,0.0,0.0,0.023199296951293944
1785290466.458602,0.0,0.0,0.023210784912109376
1785290466.4822514,0.0,0.0,0.02323734474182129
1785290466.5058606,0.0,0.0,0.023197504043579103
1785290466.5294874,0.0,0.0,0.023202911376953125
1785290466.5531173,0.0,0.0,0.0232193603515625
1785290466.5767426,0.0,0.0,0.02320732879638672
1785290466.6003513,0.0,0.0,0.023192672729492186
1785290466.6239696,0.0,0.0,0.023204959869384766
1785290466.6475723,0.0,0.0,0.023191551208496093
1785290466.6712077,0.0,0.0,0.023199487686157226
1785290466.6948369,0.0,0.0,0.023205663681030272
1785290466.71846,0.0,0.0,0.023185247421264647
1785290466.742096,0.0,0.0,0.023220064163208008
1785290466.7656996,0.0,0.0,0.023193119049072265
1785290466.7893348,0.0,0.0,0.023214944839477537
1785290466.8129418,0.0,0.0,0.023191423416137696
1785290466.836564,0.0,0.0,0.023208896636962892
1785290466.86018,0.0,0.0,0.023195968627929688
1785290466.8837955,0.0,0.0,0.023202016830444337
1785290466.9074001,0.0,0.0,0.023185760498046874
1785290466.931024,0.0,0.0,0.02320809555053711
1785290466.9546757,0.0,0.0,0.023199840545654295
1785290466.9783335,0.0,0.0,0.02324822425842285
1785290467.00196,0.0,0.0,0.02321321678161621
1785290467.0255888,0.0,0.0,0.023213056564331053
1785290467.0492232,0.0,0.0,0.023222496032714843
1785290467.0728567,0.0,0.0,0.023214527130126953
1785290467.0964644,0.0,0.0,0.023189247131347655
1785290467.120075,0.0,0.0,0.02319548797607422
1785290467.1436987,0.0,0.0,0.02320572853088379
1785290467.1673257,0.0,0.0,0.023213727951049805
1785290467.190943,0.0,0.0,0.023196256637573243
1785290467.2145982,0.0,0.0,0.023204256057739257
1785290467.2382526,0.0,0.0,0.023232736587524415
1785290467.2618732,0.0,0.0,0.02320252799987793
1785290467.285511,0.0,0.0,0.023220064163208008
1785290467.3091283,0.0,0.0,0.023205663681030272
1785290467.3327684,0.0,0.0,0.023224960327148436
1785290467.356396,0.0,0.0,0.023210975646972658
1785290467.3800073,0.0,0.0,0.02319945526123047
1785290467.403639,0.0,0.0,0.02321734428405762
1785290467.4272933,0.0,0.0,0.02323308753967285
1785290467.450939,0.0,0.0,0.02322870445251465
1785290467.4745746,0.0,0.0,0.023196863174438476
1785290467.498215,0.0,0.0,0.023226047515869142
1785290467.5218177,0.0,0.0,0.023190528869628906
1785290467.545446,0.0,0.0,0.023216928482055664
1785290467.5690675,0.0,0.0,0.02320476722717285
1785290467.5926867,0.0,0.0,0.023204896926879885
1785290467.6162832,0.0,0.0,0.02318137550354004
1785290467.639925,0.0,0.0,0.02323017692565918
1785290467.663572,0.0,0.0,0.023233728408813478
1785290467.6872623,0.0,0.0,0.023229248046875
1785290467.710908,0.0,0.0,0.02321968078613281
1785290467.7345598,0.0,0.0,0.02320614433288574
1785290467.7581685,0.0,0.0,0.02320204734802246
1785290467.7818086,0.0,0.0,0.023220191955566405
1785290467.8054361,0.0,0.0,0.023212032318115236
1785290467.8290796,0.0,0.0,0.023227039337158202
1785290467.8527067,0.0,0.0,0.02321295928955078
1785290467.8763251,0.0,0.0,0.02320652770996094
1785290467.8999531,0.0,0.0,0.023214048385620117
1785290467.9235852,0.0,0.0,0.023224000930786134
1785290467.9472697,0.0,0.0,0.023201087951660156
1785290467.9709044,0.0,0.0,0.023212703704833984
1785290467.994547,0.0,0.0,0.023211744308471678
1785290468.0182028,0.0,0.0,0.023243135452270507
1785290468.041824,0.0,0.0,0.023205759048461914
1785290468.0654674,0.0,0.0,0.02322003173828125
1785290468.0890832,0.0,0.0,0.02320128059387207
1785290468.1127357,0.0,0.0,0.02322287940979004
1785290468.136373,0.0,0.0,0.02321708869934082
1785290468.1600327,0.0,0.0,0.023223199844360352
1785290468.1836433,0.0,0.0,0.02318713569641113
1785290468.207266,0.0,0.0,0.02320518493652344
1785290468.2309039,0.0,0.0,0.023207199096679686
1785290468.2545516,0.0,0.0,0.023208063125610353
1785290468.2781785,0.0,0.0,0.023214176177978517
1785290468.3017974,0.0,0.0,0.02319660758972168
1785290468.3254116,0.0,0.0,0.023196479797363282
1785290468.3490431,0.0,0.0,0.023207296371459962
1785290468.3726404,0.0,0.0,0.023181856155395506
1785290468.396275,0.0,0.0,0.02321075248718262
1785290468.4198775,0.0,0.0,0.023188703536987303
1785290468.4435267,0.0,0.0,0.02322863960266113
1785290468.4671302,0.0,0.0,0.0231910400390625
1785290468.4907691,0.0,0.0,0.023213151931762696
1785290468.5144155,0.0,0.0,0.02319887924194336
1785290468.5380816,0.0,0.0,0.023253824234008787
1785290468.561687,0.0,0.0,0.02318511962890625
1785290468.5852993,0.0,0.0,0.02319705581665039
1785290468.608915,0.0,0.0,0.023197376251220703
1785290468.6325607,0.0,0.0,0.023231327056884767
1785290468.6561887,0.0,0.0,0.023212223052978515
1785290468.6797974,0.0,0.0,0.02320038414001465
1785290468.7034132,0.0,0.0,0.02320412826538086
1785290468.727047,0.0,0.0,0.023191680908203127
1785290468.750694,0.0,0.0,0.023211551666259767
1785290468.774352,0.0,0.0,0.023219648361206054
1785290468.7979794,0.0,0.0,0.023209280014038085
1785290468.8216176,0.0,0.0,0.02321900749206543
1785290468.8452306,0.0,0.0,0.023197471618652345
1785290468.8688722,0.0,0.0,0.023227264404296875
1785290468.8925016,0.0,0.0,0.023207679748535156
1785290468.916114,0.0,0.0,0.02320191955566406
1785290468.939729,0.0,0.0,0.023193920135498047
1785290468.9633267,0.0,0.0,0.023185888290405274
1785290468.9869375,0.0,0.0,0.023200672149658205
1785290469.0105712,0.0,0.0,0.023188480377197264
1785290469.0342,0.0,0.0,0.02321891212463379
1785290469.057822,0.0,0.0,0.02320649528503418
1785290469.0814233,0.0,0.0,0.023193216323852538
1785290469.1050603,0.0,0.0,0.023210336685180664
1785290469.1286724,0.0,0.0,0.023200128555297853
1785290469.1522896,0.0,0.0,0.023206783294677735
1785290469.175918,0.0,0.0,0.023193056106567383
1785290469.1995473,0.0,0.0,0.023211423873901366
1785290469.2231848,0.0,0.0,0.02322131156921387
1785290469.2468073,0.0,0.0,0.023210304260253906
1785290469.2704566,0.0,0.0,0.023208000183105468
1785290469.2940917,0.0,0.0,0.023224384307861327
1785290469.3177087,0.0,0.0,0.023199871063232423
1785290469.3413172,0.0,0.0,0.023191776275634766
1785290469.3649414,0.0,0.0,0.023208160400390625
1785290469.3885484,0.0,0.0,0.02318707275390625
1785290469.4121673,0.0,0.0,0.0232108154296875
1785290469.4357872,0.0,0.0,0.02319945526123047
1785290469.45938,0.0,0.0,0.02317782402038574
1785290469.4829981,0.0,0.0,0.02320636749267578
1785290469.506647,0.0,0.0,0.02320614433288574
1785290469.5303023,0.0,0.0,0.0232357120513916
1785290469.5539243,0.0,0.0,0.02320844841003418
1785290469.5775409,0.0,0.0,0.023208703994750977
1785290469.601165,0.0,0.0,0.02320774459838867
1785290469.6248045,0.0,0.0,0.023230560302734377
1785290469.6484315,0.0,0.0,0.023200416564941408
1785290469.6720462,0.0,0.0,0.023205535888671875
1785290469.6956706,0.0,0.0,0.023215360641479492
1785290469.7193031,0.0,0.0,0.023214111328125
1785290469.7429106,0.0,0.0,0.02319379234313965
1785290469.766581,0.0,0.0,0.02322761535644531
1785290469.7902303,0.0,0.0,0.023240127563476563
1785290469.8138547,0.0,0.0,0.023217439651489258
1785290469.8375,0.0,0.0,0.023221599578857423
1785290469.8612542,0.0,0.0,0.023270528793334962
1785290469.8848977,0.0,0.0,0.02321433639526367
1785290469.9085135,0.0,0.0,0.02320137596130371
1785290469.9321373,0.0,0.0,0.023214399337768556
1785290469.955748,0.0,0.0,0.02320329666137695
1785290469.9793718,0.0,0.0,0.02321072006225586
1785290470.0030015,0.0,0.0,0.02321433639526367
1785290470.026658,0.0,0.0,0.02321526336669922
1785290470.050306,0.0,0.0,0.023234527587890626
1785290470.0739439,0.0,0.0,0.0232238712310791
1785290470.0975916,0.0,0.0,0.023213344573974608
1785290470.121206,0.0,0.0,0.02320492744445801
1785290470.1448457,0.0,0.0,0.023228031158447265
1785290470.168495,0.0,0.0,0.023214624404907225
1785290470.192143,0.0,0.0,0.023221023559570314
1785290470.2157671,0.0,0.0,0.02320310401916504
1785290470.2394044,0.0,0.0,0.02322470474243164
1785290470.263044,0.0,0.0,0.023213504791259765
1785290470.286687,0.0,0.0,0.023215328216552734
1785290470.3104107,0.0,0.0,0.023238752365112306
1785290470.3340895,0.0,0.0,0.023252864837646485
1785290470.357722,0.0,0.0,0.023219263076782227
1785290470.381352,0.0,0.0,0.023210943222045897
1785290470.404967,0.0,0.0,0.0232063045501709
1785290470.4285922,0.0,0.0,0.023202655792236328
1785290470.45222,0.0,0.0,0.023216415405273437
1785290470.475842,0.0,0.0,0.02320979118347168
1785290470.499489,0.0,0.0,0.023237247467041016
1785290470.523133,0.0,0.0,0.023205984115600587
1785290470.5467646,0.0,0.0,0.023207103729248047
1785290470.5704427,0.0,0.0,0.023236320495605468
1785290470.5940733,0.0,0.0,0.023210527420043946
1785290470.6176932,0.0,0.0,0.02320911979675293
1785290470.641314,0.0,0.0,0.02321718406677246
1785290470.6649513,0.0,0.0,0.023218751907348633
1785290470.6885746,0.0,0.0,0.023211135864257812
1785290470.7122006,0.0,0.0,0.023209823608398437
1785290470.735821,0.0,0.0,0.023213504791259765
1785290470.7594373,0.0,0.0,0.023200063705444335
1785290470.7830307,0.0,0.0,0.02317990493774414
1785290470.8066752,0.0,0.0,0.023208383560180665
1785290470.8303165,0.0,0.0,0.023221567153930665
1785290470.8539162,0.0,0.0,0.023188991546630858
1785290470.8775356,0.0,0.0,0.023200767517089844
1785290470.9011533,0.0,0.0,0.023201631546020507
1785290470.9247744,0.0,0.0,0.02320089530944824
1785290470.9483986,0.0,0.0,0.02321254348754883
1785290470.9720135,0.0,0.0,0.02320252799987793
1785290470.9956472,0.0,0.0,0.023213727951049805
1785290471.0192554,0.0,0.0,0.023188928604125976
1785290471.042901,0.0,0.0,0.023224800109863282
1785290471.0665505,0.0,0.0,0.023196352005004882
1785290471.0902007,0.0,0.0,0.023232511520385742
1785290471.1138093,0.0,0.0,0.02319148826599121
1785290471.1374288,0.0,0.0,0.023211936950683593
1785290471.1610894,0.0,0.0,0.023221824645996095
1785290471.1846952,0.0,0.0,0.02319852828979492
1785290471.208326,0.0,0.0,0.023206655502319335
1785290471.231957,0.0,0.0,0.02321331214904785
1785290471.2555723,0.0,0.0,0.023194143295288086
1785290471.2791996,0.0,0.0,0.023212255477905272
1785290471.302818,0.0,0.0,0.023206592559814453
1785290471.3264606,0.0,0.0,0.023203039169311525
1785290471.3500988,0.0,0.0,0.023224063873291016
1785290471.3737345,0.0,0.0,0.023215871810913086
1785290471.397339,0.0,0.0,0.023194591522216798
1785290471.4209769,0.0,0.0,0.023222272872924804
1785290471.4445808,0.0,0.0,0.02320031929016113
1785290471.4682407,0.0,0.0,0.023245376586914064
1785290471.4918573,0.0,0.0,0.023200767517089844
1785290471.5155125,0.0,0.0,0.0232425594329834
1785290471.539131,0.0,0.0,0.023200288772583007
1785290471.562785,0.0,0.0,0.023241567611694335
1785290471.5864258,0.0,0.0,0.02319820785522461
1785290471.610092,0.0,0.0,0.023252927780151367
1785290471.6337278,0.0,0.0,0.023218175888061524
1785290471.6573567,0.0,0.0,0.023213567733764647
1785290471.6809692,0.0,0.0,0.023202239990234377
1785290471.704608,0.0,0.0,0.023213504791259765
1785290471.7282395,0.0,0.0,0.02321990394592285
1785290471.7518811,0.0,0.0,0.02322230339050293
1785290471.7755187,0.0,0.0,0.023225215911865233
1785290471.7991686,0.0,0.0,0.02322697639465332
1785290471.822793,0.0,0.0,0.02320969581604004
1785290471.8464563,0.0,0.0,0.02322140884399414
1785290471.8701112,0.0,0.0,0.023235616683959962
1785290471.8937488,0.0,0.0,0.023222848892211913
1785290471.9173589,0.0,0.0,0.023201343536376953
1785290471.9409535,0.0,0.0,0.02319011116027832
1785290471.9645805,0.0,0.0,0.02321353530883789
1785290471.9882095,0.0,0.0,0.0232138557434082
1785290472.0118146,0.0,0.0,0.0231910400390625
1785290472.03547,0.0,0.0,0.023239871978759766
1785290472.0590823,0.0,0.0,0.0232043514251709
1785290472.0827384,0.0,0.0,0.023216064453125
1785290472.106374,0.0,0.0,0.02318796730041504
1785290472.130027,0.0,0.0,0.023239456176757812
1785290472.1536715,0.0,0.0,0.02322492790222168
1785290472.1772943,0.0,0.0,0.023191904067993162
1785290472.2009273,0.0,0.0,0.023208288192749022
1785290472.224559,0.0,0.0,0.023218751907348633
1785290472.248176,0.0,0.0,0.023198495864868163
1785290472.2717988,0.0,0.0,0.023211423873901366
1785290472.295465,0.0,0.0,0.02324710464477539
1785290472.3191152,0.0,0.0,0.023213504791259765
1785290472.3427427,0.0,0.0,0.023210336685180664
1785290472.366396,0.0,0.0,0.02321968078613281
1785290472.3900447,0.0,0.0,0.02323923110961914
1785290472.4136853,0.0,0.0,0.023223392486572264
1785290472.4373038,0.0,0.0,0.023205791473388672
1785290472.4611645,0.0,0.0,0.02345260810852051
1785290472.4847744,0.0,0.0,0.023189376831054688
1785290472.5083923,0.0,0.0,0.023207008361816408
1785290472.5319915,0.0,0.0,0.023187391281127928
1785290472.5556037,0.0,0.0,0.023200191497802735
1785290472.5792286,0.0,0.0,0.023202144622802734
1785290472.6028373,0.0,0.0,0.02318796730041504
1785290472.6267543,0.0,0.0,0.023477983474731446
1785290472.6504228,0.0,0.0,0.02322172737121582
1785290472.6740513,0.0,0.0,0.023216800689697267
1785290472.6976633,0.0,0.0,0.023196672439575194
1785290472.721282,0.0,0.0,0.023206079483032226
1785290472.7449007,0.0,0.0,0.023203615188598634
1785290472.7685084,0.0,0.0,0.02319696044921875
1785290472.7925317,0.0,0.0,0.023607263565063475
1785290472.816145,0.0,0.0,0.02319833564758301
1785290472.8397527,0.0,0.0,0.023194400787353516
1785290472.8633852,0.0,0.0,0.02321308708190918
1785290472.887003,0.0,0.0,0.023200735092163086
1785290472.9106486,0.0,0.0,0.023206560134887696
1785290472.9342854,0.0,0.0,0.02322435188293457
1785290472.958426,0.0,0.0,0.023660320281982422
1785290472.982077,0.0,0.0,0.02322220802307129
1785290473.0056992,0.0,0.0,0.023208288192749022
1785290473.0293252,0.0,0.0,0.023202880859375
1785290473.0529358,0.0,0.0,0.02319264030456543
1785290473.0765574,0.0,0.0,0.023203264236450194
1785290473.100182,0.0,0.0,0.023206975936889647
1785290473.124334,0.0,0.0,0.023742368698120117
1785290473.147939,0.0,0.0,0.023188064575195313
1785290473.1715636,0.0,0.0,0.023197504043579103
1785290473.1951783,0.0,0.0,0.02319206428527832
1785290473.2187803,0.0,0.0,0.023185760498046874
1785290473.2424126,0.0,0.0,0.023188703536987303
1785290473.2663782,0.0,0.0,0.02323187255859375
1785290473.2900205,0.0,0.0,0.023227487564086914
1785290473.3136084,0.0,0.0,0.023181087493896486
1785290473.3372118,0.0,0.0,0.023196063995361327
1785290473.3608232,0.0,0.0,0.023195104598999025
1785290473.3844304,0.0,0.0,0.023199327468872072
1785290473.4080381,0.0,0.0,0.023191808700561523
1785290473.4320862,0.0,0.0,0.023632320404052734
1785290473.455698,0.0,0.0,0.023189535140991212
1785290473.4793038,0.0,0.0,0.023196767807006836
1785290473.5029042,0.0,0.0,0.023187360763549804
1785290473.5265517,0.0,0.0,0.023191808700561523
1785290473.5501947,0.0,0.0,0.02322502326965332
1785290473.5738173,0.0,0.0,0.023205568313598633
1785290473.597582,0.0,0.0,0.023351999282836915
1785290473.6212,0.0,0.0,0.02320502471923828
1785290473.6448073,0.0,0.0,0.02319424057006836
1785290473.6684363,0.0,0.0,0.023181856155395506
1785290473.6920502,0.0,0.0,0.023193151473999023
1785290473.7156649,0.0,0.0,0.02319657516479492
1785290473.7393022,0.0,0.0,0.023197856903076172
1785290473.7629309,0.0,0.0,0.023213632583618166
1785290473.7865574,0.0,0.0,0.02318832015991211
1785290473.810193,0.0,0.0,0.02322665596008301
1785290473.8337862,0.0,0.0,0.023190975189208984
1785290473.8573878,0.0,0.0,0.023192224502563478
1785290473.8809965,0.0,0.0,0.02319817543029785
1785290473.9046166,0.0,0.0,0.0232106876373291
1785290473.928235,0.0,0.0,0.023205312728881836
1785290473.951849,0.0,0.0,0.023192384719848632
1785290473.9754896,0.0,0.0,0.02322947120666504
1785290473.9991107,0.0,0.0,0.02319865608215332
1785290474.0227256,0.0,0.0,0.023200096130371092
1785290474.0463772,0.0,0.0,0.023210655212402342
1785290474.0700245,0.0,0.0,0.023231168746948243
1785290474.0936303,0.0,0.0,0.023194847106933595
1785290474.1172283,0.0,0.0,0.023178335189819335
1785290474.1408403,0.0,0.0,0.023194656372070313
1785290474.1644757,0.0,0.0,0.02320207977294922
1785290474.1880922,0.0,0.0,0.023196352005004882
1785290474.2117064,0.0,0.0,0.023199392318725587
1785290474.2353148,0.0,0.0,0.02319318389892578
1785290474.258947,0.0,0.0,0.02321766471862793
1785290474.2825952,0.0,0.0,0.023213247299194335
1785290474.306241,0.0,0.0,0.023232704162597657
1785290474.3298495,0.0,0.0,0.023194112777709962
1785290474.3534646,0.0,0.0,0.02319500732421875
1785290474.377076,0.0,0.0,0.023201311111450195
1785290474.4007201,0.0,0.0,0.023228128433227538
1785290474.424339,0.0,0.0,0.023208608627319337
1785290474.447964,0.0,0.0,0.023215488433837892
1785290474.4715712,0.0,0.0,0.02320025634765625
1785290474.4951966,0.0,0.0,0.023219200134277345
1785290474.5188198,0.0,0.0,0.02320649528503418
1785290474.542437,0.0,0.0,0.023196287155151367
1785290474.5660722,0.0,0.0,0.023219295501708984
1785290474.5896728,0.0,0.0,0.02319808006286621
1785290474.6132853,0.0,0.0,0.023200447082519532
1785290474.6368933,0.0,0.0,0.02319651222229004
1785290474.6604872,0.0,0.0,0.023185024261474608
1785290474.6840885,0.0,0.0,0.023191936492919923
1785290474.7077124,0.0,0.0,0.023212127685546875
1785290474.731322,0.0,0.0,0.023194816589355467
1785290474.7549403,0.0,0.0,0.023201408386230468
1785290474.7785652,0.0,0.0,0.023185632705688478
1785290474.8022182,0.0,0.0,0.023241888046264647
1785290474.8258207,0.0,0.0,0.023191551208496093
1785290474.8494425,0.0,0.0,0.023199296951293944
1785290474.873044,0.0,0.0,0.02319036865234375
1785290474.8966432,0.0,0.0,0.023190784454345702
1785290474.9202783,0.0,0.0,0.023225311279296876
1785290474.9438925,0.0,0.0,0.02319990348815918
1785290474.967515,0.0,0.0,0.023212287902832033
1785290474.9911168,0.0,0.0,0.023184255599975587
1785290475.0147288,0.0,0.0,0.023195232391357422
1785290475.0383692,0.0,0.0,0.023207296371459962
1785290475.0619955,0.0,0.0,0.0232108154296875
1785290475.085603,0.0,0.0,0.023202016830444337
1785290475.109243,0.0,0.0,0.02321843147277832
1785290475.1328611,0.0,0.0,0.02320358467102051
1785290475.156488,0.0,0.0,0.023209728240966798
1785290475.1801093,0.0,0.0,0.023205408096313475
1785290475.2037196,0.0,0.0,0.02320332717895508
1785290475.2273414,0.0,0.0,0.02320534324645996
1785290475.250956,0.0,0.0,0.02320524787902832
1785290475.2745938,0.0,0.0,0.023205280303955078
1785290475.2982323,0.0,0.0,0.023229408264160156
1785290475.321832,0.0,0.0,0.023191295623779296
1785290475.345456,0.0,0.0,0.023214527130126953
1785290475.369044,0.0,0.0,0.023172000885009765
1785290475.3926792,0.0,0.0,0.02321824073791504
1785290475.416268,0.0,0.0,0.02318172836303711
1785290475.4398806,0.0,0.0,0.02320198440551758
1785290475.4635146,0.0,0.0,0.023224512100219728
1785290475.4871302,0.0,0.0,0.023207008361816408
1785290475.5107634,0.0,0.0,0.023219520568847657
1785290475.534423,0.0,0.0,0.023220735549926756
1785290475.558071,0.0,0.0,0.023231775283813476
1785290475.5816753,0.0,0.0,0.023196063995361327
1785290475.605287,0.0,0.0,0.023200063705444335
1785290475.6288993,0.0,0.0,0.02320342445373535
1785290475.6525185,0.0,0.0,0.02321468734741211
1785290475.676154,0.0,0.0,0.023218271255493163
1785290475.6997707,0.0,0.0,0.02319977569580078
1785290475.7233894,0.0,0.0,0.0232042236328125
1785290475.7470164,0.0,0.0,0.023216991424560546
1785290475.7706692,0.0,0.0,0.023208415985107422
1785290475.7943172,0.0,0.0,0.023230079650878907
1785290475.8179486,0.0,0.0,0.023222335815429686
1785290475.8415704,0.0,0.0,0.023208255767822265
1785290475.8652043,0.0,0.0,0.023221567153930665
1785290475.8888187,0.0,0.0,0.023208351135253907
1785290475.912446,0.0,0.0,0.023220735549926756
1785290475.9360666,0.0,0.0,0.02320364761352539
1785290475.9596894,0.0,0.0,0.023211904525756836
1785290475.983287,0.0,0.0,0.023187551498413086
1785290476.0069232,0.0,0.0,0.02322268867492676
1785290476.030586,0.0,0.0,0.023217599868774415
1785290476.0542257,0.0,0.0,0.023227840423583983
1785290476.0778224,0.0,0.0,0.02319539260864258
1785290476.1014516,0.0,0.0,0.02320832061767578
1785290476.1250467,0.0,0.0,0.023188447952270506
1785290476.148673,0.0,0.0,0.02322220802307129
1785290476.1723068,0.0,0.0,0.023211679458618163
1785290476.195933,0.0,0.0,0.023216352462768555
1785290476.2195494,0.0,0.0,0.023200416564941408
1785290476.243211,0.0,0.0,0.023221536636352538
1785290476.2668135,0.0,0.0,0.02319299125671387
1785290476.2904582,0.0,0.0,0.023216320037841798
1785290476.3140972,0.0,0.0,0.023232799530029297
1785290476.3377333,0.0,0.0,0.023221792221069334
1785290476.3613396,0.0,0.0,0.023200607299804686
1785290476.3849635,0.0,0.0,0.02321295928955078
1785290476.408601,0.0,0.0,0.023229663848876952
1785290476.432228,0.0,0.0,0.02321392059326172
1785290476.455854,0.0,0.0,0.023209823608398437
1785290476.4794962,0.0,0.0,0.02323017692565918
1785290476.5031319,0.0,0.0,0.0232172794342041
1785290476.5267532,0.0,0.0,0.023199487686157226
1785290476.5504043,0.0,0.0,0.023208831787109373
1785290476.574065,0.0,0.0,0.02324662399291992
1785290476.5977025,0.0,0.0,0.023224063873291016
1785290476.6213279,0.0,0.0,0.02321171188354492
1785290476.6449685,0.0,0.0,0.023229408264160156
1785290476.6686103,0.0,0.0,0.023229440689086913
1785290476.6922665,0.0,0.0,0.02321311950683594
1785290476.71589,0.0,0.0,0.02321295928955078
1785290476.7395344,0.0,0.0,0.023235328674316408
1785290476.7631655,0.0,0.0,0.023214208602905274
1785290476.7867815,0.0,0.0,0.023205087661743163
1785290476.8104758,0.0,0.0,0.023236543655395507
1785290476.8341157,0.0,0.0,0.023221952438354492
1785290476.8577602,0.0,0.0,0.02323823928833008
1785290476.8813882,0.0,0.0,0.02320956802368164
1785290476.9050252,0.0,0.0,0.023229568481445313
1785290476.9286532,0.0,0.0,0.023216415405273437
1785290476.9522822,0.0,0.0,0.023215328216552734
1785290476.9759052,0.0,0.0,0.023211967468261718
1785290476.9995384,0.0,0.0,0.02321846389770508
1785290477.023158,0.0,0.0,0.023208000183105468
1785290477.046774,0.0,0.0,0.02320207977294922
1785290477.0704076,0.0,0.0,0.02320979118347168
1785290477.0940723,0.0,0.0,0.0232523193359375
1785290477.1177,0.0,0.0,0.023210367202758788
1785290477.1413367,0.0,0.0,0.023229728698730467
1785290477.1649556,0.0,0.0,0.023204639434814454
1785290477.188552,0.0,0.0,0.023193216323852538
1785290477.2121515,0.0,0.0,0.023188991546630858
1785290477.2357657,0.0,0.0,0.02320470428466797
1785290477.2593853,0.0,0.0,0.02321075248718262
1785290477.2830153,0.0,0.0,0.023221567153930665
1785290477.3066552,0.0,0.0,0.02321609687805176
1785290477.330279,0.0,0.0,0.02321183967590332
1785290477.3538864,0.0,0.0,0.023202880859375
1785290477.3775022,0.0,0.0,0.023207168579101562
1785290477.4011168,0.0,0.0,0.02320342445373535
1785290477.4247317,0.0,0.0,0.023199520111083984
1785290477.4483387,0.0,0.0,0.023200511932373047
1785290477.4719381,0.0,0.0,0.023192319869995117
1785290477.4955716,0.0,0.0,0.023220575332641602
1785290477.5192118,0.0,0.0,0.023227231979370117
1785290477.542842,0.0,0.0,0.02321187210083008
1785290477.5664632,0.0,0.0,0.023191776275634766
1785290477.5901017,0.0,0.0,0.02322528076171875
1785290477.6137266,0.0,0.0,0.023215103149414062
1785290477.6373272,0.0,0.0,0.02319705581665039
1785290477.6609514,0.0,0.0,0.02320732879638672
1785290477.684548,0.0,0.0,0.02319660758972168
1785290477.7081761,0.0,0.0,0.02320947265625
1785290477.7317939,0.0,0.0,0.023198495864868163
1785290477.7554305,0.0,0.0,0.023220447540283202
1785290477.779024,0.0,0.0,0.023190431594848633
1785290477.8027024,0.0,0.0,0.023248672485351562
1785290477.8263524,0.0,0.0,0.023214208602905274
1785290477.8499997,0.0,0.0,0.023239456176757812
1785290477.8736076,0.0,0.0,0.023193536758422853
1785290477.8972359,0.0,0.0,0.023215007781982423
1785290477.9208555,0.0,0.0,0.02320368003845215
1785290477.9444714,0.0,0.0,0.023205408096313475
1785290477.968089,0.0,0.0,0.023206432342529296
1785290477.991713,0.0,0.0,0.023213056564331053
1785290478.0153124,0.0,0.0,0.023192127227783202
1785290478.038942,0.0,0.0,0.023217727661132812
1785290478.0625849,0.0,0.0,0.0232077751159668
1785290478.0862281,0.0,0.0,0.023230911254882813
1785290478.1098342,0.0,0.0,0.0231889591217041
1785290478.1334708,0.0,0.0,0.023224447250366213
1785290478.157069,0.0,0.0,0.023189088821411134
1785290478.1806884,0.0,0.0,0.023204063415527342
1785290478.2042966,0.0,0.0,0.02319318389892578
1785290478.2279215,0.0,0.0,0.023213983535766602
1785290478.251541,0.0,0.0,0.02320319938659668
1785290478.2751591,0.0,0.0,0.023205631256103514
1785290478.2987747,0.0,0.0,0.02320191955566406
1785290478.3224394,0.0,0.0,0.023227167129516602
1785290478.34608,0.0,0.0,0.023231359481811525
1785290478.369708,0.0,0.0,0.02321379280090332
1785290478.3933017,0.0,0.0,0.0231844482421875
1785290478.416936,0.0,0.0,0.023216255187988283
1785290478.4405315,0.0,0.0,0.023193439483642577
1785290478.4641714,0.0,0.0,0.023229663848876952
1785290478.4877698,0.0,0.0,0.023186431884765626
1785290478.5113928,0.0,0.0,0.023211679458618163
1785290478.5350094,0.0,0.0,0.023201536178588868
1785290478.5586758,0.0,0.0,0.023230911254882813
1785290478.582326,0.0,0.0,0.023232288360595703
1785290478.6059487,0.0,0.0,0.023212928771972657
1785290478.6295724,0.0,0.0,0.02320956802368164
1785290478.6531978,0.0,0.0,0.023212352752685548
1785290478.6768012,0.0,0.0,0.023198591232299805
1785290478.7004218,0.0,0.0,0.023208160400390625
1785290478.724036,0.0,0.0,0.023203168869018555
1785290478.7476711,0.0,0.0,0.023218271255493163
1785290478.771281,0.0,0.0,0.023201887130737304
1785290478.794947,0.0,0.0,0.02325119972229004
1785290478.8186011,0.0,0.0,0.023218528747558594
1785290478.8422585,0.0,0.0,0.023245279312133788
1785290478.86587,0.0,0.0,0.02319696044921875
1785290478.8894846,0.0,0.0,0.02320707130432129
1785290478.9130957,0.0,0.0,0.023189119338989258
1785290478.936702,0.0,0.0,0.023195167541503907
1785290478.9603057,0.0,0.0,0.023193632125854492
1785290478.9839432,0.0,0.0,0.023218048095703124
1785290479.007576,0.0,0.0,0.0232194881439209
1785290479.0312161,0.0,0.0,0.023226751327514648
1785290479.0548167,0.0,0.0,0.023194463729858398
1785290479.0784743,0.0,0.0,0.023213344573974608
1785290479.1021357,0.0,0.0,0.023248992919921874
1785290479.1257935,0.0,0.0,0.02323801612854004
1785290479.1494176,0.0,0.0,0.02320524787902832
1785290479.173045,0.0,0.0,0.02321731185913086
1785290479.1966755,0.0,0.0,0.023214399337768556
1785290479.2203093,0.0,0.0,0.02322310447692871
1785290479.2439272,0.0,0.0,0.02319935989379883
1785290479.2675514,0.0,0.0,0.023213600158691405
1785290479.2912188,0.0,0.0,0.02323286437988281
1785290479.314853,0.0,0.0,0.023211008071899415
1785290479.3384924,0.0,0.0,0.023193695068359374
1785290479.362138,0.0,0.0,0.023225791931152345
1785290479.3857536,0.0,0.0,0.023189407348632812
1785290479.4093919,0.0,0.0,0.023218624114990233
1785290479.433001,0.0,0.0,0.023209535598754882
1785290479.4566193,0.0,0.0,0.023215232849121095
1785290479.480239,0.0,0.0,0.023208192825317383
1785290479.50385,0.0,0.0,0.023208192825317383
1785290479.527483,0.0,0.0,0.02322038459777832
1785290479.5510747,0.0,0.0,0.023187488555908204
1785290479.5747223,0.0,0.0,0.02319900894165039
1785290479.598385,0.0,0.0,0.02322863960266113
1785290479.6220403,0.0,0.0,0.023248096466064454
1785290479.6456876,0.0,0.0,0.023212608337402345
1785290479.6693044,0.0,0.0,0.023209503173828125
1785290479.6929364,0.0,0.0,0.023222591400146483
1785290479.716553,0.0,0.0,0.02320899200439453
1785290479.7401996,0.0,0.0,0.02322761535644531
1785290479.763818,0.0,0.0,0.0231977596282959
1785290479.7874293,0.0,0.0,0.023201536178588868
1785290479.811057,0.0,0.0,0.0232106876373291
1785290479.8347118,0.0,0.0,0.0232194881439209
1785290479.858351,0.0,0.0,0.02321059226989746
1785290479.881995,0.0,0.0,0.02323747253417969
1785290479.905593,0.0,0.0,0.023186208724975586
1785290479.9291966,0.0,0.0,0.023199264526367187
1785290479.9528024,0.0,0.0,0.02320096015930176
1785290479.9764245,0.0,0.0,0.023208127975463868
1785290480.0000358,0.0,0.0,0.023201728820800783
1785290480.0236478,0.0,0.0,0.0231977596282959
1785290480.0472631,0.0,0.0,0.023210527420043946
1785290480.0709043,0.0,0.0,0.02322719955444336
1785290480.0945594,0.0,0.0,0.02322329521179199
1785290480.118252,0.0,0.0,0.023253728866577148
1785290480.1418722,0.0,0.0,0.02319843292236328
1785290480.1655107,0.0,0.0,0.023219648361206054
1785290480.1891265,0.0,0.0,0.023196287155151367
1785290480.2127533,0.0,0.0,0.0232174072265625
1785290480.2363782,0.0,0.0,0.023210336685180664
1785290480.2600012,0.0,0.0,0.023214111328125
1785290480.2836316,0.0,0.0,0.02321526336669922
1785290480.3072748,0.0,0.0,0.023228832244873047
1785290480.3309157,0.0,0.0,0.02323164749145508
1785290480.3545523,0.0,0.0,0.023195840835571288
1785290480.37821,0.0,0.0,0.02324086380004883
1785290480.4018238,0.0,0.0,0.023198783874511717
1785290480.4254453,0.0,0.0,0.02321628761291504
1785290480.4490592,0.0,0.0,0.023204671859741212
1785290480.4726791,0.0,0.0,0.023208415985107422
1785290480.4962955,0.0,0.0,0.02321059226989746
1785290480.5199049,0.0,0.0,0.023200159072875978
1785290480.543528,0.0,0.0,0.02320854377746582
1785290480.5671396,0.0,0.0,0.023194976806640625
1785290480.5907428,0.0,0.0,0.023191904067993162
1785290480.6143827,0.0,0.0,0.023206207275390626
1785290480.638038,0.0,0.0,0.02323980712890625
1785290480.6616325,0.0,0.0,0.023186687469482423
1785290480.6852555,0.0,0.0,0.02320851135253906
1785290480.7088406,0.0,0.0,0.023175424575805664
1785290480.7324815,0.0,0.0,0.023223039627075195
1785290480.7560725,0.0,0.0,0.02317910385131836
1785290480.7796664,0.0,0.0,0.023172767639160156
1785290480.8032718,0.0,0.0,0.023191455841064454
1785290480.8268757,0.0,0.0,0.023198495864868163
1785290480.8505135,0.0,0.0,0.023203615188598634
1785290480.874166,0.0,0.0,0.023245855331420897
1785290480.8977578,0.0,0.0,0.023184959411621093
1785290480.921385,0.0,0.0,0.023218559265136718
1785290480.9450111,0.0,0.0,0.02321811294555664
1785290480.9686213,0.0,0.0,0.02319798469543457
1785290480.992227,0.0,0.0,0.023197343826293945
1785290481.0158472,0.0,0.0,0.023210208892822267
1785290481.0394816,0.0,0.0,0.02322256088256836
1785290481.063133,0.0,0.0,0.023218368530273436
1785290481.0867531,0.0,0.0,0.023209535598754882
1785290481.1104228,0.0,0.0,0.0232093448638916
1785290481.134059,0.0,0.0,0.023217248916625976
1785290481.1576836,0.0,0.0,0.02321468734741211
1785290481.1813161,0.0,0.0,0.02321308708190918
1785290481.2049387,0.0,0.0,0.023210624694824218
1785290481.228566,0.0,0.0,0.023208864212036134
1785290481.2521899,0.0,0.0,0.02320851135253906
1785290481.27581,0.0,0.0,0.023208703994750977
1785290481.29942,0.0,0.0,0.02320355224609375
1785290481.3230386,0.0,0.0,0.023208896636962892
1785290481.346686,0.0,0.0,0.02321177673339844
1785290481.3703303,0.0,0.0,0.02323088073730469
1785290481.3939507,0.0,0.0,0.023209184646606446
1785290481.4175525,0.0,0.0,0.023194656372070313
1785290481.4411821,0.0,0.0,0.023221792221069334
1785290481.4647887,0.0,0.0,0.023199264526367187
1785290481.4883943,0.0,0.0,0.023200191497802735
1785290481.512018,0.0,0.0,0.02320751953125
1785290481.5356455,0.0,0.0,0.023219232559204103
1785290481.5592692,0.0,0.0,0.023200223922729492
1785290481.5828989,0.0,0.0,0.023218624114990233
1785290481.6065524,0.0,0.0,0.02320332717895508
1785290481.6302304,0.0,0.0,0.023257535934448244
1785290481.653857,0.0,0.0,0.023213247299194335
1785290481.6774771,0.0,0.0,0.02321107292175293
1785290481.7010899,0.0,0.0,0.023206111907958984
1785290481.724711,0.0,0.0,0.02320867156982422
1785290481.748334,0.0,0.0,0.023210399627685546
1785290481.7719457,0.0,0.0,0.023206687927246093
1785290481.795536,0.0,0.0,0.02318377685546875
1785290481.8191597,0.0,0.0,0.023201631546020507
1785290481.8427806,0.0,0.0,0.023201568603515625
1785290481.8664243,0.0,0.0,0.023204896926879885
1785290481.8900807,0.0,0.0,0.023243520736694338
1785290481.9136853,0.0,0.0,0.023195104598999025
1785290481.9372954,0.0,0.0,0.023203264236450194
1785290481.9609175,0.0,0.0,0.02320832061767578
1785290481.9845192,0.0,0.0,0.023194944381713867
1785290482.0081487,0.0,0.0,0.023221183776855468
1785290482.0317523,0.0,0.0,0.023196800231933594
1785290482.0553758,0.0,0.0,0.023210880279541015
1785290482.0789928,0.0,0.0,0.023210527420043946
1785290482.1026645,0.0,0.0,0.023223520278930664
1785290482.1263533,0.0,0.0,0.023246688842773436
1785290482.1500099,0.0,0.0,0.023242080688476562
1785290482.1736233,0.0,0.0,0.023193023681640626
1785290482.1972368,0.0,0.0,0.023207199096679686
1785290482.220847,0.0,0.0,0.023195743560791016
1785290482.244472,0.0,0.0,0.023214752197265626
1785290482.268075,0.0,0.0,0.023194656372070313
1785290482.2917125,0.0,0.0,0.023225311279296876
1785290482.3153148,0.0,0.0,0.02319299125671387
1785290482.3389463,0.0,0.0,0.023210880279541015
1785290482.3626077,0.0,0.0,0.023211904525756836
1785290482.3862796,0.0,0.0,0.02326246452331543
1785290482.4098868,0.0,0.0,0.02320115280151367
1785290482.4335146,0.0,0.0,0.023223007202148437
1785290482.4571097,0.0,0.0,0.02317843246459961
1785290482.4807138,0.0,0.0,0.02319366455078125
1785290482.5043037,0.0,0.0,0.023180864334106446
1785290482.5278933,0.0,0.0,0.02318819236755371
1785290482.5515609,0.0,0.0,0.02324684715270996
1785290482.5753207,0.0,0.0,0.023252639770507812
1785290482.5989394,0.0,0.0,0.02319692802429199
1785290482.6225913,0.0,0.0,0.0232127685546875
1785290482.6462429,0.0,0.0,0.023244512557983397
1785290482.6698773,0.0,0.0,0.023220544815063478
1785290482.693477,0.0,0.0,0.023191648483276366
1785290482.7170918,0.0,0.0,0.0231997127532959
1785290482.7407,0.0,0.0,0.02319833564758301
1785290482.7643437,0.0,0.0,0.023207584381103517
1785290482.7879536,0.0,0.0,0.023198463439941405
1785290482.811549,0.0,0.0,0.02318838310241699
1785290482.8351696,0.0,0.0,0.023195711135864258
1785290482.8587942,0.0,0.0,0.023212671279907227
1785290482.8824131,0.0,0.0,0.023184383392333984
1785290482.9060314,0.0,0.0,0.023202943801879882
1785290482.9296358,0.0,0.0,0.02319424057006836
1785290482.9532428,0.0,0.0,0.023195104598999025
1785290482.9768806,0.0,0.0,0.023225568771362306
1785290483.000509,0.0,0.0,0.023211999893188475
1785290483.0241199,0.0,0.0,0.023200096130371092
1785290483.0477448,0.0,0.0,0.023210527420043946
1785290483.0713542,0.0,0.0,0.023201887130737304
1785290483.0949895,0.0,0.0,0.023221216201782226
1785290483.118662,0.0,0.0,0.02321353530883789
1785290483.1423194,0.0,0.0,0.023243616104125977
1785290483.165951,0.0,0.0,0.023210079193115234
1785290483.1895711,0.0,0.0,0.023213695526123047
1785290483.2131927,0.0,0.0,0.02320911979675293
1785290483.2368226,0.0,0.0,0.023220224380493162
1785290483.2604446,0.0,0.0,0.02321161651611328
1785290483.2840657,0.0,0.0,0.0232042236328125
1785290483.3076859,0.0,0.0,0.023209983825683594
1785290483.3313122,0.0,0.0,0.02320876884460449
1785290483.3549154,0.0,0.0,0.023190528869628906
1785290483.3785596,0.0,0.0,0.02319206428527832
1785290483.40217,0.0,0.0,0.02320908737182617
1785290483.4258173,0.0,0.0,0.023203231811523437
1785290483.4494355,0.0,0.0,0.023191808700561523
1785290483.4730353,0.0,0.0,0.023188064575195313
1785290483.4966397,0.0,0.0,0.02318998336791992
1785290483.5202625,0.0,0.0,0.023213760375976562
1785290483.5438666,0.0,0.0,0.02319436836242676
1785290483.5675042,0.0,0.0,0.02323088073730469
1785290483.5911307,0.0,0.0,0.023188991546630858
1785290483.6147285,0.0,0.0,0.023185152053833008
1785290483.6383502,0.0,0.0,0.023195072174072264
1785290483.6620133,0.0,0.0,0.023251712799072264
1785290483.6856444,0.0,0.0,0.023203903198242188
1785290483.709248,0.0,0.0,0.023182943344116212
1785290483.732845,0.0,0.0,0.023183103561401366
1785290483.7564642,0.0,0.0,0.023211423873901366
1785290483.7800674,0.0,0.0,0.02319561576843262
1785290483.8036764,0.0,0.0,0.02320252799987793
1785290483.827289,0.0,0.0,0.02320191955566406
1785290483.8509178,0.0,0.0,0.023206432342529296
1785290483.8745754,0.0,0.0,0.023219263076782227
1785290483.8982446,0.0,0.0,0.023259008407592773
1785290483.9219055,0.0,0.0,0.023214080810546874
1785290483.9455128,0.0,0.0,0.023191839218139648
1785290483.9691355,0.0,0.0,0.02317862319946289
1785290483.9927742,0.0,0.0,0.023231456756591797
1785290484.0163715,0.0,0.0,0.023184640884399414
1785290484.0399818,0.0,0.0,0.02319094467163086
1785290484.0635755,0.0,0.0,0.023191423416137696
1785290484.087187,0.0,0.0,0.023201536178588868
1785290484.110832,0.0,0.0,0.023219104766845702
1785290484.1344798,0.0,0.0,0.023216991424560546
1785290484.1581235,0.0,0.0,0.02323324775695801
1785290484.1817343,0.0,0.0,0.023201055526733398
1785290484.2053301,0.0,0.0,0.02318022346496582
1785290484.2289128,0.0,0.0,0.02316806411743164
1785290484.2525344,0.0,0.0,0.023209375381469728
1785290484.2761521,0.0,0.0,0.0231997127532959
1785290484.2997534,0.0,0.0,0.02319276809692383
1785290484.3233652,0.0,0.0,0.023196128845214842
1785290484.3469892,0.0,0.0,0.023205087661743163
1785290484.3706393,0.0,0.0,0.023217855453491212
1785290484.3942425,0.0,0.0,0.02319856071472168
1785290484.417862,0.0,0.0,0.02321027183532715
1785290484.4414594,0.0,0.0,0.02319011116027832
1785290484.4650576,0.0,0.0,0.023191295623779296
1785290484.4886754,0.0,0.0,0.02320358467102051
1785290484.5122964,0.0,0.0,0.0232106876373291
1785290484.5359125,0.0,0.0,0.023205535888671875
1785290484.5595555,0.0,0.0,0.02323094367980957
1785290484.583231,0.0,0.0,0.02320524787902832
1785290484.6068826,0.0,0.0,0.023225696563720703
1785290484.6305108,0.0,0.0,0.023194112777709962
1785290484.6541586,0.0,0.0,0.023232511520385742
1785290484.6777925,0.0,0.0,0.023221376419067383
1785290484.701436,0.0,0.0,0.023230527877807616
1785290484.725059,0.0,0.0,0.023201631546020507
1785290484.7486691,0.0,0.0,0.023205408096313475
1785290484.772279,0.0,0.0,0.02319340705871582
1785290484.7958615,0.0,0.0,0.02317478370666504
1785290484.8194957,0.0,0.0,0.02322265625
1785290484.8431067,0.0,0.0,0.023188159942626952
1785290484.866734,0.0,0.0,0.023205696105957033
1785290484.8903906,0.0,0.0,0.023213600158691405
1785290484.9140217,0.0,0.0,0.023216928482055664
1785290484.9376442,0.0,0.0,0.023214271545410156
1785290484.9612496,0.0,0.0,0.023196319580078124
1785290484.9848614,0.0,0.0,0.023197504043579103
1785290485.0084598,0.0,0.0,0.02319068717956543
1785290485.0320904,0.0,0.0,0.023218847274780272
1785290485.0557024,0.0,0.0,0.023202112197875976
1785290485.0793214,0.0,0.0,0.023208351135253907
1785290485.1029694,0.0,0.0,0.023227840423583983
1785290485.1266654,0.0,0.0,0.023237184524536134
1785290485.1503234,0.0,0.0,0.023234304428100587
1785290485.1739624,0.0,0.0,0.02320956802368164
1785290485.1975837,0.0,0.0,0.023208831787109373
1785290485.2212079,0.0,0.0,0.023215072631835938
1785290485.2448251,0.0,0.0,0.02320185661315918
1785290485.2684388,0.0,0.0,0.02320476722717285
1785290485.2920501,0.0,0.0,0.023201248168945313
1785290485.3156762,0.0,0.0,0.023213888168334963
1785290485.3392878,0.0,0.0,0.023193695068359374
1785290485.3629115,0.0,0.0,0.02320604705810547
1785290485.386533,0.0,0.0,0.023189664840698242
1785290485.4101875,0.0,0.0,0.023242944717407225
1785290485.4337873,0.0,0.0,0.02318499183654785
1785290485.457407,0.0,0.0,0.023210655212402342
1785290485.4809995,0.0,0.0,0.023176639556884766
1785290485.5046031,0.0,0.0,0.023198047637939454
1785290485.5282316,0.0,0.0,0.02321219253540039
1785290485.5518618,0.0,0.0,0.023220991134643553
1785290485.5754929,0.0,0.0,0.023219104766845702
1785290485.59912,0.0,0.0,0.0232007999420166
1785290485.6227422,0.0,0.0,0.023208063125610353
1785290485.6463668,0.0,0.0,0.023188127517700195
1785290485.669986,0.0,0.0,0.02321468734741211
1785290485.6935878,0.0,0.0,0.02319126319885254
1785290485.7171896,0.0,0.0,0.023188768386840822
1785290485.7408009,0.0,0.0,0.02320102310180664
1785290485.7643988,0.0,0.0,0.02318838310241699
1785290485.7879918,0.0,0.0,0.023186624526977537
1785290485.8115993,0.0,0.0,0.023194175720214844
1785290485.8352225,0.0,0.0,0.023206335067749023
1785290485.8588183,0.0,0.0,0.023181440353393555
1785290485.882457,0.0,0.0,0.02319945526123047
1785290485.9061189,0.0,0.0,0.023241792678833008
1785290485.9297507,0.0,0.0,0.023204832077026366
1785290485.9533412,0.0,0.0,0.023184480667114257
1785290485.9769564,0.0,0.0,0.023207807540893556
1785290486.0005558,0.0,0.0,0.023194143295288086
1785290486.0241652,0.0,0.0,0.023192575454711914
1785290486.0477746,0.0,0.0,0.023199104309082032
1785290486.0713873,0.0,0.0,0.023200416564941408
1785290486.0949886,0.0,0.0,0.023190752029418945
1785290486.1186595,0.0,0.0,0.02321468734741211
1785290486.14232,0.0,0.0,0.023237216949462892
1785290486.165958,0.0,0.0,0.023210624694824218
1785290486.1895697,0.0,0.0,0.023194719314575195
1785290486.2131727,0.0,0.0,0.023190912246704103
1785290486.2367923,0.0,0.0,0.023203744888305664
1785290486.2604225,0.0,0.0,0.023213823318481444
1785290486.284037,0.0,0.0,0.023203392028808594
1785290486.3076808,0.0,0.0,0.023220447540283202
1785290486.331281,0.0,0.0,0.023187231063842774
1785290486.354909,0.0,0.0,0.023203039169311525
1785290486.3785708,0.0,0.0,0.023205696105957033
1785290486.4022083,0.0,0.0,0.023229631423950195
1785290486.4258425,0.0,0.0,0.023215007781982423
1785290486.449469,0.0,0.0,0.023221023559570314
1785290486.4730942,0.0,0.0,0.023206783294677735
1785290486.4967256,0.0,0.0,0.023220895767211914
1785290486.5203736,0.0,0.0,0.023212831497192384
1785290486.5439894,0.0,0.0,0.023200447082519532
1785290486.5676084,0.0,0.0,0.023201248168945313
1785290486.5912304,0.0,0.0,0.023202463150024413
1785290486.6148345,0.0,0.0,0.02319254493713379
1785290486.6384962,0.0,0.0,0.023212223052978515
1785290486.662143,0.0,0.0,0.023245279312133788
1785290486.68576,0.0,0.0,0.02320332717895508
1785290486.7093627,0.0,0.0,0.023196224212646485
1785290486.7329876,0.0,0.0,0.023214303970336914
1785290486.7566054,0.0,0.0,0.023204896926879885
1785290486.7802248,0.0,0.0,0.023215423583984374
1785290486.8038344,0.0,0.0,0.023192319869995117
1785290486.8274791,0.0,0.0,0.023237216949462892
1785290486.8511267,0.0,0.0,0.023210655212402342
1785290486.8747458,0.0,0.0,0.023208288192749022
1785290486.898381,0.0,0.0,0.02320809555053711
1785290486.9220364,0.0,0.0,0.0232359676361084
1785290486.945655,0.0,0.0,0.023208415985107422
1785290486.9692695,0.0,0.0,0.023203008651733397
1785290486.99288,0.0,0.0,0.023197280883789063
1785290487.0165043,0.0,0.0,0.023209823608398437
1785290487.0401094,0.0,0.0,0.02320089530944824
1785290487.0637307,0.0,0.0,0.02321558380126953
1785290487.0873528,0.0,0.0,0.02321286392211914
1785290487.1109846,0.0,0.0,0.023219423294067384
1785290487.134635,0.0,0.0,0.023190656661987306
1785290487.1582859,0.0,0.0,0.023239583969116212
1785290487.1818933,0.0,0.0,0.023192127227783202
1785290487.2055113,0.0,0.0,0.023214271545410156
1785290487.2291126,0.0,0.0,0.023188703536987303
1785290487.2527475,0.0,0.0,0.023224992752075194
1785290487.276354,0.0,0.0,0.023193920135498047
1785290487.2999551,0.0,0.0,0.02319228744506836
1785290487.3235815,0.0,0.0,0.023212160110473633
1785290487.3472073,0.0,0.0,0.023213888168334963
1785290487.3708293,0.0,0.0,0.023207935333251953
1785290487.3944702,0.0,0.0,0.023212448120117187
1785290487.4181678,0.0,0.0,0.02324505615234375
1785290487.4417887,0.0,0.0,0.023203775405883788
1785290487.465394,0.0,0.0,0.0231876163482666
1785290487.489025,0.0,0.0,0.023223487854003907
1785290487.5126379,0.0,0.0,0.02319817543029785
1785290487.5362601,0.0,0.0,0.023207712173461913
1785290487.5598648,0.0,0.0,0.023189823150634767
1785290487.583534,0.0,0.0,0.023255327224731445
1785290487.6071415,0.0,0.0,0.023198720932006835
1785290487.630774,0.0,0.0,0.023209983825683594
1785290487.6543958,0.0,0.0,0.023189823150634767
1785290487.6780722,0.0,0.0,0.023241376876831053
1785290487.701673,0.0,0.0,0.023186847686767577
1785290487.725314,0.0,0.0,0.02322774314880371
1785290487.7489305,0.0,0.0,0.023199808120727538
1785290487.7725577,0.0,0.0,0.02321670341491699
1785290487.796198,0.0,0.0,0.02321686363220215
1785290487.8198261,0.0,0.0,0.02320902442932129
1785290487.8434803,0.0,0.0,0.023233888626098632
1785290487.8670783,0.0,0.0,0.02318796730041504
1785290487.8907535,0.0,0.0,0.023227296829223632
1785290487.9144154,0.0,0.0,0.023219392776489257
1785290487.9380574,0.0,0.0,0.023233983993530275
1785290487.9616573,0.0,0.0,0.023189504623413085
1785290487.985254,0.0,0.0,0.023188928604125976
1785290488.0088823,0.0,0.0,0.0232077751159668
1785290488.0325074,0.0,0.0,0.02321311950683594
1785290488.0561304,0.0,0.0,0.023202911376953125
1785290488.0797644,0.0,0.0,0.0232194881439209
1785290488.1033876,0.0,0.0,0.023208831787109373
1785290488.1270216,0.0,0.0,0.023206783294677735
1785290488.1506872,0.0,0.0,0.023218687057495118
1785290488.1743274,0.0,0.0,0.023192224502563478
1785290488.1979468,0.0,0.0,0.023208192825317383
1785290488.2215672,0.0,0.0,0.023209375381469728
1785290488.2451777,0.0,0.0,0.02319968032836914
1785290488.2687905,0.0,0.0,0.02320470428466797
1785290488.2923992,0.0,0.0,0.02319887924194336
1785290488.3160186,0.0,0.0,0.023208255767822265
1785290488.3396163,0.0,0.0,0.02318499183654785
1785290488.363211,0.0,0.0,0.023181663513183594
1785290488.3868287,0.0,0.0,0.023204383850097657
1785290488.410468,0.0,0.0,0.023192384719848632
1785290488.4341433,0.0,0.0,0.023258399963378907
1785290488.457751,0.0,0.0,0.023192895889282226
1785290488.4813592,0.0,0.0,0.02319955253601074
1785290488.5049617,0.0,0.0,0.02318694305419922
1785290488.5285618,0.0,0.0,0.02318796730041504
1785290488.5521812,0.0,0.0,0.023208383560180665
1785290488.575802,0.0,0.0,0.023205888748168944
1785290488.5994065,0.0,0.0,0.023191680908203127
1785290488.6230311,0.0,0.0,0.0232077751159668
1785290488.6466587,0.0,0.0,0.023201696395874022
1785290488.6703076,0.0,0.0,0.02323084831237793
1785290488.6938956,0.0,0.0,0.023179168701171874
1785290488.7175186,0.0,0.0,0.023207616806030274
1785290488.7411172,0.0,0.0,0.023185632705688478
1785290488.764748,0.0,0.0,0.02321753692626953
1785290488.7883823,0.0,0.0,0.023216800689697267
1785290488.8119903,0.0,0.0,0.023197792053222657
1785290488.8356209,0.0,0.0,0.023218624114990233
1785290488.8592155,0.0,0.0,0.023189888000488282
1785290488.8828495,0.0,0.0,0.023214176177978517
1785290488.906478,0.0,0.0,0.023197599411010742
1785290488.930098,0.0,0.0,0.02321615982055664
1785290488.953709,0.0,0.0,0.02319548797607422
1785290488.9773302,0.0,0.0,0.02320137596130371
1785290489.0009456,0.0,0.0,0.023196224212646485
1785290489.0245357,0.0,0.0,0.02318604850769043
1785290489.0481393,0.0,0.0,0.023192415237426756
1785290489.0717368,0.0,0.0,0.023186208724975586
1785290489.0953517,0.0,0.0,0.023206239700317384
1785290489.1189892,0.0,0.0,0.023206655502319335
1785290489.1426463,0.0,0.0,0.023214752197265626
1785290489.166279,0.0,0.0,0.023212352752685548
1785290489.1898885,0.0,0.0,0.023201120376586913
1785290489.2134905,0.0,0.0,0.023193248748779295
1785290489.237086,0.0,0.0,0.023189247131347655
1785290489.2606895,0.0,0.0,0.023189088821411134
1785290489.2843142,0.0,0.0,0.02320675277709961
1785290489.3079312,0.0,0.0,0.023206880569458008
1785290489.331553,0.0,0.0,0.023209280014038085
1785290489.3551373,0.0,0.0,0.023173120498657225
1785290489.3787549,0.0,0.0,0.023207935333251953
1785290489.4024029,0.0,0.0,0.023215328216552734
1785290489.4260275,0.0,0.0,0.023219104766845702
1785290489.4496279,0.0,0.0,0.023188064575195313
1785290489.4732337,0.0,0.0,0.023191423416137696
1785290489.4968464,0.0,0.0,0.023202816009521485
1785290489.5204542,0.0,0.0,0.023199392318725587
1785290489.5440552,0.0,0.0,0.023191200256347657
1785290489.5676587,0.0,0.0,0.023194944381713867
1785290489.5912604,0.0,0.0,0.023191232681274414
1785290489.6148705,0.0,0.0,0.023194944381713867
1785290489.6385267,0.0,0.0,0.023219039916992187
1785290489.662174,0.0,0.0,0.023231103897094728
1785290489.6857667,0.0,0.0,0.023183647155761718
1785290489.709389,0.0,0.0,0.023218591690063475
1785290489.7330058,0.0,0.0,0.023202016830444337
1785290489.7566288,0.0,0.0,0.023208160400390625
1785290489.7802424,0.0,0.0,0.02320400047302246
1785290489.8038583,0.0,0.0,0.023216896057128907
1785290489.8275073,0.0,0.0,0.02324015998840332
1785290489.8511393,0.0,0.0,0.023221439361572265
1785290489.8747597,0.0,0.0,0.02321072006225586
1785290489.8984084,0.0,0.0,0.023212480545043945
1785290489.9220607,0.0,0.0,0.02324822425842285
1785290489.9456792,0.0,0.0,0.02320329666137695
1785290489.9692833,0.0,0.0,0.023197824478149415
1785290489.9929085,0.0,0.0,0.0232063045501709
1785290490.016514,0.0,0.0,0.023193695068359374
1785290490.0401251,0.0,0.0,0.023199264526367187
1785290490.063739,0.0,0.0,0.023195743560791016
1785290490.087358,0.0,0.0,0.023211679458618163
1785290490.1109896,0.0,0.0,0.023218944549560548
1785290490.134647,0.0,0.0,0.023211328506469727
1785290490.1582925,0.0,0.0,0.023227424621582032
1785290490.1819375,0.0,0.0,0.023229248046875
1785290490.205545,0.0,0.0,0.023203807830810545
1785290490.2291594,0.0,0.0,0.023196096420288085
1785290490.2527688,0.0,0.0,0.02320137596130371
1785290490.2763817,0.0,0.0,0.02319593620300293
1785290490.2999873,0.0,0.0,0.023195039749145507
1785290490.3236208,0.0,0.0,0.023221248626708983
1785290490.3472342,0.0,0.0,0.023201055526733398
1785290490.3708432,0.0,0.0,0.023198976516723632
1785290490.3944886,0.0,0.0,0.023208703994750977
1785290490.4181366,0.0,0.0,0.023233888626098632
1785290490.441753,0.0,0.0,0.023194847106933595
1785290490.4653633,0.0,0.0,0.0232063045501709
1785290490.4889758,0.0,0.0,0.023200416564941408
1785290490.512566,0.0,0.0,0.02318467140197754
1785290490.5361803,0.0,0.0,0.023202880859375
1785290490.5598228,0.0,0.0,0.02322380828857422
1785290490.5834267,0.0,0.0,0.023197599411010742
1785290490.6070561,0.0,0.0,0.023213695526123047
1785290490.6306834,0.0,0.0,0.023201215744018556
1785290490.6543312,0.0,0.0,0.023234527587890626
1785290490.6779463,0.0,0.0,0.02320047950744629
1785290490.701562,0.0,0.0,0.02320319938659668
1785290490.7251673,0.0,0.0,0.02319638442993164
1785290490.7487867,0.0,0.0,0.02321232032775879
1785290490.7724164,0.0,0.0,0.023214176177978517
1785290490.7960196,0.0,0.0,0.023194175720214844
1785290490.8196294,0.0,0.0,0.02319532775878906
1785290490.8432593,0.0,0.0,0.023220895767211914
1785290490.8668573,0.0,0.0,0.023194400787353516
1785290490.8904836,0.0,0.0,0.02319580841064453
1785290490.9141123,0.0,0.0,0.023216991424560546
1785290490.9377131,0.0,0.0,0.02318614387512207
1785290490.9613109,0.0,0.0,0.02318435287475586
1785290490.984921,0.0,0.0,0.023196704864501955
1785290491.00854,0.0,0.0,0.023207839965820314
1785290491.0322156,0.0,0.0,0.023218719482421876
1785290491.0558267,0.0,0.0,0.02319148826599121
1785290491.079476,0.0,0.0,0.023237216949462892
1785290491.103089,0.0,0.0,0.02319708824157715
1785290491.1267548,0.0,0.0,0.02321843147277832
1785290491.150394,0.0,0.0,0.023202848434448243
1785290491.1740441,0.0,0.0,0.023236799240112304
1785290491.1976876,0.0,0.0,0.02321401596069336
1785290491.2212968,0.0,0.0,0.02320332717895508
1785290491.2449105,0.0,0.0,0.023206399917602538
1785290491.2685149,0.0,0.0,0.02319580841064453
1785290491.2921236,0.0,0.0,0.02319603157043457
1785290491.3157454,0.0,0.0,0.023204063415527342
1785290491.3393385,0.0,0.0,0.023185216903686523
1785290491.3629577,0.0,0.0,0.023207359313964844
1785290491.386594,0.0,0.0,0.023200704574584962
1785290491.4102318,0.0,0.0,0.023230464935302734
1785290491.4338381,0.0,0.0,0.023193504333496092
1785290491.457446,0.0,0.0,0.023206655502319335
1785290491.4810696,0.0,0.0,0.0232061767578125
1785290491.504682,0.0,0.0,0.023206111907958984
1785290491.5282934,0.0,0.0,0.023202720642089843
1785290491.5519197,0.0,0.0,0.02321049690246582
1785290491.575532,0.0,0.0,0.02320512008666992
1785290491.5991948,0.0,0.0,0.0232127685546875
1785290491.6227872,0.0,0.0,0.02318582344055176
1785290491.6464434,0.0,0.0,0.023208000183105468
1785290491.6700716,0.0,0.0,0.023219999313354493
1785290491.6936784,0.0,0.0,0.023194143295288086
1785290491.7172747,0.0,0.0,0.02318275260925293
1785290491.740864,0.0,0.0,0.02318377685546875
1785290491.7644784,0.0,0.0,0.023194496154785155
1785290491.788112,0.0,0.0,0.023219615936279296
1785290491.8117366,0.0,0.0,0.023209535598754882
1785290491.835351,0.0,0.0,0.023208255767822265
1785290491.8589616,0.0,0.0,0.023198623657226563
1785290491.882606,0.0,0.0,0.023203775405883788
1785290491.9062274,0.0,0.0,0.023214111328125
1785290491.92985,0.0,0.0,0.0232108154296875
1785290491.9534595,0.0,0.0,0.023194976806640625
1785290491.977087,0.0,0.0,0.02321436882019043
1785290492.0006893,0.0,0.0,0.023197792053222657
1785290492.0242984,0.0,0.0,0.023204864501953124
1785290492.0479224,0.0,0.0,0.023202144622802734
1785290492.0715415,0.0,0.0,0.02320947265625
1785290492.095168,0.0,0.0,0.023210880279541015
1785290492.1187947,0.0,0.0,0.02321526336669922
1785290492.1424408,0.0,0.0,0.02320031929016113
1785290492.166066,0.0,0.0,0.02321609687805176
1785290492.1896775,0.0,0.0,0.02320351982116699
1785290492.2132902,0.0,0.0,0.02319820785522461
1785290492.2369752,0.0,0.0,0.023220767974853517
1785290492.2605798,0.0,0.0,0.023185312271118166
1785290492.284193,0.0,0.0,0.02319561576843262
1785290492.3078012,0.0,0.0,0.023194656372070313
1785290492.3314056,0.0,0.0,0.023198976516723632
1785290492.3550315,0.0,0.0,0.02321299171447754
1785290492.3786545,0.0,0.0,0.02319561576843262
1785290492.4022965,0.0,0.0,0.02323664093017578
1785290492.4258938,0.0,0.0,0.023185216903686523
1785290492.4495156,0.0,0.0,0.0232138557434082
1785290492.4731252,0.0,0.0,0.023201120376586913
1785290492.4967537,0.0,0.0,0.02319923210144043
1785290492.520381,0.0,0.0,0.023217599868774415
1785290492.5440228,0.0,0.0,0.023229055404663086
1785290492.5676563,0.0,0.0,0.023219839096069336
1785290492.5912998,0.0,0.0,0.023225088119506836
1785290492.6149068,0.0,0.0,0.023197471618652345
1785290492.6385407,0.0,0.0,0.023191839218139648
1785290492.662192,0.0,0.0,0.023239007949829103
1785290492.6858118,0.0,0.0,0.023208703994750977
1785290492.7094145,0.0,0.0,0.02319011116027832
1785290492.7330332,0.0,0.0,0.023208127975463868
1785290492.7566316,0.0,0.0,0.02318060874938965
1785290492.7802398,0.0,0.0,0.023205312728881836
1785290492.8038635,0.0,0.0,0.023204288482666015
1785290492.8275232,0.0,0.0,0.02324515151977539
1785290492.8511312,0.0,0.0,0.023201120376586913
1785290492.8747559,0.0,0.0,0.023202720642089843
1785290492.8983932,0.0,0.0,0.023206079483032226
1785290492.9220483,0.0,0.0,0.02324844741821289
1785290492.945667,0.0,0.0,0.023212703704833984
1785290492.9692867,0.0,0.0,0.023209247589111328
1785290492.9929204,0.0,0.0,0.023223360061645507
1785290493.0165634,0.0,0.0,0.02322198486328125
1785290493.040185,0.0,0.0,0.023202592849731446
1785290493.0638053,0.0,0.0,0.023207296371459962
1785290493.0874782,0.0,0.0,0.02326131248474121
1785290493.1111252,0.0,0.0,0.023204896926879885
1785290493.1347635,0.0,0.0,0.023209951400756837
1785290493.1584253,0.0,0.0,0.023224512100219728
1785290493.1820574,0.0,0.0,0.023223072052001952
1785290493.2056637,0.0,0.0,0.023188608169555664
1785290493.2292895,0.0,0.0,0.023203968048095703
1785290493.2529387,0.0,0.0,0.02322867202758789
1785290493.2765572,0.0,0.0,0.023202463150024413
1785290493.300189,0.0,0.0,0.02321392059326172
1785290493.323808,0.0,0.0,0.023204639434814454
1785290493.347484,0.0,0.0,0.02325916862487793
1785290493.3711185,0.0,0.0,0.02319753646850586
1785290493.3947372,0.0,0.0,0.023208576202392577
1785290493.4183588,0.0,0.0,0.023190048217773436
1785290493.4420013,0.0,0.0,0.023236671447753907
1785290493.4656236,0.0,0.0,0.023206687927246093
1785290493.4892216,0.0,0.0,0.023191200256347657
1785290493.5128334,0.0,0.0,0.023204736709594727
1785290493.5364668,0.0,0.0,0.023218496322631836
1785290493.5601006,0.0,0.0,0.023215103149414062
1785290493.58374,0.0,0.0,0.023224576950073243
1785290493.6073596,0.0,0.0,0.02319206428527832
1785290493.6309776,0.0,0.0,0.02320102310180664
1785290493.6546097,0.0,0.0,0.023189088821411134
1785290493.6782396,0.0,0.0,0.023219936370849608
1785290493.701852,0.0,0.0,0.023200223922729492
1785290493.725468,0.0,0.0,0.023197376251220703
1785290493.7490857,0.0,0.0,0.023200735092163086
1785290493.7726858,0.0,0.0,0.023194400787353516
1785290493.7962964,0.0,0.0,0.0231976318359375
1785290493.8199093,0.0,0.0,0.023199296951293944
1785290493.8435266,0.0,0.0,0.02320908737182617
1785290493.867146,0.0,0.0,0.023201663970947264
1785290493.8907516,0.0,0.0,0.023189279556274416
1785290493.9143848,0.0,0.0,0.02319913673400879
1785290493.9380276,0.0,0.0,0.023232288360595703
1785290493.9616606,0.0,0.0,0.023225439071655272
1785290493.9852538,0.0,0.0,0.023191200256347657
1785290494.0088704,0.0,0.0,0.02320684814453125
1785290494.0325007,0.0,0.0,0.02321491241455078
1785290494.056098,0.0,0.0,0.023194591522216798
1785290494.079703,0.0,0.0,0.02319548797607422
1785290494.1033368,0.0,0.0,0.023214399337768556
1785290494.1269786,0.0,0.0,0.023209375381469728
1785290494.1506112,0.0,0.0,0.02320524787902832
1785290494.1742332,0.0,0.0,0.023208383560180665
1785290494.1978562,0.0,0.0,0.02320809555053711
1785290494.2214558,0.0,0.0,0.02319171142578125
1785290494.2450666,0.0,0.0,0.02319865608215332
1785290494.2686577,0.0,0.0,0.023185184478759766
1785290494.2922742,0.0,0.0,0.02319795227050781
1785290494.3158956,0.0,0.0,0.023216928482055664
1785290494.339522,0.0,0.0,0.02321900749206543
1785290494.363118,0.0,0.0,0.023172704696655274
1785290494.38675,0.0,0.0,0.02322524833679199
1785290494.4103808,0.0,0.0,0.02319692802429199
1785290494.4340289,0.0,0.0,0.023240896224975587
1785290494.457633,0.0,0.0,0.023191295623779296
1785290494.4812422,0.0,0.0,0.02320038414001465
1785290494.5048356,0.0,0.0,0.023189088821411134
1785290494.528446,0.0,0.0,0.02319990348815918
1785290494.5520313,0.0,0.0,0.02317840003967285
1785290494.5756493,0.0,0.0,0.023204320907592772
1785290494.5992548,0.0,0.0,0.023199424743652344
1785290494.6228795,0.0,0.0,0.023205888748168944
1785290494.6465013,0.0,0.0,0.023191936492919923
1785290494.6701422,0.0,0.0,0.023235296249389647
1785290494.6937475,0.0,0.0,0.023195840835571288
1785290494.7173624,0.0,0.0,0.02320636749267578
1785290494.7409725,0.0,0.0,0.02319513511657715
1785290494.7645943,0.0,0.0,0.023212160110473633
1785290494.7881932,0.0,0.0,0.023193567276000977
1785290494.8118186,0.0,0.0,0.023209056854248046
1785290494.8354175,0.0,0.0,0.02319068717956543
1785290494.8590336,0.0,0.0,0.023205408096313475
1785290494.8826728,0.0,0.0,0.02319424057006836
1785290494.906321,0.0,0.0,0.02323129653930664
1785290494.92995,0.0,0.0,0.023218624114990233
1785290494.953572,0.0,0.0,0.023207008361816408
1785290494.9771852,0.0,0.0,0.023184511184692384
1785290495.0007951,0.0,0.0,0.023194944381713867
1785290495.024411,0.0,0.0,0.02319561576843262
1785290495.0480347,0.0,0.0,0.023213151931762696
1785290495.0716486,0.0,0.0,0.023199840545654295
1785290495.095268,0.0,0.0,0.023206399917602538
1785290495.1188977,0.0,0.0,0.023204383850097657
1785290495.1425772,0.0,0.0,0.023210975646972658
1785290495.1662118,0.0,0.0,0.023222591400146483
1785290495.189825,0.0,0.0,0.023198944091796875
1785290495.2134225,0.0,0.0,0.023192447662353517
1785290495.2370453,0.0,0.0,0.023209823608398437
1785290495.2606556,0.0,0.0,0.02319945526123047
1785290495.284269,0.0,0.0,0.023199424743652344
1785290495.3078864,0.0,0.0,0.02320774459838867
1785290495.3315349,0.0,0.0,0.023233695983886717
1785290495.355146,0.0,0.0,0.023191839218139648
1785290495.3787706,0.0,0.0,0.023209920883178713
1785290495.4024026,0.0,0.0,0.0231977596282959
1785290495.4260285,0.0,0.0,0.023219615936279296
1785290495.4496295,0.0,0.0,0.023188768386840822
1785290495.4732301,0.0,0.0,0.02318751907348633
1785290495.496837,0.0,0.0,0.02319228744506836
1785290495.5204446,0.0,0.0,0.023193119049072265
1785290495.5440688,0.0,0.0,0.023213279724121093
1785290495.5676746,0.0,0.0,0.02319708824157715
1785290495.5912688,0.0,0.0,0.02318342399597168
1785290495.6148732,0.0,0.0,0.02319366455078125
1785290495.6385133,0.0,0.0,0.023194719314575195
1785290495.6621425,0.0,0.0,0.023217792510986327
1785290495.6857824,0.0,0.0,0.02322393608093262
1785290495.7094016,0.0,0.0,0.023209312438964843
1785290495.733018,0.0,0.0,0.023206975936889647
1785290495.7566268,0.0,0.0,0.023193248748779295
1785290495.780245,0.0,0.0,0.023205631256103514
1785290495.8038394,0.0,0.0,0.023188928604125976
1785290495.827483,0.0,0.0,0.023232992172241212
1785290495.85113,0.0,0.0,0.02320368003845215
1785290495.8747234,0.0,0.0,0.023186912536621095
1785290495.898339,0.0,0.0,0.023182559967041015
1785290495.9219441,0.0,0.0,0.02319699287414551
1785290495.9455748,0.0,0.0,0.02321286392211914
1785290495.9691663,0.0,0.0,0.02318284797668457
1785290495.9927642,0.0,0.0,0.023189472198486327
1785290496.0163758,0.0,0.0,0.023199167251586914
1785290496.0399878,0.0,0.0,0.02319852828979492
1785290496.0635953,0.0,0.0,0.023195039749145507
1785290496.0872133,0.0,0.0,0.02320732879638672
1785290496.1108327,0.0,0.0,0.023203231811523437
1785290496.1345308,0.0,0.0,0.02325916862487793
1785290496.1581836,0.0,0.0,0.02323107147216797
1785290496.1818047,0.0,0.0,0.02320732879638672
1785290496.2054198,0.0,0.0,0.023204191207885742
1785290496.2290485,0.0,0.0,0.02321148872375488
1785290496.2526536,0.0,0.0,0.02319651222229004
1785290496.2762535,0.0,0.0,0.02319046401977539
1785290496.2998548,0.0,0.0,0.023190975189208984
1785290496.3235044,0.0,0.0,0.023246719360351564
1785290496.347117,0.0,0.0,0.023198495864868163
1785290496.3707283,0.0,0.0,0.02319308853149414
1785290496.3943694,0.0,0.0,0.02320297622680664
1785290496.4180007,0.0,0.0,0.023223392486572264
1785290496.4415896,0.0,0.0,0.02317888069152832
1785290496.4652295,0.0,0.0,0.023228511810302735
1785290496.488835,0.0,0.0,0.023189535140991212
1785290496.512462,0.0,0.0,0.023213472366333008
1785290496.5360906,0.0,0.0,0.02319852828979492
1785290496.5597186,0.0,0.0,0.023209535598754882
1785290496.5833197,0.0,0.0,0.02318204879760742
1785290496.6069577,0.0,0.0,0.02321673583984375
1785290496.6305885,0.0,0.0,0.023198591232299805
1785290496.6542292,0.0,0.0,0.02323436737060547
1785290496.6778698,0.0,0.0,0.023221759796142577
1785290496.7014961,0.0,0.0,0.023211008071899415
1785290496.7251103,0.0,0.0,0.023190879821777345
1785290496.7487144,0.0,0.0,0.02319887924194336
1785290496.7723002,0.0,0.0,0.02316985511779785
1785290496.7959032,0.0,0.0,0.02319388771057129
1785290496.8195262,0.0,0.0,0.0232193603515625
1785290496.843132,0.0,0.0,0.023192127227783202
1785290496.8667252,0.0,0.0,0.023180479049682616
1785290496.8903623,0.0,0.0,0.023206623077392578
1785290496.914008,0.0,0.0,0.023233728408813478
1785290496.9376328,0.0,0.0,0.02320368003845215
1785290496.961239,0.0,0.0,0.02319436836242676
1785290496.984855,0.0,0.0,0.023205791473388672
1785290497.0084589,0.0,0.0,0.023190879821777345
1785290497.0320609,0.0,0.0,0.023188928604125976
1785290497.0556483,0.0,0.0,0.023179744720458983
1785290497.0792546,0.0,0.0,0.023201311111450195
1785290497.1028461,0.0,0.0,0.023178688049316408
1785290497.1264813,0.0,0.0,0.02319366455078125
1785290497.1501102,0.0,0.0,0.023219455718994142
1785290497.173739,0.0,0.0,0.02320707130432129
1785290497.1973488,0.0,0.0,0.023200544357299804
1785290497.2209768,0.0,0.0,0.02320915222167969
1785290497.2445807,0.0,0.0,0.02319990348815918
1785290497.2681985,0.0,0.0,0.023197568893432618
1785290497.2917998,0.0,0.0,0.023187648773193358
1785290497.3154125,0.0,0.0,0.023200096130371092
1785290497.3390188,0.0,0.0,0.023188671112060546
1785290497.3626463,0.0,0.0,0.023197792053222657
1785290497.386275,0.0,0.0,0.023219648361206054
1785290497.409895,0.0,0.0,0.02320988845825195
1785290497.4335198,0.0,0.0,0.02321107292175293
1785290497.4571505,0.0,0.0,0.023214399337768556
1785290497.4807289,0.0,0.0,0.023170976638793944
1785290497.504337,0.0,0.0,0.023202016830444337
1785290497.527942,0.0,0.0,0.02319331169128418
1785290497.5515542,0.0,0.0,0.023199039459228514
1785290497.5751443,0.0,0.0,0.02317673683166504
1785290497.5987473,0.0,0.0,0.023193023681640626
1785290497.622373,0.0,0.0,0.023193216323852538
1785290497.6460066,0.0,0.0,0.02322172737121582
1785290497.669611,0.0,0.0,0.023191871643066405
1785290497.6932206,0.0,0.0,0.023196352005004882
1785290497.71681,0.0,0.0,0.02317942428588867
1785290497.7404058,0.0,0.0,0.023193151473999023
1785290497.7640092,0.0,0.0,0.02319196891784668
1785290497.7876194,0.0,0.0,0.0231977596282959
1785290497.8112357,0.0,0.0,0.023205055236816406
1785290497.8348358,0.0,0.0,0.023186464309692383
1785290497.8584409,0.0,0.0,0.023181087493896486
1785290497.8821013,0.0,0.0,0.02322220802307129
1785290497.9057267,0.0,0.0,0.023208160400390625
1785290497.9293375,0.0,0.0,0.023199071884155275
1785290497.9529312,0.0,0.0,0.02318396759033203
1785290497.9765418,0.0,0.0,0.023198272705078123
1785290498.0001385,0.0,0.0,0.023181055068969728
1785290498.0237513,0.0,0.0,0.0231977596282959
1785290498.0473554,0.0,0.0,0.02318742370605469
1785290498.0709596,0.0,0.0,0.023197248458862306
1785290498.0945957,0.0,0.0,0.02319740867614746
1785290498.1182172,0.0,0.0,0.023216447830200194
1785290498.1418333,0.0,0.0,0.023193376541137695
1785290498.1654553,0.0,0.0,0.02320476722717285
1785290498.1890674,0.0,0.0,0.023197856903076172
1785290498.2126718,0.0,0.0,0.023190336227416994
1785290498.2362823,0.0,0.0,0.02320457649230957
1785290498.2599082,0.0,0.0,0.0232093448638916
1785290498.2835288,0.0,0.0,0.023212064743041994
1785290498.3071368,0.0,0.0,0.023199968338012696
1785290498.330747,0.0,0.0,0.023194175720214844
1785290498.3543947,0.0,0.0,0.02321567916870117
1785290498.3780463,0.0,0.0,0.023241695404052735
1785290498.401638,0.0,0.0,0.023182016372680664
1785290498.4252381,0.0,0.0,0.023190624237060548
1785290498.4488583,0.0,0.0,0.02321401596069336
1785290498.4724889,0.0,0.0,0.023218656539916994
1785290498.496107,0.0,0.0,0.02320479965209961
1785290498.5197113,0.0,0.0,0.02319808006286621
1785290498.543321,0.0,0.0,0.023198400497436523
1785290498.566918,0.0,0.0,0.023184831619262696
1785290498.5905578,0.0,0.0,0.02320560073852539
1785290498.6141925,0.0,0.0,0.023224447250366213
1785290498.6378253,0.0,0.0,0.023222496032714843
1785290498.6614304,0.0,0.0,0.023196672439575194
1785290498.6850448,0.0,0.0,0.0232076473236084
1785290498.7086716,0.0,0.0,0.0232073917388916
1785290498.7322943,0.0,0.0,0.02321628761291504
1785290498.7558932,0.0,0.0,0.023189311981201173
1785290498.7795281,0.0,0.0,0.02322991943359375
1785290498.8031452,0.0,0.0,0.023211103439331054
1785290498.8267612,0.0,0.0,0.02320185661315918
1785290498.8503885,0.0,0.0,0.023189279556274416
1785290498.8740299,0.0,0.0,0.023229568481445313
1785290498.897636,0.0,0.0,0.023200864791870116
1785290498.9212556,0.0,0.0,0.023205375671386717
1785290498.9448824,0.0,0.0,0.02321718406677246
1785290498.968493,0.0,0.0,0.023199968338012696
1785290498.9920974,0.0,0.0,0.02319455909729004
1785290499.0157094,0.0,0.0,0.023195648193359376
1785290499.0393324,0.0,0.0,0.023203935623168945
1785290499.062953,0.0,0.0,0.023209856033325194
1785290499.086595,0.0,0.0,0.023202655792236328
1785290499.1102216,0.0,0.0,0.023214944839477537
1785290499.1338415,0.0,0.0,0.023200288772583007
1785290499.1574643,0.0,0.0,0.023206975936889647
1785290499.1810741,0.0,0.0,0.023195903778076173
1785290499.204703,0.0,0.0,0.023214656829833983
1785290499.2283263,0.0,0.0,0.023193279266357423
1785290499.2519512,0.0,0.0,0.02321343994140625
1785290499.2755754,0.0,0.0,0.02321526336669922
1785290499.299171,0.0,0.0,0.023182655334472658
1785290499.3227794,0.0,0.0,0.023189504623413085
1785290499.3464093,0.0,0.0,0.023199424743652344
1785290499.3700328,0.0,0.0,0.02320809555053711
1785290499.3936324,0.0,0.0,0.023197887420654296
1785290499.4172347,0.0,0.0,0.02318783950805664
1785290499.4408352,0.0,0.0,0.02319011116027832
1785290499.4644477,0.0,0.0,0.023196128845214842
1785290499.4880702,0.0,0.0,0.023210016250610352
1785290499.5116644,0.0,0.0,0.02318832015991211
1785290499.535271,0.0,0.0,0.023192319869995117
1785290499.5588584,0.0,0.0,0.0231759033203125
1785290499.5825052,0.0,0.0,0.02319913673400879
1785290499.606126,0.0,0.0,0.023214208602905274
1785290499.6297364,0.0,0.0,0.02319024085998535
1785290499.653335,0.0,0.0,0.02318713569641113
1785290499.6769516,0.0,0.0,0.023208639144897462
1785290499.7005532,0.0,0.0,0.02318614387512207
1785290499.7241464,0.0,0.0,0.02318476867675781
1785290499.7477407,0.0,0.0,0.023180543899536134
1785290499.7713344,0.0,0.0,0.023184511184692384
1785290499.7949462,0.0,0.0,0.023197280883789063
1785290499.8185935,0.0,0.0,0.02321567916870117
1785290499.8422196,0.0,0.0,0.023215488433837892
1785290499.865846,0.0,0.0,0.023216127395629883
1785290499.889456,0.0,0.0,0.0232011833190918
1785290499.913071,0.0,0.0,0.02319833564758301
1785290499.9366846,0.0,0.0,0.02320364761352539
1785290499.9603016,0.0,0.0,0.0232073917388916
1785290499.9838917,0.0,0.0,0.02318838310241699
1785290500.0075293,0.0,0.0,0.023231456756591797
1785290500.031149,0.0,0.0,0.023201887130737304
1785290500.054789,0.0,0.0,0.023223199844360352
1785290500.0784197,0.0,0.0,0.023194143295288086
1785290500.102053,0.0,0.0,0.0232193603515625
1785290500.1256895,0.0,0.0,0.023227584838867187
1785290500.1493115,0.0,0.0,0.023197568893432618
1785290500.1729293,0.0,0.0,0.02320796775817871
1785290500.196533,0.0,0.0,0.02319068717956543
1785290500.2201374,0.0,0.0,0.023195903778076173
1785290500.2437444,0.0,0.0,0.023194816589355467
1785290500.2673724,0.0,0.0,0.023220159530639647
1785290500.290999,0.0,0.0,0.02321731185913086
1785290500.3146288,0.0,0.0,0.023197504043579103
1785290500.3382876,0.0,0.0,0.023250688552856447
1785290500.3618968,0.0,0.0,0.023193056106567383
1785290500.385505,0.0,0.0,0.023191648483276366
1785290500.4091172,0.0,0.0,0.023200416564941408
1785290500.4327147,0.0,0.0,0.023185184478759766
1785290500.4563248,0.0,0.0,0.023200704574584962
1785290500.4799356,0.0,0.0,0.023200128555297853
1785290500.5035343,0.0,0.0,0.02319276809692383
1785290500.5271485,0.0,0.0,0.023191776275634766
1785290500.5507603,0.0,0.0,0.02319875144958496
1785290500.5744073,0.0,0.0,0.023213024139404296
1785290500.5980349,0.0,0.0,0.02321971130371094
1785290500.6216466,0.0,0.0,0.023204160690307618
1785290500.6452625,0.0,0.0,0.023202783584594728
1785290500.6688714,0.0,0.0,0.023201311111450195
1785290500.6924887,0.0,0.0,0.023206464767456053
1785290500.7160833,0.0,0.0,0.023188032150268555
1785290500.739691,0.0,0.0,0.02318943977355957
1785290500.7633097,0.0,0.0,0.023203744888305664
1785290500.7869093,0.0,0.0,0.023186431884765626
1785290500.810564,0.0,0.0,0.023197919845581054
1785290500.8341885,0.0,0.0,0.023212064743041994
1785290500.8578165,0.0,0.0,0.02321027183532715
1785290500.881404,0.0,0.0,0.02318179130554199
1785290500.9049985,0.0,0.0,0.02318070411682129
1785290500.9285896,0.0,0.0,0.02318492889404297
1785290500.9521863,0.0,0.0,0.02318713569641113
1785290500.9757934,0.0,0.0,0.023193279266357423
1785290500.9994154,0.0,0.0,0.023213056564331053
1785290501.023025,0.0,0.0,0.023191904067993162
1785290501.0466604,0.0,0.0,0.0232007999420166
1785290501.070294,0.0,0.0,0.023219455718994142
1785290501.0939167,0.0,0.0,0.023217824935913085
1785290501.1175113,0.0,0.0,0.023187231063842774
1785290501.1411185,0.0,0.0,0.023187328338623046
1785290501.16474,0.0,0.0,0.023205759048461914
1785290501.188342,0.0,0.0,0.02318623924255371
1785290501.2119408,0.0,0.0,0.02319254493713379
1785290501.235548,0.0,0.0,0.023192800521850587
1785290501.2591867,0.0,0.0,0.023213151931762696
1785290501.2828434,0.0,0.0,0.023218271255493163
1785290501.3064914,0.0,0.0,0.023190975189208984
1785290501.3301494,0.0,0.0,0.023234720230102538
1785290501.3537822,0.0,0.0,0.02319699287414551
1785290501.377394,0.0,0.0,0.023193216323852538
1785290501.4010055,0.0,0.0,0.023191200256347657
1785290501.424601,0.0,0.0,0.023178239822387696
1785290501.4482222,0.0,0.0,0.02320672035217285
1785290501.4718783,0.0,0.0,0.023227935791015626
1785290501.495526,0.0,0.0,0.023230495452880858
1785290501.5191464,0.0,0.0,0.023201663970947264
1785290501.5427616,0.0,0.0,0.023196352005004882
1785290501.5664096,0.0,0.0,0.02320649528503418
1785290501.5900211,0.0,0.0,0.023204896926879885
1785290501.6136296,0.0,0.0,0.023201631546020507
1785290501.6372447,0.0,0.0,0.023197599411010742
1785290501.6608531,0.0,0.0,0.02320515251159668
1785290501.6844678,0.0,0.0,0.02320038414001465
1785290501.7080886,0.0,0.0,0.02321251106262207
1785290501.7317123,0.0,0.0,0.023207103729248047
1785290501.755311,0.0,0.0,0.02318956756591797
1785290501.7789536,0.0,0.0,0.02322915267944336
1785290501.802609,0.0,0.0,0.023211423873901366
1785290501.8262393,0.0,0.0,0.02323088073730469
1785290501.8498607,0.0,0.0,0.023206687927246093
1785290501.8734398,0.0,0.0,0.023178272247314453
1785290501.8970387,0.0,0.0,0.02319308853149414
1785290501.9206488,0.0,0.0,0.02319820785522461
1785290501.9442637,0.0,0.0,0.023210847854614258
1785290501.9678843,0.0,0.0,0.023209951400756837
1785290501.9915287,0.0,0.0,0.023234912872314453
1785290502.0151324,0.0,0.0,0.023177152633666993
1785290502.0387414,0.0,0.0,0.023200063705444335
1785290502.0623832,0.0,0.0,0.023208127975463868
1785290502.0860102,0.0,0.0,0.023221536636352538
1785290502.1096313,0.0,0.0,0.023206207275390626
1785290502.1332817,0.0,0.0,0.023211551666259767
1785290502.1569026,0.0,0.0,0.023202880859375
1785290502.180545,0.0,0.0,0.023206975936889647
1785290502.2041748,0.0,0.0,0.023213504791259765
1785290502.2278085,0.0,0.0,0.023215072631835938
1785290502.251419,0.0,0.0,0.023200992584228516
1785290502.2750425,0.0,0.0,0.023209920883178713
1785290502.2987168,0.0,0.0,0.023215295791625977
1785290502.3223674,0.0,0.0,0.02321014404296875
1785290502.3460093,0.0,0.0,0.023229631423950195
1785290502.3696325,0.0,0.0,0.023210880279541015
1785290502.393252,0.0,0.0,0.023204032897949218
1785290502.416858,0.0,0.0,0.02320083236694336
1785290502.4404774,0.0,0.0,0.0232061767578125
1785290502.464103,0.0,0.0,0.02321023941040039
1785290502.4877214,0.0,0.0,0.023201215744018556
1785290502.5113564,0.0,0.0,0.023216768264770506
1785290502.5349712,0.0,0.0,0.023203744888305664
1785290502.5586276,0.0,0.0,0.02321721649169922
1785290502.5823047,0.0,0.0,0.023249504089355468
1785290502.6059253,0.0,0.0,0.02319945526123047
1785290502.6295426,0.0,0.0,0.023200128555297853
1785290502.6531544,0.0,0.0,0.023207103729248047
1785290502.6767619,0.0,0.0,0.02319372749328613
1785290502.70038,0.0,0.0,0.023208000183105468
1785290502.7240043,0.0,0.0,0.02321219253540039
1785290502.7476273,0.0,0.0,0.02321449661254883
1785290502.771269,0.0,0.0,0.023228191375732423
1785290502.7949054,0.0,0.0,0.023220800399780275
1785290502.8185368,0.0,0.0,0.023203168869018555
1785290502.842193,0.0,0.0,0.023240671157836915
1785290502.8658113,0.0,0.0,0.023208000183105468
1785290502.8894305,0.0,0.0,0.023204639434814454
1785290502.9130287,0.0,0.0,0.02319055938720703
1785290502.9366539,0.0,0.0,0.023214399337768556
1785290502.9602795,0.0,0.0,0.02319398307800293
1785290502.983912,0.0,0.0,0.02321561622619629
1785290503.0075357,0.0,0.0,0.02320755195617676
1785290503.0311615,0.0,0.0,0.02321075248718262
1785290503.0547876,0.0,0.0,0.02321171188354492
1785290503.07842,0.0,0.0,0.023197183609008788
1785290503.1020482,0.0,0.0,0.023215103149414062
1785290503.1256878,0.0,0.0,0.023221536636352538
1785290503.1493468,0.0,0.0,0.023214271545410156
1785290503.1729975,0.0,0.0,0.02320911979675293
1785290503.196598,0.0,0.0,0.023187551498413086
1785290503.2202282,0.0,0.0,0.023215904235839843
1785290503.2438204,0.0,0.0,0.02318191909790039
1785290503.267435,0.0,0.0,0.023205759048461914
1785290503.291037,0.0,0.0,0.02318345642089844
1785290503.3146749,0.0,0.0,0.023208576202392577
1785290503.3383045,0.0,0.0,0.023211744308471678
1785290503.3618996,0.0,0.0,0.02318783950805664
1785290503.385509,0.0,0.0,0.023196352005004882
1785290503.4091244,0.0,0.0,0.023201408386230468
1785290503.4327195,0.0,0.0,0.023189088821411134
1785290503.456321,0.0,0.0,0.02319286346435547
1785290503.4799213,0.0,0.0,0.023189855575561524
1785290503.5035396,0.0,0.0,0.023203008651733397
1785290503.5271323,0.0,0.0,0.023182943344116212
1785290503.5507383,0.0,0.0,0.02319308853149414
1785290503.5743682,0.0,0.0,0.023202816009521485
1785290503.5980027,0.0,0.0,0.02322172737121582
1785290503.6216104,0.0,0.0,0.023194656372070313
1785290503.6452289,0.0,0.0,0.023209407806396486
1785290503.6689184,0.0,0.0,0.023202463150024413
1785290503.692534,0.0,0.0,0.023196191787719728
1785290503.716161,0.0,0.0,0.023207456588745116
1785290503.7398126,0.0,0.0,0.02321696090698242
1785290503.7634375,0.0,0.0,0.02320908737182617
1785290503.787054,0.0,0.0,0.02320089530944824
1785290503.810712,0.0,0.0,0.02320604705810547
1785290503.8343916,0.0,0.0,0.023242944717407225
1785290503.858015,0.0,0.0,0.023210432052612303
1785290503.8816435,0.0,0.0,0.023214624404907225
1785290503.905253,0.0,0.0,0.02319875144958496
1785290503.9289072,0.0,0.0,0.023218143463134767
1785290503.95254,0.0,0.0,0.02321958351135254
1785290503.9761658,0.0,0.0,0.023217248916625976
1785290503.999797,0.0,0.0,0.023216384887695313
1785290504.0234118,0.0,0.0,0.02321455955505371
1785290504.0470183,0.0,0.0,0.0231876163482666
1785290504.070658,0.0,0.0,0.02320969581604004
1785290504.0942936,0.0,0.0,0.023233280181884766
1785290504.1179256,0.0,0.0,0.023219295501708984
1785290504.1415882,0.0,0.0,0.023226560592651366
1785290504.1652472,0.0,0.0,0.02322243118286133
1785290504.188856,0.0,0.0,0.0231889591217041
1785290504.2124698,0.0,0.0,0.023195711135864258
1785290504.2360868,0.0,0.0,0.02320515251159668
1785290504.2597148,0.0,0.0,0.023220544815063478
1785290504.2833388,0.0,0.0,0.02321075248718262
1785290504.3069568,0.0,0.0,0.02320809555053711
1785290504.3306038,0.0,0.0,0.023198720932006835
1785290504.3542476,0.0,0.0,0.02324163246154785
1785290504.3778422,0.0,0.0,0.023178752899169923
1785290504.4014688,0.0,0.0,0.02321561622619629
1785290504.4250848,0.0,0.0,0.023207103729248047
1785290504.4487026,0.0,0.0,0.023206880569458008
1785290504.4723117,0.0,0.0,0.023200223922729492
1785290504.495936,0.0,0.0,0.023210655212402342
1785290504.519539,0.0,0.0,0.023195232391357422
1785290504.5431516,0.0,0.0,0.023202016830444337
1785290504.5667863,0.0,0.0,0.023207296371459962
1785290504.5904462,0.0,0.0,0.023220991134643553
1785290504.6140838,0.0,0.0,0.023225984573364257
1785290504.6377106,0.0,0.0,0.023216415405273437
1785290504.6613293,0.0,0.0,0.023207199096679686
1785290504.6849332,0.0,0.0,0.023199647903442384
1785290504.7085361,0.0,0.0,0.023192384719848632
1785290504.7321656,0.0,0.0,0.023221120834350586
1785290504.755797,0.0,0.0,0.02321673583984375
1785290504.7794166,0.0,0.0,0.023202911376953125
1785290504.8030436,0.0,0.0,0.023218399047851564
1785290504.8267093,0.0,0.0,0.023210975646972658
1785290504.8503582,0.0,0.0,0.023208703994750977
1785290504.8739984,0.0,0.0,0.023223136901855467
1785290504.897623,0.0,0.0,0.023209920883178713
1785290504.9212832,0.0,0.0,0.0232491512298584
1785290504.9448802,0.0,0.0,0.023190176010131836
1785290504.9685023,0.0,0.0,0.023209535598754882
1785290504.9921265,0.0,0.0,0.023211135864257812
1785290505.0157268,0.0,0.0,0.023192096710205078
1785290505.0393565,0.0,0.0,0.023218015670776367
1785290505.0629869,0.0,0.0,0.023211744308471678
1785290505.0866473,0.0,0.0,0.023224639892578124
1785290505.1103156,0.0,0.0,0.023254144668579103
1785290505.133966,0.0,0.0,0.02323321533203125
1785290505.1576197,0.0,0.0,0.023232576370239257
1785290505.181258,0.0,0.0,0.023201887130737304
1785290505.2048936,0.0,0.0,0.0232106876373291
1785290505.228526,0.0,0.0,0.023216064453125
1785290505.252191,0.0,0.0,0.023256128311157226
1785290505.27581,0.0,0.0,0.023208127975463868
1785290505.2994406,0.0,0.0,0.023219263076782227
1785290505.3230445,0.0,0.0,0.023189504623413085
1785290505.3466966,0.0,0.0,0.02322060775756836
1785290505.370338,0.0,0.0,0.023202911376953125
1785290505.3939543,0.0,0.0,0.023206623077392578
1785290505.417864,0.0,0.0,0.023495296478271484
1785290505.4414835,0.0,0.0,0.02320560073852539
1785290505.4651115,0.0,0.0,0.023215839385986328
1785290505.4887404,0.0,0.0,0.023208480834960937
1785290505.5123549,0.0,0.0,0.02320524787902832
1785290505.5359778,0.0,0.0,0.023206335067749023
1785290505.5596082,0.0,0.0,0.023224767684936524
1785290505.5836456,0.0,0.0,0.023628032684326172
1785290505.6072662,0.0,0.0,0.023202239990234377
1785290505.6308773,0.0,0.0,0.02319968032836914
1785290505.654524,0.0,0.0,0.02320844841003418
1785290505.6781926,0.0,0.0,0.023255552291870117
1785290505.7018087,0.0,0.0,0.023204095840454103
1785290505.7254324,0.0,0.0,0.023205984115600587
1785290505.7494857,0.0,0.0,0.023642656326293945
1785290505.7731037,0.0,0.0,0.023206432342529296
1785290505.7967172,0.0,0.0,0.023203840255737306
1785290505.820336,0.0,0.0,0.023203968048095703
1785290505.8439388,0.0,0.0,0.023198368072509766
1785290505.8675554,0.0,0.0,0.0232042236328125
1785290505.8911572,0.0,0.0,0.02319148826599121
1785290505.915326,0.0,0.0,0.02375859260559082
1785290505.9389598,0.0,0.0,0.02321299171447754
1785290505.9626067,0.0,0.0,0.02321308708190918
1785290505.9862506,0.0,0.0,0.023231935501098634
1785290506.0098608,0.0,0.0,0.0232007999420166
1785290506.033484,0.0,0.0,0.023202463150024413
1785290506.0574865,0.0,0.0,0.02322524833679199
1785290506.08112,0.0,0.0,0.023202880859375
1785290506.1047342,0.0,0.0,0.023211263656616212
1785290506.1283405,0.0,0.0,0.023197599411010742
1785290506.1519706,0.0,0.0,0.02321343994140625
1785290506.1756232,0.0,0.0,0.023226112365722657
1785290506.1992786,0.0,0.0,0.023207103729248047
1785290506.2229497,0.0,0.0,0.0232457275390625
1785290506.2465982,0.0,0.0,0.023201568603515625
1785290506.270235,0.0,0.0,0.02322364807128906
1785290506.2938602,0.0,0.0,0.023216415405273437
1785290506.3174555,0.0,0.0,0.023182111740112303
1785290506.3410785,0.0,0.0,0.02321686363220215
1785290506.3647053,0.0,0.0,0.023207616806030274
1785290506.3888254,0.0,0.0,0.023694112777709962
1785290506.4124277,0.0,0.0,0.02317958450317383
1785290506.436065,0.0,0.0,0.02321990394592285
1785290506.4596975,0.0,0.0,0.023225311279296876
1785290506.483342,0.0,0.0,0.023222015380859374
1785290506.5069711,0.0,0.0,0.023215776443481446
1785290506.5306315,0.0,0.0,0.023222944259643555
1785290506.5542874,0.0,0.0,0.023227039337158202
1785290506.5779257,0.0,0.0,0.023215711593627928
1785290506.6015513,0.0,0.0,0.023211967468261718
1785290506.625155,0.0,0.0,0.0231943359375
1785290506.6487772,0.0,0.0,0.02320412826538086
1785290506.6723988,0.0,0.0,0.023220256805419923
