time,in_time,out_time,inference_time
1785290090.7070546,0.0,0.0,0.002109951972961426
1785290090.709586,0.0,0.0,0.002110080003738403
1785290090.7121065,0.0,0.0,0.0021380159854888915
1785290090.714606,0.0,0.0,0.0021199998855590822
1785290090.717106,0.0,0.0,0.002117120027542114
1785290090.7196405,0.0,0.0,0.002130176067352295
1785290090.7221277,0.0,0.0,0.0021029760837554933
1785290090.7246451,0.0,0.0,0.00213702392578125
1785290090.7271857,0.0,0.0,0.0021531200408935547
1785290090.7296886,0.0,0.0,0.0021133439540863036
1785290090.7322273,0.0,0.0,0.0021489601135253906
1785290090.7347348,0.0,0.0,0.00212227201461792
1785290090.7372715,0.0,0.0,0.002136512041091919
1785290090.739822,0.0,0.0,0.0021669440269470215
1785290090.7423584,0.0,0.0,0.002143455982208252
1785290090.7449331,0.0,0.0,0.0021909120082855226
1785290090.7489007,0.0,0.0,0.003570080041885376
1785290090.7515159,0.0,0.0,0.0022128000259399416
1785290090.754057,0.0,0.0,0.0021510720252990723
1785290090.7566142,0.0,0.0,0.0021687679290771484
1785290090.7591798,0.0,0.0,0.002175296068191528
1785290090.7617707,0.0,0.0,0.002200704097747803
1785290090.7643428,0.0,0.0,0.0021780800819396974
1785290090.7668803,0.0,0.0,0.0021436800956726072
1785290090.7694314,0.0,0.0,0.0021431360244750976
1785290090.7719624,0.0,0.0,0.0021437439918518065
1785290090.77447,0.0,0.0,0.002125024080276489
1785290090.777049,0.0,0.0,0.0022001280784606932
1785290090.7796412,0.0,0.0,0.002212863922119141
1785290090.7821548,0.0,0.0,0.002130944013595581
1785290090.8664806,0.0,0.0,0.08393539428710937
1785290090.869451,0.0,0.0,0.0024940800666809083
1785290090.8721383,0.0,0.0,0.0022956480979919435
1785290090.8747904,0.0,0.0,0.0022514879703521727
1785290090.8776207,0.0,0.0,0.0024164800643920897
1785290090.8802714,0.0,0.0,0.0022607040405273437
1785290090.8828597,0.0,0.0,0.0021930880546569822
1785290090.8855255,0.0,0.0,0.0022418880462646484
1785290090.8881326,0.0,0.0,0.002215872049331665
1785290090.8907592,0.0,0.0,0.0022448320388793945
1785290090.8938212,0.0,0.0,0.002646496057510376
1785290090.8966334,0.0,0.0,0.00241756796836853
1785290090.8994677,0.0,0.0,0.0024382719993591307
1785290090.9022384,0.0,0.0,0.0023775360584259034
1785290090.905018,0.0,0.0,0.0023860158920288085
1785290090.9078128,0.0,0.0,0.002405375957489014
1785290090.910555,0.0,0.0,0.002344928026199341
1785290090.914223,0.0,0.0,0.0032817599773406984
1785290090.9170206,0.0,0.0,0.0023958079814910887
1785290090.9197989,0.0,0.0,0.00238700795173645
1785290090.9225056,0.0,0.0,0.002317791938781738
1785290090.9253082,0.0,0.0,0.0024106559753417967
1785290090.9280941,0.0,0.0,0.0023941121101379395
1785290090.930897,0.0,0.0,0.0023898561000823973
1785290090.933663,0.0,0.0,0.0023459839820861817
1785290090.9365175,0.0,0.0,0.0024640960693359374
1785290090.9393065,0.0,0.0,0.0023982720375061036
1785290090.942057,0.0,0.0,0.0023564798831939696
1785290090.9448092,0.0,0.0,0.0023578879833221437
1785290090.94755,0.0,0.0,0.0023513920307159423
1785290090.9502988,0.0,0.0,0.0023557438850402832
1785290090.953084,0.0,0.0,0.0024002559185028077
1785290090.9558544,0.0,0.0,0.002381119966506958
1785290090.9585636,0.0,0.0,0.00231875205039978
1785290090.9613025,0.0,0.0,0.002353312015533447
1785290090.9640136,0.0,0.0,0.0023205440044403074
1785290090.9667692,0.0,0.0,0.0023610880374908445
1785290090.9701965,0.0,0.0,0.003017184019088745
1785290090.9729664,0.0,0.0,0.002377311944961548
1785290090.9757082,0.0,0.0,0.0023506240844726562
1785290090.9784477,0.0,0.0,0.00234716796875
1785290090.9812348,0.0,0.0,0.0023930881023406982
1785290090.9839895,0.0,0.0,0.002356735944747925
1785290090.986697,0.0,0.0,0.002314271926879883
1785290090.9894776,0.0,0.0,0.0023867199420928957
1785290090.992258,0.0,0.0,0.0023925759792327883
1785290090.9949977,0.0,0.0,0.0023444159030914305
1785290090.9977481,0.0,0.0,0.002333440065383911
1785290091.0005007,0.0,0.0,0.002361759901046753
1785290091.0032332,0.0,0.0,0.0023439040184020997
1785290091.0059736,0.0,0.0,0.0023461759090423586
1785290091.00868,0.0,0.0,0.002317471981048584
1785290091.0114124,0.0,0.0,0.0023457601070404053
1785290091.0141494,0.0,0.0,0.0023482561111450194
1785290091.0168889,0.0,0.0,0.0023510398864746095
1785290091.0196457,0.0,0.0,0.0023678081035614015
1785290091.0229754,0.0,0.0,0.0023598079681396485
1785290091.0257514,0.0,0.0,0.002176448106765747
1785290091.0285122,0.0,0.0,0.002368607997894287
1785290091.0312588,0.0,0.0,0.002361599922180176
1785290091.0339513,0.0,0.0,0.0022983040809631348
1785290091.036717,0.0,0.0,0.0023816959857940675
1785290091.039444,0.0,0.0,0.0023399999141693116
1785290091.0421484,0.0,0.0,0.0023102080821990967
1785290091.0448635,0.0,0.0,0.0023254399299621584
1785290091.0475926,0.0,0.0,0.002340543985366821
1785290091.050307,0.0,0.0,0.002321631908416748
1785290091.0530422,0.0,0.0,0.0023398079872131348
1785290091.055789,0.0,0.0,0.002355295896530151
1785290091.0585232,0.0,0.0,0.0023476479053497314
1785290091.0612829,0.0,0.0,0.002367392063140869
1785290091.0640182,0.0,0.0,0.002343008041381836
1785290091.066731,0.0,0.0,0.0023209919929504394
1785290091.0694792,0.0,0.0,0.002337183952331543
1785290091.0722349,0.0,0.0,0.0023637120723724366
1785290091.0749538,0.0,0.0,0.0023307840824127197
1785290091.0782557,0.0,0.0,0.0028876159191131593
1785290091.0810022,0.0,0.0,0.0023447999954223633
1785290091.0837474,0.0,0.0,0.0023524799346923827
1785290091.0864491,0.0,0.0,0.002305408000946045
1785290091.0892,0.0,0.0,0.0023596479892730713
1785290091.091943,0.0,0.0,0.0023518080711364747
1785290091.0946336,0.0,0.0,0.002300384044647217
1785290091.097381,0.0,0.0,0.0023638401031494142
1785290091.1001053,0.0,0.0,0.002332736015319824
1785290091.1028416,0.0,0.0,0.0023459839820861817
1785290091.1055925,0.0,0.0,0.0023401920795440676
1785290091.1083624,0.0,0.0,0.0023745920658111573
1785290091.1110744,0.0,0.0,0.0023195199966430666
1785290091.1138089,0.0,0.0,0.0023236479759216307
1785290091.1165974,0.0,0.0,0.0024016640186309813
1785290091.1193252,0.0,0.0,0.0023372480869293215
1785290091.1220322,0.0,0.0,0.002321216106414795
1785290091.1247838,0.0,0.0,0.002362720012664795
1785290091.127493,0.0,0.0,0.0023202240467071534
1785290091.1302216,0.0,0.0,0.0023375680446624755
1785290091.1335516,0.0,0.0,0.0029422719478607176
1785290091.1363344,0.0,0.0,0.0023793280124664307
1785290091.1390603,0.0,0.0,0.002338655948638916
1785290091.1418257,0.0,0.0,0.00234169602394104
1785290091.1445744,0.0,0.0,0.002364736080169678
1785290091.147336,0.0,0.0,0.0023659200668334963
1785290091.150084,0.0,0.0,0.0023522560596466063
1785290091.152833,0.0,0.0,0.002358815908432007
1785290091.1555743,0.0,0.0,0.002357599973678589
1785290091.158323,0.0,0.0,0.0023541440963745115
1785290091.1610656,0.0,0.0,0.0023499839305877687
1785290091.163818,0.0,0.0,0.0023603839874267577
1785290091.1665347,0.0,0.0,0.0023238720893859863
1785290091.169295,0.0,0.0,0.0023727679252624513
1785290091.1720276,0.0,0.0,0.002340127944946289
1785290091.1747274,0.0,0.0,0.002309407949447632
1785290091.1774752,0.0,0.0,0.002340127944946289
1785290091.180226,0.0,0.0,0.0023524799346923827
1785290091.1829555,0.0,0.0,0.002341023921966553
1785290091.1857092,0.0,0.0,0.0023362879753112795
1785290091.1890583,0.0,0.0,0.0029568960666656492
1785290091.1918213,0.0,0.0,0.002367136001586914
1785290091.1945193,0.0,0.0,0.0023084800243377687
1785290091.1972923,0.0,0.0,0.002378175973892212
1785290091.2000277,0.0,0.0,0.00234499192237854
1785290091.2027366,0.0,0.0,0.0023201279640197754
1785290091.2054749,0.0,0.0,0.0023267838954925536
1785290091.2082067,0.0,0.0,0.002342848062515259
1785290091.2109294,0.0,0.0,0.0023305919170379637
1785290091.213653,0.0,0.0,0.0023154559135437013
1785290091.2163737,0.0,0.0,0.0023348801136016846
1785290091.2191217,0.0,0.0,0.0023395841121673583
1785290091.2218337,0.0,0.0,0.0023100159168243407
1785290091.2245734,0.0,0.0,0.0023452799320220945
1785290091.2273343,0.0,0.0,0.002369920015335083
1785290091.2300463,0.0,0.0,0.0023196480274200438
1785290091.2327743,0.0,0.0,0.0023413760662078856
1785290091.2354865,0.0,0.0,0.002321631908416748
1785290091.2381783,0.0,0.0,0.002299168109893799
1785290091.2408807,0.0,0.0,0.0023153278827667237
1785290091.244216,0.0,0.0,0.002945472002029419
1785290091.2469628,0.0,0.0,0.0023472959995269774
1785290091.249718,0.0,0.0,0.0023400959968566896
1785290091.252457,0.0,0.0,0.002352544069290161
1785290091.2552464,0.0,0.0,0.0023979840278625488
1785290091.2579787,0.0,0.0,0.0023386240005493163
1785290091.260716,0.0,0.0,0.002343264102935791
1785290091.2634468,0.0,0.0,0.0023400959968566896
1785290091.2661426,0.0,0.0,0.002305919885635376
1785290091.2688673,0.0,0.0,0.00233625602722168
1785290091.2715623,0.0,0.0,0.002310944080352783
1785290091.274246,0.0,0.0,0.0022913599014282226
1785290091.2769988,0.0,0.0,0.0023641281127929686
1785290091.2797334,0.0,0.0,0.0023380799293518067
1785290091.282441,0.0,0.0,0.0023211519718170166
1785290091.2851877,0.0,0.0,0.0023563199043273924
1785290091.2879324,0.0,0.0,0.0023540799617767336
1785290091.290621,0.0,0.0,0.0023009920120239257
1785290091.2933536,0.0,0.0,0.00234332799911499
1785290091.296084,0.0,0.0,0.0023419198989868164
1785290091.2993515,0.0,0.0,0.002875744104385376
1785290091.3020804,0.0,0.0,0.0023319039344787598
1785290091.3048239,0.0,0.0,0.002353663921356201
1785290091.3075695,0.0,0.0,0.002347615957260132
1785290091.3102553,0.0,0.0,0.002295583963394165
1785290091.3129888,0.0,0.0,0.0023503038883209227
1785290091.3157182,0.0,0.0,0.002339967966079712
1785290091.3184097,0.0,0.0,0.0023101119995117187
1785290091.321158,0.0,0.0,0.0023544960021972656
1785290091.3239038,0.0,0.0,0.0023520638942718507
1785290091.326623,0.0,0.0,0.0023309760093688965
1785290091.3293507,0.0,0.0,0.0023368639945983887
1785290091.3320687,0.0,0.0,0.0023303999900817873
1785290091.3347704,0.0,0.0,0.0023148159980773924
1785290091.3375065,0.0,0.0,0.002329535961151123
1785290091.3402717,0.0,0.0,0.00237280011177063
1785290091.342975,0.0,0.0,0.002312959909439087
1785290091.3456872,0.0,0.0,0.0023002560138702392
1785290091.3484428,0.0,0.0,0.0023665599822998047
1785290091.3511758,0.0,0.0,0.002334752082824707
1785290091.3544326,0.0,0.0,0.0028517439365386963
1785290091.3572197,0.0,0.0,0.002389375925064087
1785290091.359959,0.0,0.0,0.0023543040752410887
1785290091.3626475,0.0,0.0,0.0023022398948669433
1785290091.365384,0.0,0.0,0.0023431680202484133
1785290091.3681235,0.0,0.0,0.002350048065185547
1785290091.3708274,0.0,0.0,0.0023137600421905516
1785290091.373558,0.0,0.0,0.0023178238868713378
1785290091.3762949,0.0,0.0,0.002342272043228149
1785290091.3789992,0.0,0.0,0.002315903902053833
1785290091.3817544,0.0,0.0,0.0023438079357147217
1785290091.3845122,0.0,0.0,0.002367840051651001
1785290091.3872428,0.0,0.0,0.0023438079357147217
1785290091.3899832,0.0,0.0,0.002349792003631592
1785290091.3927054,0.0,0.0,0.002332223892211914
1785290091.395441,0.0,0.0,0.002346719980239868
1785290091.3981583,0.0,0.0,0.0023235199451446535
1785290091.4009323,0.0,0.0,0.0023765759468078614
1785290091.4036915,0.0,0.0,0.002367647886276245
1785290091.4064093,0.0,0.0,0.002322848081588745
1785290091.4099016,0.0,0.0,0.003099008083343506
1785290091.4126859,0.0,0.0,0.002387392044067383
1785290091.4154224,0.0,0.0,0.0023480958938598634
1785290091.4180913,0.0,0.0,0.0022753920555114745
1785290091.4208486,0.0,0.0,0.002367487907409668
1785290091.423597,0.0,0.0,0.002356895923614502
1785290091.426322,0.0,0.0,0.002332672119140625
1785290091.4290528,0.0,0.0,0.0023383998870849607
1785290091.4318256,0.0,0.0,0.0023816959857940675
1785290091.4345474,0.0,0.0,0.0023303680419921877
1785290091.437292,0.0,0.0,0.002354624032974243
1785290091.4400282,0.0,0.0,0.002341120004653931
1785290091.4427783,0.0,0.0,0.0023570239543914797
1785290091.4455464,0.0,0.0,0.002349695920944214
1785290091.448298,0.0,0.0,0.0023662400245666503
1785290091.451021,0.0,0.0,0.0023347840309143066
1785290091.4537895,0.0,0.0,0.0023353919982910154
1785290091.4564977,0.0,0.0,0.0023184640407562258
1785290091.4592342,0.0,0.0,0.00234934401512146
1785290091.4619372,0.0,0.0,0.002313983917236328
1785290091.464848,0.0,0.0,0.0025247039794921875
1785290091.4676077,0.0,0.0,0.002364543914794922
1785290091.4703286,0.0,0.0,0.002323712110519409
1785290091.473062,0.0,0.0,0.002346816062927246
1785290091.475789,0.0,0.0,0.0023389439582824707
1785290091.4785132,0.0,0.0,0.0023328959941864014
1785290091.4812958,0.0,0.0,0.002390496015548706
1785290091.4840295,0.0,0.0,0.0023453760147094725
1785290091.4867249,0.0,0.0,0.0022992000579833984
1785290091.4894807,0.0,0.0,0.0023714559078216553
1785290091.4922125,0.0,0.0,0.0023445758819580077
1785290091.494935,0.0,0.0,0.002331295967102051
1785290091.4977229,0.0,0.0,0.0023748159408569338
1785290091.500459,0.0,0.0,0.0023427200317382812
1785290091.5032103,0.0,0.0,0.0023599998950958254
1785290091.5059247,0.0,0.0,0.0023217599391937255
1785290091.5086792,0.0,0.0,0.002363775968551636
1785290091.5114112,0.0,0.0,0.0023415679931640624
1785290091.5141315,0.0,0.0,0.00232425594329834
1785290091.5168743,0.0,0.0,0.002348896026611328
1785290091.520331,0.0,0.0,0.0030674240589141847
1785290091.5230665,0.0,0.0,0.0023348801136016846
1785290091.5258055,0.0,0.0,0.0023296000957489012
1785290091.5285587,0.0,0.0,0.0023522241115570067
1785290091.531312,0.0,0.0,0.0023606081008911133
1785290091.5340307,0.0,0.0,0.002326751947402954
1785290091.5367439,0.0,0.0,0.0023242878913879396
1785290091.5394926,0.0,0.0,0.0023660480976104735
1785290091.5422227,0.0,0.0,0.0023422400951385496
1785290091.5449839,0.0,0.0,0.002365760087966919
1785290091.547709,0.0,0.0,0.0023311679363250733
1785290091.5504165,0.0,0.0,0.002314271926879883
1785290091.5531707,0.0,0.0,0.0023613760471343993
1785290091.5558949,0.0,0.0,0.002334144115447998
1785290091.5586114,0.0,0.0,0.002325279951095581
1785290091.5613654,0.0,0.0,0.0023635520935058594
1785290091.5640786,0.0,0.0,0.002332063913345337
1785290091.5667922,0.0,0.0,0.002325792074203491
1785290091.5695531,0.0,0.0,0.002328768014907837
1785290091.5722716,0.0,0.0,0.0023250560760498047
1785290091.5752733,0.0,0.0,0.00261407995223999
1785290091.5780032,0.0,0.0,0.0023333439826965334
1785290091.5807426,0.0,0.0,0.0023499200344085694
1785290091.5834727,0.0,0.0,0.002337951898574829
1785290091.5861776,0.0,0.0,0.0023104000091552735
1785290091.5889113,0.0,0.0,0.002348992109298706
1785290091.5916433,0.0,0.0,0.002344288110733032
1785290091.594301,0.0,0.0,0.0022626240253448486
1785290091.597063,0.0,0.0,0.00237558388710022
1785290091.5997982,0.0,0.0,0.0023478400707244874
1785290091.6025202,0.0,0.0,0.0023294079303741457
1785290091.605207,0.0,0.0,0.002305408000946045
1785290091.607952,0.0,0.0,0.0023539841175079347
1785290091.6106544,0.0,0.0,0.0023123199939727784
1785290091.6134164,0.0,0.0,0.0023727359771728517
1785290091.6161356,0.0,0.0,0.0023295040130615233
1785290091.61881,0.0,0.0,0.00228931188583374
1785290091.621549,0.0,0.0,0.002327008008956909
1785290091.6242754,0.0,0.0,0.00233788800239563
1785290091.626966,0.0,0.0,0.0023006079196929933
1785290091.6302695,0.0,0.0,0.0028945600986480715
1785290091.6332107,0.0,0.0,0.0025504961013793946
1785290091.6361182,0.0,0.0,0.0024939520359039307
1785290091.638878,0.0,0.0,0.0023646719455718995
1785290091.6416817,0.0,0.0,0.002384255886077881
1785290091.6444635,0.0,0.0,0.0023902719020843506
1785290091.6472573,0.0,0.0,0.0024011199474334717
1785290091.6500082,0.0,0.0,0.0023460159301757814
1785290091.6527658,0.0,0.0,0.002368704080581665
1785290091.655501,0.0,0.0,0.0023499839305877687
1785290091.6582105,0.0,0.0,0.0023143041133880616
1785290091.6609674,0.0,0.0,0.0023646080493927002
1785290091.6637242,0.0,0.0,0.00236844801902771
1785290091.6664464,0.0,0.0,0.0023297278881072997
1785290091.6691985,0.0,0.0,0.0023568000793457032
1785290091.6719058,0.0,0.0,0.0023216960430145262
1785290091.6746588,0.0,0.0,0.002364288091659546
1785290091.6774077,0.0,0.0,0.0023519999980926515
1785290091.6801727,0.0,0.0,0.0023805758953094483
1785290091.6828973,0.0,0.0,0.0023314559459686277
1785290091.6862648,0.0,0.0,0.0029531199932098387
1785290091.6890278,0.0,0.0,0.0023716480731964112
1785290091.6917508,0.0,0.0,0.0023282239437103273
1785290091.69445,0.0,0.0,0.002309119939804077
1785290091.697214,0.0,0.0,0.0023735361099243165
1785290091.6999996,0.0,0.0,0.002390496015548706
1785290091.7027078,0.0,0.0,0.0023171839714050293
1785290091.705459,0.0,0.0,0.0023645119667053223
1785290091.708217,0.0,0.0,0.002366175889968872
1785290091.7109427,0.0,0.0,0.002331775903701782
1785290091.7137032,0.0,0.0,0.00233788800239563
1785290091.7164261,0.0,0.0,0.0023378560543060303
1785290091.719157,0.0,0.0,0.002336927890777588
1785290091.721864,0.0,0.0,0.002314687967300415
1785290091.724588,0.0,0.0,0.0023319358825683594
1785290091.7273421,0.0,0.0,0.002356544017791748
1785290091.7300751,0.0,0.0,0.0023406078815460204
1785290091.7328548,0.0,0.0,0.0023881280422210693
1785290091.7356012,0.0,0.0,0.0023569600582122804
1785290091.7383,0.0,0.0,0.002309567928314209
1785290091.741621,0.0,0.0,0.002931391954421997
1785290091.7443514,0.0,0.0,0.002341279983520508
1785290091.747031,0.0,0.0,0.002290112018585205
1785290091.7497504,0.0,0.0,0.0023115200996398928
1785290091.7524993,0.0,0.0,0.0023605120182037353
1785290091.7552223,0.0,0.0,0.0023314878940582273
1785290091.7579398,0.0,0.0,0.0023229761123657227
1785290091.7606988,0.0,0.0,0.0023547520637512208
1785290091.76343,0.0,0.0,0.0023395841121673583
1785290091.7661285,0.0,0.0,0.0023083200454711915
1785290091.7688851,0.0,0.0,0.0023721280097961425
1785290091.7716162,0.0,0.0,0.002345695972442627
1785290091.7743478,0.0,0.0,0.0023383040428161623
1785290091.7770882,0.0,0.0,0.0023505918979644775
1785290091.7798123,0.0,0.0,0.0023369920253753663
1785290091.7825277,0.0,0.0,0.0023264958858489992
1785290091.7852716,0.0,0.0,0.0023524160385131835
1785290091.7879765,0.0,0.0,0.002317408084869385
1785290091.7906787,0.0,0.0,0.0023212800025939942
1785290091.7934077,0.0,0.0,0.0023430399894714357
1785290091.796737,0.0,0.0,0.0029359040260314943
1785290091.7994998,0.0,0.0,0.0023697919845581056
1785290091.8022292,0.0,0.0,0.0023333439826965334
1785290091.8050182,0.0,0.0,0.0023966081142425535
1785290091.8077576,0.0,0.0,0.002348288059234619
1785290091.8104913,0.0,0.0,0.002338752031326294
1785290091.8132362,0.0,0.0,0.0023516159057617187
1785290091.8159661,0.0,0.0,0.0023411519527435304
1785290091.8186812,0.0,0.0,0.002331775903701782
1785290091.8213904,0.0,0.0,0.002320352077484131
1785290091.8241467,0.0,0.0,0.0023704960346221924
1785290091.8268712,0.0,0.0,0.0023360960483551027
1785290091.829632,0.0,0.0,0.002335103988647461
1785290091.8323963,0.0,0.0,0.0023710079193115232
1785290091.8351426,0.0,0.0,0.0023550400733947756
1785290091.8378577,0.0,0.0,0.002313920021057129
1785290091.8406007,0.0,0.0,0.002356064081192017
1785290091.8433352,0.0,0.0,0.002347232103347778
1785290091.8460453,0.0,0.0,0.0023146560192108152
1785290091.8487988,0.0,0.0,0.002359935998916626
1785290091.852124,0.0,0.0,0.002936511993408203
1785290091.8548362,0.0,0.0,0.0023153278827667237
1785290091.8575714,0.0,0.0,0.002317471981048584
1785290091.860282,0.0,0.0,0.0023255040645599363
1785290091.8630018,0.0,0.0,0.002313888072967529
1785290091.8657475,0.0,0.0,0.0023274559974670412
1785290091.8684978,0.0,0.0,0.002361952066421509
1785290091.871234,0.0,0.0,0.0023461759090423586
1785290091.8739378,0.0,0.0,0.0023117439746856688
1785290091.8766842,0.0,0.0,0.0023614399433135986
1785290091.8794277,0.0,0.0,0.0023503999710083007
1785290091.8821862,0.0,0.0,0.0023666560649871827
1785290091.884937,0.0,0.0,0.00235699200630188
1785290091.8876052,0.0,0.0,0.0022820479869842527
1785290091.8903275,0.0,0.0,0.002328831911087036
1785290091.8930693,0.0,0.0,0.0023440320491790773
1785290091.8957844,0.0,0.0,0.002327967882156372
1785290091.8984795,0.0,0.0,0.002307807922363281
1785290091.9012234,0.0,0.0,0.002359008073806763
1785290091.9039452,0.0,0.0,0.0023313920497894285
1785290091.9072132,0.0,0.0,0.002876255989074707
1785290091.9099357,0.0,0.0,0.0023282880783081056
1785290091.9126842,0.0,0.0,0.0023604159355163573
1785290091.9154305,0.0,0.0,0.0023492801189422606
1785290091.9181669,0.0,0.0,0.002349024057388306
1785290091.9209294,0.0,0.0,0.002364896059036255
1785290091.923674,0.0,0.0,0.002358527898788452
1785290091.9263744,0.0,0.0,0.002308864116668701
1785290091.9291015,0.0,0.0,0.0023419198989868164
1785290091.9318476,0.0,0.0,0.0023622078895568846
1785290091.9345512,0.0,0.0,0.002316864013671875
1785290091.93727,0.0,0.0,0.0023338561058044434
1785290091.9399867,0.0,0.0,0.002323487997055054
1785290091.9426913,0.0,0.0,0.0023108160495758055
1785290091.945437,0.0,0.0,0.0023539841175079347
1785290091.948142,0.0,0.0,0.0023131840229034424
1785290091.9508474,0.0,0.0,0.0023127999305725096
1785290091.953577,0.0,0.0,0.0023229119777679443
1785290091.9563065,0.0,0.0,0.0023400321006774904
1785290091.9590108,0.0,0.0,0.002316096067428589
1785290091.962281,0.0,0.0,0.002858464002609253
1785290091.9650114,0.0,0.0,0.0023483200073242186
1785290091.9677482,0.0,0.0,0.002351680040359497
1785290091.9704585,0.0,0.0,0.0023207039833068846
1785290091.973207,0.0,0.0,0.0023578879833221437
1785290091.975938,0.0,0.0,0.0023476479053497314
1785290091.978659,0.0,0.0,0.0023337600231170654
1785290091.9814174,0.0,0.0,0.0023688640594482424
1785290091.9841661,0.0,0.0,0.002360991954803467
1785290091.986896,0.0,0.0,0.002334944009780884
1785290091.989634,0.0,0.0,0.0023226239681243895
1785290091.9923072,0.0,0.0,0.0022836480140686036
1785290091.9949596,0.0,0.0,0.0022678399085998536
1785290091.9976914,0.0,0.0,0.0023206400871276854
1785290092.000367,0.0,0.0,0.002291327953338623
1785290092.0030766,0.0,0.0,0.002321824073791504
1785290092.0058117,0.0,0.0,0.0023248960971832275
1785290092.0085444,0.0,0.0,0.0023433918952941893
1785290092.011294,0.0,0.0,0.002361664056777954
1785290092.0140069,0.0,0.0,0.0023242239952087403
1785290092.017278,0.0,0.0,0.0028873279094696045
1785290092.019945,0.0,0.0,0.002278048038482666
1785290092.022616,0.0,0.0,0.002282847881317139
1785290092.0253737,0.0,0.0,0.0023675520420074463
1785290092.0280807,0.0,0.0,0.002322655916213989
1785290092.0308332,0.0,0.0,0.002363584041595459
1785290092.0335915,0.0,0.0,0.0023526079654693603
1785290092.0363238,0.0,0.0,0.002346911907196045
1785290092.0389965,0.0,0.0,0.002289247989654541
1785290092.041685,0.0,0.0,0.0022775039672851562
1785290092.0444214,0.0,0.0,0.0023517119884490967
1785290092.047152,0.0,0.0,0.0023378560543060303
1785290092.0498626,0.0,0.0,0.0023171520233154297
1785290092.0525916,0.0,0.0,0.002343103885650635
1785290092.0553129,0.0,0.0,0.00234169602394104
1785290092.0580213,0.0,0.0,0.00232092809677124
1785290092.0607421,0.0,0.0,0.0023298239707946777
1785290092.0634673,0.0,0.0,0.0023369600772857667
1785290092.0661643,0.0,0.0,0.0023090240955352783
1785290092.0689085,0.0,0.0,0.002358527898788452
1785290092.0722065,0.0,0.0,0.002911679983139038
1785290092.0749152,0.0,0.0,0.002317728042602539
1785290092.0776658,0.0,0.0,0.0023408000469207764
1785290092.0804005,0.0,0.0,0.002344480037689209
1785290092.0831788,0.0,0.0,0.0023895039558410646
1785290092.0858688,0.0,0.0,0.002299040079116821
1785290092.0885968,0.0,0.0,0.0023478078842163086
1785290092.0912814,0.0,0.0,0.0023035199642181398
1785290092.094021,0.0,0.0,0.0023456640243530273
1785290092.096765,0.0,0.0,0.002360703945159912
1785290092.0995104,0.0,0.0,0.0023565759658813476
1785290092.1022484,0.0,0.0,0.002350656032562256
1785290092.1049917,0.0,0.0,0.0023543999195098876
1785290092.1077225,0.0,0.0,0.0023425281047821044
1785290092.110453,0.0,0.0,0.002340831995010376
1785290092.113197,0.0,0.0,0.0023518080711364747
1785290092.1159225,0.0,0.0,0.0023413119316101076
1785290092.1186304,0.0,0.0,0.002320672035217285
1785290092.1213856,0.0,0.0,0.0023728640079498293
1785290092.1240938,0.0,0.0,0.002323296070098877
1785290092.127396,0.0,0.0,0.002915263891220093
1785290092.1301599,0.0,0.0,0.002368511915206909
1785290092.1328733,0.0,0.0,0.002324160099029541
1785290092.1355922,0.0,0.0,0.0023342080116271974
1785290092.1383147,0.0,0.0,0.002329216003417969
1785290092.141059,0.0,0.0,0.0023536319732666016
1785290092.1438022,0.0,0.0,0.002355007886886597
1785290092.1465156,0.0,0.0,0.0023229119777679443
1785290092.1492577,0.0,0.0,0.002351167917251587
1785290092.1519237,0.0,0.0,0.0022845120429992676
1785290092.1546335,0.0,0.0,0.002321984052658081
1785290092.157373,0.0,0.0,0.00235369610786438
1785290092.1601,0.0,0.0,0.0023405120372772216
1785290092.1627927,0.0,0.0,0.002305408000946045
1785290092.1655214,0.0,0.0,0.002317408084869385
1785290092.1682663,0.0,0.0,0.002350208044052124
1785290092.1709461,0.0,0.0,0.002299839973449707
1785290092.1736965,0.0,0.0,0.002339871883392334
1785290092.176433,0.0,0.0,0.002354912042617798
1785290092.1791704,0.0,0.0,0.0023472959995269774
1785290092.1824167,0.0,0.0,0.002855616092681885
1785290092.1851783,0.0,0.0,0.002371328115463257
1785290092.1879332,0.0,0.0,0.0023661119937896727
1785290092.1906285,0.0,0.0,0.0023091840744018555
1785290092.1933527,0.0,0.0,0.002324160099029541
1785290092.1960433,0.0,0.0,0.002304192066192627
1785290092.1987453,0.0,0.0,0.002316096067428589
1785290092.2014792,0.0,0.0,0.002328864097595215
1785290092.204201,0.0,0.0,0.0023368000984191895
1785290092.2069027,0.0,0.0,0.0023150079250335693
1785290092.209628,0.0,0.0,0.002314016103744507
1785290092.212327,0.0,0.0,0.0023187839984893798
1785290092.2150195,0.0,0.0,0.002310751914978027
1785290092.217759,0.0,0.0,0.002324480056762695
1785290092.2204823,0.0,0.0,0.002335103988647461
1785290092.2232063,0.0,0.0,0.00233404803276062
1785290092.2259243,0.0,0.0,0.0023248960971832275
1785290092.2286694,0.0,0.0,0.002355072021484375
1785290092.2313836,0.0,0.0,0.0023187201023101805
1785290092.2340553,0.0,0.0,0.002278559923171997
1785290092.2372818,0.0,0.0,0.002847520112991333
1785290092.2400153,0.0,0.0,0.0023430399894714357
1785290092.2427218,0.0,0.0,0.00232259202003479
1785290092.2454774,0.0,0.0,0.0023679039478302004
1785290092.2482183,0.0,0.0,0.0023549439907073976
1785290092.2509174,0.0,0.0,0.0023158719539642333
1785290092.2536364,0.0,0.0,0.002309056043624878
1785290092.256373,0.0,0.0,0.00234931206703186
1785290092.2591124,0.0,0.0,0.002332576036453247
1785290092.2618356,0.0,0.0,0.002322527885437012
1785290092.264564,0.0,0.0,0.002345184087753296
1785290092.2672927,0.0,0.0,0.0023407039642333984
1785290092.2700164,0.0,0.0,0.0023301119804382325
1785290092.2727582,0.0,0.0,0.0023554561138153076
1785290092.2754278,0.0,0.0,0.0022812159061431883
1785290092.2781448,0.0,0.0,0.0023212800025939942
1785290092.2808871,0.0,0.0,0.0023560960292816164
1785290092.283624,0.0,0.0,0.002347007989883423
1785290092.2863464,0.0,0.0,0.0023371520042419435
1785290092.289039,0.0,0.0,0.002308000087738037
1785290092.2922657,0.0,0.0,0.002848736047744751
1785290092.294996,0.0,0.0,0.00234662389755249
1785290092.2977326,0.0,0.0,0.002327199935913086
1785290092.3004565,0.0,0.0,0.00233571195602417
1785290092.3031929,0.0,0.0,0.0023480000495910646
1785290092.3058946,0.0,0.0,0.002315648078918457
1785290092.3086443,0.0,0.0,0.002365056037902832
1785290092.311382,0.0,0.0,0.0023474559783935546
1785290092.3141098,0.0,0.0,0.0023431680202484133
1785290092.31684,0.0,0.0,0.002344127893447876
1785290092.3195212,0.0,0.0,0.0022924480438232422
1785290092.3222413,0.0,0.0,0.002325599908828735
1785290092.3250015,0.0,0.0,0.0023728320598602297
1785290092.3277204,0.0,0.0,0.002338047981262207
1785290092.3304474,0.0,0.0,0.0023393919467926023
1785290092.3331807,0.0,0.0,0.002347327947616577
1785290092.3359115,0.0,0.0,0.0023440001010894777
1785290092.3386283,0.0,0.0,0.002327039957046509
1785290092.3413768,0.0,0.0,0.0023645119667053223
1785290092.3441377,0.0,0.0,0.002372159957885742
1785290092.3473837,0.0,0.0,0.002853760004043579
1785290092.3501127,0.0,0.0,0.0023370559215545655
1785290092.3528326,0.0,0.0,0.002336064100265503
1785290092.3555589,0.0,0.0,0.0023368959426879883
1785290092.3582685,0.0,0.0,0.002319583892822266
1785290092.3609993,0.0,0.0,0.002347968101501465
1785290092.3636985,0.0,0.0,0.002305887937545776
1785290092.3664064,0.0,0.0,0.0023231360912323
1785290092.3691232,0.0,0.0,0.0023348159790039062
1785290092.3718534,0.0,0.0,0.002342911958694458
1785290092.3745553,0.0,0.0,0.0023123199939727784
1785290092.377241,0.0,0.0,0.0022971200942993163
1785290092.3799782,0.0,0.0,0.0023547840118408204
1785290092.3826761,0.0,0.0,0.0023146240711212156
1785290092.3854313,0.0,0.0,0.0023686718940734864
1785290092.3881218,0.0,0.0,0.002304543972015381
1785290092.390843,0.0,0.0,0.0023342080116271974
1785290092.3935838,0.0,0.0,0.002341887950897217
1785290092.3963218,0.0,0.0,0.0023516480922698975
1785290092.3990355,0.0,0.0,0.0023222401142120363
1785290092.4019282,0.0,0.0,0.002480128049850464
1785290092.4047039,0.0,0.0,0.0023805758953094483
1785290092.4074507,0.0,0.0,0.002361759901046753
1785290092.4101462,0.0,0.0,0.0023032000064849853
1785290092.4128745,0.0,0.0,0.0023452160358428957
1785290092.41557,0.0,0.0,0.002312063932418823
1785290092.4183002,0.0,0.0,0.002350048065185547
1785290092.421026,0.0,0.0,0.002339328050613403
1785290092.4237027,0.0,0.0,0.002290463924407959
1785290092.4263759,0.0,0.0,0.0022922561168670654
1785290092.4291143,0.0,0.0,0.0023564159870147704
1785290092.4318354,0.0,0.0,0.0023335680961608886
1785290092.4345567,0.0,0.0,0.002330559968948364
1785290092.4372883,0.0,0.0,0.0023468799591064454
1785290092.4400148,0.0,0.0,0.002338848114013672
1785290092.4427342,0.0,0.0,0.0023254399299621584
1785290092.4454741,0.0,0.0,0.0023301119804382325
1785290092.4481895,0.0,0.0,0.002328927993774414
1785290092.4508932,0.0,0.0,0.0023202879428863526
1785290092.4536228,0.0,0.0,0.0023243200778961183
1785290092.4568644,0.0,0.0,0.0028578240871429445
1785290092.459626,0.0,0.0,0.0023703041076660156
1785290092.4623628,0.0,0.0,0.0023455679416656493
1785290092.4650419,0.0,0.0,0.002287967920303345
1785290092.46778,0.0,0.0,0.0023486719131469726
1785290092.470468,0.0,0.0,0.0023065919876098634
1785290092.473209,0.0,0.0,0.0023570239543914797
1785290092.4759374,0.0,0.0,0.0023441920280456545
1785290092.4786842,0.0,0.0,0.0023617279529571534
1785290092.4813874,0.0,0.0,0.002312191963195801
1785290092.4841437,0.0,0.0,0.0023717119693756105
1785290092.486873,0.0,0.0,0.002337280035018921
1785290092.489592,0.0,0.0,0.0023150079250335693
1785290092.4923317,0.0,0.0,0.0023542399406433104
1785290092.4950058,0.0,0.0,0.0022856318950653077
1785290092.4977438,0.0,0.0,0.0023196480274200438
1785290092.500482,0.0,0.0,0.0023478078842163086
1785290092.5032544,0.0,0.0,0.00238483190536499
1785290092.506001,0.0,0.0,0.0023584320545196533
1785290092.5087402,0.0,0.0,0.002346911907196045
1785290092.5121243,0.0,0.0,0.0029934399127960207
1785290092.5148852,0.0,0.0,0.002367680072784424
1785290092.5176334,0.0,0.0,0.002334944009780884
1785290092.5203404,0.0,0.0,0.002323807954788208
1785290092.5230372,0.0,0.0,0.0023144960403442385
1785290092.5257273,0.0,0.0,0.0022761600017547606
1785290092.5284882,0.0,0.0,0.0023806719779968263
1785290092.531195,0.0,0.0,0.0023239359855651855
1785290092.5339105,0.0,0.0,0.002330751895904541
1785290092.5366747,0.0,0.0,0.0023793280124664307
1785290092.539415,0.0,0.0,0.002351775884628296
1785290092.5421336,0.0,0.0,0.002327039957046509
1785290092.5448847,0.0,0.0,0.0023606081008911133
1785290092.5475712,0.0,0.0,0.002302783966064453
1785290092.550295,0.0,0.0,0.002340543985366821
1785290092.5530515,0.0,0.0,0.0023689920902252195
1785290092.5557802,0.0,0.0,0.0023417279720306396
1785290092.558521,0.0,0.0,0.002334239959716797
1785290092.5612748,0.0,0.0,0.00237174391746521
1785290092.563998,0.0,0.0,0.0023408639430999756
1785290092.567224,0.0,0.0,0.0028430399894714357
1785290092.5699472,0.0,0.0,0.002328351974487305
1785290092.5726898,0.0,0.0,0.002358112096786499
1785290092.5754154,0.0,0.0,0.002339263916015625
1785290092.5781298,0.0,0.0,0.0023287041187286376
1785290092.580888,0.0,0.0,0.0023719360828399656
1785290092.5836186,0.0,0.0,0.002338047981262207
1785290092.5863194,0.0,0.0,0.002313888072967529
1785290092.5890481,0.0,0.0,0.002342367887496948
1785290092.5917685,0.0,0.0,0.002337696075439453
1785290092.594459,0.0,0.0,0.0023046081066131594
1785290092.5972185,0.0,0.0,0.0023722240924835204
1785290092.5999346,0.0,0.0,0.002330656051635742
1785290092.6026418,0.0,0.0,0.002318847894668579
1785290092.6053734,0.0,0.0,0.0023470399379730226
1785290092.6080673,0.0,0.0,0.0023075520992279054
1785290092.610751,0.0,0.0,0.002297791957855225
1785290092.6134822,0.0,0.0,0.002333184003829956
1785290092.6162252,0.0,0.0,0.0023520638942718507
1785290092.6189418,0.0,0.0,0.00232857608795166
1785290092.6222296,0.0,0.0,0.0028745920658111573
1785290092.6250198,0.0,0.0,0.0023942079544067383
1785290092.6277175,0.0,0.0,0.0023057279586791994
1785290092.6304471,0.0,0.0,0.002342560052871704
1785290092.6331813,0.0,0.0,0.0023499839305877687
1785290092.635919,0.0,0.0,0.0023529279232025148
1785290092.638703,0.0,0.0,0.002393183946609497
1785290092.6414185,0.0,0.0,0.0023174400329589845
1785290092.6441634,0.0,0.0,0.0023631041049957274
1785290092.6468854,0.0,0.0,0.0023325440883636473
1785290092.649646,0.0,0.0,0.0023502399921417234
1785290092.6524062,0.0,0.0,0.002368639945983887
1785290092.6551373,0.0,0.0,0.0023408000469207764
1785290092.6580753,0.0,0.0,0.0025379199981689455
1785290092.6608706,0.0,0.0,0.002389472007751465
1785290092.6635864,0.0,0.0,0.0023252480030059816
1785290092.6663008,0.0,0.0,0.0023277440071105956
1785290092.6690142,0.0,0.0,0.0023336639404296874
1785290092.6717315,0.0,0.0,0.002335423946380615
1785290092.6744087,0.0,0.0,0.0022941439151763915
1785290092.6776314,0.0,0.0,0.002835295915603638
1785290092.6803875,0.0,0.0,0.0023694400787353516
1785290092.6831408,0.0,0.0,0.0023666880130767823
1785290092.6858685,0.0,0.0,0.0023368959426879883
1785290092.688637,0.0,0.0,0.0023819200992584227
1785290092.6913557,0.0,0.0,0.0023334720134735106
1785290092.6940196,0.0,0.0,0.0022784640789031982
1785290092.6967752,0.0,0.0,0.002369568109512329
1785290092.6994822,0.0,0.0,0.002322335958480835
1785290092.7022214,0.0,0.0,0.002356192111968994
1785290092.7049787,0.0,0.0,0.002375200033187866
1785290092.7077265,0.0,0.0,0.002354048013687134
1785290092.7104394,0.0,0.0,0.002324671983718872
1785290092.7131624,0.0,0.0,0.002340640068054199
1785290092.715881,0.0,0.0,0.0023330559730529786
1785290092.7185915,0.0,0.0,0.0023252480030059816
1785290092.7212963,0.0,0.0,0.0023194561004638674
1785290092.724021,0.0,0.0,0.002333375930786133
1785290092.726733,0.0,0.0,0.00232857608795166
1785290092.7295222,0.0,0.0,0.0023814079761505127
1785290092.7326944,0.0,0.0,0.0027812159061431883
1785290092.7354152,0.0,0.0,0.0023204801082611086
1785290092.7381365,0.0,0.0,0.002333791971206665
1785290092.7408798,0.0,0.0,0.0023565120697021484
1785290092.7436206,0.0,0.0,0.0023577280044555665
1785290092.746309,0.0,0.0,0.0023018879890441893
1785290092.748992,0.0,0.0,0.002300800085067749
1785290092.7517283,0.0,0.0,0.002352735996246338
1785290092.7544408,0.0,0.0,0.0023233599662780763
1785290092.7572048,0.0,0.0,0.0023807680606842043
1785290092.7599444,0.0,0.0,0.002349951982498169
1785290092.7626586,0.0,0.0,0.0023233599662780763
1785290092.7653742,0.0,0.0,0.002327008008956909
1785290092.7680893,0.0,0.0,0.002333695888519287
1785290092.7707684,0.0,0.0,0.002295135974884033
1785290092.7735066,0.0,0.0,0.002335295915603638
1785290092.776196,0.0,0.0,0.002304447889328003
1785290092.7789207,0.0,0.0,0.0023397440910339355
1785290092.781655,0.0,0.0,0.002317984104156494
1785290092.7843757,0.0,0.0,0.0023346879482269286
1785290092.7876306,0.0,0.0,0.0028677120208740236
1785290092.7903726,0.0,0.0,0.0023510720729827883
1785290092.7931063,0.0,0.0,0.0023491199016571047
1785290092.7958028,0.0,0.0,0.0023067200183868406
1785290092.798517,0.0,0.0,0.0023271679878234864
1785290092.8012183,0.0,0.0,0.0023124799728393556
1785290092.804064,0.0,0.0,0.0024609279632568357
1785290092.806867,0.0,0.0,0.0024039039611816406
1785290092.8096523,0.0,0.0,0.0023719360828399656
1785290092.812388,0.0,0.0,0.002349695920944214
1785290092.8151183,0.0,0.0,0.0023338561058044434
1785290092.817878,0.0,0.0,0.0023688321113586428
1785290092.8206398,0.0,0.0,0.0023701119422912596
1785290092.8233993,0.0,0.0,0.0023736319541931153
1785290092.8261392,0.0,0.0,0.0023544321060180663
1785290092.8288443,0.0,0.0,0.002316927909851074
1785290092.8315961,0.0,0.0,0.0023624000549316406
1785290092.8343189,0.0,0.0,0.0023351678848266603
1785290092.8370404,0.0,0.0,0.002335103988647461
1785290092.8398125,0.0,0.0,0.0023845438957214356
1785290092.8429916,0.0,0.0,0.002790848016738892
1785290092.8457696,0.0,0.0,0.0023641281127929686
1785290092.8484938,0.0,0.0,0.0023320319652557374
1785290092.851224,0.0,0.0,0.0023409600257873536
1785290092.853966,0.0,0.0,0.002347584009170532
1785290092.8566954,0.0,0.0,0.002345695972442627
1785290092.8594227,0.0,0.0,0.0023410561084747316
1785290092.8621306,0.0,0.0,0.0023227839469909667
1785290092.8648317,0.0,0.0,0.002314527988433838
1785290092.8675735,0.0,0.0,0.0023571839332580564
1785290092.8702893,0.0,0.0,0.0023232638835906983
1785290092.8729737,0.0,0.0,0.002296191930770874
1785290092.875694,0.0,0.0,0.0023335680961608886
1785290092.878392,0.0,0.0,0.002311392068862915
1785290092.886972,0.0,0.0,0.008187616348266601
1785290092.8901675,0.0,0.0,0.0026606080532073973
1785290092.892989,0.0,0.0,0.0024245760440826415
1785290092.8957565,0.0,0.0,0.0023765759468078614
1785290092.8991542,0.0,0.0,0.003005215883255005
1785290092.9019032,0.0,0.0,0.0023562240600585936
1785290092.904664,0.0,0.0,0.0023726398944854737
1785290092.9073908,0.0,0.0,0.0023371520042419435
1785290092.9101248,0.0,0.0,0.002342463970184326
1785290092.9128702,0.0,0.0,0.0023572800159454344
1785290092.9156196,0.0,0.0,0.002360192060470581
1785290092.9182997,0.0,0.0,0.002295423984527588
1785290092.921044,0.0,0.0,0.00235913610458374
1785290092.9237876,0.0,0.0,0.002355007886886597
1785290092.926465,0.0,0.0,0.0022942399978637695
1785290092.9291635,0.0,0.0,0.002320255994796753
1785290092.931901,0.0,0.0,0.0023511359691619875
1785290092.9345984,0.0,0.0,0.0023089919090270995
1785290092.93735,0.0,0.0,0.0023678719997406008
1785290092.9400659,0.0,0.0,0.0023288960456848144
1785290092.9427872,0.0,0.0,0.0023395519256591796
1785290092.9455237,0.0,0.0,0.0023230080604553223
1785290092.948256,0.0,0.0,0.0023426239490509032
1785290092.9509785,0.0,0.0,0.002330751895904541
1785290092.954249,0.0,0.0,0.0028589439392089845
1785290092.9570012,0.0,0.0,0.002366719961166382
1785290092.959748,0.0,0.0,0.0023622400760650634
1785290092.962471,0.0,0.0,0.00233238410949707
1785290092.965211,0.0,0.0,0.0023533759117126463
1785290092.9679742,0.0,0.0,0.002380000114440918
1785290092.9706917,0.0,0.0,0.0023270719051361084
1785290092.9734285,0.0,0.0,0.0023511359691619875
1785290092.9761765,0.0,0.0,0.0023617920875549318
1785290092.9789195,0.0,0.0,0.0023539199829101564
1785290092.9816492,0.0,0.0,0.0023168320655822753
1785290092.984398,0.0,0.0,0.0023602879047393797
1785290092.9871461,0.0,0.0,0.0023563199043273924
1785290092.9898715,0.0,0.0,0.0023351359367370607
1785290092.9926598,0.0,0.0,0.0023983678817749024
1785290092.9954343,0.0,0.0,0.0023862080574035644
1785290092.9981635,0.0,0.0,0.0023454399108886717
1785290093.0009444,0.0,0.0,0.0023941760063171387
1785290093.0037017,0.0,0.0,0.0023695359230041504
1785290093.006406,0.0,0.0,0.002320672035217285
1785290093.0097148,0.0,0.0,0.0029280960559844972
1785290093.0124013,0.0,0.0,0.002297408103942871
1785290093.0151286,0.0,0.0,0.0023237440586090087
1785290093.0178633,0.0,0.0,0.002339967966079712
1785290093.0206196,0.0,0.0,0.0023712639808654784
1785290093.0233567,0.0,0.0,0.002354527950286865
1785290093.0260708,0.0,0.0,0.0023277759552001952
1785290093.0288343,0.0,0.0,0.002384511947631836
1785290093.031569,0.0,0.0,0.002352735996246338
1785290093.0342875,0.0,0.0,0.0023302080631256105
1785290093.0370135,0.0,0.0,0.00233625602722168
1785290093.0397775,0.0,0.0,0.0023723840713500977
1785290093.0424778,0.0,0.0,0.0023139519691467284
1785290093.0451894,0.0,0.0,0.0023274559974670412
1785290093.0479379,0.0,0.0,0.0023686718940734864
1785290093.050664,0.0,0.0,0.0023422400951385496
1785290093.0534353,0.0,0.0,0.0023877758979797365
1785290093.0561485,0.0,0.0,0.0023286080360412596
1785290093.0588765,0.0,0.0,0.0023417599201202392
1785290093.061621,0.0,0.0,0.0023392961025238035
1785290093.064998,0.0,0.0,0.0029834558963775636
1785290093.0676978,0.0,0.0,0.0023080320358276367
1785290093.0704117,0.0,0.0,0.002329024076461792
1785290093.0731606,0.0,0.0,0.0023609600067138674
1785290093.075903,0.0,0.0,0.0023482561111450194
1785290093.0786312,0.0,0.0,0.002339103937149048
1785290093.0813959,0.0,0.0,0.0023815360069274903
1785290093.084117,0.0,0.0,0.0023354558944702146
1785290093.0868137,0.0,0.0,0.002310080051422119
1785290093.0895386,0.0,0.0,0.002317215919494629
1785290093.0922573,0.0,0.0,0.002332672119140625
1785290093.094938,0.0,0.0,0.0022979519367218016
1785290093.097711,0.0,0.0,0.00235481595993042
1785290093.1004243,0.0,0.0,0.002329440116882324
1785290093.1031537,0.0,0.0,0.0023393919467926023
1785290093.105875,0.0,0.0,0.0023269760608673096
1785290093.108637,0.0,0.0,0.002377471923828125
1785290093.1113672,0.0,0.0,0.0023366079330444335
1785290093.1141028,0.0,0.0,0.0023454399108886717
1785290093.1168838,0.0,0.0,0.002394848108291626
1785290093.1201568,0.0,0.0,0.0023534400463104247
1785290093.1228304,0.0,0.0,0.002286367893218994
1785290093.125583,0.0,0.0,0.002344543933868408
1785290093.1283238,0.0,0.0,0.002358175992965698
1785290093.1310272,0.0,0.0,0.002321824073791504
1785290093.133792,0.0,0.0,0.0023532478809356687
1785290093.1365502,0.0,0.0,0.002375296115875244
1785290093.1393025,0.0,0.0,0.0023682239055633544
1785290093.142031,0.0,0.0,0.002335871934890747
1785290093.144791,0.0,0.0,0.002369856119155884
1785290093.1475577,0.0,0.0,0.0023783040046691894
1785290093.1502945,0.0,0.0,0.002346560001373291
1785290093.153057,0.0,0.0,0.0023756160736083986
1785290093.15584,0.0,0.0,0.002394432067871094
1785290093.1585598,0.0,0.0,0.002342080116271973
1785290093.1613219,0.0,0.0,0.002377504110336304
1785290093.1640477,0.0,0.0,0.0023452160358428957
1785290093.1667438,0.0,0.0,0.0023141438961029053
1785290093.169458,0.0,0.0,0.0023117759227752684
1785290093.1721764,0.0,0.0,0.002342047929763794
1785290093.1754367,0.0,0.0,0.0023722240924835204
1785290093.1781652,0.0,0.0,0.00233571195602417
1785290093.1809382,0.0,0.0,0.002383487939834595
1785290093.1837072,0.0,0.0,0.0023816959857940675
1785290093.1864498,0.0,0.0,0.0023553600311279296
1785290093.189222,0.0,0.0,0.002388832092285156
1785290093.1920083,0.0,0.0,0.0024015040397644045
1785290093.1947303,0.0,0.0,0.0023349759578704834
1785290093.1974382,0.0,0.0,0.0023309760093688965
1785290093.200148,0.0,0.0,0.0023272640705108644
1785290093.2028708,0.0,0.0,0.0023405120372772216
1785290093.2056158,0.0,0.0,0.0023347840309143066
1785290093.2083473,0.0,0.0,0.0023440320491790773
1785290093.2110713,0.0,0.0,0.002336319923400879
1785290093.2137847,0.0,0.0,0.002305919885635376
1785290093.2165473,0.0,0.0,0.0023688321113586428
1785290093.2192674,0.0,0.0,0.0023330559730529786
1785290093.2219348,0.0,0.0,0.0022813119888305663
1785290093.224701,0.0,0.0,0.002384608030319214
1785290093.2280061,0.0,0.0,0.002915679931640625
1785290093.2307642,0.0,0.0,0.0023599040508270265
1785290093.233545,0.0,0.0,0.0023760321140289305
1785290093.236276,0.0,0.0,0.002344223976135254
1785290093.238974,0.0,0.0,0.002308864116668701
1785290093.2416966,0.0,0.0,0.0023159680366516113
1785290093.2444,0.0,0.0,0.0023213760852813722
1785290093.2471726,0.0,0.0,0.0023860158920288085
1785290093.2499163,0.0,0.0,0.002351423978805542
1785290093.2526848,0.0,0.0,0.0023792641162872314
1785290093.2554553,0.0,0.0,0.002390527963638306
1785290093.2581663,0.0,0.0,0.0023217599391937255
1785290093.26089,0.0,0.0,0.0023391680717468263
1785290093.2636929,0.0,0.0,0.0024142398834228517
1785290093.2664025,0.0,0.0,0.0023264319896698
1785290093.2691529,0.0,0.0,0.0023595199584960937
1785290093.2718806,0.0,0.0,0.0023441920280456545
1785290093.2745721,0.0,0.0,0.0023028159141540525
1785290093.277357,0.0,0.0,0.0023980801105499268
1785290093.2801225,0.0,0.0,0.0023731520175933837
1785290093.2834253,0.0,0.0,0.0029142720699310305
1785290093.286166,0.0,0.0,0.002345855951309204
1785290093.2889366,0.0,0.0,0.0023777918815612795
1785290093.2916994,0.0,0.0,0.0023763840198516846
1785290093.2944725,0.0,0.0,0.0023796160221099855
1785290093.2972593,0.0,0.0,0.0023974080085754396
1785290093.2999547,0.0,0.0,0.002305984020233154
1785290093.3026865,0.0,0.0,0.0023452799320220945
1785290093.3053892,0.0,0.0,0.0023148798942565917
1785290093.3081381,0.0,0.0,0.0023612799644470214
1785290093.3108737,0.0,0.0,0.002349951982498169
1785290093.3136098,0.0,0.0,0.0023249919414520264
1785290093.3163207,0.0,0.0,0.0023254399299621584
1785290093.319035,0.0,0.0,0.002324064016342163
1785290093.321742,0.0,0.0,0.002292095899581909
1785290093.3244894,0.0,0.0,0.0023604159355163573
1785290093.3272586,0.0,0.0,0.0023863999843597413
1785290093.3299708,0.0,0.0,0.0023264319896698
1785290093.332745,0.0,0.0,0.0023846399784088136
1785290093.33551,0.0,0.0,0.0023773438930511474
1785290093.338804,0.0,0.0,0.002905855894088745
1785290093.3415256,0.0,0.0,0.0023027520179748533
1785290093.3442326,0.0,0.0,0.002320672035217285
1785290093.346936,0.0,0.0,0.0023222401142120363
1785290093.3496647,0.0,0.0,0.0023202240467071534
1785290093.3523467,0.0,0.0,0.002292095899581909
1785290093.355064,0.0,0.0,0.002332832098007202
1785290093.3578355,0.0,0.0,0.0023511359691619875
1785290093.3605797,0.0,0.0,0.0023602879047393797
1785290093.3633409,0.0,0.0,0.0023743999004364013
1785290093.3660238,0.0,0.0,0.0022944960594177247
1785290093.3687482,0.0,0.0,0.002343103885650635
1785290093.3715222,0.0,0.0,0.0023877758979797365
1785290093.3742554,0.0,0.0,0.002348448038101196
1785290093.3769746,0.0,0.0,0.002332576036453247
1785290093.3797271,0.0,0.0,0.0023670079708099363
1785290093.3824375,0.0,0.0,0.002328671932220459
1785290093.3851984,0.0,0.0,0.002377023935317993
1785290093.3879,0.0,0.0,0.0023168320655822753
1785290093.3906386,0.0,0.0,0.0023472959995269774
1785290093.3939667,0.0,0.0,0.00293833589553833
1785290093.396729,0.0,0.0,0.0023717119693756105
1785290093.3994672,0.0,0.0,0.0023467841148376465
1785290093.4021885,0.0,0.0,0.0023338561058044434
1785290093.404945,0.0,0.0,0.0023706560134887696
1785290093.4076874,0.0,0.0,0.0023596479892730713
1785290093.4104002,0.0,0.0,0.0023314559459686277
1785290093.4131017,0.0,0.0,0.0023206400871276854
1785290093.4158268,0.0,0.0,0.0023441920280456545
1785290093.418535,0.0,0.0,0.002324064016342163
1785290093.4212663,0.0,0.0,0.0023467519283294678
1785290093.4239523,0.0,0.0,0.0022953600883483887
1785290093.4266477,0.0,0.0,0.0023096320629119875
1785290093.4293923,0.0,0.0,0.0023528640270233155
1785290093.4321258,0.0,0.0,0.0023503999710083007
1785290093.4348807,0.0,0.0,0.0023663039207458495
1785290093.4376464,0.0,0.0,0.0023577919006347657
1785290093.4403925,0.0,0.0,0.002364896059036255
1785290093.4431393,0.0,0.0,0.0023558399677276612
1785290093.4459167,0.0,0.0,0.0023788158893585207
1785290093.4491413,0.0,0.0,0.0028383998870849607
1785290093.4519029,0.0,0.0,0.00237824010848999
1785290093.4546194,0.0,0.0,0.0023300480842590333
1785290093.4573507,0.0,0.0,0.002345952033996582
1785290093.4600978,0.0,0.0,0.0023617920875549318
1785290093.462804,0.0,0.0,0.0023183679580688478
1785290093.4654827,0.0,0.0,0.0022714240550994872
1785290093.468218,0.0,0.0,0.002348927974700928
1785290093.4709477,0.0,0.0,0.002345184087753296
1785290093.473711,0.0,0.0,0.0023526079654693603
1785290093.4764335,0.0,0.0,0.002333375930786133
1785290093.4791636,0.0,0.0,0.0023464000225067137
1785290093.4818912,0.0,0.0,0.002342400074005127
1785290093.4845946,0.0,0.0,0.002316096067428589
1785290093.4873369,0.0,0.0,0.00235913610458374
1785290093.490098,0.0,0.0,0.0023667840957641603
1785290093.4928794,0.0,0.0,0.0023925440311431886
1785290093.495637,0.0,0.0,0.0023713600635528564
1785290093.4983428,0.0,0.0,0.002321023941040039
1785290093.5010796,0.0,0.0,0.0023551359176635744
1785290093.5043194,0.0,0.0,0.0028526079654693603
1785290093.5070536,0.0,0.0,0.002341120004653931
1785290093.5098097,0.0,0.0,0.0023376638889312743
1785290093.5125453,0.0,0.0,0.0023503038883209227
1785290093.5152755,0.0,0.0,0.0023452479839324953
1785290093.5179837,0.0,0.0,0.0023197441101074218
1785290093.520763,0.0,0.0,0.002396735906600952
1785290093.5234964,0.0,0.0,0.0023476479053497314
1785290093.5261886,0.0,0.0,0.0023021440505981445
1785290093.5289736,0.0,0.0,0.002392927885055542
1785290093.531714,0.0,0.0,0.0023542079925537108
1785290093.534464,0.0,0.0,0.0023679680824279783
1785290093.5371742,0.0,0.0,0.002329888105392456
1785290093.539905,0.0,0.0,0.002346816062927246
1785290093.5426412,0.0,0.0,0.0023540160655975344
1785290093.54537,0.0,0.0,0.0023502399921417234
1785290093.5480323,0.0,0.0,0.0022803199291229247
1785290093.5507543,0.0,0.0,0.002332063913345337
1785290093.553439,0.0,0.0,0.0022802560329437255
1785290093.5561912,0.0,0.0,0.0023638079166412355
1785290093.5595193,0.0,0.0,0.0029442241191864013
1785290093.5622523,0.0,0.0,0.0023394880294799803
1785290093.5649552,0.0,0.0,0.002313119888305664
1785290093.5676813,0.0,0.0,0.002339423894882202
1785290093.570379,0.0,0.0,0.00231062388420105
1785290093.5730898,0.0,0.0,0.002327615976333618
1785290093.5758238,0.0,0.0,0.0023498239517211915
1785290093.5785012,0.0,0.0,0.002295072078704834
1785290093.5812368,0.0,0.0,0.002349407911300659
1785290093.5840027,0.0,0.0,0.0023840000629425048
1785290093.5867054,0.0,0.0,0.0023176960945129393
1785290093.5894735,0.0,0.0,0.0023844799995422364
1785290093.5922139,0.0,0.0,0.0023561599254608152
1785290093.5949361,0.0,0.0,0.002335295915603638
1785290093.5976746,0.0,0.0,0.002327199935913086
1785290093.6004004,0.0,0.0,0.0023419198989868164
1785290093.6031256,0.0,0.0,0.0023187839984893798
1785290093.6058445,0.0,0.0,0.0023214399814605715
1785290093.6085842,0.0,0.0,0.002354912042617798
1785290093.6113336,0.0,0.0,0.0023635199069976806
1785290093.61454,0.0,0.0,0.0028196799755096434
1785290093.6173341,0.0,0.0,0.0024064319133758547
1785290093.6201093,0.0,0.0,0.0023872640132904053
1785290093.6228454,0.0,0.0,0.0023579199314117433
1785290093.6255956,0.0,0.0,0.0023446080684661865
1785290093.6283317,0.0,0.0,0.0023573760986328124
1785290093.6309752,0.0,0.0,0.0022584640979766844
1785290093.633728,0.0,0.0,0.002344543933868408
1785290093.6364625,0.0,0.0,0.0023406078815460204
1785290093.6391582,0.0,0.0,0.002310688018798828
1785290093.6418095,0.0,0.0,0.0022669761180877687
1785290093.6445463,0.0,0.0,0.0023587839603424073
1785290093.6472886,0.0,0.0,0.002361311912536621
1785290093.6499739,0.0,0.0,0.00229967999458313
1785290093.652733,0.0,0.0,0.0023684160709381103
1785290093.655468,0.0,0.0,0.002351327896118164
1785290093.658167,0.0,0.0,0.0023141438961029053
1785290093.6609254,0.0,0.0,0.0023779199123382566
1785290093.6636882,0.0,0.0,0.002377279996871948
1785290093.6664155,0.0,0.0,0.0023373761177062987
1785290093.6696374,0.0,0.0,0.0028328959941864014
1785290093.6723533,0.0,0.0,0.002331199884414673
1785290093.675038,0.0,0.0,0.002306879997253418
1785290093.67777,0.0,0.0,0.002322272062301636
1785290093.6805649,0.0,0.0,0.00240995192527771
1785290093.6834733,0.0,0.0,0.0025038399696350098
1785290093.686195,0.0,0.0,0.002327712059020996
1785290093.6889133,0.0,0.0,0.002338848114013672
1785290093.6916785,0.0,0.0,0.0023817598819732668
1785290093.6944082,0.0,0.0,0.0023459200859069825
1785290093.6971538,0.0,0.0,0.0023679358959198
1785290093.6998544,0.0,0.0,0.0023156800270080565
1785290093.7025692,0.0,0.0,0.0023295679092407225
1785290093.7053378,0.0,0.0,0.002390144109725952
1785290093.7080817,0.0,0.0,0.002359391927719116
1785290093.7107577,0.0,0.0,0.002294719934463501
1785290093.7135,0.0,0.0,0.002340384006500244
1785290093.7162333,0.0,0.0,0.002344383955001831
1785290093.7189357,0.0,0.0,0.0023141438961029053
1785290093.7217245,0.0,0.0,0.002373311996459961
1785290093.724807,0.0,0.0,0.002691839933395386
1785290093.7275922,0.0,0.0,0.0023877758979797365
1785290093.7303283,0.0,0.0,0.002345407962799072
1785290093.7330945,0.0,0.0,0.0023786559104919435
1785290093.7358396,0.0,0.0,0.0023622078895568846
1785290093.7385733,0.0,0.0,0.002347104072570801
1785290093.7413208,0.0,0.0,0.0023649280071258547
1785290093.7440526,0.0,0.0,0.0023487040996551514
1785290093.746737,0.0,0.0,0.0023009281158447264
1785290093.749501,0.0,0.0,0.002362368106842041
1785290093.7522142,0.0,0.0,0.002327199935913086
1785290093.7549605,0.0,0.0,0.0023526079654693603
1785290093.7576845,0.0,0.0,0.0023232319355010987
1785290093.760423,0.0,0.0,0.0023518080711364747
1785290093.7630868,0.0,0.0,0.0022803199291229247
1785290093.7658162,0.0,0.0,0.002320768117904663
1785290093.7685015,0.0,0.0,0.0022990078926086424
1785290093.7712264,0.0,0.0,0.0023418240547180176
1785290093.7738836,0.0,0.0,0.002268320083618164
1785290093.7766016,0.0,0.0,0.0023380160331726075
1785290093.7798753,0.0,0.0,0.0028898561000823973
1785290093.7825966,0.0,0.0,0.002333120107650757
1785290093.7853305,0.0,0.0,0.002351232051849365
1785290093.788081,0.0,0.0,0.0023608319759368898
1785290093.7908323,0.0,0.0,0.0023656320571899415
1785290093.7935765,0.0,0.0,0.002329440116882324
1785290093.7962735,0.0,0.0,0.0023142399787902833
1785290093.799007,0.0,0.0,0.0023474559783935546
1785290093.80177,0.0,0.0,0.002350176095962524
1785290093.8045084,0.0,0.0,0.002353215932846069
1785290093.8073478,0.0,0.0,0.0024513280391693115
1785290093.8101084,0.0,0.0,0.0023687360286712648
1785290093.8128414,0.0,0.0,0.0023463358879089354
1785290093.815576,0.0,0.0,0.0023586559295654297
1785290093.8182895,0.0,0.0,0.0023296639919281005
1785290093.8209972,0.0,0.0,0.002324671983718872
1785290093.8237305,0.0,0.0,0.0023550400733947756
1785290093.8263981,0.0,0.0,0.002286976099014282
1785290093.8292186,0.0,0.0,0.002400320053100586
1785290093.8320312,0.0,0.0,0.002424351930618286
1785290093.8349812,0.0,0.0,0.0025624959468841554
1785290093.8377457,0.0,0.0,0.00235862398147583
1785290093.8405044,0.0,0.0,0.0023765759468078614
1785290093.8432813,0.0,0.0,0.002384416103363037
1785290093.8459947,0.0,0.0,0.002324352025985718
1785290093.8487704,0.0,0.0,0.002392640113830566
1785290093.851508,0.0,0.0,0.002349087953567505
1785290093.8542354,0.0,0.0,0.0023408000469207764
1785290093.8569982,0.0,0.0,0.002377504110336304
1785290093.8597481,0.0,0.0,0.0023655359745025635
1785290093.8624392,0.0,0.0,0.0023029119968414305
1785290093.8651786,0.0,0.0,0.0023515520095825195
1785290093.8679261,0.0,0.0,0.002361599922180176
1785290093.8706172,0.0,0.0,0.0023040640354156493
1785290093.8733864,0.0,0.0,0.0023834240436553956
1785290093.8761342,0.0,0.0,0.0023629438877105714
1785290093.878873,0.0,0.0,0.002357503890991211
1785290093.8816032,0.0,0.0,0.002325695991516113
1785290093.8843439,0.0,0.0,0.002358464002609253
1785290093.887055,0.0,0.0,0.002322432041168213
1785290093.8901672,0.0,0.0,0.002701920032501221
1785290093.892945,0.0,0.0,0.002388256072998047
1785290093.8956754,0.0,0.0,0.0023429760932922364
1785290093.89841,0.0,0.0,0.0023518400192260743
1785290093.9011617,0.0,0.0,0.002373408079147339
1785290093.9038813,0.0,0.0,0.0023396480083465575
1785290093.906632,0.0,0.0,0.002369568109512329
1785290093.909405,0.0,0.0,0.0023951361179351807
1785290093.912113,0.0,0.0,0.0023267199993133544
1785290093.9148247,0.0,0.0,0.0023311359882354737
1785290093.9177482,0.0,0.0,0.0025214719772338866
1785290093.9205346,0.0,0.0,0.0023968000411987303
1785290093.9232512,0.0,0.0,0.0023395519256591796
1785290093.9260023,0.0,0.0,0.002370719909667969
1785290093.9287035,0.0,0.0,0.0023185598850250246
1785290093.9314446,0.0,0.0,0.0023534400463104247
1785290093.9341643,0.0,0.0,0.0023361918926239015
1785290093.9369175,0.0,0.0,0.00236681604385376
1785290093.9396772,0.0,0.0,0.002374079942703247
1785290093.9424694,0.0,0.0,0.00240662407875061
1785290093.9457397,0.0,0.0,0.002885472059249878
1785290093.9484928,0.0,0.0,0.002363487958908081
1785290093.9512444,0.0,0.0,0.00236243200302124
1785290093.9539716,0.0,0.0,0.002340255975723267
1785290093.9567137,0.0,0.0,0.00235913610458374
1785290093.959491,0.0,0.0,0.0023857600688934324
1785290093.9622042,0.0,0.0,0.002331808090209961
1785290093.964943,0.0,0.0,0.002352735996246338
1785290093.9676812,0.0,0.0,0.0023579840660095217
1785290093.9704154,0.0,0.0,0.0023487679958343506
1785290093.9731586,0.0,0.0,0.0023572800159454344
1785290093.9759035,0.0,0.0,0.002364736080169678
1785290093.9786048,0.0,0.0,0.002313503980636597
1785290093.9813442,0.0,0.0,0.0023572800159454344
1785290093.984085,0.0,0.0,0.002358047962188721
1785290093.9867861,0.0,0.0,0.0023160319328308105
1785290093.98952,0.0,0.0,0.0023280320167541504
1785290093.9922657,0.0,0.0,0.0023618240356445314
1785290093.9949813,0.0,0.0,0.0023293440341949465
1785290093.9977343,0.0,0.0,0.002344928026199341
1785290094.001012,0.0,0.0,0.0028907198905944826
1785290094.0037472,0.0,0.0,0.002352992057800293
1785290094.006467,0.0,0.0,0.0023368639945983887
1785290094.0092185,0.0,0.0,0.002362560033798218
1785290094.0119576,0.0,0.0,0.002358527898788452
1785290094.014653,0.0,0.0,0.002316159963607788
1785290094.0174003,0.0,0.0,0.002365056037902832
1785290094.020145,0.0,0.0,0.0023578240871429445
1785290094.0228817,0.0,0.0,0.0023520638942718507
1785290094.025619,0.0,0.0,0.002332927942276001
1785290094.0283747,0.0,0.0,0.0023737280368804933
1785290094.03114,0.0,0.0,0.0023749120235443113
1785290094.0338907,0.0,0.0,0.0023554561138153076
1785290094.0366008,0.0,0.0,0.00232806396484375
1785290094.0393362,0.0,0.0,0.0023479039669036866
1785290094.0420306,0.0,0.0,0.002302623987197876
1785290094.0447843,0.0,0.0,0.002365952014923096
1785290094.0475273,0.0,0.0,0.002363296031951904
1785290094.0505552,0.0,0.0,0.002641567945480347
1785290094.0533466,0.0,0.0,0.0024038400650024413
1785290094.0566244,0.0,0.0,0.002894912004470825
1785290094.0593877,0.0,0.0,0.0023751358985900878
1785290094.0621026,0.0,0.0,0.0023320960998535157
1785290094.0648491,0.0,0.0,0.0023639678955078127
1785290094.0675538,0.0,0.0,0.0023193280696868898
1785290094.0702446,0.0,0.0,0.002303584098815918
1785290094.0729964,0.0,0.0,0.002368639945983887
1785290094.0757265,0.0,0.0,0.0023449599742889405
1785290094.078422,0.0,0.0,0.0023194239139556886
1785290094.081172,0.0,0.0,0.002374176025390625
1785290094.083905,0.0,0.0,0.002351232051849365
1785290094.0866323,0.0,0.0,0.0023418240547180176
1785290094.0894172,0.0,0.0,0.002398911952972412
1785290094.0921328,0.0,0.0,0.002333600044250488
1785290094.0948348,0.0,0.0,0.0023221120834350586
1785290094.0975118,0.0,0.0,0.002278752088546753
1785290094.1002514,0.0,0.0,0.0023543999195098876
1785290094.1029305,0.0,0.0,0.0022957439422607424
1785290094.105937,0.0,0.0,0.002591775894165039
1785290094.1087255,0.0,0.0,0.0024010560512542725
1785290094.1120439,0.0,0.0,0.0029311039447784426
1785290094.114789,0.0,0.0,0.002356640100479126
1785290094.1175506,0.0,0.0,0.0023513920307159423
1785290094.1202717,0.0,0.0,0.002334912061691284
1785290094.1229827,0.0,0.0,0.002325599908828735
1785290094.1257432,0.0,0.0,0.0023493759632110594
1785290094.1284404,0.0,0.0,0.0023088319301605223
1785290094.1311505,0.0,0.0,0.0023248000144958495
1785290094.1338913,0.0,0.0,0.002358175992965698
1785290094.1366527,0.0,0.0,0.002378783941268921
1785290094.1393936,0.0,0.0,0.002357856035232544
1785290094.142099,0.0,0.0,0.0023201279640197754
1785290094.1449113,0.0,0.0,0.002428191900253296
1785290094.1476295,0.0,0.0,0.002335103988647461
1785290094.1503391,0.0,0.0,0.0023281280994415284
1785290094.1530592,0.0,0.0,0.0023442559242248537
1785290094.1558087,0.0,0.0,0.002360095977783203
1785290094.1584888,0.0,0.0,0.0022974720001220704
1785290094.1613207,0.0,0.0,0.0024531199932098387
1785290094.1641166,0.0,0.0,0.0024056320190429686
1785290094.1674557,0.0,0.0,0.0029476161003112794
1785290094.1702228,0.0,0.0,0.0023780159950256346
1785290094.172994,0.0,0.0,0.002384511947631836
1785290094.1757374,0.0,0.0,0.00236297607421875
1785290094.1784267,0.0,0.0,0.00230511999130249
1785290094.1811638,0.0,0.0,0.002353856086730957
1785290094.1838934,0.0,0.0,0.0023503999710083007
1785290094.1865783,0.0,0.0,0.002300384044647217
1785290094.189334,0.0,0.0,0.002373311996459961
1785290094.1920216,0.0,0.0,0.002306688070297241
1785290094.194696,0.0,0.0,0.0022915520668029786
1785290094.1974673,0.0,0.0,0.002357599973678589
1785290094.200175,0.0,0.0,0.0023207039833068846
1785290094.2029252,0.0,0.0,0.0023684160709381103
1785290094.205664,0.0,0.0,0.0023348801136016846
1785290094.2083929,0.0,0.0,0.002347071886062622
1785290094.2111437,0.0,0.0,0.0023658239841461183
1785290094.2138145,0.0,0.0,0.0022857279777526857
1785290094.2165482,0.0,0.0,0.002354367971420288
1785290094.2192495,0.0,0.0,0.0023161280155181885
1785290094.222546,0.0,0.0,0.0023347198963165282
1785290094.2253075,0.0,0.0,0.0023777918815612795
1785290094.2280784,0.0,0.0,0.002354559898376465
1785290094.2308156,0.0,0.0,0.002349695920944214
1785290094.2335594,0.0,0.0,0.002328480005264282
1785290094.2362895,0.0,0.0,0.0023417599201202392
1785290094.2390075,0.0,0.0,0.0023393919467926023
1785290094.2417917,0.0,0.0,0.0023627519607543946
1785290094.2445471,0.0,0.0,0.002368896007537842
1785290094.2472649,0.0,0.0,0.0023361279964447023
1785290094.2499645,0.0,0.0,0.0023118720054626464
1785290094.2526686,0.0,0.0,0.0023196799755096434
1785290094.255383,0.0,0.0,0.002331007957458496
1785290094.258108,0.0,0.0,0.0023388800621032715
1785290094.26085,0.0,0.0,0.002365855932235718
1785290094.2635314,0.0,0.0,0.0022946240901947023
1785290094.2662547,0.0,0.0,0.002336575984954834
1785290094.2690122,0.0,0.0,0.002375744104385376
1785290094.2717419,0.0,0.0,0.0023464000225067137
1785290094.2744048,0.0,0.0,0.0022805440425872803
1785290094.27772,0.0,0.0,0.002389087915420532
1785290094.2804613,0.0,0.0,0.0023568639755249025
1785290094.283212,0.0,0.0,0.002364288091659546
1785290094.2859294,0.0,0.0,0.0023330559730529786
1785290094.2886865,0.0,0.0,0.002371392011642456
1785290094.2914178,0.0,0.0,0.0023460800647735597
1785290094.2941349,0.0,0.0,0.002325216054916382
1785290094.296913,0.0,0.0,0.0023914239406585694
1785290094.2996905,0.0,0.0,0.0023867199420928957
1785290094.3023963,0.0,0.0,0.002319711923599243
1785290094.305138,0.0,0.0,0.0023600640296936033
1785290094.3078759,0.0,0.0,0.0023535358905792236
1785290094.3105905,0.0,0.0,0.0023276801109313964
1785290094.3133204,0.0,0.0,0.002351167917251587
1785290094.3160105,0.0,0.0,0.002303807973861694
1785290094.3187218,0.0,0.0,0.0023234241008758547
1785290094.3214734,0.0,0.0,0.002368639945983887
1785290094.3242102,0.0,0.0,0.002350048065185547
1785290094.32691,0.0,0.0,0.0023148798942565917
1785290094.3297122,0.0,0.0,0.0023905599117279054
1785290094.3330595,0.0,0.0,0.002383872032165527
1785290094.335789,0.0,0.0,0.0023491840362548826
1785290094.3385284,0.0,0.0,0.0023492801189422606
1785290094.3412778,0.0,0.0,0.002367743968963623
1785290094.3439736,0.0,0.0,0.0023085119724273683
1785290094.3466628,0.0,0.0,0.00230511999130249
1785290094.3493834,0.0,0.0,0.002340255975723267
1785290094.3521004,0.0,0.0,0.0023398399353027344
1785290094.3547885,0.0,0.0,0.002305248022079468
1785290094.3575323,0.0,0.0,0.0023348159790039062
1785290094.3602195,0.0,0.0,0.0023018879890441893
1785290094.3628855,0.0,0.0,0.002279711961746216
1785290094.3656375,0.0,0.0,0.0023511359691619875
1785290094.3683662,0.0,0.0,0.0023511359691619875
1785290094.371124,0.0,0.0,0.002357311964035034
1785290094.3738432,0.0,0.0,0.002334559917449951
1785290094.3765817,0.0,0.0,0.002356256008148193
1785290094.3793268,0.0,0.0,0.002362335920333862
1785290094.3820536,0.0,0.0,0.0023378241062164307
1785290094.3847935,0.0,0.0,0.0023507840633392335
1785290094.3881216,0.0,0.0,0.002369920015335083
1785290094.3908613,0.0,0.0,0.0023510398864746095
1785290094.3935606,0.0,0.0,0.0022881600856781005
1785290094.3963246,0.0,0.0,0.0023759360313415526
1785290094.3990557,0.0,0.0,0.002342367887496948
1785290094.4017687,0.0,0.0,0.002295936107635498
1785290094.4044685,0.0,0.0,0.002320064067840576
1785290094.4072058,0.0,0.0,0.0023578240871429445
1785290094.4099255,0.0,0.0,0.002339008092880249
1785290094.4126506,0.0,0.0,0.002341599941253662
1785290094.4153452,0.0,0.0,0.0023045759201049806
1785290094.4180794,0.0,0.0,0.002345024108886719
1785290094.4208484,0.0,0.0,0.0023873279094696045
1785290094.423551,0.0,0.0,0.0023186240196228025
1785290094.4262614,0.0,0.0,0.002330847978591919
1785290094.4290066,0.0,0.0,0.0023643839359283447
1785290094.4317315,0.0,0.0,0.0023408639430999756
1785290094.4344535,0.0,0.0,0.0023371520042419435
1785290094.4372313,0.0,0.0,0.0023964800834655763
1785290094.4405074,0.0,0.0,0.0023407039642333984
1785290094.4432404,0.0,0.0,0.002335968017578125
1785290094.4459498,0.0,0.0,0.002321727991104126
1785290094.448712,0.0,0.0,0.0023765759468078614
1785290094.4514475,0.0,0.0,0.002346816062927246
1785290094.4541605,0.0,0.0,0.002329279899597168
1785290094.4568832,0.0,0.0,0.0023387200832366943
1785290094.4596121,0.0,0.0,0.0023443200588226317
1785290094.4623363,0.0,0.0,0.0023407680988311768
1785290094.4650664,0.0,0.0,0.002342751979827881
1785290094.4677894,0.0,0.0,0.0023411519527435304
1785290094.4705253,0.0,0.0,0.0023510398864746095
1785290094.4732118,0.0,0.0,0.002297408103942871
1785290094.475966,0.0,0.0,0.00236681604385376
1785290094.478689,0.0,0.0,0.002336927890777588
1785290094.4814541,0.0,0.0,0.002377664089202881
1785290094.4842064,0.0,0.0,0.0023660480976104735
1785290094.4869158,0.0,0.0,0.002321120023727417
1785290094.4896483,0.0,0.0,0.0023272640705108644
1785290094.492375,0.0,0.0,0.002341439962387085
1785290094.4956696,0.0,0.0,0.0029090559482574463
1785290094.4983592,0.0,0.0,0.002292639970779419
1785290094.501087,0.0,0.0,0.0023457279205322265
1785290094.5038314,0.0,0.0,0.0023579840660095217
1785290094.5065691,0.0,0.0,0.0023512001037597654
1785290094.5093346,0.0,0.0,0.0023850560188293456
1785290094.5122778,0.0,0.0,0.0025568320751190184
1785290094.5151188,0.0,0.0,0.002404128074645996
1785290094.5178375,0.0,0.0,0.0023157761096954345
1785290094.520607,0.0,0.0,0.0023813440799713135
1785290094.523341,0.0,0.0,0.0023381121158599855
1785290094.526081,0.0,0.0,0.002351167917251587
1785290094.5288274,0.0,0.0,0.002358911991119385
1785290094.5316997,0.0,0.0,0.0024770240783691406
1785290094.534466,0.0,0.0,0.002364543914794922
1785290094.5372486,0.0,0.0,0.002389568090438843
1785290094.5399783,0.0,0.0,0.002337951898574829
1785290094.5427232,0.0,0.0,0.002355871915817261
1785290094.545737,0.0,0.0,0.0026013760566711425
1785290094.5487537,0.0,0.0,0.0025852479934692385
1785290094.5521405,0.0,0.0,0.002961728096008301
1785290094.5549095,0.0,0.0,0.0023748159408569338
1785290094.5576265,0.0,0.0,0.002303807973861694
1785290094.560384,0.0,0.0,0.002367039918899536
1785290094.5631275,0.0,0.0,0.0023346240520477294
1785290094.565813,0.0,0.0,0.002292639970779419
1785290094.5685751,0.0,0.0,0.0023774399757385254
1785290094.5713434,0.0,0.0,0.002376928091049194
1785290094.5740755,0.0,0.0,0.0023390400409698487
1785290094.5768209,0.0,0.0,0.0023513600826263427
1785290094.579499,0.0,0.0,0.002292479991912842
1785290094.5822253,0.0,0.0,0.002338752031326294
1785290094.5849588,0.0,0.0,0.002341952085494995
1785290094.5877163,0.0,0.0,0.0023644158840179443
1785290094.590401,0.0,0.0,0.002291680097579956
1785290094.5931706,0.0,0.0,0.002378528118133545
1785290094.5959249,0.0,0.0,0.00236246395111084
1785290094.5986493,0.0,0.0,0.0023359360694885254
1785290094.6017559,0.0,0.0,0.0027172160148620605
1785290094.6048727,0.0,0.0,0.0026558079719543456
1785290094.6082888,0.0,0.0,0.0029812159538269043
1785290094.6110203,0.0,0.0,0.0023351359367370607
1785290094.6137934,0.0,0.0,0.0023608639240264894
1785290094.6165397,0.0,0.0,0.0023610880374908445
1785290094.6192956,0.0,0.0,0.0023677120208740235
1785290094.6219728,0.0,0.0,0.0022892160415649413
1785290094.6247034,0.0,0.0,0.0023473598957061766
1785290094.6274593,0.0,0.0,0.002365952014923096
1785290094.6301901,0.0,0.0,0.002339871883392334
1785290094.6329238,0.0,0.0,0.0023495359420776366
1785290094.6356661,0.0,0.0,0.002351232051849365
1785290094.638373,0.0,0.0,0.0023203198909759522
1785290094.6411242,0.0,0.0,0.002355871915817261
1785290094.6438363,0.0,0.0,0.002319711923599243
1785290094.646548,0.0,0.0,0.0023250880241394043
1785290094.6492927,0.0,0.0,0.0023519999980926515
1785290094.6520588,0.0,0.0,0.002375967979431152
1785290094.654762,0.0,0.0,0.0023207359313964842
1785290094.657547,0.0,0.0,0.002372544050216675
1785290094.6602962,0.0,0.0,0.0023656320571899415
1785290094.6636126,0.0,0.0,0.00237558388710022
1785290094.6662943,0.0,0.0,0.0022924160957336426
1785290094.6690526,0.0,0.0,0.002374336004257202
1785290094.6718225,0.0,0.0,0.002377311944961548
1785290094.674549,0.0,0.0,0.002341952085494995
1785290094.6773238,0.0,0.0,0.0023887999057769773
1785290094.6800847,0.0,0.0,0.002376512050628662
1785290094.6827924,0.0,0.0,0.0023225600719451902
1785290094.6855385,0.0,0.0,0.002334464073181152
1785290094.6882885,0.0,0.0,0.0023674240112304687
1785290094.6909811,0.0,0.0,0.00230182409286499
1785290094.693738,0.0,0.0,0.0023375680446624755
1785290094.6965375,0.0,0.0,0.002408799886703491
1785290094.6992729,0.0,0.0,0.0023482561111450194
1785290094.7020023,0.0,0.0,0.0023421759605407716
1785290094.704894,0.0,0.0,0.002506400108337402
1785290094.7078319,0.0,0.0,0.0025286080837249756
1785290094.7105253,0.0,0.0,0.002305599927902222
1785290094.7133603,0.0,0.0,0.002453919887542725
1785290094.7167125,0.0,0.0,0.0029661760330200195
1785290094.7195125,0.0,0.0,0.002405280113220215
1785290094.722244,0.0,0.0,0.0023348801136016846
1785290094.7250032,0.0,0.0,0.0023784639835357667
1785290094.7277665,0.0,0.0,0.002377023935317993
1785290094.730442,0.0,0.0,0.0022923519611358642
1785290094.7332146,0.0,0.0,0.0023908801078796386
1785290094.7359138,0.0,0.0,0.002313215970993042
1785290094.7386444,0.0,0.0,0.0023436479568481445
1785290094.7413816,0.0,0.0,0.002352992057800293
1785290094.7441432,0.0,0.0,0.0023775999546051026
1785290094.7468488,0.0,0.0,0.0023249599933624267
1785290094.7495553,0.0,0.0,0.002303679943084717
1785290094.752244,0.0,0.0,0.0023108160495758055
1785290094.754988,0.0,0.0,0.0023608319759368898
1785290094.7577438,0.0,0.0,0.0023441920280456545
1785290094.7604587,0.0,0.0,0.0023283839225769045
1785290094.76317,0.0,0.0,0.0023237760066986083
1785290094.7659087,0.0,0.0,0.0023459839820861817
1785290094.7686946,0.0,0.0,0.0023962559700012208
1785290094.7719483,0.0,0.0,0.0028703041076660156
1785290094.7746432,0.0,0.0,0.0023039679527282714
1785290094.7774014,0.0,0.0,0.0023775360584259034
1785290094.7801058,0.0,0.0,0.0023224000930786135
1785290094.7828274,0.0,0.0,0.002336639881134033
1785290094.7855763,0.0,0.0,0.0023372480869293215
1785290094.7882683,0.0,0.0,0.0023053760528564454
1785290094.7909284,0.0,0.0,0.002277983903884888
1785290094.7936537,0.0,0.0,0.0023128321170806884
1785290094.7963948,0.0,0.0,0.0023641281127929686
1785290094.7991416,0.0,0.0,0.002363392114639282
1785290094.8018637,0.0,0.0,0.002337503910064697
1785290094.804595,0.0,0.0,0.002343775987625122
1785290094.8073347,0.0,0.0,0.002361855983734131
1785290094.8100874,0.0,0.0,0.0023670079708099363
1785290094.8128219,0.0,0.0,0.0023513920307159423
1785290094.8155372,0.0,0.0,0.0023339200019836426
1785290094.8182259,0.0,0.0,0.0023014400005340577
1785290094.8209782,0.0,0.0,0.0023672640323638915
1785290094.823774,0.0,0.0,0.0024073278903961183
1785290094.8271084,0.0,0.0,0.002931135892868042
1785290094.8298655,0.0,0.0,0.0023622078895568846
1785290094.8326058,0.0,0.0,0.002358272075653076
1785290094.835346,0.0,0.0,0.002359839916229248
1785290094.8380578,0.0,0.0,0.002329792022705078
1785290094.8408172,0.0,0.0,0.002376928091049194
1785290094.8435378,0.0,0.0,0.002338464021682739
1785290094.846265,0.0,0.0,0.002345088005065918
1785290094.849015,0.0,0.0,0.0023677120208740235
1785290094.851743,0.0,0.0,0.0023376319408416747
1785290094.8544118,0.0,0.0,0.0022888000011444093
1785290094.8571382,0.0,0.0,0.002345695972442627
1785290094.8598669,0.0,0.0,0.002349792003631592
1785290094.862533,0.0,0.0,0.0022890880107879637
1785290094.8652868,0.0,0.0,0.002371135950088501
1785290094.8680394,0.0,0.0,0.0023656959533691407
1785290094.8707292,0.0,0.0,0.0023051838874816894
1785290094.8734934,0.0,0.0,0.0023625919818878174
1785290094.8761919,0.0,0.0,0.0023125119209289552
1785290094.8789587,0.0,0.0,0.0023850560188293456
1785290094.8822422,0.0,0.0,0.002879839897155762
1785290094.885021,0.0,0.0,0.002388511896133423
1785290094.8877351,0.0,0.0,0.0023296000957489012
1785290094.890466,0.0,0.0,0.0023440001010894777
1785290094.8932283,0.0,0.0,0.0023781440258026122
1785290094.8959763,0.0,0.0,0.0023575680255889893
1785290094.898673,0.0,0.0,0.002319391965866089
1785290094.901456,0.0,0.0,0.0024032320976257325
1785290094.904181,0.0,0.0,0.002340127944946289
1785290094.9069183,0.0,0.0,0.0023459839820861817
1785290094.9096417,0.0,0.0,0.002324575901031494
1785290094.9123626,0.0,0.0,0.002336384057998657
1785290094.9150703,0.0,0.0,0.0023240959644317627
1785290094.9178126,0.0,0.0,0.002327712059020996
1785290094.9205408,0.0,0.0,0.0023402879238128664
1785290094.923282,0.0,0.0,0.0023546879291534424
1785290094.9260392,0.0,0.0,0.0023661119937896727
1785290094.9287913,0.0,0.0,0.002366719961166382
1785290094.9315488,0.0,0.0,0.002371488094329834
1785290094.934341,0.0,0.0,0.0024008960723876953
1785290094.9377782,0.0,0.0,0.0030493121147155762
1785290094.940538,0.0,0.0,0.0023690559864044188
1785290094.9432755,0.0,0.0,0.002346560001373291
1785290094.9459505,0.0,0.0,0.0022892160415649413
1785290094.9486759,0.0,0.0,0.00234006404876709
1785290094.9513729,0.0,0.0,0.0023062400817871094
1785290094.9540958,0.0,0.0,0.0023390400409698487
1785290094.956846,0.0,0.0,0.0023720641136169432
1785290094.959606,0.0,0.0,0.002374079942703247
1785290094.962305,0.0,0.0,0.0023121280670166016
1785290094.9650006,0.0,0.0,0.00230511999130249
1785290094.9677472,0.0,0.0,0.002369215965270996
1785290094.9704673,0.0,0.0,0.0023289599418640137
1785290094.9732018,0.0,0.0,0.0023529601097106935
1785290094.9758718,0.0,0.0,0.0022898240089416506
1785290094.9785268,0.0,0.0,0.0022703359127044676
1785290094.981207,0.0,0.0,0.0022973759174346924
1785290094.9839332,0.0,0.0,0.0023484160900115966
1785290094.9866273,0.0,0.0,0.0023087999820709227
1785290094.9894125,0.0,0.0,0.002398751974105835
1785290094.9928956,0.0,0.0,0.003097887992858887
1785290094.9956853,0.0,0.0,0.002399359941482544
1785290094.9984426,0.0,0.0,0.0023712639808654784
1785290095.0012078,0.0,0.0,0.0023716480731964112
1785290095.0039544,0.0,0.0,0.0023584320545196533
1785290095.0066924,0.0,0.0,0.002348223924636841
1785290095.0093875,0.0,0.0,0.0023137600421905516
1785290095.012135,0.0,0.0,0.0023667519092559815
1785290095.014866,0.0,0.0,0.002344928026199341
1785290095.0176406,0.0,0.0,0.002365855932235718
1785290095.0203805,0.0,0.0,0.0023598079681396485
1785290095.0230644,0.0,0.0,0.002300447940826416
1785290095.0258036,0.0,0.0,0.0023334720134735106
1785290095.0285358,0.0,0.0,0.0023508799076080323
1785290095.0312967,0.0,0.0,0.002377408027648926
1785290095.0340137,0.0,0.0,0.0023263039588928224
1785290095.0367467,0.0,0.0,0.0023524799346923827
1785290095.0395045,0.0,0.0,0.002371840000152588
1785290095.0421782,0.0,0.0,0.002286911964416504
1785290095.0449634,0.0,0.0,0.0024007039070129393
1785290095.0481546,0.0,0.0,0.0028096001148223875
1785290095.050885,0.0,0.0,0.0023465919494628906
1785290095.0536473,0.0,0.0,0.0023551359176635744
1785290095.0563853,0.0,0.0,0.0023513600826263427
1785290095.0591424,0.0,0.0,0.0023679039478302004
1785290095.06188,0.0,0.0,0.0023459200859069825
1785290095.0646298,0.0,0.0,0.0023622078895568846
1785290095.0673373,0.0,0.0,0.0023282880783081056
1785290095.0700486,0.0,0.0,0.0023216640949249266
1785290095.0727913,0.0,0.0,0.0023621439933776854
1785290095.0755346,0.0,0.0,0.002362015962600708
1785290095.0782673,0.0,0.0,0.0023507840633392335
1785290095.0809867,0.0,0.0,0.002335200071334839
1785290095.0837128,0.0,0.0,0.0023424320220947264
1785290095.0863817,0.0,0.0,0.0022836480140686036
1785290095.08913,0.0,0.0,0.002364192008972168
1785290095.0918052,0.0,0.0,0.0022905280590057374
1785290095.0945005,0.0,0.0,0.002315648078918457
1785290095.0972242,0.0,0.0,0.002343424081802368
1785290095.1000228,0.0,0.0,0.0024215359687805174
1785290095.1033342,0.0,0.0,0.0029292480945587156
1785290095.1060696,0.0,0.0,0.002350464105606079
1785290095.1088228,0.0,0.0,0.0023743999004364013
1785290095.1115193,0.0,0.0,0.002309887886047363
1785290095.1141968,0.0,0.0,0.0022897601127624513
1785290095.1168997,0.0,0.0,0.0023231680393218995
1785290095.1196623,0.0,0.0,0.002379296064376831
1785290095.122389,0.0,0.0,0.002339103937149048
1785290095.1251004,0.0,0.0,0.002325632095336914
1785290095.127829,0.0,0.0,0.0023463358879089354
1785290095.130532,0.0,0.0,0.002317888021469116
1785290095.133228,0.0,0.0,0.0023089919090270995
1785290095.1359646,0.0,0.0,0.0023498239517211915
1785290095.1386628,0.0,0.0,0.0023099520206451415
1785290095.1413596,0.0,0.0,0.002315295934677124
1785290095.1440895,0.0,0.0,0.002346816062927246
1785290095.146753,0.0,0.0,0.002278559923171997
1785290095.1495013,0.0,0.0,0.002346368074417114
1785290095.1522071,0.0,0.0,0.002319295883178711
1785290095.1550229,0.0,0.0,0.002424992084503174
1785290095.158428,0.0,0.0,0.0029832000732421876
1785290095.1612298,0.0,0.0,0.002412031888961792
1785290095.1639702,0.0,0.0,0.002359584093093872
1785290095.1666465,0.0,0.0,0.002292288064956665
1785290095.169427,0.0,0.0,0.0023845760822296144
1785290095.1721747,0.0,0.0,0.0023628480434417726
1785290095.17485,0.0,0.0,0.0022897279262542726
1785290095.1775904,0.0,0.0,0.002340480089187622
1785290095.1803122,0.0,0.0,0.0023367679119110107
1785290095.1830375,0.0,0.0,0.0023446719646453857
1785290095.185815,0.0,0.0,0.0023638079166412355
1785290095.1885917,0.0,0.0,0.0023944640159606935
1785290095.1913385,0.0,0.0,0.0023604159355163573
1785290095.1939986,0.0,0.0,0.002277791976928711
1785290095.1966922,0.0,0.0,0.0023108799457550048
1785290095.199455,0.0,0.0,0.0023788800239562986
1785290095.2021708,0.0,0.0,0.00233625602722168
1785290095.2049315,0.0,0.0,0.0023810880184173583
1785290095.207679,0.0,0.0,0.0023663361072540283
1785290095.2104616,0.0,0.0,0.0024040958881378174
1785290095.2135375,0.0,0.0,0.00269814395904541
1785290095.2162921,0.0,0.0,0.002364543914794922
1785290095.2190235,0.0,0.0,0.0023505918979644775
1785290095.221798,0.0,0.0,0.0023625919818878174
1785290095.2245288,0.0,0.0,0.0023447999954223633
1785290095.22729,0.0,0.0,0.002370879888534546
1785290095.230013,0.0,0.0,0.002340447902679443
1785290095.2327645,0.0,0.0,0.0023689279556274416
1785290095.2355134,0.0,0.0,0.002359328031539917
1785290095.2382555,0.0,0.0,0.0023517119884490967
1785290095.241001,0.0,0.0,0.0023610880374908445
1785290095.2437003,0.0,0.0,0.0023083839416503907
1785290095.2463782,0.0,0.0,0.002295583963394165
1785290095.2491188,0.0,0.0,0.0023568639755249025
1785290095.2518792,0.0,0.0,0.0023739199638366697
1785290095.2545838,0.0,0.0,0.0023165760040283205
1785290095.2573414,0.0,0.0,0.0023732481002807617
1785290095.2600646,0.0,0.0,0.0023425281047821044
1785290095.2628086,0.0,0.0,0.0023546559810638428
1785290095.265598,0.0,0.0,0.0023800959587097167
1785290095.2686923,0.0,0.0,0.002709376096725464
1785290095.2714498,0.0,0.0,0.002370815992355347
1785290095.2741404,0.0,0.0,0.002305056095123291
1785290095.2769072,0.0,0.0,0.0023854401111602784
1785290095.27966,0.0,0.0,0.0023698239326477052
1785290095.2823226,0.0,0.0,0.002275360107421875
1785290095.285025,0.0,0.0,0.002324064016342163
1785290095.2877562,0.0,0.0,0.0023465280532836913
1785290095.2904208,0.0,0.0,0.0022746880054473877
1785290095.2931452,0.0,0.0,0.0023382079601287843
1785290095.2958603,0.0,0.0,0.0023316800594329833
1785290095.2985625,0.0,0.0,0.0023168959617614745
1785290095.3013082,0.0,0.0,0.0023631680011749266
1785290095.3040047,0.0,0.0,0.0023132479190826416
1785290095.306739,0.0,0.0,0.002349407911300659
1785290095.309493,0.0,0.0,0.002350912094116211
1785290095.312251,0.0,0.0,0.0023701438903808592
1785290095.3149674,0.0,0.0,0.002327967882156372
1785290095.3177667,0.0,0.0,0.002390431880950928
1785290095.320554,0.0,0.0,0.0024050240516662598
1785290095.3238363,0.0,0.0,0.0028962879180908204
1785290095.326593,0.0,0.0,0.00237174391746521
1785290095.3293557,0.0,0.0,0.0023803839683532715
1785290095.332103,0.0,0.0,0.0023628799915313722
1785290095.334881,0.0,0.0,0.0023859519958496092
1785290095.3376453,0.0,0.0,0.0023585920333862305
1785290095.340382,0.0,0.0,0.0023535680770874023
1785290095.3431332,0.0,0.0,0.0023446719646453857
1785290095.3458657,0.0,0.0,0.002329375982284546
1785290095.3486137,0.0,0.0,0.002356064081192017
1785290095.35136,0.0,0.0,0.0023601279258728025
1785290095.3540938,0.0,0.0,0.002345407962799072
1785290095.3567967,0.0,0.0,0.0023197760581970214
1785290095.359548,0.0,0.0,0.0023654398918151855
1785290095.3622575,0.0,0.0,0.0023178560733795165
1785290095.364988,0.0,0.0,0.002345855951309204
1785290095.3676925,0.0,0.0,0.00232092809677124
1785290095.370406,0.0,0.0,0.002327712059020996
1785290095.3731508,0.0,0.0,0.002361407995223999
1785290095.3759525,0.0,0.0,0.002416896104812622
1785290095.3789256,0.0,0.0,0.0025867199897766113
1785290095.3816798,0.0,0.0,0.002334144115447998
1785290095.384422,0.0,0.0,0.0023559999465942384
1785290095.38718,0.0,0.0,0.0023729279041290285
1785290095.389912,0.0,0.0,0.002348351955413818
1785290095.3926616,0.0,0.0,0.002370239973068237
1785290095.3954082,0.0,0.0,0.0023601279258728025
1785290095.3981194,0.0,0.0,0.0023299200534820557
1785290095.4008546,0.0,0.0,0.002349951982498169
1785290095.4034946,0.0,0.0,0.0022630720138549806
1785290095.4061584,0.0,0.0,0.002275712013244629
1785290095.4088502,0.0,0.0,0.00230950403213501
1785290095.4115477,0.0,0.0,0.0023177599906921385
1785290095.4142423,0.0,0.0,0.0023127040863037108
1785290095.417041,0.0,0.0,0.0024146881103515624
1785290095.4197958,0.0,0.0,0.0023678719997406008
1785290095.4224782,0.0,0.0,0.0022909440994262694
1785290095.4252152,0.0,0.0,0.002352799892425537
1785290095.4279592,0.0,0.0,0.0023604159355163573
1785290095.4307308,0.0,0.0,0.0023847360610961916
1785290095.4340274,0.0,0.0,0.002890592098236084
1785290095.4368026,0.0,0.0,0.0023830399513244628
1785290095.4395516,0.0,0.0,0.0023645119667053223
1785290095.4423,0.0,0.0,0.002358527898788452
1785290095.445077,0.0,0.0,0.0023903679847717286
1785290095.4477913,0.0,0.0,0.0023357760906219482
1785290095.450464,0.0,0.0,0.0022911040782928466
1785290095.4531934,0.0,0.0,0.002347520112991333
1785290095.455928,0.0,0.0,0.002353408098220825
1785290095.4585984,0.0,0.0,0.0022825279235839844
1785290095.461331,0.0,0.0,0.0023484160900115966
1785290095.4640856,0.0,0.0,0.0023650879859924315
1785290095.4667957,0.0,0.0,0.0023243839740753175
1785290095.469522,0.0,0.0,0.002309056043624878
1785290095.472269,0.0,0.0,0.0023597440719604493
1785290095.4749658,0.0,0.0,0.0023094720840454103
1785290095.4777012,0.0,0.0,0.002328255891799927
1785290095.4804757,0.0,0.0,0.0023846399784088136
1785290095.483226,0.0,0.0,0.002363679885864258
1785290095.4859884,0.0,0.0,0.0023690559864044188
1785290095.489204,0.0,0.0,0.0028236799240112303
1785290095.4919367,0.0,0.0,0.0023467841148376465
1785290095.494642,0.0,0.0,0.0023185598850250246
1785290095.497408,0.0,0.0,0.0023814399242401123
1785290095.5001438,0.0,0.0,0.0023503360748291014
1785290095.5028617,0.0,0.0,0.0023301119804382325
1785290095.5055852,0.0,0.0,0.0023208320140838622
1785290095.508263,0.0,0.0,0.0022969279289245604
1785290095.5109622,0.0,0.0,0.002311712026596069
1785290095.513691,0.0,0.0,0.0023188800811767578
1785290095.5164692,0.0,0.0,0.0023970239162445068
1785290095.5192232,0.0,0.0,0.002368959903717041
1785290095.5219605,0.0,0.0,0.002352288007736206
1785290095.5247076,0.0,0.0,0.002367199897766113
1785290095.5274496,0.0,0.0,0.002360447883605957
1785290095.5301993,0.0,0.0,0.0023604800701141357
1785290095.5329592,0.0,0.0,0.002373568058013916
1785290095.535718,0.0,0.0,0.002371135950088501
1785290095.5384264,0.0,0.0,0.0023186879158020018
1785290095.5412307,0.0,0.0,0.002416224002838135
1785290095.544422,0.0,0.0,0.0028076159954071047
1785290095.5471926,0.0,0.0,0.0023810880184173583
1785290095.549914,0.0,0.0,0.0023308160305023193
1785290095.5526676,0.0,0.0,0.0023688321113586428
1785290095.5554173,0.0,0.0,0.0023650240898132322
1785290095.5581625,0.0,0.0,0.002356735944747925
1785290095.560945,0.0,0.0,0.0023874878883361817
1785290095.563704,0.0,0.0,0.0023660480976104735
1785290095.5663998,0.0,0.0,0.0023092479705810547
1785290095.5691452,0.0,0.0,0.0023583359718322753
1785290095.571868,0.0,0.0,0.0023434879779815673
1785290095.5746043,0.0,0.0,0.002351232051849365
1785290095.5773833,0.0,0.0,0.0023953280448913575
1785290095.5801246,0.0,0.0,0.0023563199043273924
1785290095.582837,0.0,0.0,0.0023291521072387696
1785290095.5855916,0.0,0.0,0.002350208044052124
1785290095.5883582,0.0,0.0,0.0023863039016723633
1785290095.5910563,0.0,0.0,0.0023156800270080565
1785290095.5938272,0.0,0.0,0.00235913610458374
1785290095.5966122,0.0,0.0,0.0024015679359436037
1785290095.5999396,0.0,0.0,0.0029405760765075684
1785290095.602702,0.0,0.0,0.002369407892227173
1785290095.605473,0.0,0.0,0.0023816959857940675
1785290095.6082082,0.0,0.0,0.0023472959995269774
1785290095.6109533,0.0,0.0,0.0023555519580841064
1785290095.6136935,0.0,0.0,0.0023326079845428466
1785290095.616435,0.0,0.0,0.0023508479595184327
1785290095.619134,0.0,0.0,0.0023178238868713378
1785290095.6218464,0.0,0.0,0.0023264319896698
1785290095.6246123,0.0,0.0,0.0023814079761505127
1785290095.6273656,0.0,0.0,0.002368063926696777
1785290095.6301055,0.0,0.0,0.002351423978805542
1785290095.6328428,0.0,0.0,0.0023503999710083007
1785290095.6355948,0.0,0.0,0.0023683199882507324
1785290095.638312,0.0,0.0,0.002329440116882324
1785290095.6410024,0.0,0.0,0.002305984020233154
1785290095.6437602,0.0,0.0,0.002372895956039429
1785290095.6464794,0.0,0.0,0.0023358399868011475
1785290095.6493797,0.0,0.0,0.0025108160972595215
1785290095.6521301,0.0,0.0,0.002368351936340332
1785290095.6554961,0.0,0.0,0.0029749119281768798
1785290095.6581993,0.0,0.0,0.0023133759498596192
1785290095.660918,0.0,0.0,0.0023396480083465575
1785290095.6636164,0.0,0.0,0.002316256046295166
1785290095.6663587,0.0,0.0,0.002350752115249634
1785290095.669142,0.0,0.0,0.002400991916656494
1785290095.6719096,0.0,0.0,0.002386240005493164
1785290095.6746502,0.0,0.0,0.00235315203666687
1785290095.6774013,0.0,0.0,0.002361952066421509
1785290095.6801186,0.0,0.0,0.0023354880809783934
1785290095.6828551,0.0,0.0,0.0023516480922698975
1785290095.6856158,0.0,0.0,0.0023600640296936033
1785290095.6883743,0.0,0.0,0.0023735039234161377
1785290095.6911159,0.0,0.0,0.002339679956436157
1785290095.6938658,0.0,0.0,0.0023615360260009766
1785290095.6966252,0.0,0.0,0.0023850560188293456
1785290095.699383,0.0,0.0,0.002368063926696777
1785290095.7021282,0.0,0.0,0.0023531839847564695
1785290095.7049797,0.0,0.0,0.002460031986236572
1785290095.7077448,0.0,0.0,0.0023802239894866943
1785290095.7110748,0.0,0.0,0.002947999954223633
1785290095.7138662,0.0,0.0,0.0023708479404449465
1785290095.7166562,0.0,0.0,0.002403680086135864
1785290095.719448,0.0,0.0,0.002406527996063232
1785290095.7221947,0.0,0.0,0.002354624032974243
1785290095.725004,0.0,0.0,0.0024209599494934082
1785290095.7277558,0.0,0.0,0.0023714239597320557
1785290095.7307184,0.0,0.0,0.002562880039215088
1785290095.7335324,0.0,0.0,0.0023984639644622804
1785290095.7362933,0.0,0.0,0.002377824068069458
1785290095.7390106,0.0,0.0,0.002334752082824707
1785290095.7417176,0.0,0.0,0.0023070080280303954
1785290095.7444773,0.0,0.0,0.002371040105819702
1785290095.7472317,0.0,0.0,0.002370176076889038
1785290095.7499204,0.0,0.0,0.0022998080253601072
1785290095.752655,0.0,0.0,0.0023464000225067137
1785290095.7554035,0.0,0.0,0.0023666560649871827
1785290095.7581236,0.0,0.0,0.00233404803276062
1785290095.760869,0.0,0.0,0.0023652479648590087
1785290095.764133,0.0,0.0,0.0028776319026947023
1785290095.7668757,0.0,0.0,0.0023526721000671387
1785290095.769579,0.0,0.0,0.002292736053466797
1785290095.7723434,0.0,0.0,0.0023802878856658935
1785290095.7750661,0.0,0.0,0.002327712059020996
1785290095.7778304,0.0,0.0,0.002341439962387085
1785290095.780594,0.0,0.0,0.00237558388710022
1785290095.7833607,0.0,0.0,0.0023810880184173583
1785290095.786079,0.0,0.0,0.0023324480056762693
1785290095.788811,0.0,0.0,0.002350048065185547
1785290095.7915437,0.0,0.0,0.002352288007736206
1785290095.7942896,0.0,0.0,0.002358720064163208
1785290095.7970395,0.0,0.0,0.002366879940032959
1785290095.7997737,0.0,0.0,0.0023543360233306884
1785290095.8024263,0.0,0.0,0.0022715840339660644
1785290095.8051696,0.0,0.0,0.002363775968551636
1785290095.8079333,0.0,0.0,0.0023830718994140624
1785290095.8106925,0.0,0.0,0.0023808639049530027
1785290095.8134842,0.0,0.0,0.0023910400867462158
1785290095.8162034,0.0,0.0,0.0023375680446624755
1785290095.8194375,0.0,0.0,0.0028516159057617187
1785290095.822176,0.0,0.0,0.002347104072570801
1785290095.8249345,0.0,0.0,0.0023772480487823486
1785290095.827691,0.0,0.0,0.0023678081035614015
1785290095.830459,0.0,0.0,0.0023864641189575196
1785290095.8332279,0.0,0.0,0.002386336088180542
1785290095.8359811,0.0,0.0,0.0023707520961761476
1785290095.83871,0.0,0.0,0.0023489599227905274
1785290095.8414712,0.0,0.0,0.0023753600120544434
1785290095.844206,0.0,0.0,0.00235699200630188
1785290095.846925,0.0,0.0,0.002330944061279297
1785290095.8497038,0.0,0.0,0.002355520009994507
1785290095.8524556,0.0,0.0,0.0023756160736083986
1785290095.8551986,0.0,0.0,0.002359008073806763
1785290095.857872,0.0,0.0,0.0022871360778808593
1785290095.8606045,0.0,0.0,0.002352992057800293
1785290095.8633208,0.0,0.0,0.0023355839252471922
1785290095.866012,0.0,0.0,0.00229801607131958
1785290095.868777,0.0,0.0,0.0023846399784088136
1785290095.8715012,0.0,0.0,0.002337791919708252
1785290095.874887,0.0,0.0,0.0030006721019744872
1785290095.8776388,0.0,0.0,0.002327903985977173
1785290095.880402,0.0,0.0,0.0023803839683532715
1785290095.8830783,0.0,0.0,0.002296960115432739
1785290095.885838,0.0,0.0,0.0023540160655975344
1785290095.888607,0.0,0.0,0.002382528066635132
1785290095.8913438,0.0,0.0,0.0023533439636230467
1785290095.894083,0.0,0.0,0.0023548800945281984
1785290095.8968368,0.0,0.0,0.0023705921173095704
1785290095.8995733,0.0,0.0,0.0023541440963745115
1785290095.902294,0.0,0.0,0.002336064100265503
1785290095.9049754,0.0,0.0,0.0023008320331573484
1785290095.90765,0.0,0.0,0.0022959680557250975
1785290095.9103587,0.0,0.0,0.0023253440856933595
1785290095.9131143,0.0,0.0,0.0023767681121826174
1785290095.9158068,0.0,0.0,0.0023105599880218508
1785290095.9184947,0.0,0.0,0.002308255910873413
1785290095.921232,0.0,0.0,0.002349792003631592
1785290095.9239845,0.0,0.0,0.0023657279014587403
1785290095.9266815,0.0,0.0,0.0023092479705810547
1785290095.9300017,0.0,0.0,0.00293174409866333
1785290095.93278,0.0,0.0,0.0023851521015167236
1785290095.9355316,0.0,0.0,0.0023690879344940184
1785290095.9382713,0.0,0.0,0.0023533439636230467
1785290095.9410384,0.0,0.0,0.0023818559646606443
1785290095.9437726,0.0,0.0,0.002352447986602783
1785290095.9464822,0.0,0.0,0.0023246400356292723
1785290095.9492326,0.0,0.0,0.0023618879318237306
1785290095.9519897,0.0,0.0,0.0023690879344940184
1785290095.9546952,0.0,0.0,0.00232096004486084
1785290095.9574592,0.0,0.0,0.002385119915008545
1785290095.9602177,0.0,0.0,0.0023739519119262693
1785290095.9629264,0.0,0.0,0.0023217599391937255
1785290095.9656632,0.0,0.0,0.0023297278881072997
1785290095.9683685,0.0,0.0,0.0023206079006195066
1785290095.9710362,0.0,0.0,0.0022897279262542726
1785290095.9737842,0.0,0.0,0.0023382079601287843
1785290095.976554,0.0,0.0,0.0023711678981781005
1785290095.9793196,0.0,0.0,0.0023805439472198487
1785290095.9820523,0.0,0.0,0.0023462400436401365
1785290095.9852355,0.0,0.0,0.002802367925643921
1785290095.987953,0.0,0.0,0.0023199360370635986
1785290095.9906776,0.0,0.0,0.0023444480895996093
1785290095.9934354,0.0,0.0,0.0023728320598602297
1785290095.9961948,0.0,0.0,0.0023733439445495605
1785290095.998953,0.0,0.0,0.002370271921157837
1785290096.0017364,0.0,0.0,0.0023776319026947022
1785290096.0044873,0.0,0.0,0.002365952014923096
1785290096.0072105,0.0,0.0,0.002326911926269531
1785290096.0099642,0.0,0.0,0.0023603200912475585
1785290096.012675,0.0,0.0,0.0023245120048522947
1785290096.0154269,0.0,0.0,0.002362335920333862
1785290096.018148,0.0,0.0,0.002335007905960083
1785290096.0209224,0.0,0.0,0.002377408027648926
1785290096.0236824,0.0,0.0,0.002373984098434448
1785290096.026452,0.0,0.0,0.0023858239650726316
1785290096.0291731,0.0,0.0,0.002338144063949585
1785290096.031915,0.0,0.0,0.0023550400733947756
1785290096.0346508,0.0,0.0,0.0023565120697021484
1785290096.0373747,0.0,0.0,0.0023424320220947264
1785290096.0403352,0.0,0.0,0.002575200080871582
1785290096.0430746,0.0,0.0,0.0023531200885772703
1785290096.0458398,0.0,0.0,0.002355488061904907
1785290096.0485585,0.0,0.0,0.0023348801136016846
1785290096.0512695,0.0,0.0,0.0023299200534820557
1785290096.0539975,0.0,0.0,0.002336832046508789
1785290096.0567105,0.0,0.0,0.002325279951095581
1785290096.0594535,0.0,0.0,0.002355583906173706
1785290096.0621853,0.0,0.0,0.0023480958938598634
1785290096.0649567,0.0,0.0,0.0023819520473480223
1785290096.0676882,0.0,0.0,0.0023430719375610353
1785290096.0704174,0.0,0.0,0.0023464000225067137
1785290096.0731494,0.0,0.0,0.002346911907196045
1785290096.0758753,0.0,0.0,0.002343712091445923
1785290096.0785801,0.0,0.0,0.00232044792175293
1785290096.0813193,0.0,0.0,0.0023584001064300537
1785290096.0840514,0.0,0.0,0.0023492801189422606
1785290096.086771,0.0,0.0,0.002337280035018921
1785290096.0894694,0.0,0.0,0.002285696029663086
1785290096.092204,0.0,0.0,0.0023535680770874023
1785290096.0954304,0.0,0.0,0.002852799892425537
1785290096.0981627,0.0,0.0,0.002340928077697754
1785290096.100901,0.0,0.0,0.002354559898376465
1785290096.1036441,0.0,0.0,0.00235862398147583
1785290096.1063108,0.0,0.0,0.002283423900604248
1785290096.109061,0.0,0.0,0.0023711678981781005
1785290096.1117766,0.0,0.0,0.002327296018600464
1785290096.1144962,0.0,0.0,0.0023385920524597167
1785290096.117248,0.0,0.0,0.0023674240112304687
1785290096.1200008,0.0,0.0,0.002375648021697998
1785290096.1227112,0.0,0.0,0.002324415922164917
1785290096.1254356,0.0,0.0,0.002344288110733032
1785290096.1281707,0.0,0.0,0.002348992109298706
1785290096.1309137,0.0,0.0,0.0023584001064300537
1785290096.1336849,0.0,0.0,0.0023612799644470214
1785290096.1364467,0.0,0.0,0.0023775999546051026
1785290096.139208,0.0,0.0,0.0023758080005645754
1785290096.1419494,0.0,0.0,0.0023599998950958254
1785290096.1447268,0.0,0.0,0.0023938241004943846
1785290096.147443,0.0,0.0,0.0023302719593048097
1785290096.1506324,0.0,0.0,0.0028065280914306642
1785290096.1534233,0.0,0.0,0.002399296045303345
1785290096.156173,0.0,0.0,0.0023628480434417726
1785290096.1589122,0.0,0.0,0.00234883189201355
1785290096.1617022,0.0,0.0,0.002376447916030884
1785290096.164406,0.0,0.0,0.002317215919494629
1785290096.167088,0.0,0.0,0.0022938239574432375
1785290096.1698065,0.0,0.0,0.002305599927902222
1785290096.1725612,0.0,0.0,0.0023678719997406008
1785290096.175263,0.0,0.0,0.0023176639080047605
1785290096.177992,0.0,0.0,0.0023395841121673583
1785290096.1807358,0.0,0.0,0.002358527898788452
1785290096.1834815,0.0,0.0,0.0023673601150512695
1785290096.1862082,0.0,0.0,0.0023480958938598634
1785290096.188952,0.0,0.0,0.0023629438877105714
1785290096.1916928,0.0,0.0,0.0023619201183319094
1785290096.1944008,0.0,0.0,0.002324064016342163
1785290096.1971614,0.0,0.0,0.0023736960887908937
1785290096.1999114,0.0,0.0,0.0023639039993286134
1785290096.2026725,0.0,0.0,0.002375200033187866
1785290096.205684,0.0,0.0,0.0026297919750213625
1785290096.2084641,0.0,0.0,0.002390239953994751
1785290096.2112684,0.0,0.0,0.0024169600009918213
1785290096.214001,0.0,0.0,0.002342400074005127
1785290096.216759,0.0,0.0,0.0023759360313415526
1785290096.2195373,0.0,0.0,0.0023962559700012208
1785290096.2222834,0.0,0.0,0.0023603200912475585
1785290096.225041,0.0,0.0,0.0023736960887908937
1785290096.2277977,0.0,0.0,0.002366719961166382
1785290096.2305377,0.0,0.0,0.002354559898376465
1785290096.2333171,0.0,0.0,0.002396512031555176
1785290096.2360406,0.0,0.0,0.00234118390083313
1785290096.2387683,0.0,0.0,0.002339263916015625
1785290096.2415211,0.0,0.0,0.00234934401512146
1785290096.2442758,0.0,0.0,0.0023674240112304687
1785290096.2469895,0.0,0.0,0.0023320000171661377
1785290096.2497485,0.0,0.0,0.002355776071548462
1785290096.2524574,0.0,0.0,0.002326848030090332
1785290096.255126,0.0,0.0,0.0022624640464782714
1785290096.2578413,0.0,0.0,0.0023346240520477294
1785290096.2609224,0.0,0.0,0.0026967999935150148
1785290096.2636664,0.0,0.0,0.002353215932846069
1785290096.2663987,0.0,0.0,0.0023441920280456545
1785290096.2691333,0.0,0.0,0.0023538239002227784
1785290096.2718873,0.0,0.0,0.0023675200939178467
1785290096.2745426,0.0,0.0,0.0022675840854644775
1785290096.2773063,0.0,0.0,0.002383392095565796
1785290096.2800674,0.0,0.0,0.002372607946395874
1785290096.2827756,0.0,0.0,0.0023267838954925536
1785290096.285529,0.0,0.0,0.0023396480083465575
1785290096.2882907,0.0,0.0,0.002375200033187866
1785290096.2909722,0.0,0.0,0.0023014719486236573
1785290096.2937138,0.0,0.0,0.00233571195602417
1785290096.2964625,0.0,0.0,0.002368607997894287
1785290096.2992272,0.0,0.0,0.0023832640647888184
1785290096.3019426,0.0,0.0,0.002332832098007202
1785290096.304675,0.0,0.0,0.00235152006149292
1785290096.3074324,0.0,0.0,0.0023724160194396973
1785290096.3101504,0.0,0.0,0.0023319039344787598
1785290096.3128896,0.0,0.0,0.002361759901046753
1785290096.3160286,0.0,0.0,0.0027543680667877195
1785290096.3187547,0.0,0.0,0.0023381121158599855
1785290096.3215253,0.0,0.0,0.002358175992965698
1785290096.3242877,0.0,0.0,0.002376703977584839
1785290096.3270102,0.0,0.0,0.00233350396156311
1785290096.329772,0.0,0.0,0.002352351903915405
1785290096.3325176,0.0,0.0,0.002355520009994507
1785290096.3352516,0.0,0.0,0.0023509440422058107
1785290096.3379788,0.0,0.0,0.002339679956436157
1785290096.3406997,0.0,0.0,0.002333312034606934
1785290096.3434508,0.0,0.0,0.0023605120182037353
1785290096.3461213,0.0,0.0,0.0022851200103759764
1785290096.348881,0.0,0.0,0.002376543998718262
1785290096.3516488,0.0,0.0,0.0023789761066436766
1785290096.3543305,0.0,0.0,0.0022926080226898194
1785290096.3570669,0.0,0.0,0.0023481919765472414
1785290096.3598409,0.0,0.0,0.002383008003234863
1785290096.3625739,0.0,0.0,0.0023352639675140383
1785290096.365331,0.0,0.0,0.002373568058013916
1785290096.3681192,0.0,0.0,0.0023959360122680663
1785290096.371156,0.0,0.0,0.0026487998962402342
1785290096.373929,0.0,0.0,0.0023824000358581543
1785290096.3767076,0.0,0.0,0.0023922879695892334
1785290096.3794463,0.0,0.0,0.0023474559783935546
1785290096.3821757,0.0,0.0,0.002347104072570801
1785290096.3849154,0.0,0.0,0.0023512639999389647
1785290096.387657,0.0,0.0,0.002355871915817261
1785290096.3903887,0.0,0.0,0.002344160079956055
1785290096.393128,0.0,0.0,0.002354527950286865
1785290096.3958302,0.0,0.0,0.0023197441101074218
1785290096.398544,0.0,0.0,0.0023295679092407225
1785290096.4012923,0.0,0.0,0.0023682239055633544
1785290096.4040432,0.0,0.0,0.0023650240898132322
1785290096.4067776,0.0,0.0,0.002350719928741455
1785290096.4095197,0.0,0.0,0.0023320319652557374
1785290096.4122374,0.0,0.0,0.002336735963821411
1785290096.4150004,0.0,0.0,0.002377216100692749
1785290096.4177172,0.0,0.0,0.0023080320358276367
1785290096.4204755,0.0,0.0,0.00237443208694458
1785290096.4232726,0.0,0.0,0.0024029760360717773
1785290096.426193,0.0,0.0,0.002528127908706665
1785290096.4289925,0.0,0.0,0.002407968044281006
1785290096.431739,0.0,0.0,0.002356640100479126
1785290096.4344764,0.0,0.0,0.002344928026199341
1785290096.437189,0.0,0.0,0.002327903985977173
1785290096.4399476,0.0,0.0,0.0023735039234161377
1785290096.442682,0.0,0.0,0.002351232051849365
1785290096.4454281,0.0,0.0,0.0023601279258728025
1785290096.448144,0.0,0.0,0.002329792022705078
1785290096.4508557,0.0,0.0,0.0023278400897979736
1785290096.4535458,0.0,0.0,0.0022878079414367677
1785290096.456276,0.0,0.0,0.002343008041381836
1785290096.4589565,0.0,0.0,0.0022959680557250975
1785290096.4617467,0.0,0.0,0.0023856000900268556
1785290096.4645076,0.0,0.0,0.002377824068069458
1785290096.4672627,0.0,0.0,0.002371295928955078
1785290096.4700084,0.0,0.0,0.002352544069290161
1785290096.4727557,0.0,0.0,0.002361504077911377
1785290096.475456,0.0,0.0,0.002316544055938721
1785290096.4781363,0.0,0.0,0.00229584002494812
1785290096.4812756,0.0,0.0,0.0027582080364227297
1785290096.4840055,0.0,0.0,0.0023393599987030027
1785290096.4867415,0.0,0.0,0.0023551681041717528
1785290096.4895082,0.0,0.0,0.002358975887298584
1785290096.4922652,0.0,0.0,0.0023741440773010253
1785290096.495004,0.0,0.0,0.002351680040359497
1785290096.497706,0.0,0.0,0.002293600082397461
1785290096.5004585,0.0,0.0,0.0023658881187438967
1785290096.50322,0.0,0.0,0.00237443208694458
1785290096.505958,0.0,0.0,0.0023523199558258055
1785290096.508671,0.0,0.0,0.002328160047531128
1785290096.5114188,0.0,0.0,0.0023631041049957274
1785290096.51412,0.0,0.0,0.0023163199424743653
1785290096.5168712,0.0,0.0,0.0023646719455718995
1785290096.519614,0.0,0.0,0.0023519039154052735
1785290096.5223484,0.0,0.0,0.002347232103347778
1785290096.5250936,0.0,0.0,0.002356384038925171
1785290096.5278378,0.0,0.0,0.0023562240600585936
1785290096.5305507,0.0,0.0,0.0023260159492492676
1785290096.5332952,0.0,0.0,0.002357759952545166
1785290096.536464,0.0,0.0,0.002782464027404785
1785290096.5391786,0.0,0.0,0.0023249599933624267
1785290096.541868,0.0,0.0,0.0023015360832214357
1785290096.5446105,0.0,0.0,0.002359424114227295
1785290096.5473554,0.0,0.0,0.0023588800430297853
1785290096.5501137,0.0,0.0,0.002371328115463257
1785290096.5528643,0.0,0.0,0.0023633599281311034
1785290096.5555737,0.0,0.0,0.002323296070098877
1785290096.5583248,0.0,0.0,0.0023656959533691407
1785290096.5610852,0.0,0.0,0.00237664008140564
1785290096.5638103,0.0,0.0,0.0023388800621032715
1785290096.5665388,0.0,0.0,0.0023342080116271974
1785290096.5693133,0.0,0.0,0.0023855359554290773
1785290096.5720549,0.0,0.0,0.0023556160926818848
1785290096.5747764,0.0,0.0,0.0023316800594329833
1785290096.57751,0.0,0.0,0.0023299200534820557
1785290096.580241,0.0,0.0,0.0023433599472045897
1785290096.5829406,0.0,0.0,0.0023180160522460937
1785290096.5856535,0.0,0.0,0.002301919937133789
1785290096.5883784,0.0,0.0,0.002342272043228149
1785290096.591484,0.0,0.0,0.0027194879055023194
1785290096.594139,0.0,0.0,0.002266655921936035
1785290096.5968275,0.0,0.0,0.0022985920906066896
1785290096.5995479,0.0,0.0,0.0023358399868011475
1785290096.6022863,0.0,0.0,0.002355391979217529
1785290096.6050112,0.0,0.0,0.002341439962387085
1785290096.6081166,0.0,0.0,0.0026825599670410156
1785290096.6111672,0.0,0.0,0.002607935905456543
1785290096.6139548,0.0,0.0,0.0023843839168548584
1785290096.6167083,0.0,0.0,0.0023686718940734864
1785290096.6194596,0.0,0.0,0.0023658881187438967
1785290096.6222024,0.0,0.0,0.0023530240058898927
1785290096.62497,0.0,0.0,0.0023798079490661623
1785290096.627706,0.0,0.0,0.0023504319190979003
1785290096.6304712,0.0,0.0,0.002384320020675659
1785290096.633281,0.0,0.0,0.0024294400215148925
1785290096.636051,0.0,0.0,0.002377984046936035
1785290096.6387856,0.0,0.0,0.002341536045074463
1785290096.6415462,0.0,0.0,0.0023445119857788085
1785290096.644373,0.0,0.0,0.0024363200664520262
1785290096.6479492,0.0,0.0,0.003186527967453003
1785290096.6506896,0.0,0.0,0.0023482561111450194
1785290096.6534364,0.0,0.0,0.002351968050003052
1785290096.6561997,0.0,0.0,0.0023701438903808592
1785290096.658917,0.0,0.0,0.0023216640949249266
1785290096.661694,0.0,0.0,0.0023674559593200683
1785290096.6644504,0.0,0.0,0.0023724799156188965
1785290096.6671667,0.0,0.0,0.0023243200778961183
1785290096.6699111,0.0,0.0,0.002354975938796997
1785290096.6726005,0.0,0.0,0.0023051838874816894
1785290096.6753047,0.0,0.0,0.002317984104156494
1785290096.6780221,0.0,0.0,0.0023330559730529786
1785290096.680762,0.0,0.0,0.0023520960807800295
1785290096.683452,0.0,0.0,0.0023039679527282714
1785290096.686184,0.0,0.0,0.0023496320247650146
1785290096.6889656,0.0,0.0,0.0023948800563812255
1785290096.6916814,0.0,0.0,0.0023229119777679443
1785290096.6943717,0.0,0.0,0.0022992639541625976
1785290096.697134,0.0,0.0,0.002377504110336304
1785290096.6999354,0.0,0.0,0.00242524790763855
1785290096.7034025,0.0,0.0,0.0030662078857421875
1785290096.7061293,0.0,0.0,0.0023336639404296874
1785290096.7088952,0.0,0.0,0.002381279945373535
1785290096.711628,0.0,0.0,0.002345184087753296
1785290096.71437,0.0,0.0,0.0023480000495910646
1785290096.717131,0.0,0.0,0.0023755199909210206
1785290096.719877,0.0,0.0,0.0023600320816040037
1785290096.7225769,0.0,0.0,0.002312288045883179
1785290096.7253165,0.0,0.0,0.0023597118854522705
1785290096.728087,0.0,0.0,0.002378848075866699
1785290096.7308373,0.0,0.0,0.002361567974090576
1785290096.733593,0.0,0.0,0.0023564159870147704
1785290096.7363477,0.0,0.0,0.0023715519905090333
1785290096.7390306,0.0,0.0,0.002292831897735596
1785290096.7417884,0.0,0.0,0.002354367971420288
1785290096.7445378,0.0,0.0,0.002362623929977417
1785290096.747295,0.0,0.0,0.0023750081062316893
1785290096.7500334,0.0,0.0,0.0023510398864746095
1785290096.7528815,0.0,0.0,0.0024653120040893555
1785290096.7581794,0.0,0.0,0.004873600006103516
1785290096.7613184,0.0,0.0,0.002641119956970215
1785290096.7640922,0.0,0.0,0.00237827205657959
1785290096.7668567,0.0,0.0,0.0023755199909210206
1785290096.7696536,0.0,0.0,0.0023881919384002685
1785290096.7724514,0.0,0.0,0.0024052159786224366
1785290096.775158,0.0,0.0,0.0023154239654541017
1785290096.7779198,0.0,0.0,0.0023707840442657472
1785290096.7806427,0.0,0.0,0.002333280086517334
1785290096.7834086,0.0,0.0,0.0023740160465240477
1785290096.786157,0.0,0.0,0.002355583906173706
1785290096.7889361,0.0,0.0,0.0023893439769744874
1785290096.7916806,0.0,0.0,0.0023548800945281984
1785290096.7944453,0.0,0.0,0.0023790080547332762
1785290096.7972345,0.0,0.0,0.0024023358821868897
1785290096.7999883,0.0,0.0,0.002365216016769409
1785290096.8026822,0.0,0.0,0.0023070719242095947
1785290096.8054767,0.0,0.0,0.002408735990524292
1785290096.8087409,0.0,0.0,0.0028720319271087645
1785290096.812685,0.0,0.0,0.0034788479804992675
1785290096.8156083,0.0,0.0,0.0025073919296264647
1785290096.8183806,0.0,0.0,0.002377216100692749
1785290096.821147,0.0,0.0,0.00237664008140564
1785290096.8239005,0.0,0.0,0.0023656320571899415
1785290096.8266406,0.0,0.0,0.002353600025177002
1785290096.829431,0.0,0.0,0.002402911901473999
1785290096.8322217,0.0,0.0,0.002401855945587158
1785290096.834986,0.0,0.0,0.0023759999275207518
1785290096.8377357,0.0,0.0,0.0023419198989868164
1785290096.8405359,0.0,0.0,0.002406464099884033
1785290096.8433127,0.0,0.0,0.002386624097824097
1785290096.846036,0.0,0.0,0.002335423946380615
1785290096.8487945,0.0,0.0,0.002371040105819702
1785290096.851551,0.0,0.0,0.0023696959018707276
1785290096.8542242,0.0,0.0,0.0022855041027069092
1785290096.856945,0.0,0.0,0.002335871934890747
1785290096.8596926,0.0,0.0,0.0023600640296936033
1785290096.8628142,0.0,0.0,0.00269980788230896
1785290096.8658872,0.0,0.0,0.00262444806098938
1785290096.8695948,0.0,0.0,0.003257472038269043
1785290096.872355,0.0,0.0,0.0023716480731964112
1785290096.8751106,0.0,0.0,0.0023503360748291014
1785290096.8778014,0.0,0.0,0.0022962560653686523
1785290096.880532,0.0,0.0,0.0023442559242248537
1785290096.883281,0.0,0.0,0.002363487958908081
1785290096.886017,0.0,0.0,0.002349695920944214
1785290096.888785,0.0,0.0,0.0023788800239562986
1785290096.8915644,0.0,0.0,0.002388672113418579
1785290096.8943157,0.0,0.0,0.0023674559593200683
1785290096.8970811,0.0,0.0,0.002385119915008545
1785290096.8998446,0.0,0.0,0.0023722879886627197
1785290096.9025981,0.0,0.0,0.002362528085708618
1785290096.9053538,0.0,0.0,0.002370271921157837
1785290096.9080505,0.0,0.0,0.0023071999549865723
1785290096.9107885,0.0,0.0,0.002350752115249634
1785290096.9135656,0.0,0.0,0.002369312047958374
1785290096.9163003,0.0,0.0,0.0023456640243530273
1785290096.919544,0.0,0.0,0.0028518080711364747
1785290096.9232566,0.0,0.0,0.0032884159088134766
1785290096.9260516,0.0,0.0,0.002390687942504883
1785290096.9287856,0.0,0.0,0.002342655897140503
1785290096.931559,0.0,0.0,0.002390048027038574
1785290096.934318,0.0,0.0,0.0023646080493927002
1785290096.937089,0.0,0.0,0.0023818240165710447
1785290096.9398518,0.0,0.0,0.0023814399242401123
1785290096.942581,0.0,0.0,0.002342751979827881
1785290096.9453366,0.0,0.0,0.002368607997894287
1785290096.948073,0.0,0.0,0.0023570559024810793
1785290096.9508018,0.0,0.0,0.002343679904937744
1785290096.9535775,0.0,0.0,0.0023640639781951902
1785290096.9563367,0.0,0.0,0.0023683199882507324
1785290096.9590716,0.0,0.0,0.002349951982498169
1785290096.96184,0.0,0.0,0.002351327896118164
1785290096.9646006,0.0,0.0,0.0023769600391387938
1785290096.9673562,0.0,0.0,0.0023652799129486083
1785290096.9700875,0.0,0.0,0.002339103937149048
1785290096.9731414,0.0,0.0,0.0026735360622406005
1785290096.976233,0.0,0.0,0.0026585280895233153
1785290096.979932,0.0,0.0,0.0032520320415496827
1785290096.9827173,0.0,0.0,0.0023864641189575196
1785290096.985469,0.0,0.0,0.002370271921157837
1785290096.9882128,0.0,0.0,0.0023564159870147704
1785290096.9908955,0.0,0.0,0.002292992115020752
1785290096.9936574,0.0,0.0,0.0023524160385131835
1785290096.9963934,0.0,0.0,0.00234604811668396
1785290096.9991467,0.0,0.0,0.002357503890991211
1785290097.0018783,0.0,0.0,0.0023398399353027344
1785290097.004643,0.0,0.0,0.0023779520988464354
1785290097.0074046,0.0,0.0,0.0023762240409851074
1785290097.0101314,0.0,0.0,0.0023367040157318115
1785290097.0128837,0.0,0.0,0.0023710720539093016
1785290097.015644,0.0,0.0,0.002377216100692749
1785290097.0183914,0.0,0.0,0.0023543360233306884
1785290097.0210965,0.0,0.0,0.002324575901031494
1785290097.0238614,0.0,0.0,0.0023858559131622313
1785290097.0266054,0.0,0.0,0.0023543040752410887
1785290097.0297778,0.0,0.0,0.002791712045669556
1785290097.0329015,0.0,0.0,0.0026671359539031983
1785290097.0364363,0.0,0.0,0.0024096319675445555
1785290097.0392065,0.0,0.0,0.002383903980255127
1785290097.0419543,0.0,0.0,0.0023617279529571534
1785290097.0447106,0.0,0.0,0.0023705599308013916
1785290097.0474288,0.0,0.0,0.0023276801109313964
1785290097.05018,0.0,0.0,0.0023653440475463867
1785290097.0529068,0.0,0.0,0.0023402879238128664
1785290097.055693,0.0,0.0,0.002395616054534912
1785290097.0584407,0.0,0.0,0.0023529601097106935
1785290097.0612206,0.0,0.0,0.0023949439525604247
1785290097.0639806,0.0,0.0,0.0023785600662231446
1785290097.0666547,0.0,0.0,0.0022864959239959717
1785290097.06943,0.0,0.0,0.002391648054122925
1785290097.0722153,0.0,0.0,0.0023909759521484374
1785290097.074916,0.0,0.0,0.002313568115234375
1785290097.0776474,0.0,0.0,0.002315711975097656
1785290097.0803716,0.0,0.0,0.0023411519527435304
1785290097.0830748,0.0,0.0,0.002317728042602539
1785290097.0863354,0.0,0.0,0.002555039882659912
1785290097.0899692,0.0,0.0,0.003180255889892578
1785290097.0927749,0.0,0.0,0.002409087896347046
1785290097.095554,0.0,0.0,0.002383872032165527
1785290097.0982919,0.0,0.0,0.0023414719104766844
1785290097.1010423,0.0,0.0,0.0023655359745025635
1785290097.1037886,0.0,0.0,0.0023586881160736085
1785290097.1065085,0.0,0.0,0.0023346879482269286
1785290097.1092675,0.0,0.0,0.0023753600120544434
1785290097.112017,0.0,0.0,0.002363296031951904
1785290097.1146853,0.0,0.0,0.0022736001014709473
1785290097.1174488,0.0,0.0,0.0023717119693756105
1785290097.1201901,0.0,0.0,0.0023565759658813476
1785290097.122938,0.0,0.0,0.0023574719429016113
1785290097.125699,0.0,0.0,0.002349407911300659
1785290097.1284823,0.0,0.0,0.002398432016372681
1785290097.131257,0.0,0.0,0.002387104034423828
1785290097.1339977,0.0,0.0,0.002353503942489624
1785290097.1367598,0.0,0.0,0.002382143974304199
1785290097.139901,0.0,0.0,0.002754848003387451
1785290097.1429288,0.0,0.0,0.002596447944641113
1785290097.14651,0.0,0.0,0.0031187520027160646
1785290097.1492822,0.0,0.0,0.002382431983947754
1785290097.1520262,0.0,0.0,0.002356031894683838
1785290097.154694,0.0,0.0,0.0022799360752105715
1785290097.157504,0.0,0.0,0.0024239039421081543
1785290097.1602516,0.0,0.0,0.0023595519065856933
1785290097.162946,0.0,0.0,0.002306463956832886
1785290097.165669,0.0,0.0,0.0023183040618896486
1785290097.1683984,0.0,0.0,0.002344288110733032
1785290097.1711671,0.0,0.0,0.002377216100692749
1785290097.1739216,0.0,0.0,0.002369663953781128
1785290097.1766531,0.0,0.0,0.0023492801189422606
1785290097.1794279,0.0,0.0,0.0023824961185455323
1785290097.182167,0.0,0.0,0.0023493759632110594
1785290097.1849535,0.0,0.0,0.002398432016372681
1785290097.187742,0.0,0.0,0.0024030399322509765
1785290097.1905026,0.0,0.0,0.0023688640594482424
1785290097.1932824,0.0,0.0,0.0023928959369659423
1785290097.1965122,0.0,0.0,0.0028457279205322266
1785290097.2002609,0.0,0.0,0.0032954881191253663
1785290097.2030811,0.0,0.0,0.0024060800075531006
1785290097.2058399,0.0,0.0,0.002338655948638916
1785290097.2085538,0.0,0.0,0.0023321280479431153
1785290097.2112863,0.0,0.0,0.00234934401512146
1785290097.2139816,0.0,0.0,0.0023067519664764402
1785290097.216702,0.0,0.0,0.0023304638862609865
1785290097.2194617,0.0,0.0,0.0023732481002807617
1785290097.2221918,0.0,0.0,0.002340543985366821
1785290097.2249534,0.0,0.0,0.0023787519931793215
1785290097.2276843,0.0,0.0,0.002349024057388306
1785290097.2304432,0.0,0.0,0.0023720319271087645
1785290097.2332368,0.0,0.0,0.0024026880264282225
1785290097.2359614,0.0,0.0,0.002329024076461792
1785290097.238691,0.0,0.0,0.0023434560298919676
1785290097.2413907,0.0,0.0,0.002316544055938721
1785290097.2441401,0.0,0.0,0.0023650240898132322
1785290097.246868,0.0,0.0,0.002343519926071167
1785290097.2497578,0.0,0.0,0.0024218881130218506
1785290097.2529926,0.0,0.0,0.0026717441082000732
1785290097.2563388,0.0,0.0,0.002898047924041748
1785290097.2591243,0.0,0.0,0.0023643200397491454
1785290097.2618792,0.0,0.0,0.0023640320301055906
1785290097.2646418,0.0,0.0,0.0023718080520629885
1785290097.2674754,0.0,0.0,0.002445535898208618
1785290097.2702153,0.0,0.0,0.0023382720947265627
1785290097.272983,0.0,0.0,0.0023859200477600096
1785290097.275771,0.0,0.0,0.0024018239974975585
1785290097.2785206,0.0,0.0,0.002367392063140869
1785290097.2812881,0.0,0.0,0.002374239921569824
1785290097.284037,0.0,0.0,0.0023626880645751954
1785290097.2867758,0.0,0.0,0.002350656032562256
1785290097.2894924,0.0,0.0,0.0023097600936889647
1785290097.2922442,0.0,0.0,0.002366528034210205
1785290097.2949255,0.0,0.0,0.002295903921127319
1785290097.2976973,0.0,0.0,0.0023606081008911133
1785290097.300464,0.0,0.0,0.00237990403175354
1785290097.3031986,0.0,0.0,0.002354975938796997
1785290097.306019,0.0,0.0,0.0024250879287719728
1785290097.3089182,0.0,0.0,0.0024898879528045654
1785290097.312326,0.0,0.0,0.0030151040554046633
1785290097.3151274,0.0,0.0,0.0023923840522766114
1785290097.3179226,0.0,0.0,0.002405663967132568
1785290097.3207152,0.0,0.0,0.002413503885269165
1785290097.3235018,0.0,0.0,0.0024047040939331053
1785290097.3262424,0.0,0.0,0.002356384038925171
1785290097.3290114,0.0,0.0,0.002385472059249878
1785290097.3318138,0.0,0.0,0.002414815902709961
1785290097.3345244,0.0,0.0,0.0023243839740753175
1785290097.3372931,0.0,0.0,0.0023836801052093508
1785290097.3400366,0.0,0.0,0.002362015962600708
1785290097.3427904,0.0,0.0,0.0023720319271087645
1785290097.3455582,0.0,0.0,0.002363584041595459
1785290097.3482728,0.0,0.0,0.0023362879753112795
1785290097.351016,0.0,0.0,0.0023687360286712648
1785290097.353735,0.0,0.0,0.0023163199424743653
1785290097.3565238,0.0,0.0,0.0024064319133758547
1785290097.359278,0.0,0.0,0.00237280011177063
1785290097.3622756,0.0,0.0,0.0026155519485473633
1785290097.3651097,0.0,0.0,0.002451647996902466
1785290097.3686676,0.0,0.0,0.003167680025100708
1785290097.371451,0.0,0.0,0.0023956480026245115
1785290097.374212,0.0,0.0,0.0023756160736083986
1785290097.3769991,0.0,0.0,0.002405951976776123
1785290097.3797436,0.0,0.0,0.002355103969573975
1785290097.3825173,0.0,0.0,0.0023889598846435546
1785290097.3852675,0.0,0.0,0.0023697280883789064
1785290097.3880475,0.0,0.0,0.0023948800563812255
1785290097.3908005,0.0,0.0,0.002371200084686279
1785290097.39358,0.0,0.0,0.0023715200424194336
1785290097.3963592,0.0,0.0,0.0023911359310150146
1785290097.3991501,0.0,0.0,0.002405888080596924
1785290097.401894,0.0,0.0,0.0023577919006347657
1785290097.404651,0.0,0.0,0.0023784959316253663
1785290097.4074156,0.0,0.0,0.0023776319026947022
