time,in_time,out_time,inference_time
1785290043.17252,0.0,0.0,0.00033932807855308056
1785290043.1730247,0.0,0.0,0.0003109441604465246
1785290043.1738288,0.0,0.0,0.00036847987212240696
1785290043.1744525,0.0,0.0,0.0004015041049569845
1785290043.1750057,0.0,0.0,0.0003258881624788046
1785290043.1755812,0.0,0.0,0.00033747218549251556
1785290043.1761246,0.0,0.0,0.0003218560013920069
1785290043.176667,0.0,0.0,0.00032627186737954617
1785290043.1771784,0.0,0.0,0.00029532797634601593
1785290043.1777658,0.0,0.0,0.0003398079425096512
1785290043.1782694,0.0,0.0,0.0002964797895401716
1785290043.1787407,0.0,0.0,0.00028447993099689484
1785290043.1792488,0.0,0.0,0.000322848092764616
1785290043.1797245,0.0,0.0,0.00028351997025310993
1785290043.1801872,0.0,0.0,0.00028143986128270626
1785290043.1806448,0.0,0.0,0.0002801278606057167
1785290043.1811068,0.0,0.0,0.000283840112388134
1785290043.1815863,0.0,0.0,0.00027849595062434673
1785290043.1820483,0.0,0.0,0.00028438400477170944
1785290043.18252,0.0,0.0,0.0002888001035898924
1785290043.1829777,0.0,0.0,0.0002782719675451517
1785290043.183476,0.0,0.0,0.0002876159269362688
1785290043.1839347,0.0,0.0,0.0002808000426739454
1785290043.1843948,0.0,0.0,0.0002773439045995474
1785290043.1848507,0.0,0.0,0.0002773120068013668
1785290043.1853075,0.0,0.0,0.0002781120128929615
1785290043.1857684,0.0,0.0,0.00028326408937573433
1785290043.1862338,0.0,0.0,0.00028191995806992054
1785290043.1866758,0.0,0.0,0.000267168041318655
1785290043.1871789,0.0,0.0,0.00032841600477695465
1785290043.187644,0.0,0.0,0.0002805760595947504
1785290043.1881044,0.0,0.0,0.0002816959749907255
1785290043.1885598,0.0,0.0,0.0002771839499473572
1785290043.1890144,0.0,0.0,0.00027775997295975685
1785290043.1894672,0.0,0.0,0.0002772801090031862
1785290043.1899126,0.0,0.0,0.0002739198971539736
1785290043.1903644,0.0,0.0,0.0002773760352283716
1785290043.190812,0.0,0.0,0.00027574412524700165
1785290043.1913016,0.0,0.0,0.00031481613405048847
1785290043.191762,0.0,0.0,0.00028204801492393017
1785290043.192224,0.0,0.0,0.0002858559601008892
1785290043.192677,0.0,0.0,0.0002737920731306076
1785290043.1931338,0.0,0.0,0.0002807038836181164
1785290043.193589,0.0,0.0,0.0002797120250761509
1785290043.1940413,0.0,0.0,0.0002765120007097721
1785290043.19449,0.0,0.0,0.000273887999355793
1785290043.194938,0.0,0.0,0.0002805760595947504
1785290043.195408,0.0,0.0,0.0002775038592517376
1785290043.1958632,0.0,0.0,0.0002793921157717705
1785290043.1963174,0.0,0.0,0.00028105592355132103
1785290043.196772,0.0,0.0,0.00027811178006231785
1785290043.1972275,0.0,0.0,0.0002785921096801758
1785290043.1976936,0.0,0.0,0.00028403219766914845
1785290043.198146,0.0,0.0,0.0002766079269349575
1785290043.1985874,0.0,0.0,0.00026524788700044155
1785290043.199038,0.0,0.0,0.0002750079147517681
1785290043.1995108,0.0,0.0,0.00027676811441779137
1785290043.1999612,0.0,0.0,0.00027590407989919186
1785290043.2004125,0.0,0.0,0.0002758719492703676
1785290043.2008567,0.0,0.0,0.00027177599258720875
1785290043.2013028,0.0,0.0,0.0002714239526540041
1785290043.2017412,0.0,0.0,0.0002721280325204134
1785290043.202189,0.0,0.0,0.00027580815367400646
1785290043.2026372,0.0,0.0,0.0002762880176305771
1785290043.203111,0.0,0.0,0.0002917440142482519
1785290043.203574,0.0,0.0,0.00027772807516157627
1785290043.2040222,0.0,0.0,0.0002731520216912031
1785290043.2044802,0.0,0.0,0.00027267192490398884
1785290043.204921,0.0,0.0,0.0002671999391168356
1785290043.2053788,0.0,0.0,0.00028076814487576485
1785290043.2058272,0.0,0.0,0.000275392085313797
1785290043.2062767,0.0,0.0,0.0002724479418247938
1785290043.2067194,0.0,0.0,0.0002685121726244688
1785290043.2071826,0.0,0.0,0.00028908788226544857
1785290043.2076292,0.0,0.0,0.00027136015705764294
1785290043.2080777,0.0,0.0,0.0002755839377641678
1785290043.2085261,0.0,0.0,0.00027318415232002735
1785290043.2089715,0.0,0.0,0.0002732479479163885
1785290043.209415,0.0,0.0,0.00027129589579999447
1785290043.209859,0.0,0.0,0.0002713280264288187
1785290043.2103126,0.0,0.0,0.0002775038592517376
1785290043.2107568,0.0,0.0,0.00027091195806860924
1785290043.2112236,0.0,0.0,0.0002932799980044365
1785290043.2116747,0.0,0.0,0.000273887999355793
1785290043.212123,0.0,0.0,0.000272383913397789
1785290043.2125728,0.0,0.0,0.0002791360020637512
1785290043.2130187,0.0,0.0,0.00027238414622843266
1785290043.2134643,0.0,0.0,0.000273536192253232
1785290043.2139163,0.0,0.0,0.00027753598988056183
1785290043.2143595,0.0,0.0,0.0002730879932641983
1785290043.2148015,0.0,0.0,0.0002710397820919752
1785290043.2152917,0.0,0.0,0.0003175041638314724
1785290043.2157474,0.0,0.0,0.0002775678876787424
1785290043.2161944,0.0,0.0,0.000268799951300025
1785290043.2166393,0.0,0.0,0.00027395179495215416
1785290043.2170815,0.0,0.0,0.0002688320819288492
1785290043.217524,0.0,0.0,0.0002706879749894142
1785290043.2179687,0.0,0.0,0.0002739839255809784
1785290043.2184143,0.0,0.0,0.00027091195806860924
1785290043.2188542,0.0,0.0,0.00026937597431242466
1785290043.2193184,0.0,0.0,0.0002919039689004421
1785290043.219763,0.0,0.0,0.0002711680717766285
1785290043.2202017,0.0,0.0,0.00026880018413066864
1785290043.2206447,0.0,0.0,0.00027177599258720875
1785290043.2210948,0.0,0.0,0.0002747199032455683
1785290043.2215414,0.0,0.0,0.00027040019631385803
1785290043.2219825,0.0,0.0,0.0002663359045982361
1785290043.222427,0.0,0.0,0.00026873592287302017
1785290043.2228837,0.0,0.0,0.0002772160805761814
1785290043.223362,0.0,0.0,0.00030454411171376705
1785290043.2238233,0.0,0.0,0.0002813441678881645
1785290043.2242672,0.0,0.0,0.0002719040494412184
1785290043.2247071,0.0,0.0,0.0002719680778682232
1785290043.2251468,0.0,0.0,0.00026937597431242466
1785290043.2255926,0.0,0.0,0.0002717438619583845
1785290043.2260396,0.0,0.0,0.00027625588700175285
1785290043.2264783,0.0,0.0,0.0002679999452084303
1785290043.2269104,0.0,0.0,0.00026480015367269516
1785290043.227371,0.0,0.0,0.00028697610832750797
1785290043.2278023,0.0,0.0,0.00026140804402530193
1785290043.2282374,0.0,0.0,0.0002626241184771061
1785290043.2289803,0.0,0.0,0.0005672639235854149
1785290043.2294745,0.0,0.0,0.00031052809208631516
1785290043.229992,0.0,0.0,0.0003121918998658657
1785290043.230505,0.0,0.0,0.00033695995807647705
1785290043.231016,0.0,0.0,0.00032508792355656624
1785290043.2315655,0.0,0.0,0.0003170240670442581
1785290043.2320979,0.0,0.0,0.0003228799905627966
1785290043.2325776,0.0,0.0,0.00027676811441779137
1785290043.2331188,0.0,0.0,0.0003160960040986538
1785290043.2336159,0.0,0.0,0.00029222387820482254
1785290043.234992,0.0,0.0,0.00031587202101945877
1785290043.2354987,0.0,0.0,0.0002893118653446436
1785290043.23596,0.0,0.0,0.0002822401002049446
1785290043.236406,0.0,0.0,0.00027068820782005787
1785290043.2368557,0.0,0.0,0.00027328007854521275
1785290043.2373116,0.0,0.0,0.00027532782405614853
1785290043.2377567,0.0,0.0,0.00027241604402661324
1785290043.2382047,0.0,0.0,0.0002679999452084303
1785290043.2386496,0.0,0.0,0.00027535995468497276
1785290043.2391148,0.0,0.0,0.0002935039810836315
1785290043.2395706,0.0,0.0,0.000272159930318594
1785290043.2400131,0.0,0.0,0.0002679040189832449
1785290043.240456,0.0,0.0,0.0002697920426726341
1785290043.2409,0.0,0.0,0.00027056015096604824
1785290043.241343,0.0,0.0,0.00027065607719123363
1785290043.2417889,0.0,0.0,0.0002733438741415739
1785290043.2422297,0.0,0.0,0.00026601599529385567
1785290043.2426746,0.0,0.0,0.0002734079025685787
1785290043.243143,0.0,0.0,0.00029593612998723984
1785290043.2435954,0.0,0.0,0.0002756798639893532
1785290043.2440422,0.0,0.0,0.00027033593505620956
1785290043.2444956,0.0,0.0,0.00027878396213054657
1785290043.2449439,0.0,0.0,0.0002719040494412184
1785290043.2453823,0.0,0.0,0.0002693438436836004
1785290043.2458212,0.0,0.0,0.0002715198788791895
1785290043.2462704,0.0,0.0,0.00027596810832619667
1785290043.2467244,0.0,0.0,0.0002773760352283716
1785290043.247187,0.0,0.0,0.00028931209817528725
1785290043.2476315,0.0,0.0,0.0002702081110328436
1785290043.2480958,0.0,0.0,0.00028223986737430096
1785290043.2485468,0.0,0.0,0.0002742721699178219
1785290043.2489984,0.0,0.0,0.00027638417668640614
1785290043.249434,0.0,0.0,0.0002678399905562401
1785290043.2498732,0.0,0.0,0.00026694382540881634
1785290043.2503095,0.0,0.0,0.00026924791745841503
1785290043.25075,0.0,0.0,0.00026745605282485485
1785290043.2512152,0.0,0.0,0.0002983999438583851
1785290043.2516582,0.0,0.0,0.00027203187346458435
1785290043.2521045,0.0,0.0,0.0002730239648371935
1785290043.2525506,0.0,0.0,0.00027337600477039814
1785290043.2529993,0.0,0.0,0.0002677440643310547
1785290043.253434,0.0,0.0,0.0002610560040920973
1785290043.2538745,0.0,0.0,0.00026790378615260124
1785290043.2543197,0.0,0.0,0.00027094408869743347
1785290043.2547576,0.0,0.0,0.00026518385857343674
1785290043.255232,0.0,0.0,0.00030377600342035294
1785290043.2556863,0.0,0.0,0.00027443189173936844
1785290043.256131,0.0,0.0,0.0002722239587455988
1785290043.2565782,0.0,0.0,0.00027577602304518223
1785290043.2570179,0.0,0.0,0.00026848004199564457
1785290043.257455,0.0,0.0,0.00026531191542744637
1785290043.2579138,0.0,0.0,0.0002822079695761204
1785290043.25835,0.0,0.0,0.00026403204537928104
1785290043.2587821,0.0,0.0,0.0002652800176292658
1785290043.2592516,0.0,0.0,0.0002984639722853899
1785290043.2597063,0.0,0.0,0.000273312209174037
1785290043.2601418,0.0,0.0,0.00026896013878285885
1785290043.2605927,0.0,0.0,0.00027334410697221756
1785290043.2610366,0.0,0.0,0.00027078413404524326
1785290043.261482,0.0,0.0,0.00027011195197701454
1785290043.26194,0.0,0.0,0.00027734413743019104
1785290043.2623777,0.0,0.0,0.00026745605282485485
1785290043.2628229,0.0,0.0,0.00027353595942258835
1785290043.2632895,0.0,0.0,0.0002940481062978506
1785290043.2637477,0.0,0.0,0.0002799360081553459
1785290043.264197,0.0,0.0,0.00027609593234956264
1785290043.2647614,0.0,0.0,0.00039039994589984417
1785290043.2652087,0.0,0.0,0.0002676800359040499
1785290043.265659,0.0,0.0,0.00027347193099558353
1785290043.2661018,0.0,0.0,0.0002703680656850338
1785290043.2665546,0.0,0.0,0.000277120154350996
1785290043.2669992,0.0,0.0,0.00026668794453144073
1785290043.2674763,0.0,0.0,0.0002749438863247633
1785290043.2679265,0.0,0.0,0.00027513597160577774
1785290043.2683702,0.0,0.0,0.0002730239648371935
1785290043.268821,0.0,0.0,0.0002749119885265827
1785290043.2692688,0.0,0.0,0.00027193594723939896
1785290043.2697146,0.0,0.0,0.00027199997566640377
1785290043.2701561,0.0,0.0,0.0002693440765142441
1785290043.2705991,0.0,0.0,0.00027081603184342384
1785290043.2710445,0.0,0.0,0.00027347193099558353
1785290043.2715216,0.0,0.0,0.00027168006636202335
1785290043.271957,0.0,0.0,0.00026601599529385567
1785290043.272394,0.0,0.0,0.0002660800237208605
1785290043.2728364,0.0,0.0,0.00026976014487445354
1785290043.2732806,0.0,0.0,0.0002694400027394295
1785290043.2737186,0.0,0.0,0.0002680958714336157
1785290043.2741578,0.0,0.0,0.0002690881956368685
1785290043.2745955,0.0,0.0,0.00026508793234825134
1785290043.2750316,0.0,0.0,0.0002676800359040499
1785290043.275507,0.0,0.0,0.00028000003658235073
1785290043.275958,0.0,0.0,0.00027193594723939896
1785290043.276392,0.0,0.0,0.0002658881712704897
1785290043.2768288,0.0,0.0,0.0002671040128916502
1785290043.2772682,0.0,0.0,0.00026668794453144073
1785290043.277704,0.0,0.0,0.0002671040128916502
1785290043.278142,0.0,0.0,0.0002655680291354656
1785290043.2785811,0.0,0.0,0.00026560015976428986
1785290043.2790103,0.0,0.0,0.00026147207245230675
1785290043.2794802,0.0,0.0,0.00027542421594262123
1785290043.279932,0.0,0.0,0.00027548777870833874
1785290043.2803793,0.0,0.0,0.0002712961286306381
1785290043.2808309,0.0,0.0,0.00027241604402661324
1785290043.2812746,0.0,0.0,0.0002704320941120386
1785290043.2817118,0.0,0.0,0.0002732158172875643
1785290043.282154,0.0,0.0,0.0002706879749894142
1785290043.2825987,0.0,0.0,0.00027238414622843266
1785290043.2830412,0.0,0.0,0.00026960019022226334
1785290043.2835276,0.0,0.0,0.0002817278727889061
1785290043.2839766,0.0,0.0,0.000275743892416358
1785290043.2847302,0.0,0.0,0.0002922560088336468
1785290043.2852674,0.0,0.0,0.0003139518667012453
1785290043.285809,0.0,0.0,0.0003237759228795767
1785290043.2863398,0.0,0.0,0.0003210559953004122
1785290043.2868328,0.0,0.0,0.0003104638308286667
1785290043.287381,0.0,0.0,0.0003403520677238703
1785290043.287926,0.0,0.0,0.0003263039980083704
1785290043.288441,0.0,0.0,0.0003068479709327221
1785290043.2889607,0.0,0.0,0.00031068804673850536
1785290043.290238,0.0,0.0,0.00032265600748360157
1785290043.2907143,0.0,0.0,0.0002826561685651541
1785290043.2912104,0.0,0.0,0.00030960002914071083
1785290043.2916746,0.0,0.0,0.0002847679425030947
1785290043.2921302,0.0,0.0,0.00027417601086199284
1785290043.2925808,0.0,0.0,0.0002690558321774006
1785290043.293025,0.0,0.0,0.0002715520095080137
1785290043.2934685,0.0,0.0,0.00026953592896461487
1785290043.293919,0.0,0.0,0.0002727038227021694
1785290043.2943585,0.0,0.0,0.0002729280386120081
1785290043.2948031,0.0,0.0,0.0002720640040934086
1785290043.2952795,0.0,0.0,0.0003027839120477438
1785290043.2957282,0.0,0.0,0.000273887999355793
1785290043.2961795,0.0,0.0,0.0002749119885265827
1785290043.2966166,0.0,0.0,0.00026835198514163494
1785290043.2970636,0.0,0.0,0.0002740798518061638
1785290043.2975125,0.0,0.0,0.00027395179495215416
1785290043.2979531,0.0,0.0,0.00026739202439785004
1785290043.2983983,0.0,0.0,0.00027033593505620956
1785290043.2988455,0.0,0.0,0.00027279998175799847
1785290043.299325,0.0,0.0,0.0002997440751641989
1785290043.2997773,0.0,0.0,0.0002730560954660177
1785290043.3002157,0.0,0.0,0.0002695999573916197
1785290043.3006597,0.0,0.0,0.00026995199732482433
1785290043.3011017,0.0,0.0,0.00026947190053761005
1785290043.3015451,0.0,0.0,0.0002709438558667898
1785290043.3019886,0.0,0.0,0.0002711040433496237
1785290043.3024352,0.0,0.0,0.0002771520521491766
1785290043.3028624,0.0,0.0,0.0002620159648358822
1785290043.303323,0.0,0.0,0.0002873600460588932
1785290043.303763,0.0,0.0,0.00026537617668509483
1785290043.304195,0.0,0.0,0.000261856010183692
1785290043.3046334,0.0,0.0,0.00026755197905004025
1785290043.305075,0.0,0.0,0.0002679040189832449
1785290043.3055067,0.0,0.0,0.00026297615841031075
1785290043.305945,0.0,0.0,0.00026822416111826897
1785290043.3063848,0.0,0.0,0.00026905606500804424
1785290043.3068151,0.0,0.0,0.00026326393708586693
1785290043.3072724,0.0,0.0,0.0002916480880230665
1785290043.3077178,0.0,0.0,0.00027094408869743347
1785290043.308154,0.0,0.0,0.00026060803793370724
1785290043.3085868,0.0,0.0,0.00025884807109832764
1785290043.309015,0.0,0.0,0.0002676800359040499
1785290043.3094568,0.0,0.0,0.0002688320819288492
1785290043.3099003,0.0,0.0,0.0002664318308234215
1785290043.31034,0.0,0.0,0.0002716479357331991
1785290043.31077,0.0,0.0,0.00025971210561692715
1785290043.3112578,0.0,0.0,0.00031311996281147003
1785290043.3118143,0.0,0.0,0.0003461758606135845
1785290043.3122563,0.0,0.0,0.00027187191881239414
1785290043.3127158,0.0,0.0,0.0002800638321787119
1785290043.3131585,0.0,0.0,0.00026844791136682034
1785290043.313602,0.0,0.0,0.00027199997566640377
1785290043.3140495,0.0,0.0,0.00027219182811677456
1785290043.314483,0.0,0.0,0.00026387209072709084
1785290043.3149292,0.0,0.0,0.0002733119763433933
1785290043.315419,0.0,0.0,0.0002865919377654791
1785290043.315874,0.0,0.0,0.0002750719431787729
1785290043.3163276,0.0,0.0,0.00027615996077656746
1785290043.316777,0.0,0.0,0.00027216016314923763
1785290043.3172216,0.0,0.0,0.0002742079086601734
1785290043.3176594,0.0,0.0,0.00026531191542744637
1785290043.3180957,0.0,0.0,0.0002651521936058998
1785290043.3185291,0.0,0.0,0.0002601922024041414
1785290043.3189754,0.0,0.0,0.00026928004808723927
1785290043.31944,0.0,0.0,0.00027174409478902817
1785290043.319886,0.0,0.0,0.00027004792355000973
1785290043.3203278,0.0,0.0,0.0002714879810810089
1785290043.3207676,0.0,0.0,0.00026844791136682034
1785290043.3212094,0.0,0.0,0.00026928004808723927
1785290043.321648,0.0,0.0,0.0002681280020624399
1785290043.322081,0.0,0.0,0.00026521598920226097
1785290043.3225229,0.0,0.0,0.00026841601356863976
1785290043.3229601,0.0,0.0,0.0002675841096788645
1785290043.3234382,0.0,0.0,0.00028556794859468937
1785290043.3238888,0.0,0.0,0.0002724479418247938
1785290043.3245454,0.0,0.0,0.00028454395942389965
1785290043.3250089,0.0,0.0,0.00027932808734476566
1785290043.3254702,0.0,0.0,0.00027744006365537643
1785290043.325917,0.0,0.0,0.00027049588970839977
1785290043.32637,0.0,0.0,0.00027209590189158916
1785290043.326823,0.0,0.0,0.0002779520582407713
1785290043.3273072,0.0,0.0,0.0003047680947929621
1785290043.3277628,0.0,0.0,0.00027737580239772797
1785290043.3282158,0.0,0.0,0.0002766079269349575
1785290043.3286736,0.0,0.0,0.0002781760413199663
1785290043.3291225,0.0,0.0,0.00027494411915540695
1785290043.3295646,0.0,0.0,0.0002678399905562401
1785290043.3300118,0.0,0.0,0.00027100788429379463
1785290043.330453,0.0,0.0,0.0002708481624722481
1785290043.3308954,0.0,0.0,0.00027222419157624245
1785290043.3313665,0.0,0.0,0.00030156783759593964
1785290043.3318236,0.0,0.0,0.00027609593234956264
1785290043.3322697,0.0,0.0,0.0002751678694039583
1785290043.3327272,0.0,0.0,0.00027695996686816216
1785290043.33318,0.0,0.0,0.000274463789537549
1785290043.3336256,0.0,0.0,0.0002711680717766285
1785290043.3340836,0.0,0.0,0.00027740816585719585
1785290043.3345296,0.0,0.0,0.0002746561076492071
1785290043.3349817,0.0,0.0,0.0002741438802331686
1785290043.3354604,0.0,0.0,0.0002773120068013668
1785290043.3359034,0.0,0.0,0.00026947190053761005
1785290043.3363366,0.0,0.0,0.00026108790189027786
1785290043.3367908,0.0,0.0,0.00027350406162440777
1785290043.3372412,0.0,0.0,0.00027392012998461723
1785290043.3376875,0.0,0.0,0.0002705920487642288
1785290043.3381383,0.0,0.0,0.0002748160623013973
1785290043.338586,0.0,0.0,0.0002753280568867922
1785290043.339022,0.0,0.0,0.0002647358924150467
1785290043.339621,0.0,0.0,0.0004080960061401129
1785290043.3402963,0.0,0.0,0.0003204799722880125
1785290043.3407753,0.0,0.0,0.00030128005892038345
1785290043.3412917,0.0,0.0,0.0003052479587495327
1785290043.3418217,0.0,0.0,0.0003176960162818432
1785290043.3423283,0.0,0.0,0.0003018239513039589
1785290043.3428364,0.0,0.0,0.000321120023727417
1785290043.3433967,0.0,0.0,0.0003336321096867323
1785290043.3439522,0.0,0.0,0.0003364160656929016
1785290043.3451674,0.0,0.0,0.00101244798861444
1785290043.3456926,0.0,0.0,0.0003114559222012758
1785290043.346155,0.0,0.0,0.00028111995197832584
1785290043.3466063,0.0,0.0,0.0002748798578977585
1785290043.3470619,0.0,0.0,0.0002765760291367769
1785290043.3475559,0.0,0.0,0.0002918399404734373
1785290043.3480034,0.0,0.0,0.0002736321184784174
1785290043.3484604,0.0,0.0,0.00027680001221597195
1785290043.3489122,0.0,0.0,0.000277247978374362
1785290043.349369,0.0,0.0,0.00027641584165394306
1785290043.3498187,0.0,0.0,0.0002749757841229439
1785290043.3502686,0.0,0.0,0.000274111982434988
1785290043.3507102,0.0,0.0,0.00026928004808723927
1785290043.35118,0.0,0.0,0.00029881601221859455
1785290043.3516316,0.0,0.0,0.0002779520582407713
1785290043.352086,0.0,0.0,0.0002759038470685482
1785290043.352533,0.0,0.0,0.00027004792355000973
1785290043.352971,0.0,0.0,0.00027136015705764294
1785290043.3534193,0.0,0.0,0.00027523189783096313
1785290043.353869,0.0,0.0,0.0002750721760094166
1785290043.3544166,0.0,0.0,0.000285919988527894
1785290043.3548672,0.0,0.0,0.0002722879871726036
1785290043.3553417,0.0,0.0,0.00029628793708980083
1785290043.3557887,0.0,0.0,0.000273664016276598
1785290043.3562376,0.0,0.0,0.00027088006027042866
1785290043.3566844,0.0,0.0,0.0002730239648371935
1785290043.3571334,0.0,0.0,0.00027328007854521275
1785290043.3575823,0.0,0.0,0.00027417601086199284
1785290043.358027,0.0,0.0,0.0002698239404708147
1785290043.3584726,0.0,0.0,0.00027177599258720875
1785290043.3589098,0.0,0.0,0.0002636481076478958
1785290043.3593671,0.0,0.0,0.0002889919560402632
1785290043.3598068,0.0,0.0,0.00026755197905004025
1785290043.3602486,0.0,0.0,0.00026620784774422646
1785290043.3606791,0.0,0.0,0.0002626560162752867
1785290043.3611126,0.0,0.0,0.00026124785654246807
1785290043.3615472,0.0,0.0,0.00026320014148950577
1785290043.36198,0.0,0.0,0.0002594559919089079
1785290043.3624258,0.0,0.0,0.00027328007854521275
1785290043.3628707,0.0,0.0,0.0002678399905562401
1785290043.3633325,0.0,0.0,0.00028486386872828007
1785290043.3637733,0.0,0.0,0.0002649282105267048
1785290043.3642116,0.0,0.0,0.00026630377396941185
1785290043.3646548,0.0,0.0,0.0002668481320142746
1785290043.36509,0.0,0.0,0.00026278384029865265
1785290043.3655176,0.0,0.0,0.00026323203928768635
1785290043.3659563,0.0,0.0,0.0002660800237208605
1785290043.3663862,0.0,0.0,0.00026588793843984604
1785290043.3668203,0.0,0.0,0.0002627200447022915
1785290043.3672752,0.0,0.0,0.0002847041469067335
1785290043.367708,0.0,0.0,0.00026140804402530193
1785290043.3681407,0.0,0.0,0.0002633598633110523
1785290043.3685746,0.0,0.0,0.0002640639431774616
1785290043.3690174,0.0,0.0,0.0002704320941120386
1785290043.3694618,0.0,0.0,0.0002654718700796366
1785290043.3699036,0.0,0.0,0.00026499200612306595
1785290043.3703387,0.0,0.0,0.0002633598633110523
1785290043.3707788,0.0,0.0,0.000272032106295228
1785290043.371236,0.0,0.0,0.0002951358910650015
1785290043.3716848,0.0,0.0,0.00027324818074703217
1785290043.3721135,0.0,0.0,0.0002660800237208605
1785290043.372546,0.0,0.0,0.00026460783556103706
1785290043.3729799,0.0,0.0,0.0002650558017194271
1785290043.3734152,0.0,0.0,0.0002652800176292658
1785290043.3738613,0.0,0.0,0.000275392085313797
1785290043.3743021,0.0,0.0,0.0002708479296416044
1785290043.374743,0.0,0.0,0.00027113594114780426
1785290043.3752015,0.0,0.0,0.0002890240866690874
1785290043.3756425,0.0,0.0,0.000270304037258029
1785290043.3760793,0.0,0.0,0.00026579201221466064
1785290043.3765206,0.0,0.0,0.00026761600747704506
1785290043.3769703,0.0,0.0,0.00027270405553281307
1785290043.377413,0.0,0.0,0.0002706879749894142
1785290043.3778448,0.0,0.0,0.00026179198175668716
1785290043.3782742,0.0,0.0,0.00026246393099427223
1785290043.3787165,0.0,0.0,0.0002670721150934696
1785290043.3791754,0.0,0.0,0.0002879360690712929
1785290043.3796134,0.0,0.0,0.0002671040128916502
1785290043.3800552,0.0,0.0,0.00026896013878285885
1785290043.3804913,0.0,0.0,0.00026697595603764057
1785290043.380933,0.0,0.0,0.0002704639919102192
1785290043.3813758,0.0,0.0,0.0002748479600995779
1785290043.3818133,0.0,0.0,0.00026380782946944237
1785290043.3822558,0.0,0.0,0.0002701440826058388
1785290043.3826945,0.0,0.0,0.0002680639736354351
1785290043.3831491,0.0,0.0,0.0002931200433522463
1785290043.383601,0.0,0.0,0.0002762880176305771
1785290043.3840406,0.0,0.0,0.00027254410088062286
1785290043.3844965,0.0,0.0,0.00027596810832619667
1785290043.3849406,0.0,0.0,0.0002692798152565956
1785290043.3853855,0.0,0.0,0.0002731198910623789
1785290043.3858342,0.0,0.0,0.0002754239831119776
1785290043.3862724,0.0,0.0,0.0002697920426726341
1785290043.3867023,0.0,0.0,0.0002706239465624094
1785290043.3871603,0.0,0.0,0.00028627202846109867
1785290043.3875937,0.0,0.0,0.0002623358741402626
1785290043.3880255,0.0,0.0,0.00026124785654246807
1785290043.3884578,0.0,0.0,0.00026195193640887737
1785290043.3888955,0.0,0.0,0.0002672639675438404
1785290043.3893344,0.0,0.0,0.0002703680656850338
1785290043.3897712,0.0,0.0,0.0002673598937690258
1785290043.3902059,0.0,0.0,0.000261952169239521
1785290043.3906412,0.0,0.0,0.0002632958348840475
1785290043.3910766,0.0,0.0,0.00026483205147087574
1785290043.3915384,0.0,0.0,0.000268799951300025
1785290043.3919773,0.0,0.0,0.0002684798091650009
1785290043.3924232,0.0,0.0,0.00026992009952664375
1785290043.392858,0.0,0.0,0.00027158414013683796
1785290043.3933055,0.0,0.0,0.00027248007245361805
1785290043.393737,0.0,0.0,0.0002599358558654785
1785290043.3941772,0.0,0.0,0.00026883184909820557
1785290043.3946195,0.0,0.0,0.0002686399966478348
1785290043.395359,0.0,0.0,0.0005098560359328985
1785290043.3958483,0.0,0.0,0.00027113594114780426
1785290043.3963776,0.0,0.0,0.0003133120480924845
1785290043.3969057,0.0,0.0,0.000314176082611084
1785290043.3974302,0.0,0.0,0.0003152319695800543
1785290043.3979602,0.0,0.0,0.00034793606027960777
1785290043.3984673,0.0,0.0,0.00032195192761719227
1785290043.3990097,0.0,0.0,0.000331296119838953
1785290043.3995461,0.0,0.0,0.0003271040040999651
1785290043.4008424,0.0,0.0,0.0010938560590147972
1785290043.4013333,0.0,0.0,0.0002926080487668514
1785290043.401793,0.0,0.0,0.00027894414961338043
1785290043.402246,0.0,0.0,0.00027564819902181625
1785290043.4026873,0.0,0.0,0.0002688320819288492
1785290043.40315,0.0,0.0,0.0002908799797296524
1785290043.4036057,0.0,0.0,0.0002783038653433323
1785290043.40406,0.0,0.0,0.00027785589918494225
1785290043.4045103,0.0,0.0,0.0002729280386120081
1785290043.4049616,0.0,0.0,0.00027203187346458435
1785290043.4054067,0.0,0.0,0.00027100788429379463
1785290043.405852,0.0,0.0,0.00027276785112917423
1785290043.4062939,0.0,0.0,0.00026924791745841503
1785290043.4067426,0.0,0.0,0.0002724798396229744
1785290043.4072173,0.0,0.0,0.0003026879858225584
1785290043.4076672,0.0,0.0,0.00027385586872696877
1785290043.4081173,0.0,0.0,0.00027606403455138206
1785290043.4085615,0.0,0.0,0.0002706879749894142
1785290043.4089987,0.0,0.0,0.0002692157868295908
1785290043.4094336,0.0,0.0,0.00026694405823946
1785290043.4098744,0.0,0.0,0.0002702721394598484
1785290043.4103198,0.0,0.0,0.0002666558139026165
1785290043.4107637,0.0,0.0,0.00027033593505620956
1785290043.411242,0.0,0.0,0.00030335993506014347
1785290043.4116805,0.0,0.0,0.00027129589579999447
1785290043.4121177,0.0,0.0,0.00026326393708586693
1785290043.412562,0.0,0.0,0.00027193594723939896
1785290043.4130125,0.0,0.0,0.0002758079208433628
1785290043.4134426,0.0,0.0,0.00025923200882971287
1785290043.4138944,0.0,0.0,0.0002771520521491766
1785290043.4143329,0.0,0.0,0.00026384019292891026
1785290043.4147694,0.0,0.0,0.00026307208463549614
1785290043.415222,0.0,0.0,0.00028092809952795506
1785290043.4156566,0.0,0.0,0.0002613440155982971
1785290043.4160948,0.0,0.0,0.00026348792016506195
1785290043.416543,0.0,0.0,0.00027184002101421356
1785290043.4169788,0.0,0.0,0.0002639039885252714
1785290043.4174192,0.0,0.0,0.00026444788090884686
1785290043.4178631,0.0,0.0,0.00026950379833579063
1785290043.4182987,0.0,0.0,0.0002621759194880724
1785290043.4187393,0.0,0.0,0.00026675197295844555
1785290043.4192028,0.0,0.0,0.00029206392355263233
1785290043.4196494,0.0,0.0,0.0002693438436836004
1785290043.420083,0.0,0.0,0.0002663680352270603
1785290043.4205153,0.0,0.0,0.00026259198784828186
1785290043.4209466,0.0,0.0,0.0002619200386106968
1785290043.4213824,0.0,0.0,0.0002652800176292658
1785290043.421824,0.0,0.0,0.0002696320880204439
1785290043.4222581,0.0,0.0,0.0002682879567146301
1785290043.4226985,0.0,0.0,0.0002707839012145996
1785290043.4231653,0.0,0.0,0.0002934399526566267
1785290043.42362,0.0,0.0,0.0002774398308247328
1785290043.4240694,0.0,0.0,0.00027171196416020393
1785290043.4245212,0.0,0.0,0.0002737920731306076
1785290043.4249668,0.0,0.0,0.0002707198727875948
1785290043.4254198,0.0,0.0,0.0002748479600995779
1785290043.425867,0.0,0.0,0.0002706879749894142
1785290043.4263134,0.0,0.0,0.00027561583556234837
1785290043.426758,0.0,0.0,0.0002722239587455988
1785290043.4272234,0.0,0.0,0.00029315194115042686
1785290043.4276757,0.0,0.0,0.00027328007854521275
1785290043.42812,0.0,0.0,0.0002689280081540346
1785290043.4285526,0.0,0.0,0.00026268791407346725
1785290043.42898,0.0,0.0,0.0002610560040920973
1785290043.4294283,0.0,0.0,0.0002714879810810089
1785290043.4298718,0.0,0.0,0.0002723198849707842
1785290043.4303124,0.0,0.0,0.0002693440765142441
1785290043.43075,0.0,0.0,0.0002691198606044054
1785290043.4312043,0.0,0.0,0.0002864000853151083
1785290043.431644,0.0,0.0,0.00026937597431242466
1785290043.4320836,0.0,0.0,0.00026819203048944473
1785290043.4325347,0.0,0.0,0.00027363188564777374
1785290043.4329772,0.0,0.0,0.0002707839012145996
1785290043.4334145,0.0,0.0,0.00026640016585588455
1785290043.4338567,0.0,0.0,0.0002710721455514431
1785290043.4342985,0.0,0.0,0.00026992009952664375
1785290043.4347386,0.0,0.0,0.0002685440704226494
1785290043.4352045,0.0,0.0,0.00029792007990181446
1785290043.4356446,0.0,0.0,0.00026659201830625534
1785290043.4360838,0.0,0.0,0.00026649609208106995
1785290043.4365144,0.0,0.0,0.00026316801086068153
1785290043.436948,0.0,0.0,0.0002688320819288492
1785290043.4373918,0.0,0.0,0.00027273595333099365
1785290043.4378283,0.0,0.0,0.0002664958592504263
1785290043.4382687,0.0,0.0,0.00027088006027042866
1785290043.4387105,0.0,0.0,0.00027289590798318386
1785290043.4391744,0.0,0.0,0.00029452797025442123
1785290043.439616,0.0,0.0,0.0002702721394598484
1785290043.4400604,0.0,0.0,0.0002711680717766285
1785290043.4404953,0.0,0.0,0.0002679359167814255
1785290043.4409473,0.0,0.0,0.00027593597769737244
1785290043.4413905,0.0,0.0,0.0002711680717766285
1785290043.4418452,0.0,0.0,0.0002752321306616068
1785290043.4422886,0.0,0.0,0.000270304037258029
1785290043.442732,0.0,0.0,0.0002748160623013973
1785290043.443203,0.0,0.0,0.0002985598985105753
1785290043.4436393,0.0,0.0,0.00026588793843984604
1785290043.4440815,0.0,0.0,0.0002743680961430073
1785290043.4445174,0.0,0.0,0.00026492797769606113
1785290043.444959,0.0,0.0,0.0002664639614522457
1785290043.4453933,0.0,0.0,0.00026697595603764057
1785290043.4458356,0.0,0.0,0.00026851193979382515
1785290043.4462805,0.0,0.0,0.0002715839073061943
1785290043.4467223,0.0,0.0,0.00026963185518980026
1785290043.4471903,0.0,0.0,0.0002906559966504574
1785290043.4476326,0.0,0.0,0.00026947190053761005
1785290043.4480677,0.0,0.0,0.000263935886323452
1785290043.4485056,0.0,0.0,0.00026489607989788055
1785290043.4489336,0.0,0.0,0.00025532813742756844
1785290043.4493697,0.0,0.0,0.00026428792625665665
1785290043.449806,0.0,0.0,0.00026400014758110046
1785290043.4502947,0.0,0.0,0.00032102386467158794
1785290043.4510174,0.0,0.0,0.0002908799797296524
1785290043.4515395,0.0,0.0,0.0003172159194946289
1785290043.4520795,0.0,0.0,0.0003232958260923624
1785290043.4526005,0.0,0.0,0.0003079038579016924
1785290043.4530919,0.0,0.0,0.0003137600142508745
1785290043.453619,0.0,0.0,0.000312895979732275
1785290043.4541404,0.0,0.0,0.0003145919181406498
1785290043.4546719,0.0,0.0,0.0003177919425070286
1785290043.455207,0.0,0.0,0.00034259213134646416
1785290043.4563894,0.0,0.0,0.0003222399391233921
1785290043.4568594,0.0,0.0,0.0002816959749907255
1785290043.4573193,0.0,0.0,0.00028095999732613564
1785290043.457773,0.0,0.0,0.0002771839499473572
1785290043.4582167,0.0,0.0,0.0002682239282876253
1785290043.458659,0.0,0.0,0.0002687361557036638
1785290043.4591236,0.0,0.0,0.0002899200189858675
1785290043.459593,0.0,0.0,0.00028275209479033947
1785290043.460034,0.0,0.0,0.0002663040068000555
1785290043.4604692,0.0,0.0,0.0002669121604412794
1785290043.4609132,0.0,0.0,0.0002668800298124552
1785290043.4613514,0.0,0.0,0.00026483205147087574
1785290043.461799,0.0,0.0,0.00027008005417883396
1785290043.4622424,0.0,0.0,0.00026560015976428986
1785290043.4626796,0.0,0.0,0.0002636159770190716
1785290043.4631343,0.0,0.0,0.00028358399868011475
1785290043.4635897,0.0,0.0,0.00027926405891776085
1785290043.4640322,0.0,0.0,0.00026924791745841503
1785290043.4644754,0.0,0.0,0.00027193594723939896
1785290043.4649155,0.0,0.0,0.00027017598040401936
1785290043.465361,0.0,0.0,0.00027216016314923763
1785290043.4658005,0.0,0.0,0.00026672007516026497
1785290043.4662395,0.0,0.0,0.0002683522179722786
1785290043.466675,0.0,0.0,0.00026668794453144073
1785290043.4671354,0.0,0.0,0.00028956797905266285
1785290043.4675813,0.0,0.0,0.00027072010561823845
1785290043.4680307,0.0,0.0,0.000274111982434988
1785290043.4684732,0.0,0.0,0.00027017598040401936
1785290043.4689193,0.0,0.0,0.00027299183420836926
1785290043.469367,0.0,0.0,0.00027199997566640377
1785290043.4698067,0.0,0.0,0.0002687040250748396
1785290043.470256,0.0,0.0,0.0002747839316725731
1785290043.4707026,0.0,0.0,0.00027113594114780426
1785290043.471176,0.0,0.0,0.000300863990560174
1785290043.4716294,0.0,0.0,0.00027702399529516697
1785290043.4720786,0.0,0.0,0.0002775038592517376
1785290043.472517,0.0,0.0,0.0002678399905562401
1785290043.4729636,0.0,0.0,0.0002728640101850033
1785290043.4734075,0.0,0.0,0.00027296016924083233
1785290043.4738357,0.0,0.0,0.0002644159831106663
1785290043.4742718,0.0,0.0,0.0002630718518048525
1785290043.4747047,0.0,0.0,0.00026464019902050495
1785290043.4751637,0.0,0.0,0.0002888001035898924
1785290043.4756072,0.0,0.0,0.0002689280081540346
1785290043.4760427,0.0,0.0,0.0002627200447022915
1785290043.4764814,0.0,0.0,0.00026915199123322964
1785290043.4769292,0.0,0.0,0.0002762880176305771
1785290043.4773762,0.0,0.0,0.000274111982434988
1785290043.4778204,0.0,0.0,0.0002692157868295908
1785290043.4782822,0.0,0.0,0.000285472022369504
1785290043.478722,0.0,0.0,0.0002688958775252104
1785290043.4791808,0.0,0.0,0.00028524803929030895
1785290043.4796188,0.0,0.0,0.00026592006906867027
1785290043.4800553,0.0,0.0,0.0002678399905562401
1785290043.4804924,0.0,0.0,0.0002682879567146301
1785290043.480935,0.0,0.0,0.0002730239648371935
1785290043.4814548,0.0,0.0,0.00026902393437922
1785290043.4818947,0.0,0.0,0.00026332796551287174
1785290043.4823391,0.0,0.0,0.0002676800359040499
1785290043.48278,0.0,0.0,0.00026867189444601536
1785290043.4832504,0.0,0.0,0.00029235193505883217
1785290043.4836972,0.0,0.0,0.0002725438680499792
1785290043.484141,0.0,0.0,0.00027091195806860924
1785290043.4845893,0.0,0.0,0.0002713920548558235
1785290043.4850361,0.0,0.0,0.000272159930318594
1785290043.4854784,0.0,0.0,0.00026915199123322964
1785290043.4859118,0.0,0.0,0.0002656318247318268
1785290043.4863472,0.0,0.0,0.00026659201830625534
1785290043.4867864,0.0,0.0,0.00026825605891644955
1785290043.4872544,0.0,0.0,0.00029523205012083054
1785290043.4876995,0.0,0.0,0.0002705599181354046
1785290043.4881482,0.0,0.0,0.00027526402845978737
1785290043.4885879,0.0,0.0,0.00026947190053761005
1785290043.489025,0.0,0.0,0.0002695999573916197
1785290043.4894593,0.0,0.0,0.00026694405823946
1785290043.489894,0.0,0.0,0.00026595196686685085
1785290043.4903283,0.0,0.0,0.00026755197905004025
1785290043.490788,0.0,0.0,0.00028111995197832584
1785290043.4912508,0.0,0.0,0.00029222387820482254
1785290043.4917016,0.0,0.0,0.0002783359959721565
1785290043.4921463,0.0,0.0,0.00027177599258720875
1785290043.492591,0.0,0.0,0.0002754239831119776
1785290043.4930236,0.0,0.0,0.00026307208463549614
1785290043.4934537,0.0,0.0,0.00026227207854390144
1785290043.4938889,0.0,0.0,0.00026601599529385567
1785290043.494329,0.0,0.0,0.0002680958714336157
1785290043.4947603,0.0,0.0,0.0002648639492690563
1785290043.4952328,0.0,0.0,0.0002982721198350191
1785290043.4956803,0.0,0.0,0.0002703680656850338
1785290043.4961238,0.0,0.0,0.00027212779968976974
1785290043.4965756,0.0,0.0,0.0002781439106911421
1785290043.4970212,0.0,0.0,0.00027497601695358753
1785290043.497466,0.0,0.0,0.0002689599059522152
1785290043.4979131,0.0,0.0,0.00027020787820219994
1785290043.498353,0.0,0.0,0.00026489607989788055
1785290043.4987843,0.0,0.0,0.00026393611915409565
1785290043.4992392,0.0,0.0,0.00029724789783358574
1785290043.4996934,0.0,0.0,0.0002776321489363909
1785290043.5001454,0.0,0.0,0.0002797760535031557
1785290043.5005896,0.0,0.0,0.0002732479479163885
1785290043.5010319,0.0,0.0,0.00027094408869743347
1785290043.5014768,0.0,0.0,0.0002728640101850033
1785290043.5019124,0.0,0.0,0.0002671040128916502
1785290043.5023534,0.0,0.0,0.0002735680900514126
1785290043.5027874,0.0,0.0,0.0002644481137394905
1785290043.503246,0.0,0.0,0.0002881919499486685
1785290043.5036836,0.0,0.0,0.00026531214825809
1785290043.5041096,0.0,0.0,0.0002556159161031246
1785290043.5045428,0.0,0.0,0.00026521598920226097
1785290043.5049808,0.0,0.0,0.0002664318308234215
1785290043.5054274,0.0,0.0,0.0002705920487642288
1785290043.5061553,0.0,0.0,0.0005526081658899784
1785290043.5066445,0.0,0.0,0.00031369621865451336
1785290043.507213,0.0,0.0,0.0003507840447127819
1785290043.5077758,0.0,0.0,0.00033424003049731255
1785290043.5083234,0.0,0.0,0.0003279040101915598
1785290043.5088482,0.0,0.0,0.00033312011510133743
1785290043.5094025,0.0,0.0,0.00033008004538714886
1785290043.5099387,0.0,0.0,0.0003143041394650936
1785290043.5104582,0.0,0.0,0.0003209600690752268
1785290043.5109415,0.0,0.0,0.0002816319465637207
1785290043.512222,0.0,0.0,0.0003223998937755823
1785290043.5127006,0.0,0.0,0.00028895982541143894
1785290043.5131433,0.0,0.0,0.0002756479661911726
1785290043.513592,0.0,0.0,0.0002708479296416044
1785290043.514041,0.0,0.0,0.0002708479296416044
1785290043.5144866,0.0,0.0,0.00027033593505620956
1785290043.5149252,0.0,0.0,0.00026531191542744637
1785290043.5154006,0.0,0.0,0.0002837120555341244
1785290043.5158465,0.0,0.0,0.0002686399966478348
1785290043.5162828,0.0,0.0,0.0002631999086588621
1785290043.5167294,0.0,0.0,0.00026588793843984604
1785290043.5171707,0.0,0.0,0.00026819203048944473
1785290043.517601,0.0,0.0,0.0002595200203359127
1785290043.5180335,0.0,0.0,0.00026419200003147125
1785290043.5184896,0.0,0.0,0.0002662721090018749
1785290043.519016,0.0,0.0,0.00032851193100214005
1785290043.5195098,0.0,0.0,0.0002857919316738844
1785290043.519959,0.0,0.0,0.00027315178886055946
1785290043.5204015,0.0,0.0,0.0002706239465624094
1785290043.5208619,0.0,0.0,0.00028166407719254494
1785290043.5213082,0.0,0.0,0.0002743680961430073
1785290043.5217664,0.0,0.0,0.00028435210697352886
1785290043.52221,0.0,0.0,0.00027279998175799847
1785290043.5226512,0.0,0.0,0.00027203187346458435
1785290043.523113,0.0,0.0,0.00027091195806860924
1785290043.5235631,0.0,0.0,0.00027600000612437725
1785290043.524012,0.0,0.0,0.00027766404673457146
1785290043.5244565,0.0,0.0,0.00027094408869743347
1785290043.5248988,0.0,0.0,0.0002700481563806534
1785290043.525343,0.0,0.0,0.0002711361739784479
1785290043.525792,0.0,0.0,0.0002755201421678066
1785290043.5262387,0.0,0.0,0.0002748160623013973
1785290043.526673,0.0,0.0,0.00027196784503757954
1785290043.5271325,0.0,0.0,0.00028889579698443413
1785290043.5275817,0.0,0.0,0.00027427193708717823
1785290043.5280197,0.0,0.0,0.0002670721150934696
1785290043.5284574,0.0,0.0,0.0002702081110328436
1785290043.5288994,0.0,0.0,0.00027257599867880344
1785290043.529339,0.0,0.0,0.00026809610426425934
1785290043.5297854,0.0,0.0,0.00027369591407477856
1785290043.5302212,0.0,0.0,0.00026915199123322964
1785290043.5306718,0.0,0.0,0.0002762880176305771
1785290043.53114,0.0,0.0,0.0002990721259266138
1785290043.5316203,0.0,0.0,0.0002917440142482519
1785290043.5320768,0.0,0.0,0.0002782719675451517
1785290043.5325334,0.0,0.0,0.0002783359959721565
1785290043.5329735,0.0,0.0,0.00027279998175799847
1785290043.5334167,0.0,0.0,0.0002699198666960001
1785290043.5338662,0.0,0.0,0.0002783678937703371
1785290043.5343099,0.0,0.0,0.0002706879749894142
1785290043.534754,0.0,0.0,0.0002749119885265827
1785290043.5352275,0.0,0.0,0.00030304002575576305
1785290043.5356772,0.0,0.0,0.00027734413743019104
1785290043.5361323,0.0,0.0,0.0002775038592517376
1785290043.5365832,0.0,0.0,0.00028086407110095024
1785290043.5370307,0.0,0.0,0.00027504004538059235
1785290043.5374894,0.0,0.0,0.00028038397431373596
1785290043.5379424,0.0,0.0,0.00027417601086199284
1785290043.5383878,0.0,0.0,0.00027228822000324726
1785290043.5388336,0.0,0.0,0.0002742721699178219
1785290043.5393121,0.0,0.0,0.00030729593709111214
1785290043.5397685,0.0,0.0,0.0002741438802331686
1785290043.540228,0.0,0.0,0.00028054392896592617
1785290043.5406737,0.0,0.0,0.00027497601695358753
1785290043.5411174,0.0,0.0,0.0002746561076492071
1785290043.5415628,0.0,0.0,0.0002733119763433933
1785290043.5420048,0.0,0.0,0.00027052778750658035
1785290043.5424356,0.0,0.0,0.0002637759316712618
1785290043.542869,0.0,0.0,0.0002612799871712923
1785290043.5433435,0.0,0.0,0.00030671991407871246
1785290043.5437844,0.0,0.0,0.00027097598649561405
1785290043.5442214,0.0,0.0,0.0002687040250748396
1785290043.5446627,0.0,0.0,0.00026748795062303543
1785290043.5451076,0.0,0.0,0.0002699838951230049
1785290043.5455477,0.0,0.0,0.00026761600747704506
1785290043.5459907,0.0,0.0,0.0002697920426726341
1785290043.5464313,0.0,0.0,0.0002721920609474182
1785290043.5468805,0.0,0.0,0.00027535995468497276
1785290043.5473483,0.0,0.0,0.0002949440386146307
1785290043.5478065,0.0,0.0,0.00027846405282616615
1785290043.548245,0.0,0.0,0.00026745605282485485
1785290043.548696,0.0,0.0,0.00027529592625796795
1785290043.5491393,0.0,0.0,0.00027171196416020393
1785290043.5495803,0.0,0.0,0.00026793614961206913
1785290043.5500302,0.0,0.0,0.00027449592016637325
1785290043.5504744,0.0,0.0,0.000270304037258029
1785290043.5509145,0.0,0.0,0.000271808123216033
1785290043.5513735,0.0,0.0,0.0002864319831132889
1785290043.5518105,0.0,0.0,0.000262079993262887
1785290043.5522504,0.0,0.0,0.0002681280020624399
1785290043.5526955,0.0,0.0,0.000274111982434988
1785290043.553145,0.0,0.0,0.0002734079025685787
1785290043.5535798,0.0,0.0,0.0002621440216898918
1785290043.5540252,0.0,0.0,0.0002707839012145996
1785290043.5544744,0.0,0.0,0.00027359998784959316
1785290043.5549147,0.0,0.0,0.0002689918037503958
1785290043.5553887,0.0,0.0,0.0003038079012185335
1785290043.555821,0.0,0.0,0.0002655358985066414
1785290043.5562634,0.0,0.0,0.0002711680717766285
1785290043.5567074,0.0,0.0,0.00027305586263537407
1785290043.5571465,0.0,0.0,0.00027001602575182915
1785290043.5575855,0.0,0.0,0.0002712639980018139
1785290043.5580363,0.0,0.0,0.00027478416450321674
1785290043.5584657,0.0,0.0,0.0002642881590873003
1785290043.5589023,0.0,0.0,0.00026761600747704506
1785290043.5593765,0.0,0.0,0.00029696011915802956
1785290043.5598218,0.0,0.0,0.0002699198666960001
1785290043.560271,0.0,0.0,0.00027113594114780426
1785290043.560718,0.0,0.0,0.0002762561198323965
1785290043.561169,0.0,0.0,0.00027568009681999683
1785290043.561912,0.0,0.0,0.0005093759391456842
1785290043.5624347,0.0,0.0,0.00031260796822607517
1785290043.56294,0.0,0.0,0.0003246399573981762
1785290043.563478,0.0,0.0,0.0003103038761764765
1785290043.5640204,0.0,0.0,0.0003270080778747797
1785290043.5645404,0.0,0.0,0.00031068804673850536
1785290043.5650377,0.0,0.0,0.00031715212389826775
1785290043.5655541,0.0,0.0,0.00031139212660491467
1785290043.5660717,0.0,0.0,0.00031788810156285763
1785290043.5672715,0.0,0.0,0.0009967039804905653
1785290043.5677588,0.0,0.0,0.00028854398988187313
1785290043.5682137,0.0,0.0,0.00027443189173936844
1785290043.5686495,0.0,0.0,0.0002622399479150772
1785290043.5690901,0.0,0.0,0.0002680639736354351
1785290043.5695517,0.0,0.0,0.00028383987955749035
1785290043.5699904,0.0,0.0,0.00026889611035585403
1785290043.570431,0.0,0.0,0.00026771193370223045
1785290043.570885,0.0,0.0,0.00027699186466634274
1785290043.5713534,0.0,0.0,0.00029235193505883217
1785290043.5718036,0.0,0.0,0.00027356785722076893
1785290043.5722494,0.0,0.0,0.0002714239526540041
1785290043.5727155,0.0,0.0,0.00028271996416151524
1785290043.5731702,0.0,0.0,0.00027676811441779137
1785290043.5736308,0.0,0.0,0.0002830720040947199
1785290043.5740812,0.0,0.0,0.000273887999355793
1785290043.5745335,0.0,0.0,0.00027606403455138206
1785290043.574983,0.0,0.0,0.0002733438741415739
1785290043.575447,0.0,0.0,0.0002753280568867922
1785290043.575892,0.0,0.0,0.0002695680595934391
1785290043.5763476,0.0,0.0,0.00027577602304518223
1785290043.5767968,0.0,0.0,0.00027273595333099365
1785290043.5772336,0.0,0.0,0.0002658881712704897
1785290043.5776691,0.0,0.0,0.00026320014148950577
1785290043.578103,0.0,0.0,0.000260224100202322
1785290043.5785387,0.0,0.0,0.00026473612524569035
1785290043.5789874,0.0,0.0,0.00027097598649561405
1785290043.5794594,0.0,0.0,0.00027414411306381226
1785290043.5799112,0.0,0.0,0.00027168006636202335
1785290043.5803509,0.0,0.0,0.00026518385857343674
1785290043.5807924,0.0,0.0,0.0002689280081540346
1785290043.5812368,0.0,0.0,0.0002694400027394295
1785290043.5816734,0.0,0.0,0.0002639039885252714
1785290043.58211,0.0,0.0,0.0002632958348840475
1785290043.5825465,0.0,0.0,0.00026425602845847607
1785290043.5829809,0.0,0.0,0.0002623358741402626
1785290043.5834417,0.0,0.0,0.00026736012659966946
1785290043.5838788,0.0,0.0,0.0002663680352270603
1785290043.5843136,0.0,0.0,0.0002663680352270603
1785290043.5847712,0.0,0.0,0.0002805120311677456
1785290043.5852177,0.0,0.0,0.00027081603184342384
1785290043.5856707,0.0,0.0,0.00027356785722076893
1785290043.5861125,0.0,0.0,0.0002723520155996084
1785290043.5865467,0.0,0.0,0.0002714879810810089
1785290043.586988,0.0,0.0,0.0002688639797270298
1785290043.5874486,0.0,0.0,0.0002679999452084303
1785290043.587893,0.0,0.0,0.0002725438680499792
1785290043.5883348,0.0,0.0,0.00027353595942258835
1785290043.5887735,0.0,0.0,0.00026665604673326015
1785290043.5892093,0.0,0.0,0.0002682879567146301
1785290043.5896564,0.0,0.0,0.0002722239587455988
1785290043.5900905,0.0,0.0,0.00026764790527522564
1785290043.5905256,0.0,0.0,0.0002681280020624399
1785290043.5909696,0.0,0.0,0.000273536192253232
1785290043.5914454,0.0,0.0,0.0002850238233804703
1785290043.5918813,0.0,0.0,0.00026412797160446644
1785290043.5923193,0.0,0.0,0.0002655358985066414
1785290043.592765,0.0,0.0,0.00027168006636202335
1785290043.5932052,0.0,0.0,0.0002620159648358822
1785290043.5936399,0.0,0.0,0.0002628481015563011
1785290043.5940664,0.0,0.0,0.0002553279045969248
1785290043.5945027,0.0,0.0,0.00026483205147087574
1785290043.5949335,0.0,0.0,0.0002627840731292963
1785290043.5954118,0.0,0.0,0.0002891200128942728
1785290043.5958576,0.0,0.0,0.0002730879932641983
1785290043.5962968,0.0,0.0,0.0002675841096788645
1785290043.596735,0.0,0.0,0.00026761600747704506
1785290043.5971637,0.0,0.0,0.0002678721211850643
1785290043.5976017,0.0,0.0,0.0002671359106898308
1785290043.5980394,0.0,0.0,0.0002661440521478653
1785290043.5984776,0.0,0.0,0.0002673279959708452
1785290043.5989048,0.0,0.0,0.0002576319966465235
1785290043.5993676,0.0,0.0,0.0002912958152592182
1785290043.599814,0.0,0.0,0.00027113594114780426
1785290043.600257,0.0,0.0,0.00026601599529385567
1785290043.6006975,0.0,0.0,0.0002717438619583845
1785290043.6011405,0.0,0.0,0.0002706239465624094
1785290043.6015773,0.0,0.0,0.0002638399600982666
1785290043.6020088,0.0,0.0,0.00026188790798187256
1785290043.6024423,0.0,0.0,0.00026220805011689663
1785290043.60288,0.0,0.0,0.0002647039946168661
1785290043.6033335,0.0,0.0,0.0002826559357345104
1785290043.6037712,0.0,0.0,0.0002675522118806839
1785290043.6042166,0.0,0.0,0.00027081603184342384
1785290043.6046605,0.0,0.0,0.0002711680717766285
1785290043.605102,0.0,0.0,0.00027152011170983315
1785290043.605547,0.0,0.0,0.0002706239465624094
1785290043.6059942,0.0,0.0,0.000272383913397789
1785290043.6064396,0.0,0.0,0.00027011195197701454
1785290043.6068861,0.0,0.0,0.00027289590798318386
1785290043.6073525,0.0,0.0,0.0002945598680526018
1785290043.6078038,0.0,0.0,0.0002758719492703676
1785290043.6082473,0.0,0.0,0.0002731520216912031
1785290043.608686,0.0,0.0,0.0002748798578977585
1785290043.6091285,0.0,0.0,0.0002650241367518902
1785290043.6095724,0.0,0.0,0.00027171196416020393
1785290043.6100218,0.0,0.0,0.00028153578750789165
1785290043.6104693,0.0,0.0,0.0002740798518061638
1785290043.6109083,0.0,0.0,0.0002702081110328436
1785290043.6113563,0.0,0.0,0.00028025615029037
1785290043.611793,0.0,0.0,0.0002633281983435154
1785290043.6122289,0.0,0.0,0.00026899203658103943
1785290043.612661,0.0,0.0,0.00025971210561692715
1785290043.6131024,0.0,0.0,0.00026937597431242466
1785290043.613536,0.0,0.0,0.0002627200447022915
1785290043.613975,0.0,0.0,0.0002652481198310852
1785290043.6144102,0.0,0.0,0.00026480015367269516
1785290043.6148467,0.0,0.0,0.0002674239221960306
1785290043.6153047,0.0,0.0,0.0002863360568881035
1785290043.6157503,0.0,0.0,0.0002740479540079832
1785290043.6161923,0.0,0.0,0.00027081603184342384
1785290043.6166296,0.0,0.0,0.00026931194588541985
1785290043.6173854,0.0,0.0,0.0003509439993649721
1785290043.6179307,0.0,0.0,0.0003255680203437805
1785290043.6184514,0.0,0.0,0.0003086719661951065
1785290043.618951,0.0,0.0,0.000321120023727417
1785290043.6195009,0.0,0.0,0.0003147199749946594
1785290043.6200373,0.0,0.0,0.00032179197296500206
1785290043.6205547,0.0,0.0,0.000313023803755641
1785290043.621078,0.0,0.0,0.00034614396281540394
1785290043.6216116,0.0,0.0,0.00031916797161102295
1785290043.622842,0.0,0.0,0.00032604788430035114
1785290043.6233425,0.0,0.0,0.0003120000474154949
1785290043.6238203,0.0,0.0,0.0002914881333708763
1785290043.6242871,0.0,0.0,0.0002830720040947199
1785290043.6247327,0.0,0.0,0.00027568009681999683
1785290043.6251862,0.0,0.0,0.00028223986737430096
1785290043.6256447,0.0,0.0,0.0002818559296429157
1785290043.626097,0.0,0.0,0.00027584005147218704
1785290043.6265438,0.0,0.0,0.00027478416450321674
1785290043.626989,0.0,0.0,0.00027449592016637325
1785290043.6274693,0.0,0.0,0.0002831360325217247
1785290043.627926,0.0,0.0,0.0002770880237221718
1785290043.628372,0.0,0.0,0.0002737280447036028
1785290043.6288218,0.0,0.0,0.00027401605620980263
1785290043.6292634,0.0,0.0,0.0002699198666960001
1785290043.6297157,0.0,0.0,0.00027488009072840214
1785290043.630161,0.0,0.0,0.0002688320819288492
1785290043.630602,0.0,0.0,0.00027193594723939896
1785290043.6310549,0.0,0.0,0.00028031994588673115
1785290043.6315389,0.0,0.0,0.00028518401086330414
1785290043.63198,0.0,0.0,0.00026726420037448406
1785290043.6324227,0.0,0.0,0.0002680639736354351
1785290043.632863,0.0,0.0,0.00027011195197701454
1785290043.633308,0.0,0.0,0.00026697595603764057
1785290043.6337504,0.0,0.0,0.0002689280081540346
1785290043.634197,0.0,0.0,0.00027593597769737244
1785290043.634641,0.0,0.0,0.0002689918037503958
1785290043.6350853,0.0,0.0,0.0002695040311664343
1785290043.635587,0.0,0.0,0.0002916159573942423
1785290043.6360397,0.0,0.0,0.00027424003928899765
1785290043.6364932,0.0,0.0,0.00027942401356995106
1785290043.636948,0.0,0.0,0.0002783359959721565
1785290043.637406,0.0,0.0,0.00028198398649692535
1785290043.6378596,0.0,0.0,0.00027635181322693825
1785290043.6383011,0.0,0.0,0.00026748795062303543
1785290043.638832,0.0,0.0,0.0002755839377641678
1785290043.6393163,0.0,0.0,0.00030479999259114265
1785290043.639761,0.0,0.0,0.0002708479296416044
1785290043.6402056,0.0,0.0,0.00027161603793501854
1785290043.6406536,0.0,0.0,0.0002754880115389824
1785290043.641101,0.0,0.0,0.00027254410088062286
1785290043.6415458,0.0,0.0,0.0002748798578977585
1785290043.641999,0.0,0.0,0.0002790719736367464
1785290043.6424494,0.0,0.0,0.00027523189783096313
1785290043.6429007,0.0,0.0,0.0002766719553619623
1785290043.6433861,0.0,0.0,0.0003131201956421137
1785290043.6438258,0.0,0.0,0.00027011195197701454
1785290043.6442685,0.0,0.0,0.0002715198788791895
1785290043.644715,0.0,0.0,0.000272607896476984
1785290043.6451507,0.0,0.0,0.00026643206365406513
1785290043.6455972,0.0,0.0,0.00027020787820219994
1785290043.6460452,0.0,0.0,0.00027504004538059235
1785290043.6464872,0.0,0.0,0.00027008005417883396
1785290043.6469278,0.0,0.0,0.0002696320880204439
1785290043.6473947,0.0,0.0,0.0002746239770203829
1785290043.647838,0.0,0.0,0.0002694400027394295
1785290043.6482806,0.0,0.0,0.0002683838829398155
1785290043.6487226,0.0,0.0,0.00027081603184342384
1785290043.6491632,0.0,0.0,0.00026940787211060524
1785290043.6496017,0.0,0.0,0.0002695680595934391
1785290043.6500514,0.0,0.0,0.00027439999394118786
1785290043.6504982,0.0,0.0,0.00027606403455138206
1785290043.650932,0.0,0.0,0.00027193594723939896
1785290043.651403,0.0,0.0,0.0002831679303199053
1785290043.6518521,0.0,0.0,0.0002741438802331686
1785290043.6522973,0.0,0.0,0.000274463789537549
1785290043.6527417,0.0,0.0,0.00027312012389302254
1785290043.653181,0.0,0.0,0.0002712321002036333
1785290043.6536245,0.0,0.0,0.00027171196416020393
1785290043.6540678,0.0,0.0,0.00027129589579999447
1785290043.6545062,0.0,0.0,0.00026854383759200573
1785290043.6549442,0.0,0.0,0.0002621440216898918
1785290043.655398,0.0,0.0,0.00027801585383713245
1785290043.6558397,0.0,0.0,0.00026742415502667427
1785290043.6562834,0.0,0.0,0.00027123186737298965
1785290043.6567252,0.0,0.0,0.0002703999634832144
1785290043.6571555,0.0,0.0,0.0002611840609461069
1785290043.657588,0.0,0.0,0.0002638399600982666
1785290043.6580243,0.0,0.0,0.00026377616450190544
1785290043.658461,0.0,0.0,0.0002658239100128412
1785290043.658892,0.0,0.0,0.0002612159587442875
1785290043.6593556,0.0,0.0,0.0002935358788818121
1785290043.6597974,0.0,0.0,0.00026873592287302017
1785290043.66024,0.0,0.0,0.0002696639858186245
1785290043.6606762,0.0,0.0,0.00026844791136682034
1785290043.6611166,0.0,0.0,0.00026761600747704506
1785290043.6615546,0.0,0.0,0.00026355194859206676
1785290043.6619911,0.0,0.0,0.0002687680535018444
1785290043.6624305,0.0,0.0,0.0002688320819288492
1785290043.662868,0.0,0.0,0.0002667841035872698
1785290043.6633348,0.0,0.0,0.00029811193235218525
1785290043.6637747,0.0,0.0,0.00026976014487445354
1785290043.664224,0.0,0.0,0.0002766398247331381
1785290043.6646628,0.0,0.0,0.0002683838829398155
1785290043.665104,0.0,0.0,0.00026998412795364857
1785290043.665541,0.0,0.0,0.0002673598937690258
1785290043.6659734,0.0,0.0,0.00026236800476908684
1785290043.6664195,0.0,0.0,0.00027273595333099365
1785290043.6668618,0.0,0.0,0.0002682558260858059
1785290043.667332,0.0,0.0,0.00030224001966416836
1785290043.6677766,0.0,0.0,0.0002704639919102192
1785290043.6682281,0.0,0.0,0.00027609593234956264
1785290043.6686695,0.0,0.0,0.00027430406771600246
1785290043.6691139,0.0,0.0,0.00026915199123322964
1785290043.6695514,0.0,0.0,0.0002640639431774616
1785290043.669976,0.0,0.0,0.000260351924225688
1785290043.6704068,0.0,0.0,0.00026144017465412617
1785290043.6708455,0.0,0.0,0.00026819203048944473
1785290043.6713135,0.0,0.0,0.000296223908662796
1785290043.6717503,0.0,0.0,0.0002664958592504263
1785290043.6724849,0.0,0.0,0.0005617919377982616
1785290043.6729743,0.0,0.0,0.0003043839242309332
1785290043.673493,0.0,0.0,0.0003407360054552555
1785290043.673981,0.0,0.0,0.0003088638186454773
1785290043.6745172,0.0,0.0,0.0003220480866730213
1785290043.6750462,0.0,0.0,0.00031388807110488415
1785290043.6755855,0.0,0.0,0.00031766388565301895
1785290043.6760762,0.0,0.0,0.0003079359885305166
1785290043.676639,0.0,0.0,0.00033270404674112797
1785290043.677779,0.0,0.0,0.0009469760116189718
1785290043.678284,0.0,0.0,0.0003015040419995785
1785290043.6787379,0.0,0.0,0.00027036783285439014
1785290043.67921,0.0,0.0,0.000294368015602231
1785290043.679659,0.0,0.0,0.000272383913397789
1785290043.6801078,0.0,0.0,0.0002714879810810089
1785290043.6805487,0.0,0.0,0.0002719040494412184
1785290043.6809883,0.0,0.0,0.00026752008125185966
1785290043.6814253,0.0,0.0,0.0002682879567146301
1785290043.6818736,0.0,0.0,0.0002731520216912031
1785290043.682324,0.0,0.0,0.0002741438802331686
1785290043.6827734,0.0,0.0,0.00027433596551418304
1785290043.6832356,0.0,0.0,0.0002917118836194277
1785290043.683685,0.0,0.0,0.000275743892416358
1785290043.684134,0.0,0.0,0.00027334410697221756
1785290043.6845767,0.0,0.0,0.00027075200341641903
1785290043.6850202,0.0,0.0,0.00027065607719123363
1785290043.68547,0.0,0.0,0.00027513597160577774
1785290043.6859186,0.0,0.0,0.00027545588091015816
1785290043.6863542,0.0,0.0,0.00026175985112786293
1785290043.6867976,0.0,0.0,0.00027241604402661324
1785290043.6872592,0.0,0.0,0.0002932159695774317
1785290043.6877086,0.0,0.0,0.0002748479600995779
1785290043.6881566,0.0,0.0,0.0002741757780313492
1785290043.6886015,0.0,0.0,0.00027312012389302254
1785290043.6890411,0.0,0.0,0.00026832008734345436
1785290043.6894867,0.0,0.0,0.0002716479357331991
1785290043.6899233,0.0,0.0,0.00026224018074572086
1785290043.6903577,0.0,0.0,0.0002647039946168661
1785290043.6907887,0.0,0.0,0.0002647039946168661
1785290043.6912441,0.0,0.0,0.00028278399258852005
1785290043.691687,0.0,0.0,0.00026601599529385567
1785290043.6921265,0.0,0.0,0.0002686399966478348
1785290043.6925638,0.0,0.0,0.0002647680230438709
1785290043.6930046,0.0,0.0,0.0002715520095080137
1785290043.6934395,0.0,0.0,0.00027174409478902817
1785290043.6938827,0.0,0.0,0.00026985607109963894
1785290043.6943257,0.0,0.0,0.00027075200341641903
1785290043.6947634,0.0,0.0,0.0002671999391168356
1785290043.6952262,0.0,0.0,0.00028796796686947346
1785290043.695679,0.0,0.0,0.00027241604402661324
1785290043.696119,0.0,0.0,0.000268448144197464
1785290043.6965616,0.0,0.0,0.00026924791745841503
1785290043.6970003,0.0,0.0,0.0002719040494412184
1785290043.697446,0.0,0.0,0.0002722879871726036
1785290043.697902,0.0,0.0,0.0002763839438557625
1785290043.6983523,0.0,0.0,0.0002764479722827673
1785290043.698792,0.0,0.0,0.00026752008125185966
1785290043.6992633,0.0,0.0,0.0002950718626379967
1785290043.699714,0.0,0.0,0.0002728640101850033
1785290043.7001638,0.0,0.0,0.0002714558504521847
1785290043.7006123,0.0,0.0,0.0002754880115389824
1785290043.7010572,0.0,0.0,0.0002703680656850338
1785290043.701499,0.0,0.0,0.00027036783285439014
1785290043.7019417,0.0,0.0,0.0002713280264288187
1785290043.7023811,0.0,0.0,0.00026668794453144073
1785290043.7028377,0.0,0.0,0.000280607957392931
1785290043.7033045,0.0,0.0,0.00029302388429641724
1785290043.70375,0.0,0.0,0.0002665598876774311
1785290043.704193,0.0,0.0,0.0002694400027394295
1785290043.7046397,0.0,0.0,0.0002729280386120081
1785290043.7050748,0.0,0.0,0.00026358384639024734
1785290043.7055128,0.0,0.0,0.00026681600138545036
1785290043.7059522,0.0,0.0,0.0002675838768482208
1785290043.7063956,0.0,0.0,0.00027216016314923763
1785290043.7068403,0.0,0.0,0.00027180789038538933
1785290043.7073157,0.0,0.0,0.0003012479282915592
1785290043.7077725,0.0,0.0,0.0002805441617965698
1785290043.7082245,0.0,0.0,0.00027673598378896713
1785290043.7086785,0.0,0.0,0.00027772807516157627
1785290043.7091215,0.0,0.0,0.0002683841157704592
1785290043.7095573,0.0,0.0,0.0002660481259226799
1785290043.7099965,0.0,0.0,0.00026848004199564457
1785290043.7104342,0.0,0.0,0.00026508793234825134
1785290043.7108674,0.0,0.0,0.0002647680230438709
1785290043.7113514,0.0,0.0,0.0003071678802371025
1785290043.7118006,0.0,0.0,0.000275168102234602
1785290043.7122471,0.0,0.0,0.0002731198910623789
1785290043.7126942,0.0,0.0,0.0002747520338743925
1785290043.7131588,0.0,0.0,0.000282112043350935
1785290043.713594,0.0,0.0,0.00027123186737298965
1785290043.7140396,0.0,0.0,0.000270304037258029
1785290043.7144873,0.0,0.0,0.0002748160623013973
1785290043.7149296,0.0,0.0,0.00026752008125185966
1785290043.715399,0.0,0.0,0.00028204801492393017
1785290043.7158558,0.0,0.0,0.000273664016276598
1785290043.7162979,0.0,0.0,0.00026755197905004025
1785290043.7167544,0.0,0.0,0.00027910410426557064
1785290043.7172024,0.0,0.0,0.0002744002267718315
1785290043.717646,0.0,0.0,0.00027443189173936844
1785290043.7180939,0.0,0.0,0.00027238414622843266
1785290043.7185438,0.0,0.0,0.00027526402845978737
1785290043.7189827,0.0,0.0,0.00026339199393987656
1785290043.7194557,0.0,0.0,0.0002783359959721565
1785290043.7199042,0.0,0.0,0.00027203187346458435
1785290043.7203412,0.0,0.0,0.0002670399844646454
1785290043.7207887,0.0,0.0,0.0002699838951230049
1785290043.7212367,0.0,0.0,0.0002731198910623789
1785290043.7216802,0.0,0.0,0.0002687040250748396
1785290043.7221174,0.0,0.0,0.0002665917854756117
1785290043.722562,0.0,0.0,0.00026889611035585403
1785290043.7230105,0.0,0.0,0.00027081603184342384
1785290043.7234867,0.0,0.0,0.0002788479905575514
1785290043.7239454,0.0,0.0,0.0002782079391181469
1785290043.7243826,0.0,0.0,0.00027257599867880344
1785290043.724832,0.0,0.0,0.00027350406162440777
1785290043.72528,0.0,0.0,0.00027363188564777374
1785290043.7257202,0.0,0.0,0.00027049588970839977
1785290043.726162,0.0,0.0,0.0002719040494412184
1785290043.7266018,0.0,0.0,0.0002714239526540041
1785290043.7270455,0.0,0.0,0.0002695999573916197
1785290043.7279038,0.0,0.0,0.0006159038748592138
1785290043.7284348,0.0,0.0,0.00033366400748491287
1785290043.7289715,0.0,0.0,0.0003186240792274475
1785290043.7295012,0.0,0.0,0.00031644804403185844
1785290043.7300122,0.0,0.0,0.00031385617330670357
1785290043.730494,0.0,0.0,0.00030502420850098133
1785290043.731019,0.0,0.0,0.0003119360189884901
1785290043.7315614,0.0,0.0,0.00031359982676804066
1785290043.7320955,0.0,0.0,0.0003247358836233616
1785290043.733216,0.0,0.0,0.0009261120576411486
1785290043.733714,0.0,0.0,0.00029532797634601593
1785290043.7341797,0.0,0.0,0.0002813120372593403
1785290043.7346356,0.0,0.0,0.0002783678937703371
1785290043.7350836,0.0,0.0,0.0002740479540079832
1785290043.7355769,0.0,0.0,0.0002858240623027086
1785290043.7360296,0.0,0.0,0.0002782398369163275
1785290043.7364848,0.0,0.0,0.0002766079269349575
1785290043.7369347,0.0,0.0,0.000275392085313797
1785290043.7373772,0.0,0.0,0.00027264002710580826
1785290043.7378244,0.0,0.0,0.00027600000612437725
1785290043.7382593,0.0,0.0,0.00026761600747704506
1785290043.738697,0.0,0.0,0.00027148821391165257
1785290043.7391615,0.0,0.0,0.0002908799797296524
1785290043.7396126,0.0,0.0,0.00027520000003278255
1785290043.7400556,0.0,0.0,0.0002703999634832144
1785290043.740503,0.0,0.0,0.0002710721455514431
1785290043.740949,0.0,0.0,0.0002717438619583845
1785290043.741389,0.0,0.0,0.0002670721150934696
1785290043.7418427,0.0,0.0,0.00027686404064297676
1785290043.7422767,0.0,0.0,0.0002653759438544512
1785290043.7427194,0.0,0.0,0.00026937597431242466
1785290043.743177,0.0,0.0,0.0002849600277841091
1785290043.74362,0.0,0.0,0.00026729609817266464
1785290043.7440782,0.0,0.0,0.0002765438985079527
1785290043.7445197,0.0,0.0,0.000272159930318594
1785290043.7449582,0.0,0.0,0.0002639999147504568
1785290043.7453938,0.0,0.0,0.00026467209681868553
1785290043.7458274,0.0,0.0,0.00026729609817266464
1785290043.7462616,0.0,0.0,0.0002629440277814865
1785290043.7466965,0.0,0.0,0.0002646399661898613
1785290043.7471383,0.0,0.0,0.00028047990053892136
1785290043.7475863,0.0,0.0,0.00027081603184342384
1785290043.7480376,0.0,0.0,0.00028003216721117496
1785290043.7484853,0.0,0.0,0.00027350406162440777
1785290043.7489443,0.0,0.0,0.00028118398040533066
1785290043.7493904,0.0,0.0,0.0002695040311664343
1785290043.7498384,0.0,0.0,0.0002754239831119776
1785290043.7502754,0.0,0.0,0.0002631999086588621
1785290043.7507074,0.0,0.0,0.0002618241123855114
1785290043.7511547,0.0,0.0,0.00027846405282616615
1785290043.7516007,0.0,0.0,0.0002701440826058388
1785290043.752032,0.0,0.0,0.0002636800054460764
1785290043.7524755,0.0,0.0,0.0002677121665328741
1785290043.7529163,0.0,0.0,0.0002676800359040499
1785290043.7533548,0.0,0.0,0.00026835198514163494
1785290043.753795,0.0,0.0,0.0002676800359040499
1785290043.7542336,0.0,0.0,0.0002670399844646454
1785290043.7546701,0.0,0.0,0.0002647999208420515
1785290043.7551255,0.0,0.0,0.000282687833532691
1785290043.7555668,0.0,0.0,0.0002689280081540346
1785290043.7560081,0.0,0.0,0.00026736012659966946
1785290043.756444,0.0,0.0,0.00026329606771469116
1785290043.756883,0.0,0.0,0.00026601599529385567
1785290043.7573252,0.0,0.0,0.0002705920487642288
1785290043.757762,0.0,0.0,0.0002663680352270603
1785290043.758198,0.0,0.0,0.0002675841096788645
1785290043.758634,0.0,0.0,0.00026668794453144073
1785290043.7590723,0.0,0.0,0.00026889611035585403
1785290043.7595546,0.0,0.0,0.0002781760413199663
1785290043.759991,0.0,0.0,0.00026601599529385567
1785290043.760444,0.0,0.0,0.00027475180104374886
1785290043.7608929,0.0,0.0,0.00027187191881239414
1785290043.7613235,0.0,0.0,0.0002577919512987137
1785290043.761767,0.0,0.0,0.0002694081049412489
1785290043.762215,0.0,0.0,0.00027177599258720875
1785290043.7626612,0.0,0.0,0.0002720640040934086
1785290043.763122,0.0,0.0,0.000282911816611886
1785290043.763564,0.0,0.0,0.00026521598920226097
1785290043.764019,0.0,0.0,0.00028124800883233547
1785290043.764457,0.0,0.0,0.00026672007516026497
1785290043.7648964,0.0,0.0,0.00026985607109963894
1785290043.7653263,0.0,0.0,0.00026563205756247044
1785290043.765766,0.0,0.0,0.00027004792355000973
1785290043.7662165,0.0,0.0,0.000275168102234602
1785290043.7666633,0.0,0.0,0.0002722239587455988
1785290043.7671278,0.0,0.0,0.0002893118653446436
1785290043.7675724,0.0,0.0,0.00027129589579999447
1785290043.768023,0.0,0.0,0.0002715520095080137
1785290043.7684655,0.0,0.0,0.00026764790527522564
1785290043.768909,0.0,0.0,0.00026851193979382515
1785290043.7693548,0.0,0.0,0.0002715520095080137
1785290043.7698061,0.0,0.0,0.0002738561015576124
1785290043.770266,0.0,0.0,0.00028223986737430096
1785290043.7707112,0.0,0.0,0.00027270405553281307
1785290043.7711685,0.0,0.0,0.0002868799492716789
1785290043.7716122,0.0,0.0,0.00026860786601901054
1785290043.7720535,0.0,0.0,0.0002665598876774311
1785290043.7724833,0.0,0.0,0.00025932793505489826
1785290043.7729132,0.0,0.0,0.0002578878775238991
1785290043.7733376,0.0,0.0,0.00025756796821951866
1785290043.7737694,0.0,0.0,0.00026457617059350014
1785290043.774204,0.0,0.0,0.0002643200568854809
1785290043.7746403,0.0,0.0,0.00026393611915409565
1785290043.7750778,0.0,0.0,0.00026668794453144073
1785290043.775545,0.0,0.0,0.00027439999394118786
1785290043.775981,0.0,0.0,0.00026438385248184204
1785290043.7764134,0.0,0.0,0.00026409607380628586
1785290043.776848,0.0,0.0,0.00026425602845847607
1785290043.7772863,0.0,0.0,0.0002665598876774311
1785290043.7777283,0.0,0.0,0.0002688320819288492
1785290043.7781723,0.0,0.0,0.00027267192490398884
1785290043.7786098,0.0,0.0,0.0002648318186402321
1785290043.7790453,0.0,0.0,0.00026521598920226097
1785290043.7795138,0.0,0.0,0.0002741122152656317
1785290043.7799535,0.0,0.0,0.00027004792355000973
1785290043.7804048,0.0,0.0,0.0002711680717766285
1785290043.7808573,0.0,0.0,0.0002773760352283716
1785290043.7813065,0.0,0.0,0.00027497601695358753
1785290043.7817488,0.0,0.0,0.00027113594114780426
1785290043.7821805,0.0,0.0,0.00026998412795364857
1785290043.7826197,0.0,0.0,0.0002697280142456293
1785290043.783383,0.0,0.0,0.000469984021037817
1785290043.783938,0.0,0.0,0.00032860785722732544
1785290043.78447,0.0,0.0,0.0003222399391233921
1785290043.7849705,0.0,0.0,0.0003185919485986233
1785290043.785482,0.0,0.0,0.0003019839059561491
1785290043.7860022,0.0,0.0,0.0003096961881965399
1785290043.786522,0.0,0.0,0.00034364801831543446
1785290043.7870545,0.0,0.0,0.00034780800342559814
1785290043.7875986,0.0,0.0,0.00032140803523361683
1785290043.788744,0.0,0.0,0.0009550401009619236
1785290043.7892232,0.0,0.0,0.0002839679364115
1785290043.7896805,0.0,0.0,0.00027539185248315334
1785290043.790127,0.0,0.0,0.0002737920731306076
1785290043.7905672,0.0,0.0,0.0002746239770203829
1785290043.7910163,0.0,0.0,0.0002751678694039583
1785290043.7914884,0.0,0.0,0.0002756798639893532
1785290043.7919393,0.0,0.0,0.00027670408599078655
1785290043.7923956,0.0,0.0,0.0002752961590886116
1785290043.7928443,0.0,0.0,0.00027446402236819267
1785290043.7932985,0.0,0.0,0.0002763201482594013
1785290043.793761,0.0,0.0,0.00028003216721117496
1785290043.7942047,0.0,0.0,0.00027193594723939896
1785290043.7946467,0.0,0.0,0.0002703999634832144
1785290043.79509,0.0,0.0,0.00026905606500804424
1785290043.7956536,0.0,0.0,0.0002813760656863451
1785290043.7961142,0.0,0.0,0.00027849595062434673
1785290043.7965627,0.0,0.0,0.0002729280386120081
1785290043.7970083,0.0,0.0,0.000273887999355793
1785290043.7974484,0.0,0.0,0.000270304037258029
1785290043.7978928,0.0,0.0,0.0002730239648371935
1785290043.7983322,0.0,0.0,0.00026384019292891026
1785290043.7987595,0.0,0.0,0.0002580799628049135
1785290043.7992177,0.0,0.0,0.0002880960237234831
1785290043.7996597,0.0,0.0,0.0002661440521478653
1785290043.800113,0.0,0.0,0.0002730239648371935
1785290043.8005524,0.0,0.0,0.0002658241428434849
1785290043.800997,0.0,0.0,0.00027094408869743347
1785290043.8014295,0.0,0.0,0.00026297615841031075
1785290043.8018677,0.0,0.0,0.0002684157807379961
1785290043.8023071,0.0,0.0,0.00026777596212923527
1785290043.8027494,0.0,0.0,0.00027161603793501854
1785290043.8032148,0.0,0.0,0.00029552006162703037
1785290043.803678,0.0,0.0,0.0002786880359053612
1785290043.8041277,0.0,0.0,0.0002773760352283716
1785290043.8045738,0.0,0.0,0.00027363188564777374
1785290043.8050227,0.0,0.0,0.0002754561137408018
1785290043.8054621,0.0,0.0,0.00026918412186205387
1785290043.8059087,0.0,0.0,0.00027216016314923763
1785290043.8063328,0.0,0.0,0.0002600960433483124
1785290043.8067749,0.0,0.0,0.00026489607989788055
1785290043.8072343,0.0,0.0,0.0002873600460588932
1785290043.807674,0.0,0.0,0.00026505603455007076
1785290043.8081162,0.0,0.0,0.0002683841157704592
1785290043.8085663,0.0,0.0,0.0002764160744845867
1785290043.8090134,0.0,0.0,0.00027091195806860924
1785290043.8094585,0.0,0.0,0.00027264002710580826
1785290043.809898,0.0,0.0,0.00026848004199564457
1785290043.8103402,0.0,0.0,0.0002694081049412489
1785290043.8107786,0.0,0.0,0.00026656012050807476
1785290043.81123,0.0,0.0,0.000280831940472126
1785290043.8116705,0.0,0.0,0.0002683838829398155
1785290043.8121119,0.0,0.0,0.0002713280264288187
1785290043.812551,0.0,0.0,0.0002663040068000555
1785290043.812994,0.0,0.0,0.00027088006027042866
1785290043.8134294,0.0,0.0,0.000264159869402647
1785290043.8138742,0.0,0.0,0.00027222419157624245
1785290043.8143284,0.0,0.0,0.00027417601086199284
1785290043.8147783,0.0,0.0,0.00027369591407477856
1785290043.8152432,0.0,0.0,0.00029257615096867085
1785290043.8156912,0.0,0.0,0.00027132779359817505
1785290043.8161216,0.0,0.0,0.0002613440155982971
1785290043.8165514,0.0,0.0,0.0002582401502877474
1785290043.8170178,0.0,0.0,0.00028188806027173996
1785290043.8174644,0.0,0.0,0.00027318415232002735
1785290043.8179085,0.0,0.0,0.0002722879871726036
1785290043.8183646,0.0,0.0,0.00027727987617254257
1785290043.8188105,0.0,0.0,0.0002715839073061943
1785290043.8192918,0.0,0.0,0.00030720001086592674
1785290043.8197503,0.0,0.0,0.00028054392896592617
1785290043.8201966,0.0,0.0,0.000270304037258029
1785290043.8206525,0.0,0.0,0.0002785602118819952
1785290043.8210998,0.0,0.0,0.000274111982434988
1785290043.8215368,0.0,0.0,0.00026156799867749214
1785290043.8219728,0.0,0.0,0.000263711903244257
1785290043.8224077,0.0,0.0,0.0002640318125486374
1785290043.8228555,0.0,0.0,0.0002722239587455988
1785290043.8233082,0.0,0.0,0.0002847041469067335
1785290043.8237534,0.0,0.0,0.00027004792355000973
1785290043.8242059,0.0,0.0,0.00027375994250178337
1785290043.8246436,0.0,0.0,0.0002694400027394295
1785290043.8250856,0.0,0.0,0.0002699838951230049
1785290043.8255293,0.0,0.0,0.00027635181322693825
1785290043.825975,0.0,0.0,0.0002780801150947809
1785290043.8264132,0.0,0.0,0.00026492797769606113
1785290043.826839,0.0,0.0,0.00026044808328151703
1785290043.8273168,0.0,0.0,0.00030665588565170765
1785290043.8277638,0.0,0.0,0.00027011195197701454
1785290043.8282077,0.0,0.0,0.0002687680535018444
1785290043.82865,0.0,0.0,0.00027535995468497276
1785290043.8290935,0.0,0.0,0.0002719680778682232
1785290043.8295333,0.0,0.0,0.0002688639797270298
1785290043.8299725,0.0,0.0,0.0002671999391168356
1785290043.83042,0.0,0.0,0.00027526402845978737
1785290043.8308578,0.0,0.0,0.0002673598937690258
1785290043.8313227,0.0,0.0,0.000294271856546402
1785290043.8317745,0.0,0.0,0.000273760175332427
1785290043.8322198,0.0,0.0,0.00027248007245361805
1785290043.8326583,0.0,0.0,0.00027232011780142784
1785290043.8331008,0.0,0.0,0.00026560015976428986
1785290043.833537,0.0,0.0,0.00026547210291028023
1785290043.8339956,0.0,0.0,0.0002764798700809479
1785290043.834434,0.0,0.0,0.0002668800298124552
1785290043.8348837,0.0,0.0,0.0002753280568867922
1785290043.8353472,0.0,0.0,0.00029276800341904163
1785290043.8357995,0.0,0.0,0.000274111982434988
1785290043.8362553,0.0,0.0,0.00027766404673457146
1785290043.8367,0.0,0.0,0.00027075200341641903
1785290043.8371449,0.0,0.0,0.00027139182202517986
1785290043.8375854,0.0,0.0,0.0002679999452084303
1785290043.8380313,0.0,0.0,0.0002689599059522152
1785290043.8387861,0.0,0.0,0.00045711989514529705
1785290043.8393273,0.0,0.0,0.00032995198853313923
1785290043.8398576,0.0,0.0,0.0003183360677212477
1785290043.8403552,0.0,0.0,0.0003125120420008898
1785290043.840872,0.0,0.0,0.0003072961699217558
1785290043.841402,0.0,0.0,0.00031945621594786644
1785290043.8419387,0.0,0.0,0.00035360013134777546
1785290043.842446,0.0,0.0,0.0003273279871791601
1785290043.8429754,0.0,0.0,0.0003235521726310253
1785290043.8441849,0.0,0.0,0.001012127846479416
1785290043.8446653,0.0,0.0,0.0002824319526553154
1785290043.84512,0.0,0.0,0.00027379184029996395
1785290043.8455615,0.0,0.0,0.0002682239282876253
1785290043.8460088,0.0,0.0,0.00027184002101421356
1785290043.8464425,0.0,0.0,0.00026697595603764057
1785290043.8468819,0.0,0.0,0.00026617618277668953
1785290043.8473618,0.0,0.0,0.00030579185113310814
1785290043.8478088,0.0,0.0,0.00026947190053761005
1785290043.8482597,0.0,0.0,0.0002724479418247938
1785290043.8487017,0.0,0.0,0.0002693438436836004
1785290043.8491478,0.0,0.0,0.00027024000883102417
1785290043.849583,0.0,0.0,0.00026499200612306595
1785290043.8500242,0.0,0.0,0.00026867189444601536
1785290043.8504739,0.0,0.0,0.0002722239587455988
1785290043.8509138,0.0,0.0,0.00026672007516026497
1785290043.8513885,0.0,0.0,0.0003018879797309637
1785290043.8518338,0.0,0.0,0.000268672127276659
1785290043.8522744,0.0,0.0,0.00026697595603764057
1785290043.8527164,0.0,0.0,0.0002685121726244688
1785290043.8531568,0.0,0.0,0.0002636159770190716
1785290043.8535924,0.0,0.0,0.00026563205756247044
1785290043.8540328,0.0,0.0,0.0002688958775252104
1785290043.8544693,0.0,0.0,0.0002667198423296213
1785290043.8549001,0.0,0.0,0.0002685440704226494
1785290043.8553789,0.0,0.0,0.00030550407245755196
1785290043.8558278,0.0,0.0,0.0002733119763433933
1785290043.8562672,0.0,0.0,0.0002699198666960001
1785290043.8567116,0.0,0.0,0.00026912009343504906
1785290043.8571544,0.0,0.0,0.0002704961225390434
1785290043.857594,0.0,0.0,0.0002689599059522152
1785290043.858034,0.0,0.0,0.0002677121665328741
1785290043.858472,0.0,0.0,0.0002677440643310547
1785290043.8589091,0.0,0.0,0.00026508793234825134
1785290043.8593826,0.0,0.0,0.00029964791610836983
1785290043.8598313,0.0,0.0,0.0002711999695748091
1785290043.8602643,0.0,0.0,0.00026918412186205387
1785290043.860702,0.0,0.0,0.0002662721090018749
1785290043.8611326,0.0,0.0,0.0002596799749881029
1785290043.8615723,0.0,0.0,0.00026780785992741585
1785290043.8620129,0.0,0.0,0.00026720017194747925
1785290043.8624556,0.0,0.0,0.00026889611035585403
1785290043.8628957,0.0,0.0,0.00026700785383582115
1785290043.863358,0.0,0.0,0.00029036798514425755
1785290043.8638046,0.0,0.0,0.0002711040433496237
1785290043.864236,0.0,0.0,0.0002643200568854809
1785290043.8646839,0.0,0.0,0.00027379184029996395
1785290043.8651202,0.0,0.0,0.0002671040128916502
1785290043.8655572,0.0,0.0,0.0002670399844646454
1785290043.8659954,0.0,0.0,0.00026761600747704506
1785290043.86643,0.0,0.0,0.0002638718578964472
1785290043.8668687,0.0,0.0,0.00026867189444601536
1785290043.8673368,0.0,0.0,0.00029702414758503437
1785290043.8677876,0.0,0.0,0.0002730879932641983
1785290043.8682323,0.0,0.0,0.00026771193370223045
1785290043.8686655,0.0,0.0,0.0002647680230438709
1785290043.8691058,0.0,0.0,0.0002696639858186245
1785290043.8695488,0.0,0.0,0.00027158414013683796
1785290043.8699822,0.0,0.0,0.0002697280142456293
1785290043.870429,0.0,0.0,0.00027094408869743347
1785290043.8708649,0.0,0.0,0.0002665598876774311
1785290043.8713343,0.0,0.0,0.00029875198379158974
1785290043.871781,0.0,0.0,0.00027398415841162205
1785290043.872207,0.0,0.0,0.000265439972281456
1785290043.8726501,0.0,0.0,0.0002698879688978195
1785290043.873104,0.0,0.0,0.0002805441617965698
1785290043.873554,0.0,0.0,0.00027504004538059235
1785290043.8739965,0.0,0.0,0.0002714239526540041
1785290043.8744402,0.0,0.0,0.0002705920487642288
1785290043.8748784,0.0,0.0,0.0002670721150934696
1785290043.8753421,0.0,0.0,0.0002942399587482214
1785290043.875795,0.0,0.0,0.000275392085313797
1785290043.8762388,0.0,0.0,0.00026976014487445354
1785290043.8766901,0.0,0.0,0.0002756798639893532
1785290043.8771281,0.0,0.0,0.00026339199393987656
1785290043.877564,0.0,0.0,0.00026579201221466064
1785290043.877994,0.0,0.0,0.0002626560162752867
1785290043.8784292,0.0,0.0,0.0002667841035872698
1785290043.878874,0.0,0.0,0.00026854383759200573
1785290043.8793328,0.0,0.0,0.0002899519167840481
1785290043.879774,0.0,0.0,0.0002690879628062248
1785290043.8802178,0.0,0.0,0.00027059181593358517
1785290043.8806581,0.0,0.0,0.00027024000883102417
1785290043.8811038,0.0,0.0,0.00027238414622843266
1785290043.8815434,0.0,0.0,0.00026851193979382515
1785290043.881983,0.0,0.0,0.00027100788429379463
1785290043.8824246,0.0,0.0,0.0002711680717766285
1785290043.8828645,0.0,0.0,0.00026761600747704506
1785290043.883333,0.0,0.0,0.0002933440264314413
1785290043.8837767,0.0,0.0,0.0002704961225390434
1785290043.8842185,0.0,0.0,0.0002697599120438099
1785290043.8846653,0.0,0.0,0.00026995199732482433
1785290043.8851142,0.0,0.0,0.0002749438863247633
1785290043.8855555,0.0,0.0,0.0002677440643310547
1785290043.8860002,0.0,0.0,0.0002704639919102192
1785290043.886444,0.0,0.0,0.0002731520216912031
1785290043.8868833,0.0,0.0,0.0002715839073061943
1785290043.8873456,0.0,0.0,0.0002931200433522463
1785290043.8877928,0.0,0.0,0.0002742721699178219
1785290043.888232,0.0,0.0,0.00026566418819129467
1785290043.8886726,0.0,0.0,0.00026809610426425934
1785290043.8891103,0.0,0.0,0.00026675197295844555
1785290043.889553,0.0,0.0,0.00027136015705764294
1785290043.8899882,0.0,0.0,0.00026848004199564457
1785290043.8904245,0.0,0.0,0.0002681280020624399
1785290043.8908703,0.0,0.0,0.00027414411306381226
1785290043.8913558,0.0,0.0,0.000307456124573946
1785290043.8918056,0.0,0.0,0.0002754880115389824
1785290043.8922682,0.0,0.0,0.0002813760656863451
1785290043.8927147,0.0,0.0,0.0002698239404708147
1785290043.8931556,0.0,0.0,0.0002678080927580595
1785290043.8937805,0.0,0.0,0.00044521596282720566
1785290043.894395,0.0,0.0,0.00031526386737823486
1785290043.8949206,0.0,0.0,0.0003474559634923935
1785290043.8954437,0.0,0.0,0.0003238399513065815
1785290043.8959627,0.0,0.0,0.00030796811915934086
1785290043.8964756,0.0,0.0,0.0003026560880243778
1785290043.8969555,0.0,0.0,0.00030640000477433205
1785290043.8975005,0.0,0.0,0.0003271680325269699
1785290043.898044,0.0,0.0,0.0003291198518127203
1785290043.8991923,0.0,0.0,0.0009413440711796284
1785290043.8997178,0.0,0.0,0.0003149760887026787
1785290043.9001873,0.0,0.0,0.00028246408328413963
1785290043.9006386,0.0,0.0,0.00027305586263537407
1785290043.9010878,0.0,0.0,0.00027465587481856346
1785290043.901537,0.0,0.0,0.00027427193708717823
1785290043.9019828,0.0,0.0,0.00026947190053761005
1785290043.9024265,0.0,0.0,0.00026928004808723927
1785290043.9028673,0.0,0.0,0.00026896013878285885
1785290043.903339,0.0,0.0,0.0002991040237247944
1785290043.9037778,0.0,0.0,0.00026425602845847607
1785290043.9042075,0.0,0.0,0.0002563518937677145
1785290043.904643,0.0,0.0,0.00026316801086068153
1785290043.9050846,0.0,0.0,0.00026691192761063576
1785290043.9055324,0.0,0.0,0.0002706879749894142
1785290043.9059677,0.0,0.0,0.00026438385248184204
1785290043.9064054,0.0,0.0,0.0002668481320142746
1785290043.906833,0.0,0.0,0.0002625600900501013
1785290043.9072974,0.0,0.0,0.00029251212254166603
1785290043.9077392,0.0,0.0,0.0002671040128916502
1785290043.9082117,0.0,0.0,0.0002998081035912037
1785290043.9088087,0.0,0.0,0.00030089588835835457
1785290043.909295,0.0,0.0,0.00030720001086592674
1785290043.909783,0.0,0.0,0.0002993920352309942
1785290043.9102414,0.0,0.0,0.0002780801150947809
1785290043.9106822,0.0,0.0,0.0002715839073061943
1785290043.9111402,0.0,0.0,0.00028611207380890846
1785290043.9115887,0.0,0.0,0.0002729599364101887
1785290043.9120317,0.0,0.0,0.0002698239404708147
1785290043.9124763,0.0,0.0,0.00027155177667737007
1785290043.9129186,0.0,0.0,0.0002673917915672064
1785290043.9133635,0.0,0.0,0.00027049588970839977
1785290043.913808,0.0,0.0,0.0002715198788791895
1785290043.9142456,0.0,0.0,0.0002643200568854809
1785290043.914685,0.0,0.0,0.00027059181593358517
1785290043.9151464,0.0,0.0,0.0002910399343818426
1785290043.9155912,0.0,0.0,0.0002713280264288187
1785290043.9160442,0.0,0.0,0.00027568009681999683
1785290043.916491,0.0,0.0,0.000275967875495553
1785290043.9169476,0.0,0.0,0.0002782079391181469
1785290043.9174004,0.0,0.0,0.00027465587481856346
1785290043.9178426,0.0,0.0,0.0002654718700796366
1785290043.9182673,0.0,0.0,0.00025654397904872894
1785290043.918703,0.0,0.0,0.000263360096141696
1785290043.9191618,0.0,0.0,0.00028716796077787876
1785290043.9196098,0.0,0.0,0.00027248007245361805
1785290043.9200454,0.0,0.0,0.00026611192151904106
1785290043.92048,0.0,0.0,0.000264159869402647
1785290043.920937,0.0,0.0,0.00027929595671594143
1785290043.9213958,0.0,0.0,0.0002793921157717705
1785290043.9218416,0.0,0.0,0.00027375994250178337
1785290043.9222796,0.0,0.0,0.0002672318369150162
1785290043.922716,0.0,0.0,0.0002688320819288492
1785290043.923173,0.0,0.0,0.0002849278971552849
1785290043.9236207,0.0,0.0,0.00027244817465543747
1785290043.924077,0.0,0.0,0.00027865590527653694
1785290043.9245164,0.0,0.0,0.0002729599364101887
1785290043.9249582,0.0,0.0,0.0002677440643310547
1785290043.9253986,0.0,0.0,0.0002713920548558235
1785290043.9258423,0.0,0.0,0.0002703999634832144
1785290043.926274,0.0,0.0,0.00026915199123322964
1785290043.926717,0.0,0.0,0.000270528020337224
1785290043.927177,0.0,0.0,0.0002872641198337078
1785290043.9276192,0.0,0.0,0.00026841601356863976
1785290043.928055,0.0,0.0,0.00026675197295844555
1785290043.9284937,0.0,0.0,0.00026899203658103943
1785290043.9289327,0.0,0.0,0.0002697280142456293
1785290043.9293685,0.0,0.0,0.0002670399844646454
1785290043.9298084,0.0,0.0,0.00027408008463680744
1785290043.930252,0.0,0.0,0.000272256089374423
1785290043.9307039,0.0,0.0,0.0002754880115389824
1785290043.9311748,0.0,0.0,0.0002949440386146307
1785290043.9316266,0.0,0.0,0.00027305586263537407
1785290043.9320705,0.0,0.0,0.0002716481685638428
1785290043.932505,0.0,0.0,0.00026531214825809
1785290043.9329412,0.0,0.0,0.0002677440643310547
1785290043.933371,0.0,0.0,0.00026364787481725216
1785290043.9338045,0.0,0.0,0.00026284786872565746
1785290043.9342391,0.0,0.0,0.000263935886323452
1785290043.9346704,0.0,0.0,0.0002632641699165106
1785290043.9351437,0.0,0.0,0.0002956800162792206
1785290043.9356,0.0,0.0,0.00027686404064297676
1785290043.936037,0.0,0.0,0.00026175985112786293
1785290043.936476,0.0,0.0,0.000268672127276659
1785290043.9369178,0.0,0.0,0.0002693438436836004
1785290043.9373586,0.0,0.0,0.00027088006027042866
1785290043.9378002,0.0,0.0,0.00026867189444601536
1785290043.9382267,0.0,0.0,0.0002585919573903084
1785290043.9386573,0.0,0.0,0.00025888020172715187
1785290043.9390855,0.0,0.0,0.00026377616450190544
1785290043.939589,0.0,0.0,0.0002931200433522463
1785290043.9400532,0.0,0.0,0.00028342404402792454
1785290043.9404957,0.0,0.0,0.00026953592896461487
1785290043.9409251,0.0,0.0,0.0002679359167814255
1785290043.9413683,0.0,0.0,0.0002706879749894142
1785290043.9418042,0.0,0.0,0.0002676800359040499
1785290043.942247,0.0,0.0,0.0002723520155996084
1785290043.9426901,0.0,0.0,0.00027145608328282833
1785290043.9431515,0.0,0.0,0.00028899218887090683
1785290043.9436007,0.0,0.0,0.0002773439045995474
1785290043.944041,0.0,0.0,0.0002698239404708147
1785290043.944488,0.0,0.0,0.0002724798396229744
1785290043.9449337,0.0,0.0,0.0002738561015576124
1785290043.9453752,0.0,0.0,0.00026902393437922
1785290043.9458187,0.0,0.0,0.00026924791745841503
1785290043.9462512,0.0,0.0,0.0002605118788778782
1785290043.9466774,0.0,0.0,0.00025891209952533245
1785290043.947129,0.0,0.0,0.0002822719980031252
1785290043.947574,0.0,0.0,0.00026681600138545036
1785290043.9480143,0.0,0.0,0.0002653759438544512
1785290043.9484518,0.0,0.0,0.0002671040128916502
1785290043.9489539,0.0,0.0,0.0003256639465689659
1785290043.9496274,0.0,0.0,0.0002703680656850338
1785290043.9501374,0.0,0.0,0.00029971194453537464
1785290043.9506457,0.0,0.0,0.000300736166536808
1785290043.9511476,0.0,0.0,0.0003237759228795767
1785290043.951831,0.0,0.0,0.00033123185858130455
1785290043.9523447,0.0,0.0,0.0003252800088375807
1785290043.9528818,0.0,0.0,0.00031900801695883274
1785290043.9534268,0.0,0.0,0.00033232010900974274
1785290043.954572,0.0,0.0,0.0009310080204159021
1785290043.9550827,0.0,0.0,0.00030227191746234894
1785290043.9555833,0.0,0.0,0.00028988788835704327
1785290043.9560394,0.0,0.0,0.0002756479661911726
1785290043.9564898,0.0,0.0,0.0002727680839598179
1785290043.9569361,0.0,0.0,0.00027116783894598484
1785290043.957382,0.0,0.0,0.00027184002101421356
1785290043.957824,0.0,0.0,0.00027065584436059
1785290043.9582574,0.0,0.0,0.00026902393437922
1785290043.9586987,0.0,0.0,0.00026844791136682034
1785290043.9591684,0.0,0.0,0.00029283203184604645
1785290043.959622,0.0,0.0,0.0002771839499473572
1785290043.960068,0.0,0.0,0.00027059181593358517
1785290043.96051,0.0,0.0,0.000268672127276659
1785290043.9609523,0.0,0.0,0.0002727680839598179
1785290043.9613936,0.0,0.0,0.0002709438558667898
1785290043.9618385,0.0,0.0,0.0002711680717766285
1785290043.962279,0.0,0.0,0.0002658558078110218
1785290043.962725,0.0,0.0,0.00027353595942258835
1785290043.9631877,0.0,0.0,0.0002929598558694124
1785290043.9636402,0.0,0.0,0.0002739198971539736
1785290043.9640825,0.0,0.0,0.00027040019631385803
1785290043.96453,0.0,0.0,0.0002755520399659872
1785290043.9649796,0.0,0.0,0.000277599785476923
1785290043.965423,0.0,0.0,0.00027344003319740295
1785290043.9658585,0.0,0.0,0.0002653440460562706
1785290043.966285,0.0,0.0,0.00025795213878154755
1785290043.9667196,0.0,0.0,0.00026243203319609165
1785290043.967173,0.0,0.0,0.000284191919490695
1785290043.9676225,0.0,0.0,0.0002712639980018139
1785290043.9680617,0.0,0.0,0.00026739202439785004
1785290043.9685032,0.0,0.0,0.0002673279959708452
1785290043.9689395,0.0,0.0,0.0002640958409756422
1785290043.969384,0.0,0.0,0.0002723520155996084
1785290043.9698226,0.0,0.0,0.0002682879567146301
1785290043.9702666,0.0,0.0,0.00027398415841162205
1785290043.9707084,0.0,0.0,0.000270528020337224
1785290043.971164,0.0,0.0,0.0002932159695774317
1785290043.9716115,0.0,0.0,0.0002746880054473877
1785290043.9720545,0.0,0.0,0.000270879827439785
1785290043.9725,0.0,0.0,0.0002734079025685787
1785290043.9729369,0.0,0.0,0.00026825605891644955
1785290043.9733837,0.0,0.0,0.00027209590189158916
1785290043.9738474,0.0,0.0,0.00027920003049075603
1785290043.9742818,0.0,0.0,0.00026313611306250095
1785290043.9747305,0.0,0.0,0.00027535995468497276
1785290043.9751976,0.0,0.0,0.000292064156383276
1785290043.9756515,0.0,0.0,0.0002740798518061638
1785290043.9761024,0.0,0.0,0.0002739520277827978
1785290043.9765427,0.0,0.0,0.0002677121665328741
1785290043.9769814,0.0,0.0,0.0002687680535018444
1785290043.9774156,0.0,0.0,0.0002692798152565956
1785290043.9778516,0.0,0.0,0.0002636159770190716
1785290043.9782763,0.0,0.0,0.00025612814351916313
1785290043.9786942,0.0,0.0,0.00025798380374908447
1785290043.9791486,0.0,0.0,0.00028502405621111393
1785290043.9795942,0.0,0.0,0.0002654718700796366
1785290043.9800355,0.0,0.0,0.0002685440704226494
1785290043.9804828,0.0,0.0,0.0002754880115389824
1785290043.9809217,0.0,0.0,0.00026387209072709084
1785290043.9813547,0.0,0.0,0.00026412797160446644
1785290043.9817939,0.0,0.0,0.00026681600138545036
1785290043.982227,0.0,0.0,0.00026060803793370724
1785290043.9826589,0.0,0.0,0.0002647680230438709
1785290043.9831114,0.0,0.0,0.00028191995806992054
1785290043.983576,0.0,0.0,0.0002818878274410963
1785290043.9840178,0.0,0.0,0.0002711999695748091
1785290043.9844613,0.0,0.0,0.0002689280081540346
1785290043.9849048,0.0,0.0,0.0002670721150934696
1785290043.9853408,0.0,0.0,0.0002689280081540346
1785290043.985783,0.0,0.0,0.00027100788429379463
1785290043.9862275,0.0,0.0,0.00026848004199564457
1785290043.98667,0.0,0.0,0.00026995199732482433
1785290043.9871337,0.0,0.0,0.00029020803049206734
1785290043.98758,0.0,0.0,0.00026691192761063576
1785290043.9880264,0.0,0.0,0.0002679359167814255
1785290043.988462,0.0,0.0,0.0002589758951216936
1785290043.9888895,0.0,0.0,0.0002600641455501318
1785290043.9893222,0.0,0.0,0.000260799890384078
1785290043.9897542,0.0,0.0,0.0002628799993544817
1785290043.99021,0.0,0.0,0.00027772807516157627
1785290043.9906478,0.0,0.0,0.00027056015096604824
1785290043.9910898,0.0,0.0,0.0002716479357331991
1785290043.9915652,0.0,0.0,0.0002779520582407713
1785290043.9920182,0.0,0.0,0.0002762880176305771
1785290043.9924612,0.0,0.0,0.00027193594723939896
1785290043.9928908,0.0,0.0,0.0002674558199942112
1785290043.9933348,0.0,0.0,0.0002703999634832144
1785290043.9937804,0.0,0.0,0.0002714239526540041
1785290043.9942236,0.0,0.0,0.000273536192253232
1785290043.9946678,0.0,0.0,0.0002695680595934391
1785290043.995126,0.0,0.0,0.00028959987685084343
1785290043.9955847,0.0,0.0,0.0002805120311677456
1785290043.9960308,0.0,0.0,0.00027350406162440777
1785290043.9964654,0.0,0.0,0.00027104001492261887
1785290043.9969096,0.0,0.0,0.0002711999695748091
1785290043.997358,0.0,0.0,0.000275168102234602
1785290043.9978037,0.0,0.0,0.00027257599867880344
1785290043.9982536,0.0,0.0,0.0002734081353992224
1785290043.9987056,0.0,0.0,0.00027568009681999683
1785290043.9991732,0.0,0.0,0.000297504011541605
1785290043.9996295,0.0,0.0,0.00027910410426557064
1785290044.0000713,0.0,0.0,0.0002647039946168661
1785290044.0005157,0.0,0.0,0.0002678399905562401
1785290044.0009527,0.0,0.0,0.0002655999269336462
1785290044.0013924,0.0,0.0,0.00026611192151904106
1785290044.0018246,0.0,0.0,0.00026220805011689663
1785290044.002257,0.0,0.0,0.0002632641699165106
1785290044.0026934,0.0,0.0,0.00026755197905004025
1785290044.0031586,0.0,0.0,0.0002948800101876259
1785290044.0036101,0.0,0.0,0.00027408008463680744
1785290044.0040526,0.0,0.0,0.00027017598040401936
1785290044.0047894,0.0,0.0,0.0005666238721460104
1785290044.0052762,0.0,0.0,0.00030483189038932323
1785290044.0057967,0.0,0.0,0.0003096319269388914
1785290044.006309,0.0,0.0,0.00030787219293415546
1785290044.0068192,0.0,0.0,0.0003305920399725437
1785290044.0073469,0.0,0.0,0.00034057581797242165
1785290044.007876,0.0,0.0,0.0003149760887026787
1785290044.008408,0.0,0.0,0.0003186881076544523
1785290044.0089293,0.0,0.0,0.00032160012051463127
1785290044.010058,0.0,0.0,0.0009155839215964079
1785290044.010546,0.0,0.0,0.0002864960115402937
1785290044.011005,0.0,0.0,0.0002774398308247328
1785290044.011477,0.0,0.0,0.0002732798457145691
1785290044.0119214,0.0,0.0,0.00027078413404524326
1785290044.0123634,0.0,0.0,0.00027177599258720875
1785290044.012804,0.0,0.0,0.0002704639919102192
1785290044.0132601,0.0,0.0,0.00027680001221597195
1785290044.013706,0.0,0.0,0.00027353595942258835
1785290044.0141528,0.0,0.0,0.00027283187955617905
1785290044.0145974,0.0,0.0,0.00027184002101421356
1785290044.0150428,0.0,0.0,0.00027408008463680744
1785290044.0155146,0.0,0.0,0.0002726721577346325
1785290044.0159564,0.0,0.0,0.00027027190662920475
1785290044.016401,0.0,0.0,0.0002710081171244383
1785290044.0168524,0.0,0.0,0.00027590407989919186
1785290044.0173023,0.0,0.0,0.0002713920548558235
1785290044.017734,0.0,0.0,0.0002695999573916197
1785290044.0181797,0.0,0.0,0.00026940787211060524
1785290044.0186107,0.0,0.0,0.0002648958470672369
1785290044.0190554,0.0,0.0,0.0002719040494412184
1785290044.0195255,0.0,0.0,0.00027318415232002735
1785290044.019968,0.0,0.0,0.00026912009343504906
1785290044.0204084,0.0,0.0,0.0002703680656850338
1785290044.0208514,0.0,0.0,0.00026972778141498566
1785290044.0213044,0.0,0.0,0.0002764160744845867
1785290044.021746,0.0,0.0,0.00026563205756247044
1785290044.022193,0.0,0.0,0.00027350406162440777
1785290044.0226312,0.0,0.0,0.00026752008125185966
1785290044.0230708,0.0,0.0,0.0002708481624722481
1785290044.0235522,0.0,0.0,0.0002752961590886116
1785290044.0239942,0.0,0.0,0.000267519848421216
1785290044.0244365,0.0,0.0,0.00026902416720986366
1785290044.0248857,0.0,0.0,0.00027689593844115734
1785290044.0253313,0.0,0.0,0.00027350406162440777
1785290044.025774,0.0,0.0,0.0002667841035872698
1785290044.026214,0.0,0.0,0.00026723206974565983
1785290044.0266593,0.0,0.0,0.0002686399966478348
1785290044.0271168,0.0,0.0,0.00028694397769868374
1785290044.027579,0.0,0.0,0.0002815038897097111
1785290044.0280244,0.0,0.0,0.0002728640101850033
1785290044.0284667,0.0,0.0,0.000272159930318594
1785290044.0289123,0.0,0.0,0.00027036783285439014
1785290044.0293612,0.0,0.0,0.00027324818074703217
1785290044.029807,0.0,0.0,0.00027078413404524326
1785290044.0302517,0.0,0.0,0.0002710721455514431
1785290044.0306914,0.0,0.0,0.00026332796551287174
1785290044.0311449,0.0,0.0,0.0002822401002049446
1785290044.0316007,0.0,0.0,0.0002779520582407713
1785290044.0320463,0.0,0.0,0.00027584005147218704
1785290044.032495,0.0,0.0,0.00027305586263537407
1785290044.032941,0.0,0.0,0.00027158414013683796
1785290044.0333815,0.0,0.0,0.0002676800359040499
1785290044.0338295,0.0,0.0,0.0002697280142456293
1785290044.034278,0.0,0.0,0.0002740479540079832
1785290044.0347238,0.0,0.0,0.00027123186737298965
1785290044.0351892,0.0,0.0,0.0002924799919128418
1785290044.0356312,0.0,0.0,0.0002702721394598484
1785290044.036069,0.0,0.0,0.00026780785992741585
1785290044.036514,0.0,0.0,0.00026880018413066864
1785290044.0369582,0.0,0.0,0.00026947190053761005
1785290044.037395,0.0,0.0,0.0002672639675438404
1785290044.03783,0.0,0.0,0.0002695040311664343
1785290044.038268,0.0,0.0,0.0002670399844646454
1785290044.038707,0.0,0.0,0.0002680320758372545
1785290044.0391686,0.0,0.0,0.0002928641624748707
1785290044.0396225,0.0,0.0,0.00027529592625796795
1785290044.0400703,0.0,0.0,0.00027257599867880344
1785290044.040517,0.0,0.0,0.00027136015705764294
1785290044.0409603,0.0,0.0,0.0002676800359040499
1785290044.0413923,0.0,0.0,0.0002668800298124552
1785290044.0418339,0.0,0.0,0.0002708479296416044
1785290044.0422754,0.0,0.0,0.000270304037258029
1785290044.0427155,0.0,0.0,0.00026848004199564457
1785290044.0431733,0.0,0.0,0.0002861761022359133
1785290044.0436168,0.0,0.0,0.00026812776923179626
1785290044.0440545,0.0,0.0,0.00026880018413066864
1785290044.0444908,0.0,0.0,0.00026601599529385567
1785290044.044931,0.0,0.0,0.0002676800359040499
1785290044.0453734,0.0,0.0,0.00027088006027042866
1785290044.0458167,0.0,0.0,0.0002671040128916502
1785290044.046259,0.0,0.0,0.00026832008734345436
1785290044.046702,0.0,0.0,0.00026969611644744873
1785290044.047162,0.0,0.0,0.0002851199824362993
1785290044.0476027,0.0,0.0,0.00026928004808723927
1785290044.0480435,0.0,0.0,0.00026937597431242466
1785290044.0484853,0.0,0.0,0.00027107191272079945
1785290044.0489244,0.0,0.0,0.00026489607989788055
1785290044.0493677,0.0,0.0,0.00026832008734345436
1785290044.0498075,0.0,0.0,0.00027036783285439014
1785290044.0502467,0.0,0.0,0.0002671040128916502
1785290044.0506885,0.0,0.0,0.00026592006906867027
1785290044.0511377,0.0,0.0,0.00027600000612437725
1785290044.0515819,0.0,0.0,0.00027056015096604824
1785290044.0520203,0.0,0.0,0.0002660800237208605
1785290044.0524611,0.0,0.0,0.00026544020511209965
1785290044.0528944,0.0,0.0,0.000263360096141696
1785290044.0533352,0.0,0.0,0.0002660800237208605
1785290044.0537705,0.0,0.0,0.00026316801086068153
1785290044.0542066,0.0,0.0,0.0002618241123855114
1785290044.054636,0.0,0.0,0.0002655680291354656
1785290044.0550702,0.0,0.0,0.0002653759438544512
1785290044.0555272,0.0,0.0,0.0002654718700796366
1785290044.0559587,0.0,0.0,0.0002626241184771061
1785290044.0563922,0.0,0.0,0.00026435195468366146
1785290044.0568225,0.0,0.0,0.0002611519303172827
1785290044.0572534,0.0,0.0,0.00026403204537928104
1785290044.057695,0.0,0.0,0.0002701438497751951
1785290044.0581279,0.0,0.0,0.0002646399661898613
1785290044.0585675,0.0,0.0,0.0002648958470672369
1785290044.0590072,0.0,0.0,0.0002655999269336462
1785290044.059488,0.0,0.0,0.00028380798175930977
1785290044.0602248,0.0,0.0,0.0005088639445602894
1785290044.0607233,0.0,0.0,0.00028348807245492935
1785290044.0612426,0.0,0.0,0.00030998396687209606
1785290044.0617518,0.0,0.0,0.0003029119689017534
1785290044.0622663,0.0,0.0,0.00033584004268050194
1785290044.0627453,0.0,0.0,0.00030713598243892193
1785290044.0632808,0.0,0.0,0.0003220480866730213
1785290044.0638068,0.0,0.0,0.0003170240670442581
1785290044.0643349,0.0,0.0,0.00031772791408002377
1785290044.0654285,0.0,0.0,0.0008989118505269289
1785290044.0659225,0.0,0.0,0.0002908799797296524
1785290044.0663815,0.0,0.0,0.00027859187684953213
1785290044.066828,0.0,0.0,0.0002696958836168051
1785290044.0672963,0.0,0.0,0.0002959358971565962
1785290044.0677514,0.0,0.0,0.00027871993370354176
1785290044.0681999,0.0,0.0,0.0002733119763433933
1785290044.0686462,0.0,0.0,0.0002715839073061943
1785290044.069085,0.0,0.0,0.00026825605891644955
1785290044.069529,0.0,0.0,0.00027145608328282833
1785290044.0699732,0.0,0.0,0.0002699838951230049
1785290044.0704038,0.0,0.0,0.0002681280020624399
1785290044.070839,0.0,0.0,0.0002671040128916502
1785290044.0712998,0.0,0.0,0.00028627202846109867
1785290044.0717442,0.0,0.0,0.0002715198788791895
1785290044.0721912,0.0,0.0,0.0002704320941120386
1785290044.0726318,0.0,0.0,0.0002704961225390434
1785290044.0730708,0.0,0.0,0.0002709438558667898
1785290044.073514,0.0,0.0,0.00026998412795364857
1785290044.073962,0.0,0.0,0.000275616068392992
1785290044.0743861,0.0,0.0,0.0002595200203359127
1785290044.0748236,0.0,0.0,0.0002655358985066414
1785290044.0753076,0.0,0.0,0.0003064961638301611
1785290044.0757546,0.0,0.0,0.0002761920914053917
1785290044.0762055,0.0,0.0,0.00027344003319740295
1785290044.0766387,0.0,0.0,0.0002681280020624399
1785290044.077085,0.0,0.0,0.0002713599242269993
1785290044.0775292,0.0,0.0,0.0002753280568867922
1785290044.0779788,0.0,0.0,0.0002736321184784174
1785290044.078429,0.0,0.0,0.00027187191881239414
1785290044.0788746,0.0,0.0,0.00027324818074703217
1785290044.079346,0.0,0.0,0.00029561598785221577
1785290044.079794,0.0,0.0,0.00027558417059481144
1785290044.0802448,0.0,0.0,0.00027439999394118786
1785290044.080692,0.0,0.0,0.0002748798578977585
1785290044.081134,0.0,0.0,0.00026860786601901054
1785290044.081579,0.0,0.0,0.00027251197025179863
1785290044.0820215,0.0,0.0,0.0002689599059522152
1785290044.0824616,0.0,0.0,0.0002701440826058388
1785290044.0829015,0.0,0.0,0.000270304037258029
1785290044.0833683,0.0,0.0,0.00029100803658366203
1785290044.0838172,0.0,0.0,0.00027299183420836926
1785290044.0842636,0.0,0.0,0.00027344003319740295
1785290044.0846994,0.0,0.0,0.0002715839073061943
1785290044.0851424,0.0,0.0,0.0002695040311664343
1785290044.0855844,0.0,0.0,0.0002704639919102192
1785290044.0860326,0.0,0.0,0.00027590407989919186
1785290044.08648,0.0,0.0,0.0002730560954660177
1785290044.0869064,0.0,0.0,0.0002671040128916502
1785290044.087375,0.0,0.0,0.0002986879553645849
1785290044.0878174,0.0,0.0,0.00026851193979382515
1785290044.0882611,0.0,0.0,0.0002739198971539736
1785290044.0887082,0.0,0.0,0.00027545588091015816
1785290044.0891562,0.0,0.0,0.0002742079086601734
1785290044.0896037,0.0,0.0,0.0002740479540079832
1785290044.0900447,0.0,0.0,0.00027100788429379463
1785290044.0904894,0.0,0.0,0.00026995199732482433
1785290044.09093,0.0,0.0,0.00026771193370223045
1785290044.091388,0.0,0.0,0.00027535995468497276
1785290044.0918326,0.0,0.0,0.0002712321002036333
1785290044.0922763,0.0,0.0,0.0002700157929211855
1785290044.092716,0.0,0.0,0.0002721280325204134
1785290044.0931582,0.0,0.0,0.0002717438619583845
1785290044.0936027,0.0,0.0,0.00027296016924083233
1785290044.0940437,0.0,0.0,0.0002720640040934086
1785290044.094489,0.0,0.0,0.00027625588700175285
1785290044.09493,0.0,0.0,0.00026851193979382515
1785290044.0953996,0.0,0.0,0.00027820817194879055
1785290044.0958514,0.0,0.0,0.00027766404673457146
1785290044.096287,0.0,0.0,0.0002731839194893837
1785290044.096737,0.0,0.0,0.00027273595333099365
1785290044.097193,0.0,0.0,0.00028121587820351124
1785290044.0976324,0.0,0.0,0.0002689280081540346
1785290044.0980914,0.0,0.0,0.00027289590798318386
1785290044.0985403,0.0,0.0,0.00027017598040401936
1785290044.098981,0.0,0.0,0.0002645759377628565
1785290044.0994382,0.0,0.0,0.0002668800298124552
1785290044.0998697,0.0,0.0,0.0002601600717753172
1785290044.100304,0.0,0.0,0.00026111979968845844
1785290044.100733,0.0,0.0,0.00026028789579868317
1785290044.101169,0.0,0.0,0.00026051211170852184
1785290044.1016097,0.0,0.0,0.0002679680474102497
1785290044.1020548,0.0,0.0,0.0002705599181354046
1785290044.1024904,0.0,0.0,0.0002630399540066719
1785290044.1029315,0.0,0.0,0.00026588793843984604
1785290044.1034076,0.0,0.0,0.0002791678998619318
1785290044.1038601,0.0,0.0,0.0002722879871726036
1785290044.1042986,0.0,0.0,0.00026694405823946
1785290044.1047306,0.0,0.0,0.0002682879567146301
1785290044.1051772,0.0,0.0,0.00027107191272079945
1785290044.105617,0.0,0.0,0.0002670080866664648
1785290044.106058,0.0,0.0,0.00026995199732482433
1785290044.106494,0.0,0.0,0.00026851193979382515
1785290044.1069286,0.0,0.0,0.00026572798378765583
1785290044.1074774,0.0,0.0,0.00027344003319740295
1785290044.1079147,0.0,0.0,0.0002677121665328741
1785290044.1083665,0.0,0.0,0.00027344003319740295
1785290044.1088083,0.0,0.0,0.0002645440399646759
1785290044.1092389,0.0,0.0,0.00026435195468366146
1785290044.1096807,0.0,0.0,0.00026521598920226097
1785290044.1101167,0.0,0.0,0.00026422389782965183
1785290044.1105578,0.0,0.0,0.00026902393437922
1785290044.1109922,0.0,0.0,0.00026377616450190544
1785290044.1114647,0.0,0.0,0.00027871993370354176
1785290044.111912,0.0,0.0,0.00027264002710580826
1785290044.1123571,0.0,0.0,0.00027408008463680744
1785290044.1127977,0.0,0.0,0.0002684798091650009
1785290044.1132398,0.0,0.0,0.00027049588970839977
1785290044.1136754,0.0,0.0,0.00026960019022226334
1785290044.1141198,0.0,0.0,0.0002711040433496237
1785290044.114558,0.0,0.0,0.0002674239221960306
1785290044.1150572,0.0,0.0,0.00032499199733138084
1785290044.1158166,0.0,0.0,0.0003291198518127203
1785290044.11632,0.0,0.0,0.00031491206027567387
1785290044.1168518,0.0,0.0,0.0003172159194946289
1785290044.11738,0.0,0.0,0.00031583989039063454
1785290044.1179059,0.0,0.0,0.000289055984467268
1785290044.11842,0.0,0.0,0.00032454379834234715
1785290044.1189601,0.0,0.0,0.00032124784775078297
1785290044.119505,0.0,0.0,0.0003271040040999651
1785290044.1200163,0.0,0.0,0.0003002239391207695
1785290044.121133,0.0,0.0,0.00031660799868404865
1785290044.121599,0.0,0.0,0.00028268806636333466
1785290044.1220539,0.0,0.0,0.00028015999123454094
1785290044.1225138,0.0,0.0,0.0002788801211863756
1785290044.1229646,0.0,0.0,0.00027593597769737244
1785290044.1234365,0.0,0.0,0.00027276785112917423
1785290044.1238902,0.0,0.0,0.0002751678694039583
1785290044.1243355,0.0,0.0,0.00027264002710580826
1785290044.1247787,0.0,0.0,0.0002697280142456293
1785290044.1252408,0.0,0.0,0.00028163217939436436
1785290044.1256888,0.0,0.0,0.00027673598378896713
1785290044.126142,0.0,0.0,0.00027878396213054657
1785290044.1265864,0.0,0.0,0.0002722239587455988
1785290044.1270344,0.0,0.0,0.00027417601086199284
1785290044.1275282,0.0,0.0,0.00028902385383844376
1785290044.1279924,0.0,0.0,0.0002774079330265522
1785290044.128448,0.0,0.0,0.0002762239892035723
1785290044.1288981,0.0,0.0,0.00027334410697221756
1785290044.129347,0.0,0.0,0.0002731839194893837
1785290044.1297956,0.0,0.0,0.0002733119763433933
1785290044.1302416,0.0,0.0,0.00027385586872696877
1785290044.1306806,0.0,0.0,0.0002670080866664648
1785290044.1311421,0.0,0.0,0.00028988788835704327
1785290044.1315877,0.0,0.0,0.0002739520277827978
1785290044.1320357,0.0,0.0,0.0002728640101850033
1785290044.1324708,0.0,0.0,0.0002655999269336462
1785290044.1329103,0.0,0.0,0.00026790378615260124
1785290044.1333447,0.0,0.0,0.0002648639492690563
1785290044.133783,0.0,0.0,0.00026921601966023445
1785290044.1342258,0.0,0.0,0.00027209590189158916
1785290044.1346521,0.0,0.0,0.0002665917854756117
1785290044.1351182,0.0,0.0,0.0002901758998632431
1785290044.1355593,0.0,0.0,0.0002679359167814255
1785290044.1360004,0.0,0.0,0.00027008005417883396
1785290044.1364431,0.0,0.0,0.0002720640040934086
1785290044.136907,0.0,0.0,0.0002815038897097111
1785290044.137362,0.0,0.0,0.0002764479722827673
1785290044.137814,0.0,0.0,0.00027648010291159153
1785290044.1382565,0.0,0.0,0.0002700798213481903
1785290044.1387033,0.0,0.0,0.00027251197025179863
1785290044.1391718,0.0,0.0,0.0002974080853164196
1785290044.1396167,0.0,0.0,0.00027212779968976974
1785290044.140068,0.0,0.0,0.00027539185248315334
1785290044.1405106,0.0,0.0,0.00027248007245361805
1785290044.1409488,0.0,0.0,0.0002634241245687008
1785290044.1413856,0.0,0.0,0.0002653759438544512
1785290044.1418307,0.0,0.0,0.00026956782676279545
1785290044.142278,0.0,0.0,0.00027510407380759716
1785290044.142713,0.0,0.0,0.00026841601356863976
1785290044.1431618,0.0,0.0,0.00028604804538190365
1785290044.1436012,0.0,0.0,0.0002647039946168661
1785290044.1440456,0.0,0.0,0.0002711680717766285
1785290044.144495,0.0,0.0,0.0002728321123868227
1785290044.1449459,0.0,0.0,0.0002791678998619318
1785290044.1454005,0.0,0.0,0.00027740816585719585
1785290044.1458485,0.0,0.0,0.0002744321245700121
1785290044.146303,0.0,0.0,0.0002756479661911726
1785290044.1467507,0.0,0.0,0.0002771839499473572
1785290044.1472373,0.0,0.0,0.0003129600081592798
1785290044.1476896,0.0,0.0,0.00027660815976560116
1785290044.1481383,0.0,0.0,0.00027740816585719585
1785290044.1485865,0.0,0.0,0.00027443189173936844
1785290044.1490326,0.0,0.0,0.0002741122152656317
1785290044.1494825,0.0,0.0,0.0002738239709287882
1785290044.149933,0.0,0.0,0.0002745280507951975
1785290044.1503932,0.0,0.0,0.00028163217939436436
1785290044.1508358,0.0,0.0,0.00027081603184342384
1785290044.1512945,0.0,0.0,0.0002895041834563017
1785290044.1517324,0.0,0.0,0.0002669121604412794
1785290044.1521745,0.0,0.0,0.0002654080744832754
1785290044.152615,0.0,0.0,0.00026915199123322964
1785290044.1530578,0.0,0.0,0.00026832008734345436
1785290044.1534941,0.0,0.0,0.00026297615841031075
1785290044.1539326,0.0,0.0,0.00026659201830625534
1785290044.1543727,0.0,0.0,0.000268799951300025
1785290044.1548128,0.0,0.0,0.000270304037258029
1785290044.155262,0.0,0.0,0.0002832319587469101
1785290044.1557024,0.0,0.0,0.00026691192761063576
1785290044.1561425,0.0,0.0,0.0002713280264288187
1785290044.1565843,0.0,0.0,0.00026998412795364857
1785290044.1570258,0.0,0.0,0.00027036783285439014
1785290044.1574645,0.0,0.0,0.00026675197295844555
1785290044.157904,0.0,0.0,0.00026659201830625534
1785290044.1583374,0.0,0.0,0.0002695999573916197
1785290044.1587677,0.0,0.0,0.00026624021120369434
1785290044.1592164,0.0,0.0,0.000283840112388134
1785290044.1596496,0.0,0.0,0.0002644800115376711
1785290044.1600761,0.0,0.0,0.000262303976342082
1785290044.1604981,0.0,0.0,0.0002593600656837225
1785290044.160932,0.0,0.0,0.0002609281800687313
1785290044.1613686,0.0,0.0,0.0002645759377628565
1785290044.1618028,0.0,0.0,0.00026675197295844555
1785290044.162235,0.0,0.0,0.0002625600900501013
1785290044.1626723,0.0,0.0,0.0002676157746464014
1785290044.1631265,0.0,0.0,0.00028518401086330414
1785290044.1635728,0.0,0.0,0.0002726721577346325
1785290044.1640096,0.0,0.0,0.00026860786601901054
1785290044.1644497,0.0,0.0,0.0002704320941120386
1785290044.164892,0.0,0.0,0.0002696639858186245
1785290044.165334,0.0,0.0,0.0002679359167814255
1785290044.1657712,0.0,0.0,0.0002671359106898308
1785290044.1662073,0.0,0.0,0.0002681917976588011
1785290044.1666481,0.0,0.0,0.0002700798213481903
1785290044.1670842,0.0,0.0,0.0002643198240548372
1785290044.1675653,0.0,0.0,0.00027958396822214127
1785290044.1680152,0.0,0.0,0.0002747520338743925
1785290044.1684537,0.0,0.0,0.00027439999394118786
1785290044.168901,0.0,0.0,0.00027292780578136444
1785290044.1693358,0.0,0.0,0.00026755197905004025
1785290044.1697733,0.0,0.0,0.0002656958531588316
1785290044.170218,0.0,0.0,0.0002716479357331991
1785290044.170968,0.0,0.0,0.0005200961604714394
1785290044.1715212,0.0,0.0,0.0003239039797335863
1785290044.172032,0.0,0.0,0.0003256318159401417
1785290044.1725743,0.0,0.0,0.0003164159134030342
1785290044.1730914,0.0,0.0,0.00030569592490792274
1785290044.1736112,0.0,0.0,0.00031286408193409443
1785290044.1740973,0.0,0.0,0.0003106561489403248
1785290044.1746144,0.0,0.0,0.00031516794115304947
1785290044.1751275,0.0,0.0,0.0003219840582460165
1785290044.1762478,0.0,0.0,0.0009257919155061245
1785290044.1767356,0.0,0.0,0.00028825621120631695
1785290044.1771884,0.0,0.0,0.0002754239831119776
1785290044.1776338,0.0,0.0,0.00027174409478902817
1785290044.1780746,0.0,0.0,0.0002671040128916502
1785290044.1785145,0.0,0.0,0.0002697920426726341
1785290044.1789572,0.0,0.0,0.0002716481685638428
1785290044.1794443,0.0,0.0,0.0002880000974982977
1785290044.1799006,0.0,0.0,0.0002766719553619623
1785290044.1803489,0.0,0.0,0.000271808123216033
1785290044.1807902,0.0,0.0,0.0002685440704226494
1785290044.1812398,0.0,0.0,0.00027401605620980263
1785290044.1816792,0.0,0.0,0.00026604789309203625
1785290044.1821225,0.0,0.0,0.000265663955360651
1785290044.1825583,0.0,0.0,0.00026179198175668716
1785290044.1829996,0.0,0.0,0.0002686399966478348
1785290044.183468,0.0,0.0,0.00027702399529516697
1785290044.1839113,0.0,0.0,0.00027008005417883396
1785290044.184357,0.0,0.0,0.0002715198788791895
1785290044.1848052,0.0,0.0,0.000272159930318594
1785290044.1852467,0.0,0.0,0.0002678399905562401
1785290044.1856854,0.0,0.0,0.0002679680474102497
1785290044.1861305,0.0,0.0,0.0002706879749894142
1785290044.1865692,0.0,0.0,0.0002677440643310547
1785290044.1870108,0.0,0.0,0.0002681280020624399
1785290044.1874921,0.0,0.0,0.00028102402575314045
1785290044.1879368,0.0,0.0,0.0002683841157704592
1785290044.1883783,0.0,0.0,0.0002679680474102497
1785290044.1888213,0.0,0.0,0.0002680320758372545
1785290044.1892548,0.0,0.0,0.0002646080683916807
1785290044.189683,0.0,0.0,0.0002646080683916807
1785290044.190119,0.0,0.0,0.0002668481320142746
1785290044.190561,0.0,0.0,0.00027139182202517986
1785290044.1910033,0.0,0.0,0.00026905606500804424
1785290044.1914694,0.0,0.0,0.00027337600477039814
1785290044.1919026,0.0,0.0,0.0002710081171244383
1785290044.192342,0.0,0.0,0.0002665279898792505
1785290044.1927776,0.0,0.0,0.00027008005417883396
1785290044.1932108,0.0,0.0,0.0002647999208420515
1785290044.1936488,0.0,0.0,0.00026531191542744637
1785290044.1940875,0.0,0.0,0.00026579201221466064
1785290044.194518,0.0,0.0,0.0002652800176292658
1785290044.1949542,0.0,0.0,0.0002633598633110523
1785290044.1954248,0.0,0.0,0.0002801278606057167
1785290044.1958725,0.0,0.0,0.0002709438558667898
1785290044.1963203,0.0,0.0,0.00027244817465543747
1785290044.1967568,0.0,0.0,0.0002627840731292963
1785290044.1971962,0.0,0.0,0.0002647680230438709
1785290044.197629,0.0,0.0,0.0002623999025672674
1785290044.19807,0.0,0.0,0.00026672007516026497
1785290044.1985106,0.0,0.0,0.0002639999147504568
1785290044.19895,0.0,0.0,0.00026489607989788055
1785290044.1994286,0.0,0.0,0.00028300797566771507
1785290044.199878,0.0,0.0,0.00027187191881239414
1785290044.2003212,0.0,0.0,0.0002678399905562401
1785290044.2007608,0.0,0.0,0.00026825605891644955
1785290044.201192,0.0,0.0,0.0002608001232147217
1785290044.201628,0.0,0.0,0.0002673279959708452
1785290044.2020655,0.0,0.0,0.00026601599529385567
1785290044.2025027,0.0,0.0,0.0002646718639880419
1785290044.2029343,0.0,0.0,0.00026195193640887737
1785290044.2034063,0.0,0.0,0.00027782400138676167
1785290044.2038393,0.0,0.0,0.00026099197566509247
1785290044.204279,0.0,0.0,0.0002664639614522457
1785290044.204715,0.0,0.0,0.0002658239100128412
1785290044.2051697,0.0,0.0,0.0002743680961430073
1785290044.2055948,0.0,0.0,0.000262079993262887
1785290044.2060332,0.0,0.0,0.0002676157746464014
1785290044.2064707,0.0,0.0,0.0002663359045982361
1785290044.206901,0.0,0.0,0.0002654080744832754
1785290044.2073524,0.0,0.0,0.00028300797566771507
1785290044.207789,0.0,0.0,0.0002643840853124857
1785290044.2082229,0.0,0.0,0.0002645121421664953
1785290044.2086673,0.0,0.0,0.000272159930318594
1785290044.209106,0.0,0.0,0.00026809610426425934
1785290044.2095454,0.0,0.0,0.00026998412795364857
1785290044.2099874,0.0,0.0,0.0002670399844646454
1785290044.210426,0.0,0.0,0.0002678399905562401
1785290044.2108634,0.0,0.0,0.0002679999452084303
1785290044.2113147,0.0,0.0,0.00028012809343636036
1785290044.211753,0.0,0.0,0.0002683841157704592
1785290044.2121851,0.0,0.0,0.0002686399966478348
1785290044.21262,0.0,0.0,0.00026531191542744637
1785290044.2130535,0.0,0.0,0.00026262388564646244
1785290044.2135084,0.0,0.0,0.00028092809952795506
1785290044.213954,0.0,0.0,0.0002696639858186245
1785290044.2143967,0.0,0.0,0.00026896013878285885
1785290044.2148325,0.0,0.0,0.00026643206365406513
1785290044.2152967,0.0,0.0,0.00028678402304649353
1785290044.2157385,0.0,0.0,0.0002683838829398155
1785290044.2161753,0.0,0.0,0.0002718721516430378
1785290044.216619,0.0,0.0,0.0002723520155996084
1785290044.2170565,0.0,0.0,0.0002696639858186245
1785290044.217503,0.0,0.0,0.00026867189444601536
1785290044.2179463,0.0,0.0,0.0002707839012145996
1785290044.2183857,0.0,0.0,0.0002680320758372545
1785290044.2188206,0.0,0.0,0.0002611519303172827
1785290044.2192883,0.0,0.0,0.00029641599394381046
1785290044.2197402,0.0,0.0,0.00027232011780142784
1785290044.2201974,0.0,0.0,0.00027401605620980263
1785290044.2206452,0.0,0.0,0.0002726397942751646
1785290044.2210917,0.0,0.0,0.0002715520095080137
1785290044.2215273,0.0,0.0,0.0002652800176292658
1785290044.221966,0.0,0.0,0.0002696320880204439
1785290044.2224064,0.0,0.0,0.0002689599059522152
1785290044.222846,0.0,0.0,0.000271808123216033
1785290044.2233155,0.0,0.0,0.0002995522227138281
1785290044.223763,0.0,0.0,0.00027356785722076893
1785290044.2242005,0.0,0.0,0.00026780785992741585
1785290044.2246423,0.0,0.0,0.0002655680291354656
1785290044.2250779,0.0,0.0,0.0002611840609461069
1785290044.2255104,0.0,0.0,0.00026195193640887737
1785290044.2262604,0.0,0.0,0.0005759999621659517
1785290044.2267687,0.0,0.0,0.00031657610088586807
1785290044.2273102,0.0,0.0,0.00032195192761719227
1785290044.2278361,0.0,0.0,0.0003119679167866707
1785290044.2283313,0.0,0.0,0.00030966405756771564
1785290044.2288527,0.0,0.0,0.0003087038639932871
1785290044.2293718,0.0,0.0,0.00030867219902575016
1785290044.2298663,0.0,0.0,0.00028271996416151524
1785290044.2304242,0.0,0.0,0.0003230399452149868
1785290044.231556,0.0,0.0,0.0009253120515495539
1785290044.2320523,0.0,0.0,0.0002916159573942423
1785290044.232512,0.0,0.0,0.0002798400819301605
1785290044.2329693,0.0,0.0,0.00027849595062434673
1785290044.233421,0.0,0.0,0.0002715198788791895
1785290044.2338672,0.0,0.0,0.0002730560954660177
1785290044.2343104,0.0,0.0,0.00027161603793501854
1785290044.2347589,0.0,0.0,0.0002729280386120081
1785290044.2352316,0.0,0.0,0.00029552006162703037
1785290044.235674,0.0,0.0,0.000272256089374423
1785290044.2361195,0.0,0.0,0.000272383913397789
1785290044.23656,0.0,0.0,0.0002682558260858059
1785290044.2370045,0.0,0.0,0.00026697595603764057
1785290044.237442,0.0,0.0,0.0002682239282876253
1785290044.237875,0.0,0.0,0.00026217615231871605
1785290044.2383096,0.0,0.0,0.00026739202439785004
1785290044.238749,0.0,0.0,0.0002664318308234215
1785290044.2392309,0.0,0.0,0.00030675181187689304
1785290044.239691,0.0,0.0,0.0002790079452097416
1785290044.240132,0.0,0.0,0.0002692481502890587
1785290044.2405705,0.0,0.0,0.00026576011441648006
1785290044.2410047,0.0,0.0,0.00026508793234825134
1785290044.2414474,0.0,0.0,0.0002647039946168661
1785290044.2418876,0.0,0.0,0.00026656012050807476
1785290044.24233,0.0,0.0,0.00026780785992741585
1785290044.2427752,0.0,0.0,0.00027267192490398884
1785290044.243236,0.0,0.0,0.0002872641198337078
1785290044.2436848,0.0,0.0,0.00027353595942258835
1785290044.2441285,0.0,0.0,0.0002683841157704592
1785290044.2445765,0.0,0.0,0.00027279998175799847
1785290044.2450225,0.0,0.0,0.0002738561015576124
1785290044.2454684,0.0,0.0,0.0002713920548558235
1785290044.2459161,0.0,0.0,0.0002727680839598179
1785290044.2463615,0.0,0.0,0.000272032106295228
1785290044.2468054,0.0,0.0,0.0002718721516430378
1785290044.2472706,0.0,0.0,0.0002933121286332607
1785290044.2477126,0.0,0.0,0.0002675841096788645
1785290044.2481515,0.0,0.0,0.0002739520277827978
1785290044.2486,0.0,0.0,0.000273664016276598
1785290044.2490408,0.0,0.0,0.00026592006906867027
1785290044.2494848,0.0,0.0,0.00026643206365406513
1785290044.2499213,0.0,0.0,0.0002671040128916502
1785290044.2503595,0.0,0.0,0.0002666239161044359
1785290044.2507997,0.0,0.0,0.00026748795062303543
1785290044.2512574,0.0,0.0,0.0002848319709300995
1785290044.2516918,0.0,0.0,0.0002653759438544512
1785290044.2521331,0.0,0.0,0.0002696639858186245
1785290044.2525768,0.0,0.0,0.0002691198606044054
1785290044.2530158,0.0,0.0,0.000265439972281456
1785290044.2534547,0.0,0.0,0.0002681280020624399
1785290044.253886,0.0,0.0,0.00026457617059350014
1785290044.2543294,0.0,0.0,0.0002686399966478348
1785290044.2547717,0.0,0.0,0.00027321605011820793
1785290044.2552419,0.0,0.0,0.00029849610291421413
1785290044.2556932,0.0,0.0,0.00027455994859337807
1785290044.2561433,0.0,0.0,0.00027504004538059235
1785290044.2565854,0.0,0.0,0.00026800017803907394
1785290044.2570307,0.0,0.0,0.0002695680595934391
1785290044.2574716,0.0,0.0,0.000270304037258029
1785290044.2579067,0.0,0.0,0.0002673598937690258
1785290044.2583497,0.0,0.0,0.00027081603184342384
1785290044.2588017,0.0,0.0,0.0002779520582407713
1785290044.259272,0.0,0.0,0.00029212795197963715
1785290044.259721,0.0,0.0,0.0002722879871726036
1785290044.2601693,0.0,0.0,0.00027081603184342384
1785290044.2606182,0.0,0.0,0.0002733438741415739
1785290044.2610617,0.0,0.0,0.00027187191881239414
1785290044.2615073,0.0,0.0,0.0002740479540079832
1785290044.2619479,0.0,0.0,0.00026931194588541985
1785290044.262393,0.0,0.0,0.0002699838951230049
1785290044.262835,0.0,0.0,0.0002680639736354351
1785290044.2633023,0.0,0.0,0.0002959680277854204
1785290044.263839,0.0,0.0,0.00027846405282616615
1785290044.264285,0.0,0.0,0.0002712639980018139
1785290044.2647278,0.0,0.0,0.000270528020337224
1785290044.265178,0.0,0.0,0.0002749438863247633
1785290044.2656348,0.0,0.0,0.0002794878091663122
1785290044.2660825,0.0,0.0,0.0002728640101850033
1785290044.2665195,0.0,0.0,0.00026332796551287174
1785290044.2669592,0.0,0.0,0.000263711903244257
1785290044.2674315,0.0,0.0,0.00027756812050938606
1785290044.267874,0.0,0.0,0.0002720961347222328
1785290044.2683094,0.0,0.0,0.00026316801086068153
1785290044.2687676,0.0,0.0,0.0002759362105280161
1785290044.2692215,0.0,0.0,0.000273664016276598
1785290044.2696698,0.0,0.0,0.00027139182202517986
1785290044.2701209,0.0,0.0,0.00027283187955617905
1785290044.2705603,0.0,0.0,0.0002658239100128412
1785290044.271,0.0,0.0,0.0002655040007084608
1785290044.27146,0.0,0.0,0.00026691192761063576
1785290044.2718995,0.0,0.0,0.0002663359045982361
1785290044.2723544,0.0,0.0,0.0002768319100141525
1785290044.272794,0.0,0.0,0.0002651200629770756
1785290044.273236,0.0,0.0,0.00026851193979382515
1785290044.2736747,0.0,0.0,0.0002653440460562706
