time,in_time,out_time,inference_time
1785290536.8156133,0.0,0.0,0.0009472320079803466
1785290536.8169987,0.0,0.0,0.0008946239948272705
1785290536.8184032,0.0,0.0,0.0009196799993515015
1785290536.819849,0.0,0.0,0.0009556480050086975
1785290536.8212519,0.0,0.0,0.0009117439985275268
1785290536.8226573,0.0,0.0,0.0009150720238685608
1785290536.8241081,0.0,0.0,0.0009582719802856446
1785290536.8255098,0.0,0.0,0.000909824013710022
1785290536.8268795,0.0,0.0,0.0009927039742469788
1785290536.8282917,0.0,0.0,0.0010170880556106567
1785290536.8296833,0.0,0.0,0.0010206719636917114
1785290536.8310726,0.0,0.0,0.001019487977027893
1785290536.8324788,0.0,0.0,0.0010071680545806884
1785290536.8338742,0.0,0.0,0.0010188800096511842
1785290536.8352952,0.0,0.0,0.0010451200008392335
1785290536.8366888,0.0,0.0,0.0010197440385818482
1785290536.8380651,0.0,0.0,0.0010043200254440307
1785290536.8394644,0.0,0.0,0.001030784010887146
1785290536.8408387,0.0,0.0,0.0010026559829711915
1785290536.8422294,0.0,0.0,0.0010143040418624878
1785290536.843706,0.0,0.0,0.0011061760187149048
1785290536.8450918,0.0,0.0,0.001011904001235962
1785290536.8464737,0.0,0.0,0.0010117440223693847
1785290536.8478692,0.0,0.0,0.0010265920162200928
1785290536.8492312,0.0,0.0,0.0009906240105628968
1785290536.8506048,0.0,0.0,0.0010043200254440307
1785290536.8520455,0.0,0.0,0.001068351984024048
1785290536.8534293,0.0,0.0,0.001007200002670288
1785290536.854796,0.0,0.0,0.000995967984199524
1785290536.856214,0.0,0.0,0.0010298559665679933
1785290536.8575814,0.0,0.0,0.0009971839785575868
1785290536.8589501,0.0,0.0,0.0009972800016403197
1785290536.8603525,0.0,0.0,0.0010043840408325195
1785290536.861733,0.0,0.0,0.0010124479532241822
1785290536.863125,0.0,0.0,0.000993503987789154
1785290536.8645127,0.0,0.0,0.001015231966972351
1785290536.865882,0.0,0.0,0.001003424048423767
1785290536.8682148,0.0,0.0,0.001961184024810791
1785290536.8696094,0.0,0.0,0.0010100799798965455
1785290536.870999,0.0,0.0,0.0010154240131378175
1785290536.8723974,0.0,0.0,0.0010039680004119873
1785290536.8737793,0.0,0.0,0.0010057599544525146
1785290536.8751948,0.0,0.0,0.0010413119792938232
1785290536.8765934,0.0,0.0,0.0010195200443267822
1785290536.8779848,0.0,0.0,0.0010154880285263063
1785290536.8794382,0.0,0.0,0.0010783040523529052
1785290536.8808255,0.0,0.0,0.0010122239589691162
1785290536.8822145,0.0,0.0,0.001018944025039673
1785290536.8836203,0.0,0.0,0.0010321600437164307
1785290536.8850188,0.0,0.0,0.001019711971282959
1785290536.8864052,0.0,0.0,0.0010162559747695923
1785290536.8878255,0.0,0.0,0.0010454399585723877
1785290536.889197,0.0,0.0,0.0009964799880981445
1785290536.8905764,0.0,0.0,0.0010043840408325195
1785290536.8919728,0.0,0.0,0.0010241600275039673
1785290536.8933637,0.0,0.0,0.001018336057662964
1785290536.8947475,0.0,0.0,0.0010042239427566527
1785290536.896153,0.0,0.0,0.0010126399993896484
1785290536.8975441,0.0,0.0,0.0010180480480194091
1785290536.8989296,0.0,0.0,0.0010139520168304444
1785290536.9003417,0.0,0.0,0.0010140160322189332
1785290536.9017088,0.0,0.0,0.0009984639883041382
1785290536.9031239,0.0,0.0,0.0010244799852371215
1785290536.9045138,0.0,0.0,0.0010193920135498048
1785290536.9058766,0.0,0.0,0.000995967984199524
1785290536.9072819,0.0,0.0,0.001034559965133667
1785290536.9086838,0.0,0.0,0.0010109759569168091
1785290536.9100783,0.0,0.0,0.0010160319805145263
1785290536.9114838,0.0,0.0,0.0010314879417419433
1785290536.91286,0.0,0.0,0.0010058560371398926
1785290536.9142377,0.0,0.0,0.0010084480047225953
1785290536.9156535,0.0,0.0,0.001049407958984375
1785290536.9170332,0.0,0.0,0.001003615975379944
1785290536.9184208,0.0,0.0,0.0010149760246276856
1785290536.9198246,0.0,0.0,0.0010313279628753663
1785290536.9212108,0.0,0.0,0.0010103039741516113
1785290536.9232712,0.0,0.0,0.0016946560144424439
1785290536.9246924,0.0,0.0,0.0010077439546585082
1785290536.9260757,0.0,0.0,0.001003615975379944
1785290536.9274895,0.0,0.0,0.001041759967803955
1785290536.9288678,0.0,0.0,0.0010090240240097047
1785290536.9302518,0.0,0.0,0.0010162559747695923
1785290536.9316561,0.0,0.0,0.0010318080186843873
1785290536.9330378,0.0,0.0,0.0010080000162124634
1785290536.9344153,0.0,0.0,0.0010071359872817992
1785290536.9358528,0.0,0.0,0.001065119981765747
1785290536.9372306,0.0,0.0,0.00100271999835968
1785290536.9386206,0.0,0.0,0.001018847942352295
1785290536.9400282,0.0,0.0,0.0010319039821624755
1785290536.9414115,0.0,0.0,0.001007423996925354
1785290536.9427984,0.0,0.0,0.0010114879608154298
1785290536.9442246,0.0,0.0,0.0010275839567184448
1785290536.9456086,0.0,0.0,0.0010031039714813233
1785290536.946999,0.0,0.0,0.0010107840299606323
1785290536.9484243,0.0,0.0,0.0010257279872894287
1785290536.9498134,0.0,0.0,0.001011423945426941
1785290536.9511952,0.0,0.0,0.0010107519626617431
1785290536.9525824,0.0,0.0,0.001014847993850708
1785290536.9539697,0.0,0.0,0.0010092159509658813
1785290536.955392,0.0,0.0,0.0010510400533676148
1785290536.9567616,0.0,0.0,0.000998528003692627
1785290536.9581304,0.0,0.0,0.001002560019493103
1785290536.9595294,0.0,0.0,0.0010273280143737794
1785290536.9608965,0.0,0.0,0.0009946240186691285
1785290536.9622743,0.0,0.0,0.0010082559585571289
1785290536.9637017,0.0,0.0,0.0010518399477005005
1785290536.9650795,0.0,0.0,0.0009979199767112732
1785290536.9664621,0.0,0.0,0.001011039972305298
1785290536.9678614,0.0,0.0,0.0010298559665679933
1785290536.9692562,0.0,0.0,0.0010135359764099122
1785290536.970616,0.0,0.0,0.000990783989429474
1785290536.9720318,0.0,0.0,0.0010442880392074584
1785290536.973422,0.0,0.0,0.001012671947479248
1785290536.9747987,0.0,0.0,0.001005568027496338
1785290536.976208,0.0,0.0,0.0010114879608154298
1785290536.9781651,0.0,0.0,0.0015763839483261108
1785290536.9795861,0.0,0.0,0.0010332479476928712
1785290536.9809632,0.0,0.0,0.0009998400211334228
1785290536.9823494,0.0,0.0,0.0010077760219573974
1785290536.9837503,0.0,0.0,0.0010270719528198242
1785290536.9851394,0.0,0.0,0.0010127040147781372
1785290536.9865339,0.0,0.0,0.0010215040445327758
1785290536.9879541,0.0,0.0,0.001043936014175415
1785290536.989334,0.0,0.0,0.0010100799798965455
1785290536.990717,0.0,0.0,0.0010078400373458862
1785290536.9921508,0.0,0.0,0.0010580480098724364
1785290536.9935288,0.0,0.0,0.001003615975379944
1785290536.9949105,0.0,0.0,0.001011423945426941
1785290536.9963055,0.0,0.0,0.000997600018978119
1785290536.9976928,0.0,0.0,0.0010004160404205322
1785290536.9990706,0.0,0.0,0.001007680058479309
1785290537.0004838,0.0,0.0,0.0010138239860534668
1785290537.0018551,0.0,0.0,0.0010023679733276367
1785290537.0032527,0.0,0.0,0.001024224042892456
1785290537.0046463,0.0,0.0,0.0010224000215530396
1785290537.0060337,0.0,0.0,0.0010201599597930908
1785290537.007451,0.0,0.0,0.0010429439544677734
1785290537.008829,0.0,0.0,0.0010051200389862062
1785290537.0102057,0.0,0.0,0.001003648042678833
1785290537.0116105,0.0,0.0,0.0010338879823684692
1785290537.012977,0.0,0.0,0.0009976959824562074
1785290537.0143664,0.0,0.0,0.0010223360061645508
1785290537.0157664,0.0,0.0,0.0010299839973449707
1785290537.0171392,0.0,0.0,0.0010006400346755982
1785290537.0185258,0.0,0.0,0.0010209599733352662
1785290537.0199502,0.0,0.0,0.00105350399017334
1785290537.0213141,0.0,0.0,0.0009952319860458375
1785290537.0227106,0.0,0.0,0.0010272639989852906
1785290537.0240965,0.0,0.0,0.0010119359493255616
1785290537.0254817,0.0,0.0,0.0010031360387802125
1785290537.0268586,0.0,0.0,0.0010087679624557495
1785290537.028265,0.0,0.0,0.0010121279954910278
1785290537.0296383,0.0,0.0,0.0009992640018463134
1785290537.0310285,0.0,0.0,0.0010191999673843384
1785290537.0329964,0.0,0.0,0.0015707839727401734
1785290537.03438,0.0,0.0,0.0010080640316009522
1785290537.0357933,0.0,0.0,0.0010365760326385498
1785290537.0371733,0.0,0.0,0.0010082559585571289
1785290537.0385551,0.0,0.0,0.0010087360143661499
1785290537.039966,0.0,0.0,0.0010371840000152589
1785290537.0413547,0.0,0.0,0.001013983964920044
1785290537.0427277,0.0,0.0,0.0009972159862518312
1785290537.0441432,0.0,0.0,0.0010400320291519165
1785290537.0455139,0.0,0.0,0.0009994239807128906
1785290537.0468895,0.0,0.0,0.0009990400075912476
1785290537.0483353,0.0,0.0,0.001024672031402588
1785290537.0497174,0.0,0.0,0.0010058239698410034
1785290537.05112,0.0,0.0,0.0010090880393981933
1785290537.052496,0.0,0.0,0.0009998720288276672
1785290537.0538757,0.0,0.0,0.001011904001235962
1785290537.0552938,0.0,0.0,0.0010427199602127074
1785290537.0566764,0.0,0.0,0.0010105600357055663
1785290537.058045,0.0,0.0,0.000997600018978119
1785290537.059462,0.0,0.0,0.0010357439517974854
1785290537.0608556,0.0,0.0,0.0010166079998016357
1785290537.062226,0.0,0.0,0.00100271999835968
1785290537.0636344,0.0,0.0,0.0010340800285339356
1785290537.0650234,0.0,0.0,0.0010135359764099122
1785290537.0663898,0.0,0.0,0.0009948160052299499
1785290537.0677986,0.0,0.0,0.0010353920459747314
1785290537.0691633,0.0,0.0,0.000994975984096527
1785290537.0705388,0.0,0.0,0.0010060160160064698
1785290537.0719426,0.0,0.0,0.0010353280305862426
1785290537.0733333,0.0,0.0,0.0010119359493255616
1785290537.074714,0.0,0.0,0.0010148160457611084
1785290537.0761185,0.0,0.0,0.0010329920053482055
1785290537.077499,0.0,0.0,0.0010107519626617431
1785290537.0788631,0.0,0.0,0.000993183970451355
1785290537.0802634,0.0,0.0,0.0009984959959983826
1785290537.0816443,0.0,0.0,0.0010085439682006837
1785290537.0830326,0.0,0.0,0.0010049279928207398
1785290537.084445,0.0,0.0,0.0010083839893341065
1785290537.085808,0.0,0.0,0.0009948160052299499
1785290537.0872161,0.0,0.0,0.001033568024635315
1785290537.0893576,0.0,0.0,0.0010216959714889526
1785290537.0907507,0.0,0.0,0.001020416021347046
1785290537.0921698,0.0,0.0,0.0010190080404281615
1785290537.0935578,0.0,0.0,0.0010164799690246583
1785290537.094935,0.0,0.0,0.0010088000297546387
1785290537.0963562,0.0,0.0,0.0010284160375595092
1785290537.0977268,0.0,0.0,0.0009988800287246704
1785290537.0991423,0.0,0.0,0.0010284479856491088
1785290537.1005297,0.0,0.0,0.0010130879878997802
1785290537.1019185,0.0,0.0,0.001017632007598877
1785290537.103328,0.0,0.0,0.0010417920351028442
1785290537.1047227,0.0,0.0,0.0010232959985733033
1785290537.1060987,0.0,0.0,0.0010078719854354858
1785290537.1074977,0.0,0.0,0.0010384960174560547
1785290537.1088746,0.0,0.0,0.0010049920082092286
1785290537.110268,0.0,0.0,0.0010240960121154785
1785290537.111663,0.0,0.0,0.001026047945022583
1785290537.113042,0.0,0.0,0.0010011839866638185
1785290537.1144302,0.0,0.0,0.0010127359628677368
1785290537.1158335,0.0,0.0,0.001032480001449585
1785290537.1172154,0.0,0.0,0.0010111680030822753
1785290537.1186094,0.0,0.0,0.001021183967590332
1785290537.1200273,0.0,0.0,0.001043936014175415
1785290537.1213913,0.0,0.0,0.0009943360090255737
1785290537.1227543,0.0,0.0,0.0009936000108718872
1785290537.1241748,0.0,0.0,0.0010207680463790894
1785290537.1255593,0.0,0.0,0.0010123519897460938
1785290537.1269386,0.0,0.0,0.0010089279413223267
1785290537.1283479,0.0,0.0,0.0010033279657363891
1785290537.1297147,0.0,0.0,0.0010027840137481689
1785290537.1311376,0.0,0.0,0.0010442880392074584
1785290537.1325457,0.0,0.0,0.001033344030380249
1785290537.1339123,0.0,0.0,0.000998207986354828
1785290537.1353269,0.0,0.0,0.001046239972114563
1785290537.136706,0.0,0.0,0.0010065280199050904
1785290537.1380932,0.0,0.0,0.001017184019088745
1785290537.139516,0.0,0.0,0.0010542720556259155
1785290537.140916,0.0,0.0,0.00102838397026062
1785290537.142293,0.0,0.0,0.0010013760328292846
1785290537.1442704,0.0,0.0,0.0010226880311965942
1785290537.1456752,0.0,0.0,0.0010253440141677857
1785290537.1470747,0.0,0.0,0.0010170880556106567
1785290537.1484914,0.0,0.0,0.0010163520574569703
1785290537.1498702,0.0,0.0,0.0010006400346755982
1785290537.1512663,0.0,0.0,0.0010226880311965942
1785290537.1526723,0.0,0.0,0.0010289280414581298
1785290537.1540337,0.0,0.0,0.0009913920164108276
1785290537.1554384,0.0,0.0,0.0010365760326385498
1785290537.156819,0.0,0.0,0.0010072959661483764
1785290537.158206,0.0,0.0,0.0010152640342712402
1785290537.1596406,0.0,0.0,0.0010617599487304688
1785290537.1610336,0.0,0.0,0.0010154880285263063
1785290537.162429,0.0,0.0,0.0010228159427642823
1785290537.1638186,0.0,0.0,0.0010188800096511842
1785290537.1651936,0.0,0.0,0.0010072319507598876
1785290537.166572,0.0,0.0,0.001003424048423767
1785290537.167988,0.0,0.0,0.0010388799905776977
1785290537.1693685,0.0,0.0,0.0010039039850234985
1785290537.170748,0.0,0.0,0.0010063680410385132
1785290537.1721716,0.0,0.0,0.0010285439491271972
1785290537.1735797,0.0,0.0,0.0010293439626693727
1785290537.1749606,0.0,0.0,0.0010085439682006837
1785290537.1763597,0.0,0.0,0.0010066879987716674
1785290537.1777403,0.0,0.0,0.0010080959796905519
1785290537.1791632,0.0,0.0,0.0010351999998092652
1785290537.18055,0.0,0.0,0.0010070079565048218
1785290537.18193,0.0,0.0,0.0010070079565048218
1785290537.1833322,0.0,0.0,0.001027008056640625
1785290537.184721,0.0,0.0,0.0010104000568389893
1785290537.1861,0.0,0.0,0.0010037440061569213
1785290537.1875072,0.0,0.0,0.0010380480289459229
1785290537.1889112,0.0,0.0,0.0010327359437942506
1785290537.190291,0.0,0.0,0.0010026880502700805
1785290537.1916895,0.0,0.0,0.001030336022377014
1785290537.1930642,0.0,0.0,0.0010055359601974488
1785290537.194444,0.0,0.0,0.0010066879987716674
1785290537.195842,0.0,0.0,0.0010291839838027954
1785290537.197207,0.0,0.0,0.0009980480074882508
1785290537.199155,0.0,0.0,0.0015792319774627687
1785290537.2005522,0.0,0.0,0.0010117759704589844
1785290537.201927,0.0,0.0,0.0009952639937400817
1785290537.2033398,0.0,0.0,0.0010412479639053344
1785290537.2047222,0.0,0.0,0.0010087039470672607
1785290537.206108,0.0,0.0,0.0010123200416564942
1785290537.2075236,0.0,0.0,0.0010452799797058105
1785290537.208913,0.0,0.0,0.0010121279954910278
1785290537.2102833,0.0,0.0,0.0010039680004119873
1785290537.2116868,0.0,0.0,0.001027359962463379
1785290537.2130744,0.0,0.0,0.0010070079565048218
1785290537.214464,0.0,0.0,0.0010114879608154298
1785290537.2159033,0.0,0.0,0.0010654079914093019
1785290537.2172794,0.0,0.0,0.0009978240132331848
1785290537.2186537,0.0,0.0,0.0010000959634780884
1785290537.2200623,0.0,0.0,0.0010406719446182252
1785290537.2214308,0.0,0.0,0.0010024640560150147
1785290537.222804,0.0,0.0,0.001000767946243286
1785290537.2242064,0.0,0.0,0.0010094720125198365
1785290537.2256076,0.0,0.0,0.0010234880447387695
1785290537.2269852,0.0,0.0,0.0010021439790725709
1785290537.2284114,0.0,0.0,0.0010268479585647584
1785290537.2297904,0.0,0.0,0.001005952000617981
1785290537.2311964,0.0,0.0,0.0010305279493331909
1785290537.232582,0.0,0.0,0.0010121599435806274
1785290537.2339442,0.0,0.0,0.0009952319860458375
1785290537.2353506,0.0,0.0,0.0010259840488433837
1785290537.2367384,0.0,0.0,0.0010127040147781372
1785290537.238125,0.0,0.0,0.0010132800340652466
1785290537.2395408,0.0,0.0,0.0010412479639053344
1785290537.240938,0.0,0.0,0.0010241600275039673
1785290537.2423217,0.0,0.0,0.0010103360414505005
1785290537.2437184,0.0,0.0,0.0010230400562286376
1785290537.2450936,0.0,0.0,0.0010017919540405273
1785290537.2464623,0.0,0.0,0.0009997439980506896
1785290537.247873,0.0,0.0,0.0010430400371551514
1785290537.2492514,0.0,0.0,0.00100271999835968
1785290537.2506382,0.0,0.0,0.001004480004310608
1785290537.2520542,0.0,0.0,0.0010413119792938232
1785290537.2541873,0.0,0.0,0.0017555840015411378
1785290537.255616,0.0,0.0,0.0010482879877090454
1785290537.2570183,0.0,0.0,0.001019711971282959
1785290537.2583983,0.0,0.0,0.0010037440061569213
1785290537.2597964,0.0,0.0,0.0010252159833908081
1785290537.2611735,0.0,0.0,0.0010059200525283814
1785290537.2625694,0.0,0.0,0.001018623948097229
1785290537.263991,0.0,0.0,0.0010526720285415649
1785290537.26536,0.0,0.0,0.0010017919540405273
1785290537.2667377,0.0,0.0,0.0010056960582733154
1785290537.268148,0.0,0.0,0.001016991972923279
1785290537.2695255,0.0,0.0,0.0010054399967193604
1785290537.2709064,0.0,0.0,0.0010080640316009522
1785290537.2723398,0.0,0.0,0.001014240026473999
1785290537.2737134,0.0,0.0,0.0010020159482955933
1785290537.2750869,0.0,0.0,0.0010072640180587768
1785290537.2764957,0.0,0.0,0.0010093120336532593
1785290537.2778826,0.0,0.0,0.0010122560262680054
1785290537.2792788,0.0,0.0,0.0010278719663619996
1785290537.280652,0.0,0.0,0.000999231994152069
1785290537.282033,0.0,0.0,0.0010127999782562256
1785290537.2834425,0.0,0.0,0.0010402560234069823
1785290537.2848203,0.0,0.0,0.001008671998977661
1785290537.2861962,0.0,0.0,0.0010051840543746947
1785290537.2876093,0.0,0.0,0.0010352319478988648
1785290537.2889793,0.0,0.0,0.0009933760166168212
1785290537.2903676,0.0,0.0,0.001011680006980896
1785290537.291765,0.0,0.0,0.0010238399505615235
1785290537.293152,0.0,0.0,0.001009760022163391
1785290537.2945197,0.0,0.0,0.000992896020412445
1785290537.295928,0.0,0.0,0.0010330560207366943
1785290537.2973135,0.0,0.0,0.0009975039958953858
1785290537.2986863,0.0,0.0,0.0010003520250320434
1785290537.3001132,0.0,0.0,0.0010551999807357788
1785290537.3014846,0.0,0.0,0.0009948480129241943
1785290537.3028603,0.0,0.0,0.001004096031188965
1785290537.3042486,0.0,0.0,0.0009999679923057556
1785290537.3056374,0.0,0.0,0.001014143943786621
1785290537.3070083,0.0,0.0,0.0009974079728126525
1785290537.3089755,0.0,0.0,0.001564255952835083
1785290537.3103693,0.0,0.0,0.0010105600357055663
1785290537.311778,0.0,0.0,0.0010308799743652343
1785290537.313186,0.0,0.0,0.001021056056022644
1785290537.3145647,0.0,0.0,0.0010088640451431275
1785290537.3159685,0.0,0.0,0.0010312960147857667
1785290537.3173368,0.0,0.0,0.0009941120147705079
1785290537.3187158,0.0,0.0,0.0010118080377578735
1785290537.3201091,0.0,0.0,0.0010219199657440186
1785290537.3214993,0.0,0.0,0.0010183999538421632
1785290537.322885,0.0,0.0,0.001015104055404663
1785290537.3243113,0.0,0.0,0.001024191975593567
1785290537.3256948,0.0,0.0,0.001012384057044983
1785290537.3270826,0.0,0.0,0.001015712022781372
1785290537.3284976,0.0,0.0,0.0009916160106658936
1785290537.3298838,0.0,0.0,0.0010106559991836547
1785290537.3313155,0.0,0.0,0.0010504319667816162
1785290537.3327086,0.0,0.0,0.0010206719636917114
1785290537.334101,0.0,0.0,0.0010223360061645508
1785290537.3355265,0.0,0.0,0.0010489920377731324
1785290537.3369284,0.0,0.0,0.0010223360061645508
1785290537.3383117,0.0,0.0,0.0010077439546585082
1785290537.339713,0.0,0.0,0.0010324159860610961
1785290537.3411005,0.0,0.0,0.0010157439708709717
1785290537.3424647,0.0,0.0,0.000994047999382019
1785290537.3438878,0.0,0.0,0.0010488320589065552
1785290537.3452606,0.0,0.0,0.001002527952194214
1785290537.3466527,0.0,0.0,0.001014143943786621
1785290537.348076,0.0,0.0,0.0010472960472106933
1785290537.3494625,0.0,0.0,0.0010113919973373413
1785290537.3508434,0.0,0.0,0.0010075199604034424
1785290537.3522565,0.0,0.0,0.0010196160078048706
1785290537.3536448,0.0,0.0,0.0010116159915924071
1785290537.35504,0.0,0.0,0.0010292160511016846
1785290537.3564467,0.0,0.0,0.0010047039985656737
1785290537.357838,0.0,0.0,0.0010210239887237548
1785290537.3592384,0.0,0.0,0.001034432053565979
1785290537.3606107,0.0,0.0,0.0009951679706573487
1785290537.362005,0.0,0.0,0.0010203520059585572
1785290537.3638608,0.0,0.0,0.0014872640371322633
1785290537.3652704,0.0,0.0,0.0010153919458389283
1785290537.3666475,0.0,0.0,0.0010024640560150147
1785290537.3680668,0.0,0.0,0.0010498239994049072
1785290537.369472,0.0,0.0,0.0010234559774398803
1785290537.3708274,0.0,0.0,0.000984607994556427
1785290537.372232,0.0,0.0,0.0010087039470672607
1785290537.3736277,0.0,0.0,0.001023360013961792
1785290537.375007,0.0,0.0,0.001008288025856018
1785290537.3764088,0.0,0.0,0.0010026880502700805
1785290537.3777761,0.0,0.0,0.0009999359846115112
1785290537.3791509,0.0,0.0,0.001008671998977661
1785290537.380552,0.0,0.0,0.0010195200443267822
1785290537.381926,0.0,0.0,0.0010032639503479003
1785290537.3833318,0.0,0.0,0.0010368640422821044
1785290537.3847167,0.0,0.0,0.001014623999595642
1785290537.3861194,0.0,0.0,0.0010267200469970704
1785290537.3875396,0.0,0.0,0.001041983962059021
1785290537.3888998,0.0,0.0,0.000991648018360138
1785290537.390273,0.0,0.0,0.0010031360387802125
1785290537.3916824,0.0,0.0,0.0010369280576705932
1785290537.3930595,0.0,0.0,0.001007040023803711
1785290537.3944397,0.0,0.0,0.0010087039470672607
1785290537.395846,0.0,0.0,0.0010337280035018922
1785290537.397215,0.0,0.0,0.000997376024723053
1785290537.3985713,0.0,0.0,0.0009846400022506714
1785290537.3999631,0.0,0.0,0.0010258239507675172
1785290537.4013448,0.0,0.0,0.0010073920488357544
1785290537.402735,0.0,0.0,0.0010239679813385009
1785290537.4041295,0.0,0.0,0.0010233279466629029
1785290537.405506,0.0,0.0,0.0010061759948730468
1785290537.4068832,0.0,0.0,0.001009951949119568
1785290537.4083045,0.0,0.0,0.0010179200172424317
1785290537.4096978,0.0,0.0,0.0010124800205230714
1785290537.4111118,0.0,0.0,0.001015455961227417
1785290537.4125025,0.0,0.0,0.0010153919458389283
1785290537.4138813,0.0,0.0,0.0010050239562988282
1785290537.4153025,0.0,0.0,0.0010439679622650147
1785290537.4166896,0.0,0.0,0.001010591983795166
1785290537.4185884,0.0,0.0,0.001532703995704651
1785290537.4199986,0.0,0.0,0.0010265920162200928
1785290537.4213853,0.0,0.0,0.001010208010673523
1785290537.4227712,0.0,0.0,0.0010119359493255616
1785290537.4241798,0.0,0.0,0.001011296033859253
1785290537.4255614,0.0,0.0,0.001009376049041748
1785290537.4269338,0.0,0.0,0.0010060479640960694
1785290537.4283361,0.0,0.0,0.0010064640045166016
1785290537.4297137,0.0,0.0,0.0010081599950790404
1785290537.4310896,0.0,0.0,0.0009996479749679566
1785290537.4325004,0.0,0.0,0.0010146559476852416
1785290537.4338837,0.0,0.0,0.0010139199495315552
1785290537.4352798,0.0,0.0,0.0010269759893417358
1785290537.43667,0.0,0.0,0.0010130879878997802
1785290537.4380457,0.0,0.0,0.0010046080350875855
1785290537.4394794,0.0,0.0,0.001060320019721985
1785290537.440844,0.0,0.0,0.0009839360117912292
1785290537.4422193,0.0,0.0,0.0010027840137481689
1785290537.4436355,0.0,0.0,0.0010292479991912842
1785290537.445015,0.0,0.0,0.001006943941116333
1785290537.4463928,0.0,0.0,0.0010049599409103394
1785290537.447816,0.0,0.0,0.0010505599975585938
1785290537.4491901,0.0,0.0,0.0009969279766082763
1785290537.4505672,0.0,0.0,0.0010072640180587768
1785290537.4519742,0.0,0.0,0.0010319039821624755
1785290537.4533725,0.0,0.0,0.0010248320102691651
1785290537.4547517,0.0,0.0,0.0010040639638900757
1785290537.4561667,0.0,0.0,0.0010145920515060424
1785290537.4575648,0.0,0.0,0.0010165120363235473
1785290537.458952,0.0,0.0,0.0010056320428848266
1785290537.4603684,0.0,0.0,0.0010156799554824829
1785290537.4617553,0.0,0.0,0.0010088319778442383
1785290537.4631457,0.0,0.0,0.0010151679515838623
1785290537.4645324,0.0,0.0,0.0010090240240097047
1785290537.4659057,0.0,0.0,0.0010020159482955933
1785290537.4673085,0.0,0.0,0.0010304000377655029
1785290537.468707,0.0,0.0,0.0010192639827728272
1785290537.4700825,0.0,0.0,0.0009998400211334228
1785290537.4714983,0.0,0.0,0.0010450559854507447
1785290537.4728837,0.0,0.0,0.0010150400400161742
1785290537.474823,0.0,0.0,0.0010319039821624755
1785290537.4762328,0.0,0.0,0.0010073920488357544
1785290537.4776056,0.0,0.0,0.0009985600113868714
1785290537.4789886,0.0,0.0,0.0010104960203170777
1785290537.480391,0.0,0.0,0.0010058879852294922
1785290537.4817536,0.0,0.0,0.000994975984096527
1785290537.4831502,0.0,0.0,0.0010263999700546264
1785290537.484548,0.0,0.0,0.0010248639583587647
1785290537.4859276,0.0,0.0,0.0010120320320129396
1785290537.4873471,0.0,0.0,0.0010439039468765259
1785290537.4887247,0.0,0.0,0.0010032320022583007
1785290537.490098,0.0,0.0,0.000997600018978119
1785290537.4914958,0.0,0.0,0.0010319679975509643
1785290537.4928982,0.0,0.0,0.0010302400588989259
1785290537.4942904,0.0,0.0,0.0010181440114974975
1785290537.495727,0.0,0.0,0.0010637120008468628
1785290537.4971073,0.0,0.0,0.0010037440061569213
1785290537.498491,0.0,0.0,0.0010098880529403687
1785290537.4999187,0.0,0.0,0.0010579839944839479
1785290537.5012832,0.0,0.0,0.0009911360144615174
1785290537.5026565,0.0,0.0,0.0010064640045166016
1785290537.504071,0.0,0.0,0.001043712019920349
1785290537.5054371,0.0,0.0,0.0009913280010223388
1785290537.506822,0.0,0.0,0.0010102720260620117
1785290537.5082102,0.0,0.0,0.0009959359765052795
1785290537.5095942,0.0,0.0,0.0010094079971313477
1785290537.5109727,0.0,0.0,0.0010028159618377685
1785290537.512372,0.0,0.0,0.001006816029548645
1785290537.513746,0.0,0.0,0.0009984959959983826
1785290537.515143,0.0,0.0,0.0010249600410461425
1785290537.51654,0.0,0.0,0.00101363205909729
1785290537.5179307,0.0,0.0,0.0010186560153961181
1785290537.5193427,0.0,0.0,0.001037279963493347
1785290537.5207448,0.0,0.0,0.0010305919647216797
1785290537.522115,0.0,0.0,0.0010031039714813233
1785290537.5235305,0.0,0.0,0.001039232015609741
1785290537.5249028,0.0,0.0,0.0009993280172348022
1785290537.526282,0.0,0.0,0.0010067839622497558
1785290537.5276794,0.0,0.0,0.0010293760299682616
1785290537.529716,0.0,0.0,0.0016661440134048463
1785290537.5311146,0.0,0.0,0.0009999359846115112
1785290537.5324795,0.0,0.0,0.0009909120202064514
1785290537.5339015,0.0,0.0,0.001002079963684082
1785290537.5353234,0.0,0.0,0.0010457600355148315
1785290537.5366871,0.0,0.0,0.0009967039823532105
1785290537.5380766,0.0,0.0,0.001013856053352356
1785290537.539505,0.0,0.0,0.0010533759593963623
1785290537.540889,0.0,0.0,0.001003200054168701
1785290537.5422702,0.0,0.0,0.001012287974357605
1785290537.5436907,0.0,0.0,0.0010469759702682495
1785290537.5450776,0.0,0.0,0.0010113279819488525
1785290537.5464473,0.0,0.0,0.0010023039579391479
1785290537.5478537,0.0,0.0,0.0010334080457687377
1785290537.549241,0.0,0.0,0.0010061759948730468
1785290537.5506227,0.0,0.0,0.0010130879878997802
1785290537.5520658,0.0,0.0,0.0010729600191116333
1785290537.5534458,0.0,0.0,0.0010075839757919312
1785290537.5548308,0.0,0.0,0.0010159039497375489
1785290537.5562391,0.0,0.0,0.0010101759433746337
1785290537.5576346,0.0,0.0,0.0010206719636917114
1785290537.5590117,0.0,0.0,0.0010035200119018555
1785290537.5604274,0.0,0.0,0.0010233919620513917
1785290537.5618124,0.0,0.0,0.0010091840028762817
1785290537.5632117,0.0,0.0,0.001029312014579773
1785290537.564599,0.0,0.0,0.0010090240240097047
1785290537.5659695,0.0,0.0,0.0009995200037956238
1785290537.5673585,0.0,0.0,0.0010208959579467774
1785290537.568728,0.0,0.0,0.0010004160404205322
1785290537.5700939,0.0,0.0,0.0009930559992790222
1785290537.5714872,0.0,0.0,0.001025279998779297
1785290537.5728621,0.0,0.0,0.0010024000406265259
1785290537.5742443,0.0,0.0,0.0010168319940567017
1785290537.5756555,0.0,0.0,0.0010428160429000854
1785290537.5770574,0.0,0.0,0.0010326080322265625
1785290537.578426,0.0,0.0,0.0009972800016403197
1785290537.5798295,0.0,0.0,0.0010317440032958985
1785290537.581208,0.0,0.0,0.0010055359601974488
1785290537.582596,0.0,0.0,0.0010107840299606323
1785290537.5845306,0.0,0.0,0.0015584319829940797
1785290537.585948,0.0,0.0,0.0010318080186843873
1785290537.5873735,0.0,0.0,0.0010454399585723877
1785290537.5887535,0.0,0.0,0.0010098559856414795
1785290537.5901265,0.0,0.0,0.0010063040256500244
1785290537.5915515,0.0,0.0,0.0010534399747848511
1785290537.5929313,0.0,0.0,0.0010062400102615356
1785290537.594326,0.0,0.0,0.0010194560289382933
1785290537.5957305,0.0,0.0,0.0010306559801101685
1785290537.5971193,0.0,0.0,0.0010161279439926147
1785290537.598507,0.0,0.0,0.0010162240266799927
1785290537.5999172,0.0,0.0,0.0010365760326385498
1785290537.601296,0.0,0.0,0.0010049599409103394
1785290537.6026862,0.0,0.0,0.0010194560289382933
1785290537.6040986,0.0,0.0,0.001036288022994995
1785290537.6054883,0.0,0.0,0.0010141760110855102
1785290537.6068556,0.0,0.0,0.0009885119795799255
1785290537.6082723,0.0,0.0,0.0010027519464492797
1785290537.6096394,0.0,0.0,0.0009937919974327086
1785290537.6110067,0.0,0.0,0.0009975360035896302
1785290537.6124175,0.0,0.0,0.0010105600357055663
1785290537.613807,0.0,0.0,0.0010152000188827514
1785290537.6151917,0.0,0.0,0.001017856001853943
1785290537.616585,0.0,0.0,0.0010202879905700684
1785290537.6179743,0.0,0.0,0.001017856001853943
1785290537.619384,0.0,0.0,0.0010332479476928712
1785290537.6207511,0.0,0.0,0.0009968640208244323
1785290537.6221337,0.0,0.0,0.001013983964920044
1785290537.6235368,0.0,0.0,0.0010345920324325562
1785290537.6249244,0.0,0.0,0.0010192960500717164
1785290537.6262898,0.0,0.0,0.000990783989429474
1785290537.6277168,0.0,0.0,0.0010528639554977417
1785290537.6290877,0.0,0.0,0.0009946560263633729
1785290537.6304576,0.0,0.0,0.000999135971069336
1785290537.6318865,0.0,0.0,0.0010598080158233643
1785290537.6332953,0.0,0.0,0.0010351040363311768
1785290537.6346943,0.0,0.0,0.0010239679813385009
1785290537.636099,0.0,0.0,0.0010364799499511719
1785290537.6374762,0.0,0.0,0.0010072959661483764
1785290537.6393511,0.0,0.0,0.0014954240322113037
1785290537.6407557,0.0,0.0,0.0010096000432968139
1785290537.642155,0.0,0.0,0.0010217599868774414
1785290537.6435797,0.0,0.0,0.0010503679513931274
1785290537.6449618,0.0,0.0,0.0010072959661483764
1785290537.6463575,0.0,0.0,0.0010224319696426393
1785290537.6477928,0.0,0.0,0.0010639359951019286
1785290537.6491883,0.0,0.0,0.0010172159671783447
1785290537.6505883,0.0,0.0,0.001012287974357605
1785290537.6520126,0.0,0.0,0.0010479999780654908
1785290537.653415,0.0,0.0,0.001025279998779297
1785290537.654782,0.0,0.0,0.0009983680248260498
1785290537.6561966,0.0,0.0,0.001021056056022644
1785290537.657575,0.0,0.0,0.0010001920461654662
1785290537.6589556,0.0,0.0,0.001007423996925354
1785290537.660365,0.0,0.0,0.001017632007598877
1785290537.6617541,0.0,0.0,0.0010177919864654541
1785290537.663178,0.0,0.0,0.0010532480478286743
1785290537.6645756,0.0,0.0,0.0010177600383758545
1785290537.6659465,0.0,0.0,0.001000991940498352
1785290537.667351,0.0,0.0,0.0010322879552841187
1785290537.6687565,0.0,0.0,0.0010385279655456543
1785290537.6701386,0.0,0.0,0.0010060800313949586
1785290537.6715446,0.0,0.0,0.0010381439924240113
1785290537.6729376,0.0,0.0,0.001014847993850708
1785290537.6743255,0.0,0.0,0.0010135040283203126
1785290537.6757653,0.0,0.0,0.0010651520490646362
1785290537.6771333,0.0,0.0,0.0009988160133361816
1785290537.6785188,0.0,0.0,0.0010031679868698121
1785290537.6799169,0.0,0.0,0.0010292799472808839
1785290537.6812997,0.0,0.0,0.0010108799934387207
1785290537.6826732,0.0,0.0,0.0010051519870758056
1785290537.6840684,0.0,0.0,0.0010200320482254028
1785290537.6854265,0.0,0.0,0.000987872004508972
1785290537.6867971,0.0,0.0,0.0009999679923057556
1785290537.688203,0.0,0.0,0.0010156160593032836
1785290537.6895747,0.0,0.0,0.0009988800287246704
1785290537.6909719,0.0,0.0,0.0010215359926223754
1785290537.6923797,0.0,0.0,0.0010093439817428589
1785290537.6943173,0.0,0.0,0.0015650880336761474
1785290537.695745,0.0,0.0,0.001049280047416687
1785290537.6971278,0.0,0.0,0.001013375997543335
1785290537.698502,0.0,0.0,0.0010068479776382446
1785290537.6999047,0.0,0.0,0.0010300480127334595
1785290537.7012784,0.0,0.0,0.0009960960149765015
1785290537.702653,0.0,0.0,0.0010061759948730468
1785290537.7040555,0.0,0.0,0.0010338560342788696
1785290537.705442,0.0,0.0,0.0010122239589691162
1785290537.706812,0.0,0.0,0.0009951679706573487
1785290537.7082515,0.0,0.0,0.0010397119522094727
1785290537.7096329,0.0,0.0,0.0010131839513778686
1785290537.7110054,0.0,0.0,0.001003648042678833
1785290537.7124212,0.0,0.0,0.0010015360116958619
1785290537.713804,0.0,0.0,0.001013152003288269
1785290537.7152216,0.0,0.0,0.00104367995262146
1785290537.7166162,0.0,0.0,0.001017567992210388
1785290537.717986,0.0,0.0,0.0010053119659423828
1785290537.7193992,0.0,0.0,0.001047808051109314
1785290537.7207994,0.0,0.0,0.0010255039930343627
1785290537.7221913,0.0,0.0,0.0010168960094451905
1785290537.7236044,0.0,0.0,0.0010406399965286256
1785290537.725119,0.0,0.0,0.0010506880283355712
1785290537.7265284,0.0,0.0,0.0010298559665679933
1785290537.7279136,0.0,0.0,0.0010130560398101806
1785290537.72928,0.0,0.0,0.0009941120147705079
1785290537.7306578,0.0,0.0,0.001007423996925354
1785290537.7320678,0.0,0.0,0.0010439039468765259
1785290537.7334502,0.0,0.0,0.0010087679624557495
1785290537.7348306,0.0,0.0,0.0010075839757919312
1785290537.7362373,0.0,0.0,0.0010150400400161742
1785290537.737623,0.0,0.0,0.001010815978050232
1785290537.7389889,0.0,0.0,0.000999679982662201
1785290537.7403855,0.0,0.0,0.0010032639503479003
1785290537.7417572,0.0,0.0,0.0009981439709663392
1785290537.7431605,0.0,0.0,0.001038591980934143
1785290537.744552,0.0,0.0,0.0010140800476074218
1785290537.7459502,0.0,0.0,0.001025887966156006
1785290537.7473488,0.0,0.0,0.0010242559909820557
1785290537.7492948,0.0,0.0,0.0015730559825897217
1785290537.7507005,0.0,0.0,0.0010280319452285766
1785290537.7521238,0.0,0.0,0.001049023985862732
1785290537.7535007,0.0,0.0,0.0010064959526062012
1785290537.7548702,0.0,0.0,0.000995584011077881
1785290537.7562752,0.0,0.0,0.0010164480209350587
1785290537.757675,0.0,0.0,0.001027008056640625
1785290537.759043,0.0,0.0,0.0009993600249290466
1785290537.760463,0.0,0.0,0.0010213760137557984
1785290537.7618523,0.0,0.0,0.0010223679542541505
1785290537.7633064,0.0,0.0,0.001050271987915039
1785290537.764696,0.0,0.0,0.0010091199874877929
1785290537.7660892,0.0,0.0,0.0010192960500717164
1785290537.7674952,0.0,0.0,0.0010376640558242799
1785290537.7688832,0.0,0.0,0.0010190399885177611
1785290537.7702444,0.0,0.0,0.0009915840029716492
1785290537.771646,0.0,0.0,0.001033087968826294
1785290537.77304,0.0,0.0,0.0010244799852371215
1785290537.7744274,0.0,0.0,0.0010145280361175536
1785290537.7758634,0.0,0.0,0.0010666559934616089
1785290537.7772412,0.0,0.0,0.0009984639883041382
1785290537.7786193,0.0,0.0,0.0010042239427566527
1785290537.7800345,0.0,0.0,0.0010447679758071899
1785290537.781403,0.0,0.0,0.000993664026260376
1785290537.7827835,0.0,0.0,0.0010072319507598876
1785290537.7842004,0.0,0.0,0.0010180480480194091
1785290537.7855773,0.0,0.0,0.0009988800287246704
1785290537.786951,0.0,0.0,0.0010050560235977174
1785290537.7883613,0.0,0.0,0.0010151679515838623
1785290537.789734,0.0,0.0,0.0010013760328292846
1785290537.7911494,0.0,0.0,0.0010357120037078858
1785290537.7925155,0.0,0.0,0.0009899839758872985
1785290537.7938914,0.0,0.0,0.0010059839487075806
1785290537.7952704,0.0,0.0,0.0010128639936447144
1785290537.7966354,0.0,0.0,0.0009929280281066894
1785290537.7980287,0.0,0.0,0.0010197440385818482
1785290537.799435,0.0,0.0,0.0010281599760055542
1785290537.8008146,0.0,0.0,0.0010093120336532593
1785290537.8021767,0.0,0.0,0.000992255985736847
1785290537.8035796,0.0,0.0,0.0010349440574645996
1785290537.8055403,0.0,0.0,0.0010252159833908081
1785290537.8069136,0.0,0.0,0.0010016000270843507
1785290537.8083217,0.0,0.0,0.0010080000162124634
1785290537.8096924,0.0,0.0,0.0010001599788665772
1785290537.811053,0.0,0.0,0.000994368016719818
1785290537.8124385,0.0,0.0,0.0009930239915847778
1785290537.8138185,0.0,0.0,0.0010087679624557495
1785290537.8152165,0.0,0.0,0.0010255359411239623
1785290537.8166022,0.0,0.0,0.0010096000432968139
1785290537.8179862,0.0,0.0,0.0010068800449371338
1785290537.8194017,0.0,0.0,0.0010363839864730834
1785290537.8207672,0.0,0.0,0.0009981759786605836
1785290537.8221514,0.0,0.0,0.0010138239860534668
1785290537.823567,0.0,0.0,0.0010440319776535035
1785290537.8249514,0.0,0.0,0.0010149120092391968
1785290537.8263178,0.0,0.0,0.0009960319995880127
1785290537.8276978,0.0,0.0,0.001009984016418457
1785290537.8290827,0.0,0.0,0.001012992024421692
1785290537.830455,0.0,0.0,0.0010061119794845582
1785290537.8318725,0.0,0.0,0.0010513919591903687
1785290537.833252,0.0,0.0,0.001000864028930664
1785290537.8346608,0.0,0.0,0.001029088020324707
1785290537.8360865,0.0,0.0,0.00105075204372406
1785290537.837467,0.0,0.0,0.0010090240240097047
1785290537.8388386,0.0,0.0,0.0010028799772262573
1785290537.8402677,0.0,0.0,0.0010321279764175415
1785290537.841659,0.0,0.0,0.0010176960229873657
1785290537.8430462,0.0,0.0,0.0010137920379638672
1785290537.8444517,0.0,0.0,0.0010076479911804198
1785290537.8458316,0.0,0.0,0.0010097919702529907
1785290537.8472455,0.0,0.0,0.001040511965751648
1785290537.8486245,0.0,0.0,0.0010091840028762817
1785290537.850034,0.0,0.0,0.0010424319505691528
1785290537.8514488,0.0,0.0,0.0010456960201263427
1785290537.852836,0.0,0.0,0.0010122239589691162
1785290537.8542337,0.0,0.0,0.0010269759893417358
1785290537.8556385,0.0,0.0,0.001035904049873352
1785290537.8570163,0.0,0.0,0.0010116480588912963
1785290537.8583982,0.0,0.0,0.001006432056427002
1785290537.8603606,0.0,0.0,0.0015909759998321534
1785290537.861762,0.0,0.0,0.0010122239589691162
1785290537.8631618,0.0,0.0,0.001026047945022583
1785290537.864544,0.0,0.0,0.0010014400482177734
1785290537.8659084,0.0,0.0,0.0009937919974327086
1785290537.8673108,0.0,0.0,0.0010312960147857667
1785290537.868687,0.0,0.0,0.0010010240077972412
1785290537.8700674,0.0,0.0,0.0010085760354995729
1785290537.8714724,0.0,0.0,0.0010233919620513917
1785290537.8728633,0.0,0.0,0.0010196160078048706
1785290537.8742442,0.0,0.0,0.0010103360414505005
1785290537.875639,0.0,0.0,0.0010236799716949463
1785290537.877016,0.0,0.0,0.0010039039850234985
1785290537.8783915,0.0,0.0,0.0010069760084152222
1785290537.8797948,0.0,0.0,0.0010290559530258178
1785290537.8811727,0.0,0.0,0.0010042879581451415
1785290537.8825579,0.0,0.0,0.0010096319913864135
1785290537.883978,0.0,0.0,0.0010431360006332398
1785290537.8853624,0.0,0.0,0.001008671998977661
1785290537.8867762,0.0,0.0,0.001019968032836914
1785290537.8882008,0.0,0.0,0.0010110080242156983
1785290537.88957,0.0,0.0,0.0010030399560928345
1785290537.89096,0.0,0.0,0.001020799994468689
1785290537.8923745,0.0,0.0,0.0010191999673843384
1785290537.8937514,0.0,0.0,0.0010041600465774535
1785290537.8951416,0.0,0.0,0.0010160319805145263
1785290537.8965356,0.0,0.0,0.0010168639421463013
1785290537.8979175,0.0,0.0,0.0010087679624557495
1785290537.8993337,0.0,0.0,0.001045632004737854
1785290537.9007225,0.0,0.0,0.0010174720287323
1785290537.9021156,0.0,0.0,0.0010197759866714478
1785290537.9035182,0.0,0.0,0.0010296000242233276
1785290537.9049013,0.0,0.0,0.0010090559720993043
1785290537.906285,0.0,0.0,0.0010118720531463623
1785290537.9076843,0.0,0.0,0.0010256320238113403
1785290537.9090698,0.0,0.0,0.0010129599571228028
1785290537.9104445,0.0,0.0,0.0010087679624557495
1785290537.9118488,0.0,0.0,0.0010314879417419433
1785290537.9132314,0.0,0.0,0.0010135040283203126
1785290537.9152055,0.0,0.0,0.001600864052772522
1785290537.9165995,0.0,0.0,0.0010075199604034424
1785290537.9179807,0.0,0.0,0.0010030399560928345
1785290537.9194005,0.0,0.0,0.0010421760082244874
1785290537.9207914,0.0,0.0,0.001014847993850708
1785290537.9221616,0.0,0.0,0.0010029120445251465
1785290537.923572,0.0,0.0,0.001041759967803955
1785290537.9249468,0.0,0.0,0.0010004160404205322
1785290537.9263134,0.0,0.0,0.000997759997844696
1785290537.9277298,0.0,0.0,0.0010446720123291015
1785290537.9291103,0.0,0.0,0.0010027840137481689
1785290537.9305048,0.0,0.0,0.0010210239887237548
1785290537.9319074,0.0,0.0,0.0010230720043182373
1785290537.9332898,0.0,0.0,0.0010059200525283814
1785290537.934672,0.0,0.0,0.0010109119415283203
1785290537.9360778,0.0,0.0,0.0010330560207366943
1785290537.9374526,0.0,0.0,0.0010006400346755982
1785290537.938813,0.0,0.0,0.0009934080243110656
1785290537.9402118,0.0,0.0,0.0010018880367279053
1785290537.9415965,0.0,0.0,0.001012671947479248
1785290537.9429653,0.0,0.0,0.0009959999918937683
1785290537.9443889,0.0,0.0,0.0010084480047225953
1785290537.9457786,0.0,0.0,0.0010196160078048706
1785290537.9471896,0.0,0.0,0.0010336639881134034
1785290537.9485798,0.0,0.0,0.0010113600492477417
1785290537.9499376,0.0,0.0,0.0009904959797859192
1785290537.9513383,0.0,0.0,0.0010254720449447631
1785290537.9527152,0.0,0.0,0.001005344033241272
1785290537.9540775,0.0,0.0,0.0009975039958953858
1785290537.955477,0.0,0.0,0.0010291199684143066
1785290537.9568644,0.0,0.0,0.0010106559991836547
1785290537.9582303,0.0,0.0,0.0009964799880981445
1785290537.9596303,0.0,0.0,0.0010285120010375976
1785290537.9610004,0.0,0.0,0.0009982399940490722
1785290537.9623919,0.0,0.0,0.001012992024421692
1785290537.9638033,0.0,0.0,0.001042207956314087
1785290537.965195,0.0,0.0,0.0010201280117034912
1785290537.9665751,0.0,0.0,0.0010087039470672607
1785290537.967992,0.0,0.0,0.0010440640449523926
1785290537.9698658,0.0,0.0,0.0014927680492401122
1785290537.9712763,0.0,0.0,0.0010319360494613647
1785290537.9726477,0.0,0.0,0.001001855969429016
1785290537.9740264,0.0,0.0,0.0010098559856414795
1785290537.9754257,0.0,0.0,0.0010265599489212036
1785290537.9768121,0.0,0.0,0.001009760022163391
1785290537.9781754,0.0,0.0,0.000990880012512207
1785290537.9795735,0.0,0.0,0.0010336960554122926
1785290537.980985,0.0,0.0,0.001037727952003479
1785290537.9823878,0.0,0.0,0.0010246399641036987
1785290537.9838045,0.0,0.0,0.0010422719717025756
1785290537.9851863,0.0,0.0,0.0010065280199050904
1785290537.986562,0.0,0.0,0.0010015679597854615
1785290537.9879916,0.0,0.0,0.0010509120225906372
1785290537.9893503,0.0,0.0,0.0009864320158958434
1785290537.9907408,0.0,0.0,0.0010181440114974975
1785290537.992146,0.0,0.0,0.001009152054786682
1785290537.993512,0.0,0.0,0.0009983680248260498
1785290537.994892,0.0,0.0,0.0010049279928207398
1785290537.996298,0.0,0.0,0.001011039972305298
1785290537.9976785,0.0,0.0,0.0010030720233917237
1785290537.9990501,0.0,0.0,0.000998304009437561
1785290538.0004926,0.0,0.0,0.0010232640504837037
1785290538.0018945,0.0,0.0,0.0010298880338668822
1785290538.0033014,0.0,0.0,0.0010352319478988648
1785290538.0046742,0.0,0.0,0.0010018880367279053
1785290538.0060494,0.0,0.0,0.0010060800313949586
1785290538.007475,0.0,0.0,0.0010504319667816162
1785290538.0088704,0.0,0.0,0.0010198400020599366
1785290538.010261,0.0,0.0,0.0010208640098571778
1785290538.0116704,0.0,0.0,0.0010322560071945191
1785290538.013077,0.0,0.0,0.0010243840217590333
1785290538.0144584,0.0,0.0,0.0010088319778442383
1785290538.0158725,0.0,0.0,0.0010398399829864501
1785290538.017253,0.0,0.0,0.0010013439655303955
1785290538.0186322,0.0,0.0,0.0010057920217514038
1785290538.0200527,0.0,0.0,0.0010472960472106933
1785290538.0214276,0.0,0.0,0.0010020480155944825
1785290538.0228076,0.0,0.0,0.0010045119524002076
1785290538.0247717,0.0,0.0,0.0015629440546035766
1785290538.0261602,0.0,0.0,0.001003775954246521
1785290538.027617,0.0,0.0,0.0010493439435958862
1785290538.0289996,0.0,0.0,0.0010042879581451415
1785290538.0303955,0.0,0.0,0.0010230720043182373
1785290538.031803,0.0,0.0,0.0010308799743652343
1785290538.0331995,0.0,0.0,0.001016800045967102
1785290538.0345883,0.0,0.0,0.0010117440223693847
1785290538.0360017,0.0,0.0,0.0010416320562362672
1785290538.037386,0.0,0.0,0.0010089919567108155
1785290538.0387902,0.0,0.0,0.0010317440032958985
1785290538.040192,0.0,0.0,0.001000767946243286
1785290538.041574,0.0,0.0,0.001006719946861267
1785290538.042945,0.0,0.0,0.000997663974761963
1785290538.0443523,0.0,0.0,0.0010123200416564942
1785290538.0457206,0.0,0.0,0.000998207986354828
1785290538.0471356,0.0,0.0,0.001016095995903015
1785290538.0485241,0.0,0.0,0.001010208010673523
1785290538.0499036,0.0,0.0,0.0010078400373458862
1785290538.0513005,0.0,0.0,0.0010212479829788208
1785290538.0526776,0.0,0.0,0.0009991679787635804
1785290538.0540555,0.0,0.0,0.0010048960447311401
1785290538.055478,0.0,0.0,0.0010492479801177978
1785290538.0568838,0.0,0.0,0.0010283520221710204
1785290538.0582561,0.0,0.0,0.0010023039579391479
1785290538.059642,0.0,0.0,0.001018239974975586
1785290538.061036,0.0,0.0,0.001018463969230652
1785290538.0624063,0.0,0.0,0.00100271999835968
1785290538.0638082,0.0,0.0,0.0010290240049362182
1785290538.065189,0.0,0.0,0.001008671998977661
1785290538.066573,0.0,0.0,0.0010151360034942626
1785290538.067974,0.0,0.0,0.001032480001449585
1785290538.0693586,0.0,0.0,0.0010056320428848266
1785290538.0707457,0.0,0.0,0.0010152000188827514
1785290538.0721726,0.0,0.0,0.0010324480533599853
1785290538.073564,0.0,0.0,0.001012384057044983
1785290538.0749648,0.0,0.0,0.0010239679813385009
1785290538.0763755,0.0,0.0,0.0010158720016479493
1785290538.0777698,0.0,0.0,0.0010229439735412597
1785290538.0796678,0.0,0.0,0.0015149760246276857
1785290538.0810628,0.0,0.0,0.0010196160078048706
1785290538.0824573,0.0,0.0,0.0010196479558944702
1785290538.0838869,0.0,0.0,0.0010536960363388061
1785290538.08526,0.0,0.0,0.0010004479885101318
1785290538.0866368,0.0,0.0,0.0010045759677886964
1785290538.0880592,0.0,0.0,0.00104966402053833
1785290538.089457,0.0,0.0,0.0010220799446105956
1785290538.0908365,0.0,0.0,0.0010059200525283814
1785290538.09225,0.0,0.0,0.001016767978668213
1785290538.0936327,0.0,0.0,0.0010119680166244508
1785290538.0950112,0.0,0.0,0.001004863977432251
1785290538.096415,0.0,0.0,0.0010037440061569213
1785290538.0977967,0.0,0.0,0.0010096960067749023
1785290538.0991986,0.0,0.0,0.0010320639610290527
1785290538.1005855,0.0,0.0,0.0010108799934387207
1785290538.1019511,0.0,0.0,0.0009991999864578248
1785290538.1033545,0.0,0.0,0.00102947199344635
1785290538.104725,0.0,0.0,0.000995840013027191
1785290538.1061053,0.0,0.0,0.0010120639801025392
1785290538.107496,0.0,0.0,0.0010190080404281615
1785290538.1088781,0.0,0.0,0.0010083520412445068
1785290538.1102488,0.0,0.0,0.0010024000406265259
1785290538.111682,0.0,0.0,0.0010661760568618775
1785290538.113056,0.0,0.0,0.0009993280172348022
1785290538.114441,0.0,0.0,0.0010130560398101806
1785290538.1158226,0.0,0.0,0.0010158400535583497
1785290538.1171997,0.0,0.0,0.0010059200525283814
1785290538.1186004,0.0,0.0,0.0010278400182724
1785290538.1200082,0.0,0.0,0.0010373120307922363
1785290538.1213698,0.0,0.0,0.0009885759949684143
1785290538.1227405,0.0,0.0,0.0009982720017433166
1785290538.1241384,0.0,0.0,0.0010296640396118164
1785290538.1255357,0.0,0.0,0.001021567940711975
1785290538.12692,0.0,0.0,0.001005247950553894
1785290538.1283104,0.0,0.0,0.0009953600168228149
1785290538.1297007,0.0,0.0,0.0010203520059585572
1785290538.1310866,0.0,0.0,0.0010142079591751098
1785290538.1324627,0.0,0.0,0.0009817919731140137
1785290538.133851,0.0,0.0,0.001013856053352356
1785290538.1359434,0.0,0.0,0.0017201919555664062
1785290538.1373487,0.0,0.0,0.0010188800096511842
1785290538.1387312,0.0,0.0,0.001002239942550659
1785290538.140146,0.0,0.0,0.0010409280061721802
1785290538.141534,0.0,0.0,0.001013856053352356
1785290538.1429207,0.0,0.0,0.0010047680139541625
1785290538.144327,0.0,0.0,0.001004256010055542
1785290538.1457047,0.0,0.0,0.0010042239427566527
1785290538.1470892,0.0,0.0,0.0010060479640960694
1785290538.1485083,0.0,0.0,0.0010170240402221679
1785290538.149889,0.0,0.0,0.001009760022163391
1785290538.1513112,0.0,0.0,0.0010512319803237915
1785290538.1527102,0.0,0.0,0.0010187519788742065
1785290538.154097,0.0,0.0,0.0010133119821548462
1785290538.1555045,0.0,0.0,0.0010354559421539306
1785290538.1569023,0.0,0.0,0.001016095995903015
1785290538.158279,0.0,0.0,0.0010026880502700805
1785290538.1596873,0.0,0.0,0.0010360959768295288
1785290538.1610632,0.0,0.0,0.0010046399831771852
1785290538.1624267,0.0,0.0,0.0009904959797859192
1785290538.1638227,0.0,0.0,0.001028704047203064
1785290538.1652026,0.0,0.0,0.0010043840408325195
1785290538.1665738,0.0,0.0,0.001000480055809021
1785290538.168007,0.0,0.0,0.0010651520490646362
1785290538.169422,0.0,0.0,0.001006816029548645
1785290538.170802,0.0,0.0,0.0010071680545806884
1785290538.1722045,0.0,0.0,0.0010120320320129396
1785290538.1736076,0.0,0.0,0.0010265599489212036
1785290538.1749876,0.0,0.0,0.001003872036933899
1785290538.1763964,0.0,0.0,0.0010130879878997802
1785290538.1777692,0.0,0.0,0.0010011520385742189
1785290538.1791794,0.0,0.0,0.0010328320264816283
1785290538.1805518,0.0,0.0,0.0010005120038986206
1785290538.1819315,0.0,0.0,0.0010106559991836547
1785290538.1833365,0.0,0.0,0.001030751943588257
1785290538.1847246,0.0,0.0,0.000999455988407135
1785290538.1861074,0.0,0.0,0.0010138239860534668
1785290538.1875143,0.0,0.0,0.0010394560098648071
1785290538.188906,0.0,0.0,0.0010186879634857177
1785290538.1909094,0.0,0.0,0.001628383994102478
1785290538.1923275,0.0,0.0,0.0010074880123138428
1785290538.1937099,0.0,0.0,0.0010096960067749023
1785290538.1950872,0.0,0.0,0.0010037440061569213
1785290538.196511,0.0,0.0,0.001028704047203064
1785290538.197892,0.0,0.0,0.001009376049041748
1785290538.1992984,0.0,0.0,0.0010341440439224244
1785290538.2006743,0.0,0.0,0.0010050239562988282
1785290538.2020376,0.0,0.0,0.0010001280307769776
1785290538.203444,0.0,0.0,0.001032480001449585
1785290538.2048368,0.0,0.0,0.0010195839405059814
1785290538.2062068,0.0,0.0,0.00099372798204422
1785290538.2076125,0.0,0.0,0.001030784010887146
1785290538.2089841,0.0,0.0,0.001
1785290538.2103808,0.0,0.0,0.0010276479721069336
1785290538.2118027,0.0,0.0,0.001048799991607666
1785290538.2132008,0.0,0.0,0.001027392029762268
1785290538.2145896,0.0,0.0,0.0010177600383758545
1785290538.215993,0.0,0.0,0.0010338560342788696
1785290538.2173698,0.0,0.0,0.0010045440196990967
1785290538.2187507,0.0,0.0,0.0010144319534301758
1785290538.2201579,0.0,0.0,0.0010101120471954345
1785290538.2215583,0.0,0.0,0.0010283520221710204
1785290538.2229345,0.0,0.0,0.0010006719827651978
1785290538.2243671,0.0,0.0,0.0010117119550704956
1785290538.2257547,0.0,0.0,0.0010158720016479493
1785290538.227141,0.0,0.0,0.0010163520574569703
1785290538.228519,0.0,0.0,0.0010064640045166016
1785290538.2299,0.0,0.0,0.0010082559585571289
1785290538.231298,0.0,0.0,0.0010246399641036987
1785290538.2326865,0.0,0.0,0.001016767978668213
1785290538.234068,0.0,0.0,0.0010028480291366577
1785290538.2354605,0.0,0.0,0.001023136019706726
1785290538.2368476,0.0,0.0,0.0010174399614334107
1785290538.2382057,0.0,0.0,0.000990176022052765
1785290538.2396064,0.0,0.0,0.0010291199684143066
1785290538.2409973,0.0,0.0,0.0010147839784622192
1785290538.2423854,0.0,0.0,0.0010132800340652466
1785290538.2438014,0.0,0.0,0.0010387840270996093
1785290538.245696,0.0,0.0,0.0015230720043182373
1785290538.2470903,0.0,0.0,0.0010141760110855102
1785290538.2485151,0.0,0.0,0.001020416021347046
1785290538.2498863,0.0,0.0,0.001007040023803711
1785290538.2513013,0.0,0.0,0.0010464320182800293
1785290538.2526858,0.0,0.0,0.0010049920082092286
1785290538.254054,0.0,0.0,0.0010005760192871094
1785290538.2554636,0.0,0.0,0.0010336960554122926
1785290538.256842,0.0,0.0,0.0010028480291366577
1785290538.2582252,0.0,0.0,0.0010063999891281128
1785290538.2596529,0.0,0.0,0.0010441279411315919
1785290538.261034,0.0,0.0,0.0010012799501419067
1785290538.2624083,0.0,0.0,0.000998848021030426
1785290538.2638202,0.0,0.0,0.0010400320291519165
1785290538.2652018,0.0,0.0,0.0010078400373458862
1785290538.2665787,0.0,0.0,0.0010041919946670531
1785290538.2679842,0.0,0.0,0.0010285120010375976
1785290538.2693787,0.0,0.0,0.0010166399478912353
1785290538.2707653,0.0,0.0,0.001015328049659729
1785290538.2721672,0.0,0.0,0.001010143995285034
1785290538.2735627,0.0,0.0,0.0010201280117034912
1785290538.2749364,0.0,0.0,0.00100271999835968
1785290538.276358,0.0,0.0,0.0010209920406341552
1785290538.2777686,0.0,0.0,0.0010288000106811524
1785290538.279201,0.0,0.0,0.0010533440113067627
1785290538.2805977,0.0,0.0,0.0010189759731292726
1785290538.281978,0.0,0.0,0.0010042239427566527
1785290538.2833815,0.0,0.0,0.0010299839973449707
1785290538.2847586,0.0,0.0,0.0009954559803009033
1785290538.2861502,0.0,0.0,0.0010181759595870971
1785290538.2875805,0.0,0.0,0.0010584640502929689
1785290538.2889798,0.0,0.0,0.001014143943786621
1785290538.2903574,0.0,0.0,0.0010011839866638185
1785290538.2917783,0.0,0.0,0.0010474879741668702
1785290538.2931728,0.0,0.0,0.0010228159427642823
1785290538.294552,0.0,0.0,0.0010059200525283814
1785290538.295955,0.0,0.0,0.0010255999565124511
1785290538.2973652,0.0,0.0,0.0010322560071945191
1785290538.2987702,0.0,0.0,0.0010302079916000367
1785290538.3007288,0.0,0.0,0.0015623359680175782
1785290538.3021355,0.0,0.0,0.0010175360441207885
1785290538.303554,0.0,0.0,0.001043231964111328
1785290538.304931,0.0,0.0,0.0009987840056419372
1785290538.306324,0.0,0.0,0.0010181759595870971
1785290538.3077202,0.0,0.0,0.0010260800123214721
1785290538.3091118,0.0,0.0,0.0010179840326309203
1785290538.3104813,0.0,0.0,0.000996832013130188
1785290538.3119032,0.0,0.0,0.001047935962677002
1785290538.313295,0.0,0.0,0.0010122560262680054
1785290538.3146868,0.0,0.0,0.0010214719772338866
1785290538.3160996,0.0,0.0,0.0010393600463867187
1785290538.3174853,0.0,0.0,0.0010111039876937865
1785290538.3188663,0.0,0.0,0.001008895993232727
1785290538.3202765,0.0,0.0,0.0010189759731292726
1785290538.3216681,0.0,0.0,0.001019968032836914
1785290538.3230555,0.0,0.0,0.0010117119550704956
1785290538.3244681,0.0,0.0,0.0010144319534301758
1785290538.3258517,0.0,0.0,0.0010113279819488525
1785290538.3272617,0.0,0.0,0.001035647988319397
1785290538.3286428,0.0,0.0,0.001010591983795166
1785290538.3300147,0.0,0.0,0.0009982720017433166
1785290538.3314285,0.0,0.0,0.0010471680164337157
1785290538.3328164,0.0,0.0,0.001014143943786621
1785290538.3342066,0.0,0.0,0.0010153919458389283
1785290538.3356428,0.0,0.0,0.0010635520219802856
1785290538.3370492,0.0,0.0,0.0010186560153961181
1785290538.3384342,0.0,0.0,0.001012287974357605
1785290538.339857,0.0,0.0,0.0010512000322341918
1785290538.341241,0.0,0.0,0.0010089279413223267
1785290538.3426292,0.0,0.0,0.0010128639936447144
1785290538.3440228,0.0,0.0,0.0010271680355072022
1785290538.3454084,0.0,0.0,0.0010100159645080567
1785290538.3467753,0.0,0.0,0.0009956160187721253
1785290538.3481956,0.0,0.0,0.0010264960527420043
1785290538.349606,0.0,0.0,0.001007680058479309
1785290538.3509789,0.0,0.0,0.0010007040500640868
1785290538.3523984,0.0,0.0,0.0010263359546661378
1785290538.3537736,0.0,0.0,0.0010002559423446654
1785290538.355666,0.0,0.0,0.0015223679542541505
1785290538.357058,0.0,0.0,0.0010110080242156983
1785290538.3584425,0.0,0.0,0.0010099200010299683
1785290538.3598597,0.0,0.0,0.0010432959794998168
1785290538.361246,0.0,0.0,0.001012384057044983
1785290538.3626418,0.0,0.0,0.0010232000350952149
1785290538.3640492,0.0,0.0,0.0010344959497451782
1785290538.3654697,0.0,0.0,0.0010164480209350587
1785290538.3668535,0.0,0.0,0.0010079679489135743
1785290538.368262,0.0,0.0,0.0010107840299606323
1785290538.3696325,0.0,0.0,0.0009948160052299499
1785290538.3710136,0.0,0.0,0.0010094720125198365
1785290538.3724244,0.0,0.0,0.001009760022163391
1785290538.3738072,0.0,0.0,0.0010056960582733154
1785290538.375191,0.0,0.0,0.0010155520439147948
1785290538.3765812,0.0,0.0,0.001012511968612671
1785290538.3779762,0.0,0.0,0.0010233279466629029
1785290538.3793764,0.0,0.0,0.0010321279764175415
1785290538.3807557,0.0,0.0,0.0010059200525283814
1785290538.3821201,0.0,0.0,0.0009919999837875366
1785290538.3835216,0.0,0.0,0.0010319039821624755
1785290538.3848991,0.0,0.0,0.001000480055809021
1785290538.386275,0.0,0.0,0.0010058239698410034
1785290538.3876605,0.0,0.0,0.0010121599435806274
1785290538.389043,0.0,0.0,0.0010033600330352783
1785290538.3904057,0.0,0.0,0.0009890559911727905
1785290538.3918395,0.0,0.0,0.0010599039793014527
1785290538.3932211,0.0,0.0,0.001001952052116394
1785290538.3946018,0.0,0.0,0.0010047039985656737
1785290538.3960176,0.0,0.0,0.0010357120037078858
1785290538.3974025,0.0,0.0,0.0010103360414505005
1785290538.3987854,0.0,0.0,0.0010119359493255616
1785290538.4001994,0.0,0.0,0.001015455961227417
1785290538.4015741,0.0,0.0,0.0010022079944610595
1785290538.4029381,0.0,0.0,0.0009874240159988403
1785290538.4043684,0.0,0.0,0.0010295679569244385
1785290538.405753,0.0,0.0,0.001007680058479309
1785290538.4071627,0.0,0.0,0.0010366719961166383
1785290538.408553,0.0,0.0,0.0010153919458389283
1785290538.410468,0.0,0.0,0.0015418239831924438
1785290538.411893,0.0,0.0,0.0010460159778594971
1785290538.413292,0.0,0.0,0.0010285760164260864
1785290538.4146667,0.0,0.0,0.0009986879825592042
1785290538.4160953,0.0,0.0,0.0010589439868927003
1785290538.417459,0.0,0.0,0.000993664026260376
1785290538.4188263,0.0,0.0,0.0009933760166168212
1785290538.4202304,0.0,0.0,0.0010145920515060424
1785290538.4216058,0.0,0.0,0.0010023679733276367
1785290538.422986,0.0,0.0,0.0010159679651260377
1785290538.4243932,0.0,0.0,0.0010125759840011596
1785290538.425775,0.0,0.0,0.0010116480588912963
1785290538.427193,0.0,0.0,0.001046239972114563
1785290538.428556,0.0,0.0,0.0009895679950714111
1785290538.4299235,0.0,0.0,0.0010015679597854615
1785290538.4313323,0.0,0.0,0.0010351680517196656
1785290538.4327137,0.0,0.0,0.001010815978050232
1785290538.4340887,0.0,0.0,0.0010063680410385132
1785290538.4354935,0.0,0.0,0.0010314879417419433
1785290538.4368808,0.0,0.0,0.0010174720287323
1785290538.4382515,0.0,0.0,0.0010011839866638185
1785290538.4396513,0.0,0.0,0.001029088020324707
1785290538.4410317,0.0,0.0,0.0010064959526062012
1785290538.4424002,0.0,0.0,0.0009998720288276672
1785290538.4438245,0.0,0.0,0.001050976037979126
1785290538.4452138,0.0,0.0,0.0010111039876937865
1785290538.4465902,0.0,0.0,0.0010015360116958619
1785290538.4480228,0.0,0.0,0.0010580159425735475
1785290538.4494073,0.0,0.0,0.0010079679489135743
1785290538.4507878,0.0,0.0,0.0010101120471954345
1785290538.4521964,0.0,0.0,0.0010129599571228028
1785290538.4535725,0.0,0.0,0.0010019199848175049
1785290538.45495,0.0,0.0,0.0010056320428848266
1785290538.4563568,0.0,0.0,0.0010144959688186646
1785290538.4577463,0.0,0.0,0.001018847942352295
1785290538.459142,0.0,0.0,0.0010190080404281615
1785290538.460527,0.0,0.0,0.0010096000432968139
1785290538.4619076,0.0,0.0,0.0010091199874877929
1785290538.4633205,0.0,0.0,0.0010424319505691528
1785290538.464706,0.0,0.0,0.0010109119415283203
1785290538.4665906,0.0,0.0,0.0010267839431762696
1785290538.4680157,0.0,0.0,0.001043328046798706
1785290538.4694066,0.0,0.0,0.0010153599977493287
1785290538.4707909,0.0,0.0,0.0010071359872817992
1785290538.4721935,0.0,0.0,0.001003648042678833
1785290538.4735768,0.0,0.0,0.0010121920108795166
1785290538.4749663,0.0,0.0,0.0010144000053405762
1785290538.4763668,0.0,0.0,0.0009981759786605836
1785290538.4777396,0.0,0.0,0.000993183970451355
1785290538.4791439,0.0,0.0,0.00103164803981781
1785290538.480536,0.0,0.0,0.00101254403591156
1785290538.48193,0.0,0.0,0.0010202239751815796
1785290538.4833887,0.0,0.0,0.00108569598197937
1785290538.48478,0.0,0.0,0.0010168960094451905
1785290538.4861867,0.0,0.0,0.0010337599515914918
1785290538.4875858,0.0,0.0,0.0010304960012435913
1785290538.488981,0.0,0.0,0.001021888017654419
1785290538.4903736,0.0,0.0,0.0010232319831848145
1785290538.4917731,0.0,0.0,0.0010294400453567504
1785290538.4931405,0.0,0.0,0.000997663974761963
1785290538.4945252,0.0,0.0,0.0010161279439926147
1785290538.4959216,0.0,0.0,0.0010342400074005128
1785290538.4972994,0.0,0.0,0.0010070079565048218
1785290538.498683,0.0,0.0,0.0010140479803085326
1785290538.5001018,0.0,0.0,0.0010468800067901611
1785290538.5014732,0.0,0.0,0.0010015039443969727
1785290538.5028524,0.0,0.0,0.0010131839513778686
1785290538.5042691,0.0,0.0,0.0010061119794845582
1785290538.5056505,0.0,0.0,0.0010080000162124634
1785290538.5070264,0.0,0.0,0.0010003199577331542
1785290538.5084305,0.0,0.0,0.001000480055809021
1785290538.5098143,0.0,0.0,0.0010093120336532593
1785290538.5112243,0.0,0.0,0.0010352959632873534
1785290538.512626,0.0,0.0,0.001024191975593567
1785290538.5139987,0.0,0.0,0.0010037440061569213
1785290538.51541,0.0,0.0,0.001033568024635315
1785290538.5167925,0.0,0.0,0.0010046399831771852
1785290538.5181873,0.0,0.0,0.0010263040065765382
1785290538.519607,0.0,0.0,0.0010439679622650147
1785290538.5216622,0.0,0.0,0.0010215359926223754
1785290538.5230362,0.0,0.0,0.0009992960095405578
1785290538.52444,0.0,0.0,0.000999455988407135
1785290538.5258183,0.0,0.0,0.001011072039604187
1785290538.5272093,0.0,0.0,0.0010231679677963257
1785290538.5285964,0.0,0.0,0.0010174720287323
1785290538.5299664,0.0,0.0,0.0010026880502700805
1785290538.531371,0.0,0.0,0.0010304960012435913
1785290538.5327573,0.0,0.0,0.001014464020729065
1785290538.5341375,0.0,0.0,0.0010071680545806884
1785290538.5355453,0.0,0.0,0.0010355839729309082
1785290538.5369608,0.0,0.0,0.0010382399559020997
1785290538.538356,0.0,0.0,0.0010186560153961181
1785290538.5397837,0.0,0.0,0.001051103949546814
1785290538.5411706,0.0,0.0,0.0010087360143661499
1785290538.5425448,0.0,0.0,0.0010098559856414795
1785290538.5439646,0.0,0.0,0.0010438719987869262
1785290538.5453563,0.0,0.0,0.0010143359899520874
1785290538.5467389,0.0,0.0,0.0010115840435028075
1785290538.5481381,0.0,0.0,0.0010287679433822632
1785290538.5495217,0.0,0.0,0.001007807970046997
1785290538.5508997,0.0,0.0,0.001002079963684082
1785290538.552347,0.0,0.0,0.0010196160078048706
1785290538.5537353,0.0,0.0,0.0010051840543746947
1785290538.5551422,0.0,0.0,0.0010326080322265625
1785290538.556551,0.0,0.0,0.0010277440547943116
1785290538.5579438,0.0,0.0,0.0010190720558166503
1785290538.5593781,0.0,0.0,0.0010656960010528565
1785290538.560786,0.0,0.0,0.0010271040201187134
1785290538.5621583,0.0,0.0,0.0010002239942550658
1785290538.5635738,0.0,0.0,0.0010443520545959472
1785290538.564962,0.0,0.0,0.0010171200037002563
1785290538.5663378,0.0,0.0,0.0010039039850234985
1785290538.567768,0.0,0.0,0.0010297600030899049
1785290538.5691612,0.0,0.0,0.0010145599842071532
1785290538.5705364,0.0,0.0,0.0009990079998970032
1785290538.571947,0.0,0.0,0.0010380480289459229
1785290538.5733411,0.0,0.0,0.0010157760381698609
1785290538.5747576,0.0,0.0,0.0010405759811401368
1785290538.5767217,0.0,0.0,0.00101910400390625
1785290538.5781076,0.0,0.0,0.0010081599950790404
1785290538.579516,0.0,0.0,0.0010360000133514404
1785290538.5808933,0.0,0.0,0.001000383973121643
1785290538.5822787,0.0,0.0,0.001011423945426941
1785290538.5837035,0.0,0.0,0.0010500799417495728
1785290538.5850859,0.0,0.0,0.0010044480562210083
1785290538.586469,0.0,0.0,0.0010070719718933106
1785290538.5878727,0.0,0.0,0.0010300159454345703
1785290538.5892382,0.0,0.0,0.0009994239807128906
1785290538.59062,0.0,0.0,0.0010082559585571289
1785290538.592026,0.0,0.0,0.0010357439517974854
1785290538.5934298,0.0,0.0,0.0010308480262756347
1785290538.5948129,0.0,0.0,0.0010052800178527832
1785290538.5962315,0.0,0.0,0.0010155839920043945
1785290538.597611,0.0,0.0,0.001008288025856018
1785290538.5989888,0.0,0.0,0.0010044159889221191
1785290538.6003804,0.0,0.0,0.000999455988407135
1785290538.6017573,0.0,0.0,0.0010095360279083253
1785290538.6031647,0.0,0.0,0.001036895990371704
1785290538.6045487,0.0,0.0,0.0010107200145721435
1785290538.6059258,0.0,0.0,0.0010073920488357544
1785290538.6073308,0.0,0.0,0.0010308799743652343
1785290538.6087039,0.0,0.0,0.0010008319616317748
1785290538.6100895,0.0,0.0,0.001012384057044983
1785290538.6114986,0.0,0.0,0.0010394560098648071
1785290538.6128664,0.0,0.0,0.0009909759759902954
1785290538.6142366,0.0,0.0,0.0010015360116958619
1785290538.6156805,0.0,0.0,0.0010734399557113647
1785290538.617057,0.0,0.0,0.0010024319887161255
1785290538.6184342,0.0,0.0,0.0010119999647140504
1785290538.6198342,0.0,0.0,0.0010318080186843873
1785290538.6212065,0.0,0.0,0.0010019199848175049
1785290538.6225693,0.0,0.0,0.0009963200092315673
1785290538.623967,0.0,0.0,0.001024608016014099
1785290538.6253233,0.0,0.0,0.000986303985118866
1785290538.6266973,0.0,0.0,0.0010045440196990967
1785290538.6280904,0.0,0.0,0.0010236799716949463
1785290538.6294646,0.0,0.0,0.0010059839487075806
1785290538.631381,0.0,0.0,0.0015488959550857544
1785290538.632787,0.0,0.0,0.0010190399885177611
1785290538.6341841,0.0,0.0,0.0010209599733352662
1785290538.6356022,0.0,0.0,0.001040511965751648
1785290538.6369774,0.0,0.0,0.0010001280307769776
1785290538.6383622,0.0,0.0,0.0010109759569168091
1785290538.6397955,0.0,0.0,0.0010555839538574218
1785290538.641188,0.0,0.0,0.0010145920515060424
1785290538.6425471,0.0,0.0,0.0009905920028686524
1785290538.6439493,0.0,0.0,0.0010367679595947267
1785290538.6453195,0.0,0.0,0.0009985920190811158
1785290538.646706,0.0,0.0,0.0010114879608154298
1785290538.6481044,0.0,0.0,0.0010281280279159546
1785290538.6495056,0.0,0.0,0.0010280640125274658
1785290538.6508896,0.0,0.0,0.0010133119821548462
1785290538.652293,0.0,0.0,0.0010070719718933106
1785290538.6536596,0.0,0.0,0.0009966719746589661
1785290538.6550243,0.0,0.0,0.0009957439899444581
1785290538.656414,0.0,0.0,0.000991104006767273
1785290538.6577652,0.0,0.0,0.0009821439981460571
1785290538.6591578,0.0,0.0,0.0010203520059585572
1785290538.6605659,0.0,0.0,0.0010341440439224244
1785290538.6620421,0.0,0.0,0.0010031360387802125
1785290538.6634629,0.0,0.0,0.0010441919565200805
1785290538.6648467,0.0,0.0,0.0010115519762039186
1785290538.6662269,0.0,0.0,0.0010058239698410034
1785290538.6676264,0.0,0.0,0.0010295679569244385
1785290538.6690104,0.0,0.0,0.001010815978050232
1785290538.670386,0.0,0.0,0.0010001280307769776
1785290538.6718009,0.0,0.0,0.0010461119413375855
1785290538.6731923,0.0,0.0,0.0010143040418624878
1785290538.6745706,0.0,0.0,0.0010046080350875855
1785290538.6759808,0.0,0.0,0.0010393279790878295
1785290538.6773474,0.0,0.0,0.000994047999382019
1785290538.6787367,0.0,0.0,0.0010177279710769653
1785290538.6801314,0.0,0.0,0.00102566397190094
1785290538.6814952,0.0,0.0,0.0009962559938430785
1785290538.682887,0.0,0.0,0.0010205119848251342
1785290538.684298,0.0,0.0,0.0010156480073928833
1785290538.6861908,0.0,0.0,0.0015170240402221679
1785290538.6876097,0.0,0.0,0.0010357120037078858
1785290538.6889963,0.0,0.0,0.0010148799419403077
1785290538.6903536,0.0,0.0,0.000986303985118866
1785290538.6917632,0.0,0.0,0.0010406719446182252
1785290538.693144,0.0,0.0,0.0010082240104675292
1785290538.694526,0.0,0.0,0.0010097919702529907
1785290538.6959445,0.0,0.0,0.0010469119548797607
1785290538.6973357,0.0,0.0,0.001010048031806946
1785290538.6987312,0.0,0.0,0.001017856001853943
1785290538.7001524,0.0,0.0,0.0010448960065841675
1785290538.701533,0.0,0.0,0.001005952000617981
1785290538.7029219,0.0,0.0,0.0010130879878997802
1785290538.7043357,0.0,0.0,0.0010120639801025392
1785290538.7057214,0.0,0.0,0.0010121279954910278
1785290538.7071373,0.0,0.0,0.0010443520545959472
1785290538.708519,0.0,0.0,0.0010089600086212159
1785290538.709898,0.0,0.0,0.0010104960203170777
1785290538.7113037,0.0,0.0,0.0010321279764175415
1785290538.7126744,0.0,0.0,0.0010015039443969727
1785290538.7140434,0.0,0.0,0.0009958080053329467
1785290538.715439,0.0,0.0,0.0010309760570526123
1785290538.7168067,0.0,0.0,0.0009995520114898682
1785290538.7181628,0.0,0.0,0.000988864004611969
1785290538.7195666,0.0,0.0,0.001033184051513672
1785290538.7209435,0.0,0.0,0.0010035840272903443
1785290538.722326,0.0,0.0,0.0010088319778442383
1785290538.7237244,0.0,0.0,0.0010280319452285766
1785290538.7251017,0.0,0.0,0.0010026880502700805
1785290538.7264717,0.0,0.0,0.0009992960095405578
1785290538.7278783,0.0,0.0,0.0010424319505691528
1785290538.7292645,0.0,0.0,0.0010039039850234985
1785290538.730686,0.0,0.0,0.0010433919429779052
1785290538.732101,0.0,0.0,0.0010411200523376466
1785290538.7335336,0.0,0.0,0.0010546239614486694
1785290538.7350116,0.0,0.0,0.001078976035118103
1785290538.7365658,0.0,0.0,0.0010911359786987304
1785290538.7380617,0.0,0.0,0.0010777920484542846
1785290538.7395322,0.0,0.0,0.0010616639852523803
1785290538.7409384,0.0,0.0,0.001024191975593567
1785290538.7423325,0.0,0.0,0.00102128005027771
1785290538.744545,0.0,0.0,0.001019711971282959
1785290538.7459285,0.0,0.0,0.0010042879581451415
1785290538.7473297,0.0,0.0,0.001031999945640564
1785290538.7487106,0.0,0.0,0.000998304009437561
1785290538.7500954,0.0,0.0,0.00101363205909729
1785290538.7515023,0.0,0.0,0.0010300159454345703
1785290538.7528844,0.0,0.0,0.001006816029548645
1785290538.754261,0.0,0.0,0.0009999359846115112
1785290538.7556689,0.0,0.0,0.0010348479747772216
1785290538.7570462,0.0,0.0,0.0010042239427566527
1785290538.7584114,0.0,0.0,0.0009930239915847778
1785290538.759841,0.0,0.0,0.0010556479692459106
1785290538.7612257,0.0,0.0,0.0010102720260620117
1785290538.7625968,0.0,0.0,0.0009993600249290466
1785290538.7640123,0.0,0.0,0.0010401599407196046
1785290538.765394,0.0,0.0,0.00100927996635437
1785290538.7667625,0.0,0.0,0.0010044159889221191
1785290538.768182,0.0,0.0,0.0010253119468688965
1785290538.7695498,0.0,0.0,0.0009929280281066894
1785290538.7709177,0.0,0.0,0.000997663974761963
1785290538.7723205,0.0,0.0,0.0010143359899520874
1785290538.7736738,0.0,0.0,0.0009826560020446777
1785290538.775039,0.0,0.0,0.0009983680248260498
1785290538.7764387,0.0,0.0,0.0010030720233917237
1785290538.77786,0.0,0.0,0.0010122239589691162
1785290538.7792711,0.0,0.0,0.001035040020942688
1785290538.7806683,0.0,0.0,0.0010216000080108642
1785290538.7820354,0.0,0.0,0.0009988160133361816
1785290538.783448,0.0,0.0,0.001047551989555359
1785290538.7848504,0.0,0.0,0.0010238399505615235
1785290538.7862153,0.0,0.0,0.0009961599707603455
1785290538.787605,0.0,0.0,0.001022752046585083
1785290538.788986,0.0,0.0,0.001008671998977661
1785290538.7903736,0.0,0.0,0.0010135999917984008
1785290538.7917767,0.0,0.0,0.0010336639881134034
1785290538.7931888,0.0,0.0,0.0010075199604034424
1785290538.7945628,0.0,0.0,0.0009969919919967651
1785290538.7959752,0.0,0.0,0.0010390720367431641
1785290538.7973566,0.0,0.0,0.0010066239833831788
1785290538.7993555,0.0,0.0,0.001634112000465393
1785290538.8007383,0.0,0.0,0.0009990400075912476
1785290538.8021138,0.0,0.0,0.0010056320428848266
1785290538.8035283,0.0,0.0,0.0010397119522094727
1785290538.804891,0.0,0.0,0.0009888960123062133
1785290538.8062685,0.0,0.0,0.0010008959770202636
1785290538.8076746,0.0,0.0,0.0010371840000152589
1785290538.8090472,0.0,0.0,0.000996128022670746
1785290538.8104303,0.0,0.0,0.0010144000053405762
1785290538.811851,0.0,0.0,0.0010444159507751465
1785290538.8132443,0.0,0.0,0.0010188800096511842
1785290538.814625,0.0,0.0,0.0010028159618377685
1785290538.8160286,0.0,0.0,0.0010314559936523437
1785290538.8174036,0.0,0.0,0.001003008008003235
1785290538.818787,0.0,0.0,0.0010072319507598876
1785290538.82021,0.0,0.0,0.0010173439979553223
1785290538.8215704,0.0,0.0,0.0009857280254364014
1785290538.82294,0.0,0.0,0.001002527952194214
1785290538.8243613,0.0,0.0,0.0010173120498657227
1785290538.825746,0.0,0.0,0.0010112320184707641
1785290538.8271518,0.0,0.0,0.001031231999397278
1785290538.828552,0.0,0.0,0.0010179200172424317
1785290538.8299546,0.0,0.0,0.0010290559530258178
1785290538.8313704,0.0,0.0,0.001039039969444275
1785290538.8327742,0.0,0.0,0.0010279040336608886
1785290538.8341448,0.0,0.0,0.0009939839839935303
1785290538.8355527,0.0,0.0,0.0010318080186843873
1785290538.8369267,0.0,0.0,0.0010031360387802125
1785290538.8383055,0.0,0.0,0.0010091840028762817
1785290538.8397322,0.0,0.0,0.001052127957344055
1785290538.8411193,0.0,0.0,0.0010107519626617431
1785290538.8424962,0.0,0.0,0.001003999948501587
1785290538.8438988,0.0,0.0,0.001026368021965027
1785290538.8452582,0.0,0.0,0.000986847996711731
1785290538.8466372,0.0,0.0,0.0010035840272903443
1785290538.848041,0.0,0.0,0.0010306240320205689
1785290538.8494253,0.0,0.0,0.0010093439817428589
1785290538.850813,0.0,0.0,0.0010162240266799927
1785290538.8522084,0.0,0.0,0.0010040639638900757
1785290538.8541336,0.0,0.0,0.0015523200035095215
1785290538.8555548,0.0,0.0,0.0010409599542617798
1785290538.8569198,0.0,0.0,0.0009917759895324708
1785290538.8583076,0.0,0.0,0.0010117759704589844
1785290538.8597043,0.0,0.0,0.0010283520221710204
1785290538.8610795,0.0,0.0,0.0010033600330352783
1785290538.8624456,0.0,0.0,0.000992576003074646
1785290538.8638515,0.0,0.0,0.0010342400074005128
1785290538.8652246,0.0,0.0,0.0010024319887161255
1785290538.866596,0.0,0.0,0.0009959999918937683
1785290538.8679981,0.0,0.0,0.0010290559530258178
1785290538.869393,0.0,0.0,0.0010156480073928833
1785290538.8707838,0.0,0.0,0.0010216959714889526
1785290538.8721964,0.0,0.0,0.0010136959552764892
1785290538.8735645,0.0,0.0,0.0010009280443191528
1785290538.874936,0.0,0.0,0.0010008000135421752
1785290538.8763323,0.0,0.0,0.0009954559803009033
1785290538.877712,0.0,0.0,0.0010037440061569213
1785290538.8791137,0.0,0.0,0.0010098240375518799
1785290538.880509,0.0,0.0,0.0010205440521240234
1785290538.8818867,0.0,0.0,0.0010057599544525146
1785290538.8833017,0.0,0.0,0.0010360000133514404
1785290538.8846886,0.0,0.0,0.0010158079862594605
1785290538.8860664,0.0,0.0,0.0010018880367279053
1785290538.8874626,0.0,0.0,0.0010232959985733033
1785290538.888853,0.0,0.0,0.0010194560289382933
1785290538.8902428,0.0,0.0,0.001012511968612671
1785290538.8916523,0.0,0.0,0.001038912057876587
1785290538.8930297,0.0,0.0,0.0010042879581451415
1785290538.894398,0.0,0.0,0.0009917439818382264
1785290538.8958297,0.0,0.0,0.0010569599866867066
1785290538.8972125,0.0,0.0,0.0010074559450149536
1785290538.8985882,0.0,0.0,0.0010038080215454101
1785290538.900006,0.0,0.0,0.0010414079427719116
1785290538.9013944,0.0,0.0,0.00101254403591156
1785290538.9027932,0.0,0.0,0.00102947199344635
1785290538.9042165,0.0,0.0,0.0010239039659500123
1785290538.9055998,0.0,0.0,0.0010046720504760741
1785290538.906985,0.0,0.0,0.0010112639665603637
1785290538.9089391,0.0,0.0,0.0015536960363388061
1785290538.910328,0.0,0.0,0.001010591983795166
1785290538.9117374,0.0,0.0,0.0010342400074005128
1785290538.913109,0.0,0.0,0.000999135971069336
1785290538.914495,0.0,0.0,0.0010174080133438111
1785290538.9159048,0.0,0.0,0.001033087968826294
1785290538.917266,0.0,0.0,0.0009927359819412232
1785290538.9186473,0.0,0.0,0.001012992024421692
1785290538.9200535,0.0,0.0,0.001034432053565979
1785290538.9214375,0.0,0.0,0.0010118080377578735
1785290538.9228134,0.0,0.0,0.0010004479885101318
1785290538.9242227,0.0,0.0,0.0010030399560928345
1785290538.9256105,0.0,0.0,0.0010187840461730957
1785290538.9269872,0.0,0.0,0.0010038080215454101
1785290538.928415,0.0,0.0,0.0010243200063705445
1785290538.929799,0.0,0.0,0.001010048031806946
1785290538.9311936,0.0,0.0,0.0010252159833908081
1785290538.9325647,0.0,0.0,0.0010034559965133667
1785290538.9339519,0.0,0.0,0.0010140479803085326
1785290538.9353573,0.0,0.0,0.0010353280305862426
1785290538.9367425,0.0,0.0,0.0010083199739456177
1785290538.9381292,0.0,0.0,0.0010148160457611084
1785290538.9395528,0.0,0.0,0.0010504319667816162
1785290538.940928,0.0,0.0,0.001006432056427002
1785290538.9423254,0.0,0.0,0.0010247679948806763
1785290538.9437265,0.0,0.0,0.0010265920162200928
1785290538.9451187,0.0,0.0,0.0010164480209350587
1785290538.9465017,0.0,0.0,0.001011904001235962
1785290538.94791,0.0,0.0,0.0010396159887313843
1785290538.949298,0.0,0.0,0.0010146559476852416
1785290538.9506788,0.0,0.0,0.001016576051712036
1785290538.9521089,0.0,0.0,0.0010614399909973146
1785290538.953487,0.0,0.0,0.001001471996307373
1785290538.9548485,0.0,0.0,0.0009925119876861572
1785290538.9562385,0.0,0.0,0.0010020159482955933
1785290538.9576204,0.0,0.0,0.0010090880393981933
1785290538.9590118,0.0,0.0,0.001019487977027893
1785290538.9603908,0.0,0.0,0.0009823039770126343
1785290538.9617825,0.0,0.0,0.0010160319805145263
1785290538.9631917,0.0,0.0,0.001036512017250061
1785290538.9650984,0.0,0.0,0.001025439977645874
1785290538.9664898,0.0,0.0,0.0010132160186767578
1785290538.9679089,0.0,0.0,0.0010451200008392335
1785290538.9692771,0.0,0.0,0.0009982399940490722
1785290538.9706638,0.0,0.0,0.001013375997543335
1785290538.972079,0.0,0.0,0.0010413440465927124
1785290538.9734643,0.0,0.0,0.0010117759704589844
1785290538.9748447,0.0,0.0,0.0010092159509658813
1785290538.9762468,0.0,0.0,0.001004096031188965
1785290538.9776258,0.0,0.0,0.0010044480562210083
1785290538.9790182,0.0,0.0,0.001021407961845398
1785290538.9804425,0.0,0.0,0.0010204800367355346
1785290538.9818335,0.0,0.0,0.0010097919702529907
1785290538.9832127,0.0,0.0,0.0010073920488357544
1785290538.9845943,0.0,0.0,0.001013152003288269
1785290538.9859815,0.0,0.0,0.001018496036529541
1785290538.987383,0.0,0.0,0.0010267839431762696
1785290538.98876,0.0,0.0,0.0010039360523223877
1785290538.990127,0.0,0.0,0.0009980480074882508
1785290538.9915323,0.0,0.0,0.0010330239534378052
1785290538.9929156,0.0,0.0,0.001009951949119568
1785290538.9942966,0.0,0.0,0.0010066879987716674
1785290538.9956949,0.0,0.0,0.0010270719528198242
1785290538.9970772,0.0,0.0,0.0010112639665603637
1785290538.9984474,0.0,0.0,0.0010003199577331542
1785290538.9998667,0.0,0.0,0.0010476800203323363
1785290539.0012789,0.0,0.0,0.0010387840270996093
1785290539.0026405,0.0,0.0,0.0009889280200004577
1785290539.0040483,0.0,0.0,0.001036736011505127
1785290539.0054364,0.0,0.0,0.0010159039497375489
1785290539.006824,0.0,0.0,0.001010208010673523
1785290539.0082643,0.0,0.0,0.0010205440521240234
1785290539.0096512,0.0,0.0,0.0010113600492477417
1785290539.011028,0.0,0.0,0.001001952052116394
1785290539.012419,0.0,0.0,0.0009915840029716492
1785290539.0138085,0.0,0.0,0.0010152640342712402
1785290539.0152164,0.0,0.0,0.0010405759811401368
1785290539.016611,0.0,0.0,0.001018336057662964
1785290539.01799,0.0,0.0,0.0010099200010299683
1785290539.0199823,0.0,0.0,0.0016157759428024293
1785290539.0213833,0.0,0.0,0.001013152003288269
1785290539.0227487,0.0,0.0,0.0009911680221557618
1785290539.02417,0.0,0.0,0.001022271990776062
1785290539.0255442,0.0,0.0,0.0009930239915847778
1785290539.0269184,0.0,0.0,0.0010016000270843507
1785290539.028356,0.0,0.0,0.0010320320129394531
1785290539.029747,0.0,0.0,0.0010223679542541505
1785290539.0312145,0.0,0.0,0.0010360640287399292
1785290539.0326252,0.0,0.0,0.0010261759757995606
1785290539.034042,0.0,0.0,0.0010376960039138795
1785290539.0354636,0.0,0.0,0.0010440000295639038
1785290539.0368645,0.0,0.0,0.0010255680084228515
1785290539.0382617,0.0,0.0,0.0010323519706726073
1785290539.0396771,0.0,0.0,0.0010335999727249146
1785290539.0410686,0.0,0.0,0.0010144959688186646
1785290539.0424519,0.0,0.0,0.0010069119930267334
1785290539.0438833,0.0,0.0,0.001058176040649414
1785290539.0452747,0.0,0.0,0.0010106879472732543
1785290539.0466762,0.0,0.0,0.0010145280361175536
1785290539.048093,0.0,0.0,0.0010424959659576416
1785290539.0494754,0.0,0.0,0.0010078719854354858
1785290539.0508456,0.0,0.0,0.000999679982662201
1785290539.052243,0.0,0.0,0.0010022079944610595
1785290539.0536108,0.0,0.0,0.000995967984199524
1785290539.0550184,0.0,0.0,0.0010376640558242799
1785290539.0564456,0.0,0.0,0.0010276800394058228
1785290539.0578308,0.0,0.0,0.0010080959796905519
1785290539.05922,0.0,0.0,0.001024191975593567
1785290539.0606046,0.0,0.0,0.00100927996635437
1785290539.0619857,0.0,0.0,0.0010120639801025392
1785290539.0634296,0.0,0.0,0.0010713920593261718
1785290539.0648086,0.0,0.0,0.0010055999755859376
1785290539.0661933,0.0,0.0,0.0010068479776382446
1785290539.0675943,0.0,0.0,0.0010266239643096924
1785290539.0689962,0.0,0.0,0.0010266879796981812
1785290539.0703871,0.0,0.0,0.0010191680192947388
1785290539.0718048,0.0,0.0,0.0010495680570602418
1785290539.073191,0.0,0.0,0.001012671947479248
1785290539.0751688,0.0,0.0,0.0010419199466705322
1785290539.0765734,0.0,0.0,0.0010132160186767578
1785290539.0779533,0.0,0.0,0.0010026880502700805
1785290539.079363,0.0,0.0,0.0010323200225830077
1785290539.080758,0.0,0.0,0.001018944025039673
1785290539.0821388,0.0,0.0,0.0010028159618377685
1785290539.0835564,0.0,0.0,0.001041856050491333
1785290539.0849533,0.0,0.0,0.0010243840217590333
1785290539.0863266,0.0,0.0,0.0010041919946670531
1785290539.0877404,0.0,0.0,0.0010459519624710083
1785290539.089134,0.0,0.0,0.0010190080404281615
1785290539.0905032,0.0,0.0,0.0009994239807128906
1785290539.091931,0.0,0.0,0.0010548800230026246
1785290539.093312,0.0,0.0,0.0010063680410385132
1785290539.0946858,0.0,0.0,0.0010010559558868409
1785290539.0960956,0.0,0.0,0.0010391039848327637
1785290539.0974722,0.0,0.0,0.0010070079565048218
1785290539.0988429,0.0,0.0,0.0009984639883041382
1785290539.100256,0.0,0.0,0.0010175039768218993
1785290539.1016495,0.0,0.0,0.0010164799690246583
1785290539.1030304,0.0,0.0,0.0010062400102615356
1785290539.10445,0.0,0.0,0.0010155520439147948
1785290539.1058323,0.0,0.0,0.001005247950553894
1785290539.1072276,0.0,0.0,0.0010224000215530396
1785290539.108605,0.0,0.0,0.0010055040121078492
1785290539.1099954,0.0,0.0,0.0010192960500717164
1785290539.1114104,0.0,0.0,0.0010408639907836914
1785290539.1127815,0.0,0.0,0.0009968000054359435
1785290539.1141605,0.0,0.0,0.0010063680410385132
1785290539.1155508,0.0,0.0,0.0010166399478912353
1785290539.1169298,0.0,0.0,0.0010015360116958619
1785290539.1183145,0.0,0.0,0.0010135999917984008
1785290539.119759,0.0,0.0,0.0010684479475021361
1785290539.1211548,0.0,0.0,0.0010195519924163818
1785290539.122532,0.0,0.0,0.0010016319751739503
1785290539.1239433,0.0,0.0,0.0010369280576705932
1785290539.125338,0.0,0.0,0.0010183680057525635
1785290539.1267123,0.0,0.0,0.0010008319616317748
1785290539.1281314,0.0,0.0,0.0010441279411315919
1785290539.1303039,0.0,0.0,0.001801792025566101
1785290539.1317446,0.0,0.0,0.0010497599840164184
1785290539.1331482,0.0,0.0,0.001022047996520996
1785290539.1345344,0.0,0.0,0.0010084799528121949
1785290539.1359487,0.0,0.0,0.0010397119522094727
1785290539.137324,0.0,0.0,0.000996511995792389
1785290539.1386998,0.0,0.0,0.0010051519870758056
1785290539.1401057,0.0,0.0,0.0010367679595947267
1785290539.1414902,0.0,0.0,0.0010089279413223267
1785290539.142879,0.0,0.0,0.001008288025856018
1785290539.1442876,0.0,0.0,0.0010056320428848266
1785290539.1456826,0.0,0.0,0.0010178879499435425
1785290539.1470594,0.0,0.0,0.0010041600465774535
1785290539.1485138,0.0,0.0,0.0010435839891433716
1785290539.1499166,0.0,0.0,0.001024608016014099
1785290539.151323,0.0,0.0,0.001038367986679077
1785290539.1527147,0.0,0.0,0.0010185920000076293
1785290539.1540968,0.0,0.0,0.0010103360414505005
1785290539.155514,0.0,0.0,0.0010427520275115966
1785290539.1569104,0.0,0.0,0.0010186879634857177
1785290539.1583009,0.0,0.0,0.0010166399478912353
1785290539.1597087,0.0,0.0,0.0010290240049362182
1785290539.161092,0.0,0.0,0.0010029759407043457
1785290539.1624525,0.0,0.0,0.0009859840273857116
1785290539.163873,0.0,0.0,0.001046720027923584
1785290539.1652696,0.0,0.0,0.0010189759731292726
1785290539.1666543,0.0,0.0,0.001011296033859253
1785290539.1680768,0.0,0.0,0.0010461759567260741
1785290539.1694684,0.0,0.0,0.0010158400535583497
1785290539.170861,0.0,0.0,0.0010157760381698609
1785290539.1722636,0.0,0.0,0.0010056639909744262
1785290539.1736457,0.0,0.0,0.0010049599409103394
1785290539.1750367,0.0,0.0,0.0010191359519958496
1785290539.17647,0.0,0.0,0.0010081599950790404
1785290539.177865,0.0,0.0,0.0010159679651260377
1785290539.1792538,0.0,0.0,0.0010199999809265136
1785290539.180629,0.0,0.0,0.0009980800151824952
1785290539.182027,0.0,0.0,0.0010180799961090087
1785290539.1834245,0.0,0.0,0.0010247039794921875
1785290539.1853824,0.0,0.0,0.0015875519514083863
1785290539.1867738,0.0,0.0,0.0010079679489135743
1785290539.1881876,0.0,0.0,0.001015455961227417
1785290539.1895835,0.0,0.0,0.0010181440114974975
1785290539.1909614,0.0,0.0,0.0010069119930267334
1785290539.1923516,0.0,0.0,0.0009953600168228149
1785290539.1937253,0.0,0.0,0.000998528003692627
1785290539.1951098,0.0,0.0,0.0009917439818382264
1785290539.196492,0.0,0.0,0.0010005439519882202
1785290539.1978698,0.0,0.0,0.001001728057861328
1785290539.1992795,0.0,0.0,0.0010364160537719726
1785290539.2006702,0.0,0.0,0.0010137280225753784
1785290539.2020335,0.0,0.0,0.000995519995689392
1785290539.2034388,0.0,0.0,0.0010347199440002442
1785290539.2048206,0.0,0.0,0.001005344033241272
1785290539.2062113,0.0,0.0,0.0010119999647140504
1785290539.2076263,0.0,0.0,0.0010400320291519165
1785290539.2089996,0.0,0.0,0.0009970880150794983
1785290539.210376,0.0,0.0,0.0009960640072822571
1785290539.2117836,0.0,0.0,0.0010385279655456543
1785290539.2131646,0.0,0.0,0.0010031360387802125
1785290539.214529,0.0,0.0,0.0009877439737319947
1785290539.215942,0.0,0.0,0.001036736011505127
1785290539.2173107,0.0,0.0,0.0009975039958953858
1785290539.2186866,0.0,0.0,0.0010013120174407958
1785290539.2201006,0.0,0.0,0.0010458879470825195
1785290539.2214983,0.0,0.0,0.0010274560451507568
1785290539.222859,0.0,0.0,0.0009906560182571412
1785290539.2242785,0.0,0.0,0.0010203200578689576
1785290539.2256727,0.0,0.0,0.0010192639827728272
1785290539.227043,0.0,0.0,0.000992959976196289
1785290539.22845,0.0,0.0,0.0010006719827651978
1785290539.2298286,0.0,0.0,0.0010098880529403687
1785290539.2312534,0.0,0.0,0.0010525120496749879
1785290539.232643,0.0,0.0,0.0010067839622497558
1785290539.234027,0.0,0.0,0.0010104000568389893
1785290539.2354107,0.0,0.0,0.0010146559476852416
1785290539.2367892,0.0,0.0,0.0010051519870758056
1785290539.2381504,0.0,0.0,0.0009962239861488343
1785290539.2401032,0.0,0.0,0.001581984043121338
1785290539.2414956,0.0,0.0,0.001009984016418457
1785290539.2428617,0.0,0.0,0.0009983680248260498
1785290539.2442636,0.0,0.0,0.001003200054168701
1785290539.2456408,0.0,0.0,0.001007423996925354
1785290539.247027,0.0,0.0,0.0010177600383758545
1785290539.2484446,0.0,0.0,0.0010144000053405762
1785290539.2498238,0.0,0.0,0.0010083520412445068
1785290539.2512245,0.0,0.0,0.0010342719554901124
1785290539.2526064,0.0,0.0,0.0010151679515838623
1785290539.2539752,0.0,0.0,0.0010006719827651978
1785290539.2553856,0.0,0.0,0.0010383360385894775
1785290539.256775,0.0,0.0,0.0010178879499435425
1785290539.258146,0.0,0.0,0.00100271999835968
1785290539.2595446,0.0,0.0,0.0010272959470748902
1785290539.2609031,0.0,0.0,0.0009874560236930847
1785290539.2622697,0.0,0.0,0.0009951679706573487
1785290539.263669,0.0,0.0,0.0010276479721069336
1785290539.2650442,0.0,0.0,0.000999776005744934
1785290539.2664168,0.0,0.0,0.0009987199902534486
1785290539.2678223,0.0,0.0,0.0010291520357131958
1785290539.269201,0.0,0.0,0.001007680058479309
1785290539.270558,0.0,0.0,0.0009832959771156312
1785290539.2719684,0.0,0.0,0.0010354880094528198
1785290539.2733302,0.0,0.0,0.0009885119795799255
1785290539.2747118,0.0,0.0,0.0010060479640960694
1785290539.2761128,0.0,0.0,0.001033344030380249
1785290539.2774851,0.0,0.0,0.0009994239807128906
1785290539.2788577,0.0,0.0,0.000995584011077881
1785290539.2802608,0.0,0.0,0.001009727954864502
1785290539.2816453,0.0,0.0,0.0010072319507598876
1785290539.2830186,0.0,0.0,0.001002560019493103
1785290539.2844367,0.0,0.0,0.0010154240131378175
1785290539.2858155,0.0,0.0,0.0010056960582733154
1785290539.2872338,0.0,0.0,0.0010434880256652832
1785290539.2886195,0.0,0.0,0.0010116480588912963
1785290539.2900007,0.0,0.0,0.001010208010673523
1785290539.291405,0.0,0.0,0.0010311360359191895
1785290539.2927933,0.0,0.0,0.0010064640045166016
1785290539.294728,0.0,0.0,0.0015587199926376343
1785290539.2961543,0.0,0.0,0.0010221120119094848
1785290539.2975256,0.0,0.0,0.0010025919675827027
1785290539.2988818,0.0,0.0,0.0009840959906578064
1785290539.3003013,0.0,0.0,0.001014623999595642
1785290539.3016775,0.0,0.0,0.0010031360387802125
1785290539.3030493,0.0,0.0,0.0010001280307769776
1785290539.3044631,0.0,0.0,0.0010165439844131469
1785290539.3058438,0.0,0.0,0.0010072640180587768
1785290539.307251,0.0,0.0,0.001037279963493347
1785290539.3086507,0.0,0.0,0.0010229120254516603
1785290539.3100426,0.0,0.0,0.0010174080133438111
1785290539.3114567,0.0,0.0,0.0010448319911956787
1785290539.3128161,0.0,0.0,0.0009895679950714111
1785290539.3141882,0.0,0.0,0.001003391981124878
1785290539.3155823,0.0,0.0,0.0010201599597930908
1785290539.3169851,0.0,0.0,0.0010262399911880494
1785290539.3184345,0.0,0.0,0.0009973120093345641
1785290539.3198645,0.0,0.0,0.0010482239723205566
1785290539.321231,0.0,0.0,0.0009951679706573487
1785290539.3226259,0.0,0.0,0.0010206400156021118
1785290539.3240345,0.0,0.0,0.001034335970878601
1785290539.3254137,0.0,0.0,0.0010087360143661499
1785290539.32679,0.0,0.0,0.000999776005744934
1785290539.3282163,0.0,0.0,0.0010249600410461425
1785290539.3295915,0.0,0.0,0.0009998080134391784
1785290539.33097,0.0,0.0,0.0010029120445251465
1785290539.332367,0.0,0.0,0.0009979519844055176
1785290539.3337593,0.0,0.0,0.0010063680410385132
1785290539.3351557,0.0,0.0,0.0010201280117034912
1785290539.3365579,0.0,0.0,0.0010216319561004638
1785290539.3379426,0.0,0.0,0.0010051519870758056
1785290539.3393524,0.0,0.0,0.0010367679595947267
1785290539.3407269,0.0,0.0,0.001003872036933899
1785290539.3421152,0.0,0.0,0.0010147839784622192
1785290539.343533,0.0,0.0,0.0010426880121231078
1785290539.3449242,0.0,0.0,0.0010101759433746337
1785290539.3463066,0.0,0.0,0.0010095360279083253
1785290539.3477345,0.0,0.0,0.001059872031211853
1785290539.3491137,0.0,0.0,0.0009957759976387023
1785290539.3510664,0.0,0.0,0.0010219520330429076
1785290539.3525045,0.0,0.0,0.001027999997138977
1785290539.353904,0.0,0.0,0.0010185920000076293
1785290539.35531,0.0,0.0,0.0010303679704666137
1785290539.3567216,0.0,0.0,0.0010311039686203003
1785290539.3581166,0.0,0.0,0.001024288058280945
1785290539.3595269,0.0,0.0,0.0010380799770355225
1785290539.3609083,0.0,0.0,0.0010038080215454101
1785290539.362269,0.0,0.0,0.000988864004611969
1785290539.3636808,0.0,0.0,0.001037760019302368
1785290539.3650563,0.0,0.0,0.0010050239562988282
1785290539.3664255,0.0,0.0,0.0009986879825592042
1785290539.367833,0.0,0.0,0.0010344640016555786
1785290539.3691967,0.0,0.0,0.0009960640072822571
1785290539.3705697,0.0,0.0,0.0010005439519882202
1785290539.3719606,0.0,0.0,0.001021440029144287
1785290539.3733363,0.0,0.0,0.0009998720288276672
1785290539.374727,0.0,0.0,0.001017248034477234
1785290539.3761182,0.0,0.0,0.0010198719501495362
1785290539.3774896,0.0,0.0,0.001003200054168701
1785290539.3788588,0.0,0.0,0.0010032960176467895
1785290539.3802555,0.0,0.0,0.0009993919730186462
1785290539.3816268,0.0,0.0,0.0009981759786605836
1785290539.3829947,0.0,0.0,0.0009984319806098938
1785290539.384409,0.0,0.0,0.0010187840461730957
1785290539.3857925,0.0,0.0,0.0010120960474014281
1785290539.3872044,0.0,0.0,0.001033344030380249
1785290539.388579,0.0,0.0,0.0009970239996910095
1785290539.389961,0.0,0.0,0.0010084480047225953
1785290539.3913565,0.0,0.0,0.0010249919891357421
1785290539.3927517,0.0,0.0,0.0010244480371475219
1785290539.3941374,0.0,0.0,0.0010047680139541625
1785290539.3955226,0.0,0.0,0.0010218240022659302
1785290539.3968978,0.0,0.0,0.0010032320022583007
1785290539.3982832,0.0,0.0,0.001010048031806946
1785290539.3997276,0.0,0.0,0.0010751039981842041
1785290539.401112,0.0,0.0,0.0010117759704589844
1785290539.4024892,0.0,0.0,0.0010050560235977174
1785290539.4039083,0.0,0.0,0.0010421760082244874
1785290539.4058664,0.0,0.0,0.0010202879905700684
1785290539.407279,0.0,0.0,0.0010275839567184448
1785290539.408656,0.0,0.0,0.001001952052116394
1785290539.4100544,0.0,0.0,0.0010221120119094848
1785290539.411458,0.0,0.0,0.0010247360467910767
1785290539.4128325,0.0,0.0,0.0010008000135421752
1785290539.414197,0.0,0.0,0.0009948800206184387
1785290539.4155936,0.0,0.0,0.0010269440412521362
1785290539.416968,0.0,0.0,0.001003615975379944
1785290539.4183638,0.0,0.0,0.0010243200063705445
1785290539.419785,0.0,0.0,0.0010479040145874024
1785290539.4211752,0.0,0.0,0.001010143995285034
1785290539.4225507,0.0,0.0,0.001002239942550659
1785290539.4239495,0.0,0.0,0.0010207680463790894
1785290539.4253488,0.0,0.0,0.0010209920406341552
1785290539.4267368,0.0,0.0,0.0010142079591751098
1785290539.4281635,0.0,0.0,0.001023519992828369
1785290539.429535,0.0,0.0,0.0009972800016403197
1785290539.4309046,0.0,0.0,0.0009970880150794983
1785290539.4323244,0.0,0.0,0.0010154240131378175
1785290539.4337103,0.0,0.0,0.0010085439682006837
1785290539.4351203,0.0,0.0,0.0010172159671783447
1785290539.4365199,0.0,0.0,0.0010150079727172853
1785290539.4379108,0.0,0.0,0.001012287974357605
1785290539.4393108,0.0,0.0,0.001028480052947998
1785290539.4406908,0.0,0.0,0.001002239942550659
1785290539.4420798,0.0,0.0,0.0010107519626617431
1785290539.4435039,0.0,0.0,0.0010461759567260741
1785290539.4448867,0.0,0.0,0.001001728057861328
1785290539.446273,0.0,0.0,0.0010073280334472656
1785290539.4476683,0.0,0.0,0.0010239360332489013
1785290539.4490616,0.0,0.0,0.001016095995903015
1785290539.4504445,0.0,0.0,0.0010059200525283814
1785290539.4518707,0.0,0.0,0.0010478719472885132
1785290539.4532392,0.0,0.0,0.000995199978351593
1785290539.4546273,0.0,0.0,0.0010112639665603637
1785290539.4560597,0.0,0.0,0.0010566400289535522
1785290539.4574616,0.0,0.0,0.0010208640098571778
1785290539.4588594,0.0,0.0,0.001023360013961792
1785290539.4607732,0.0,0.0,0.0015177279710769653
1785290539.4621723,0.0,0.0,0.0010144959688186646
1785290539.4635925,0.0,0.0,0.001043455958366394
1785290539.464962,0.0,0.0,0.0009911680221557618
1785290539.4663486,0.0,0.0,0.001017375946044922
1785290539.4677563,0.0,0.0,0.0010288959741592406
1785290539.4691484,0.0,0.0,0.0010161279439926147
1785290539.4705417,0.0,0.0,0.0010149439573287965
1785290539.4719524,0.0,0.0,0.0010413119792938232
1785290539.473331,0.0,0.0,0.0010008000135421752
1785290539.4747212,0.0,0.0,0.0010197759866714478
1785290539.4761279,0.0,0.0,0.001037760019302368
1785290539.4775221,0.0,0.0,0.0010144000053405762
1785290539.4788804,0.0,0.0,0.0009882240295410157
1785290539.480303,0.0,0.0,0.0010197759866714478
1785290539.4816825,0.0,0.0,0.0010054080486297608
1785290539.483088,0.0,0.0,0.0010255359411239623
1785290539.4844882,0.0,0.0,0.001004480004310608
1785290539.4858627,0.0,0.0,0.001000480055809021
1785290539.4872649,0.0,0.0,0.0010347199440002442
1785290539.4886503,0.0,0.0,0.0010156799554824829
1785290539.4900439,0.0,0.0,0.0010211199522018432
1785290539.4914436,0.0,0.0,0.0010323840379714965
1785290539.4928143,0.0,0.0,0.0009972159862518312
1785290539.494176,0.0,0.0,0.0009918720126152038
1785290539.4955726,0.0,0.0,0.0010250240564346313
1785290539.4969437,0.0,0.0,0.001003615975379944
1785290539.4983246,0.0,0.0,0.001009760022163391
1785290539.4997365,0.0,0.0,0.0010410879850387574
1785290539.5011175,0.0,0.0,0.001009951949119568
1785290539.5024958,0.0,0.0,0.0010044159889221191
1785290539.5038862,0.0,0.0,0.001019808053970337
1785290539.5052745,0.0,0.0,0.0010111039876937865
1785290539.5066557,0.0,0.0,0.0010052800178527832
1785290539.5080788,0.0,0.0,0.0010456639528274537
1785290539.5094655,0.0,0.0,0.0010087360143661499
1785290539.5108347,0.0,0.0,0.0010019840002059937
1785290539.5122626,0.0,0.0,0.001009567975997925
1785290539.5136478,0.0,0.0,0.0010106879472732543
1785290539.515656,0.0,0.0,0.001630911946296692
1785290539.5170596,0.0,0.0,0.0010164799690246583
1785290539.5184314,0.0,0.0,0.001004096031188965
1785290539.5198333,0.0,0.0,0.0010265599489212036
1785290539.5212202,0.0,0.0,0.0010084799528121949
1785290539.5226068,0.0,0.0,0.001016095995903015
1785290539.5240226,0.0,0.0,0.0010423040390014648
1785290539.5254042,0.0,0.0,0.001003424048423767
1785290539.5267792,0.0,0.0,0.0010008959770202636
1785290539.5281942,0.0,0.0,0.0010164480209350587
1785290539.5295713,0.0,0.0,0.0010027519464492797
1785290539.5309374,0.0,0.0,0.0010005760192871094
1785290539.5323422,0.0,0.0,0.0010071040391921996
1785290539.5337114,0.0,0.0,0.001
1785290539.5350869,0.0,0.0,0.001003872036933899
1785290539.5364985,0.0,0.0,0.001009984016418457
1785290539.5378878,0.0,0.0,0.0010135680437088012
1785290539.5392976,0.0,0.0,0.001040127992630005
1785290539.54069,0.0,0.0,0.0010160640478134155
1785290539.5420692,0.0,0.0,0.0010038399696350097
1785290539.5434654,0.0,0.0,0.001021440029144287
1785290539.5448377,0.0,0.0,0.0009993600249290466
1785290539.5462232,0.0,0.0,0.001017632007598877
1785290539.5476267,0.0,0.0,0.0010351680517196656
1785290539.548982,0.0,0.0,0.0009861760139465332
1785290539.5503697,0.0,0.0,0.0010108480453491211
1785290539.551763,0.0,0.0,0.0010279040336608886
1785290539.5531473,0.0,0.0,0.0010091199874877929
1785290539.554532,0.0,0.0,0.0010135999917984008
1785290539.555941,0.0,0.0,0.0010323519706726073
1785290539.557323,0.0,0.0,0.001003872036933899
1785290539.5587065,0.0,0.0,0.0010063680410385132
1785290539.5601118,0.0,0.0,0.0010262080430984497
1785290539.5614905,0.0,0.0,0.0010030720233917237
1785290539.562861,0.0,0.0,0.0010028480291366577
1785290539.5642624,0.0,0.0,0.0009991999864578248
1785290539.5656502,0.0,0.0,0.0010100159645080567
1785290539.5670247,0.0,0.0,0.001002336025238037
1785290539.5684667,0.0,0.0,0.0010224959850311278
1785290539.5703743,0.0,0.0,0.0015387519598007201
1785290539.5717967,0.0,0.0,0.0010396480560302735
1785290539.5731888,0.0,0.0,0.0010140160322189332
1785290539.5745726,0.0,0.0,0.0010129599571228028
1785290539.5759726,0.0,0.0,0.001027519941329956
1785290539.5773406,0.0,0.0,0.0010041919946670531
1785290539.578727,0.0,0.0,0.0010169279575347901
1785290539.5801234,0.0,0.0,0.0010264639854431152
1785290539.5815103,0.0,0.0,0.001017248034477234
1785290539.5828755,0.0,0.0,0.000991648018360138
1785290539.5842855,0.0,0.0,0.0010156799554824829
1785290539.5856702,0.0,0.0,0.0010112639665603637
1785290539.5870533,0.0,0.0,0.0010081599950790404
1785290539.5884466,0.0,0.0,0.000993664026260376
1785290539.5898316,0.0,0.0,0.0010081599950790404
1785290539.591246,0.0,0.0,0.001040127992630005
1785290539.592619,0.0,0.0,0.0010016000270843507
1785290539.5939984,0.0,0.0,0.0010104960203170777
1785290539.595395,0.0,0.0,0.001025439977645874
1785290539.596779,0.0,0.0,0.0010084160566329956
1785290539.5981555,0.0,0.0,0.0010033600330352783
1785290539.5995514,0.0,0.0,0.001029088020324707
1785290539.6010516,0.0,0.0,0.001019808053970337
1785290539.6024404,0.0,0.0,0.0010091840028762817
1785290539.6038325,0.0,0.0,0.0010248320102691651
1785290539.6052115,0.0,0.0,0.000998848021030426
1785290539.6065836,0.0,0.0,0.0010030720233917237
1785290539.6079855,0.0,0.0,0.0010344959497451782
1785290539.6093616,0.0,0.0,0.0010077120065689086
1785290539.6107357,0.0,0.0,0.0009995520114898682
1785290539.6121395,0.0,0.0,0.0010075839757919312
1785290539.613519,0.0,0.0,0.0010039680004119873
1785290539.6149075,0.0,0.0,0.0010109119415283203
1785290539.6163137,0.0,0.0,0.0010072640180587768
1785290539.617677,0.0,0.0,0.0009955520033836365
1785290539.6190565,0.0,0.0,0.0010087039470672607
1785290539.6204622,0.0,0.0,0.0010081599950790404
1785290539.6218486,0.0,0.0,0.001011520028114319
1785290539.6232626,0.0,0.0,0.0010391999483108521
1785290539.6251998,0.0,0.0,0.0010077760219573974
1785290539.6266136,0.0,0.0,0.0010268479585647584
1785290539.6280265,0.0,0.0,0.0010381120443344117
1785290539.6294084,0.0,0.0,0.0010094079971313477
1785290539.6307838,0.0,0.0,0.001007040023803711
1785290539.6322086,0.0,0.0,0.0010261119604110718
1785290539.6335902,0.0,0.0,0.0010092480182647705
1785290539.6349728,0.0,0.0,0.0010044480562210083
1785290539.6364453,0.0,0.0,0.001074015974998474
1785290539.6378472,0.0,0.0,0.0010263999700546264
1785290539.639251,0.0,0.0,0.0010280959606170654
1785290539.6406388,0.0,0.0,0.0010114560127258301
1785290539.6420162,0.0,0.0,0.0010065280199050904
1785290539.6434374,0.0,0.0,0.0010453439950942993
1785290539.6448278,0.0,0.0,0.0010144959688186646
1785290539.6461985,0.0,0.0,0.0010006400346755982
1785290539.6476033,0.0,0.0,0.0010311039686203003
1785290539.6489918,0.0,0.0,0.001011904001235962
1785290539.650366,0.0,0.0,0.0010030399560928345
1785290539.6517675,0.0,0.0,0.0010281920433044434
1785290539.6531377,0.0,0.0,0.000994431972503662
1785290539.6545298,0.0,0.0,0.0010162880420684815
1785290539.655927,0.0,0.0,0.0010287359952926636
1785290539.657302,0.0,0.0,0.0010070719718933106
1785290539.6586819,0.0,0.0,0.0010056960582733154
1785290539.6600914,0.0,0.0,0.0010299199819564819
1785290539.6614566,0.0,0.0,0.0009911999702453614
1785290539.662831,0.0,0.0,0.0010039680004119873
1785290539.6642618,0.0,0.0,0.0010160640478134155
1785290539.6656516,0.0,0.0,0.0010073280334472656
1785290539.6670315,0.0,0.0,0.0010049920082092286
1785290539.6684842,0.0,0.0,0.0010463039875030517
1785290539.6698608,0.0,0.0,0.000999455988407135
1785290539.6712582,0.0,0.0,0.001021440029144287
1785290539.6726432,0.0,0.0,0.0010135359764099122
1785290539.6740355,0.0,0.0,0.0010177279710769653
1785290539.6754375,0.0,0.0,0.0010302720069885255
1785290539.6768148,0.0,0.0,0.000998528003692627
1785290539.6781929,0.0,0.0,0.0010040320158004761
1785290539.6796432,0.0,0.0,0.0010707199573516846
1785290539.6815217,0.0,0.0,0.001002527952194214
1785290539.682923,0.0,0.0,0.0010216959714889526
1785290539.6843443,0.0,0.0,0.0010144000053405762
1785290539.685718,0.0,0.0,0.000997376024723053
1785290539.687134,0.0,0.0,0.0010387840270996093
1785290539.6884987,0.0,0.0,0.0009867200255393982
1785290539.6898723,0.0,0.0,0.0010008319616317748
1785290539.6912704,0.0,0.0,0.001028704047203064
1785290539.692684,0.0,0.0,0.0010363520383834838
1785290539.6940873,0.0,0.0,0.0010320320129394531
1785290539.6954877,0.0,0.0,0.0010281920433044434
1785290539.6968787,0.0,0.0,0.0010132479667663574
1785290539.6982615,0.0,0.0,0.001013983964920044
1785290539.6996686,0.0,0.0,0.0010304640531539917
1785290539.7010632,0.0,0.0,0.0010119999647140504
1785290539.7024364,0.0,0.0,0.0010072319507598876
1785290539.7038336,0.0,0.0,0.0010253119468688965
1785290539.705214,0.0,0.0,0.001005728006362915
1785290539.706576,0.0,0.0,0.0009945279955863953
1785290539.7079728,0.0,0.0,0.0010248639583587647
1785290539.7093546,0.0,0.0,0.0010021760463714599
1785290539.7107384,0.0,0.0,0.0010093439817428589
1785290539.7121334,0.0,0.0,0.0010250240564346313
1785290539.7135007,0.0,0.0,0.0009972159862518312
1785290539.7148764,0.0,0.0,0.0010067839622497558
1785290539.716283,0.0,0.0,0.0010134719610214234
1785290539.7176611,0.0,0.0,0.0010069119930267334
1785290539.7190418,0.0,0.0,0.00100655996799469
1785290539.7204747,0.0,0.0,0.0010214719772338866
1785290539.7218606,0.0,0.0,0.0010154240131378175
1785290539.7232587,0.0,0.0,0.001024224042892456
1785290539.7246337,0.0,0.0,0.0010027840137481689
1785290539.7260034,0.0,0.0,0.0010022720098495483
1785290539.7274024,0.0,0.0,0.0010266879796981812
1785290539.7287767,0.0,0.0,0.0010027840137481689
1785290539.7301533,0.0,0.0,0.0010033600330352783
1785290539.7315593,0.0,0.0,0.0010314879417419433
1785290539.7329464,0.0,0.0,0.001012671947479248
1785290539.7343216,0.0,0.0,0.0010055999755859376
1785290539.7362585,0.0,0.0,0.0015656640529632569
1785290539.7376475,0.0,0.0,0.0010017600059509277
1785290539.7390165,0.0,0.0,0.0009964799880981445
1785290539.740431,0.0,0.0,0.0010064959526062012
1785290539.741811,0.0,0.0,0.0010060160160064698
1785290539.743212,0.0,0.0,0.0010255039930343627
1785290539.7446036,0.0,0.0,0.0010136640071868896
1785290539.7459843,0.0,0.0,0.0010086400508880614
1785290539.7473793,0.0,0.0,0.0010232640504837037
1785290539.7487674,0.0,0.0,0.0010134400129318238
1785290539.7501495,0.0,0.0,0.0010087360143661499
1785290539.751565,0.0,0.0,0.0010429120063781738
1785290539.752955,0.0,0.0,0.0010107200145721435
1785290539.7543344,0.0,0.0,0.001006719946861267
1785290539.7557507,0.0,0.0,0.001045151948928833
1785290539.757124,0.0,0.0,0.0010001920461654662
1785290539.7585096,0.0,0.0,0.001016767978668213
1785290539.7599359,0.0,0.0,0.0010538239479064941
1785290539.761322,0.0,0.0,0.0010130560398101806
1785290539.7627044,0.0,0.0,0.001010815978050232
1785290539.764118,0.0,0.0,0.001039520025253296
1785290539.765492,0.0,0.0,0.0009948160052299499
1785290539.7668638,0.0,0.0,0.0009964159727096557
1785290539.7682571,0.0,0.0,0.0010037120580673217
1785290539.7696383,0.0,0.0,0.0010058560371398926
1785290539.7710173,0.0,0.0,0.0010054080486297608
1785290539.7724319,0.0,0.0,0.0010171200037002563
1785290539.7738073,0.0,0.0,0.0010055999755859376
1785290539.7752075,0.0,0.0,0.0010302720069885255
1785290539.7765934,0.0,0.0,0.0010073920488357544
1785290539.7779593,0.0,0.0,0.001001728057861328
1785290539.779387,0.0,0.0,0.0010560959577560424
1785290539.7807863,0.0,0.0,0.00102566397190094
1785290539.782159,0.0,0.0,0.0009948480129241943
1785290539.7835617,0.0,0.0,0.0010351359844207764
1785290539.7849374,0.0,0.0,0.0010018880367279053
1785290539.786316,0.0,0.0,0.0010076479911804198
1785290539.787728,0.0,0.0,0.0010391999483108521
1785290539.7891047,0.0,0.0,0.0010085760354995729
1785290539.7910144,0.0,0.0,0.0015380480289459229
1785290539.7924545,0.0,0.0,0.0010094720125198365
1785290539.7938373,0.0,0.0,0.0010080959796905519
1785290539.7952304,0.0,0.0,0.0010216000080108642
1785290539.7966354,0.0,0.0,0.0010223040580749512
1785290539.797994,0.0,0.0,0.0009911999702453614
1785290539.7994037,0.0,0.0,0.0010364480018615722
1785290539.8007739,0.0,0.0,0.0009962559938430785
1785290539.8021667,0.0,0.0,0.0010206079483032226
1785290539.8035858,0.0,0.0,0.0010388799905776977
1785290539.8049717,0.0,0.0,0.0010071359872817992
1785290539.806352,0.0,0.0,0.0010076160430908202
1785290539.807746,0.0,0.0,0.0010233279466629029
1785290539.8091247,0.0,0.0,0.0010054080486297608
1785290539.8104982,0.0,0.0,0.0009998080134391784
1785290539.8119092,0.0,0.0,0.0010374079942703247
1785290539.8132944,0.0,0.0,0.0010121920108795166
1785290539.814666,0.0,0.0,0.000999455988407135
1785290539.8160841,0.0,0.0,0.0010415359735488892
1785290539.8174572,0.0,0.0,0.0009924479722976684
1785290539.8188183,0.0,0.0,0.000990783989429474
1785290539.8202276,0.0,0.0,0.001008512020111084
1785290539.821605,0.0,0.0,0.0009995200037956238
1785290539.8229797,0.0,0.0,0.0010011839866638185
1785290539.8243904,0.0,0.0,0.0010125759840011596
1785290539.8257668,0.0,0.0,0.0009952639937400817
1785290539.8271534,0.0,0.0,0.001016095995903015
1785290539.8285522,0.0,0.0,0.0010207359790802002
1785290539.829921,0.0,0.0,0.000994592010974884
1785290539.8313384,0.0,0.0,0.0010416640043258668
1785290539.8327134,0.0,0.0,0.001001248002052307
1785290539.83409,0.0,0.0,0.00100655996799469
1785290539.8354785,0.0,0.0,0.0010213439464569092
1785290539.8368697,0.0,0.0,0.0010148160457611084
1785290539.838261,0.0,0.0,0.001016319990158081
1785290539.8396754,0.0,0.0,0.001037760019302368
1785290539.84105,0.0,0.0,0.001
1785290539.8424368,0.0,0.0,0.0010108799934387207
1785290539.843836,0.0,0.0,0.0010271040201187134
1785290539.8457682,0.0,0.0,0.0015498239994049072
1785290539.847206,0.0,0.0,0.0010563520193099976
1785290539.8486009,0.0,0.0,0.0010149439573287965
1785290539.8499591,0.0,0.0,0.0009889280200004577
1785290539.8513632,0.0,0.0,0.00102947199344635
1785290539.852738,0.0,0.0,0.00100655996799469
1785290539.8541276,0.0,0.0,0.001018496036529541
1785290539.8555148,0.0,0.0,0.0010135040283203126
1785290539.8568952,0.0,0.0,0.0010032960176467895
1785290539.8582559,0.0,0.0,0.0009888319969177247
1785290539.8596838,0.0,0.0,0.001049504041671753
1785290539.861068,0.0,0.0,0.0010075520277023316
1785290539.8624456,0.0,0.0,0.0010070079565048218
1785290539.8638532,0.0,0.0,0.0010337920188903808
1785290539.8652465,0.0,0.0,0.0010144319534301758
1785290539.8666148,0.0,0.0,0.0009978240132331848
1785290539.8680212,0.0,0.0,0.0010360959768295288
1785290539.869387,0.0,0.0,0.0009920639991760254
1785290539.870741,0.0,0.0,0.0009832640290260315
1785290539.8721325,0.0,0.0,0.0010239360332489013
1785290539.8734958,0.0,0.0,0.0009915199875831604
1785290539.8748636,0.0,0.0,0.0009962559938430785
1785290539.8762865,0.0,0.0,0.0010284160375595092
1785290539.8776689,0.0,0.0,0.0010032960176467895
1785290539.8790364,0.0,0.0,0.000996288001537323
1785290539.8804429,0.0,0.0,0.0010051519870758056
1785290539.8818114,0.0,0.0,0.0009966080188751221
1785290539.8832097,0.0,0.0,0.0010242559909820557
1785290539.8845835,0.0,0.0,0.0009992960095405578
1785290539.8859658,0.0,0.0,0.001013152003288269
1785290539.8873641,0.0,0.0,0.0010262080430984497
1785290539.8887248,0.0,0.0,0.0009888960123062133
1785290539.8901012,0.0,0.0,0.0010091199874877929
1785290539.8915026,0.0,0.0,0.0010224959850311278
1785290539.8928938,0.0,0.0,0.0010114879608154298
1785290539.8942645,0.0,0.0,0.0009972800016403197
1785290539.8956683,0.0,0.0,0.001021567940711975
1785290539.897051,0.0,0.0,0.0010071359872817992
1785290539.8984299,0.0,0.0,0.001009727954864502
1785290539.8998425,0.0,0.0,0.0010415359735488892
1785290539.9017327,0.0,0.0,0.0010104639530181885
1785290539.90317,0.0,0.0,0.0010545920133590697
1785290539.9045684,0.0,0.0,0.0010202879905700684
1785290539.9059389,0.0,0.0,0.0010019199848175049
1785290539.9073565,0.0,0.0,0.0010424319505691528
1785290539.90873,0.0,0.0,0.000997663974761963
1785290539.9101033,0.0,0.0,0.001000991940498352
1785290539.9115095,0.0,0.0,0.0010355520248413086
1785290539.9128945,0.0,0.0,0.0010122239589691162
1785290539.914275,0.0,0.0,0.0010061119794845582
1785290539.915704,0.0,0.0,0.0010549119710922242
1785290539.9170804,0.0,0.0,0.0010014400482177734
1785290539.9184542,0.0,0.0,0.001001728057861328
1785290539.9198618,0.0,0.0,0.001028607964515686
1785290539.9212413,0.0,0.0,0.0010000319480895996
1785290539.922604,0.0,0.0,0.0009903039932250978
1785290539.9239967,0.0,0.0,0.0010203200578689576
1785290539.9253626,0.0,0.0,0.000988704025745392
1785290539.9267426,0.0,0.0,0.0010073599815368652
1785290539.9281366,0.0,0.0,0.0010089919567108155
1785290539.929512,0.0,0.0,0.0010026559829711915
1785290539.9309323,0.0,0.0,0.001045791983604431
1785290539.9323606,0.0,0.0,0.001028704047203064
1785290539.9337447,0.0,0.0,0.0010077120065689086
1785290539.9351635,0.0,0.0,0.0010478719472885132
1785290539.9365628,0.0,0.0,0.001024672031402588
1785290539.937946,0.0,0.0,0.0010117440223693847
1785290539.9393444,0.0,0.0,0.0010274239778518676
1785290539.9407375,0.0,0.0,0.0010239039659500123
1785290539.9421136,0.0,0.0,0.0010039360523223877
1785290539.9435077,0.0,0.0,0.0010198400020599366
1785290539.944888,0.0,0.0,0.001007200002670288
1785290539.9462814,0.0,0.0,0.0010206719636917114
1785290539.9476917,0.0,0.0,0.001035264015197754
1785290539.9490695,0.0,0.0,0.0010039360523223877
1785290539.9504516,0.0,0.0,0.0010096000432968139
1785290539.9518635,0.0,0.0,0.001035040020942688
1785290539.953241,0.0,0.0,0.001003999948501587
1785290539.9546373,0.0,0.0,0.0010206079483032226
1785290539.9566169,0.0,0.0,0.00160316801071167
1785290539.9580283,0.0,0.0,0.0010198719501495362
1785290539.9594626,0.0,0.0,0.0010558719635009766
1785290539.9608552,0.0,0.0,0.0010140160322189332
1785290539.9622476,0.0,0.0,0.001017184019088745
1785290539.963671,0.0,0.0,0.0010427520275115966
1785290539.9650662,0.0,0.0,0.001010048031806946
1785290539.9664552,0.0,0.0,0.0010081280469894408
1785290539.96787,0.0,0.0,0.0010413119792938232
1785290539.9692478,0.0,0.0,0.0010070719718933106
1785290539.970636,0.0,0.0,0.001015104055404663
1785290539.972044,0.0,0.0,0.0010350079536437988
1785290539.9734051,0.0,0.0,0.0009906240105628968
1785290539.9747922,0.0,0.0,0.00101363205909729
1785290539.9762044,0.0,0.0,0.0010137920379638672
1785290539.9775815,0.0,0.0,0.001002336025238037
1785290539.9789658,0.0,0.0,0.0010145599842071532
1785290539.980361,0.0,0.0,0.0009980480074882508
1785290539.981742,0.0,0.0,0.0010078719854354858
1785290539.9831388,0.0,0.0,0.001018623948097229
1785290539.9845273,0.0,0.0,0.0010119680166244508
1785290539.9859138,0.0,0.0,0.0010130560398101806
1785290539.9873068,0.0,0.0,0.0010275520086288452
1785290539.9886887,0.0,0.0,0.001012992024421692
1785290539.9900622,0.0,0.0,0.0010013760328292846
1785290539.9914625,0.0,0.0,0.0010279359817504882
1785290539.9928534,0.0,0.0,0.0010196800231933594
1785290539.994231,0.0,0.0,0.0010104639530181885
1785290539.9956357,0.0,0.0,0.0010327680110931397
1785290539.9970407,0.0,0.0,0.0010287359952926636
1785290539.9984286,0.0,0.0,0.0010130879878997802
1785290539.999831,0.0,0.0,0.001032096028327942
1785290540.0012143,0.0,0.0,0.0010031039714813233
1785290540.0026104,0.0,0.0,0.0010172799825668335
1785290540.0040264,0.0,0.0,0.001040287971496582
1785290540.0053992,0.0,0.0,0.0010038080215454101
1785290540.0067723,0.0,0.0,0.001001248002052307
1785290540.0081797,0.0,0.0,0.0010146559476852416
1785290540.0095677,0.0,0.0,0.001014143943786621
1785290540.01152,0.0,0.0,0.0015794240236282348
1785290540.0129237,0.0,0.0,0.0010152000188827514
1785290540.0143647,0.0,0.0,0.0010152000188827514
1785290540.0158007,0.0,0.0,0.0010592319965362549
1785290540.0171874,0.0,0.0,0.001007423996925354
1785290540.0185947,0.0,0.0,0.0010331200361251831
1785290540.0200167,0.0,0.0,0.0010476800203323363
1785290540.0214021,0.0,0.0,0.0010098880529403687
1785290540.0227885,0.0,0.0,0.001016703963279724
1785290540.0241866,0.0,0.0,0.0009984319806098938
1785290540.02558,0.0,0.0,0.001015712022781372
1785290540.0269737,0.0,0.0,0.0010206719636917114
1785290540.0283897,0.0,0.0,0.0010155839920043945
1785290540.029795,0.0,0.0,0.0010286400318145752
1785290540.0312028,0.0,0.0,0.0010355199575424194
1785290540.0326009,0.0,0.0,0.0010208319425582886
1785290540.0339959,0.0,0.0,0.0010235840082168579
1785290540.035413,0.0,0.0,0.0010468480587005615
1785290540.0368168,0.0,0.0,0.0010222400426864624
1785290540.0381973,0.0,0.0,0.0010043840408325195
1785290540.039632,0.0,0.0,0.00106278395652771
1785290540.0410209,0.0,0.0,0.001017375946044922
1785290540.0424223,0.0,0.0,0.0010255999565124511
1785290540.0438282,0.0,0.0,0.0010276479721069336
1785290540.0452116,0.0,0.0,0.0010077120065689086
1785290540.0465808,0.0,0.0,0.000997376024723053
1785290540.0479848,0.0,0.0,0.0010329279899597167
1785290540.0493722,0.0,0.0,0.0010090240240097047
1785290540.050741,0.0,0.0,0.0009951040148735047
1785290540.0521543,0.0,0.0,0.001018847942352295
1785290540.0535367,0.0,0.0,0.0010063680410385132
1785290540.0549064,0.0,0.0,0.000998848021030426
1785290540.056311,0.0,0.0,0.0010051840543746947
1785290540.0576754,0.0,0.0,0.0009948480129241943
1785290540.0590575,0.0,0.0,0.0010083199739456177
1785290540.0604506,0.0,0.0,0.0010008000135421752
1785290540.0618389,0.0,0.0,0.0010207359790802002
1785290540.0632524,0.0,0.0,0.0010338560342788696
1785290540.0646403,0.0,0.0,0.0010128320455551148
1785290540.0666506,0.0,0.0,0.0016415040493011474
1785290540.0680807,0.0,0.0,0.0010484800338745118
1785290540.069472,0.0,0.0,0.0010133440494537354
1785290540.0708785,0.0,0.0,0.001022271990776062
1785290540.0723248,0.0,0.0,0.0010291839838027954
1785290540.0737112,0.0,0.0,0.001009152054786682
1785290540.0751204,0.0,0.0,0.0010157760381698609
1785290540.0765052,0.0,0.0,0.0010047039985656737
1785290540.077872,0.0,0.0,0.0009934719800949096
1785290540.0792665,0.0,0.0,0.001025760054588318
1785290540.0806415,0.0,0.0,0.0009994879961013794
1785290540.082032,0.0,0.0,0.0010158079862594605
1785290540.0834432,0.0,0.0,0.0010342080593109132
1785290540.0848258,0.0,0.0,0.0010072959661483764
1785290540.0862274,0.0,0.0,0.0010275839567184448
1785290540.0876307,0.0,0.0,0.0010313600301742553
1785290540.089003,0.0,0.0,0.0009933440089225768
1785290540.090373,0.0,0.0,0.0009998080134391784
1785290540.0917757,0.0,0.0,0.00103056001663208
1785290540.0931504,0.0,0.0,0.001000864028930664
1785290540.0945308,0.0,0.0,0.0010135359764099122
1785290540.09595,0.0,0.0,0.001045184016227722
1785290540.0973277,0.0,0.0,0.0010076160430908202
1785290540.098696,0.0,0.0,0.0009976320266723634
1785290540.1000838,0.0,0.0,0.0010187519788742065
1785290540.101459,0.0,0.0,0.000995199978351593
1785290540.1028154,0.0,0.0,0.0009902080297470093
1785290540.1042209,0.0,0.0,0.0010113279819488525
1785290540.105591,0.0,0.0,0.0009977920055389403
1785290540.106969,0.0,0.0,0.0010091840028762817
1785290540.108394,0.0,0.0,0.001024288058280945
1785290540.1097755,0.0,0.0,0.0010118399858474732
1785290540.111183,0.0,0.0,0.001034783959388733
1785290540.1125739,0.0,0.0,0.0010088319778442383
1785290540.113953,0.0,0.0,0.0010061759948730468
1785290540.1153672,0.0,0.0,0.0010415040254592896
1785290540.1167607,0.0,0.0,0.0010205440521240234
1785290540.1181252,0.0,0.0,0.0009893760085105895
1785290540.1195204,0.0,0.0,0.0010278719663619996
1785290540.1214263,0.0,0.0,0.0015234559774398803
1785290540.122813,0.0,0.0,0.001003008008003235
1785290540.1242278,0.0,0.0,0.0010057920217514038
1785290540.1255953,0.0,0.0,0.0009926400184631348
1785290540.1269581,0.0,0.0,0.000990015983581543
1785290540.1284027,0.0,0.0,0.0010245440006256103
1785290540.1297648,0.0,0.0,0.0009934399724006652
1785290540.1311533,0.0,0.0,0.001015231966972351
1785290540.1325424,0.0,0.0,0.0010090880393981933
1785290540.133927,0.0,0.0,0.0010121599435806274
1785290540.1353424,0.0,0.0,0.0010447360277175903
1785290540.1367128,0.0,0.0,0.000997600018978119
1785290540.1380992,0.0,0.0,0.0010182080268859863
1785290540.1395125,0.0,0.0,0.0010416640043258668
1785290540.1409054,0.0,0.0,0.0010173120498657227
1785290540.1422863,0.0,0.0,0.0010093120336532593
1785290540.1436927,0.0,0.0,0.001030784010887146
1785290540.1450765,0.0,0.0,0.0010081280469894408
1785290540.1464725,0.0,0.0,0.001022752046585083
1785290540.1478822,0.0,0.0,0.0010413440465927124
1785290540.1492898,0.0,0.0,0.0010324480533599853
1785290540.1506972,0.0,0.0,0.0010224640369415282
1785290540.152127,0.0,0.0,0.0010460159778594971
1785290540.1535263,0.0,0.0,0.0010200320482254028
1785290540.1549118,0.0,0.0,0.0010088000297546387
1785290540.1563382,0.0,0.0,0.0010212479829788208
1785290540.157725,0.0,0.0,0.0010133119821548462
1785290540.159114,0.0,0.0,0.0009953280091285705
1785290540.160495,0.0,0.0,0.001005344033241272
1785290540.1618748,0.0,0.0,0.0010086400508880614
1785290540.1632812,0.0,0.0,0.0010297600030899049
1785290540.1646647,0.0,0.0,0.0010092480182647705
1785290540.1660347,0.0,0.0,0.0010002880096435546
1785290540.167441,0.0,0.0,0.0010281599760055542
1785290540.1688225,0.0,0.0,0.001009984016418457
1785290540.170201,0.0,0.0,0.001005568027496338
1785290540.1716123,0.0,0.0,0.0010390720367431641
1785290540.1730096,0.0,0.0,0.0010186879634857177
1785290540.1743762,0.0,0.0,0.0009921600222587586
1785290540.175785,0.0,0.0,0.0010330560207366943
1785290540.1778631,0.0,0.0,0.0010109759569168091
